ZIP Code,Country,NUTS 0,NUTS 1,NUTS 2,NUTS 3,NUTS 3 Name,CDD_2024,CDD_45_pa,CDD_85_pa,HDD_2024,HDD_45_pa,HDD_85_pa
,Austria,AT,,,,Austria,57.75,0.500497898584109,0.643302547446018,3037.58,-4.11300557898333,-6.26545782165809
AT7301,Austria,AT,AT1,AT11,AT111,Mittelburgenland,178.35,0.887083333333333,1.06145833333333,2325.91,-4.15645833333332,-6.13291666666667
AT7302,Austria,AT,AT1,AT11,AT111,Mittelburgenland,178.35,0.887083333333333,1.06145833333333,2325.91,-4.15645833333332,-6.13291666666667
AT7304,Austria,AT,AT1,AT11,AT111,Mittelburgenland,178.35,0.887083333333333,1.06145833333333,2325.91,-4.15645833333332,-6.13291666666667
AT7311,Austria,AT,AT1,AT11,AT111,Mittelburgenland,178.35,0.887083333333333,1.06145833333333,2325.91,-4.15645833333332,-6.13291666666667
AT7312,Austria,AT,AT1,AT11,AT111,Mittelburgenland,178.35,0.887083333333333,1.06145833333333,2325.91,-4.15645833333332,-6.13291666666667
AT7321,Austria,AT,AT1,AT11,AT111,Mittelburgenland,178.35,0.887083333333333,1.06145833333333,2325.91,-4.15645833333332,-6.13291666666667
AT7322,Austria,AT,AT1,AT11,AT111,Mittelburgenland,178.35,0.887083333333333,1.06145833333333,2325.91,-4.15645833333332,-6.13291666666667
AT7323,Austria,AT,AT1,AT11,AT111,Mittelburgenland,178.35,0.887083333333333,1.06145833333333,2325.91,-4.15645833333332,-6.13291666666667
AT7331,Austria,AT,AT1,AT11,AT111,Mittelburgenland,178.35,0.887083333333333,1.06145833333333,2325.91,-4.15645833333332,-6.13291666666667
AT7332,Austria,AT,AT1,AT11,AT111,Mittelburgenland,178.35,0.887083333333333,1.06145833333333,2325.91,-4.15645833333332,-6.13291666666667
AT7341,Austria,AT,AT1,AT11,AT111,Mittelburgenland,178.35,0.887083333333333,1.06145833333333,2325.91,-4.15645833333332,-6.13291666666667
AT7342,Austria,AT,AT1,AT11,AT111,Mittelburgenland,178.35,0.887083333333333,1.06145833333333,2325.91,-4.15645833333332,-6.13291666666667
AT7343,Austria,AT,AT1,AT11,AT111,Mittelburgenland,178.35,0.887083333333333,1.06145833333333,2325.91,-4.15645833333332,-6.13291666666667
AT7344,Austria,AT,AT1,AT11,AT111,Mittelburgenland,178.35,0.887083333333333,1.06145833333333,2325.91,-4.15645833333332,-6.13291666666667
AT7350,Austria,AT,AT1,AT11,AT111,Mittelburgenland,178.35,0.887083333333333,1.06145833333333,2325.91,-4.15645833333332,-6.13291666666667
AT7361,Austria,AT,AT1,AT11,AT111,Mittelburgenland,178.35,0.887083333333333,1.06145833333333,2325.91,-4.15645833333332,-6.13291666666667
AT7371,Austria,AT,AT1,AT11,AT111,Mittelburgenland,178.35,0.887083333333333,1.06145833333333,2325.91,-4.15645833333332,-6.13291666666667
AT7372,Austria,AT,AT1,AT11,AT111,Mittelburgenland,178.35,0.887083333333333,1.06145833333333,2325.91,-4.15645833333332,-6.13291666666667
AT7373,Austria,AT,AT1,AT11,AT111,Mittelburgenland,178.35,0.887083333333333,1.06145833333333,2325.91,-4.15645833333332,-6.13291666666667
AT7374,Austria,AT,AT1,AT11,AT111,Mittelburgenland,178.35,0.887083333333333,1.06145833333333,2325.91,-4.15645833333332,-6.13291666666667
AT7441,Austria,AT,AT1,AT11,AT111,Mittelburgenland,178.35,0.887083333333333,1.06145833333333,2325.91,-4.15645833333332,-6.13291666666667
AT7442,Austria,AT,AT1,AT11,AT111,Mittelburgenland,178.35,0.887083333333333,1.06145833333333,2325.91,-4.15645833333332,-6.13291666666667
AT7443,Austria,AT,AT1,AT11,AT111,Mittelburgenland,178.35,0.887083333333333,1.06145833333333,2325.91,-4.15645833333332,-6.13291666666667
AT7444,Austria,AT,AT1,AT11,AT111,Mittelburgenland,178.35,0.887083333333333,1.06145833333333,2325.91,-4.15645833333332,-6.13291666666667
AT7451,Austria,AT,AT1,AT11,AT111,Mittelburgenland,178.35,0.887083333333333,1.06145833333333,2325.91,-4.15645833333332,-6.13291666666667
AT7452,Austria,AT,AT1,AT11,AT111,Mittelburgenland,178.35,0.887083333333333,1.06145833333333,2325.91,-4.15645833333332,-6.13291666666667
AT7453,Austria,AT,AT1,AT11,AT111,Mittelburgenland,178.35,0.887083333333333,1.06145833333333,2325.91,-4.15645833333332,-6.13291666666667
AT2421,Austria,AT,AT1,AT11,AT112,Nordburgenland,231.21,1.15090277777833,1.389930555555,2220.03,-4.11493055555,-6.07416666666665
AT2422,Austria,AT,AT1,AT11,AT112,Nordburgenland,231.21,1.15090277777833,1.389930555555,2220.03,-4.11493055555,-6.07416666666665
AT2423,Austria,AT,AT1,AT11,AT112,Nordburgenland,231.21,1.15090277777833,1.389930555555,2220.03,-4.11493055555,-6.07416666666665
AT2424,Austria,AT,AT1,AT11,AT112,Nordburgenland,231.21,1.15090277777833,1.389930555555,2220.03,-4.11493055555,-6.07416666666665
AT2425,Austria,AT,AT1,AT11,AT112,Nordburgenland,231.21,1.15090277777833,1.389930555555,2220.03,-4.11493055555,-6.07416666666665
AT2443,Austria,AT,AT1,AT11,AT112,Nordburgenland,231.21,1.15090277777833,1.389930555555,2220.03,-4.11493055555,-6.07416666666665
AT2462,Austria,AT,AT1,AT11,AT112,Nordburgenland,231.21,1.15090277777833,1.389930555555,2220.03,-4.11493055555,-6.07416666666665
AT2471,Austria,AT,AT1,AT11,AT112,Nordburgenland,231.21,1.15090277777833,1.389930555555,2220.03,-4.11493055555,-6.07416666666665
AT2473,Austria,AT,AT1,AT11,AT112,Nordburgenland,231.21,1.15090277777833,1.389930555555,2220.03,-4.11493055555,-6.07416666666665
AT2474,Austria,AT,AT1,AT11,AT112,Nordburgenland,231.21,1.15090277777833,1.389930555555,2220.03,-4.11493055555,-6.07416666666665
AT2475,Austria,AT,AT1,AT11,AT112,Nordburgenland,231.21,1.15090277777833,1.389930555555,2220.03,-4.11493055555,-6.07416666666665
AT2485,Austria,AT,AT1,AT11,AT112,Nordburgenland,231.21,1.15090277777833,1.389930555555,2220.03,-4.11493055555,-6.07416666666665
AT2491,Austria,AT,AT1,AT11,AT112,Nordburgenland,231.21,1.15090277777833,1.389930555555,2220.03,-4.11493055555,-6.07416666666665
AT7000,Austria,AT,AT1,AT11,AT112,Nordburgenland,231.21,1.15090277777833,1.389930555555,2220.03,-4.11493055555,-6.07416666666665
AT7011,Austria,AT,AT1,AT11,AT112,Nordburgenland,231.21,1.15090277777833,1.389930555555,2220.03,-4.11493055555,-6.07416666666665
AT7012,Austria,AT,AT1,AT11,AT112,Nordburgenland,231.21,1.15090277777833,1.389930555555,2220.03,-4.11493055555,-6.07416666666665
AT7013,Austria,AT,AT1,AT11,AT112,Nordburgenland,231.21,1.15090277777833,1.389930555555,2220.03,-4.11493055555,-6.07416666666665
AT7020,Austria,AT,AT1,AT11,AT112,Nordburgenland,231.21,1.15090277777833,1.389930555555,2220.03,-4.11493055555,-6.07416666666665
AT7021,Austria,AT,AT1,AT11,AT112,Nordburgenland,231.21,1.15090277777833,1.389930555555,2220.03,-4.11493055555,-6.07416666666665
AT7022,Austria,AT,AT1,AT11,AT112,Nordburgenland,231.21,1.15090277777833,1.389930555555,2220.03,-4.11493055555,-6.07416666666665
AT7023,Austria,AT,AT1,AT11,AT112,Nordburgenland,231.21,1.15090277777833,1.389930555555,2220.03,-4.11493055555,-6.07416666666665
AT7024,Austria,AT,AT1,AT11,AT112,Nordburgenland,231.21,1.15090277777833,1.389930555555,2220.03,-4.11493055555,-6.07416666666665
AT7031,Austria,AT,AT1,AT11,AT112,Nordburgenland,231.21,1.15090277777833,1.389930555555,2220.03,-4.11493055555,-6.07416666666665
AT7032,Austria,AT,AT1,AT11,AT112,Nordburgenland,231.21,1.15090277777833,1.389930555555,2220.03,-4.11493055555,-6.07416666666665
AT7033,Austria,AT,AT1,AT11,AT112,Nordburgenland,231.21,1.15090277777833,1.389930555555,2220.03,-4.11493055555,-6.07416666666665
AT7034,Austria,AT,AT1,AT11,AT112,Nordburgenland,231.21,1.15090277777833,1.389930555555,2220.03,-4.11493055555,-6.07416666666665
AT7035,Austria,AT,AT1,AT11,AT112,Nordburgenland,231.21,1.15090277777833,1.389930555555,2220.03,-4.11493055555,-6.07416666666665
AT7041,Austria,AT,AT1,AT11,AT112,Nordburgenland,231.21,1.15090277777833,1.389930555555,2220.03,-4.11493055555,-6.07416666666665
AT7042,Austria,AT,AT1,AT11,AT112,Nordburgenland,231.21,1.15090277777833,1.389930555555,2220.03,-4.11493055555,-6.07416666666665
AT7051,Austria,AT,AT1,AT11,AT112,Nordburgenland,231.21,1.15090277777833,1.389930555555,2220.03,-4.11493055555,-6.07416666666665
AT7052,Austria,AT,AT1,AT11,AT112,Nordburgenland,231.21,1.15090277777833,1.389930555555,2220.03,-4.11493055555,-6.07416666666665
AT7053,Austria,AT,AT1,AT11,AT112,Nordburgenland,231.21,1.15090277777833,1.389930555555,2220.03,-4.11493055555,-6.07416666666665
AT7061,Austria,AT,AT1,AT11,AT112,Nordburgenland,231.21,1.15090277777833,1.389930555555,2220.03,-4.11493055555,-6.07416666666665
AT7062,Austria,AT,AT1,AT11,AT112,Nordburgenland,231.21,1.15090277777833,1.389930555555,2220.03,-4.11493055555,-6.07416666666665
AT7063,Austria,AT,AT1,AT11,AT112,Nordburgenland,231.21,1.15090277777833,1.389930555555,2220.03,-4.11493055555,-6.07416666666665
AT7064,Austria,AT,AT1,AT11,AT112,Nordburgenland,231.21,1.15090277777833,1.389930555555,2220.03,-4.11493055555,-6.07416666666665
AT7071,Austria,AT,AT1,AT11,AT112,Nordburgenland,231.21,1.15090277777833,1.389930555555,2220.03,-4.11493055555,-6.07416666666665
AT7072,Austria,AT,AT1,AT11,AT112,Nordburgenland,231.21,1.15090277777833,1.389930555555,2220.03,-4.11493055555,-6.07416666666665
AT7081,Austria,AT,AT1,AT11,AT112,Nordburgenland,231.21,1.15090277777833,1.389930555555,2220.03,-4.11493055555,-6.07416666666665
AT7082,Austria,AT,AT1,AT11,AT112,Nordburgenland,231.21,1.15090277777833,1.389930555555,2220.03,-4.11493055555,-6.07416666666665
AT7083,Austria,AT,AT1,AT11,AT112,Nordburgenland,231.21,1.15090277777833,1.389930555555,2220.03,-4.11493055555,-6.07416666666665
AT7091,Austria,AT,AT1,AT11,AT112,Nordburgenland,231.21,1.15090277777833,1.389930555555,2220.03,-4.11493055555,-6.07416666666665
AT7092,Austria,AT,AT1,AT11,AT112,Nordburgenland,231.21,1.15090277777833,1.389930555555,2220.03,-4.11493055555,-6.07416666666665
AT7093,Austria,AT,AT1,AT11,AT112,Nordburgenland,231.21,1.15090277777833,1.389930555555,2220.03,-4.11493055555,-6.07416666666665
AT7100,Austria,AT,AT1,AT11,AT112,Nordburgenland,231.21,1.15090277777833,1.389930555555,2220.03,-4.11493055555,-6.07416666666665
AT7111,Austria,AT,AT1,AT11,AT112,Nordburgenland,231.21,1.15090277777833,1.389930555555,2220.03,-4.11493055555,-6.07416666666665
AT7121,Austria,AT,AT1,AT11,AT112,Nordburgenland,231.21,1.15090277777833,1.389930555555,2220.03,-4.11493055555,-6.07416666666665
AT7122,Austria,AT,AT1,AT11,AT112,Nordburgenland,231.21,1.15090277777833,1.389930555555,2220.03,-4.11493055555,-6.07416666666665
AT7123,Austria,AT,AT1,AT11,AT112,Nordburgenland,231.21,1.15090277777833,1.389930555555,2220.03,-4.11493055555,-6.07416666666665
AT7131,Austria,AT,AT1,AT11,AT112,Nordburgenland,231.21,1.15090277777833,1.389930555555,2220.03,-4.11493055555,-6.07416666666665
AT7132,Austria,AT,AT1,AT11,AT112,Nordburgenland,231.21,1.15090277777833,1.389930555555,2220.03,-4.11493055555,-6.07416666666665
AT7141,Austria,AT,AT1,AT11,AT112,Nordburgenland,231.21,1.15090277777833,1.389930555555,2220.03,-4.11493055555,-6.07416666666665
AT7142,Austria,AT,AT1,AT11,AT112,Nordburgenland,231.21,1.15090277777833,1.389930555555,2220.03,-4.11493055555,-6.07416666666665
AT7143,Austria,AT,AT1,AT11,AT112,Nordburgenland,231.21,1.15090277777833,1.389930555555,2220.03,-4.11493055555,-6.07416666666665
AT7151,Austria,AT,AT1,AT11,AT112,Nordburgenland,231.21,1.15090277777833,1.389930555555,2220.03,-4.11493055555,-6.07416666666665
AT7152,Austria,AT,AT1,AT11,AT112,Nordburgenland,231.21,1.15090277777833,1.389930555555,2220.03,-4.11493055555,-6.07416666666665
AT7161,Austria,AT,AT1,AT11,AT112,Nordburgenland,231.21,1.15090277777833,1.389930555555,2220.03,-4.11493055555,-6.07416666666665
AT7162,Austria,AT,AT1,AT11,AT112,Nordburgenland,231.21,1.15090277777833,1.389930555555,2220.03,-4.11493055555,-6.07416666666665
AT7163,Austria,AT,AT1,AT11,AT112,Nordburgenland,231.21,1.15090277777833,1.389930555555,2220.03,-4.11493055555,-6.07416666666665
AT7201,Austria,AT,AT1,AT11,AT112,Nordburgenland,231.21,1.15090277777833,1.389930555555,2220.03,-4.11493055555,-6.07416666666665
AT7202,Austria,AT,AT1,AT11,AT112,Nordburgenland,231.21,1.15090277777833,1.389930555555,2220.03,-4.11493055555,-6.07416666666665
AT7203,Austria,AT,AT1,AT11,AT112,Nordburgenland,231.21,1.15090277777833,1.389930555555,2220.03,-4.11493055555,-6.07416666666665
AT7210,Austria,AT,AT1,AT11,AT112,Nordburgenland,231.21,1.15090277777833,1.389930555555,2220.03,-4.11493055555,-6.07416666666665
AT7212,Austria,AT,AT1,AT11,AT112,Nordburgenland,231.21,1.15090277777833,1.389930555555,2220.03,-4.11493055555,-6.07416666666665
AT7221,Austria,AT,AT1,AT11,AT112,Nordburgenland,231.21,1.15090277777833,1.389930555555,2220.03,-4.11493055555,-6.07416666666665
AT7222,Austria,AT,AT1,AT11,AT112,Nordburgenland,231.21,1.15090277777833,1.389930555555,2220.03,-4.11493055555,-6.07416666666665
AT7223,Austria,AT,AT1,AT11,AT112,Nordburgenland,231.21,1.15090277777833,1.389930555555,2220.03,-4.11493055555,-6.07416666666665
AT7400,Austria,AT,AT1,AT11,AT113,Südburgenland,130.49,1.00107843137333,1.19745098039167,2458.22,-4.23019607843332,-6.20480392156667
AT7410,Austria,AT,AT1,AT11,AT113,Südburgenland,130.49,1.00107843137333,1.19745098039167,2458.22,-4.23019607843332,-6.20480392156667
AT7411,Austria,AT,AT1,AT11,AT113,Südburgenland,130.49,1.00107843137333,1.19745098039167,2458.22,-4.23019607843332,-6.20480392156667
AT7412,Austria,AT,AT1,AT11,AT113,Südburgenland,130.49,1.00107843137333,1.19745098039167,2458.22,-4.23019607843332,-6.20480392156667
AT7422,Austria,AT,AT1,AT11,AT113,Südburgenland,130.49,1.00107843137333,1.19745098039167,2458.22,-4.23019607843332,-6.20480392156667
AT7423,Austria,AT,AT1,AT11,AT113,Südburgenland,130.49,1.00107843137333,1.19745098039167,2458.22,-4.23019607843332,-6.20480392156667
AT7431,Austria,AT,AT1,AT11,AT113,Südburgenland,130.49,1.00107843137333,1.19745098039167,2458.22,-4.23019607843332,-6.20480392156667
AT7432,Austria,AT,AT1,AT11,AT113,Südburgenland,130.49,1.00107843137333,1.19745098039167,2458.22,-4.23019607843332,-6.20480392156667
AT7433,Austria,AT,AT1,AT11,AT113,Südburgenland,130.49,1.00107843137333,1.19745098039167,2458.22,-4.23019607843332,-6.20480392156667
AT7434,Austria,AT,AT1,AT11,AT113,Südburgenland,130.49,1.00107843137333,1.19745098039167,2458.22,-4.23019607843332,-6.20480392156667
AT7435,Austria,AT,AT1,AT11,AT113,Südburgenland,130.49,1.00107843137333,1.19745098039167,2458.22,-4.23019607843332,-6.20480392156667
AT7461,Austria,AT,AT1,AT11,AT113,Südburgenland,130.49,1.00107843137333,1.19745098039167,2458.22,-4.23019607843332,-6.20480392156667
AT7463,Austria,AT,AT1,AT11,AT113,Südburgenland,130.49,1.00107843137333,1.19745098039167,2458.22,-4.23019607843332,-6.20480392156667
AT7464,Austria,AT,AT1,AT11,AT113,Südburgenland,130.49,1.00107843137333,1.19745098039167,2458.22,-4.23019607843332,-6.20480392156667
AT7471,Austria,AT,AT1,AT11,AT113,Südburgenland,130.49,1.00107843137333,1.19745098039167,2458.22,-4.23019607843332,-6.20480392156667
AT7472,Austria,AT,AT1,AT11,AT113,Südburgenland,130.49,1.00107843137333,1.19745098039167,2458.22,-4.23019607843332,-6.20480392156667
AT7473,Austria,AT,AT1,AT11,AT113,Südburgenland,130.49,1.00107843137333,1.19745098039167,2458.22,-4.23019607843332,-6.20480392156667
AT7474,Austria,AT,AT1,AT11,AT113,Südburgenland,130.49,1.00107843137333,1.19745098039167,2458.22,-4.23019607843332,-6.20480392156667
AT7501,Austria,AT,AT1,AT11,AT113,Südburgenland,130.49,1.00107843137333,1.19745098039167,2458.22,-4.23019607843332,-6.20480392156667
AT7503,Austria,AT,AT1,AT11,AT113,Südburgenland,130.49,1.00107843137333,1.19745098039167,2458.22,-4.23019607843332,-6.20480392156667
AT7511,Austria,AT,AT1,AT11,AT113,Südburgenland,130.49,1.00107843137333,1.19745098039167,2458.22,-4.23019607843332,-6.20480392156667
AT7512,Austria,AT,AT1,AT11,AT113,Südburgenland,130.49,1.00107843137333,1.19745098039167,2458.22,-4.23019607843332,-6.20480392156667
AT7521,Austria,AT,AT1,AT11,AT113,Südburgenland,130.49,1.00107843137333,1.19745098039167,2458.22,-4.23019607843332,-6.20480392156667
AT7522,Austria,AT,AT1,AT11,AT113,Südburgenland,130.49,1.00107843137333,1.19745098039167,2458.22,-4.23019607843332,-6.20480392156667
AT7531,Austria,AT,AT1,AT11,AT113,Südburgenland,130.49,1.00107843137333,1.19745098039167,2458.22,-4.23019607843332,-6.20480392156667
AT7532,Austria,AT,AT1,AT11,AT113,Südburgenland,130.49,1.00107843137333,1.19745098039167,2458.22,-4.23019607843332,-6.20480392156667
AT7533,Austria,AT,AT1,AT11,AT113,Südburgenland,130.49,1.00107843137333,1.19745098039167,2458.22,-4.23019607843332,-6.20480392156667
AT7534,Austria,AT,AT1,AT11,AT113,Südburgenland,130.49,1.00107843137333,1.19745098039167,2458.22,-4.23019607843332,-6.20480392156667
AT7535,Austria,AT,AT1,AT11,AT113,Südburgenland,130.49,1.00107843137333,1.19745098039167,2458.22,-4.23019607843332,-6.20480392156667
AT7536,Austria,AT,AT1,AT11,AT113,Südburgenland,130.49,1.00107843137333,1.19745098039167,2458.22,-4.23019607843332,-6.20480392156667
AT7537,Austria,AT,AT1,AT11,AT113,Südburgenland,130.49,1.00107843137333,1.19745098039167,2458.22,-4.23019607843332,-6.20480392156667
AT7540,Austria,AT,AT1,AT11,AT113,Südburgenland,130.49,1.00107843137333,1.19745098039167,2458.22,-4.23019607843332,-6.20480392156667
AT7542,Austria,AT,AT1,AT11,AT113,Südburgenland,130.49,1.00107843137333,1.19745098039167,2458.22,-4.23019607843332,-6.20480392156667
AT7543,Austria,AT,AT1,AT11,AT113,Südburgenland,130.49,1.00107843137333,1.19745098039167,2458.22,-4.23019607843332,-6.20480392156667
AT7544,Austria,AT,AT1,AT11,AT113,Südburgenland,130.49,1.00107843137333,1.19745098039167,2458.22,-4.23019607843332,-6.20480392156667
AT7551,Austria,AT,AT1,AT11,AT113,Südburgenland,130.49,1.00107843137333,1.19745098039167,2458.22,-4.23019607843332,-6.20480392156667
AT7552,Austria,AT,AT1,AT11,AT113,Südburgenland,130.49,1.00107843137333,1.19745098039167,2458.22,-4.23019607843332,-6.20480392156667
AT7561,Austria,AT,AT1,AT11,AT113,Südburgenland,130.49,1.00107843137333,1.19745098039167,2458.22,-4.23019607843332,-6.20480392156667
AT7562,Austria,AT,AT1,AT11,AT113,Südburgenland,130.49,1.00107843137333,1.19745098039167,2458.22,-4.23019607843332,-6.20480392156667
AT7563,Austria,AT,AT1,AT11,AT113,Südburgenland,130.49,1.00107843137333,1.19745098039167,2458.22,-4.23019607843332,-6.20480392156667
AT7564,Austria,AT,AT1,AT11,AT113,Südburgenland,130.49,1.00107843137333,1.19745098039167,2458.22,-4.23019607843332,-6.20480392156667
AT7571,Austria,AT,AT1,AT11,AT113,Südburgenland,130.49,1.00107843137333,1.19745098039167,2458.22,-4.23019607843332,-6.20480392156667
AT7572,Austria,AT,AT1,AT11,AT113,Südburgenland,130.49,1.00107843137333,1.19745098039167,2458.22,-4.23019607843332,-6.20480392156667
AT8380,Austria,AT,AT1,AT11,AT113,Südburgenland,130.49,1.00107843137333,1.19745098039167,2458.22,-4.23019607843332,-6.20480392156667
AT8382,Austria,AT,AT1,AT11,AT113,Südburgenland,130.49,1.00107843137333,1.19745098039167,2458.22,-4.23019607843332,-6.20480392156667
AT8383,Austria,AT,AT1,AT11,AT113,Südburgenland,130.49,1.00107843137333,1.19745098039167,2458.22,-4.23019607843332,-6.20480392156667
AT8384,Austria,AT,AT1,AT11,AT113,Südburgenland,130.49,1.00107843137333,1.19745098039167,2458.22,-4.23019607843332,-6.20480392156667
AT8385,Austria,AT,AT1,AT11,AT113,Südburgenland,130.49,1.00107843137333,1.19745098039167,2458.22,-4.23019607843332,-6.20480392156667
AT3122,Austria,AT,AT1,AT12,AT121,Mostviertel-Eisenwurzen,98.77,0.529837398373333,0.664146341463332,2589.38,-4.26097560975,-6.43512195121665
AT3214,Austria,AT,AT1,AT12,AT121,Mostviertel-Eisenwurzen,98.77,0.529837398373333,0.664146341463332,2589.38,-4.26097560975,-6.43512195121665
AT3221,Austria,AT,AT1,AT12,AT121,Mostviertel-Eisenwurzen,98.77,0.529837398373333,0.664146341463332,2589.38,-4.26097560975,-6.43512195121665
AT3232,Austria,AT,AT1,AT12,AT121,Mostviertel-Eisenwurzen,98.77,0.529837398373333,0.664146341463332,2589.38,-4.26097560975,-6.43512195121665
AT3233,Austria,AT,AT1,AT12,AT121,Mostviertel-Eisenwurzen,98.77,0.529837398373333,0.664146341463332,2589.38,-4.26097560975,-6.43512195121665
AT3240,Austria,AT,AT1,AT12,AT121,Mostviertel-Eisenwurzen,98.77,0.529837398373333,0.664146341463332,2589.38,-4.26097560975,-6.43512195121665
AT3241,Austria,AT,AT1,AT12,AT121,Mostviertel-Eisenwurzen,98.77,0.529837398373333,0.664146341463332,2589.38,-4.26097560975,-6.43512195121665
AT3242,Austria,AT,AT1,AT12,AT121,Mostviertel-Eisenwurzen,98.77,0.529837398373333,0.664146341463332,2589.38,-4.26097560975,-6.43512195121665
AT3243,Austria,AT,AT1,AT12,AT121,Mostviertel-Eisenwurzen,98.77,0.529837398373333,0.664146341463332,2589.38,-4.26097560975,-6.43512195121665
AT3244,Austria,AT,AT1,AT12,AT121,Mostviertel-Eisenwurzen,98.77,0.529837398373333,0.664146341463332,2589.38,-4.26097560975,-6.43512195121665
AT3250,Austria,AT,AT1,AT12,AT121,Mostviertel-Eisenwurzen,98.77,0.529837398373333,0.664146341463332,2589.38,-4.26097560975,-6.43512195121665
AT3251,Austria,AT,AT1,AT12,AT121,Mostviertel-Eisenwurzen,98.77,0.529837398373333,0.664146341463332,2589.38,-4.26097560975,-6.43512195121665
AT3252,Austria,AT,AT1,AT12,AT121,Mostviertel-Eisenwurzen,98.77,0.529837398373333,0.664146341463332,2589.38,-4.26097560975,-6.43512195121665
AT3253,Austria,AT,AT1,AT12,AT121,Mostviertel-Eisenwurzen,98.77,0.529837398373333,0.664146341463332,2589.38,-4.26097560975,-6.43512195121665
AT3254,Austria,AT,AT1,AT12,AT121,Mostviertel-Eisenwurzen,98.77,0.529837398373333,0.664146341463332,2589.38,-4.26097560975,-6.43512195121665
AT3261,Austria,AT,AT1,AT12,AT121,Mostviertel-Eisenwurzen,98.77,0.529837398373333,0.664146341463332,2589.38,-4.26097560975,-6.43512195121665
AT3262,Austria,AT,AT1,AT12,AT121,Mostviertel-Eisenwurzen,98.77,0.529837398373333,0.664146341463332,2589.38,-4.26097560975,-6.43512195121665
AT3263,Austria,AT,AT1,AT12,AT121,Mostviertel-Eisenwurzen,98.77,0.529837398373333,0.664146341463332,2589.38,-4.26097560975,-6.43512195121665
AT3264,Austria,AT,AT1,AT12,AT121,Mostviertel-Eisenwurzen,98.77,0.529837398373333,0.664146341463332,2589.38,-4.26097560975,-6.43512195121665
AT3270,Austria,AT,AT1,AT12,AT121,Mostviertel-Eisenwurzen,98.77,0.529837398373333,0.664146341463332,2589.38,-4.26097560975,-6.43512195121665
AT3281,Austria,AT,AT1,AT12,AT121,Mostviertel-Eisenwurzen,98.77,0.529837398373333,0.664146341463332,2589.38,-4.26097560975,-6.43512195121665
AT3282,Austria,AT,AT1,AT12,AT121,Mostviertel-Eisenwurzen,98.77,0.529837398373333,0.664146341463332,2589.38,-4.26097560975,-6.43512195121665
AT3283,Austria,AT,AT1,AT12,AT121,Mostviertel-Eisenwurzen,98.77,0.529837398373333,0.664146341463332,2589.38,-4.26097560975,-6.43512195121665
AT3291,Austria,AT,AT1,AT12,AT121,Mostviertel-Eisenwurzen,98.77,0.529837398373333,0.664146341463332,2589.38,-4.26097560975,-6.43512195121665
AT3292,Austria,AT,AT1,AT12,AT121,Mostviertel-Eisenwurzen,98.77,0.529837398373333,0.664146341463332,2589.38,-4.26097560975,-6.43512195121665
AT3293,Austria,AT,AT1,AT12,AT121,Mostviertel-Eisenwurzen,98.77,0.529837398373333,0.664146341463332,2589.38,-4.26097560975,-6.43512195121665
AT3294,Austria,AT,AT1,AT12,AT121,Mostviertel-Eisenwurzen,98.77,0.529837398373333,0.664146341463332,2589.38,-4.26097560975,-6.43512195121665
AT3295,Austria,AT,AT1,AT12,AT121,Mostviertel-Eisenwurzen,98.77,0.529837398373333,0.664146341463332,2589.38,-4.26097560975,-6.43512195121665
AT3300,Austria,AT,AT1,AT12,AT121,Mostviertel-Eisenwurzen,98.77,0.529837398373333,0.664146341463332,2589.38,-4.26097560975,-6.43512195121665
AT3304,Austria,AT,AT1,AT12,AT121,Mostviertel-Eisenwurzen,98.77,0.529837398373333,0.664146341463332,2589.38,-4.26097560975,-6.43512195121665
AT3311,Austria,AT,AT1,AT12,AT121,Mostviertel-Eisenwurzen,98.77,0.529837398373333,0.664146341463332,2589.38,-4.26097560975,-6.43512195121665
AT3312,Austria,AT,AT1,AT12,AT121,Mostviertel-Eisenwurzen,98.77,0.529837398373333,0.664146341463332,2589.38,-4.26097560975,-6.43512195121665
AT3313,Austria,AT,AT1,AT12,AT121,Mostviertel-Eisenwurzen,98.77,0.529837398373333,0.664146341463332,2589.38,-4.26097560975,-6.43512195121665
AT3314,Austria,AT,AT1,AT12,AT121,Mostviertel-Eisenwurzen,98.77,0.529837398373333,0.664146341463332,2589.38,-4.26097560975,-6.43512195121665
AT3321,Austria,AT,AT1,AT12,AT121,Mostviertel-Eisenwurzen,98.77,0.529837398373333,0.664146341463332,2589.38,-4.26097560975,-6.43512195121665
AT3322,Austria,AT,AT1,AT12,AT121,Mostviertel-Eisenwurzen,98.77,0.529837398373333,0.664146341463332,2589.38,-4.26097560975,-6.43512195121665
AT3323,Austria,AT,AT1,AT12,AT121,Mostviertel-Eisenwurzen,98.77,0.529837398373333,0.664146341463332,2589.38,-4.26097560975,-6.43512195121665
AT3324,Austria,AT,AT1,AT12,AT121,Mostviertel-Eisenwurzen,98.77,0.529837398373333,0.664146341463332,2589.38,-4.26097560975,-6.43512195121665
AT3325,Austria,AT,AT1,AT12,AT121,Mostviertel-Eisenwurzen,98.77,0.529837398373333,0.664146341463332,2589.38,-4.26097560975,-6.43512195121665
AT3331,Austria,AT,AT1,AT12,AT121,Mostviertel-Eisenwurzen,98.77,0.529837398373333,0.664146341463332,2589.38,-4.26097560975,-6.43512195121665
AT3332,Austria,AT,AT1,AT12,AT121,Mostviertel-Eisenwurzen,98.77,0.529837398373333,0.664146341463332,2589.38,-4.26097560975,-6.43512195121665
AT3333,Austria,AT,AT1,AT12,AT121,Mostviertel-Eisenwurzen,98.77,0.529837398373333,0.664146341463332,2589.38,-4.26097560975,-6.43512195121665
AT3340,Austria,AT,AT1,AT12,AT121,Mostviertel-Eisenwurzen,98.77,0.529837398373333,0.664146341463332,2589.38,-4.26097560975,-6.43512195121665
AT3341,Austria,AT,AT1,AT12,AT121,Mostviertel-Eisenwurzen,98.77,0.529837398373333,0.664146341463332,2589.38,-4.26097560975,-6.43512195121665
AT3342,Austria,AT,AT1,AT12,AT121,Mostviertel-Eisenwurzen,98.77,0.529837398373333,0.664146341463332,2589.38,-4.26097560975,-6.43512195121665
AT3343,Austria,AT,AT1,AT12,AT121,Mostviertel-Eisenwurzen,98.77,0.529837398373333,0.664146341463332,2589.38,-4.26097560975,-6.43512195121665
AT3344,Austria,AT,AT1,AT12,AT121,Mostviertel-Eisenwurzen,98.77,0.529837398373333,0.664146341463332,2589.38,-4.26097560975,-6.43512195121665
AT3345,Austria,AT,AT1,AT12,AT121,Mostviertel-Eisenwurzen,98.77,0.529837398373333,0.664146341463332,2589.38,-4.26097560975,-6.43512195121665
AT3350,Austria,AT,AT1,AT12,AT121,Mostviertel-Eisenwurzen,98.77,0.529837398373333,0.664146341463332,2589.38,-4.26097560975,-6.43512195121665
AT3351,Austria,AT,AT1,AT12,AT121,Mostviertel-Eisenwurzen,98.77,0.529837398373333,0.664146341463332,2589.38,-4.26097560975,-6.43512195121665
AT3352,Austria,AT,AT1,AT12,AT121,Mostviertel-Eisenwurzen,98.77,0.529837398373333,0.664146341463332,2589.38,-4.26097560975,-6.43512195121665
AT3353,Austria,AT,AT1,AT12,AT121,Mostviertel-Eisenwurzen,98.77,0.529837398373333,0.664146341463332,2589.38,-4.26097560975,-6.43512195121665
AT3354,Austria,AT,AT1,AT12,AT121,Mostviertel-Eisenwurzen,98.77,0.529837398373333,0.664146341463332,2589.38,-4.26097560975,-6.43512195121665
AT3355,Austria,AT,AT1,AT12,AT121,Mostviertel-Eisenwurzen,98.77,0.529837398373333,0.664146341463332,2589.38,-4.26097560975,-6.43512195121665
AT3361,Austria,AT,AT1,AT12,AT121,Mostviertel-Eisenwurzen,98.77,0.529837398373333,0.664146341463332,2589.38,-4.26097560975,-6.43512195121665
AT3362,Austria,AT,AT1,AT12,AT121,Mostviertel-Eisenwurzen,98.77,0.529837398373333,0.664146341463332,2589.38,-4.26097560975,-6.43512195121665
AT3363,Austria,AT,AT1,AT12,AT121,Mostviertel-Eisenwurzen,98.77,0.529837398373333,0.664146341463332,2589.38,-4.26097560975,-6.43512195121665
AT3364,Austria,AT,AT1,AT12,AT121,Mostviertel-Eisenwurzen,98.77,0.529837398373333,0.664146341463332,2589.38,-4.26097560975,-6.43512195121665
AT3365,Austria,AT,AT1,AT12,AT121,Mostviertel-Eisenwurzen,98.77,0.529837398373333,0.664146341463332,2589.38,-4.26097560975,-6.43512195121665
AT3370,Austria,AT,AT1,AT12,AT121,Mostviertel-Eisenwurzen,98.77,0.529837398373333,0.664146341463332,2589.38,-4.26097560975,-6.43512195121665
AT3371,Austria,AT,AT1,AT12,AT121,Mostviertel-Eisenwurzen,98.77,0.529837398373333,0.664146341463332,2589.38,-4.26097560975,-6.43512195121665
AT3372,Austria,AT,AT1,AT12,AT121,Mostviertel-Eisenwurzen,98.77,0.529837398373333,0.664146341463332,2589.38,-4.26097560975,-6.43512195121665
AT3373,Austria,AT,AT1,AT12,AT121,Mostviertel-Eisenwurzen,98.77,0.529837398373333,0.664146341463332,2589.38,-4.26097560975,-6.43512195121665
AT3374,Austria,AT,AT1,AT12,AT121,Mostviertel-Eisenwurzen,98.77,0.529837398373333,0.664146341463332,2589.38,-4.26097560975,-6.43512195121665
AT3375,Austria,AT,AT1,AT12,AT121,Mostviertel-Eisenwurzen,98.77,0.529837398373333,0.664146341463332,2589.38,-4.26097560975,-6.43512195121665
AT3376,Austria,AT,AT1,AT12,AT121,Mostviertel-Eisenwurzen,98.77,0.529837398373333,0.664146341463332,2589.38,-4.26097560975,-6.43512195121665
AT3380,Austria,AT,AT1,AT12,AT121,Mostviertel-Eisenwurzen,98.77,0.529837398373333,0.664146341463332,2589.38,-4.26097560975,-6.43512195121665
AT3381,Austria,AT,AT1,AT12,AT121,Mostviertel-Eisenwurzen,98.77,0.529837398373333,0.664146341463332,2589.38,-4.26097560975,-6.43512195121665
AT3382,Austria,AT,AT1,AT12,AT121,Mostviertel-Eisenwurzen,98.77,0.529837398373333,0.664146341463332,2589.38,-4.26097560975,-6.43512195121665
AT3383,Austria,AT,AT1,AT12,AT121,Mostviertel-Eisenwurzen,98.77,0.529837398373333,0.664146341463332,2589.38,-4.26097560975,-6.43512195121665
AT3390,Austria,AT,AT1,AT12,AT121,Mostviertel-Eisenwurzen,98.77,0.529837398373333,0.664146341463332,2589.38,-4.26097560975,-6.43512195121665
AT3392,Austria,AT,AT1,AT12,AT121,Mostviertel-Eisenwurzen,98.77,0.529837398373333,0.664146341463332,2589.38,-4.26097560975,-6.43512195121665
AT3393,Austria,AT,AT1,AT12,AT121,Mostviertel-Eisenwurzen,98.77,0.529837398373333,0.664146341463332,2589.38,-4.26097560975,-6.43512195121665
AT3642,Austria,AT,AT1,AT12,AT121,Mostviertel-Eisenwurzen,98.77,0.529837398373333,0.664146341463332,2589.38,-4.26097560975,-6.43512195121665
AT3644,Austria,AT,AT1,AT12,AT121,Mostviertel-Eisenwurzen,98.77,0.529837398373333,0.664146341463332,2589.38,-4.26097560975,-6.43512195121665
AT3650,Austria,AT,AT1,AT12,AT121,Mostviertel-Eisenwurzen,98.77,0.529837398373333,0.664146341463332,2589.38,-4.26097560975,-6.43512195121665
AT3652,Austria,AT,AT1,AT12,AT121,Mostviertel-Eisenwurzen,98.77,0.529837398373333,0.664146341463332,2589.38,-4.26097560975,-6.43512195121665
AT3653,Austria,AT,AT1,AT12,AT121,Mostviertel-Eisenwurzen,98.77,0.529837398373333,0.664146341463332,2589.38,-4.26097560975,-6.43512195121665
AT3654,Austria,AT,AT1,AT12,AT121,Mostviertel-Eisenwurzen,98.77,0.529837398373333,0.664146341463332,2589.38,-4.26097560975,-6.43512195121665
AT3660,Austria,AT,AT1,AT12,AT121,Mostviertel-Eisenwurzen,98.77,0.529837398373333,0.664146341463332,2589.38,-4.26097560975,-6.43512195121665
AT3661,Austria,AT,AT1,AT12,AT121,Mostviertel-Eisenwurzen,98.77,0.529837398373333,0.664146341463332,2589.38,-4.26097560975,-6.43512195121665
AT3662,Austria,AT,AT1,AT12,AT121,Mostviertel-Eisenwurzen,98.77,0.529837398373333,0.664146341463332,2589.38,-4.26097560975,-6.43512195121665
AT3663,Austria,AT,AT1,AT12,AT121,Mostviertel-Eisenwurzen,98.77,0.529837398373333,0.664146341463332,2589.38,-4.26097560975,-6.43512195121665
AT3671,Austria,AT,AT1,AT12,AT121,Mostviertel-Eisenwurzen,98.77,0.529837398373333,0.664146341463332,2589.38,-4.26097560975,-6.43512195121665
AT3672,Austria,AT,AT1,AT12,AT121,Mostviertel-Eisenwurzen,98.77,0.529837398373333,0.664146341463332,2589.38,-4.26097560975,-6.43512195121665
AT3680,Austria,AT,AT1,AT12,AT121,Mostviertel-Eisenwurzen,98.77,0.529837398373333,0.664146341463332,2589.38,-4.26097560975,-6.43512195121665
AT3681,Austria,AT,AT1,AT12,AT121,Mostviertel-Eisenwurzen,98.77,0.529837398373333,0.664146341463332,2589.38,-4.26097560975,-6.43512195121665
AT3683,Austria,AT,AT1,AT12,AT121,Mostviertel-Eisenwurzen,98.77,0.529837398373333,0.664146341463332,2589.38,-4.26097560975,-6.43512195121665
AT3684,Austria,AT,AT1,AT12,AT121,Mostviertel-Eisenwurzen,98.77,0.529837398373333,0.664146341463332,2589.38,-4.26097560975,-6.43512195121665
AT3691,Austria,AT,AT1,AT12,AT121,Mostviertel-Eisenwurzen,98.77,0.529837398373333,0.664146341463332,2589.38,-4.26097560975,-6.43512195121665
AT4300,Austria,AT,AT1,AT12,AT121,Mostviertel-Eisenwurzen,98.77,0.529837398373333,0.664146341463332,2589.38,-4.26097560975,-6.43512195121665
AT4303,Austria,AT,AT1,AT12,AT121,Mostviertel-Eisenwurzen,98.77,0.529837398373333,0.664146341463332,2589.38,-4.26097560975,-6.43512195121665
AT4392,Austria,AT,AT1,AT12,AT121,Mostviertel-Eisenwurzen,98.77,0.529837398373333,0.664146341463332,2589.38,-4.26097560975,-6.43512195121665
AT4431,Austria,AT,AT1,AT12,AT121,Mostviertel-Eisenwurzen,98.77,0.529837398373333,0.664146341463332,2589.38,-4.26097560975,-6.43512195121665
AT4432,Austria,AT,AT1,AT12,AT121,Mostviertel-Eisenwurzen,98.77,0.529837398373333,0.664146341463332,2589.38,-4.26097560975,-6.43512195121665
AT4441,Austria,AT,AT1,AT12,AT121,Mostviertel-Eisenwurzen,98.77,0.529837398373333,0.664146341463332,2589.38,-4.26097560975,-6.43512195121665
AT4482,Austria,AT,AT1,AT12,AT121,Mostviertel-Eisenwurzen,98.77,0.529837398373333,0.664146341463332,2589.38,-4.26097560975,-6.43512195121665
AT2490,Austria,AT,AT1,AT12,AT122,Niederösterreich-Süd,66.05,0.53087962963,0.649166666666667,2629.36,-4.21907407406665,-6.30893518518333
AT2492,Austria,AT,AT1,AT12,AT122,Niederösterreich-Süd,66.05,0.53087962963,0.649166666666667,2629.36,-4.21907407406665,-6.30893518518333
AT2493,Austria,AT,AT1,AT12,AT122,Niederösterreich-Süd,66.05,0.53087962963,0.649166666666667,2629.36,-4.21907407406665,-6.30893518518333
AT2551,Austria,AT,AT1,AT12,AT122,Niederösterreich-Süd,66.05,0.53087962963,0.649166666666667,2629.36,-4.21907407406665,-6.30893518518333
AT2560,Austria,AT,AT1,AT12,AT122,Niederösterreich-Süd,66.05,0.53087962963,0.649166666666667,2629.36,-4.21907407406665,-6.30893518518333
AT2563,Austria,AT,AT1,AT12,AT122,Niederösterreich-Süd,66.05,0.53087962963,0.649166666666667,2629.36,-4.21907407406665,-6.30893518518333
AT2564,Austria,AT,AT1,AT12,AT122,Niederösterreich-Süd,66.05,0.53087962963,0.649166666666667,2629.36,-4.21907407406665,-6.30893518518333
AT2565,Austria,AT,AT1,AT12,AT122,Niederösterreich-Süd,66.05,0.53087962963,0.649166666666667,2629.36,-4.21907407406665,-6.30893518518333
AT2571,Austria,AT,AT1,AT12,AT122,Niederösterreich-Süd,66.05,0.53087962963,0.649166666666667,2629.36,-4.21907407406665,-6.30893518518333
AT2572,Austria,AT,AT1,AT12,AT122,Niederösterreich-Süd,66.05,0.53087962963,0.649166666666667,2629.36,-4.21907407406665,-6.30893518518333
AT2601,Austria,AT,AT1,AT12,AT122,Niederösterreich-Süd,66.05,0.53087962963,0.649166666666667,2629.36,-4.21907407406665,-6.30893518518333
AT2603,Austria,AT,AT1,AT12,AT122,Niederösterreich-Süd,66.05,0.53087962963,0.649166666666667,2629.36,-4.21907407406665,-6.30893518518333
AT2604,Austria,AT,AT1,AT12,AT122,Niederösterreich-Süd,66.05,0.53087962963,0.649166666666667,2629.36,-4.21907407406665,-6.30893518518333
AT2620,Austria,AT,AT1,AT12,AT122,Niederösterreich-Süd,66.05,0.53087962963,0.649166666666667,2629.36,-4.21907407406665,-6.30893518518333
AT2624,Austria,AT,AT1,AT12,AT122,Niederösterreich-Süd,66.05,0.53087962963,0.649166666666667,2629.36,-4.21907407406665,-6.30893518518333
AT2625,Austria,AT,AT1,AT12,AT122,Niederösterreich-Süd,66.05,0.53087962963,0.649166666666667,2629.36,-4.21907407406665,-6.30893518518333
AT2630,Austria,AT,AT1,AT12,AT122,Niederösterreich-Süd,66.05,0.53087962963,0.649166666666667,2629.36,-4.21907407406665,-6.30893518518333
AT2631,Austria,AT,AT1,AT12,AT122,Niederösterreich-Süd,66.05,0.53087962963,0.649166666666667,2629.36,-4.21907407406665,-6.30893518518333
AT2632,Austria,AT,AT1,AT12,AT122,Niederösterreich-Süd,66.05,0.53087962963,0.649166666666667,2629.36,-4.21907407406665,-6.30893518518333
AT2640,Austria,AT,AT1,AT12,AT122,Niederösterreich-Süd,66.05,0.53087962963,0.649166666666667,2629.36,-4.21907407406665,-6.30893518518333
AT2641,Austria,AT,AT1,AT12,AT122,Niederösterreich-Süd,66.05,0.53087962963,0.649166666666667,2629.36,-4.21907407406665,-6.30893518518333
AT2642,Austria,AT,AT1,AT12,AT122,Niederösterreich-Süd,66.05,0.53087962963,0.649166666666667,2629.36,-4.21907407406665,-6.30893518518333
AT2650,Austria,AT,AT1,AT12,AT122,Niederösterreich-Süd,66.05,0.53087962963,0.649166666666667,2629.36,-4.21907407406665,-6.30893518518333
AT2651,Austria,AT,AT1,AT12,AT122,Niederösterreich-Süd,66.05,0.53087962963,0.649166666666667,2629.36,-4.21907407406665,-6.30893518518333
AT2654,Austria,AT,AT1,AT12,AT122,Niederösterreich-Süd,66.05,0.53087962963,0.649166666666667,2629.36,-4.21907407406665,-6.30893518518333
AT2661,Austria,AT,AT1,AT12,AT122,Niederösterreich-Süd,66.05,0.53087962963,0.649166666666667,2629.36,-4.21907407406665,-6.30893518518333
AT2662,Austria,AT,AT1,AT12,AT122,Niederösterreich-Süd,66.05,0.53087962963,0.649166666666667,2629.36,-4.21907407406665,-6.30893518518333
AT2663,Austria,AT,AT1,AT12,AT122,Niederösterreich-Süd,66.05,0.53087962963,0.649166666666667,2629.36,-4.21907407406665,-6.30893518518333
AT2671,Austria,AT,AT1,AT12,AT122,Niederösterreich-Süd,66.05,0.53087962963,0.649166666666667,2629.36,-4.21907407406665,-6.30893518518333
AT2673,Austria,AT,AT1,AT12,AT122,Niederösterreich-Süd,66.05,0.53087962963,0.649166666666667,2629.36,-4.21907407406665,-6.30893518518333
AT2680,Austria,AT,AT1,AT12,AT122,Niederösterreich-Süd,66.05,0.53087962963,0.649166666666667,2629.36,-4.21907407406665,-6.30893518518333
AT2700,Austria,AT,AT1,AT12,AT122,Niederösterreich-Süd,66.05,0.53087962963,0.649166666666667,2629.36,-4.21907407406665,-6.30893518518333
AT2721,Austria,AT,AT1,AT12,AT122,Niederösterreich-Süd,66.05,0.53087962963,0.649166666666667,2629.36,-4.21907407406665,-6.30893518518333
AT2722,Austria,AT,AT1,AT12,AT122,Niederösterreich-Süd,66.05,0.53087962963,0.649166666666667,2629.36,-4.21907407406665,-6.30893518518333
AT2723,Austria,AT,AT1,AT12,AT122,Niederösterreich-Süd,66.05,0.53087962963,0.649166666666667,2629.36,-4.21907407406665,-6.30893518518333
AT2724,Austria,AT,AT1,AT12,AT122,Niederösterreich-Süd,66.05,0.53087962963,0.649166666666667,2629.36,-4.21907407406665,-6.30893518518333
AT2731,Austria,AT,AT1,AT12,AT122,Niederösterreich-Süd,66.05,0.53087962963,0.649166666666667,2629.36,-4.21907407406665,-6.30893518518333
AT2732,Austria,AT,AT1,AT12,AT122,Niederösterreich-Süd,66.05,0.53087962963,0.649166666666667,2629.36,-4.21907407406665,-6.30893518518333
AT2733,Austria,AT,AT1,AT12,AT122,Niederösterreich-Süd,66.05,0.53087962963,0.649166666666667,2629.36,-4.21907407406665,-6.30893518518333
AT2734,Austria,AT,AT1,AT12,AT122,Niederösterreich-Süd,66.05,0.53087962963,0.649166666666667,2629.36,-4.21907407406665,-6.30893518518333
AT2751,Austria,AT,AT1,AT12,AT122,Niederösterreich-Süd,66.05,0.53087962963,0.649166666666667,2629.36,-4.21907407406665,-6.30893518518333
AT2752,Austria,AT,AT1,AT12,AT122,Niederösterreich-Süd,66.05,0.53087962963,0.649166666666667,2629.36,-4.21907407406665,-6.30893518518333
AT2753,Austria,AT,AT1,AT12,AT122,Niederösterreich-Süd,66.05,0.53087962963,0.649166666666667,2629.36,-4.21907407406665,-6.30893518518333
AT2754,Austria,AT,AT1,AT12,AT122,Niederösterreich-Süd,66.05,0.53087962963,0.649166666666667,2629.36,-4.21907407406665,-6.30893518518333
AT2755,Austria,AT,AT1,AT12,AT122,Niederösterreich-Süd,66.05,0.53087962963,0.649166666666667,2629.36,-4.21907407406665,-6.30893518518333
AT2761,Austria,AT,AT1,AT12,AT122,Niederösterreich-Süd,66.05,0.53087962963,0.649166666666667,2629.36,-4.21907407406665,-6.30893518518333
AT2763,Austria,AT,AT1,AT12,AT122,Niederösterreich-Süd,66.05,0.53087962963,0.649166666666667,2629.36,-4.21907407406665,-6.30893518518333
AT2770,Austria,AT,AT1,AT12,AT122,Niederösterreich-Süd,66.05,0.53087962963,0.649166666666667,2629.36,-4.21907407406665,-6.30893518518333
AT2801,Austria,AT,AT1,AT12,AT122,Niederösterreich-Süd,66.05,0.53087962963,0.649166666666667,2629.36,-4.21907407406665,-6.30893518518333
AT2802,Austria,AT,AT1,AT12,AT122,Niederösterreich-Süd,66.05,0.53087962963,0.649166666666667,2629.36,-4.21907407406665,-6.30893518518333
AT2803,Austria,AT,AT1,AT12,AT122,Niederösterreich-Süd,66.05,0.53087962963,0.649166666666667,2629.36,-4.21907407406665,-6.30893518518333
AT2811,Austria,AT,AT1,AT12,AT122,Niederösterreich-Süd,66.05,0.53087962963,0.649166666666667,2629.36,-4.21907407406665,-6.30893518518333
AT2812,Austria,AT,AT1,AT12,AT122,Niederösterreich-Süd,66.05,0.53087962963,0.649166666666667,2629.36,-4.21907407406665,-6.30893518518333
AT2813,Austria,AT,AT1,AT12,AT122,Niederösterreich-Süd,66.05,0.53087962963,0.649166666666667,2629.36,-4.21907407406665,-6.30893518518333
AT2821,Austria,AT,AT1,AT12,AT122,Niederösterreich-Süd,66.05,0.53087962963,0.649166666666667,2629.36,-4.21907407406665,-6.30893518518333
AT2822,Austria,AT,AT1,AT12,AT122,Niederösterreich-Süd,66.05,0.53087962963,0.649166666666667,2629.36,-4.21907407406665,-6.30893518518333
AT2823,Austria,AT,AT1,AT12,AT122,Niederösterreich-Süd,66.05,0.53087962963,0.649166666666667,2629.36,-4.21907407406665,-6.30893518518333
AT2824,Austria,AT,AT1,AT12,AT122,Niederösterreich-Süd,66.05,0.53087962963,0.649166666666667,2629.36,-4.21907407406665,-6.30893518518333
AT2831,Austria,AT,AT1,AT12,AT122,Niederösterreich-Süd,66.05,0.53087962963,0.649166666666667,2629.36,-4.21907407406665,-6.30893518518333
AT2832,Austria,AT,AT1,AT12,AT122,Niederösterreich-Süd,66.05,0.53087962963,0.649166666666667,2629.36,-4.21907407406665,-6.30893518518333
AT2833,Austria,AT,AT1,AT12,AT122,Niederösterreich-Süd,66.05,0.53087962963,0.649166666666667,2629.36,-4.21907407406665,-6.30893518518333
AT2840,Austria,AT,AT1,AT12,AT122,Niederösterreich-Süd,66.05,0.53087962963,0.649166666666667,2629.36,-4.21907407406665,-6.30893518518333
AT2842,Austria,AT,AT1,AT12,AT122,Niederösterreich-Süd,66.05,0.53087962963,0.649166666666667,2629.36,-4.21907407406665,-6.30893518518333
AT2851,Austria,AT,AT1,AT12,AT122,Niederösterreich-Süd,66.05,0.53087962963,0.649166666666667,2629.36,-4.21907407406665,-6.30893518518333
AT2852,Austria,AT,AT1,AT12,AT122,Niederösterreich-Süd,66.05,0.53087962963,0.649166666666667,2629.36,-4.21907407406665,-6.30893518518333
AT2853,Austria,AT,AT1,AT12,AT122,Niederösterreich-Süd,66.05,0.53087962963,0.649166666666667,2629.36,-4.21907407406665,-6.30893518518333
AT2860,Austria,AT,AT1,AT12,AT122,Niederösterreich-Süd,66.05,0.53087962963,0.649166666666667,2629.36,-4.21907407406665,-6.30893518518333
AT2870,Austria,AT,AT1,AT12,AT122,Niederösterreich-Süd,66.05,0.53087962963,0.649166666666667,2629.36,-4.21907407406665,-6.30893518518333
AT2871,Austria,AT,AT1,AT12,AT122,Niederösterreich-Süd,66.05,0.53087962963,0.649166666666667,2629.36,-4.21907407406665,-6.30893518518333
AT2873,Austria,AT,AT1,AT12,AT122,Niederösterreich-Süd,66.05,0.53087962963,0.649166666666667,2629.36,-4.21907407406665,-6.30893518518333
AT2880,Austria,AT,AT1,AT12,AT122,Niederösterreich-Süd,66.05,0.53087962963,0.649166666666667,2629.36,-4.21907407406665,-6.30893518518333
AT2881,Austria,AT,AT1,AT12,AT122,Niederösterreich-Süd,66.05,0.53087962963,0.649166666666667,2629.36,-4.21907407406665,-6.30893518518333
AT3153,Austria,AT,AT1,AT12,AT122,Niederösterreich-Süd,66.05,0.53087962963,0.649166666666667,2629.36,-4.21907407406665,-6.30893518518333
AT3160,Austria,AT,AT1,AT12,AT122,Niederösterreich-Süd,66.05,0.53087962963,0.649166666666667,2629.36,-4.21907407406665,-6.30893518518333
AT3161,Austria,AT,AT1,AT12,AT122,Niederösterreich-Süd,66.05,0.53087962963,0.649166666666667,2629.36,-4.21907407406665,-6.30893518518333
AT3162,Austria,AT,AT1,AT12,AT122,Niederösterreich-Süd,66.05,0.53087962963,0.649166666666667,2629.36,-4.21907407406665,-6.30893518518333
AT3163,Austria,AT,AT1,AT12,AT122,Niederösterreich-Süd,66.05,0.53087962963,0.649166666666667,2629.36,-4.21907407406665,-6.30893518518333
AT3170,Austria,AT,AT1,AT12,AT122,Niederösterreich-Süd,66.05,0.53087962963,0.649166666666667,2629.36,-4.21907407406665,-6.30893518518333
AT3171,Austria,AT,AT1,AT12,AT122,Niederösterreich-Süd,66.05,0.53087962963,0.649166666666667,2629.36,-4.21907407406665,-6.30893518518333
AT3172,Austria,AT,AT1,AT12,AT122,Niederösterreich-Süd,66.05,0.53087962963,0.649166666666667,2629.36,-4.21907407406665,-6.30893518518333
AT3180,Austria,AT,AT1,AT12,AT122,Niederösterreich-Süd,66.05,0.53087962963,0.649166666666667,2629.36,-4.21907407406665,-6.30893518518333
AT3183,Austria,AT,AT1,AT12,AT122,Niederösterreich-Süd,66.05,0.53087962963,0.649166666666667,2629.36,-4.21907407406665,-6.30893518518333
AT3184,Austria,AT,AT1,AT12,AT122,Niederösterreich-Süd,66.05,0.53087962963,0.649166666666667,2629.36,-4.21907407406665,-6.30893518518333
AT3192,Austria,AT,AT1,AT12,AT122,Niederösterreich-Süd,66.05,0.53087962963,0.649166666666667,2629.36,-4.21907407406665,-6.30893518518333
AT3193,Austria,AT,AT1,AT12,AT122,Niederösterreich-Süd,66.05,0.53087962963,0.649166666666667,2629.36,-4.21907407406665,-6.30893518518333
AT3195,Austria,AT,AT1,AT12,AT122,Niederösterreich-Süd,66.05,0.53087962963,0.649166666666667,2629.36,-4.21907407406665,-6.30893518518333
AT3222,Austria,AT,AT1,AT12,AT122,Niederösterreich-Süd,66.05,0.53087962963,0.649166666666667,2629.36,-4.21907407406665,-6.30893518518333
AT3223,Austria,AT,AT1,AT12,AT122,Niederösterreich-Süd,66.05,0.53087962963,0.649166666666667,2629.36,-4.21907407406665,-6.30893518518333
AT3224,Austria,AT,AT1,AT12,AT122,Niederösterreich-Süd,66.05,0.53087962963,0.649166666666667,2629.36,-4.21907407406665,-6.30893518518333
AT7421,Austria,AT,AT1,AT12,AT122,Niederösterreich-Süd,66.05,0.53087962963,0.649166666666667,2629.36,-4.21907407406665,-6.30893518518333
AT8694,Austria,AT,AT1,AT12,AT122,Niederösterreich-Süd,66.05,0.53087962963,0.649166666666667,2629.36,-4.21907407406665,-6.30893518518333
AT2084,Austria,AT,AT1,AT12,AT124,Waldviertel,44.75,0.591637426899998,0.753216374268332,2868.27,-4.31502923976665,-6.35736842104998
AT2091,Austria,AT,AT1,AT12,AT124,Waldviertel,44.75,0.591637426899998,0.753216374268332,2868.27,-4.31502923976665,-6.35736842104998
AT2093,Austria,AT,AT1,AT12,AT124,Waldviertel,44.75,0.591637426899998,0.753216374268332,2868.27,-4.31502923976665,-6.35736842104998
AT2094,Austria,AT,AT1,AT12,AT124,Waldviertel,44.75,0.591637426899998,0.753216374268332,2868.27,-4.31502923976665,-6.35736842104998
AT2095,Austria,AT,AT1,AT12,AT124,Waldviertel,44.75,0.591637426899998,0.753216374268332,2868.27,-4.31502923976665,-6.35736842104998
AT3485,Austria,AT,AT1,AT12,AT124,Waldviertel,44.75,0.591637426899998,0.753216374268332,2868.27,-4.31502923976665,-6.35736842104998
AT3491,Austria,AT,AT1,AT12,AT124,Waldviertel,44.75,0.591637426899998,0.753216374268332,2868.27,-4.31502923976665,-6.35736842104998
AT3492,Austria,AT,AT1,AT12,AT124,Waldviertel,44.75,0.591637426899998,0.753216374268332,2868.27,-4.31502923976665,-6.35736842104998
AT3493,Austria,AT,AT1,AT12,AT124,Waldviertel,44.75,0.591637426899998,0.753216374268332,2868.27,-4.31502923976665,-6.35736842104998
AT3494,Austria,AT,AT1,AT12,AT124,Waldviertel,44.75,0.591637426899998,0.753216374268332,2868.27,-4.31502923976665,-6.35736842104998
AT3495,Austria,AT,AT1,AT12,AT124,Waldviertel,44.75,0.591637426899998,0.753216374268332,2868.27,-4.31502923976665,-6.35736842104998
AT3500,Austria,AT,AT1,AT12,AT124,Waldviertel,44.75,0.591637426899998,0.753216374268332,2868.27,-4.31502923976665,-6.35736842104998
AT3506,Austria,AT,AT1,AT12,AT124,Waldviertel,44.75,0.591637426899998,0.753216374268332,2868.27,-4.31502923976665,-6.35736842104998
AT3508,Austria,AT,AT1,AT12,AT124,Waldviertel,44.75,0.591637426899998,0.753216374268332,2868.27,-4.31502923976665,-6.35736842104998
AT3511,Austria,AT,AT1,AT12,AT124,Waldviertel,44.75,0.591637426899998,0.753216374268332,2868.27,-4.31502923976665,-6.35736842104998
AT3512,Austria,AT,AT1,AT12,AT124,Waldviertel,44.75,0.591637426899998,0.753216374268332,2868.27,-4.31502923976665,-6.35736842104998
AT3521,Austria,AT,AT1,AT12,AT124,Waldviertel,44.75,0.591637426899998,0.753216374268332,2868.27,-4.31502923976665,-6.35736842104998
AT3522,Austria,AT,AT1,AT12,AT124,Waldviertel,44.75,0.591637426899998,0.753216374268332,2868.27,-4.31502923976665,-6.35736842104998
AT3524,Austria,AT,AT1,AT12,AT124,Waldviertel,44.75,0.591637426899998,0.753216374268332,2868.27,-4.31502923976665,-6.35736842104998
AT3525,Austria,AT,AT1,AT12,AT124,Waldviertel,44.75,0.591637426899998,0.753216374268332,2868.27,-4.31502923976665,-6.35736842104998
AT3531,Austria,AT,AT1,AT12,AT124,Waldviertel,44.75,0.591637426899998,0.753216374268332,2868.27,-4.31502923976665,-6.35736842104998
AT3532,Austria,AT,AT1,AT12,AT124,Waldviertel,44.75,0.591637426899998,0.753216374268332,2868.27,-4.31502923976665,-6.35736842104998
AT3533,Austria,AT,AT1,AT12,AT124,Waldviertel,44.75,0.591637426899998,0.753216374268332,2868.27,-4.31502923976665,-6.35736842104998
AT3541,Austria,AT,AT1,AT12,AT124,Waldviertel,44.75,0.591637426899998,0.753216374268332,2868.27,-4.31502923976665,-6.35736842104998
AT3542,Austria,AT,AT1,AT12,AT124,Waldviertel,44.75,0.591637426899998,0.753216374268332,2868.27,-4.31502923976665,-6.35736842104998
AT3543,Austria,AT,AT1,AT12,AT124,Waldviertel,44.75,0.591637426899998,0.753216374268332,2868.27,-4.31502923976665,-6.35736842104998
AT3544,Austria,AT,AT1,AT12,AT124,Waldviertel,44.75,0.591637426899998,0.753216374268332,2868.27,-4.31502923976665,-6.35736842104998
AT3550,Austria,AT,AT1,AT12,AT124,Waldviertel,44.75,0.591637426899998,0.753216374268332,2868.27,-4.31502923976665,-6.35736842104998
AT3552,Austria,AT,AT1,AT12,AT124,Waldviertel,44.75,0.591637426899998,0.753216374268332,2868.27,-4.31502923976665,-6.35736842104998
AT3553,Austria,AT,AT1,AT12,AT124,Waldviertel,44.75,0.591637426899998,0.753216374268332,2868.27,-4.31502923976665,-6.35736842104998
AT3561,Austria,AT,AT1,AT12,AT124,Waldviertel,44.75,0.591637426899998,0.753216374268332,2868.27,-4.31502923976665,-6.35736842104998
AT3562,Austria,AT,AT1,AT12,AT124,Waldviertel,44.75,0.591637426899998,0.753216374268332,2868.27,-4.31502923976665,-6.35736842104998
AT3564,Austria,AT,AT1,AT12,AT124,Waldviertel,44.75,0.591637426899998,0.753216374268332,2868.27,-4.31502923976665,-6.35736842104998
AT3571,Austria,AT,AT1,AT12,AT124,Waldviertel,44.75,0.591637426899998,0.753216374268332,2868.27,-4.31502923976665,-6.35736842104998
AT3572,Austria,AT,AT1,AT12,AT124,Waldviertel,44.75,0.591637426899998,0.753216374268332,2868.27,-4.31502923976665,-6.35736842104998
AT3573,Austria,AT,AT1,AT12,AT124,Waldviertel,44.75,0.591637426899998,0.753216374268332,2868.27,-4.31502923976665,-6.35736842104998
AT3580,Austria,AT,AT1,AT12,AT124,Waldviertel,44.75,0.591637426899998,0.753216374268332,2868.27,-4.31502923976665,-6.35736842104998
AT3591,Austria,AT,AT1,AT12,AT124,Waldviertel,44.75,0.591637426899998,0.753216374268332,2868.27,-4.31502923976665,-6.35736842104998
AT3592,Austria,AT,AT1,AT12,AT124,Waldviertel,44.75,0.591637426899998,0.753216374268332,2868.27,-4.31502923976665,-6.35736842104998
AT3593,Austria,AT,AT1,AT12,AT124,Waldviertel,44.75,0.591637426899998,0.753216374268332,2868.27,-4.31502923976665,-6.35736842104998
AT3594,Austria,AT,AT1,AT12,AT124,Waldviertel,44.75,0.591637426899998,0.753216374268332,2868.27,-4.31502923976665,-6.35736842104998
AT3595,Austria,AT,AT1,AT12,AT124,Waldviertel,44.75,0.591637426899998,0.753216374268332,2868.27,-4.31502923976665,-6.35736842104998
AT3601,Austria,AT,AT1,AT12,AT124,Waldviertel,44.75,0.591637426899998,0.753216374268332,2868.27,-4.31502923976665,-6.35736842104998
AT3602,Austria,AT,AT1,AT12,AT124,Waldviertel,44.75,0.591637426899998,0.753216374268332,2868.27,-4.31502923976665,-6.35736842104998
AT3610,Austria,AT,AT1,AT12,AT124,Waldviertel,44.75,0.591637426899998,0.753216374268332,2868.27,-4.31502923976665,-6.35736842104998
AT3611,Austria,AT,AT1,AT12,AT124,Waldviertel,44.75,0.591637426899998,0.753216374268332,2868.27,-4.31502923976665,-6.35736842104998
AT3613,Austria,AT,AT1,AT12,AT124,Waldviertel,44.75,0.591637426899998,0.753216374268332,2868.27,-4.31502923976665,-6.35736842104998
AT3620,Austria,AT,AT1,AT12,AT124,Waldviertel,44.75,0.591637426899998,0.753216374268332,2868.27,-4.31502923976665,-6.35736842104998
AT3621,Austria,AT,AT1,AT12,AT124,Waldviertel,44.75,0.591637426899998,0.753216374268332,2868.27,-4.31502923976665,-6.35736842104998
AT3622,Austria,AT,AT1,AT12,AT124,Waldviertel,44.75,0.591637426899998,0.753216374268332,2868.27,-4.31502923976665,-6.35736842104998
AT3623,Austria,AT,AT1,AT12,AT124,Waldviertel,44.75,0.591637426899998,0.753216374268332,2868.27,-4.31502923976665,-6.35736842104998
AT3631,Austria,AT,AT1,AT12,AT124,Waldviertel,44.75,0.591637426899998,0.753216374268332,2868.27,-4.31502923976665,-6.35736842104998
AT3632,Austria,AT,AT1,AT12,AT124,Waldviertel,44.75,0.591637426899998,0.753216374268332,2868.27,-4.31502923976665,-6.35736842104998
AT3633,Austria,AT,AT1,AT12,AT124,Waldviertel,44.75,0.591637426899998,0.753216374268332,2868.27,-4.31502923976665,-6.35736842104998
AT3641,Austria,AT,AT1,AT12,AT124,Waldviertel,44.75,0.591637426899998,0.753216374268332,2868.27,-4.31502923976665,-6.35736842104998
AT3643,Austria,AT,AT1,AT12,AT124,Waldviertel,44.75,0.591637426899998,0.753216374268332,2868.27,-4.31502923976665,-6.35736842104998
AT3664,Austria,AT,AT1,AT12,AT124,Waldviertel,44.75,0.591637426899998,0.753216374268332,2868.27,-4.31502923976665,-6.35736842104998
AT3665,Austria,AT,AT1,AT12,AT124,Waldviertel,44.75,0.591637426899998,0.753216374268332,2868.27,-4.31502923976665,-6.35736842104998
AT3713,Austria,AT,AT1,AT12,AT124,Waldviertel,44.75,0.591637426899998,0.753216374268332,2868.27,-4.31502923976665,-6.35736842104998
AT3722,Austria,AT,AT1,AT12,AT124,Waldviertel,44.75,0.591637426899998,0.753216374268332,2868.27,-4.31502923976665,-6.35736842104998
AT3730,Austria,AT,AT1,AT12,AT124,Waldviertel,44.75,0.591637426899998,0.753216374268332,2868.27,-4.31502923976665,-6.35736842104998
AT3742,Austria,AT,AT1,AT12,AT124,Waldviertel,44.75,0.591637426899998,0.753216374268332,2868.27,-4.31502923976665,-6.35736842104998
AT3743,Austria,AT,AT1,AT12,AT124,Waldviertel,44.75,0.591637426899998,0.753216374268332,2868.27,-4.31502923976665,-6.35736842104998
AT3744,Austria,AT,AT1,AT12,AT124,Waldviertel,44.75,0.591637426899998,0.753216374268332,2868.27,-4.31502923976665,-6.35736842104998
AT3751,Austria,AT,AT1,AT12,AT124,Waldviertel,44.75,0.591637426899998,0.753216374268332,2868.27,-4.31502923976665,-6.35736842104998
AT3752,Austria,AT,AT1,AT12,AT124,Waldviertel,44.75,0.591637426899998,0.753216374268332,2868.27,-4.31502923976665,-6.35736842104998
AT3753,Austria,AT,AT1,AT12,AT124,Waldviertel,44.75,0.591637426899998,0.753216374268332,2868.27,-4.31502923976665,-6.35736842104998
AT3754,Austria,AT,AT1,AT12,AT124,Waldviertel,44.75,0.591637426899998,0.753216374268332,2868.27,-4.31502923976665,-6.35736842104998
AT3761,Austria,AT,AT1,AT12,AT124,Waldviertel,44.75,0.591637426899998,0.753216374268332,2868.27,-4.31502923976665,-6.35736842104998
AT3762,Austria,AT,AT1,AT12,AT124,Waldviertel,44.75,0.591637426899998,0.753216374268332,2868.27,-4.31502923976665,-6.35736842104998
AT3763,Austria,AT,AT1,AT12,AT124,Waldviertel,44.75,0.591637426899998,0.753216374268332,2868.27,-4.31502923976665,-6.35736842104998
AT3800,Austria,AT,AT1,AT12,AT124,Waldviertel,44.75,0.591637426899998,0.753216374268332,2868.27,-4.31502923976665,-6.35736842104998
AT3804,Austria,AT,AT1,AT12,AT124,Waldviertel,44.75,0.591637426899998,0.753216374268332,2868.27,-4.31502923976665,-6.35736842104998
AT3811,Austria,AT,AT1,AT12,AT124,Waldviertel,44.75,0.591637426899998,0.753216374268332,2868.27,-4.31502923976665,-6.35736842104998
AT3812,Austria,AT,AT1,AT12,AT124,Waldviertel,44.75,0.591637426899998,0.753216374268332,2868.27,-4.31502923976665,-6.35736842104998
AT3813,Austria,AT,AT1,AT12,AT124,Waldviertel,44.75,0.591637426899998,0.753216374268332,2868.27,-4.31502923976665,-6.35736842104998
AT3814,Austria,AT,AT1,AT12,AT124,Waldviertel,44.75,0.591637426899998,0.753216374268332,2868.27,-4.31502923976665,-6.35736842104998
AT3820,Austria,AT,AT1,AT12,AT124,Waldviertel,44.75,0.591637426899998,0.753216374268332,2868.27,-4.31502923976665,-6.35736842104998
AT3822,Austria,AT,AT1,AT12,AT124,Waldviertel,44.75,0.591637426899998,0.753216374268332,2868.27,-4.31502923976665,-6.35736842104998
AT3823,Austria,AT,AT1,AT12,AT124,Waldviertel,44.75,0.591637426899998,0.753216374268332,2868.27,-4.31502923976665,-6.35736842104998
AT3824,Austria,AT,AT1,AT12,AT124,Waldviertel,44.75,0.591637426899998,0.753216374268332,2868.27,-4.31502923976665,-6.35736842104998
AT3830,Austria,AT,AT1,AT12,AT124,Waldviertel,44.75,0.591637426899998,0.753216374268332,2868.27,-4.31502923976665,-6.35736842104998
AT3834,Austria,AT,AT1,AT12,AT124,Waldviertel,44.75,0.591637426899998,0.753216374268332,2868.27,-4.31502923976665,-6.35736842104998
AT3841,Austria,AT,AT1,AT12,AT124,Waldviertel,44.75,0.591637426899998,0.753216374268332,2868.27,-4.31502923976665,-6.35736842104998
AT3842,Austria,AT,AT1,AT12,AT124,Waldviertel,44.75,0.591637426899998,0.753216374268332,2868.27,-4.31502923976665,-6.35736842104998
AT3843,Austria,AT,AT1,AT12,AT124,Waldviertel,44.75,0.591637426899998,0.753216374268332,2868.27,-4.31502923976665,-6.35736842104998
AT3844,Austria,AT,AT1,AT12,AT124,Waldviertel,44.75,0.591637426899998,0.753216374268332,2868.27,-4.31502923976665,-6.35736842104998
AT3851,Austria,AT,AT1,AT12,AT124,Waldviertel,44.75,0.591637426899998,0.753216374268332,2868.27,-4.31502923976665,-6.35736842104998
AT3852,Austria,AT,AT1,AT12,AT124,Waldviertel,44.75,0.591637426899998,0.753216374268332,2868.27,-4.31502923976665,-6.35736842104998
AT3860,Austria,AT,AT1,AT12,AT124,Waldviertel,44.75,0.591637426899998,0.753216374268332,2868.27,-4.31502923976665,-6.35736842104998
AT3861,Austria,AT,AT1,AT12,AT124,Waldviertel,44.75,0.591637426899998,0.753216374268332,2868.27,-4.31502923976665,-6.35736842104998
AT3862,Austria,AT,AT1,AT12,AT124,Waldviertel,44.75,0.591637426899998,0.753216374268332,2868.27,-4.31502923976665,-6.35736842104998
AT3863,Austria,AT,AT1,AT12,AT124,Waldviertel,44.75,0.591637426899998,0.753216374268332,2868.27,-4.31502923976665,-6.35736842104998
AT3871,Austria,AT,AT1,AT12,AT124,Waldviertel,44.75,0.591637426899998,0.753216374268332,2868.27,-4.31502923976665,-6.35736842104998
AT3872,Austria,AT,AT1,AT12,AT124,Waldviertel,44.75,0.591637426899998,0.753216374268332,2868.27,-4.31502923976665,-6.35736842104998
AT3873,Austria,AT,AT1,AT12,AT124,Waldviertel,44.75,0.591637426899998,0.753216374268332,2868.27,-4.31502923976665,-6.35736842104998
AT3874,Austria,AT,AT1,AT12,AT124,Waldviertel,44.75,0.591637426899998,0.753216374268332,2868.27,-4.31502923976665,-6.35736842104998
AT3900,Austria,AT,AT1,AT12,AT124,Waldviertel,44.75,0.591637426899998,0.753216374268332,2868.27,-4.31502923976665,-6.35736842104998
AT3902,Austria,AT,AT1,AT12,AT124,Waldviertel,44.75,0.591637426899998,0.753216374268332,2868.27,-4.31502923976665,-6.35736842104998
AT3903,Austria,AT,AT1,AT12,AT124,Waldviertel,44.75,0.591637426899998,0.753216374268332,2868.27,-4.31502923976665,-6.35736842104998
AT3910,Austria,AT,AT1,AT12,AT124,Waldviertel,44.75,0.591637426899998,0.753216374268332,2868.27,-4.31502923976665,-6.35736842104998
AT3911,Austria,AT,AT1,AT12,AT124,Waldviertel,44.75,0.591637426899998,0.753216374268332,2868.27,-4.31502923976665,-6.35736842104998
AT3912,Austria,AT,AT1,AT12,AT124,Waldviertel,44.75,0.591637426899998,0.753216374268332,2868.27,-4.31502923976665,-6.35736842104998
AT3913,Austria,AT,AT1,AT12,AT124,Waldviertel,44.75,0.591637426899998,0.753216374268332,2868.27,-4.31502923976665,-6.35736842104998
AT3914,Austria,AT,AT1,AT12,AT124,Waldviertel,44.75,0.591637426899998,0.753216374268332,2868.27,-4.31502923976665,-6.35736842104998
AT3920,Austria,AT,AT1,AT12,AT124,Waldviertel,44.75,0.591637426899998,0.753216374268332,2868.27,-4.31502923976665,-6.35736842104998
AT3921,Austria,AT,AT1,AT12,AT124,Waldviertel,44.75,0.591637426899998,0.753216374268332,2868.27,-4.31502923976665,-6.35736842104998
AT3922,Austria,AT,AT1,AT12,AT124,Waldviertel,44.75,0.591637426899998,0.753216374268332,2868.27,-4.31502923976665,-6.35736842104998
AT3923,Austria,AT,AT1,AT12,AT124,Waldviertel,44.75,0.591637426899998,0.753216374268332,2868.27,-4.31502923976665,-6.35736842104998
AT3924,Austria,AT,AT1,AT12,AT124,Waldviertel,44.75,0.591637426899998,0.753216374268332,2868.27,-4.31502923976665,-6.35736842104998
AT3925,Austria,AT,AT1,AT12,AT124,Waldviertel,44.75,0.591637426899998,0.753216374268332,2868.27,-4.31502923976665,-6.35736842104998
AT3931,Austria,AT,AT1,AT12,AT124,Waldviertel,44.75,0.591637426899998,0.753216374268332,2868.27,-4.31502923976665,-6.35736842104998
AT3932,Austria,AT,AT1,AT12,AT124,Waldviertel,44.75,0.591637426899998,0.753216374268332,2868.27,-4.31502923976665,-6.35736842104998
AT3942,Austria,AT,AT1,AT12,AT124,Waldviertel,44.75,0.591637426899998,0.753216374268332,2868.27,-4.31502923976665,-6.35736842104998
AT3943,Austria,AT,AT1,AT12,AT124,Waldviertel,44.75,0.591637426899998,0.753216374268332,2868.27,-4.31502923976665,-6.35736842104998
AT3944,Austria,AT,AT1,AT12,AT124,Waldviertel,44.75,0.591637426899998,0.753216374268332,2868.27,-4.31502923976665,-6.35736842104998
AT3945,Austria,AT,AT1,AT12,AT124,Waldviertel,44.75,0.591637426899998,0.753216374268332,2868.27,-4.31502923976665,-6.35736842104998
AT3950,Austria,AT,AT1,AT12,AT124,Waldviertel,44.75,0.591637426899998,0.753216374268332,2868.27,-4.31502923976665,-6.35736842104998
AT3961,Austria,AT,AT1,AT12,AT124,Waldviertel,44.75,0.591637426899998,0.753216374268332,2868.27,-4.31502923976665,-6.35736842104998
AT3962,Austria,AT,AT1,AT12,AT124,Waldviertel,44.75,0.591637426899998,0.753216374268332,2868.27,-4.31502923976665,-6.35736842104998
AT3970,Austria,AT,AT1,AT12,AT124,Waldviertel,44.75,0.591637426899998,0.753216374268332,2868.27,-4.31502923976665,-6.35736842104998
AT3971,Austria,AT,AT1,AT12,AT124,Waldviertel,44.75,0.591637426899998,0.753216374268332,2868.27,-4.31502923976665,-6.35736842104998
AT3972,Austria,AT,AT1,AT12,AT124,Waldviertel,44.75,0.591637426899998,0.753216374268332,2868.27,-4.31502923976665,-6.35736842104998
AT3973,Austria,AT,AT1,AT12,AT124,Waldviertel,44.75,0.591637426899998,0.753216374268332,2868.27,-4.31502923976665,-6.35736842104998
AT2000,Austria,AT,AT1,AT12,AT126,Wiener Umland/Nordteil,200.47,1.00774193548333,1.239677419355,2324.45,-4.22413978494998,-6.23435483871665
AT2002,Austria,AT,AT1,AT12,AT126,Wiener Umland/Nordteil,200.47,1.00774193548333,1.239677419355,2324.45,-4.22413978494998,-6.23435483871665
AT2003,Austria,AT,AT1,AT12,AT126,Wiener Umland/Nordteil,200.47,1.00774193548333,1.239677419355,2324.45,-4.22413978494998,-6.23435483871665
AT2004,Austria,AT,AT1,AT12,AT126,Wiener Umland/Nordteil,200.47,1.00774193548333,1.239677419355,2324.45,-4.22413978494998,-6.23435483871665
AT2011,Austria,AT,AT1,AT12,AT126,Wiener Umland/Nordteil,200.47,1.00774193548333,1.239677419355,2324.45,-4.22413978494998,-6.23435483871665
AT2100,Austria,AT,AT1,AT12,AT126,Wiener Umland/Nordteil,200.47,1.00774193548333,1.239677419355,2324.45,-4.22413978494998,-6.23435483871665
AT2102,Austria,AT,AT1,AT12,AT126,Wiener Umland/Nordteil,200.47,1.00774193548333,1.239677419355,2324.45,-4.22413978494998,-6.23435483871665
AT2103,Austria,AT,AT1,AT12,AT126,Wiener Umland/Nordteil,200.47,1.00774193548333,1.239677419355,2324.45,-4.22413978494998,-6.23435483871665
AT2104,Austria,AT,AT1,AT12,AT126,Wiener Umland/Nordteil,200.47,1.00774193548333,1.239677419355,2324.45,-4.22413978494998,-6.23435483871665
AT2105,Austria,AT,AT1,AT12,AT126,Wiener Umland/Nordteil,200.47,1.00774193548333,1.239677419355,2324.45,-4.22413978494998,-6.23435483871665
AT2111,Austria,AT,AT1,AT12,AT126,Wiener Umland/Nordteil,200.47,1.00774193548333,1.239677419355,2324.45,-4.22413978494998,-6.23435483871665
AT2112,Austria,AT,AT1,AT12,AT126,Wiener Umland/Nordteil,200.47,1.00774193548333,1.239677419355,2324.45,-4.22413978494998,-6.23435483871665
AT2113,Austria,AT,AT1,AT12,AT126,Wiener Umland/Nordteil,200.47,1.00774193548333,1.239677419355,2324.45,-4.22413978494998,-6.23435483871665
AT2114,Austria,AT,AT1,AT12,AT126,Wiener Umland/Nordteil,200.47,1.00774193548333,1.239677419355,2324.45,-4.22413978494998,-6.23435483871665
AT2115,Austria,AT,AT1,AT12,AT126,Wiener Umland/Nordteil,200.47,1.00774193548333,1.239677419355,2324.45,-4.22413978494998,-6.23435483871665
AT2116,Austria,AT,AT1,AT12,AT126,Wiener Umland/Nordteil,200.47,1.00774193548333,1.239677419355,2324.45,-4.22413978494998,-6.23435483871665
AT2120,Austria,AT,AT1,AT12,AT126,Wiener Umland/Nordteil,200.47,1.00774193548333,1.239677419355,2324.45,-4.22413978494998,-6.23435483871665
AT2122,Austria,AT,AT1,AT12,AT126,Wiener Umland/Nordteil,200.47,1.00774193548333,1.239677419355,2324.45,-4.22413978494998,-6.23435483871665
AT2123,Austria,AT,AT1,AT12,AT126,Wiener Umland/Nordteil,200.47,1.00774193548333,1.239677419355,2324.45,-4.22413978494998,-6.23435483871665
AT2124,Austria,AT,AT1,AT12,AT126,Wiener Umland/Nordteil,200.47,1.00774193548333,1.239677419355,2324.45,-4.22413978494998,-6.23435483871665
AT2201,Austria,AT,AT1,AT12,AT126,Wiener Umland/Nordteil,200.47,1.00774193548333,1.239677419355,2324.45,-4.22413978494998,-6.23435483871665
AT2202,Austria,AT,AT1,AT12,AT126,Wiener Umland/Nordteil,200.47,1.00774193548333,1.239677419355,2324.45,-4.22413978494998,-6.23435483871665
AT2203,Austria,AT,AT1,AT12,AT126,Wiener Umland/Nordteil,200.47,1.00774193548333,1.239677419355,2324.45,-4.22413978494998,-6.23435483871665
AT2211,Austria,AT,AT1,AT12,AT126,Wiener Umland/Nordteil,200.47,1.00774193548333,1.239677419355,2324.45,-4.22413978494998,-6.23435483871665
AT2212,Austria,AT,AT1,AT12,AT126,Wiener Umland/Nordteil,200.47,1.00774193548333,1.239677419355,2324.45,-4.22413978494998,-6.23435483871665
AT2213,Austria,AT,AT1,AT12,AT126,Wiener Umland/Nordteil,200.47,1.00774193548333,1.239677419355,2324.45,-4.22413978494998,-6.23435483871665
AT2214,Austria,AT,AT1,AT12,AT126,Wiener Umland/Nordteil,200.47,1.00774193548333,1.239677419355,2324.45,-4.22413978494998,-6.23435483871665
AT2215,Austria,AT,AT1,AT12,AT126,Wiener Umland/Nordteil,200.47,1.00774193548333,1.239677419355,2324.45,-4.22413978494998,-6.23435483871665
AT2221,Austria,AT,AT1,AT12,AT126,Wiener Umland/Nordteil,200.47,1.00774193548333,1.239677419355,2324.45,-4.22413978494998,-6.23435483871665
AT2222,Austria,AT,AT1,AT12,AT126,Wiener Umland/Nordteil,200.47,1.00774193548333,1.239677419355,2324.45,-4.22413978494998,-6.23435483871665
AT2223,Austria,AT,AT1,AT12,AT126,Wiener Umland/Nordteil,200.47,1.00774193548333,1.239677419355,2324.45,-4.22413978494998,-6.23435483871665
AT2230,Austria,AT,AT1,AT12,AT126,Wiener Umland/Nordteil,200.47,1.00774193548333,1.239677419355,2324.45,-4.22413978494998,-6.23435483871665
AT2231,Austria,AT,AT1,AT12,AT126,Wiener Umland/Nordteil,200.47,1.00774193548333,1.239677419355,2324.45,-4.22413978494998,-6.23435483871665
AT2232,Austria,AT,AT1,AT12,AT126,Wiener Umland/Nordteil,200.47,1.00774193548333,1.239677419355,2324.45,-4.22413978494998,-6.23435483871665
AT2241,Austria,AT,AT1,AT12,AT126,Wiener Umland/Nordteil,200.47,1.00774193548333,1.239677419355,2324.45,-4.22413978494998,-6.23435483871665
AT2242,Austria,AT,AT1,AT12,AT126,Wiener Umland/Nordteil,200.47,1.00774193548333,1.239677419355,2324.45,-4.22413978494998,-6.23435483871665
AT2243,Austria,AT,AT1,AT12,AT126,Wiener Umland/Nordteil,200.47,1.00774193548333,1.239677419355,2324.45,-4.22413978494998,-6.23435483871665
AT2244,Austria,AT,AT1,AT12,AT126,Wiener Umland/Nordteil,200.47,1.00774193548333,1.239677419355,2324.45,-4.22413978494998,-6.23435483871665
AT2245,Austria,AT,AT1,AT12,AT126,Wiener Umland/Nordteil,200.47,1.00774193548333,1.239677419355,2324.45,-4.22413978494998,-6.23435483871665
AT2251,Austria,AT,AT1,AT12,AT126,Wiener Umland/Nordteil,200.47,1.00774193548333,1.239677419355,2324.45,-4.22413978494998,-6.23435483871665
AT2252,Austria,AT,AT1,AT12,AT126,Wiener Umland/Nordteil,200.47,1.00774193548333,1.239677419355,2324.45,-4.22413978494998,-6.23435483871665
AT2253,Austria,AT,AT1,AT12,AT126,Wiener Umland/Nordteil,200.47,1.00774193548333,1.239677419355,2324.45,-4.22413978494998,-6.23435483871665
AT2261,Austria,AT,AT1,AT12,AT126,Wiener Umland/Nordteil,200.47,1.00774193548333,1.239677419355,2324.45,-4.22413978494998,-6.23435483871665
AT2262,Austria,AT,AT1,AT12,AT126,Wiener Umland/Nordteil,200.47,1.00774193548333,1.239677419355,2324.45,-4.22413978494998,-6.23435483871665
AT2281,Austria,AT,AT1,AT12,AT126,Wiener Umland/Nordteil,200.47,1.00774193548333,1.239677419355,2324.45,-4.22413978494998,-6.23435483871665
AT2282,Austria,AT,AT1,AT12,AT126,Wiener Umland/Nordteil,200.47,1.00774193548333,1.239677419355,2324.45,-4.22413978494998,-6.23435483871665
AT2283,Austria,AT,AT1,AT12,AT126,Wiener Umland/Nordteil,200.47,1.00774193548333,1.239677419355,2324.45,-4.22413978494998,-6.23435483871665
AT2284,Austria,AT,AT1,AT12,AT126,Wiener Umland/Nordteil,200.47,1.00774193548333,1.239677419355,2324.45,-4.22413978494998,-6.23435483871665
AT2285,Austria,AT,AT1,AT12,AT126,Wiener Umland/Nordteil,200.47,1.00774193548333,1.239677419355,2324.45,-4.22413978494998,-6.23435483871665
AT2286,Austria,AT,AT1,AT12,AT126,Wiener Umland/Nordteil,200.47,1.00774193548333,1.239677419355,2324.45,-4.22413978494998,-6.23435483871665
AT2291,Austria,AT,AT1,AT12,AT126,Wiener Umland/Nordteil,200.47,1.00774193548333,1.239677419355,2324.45,-4.22413978494998,-6.23435483871665
AT2292,Austria,AT,AT1,AT12,AT126,Wiener Umland/Nordteil,200.47,1.00774193548333,1.239677419355,2324.45,-4.22413978494998,-6.23435483871665
AT2293,Austria,AT,AT1,AT12,AT126,Wiener Umland/Nordteil,200.47,1.00774193548333,1.239677419355,2324.45,-4.22413978494998,-6.23435483871665
AT2294,Austria,AT,AT1,AT12,AT126,Wiener Umland/Nordteil,200.47,1.00774193548333,1.239677419355,2324.45,-4.22413978494998,-6.23435483871665
AT2295,Austria,AT,AT1,AT12,AT126,Wiener Umland/Nordteil,200.47,1.00774193548333,1.239677419355,2324.45,-4.22413978494998,-6.23435483871665
AT2301,Austria,AT,AT1,AT12,AT126,Wiener Umland/Nordteil,200.47,1.00774193548333,1.239677419355,2324.45,-4.22413978494998,-6.23435483871665
AT2304,Austria,AT,AT1,AT12,AT126,Wiener Umland/Nordteil,200.47,1.00774193548333,1.239677419355,2324.45,-4.22413978494998,-6.23435483871665
AT2305,Austria,AT,AT1,AT12,AT126,Wiener Umland/Nordteil,200.47,1.00774193548333,1.239677419355,2324.45,-4.22413978494998,-6.23435483871665
AT3001,Austria,AT,AT1,AT12,AT126,Wiener Umland/Nordteil,200.47,1.00774193548333,1.239677419355,2324.45,-4.22413978494998,-6.23435483871665
AT3002,Austria,AT,AT1,AT12,AT126,Wiener Umland/Nordteil,200.47,1.00774193548333,1.239677419355,2324.45,-4.22413978494998,-6.23435483871665
AT3003,Austria,AT,AT1,AT12,AT126,Wiener Umland/Nordteil,200.47,1.00774193548333,1.239677419355,2324.45,-4.22413978494998,-6.23435483871665
AT3004,Austria,AT,AT1,AT12,AT126,Wiener Umland/Nordteil,200.47,1.00774193548333,1.239677419355,2324.45,-4.22413978494998,-6.23435483871665
AT3011,Austria,AT,AT1,AT12,AT126,Wiener Umland/Nordteil,200.47,1.00774193548333,1.239677419355,2324.45,-4.22413978494998,-6.23435483871665
AT3012,Austria,AT,AT1,AT12,AT126,Wiener Umland/Nordteil,200.47,1.00774193548333,1.239677419355,2324.45,-4.22413978494998,-6.23435483871665
AT3013,Austria,AT,AT1,AT12,AT126,Wiener Umland/Nordteil,200.47,1.00774193548333,1.239677419355,2324.45,-4.22413978494998,-6.23435483871665
AT3021,Austria,AT,AT1,AT12,AT126,Wiener Umland/Nordteil,200.47,1.00774193548333,1.239677419355,2324.45,-4.22413978494998,-6.23435483871665
AT3031,Austria,AT,AT1,AT12,AT126,Wiener Umland/Nordteil,200.47,1.00774193548333,1.239677419355,2324.45,-4.22413978494998,-6.23435483871665
AT3042,Austria,AT,AT1,AT12,AT126,Wiener Umland/Nordteil,200.47,1.00774193548333,1.239677419355,2324.45,-4.22413978494998,-6.23435483871665
AT3400,Austria,AT,AT1,AT12,AT126,Wiener Umland/Nordteil,200.47,1.00774193548333,1.239677419355,2324.45,-4.22413978494998,-6.23435483871665
AT3413,Austria,AT,AT1,AT12,AT126,Wiener Umland/Nordteil,200.47,1.00774193548333,1.239677419355,2324.45,-4.22413978494998,-6.23435483871665
AT3420,Austria,AT,AT1,AT12,AT126,Wiener Umland/Nordteil,200.47,1.00774193548333,1.239677419355,2324.45,-4.22413978494998,-6.23435483871665
AT3421,Austria,AT,AT1,AT12,AT126,Wiener Umland/Nordteil,200.47,1.00774193548333,1.239677419355,2324.45,-4.22413978494998,-6.23435483871665
AT3422,Austria,AT,AT1,AT12,AT126,Wiener Umland/Nordteil,200.47,1.00774193548333,1.239677419355,2324.45,-4.22413978494998,-6.23435483871665
AT3423,Austria,AT,AT1,AT12,AT126,Wiener Umland/Nordteil,200.47,1.00774193548333,1.239677419355,2324.45,-4.22413978494998,-6.23435483871665
AT3424,Austria,AT,AT1,AT12,AT126,Wiener Umland/Nordteil,200.47,1.00774193548333,1.239677419355,2324.45,-4.22413978494998,-6.23435483871665
AT3425,Austria,AT,AT1,AT12,AT126,Wiener Umland/Nordteil,200.47,1.00774193548333,1.239677419355,2324.45,-4.22413978494998,-6.23435483871665
AT3426,Austria,AT,AT1,AT12,AT126,Wiener Umland/Nordteil,200.47,1.00774193548333,1.239677419355,2324.45,-4.22413978494998,-6.23435483871665
AT3430,Austria,AT,AT1,AT12,AT126,Wiener Umland/Nordteil,200.47,1.00774193548333,1.239677419355,2324.45,-4.22413978494998,-6.23435483871665
AT3433,Austria,AT,AT1,AT12,AT126,Wiener Umland/Nordteil,200.47,1.00774193548333,1.239677419355,2324.45,-4.22413978494998,-6.23435483871665
AT3434,Austria,AT,AT1,AT12,AT126,Wiener Umland/Nordteil,200.47,1.00774193548333,1.239677419355,2324.45,-4.22413978494998,-6.23435483871665
AT3435,Austria,AT,AT1,AT12,AT126,Wiener Umland/Nordteil,200.47,1.00774193548333,1.239677419355,2324.45,-4.22413978494998,-6.23435483871665
AT3441,Austria,AT,AT1,AT12,AT126,Wiener Umland/Nordteil,200.47,1.00774193548333,1.239677419355,2324.45,-4.22413978494998,-6.23435483871665
AT3442,Austria,AT,AT1,AT12,AT126,Wiener Umland/Nordteil,200.47,1.00774193548333,1.239677419355,2324.45,-4.22413978494998,-6.23435483871665
AT3443,Austria,AT,AT1,AT12,AT126,Wiener Umland/Nordteil,200.47,1.00774193548333,1.239677419355,2324.45,-4.22413978494998,-6.23435483871665
AT3451,Austria,AT,AT1,AT12,AT126,Wiener Umland/Nordteil,200.47,1.00774193548333,1.239677419355,2324.45,-4.22413978494998,-6.23435483871665
AT3452,Austria,AT,AT1,AT12,AT126,Wiener Umland/Nordteil,200.47,1.00774193548333,1.239677419355,2324.45,-4.22413978494998,-6.23435483871665
AT3454,Austria,AT,AT1,AT12,AT126,Wiener Umland/Nordteil,200.47,1.00774193548333,1.239677419355,2324.45,-4.22413978494998,-6.23435483871665
AT3462,Austria,AT,AT1,AT12,AT126,Wiener Umland/Nordteil,200.47,1.00774193548333,1.239677419355,2324.45,-4.22413978494998,-6.23435483871665
AT3463,Austria,AT,AT1,AT12,AT126,Wiener Umland/Nordteil,200.47,1.00774193548333,1.239677419355,2324.45,-4.22413978494998,-6.23435483871665
AT3464,Austria,AT,AT1,AT12,AT126,Wiener Umland/Nordteil,200.47,1.00774193548333,1.239677419355,2324.45,-4.22413978494998,-6.23435483871665
AT3465,Austria,AT,AT1,AT12,AT126,Wiener Umland/Nordteil,200.47,1.00774193548333,1.239677419355,2324.45,-4.22413978494998,-6.23435483871665
AT3470,Austria,AT,AT1,AT12,AT126,Wiener Umland/Nordteil,200.47,1.00774193548333,1.239677419355,2324.45,-4.22413978494998,-6.23435483871665
AT3471,Austria,AT,AT1,AT12,AT126,Wiener Umland/Nordteil,200.47,1.00774193548333,1.239677419355,2324.45,-4.22413978494998,-6.23435483871665
AT3474,Austria,AT,AT1,AT12,AT126,Wiener Umland/Nordteil,200.47,1.00774193548333,1.239677419355,2324.45,-4.22413978494998,-6.23435483871665
AT3481,Austria,AT,AT1,AT12,AT126,Wiener Umland/Nordteil,200.47,1.00774193548333,1.239677419355,2324.45,-4.22413978494998,-6.23435483871665
AT3482,Austria,AT,AT1,AT12,AT126,Wiener Umland/Nordteil,200.47,1.00774193548333,1.239677419355,2324.45,-4.22413978494998,-6.23435483871665
AT3483,Austria,AT,AT1,AT12,AT126,Wiener Umland/Nordteil,200.47,1.00774193548333,1.239677419355,2324.45,-4.22413978494998,-6.23435483871665
AT3484,Austria,AT,AT1,AT12,AT126,Wiener Umland/Nordteil,200.47,1.00774193548333,1.239677419355,2324.45,-4.22413978494998,-6.23435483871665
AT3701,Austria,AT,AT1,AT12,AT126,Wiener Umland/Nordteil,200.47,1.00774193548333,1.239677419355,2324.45,-4.22413978494998,-6.23435483871665
AT3702,Austria,AT,AT1,AT12,AT126,Wiener Umland/Nordteil,200.47,1.00774193548333,1.239677419355,2324.45,-4.22413978494998,-6.23435483871665
AT2013,Austria,AT,AT1,AT12,AT125,Weinviertel,170.24,0.991302083333332,1.23796875,2443.59,-4.32281249999998,-6.34942708333332
AT2014,Austria,AT,AT1,AT12,AT125,Weinviertel,170.24,0.991302083333332,1.23796875,2443.59,-4.32281249999998,-6.34942708333332
AT2020,Austria,AT,AT1,AT12,AT125,Weinviertel,170.24,0.991302083333332,1.23796875,2443.59,-4.32281249999998,-6.34942708333332
AT2022,Austria,AT,AT1,AT12,AT125,Weinviertel,170.24,0.991302083333332,1.23796875,2443.59,-4.32281249999998,-6.34942708333332
AT2023,Austria,AT,AT1,AT12,AT125,Weinviertel,170.24,0.991302083333332,1.23796875,2443.59,-4.32281249999998,-6.34942708333332
AT2024,Austria,AT,AT1,AT12,AT125,Weinviertel,170.24,0.991302083333332,1.23796875,2443.59,-4.32281249999998,-6.34942708333332
AT2031,Austria,AT,AT1,AT12,AT125,Weinviertel,170.24,0.991302083333332,1.23796875,2443.59,-4.32281249999998,-6.34942708333332
AT2032,Austria,AT,AT1,AT12,AT125,Weinviertel,170.24,0.991302083333332,1.23796875,2443.59,-4.32281249999998,-6.34942708333332
AT2033,Austria,AT,AT1,AT12,AT125,Weinviertel,170.24,0.991302083333332,1.23796875,2443.59,-4.32281249999998,-6.34942708333332
AT2034,Austria,AT,AT1,AT12,AT125,Weinviertel,170.24,0.991302083333332,1.23796875,2443.59,-4.32281249999998,-6.34942708333332
AT2041,Austria,AT,AT1,AT12,AT125,Weinviertel,170.24,0.991302083333332,1.23796875,2443.59,-4.32281249999998,-6.34942708333332
AT2042,Austria,AT,AT1,AT12,AT125,Weinviertel,170.24,0.991302083333332,1.23796875,2443.59,-4.32281249999998,-6.34942708333332
AT2051,Austria,AT,AT1,AT12,AT125,Weinviertel,170.24,0.991302083333332,1.23796875,2443.59,-4.32281249999998,-6.34942708333332
AT2052,Austria,AT,AT1,AT12,AT125,Weinviertel,170.24,0.991302083333332,1.23796875,2443.59,-4.32281249999998,-6.34942708333332
AT2053,Austria,AT,AT1,AT12,AT125,Weinviertel,170.24,0.991302083333332,1.23796875,2443.59,-4.32281249999998,-6.34942708333332
AT2054,Austria,AT,AT1,AT12,AT125,Weinviertel,170.24,0.991302083333332,1.23796875,2443.59,-4.32281249999998,-6.34942708333332
AT2061,Austria,AT,AT1,AT12,AT125,Weinviertel,170.24,0.991302083333332,1.23796875,2443.59,-4.32281249999998,-6.34942708333332
AT2062,Austria,AT,AT1,AT12,AT125,Weinviertel,170.24,0.991302083333332,1.23796875,2443.59,-4.32281249999998,-6.34942708333332
AT2063,Austria,AT,AT1,AT12,AT125,Weinviertel,170.24,0.991302083333332,1.23796875,2443.59,-4.32281249999998,-6.34942708333332
AT2064,Austria,AT,AT1,AT12,AT125,Weinviertel,170.24,0.991302083333332,1.23796875,2443.59,-4.32281249999998,-6.34942708333332
AT2070,Austria,AT,AT1,AT12,AT125,Weinviertel,170.24,0.991302083333332,1.23796875,2443.59,-4.32281249999998,-6.34942708333332
AT2073,Austria,AT,AT1,AT12,AT125,Weinviertel,170.24,0.991302083333332,1.23796875,2443.59,-4.32281249999998,-6.34942708333332
AT2074,Austria,AT,AT1,AT12,AT125,Weinviertel,170.24,0.991302083333332,1.23796875,2443.59,-4.32281249999998,-6.34942708333332
AT2081,Austria,AT,AT1,AT12,AT125,Weinviertel,170.24,0.991302083333332,1.23796875,2443.59,-4.32281249999998,-6.34942708333332
AT2082,Austria,AT,AT1,AT12,AT125,Weinviertel,170.24,0.991302083333332,1.23796875,2443.59,-4.32281249999998,-6.34942708333332
AT2083,Austria,AT,AT1,AT12,AT125,Weinviertel,170.24,0.991302083333332,1.23796875,2443.59,-4.32281249999998,-6.34942708333332
AT2092,Austria,AT,AT1,AT12,AT125,Weinviertel,170.24,0.991302083333332,1.23796875,2443.59,-4.32281249999998,-6.34942708333332
AT2125,Austria,AT,AT1,AT12,AT125,Weinviertel,170.24,0.991302083333332,1.23796875,2443.59,-4.32281249999998,-6.34942708333332
AT2126,Austria,AT,AT1,AT12,AT125,Weinviertel,170.24,0.991302083333332,1.23796875,2443.59,-4.32281249999998,-6.34942708333332
AT2130,Austria,AT,AT1,AT12,AT125,Weinviertel,170.24,0.991302083333332,1.23796875,2443.59,-4.32281249999998,-6.34942708333332
AT2132,Austria,AT,AT1,AT12,AT125,Weinviertel,170.24,0.991302083333332,1.23796875,2443.59,-4.32281249999998,-6.34942708333332
AT2133,Austria,AT,AT1,AT12,AT125,Weinviertel,170.24,0.991302083333332,1.23796875,2443.59,-4.32281249999998,-6.34942708333332
AT2134,Austria,AT,AT1,AT12,AT125,Weinviertel,170.24,0.991302083333332,1.23796875,2443.59,-4.32281249999998,-6.34942708333332
AT2135,Austria,AT,AT1,AT12,AT125,Weinviertel,170.24,0.991302083333332,1.23796875,2443.59,-4.32281249999998,-6.34942708333332
AT2136,Austria,AT,AT1,AT12,AT125,Weinviertel,170.24,0.991302083333332,1.23796875,2443.59,-4.32281249999998,-6.34942708333332
AT2141,Austria,AT,AT1,AT12,AT125,Weinviertel,170.24,0.991302083333332,1.23796875,2443.59,-4.32281249999998,-6.34942708333332
AT2143,Austria,AT,AT1,AT12,AT125,Weinviertel,170.24,0.991302083333332,1.23796875,2443.59,-4.32281249999998,-6.34942708333332
AT2144,Austria,AT,AT1,AT12,AT125,Weinviertel,170.24,0.991302083333332,1.23796875,2443.59,-4.32281249999998,-6.34942708333332
AT2145,Austria,AT,AT1,AT12,AT125,Weinviertel,170.24,0.991302083333332,1.23796875,2443.59,-4.32281249999998,-6.34942708333332
AT2151,Austria,AT,AT1,AT12,AT125,Weinviertel,170.24,0.991302083333332,1.23796875,2443.59,-4.32281249999998,-6.34942708333332
AT2152,Austria,AT,AT1,AT12,AT125,Weinviertel,170.24,0.991302083333332,1.23796875,2443.59,-4.32281249999998,-6.34942708333332
AT2153,Austria,AT,AT1,AT12,AT125,Weinviertel,170.24,0.991302083333332,1.23796875,2443.59,-4.32281249999998,-6.34942708333332
AT2154,Austria,AT,AT1,AT12,AT125,Weinviertel,170.24,0.991302083333332,1.23796875,2443.59,-4.32281249999998,-6.34942708333332
AT2161,Austria,AT,AT1,AT12,AT125,Weinviertel,170.24,0.991302083333332,1.23796875,2443.59,-4.32281249999998,-6.34942708333332
AT2162,Austria,AT,AT1,AT12,AT125,Weinviertel,170.24,0.991302083333332,1.23796875,2443.59,-4.32281249999998,-6.34942708333332
AT2163,Austria,AT,AT1,AT12,AT125,Weinviertel,170.24,0.991302083333332,1.23796875,2443.59,-4.32281249999998,-6.34942708333332
AT2164,Austria,AT,AT1,AT12,AT125,Weinviertel,170.24,0.991302083333332,1.23796875,2443.59,-4.32281249999998,-6.34942708333332
AT2165,Austria,AT,AT1,AT12,AT125,Weinviertel,170.24,0.991302083333332,1.23796875,2443.59,-4.32281249999998,-6.34942708333332
AT2170,Austria,AT,AT1,AT12,AT125,Weinviertel,170.24,0.991302083333332,1.23796875,2443.59,-4.32281249999998,-6.34942708333332
AT2171,Austria,AT,AT1,AT12,AT125,Weinviertel,170.24,0.991302083333332,1.23796875,2443.59,-4.32281249999998,-6.34942708333332
AT2172,Austria,AT,AT1,AT12,AT125,Weinviertel,170.24,0.991302083333332,1.23796875,2443.59,-4.32281249999998,-6.34942708333332
AT2181,Austria,AT,AT1,AT12,AT125,Weinviertel,170.24,0.991302083333332,1.23796875,2443.59,-4.32281249999998,-6.34942708333332
AT2182,Austria,AT,AT1,AT12,AT125,Weinviertel,170.24,0.991302083333332,1.23796875,2443.59,-4.32281249999998,-6.34942708333332
AT2183,Austria,AT,AT1,AT12,AT125,Weinviertel,170.24,0.991302083333332,1.23796875,2443.59,-4.32281249999998,-6.34942708333332
AT2184,Austria,AT,AT1,AT12,AT125,Weinviertel,170.24,0.991302083333332,1.23796875,2443.59,-4.32281249999998,-6.34942708333332
AT2185,Austria,AT,AT1,AT12,AT125,Weinviertel,170.24,0.991302083333332,1.23796875,2443.59,-4.32281249999998,-6.34942708333332
AT2191,Austria,AT,AT1,AT12,AT125,Weinviertel,170.24,0.991302083333332,1.23796875,2443.59,-4.32281249999998,-6.34942708333332
AT2192,Austria,AT,AT1,AT12,AT125,Weinviertel,170.24,0.991302083333332,1.23796875,2443.59,-4.32281249999998,-6.34942708333332
AT2193,Austria,AT,AT1,AT12,AT125,Weinviertel,170.24,0.991302083333332,1.23796875,2443.59,-4.32281249999998,-6.34942708333332
AT2224,Austria,AT,AT1,AT12,AT125,Weinviertel,170.24,0.991302083333332,1.23796875,2443.59,-4.32281249999998,-6.34942708333332
AT2225,Austria,AT,AT1,AT12,AT125,Weinviertel,170.24,0.991302083333332,1.23796875,2443.59,-4.32281249999998,-6.34942708333332
AT2263,Austria,AT,AT1,AT12,AT125,Weinviertel,170.24,0.991302083333332,1.23796875,2443.59,-4.32281249999998,-6.34942708333332
AT2264,Austria,AT,AT1,AT12,AT125,Weinviertel,170.24,0.991302083333332,1.23796875,2443.59,-4.32281249999998,-6.34942708333332
AT2265,Austria,AT,AT1,AT12,AT125,Weinviertel,170.24,0.991302083333332,1.23796875,2443.59,-4.32281249999998,-6.34942708333332
AT2272,Austria,AT,AT1,AT12,AT125,Weinviertel,170.24,0.991302083333332,1.23796875,2443.59,-4.32281249999998,-6.34942708333332
AT2273,Austria,AT,AT1,AT12,AT125,Weinviertel,170.24,0.991302083333332,1.23796875,2443.59,-4.32281249999998,-6.34942708333332
AT2274,Austria,AT,AT1,AT12,AT125,Weinviertel,170.24,0.991302083333332,1.23796875,2443.59,-4.32281249999998,-6.34942708333332
AT2275,Austria,AT,AT1,AT12,AT125,Weinviertel,170.24,0.991302083333332,1.23796875,2443.59,-4.32281249999998,-6.34942708333332
AT2276,Austria,AT,AT1,AT12,AT125,Weinviertel,170.24,0.991302083333332,1.23796875,2443.59,-4.32281249999998,-6.34942708333332
AT3472,Austria,AT,AT1,AT12,AT125,Weinviertel,170.24,0.991302083333332,1.23796875,2443.59,-4.32281249999998,-6.34942708333332
AT3473,Austria,AT,AT1,AT12,AT125,Weinviertel,170.24,0.991302083333332,1.23796875,2443.59,-4.32281249999998,-6.34942708333332
AT3704,Austria,AT,AT1,AT12,AT125,Weinviertel,170.24,0.991302083333332,1.23796875,2443.59,-4.32281249999998,-6.34942708333332
AT3710,Austria,AT,AT1,AT12,AT125,Weinviertel,170.24,0.991302083333332,1.23796875,2443.59,-4.32281249999998,-6.34942708333332
AT3711,Austria,AT,AT1,AT12,AT125,Weinviertel,170.24,0.991302083333332,1.23796875,2443.59,-4.32281249999998,-6.34942708333332
AT3712,Austria,AT,AT1,AT12,AT125,Weinviertel,170.24,0.991302083333332,1.23796875,2443.59,-4.32281249999998,-6.34942708333332
AT3714,Austria,AT,AT1,AT12,AT125,Weinviertel,170.24,0.991302083333332,1.23796875,2443.59,-4.32281249999998,-6.34942708333332
AT3720,Austria,AT,AT1,AT12,AT125,Weinviertel,170.24,0.991302083333332,1.23796875,2443.59,-4.32281249999998,-6.34942708333332
AT3721,Austria,AT,AT1,AT12,AT125,Weinviertel,170.24,0.991302083333332,1.23796875,2443.59,-4.32281249999998,-6.34942708333332
AT3741,Austria,AT,AT1,AT12,AT125,Weinviertel,170.24,0.991302083333332,1.23796875,2443.59,-4.32281249999998,-6.34942708333332
AT3032,Austria,AT,AT1,AT12,AT123,Sankt Pölten,147.52,0.646249999999998,0.81375,2398.72,-4.145625,-6.19395833333332
AT3033,Austria,AT,AT1,AT12,AT123,Sankt Pölten,147.52,0.646249999999998,0.81375,2398.72,-4.145625,-6.19395833333332
AT3034,Austria,AT,AT1,AT12,AT123,Sankt Pölten,147.52,0.646249999999998,0.81375,2398.72,-4.145625,-6.19395833333332
AT3040,Austria,AT,AT1,AT12,AT123,Sankt Pölten,147.52,0.646249999999998,0.81375,2398.72,-4.145625,-6.19395833333332
AT3041,Austria,AT,AT1,AT12,AT123,Sankt Pölten,147.52,0.646249999999998,0.81375,2398.72,-4.145625,-6.19395833333332
AT3051,Austria,AT,AT1,AT12,AT123,Sankt Pölten,147.52,0.646249999999998,0.81375,2398.72,-4.145625,-6.19395833333332
AT3052,Austria,AT,AT1,AT12,AT123,Sankt Pölten,147.52,0.646249999999998,0.81375,2398.72,-4.145625,-6.19395833333332
AT3053,Austria,AT,AT1,AT12,AT123,Sankt Pölten,147.52,0.646249999999998,0.81375,2398.72,-4.145625,-6.19395833333332
AT3061,Austria,AT,AT1,AT12,AT123,Sankt Pölten,147.52,0.646249999999998,0.81375,2398.72,-4.145625,-6.19395833333332
AT3062,Austria,AT,AT1,AT12,AT123,Sankt Pölten,147.52,0.646249999999998,0.81375,2398.72,-4.145625,-6.19395833333332
AT3071,Austria,AT,AT1,AT12,AT123,Sankt Pölten,147.52,0.646249999999998,0.81375,2398.72,-4.145625,-6.19395833333332
AT3072,Austria,AT,AT1,AT12,AT123,Sankt Pölten,147.52,0.646249999999998,0.81375,2398.72,-4.145625,-6.19395833333332
AT3073,Austria,AT,AT1,AT12,AT123,Sankt Pölten,147.52,0.646249999999998,0.81375,2398.72,-4.145625,-6.19395833333332
AT3074,Austria,AT,AT1,AT12,AT123,Sankt Pölten,147.52,0.646249999999998,0.81375,2398.72,-4.145625,-6.19395833333332
AT3100,Austria,AT,AT1,AT12,AT123,Sankt Pölten,147.52,0.646249999999998,0.81375,2398.72,-4.145625,-6.19395833333332
AT3104,Austria,AT,AT1,AT12,AT123,Sankt Pölten,147.52,0.646249999999998,0.81375,2398.72,-4.145625,-6.19395833333332
AT3105,Austria,AT,AT1,AT12,AT123,Sankt Pölten,147.52,0.646249999999998,0.81375,2398.72,-4.145625,-6.19395833333332
AT3107,Austria,AT,AT1,AT12,AT123,Sankt Pölten,147.52,0.646249999999998,0.81375,2398.72,-4.145625,-6.19395833333332
AT3110,Austria,AT,AT1,AT12,AT123,Sankt Pölten,147.52,0.646249999999998,0.81375,2398.72,-4.145625,-6.19395833333332
AT3121,Austria,AT,AT1,AT12,AT123,Sankt Pölten,147.52,0.646249999999998,0.81375,2398.72,-4.145625,-6.19395833333332
AT3123,Austria,AT,AT1,AT12,AT123,Sankt Pölten,147.52,0.646249999999998,0.81375,2398.72,-4.145625,-6.19395833333332
AT3124,Austria,AT,AT1,AT12,AT123,Sankt Pölten,147.52,0.646249999999998,0.81375,2398.72,-4.145625,-6.19395833333332
AT3125,Austria,AT,AT1,AT12,AT123,Sankt Pölten,147.52,0.646249999999998,0.81375,2398.72,-4.145625,-6.19395833333332
AT3130,Austria,AT,AT1,AT12,AT123,Sankt Pölten,147.52,0.646249999999998,0.81375,2398.72,-4.145625,-6.19395833333332
AT3131,Austria,AT,AT1,AT12,AT123,Sankt Pölten,147.52,0.646249999999998,0.81375,2398.72,-4.145625,-6.19395833333332
AT3133,Austria,AT,AT1,AT12,AT123,Sankt Pölten,147.52,0.646249999999998,0.81375,2398.72,-4.145625,-6.19395833333332
AT3134,Austria,AT,AT1,AT12,AT123,Sankt Pölten,147.52,0.646249999999998,0.81375,2398.72,-4.145625,-6.19395833333332
AT3140,Austria,AT,AT1,AT12,AT123,Sankt Pölten,147.52,0.646249999999998,0.81375,2398.72,-4.145625,-6.19395833333332
AT3141,Austria,AT,AT1,AT12,AT123,Sankt Pölten,147.52,0.646249999999998,0.81375,2398.72,-4.145625,-6.19395833333332
AT3142,Austria,AT,AT1,AT12,AT123,Sankt Pölten,147.52,0.646249999999998,0.81375,2398.72,-4.145625,-6.19395833333332
AT3143,Austria,AT,AT1,AT12,AT123,Sankt Pölten,147.52,0.646249999999998,0.81375,2398.72,-4.145625,-6.19395833333332
AT3144,Austria,AT,AT1,AT12,AT123,Sankt Pölten,147.52,0.646249999999998,0.81375,2398.72,-4.145625,-6.19395833333332
AT3150,Austria,AT,AT1,AT12,AT123,Sankt Pölten,147.52,0.646249999999998,0.81375,2398.72,-4.145625,-6.19395833333332
AT3151,Austria,AT,AT1,AT12,AT123,Sankt Pölten,147.52,0.646249999999998,0.81375,2398.72,-4.145625,-6.19395833333332
AT3200,Austria,AT,AT1,AT12,AT123,Sankt Pölten,147.52,0.646249999999998,0.81375,2398.72,-4.145625,-6.19395833333332
AT3202,Austria,AT,AT1,AT12,AT123,Sankt Pölten,147.52,0.646249999999998,0.81375,2398.72,-4.145625,-6.19395833333332
AT3203,Austria,AT,AT1,AT12,AT123,Sankt Pölten,147.52,0.646249999999998,0.81375,2398.72,-4.145625,-6.19395833333332
AT3204,Austria,AT,AT1,AT12,AT123,Sankt Pölten,147.52,0.646249999999998,0.81375,2398.72,-4.145625,-6.19395833333332
AT3205,Austria,AT,AT1,AT12,AT123,Sankt Pölten,147.52,0.646249999999998,0.81375,2398.72,-4.145625,-6.19395833333332
AT3211,Austria,AT,AT1,AT12,AT123,Sankt Pölten,147.52,0.646249999999998,0.81375,2398.72,-4.145625,-6.19395833333332
AT3212,Austria,AT,AT1,AT12,AT123,Sankt Pölten,147.52,0.646249999999998,0.81375,2398.72,-4.145625,-6.19395833333332
AT3213,Austria,AT,AT1,AT12,AT123,Sankt Pölten,147.52,0.646249999999998,0.81375,2398.72,-4.145625,-6.19395833333332
AT3231,Austria,AT,AT1,AT12,AT123,Sankt Pölten,147.52,0.646249999999998,0.81375,2398.72,-4.145625,-6.19395833333332
AT3384,Austria,AT,AT1,AT12,AT123,Sankt Pölten,147.52,0.646249999999998,0.81375,2398.72,-4.145625,-6.19395833333332
AT3385,Austria,AT,AT1,AT12,AT123,Sankt Pölten,147.52,0.646249999999998,0.81375,2398.72,-4.145625,-6.19395833333332
AT3386,Austria,AT,AT1,AT12,AT123,Sankt Pölten,147.52,0.646249999999998,0.81375,2398.72,-4.145625,-6.19395833333332
AT9545,Austria,AT,AT2,AT21,AT212,Oberkärnten,10.74,0.192733333333333,0.289433333333333,3575.19,-4.1174,-6.3385
AT9546,Austria,AT,AT2,AT21,AT212,Oberkärnten,10.74,0.192733333333333,0.289433333333333,3575.19,-4.1174,-6.3385
AT9551,Austria,AT,AT2,AT21,AT212,Oberkärnten,10.74,0.192733333333333,0.289433333333333,3575.19,-4.1174,-6.3385
AT9552,Austria,AT,AT2,AT21,AT212,Oberkärnten,10.74,0.192733333333333,0.289433333333333,3575.19,-4.1174,-6.3385
AT9554,Austria,AT,AT2,AT21,AT212,Oberkärnten,10.74,0.192733333333333,0.289433333333333,3575.19,-4.1174,-6.3385
AT9555,Austria,AT,AT2,AT21,AT212,Oberkärnten,10.74,0.192733333333333,0.289433333333333,3575.19,-4.1174,-6.3385
AT9560,Austria,AT,AT2,AT21,AT212,Oberkärnten,10.74,0.192733333333333,0.289433333333333,3575.19,-4.1174,-6.3385
AT9562,Austria,AT,AT2,AT21,AT212,Oberkärnten,10.74,0.192733333333333,0.289433333333333,3575.19,-4.1174,-6.3385
AT9563,Austria,AT,AT2,AT21,AT212,Oberkärnten,10.74,0.192733333333333,0.289433333333333,3575.19,-4.1174,-6.3385
AT9564,Austria,AT,AT2,AT21,AT212,Oberkärnten,10.74,0.192733333333333,0.289433333333333,3575.19,-4.1174,-6.3385
AT9565,Austria,AT,AT2,AT21,AT212,Oberkärnten,10.74,0.192733333333333,0.289433333333333,3575.19,-4.1174,-6.3385
AT9570,Austria,AT,AT2,AT21,AT212,Oberkärnten,10.74,0.192733333333333,0.289433333333333,3575.19,-4.1174,-6.3385
AT9571,Austria,AT,AT2,AT21,AT212,Oberkärnten,10.74,0.192733333333333,0.289433333333333,3575.19,-4.1174,-6.3385
AT9614,Austria,AT,AT2,AT21,AT212,Oberkärnten,10.74,0.192733333333333,0.289433333333333,3575.19,-4.1174,-6.3385
AT9615,Austria,AT,AT2,AT21,AT212,Oberkärnten,10.74,0.192733333333333,0.289433333333333,3575.19,-4.1174,-6.3385
AT9620,Austria,AT,AT2,AT21,AT212,Oberkärnten,10.74,0.192733333333333,0.289433333333333,3575.19,-4.1174,-6.3385
AT9622,Austria,AT,AT2,AT21,AT212,Oberkärnten,10.74,0.192733333333333,0.289433333333333,3575.19,-4.1174,-6.3385
AT9623,Austria,AT,AT2,AT21,AT212,Oberkärnten,10.74,0.192733333333333,0.289433333333333,3575.19,-4.1174,-6.3385
AT9624,Austria,AT,AT2,AT21,AT212,Oberkärnten,10.74,0.192733333333333,0.289433333333333,3575.19,-4.1174,-6.3385
AT9631,Austria,AT,AT2,AT21,AT212,Oberkärnten,10.74,0.192733333333333,0.289433333333333,3575.19,-4.1174,-6.3385
AT9632,Austria,AT,AT2,AT21,AT212,Oberkärnten,10.74,0.192733333333333,0.289433333333333,3575.19,-4.1174,-6.3385
AT9633,Austria,AT,AT2,AT21,AT212,Oberkärnten,10.74,0.192733333333333,0.289433333333333,3575.19,-4.1174,-6.3385
AT9634,Austria,AT,AT2,AT21,AT212,Oberkärnten,10.74,0.192733333333333,0.289433333333333,3575.19,-4.1174,-6.3385
AT9635,Austria,AT,AT2,AT21,AT212,Oberkärnten,10.74,0.192733333333333,0.289433333333333,3575.19,-4.1174,-6.3385
AT9640,Austria,AT,AT2,AT21,AT212,Oberkärnten,10.74,0.192733333333333,0.289433333333333,3575.19,-4.1174,-6.3385
AT9651,Austria,AT,AT2,AT21,AT212,Oberkärnten,10.74,0.192733333333333,0.289433333333333,3575.19,-4.1174,-6.3385
AT9652,Austria,AT,AT2,AT21,AT212,Oberkärnten,10.74,0.192733333333333,0.289433333333333,3575.19,-4.1174,-6.3385
AT9653,Austria,AT,AT2,AT21,AT212,Oberkärnten,10.74,0.192733333333333,0.289433333333333,3575.19,-4.1174,-6.3385
AT9654,Austria,AT,AT2,AT21,AT212,Oberkärnten,10.74,0.192733333333333,0.289433333333333,3575.19,-4.1174,-6.3385
AT9655,Austria,AT,AT2,AT21,AT212,Oberkärnten,10.74,0.192733333333333,0.289433333333333,3575.19,-4.1174,-6.3385
AT9701,Austria,AT,AT2,AT21,AT212,Oberkärnten,10.74,0.192733333333333,0.289433333333333,3575.19,-4.1174,-6.3385
AT9751,Austria,AT,AT2,AT21,AT212,Oberkärnten,10.74,0.192733333333333,0.289433333333333,3575.19,-4.1174,-6.3385
AT9753,Austria,AT,AT2,AT21,AT212,Oberkärnten,10.74,0.192733333333333,0.289433333333333,3575.19,-4.1174,-6.3385
AT9754,Austria,AT,AT2,AT21,AT212,Oberkärnten,10.74,0.192733333333333,0.289433333333333,3575.19,-4.1174,-6.3385
AT9761,Austria,AT,AT2,AT21,AT212,Oberkärnten,10.74,0.192733333333333,0.289433333333333,3575.19,-4.1174,-6.3385
AT9762,Austria,AT,AT2,AT21,AT212,Oberkärnten,10.74,0.192733333333333,0.289433333333333,3575.19,-4.1174,-6.3385
AT9771,Austria,AT,AT2,AT21,AT212,Oberkärnten,10.74,0.192733333333333,0.289433333333333,3575.19,-4.1174,-6.3385
AT9772,Austria,AT,AT2,AT21,AT212,Oberkärnten,10.74,0.192733333333333,0.289433333333333,3575.19,-4.1174,-6.3385
AT9773,Austria,AT,AT2,AT21,AT212,Oberkärnten,10.74,0.192733333333333,0.289433333333333,3575.19,-4.1174,-6.3385
AT9781,Austria,AT,AT2,AT21,AT212,Oberkärnten,10.74,0.192733333333333,0.289433333333333,3575.19,-4.1174,-6.3385
AT9800,Austria,AT,AT2,AT21,AT212,Oberkärnten,10.74,0.192733333333333,0.289433333333333,3575.19,-4.1174,-6.3385
AT9805,Austria,AT,AT2,AT21,AT212,Oberkärnten,10.74,0.192733333333333,0.289433333333333,3575.19,-4.1174,-6.3385
AT9811,Austria,AT,AT2,AT21,AT212,Oberkärnten,10.74,0.192733333333333,0.289433333333333,3575.19,-4.1174,-6.3385
AT9812,Austria,AT,AT2,AT21,AT212,Oberkärnten,10.74,0.192733333333333,0.289433333333333,3575.19,-4.1174,-6.3385
AT9813,Austria,AT,AT2,AT21,AT212,Oberkärnten,10.74,0.192733333333333,0.289433333333333,3575.19,-4.1174,-6.3385
AT9814,Austria,AT,AT2,AT21,AT212,Oberkärnten,10.74,0.192733333333333,0.289433333333333,3575.19,-4.1174,-6.3385
AT9815,Austria,AT,AT2,AT21,AT212,Oberkärnten,10.74,0.192733333333333,0.289433333333333,3575.19,-4.1174,-6.3385
AT9816,Austria,AT,AT2,AT21,AT212,Oberkärnten,10.74,0.192733333333333,0.289433333333333,3575.19,-4.1174,-6.3385
AT9821,Austria,AT,AT2,AT21,AT212,Oberkärnten,10.74,0.192733333333333,0.289433333333333,3575.19,-4.1174,-6.3385
AT9822,Austria,AT,AT2,AT21,AT212,Oberkärnten,10.74,0.192733333333333,0.289433333333333,3575.19,-4.1174,-6.3385
AT9831,Austria,AT,AT2,AT21,AT212,Oberkärnten,10.74,0.192733333333333,0.289433333333333,3575.19,-4.1174,-6.3385
AT9832,Austria,AT,AT2,AT21,AT212,Oberkärnten,10.74,0.192733333333333,0.289433333333333,3575.19,-4.1174,-6.3385
AT9833,Austria,AT,AT2,AT21,AT212,Oberkärnten,10.74,0.192733333333333,0.289433333333333,3575.19,-4.1174,-6.3385
AT9841,Austria,AT,AT2,AT21,AT212,Oberkärnten,10.74,0.192733333333333,0.289433333333333,3575.19,-4.1174,-6.3385
AT9842,Austria,AT,AT2,AT21,AT212,Oberkärnten,10.74,0.192733333333333,0.289433333333333,3575.19,-4.1174,-6.3385
AT9843,Austria,AT,AT2,AT21,AT212,Oberkärnten,10.74,0.192733333333333,0.289433333333333,3575.19,-4.1174,-6.3385
AT9844,Austria,AT,AT2,AT21,AT212,Oberkärnten,10.74,0.192733333333333,0.289433333333333,3575.19,-4.1174,-6.3385
AT9851,Austria,AT,AT2,AT21,AT212,Oberkärnten,10.74,0.192733333333333,0.289433333333333,3575.19,-4.1174,-6.3385
AT9852,Austria,AT,AT2,AT21,AT212,Oberkärnten,10.74,0.192733333333333,0.289433333333333,3575.19,-4.1174,-6.3385
AT9853,Austria,AT,AT2,AT21,AT212,Oberkärnten,10.74,0.192733333333333,0.289433333333333,3575.19,-4.1174,-6.3385
AT9854,Austria,AT,AT2,AT21,AT212,Oberkärnten,10.74,0.192733333333333,0.289433333333333,3575.19,-4.1174,-6.3385
AT9861,Austria,AT,AT2,AT21,AT212,Oberkärnten,10.74,0.192733333333333,0.289433333333333,3575.19,-4.1174,-6.3385
AT9862,Austria,AT,AT2,AT21,AT212,Oberkärnten,10.74,0.192733333333333,0.289433333333333,3575.19,-4.1174,-6.3385
AT9863,Austria,AT,AT2,AT21,AT212,Oberkärnten,10.74,0.192733333333333,0.289433333333333,3575.19,-4.1174,-6.3385
AT9871,Austria,AT,AT2,AT21,AT212,Oberkärnten,10.74,0.192733333333333,0.289433333333333,3575.19,-4.1174,-6.3385
AT9872,Austria,AT,AT2,AT21,AT212,Oberkärnten,10.74,0.192733333333333,0.289433333333333,3575.19,-4.1174,-6.3385
AT9873,Austria,AT,AT2,AT21,AT212,Oberkärnten,10.74,0.192733333333333,0.289433333333333,3575.19,-4.1174,-6.3385
AT9992,Austria,AT,AT2,AT21,AT212,Oberkärnten,10.74,0.192733333333333,0.289433333333333,3575.19,-4.1174,-6.3385
AT1300,Austria,AT,AT1,AT12,AT127,Wiener Umland/Südteil,229.07,0.958518518518333,1.16611111111166,2212.62,-4.06981481481667,-6.04018518518333
AT2320,Austria,AT,AT1,AT12,AT127,Wiener Umland/Südteil,229.07,0.958518518518333,1.16611111111166,2212.62,-4.06981481481667,-6.04018518518333
AT2322,Austria,AT,AT1,AT12,AT127,Wiener Umland/Südteil,229.07,0.958518518518333,1.16611111111166,2212.62,-4.06981481481667,-6.04018518518333
AT2325,Austria,AT,AT1,AT12,AT127,Wiener Umland/Südteil,229.07,0.958518518518333,1.16611111111166,2212.62,-4.06981481481667,-6.04018518518333
AT2326,Austria,AT,AT1,AT12,AT127,Wiener Umland/Südteil,229.07,0.958518518518333,1.16611111111166,2212.62,-4.06981481481667,-6.04018518518333
AT2331,Austria,AT,AT1,AT12,AT127,Wiener Umland/Südteil,229.07,0.958518518518333,1.16611111111166,2212.62,-4.06981481481667,-6.04018518518333
AT2332,Austria,AT,AT1,AT12,AT127,Wiener Umland/Südteil,229.07,0.958518518518333,1.16611111111166,2212.62,-4.06981481481667,-6.04018518518333
AT2333,Austria,AT,AT1,AT12,AT127,Wiener Umland/Südteil,229.07,0.958518518518333,1.16611111111166,2212.62,-4.06981481481667,-6.04018518518333
AT2334,Austria,AT,AT1,AT12,AT127,Wiener Umland/Südteil,229.07,0.958518518518333,1.16611111111166,2212.62,-4.06981481481667,-6.04018518518333
AT2340,Austria,AT,AT1,AT12,AT127,Wiener Umland/Südteil,229.07,0.958518518518333,1.16611111111166,2212.62,-4.06981481481667,-6.04018518518333
AT2344,Austria,AT,AT1,AT12,AT127,Wiener Umland/Südteil,229.07,0.958518518518333,1.16611111111166,2212.62,-4.06981481481667,-6.04018518518333
AT2345,Austria,AT,AT1,AT12,AT127,Wiener Umland/Südteil,229.07,0.958518518518333,1.16611111111166,2212.62,-4.06981481481667,-6.04018518518333
AT2351,Austria,AT,AT1,AT12,AT127,Wiener Umland/Südteil,229.07,0.958518518518333,1.16611111111166,2212.62,-4.06981481481667,-6.04018518518333
AT2352,Austria,AT,AT1,AT12,AT127,Wiener Umland/Südteil,229.07,0.958518518518333,1.16611111111166,2212.62,-4.06981481481667,-6.04018518518333
AT2353,Austria,AT,AT1,AT12,AT127,Wiener Umland/Südteil,229.07,0.958518518518333,1.16611111111166,2212.62,-4.06981481481667,-6.04018518518333
AT2361,Austria,AT,AT1,AT12,AT127,Wiener Umland/Südteil,229.07,0.958518518518333,1.16611111111166,2212.62,-4.06981481481667,-6.04018518518333
AT2362,Austria,AT,AT1,AT12,AT127,Wiener Umland/Südteil,229.07,0.958518518518333,1.16611111111166,2212.62,-4.06981481481667,-6.04018518518333
AT2371,Austria,AT,AT1,AT12,AT127,Wiener Umland/Südteil,229.07,0.958518518518333,1.16611111111166,2212.62,-4.06981481481667,-6.04018518518333
AT2372,Austria,AT,AT1,AT12,AT127,Wiener Umland/Südteil,229.07,0.958518518518333,1.16611111111166,2212.62,-4.06981481481667,-6.04018518518333
AT2380,Austria,AT,AT1,AT12,AT127,Wiener Umland/Südteil,229.07,0.958518518518333,1.16611111111166,2212.62,-4.06981481481667,-6.04018518518333
AT2381,Austria,AT,AT1,AT12,AT127,Wiener Umland/Südteil,229.07,0.958518518518333,1.16611111111166,2212.62,-4.06981481481667,-6.04018518518333
AT2384,Austria,AT,AT1,AT12,AT127,Wiener Umland/Südteil,229.07,0.958518518518333,1.16611111111166,2212.62,-4.06981481481667,-6.04018518518333
AT2391,Austria,AT,AT1,AT12,AT127,Wiener Umland/Südteil,229.07,0.958518518518333,1.16611111111166,2212.62,-4.06981481481667,-6.04018518518333
AT2392,Austria,AT,AT1,AT12,AT127,Wiener Umland/Südteil,229.07,0.958518518518333,1.16611111111166,2212.62,-4.06981481481667,-6.04018518518333
AT2393,Austria,AT,AT1,AT12,AT127,Wiener Umland/Südteil,229.07,0.958518518518333,1.16611111111166,2212.62,-4.06981481481667,-6.04018518518333
AT2401,Austria,AT,AT1,AT12,AT127,Wiener Umland/Südteil,229.07,0.958518518518333,1.16611111111166,2212.62,-4.06981481481667,-6.04018518518333
AT2402,Austria,AT,AT1,AT12,AT127,Wiener Umland/Südteil,229.07,0.958518518518333,1.16611111111166,2212.62,-4.06981481481667,-6.04018518518333
AT2403,Austria,AT,AT1,AT12,AT127,Wiener Umland/Südteil,229.07,0.958518518518333,1.16611111111166,2212.62,-4.06981481481667,-6.04018518518333
AT2404,Austria,AT,AT1,AT12,AT127,Wiener Umland/Südteil,229.07,0.958518518518333,1.16611111111166,2212.62,-4.06981481481667,-6.04018518518333
AT2405,Austria,AT,AT1,AT12,AT127,Wiener Umland/Südteil,229.07,0.958518518518333,1.16611111111166,2212.62,-4.06981481481667,-6.04018518518333
AT2410,Austria,AT,AT1,AT12,AT127,Wiener Umland/Südteil,229.07,0.958518518518333,1.16611111111166,2212.62,-4.06981481481667,-6.04018518518333
AT2412,Austria,AT,AT1,AT12,AT127,Wiener Umland/Südteil,229.07,0.958518518518333,1.16611111111166,2212.62,-4.06981481481667,-6.04018518518333
AT2413,Austria,AT,AT1,AT12,AT127,Wiener Umland/Südteil,229.07,0.958518518518333,1.16611111111166,2212.62,-4.06981481481667,-6.04018518518333
AT2431,Austria,AT,AT1,AT12,AT127,Wiener Umland/Südteil,229.07,0.958518518518333,1.16611111111166,2212.62,-4.06981481481667,-6.04018518518333
AT2432,Austria,AT,AT1,AT12,AT127,Wiener Umland/Südteil,229.07,0.958518518518333,1.16611111111166,2212.62,-4.06981481481667,-6.04018518518333
AT2433,Austria,AT,AT1,AT12,AT127,Wiener Umland/Südteil,229.07,0.958518518518333,1.16611111111166,2212.62,-4.06981481481667,-6.04018518518333
AT2434,Austria,AT,AT1,AT12,AT127,Wiener Umland/Südteil,229.07,0.958518518518333,1.16611111111166,2212.62,-4.06981481481667,-6.04018518518333
AT2435,Austria,AT,AT1,AT12,AT127,Wiener Umland/Südteil,229.07,0.958518518518333,1.16611111111166,2212.62,-4.06981481481667,-6.04018518518333
AT2440,Austria,AT,AT1,AT12,AT127,Wiener Umland/Südteil,229.07,0.958518518518333,1.16611111111166,2212.62,-4.06981481481667,-6.04018518518333
AT2441,Austria,AT,AT1,AT12,AT127,Wiener Umland/Südteil,229.07,0.958518518518333,1.16611111111166,2212.62,-4.06981481481667,-6.04018518518333
AT2442,Austria,AT,AT1,AT12,AT127,Wiener Umland/Südteil,229.07,0.958518518518333,1.16611111111166,2212.62,-4.06981481481667,-6.04018518518333
AT2444,Austria,AT,AT1,AT12,AT127,Wiener Umland/Südteil,229.07,0.958518518518333,1.16611111111166,2212.62,-4.06981481481667,-6.04018518518333
AT2451,Austria,AT,AT1,AT12,AT127,Wiener Umland/Südteil,229.07,0.958518518518333,1.16611111111166,2212.62,-4.06981481481667,-6.04018518518333
AT2452,Austria,AT,AT1,AT12,AT127,Wiener Umland/Südteil,229.07,0.958518518518333,1.16611111111166,2212.62,-4.06981481481667,-6.04018518518333
AT2453,Austria,AT,AT1,AT12,AT127,Wiener Umland/Südteil,229.07,0.958518518518333,1.16611111111166,2212.62,-4.06981481481667,-6.04018518518333
AT2454,Austria,AT,AT1,AT12,AT127,Wiener Umland/Südteil,229.07,0.958518518518333,1.16611111111166,2212.62,-4.06981481481667,-6.04018518518333
AT2460,Austria,AT,AT1,AT12,AT127,Wiener Umland/Südteil,229.07,0.958518518518333,1.16611111111166,2212.62,-4.06981481481667,-6.04018518518333
AT2463,Austria,AT,AT1,AT12,AT127,Wiener Umland/Südteil,229.07,0.958518518518333,1.16611111111166,2212.62,-4.06981481481667,-6.04018518518333
AT2464,Austria,AT,AT1,AT12,AT127,Wiener Umland/Südteil,229.07,0.958518518518333,1.16611111111166,2212.62,-4.06981481481667,-6.04018518518333
AT2465,Austria,AT,AT1,AT12,AT127,Wiener Umland/Südteil,229.07,0.958518518518333,1.16611111111166,2212.62,-4.06981481481667,-6.04018518518333
AT2472,Austria,AT,AT1,AT12,AT127,Wiener Umland/Südteil,229.07,0.958518518518333,1.16611111111166,2212.62,-4.06981481481667,-6.04018518518333
AT2481,Austria,AT,AT1,AT12,AT127,Wiener Umland/Südteil,229.07,0.958518518518333,1.16611111111166,2212.62,-4.06981481481667,-6.04018518518333
AT2482,Austria,AT,AT1,AT12,AT127,Wiener Umland/Südteil,229.07,0.958518518518333,1.16611111111166,2212.62,-4.06981481481667,-6.04018518518333
AT2483,Austria,AT,AT1,AT12,AT127,Wiener Umland/Südteil,229.07,0.958518518518333,1.16611111111166,2212.62,-4.06981481481667,-6.04018518518333
AT2486,Austria,AT,AT1,AT12,AT127,Wiener Umland/Südteil,229.07,0.958518518518333,1.16611111111166,2212.62,-4.06981481481667,-6.04018518518333
AT2500,Austria,AT,AT1,AT12,AT127,Wiener Umland/Südteil,229.07,0.958518518518333,1.16611111111166,2212.62,-4.06981481481667,-6.04018518518333
AT2504,Austria,AT,AT1,AT12,AT127,Wiener Umland/Südteil,229.07,0.958518518518333,1.16611111111166,2212.62,-4.06981481481667,-6.04018518518333
AT2511,Austria,AT,AT1,AT12,AT127,Wiener Umland/Südteil,229.07,0.958518518518333,1.16611111111166,2212.62,-4.06981481481667,-6.04018518518333
AT2512,Austria,AT,AT1,AT12,AT127,Wiener Umland/Südteil,229.07,0.958518518518333,1.16611111111166,2212.62,-4.06981481481667,-6.04018518518333
AT2514,Austria,AT,AT1,AT12,AT127,Wiener Umland/Südteil,229.07,0.958518518518333,1.16611111111166,2212.62,-4.06981481481667,-6.04018518518333
AT2521,Austria,AT,AT1,AT12,AT127,Wiener Umland/Südteil,229.07,0.958518518518333,1.16611111111166,2212.62,-4.06981481481667,-6.04018518518333
AT2522,Austria,AT,AT1,AT12,AT127,Wiener Umland/Südteil,229.07,0.958518518518333,1.16611111111166,2212.62,-4.06981481481667,-6.04018518518333
AT2523,Austria,AT,AT1,AT12,AT127,Wiener Umland/Südteil,229.07,0.958518518518333,1.16611111111166,2212.62,-4.06981481481667,-6.04018518518333
AT2524,Austria,AT,AT1,AT12,AT127,Wiener Umland/Südteil,229.07,0.958518518518333,1.16611111111166,2212.62,-4.06981481481667,-6.04018518518333
AT2525,Austria,AT,AT1,AT12,AT127,Wiener Umland/Südteil,229.07,0.958518518518333,1.16611111111166,2212.62,-4.06981481481667,-6.04018518518333
AT2531,Austria,AT,AT1,AT12,AT127,Wiener Umland/Südteil,229.07,0.958518518518333,1.16611111111166,2212.62,-4.06981481481667,-6.04018518518333
AT2532,Austria,AT,AT1,AT12,AT127,Wiener Umland/Südteil,229.07,0.958518518518333,1.16611111111166,2212.62,-4.06981481481667,-6.04018518518333
AT2533,Austria,AT,AT1,AT12,AT127,Wiener Umland/Südteil,229.07,0.958518518518333,1.16611111111166,2212.62,-4.06981481481667,-6.04018518518333
AT2534,Austria,AT,AT1,AT12,AT127,Wiener Umland/Südteil,229.07,0.958518518518333,1.16611111111166,2212.62,-4.06981481481667,-6.04018518518333
AT2540,Austria,AT,AT1,AT12,AT127,Wiener Umland/Südteil,229.07,0.958518518518333,1.16611111111166,2212.62,-4.06981481481667,-6.04018518518333
AT2542,Austria,AT,AT1,AT12,AT127,Wiener Umland/Südteil,229.07,0.958518518518333,1.16611111111166,2212.62,-4.06981481481667,-6.04018518518333
AT2544,Austria,AT,AT1,AT12,AT127,Wiener Umland/Südteil,229.07,0.958518518518333,1.16611111111166,2212.62,-4.06981481481667,-6.04018518518333
AT2552,Austria,AT,AT1,AT12,AT127,Wiener Umland/Südteil,229.07,0.958518518518333,1.16611111111166,2212.62,-4.06981481481667,-6.04018518518333
AT2602,Austria,AT,AT1,AT12,AT127,Wiener Umland/Südteil,229.07,0.958518518518333,1.16611111111166,2212.62,-4.06981481481667,-6.04018518518333
AT1010,Austria,AT,AT1,AT13,AT130,Wien,316.55,1.03125,1.26833333333333,2053.72,-4.15625,-6.1425
AT1020,Austria,AT,AT1,AT13,AT130,Wien,316.55,1.03125,1.26833333333333,2053.72,-4.15625,-6.1425
AT1030,Austria,AT,AT1,AT13,AT130,Wien,316.55,1.03125,1.26833333333333,2053.72,-4.15625,-6.1425
AT1040,Austria,AT,AT1,AT13,AT130,Wien,316.55,1.03125,1.26833333333333,2053.72,-4.15625,-6.1425
AT1050,Austria,AT,AT1,AT13,AT130,Wien,316.55,1.03125,1.26833333333333,2053.72,-4.15625,-6.1425
AT1060,Austria,AT,AT1,AT13,AT130,Wien,316.55,1.03125,1.26833333333333,2053.72,-4.15625,-6.1425
AT1070,Austria,AT,AT1,AT13,AT130,Wien,316.55,1.03125,1.26833333333333,2053.72,-4.15625,-6.1425
AT1080,Austria,AT,AT1,AT13,AT130,Wien,316.55,1.03125,1.26833333333333,2053.72,-4.15625,-6.1425
AT1090,Austria,AT,AT1,AT13,AT130,Wien,316.55,1.03125,1.26833333333333,2053.72,-4.15625,-6.1425
AT1100,Austria,AT,AT1,AT13,AT130,Wien,316.55,1.03125,1.26833333333333,2053.72,-4.15625,-6.1425
AT1110,Austria,AT,AT1,AT13,AT130,Wien,316.55,1.03125,1.26833333333333,2053.72,-4.15625,-6.1425
AT1120,Austria,AT,AT1,AT13,AT130,Wien,316.55,1.03125,1.26833333333333,2053.72,-4.15625,-6.1425
AT1130,Austria,AT,AT1,AT13,AT130,Wien,316.55,1.03125,1.26833333333333,2053.72,-4.15625,-6.1425
AT1140,Austria,AT,AT1,AT13,AT130,Wien,316.55,1.03125,1.26833333333333,2053.72,-4.15625,-6.1425
AT1150,Austria,AT,AT1,AT13,AT130,Wien,316.55,1.03125,1.26833333333333,2053.72,-4.15625,-6.1425
AT1160,Austria,AT,AT1,AT13,AT130,Wien,316.55,1.03125,1.26833333333333,2053.72,-4.15625,-6.1425
AT1170,Austria,AT,AT1,AT13,AT130,Wien,316.55,1.03125,1.26833333333333,2053.72,-4.15625,-6.1425
AT1180,Austria,AT,AT1,AT13,AT130,Wien,316.55,1.03125,1.26833333333333,2053.72,-4.15625,-6.1425
AT1190,Austria,AT,AT1,AT13,AT130,Wien,316.55,1.03125,1.26833333333333,2053.72,-4.15625,-6.1425
AT1200,Austria,AT,AT1,AT13,AT130,Wien,316.55,1.03125,1.26833333333333,2053.72,-4.15625,-6.1425
AT1210,Austria,AT,AT1,AT13,AT130,Wien,316.55,1.03125,1.26833333333333,2053.72,-4.15625,-6.1425
AT1220,Austria,AT,AT1,AT13,AT130,Wien,316.55,1.03125,1.26833333333333,2053.72,-4.15625,-6.1425
AT1230,Austria,AT,AT1,AT13,AT130,Wien,316.55,1.03125,1.26833333333333,2053.72,-4.15625,-6.1425
AT9020,Austria,AT,AT2,AT21,AT211,Klagenfurt-Villach,49.87,0.511825396824998,0.671587301586665,2916.52,-4.32912698413332,-6.41365079365
AT9061,Austria,AT,AT2,AT21,AT211,Klagenfurt-Villach,49.87,0.511825396824998,0.671587301586665,2916.52,-4.32912698413332,-6.41365079365
AT9062,Austria,AT,AT2,AT21,AT211,Klagenfurt-Villach,49.87,0.511825396824998,0.671587301586665,2916.52,-4.32912698413332,-6.41365079365
AT9063,Austria,AT,AT2,AT21,AT211,Klagenfurt-Villach,49.87,0.511825396824998,0.671587301586665,2916.52,-4.32912698413332,-6.41365079365
AT9064,Austria,AT,AT2,AT21,AT211,Klagenfurt-Villach,49.87,0.511825396824998,0.671587301586665,2916.52,-4.32912698413332,-6.41365079365
AT9065,Austria,AT,AT2,AT21,AT211,Klagenfurt-Villach,49.87,0.511825396824998,0.671587301586665,2916.52,-4.32912698413332,-6.41365079365
AT9071,Austria,AT,AT2,AT21,AT211,Klagenfurt-Villach,49.87,0.511825396824998,0.671587301586665,2916.52,-4.32912698413332,-6.41365079365
AT9072,Austria,AT,AT2,AT21,AT211,Klagenfurt-Villach,49.87,0.511825396824998,0.671587301586665,2916.52,-4.32912698413332,-6.41365079365
AT9073,Austria,AT,AT2,AT21,AT211,Klagenfurt-Villach,49.87,0.511825396824998,0.671587301586665,2916.52,-4.32912698413332,-6.41365079365
AT9074,Austria,AT,AT2,AT21,AT211,Klagenfurt-Villach,49.87,0.511825396824998,0.671587301586665,2916.52,-4.32912698413332,-6.41365079365
AT9081,Austria,AT,AT2,AT21,AT211,Klagenfurt-Villach,49.87,0.511825396824998,0.671587301586665,2916.52,-4.32912698413332,-6.41365079365
AT9082,Austria,AT,AT2,AT21,AT211,Klagenfurt-Villach,49.87,0.511825396824998,0.671587301586665,2916.52,-4.32912698413332,-6.41365079365
AT9130,Austria,AT,AT2,AT21,AT211,Klagenfurt-Villach,49.87,0.511825396824998,0.671587301586665,2916.52,-4.32912698413332,-6.41365079365
AT9131,Austria,AT,AT2,AT21,AT211,Klagenfurt-Villach,49.87,0.511825396824998,0.671587301586665,2916.52,-4.32912698413332,-6.41365079365
AT9161,Austria,AT,AT2,AT21,AT211,Klagenfurt-Villach,49.87,0.511825396824998,0.671587301586665,2916.52,-4.32912698413332,-6.41365079365
AT9162,Austria,AT,AT2,AT21,AT211,Klagenfurt-Villach,49.87,0.511825396824998,0.671587301586665,2916.52,-4.32912698413332,-6.41365079365
AT9163,Austria,AT,AT2,AT21,AT211,Klagenfurt-Villach,49.87,0.511825396824998,0.671587301586665,2916.52,-4.32912698413332,-6.41365079365
AT9170,Austria,AT,AT2,AT21,AT211,Klagenfurt-Villach,49.87,0.511825396824998,0.671587301586665,2916.52,-4.32912698413332,-6.41365079365
AT9173,Austria,AT,AT2,AT21,AT211,Klagenfurt-Villach,49.87,0.511825396824998,0.671587301586665,2916.52,-4.32912698413332,-6.41365079365
AT9181,Austria,AT,AT2,AT21,AT211,Klagenfurt-Villach,49.87,0.511825396824998,0.671587301586665,2916.52,-4.32912698413332,-6.41365079365
AT9182,Austria,AT,AT2,AT21,AT211,Klagenfurt-Villach,49.87,0.511825396824998,0.671587301586665,2916.52,-4.32912698413332,-6.41365079365
AT9183,Austria,AT,AT2,AT21,AT211,Klagenfurt-Villach,49.87,0.511825396824998,0.671587301586665,2916.52,-4.32912698413332,-6.41365079365
AT9184,Austria,AT,AT2,AT21,AT211,Klagenfurt-Villach,49.87,0.511825396824998,0.671587301586665,2916.52,-4.32912698413332,-6.41365079365
AT9201,Austria,AT,AT2,AT21,AT211,Klagenfurt-Villach,49.87,0.511825396824998,0.671587301586665,2916.52,-4.32912698413332,-6.41365079365
AT9210,Austria,AT,AT2,AT21,AT211,Klagenfurt-Villach,49.87,0.511825396824998,0.671587301586665,2916.52,-4.32912698413332,-6.41365079365
AT9212,Austria,AT,AT2,AT21,AT211,Klagenfurt-Villach,49.87,0.511825396824998,0.671587301586665,2916.52,-4.32912698413332,-6.41365079365
AT9220,Austria,AT,AT2,AT21,AT211,Klagenfurt-Villach,49.87,0.511825396824998,0.671587301586665,2916.52,-4.32912698413332,-6.41365079365
AT9231,Austria,AT,AT2,AT21,AT211,Klagenfurt-Villach,49.87,0.511825396824998,0.671587301586665,2916.52,-4.32912698413332,-6.41365079365
AT9232,Austria,AT,AT2,AT21,AT211,Klagenfurt-Villach,49.87,0.511825396824998,0.671587301586665,2916.52,-4.32912698413332,-6.41365079365
AT9241,Austria,AT,AT2,AT21,AT211,Klagenfurt-Villach,49.87,0.511825396824998,0.671587301586665,2916.52,-4.32912698413332,-6.41365079365
AT9500,Austria,AT,AT2,AT21,AT211,Klagenfurt-Villach,49.87,0.511825396824998,0.671587301586665,2916.52,-4.32912698413332,-6.41365079365
AT9504,Austria,AT,AT2,AT21,AT211,Klagenfurt-Villach,49.87,0.511825396824998,0.671587301586665,2916.52,-4.32912698413332,-6.41365079365
AT9520,Austria,AT,AT2,AT21,AT211,Klagenfurt-Villach,49.87,0.511825396824998,0.671587301586665,2916.52,-4.32912698413332,-6.41365079365
AT9521,Austria,AT,AT2,AT21,AT211,Klagenfurt-Villach,49.87,0.511825396824998,0.671587301586665,2916.52,-4.32912698413332,-6.41365079365
AT9523,Austria,AT,AT2,AT21,AT211,Klagenfurt-Villach,49.87,0.511825396824998,0.671587301586665,2916.52,-4.32912698413332,-6.41365079365
AT9524,Austria,AT,AT2,AT21,AT211,Klagenfurt-Villach,49.87,0.511825396824998,0.671587301586665,2916.52,-4.32912698413332,-6.41365079365
AT9530,Austria,AT,AT2,AT21,AT211,Klagenfurt-Villach,49.87,0.511825396824998,0.671587301586665,2916.52,-4.32912698413332,-6.41365079365
AT9531,Austria,AT,AT2,AT21,AT211,Klagenfurt-Villach,49.87,0.511825396824998,0.671587301586665,2916.52,-4.32912698413332,-6.41365079365
AT9535,Austria,AT,AT2,AT21,AT211,Klagenfurt-Villach,49.87,0.511825396824998,0.671587301586665,2916.52,-4.32912698413332,-6.41365079365
AT9536,Austria,AT,AT2,AT21,AT211,Klagenfurt-Villach,49.87,0.511825396824998,0.671587301586665,2916.52,-4.32912698413332,-6.41365079365
AT9541,Austria,AT,AT2,AT21,AT211,Klagenfurt-Villach,49.87,0.511825396824998,0.671587301586665,2916.52,-4.32912698413332,-6.41365079365
AT9542,Austria,AT,AT2,AT21,AT211,Klagenfurt-Villach,49.87,0.511825396824998,0.671587301586665,2916.52,-4.32912698413332,-6.41365079365
AT9543,Austria,AT,AT2,AT21,AT211,Klagenfurt-Villach,49.87,0.511825396824998,0.671587301586665,2916.52,-4.32912698413332,-6.41365079365
AT9544,Austria,AT,AT2,AT21,AT211,Klagenfurt-Villach,49.87,0.511825396824998,0.671587301586665,2916.52,-4.32912698413332,-6.41365079365
AT9580,Austria,AT,AT2,AT21,AT211,Klagenfurt-Villach,49.87,0.511825396824998,0.671587301586665,2916.52,-4.32912698413332,-6.41365079365
AT9581,Austria,AT,AT2,AT21,AT211,Klagenfurt-Villach,49.87,0.511825396824998,0.671587301586665,2916.52,-4.32912698413332,-6.41365079365
AT9582,Austria,AT,AT2,AT21,AT211,Klagenfurt-Villach,49.87,0.511825396824998,0.671587301586665,2916.52,-4.32912698413332,-6.41365079365
AT9583,Austria,AT,AT2,AT21,AT211,Klagenfurt-Villach,49.87,0.511825396824998,0.671587301586665,2916.52,-4.32912698413332,-6.41365079365
AT9584,Austria,AT,AT2,AT21,AT211,Klagenfurt-Villach,49.87,0.511825396824998,0.671587301586665,2916.52,-4.32912698413332,-6.41365079365
AT9585,Austria,AT,AT2,AT21,AT211,Klagenfurt-Villach,49.87,0.511825396824998,0.671587301586665,2916.52,-4.32912698413332,-6.41365079365
AT9586,Austria,AT,AT2,AT21,AT211,Klagenfurt-Villach,49.87,0.511825396824998,0.671587301586665,2916.52,-4.32912698413332,-6.41365079365
AT9587,Austria,AT,AT2,AT21,AT211,Klagenfurt-Villach,49.87,0.511825396824998,0.671587301586665,2916.52,-4.32912698413332,-6.41365079365
AT9601,Austria,AT,AT2,AT21,AT211,Klagenfurt-Villach,49.87,0.511825396824998,0.671587301586665,2916.52,-4.32912698413332,-6.41365079365
AT9602,Austria,AT,AT2,AT21,AT211,Klagenfurt-Villach,49.87,0.511825396824998,0.671587301586665,2916.52,-4.32912698413332,-6.41365079365
AT9611,Austria,AT,AT2,AT21,AT211,Klagenfurt-Villach,49.87,0.511825396824998,0.671587301586665,2916.52,-4.32912698413332,-6.41365079365
AT9612,Austria,AT,AT2,AT21,AT211,Klagenfurt-Villach,49.87,0.511825396824998,0.671587301586665,2916.52,-4.32912698413332,-6.41365079365
AT9613,Austria,AT,AT2,AT21,AT211,Klagenfurt-Villach,49.87,0.511825396824998,0.671587301586665,2916.52,-4.32912698413332,-6.41365079365
AT9702,Austria,AT,AT2,AT21,AT211,Klagenfurt-Villach,49.87,0.511825396824998,0.671587301586665,2916.52,-4.32912698413332,-6.41365079365
AT9710,Austria,AT,AT2,AT21,AT211,Klagenfurt-Villach,49.87,0.511825396824998,0.671587301586665,2916.52,-4.32912698413332,-6.41365079365
AT9711,Austria,AT,AT2,AT21,AT211,Klagenfurt-Villach,49.87,0.511825396824998,0.671587301586665,2916.52,-4.32912698413332,-6.41365079365
AT9712,Austria,AT,AT2,AT21,AT211,Klagenfurt-Villach,49.87,0.511825396824998,0.671587301586665,2916.52,-4.32912698413332,-6.41365079365
AT9713,Austria,AT,AT2,AT21,AT211,Klagenfurt-Villach,49.87,0.511825396824998,0.671587301586665,2916.52,-4.32912698413332,-6.41365079365
AT9714,Austria,AT,AT2,AT21,AT211,Klagenfurt-Villach,49.87,0.511825396824998,0.671587301586665,2916.52,-4.32912698413332,-6.41365079365
AT9721,Austria,AT,AT2,AT21,AT211,Klagenfurt-Villach,49.87,0.511825396824998,0.671587301586665,2916.52,-4.32912698413332,-6.41365079365
AT9722,Austria,AT,AT2,AT21,AT211,Klagenfurt-Villach,49.87,0.511825396824998,0.671587301586665,2916.52,-4.32912698413332,-6.41365079365
AT9100,Austria,AT,AT2,AT21,AT213,Unterkärnten,43.42,0.431875,0.568791666666665,2941.34,-4.385375,-6.55891666666667
AT9102,Austria,AT,AT2,AT21,AT213,Unterkärnten,43.42,0.431875,0.568791666666665,2941.34,-4.385375,-6.55891666666667
AT9103,Austria,AT,AT2,AT21,AT213,Unterkärnten,43.42,0.431875,0.568791666666665,2941.34,-4.385375,-6.55891666666667
AT9111,Austria,AT,AT2,AT21,AT213,Unterkärnten,43.42,0.431875,0.568791666666665,2941.34,-4.385375,-6.55891666666667
AT9112,Austria,AT,AT2,AT21,AT213,Unterkärnten,43.42,0.431875,0.568791666666665,2941.34,-4.385375,-6.55891666666667
AT9113,Austria,AT,AT2,AT21,AT213,Unterkärnten,43.42,0.431875,0.568791666666665,2941.34,-4.385375,-6.55891666666667
AT9121,Austria,AT,AT2,AT21,AT213,Unterkärnten,43.42,0.431875,0.568791666666665,2941.34,-4.385375,-6.55891666666667
AT9122,Austria,AT,AT2,AT21,AT213,Unterkärnten,43.42,0.431875,0.568791666666665,2941.34,-4.385375,-6.55891666666667
AT9123,Austria,AT,AT2,AT21,AT213,Unterkärnten,43.42,0.431875,0.568791666666665,2941.34,-4.385375,-6.55891666666667
AT9125,Austria,AT,AT2,AT21,AT213,Unterkärnten,43.42,0.431875,0.568791666666665,2941.34,-4.385375,-6.55891666666667
AT9132,Austria,AT,AT2,AT21,AT213,Unterkärnten,43.42,0.431875,0.568791666666665,2941.34,-4.385375,-6.55891666666667
AT9133,Austria,AT,AT2,AT21,AT213,Unterkärnten,43.42,0.431875,0.568791666666665,2941.34,-4.385375,-6.55891666666667
AT9135,Austria,AT,AT2,AT21,AT213,Unterkärnten,43.42,0.431875,0.568791666666665,2941.34,-4.385375,-6.55891666666667
AT9141,Austria,AT,AT2,AT21,AT213,Unterkärnten,43.42,0.431875,0.568791666666665,2941.34,-4.385375,-6.55891666666667
AT9142,Austria,AT,AT2,AT21,AT213,Unterkärnten,43.42,0.431875,0.568791666666665,2941.34,-4.385375,-6.55891666666667
AT9143,Austria,AT,AT2,AT21,AT213,Unterkärnten,43.42,0.431875,0.568791666666665,2941.34,-4.385375,-6.55891666666667
AT9150,Austria,AT,AT2,AT21,AT213,Unterkärnten,43.42,0.431875,0.568791666666665,2941.34,-4.385375,-6.55891666666667
AT9155,Austria,AT,AT2,AT21,AT213,Unterkärnten,43.42,0.431875,0.568791666666665,2941.34,-4.385375,-6.55891666666667
AT9300,Austria,AT,AT2,AT21,AT213,Unterkärnten,43.42,0.431875,0.568791666666665,2941.34,-4.385375,-6.55891666666667
AT9311,Austria,AT,AT2,AT21,AT213,Unterkärnten,43.42,0.431875,0.568791666666665,2941.34,-4.385375,-6.55891666666667
AT9312,Austria,AT,AT2,AT21,AT213,Unterkärnten,43.42,0.431875,0.568791666666665,2941.34,-4.385375,-6.55891666666667
AT9313,Austria,AT,AT2,AT21,AT213,Unterkärnten,43.42,0.431875,0.568791666666665,2941.34,-4.385375,-6.55891666666667
AT9314,Austria,AT,AT2,AT21,AT213,Unterkärnten,43.42,0.431875,0.568791666666665,2941.34,-4.385375,-6.55891666666667
AT9321,Austria,AT,AT2,AT21,AT213,Unterkärnten,43.42,0.431875,0.568791666666665,2941.34,-4.385375,-6.55891666666667
AT9322,Austria,AT,AT2,AT21,AT213,Unterkärnten,43.42,0.431875,0.568791666666665,2941.34,-4.385375,-6.55891666666667
AT9330,Austria,AT,AT2,AT21,AT213,Unterkärnten,43.42,0.431875,0.568791666666665,2941.34,-4.385375,-6.55891666666667
AT9334,Austria,AT,AT2,AT21,AT213,Unterkärnten,43.42,0.431875,0.568791666666665,2941.34,-4.385375,-6.55891666666667
AT9335,Austria,AT,AT2,AT21,AT213,Unterkärnten,43.42,0.431875,0.568791666666665,2941.34,-4.385375,-6.55891666666667
AT9341,Austria,AT,AT2,AT21,AT213,Unterkärnten,43.42,0.431875,0.568791666666665,2941.34,-4.385375,-6.55891666666667
AT9342,Austria,AT,AT2,AT21,AT213,Unterkärnten,43.42,0.431875,0.568791666666665,2941.34,-4.385375,-6.55891666666667
AT9343,Austria,AT,AT2,AT21,AT213,Unterkärnten,43.42,0.431875,0.568791666666665,2941.34,-4.385375,-6.55891666666667
AT9344,Austria,AT,AT2,AT21,AT213,Unterkärnten,43.42,0.431875,0.568791666666665,2941.34,-4.385375,-6.55891666666667
AT9345,Austria,AT,AT2,AT21,AT213,Unterkärnten,43.42,0.431875,0.568791666666665,2941.34,-4.385375,-6.55891666666667
AT9346,Austria,AT,AT2,AT21,AT213,Unterkärnten,43.42,0.431875,0.568791666666665,2941.34,-4.385375,-6.55891666666667
AT9360,Austria,AT,AT2,AT21,AT213,Unterkärnten,43.42,0.431875,0.568791666666665,2941.34,-4.385375,-6.55891666666667
AT9361,Austria,AT,AT2,AT21,AT213,Unterkärnten,43.42,0.431875,0.568791666666665,2941.34,-4.385375,-6.55891666666667
AT9362,Austria,AT,AT2,AT21,AT213,Unterkärnten,43.42,0.431875,0.568791666666665,2941.34,-4.385375,-6.55891666666667
AT9363,Austria,AT,AT2,AT21,AT213,Unterkärnten,43.42,0.431875,0.568791666666665,2941.34,-4.385375,-6.55891666666667
AT9371,Austria,AT,AT2,AT21,AT213,Unterkärnten,43.42,0.431875,0.568791666666665,2941.34,-4.385375,-6.55891666666667
AT9372,Austria,AT,AT2,AT21,AT213,Unterkärnten,43.42,0.431875,0.568791666666665,2941.34,-4.385375,-6.55891666666667
AT9373,Austria,AT,AT2,AT21,AT213,Unterkärnten,43.42,0.431875,0.568791666666665,2941.34,-4.385375,-6.55891666666667
AT9374,Austria,AT,AT2,AT21,AT213,Unterkärnten,43.42,0.431875,0.568791666666665,2941.34,-4.385375,-6.55891666666667
AT9375,Austria,AT,AT2,AT21,AT213,Unterkärnten,43.42,0.431875,0.568791666666665,2941.34,-4.385375,-6.55891666666667
AT9376,Austria,AT,AT2,AT21,AT213,Unterkärnten,43.42,0.431875,0.568791666666665,2941.34,-4.385375,-6.55891666666667
AT9400,Austria,AT,AT2,AT21,AT213,Unterkärnten,43.42,0.431875,0.568791666666665,2941.34,-4.385375,-6.55891666666667
AT9411,Austria,AT,AT2,AT21,AT213,Unterkärnten,43.42,0.431875,0.568791666666665,2941.34,-4.385375,-6.55891666666667
AT9412,Austria,AT,AT2,AT21,AT213,Unterkärnten,43.42,0.431875,0.568791666666665,2941.34,-4.385375,-6.55891666666667
AT9413,Austria,AT,AT2,AT21,AT213,Unterkärnten,43.42,0.431875,0.568791666666665,2941.34,-4.385375,-6.55891666666667
AT9421,Austria,AT,AT2,AT21,AT213,Unterkärnten,43.42,0.431875,0.568791666666665,2941.34,-4.385375,-6.55891666666667
AT9422,Austria,AT,AT2,AT21,AT213,Unterkärnten,43.42,0.431875,0.568791666666665,2941.34,-4.385375,-6.55891666666667
AT9423,Austria,AT,AT2,AT21,AT213,Unterkärnten,43.42,0.431875,0.568791666666665,2941.34,-4.385375,-6.55891666666667
AT9431,Austria,AT,AT2,AT21,AT213,Unterkärnten,43.42,0.431875,0.568791666666665,2941.34,-4.385375,-6.55891666666667
AT9433,Austria,AT,AT2,AT21,AT213,Unterkärnten,43.42,0.431875,0.568791666666665,2941.34,-4.385375,-6.55891666666667
AT9441,Austria,AT,AT2,AT21,AT213,Unterkärnten,43.42,0.431875,0.568791666666665,2941.34,-4.385375,-6.55891666666667
AT9451,Austria,AT,AT2,AT21,AT213,Unterkärnten,43.42,0.431875,0.568791666666665,2941.34,-4.385375,-6.55891666666667
AT9461,Austria,AT,AT2,AT21,AT213,Unterkärnten,43.42,0.431875,0.568791666666665,2941.34,-4.385375,-6.55891666666667
AT9462,Austria,AT,AT2,AT21,AT213,Unterkärnten,43.42,0.431875,0.568791666666665,2941.34,-4.385375,-6.55891666666667
AT9463,Austria,AT,AT2,AT21,AT213,Unterkärnten,43.42,0.431875,0.568791666666665,2941.34,-4.385375,-6.55891666666667
AT9470,Austria,AT,AT2,AT21,AT213,Unterkärnten,43.42,0.431875,0.568791666666665,2941.34,-4.385375,-6.55891666666667
AT9472,Austria,AT,AT2,AT21,AT213,Unterkärnten,43.42,0.431875,0.568791666666665,2941.34,-4.385375,-6.55891666666667
AT9473,Austria,AT,AT2,AT21,AT213,Unterkärnten,43.42,0.431875,0.568791666666665,2941.34,-4.385375,-6.55891666666667
AT9556,Austria,AT,AT2,AT21,AT213,Unterkärnten,43.42,0.431875,0.568791666666665,2941.34,-4.385375,-6.55891666666667
AT9572,Austria,AT,AT2,AT21,AT213,Unterkärnten,43.42,0.431875,0.568791666666665,2941.34,-4.385375,-6.55891666666667
AT8782,Austria,AT,AT2,AT22,AT222,Liezen,1.58,0.140503875969,0.195697674418333,3402.01,-3.89403100775,-6.15682170543332
AT8783,Austria,AT,AT2,AT22,AT222,Liezen,1.58,0.140503875969,0.195697674418333,3402.01,-3.89403100775,-6.15682170543332
AT8784,Austria,AT,AT2,AT22,AT222,Liezen,1.58,0.140503875969,0.195697674418333,3402.01,-3.89403100775,-6.15682170543332
AT8786,Austria,AT,AT2,AT22,AT222,Liezen,1.58,0.140503875969,0.195697674418333,3402.01,-3.89403100775,-6.15682170543332
AT8900,Austria,AT,AT2,AT22,AT222,Liezen,1.58,0.140503875969,0.195697674418333,3402.01,-3.89403100775,-6.15682170543332
AT8903,Austria,AT,AT2,AT22,AT222,Liezen,1.58,0.140503875969,0.195697674418333,3402.01,-3.89403100775,-6.15682170543332
AT8904,Austria,AT,AT2,AT22,AT222,Liezen,1.58,0.140503875969,0.195697674418333,3402.01,-3.89403100775,-6.15682170543332
AT8911,Austria,AT,AT2,AT22,AT222,Liezen,1.58,0.140503875969,0.195697674418333,3402.01,-3.89403100775,-6.15682170543332
AT8912,Austria,AT,AT2,AT22,AT222,Liezen,1.58,0.140503875969,0.195697674418333,3402.01,-3.89403100775,-6.15682170543332
AT8913,Austria,AT,AT2,AT22,AT222,Liezen,1.58,0.140503875969,0.195697674418333,3402.01,-3.89403100775,-6.15682170543332
AT8920,Austria,AT,AT2,AT22,AT222,Liezen,1.58,0.140503875969,0.195697674418333,3402.01,-3.89403100775,-6.15682170543332
AT8921,Austria,AT,AT2,AT22,AT222,Liezen,1.58,0.140503875969,0.195697674418333,3402.01,-3.89403100775,-6.15682170543332
AT8922,Austria,AT,AT2,AT22,AT222,Liezen,1.58,0.140503875969,0.195697674418333,3402.01,-3.89403100775,-6.15682170543332
AT8923,Austria,AT,AT2,AT22,AT222,Liezen,1.58,0.140503875969,0.195697674418333,3402.01,-3.89403100775,-6.15682170543332
AT8924,Austria,AT,AT2,AT22,AT222,Liezen,1.58,0.140503875969,0.195697674418333,3402.01,-3.89403100775,-6.15682170543332
AT8931,Austria,AT,AT2,AT22,AT222,Liezen,1.58,0.140503875969,0.195697674418333,3402.01,-3.89403100775,-6.15682170543332
AT8932,Austria,AT,AT2,AT22,AT222,Liezen,1.58,0.140503875969,0.195697674418333,3402.01,-3.89403100775,-6.15682170543332
AT8933,Austria,AT,AT2,AT22,AT222,Liezen,1.58,0.140503875969,0.195697674418333,3402.01,-3.89403100775,-6.15682170543332
AT8940,Austria,AT,AT2,AT22,AT222,Liezen,1.58,0.140503875969,0.195697674418333,3402.01,-3.89403100775,-6.15682170543332
AT8942,Austria,AT,AT2,AT22,AT222,Liezen,1.58,0.140503875969,0.195697674418333,3402.01,-3.89403100775,-6.15682170543332
AT8943,Austria,AT,AT2,AT22,AT222,Liezen,1.58,0.140503875969,0.195697674418333,3402.01,-3.89403100775,-6.15682170543332
AT8950,Austria,AT,AT2,AT22,AT222,Liezen,1.58,0.140503875969,0.195697674418333,3402.01,-3.89403100775,-6.15682170543332
AT8951,Austria,AT,AT2,AT22,AT222,Liezen,1.58,0.140503875969,0.195697674418333,3402.01,-3.89403100775,-6.15682170543332
AT8952,Austria,AT,AT2,AT22,AT222,Liezen,1.58,0.140503875969,0.195697674418333,3402.01,-3.89403100775,-6.15682170543332
AT8953,Austria,AT,AT2,AT22,AT222,Liezen,1.58,0.140503875969,0.195697674418333,3402.01,-3.89403100775,-6.15682170543332
AT8954,Austria,AT,AT2,AT22,AT222,Liezen,1.58,0.140503875969,0.195697674418333,3402.01,-3.89403100775,-6.15682170543332
AT8960,Austria,AT,AT2,AT22,AT222,Liezen,1.58,0.140503875969,0.195697674418333,3402.01,-3.89403100775,-6.15682170543332
AT8961,Austria,AT,AT2,AT22,AT222,Liezen,1.58,0.140503875969,0.195697674418333,3402.01,-3.89403100775,-6.15682170543332
AT8962,Austria,AT,AT2,AT22,AT222,Liezen,1.58,0.140503875969,0.195697674418333,3402.01,-3.89403100775,-6.15682170543332
AT8965,Austria,AT,AT2,AT22,AT222,Liezen,1.58,0.140503875969,0.195697674418333,3402.01,-3.89403100775,-6.15682170543332
AT8966,Austria,AT,AT2,AT22,AT222,Liezen,1.58,0.140503875969,0.195697674418333,3402.01,-3.89403100775,-6.15682170543332
AT8967,Austria,AT,AT2,AT22,AT222,Liezen,1.58,0.140503875969,0.195697674418333,3402.01,-3.89403100775,-6.15682170543332
AT8970,Austria,AT,AT2,AT22,AT222,Liezen,1.58,0.140503875969,0.195697674418333,3402.01,-3.89403100775,-6.15682170543332
AT8971,Austria,AT,AT2,AT22,AT222,Liezen,1.58,0.140503875969,0.195697674418333,3402.01,-3.89403100775,-6.15682170543332
AT8972,Austria,AT,AT2,AT22,AT222,Liezen,1.58,0.140503875969,0.195697674418333,3402.01,-3.89403100775,-6.15682170543332
AT8973,Austria,AT,AT2,AT22,AT222,Liezen,1.58,0.140503875969,0.195697674418333,3402.01,-3.89403100775,-6.15682170543332
AT8974,Austria,AT,AT2,AT22,AT222,Liezen,1.58,0.140503875969,0.195697674418333,3402.01,-3.89403100775,-6.15682170543332
AT8982,Austria,AT,AT2,AT22,AT222,Liezen,1.58,0.140503875969,0.195697674418333,3402.01,-3.89403100775,-6.15682170543332
AT8983,Austria,AT,AT2,AT22,AT222,Liezen,1.58,0.140503875969,0.195697674418333,3402.01,-3.89403100775,-6.15682170543332
AT8984,Austria,AT,AT2,AT22,AT222,Liezen,1.58,0.140503875969,0.195697674418333,3402.01,-3.89403100775,-6.15682170543332
AT8990,Austria,AT,AT2,AT22,AT222,Liezen,1.58,0.140503875969,0.195697674418333,3402.01,-3.89403100775,-6.15682170543332
AT8992,Austria,AT,AT2,AT22,AT222,Liezen,1.58,0.140503875969,0.195697674418333,3402.01,-3.89403100775,-6.15682170543332
AT8993,Austria,AT,AT2,AT22,AT222,Liezen,1.58,0.140503875969,0.195697674418333,3402.01,-3.89403100775,-6.15682170543332
AT8010,Austria,AT,AT2,AT22,AT221,Graz,82.81,0.691547619048333,0.845357142856665,2574.07,-4.33952380951667,-6.36833333333333
AT8020,Austria,AT,AT2,AT22,AT221,Graz,82.81,0.691547619048333,0.845357142856665,2574.07,-4.33952380951667,-6.36833333333333
AT8036,Austria,AT,AT2,AT22,AT221,Graz,82.81,0.691547619048333,0.845357142856665,2574.07,-4.33952380951667,-6.36833333333333
AT8041,Austria,AT,AT2,AT22,AT221,Graz,82.81,0.691547619048333,0.845357142856665,2574.07,-4.33952380951667,-6.36833333333333
AT8042,Austria,AT,AT2,AT22,AT221,Graz,82.81,0.691547619048333,0.845357142856665,2574.07,-4.33952380951667,-6.36833333333333
AT8043,Austria,AT,AT2,AT22,AT221,Graz,82.81,0.691547619048333,0.845357142856665,2574.07,-4.33952380951667,-6.36833333333333
AT8044,Austria,AT,AT2,AT22,AT221,Graz,82.81,0.691547619048333,0.845357142856665,2574.07,-4.33952380951667,-6.36833333333333
AT8045,Austria,AT,AT2,AT22,AT221,Graz,82.81,0.691547619048333,0.845357142856665,2574.07,-4.33952380951667,-6.36833333333333
AT8046,Austria,AT,AT2,AT22,AT221,Graz,82.81,0.691547619048333,0.845357142856665,2574.07,-4.33952380951667,-6.36833333333333
AT8047,Austria,AT,AT2,AT22,AT221,Graz,82.81,0.691547619048333,0.845357142856665,2574.07,-4.33952380951667,-6.36833333333333
AT8051,Austria,AT,AT2,AT22,AT221,Graz,82.81,0.691547619048333,0.845357142856665,2574.07,-4.33952380951667,-6.36833333333333
AT8052,Austria,AT,AT2,AT22,AT221,Graz,82.81,0.691547619048333,0.845357142856665,2574.07,-4.33952380951667,-6.36833333333333
AT8053,Austria,AT,AT2,AT22,AT221,Graz,82.81,0.691547619048333,0.845357142856665,2574.07,-4.33952380951667,-6.36833333333333
AT8054,Austria,AT,AT2,AT22,AT221,Graz,82.81,0.691547619048333,0.845357142856665,2574.07,-4.33952380951667,-6.36833333333333
AT8055,Austria,AT,AT2,AT22,AT221,Graz,82.81,0.691547619048333,0.845357142856665,2574.07,-4.33952380951667,-6.36833333333333
AT8061,Austria,AT,AT2,AT22,AT221,Graz,82.81,0.691547619048333,0.845357142856665,2574.07,-4.33952380951667,-6.36833333333333
AT8062,Austria,AT,AT2,AT22,AT221,Graz,82.81,0.691547619048333,0.845357142856665,2574.07,-4.33952380951667,-6.36833333333333
AT8063,Austria,AT,AT2,AT22,AT221,Graz,82.81,0.691547619048333,0.845357142856665,2574.07,-4.33952380951667,-6.36833333333333
AT8071,Austria,AT,AT2,AT22,AT221,Graz,82.81,0.691547619048333,0.845357142856665,2574.07,-4.33952380951667,-6.36833333333333
AT8072,Austria,AT,AT2,AT22,AT221,Graz,82.81,0.691547619048333,0.845357142856665,2574.07,-4.33952380951667,-6.36833333333333
AT8073,Austria,AT,AT2,AT22,AT221,Graz,82.81,0.691547619048333,0.845357142856665,2574.07,-4.33952380951667,-6.36833333333333
AT8074,Austria,AT,AT2,AT22,AT221,Graz,82.81,0.691547619048333,0.845357142856665,2574.07,-4.33952380951667,-6.36833333333333
AT8075,Austria,AT,AT2,AT22,AT221,Graz,82.81,0.691547619048333,0.845357142856665,2574.07,-4.33952380951667,-6.36833333333333
AT8076,Austria,AT,AT2,AT22,AT221,Graz,82.81,0.691547619048333,0.845357142856665,2574.07,-4.33952380951667,-6.36833333333333
AT8077,Austria,AT,AT2,AT22,AT221,Graz,82.81,0.691547619048333,0.845357142856665,2574.07,-4.33952380951667,-6.36833333333333
AT8101,Austria,AT,AT2,AT22,AT221,Graz,82.81,0.691547619048333,0.845357142856665,2574.07,-4.33952380951667,-6.36833333333333
AT8102,Austria,AT,AT2,AT22,AT221,Graz,82.81,0.691547619048333,0.845357142856665,2574.07,-4.33952380951667,-6.36833333333333
AT8103,Austria,AT,AT2,AT22,AT221,Graz,82.81,0.691547619048333,0.845357142856665,2574.07,-4.33952380951667,-6.36833333333333
AT8111,Austria,AT,AT2,AT22,AT221,Graz,82.81,0.691547619048333,0.845357142856665,2574.07,-4.33952380951667,-6.36833333333333
AT8112,Austria,AT,AT2,AT22,AT221,Graz,82.81,0.691547619048333,0.845357142856665,2574.07,-4.33952380951667,-6.36833333333333
AT8113,Austria,AT,AT2,AT22,AT221,Graz,82.81,0.691547619048333,0.845357142856665,2574.07,-4.33952380951667,-6.36833333333333
AT8114,Austria,AT,AT2,AT22,AT221,Graz,82.81,0.691547619048333,0.845357142856665,2574.07,-4.33952380951667,-6.36833333333333
AT8120,Austria,AT,AT2,AT22,AT221,Graz,82.81,0.691547619048333,0.845357142856665,2574.07,-4.33952380951667,-6.36833333333333
AT8121,Austria,AT,AT2,AT22,AT221,Graz,82.81,0.691547619048333,0.845357142856665,2574.07,-4.33952380951667,-6.36833333333333
AT8122,Austria,AT,AT2,AT22,AT221,Graz,82.81,0.691547619048333,0.845357142856665,2574.07,-4.33952380951667,-6.36833333333333
AT8124,Austria,AT,AT2,AT22,AT221,Graz,82.81,0.691547619048333,0.845357142856665,2574.07,-4.33952380951667,-6.36833333333333
AT8130,Austria,AT,AT2,AT22,AT221,Graz,82.81,0.691547619048333,0.845357142856665,2574.07,-4.33952380951667,-6.36833333333333
AT8141,Austria,AT,AT2,AT22,AT221,Graz,82.81,0.691547619048333,0.845357142856665,2574.07,-4.33952380951667,-6.36833333333333
AT8142,Austria,AT,AT2,AT22,AT221,Graz,82.81,0.691547619048333,0.845357142856665,2574.07,-4.33952380951667,-6.36833333333333
AT8143,Austria,AT,AT2,AT22,AT221,Graz,82.81,0.691547619048333,0.845357142856665,2574.07,-4.33952380951667,-6.36833333333333
AT8144,Austria,AT,AT2,AT22,AT221,Graz,82.81,0.691547619048333,0.845357142856665,2574.07,-4.33952380951667,-6.36833333333333
AT8151,Austria,AT,AT2,AT22,AT221,Graz,82.81,0.691547619048333,0.845357142856665,2574.07,-4.33952380951667,-6.36833333333333
AT8301,Austria,AT,AT2,AT22,AT221,Graz,82.81,0.691547619048333,0.845357142856665,2574.07,-4.33952380951667,-6.36833333333333
AT8302,Austria,AT,AT2,AT22,AT221,Graz,82.81,0.691547619048333,0.845357142856665,2574.07,-4.33952380951667,-6.36833333333333
AT8323,Austria,AT,AT2,AT22,AT221,Graz,82.81,0.691547619048333,0.845357142856665,2574.07,-4.33952380951667,-6.36833333333333
AT8401,Austria,AT,AT2,AT22,AT221,Graz,82.81,0.691547619048333,0.845357142856665,2574.07,-4.33952380951667,-6.36833333333333
AT8402,Austria,AT,AT2,AT22,AT221,Graz,82.81,0.691547619048333,0.845357142856665,2574.07,-4.33952380951667,-6.36833333333333
AT8501,Austria,AT,AT2,AT22,AT221,Graz,82.81,0.691547619048333,0.845357142856665,2574.07,-4.33952380951667,-6.36833333333333
AT8131,Austria,AT,AT2,AT22,AT223,Östliche Obersteiermark,11.14,0.282041666666665,0.361708333333333,3098.53,-4.34383333333333,-6.65024999999998
AT8132,Austria,AT,AT2,AT22,AT223,Östliche Obersteiermark,11.14,0.282041666666665,0.361708333333333,3098.53,-4.34383333333333,-6.65024999999998
AT8600,Austria,AT,AT2,AT22,AT223,Östliche Obersteiermark,11.14,0.282041666666665,0.361708333333333,3098.53,-4.34383333333333,-6.65024999999998
AT8605,Austria,AT,AT2,AT22,AT223,Östliche Obersteiermark,11.14,0.282041666666665,0.361708333333333,3098.53,-4.34383333333333,-6.65024999999998
AT8611,Austria,AT,AT2,AT22,AT223,Östliche Obersteiermark,11.14,0.282041666666665,0.361708333333333,3098.53,-4.34383333333333,-6.65024999999998
AT8612,Austria,AT,AT2,AT22,AT223,Östliche Obersteiermark,11.14,0.282041666666665,0.361708333333333,3098.53,-4.34383333333333,-6.65024999999998
AT8614,Austria,AT,AT2,AT22,AT223,Östliche Obersteiermark,11.14,0.282041666666665,0.361708333333333,3098.53,-4.34383333333333,-6.65024999999998
AT8621,Austria,AT,AT2,AT22,AT223,Östliche Obersteiermark,11.14,0.282041666666665,0.361708333333333,3098.53,-4.34383333333333,-6.65024999999998
AT8622,Austria,AT,AT2,AT22,AT223,Östliche Obersteiermark,11.14,0.282041666666665,0.361708333333333,3098.53,-4.34383333333333,-6.65024999999998
AT8623,Austria,AT,AT2,AT22,AT223,Östliche Obersteiermark,11.14,0.282041666666665,0.361708333333333,3098.53,-4.34383333333333,-6.65024999999998
AT8624,Austria,AT,AT2,AT22,AT223,Östliche Obersteiermark,11.14,0.282041666666665,0.361708333333333,3098.53,-4.34383333333333,-6.65024999999998
AT8625,Austria,AT,AT2,AT22,AT223,Östliche Obersteiermark,11.14,0.282041666666665,0.361708333333333,3098.53,-4.34383333333333,-6.65024999999998
AT8630,Austria,AT,AT2,AT22,AT223,Östliche Obersteiermark,11.14,0.282041666666665,0.361708333333333,3098.53,-4.34383333333333,-6.65024999999998
AT8632,Austria,AT,AT2,AT22,AT223,Östliche Obersteiermark,11.14,0.282041666666665,0.361708333333333,3098.53,-4.34383333333333,-6.65024999999998
AT8634,Austria,AT,AT2,AT22,AT223,Östliche Obersteiermark,11.14,0.282041666666665,0.361708333333333,3098.53,-4.34383333333333,-6.65024999999998
AT8635,Austria,AT,AT2,AT22,AT223,Östliche Obersteiermark,11.14,0.282041666666665,0.361708333333333,3098.53,-4.34383333333333,-6.65024999999998
AT8636,Austria,AT,AT2,AT22,AT223,Östliche Obersteiermark,11.14,0.282041666666665,0.361708333333333,3098.53,-4.34383333333333,-6.65024999999998
AT8641,Austria,AT,AT2,AT22,AT223,Östliche Obersteiermark,11.14,0.282041666666665,0.361708333333333,3098.53,-4.34383333333333,-6.65024999999998
AT8642,Austria,AT,AT2,AT22,AT223,Östliche Obersteiermark,11.14,0.282041666666665,0.361708333333333,3098.53,-4.34383333333333,-6.65024999999998
AT8643,Austria,AT,AT2,AT22,AT223,Östliche Obersteiermark,11.14,0.282041666666665,0.361708333333333,3098.53,-4.34383333333333,-6.65024999999998
AT8644,Austria,AT,AT2,AT22,AT223,Östliche Obersteiermark,11.14,0.282041666666665,0.361708333333333,3098.53,-4.34383333333333,-6.65024999999998
AT8650,Austria,AT,AT2,AT22,AT223,Östliche Obersteiermark,11.14,0.282041666666665,0.361708333333333,3098.53,-4.34383333333333,-6.65024999999998
AT8652,Austria,AT,AT2,AT22,AT223,Östliche Obersteiermark,11.14,0.282041666666665,0.361708333333333,3098.53,-4.34383333333333,-6.65024999999998
AT8653,Austria,AT,AT2,AT22,AT223,Östliche Obersteiermark,11.14,0.282041666666665,0.361708333333333,3098.53,-4.34383333333333,-6.65024999999998
AT8661,Austria,AT,AT2,AT22,AT223,Östliche Obersteiermark,11.14,0.282041666666665,0.361708333333333,3098.53,-4.34383333333333,-6.65024999999998
AT8662,Austria,AT,AT2,AT22,AT223,Östliche Obersteiermark,11.14,0.282041666666665,0.361708333333333,3098.53,-4.34383333333333,-6.65024999999998
AT8663,Austria,AT,AT2,AT22,AT223,Östliche Obersteiermark,11.14,0.282041666666665,0.361708333333333,3098.53,-4.34383333333333,-6.65024999999998
AT8664,Austria,AT,AT2,AT22,AT223,Östliche Obersteiermark,11.14,0.282041666666665,0.361708333333333,3098.53,-4.34383333333333,-6.65024999999998
AT8665,Austria,AT,AT2,AT22,AT223,Östliche Obersteiermark,11.14,0.282041666666665,0.361708333333333,3098.53,-4.34383333333333,-6.65024999999998
AT8670,Austria,AT,AT2,AT22,AT223,Östliche Obersteiermark,11.14,0.282041666666665,0.361708333333333,3098.53,-4.34383333333333,-6.65024999999998
AT8671,Austria,AT,AT2,AT22,AT223,Östliche Obersteiermark,11.14,0.282041666666665,0.361708333333333,3098.53,-4.34383333333333,-6.65024999999998
AT8680,Austria,AT,AT2,AT22,AT223,Östliche Obersteiermark,11.14,0.282041666666665,0.361708333333333,3098.53,-4.34383333333333,-6.65024999999998
AT8682,Austria,AT,AT2,AT22,AT223,Östliche Obersteiermark,11.14,0.282041666666665,0.361708333333333,3098.53,-4.34383333333333,-6.65024999999998
AT8684,Austria,AT,AT2,AT22,AT223,Östliche Obersteiermark,11.14,0.282041666666665,0.361708333333333,3098.53,-4.34383333333333,-6.65024999999998
AT8685,Austria,AT,AT2,AT22,AT223,Östliche Obersteiermark,11.14,0.282041666666665,0.361708333333333,3098.53,-4.34383333333333,-6.65024999999998
AT8691,Austria,AT,AT2,AT22,AT223,Östliche Obersteiermark,11.14,0.282041666666665,0.361708333333333,3098.53,-4.34383333333333,-6.65024999999998
AT8692,Austria,AT,AT2,AT22,AT223,Östliche Obersteiermark,11.14,0.282041666666665,0.361708333333333,3098.53,-4.34383333333333,-6.65024999999998
AT8693,Austria,AT,AT2,AT22,AT223,Östliche Obersteiermark,11.14,0.282041666666665,0.361708333333333,3098.53,-4.34383333333333,-6.65024999999998
AT8700,Austria,AT,AT2,AT22,AT223,Östliche Obersteiermark,11.14,0.282041666666665,0.361708333333333,3098.53,-4.34383333333333,-6.65024999999998
AT8712,Austria,AT,AT2,AT22,AT223,Östliche Obersteiermark,11.14,0.282041666666665,0.361708333333333,3098.53,-4.34383333333333,-6.65024999999998
AT8713,Austria,AT,AT2,AT22,AT223,Östliche Obersteiermark,11.14,0.282041666666665,0.361708333333333,3098.53,-4.34383333333333,-6.65024999999998
AT8714,Austria,AT,AT2,AT22,AT223,Östliche Obersteiermark,11.14,0.282041666666665,0.361708333333333,3098.53,-4.34383333333333,-6.65024999999998
AT8770,Austria,AT,AT2,AT22,AT223,Östliche Obersteiermark,11.14,0.282041666666665,0.361708333333333,3098.53,-4.34383333333333,-6.65024999999998
AT8772,Austria,AT,AT2,AT22,AT223,Östliche Obersteiermark,11.14,0.282041666666665,0.361708333333333,3098.53,-4.34383333333333,-6.65024999999998
AT8773,Austria,AT,AT2,AT22,AT223,Östliche Obersteiermark,11.14,0.282041666666665,0.361708333333333,3098.53,-4.34383333333333,-6.65024999999998
AT8774,Austria,AT,AT2,AT22,AT223,Östliche Obersteiermark,11.14,0.282041666666665,0.361708333333333,3098.53,-4.34383333333333,-6.65024999999998
AT8775,Austria,AT,AT2,AT22,AT223,Östliche Obersteiermark,11.14,0.282041666666665,0.361708333333333,3098.53,-4.34383333333333,-6.65024999999998
AT8781,Austria,AT,AT2,AT22,AT223,Östliche Obersteiermark,11.14,0.282041666666665,0.361708333333333,3098.53,-4.34383333333333,-6.65024999999998
AT8790,Austria,AT,AT2,AT22,AT223,Östliche Obersteiermark,11.14,0.282041666666665,0.361708333333333,3098.53,-4.34383333333333,-6.65024999999998
AT8792,Austria,AT,AT2,AT22,AT223,Östliche Obersteiermark,11.14,0.282041666666665,0.361708333333333,3098.53,-4.34383333333333,-6.65024999999998
AT8793,Austria,AT,AT2,AT22,AT223,Östliche Obersteiermark,11.14,0.282041666666665,0.361708333333333,3098.53,-4.34383333333333,-6.65024999999998
AT8794,Austria,AT,AT2,AT22,AT223,Östliche Obersteiermark,11.14,0.282041666666665,0.361708333333333,3098.53,-4.34383333333333,-6.65024999999998
AT8795,Austria,AT,AT2,AT22,AT223,Östliche Obersteiermark,11.14,0.282041666666665,0.361708333333333,3098.53,-4.34383333333333,-6.65024999999998
AT2872,Austria,AT,AT2,AT22,AT224,Oststeiermark,117.94,0.833666666666667,1.01491666666667,2503.49,-4.33999999999998,-6.34158333333333
AT8081,Austria,AT,AT2,AT22,AT224,Oststeiermark,117.94,0.833666666666667,1.01491666666667,2503.49,-4.33999999999998,-6.34158333333333
AT8082,Austria,AT,AT2,AT22,AT224,Oststeiermark,117.94,0.833666666666667,1.01491666666667,2503.49,-4.33999999999998,-6.34158333333333
AT8083,Austria,AT,AT2,AT22,AT224,Oststeiermark,117.94,0.833666666666667,1.01491666666667,2503.49,-4.33999999999998,-6.34158333333333
AT8091,Austria,AT,AT2,AT22,AT224,Oststeiermark,117.94,0.833666666666667,1.01491666666667,2503.49,-4.33999999999998,-6.34158333333333
AT8092,Austria,AT,AT2,AT22,AT224,Oststeiermark,117.94,0.833666666666667,1.01491666666667,2503.49,-4.33999999999998,-6.34158333333333
AT8093,Austria,AT,AT2,AT22,AT224,Oststeiermark,117.94,0.833666666666667,1.01491666666667,2503.49,-4.33999999999998,-6.34158333333333
AT8160,Austria,AT,AT2,AT22,AT224,Oststeiermark,117.94,0.833666666666667,1.01491666666667,2503.49,-4.33999999999998,-6.34158333333333
AT8162,Austria,AT,AT2,AT22,AT224,Oststeiermark,117.94,0.833666666666667,1.01491666666667,2503.49,-4.33999999999998,-6.34158333333333
AT8163,Austria,AT,AT2,AT22,AT224,Oststeiermark,117.94,0.833666666666667,1.01491666666667,2503.49,-4.33999999999998,-6.34158333333333
AT8171,Austria,AT,AT2,AT22,AT224,Oststeiermark,117.94,0.833666666666667,1.01491666666667,2503.49,-4.33999999999998,-6.34158333333333
AT8172,Austria,AT,AT2,AT22,AT224,Oststeiermark,117.94,0.833666666666667,1.01491666666667,2503.49,-4.33999999999998,-6.34158333333333
AT8181,Austria,AT,AT2,AT22,AT224,Oststeiermark,117.94,0.833666666666667,1.01491666666667,2503.49,-4.33999999999998,-6.34158333333333
AT8182,Austria,AT,AT2,AT22,AT224,Oststeiermark,117.94,0.833666666666667,1.01491666666667,2503.49,-4.33999999999998,-6.34158333333333
AT8183,Austria,AT,AT2,AT22,AT224,Oststeiermark,117.94,0.833666666666667,1.01491666666667,2503.49,-4.33999999999998,-6.34158333333333
AT8184,Austria,AT,AT2,AT22,AT224,Oststeiermark,117.94,0.833666666666667,1.01491666666667,2503.49,-4.33999999999998,-6.34158333333333
AT8190,Austria,AT,AT2,AT22,AT224,Oststeiermark,117.94,0.833666666666667,1.01491666666667,2503.49,-4.33999999999998,-6.34158333333333
AT8191,Austria,AT,AT2,AT22,AT224,Oststeiermark,117.94,0.833666666666667,1.01491666666667,2503.49,-4.33999999999998,-6.34158333333333
AT8192,Austria,AT,AT2,AT22,AT224,Oststeiermark,117.94,0.833666666666667,1.01491666666667,2503.49,-4.33999999999998,-6.34158333333333
AT8200,Austria,AT,AT2,AT22,AT224,Oststeiermark,117.94,0.833666666666667,1.01491666666667,2503.49,-4.33999999999998,-6.34158333333333
AT8211,Austria,AT,AT2,AT22,AT224,Oststeiermark,117.94,0.833666666666667,1.01491666666667,2503.49,-4.33999999999998,-6.34158333333333
AT8212,Austria,AT,AT2,AT22,AT224,Oststeiermark,117.94,0.833666666666667,1.01491666666667,2503.49,-4.33999999999998,-6.34158333333333
AT8221,Austria,AT,AT2,AT22,AT224,Oststeiermark,117.94,0.833666666666667,1.01491666666667,2503.49,-4.33999999999998,-6.34158333333333
AT8222,Austria,AT,AT2,AT22,AT224,Oststeiermark,117.94,0.833666666666667,1.01491666666667,2503.49,-4.33999999999998,-6.34158333333333
AT8223,Austria,AT,AT2,AT22,AT224,Oststeiermark,117.94,0.833666666666667,1.01491666666667,2503.49,-4.33999999999998,-6.34158333333333
AT8224,Austria,AT,AT2,AT22,AT224,Oststeiermark,117.94,0.833666666666667,1.01491666666667,2503.49,-4.33999999999998,-6.34158333333333
AT8225,Austria,AT,AT2,AT22,AT224,Oststeiermark,117.94,0.833666666666667,1.01491666666667,2503.49,-4.33999999999998,-6.34158333333333
AT8230,Austria,AT,AT2,AT22,AT224,Oststeiermark,117.94,0.833666666666667,1.01491666666667,2503.49,-4.33999999999998,-6.34158333333333
AT8232,Austria,AT,AT2,AT22,AT224,Oststeiermark,117.94,0.833666666666667,1.01491666666667,2503.49,-4.33999999999998,-6.34158333333333
AT8233,Austria,AT,AT2,AT22,AT224,Oststeiermark,117.94,0.833666666666667,1.01491666666667,2503.49,-4.33999999999998,-6.34158333333333
AT8234,Austria,AT,AT2,AT22,AT224,Oststeiermark,117.94,0.833666666666667,1.01491666666667,2503.49,-4.33999999999998,-6.34158333333333
AT8240,Austria,AT,AT2,AT22,AT224,Oststeiermark,117.94,0.833666666666667,1.01491666666667,2503.49,-4.33999999999998,-6.34158333333333
AT8241,Austria,AT,AT2,AT22,AT224,Oststeiermark,117.94,0.833666666666667,1.01491666666667,2503.49,-4.33999999999998,-6.34158333333333
AT8242,Austria,AT,AT2,AT22,AT224,Oststeiermark,117.94,0.833666666666667,1.01491666666667,2503.49,-4.33999999999998,-6.34158333333333
AT8243,Austria,AT,AT2,AT22,AT224,Oststeiermark,117.94,0.833666666666667,1.01491666666667,2503.49,-4.33999999999998,-6.34158333333333
AT8244,Austria,AT,AT2,AT22,AT224,Oststeiermark,117.94,0.833666666666667,1.01491666666667,2503.49,-4.33999999999998,-6.34158333333333
AT8250,Austria,AT,AT2,AT22,AT224,Oststeiermark,117.94,0.833666666666667,1.01491666666667,2503.49,-4.33999999999998,-6.34158333333333
AT8251,Austria,AT,AT2,AT22,AT224,Oststeiermark,117.94,0.833666666666667,1.01491666666667,2503.49,-4.33999999999998,-6.34158333333333
AT8252,Austria,AT,AT2,AT22,AT224,Oststeiermark,117.94,0.833666666666667,1.01491666666667,2503.49,-4.33999999999998,-6.34158333333333
AT8253,Austria,AT,AT2,AT22,AT224,Oststeiermark,117.94,0.833666666666667,1.01491666666667,2503.49,-4.33999999999998,-6.34158333333333
AT8254,Austria,AT,AT2,AT22,AT224,Oststeiermark,117.94,0.833666666666667,1.01491666666667,2503.49,-4.33999999999998,-6.34158333333333
AT8255,Austria,AT,AT2,AT22,AT224,Oststeiermark,117.94,0.833666666666667,1.01491666666667,2503.49,-4.33999999999998,-6.34158333333333
AT8261,Austria,AT,AT2,AT22,AT224,Oststeiermark,117.94,0.833666666666667,1.01491666666667,2503.49,-4.33999999999998,-6.34158333333333
AT8262,Austria,AT,AT2,AT22,AT224,Oststeiermark,117.94,0.833666666666667,1.01491666666667,2503.49,-4.33999999999998,-6.34158333333333
AT8263,Austria,AT,AT2,AT22,AT224,Oststeiermark,117.94,0.833666666666667,1.01491666666667,2503.49,-4.33999999999998,-6.34158333333333
AT8264,Austria,AT,AT2,AT22,AT224,Oststeiermark,117.94,0.833666666666667,1.01491666666667,2503.49,-4.33999999999998,-6.34158333333333
AT8265,Austria,AT,AT2,AT22,AT224,Oststeiermark,117.94,0.833666666666667,1.01491666666667,2503.49,-4.33999999999998,-6.34158333333333
AT8271,Austria,AT,AT2,AT22,AT224,Oststeiermark,117.94,0.833666666666667,1.01491666666667,2503.49,-4.33999999999998,-6.34158333333333
AT8272,Austria,AT,AT2,AT22,AT224,Oststeiermark,117.94,0.833666666666667,1.01491666666667,2503.49,-4.33999999999998,-6.34158333333333
AT8273,Austria,AT,AT2,AT22,AT224,Oststeiermark,117.94,0.833666666666667,1.01491666666667,2503.49,-4.33999999999998,-6.34158333333333
AT8274,Austria,AT,AT2,AT22,AT224,Oststeiermark,117.94,0.833666666666667,1.01491666666667,2503.49,-4.33999999999998,-6.34158333333333
AT8280,Austria,AT,AT2,AT22,AT224,Oststeiermark,117.94,0.833666666666667,1.01491666666667,2503.49,-4.33999999999998,-6.34158333333333
AT8282,Austria,AT,AT2,AT22,AT224,Oststeiermark,117.94,0.833666666666667,1.01491666666667,2503.49,-4.33999999999998,-6.34158333333333
AT8283,Austria,AT,AT2,AT22,AT224,Oststeiermark,117.94,0.833666666666667,1.01491666666667,2503.49,-4.33999999999998,-6.34158333333333
AT8291,Austria,AT,AT2,AT22,AT224,Oststeiermark,117.94,0.833666666666667,1.01491666666667,2503.49,-4.33999999999998,-6.34158333333333
AT8292,Austria,AT,AT2,AT22,AT224,Oststeiermark,117.94,0.833666666666667,1.01491666666667,2503.49,-4.33999999999998,-6.34158333333333
AT8293,Austria,AT,AT2,AT22,AT224,Oststeiermark,117.94,0.833666666666667,1.01491666666667,2503.49,-4.33999999999998,-6.34158333333333
AT8294,Austria,AT,AT2,AT22,AT224,Oststeiermark,117.94,0.833666666666667,1.01491666666667,2503.49,-4.33999999999998,-6.34158333333333
AT8295,Austria,AT,AT2,AT22,AT224,Oststeiermark,117.94,0.833666666666667,1.01491666666667,2503.49,-4.33999999999998,-6.34158333333333
AT8311,Austria,AT,AT2,AT22,AT224,Oststeiermark,117.94,0.833666666666667,1.01491666666667,2503.49,-4.33999999999998,-6.34158333333333
AT8312,Austria,AT,AT2,AT22,AT224,Oststeiermark,117.94,0.833666666666667,1.01491666666667,2503.49,-4.33999999999998,-6.34158333333333
AT8313,Austria,AT,AT2,AT22,AT224,Oststeiermark,117.94,0.833666666666667,1.01491666666667,2503.49,-4.33999999999998,-6.34158333333333
AT8321,Austria,AT,AT2,AT22,AT224,Oststeiermark,117.94,0.833666666666667,1.01491666666667,2503.49,-4.33999999999998,-6.34158333333333
AT8322,Austria,AT,AT2,AT22,AT224,Oststeiermark,117.94,0.833666666666667,1.01491666666667,2503.49,-4.33999999999998,-6.34158333333333
AT8324,Austria,AT,AT2,AT22,AT224,Oststeiermark,117.94,0.833666666666667,1.01491666666667,2503.49,-4.33999999999998,-6.34158333333333
AT8330,Austria,AT,AT2,AT22,AT224,Oststeiermark,117.94,0.833666666666667,1.01491666666667,2503.49,-4.33999999999998,-6.34158333333333
AT8332,Austria,AT,AT2,AT22,AT224,Oststeiermark,117.94,0.833666666666667,1.01491666666667,2503.49,-4.33999999999998,-6.34158333333333
AT8333,Austria,AT,AT2,AT22,AT224,Oststeiermark,117.94,0.833666666666667,1.01491666666667,2503.49,-4.33999999999998,-6.34158333333333
AT8334,Austria,AT,AT2,AT22,AT224,Oststeiermark,117.94,0.833666666666667,1.01491666666667,2503.49,-4.33999999999998,-6.34158333333333
AT8341,Austria,AT,AT2,AT22,AT224,Oststeiermark,117.94,0.833666666666667,1.01491666666667,2503.49,-4.33999999999998,-6.34158333333333
AT8342,Austria,AT,AT2,AT22,AT224,Oststeiermark,117.94,0.833666666666667,1.01491666666667,2503.49,-4.33999999999998,-6.34158333333333
AT8343,Austria,AT,AT2,AT22,AT224,Oststeiermark,117.94,0.833666666666667,1.01491666666667,2503.49,-4.33999999999998,-6.34158333333333
AT8344,Austria,AT,AT2,AT22,AT224,Oststeiermark,117.94,0.833666666666667,1.01491666666667,2503.49,-4.33999999999998,-6.34158333333333
AT8345,Austria,AT,AT2,AT22,AT224,Oststeiermark,117.94,0.833666666666667,1.01491666666667,2503.49,-4.33999999999998,-6.34158333333333
AT8350,Austria,AT,AT2,AT22,AT224,Oststeiermark,117.94,0.833666666666667,1.01491666666667,2503.49,-4.33999999999998,-6.34158333333333
AT8352,Austria,AT,AT2,AT22,AT224,Oststeiermark,117.94,0.833666666666667,1.01491666666667,2503.49,-4.33999999999998,-6.34158333333333
AT8353,Austria,AT,AT2,AT22,AT224,Oststeiermark,117.94,0.833666666666667,1.01491666666667,2503.49,-4.33999999999998,-6.34158333333333
AT8354,Austria,AT,AT2,AT22,AT224,Oststeiermark,117.94,0.833666666666667,1.01491666666667,2503.49,-4.33999999999998,-6.34158333333333
AT8355,Austria,AT,AT2,AT22,AT224,Oststeiermark,117.94,0.833666666666667,1.01491666666667,2503.49,-4.33999999999998,-6.34158333333333
AT8361,Austria,AT,AT2,AT22,AT224,Oststeiermark,117.94,0.833666666666667,1.01491666666667,2503.49,-4.33999999999998,-6.34158333333333
AT8362,Austria,AT,AT2,AT22,AT224,Oststeiermark,117.94,0.833666666666667,1.01491666666667,2503.49,-4.33999999999998,-6.34158333333333
AT8471,Austria,AT,AT2,AT22,AT224,Oststeiermark,117.94,0.833666666666667,1.01491666666667,2503.49,-4.33999999999998,-6.34158333333333
AT8473,Austria,AT,AT2,AT22,AT224,Oststeiermark,117.94,0.833666666666667,1.01491666666667,2503.49,-4.33999999999998,-6.34158333333333
AT8480,Austria,AT,AT2,AT22,AT224,Oststeiermark,117.94,0.833666666666667,1.01491666666667,2503.49,-4.33999999999998,-6.34158333333333
AT8483,Austria,AT,AT2,AT22,AT224,Oststeiermark,117.94,0.833666666666667,1.01491666666667,2503.49,-4.33999999999998,-6.34158333333333
AT8484,Austria,AT,AT2,AT22,AT224,Oststeiermark,117.94,0.833666666666667,1.01491666666667,2503.49,-4.33999999999998,-6.34158333333333
AT8490,Austria,AT,AT2,AT22,AT224,Oststeiermark,117.94,0.833666666666667,1.01491666666667,2503.49,-4.33999999999998,-6.34158333333333
AT8492,Austria,AT,AT2,AT22,AT224,Oststeiermark,117.94,0.833666666666667,1.01491666666667,2503.49,-4.33999999999998,-6.34158333333333
AT8493,Austria,AT,AT2,AT22,AT224,Oststeiermark,117.94,0.833666666666667,1.01491666666667,2503.49,-4.33999999999998,-6.34158333333333
AT8616,Austria,AT,AT2,AT22,AT224,Oststeiermark,117.94,0.833666666666667,1.01491666666667,2503.49,-4.33999999999998,-6.34158333333333
AT8654,Austria,AT,AT2,AT22,AT224,Oststeiermark,117.94,0.833666666666667,1.01491666666667,2503.49,-4.33999999999998,-6.34158333333333
AT8672,Austria,AT,AT2,AT22,AT224,Oststeiermark,117.94,0.833666666666667,1.01491666666667,2503.49,-4.33999999999998,-6.34158333333333
AT8673,Austria,AT,AT2,AT22,AT224,Oststeiermark,117.94,0.833666666666667,1.01491666666667,2503.49,-4.33999999999998,-6.34158333333333
AT8674,Austria,AT,AT2,AT22,AT224,Oststeiermark,117.94,0.833666666666667,1.01491666666667,2503.49,-4.33999999999998,-6.34158333333333
AT8152,Austria,AT,AT2,AT22,AT225,West- und Südsteiermark,92.28,0.650246913579998,0.807222222221665,2579.11,-4.15679012344998,-6.09629629629998
AT8153,Austria,AT,AT2,AT22,AT225,West- und Südsteiermark,92.28,0.650246913579998,0.807222222221665,2579.11,-4.15679012344998,-6.09629629629998
AT8403,Austria,AT,AT2,AT22,AT225,West- und Südsteiermark,92.28,0.650246913579998,0.807222222221665,2579.11,-4.15679012344998,-6.09629629629998
AT8410,Austria,AT,AT2,AT22,AT225,West- und Südsteiermark,92.28,0.650246913579998,0.807222222221665,2579.11,-4.15679012344998,-6.09629629629998
AT8411,Austria,AT,AT2,AT22,AT225,West- und Südsteiermark,92.28,0.650246913579998,0.807222222221665,2579.11,-4.15679012344998,-6.09629629629998
AT8412,Austria,AT,AT2,AT22,AT225,West- und Südsteiermark,92.28,0.650246913579998,0.807222222221665,2579.11,-4.15679012344998,-6.09629629629998
AT8413,Austria,AT,AT2,AT22,AT225,West- und Südsteiermark,92.28,0.650246913579998,0.807222222221665,2579.11,-4.15679012344998,-6.09629629629998
AT8421,Austria,AT,AT2,AT22,AT225,West- und Südsteiermark,92.28,0.650246913579998,0.807222222221665,2579.11,-4.15679012344998,-6.09629629629998
AT8422,Austria,AT,AT2,AT22,AT225,West- und Südsteiermark,92.28,0.650246913579998,0.807222222221665,2579.11,-4.15679012344998,-6.09629629629998
AT8423,Austria,AT,AT2,AT22,AT225,West- und Südsteiermark,92.28,0.650246913579998,0.807222222221665,2579.11,-4.15679012344998,-6.09629629629998
AT8424,Austria,AT,AT2,AT22,AT225,West- und Südsteiermark,92.28,0.650246913579998,0.807222222221665,2579.11,-4.15679012344998,-6.09629629629998
AT8430,Austria,AT,AT2,AT22,AT225,West- und Südsteiermark,92.28,0.650246913579998,0.807222222221665,2579.11,-4.15679012344998,-6.09629629629998
AT8431,Austria,AT,AT2,AT22,AT225,West- und Südsteiermark,92.28,0.650246913579998,0.807222222221665,2579.11,-4.15679012344998,-6.09629629629998
AT8435,Austria,AT,AT2,AT22,AT225,West- und Südsteiermark,92.28,0.650246913579998,0.807222222221665,2579.11,-4.15679012344998,-6.09629629629998
AT8441,Austria,AT,AT2,AT22,AT225,West- und Südsteiermark,92.28,0.650246913579998,0.807222222221665,2579.11,-4.15679012344998,-6.09629629629998
AT8442,Austria,AT,AT2,AT22,AT225,West- und Südsteiermark,92.28,0.650246913579998,0.807222222221665,2579.11,-4.15679012344998,-6.09629629629998
AT8443,Austria,AT,AT2,AT22,AT225,West- und Südsteiermark,92.28,0.650246913579998,0.807222222221665,2579.11,-4.15679012344998,-6.09629629629998
AT8444,Austria,AT,AT2,AT22,AT225,West- und Südsteiermark,92.28,0.650246913579998,0.807222222221665,2579.11,-4.15679012344998,-6.09629629629998
AT8451,Austria,AT,AT2,AT22,AT225,West- und Südsteiermark,92.28,0.650246913579998,0.807222222221665,2579.11,-4.15679012344998,-6.09629629629998
AT8452,Austria,AT,AT2,AT22,AT225,West- und Südsteiermark,92.28,0.650246913579998,0.807222222221665,2579.11,-4.15679012344998,-6.09629629629998
AT8453,Austria,AT,AT2,AT22,AT225,West- und Südsteiermark,92.28,0.650246913579998,0.807222222221665,2579.11,-4.15679012344998,-6.09629629629998
AT8454,Austria,AT,AT2,AT22,AT225,West- und Südsteiermark,92.28,0.650246913579998,0.807222222221665,2579.11,-4.15679012344998,-6.09629629629998
AT8455,Austria,AT,AT2,AT22,AT225,West- und Südsteiermark,92.28,0.650246913579998,0.807222222221665,2579.11,-4.15679012344998,-6.09629629629998
AT8461,Austria,AT,AT2,AT22,AT225,West- und Südsteiermark,92.28,0.650246913579998,0.807222222221665,2579.11,-4.15679012344998,-6.09629629629998
AT8462,Austria,AT,AT2,AT22,AT225,West- und Südsteiermark,92.28,0.650246913579998,0.807222222221665,2579.11,-4.15679012344998,-6.09629629629998
AT8463,Austria,AT,AT2,AT22,AT225,West- und Südsteiermark,92.28,0.650246913579998,0.807222222221665,2579.11,-4.15679012344998,-6.09629629629998
AT8472,Austria,AT,AT2,AT22,AT225,West- und Südsteiermark,92.28,0.650246913579998,0.807222222221665,2579.11,-4.15679012344998,-6.09629629629998
AT8481,Austria,AT,AT2,AT22,AT225,West- und Südsteiermark,92.28,0.650246913579998,0.807222222221665,2579.11,-4.15679012344998,-6.09629629629998
AT8502,Austria,AT,AT2,AT22,AT225,West- und Südsteiermark,92.28,0.650246913579998,0.807222222221665,2579.11,-4.15679012344998,-6.09629629629998
AT8503,Austria,AT,AT2,AT22,AT225,West- und Südsteiermark,92.28,0.650246913579998,0.807222222221665,2579.11,-4.15679012344998,-6.09629629629998
AT8504,Austria,AT,AT2,AT22,AT225,West- und Südsteiermark,92.28,0.650246913579998,0.807222222221665,2579.11,-4.15679012344998,-6.09629629629998
AT8505,Austria,AT,AT2,AT22,AT225,West- und Südsteiermark,92.28,0.650246913579998,0.807222222221665,2579.11,-4.15679012344998,-6.09629629629998
AT8510,Austria,AT,AT2,AT22,AT225,West- und Südsteiermark,92.28,0.650246913579998,0.807222222221665,2579.11,-4.15679012344998,-6.09629629629998
AT8511,Austria,AT,AT2,AT22,AT225,West- und Südsteiermark,92.28,0.650246913579998,0.807222222221665,2579.11,-4.15679012344998,-6.09629629629998
AT8521,Austria,AT,AT2,AT22,AT225,West- und Südsteiermark,92.28,0.650246913579998,0.807222222221665,2579.11,-4.15679012344998,-6.09629629629998
AT8522,Austria,AT,AT2,AT22,AT225,West- und Südsteiermark,92.28,0.650246913579998,0.807222222221665,2579.11,-4.15679012344998,-6.09629629629998
AT8523,Austria,AT,AT2,AT22,AT225,West- und Südsteiermark,92.28,0.650246913579998,0.807222222221665,2579.11,-4.15679012344998,-6.09629629629998
AT8524,Austria,AT,AT2,AT22,AT225,West- und Südsteiermark,92.28,0.650246913579998,0.807222222221665,2579.11,-4.15679012344998,-6.09629629629998
AT8530,Austria,AT,AT2,AT22,AT225,West- und Südsteiermark,92.28,0.650246913579998,0.807222222221665,2579.11,-4.15679012344998,-6.09629629629998
AT8541,Austria,AT,AT2,AT22,AT225,West- und Südsteiermark,92.28,0.650246913579998,0.807222222221665,2579.11,-4.15679012344998,-6.09629629629998
AT8542,Austria,AT,AT2,AT22,AT225,West- und Südsteiermark,92.28,0.650246913579998,0.807222222221665,2579.11,-4.15679012344998,-6.09629629629998
AT8543,Austria,AT,AT2,AT22,AT225,West- und Südsteiermark,92.28,0.650246913579998,0.807222222221665,2579.11,-4.15679012344998,-6.09629629629998
AT8544,Austria,AT,AT2,AT22,AT225,West- und Südsteiermark,92.28,0.650246913579998,0.807222222221665,2579.11,-4.15679012344998,-6.09629629629998
AT8551,Austria,AT,AT2,AT22,AT225,West- und Südsteiermark,92.28,0.650246913579998,0.807222222221665,2579.11,-4.15679012344998,-6.09629629629998
AT8552,Austria,AT,AT2,AT22,AT225,West- und Südsteiermark,92.28,0.650246913579998,0.807222222221665,2579.11,-4.15679012344998,-6.09629629629998
AT8553,Austria,AT,AT2,AT22,AT225,West- und Südsteiermark,92.28,0.650246913579998,0.807222222221665,2579.11,-4.15679012344998,-6.09629629629998
AT8554,Austria,AT,AT2,AT22,AT225,West- und Südsteiermark,92.28,0.650246913579998,0.807222222221665,2579.11,-4.15679012344998,-6.09629629629998
AT8561,Austria,AT,AT2,AT22,AT225,West- und Südsteiermark,92.28,0.650246913579998,0.807222222221665,2579.11,-4.15679012344998,-6.09629629629998
AT8562,Austria,AT,AT2,AT22,AT225,West- und Südsteiermark,92.28,0.650246913579998,0.807222222221665,2579.11,-4.15679012344998,-6.09629629629998
AT8563,Austria,AT,AT2,AT22,AT225,West- und Südsteiermark,92.28,0.650246913579998,0.807222222221665,2579.11,-4.15679012344998,-6.09629629629998
AT8564,Austria,AT,AT2,AT22,AT225,West- und Südsteiermark,92.28,0.650246913579998,0.807222222221665,2579.11,-4.15679012344998,-6.09629629629998
AT8565,Austria,AT,AT2,AT22,AT225,West- und Südsteiermark,92.28,0.650246913579998,0.807222222221665,2579.11,-4.15679012344998,-6.09629629629998
AT8570,Austria,AT,AT2,AT22,AT225,West- und Südsteiermark,92.28,0.650246913579998,0.807222222221665,2579.11,-4.15679012344998,-6.09629629629998
AT8572,Austria,AT,AT2,AT22,AT225,West- und Südsteiermark,92.28,0.650246913579998,0.807222222221665,2579.11,-4.15679012344998,-6.09629629629998
AT8573,Austria,AT,AT2,AT22,AT225,West- und Südsteiermark,92.28,0.650246913579998,0.807222222221665,2579.11,-4.15679012344998,-6.09629629629998
AT8580,Austria,AT,AT2,AT22,AT225,West- und Südsteiermark,92.28,0.650246913579998,0.807222222221665,2579.11,-4.15679012344998,-6.09629629629998
AT8582,Austria,AT,AT2,AT22,AT225,West- und Südsteiermark,92.28,0.650246913579998,0.807222222221665,2579.11,-4.15679012344998,-6.09629629629998
AT8583,Austria,AT,AT2,AT22,AT225,West- und Südsteiermark,92.28,0.650246913579998,0.807222222221665,2579.11,-4.15679012344998,-6.09629629629998
AT8584,Austria,AT,AT2,AT22,AT225,West- und Südsteiermark,92.28,0.650246913579998,0.807222222221665,2579.11,-4.15679012344998,-6.09629629629998
AT8591,Austria,AT,AT2,AT22,AT225,West- und Südsteiermark,92.28,0.650246913579998,0.807222222221665,2579.11,-4.15679012344998,-6.09629629629998
AT8592,Austria,AT,AT2,AT22,AT225,West- und Südsteiermark,92.28,0.650246913579998,0.807222222221665,2579.11,-4.15679012344998,-6.09629629629998
AT8593,Austria,AT,AT2,AT22,AT225,West- und Südsteiermark,92.28,0.650246913579998,0.807222222221665,2579.11,-4.15679012344998,-6.09629629629998
AT4084,Austria,AT,AT3,AT31,AT311,Innviertel,41.78,0.66393939394,0.872121212121665,2580.52,-4.27424242425,-6.38126262626667
AT4085,Austria,AT,AT3,AT31,AT311,Innviertel,41.78,0.66393939394,0.872121212121665,2580.52,-4.27424242425,-6.38126262626667
AT4090,Austria,AT,AT3,AT31,AT311,Innviertel,41.78,0.66393939394,0.872121212121665,2580.52,-4.27424242425,-6.38126262626667
AT4091,Austria,AT,AT3,AT31,AT311,Innviertel,41.78,0.66393939394,0.872121212121665,2580.52,-4.27424242425,-6.38126262626667
AT4092,Austria,AT,AT3,AT31,AT311,Innviertel,41.78,0.66393939394,0.872121212121665,2580.52,-4.27424242425,-6.38126262626667
AT4633,Austria,AT,AT3,AT31,AT311,Innviertel,41.78,0.66393939394,0.872121212121665,2580.52,-4.27424242425,-6.38126262626667
AT4673,Austria,AT,AT3,AT31,AT311,Innviertel,41.78,0.66393939394,0.872121212121665,2580.52,-4.27424242425,-6.38126262626667
AT4674,Austria,AT,AT3,AT31,AT311,Innviertel,41.78,0.66393939394,0.872121212121665,2580.52,-4.27424242425,-6.38126262626667
AT4675,Austria,AT,AT3,AT31,AT311,Innviertel,41.78,0.66393939394,0.872121212121665,2580.52,-4.27424242425,-6.38126262626667
AT4676,Austria,AT,AT3,AT31,AT311,Innviertel,41.78,0.66393939394,0.872121212121665,2580.52,-4.27424242425,-6.38126262626667
AT4680,Austria,AT,AT3,AT31,AT311,Innviertel,41.78,0.66393939394,0.872121212121665,2580.52,-4.27424242425,-6.38126262626667
AT4681,Austria,AT,AT3,AT31,AT311,Innviertel,41.78,0.66393939394,0.872121212121665,2580.52,-4.27424242425,-6.38126262626667
AT4682,Austria,AT,AT3,AT31,AT311,Innviertel,41.78,0.66393939394,0.872121212121665,2580.52,-4.27424242425,-6.38126262626667
AT4701,Austria,AT,AT3,AT31,AT311,Innviertel,41.78,0.66393939394,0.872121212121665,2580.52,-4.27424242425,-6.38126262626667
AT4702,Austria,AT,AT3,AT31,AT311,Innviertel,41.78,0.66393939394,0.872121212121665,2580.52,-4.27424242425,-6.38126262626667
AT4707,Austria,AT,AT3,AT31,AT311,Innviertel,41.78,0.66393939394,0.872121212121665,2580.52,-4.27424242425,-6.38126262626667
AT4710,Austria,AT,AT3,AT31,AT311,Innviertel,41.78,0.66393939394,0.872121212121665,2580.52,-4.27424242425,-6.38126262626667
AT4712,Austria,AT,AT3,AT31,AT311,Innviertel,41.78,0.66393939394,0.872121212121665,2580.52,-4.27424242425,-6.38126262626667
AT4713,Austria,AT,AT3,AT31,AT311,Innviertel,41.78,0.66393939394,0.872121212121665,2580.52,-4.27424242425,-6.38126262626667
AT4714,Austria,AT,AT3,AT31,AT311,Innviertel,41.78,0.66393939394,0.872121212121665,2580.52,-4.27424242425,-6.38126262626667
AT4715,Austria,AT,AT3,AT31,AT311,Innviertel,41.78,0.66393939394,0.872121212121665,2580.52,-4.27424242425,-6.38126262626667
AT4716,Austria,AT,AT3,AT31,AT311,Innviertel,41.78,0.66393939394,0.872121212121665,2580.52,-4.27424242425,-6.38126262626667
AT4720,Austria,AT,AT3,AT31,AT311,Innviertel,41.78,0.66393939394,0.872121212121665,2580.52,-4.27424242425,-6.38126262626667
AT4721,Austria,AT,AT3,AT31,AT311,Innviertel,41.78,0.66393939394,0.872121212121665,2580.52,-4.27424242425,-6.38126262626667
AT4722,Austria,AT,AT3,AT31,AT311,Innviertel,41.78,0.66393939394,0.872121212121665,2580.52,-4.27424242425,-6.38126262626667
AT4723,Austria,AT,AT3,AT31,AT311,Innviertel,41.78,0.66393939394,0.872121212121665,2580.52,-4.27424242425,-6.38126262626667
AT4724,Austria,AT,AT3,AT31,AT311,Innviertel,41.78,0.66393939394,0.872121212121665,2580.52,-4.27424242425,-6.38126262626667
AT4725,Austria,AT,AT3,AT31,AT311,Innviertel,41.78,0.66393939394,0.872121212121665,2580.52,-4.27424242425,-6.38126262626667
AT4730,Austria,AT,AT3,AT31,AT311,Innviertel,41.78,0.66393939394,0.872121212121665,2580.52,-4.27424242425,-6.38126262626667
AT4732,Austria,AT,AT3,AT31,AT311,Innviertel,41.78,0.66393939394,0.872121212121665,2580.52,-4.27424242425,-6.38126262626667
AT4733,Austria,AT,AT3,AT31,AT311,Innviertel,41.78,0.66393939394,0.872121212121665,2580.52,-4.27424242425,-6.38126262626667
AT4741,Austria,AT,AT3,AT31,AT311,Innviertel,41.78,0.66393939394,0.872121212121665,2580.52,-4.27424242425,-6.38126262626667
AT4742,Austria,AT,AT3,AT31,AT311,Innviertel,41.78,0.66393939394,0.872121212121665,2580.52,-4.27424242425,-6.38126262626667
AT4743,Austria,AT,AT3,AT31,AT311,Innviertel,41.78,0.66393939394,0.872121212121665,2580.52,-4.27424242425,-6.38126262626667
AT4751,Austria,AT,AT3,AT31,AT311,Innviertel,41.78,0.66393939394,0.872121212121665,2580.52,-4.27424242425,-6.38126262626667
AT4752,Austria,AT,AT3,AT31,AT311,Innviertel,41.78,0.66393939394,0.872121212121665,2580.52,-4.27424242425,-6.38126262626667
AT4753,Austria,AT,AT3,AT31,AT311,Innviertel,41.78,0.66393939394,0.872121212121665,2580.52,-4.27424242425,-6.38126262626667
AT4754,Austria,AT,AT3,AT31,AT311,Innviertel,41.78,0.66393939394,0.872121212121665,2580.52,-4.27424242425,-6.38126262626667
AT4755,Austria,AT,AT3,AT31,AT311,Innviertel,41.78,0.66393939394,0.872121212121665,2580.52,-4.27424242425,-6.38126262626667
AT4760,Austria,AT,AT3,AT31,AT311,Innviertel,41.78,0.66393939394,0.872121212121665,2580.52,-4.27424242425,-6.38126262626667
AT4761,Austria,AT,AT3,AT31,AT311,Innviertel,41.78,0.66393939394,0.872121212121665,2580.52,-4.27424242425,-6.38126262626667
AT4762,Austria,AT,AT3,AT31,AT311,Innviertel,41.78,0.66393939394,0.872121212121665,2580.52,-4.27424242425,-6.38126262626667
AT4770,Austria,AT,AT3,AT31,AT311,Innviertel,41.78,0.66393939394,0.872121212121665,2580.52,-4.27424242425,-6.38126262626667
AT4771,Austria,AT,AT3,AT31,AT311,Innviertel,41.78,0.66393939394,0.872121212121665,2580.52,-4.27424242425,-6.38126262626667
AT4772,Austria,AT,AT3,AT31,AT311,Innviertel,41.78,0.66393939394,0.872121212121665,2580.52,-4.27424242425,-6.38126262626667
AT4773,Austria,AT,AT3,AT31,AT311,Innviertel,41.78,0.66393939394,0.872121212121665,2580.52,-4.27424242425,-6.38126262626667
AT4774,Austria,AT,AT3,AT31,AT311,Innviertel,41.78,0.66393939394,0.872121212121665,2580.52,-4.27424242425,-6.38126262626667
AT4775,Austria,AT,AT3,AT31,AT311,Innviertel,41.78,0.66393939394,0.872121212121665,2580.52,-4.27424242425,-6.38126262626667
AT4776,Austria,AT,AT3,AT31,AT311,Innviertel,41.78,0.66393939394,0.872121212121665,2580.52,-4.27424242425,-6.38126262626667
AT4777,Austria,AT,AT3,AT31,AT311,Innviertel,41.78,0.66393939394,0.872121212121665,2580.52,-4.27424242425,-6.38126262626667
AT4780,Austria,AT,AT3,AT31,AT311,Innviertel,41.78,0.66393939394,0.872121212121665,2580.52,-4.27424242425,-6.38126262626667
AT4782,Austria,AT,AT3,AT31,AT311,Innviertel,41.78,0.66393939394,0.872121212121665,2580.52,-4.27424242425,-6.38126262626667
AT4783,Austria,AT,AT3,AT31,AT311,Innviertel,41.78,0.66393939394,0.872121212121665,2580.52,-4.27424242425,-6.38126262626667
AT4784,Austria,AT,AT3,AT31,AT311,Innviertel,41.78,0.66393939394,0.872121212121665,2580.52,-4.27424242425,-6.38126262626667
AT4785,Austria,AT,AT3,AT31,AT311,Innviertel,41.78,0.66393939394,0.872121212121665,2580.52,-4.27424242425,-6.38126262626667
AT4786,Austria,AT,AT3,AT31,AT311,Innviertel,41.78,0.66393939394,0.872121212121665,2580.52,-4.27424242425,-6.38126262626667
AT4791,Austria,AT,AT3,AT31,AT311,Innviertel,41.78,0.66393939394,0.872121212121665,2580.52,-4.27424242425,-6.38126262626667
AT4792,Austria,AT,AT3,AT31,AT311,Innviertel,41.78,0.66393939394,0.872121212121665,2580.52,-4.27424242425,-6.38126262626667
AT4793,Austria,AT,AT3,AT31,AT311,Innviertel,41.78,0.66393939394,0.872121212121665,2580.52,-4.27424242425,-6.38126262626667
AT4794,Austria,AT,AT3,AT31,AT311,Innviertel,41.78,0.66393939394,0.872121212121665,2580.52,-4.27424242425,-6.38126262626667
AT4906,Austria,AT,AT3,AT31,AT311,Innviertel,41.78,0.66393939394,0.872121212121665,2580.52,-4.27424242425,-6.38126262626667
AT4910,Austria,AT,AT3,AT31,AT311,Innviertel,41.78,0.66393939394,0.872121212121665,2580.52,-4.27424242425,-6.38126262626667
AT4911,Austria,AT,AT3,AT31,AT311,Innviertel,41.78,0.66393939394,0.872121212121665,2580.52,-4.27424242425,-6.38126262626667
AT4912,Austria,AT,AT3,AT31,AT311,Innviertel,41.78,0.66393939394,0.872121212121665,2580.52,-4.27424242425,-6.38126262626667
AT4920,Austria,AT,AT3,AT31,AT311,Innviertel,41.78,0.66393939394,0.872121212121665,2580.52,-4.27424242425,-6.38126262626667
AT4921,Austria,AT,AT3,AT31,AT311,Innviertel,41.78,0.66393939394,0.872121212121665,2580.52,-4.27424242425,-6.38126262626667
AT4922,Austria,AT,AT3,AT31,AT311,Innviertel,41.78,0.66393939394,0.872121212121665,2580.52,-4.27424242425,-6.38126262626667
AT4923,Austria,AT,AT3,AT31,AT311,Innviertel,41.78,0.66393939394,0.872121212121665,2580.52,-4.27424242425,-6.38126262626667
AT4924,Austria,AT,AT3,AT31,AT311,Innviertel,41.78,0.66393939394,0.872121212121665,2580.52,-4.27424242425,-6.38126262626667
AT4925,Austria,AT,AT3,AT31,AT311,Innviertel,41.78,0.66393939394,0.872121212121665,2580.52,-4.27424242425,-6.38126262626667
AT4926,Austria,AT,AT3,AT31,AT311,Innviertel,41.78,0.66393939394,0.872121212121665,2580.52,-4.27424242425,-6.38126262626667
AT4931,Austria,AT,AT3,AT31,AT311,Innviertel,41.78,0.66393939394,0.872121212121665,2580.52,-4.27424242425,-6.38126262626667
AT4932,Austria,AT,AT3,AT31,AT311,Innviertel,41.78,0.66393939394,0.872121212121665,2580.52,-4.27424242425,-6.38126262626667
AT4933,Austria,AT,AT3,AT31,AT311,Innviertel,41.78,0.66393939394,0.872121212121665,2580.52,-4.27424242425,-6.38126262626667
AT4941,Austria,AT,AT3,AT31,AT311,Innviertel,41.78,0.66393939394,0.872121212121665,2580.52,-4.27424242425,-6.38126262626667
AT4942,Austria,AT,AT3,AT31,AT311,Innviertel,41.78,0.66393939394,0.872121212121665,2580.52,-4.27424242425,-6.38126262626667
AT4943,Austria,AT,AT3,AT31,AT311,Innviertel,41.78,0.66393939394,0.872121212121665,2580.52,-4.27424242425,-6.38126262626667
AT4950,Austria,AT,AT3,AT31,AT311,Innviertel,41.78,0.66393939394,0.872121212121665,2580.52,-4.27424242425,-6.38126262626667
AT4951,Austria,AT,AT3,AT31,AT311,Innviertel,41.78,0.66393939394,0.872121212121665,2580.52,-4.27424242425,-6.38126262626667
AT4952,Austria,AT,AT3,AT31,AT311,Innviertel,41.78,0.66393939394,0.872121212121665,2580.52,-4.27424242425,-6.38126262626667
AT4961,Austria,AT,AT3,AT31,AT311,Innviertel,41.78,0.66393939394,0.872121212121665,2580.52,-4.27424242425,-6.38126262626667
AT4962,Austria,AT,AT3,AT31,AT311,Innviertel,41.78,0.66393939394,0.872121212121665,2580.52,-4.27424242425,-6.38126262626667
AT4963,Austria,AT,AT3,AT31,AT311,Innviertel,41.78,0.66393939394,0.872121212121665,2580.52,-4.27424242425,-6.38126262626667
AT4970,Austria,AT,AT3,AT31,AT311,Innviertel,41.78,0.66393939394,0.872121212121665,2580.52,-4.27424242425,-6.38126262626667
AT4971,Austria,AT,AT3,AT31,AT311,Innviertel,41.78,0.66393939394,0.872121212121665,2580.52,-4.27424242425,-6.38126262626667
AT4972,Austria,AT,AT3,AT31,AT311,Innviertel,41.78,0.66393939394,0.872121212121665,2580.52,-4.27424242425,-6.38126262626667
AT4973,Austria,AT,AT3,AT31,AT311,Innviertel,41.78,0.66393939394,0.872121212121665,2580.52,-4.27424242425,-6.38126262626667
AT4974,Austria,AT,AT3,AT31,AT311,Innviertel,41.78,0.66393939394,0.872121212121665,2580.52,-4.27424242425,-6.38126262626667
AT4975,Austria,AT,AT3,AT31,AT311,Innviertel,41.78,0.66393939394,0.872121212121665,2580.52,-4.27424242425,-6.38126262626667
AT4980,Austria,AT,AT3,AT31,AT311,Innviertel,41.78,0.66393939394,0.872121212121665,2580.52,-4.27424242425,-6.38126262626667
AT4981,Austria,AT,AT3,AT31,AT311,Innviertel,41.78,0.66393939394,0.872121212121665,2580.52,-4.27424242425,-6.38126262626667
AT4982,Austria,AT,AT3,AT31,AT311,Innviertel,41.78,0.66393939394,0.872121212121665,2580.52,-4.27424242425,-6.38126262626667
AT4983,Austria,AT,AT3,AT31,AT311,Innviertel,41.78,0.66393939394,0.872121212121665,2580.52,-4.27424242425,-6.38126262626667
AT4984,Austria,AT,AT3,AT31,AT311,Innviertel,41.78,0.66393939394,0.872121212121665,2580.52,-4.27424242425,-6.38126262626667
AT5120,Austria,AT,AT3,AT31,AT311,Innviertel,41.78,0.66393939394,0.872121212121665,2580.52,-4.27424242425,-6.38126262626667
AT5121,Austria,AT,AT3,AT31,AT311,Innviertel,41.78,0.66393939394,0.872121212121665,2580.52,-4.27424242425,-6.38126262626667
AT5122,Austria,AT,AT3,AT31,AT311,Innviertel,41.78,0.66393939394,0.872121212121665,2580.52,-4.27424242425,-6.38126262626667
AT5131,Austria,AT,AT3,AT31,AT311,Innviertel,41.78,0.66393939394,0.872121212121665,2580.52,-4.27424242425,-6.38126262626667
AT5132,Austria,AT,AT3,AT31,AT311,Innviertel,41.78,0.66393939394,0.872121212121665,2580.52,-4.27424242425,-6.38126262626667
AT5133,Austria,AT,AT3,AT31,AT311,Innviertel,41.78,0.66393939394,0.872121212121665,2580.52,-4.27424242425,-6.38126262626667
AT5134,Austria,AT,AT3,AT31,AT311,Innviertel,41.78,0.66393939394,0.872121212121665,2580.52,-4.27424242425,-6.38126262626667
AT5141,Austria,AT,AT3,AT31,AT311,Innviertel,41.78,0.66393939394,0.872121212121665,2580.52,-4.27424242425,-6.38126262626667
AT5142,Austria,AT,AT3,AT31,AT311,Innviertel,41.78,0.66393939394,0.872121212121665,2580.52,-4.27424242425,-6.38126262626667
AT5143,Austria,AT,AT3,AT31,AT311,Innviertel,41.78,0.66393939394,0.872121212121665,2580.52,-4.27424242425,-6.38126262626667
AT5144,Austria,AT,AT3,AT31,AT311,Innviertel,41.78,0.66393939394,0.872121212121665,2580.52,-4.27424242425,-6.38126262626667
AT5145,Austria,AT,AT3,AT31,AT311,Innviertel,41.78,0.66393939394,0.872121212121665,2580.52,-4.27424242425,-6.38126262626667
AT5166,Austria,AT,AT3,AT31,AT311,Innviertel,41.78,0.66393939394,0.872121212121665,2580.52,-4.27424242425,-6.38126262626667
AT5211,Austria,AT,AT3,AT31,AT311,Innviertel,41.78,0.66393939394,0.872121212121665,2580.52,-4.27424242425,-6.38126262626667
AT5212,Austria,AT,AT3,AT31,AT311,Innviertel,41.78,0.66393939394,0.872121212121665,2580.52,-4.27424242425,-6.38126262626667
AT5221,Austria,AT,AT3,AT31,AT311,Innviertel,41.78,0.66393939394,0.872121212121665,2580.52,-4.27424242425,-6.38126262626667
AT5222,Austria,AT,AT3,AT31,AT311,Innviertel,41.78,0.66393939394,0.872121212121665,2580.52,-4.27424242425,-6.38126262626667
AT5223,Austria,AT,AT3,AT31,AT311,Innviertel,41.78,0.66393939394,0.872121212121665,2580.52,-4.27424242425,-6.38126262626667
AT5224,Austria,AT,AT3,AT31,AT311,Innviertel,41.78,0.66393939394,0.872121212121665,2580.52,-4.27424242425,-6.38126262626667
AT5225,Austria,AT,AT3,AT31,AT311,Innviertel,41.78,0.66393939394,0.872121212121665,2580.52,-4.27424242425,-6.38126262626667
AT5230,Austria,AT,AT3,AT31,AT311,Innviertel,41.78,0.66393939394,0.872121212121665,2580.52,-4.27424242425,-6.38126262626667
AT5231,Austria,AT,AT3,AT31,AT311,Innviertel,41.78,0.66393939394,0.872121212121665,2580.52,-4.27424242425,-6.38126262626667
AT5232,Austria,AT,AT3,AT31,AT311,Innviertel,41.78,0.66393939394,0.872121212121665,2580.52,-4.27424242425,-6.38126262626667
AT5233,Austria,AT,AT3,AT31,AT311,Innviertel,41.78,0.66393939394,0.872121212121665,2580.52,-4.27424242425,-6.38126262626667
AT5241,Austria,AT,AT3,AT31,AT311,Innviertel,41.78,0.66393939394,0.872121212121665,2580.52,-4.27424242425,-6.38126262626667
AT5242,Austria,AT,AT3,AT31,AT311,Innviertel,41.78,0.66393939394,0.872121212121665,2580.52,-4.27424242425,-6.38126262626667
AT5251,Austria,AT,AT3,AT31,AT311,Innviertel,41.78,0.66393939394,0.872121212121665,2580.52,-4.27424242425,-6.38126262626667
AT5252,Austria,AT,AT3,AT31,AT311,Innviertel,41.78,0.66393939394,0.872121212121665,2580.52,-4.27424242425,-6.38126262626667
AT5261,Austria,AT,AT3,AT31,AT311,Innviertel,41.78,0.66393939394,0.872121212121665,2580.52,-4.27424242425,-6.38126262626667
AT5270,Austria,AT,AT3,AT31,AT311,Innviertel,41.78,0.66393939394,0.872121212121665,2580.52,-4.27424242425,-6.38126262626667
AT5271,Austria,AT,AT3,AT31,AT311,Innviertel,41.78,0.66393939394,0.872121212121665,2580.52,-4.27424242425,-6.38126262626667
AT5272,Austria,AT,AT3,AT31,AT311,Innviertel,41.78,0.66393939394,0.872121212121665,2580.52,-4.27424242425,-6.38126262626667
AT5273,Austria,AT,AT3,AT31,AT311,Innviertel,41.78,0.66393939394,0.872121212121665,2580.52,-4.27424242425,-6.38126262626667
AT5274,Austria,AT,AT3,AT31,AT311,Innviertel,41.78,0.66393939394,0.872121212121665,2580.52,-4.27424242425,-6.38126262626667
AT5280,Austria,AT,AT3,AT31,AT311,Innviertel,41.78,0.66393939394,0.872121212121665,2580.52,-4.27424242425,-6.38126262626667
AT5282,Austria,AT,AT3,AT31,AT311,Innviertel,41.78,0.66393939394,0.872121212121665,2580.52,-4.27424242425,-6.38126262626667
AT4020,Austria,AT,AT3,AT31,AT312,Linz-Wels,93.3,0.62746031746,0.802142857143332,2611.09,-4.42611111111665,-6.63261904761667
AT4030,Austria,AT,AT3,AT31,AT312,Linz-Wels,93.3,0.62746031746,0.802142857143332,2611.09,-4.42611111111665,-6.63261904761667
AT4040,Austria,AT,AT3,AT31,AT312,Linz-Wels,93.3,0.62746031746,0.802142857143332,2611.09,-4.42611111111665,-6.63261904761667
AT4048,Austria,AT,AT3,AT31,AT312,Linz-Wels,93.3,0.62746031746,0.802142857143332,2611.09,-4.42611111111665,-6.63261904761667
AT4050,Austria,AT,AT3,AT31,AT312,Linz-Wels,93.3,0.62746031746,0.802142857143332,2611.09,-4.42611111111665,-6.63261904761667
AT4052,Austria,AT,AT3,AT31,AT312,Linz-Wels,93.3,0.62746031746,0.802142857143332,2611.09,-4.42611111111665,-6.63261904761667
AT4053,Austria,AT,AT3,AT31,AT312,Linz-Wels,93.3,0.62746031746,0.802142857143332,2611.09,-4.42611111111665,-6.63261904761667
AT4055,Austria,AT,AT3,AT31,AT312,Linz-Wels,93.3,0.62746031746,0.802142857143332,2611.09,-4.42611111111665,-6.63261904761667
AT4060,Austria,AT,AT3,AT31,AT312,Linz-Wels,93.3,0.62746031746,0.802142857143332,2611.09,-4.42611111111665,-6.63261904761667
AT4061,Austria,AT,AT3,AT31,AT312,Linz-Wels,93.3,0.62746031746,0.802142857143332,2611.09,-4.42611111111665,-6.63261904761667
AT4062,Austria,AT,AT3,AT31,AT312,Linz-Wels,93.3,0.62746031746,0.802142857143332,2611.09,-4.42611111111665,-6.63261904761667
AT4063,Austria,AT,AT3,AT31,AT312,Linz-Wels,93.3,0.62746031746,0.802142857143332,2611.09,-4.42611111111665,-6.63261904761667
AT4064,Austria,AT,AT3,AT31,AT312,Linz-Wels,93.3,0.62746031746,0.802142857143332,2611.09,-4.42611111111665,-6.63261904761667
AT4070,Austria,AT,AT3,AT31,AT312,Linz-Wels,93.3,0.62746031746,0.802142857143332,2611.09,-4.42611111111665,-6.63261904761667
AT4072,Austria,AT,AT3,AT31,AT312,Linz-Wels,93.3,0.62746031746,0.802142857143332,2611.09,-4.42611111111665,-6.63261904761667
AT4073,Austria,AT,AT3,AT31,AT312,Linz-Wels,93.3,0.62746031746,0.802142857143332,2611.09,-4.42611111111665,-6.63261904761667
AT4074,Austria,AT,AT3,AT31,AT312,Linz-Wels,93.3,0.62746031746,0.802142857143332,2611.09,-4.42611111111665,-6.63261904761667
AT4075,Austria,AT,AT3,AT31,AT312,Linz-Wels,93.3,0.62746031746,0.802142857143332,2611.09,-4.42611111111665,-6.63261904761667
AT4076,Austria,AT,AT3,AT31,AT312,Linz-Wels,93.3,0.62746031746,0.802142857143332,2611.09,-4.42611111111665,-6.63261904761667
AT4081,Austria,AT,AT3,AT31,AT312,Linz-Wels,93.3,0.62746031746,0.802142857143332,2611.09,-4.42611111111665,-6.63261904761667
AT4082,Austria,AT,AT3,AT31,AT312,Linz-Wels,93.3,0.62746031746,0.802142857143332,2611.09,-4.42611111111665,-6.63261904761667
AT4083,Austria,AT,AT3,AT31,AT312,Linz-Wels,93.3,0.62746031746,0.802142857143332,2611.09,-4.42611111111665,-6.63261904761667
AT4100,Austria,AT,AT3,AT31,AT312,Linz-Wels,93.3,0.62746031746,0.802142857143332,2611.09,-4.42611111111665,-6.63261904761667
AT4101,Austria,AT,AT3,AT31,AT312,Linz-Wels,93.3,0.62746031746,0.802142857143332,2611.09,-4.42611111111665,-6.63261904761667
AT4102,Austria,AT,AT3,AT31,AT312,Linz-Wels,93.3,0.62746031746,0.802142857143332,2611.09,-4.42611111111665,-6.63261904761667
AT4111,Austria,AT,AT3,AT31,AT312,Linz-Wels,93.3,0.62746031746,0.802142857143332,2611.09,-4.42611111111665,-6.63261904761667
AT4112,Austria,AT,AT3,AT31,AT312,Linz-Wels,93.3,0.62746031746,0.802142857143332,2611.09,-4.42611111111665,-6.63261904761667
AT4175,Austria,AT,AT3,AT31,AT312,Linz-Wels,93.3,0.62746031746,0.802142857143332,2611.09,-4.42611111111665,-6.63261904761667
AT4201,Austria,AT,AT3,AT31,AT312,Linz-Wels,93.3,0.62746031746,0.802142857143332,2611.09,-4.42611111111665,-6.63261904761667
AT4202,Austria,AT,AT3,AT31,AT312,Linz-Wels,93.3,0.62746031746,0.802142857143332,2611.09,-4.42611111111665,-6.63261904761667
AT4203,Austria,AT,AT3,AT31,AT312,Linz-Wels,93.3,0.62746031746,0.802142857143332,2611.09,-4.42611111111665,-6.63261904761667
AT4209,Austria,AT,AT3,AT31,AT312,Linz-Wels,93.3,0.62746031746,0.802142857143332,2611.09,-4.42611111111665,-6.63261904761667
AT4210,Austria,AT,AT3,AT31,AT312,Linz-Wels,93.3,0.62746031746,0.802142857143332,2611.09,-4.42611111111665,-6.63261904761667
AT4211,Austria,AT,AT3,AT31,AT312,Linz-Wels,93.3,0.62746031746,0.802142857143332,2611.09,-4.42611111111665,-6.63261904761667
AT4221,Austria,AT,AT3,AT31,AT312,Linz-Wels,93.3,0.62746031746,0.802142857143332,2611.09,-4.42611111111665,-6.63261904761667
AT4470,Austria,AT,AT3,AT31,AT312,Linz-Wels,93.3,0.62746031746,0.802142857143332,2611.09,-4.42611111111665,-6.63261904761667
AT4481,Austria,AT,AT3,AT31,AT312,Linz-Wels,93.3,0.62746031746,0.802142857143332,2611.09,-4.42611111111665,-6.63261904761667
AT4483,Austria,AT,AT3,AT31,AT312,Linz-Wels,93.3,0.62746031746,0.802142857143332,2611.09,-4.42611111111665,-6.63261904761667
AT4484,Austria,AT,AT3,AT31,AT312,Linz-Wels,93.3,0.62746031746,0.802142857143332,2611.09,-4.42611111111665,-6.63261904761667
AT4490,Austria,AT,AT3,AT31,AT312,Linz-Wels,93.3,0.62746031746,0.802142857143332,2611.09,-4.42611111111665,-6.63261904761667
AT4491,Austria,AT,AT3,AT31,AT312,Linz-Wels,93.3,0.62746031746,0.802142857143332,2611.09,-4.42611111111665,-6.63261904761667
AT4492,Austria,AT,AT3,AT31,AT312,Linz-Wels,93.3,0.62746031746,0.802142857143332,2611.09,-4.42611111111665,-6.63261904761667
AT4501,Austria,AT,AT3,AT31,AT312,Linz-Wels,93.3,0.62746031746,0.802142857143332,2611.09,-4.42611111111665,-6.63261904761667
AT4502,Austria,AT,AT3,AT31,AT312,Linz-Wels,93.3,0.62746031746,0.802142857143332,2611.09,-4.42611111111665,-6.63261904761667
AT4511,Austria,AT,AT3,AT31,AT312,Linz-Wels,93.3,0.62746031746,0.802142857143332,2611.09,-4.42611111111665,-6.63261904761667
AT4531,Austria,AT,AT3,AT31,AT312,Linz-Wels,93.3,0.62746031746,0.802142857143332,2611.09,-4.42611111111665,-6.63261904761667
AT4533,Austria,AT,AT3,AT31,AT312,Linz-Wels,93.3,0.62746031746,0.802142857143332,2611.09,-4.42611111111665,-6.63261904761667
AT4600,Austria,AT,AT3,AT31,AT312,Linz-Wels,93.3,0.62746031746,0.802142857143332,2611.09,-4.42611111111665,-6.63261904761667
AT4611,Austria,AT,AT3,AT31,AT312,Linz-Wels,93.3,0.62746031746,0.802142857143332,2611.09,-4.42611111111665,-6.63261904761667
AT4612,Austria,AT,AT3,AT31,AT312,Linz-Wels,93.3,0.62746031746,0.802142857143332,2611.09,-4.42611111111665,-6.63261904761667
AT4613,Austria,AT,AT3,AT31,AT312,Linz-Wels,93.3,0.62746031746,0.802142857143332,2611.09,-4.42611111111665,-6.63261904761667
AT4614,Austria,AT,AT3,AT31,AT312,Linz-Wels,93.3,0.62746031746,0.802142857143332,2611.09,-4.42611111111665,-6.63261904761667
AT4615,Austria,AT,AT3,AT31,AT312,Linz-Wels,93.3,0.62746031746,0.802142857143332,2611.09,-4.42611111111665,-6.63261904761667
AT4616,Austria,AT,AT3,AT31,AT312,Linz-Wels,93.3,0.62746031746,0.802142857143332,2611.09,-4.42611111111665,-6.63261904761667
AT4621,Austria,AT,AT3,AT31,AT312,Linz-Wels,93.3,0.62746031746,0.802142857143332,2611.09,-4.42611111111665,-6.63261904761667
AT4622,Austria,AT,AT3,AT31,AT312,Linz-Wels,93.3,0.62746031746,0.802142857143332,2611.09,-4.42611111111665,-6.63261904761667
AT4623,Austria,AT,AT3,AT31,AT312,Linz-Wels,93.3,0.62746031746,0.802142857143332,2611.09,-4.42611111111665,-6.63261904761667
AT4624,Austria,AT,AT3,AT31,AT312,Linz-Wels,93.3,0.62746031746,0.802142857143332,2611.09,-4.42611111111665,-6.63261904761667
AT4625,Austria,AT,AT3,AT31,AT312,Linz-Wels,93.3,0.62746031746,0.802142857143332,2611.09,-4.42611111111665,-6.63261904761667
AT4631,Austria,AT,AT3,AT31,AT312,Linz-Wels,93.3,0.62746031746,0.802142857143332,2611.09,-4.42611111111665,-6.63261904761667
AT4632,Austria,AT,AT3,AT31,AT312,Linz-Wels,93.3,0.62746031746,0.802142857143332,2611.09,-4.42611111111665,-6.63261904761667
AT4641,Austria,AT,AT3,AT31,AT312,Linz-Wels,93.3,0.62746031746,0.802142857143332,2611.09,-4.42611111111665,-6.63261904761667
AT4642,Austria,AT,AT3,AT31,AT312,Linz-Wels,93.3,0.62746031746,0.802142857143332,2611.09,-4.42611111111665,-6.63261904761667
AT4650,Austria,AT,AT3,AT31,AT312,Linz-Wels,93.3,0.62746031746,0.802142857143332,2611.09,-4.42611111111665,-6.63261904761667
AT4651,Austria,AT,AT3,AT31,AT312,Linz-Wels,93.3,0.62746031746,0.802142857143332,2611.09,-4.42611111111665,-6.63261904761667
AT4652,Austria,AT,AT3,AT31,AT312,Linz-Wels,93.3,0.62746031746,0.802142857143332,2611.09,-4.42611111111665,-6.63261904761667
AT4653,Austria,AT,AT3,AT31,AT312,Linz-Wels,93.3,0.62746031746,0.802142857143332,2611.09,-4.42611111111665,-6.63261904761667
AT4654,Austria,AT,AT3,AT31,AT312,Linz-Wels,93.3,0.62746031746,0.802142857143332,2611.09,-4.42611111111665,-6.63261904761667
AT4671,Austria,AT,AT3,AT31,AT312,Linz-Wels,93.3,0.62746031746,0.802142857143332,2611.09,-4.42611111111665,-6.63261904761667
AT4672,Austria,AT,AT3,AT31,AT312,Linz-Wels,93.3,0.62746031746,0.802142857143332,2611.09,-4.42611111111665,-6.63261904761667
AT4731,Austria,AT,AT3,AT31,AT312,Linz-Wels,93.3,0.62746031746,0.802142857143332,2611.09,-4.42611111111665,-6.63261904761667
AT8715,Austria,AT,AT2,AT22,AT226,Westliche Obersteiermark,8.28,0.1514864864865,0.215180180179998,3540.16,-4.08972972973333,-6.32846846846665
AT8720,Austria,AT,AT2,AT22,AT226,Westliche Obersteiermark,8.28,0.1514864864865,0.215180180179998,3540.16,-4.08972972973333,-6.32846846846665
AT8723,Austria,AT,AT2,AT22,AT226,Westliche Obersteiermark,8.28,0.1514864864865,0.215180180179998,3540.16,-4.08972972973333,-6.32846846846665
AT8724,Austria,AT,AT2,AT22,AT226,Westliche Obersteiermark,8.28,0.1514864864865,0.215180180179998,3540.16,-4.08972972973333,-6.32846846846665
AT8731,Austria,AT,AT2,AT22,AT226,Westliche Obersteiermark,8.28,0.1514864864865,0.215180180179998,3540.16,-4.08972972973333,-6.32846846846665
AT8732,Austria,AT,AT2,AT22,AT226,Westliche Obersteiermark,8.28,0.1514864864865,0.215180180179998,3540.16,-4.08972972973333,-6.32846846846665
AT8733,Austria,AT,AT2,AT22,AT226,Westliche Obersteiermark,8.28,0.1514864864865,0.215180180179998,3540.16,-4.08972972973333,-6.32846846846665
AT8734,Austria,AT,AT2,AT22,AT226,Westliche Obersteiermark,8.28,0.1514864864865,0.215180180179998,3540.16,-4.08972972973333,-6.32846846846665
AT8740,Austria,AT,AT2,AT22,AT226,Westliche Obersteiermark,8.28,0.1514864864865,0.215180180179998,3540.16,-4.08972972973333,-6.32846846846665
AT8741,Austria,AT,AT2,AT22,AT226,Westliche Obersteiermark,8.28,0.1514864864865,0.215180180179998,3540.16,-4.08972972973333,-6.32846846846665
AT8742,Austria,AT,AT2,AT22,AT226,Westliche Obersteiermark,8.28,0.1514864864865,0.215180180179998,3540.16,-4.08972972973333,-6.32846846846665
AT8750,Austria,AT,AT2,AT22,AT226,Westliche Obersteiermark,8.28,0.1514864864865,0.215180180179998,3540.16,-4.08972972973333,-6.32846846846665
AT8753,Austria,AT,AT2,AT22,AT226,Westliche Obersteiermark,8.28,0.1514864864865,0.215180180179998,3540.16,-4.08972972973333,-6.32846846846665
AT8754,Austria,AT,AT2,AT22,AT226,Westliche Obersteiermark,8.28,0.1514864864865,0.215180180179998,3540.16,-4.08972972973333,-6.32846846846665
AT8755,Austria,AT,AT2,AT22,AT226,Westliche Obersteiermark,8.28,0.1514864864865,0.215180180179998,3540.16,-4.08972972973333,-6.32846846846665
AT8756,Austria,AT,AT2,AT22,AT226,Westliche Obersteiermark,8.28,0.1514864864865,0.215180180179998,3540.16,-4.08972972973333,-6.32846846846665
AT8761,Austria,AT,AT2,AT22,AT226,Westliche Obersteiermark,8.28,0.1514864864865,0.215180180179998,3540.16,-4.08972972973333,-6.32846846846665
AT8762,Austria,AT,AT2,AT22,AT226,Westliche Obersteiermark,8.28,0.1514864864865,0.215180180179998,3540.16,-4.08972972973333,-6.32846846846665
AT8763,Austria,AT,AT2,AT22,AT226,Westliche Obersteiermark,8.28,0.1514864864865,0.215180180179998,3540.16,-4.08972972973333,-6.32846846846665
AT8764,Austria,AT,AT2,AT22,AT226,Westliche Obersteiermark,8.28,0.1514864864865,0.215180180179998,3540.16,-4.08972972973333,-6.32846846846665
AT8765,Austria,AT,AT2,AT22,AT226,Westliche Obersteiermark,8.28,0.1514864864865,0.215180180179998,3540.16,-4.08972972973333,-6.32846846846665
AT8785,Austria,AT,AT2,AT22,AT226,Westliche Obersteiermark,8.28,0.1514864864865,0.215180180179998,3540.16,-4.08972972973333,-6.32846846846665
AT8800,Austria,AT,AT2,AT22,AT226,Westliche Obersteiermark,8.28,0.1514864864865,0.215180180179998,3540.16,-4.08972972973333,-6.32846846846665
AT8811,Austria,AT,AT2,AT22,AT226,Westliche Obersteiermark,8.28,0.1514864864865,0.215180180179998,3540.16,-4.08972972973333,-6.32846846846665
AT8812,Austria,AT,AT2,AT22,AT226,Westliche Obersteiermark,8.28,0.1514864864865,0.215180180179998,3540.16,-4.08972972973333,-6.32846846846665
AT8813,Austria,AT,AT2,AT22,AT226,Westliche Obersteiermark,8.28,0.1514864864865,0.215180180179998,3540.16,-4.08972972973333,-6.32846846846665
AT8820,Austria,AT,AT2,AT22,AT226,Westliche Obersteiermark,8.28,0.1514864864865,0.215180180179998,3540.16,-4.08972972973333,-6.32846846846665
AT8822,Austria,AT,AT2,AT22,AT226,Westliche Obersteiermark,8.28,0.1514864864865,0.215180180179998,3540.16,-4.08972972973333,-6.32846846846665
AT8831,Austria,AT,AT2,AT22,AT226,Westliche Obersteiermark,8.28,0.1514864864865,0.215180180179998,3540.16,-4.08972972973333,-6.32846846846665
AT8832,Austria,AT,AT2,AT22,AT226,Westliche Obersteiermark,8.28,0.1514864864865,0.215180180179998,3540.16,-4.08972972973333,-6.32846846846665
AT8833,Austria,AT,AT2,AT22,AT226,Westliche Obersteiermark,8.28,0.1514864864865,0.215180180179998,3540.16,-4.08972972973333,-6.32846846846665
AT8841,Austria,AT,AT2,AT22,AT226,Westliche Obersteiermark,8.28,0.1514864864865,0.215180180179998,3540.16,-4.08972972973333,-6.32846846846665
AT8842,Austria,AT,AT2,AT22,AT226,Westliche Obersteiermark,8.28,0.1514864864865,0.215180180179998,3540.16,-4.08972972973333,-6.32846846846665
AT8843,Austria,AT,AT2,AT22,AT226,Westliche Obersteiermark,8.28,0.1514864864865,0.215180180179998,3540.16,-4.08972972973333,-6.32846846846665
AT8844,Austria,AT,AT2,AT22,AT226,Westliche Obersteiermark,8.28,0.1514864864865,0.215180180179998,3540.16,-4.08972972973333,-6.32846846846665
AT8850,Austria,AT,AT2,AT22,AT226,Westliche Obersteiermark,8.28,0.1514864864865,0.215180180179998,3540.16,-4.08972972973333,-6.32846846846665
AT8852,Austria,AT,AT2,AT22,AT226,Westliche Obersteiermark,8.28,0.1514864864865,0.215180180179998,3540.16,-4.08972972973333,-6.32846846846665
AT8853,Austria,AT,AT2,AT22,AT226,Westliche Obersteiermark,8.28,0.1514864864865,0.215180180179998,3540.16,-4.08972972973333,-6.32846846846665
AT8854,Austria,AT,AT2,AT22,AT226,Westliche Obersteiermark,8.28,0.1514864864865,0.215180180179998,3540.16,-4.08972972973333,-6.32846846846665
AT8861,Austria,AT,AT2,AT22,AT226,Westliche Obersteiermark,8.28,0.1514864864865,0.215180180179998,3540.16,-4.08972972973333,-6.32846846846665
AT8862,Austria,AT,AT2,AT22,AT226,Westliche Obersteiermark,8.28,0.1514864864865,0.215180180179998,3540.16,-4.08972972973333,-6.32846846846665
AT8863,Austria,AT,AT2,AT22,AT226,Westliche Obersteiermark,8.28,0.1514864864865,0.215180180179998,3540.16,-4.08972972973333,-6.32846846846665
AT8864,Austria,AT,AT2,AT22,AT226,Westliche Obersteiermark,8.28,0.1514864864865,0.215180180179998,3540.16,-4.08972972973333,-6.32846846846665
AT9323,Austria,AT,AT2,AT22,AT226,Westliche Obersteiermark,8.28,0.1514864864865,0.215180180179998,3540.16,-4.08972972973333,-6.32846846846665
AT5090,Austria,AT,AT3,AT32,AT322,Pinzgau-Pongau,0.15,0.0779166666666667,0.146153846153833,3713.4,-3.65701923076667,-5.89378205128333
AT5091,Austria,AT,AT3,AT32,AT322,Pinzgau-Pongau,0.15,0.0779166666666667,0.146153846153833,3713.4,-3.65701923076667,-5.89378205128333
AT5092,Austria,AT,AT3,AT32,AT322,Pinzgau-Pongau,0.15,0.0779166666666667,0.146153846153833,3713.4,-3.65701923076667,-5.89378205128333
AT5093,Austria,AT,AT3,AT32,AT322,Pinzgau-Pongau,0.15,0.0779166666666667,0.146153846153833,3713.4,-3.65701923076667,-5.89378205128333
AT5450,Austria,AT,AT3,AT32,AT322,Pinzgau-Pongau,0.15,0.0779166666666667,0.146153846153833,3713.4,-3.65701923076667,-5.89378205128333
AT5451,Austria,AT,AT3,AT32,AT322,Pinzgau-Pongau,0.15,0.0779166666666667,0.146153846153833,3713.4,-3.65701923076667,-5.89378205128333
AT5452,Austria,AT,AT3,AT32,AT322,Pinzgau-Pongau,0.15,0.0779166666666667,0.146153846153833,3713.4,-3.65701923076667,-5.89378205128333
AT5453,Austria,AT,AT3,AT32,AT322,Pinzgau-Pongau,0.15,0.0779166666666667,0.146153846153833,3713.4,-3.65701923076667,-5.89378205128333
AT5500,Austria,AT,AT3,AT32,AT322,Pinzgau-Pongau,0.15,0.0779166666666667,0.146153846153833,3713.4,-3.65701923076667,-5.89378205128333
AT5505,Austria,AT,AT3,AT32,AT322,Pinzgau-Pongau,0.15,0.0779166666666667,0.146153846153833,3713.4,-3.65701923076667,-5.89378205128333
AT5511,Austria,AT,AT3,AT32,AT322,Pinzgau-Pongau,0.15,0.0779166666666667,0.146153846153833,3713.4,-3.65701923076667,-5.89378205128333
AT5521,Austria,AT,AT3,AT32,AT322,Pinzgau-Pongau,0.15,0.0779166666666667,0.146153846153833,3713.4,-3.65701923076667,-5.89378205128333
AT5522,Austria,AT,AT3,AT32,AT322,Pinzgau-Pongau,0.15,0.0779166666666667,0.146153846153833,3713.4,-3.65701923076667,-5.89378205128333
AT5531,Austria,AT,AT3,AT32,AT322,Pinzgau-Pongau,0.15,0.0779166666666667,0.146153846153833,3713.4,-3.65701923076667,-5.89378205128333
AT5532,Austria,AT,AT3,AT32,AT322,Pinzgau-Pongau,0.15,0.0779166666666667,0.146153846153833,3713.4,-3.65701923076667,-5.89378205128333
AT5541,Austria,AT,AT3,AT32,AT322,Pinzgau-Pongau,0.15,0.0779166666666667,0.146153846153833,3713.4,-3.65701923076667,-5.89378205128333
AT5542,Austria,AT,AT3,AT32,AT322,Pinzgau-Pongau,0.15,0.0779166666666667,0.146153846153833,3713.4,-3.65701923076667,-5.89378205128333
AT5550,Austria,AT,AT3,AT32,AT322,Pinzgau-Pongau,0.15,0.0779166666666667,0.146153846153833,3713.4,-3.65701923076667,-5.89378205128333
AT5552,Austria,AT,AT3,AT32,AT322,Pinzgau-Pongau,0.15,0.0779166666666667,0.146153846153833,3713.4,-3.65701923076667,-5.89378205128333
AT5561,Austria,AT,AT3,AT32,AT322,Pinzgau-Pongau,0.15,0.0779166666666667,0.146153846153833,3713.4,-3.65701923076667,-5.89378205128333
AT5562,Austria,AT,AT3,AT32,AT322,Pinzgau-Pongau,0.15,0.0779166666666667,0.146153846153833,3713.4,-3.65701923076667,-5.89378205128333
AT5600,Austria,AT,AT3,AT32,AT322,Pinzgau-Pongau,0.15,0.0779166666666667,0.146153846153833,3713.4,-3.65701923076667,-5.89378205128333
AT5602,Austria,AT,AT3,AT32,AT322,Pinzgau-Pongau,0.15,0.0779166666666667,0.146153846153833,3713.4,-3.65701923076667,-5.89378205128333
AT5603,Austria,AT,AT3,AT32,AT322,Pinzgau-Pongau,0.15,0.0779166666666667,0.146153846153833,3713.4,-3.65701923076667,-5.89378205128333
AT5611,Austria,AT,AT3,AT32,AT322,Pinzgau-Pongau,0.15,0.0779166666666667,0.146153846153833,3713.4,-3.65701923076667,-5.89378205128333
AT5612,Austria,AT,AT3,AT32,AT322,Pinzgau-Pongau,0.15,0.0779166666666667,0.146153846153833,3713.4,-3.65701923076667,-5.89378205128333
AT5620,Austria,AT,AT3,AT32,AT322,Pinzgau-Pongau,0.15,0.0779166666666667,0.146153846153833,3713.4,-3.65701923076667,-5.89378205128333
AT5621,Austria,AT,AT3,AT32,AT322,Pinzgau-Pongau,0.15,0.0779166666666667,0.146153846153833,3713.4,-3.65701923076667,-5.89378205128333
AT5622,Austria,AT,AT3,AT32,AT322,Pinzgau-Pongau,0.15,0.0779166666666667,0.146153846153833,3713.4,-3.65701923076667,-5.89378205128333
AT5630,Austria,AT,AT3,AT32,AT322,Pinzgau-Pongau,0.15,0.0779166666666667,0.146153846153833,3713.4,-3.65701923076667,-5.89378205128333
AT5632,Austria,AT,AT3,AT32,AT322,Pinzgau-Pongau,0.15,0.0779166666666667,0.146153846153833,3713.4,-3.65701923076667,-5.89378205128333
AT5640,Austria,AT,AT3,AT32,AT322,Pinzgau-Pongau,0.15,0.0779166666666667,0.146153846153833,3713.4,-3.65701923076667,-5.89378205128333
AT5645,Austria,AT,AT3,AT32,AT322,Pinzgau-Pongau,0.15,0.0779166666666667,0.146153846153833,3713.4,-3.65701923076667,-5.89378205128333
AT5651,Austria,AT,AT3,AT32,AT322,Pinzgau-Pongau,0.15,0.0779166666666667,0.146153846153833,3713.4,-3.65701923076667,-5.89378205128333
AT5652,Austria,AT,AT3,AT32,AT322,Pinzgau-Pongau,0.15,0.0779166666666667,0.146153846153833,3713.4,-3.65701923076667,-5.89378205128333
AT5660,Austria,AT,AT3,AT32,AT322,Pinzgau-Pongau,0.15,0.0779166666666667,0.146153846153833,3713.4,-3.65701923076667,-5.89378205128333
AT5661,Austria,AT,AT3,AT32,AT322,Pinzgau-Pongau,0.15,0.0779166666666667,0.146153846153833,3713.4,-3.65701923076667,-5.89378205128333
AT5662,Austria,AT,AT3,AT32,AT322,Pinzgau-Pongau,0.15,0.0779166666666667,0.146153846153833,3713.4,-3.65701923076667,-5.89378205128333
AT5671,Austria,AT,AT3,AT32,AT322,Pinzgau-Pongau,0.15,0.0779166666666667,0.146153846153833,3713.4,-3.65701923076667,-5.89378205128333
AT5672,Austria,AT,AT3,AT32,AT322,Pinzgau-Pongau,0.15,0.0779166666666667,0.146153846153833,3713.4,-3.65701923076667,-5.89378205128333
AT5700,Austria,AT,AT3,AT32,AT322,Pinzgau-Pongau,0.15,0.0779166666666667,0.146153846153833,3713.4,-3.65701923076667,-5.89378205128333
AT5710,Austria,AT,AT3,AT32,AT322,Pinzgau-Pongau,0.15,0.0779166666666667,0.146153846153833,3713.4,-3.65701923076667,-5.89378205128333
AT5721,Austria,AT,AT3,AT32,AT322,Pinzgau-Pongau,0.15,0.0779166666666667,0.146153846153833,3713.4,-3.65701923076667,-5.89378205128333
AT5722,Austria,AT,AT3,AT32,AT322,Pinzgau-Pongau,0.15,0.0779166666666667,0.146153846153833,3713.4,-3.65701923076667,-5.89378205128333
AT5723,Austria,AT,AT3,AT32,AT322,Pinzgau-Pongau,0.15,0.0779166666666667,0.146153846153833,3713.4,-3.65701923076667,-5.89378205128333
AT5724,Austria,AT,AT3,AT32,AT322,Pinzgau-Pongau,0.15,0.0779166666666667,0.146153846153833,3713.4,-3.65701923076667,-5.89378205128333
AT5730,Austria,AT,AT3,AT32,AT322,Pinzgau-Pongau,0.15,0.0779166666666667,0.146153846153833,3713.4,-3.65701923076667,-5.89378205128333
AT5731,Austria,AT,AT3,AT32,AT322,Pinzgau-Pongau,0.15,0.0779166666666667,0.146153846153833,3713.4,-3.65701923076667,-5.89378205128333
AT5732,Austria,AT,AT3,AT32,AT322,Pinzgau-Pongau,0.15,0.0779166666666667,0.146153846153833,3713.4,-3.65701923076667,-5.89378205128333
AT5733,Austria,AT,AT3,AT32,AT322,Pinzgau-Pongau,0.15,0.0779166666666667,0.146153846153833,3713.4,-3.65701923076667,-5.89378205128333
AT5741,Austria,AT,AT3,AT32,AT322,Pinzgau-Pongau,0.15,0.0779166666666667,0.146153846153833,3713.4,-3.65701923076667,-5.89378205128333
AT5742,Austria,AT,AT3,AT32,AT322,Pinzgau-Pongau,0.15,0.0779166666666667,0.146153846153833,3713.4,-3.65701923076667,-5.89378205128333
AT5743,Austria,AT,AT3,AT32,AT322,Pinzgau-Pongau,0.15,0.0779166666666667,0.146153846153833,3713.4,-3.65701923076667,-5.89378205128333
AT5751,Austria,AT,AT3,AT32,AT322,Pinzgau-Pongau,0.15,0.0779166666666667,0.146153846153833,3713.4,-3.65701923076667,-5.89378205128333
AT5752,Austria,AT,AT3,AT32,AT322,Pinzgau-Pongau,0.15,0.0779166666666667,0.146153846153833,3713.4,-3.65701923076667,-5.89378205128333
AT5753,Austria,AT,AT3,AT32,AT322,Pinzgau-Pongau,0.15,0.0779166666666667,0.146153846153833,3713.4,-3.65701923076667,-5.89378205128333
AT5754,Austria,AT,AT3,AT32,AT322,Pinzgau-Pongau,0.15,0.0779166666666667,0.146153846153833,3713.4,-3.65701923076667,-5.89378205128333
AT5760,Austria,AT,AT3,AT32,AT322,Pinzgau-Pongau,0.15,0.0779166666666667,0.146153846153833,3713.4,-3.65701923076667,-5.89378205128333
AT5761,Austria,AT,AT3,AT32,AT322,Pinzgau-Pongau,0.15,0.0779166666666667,0.146153846153833,3713.4,-3.65701923076667,-5.89378205128333
AT5771,Austria,AT,AT3,AT32,AT322,Pinzgau-Pongau,0.15,0.0779166666666667,0.146153846153833,3713.4,-3.65701923076667,-5.89378205128333
AT4113,Austria,AT,AT3,AT31,AT313,Mühlviertel,54.67,0.508793103448333,0.640172413793332,2821.34,-4.54172413793332,-6.84442528734998
AT4114,Austria,AT,AT3,AT31,AT313,Mühlviertel,54.67,0.508793103448333,0.640172413793332,2821.34,-4.54172413793332,-6.84442528734998
AT4115,Austria,AT,AT3,AT31,AT313,Mühlviertel,54.67,0.508793103448333,0.640172413793332,2821.34,-4.54172413793332,-6.84442528734998
AT4116,Austria,AT,AT3,AT31,AT313,Mühlviertel,54.67,0.508793103448333,0.640172413793332,2821.34,-4.54172413793332,-6.84442528734998
AT4120,Austria,AT,AT3,AT31,AT313,Mühlviertel,54.67,0.508793103448333,0.640172413793332,2821.34,-4.54172413793332,-6.84442528734998
AT4121,Austria,AT,AT3,AT31,AT313,Mühlviertel,54.67,0.508793103448333,0.640172413793332,2821.34,-4.54172413793332,-6.84442528734998
AT4122,Austria,AT,AT3,AT31,AT313,Mühlviertel,54.67,0.508793103448333,0.640172413793332,2821.34,-4.54172413793332,-6.84442528734998
AT4131,Austria,AT,AT3,AT31,AT313,Mühlviertel,54.67,0.508793103448333,0.640172413793332,2821.34,-4.54172413793332,-6.84442528734998
AT4132,Austria,AT,AT3,AT31,AT313,Mühlviertel,54.67,0.508793103448333,0.640172413793332,2821.34,-4.54172413793332,-6.84442528734998
AT4133,Austria,AT,AT3,AT31,AT313,Mühlviertel,54.67,0.508793103448333,0.640172413793332,2821.34,-4.54172413793332,-6.84442528734998
AT4134,Austria,AT,AT3,AT31,AT313,Mühlviertel,54.67,0.508793103448333,0.640172413793332,2821.34,-4.54172413793332,-6.84442528734998
AT4141,Austria,AT,AT3,AT31,AT313,Mühlviertel,54.67,0.508793103448333,0.640172413793332,2821.34,-4.54172413793332,-6.84442528734998
AT4142,Austria,AT,AT3,AT31,AT313,Mühlviertel,54.67,0.508793103448333,0.640172413793332,2821.34,-4.54172413793332,-6.84442528734998
AT4143,Austria,AT,AT3,AT31,AT313,Mühlviertel,54.67,0.508793103448333,0.640172413793332,2821.34,-4.54172413793332,-6.84442528734998
AT4144,Austria,AT,AT3,AT31,AT313,Mühlviertel,54.67,0.508793103448333,0.640172413793332,2821.34,-4.54172413793332,-6.84442528734998
AT4150,Austria,AT,AT3,AT31,AT313,Mühlviertel,54.67,0.508793103448333,0.640172413793332,2821.34,-4.54172413793332,-6.84442528734998
AT4151,Austria,AT,AT3,AT31,AT313,Mühlviertel,54.67,0.508793103448333,0.640172413793332,2821.34,-4.54172413793332,-6.84442528734998
AT4152,Austria,AT,AT3,AT31,AT313,Mühlviertel,54.67,0.508793103448333,0.640172413793332,2821.34,-4.54172413793332,-6.84442528734998
AT4153,Austria,AT,AT3,AT31,AT313,Mühlviertel,54.67,0.508793103448333,0.640172413793332,2821.34,-4.54172413793332,-6.84442528734998
AT4154,Austria,AT,AT3,AT31,AT313,Mühlviertel,54.67,0.508793103448333,0.640172413793332,2821.34,-4.54172413793332,-6.84442528734998
AT4155,Austria,AT,AT3,AT31,AT313,Mühlviertel,54.67,0.508793103448333,0.640172413793332,2821.34,-4.54172413793332,-6.84442528734998
AT4160,Austria,AT,AT3,AT31,AT313,Mühlviertel,54.67,0.508793103448333,0.640172413793332,2821.34,-4.54172413793332,-6.84442528734998
AT4161,Austria,AT,AT3,AT31,AT313,Mühlviertel,54.67,0.508793103448333,0.640172413793332,2821.34,-4.54172413793332,-6.84442528734998
AT4162,Austria,AT,AT3,AT31,AT313,Mühlviertel,54.67,0.508793103448333,0.640172413793332,2821.34,-4.54172413793332,-6.84442528734998
AT4163,Austria,AT,AT3,AT31,AT313,Mühlviertel,54.67,0.508793103448333,0.640172413793332,2821.34,-4.54172413793332,-6.84442528734998
AT4164,Austria,AT,AT3,AT31,AT313,Mühlviertel,54.67,0.508793103448333,0.640172413793332,2821.34,-4.54172413793332,-6.84442528734998
AT4170,Austria,AT,AT3,AT31,AT313,Mühlviertel,54.67,0.508793103448333,0.640172413793332,2821.34,-4.54172413793332,-6.84442528734998
AT4171,Austria,AT,AT3,AT31,AT313,Mühlviertel,54.67,0.508793103448333,0.640172413793332,2821.34,-4.54172413793332,-6.84442528734998
AT4172,Austria,AT,AT3,AT31,AT313,Mühlviertel,54.67,0.508793103448333,0.640172413793332,2821.34,-4.54172413793332,-6.84442528734998
AT4173,Austria,AT,AT3,AT31,AT313,Mühlviertel,54.67,0.508793103448333,0.640172413793332,2821.34,-4.54172413793332,-6.84442528734998
AT4174,Austria,AT,AT3,AT31,AT313,Mühlviertel,54.67,0.508793103448333,0.640172413793332,2821.34,-4.54172413793332,-6.84442528734998
AT4180,Austria,AT,AT3,AT31,AT313,Mühlviertel,54.67,0.508793103448333,0.640172413793332,2821.34,-4.54172413793332,-6.84442528734998
AT4181,Austria,AT,AT3,AT31,AT313,Mühlviertel,54.67,0.508793103448333,0.640172413793332,2821.34,-4.54172413793332,-6.84442528734998
AT4182,Austria,AT,AT3,AT31,AT313,Mühlviertel,54.67,0.508793103448333,0.640172413793332,2821.34,-4.54172413793332,-6.84442528734998
AT4183,Austria,AT,AT3,AT31,AT313,Mühlviertel,54.67,0.508793103448333,0.640172413793332,2821.34,-4.54172413793332,-6.84442528734998
AT4184,Austria,AT,AT3,AT31,AT313,Mühlviertel,54.67,0.508793103448333,0.640172413793332,2821.34,-4.54172413793332,-6.84442528734998
AT4190,Austria,AT,AT3,AT31,AT313,Mühlviertel,54.67,0.508793103448333,0.640172413793332,2821.34,-4.54172413793332,-6.84442528734998
AT4191,Austria,AT,AT3,AT31,AT313,Mühlviertel,54.67,0.508793103448333,0.640172413793332,2821.34,-4.54172413793332,-6.84442528734998
AT4192,Austria,AT,AT3,AT31,AT313,Mühlviertel,54.67,0.508793103448333,0.640172413793332,2821.34,-4.54172413793332,-6.84442528734998
AT4193,Austria,AT,AT3,AT31,AT313,Mühlviertel,54.67,0.508793103448333,0.640172413793332,2821.34,-4.54172413793332,-6.84442528734998
AT4204,Austria,AT,AT3,AT31,AT313,Mühlviertel,54.67,0.508793103448333,0.640172413793332,2821.34,-4.54172413793332,-6.84442528734998
AT4212,Austria,AT,AT3,AT31,AT313,Mühlviertel,54.67,0.508793103448333,0.640172413793332,2821.34,-4.54172413793332,-6.84442528734998
AT4222,Austria,AT,AT3,AT31,AT313,Mühlviertel,54.67,0.508793103448333,0.640172413793332,2821.34,-4.54172413793332,-6.84442528734998
AT4223,Austria,AT,AT3,AT31,AT313,Mühlviertel,54.67,0.508793103448333,0.640172413793332,2821.34,-4.54172413793332,-6.84442528734998
AT4224,Austria,AT,AT3,AT31,AT313,Mühlviertel,54.67,0.508793103448333,0.640172413793332,2821.34,-4.54172413793332,-6.84442528734998
AT4225,Austria,AT,AT3,AT31,AT313,Mühlviertel,54.67,0.508793103448333,0.640172413793332,2821.34,-4.54172413793332,-6.84442528734998
AT4230,Austria,AT,AT3,AT31,AT313,Mühlviertel,54.67,0.508793103448333,0.640172413793332,2821.34,-4.54172413793332,-6.84442528734998
AT4232,Austria,AT,AT3,AT31,AT313,Mühlviertel,54.67,0.508793103448333,0.640172413793332,2821.34,-4.54172413793332,-6.84442528734998
AT4240,Austria,AT,AT3,AT31,AT313,Mühlviertel,54.67,0.508793103448333,0.640172413793332,2821.34,-4.54172413793332,-6.84442528734998
AT4242,Austria,AT,AT3,AT31,AT313,Mühlviertel,54.67,0.508793103448333,0.640172413793332,2821.34,-4.54172413793332,-6.84442528734998
AT4251,Austria,AT,AT3,AT31,AT313,Mühlviertel,54.67,0.508793103448333,0.640172413793332,2821.34,-4.54172413793332,-6.84442528734998
AT4252,Austria,AT,AT3,AT31,AT313,Mühlviertel,54.67,0.508793103448333,0.640172413793332,2821.34,-4.54172413793332,-6.84442528734998
AT4261,Austria,AT,AT3,AT31,AT313,Mühlviertel,54.67,0.508793103448333,0.640172413793332,2821.34,-4.54172413793332,-6.84442528734998
AT4262,Austria,AT,AT3,AT31,AT313,Mühlviertel,54.67,0.508793103448333,0.640172413793332,2821.34,-4.54172413793332,-6.84442528734998
AT4263,Austria,AT,AT3,AT31,AT313,Mühlviertel,54.67,0.508793103448333,0.640172413793332,2821.34,-4.54172413793332,-6.84442528734998
AT4264,Austria,AT,AT3,AT31,AT313,Mühlviertel,54.67,0.508793103448333,0.640172413793332,2821.34,-4.54172413793332,-6.84442528734998
AT4271,Austria,AT,AT3,AT31,AT313,Mühlviertel,54.67,0.508793103448333,0.640172413793332,2821.34,-4.54172413793332,-6.84442528734998
AT4272,Austria,AT,AT3,AT31,AT313,Mühlviertel,54.67,0.508793103448333,0.640172413793332,2821.34,-4.54172413793332,-6.84442528734998
AT4273,Austria,AT,AT3,AT31,AT313,Mühlviertel,54.67,0.508793103448333,0.640172413793332,2821.34,-4.54172413793332,-6.84442528734998
AT4274,Austria,AT,AT3,AT31,AT313,Mühlviertel,54.67,0.508793103448333,0.640172413793332,2821.34,-4.54172413793332,-6.84442528734998
AT4280,Austria,AT,AT3,AT31,AT313,Mühlviertel,54.67,0.508793103448333,0.640172413793332,2821.34,-4.54172413793332,-6.84442528734998
AT4281,Austria,AT,AT3,AT31,AT313,Mühlviertel,54.67,0.508793103448333,0.640172413793332,2821.34,-4.54172413793332,-6.84442528734998
AT4282,Austria,AT,AT3,AT31,AT313,Mühlviertel,54.67,0.508793103448333,0.640172413793332,2821.34,-4.54172413793332,-6.84442528734998
AT4283,Austria,AT,AT3,AT31,AT313,Mühlviertel,54.67,0.508793103448333,0.640172413793332,2821.34,-4.54172413793332,-6.84442528734998
AT4284,Austria,AT,AT3,AT31,AT313,Mühlviertel,54.67,0.508793103448333,0.640172413793332,2821.34,-4.54172413793332,-6.84442528734998
AT4291,Austria,AT,AT3,AT31,AT313,Mühlviertel,54.67,0.508793103448333,0.640172413793332,2821.34,-4.54172413793332,-6.84442528734998
AT4292,Austria,AT,AT3,AT31,AT313,Mühlviertel,54.67,0.508793103448333,0.640172413793332,2821.34,-4.54172413793332,-6.84442528734998
AT4293,Austria,AT,AT3,AT31,AT313,Mühlviertel,54.67,0.508793103448333,0.640172413793332,2821.34,-4.54172413793332,-6.84442528734998
AT4294,Austria,AT,AT3,AT31,AT313,Mühlviertel,54.67,0.508793103448333,0.640172413793332,2821.34,-4.54172413793332,-6.84442528734998
AT4310,Austria,AT,AT3,AT31,AT313,Mühlviertel,54.67,0.508793103448333,0.640172413793332,2821.34,-4.54172413793332,-6.84442528734998
AT4311,Austria,AT,AT3,AT31,AT313,Mühlviertel,54.67,0.508793103448333,0.640172413793332,2821.34,-4.54172413793332,-6.84442528734998
AT4312,Austria,AT,AT3,AT31,AT313,Mühlviertel,54.67,0.508793103448333,0.640172413793332,2821.34,-4.54172413793332,-6.84442528734998
AT4320,Austria,AT,AT3,AT31,AT313,Mühlviertel,54.67,0.508793103448333,0.640172413793332,2821.34,-4.54172413793332,-6.84442528734998
AT4322,Austria,AT,AT3,AT31,AT313,Mühlviertel,54.67,0.508793103448333,0.640172413793332,2821.34,-4.54172413793332,-6.84442528734998
AT4323,Austria,AT,AT3,AT31,AT313,Mühlviertel,54.67,0.508793103448333,0.640172413793332,2821.34,-4.54172413793332,-6.84442528734998
AT4324,Austria,AT,AT3,AT31,AT313,Mühlviertel,54.67,0.508793103448333,0.640172413793332,2821.34,-4.54172413793332,-6.84442528734998
AT4331,Austria,AT,AT3,AT31,AT313,Mühlviertel,54.67,0.508793103448333,0.640172413793332,2821.34,-4.54172413793332,-6.84442528734998
AT4332,Austria,AT,AT3,AT31,AT313,Mühlviertel,54.67,0.508793103448333,0.640172413793332,2821.34,-4.54172413793332,-6.84442528734998
AT4341,Austria,AT,AT3,AT31,AT313,Mühlviertel,54.67,0.508793103448333,0.640172413793332,2821.34,-4.54172413793332,-6.84442528734998
AT4342,Austria,AT,AT3,AT31,AT313,Mühlviertel,54.67,0.508793103448333,0.640172413793332,2821.34,-4.54172413793332,-6.84442528734998
AT4343,Austria,AT,AT3,AT31,AT313,Mühlviertel,54.67,0.508793103448333,0.640172413793332,2821.34,-4.54172413793332,-6.84442528734998
AT4351,Austria,AT,AT3,AT31,AT313,Mühlviertel,54.67,0.508793103448333,0.640172413793332,2821.34,-4.54172413793332,-6.84442528734998
AT4352,Austria,AT,AT3,AT31,AT313,Mühlviertel,54.67,0.508793103448333,0.640172413793332,2821.34,-4.54172413793332,-6.84442528734998
AT4360,Austria,AT,AT3,AT31,AT313,Mühlviertel,54.67,0.508793103448333,0.640172413793332,2821.34,-4.54172413793332,-6.84442528734998
AT4362,Austria,AT,AT3,AT31,AT313,Mühlviertel,54.67,0.508793103448333,0.640172413793332,2821.34,-4.54172413793332,-6.84442528734998
AT4363,Austria,AT,AT3,AT31,AT313,Mühlviertel,54.67,0.508793103448333,0.640172413793332,2821.34,-4.54172413793332,-6.84442528734998
AT4364,Austria,AT,AT3,AT31,AT313,Mühlviertel,54.67,0.508793103448333,0.640172413793332,2821.34,-4.54172413793332,-6.84442528734998
AT4371,Austria,AT,AT3,AT31,AT313,Mühlviertel,54.67,0.508793103448333,0.640172413793332,2821.34,-4.54172413793332,-6.84442528734998
AT4372,Austria,AT,AT3,AT31,AT313,Mühlviertel,54.67,0.508793103448333,0.640172413793332,2821.34,-4.54172413793332,-6.84442528734998
AT4381,Austria,AT,AT3,AT31,AT313,Mühlviertel,54.67,0.508793103448333,0.640172413793332,2821.34,-4.54172413793332,-6.84442528734998
AT4382,Austria,AT,AT3,AT31,AT313,Mühlviertel,54.67,0.508793103448333,0.640172413793332,2821.34,-4.54172413793332,-6.84442528734998
AT4391,Austria,AT,AT3,AT31,AT313,Mühlviertel,54.67,0.508793103448333,0.640172413793332,2821.34,-4.54172413793332,-6.84442528734998
AT3334,Austria,AT,AT3,AT31,AT314,Steyr-Kirchdorf,53.52,0.41524691358,0.51950617284,2703.58,-4.07962962963333,-6.25283950616667
AT3335,Austria,AT,AT3,AT31,AT314,Steyr-Kirchdorf,53.52,0.41524691358,0.51950617284,2703.58,-4.07962962963333,-6.25283950616667
AT4400,Austria,AT,AT3,AT31,AT314,Steyr-Kirchdorf,53.52,0.41524691358,0.51950617284,2703.58,-4.07962962963333,-6.25283950616667
AT4407,Austria,AT,AT3,AT31,AT314,Steyr-Kirchdorf,53.52,0.41524691358,0.51950617284,2703.58,-4.07962962963333,-6.25283950616667
AT4421,Austria,AT,AT3,AT31,AT314,Steyr-Kirchdorf,53.52,0.41524691358,0.51950617284,2703.58,-4.07962962963333,-6.25283950616667
AT4442,Austria,AT,AT3,AT31,AT314,Steyr-Kirchdorf,53.52,0.41524691358,0.51950617284,2703.58,-4.07962962963333,-6.25283950616667
AT4443,Austria,AT,AT3,AT31,AT314,Steyr-Kirchdorf,53.52,0.41524691358,0.51950617284,2703.58,-4.07962962963333,-6.25283950616667
AT4451,Austria,AT,AT3,AT31,AT314,Steyr-Kirchdorf,53.52,0.41524691358,0.51950617284,2703.58,-4.07962962963333,-6.25283950616667
AT4452,Austria,AT,AT3,AT31,AT314,Steyr-Kirchdorf,53.52,0.41524691358,0.51950617284,2703.58,-4.07962962963333,-6.25283950616667
AT4453,Austria,AT,AT3,AT31,AT314,Steyr-Kirchdorf,53.52,0.41524691358,0.51950617284,2703.58,-4.07962962963333,-6.25283950616667
AT4460,Austria,AT,AT3,AT31,AT314,Steyr-Kirchdorf,53.52,0.41524691358,0.51950617284,2703.58,-4.07962962963333,-6.25283950616667
AT4461,Austria,AT,AT3,AT31,AT314,Steyr-Kirchdorf,53.52,0.41524691358,0.51950617284,2703.58,-4.07962962963333,-6.25283950616667
AT4462,Austria,AT,AT3,AT31,AT314,Steyr-Kirchdorf,53.52,0.41524691358,0.51950617284,2703.58,-4.07962962963333,-6.25283950616667
AT4463,Austria,AT,AT3,AT31,AT314,Steyr-Kirchdorf,53.52,0.41524691358,0.51950617284,2703.58,-4.07962962963333,-6.25283950616667
AT4464,Austria,AT,AT3,AT31,AT314,Steyr-Kirchdorf,53.52,0.41524691358,0.51950617284,2703.58,-4.07962962963333,-6.25283950616667
AT4493,Austria,AT,AT3,AT31,AT314,Steyr-Kirchdorf,53.52,0.41524691358,0.51950617284,2703.58,-4.07962962963333,-6.25283950616667
AT4521,Austria,AT,AT3,AT31,AT314,Steyr-Kirchdorf,53.52,0.41524691358,0.51950617284,2703.58,-4.07962962963333,-6.25283950616667
AT4522,Austria,AT,AT3,AT31,AT314,Steyr-Kirchdorf,53.52,0.41524691358,0.51950617284,2703.58,-4.07962962963333,-6.25283950616667
AT4523,Austria,AT,AT3,AT31,AT314,Steyr-Kirchdorf,53.52,0.41524691358,0.51950617284,2703.58,-4.07962962963333,-6.25283950616667
AT4532,Austria,AT,AT3,AT31,AT314,Steyr-Kirchdorf,53.52,0.41524691358,0.51950617284,2703.58,-4.07962962963333,-6.25283950616667
AT4540,Austria,AT,AT3,AT31,AT314,Steyr-Kirchdorf,53.52,0.41524691358,0.51950617284,2703.58,-4.07962962963333,-6.25283950616667
AT4541,Austria,AT,AT3,AT31,AT314,Steyr-Kirchdorf,53.52,0.41524691358,0.51950617284,2703.58,-4.07962962963333,-6.25283950616667
AT4542,Austria,AT,AT3,AT31,AT314,Steyr-Kirchdorf,53.52,0.41524691358,0.51950617284,2703.58,-4.07962962963333,-6.25283950616667
AT4550,Austria,AT,AT3,AT31,AT314,Steyr-Kirchdorf,53.52,0.41524691358,0.51950617284,2703.58,-4.07962962963333,-6.25283950616667
AT4551,Austria,AT,AT3,AT31,AT314,Steyr-Kirchdorf,53.52,0.41524691358,0.51950617284,2703.58,-4.07962962963333,-6.25283950616667
AT4552,Austria,AT,AT3,AT31,AT314,Steyr-Kirchdorf,53.52,0.41524691358,0.51950617284,2703.58,-4.07962962963333,-6.25283950616667
AT4553,Austria,AT,AT3,AT31,AT314,Steyr-Kirchdorf,53.52,0.41524691358,0.51950617284,2703.58,-4.07962962963333,-6.25283950616667
AT4554,Austria,AT,AT3,AT31,AT314,Steyr-Kirchdorf,53.52,0.41524691358,0.51950617284,2703.58,-4.07962962963333,-6.25283950616667
AT4560,Austria,AT,AT3,AT31,AT314,Steyr-Kirchdorf,53.52,0.41524691358,0.51950617284,2703.58,-4.07962962963333,-6.25283950616667
AT4562,Austria,AT,AT3,AT31,AT314,Steyr-Kirchdorf,53.52,0.41524691358,0.51950617284,2703.58,-4.07962962963333,-6.25283950616667
AT4563,Austria,AT,AT3,AT31,AT314,Steyr-Kirchdorf,53.52,0.41524691358,0.51950617284,2703.58,-4.07962962963333,-6.25283950616667
AT4564,Austria,AT,AT3,AT31,AT314,Steyr-Kirchdorf,53.52,0.41524691358,0.51950617284,2703.58,-4.07962962963333,-6.25283950616667
AT4565,Austria,AT,AT3,AT31,AT314,Steyr-Kirchdorf,53.52,0.41524691358,0.51950617284,2703.58,-4.07962962963333,-6.25283950616667
AT4571,Austria,AT,AT3,AT31,AT314,Steyr-Kirchdorf,53.52,0.41524691358,0.51950617284,2703.58,-4.07962962963333,-6.25283950616667
AT4572,Austria,AT,AT3,AT31,AT314,Steyr-Kirchdorf,53.52,0.41524691358,0.51950617284,2703.58,-4.07962962963333,-6.25283950616667
AT4573,Austria,AT,AT3,AT31,AT314,Steyr-Kirchdorf,53.52,0.41524691358,0.51950617284,2703.58,-4.07962962963333,-6.25283950616667
AT4574,Austria,AT,AT3,AT31,AT314,Steyr-Kirchdorf,53.52,0.41524691358,0.51950617284,2703.58,-4.07962962963333,-6.25283950616667
AT4575,Austria,AT,AT3,AT31,AT314,Steyr-Kirchdorf,53.52,0.41524691358,0.51950617284,2703.58,-4.07962962963333,-6.25283950616667
AT4580,Austria,AT,AT3,AT31,AT314,Steyr-Kirchdorf,53.52,0.41524691358,0.51950617284,2703.58,-4.07962962963333,-6.25283950616667
AT4581,Austria,AT,AT3,AT31,AT314,Steyr-Kirchdorf,53.52,0.41524691358,0.51950617284,2703.58,-4.07962962963333,-6.25283950616667
AT4582,Austria,AT,AT3,AT31,AT314,Steyr-Kirchdorf,53.52,0.41524691358,0.51950617284,2703.58,-4.07962962963333,-6.25283950616667
AT4591,Austria,AT,AT3,AT31,AT314,Steyr-Kirchdorf,53.52,0.41524691358,0.51950617284,2703.58,-4.07962962963333,-6.25283950616667
AT4592,Austria,AT,AT3,AT31,AT314,Steyr-Kirchdorf,53.52,0.41524691358,0.51950617284,2703.58,-4.07962962963333,-6.25283950616667
AT4593,Austria,AT,AT3,AT31,AT314,Steyr-Kirchdorf,53.52,0.41524691358,0.51950617284,2703.58,-4.07962962963333,-6.25283950616667
AT4594,Austria,AT,AT3,AT31,AT314,Steyr-Kirchdorf,53.52,0.41524691358,0.51950617284,2703.58,-4.07962962963333,-6.25283950616667
AT4595,Austria,AT,AT3,AT31,AT314,Steyr-Kirchdorf,53.52,0.41524691358,0.51950617284,2703.58,-4.07962962963333,-6.25283950616667
AT4596,Austria,AT,AT3,AT31,AT314,Steyr-Kirchdorf,53.52,0.41524691358,0.51950617284,2703.58,-4.07962962963333,-6.25283950616667
AT4643,Austria,AT,AT3,AT31,AT314,Steyr-Kirchdorf,53.52,0.41524691358,0.51950617284,2703.58,-4.07962962963333,-6.25283950616667
AT8934,Austria,AT,AT3,AT31,AT314,Steyr-Kirchdorf,53.52,0.41524691358,0.51950617284,2703.58,-4.07962962963333,-6.25283950616667
AT4644,Austria,AT,AT3,AT31,AT315,Traunviertel,30.24,0.446833333333332,0.582666666666667,2702.45,-4.07272222221667,-6.21988888888333
AT4645,Austria,AT,AT3,AT31,AT315,Traunviertel,30.24,0.446833333333332,0.582666666666667,2702.45,-4.07272222221667,-6.21988888888333
AT4655,Austria,AT,AT3,AT31,AT315,Traunviertel,30.24,0.446833333333332,0.582666666666667,2702.45,-4.07272222221667,-6.21988888888333
AT4656,Austria,AT,AT3,AT31,AT315,Traunviertel,30.24,0.446833333333332,0.582666666666667,2702.45,-4.07272222221667,-6.21988888888333
AT4661,Austria,AT,AT3,AT31,AT315,Traunviertel,30.24,0.446833333333332,0.582666666666667,2702.45,-4.07272222221667,-6.21988888888333
AT4662,Austria,AT,AT3,AT31,AT315,Traunviertel,30.24,0.446833333333332,0.582666666666667,2702.45,-4.07272222221667,-6.21988888888333
AT4663,Austria,AT,AT3,AT31,AT315,Traunviertel,30.24,0.446833333333332,0.582666666666667,2702.45,-4.07272222221667,-6.21988888888333
AT4664,Austria,AT,AT3,AT31,AT315,Traunviertel,30.24,0.446833333333332,0.582666666666667,2702.45,-4.07272222221667,-6.21988888888333
AT4690,Austria,AT,AT3,AT31,AT315,Traunviertel,30.24,0.446833333333332,0.582666666666667,2702.45,-4.07272222221667,-6.21988888888333
AT4691,Austria,AT,AT3,AT31,AT315,Traunviertel,30.24,0.446833333333332,0.582666666666667,2702.45,-4.07272222221667,-6.21988888888333
AT4692,Austria,AT,AT3,AT31,AT315,Traunviertel,30.24,0.446833333333332,0.582666666666667,2702.45,-4.07272222221667,-6.21988888888333
AT4693,Austria,AT,AT3,AT31,AT315,Traunviertel,30.24,0.446833333333332,0.582666666666667,2702.45,-4.07272222221667,-6.21988888888333
AT4694,Austria,AT,AT3,AT31,AT315,Traunviertel,30.24,0.446833333333332,0.582666666666667,2702.45,-4.07272222221667,-6.21988888888333
AT4800,Austria,AT,AT3,AT31,AT315,Traunviertel,30.24,0.446833333333332,0.582666666666667,2702.45,-4.07272222221667,-6.21988888888333
AT4801,Austria,AT,AT3,AT31,AT315,Traunviertel,30.24,0.446833333333332,0.582666666666667,2702.45,-4.07272222221667,-6.21988888888333
AT4802,Austria,AT,AT3,AT31,AT315,Traunviertel,30.24,0.446833333333332,0.582666666666667,2702.45,-4.07272222221667,-6.21988888888333
AT4810,Austria,AT,AT3,AT31,AT315,Traunviertel,30.24,0.446833333333332,0.582666666666667,2702.45,-4.07272222221667,-6.21988888888333
AT4812,Austria,AT,AT3,AT31,AT315,Traunviertel,30.24,0.446833333333332,0.582666666666667,2702.45,-4.07272222221667,-6.21988888888333
AT4813,Austria,AT,AT3,AT31,AT315,Traunviertel,30.24,0.446833333333332,0.582666666666667,2702.45,-4.07272222221667,-6.21988888888333
AT4814,Austria,AT,AT3,AT31,AT315,Traunviertel,30.24,0.446833333333332,0.582666666666667,2702.45,-4.07272222221667,-6.21988888888333
AT4816,Austria,AT,AT3,AT31,AT315,Traunviertel,30.24,0.446833333333332,0.582666666666667,2702.45,-4.07272222221667,-6.21988888888333
AT4817,Austria,AT,AT3,AT31,AT315,Traunviertel,30.24,0.446833333333332,0.582666666666667,2702.45,-4.07272222221667,-6.21988888888333
AT4820,Austria,AT,AT3,AT31,AT315,Traunviertel,30.24,0.446833333333332,0.582666666666667,2702.45,-4.07272222221667,-6.21988888888333
AT4821,Austria,AT,AT3,AT31,AT315,Traunviertel,30.24,0.446833333333332,0.582666666666667,2702.45,-4.07272222221667,-6.21988888888333
AT4822,Austria,AT,AT3,AT31,AT315,Traunviertel,30.24,0.446833333333332,0.582666666666667,2702.45,-4.07272222221667,-6.21988888888333
AT4823,Austria,AT,AT3,AT31,AT315,Traunviertel,30.24,0.446833333333332,0.582666666666667,2702.45,-4.07272222221667,-6.21988888888333
AT4824,Austria,AT,AT3,AT31,AT315,Traunviertel,30.24,0.446833333333332,0.582666666666667,2702.45,-4.07272222221667,-6.21988888888333
AT4825,Austria,AT,AT3,AT31,AT315,Traunviertel,30.24,0.446833333333332,0.582666666666667,2702.45,-4.07272222221667,-6.21988888888333
AT4830,Austria,AT,AT3,AT31,AT315,Traunviertel,30.24,0.446833333333332,0.582666666666667,2702.45,-4.07272222221667,-6.21988888888333
AT4831,Austria,AT,AT3,AT31,AT315,Traunviertel,30.24,0.446833333333332,0.582666666666667,2702.45,-4.07272222221667,-6.21988888888333
AT4840,Austria,AT,AT3,AT31,AT315,Traunviertel,30.24,0.446833333333332,0.582666666666667,2702.45,-4.07272222221667,-6.21988888888333
AT4841,Austria,AT,AT3,AT31,AT315,Traunviertel,30.24,0.446833333333332,0.582666666666667,2702.45,-4.07272222221667,-6.21988888888333
AT4842,Austria,AT,AT3,AT31,AT315,Traunviertel,30.24,0.446833333333332,0.582666666666667,2702.45,-4.07272222221667,-6.21988888888333
AT4843,Austria,AT,AT3,AT31,AT315,Traunviertel,30.24,0.446833333333332,0.582666666666667,2702.45,-4.07272222221667,-6.21988888888333
AT4844,Austria,AT,AT3,AT31,AT315,Traunviertel,30.24,0.446833333333332,0.582666666666667,2702.45,-4.07272222221667,-6.21988888888333
AT4845,Austria,AT,AT3,AT31,AT315,Traunviertel,30.24,0.446833333333332,0.582666666666667,2702.45,-4.07272222221667,-6.21988888888333
AT4846,Austria,AT,AT3,AT31,AT315,Traunviertel,30.24,0.446833333333332,0.582666666666667,2702.45,-4.07272222221667,-6.21988888888333
AT4849,Austria,AT,AT3,AT31,AT315,Traunviertel,30.24,0.446833333333332,0.582666666666667,2702.45,-4.07272222221667,-6.21988888888333
AT4850,Austria,AT,AT3,AT31,AT315,Traunviertel,30.24,0.446833333333332,0.582666666666667,2702.45,-4.07272222221667,-6.21988888888333
AT4851,Austria,AT,AT3,AT31,AT315,Traunviertel,30.24,0.446833333333332,0.582666666666667,2702.45,-4.07272222221667,-6.21988888888333
AT4852,Austria,AT,AT3,AT31,AT315,Traunviertel,30.24,0.446833333333332,0.582666666666667,2702.45,-4.07272222221667,-6.21988888888333
AT4853,Austria,AT,AT3,AT31,AT315,Traunviertel,30.24,0.446833333333332,0.582666666666667,2702.45,-4.07272222221667,-6.21988888888333
AT4854,Austria,AT,AT3,AT31,AT315,Traunviertel,30.24,0.446833333333332,0.582666666666667,2702.45,-4.07272222221667,-6.21988888888333
AT4860,Austria,AT,AT3,AT31,AT315,Traunviertel,30.24,0.446833333333332,0.582666666666667,2702.45,-4.07272222221667,-6.21988888888333
AT4861,Austria,AT,AT3,AT31,AT315,Traunviertel,30.24,0.446833333333332,0.582666666666667,2702.45,-4.07272222221667,-6.21988888888333
AT4863,Austria,AT,AT3,AT31,AT315,Traunviertel,30.24,0.446833333333332,0.582666666666667,2702.45,-4.07272222221667,-6.21988888888333
AT4864,Austria,AT,AT3,AT31,AT315,Traunviertel,30.24,0.446833333333332,0.582666666666667,2702.45,-4.07272222221667,-6.21988888888333
AT4865,Austria,AT,AT3,AT31,AT315,Traunviertel,30.24,0.446833333333332,0.582666666666667,2702.45,-4.07272222221667,-6.21988888888333
AT4866,Austria,AT,AT3,AT31,AT315,Traunviertel,30.24,0.446833333333332,0.582666666666667,2702.45,-4.07272222221667,-6.21988888888333
AT4870,Austria,AT,AT3,AT31,AT315,Traunviertel,30.24,0.446833333333332,0.582666666666667,2702.45,-4.07272222221667,-6.21988888888333
AT4871,Austria,AT,AT3,AT31,AT315,Traunviertel,30.24,0.446833333333332,0.582666666666667,2702.45,-4.07272222221667,-6.21988888888333
AT4872,Austria,AT,AT3,AT31,AT315,Traunviertel,30.24,0.446833333333332,0.582666666666667,2702.45,-4.07272222221667,-6.21988888888333
AT4873,Austria,AT,AT3,AT31,AT315,Traunviertel,30.24,0.446833333333332,0.582666666666667,2702.45,-4.07272222221667,-6.21988888888333
AT4880,Austria,AT,AT3,AT31,AT315,Traunviertel,30.24,0.446833333333332,0.582666666666667,2702.45,-4.07272222221667,-6.21988888888333
AT4881,Austria,AT,AT3,AT31,AT315,Traunviertel,30.24,0.446833333333332,0.582666666666667,2702.45,-4.07272222221667,-6.21988888888333
AT4882,Austria,AT,AT3,AT31,AT315,Traunviertel,30.24,0.446833333333332,0.582666666666667,2702.45,-4.07272222221667,-6.21988888888333
AT4890,Austria,AT,AT3,AT31,AT315,Traunviertel,30.24,0.446833333333332,0.582666666666667,2702.45,-4.07272222221667,-6.21988888888333
AT4891,Austria,AT,AT3,AT31,AT315,Traunviertel,30.24,0.446833333333332,0.582666666666667,2702.45,-4.07272222221667,-6.21988888888333
AT4892,Austria,AT,AT3,AT31,AT315,Traunviertel,30.24,0.446833333333332,0.582666666666667,2702.45,-4.07272222221667,-6.21988888888333
AT4893,Austria,AT,AT3,AT31,AT315,Traunviertel,30.24,0.446833333333332,0.582666666666667,2702.45,-4.07272222221667,-6.21988888888333
AT4894,Austria,AT,AT3,AT31,AT315,Traunviertel,30.24,0.446833333333332,0.582666666666667,2702.45,-4.07272222221667,-6.21988888888333
AT4901,Austria,AT,AT3,AT31,AT315,Traunviertel,30.24,0.446833333333332,0.582666666666667,2702.45,-4.07272222221667,-6.21988888888333
AT4902,Austria,AT,AT3,AT31,AT315,Traunviertel,30.24,0.446833333333332,0.582666666666667,2702.45,-4.07272222221667,-6.21988888888333
AT4903,Austria,AT,AT3,AT31,AT315,Traunviertel,30.24,0.446833333333332,0.582666666666667,2702.45,-4.07272222221667,-6.21988888888333
AT4904,Austria,AT,AT3,AT31,AT315,Traunviertel,30.24,0.446833333333332,0.582666666666667,2702.45,-4.07272222221667,-6.21988888888333
AT5310,Austria,AT,AT3,AT31,AT315,Traunviertel,30.24,0.446833333333332,0.582666666666667,2702.45,-4.07272222221667,-6.21988888888333
AT5311,Austria,AT,AT3,AT31,AT315,Traunviertel,30.24,0.446833333333332,0.582666666666667,2702.45,-4.07272222221667,-6.21988888888333
AT5360,Austria,AT,AT3,AT31,AT315,Traunviertel,30.24,0.446833333333332,0.582666666666667,2702.45,-4.07272222221667,-6.21988888888333
AT5563,Austria,AT,AT3,AT32,AT321,Lungau,0,0.0504545454545,0.132727272727333,3905.23,-3.70545454545,-5.86196969696667
AT5570,Austria,AT,AT3,AT32,AT321,Lungau,0,0.0504545454545,0.132727272727333,3905.23,-3.70545454545,-5.86196969696667
AT5571,Austria,AT,AT3,AT32,AT321,Lungau,0,0.0504545454545,0.132727272727333,3905.23,-3.70545454545,-5.86196969696667
AT5572,Austria,AT,AT3,AT32,AT321,Lungau,0,0.0504545454545,0.132727272727333,3905.23,-3.70545454545,-5.86196969696667
AT5573,Austria,AT,AT3,AT32,AT321,Lungau,0,0.0504545454545,0.132727272727333,3905.23,-3.70545454545,-5.86196969696667
AT5574,Austria,AT,AT3,AT32,AT321,Lungau,0,0.0504545454545,0.132727272727333,3905.23,-3.70545454545,-5.86196969696667
AT5575,Austria,AT,AT3,AT32,AT321,Lungau,0,0.0504545454545,0.132727272727333,3905.23,-3.70545454545,-5.86196969696667
AT5580,Austria,AT,AT3,AT32,AT321,Lungau,0,0.0504545454545,0.132727272727333,3905.23,-3.70545454545,-5.86196969696667
AT5581,Austria,AT,AT3,AT32,AT321,Lungau,0,0.0504545454545,0.132727272727333,3905.23,-3.70545454545,-5.86196969696667
AT5582,Austria,AT,AT3,AT32,AT321,Lungau,0,0.0504545454545,0.132727272727333,3905.23,-3.70545454545,-5.86196969696667
AT5583,Austria,AT,AT3,AT32,AT321,Lungau,0,0.0504545454545,0.132727272727333,3905.23,-3.70545454545,-5.86196969696667
AT5584,Austria,AT,AT3,AT32,AT321,Lungau,0,0.0504545454545,0.132727272727333,3905.23,-3.70545454545,-5.86196969696667
AT5585,Austria,AT,AT3,AT32,AT321,Lungau,0,0.0504545454545,0.132727272727333,3905.23,-3.70545454545,-5.86196969696667
AT5591,Austria,AT,AT3,AT32,AT321,Lungau,0,0.0504545454545,0.132727272727333,3905.23,-3.70545454545,-5.86196969696667
AT5592,Austria,AT,AT3,AT32,AT321,Lungau,0,0.0504545454545,0.132727272727333,3905.23,-3.70545454545,-5.86196969696667
AT5020,Austria,AT,AT3,AT32,AT323,Salzburg und Umgebung,19.3,0.406111111111665,0.544444444445,2724.77,-4.1123015873,-6.39420634919998
AT5023,Austria,AT,AT3,AT32,AT323,Salzburg und Umgebung,19.3,0.406111111111665,0.544444444445,2724.77,-4.1123015873,-6.39420634919998
AT5026,Austria,AT,AT3,AT32,AT323,Salzburg und Umgebung,19.3,0.406111111111665,0.544444444445,2724.77,-4.1123015873,-6.39420634919998
AT5061,Austria,AT,AT3,AT32,AT323,Salzburg und Umgebung,19.3,0.406111111111665,0.544444444445,2724.77,-4.1123015873,-6.39420634919998
AT5071,Austria,AT,AT3,AT32,AT323,Salzburg und Umgebung,19.3,0.406111111111665,0.544444444445,2724.77,-4.1123015873,-6.39420634919998
AT5081,Austria,AT,AT3,AT32,AT323,Salzburg und Umgebung,19.3,0.406111111111665,0.544444444445,2724.77,-4.1123015873,-6.39420634919998
AT5082,Austria,AT,AT3,AT32,AT323,Salzburg und Umgebung,19.3,0.406111111111665,0.544444444445,2724.77,-4.1123015873,-6.39420634919998
AT5083,Austria,AT,AT3,AT32,AT323,Salzburg und Umgebung,19.3,0.406111111111665,0.544444444445,2724.77,-4.1123015873,-6.39420634919998
AT5084,Austria,AT,AT3,AT32,AT323,Salzburg und Umgebung,19.3,0.406111111111665,0.544444444445,2724.77,-4.1123015873,-6.39420634919998
AT5101,Austria,AT,AT3,AT32,AT323,Salzburg und Umgebung,19.3,0.406111111111665,0.544444444445,2724.77,-4.1123015873,-6.39420634919998
AT5102,Austria,AT,AT3,AT32,AT323,Salzburg und Umgebung,19.3,0.406111111111665,0.544444444445,2724.77,-4.1123015873,-6.39420634919998
AT5110,Austria,AT,AT3,AT32,AT323,Salzburg und Umgebung,19.3,0.406111111111665,0.544444444445,2724.77,-4.1123015873,-6.39420634919998
AT5111,Austria,AT,AT3,AT32,AT323,Salzburg und Umgebung,19.3,0.406111111111665,0.544444444445,2724.77,-4.1123015873,-6.39420634919998
AT5112,Austria,AT,AT3,AT32,AT323,Salzburg und Umgebung,19.3,0.406111111111665,0.544444444445,2724.77,-4.1123015873,-6.39420634919998
AT5113,Austria,AT,AT3,AT32,AT323,Salzburg und Umgebung,19.3,0.406111111111665,0.544444444445,2724.77,-4.1123015873,-6.39420634919998
AT5114,Austria,AT,AT3,AT32,AT323,Salzburg und Umgebung,19.3,0.406111111111665,0.544444444445,2724.77,-4.1123015873,-6.39420634919998
AT5151,Austria,AT,AT3,AT32,AT323,Salzburg und Umgebung,19.3,0.406111111111665,0.544444444445,2724.77,-4.1123015873,-6.39420634919998
AT5152,Austria,AT,AT3,AT32,AT323,Salzburg und Umgebung,19.3,0.406111111111665,0.544444444445,2724.77,-4.1123015873,-6.39420634919998
AT5161,Austria,AT,AT3,AT32,AT323,Salzburg und Umgebung,19.3,0.406111111111665,0.544444444445,2724.77,-4.1123015873,-6.39420634919998
AT5162,Austria,AT,AT3,AT32,AT323,Salzburg und Umgebung,19.3,0.406111111111665,0.544444444445,2724.77,-4.1123015873,-6.39420634919998
AT5163,Austria,AT,AT3,AT32,AT323,Salzburg und Umgebung,19.3,0.406111111111665,0.544444444445,2724.77,-4.1123015873,-6.39420634919998
AT5164,Austria,AT,AT3,AT32,AT323,Salzburg und Umgebung,19.3,0.406111111111665,0.544444444445,2724.77,-4.1123015873,-6.39420634919998
AT5165,Austria,AT,AT3,AT32,AT323,Salzburg und Umgebung,19.3,0.406111111111665,0.544444444445,2724.77,-4.1123015873,-6.39420634919998
AT5201,Austria,AT,AT3,AT32,AT323,Salzburg und Umgebung,19.3,0.406111111111665,0.544444444445,2724.77,-4.1123015873,-6.39420634919998
AT5202,Austria,AT,AT3,AT32,AT323,Salzburg und Umgebung,19.3,0.406111111111665,0.544444444445,2724.77,-4.1123015873,-6.39420634919998
AT5203,Austria,AT,AT3,AT32,AT323,Salzburg und Umgebung,19.3,0.406111111111665,0.544444444445,2724.77,-4.1123015873,-6.39420634919998
AT5204,Austria,AT,AT3,AT32,AT323,Salzburg und Umgebung,19.3,0.406111111111665,0.544444444445,2724.77,-4.1123015873,-6.39420634919998
AT5205,Austria,AT,AT3,AT32,AT323,Salzburg und Umgebung,19.3,0.406111111111665,0.544444444445,2724.77,-4.1123015873,-6.39420634919998
AT5300,Austria,AT,AT3,AT32,AT323,Salzburg und Umgebung,19.3,0.406111111111665,0.544444444445,2724.77,-4.1123015873,-6.39420634919998
AT5301,Austria,AT,AT3,AT32,AT323,Salzburg und Umgebung,19.3,0.406111111111665,0.544444444445,2724.77,-4.1123015873,-6.39420634919998
AT5302,Austria,AT,AT3,AT32,AT323,Salzburg und Umgebung,19.3,0.406111111111665,0.544444444445,2724.77,-4.1123015873,-6.39420634919998
AT5303,Austria,AT,AT3,AT32,AT323,Salzburg und Umgebung,19.3,0.406111111111665,0.544444444445,2724.77,-4.1123015873,-6.39420634919998
AT5321,Austria,AT,AT3,AT32,AT323,Salzburg und Umgebung,19.3,0.406111111111665,0.544444444445,2724.77,-4.1123015873,-6.39420634919998
AT5322,Austria,AT,AT3,AT32,AT323,Salzburg und Umgebung,19.3,0.406111111111665,0.544444444445,2724.77,-4.1123015873,-6.39420634919998
AT5323,Austria,AT,AT3,AT32,AT323,Salzburg und Umgebung,19.3,0.406111111111665,0.544444444445,2724.77,-4.1123015873,-6.39420634919998
AT5324,Austria,AT,AT3,AT32,AT323,Salzburg und Umgebung,19.3,0.406111111111665,0.544444444445,2724.77,-4.1123015873,-6.39420634919998
AT5325,Austria,AT,AT3,AT32,AT323,Salzburg und Umgebung,19.3,0.406111111111665,0.544444444445,2724.77,-4.1123015873,-6.39420634919998
AT5330,Austria,AT,AT3,AT32,AT323,Salzburg und Umgebung,19.3,0.406111111111665,0.544444444445,2724.77,-4.1123015873,-6.39420634919998
AT5340,Austria,AT,AT3,AT32,AT323,Salzburg und Umgebung,19.3,0.406111111111665,0.544444444445,2724.77,-4.1123015873,-6.39420634919998
AT5342,Austria,AT,AT3,AT32,AT323,Salzburg und Umgebung,19.3,0.406111111111665,0.544444444445,2724.77,-4.1123015873,-6.39420634919998
AT5350,Austria,AT,AT3,AT32,AT323,Salzburg und Umgebung,19.3,0.406111111111665,0.544444444445,2724.77,-4.1123015873,-6.39420634919998
AT5400,Austria,AT,AT3,AT32,AT323,Salzburg und Umgebung,19.3,0.406111111111665,0.544444444445,2724.77,-4.1123015873,-6.39420634919998
AT5411,Austria,AT,AT3,AT32,AT323,Salzburg und Umgebung,19.3,0.406111111111665,0.544444444445,2724.77,-4.1123015873,-6.39420634919998
AT5412,Austria,AT,AT3,AT32,AT323,Salzburg und Umgebung,19.3,0.406111111111665,0.544444444445,2724.77,-4.1123015873,-6.39420634919998
AT5421,Austria,AT,AT3,AT32,AT323,Salzburg und Umgebung,19.3,0.406111111111665,0.544444444445,2724.77,-4.1123015873,-6.39420634919998
AT5422,Austria,AT,AT3,AT32,AT323,Salzburg und Umgebung,19.3,0.406111111111665,0.544444444445,2724.77,-4.1123015873,-6.39420634919998
AT5423,Austria,AT,AT3,AT32,AT323,Salzburg und Umgebung,19.3,0.406111111111665,0.544444444445,2724.77,-4.1123015873,-6.39420634919998
AT5424,Austria,AT,AT3,AT32,AT323,Salzburg und Umgebung,19.3,0.406111111111665,0.544444444445,2724.77,-4.1123015873,-6.39420634919998
AT5425,Austria,AT,AT3,AT32,AT323,Salzburg und Umgebung,19.3,0.406111111111665,0.544444444445,2724.77,-4.1123015873,-6.39420634919998
AT5431,Austria,AT,AT3,AT32,AT323,Salzburg und Umgebung,19.3,0.406111111111665,0.544444444445,2724.77,-4.1123015873,-6.39420634919998
AT5440,Austria,AT,AT3,AT32,AT323,Salzburg und Umgebung,19.3,0.406111111111665,0.544444444445,2724.77,-4.1123015873,-6.39420634919998
AT5441,Austria,AT,AT3,AT32,AT323,Salzburg und Umgebung,19.3,0.406111111111665,0.544444444445,2724.77,-4.1123015873,-6.39420634919998
AT5442,Austria,AT,AT3,AT32,AT323,Salzburg und Umgebung,19.3,0.406111111111665,0.544444444445,2724.77,-4.1123015873,-6.39420634919998
AT5523,Austria,AT,AT3,AT32,AT323,Salzburg und Umgebung,19.3,0.406111111111665,0.544444444445,2724.77,-4.1123015873,-6.39420634919998
AT5524,Austria,AT,AT3,AT32,AT323,Salzburg und Umgebung,19.3,0.406111111111665,0.544444444445,2724.77,-4.1123015873,-6.39420634919998
AT9782,Austria,AT,AT3,AT33,AT333,Osttirol,0.36,0.0212666666666667,0.0574666666666667,4322.78,-3.93413333333333,-6.2598
AT9900,Austria,AT,AT3,AT33,AT333,Osttirol,0.36,0.0212666666666667,0.0574666666666667,4322.78,-3.93413333333333,-6.2598
AT9903,Austria,AT,AT3,AT33,AT333,Osttirol,0.36,0.0212666666666667,0.0574666666666667,4322.78,-3.93413333333333,-6.2598
AT9904,Austria,AT,AT3,AT33,AT333,Osttirol,0.36,0.0212666666666667,0.0574666666666667,4322.78,-3.93413333333333,-6.2598
AT9905,Austria,AT,AT3,AT33,AT333,Osttirol,0.36,0.0212666666666667,0.0574666666666667,4322.78,-3.93413333333333,-6.2598
AT9906,Austria,AT,AT3,AT33,AT333,Osttirol,0.36,0.0212666666666667,0.0574666666666667,4322.78,-3.93413333333333,-6.2598
AT9907,Austria,AT,AT3,AT33,AT333,Osttirol,0.36,0.0212666666666667,0.0574666666666667,4322.78,-3.93413333333333,-6.2598
AT9908,Austria,AT,AT3,AT33,AT333,Osttirol,0.36,0.0212666666666667,0.0574666666666667,4322.78,-3.93413333333333,-6.2598
AT9909,Austria,AT,AT3,AT33,AT333,Osttirol,0.36,0.0212666666666667,0.0574666666666667,4322.78,-3.93413333333333,-6.2598
AT9911,Austria,AT,AT3,AT33,AT333,Osttirol,0.36,0.0212666666666667,0.0574666666666667,4322.78,-3.93413333333333,-6.2598
AT9912,Austria,AT,AT3,AT33,AT333,Osttirol,0.36,0.0212666666666667,0.0574666666666667,4322.78,-3.93413333333333,-6.2598
AT9913,Austria,AT,AT3,AT33,AT333,Osttirol,0.36,0.0212666666666667,0.0574666666666667,4322.78,-3.93413333333333,-6.2598
AT9918,Austria,AT,AT3,AT33,AT333,Osttirol,0.36,0.0212666666666667,0.0574666666666667,4322.78,-3.93413333333333,-6.2598
AT9919,Austria,AT,AT3,AT33,AT333,Osttirol,0.36,0.0212666666666667,0.0574666666666667,4322.78,-3.93413333333333,-6.2598
AT9920,Austria,AT,AT3,AT33,AT333,Osttirol,0.36,0.0212666666666667,0.0574666666666667,4322.78,-3.93413333333333,-6.2598
AT9931,Austria,AT,AT3,AT33,AT333,Osttirol,0.36,0.0212666666666667,0.0574666666666667,4322.78,-3.93413333333333,-6.2598
AT9932,Austria,AT,AT3,AT33,AT333,Osttirol,0.36,0.0212666666666667,0.0574666666666667,4322.78,-3.93413333333333,-6.2598
AT9941,Austria,AT,AT3,AT33,AT333,Osttirol,0.36,0.0212666666666667,0.0574666666666667,4322.78,-3.93413333333333,-6.2598
AT9942,Austria,AT,AT3,AT33,AT333,Osttirol,0.36,0.0212666666666667,0.0574666666666667,4322.78,-3.93413333333333,-6.2598
AT9943,Austria,AT,AT3,AT33,AT333,Osttirol,0.36,0.0212666666666667,0.0574666666666667,4322.78,-3.93413333333333,-6.2598
AT9951,Austria,AT,AT3,AT33,AT333,Osttirol,0.36,0.0212666666666667,0.0574666666666667,4322.78,-3.93413333333333,-6.2598
AT9952,Austria,AT,AT3,AT33,AT333,Osttirol,0.36,0.0212666666666667,0.0574666666666667,4322.78,-3.93413333333333,-6.2598
AT9954,Austria,AT,AT3,AT33,AT333,Osttirol,0.36,0.0212666666666667,0.0574666666666667,4322.78,-3.93413333333333,-6.2598
AT9961,Austria,AT,AT3,AT33,AT333,Osttirol,0.36,0.0212666666666667,0.0574666666666667,4322.78,-3.93413333333333,-6.2598
AT9962,Austria,AT,AT3,AT33,AT333,Osttirol,0.36,0.0212666666666667,0.0574666666666667,4322.78,-3.93413333333333,-6.2598
AT9963,Austria,AT,AT3,AT33,AT333,Osttirol,0.36,0.0212666666666667,0.0574666666666667,4322.78,-3.93413333333333,-6.2598
AT9971,Austria,AT,AT3,AT33,AT333,Osttirol,0.36,0.0212666666666667,0.0574666666666667,4322.78,-3.93413333333333,-6.2598
AT9972,Austria,AT,AT3,AT33,AT333,Osttirol,0.36,0.0212666666666667,0.0574666666666667,4322.78,-3.93413333333333,-6.2598
AT9974,Austria,AT,AT3,AT33,AT333,Osttirol,0.36,0.0212666666666667,0.0574666666666667,4322.78,-3.93413333333333,-6.2598
AT9981,Austria,AT,AT3,AT33,AT333,Osttirol,0.36,0.0212666666666667,0.0574666666666667,4322.78,-3.93413333333333,-6.2598
AT9990,Austria,AT,AT3,AT33,AT333,Osttirol,0.36,0.0212666666666667,0.0574666666666667,4322.78,-3.93413333333333,-6.2598
AT9991,Austria,AT,AT3,AT33,AT333,Osttirol,0.36,0.0212666666666667,0.0574666666666667,4322.78,-3.93413333333333,-6.2598
AT6600,Austria,AT,AT3,AT33,AT331,Außerfern,0,0.1086904761905,0.197976190476667,3689.59,-3.94928571428333,-6.37559523809998
AT6604,Austria,AT,AT3,AT33,AT331,Außerfern,0,0.1086904761905,0.197976190476667,3689.59,-3.94928571428333,-6.37559523809998
AT6610,Austria,AT,AT3,AT33,AT331,Außerfern,0,0.1086904761905,0.197976190476667,3689.59,-3.94928571428333,-6.37559523809998
AT6611,Austria,AT,AT3,AT33,AT331,Außerfern,0,0.1086904761905,0.197976190476667,3689.59,-3.94928571428333,-6.37559523809998
AT6621,Austria,AT,AT3,AT33,AT331,Außerfern,0,0.1086904761905,0.197976190476667,3689.59,-3.94928571428333,-6.37559523809998
AT6622,Austria,AT,AT3,AT33,AT331,Außerfern,0,0.1086904761905,0.197976190476667,3689.59,-3.94928571428333,-6.37559523809998
AT6623,Austria,AT,AT3,AT33,AT331,Außerfern,0,0.1086904761905,0.197976190476667,3689.59,-3.94928571428333,-6.37559523809998
AT6631,Austria,AT,AT3,AT33,AT331,Außerfern,0,0.1086904761905,0.197976190476667,3689.59,-3.94928571428333,-6.37559523809998
AT6632,Austria,AT,AT3,AT33,AT331,Außerfern,0,0.1086904761905,0.197976190476667,3689.59,-3.94928571428333,-6.37559523809998
AT6633,Austria,AT,AT3,AT33,AT331,Außerfern,0,0.1086904761905,0.197976190476667,3689.59,-3.94928571428333,-6.37559523809998
AT6642,Austria,AT,AT3,AT33,AT331,Außerfern,0,0.1086904761905,0.197976190476667,3689.59,-3.94928571428333,-6.37559523809998
AT6644,Austria,AT,AT3,AT33,AT331,Außerfern,0,0.1086904761905,0.197976190476667,3689.59,-3.94928571428333,-6.37559523809998
AT6645,Austria,AT,AT3,AT33,AT331,Außerfern,0,0.1086904761905,0.197976190476667,3689.59,-3.94928571428333,-6.37559523809998
AT6646,Austria,AT,AT3,AT33,AT331,Außerfern,0,0.1086904761905,0.197976190476667,3689.59,-3.94928571428333,-6.37559523809998
AT6647,Austria,AT,AT3,AT33,AT331,Außerfern,0,0.1086904761905,0.197976190476667,3689.59,-3.94928571428333,-6.37559523809998
AT6650,Austria,AT,AT3,AT33,AT331,Außerfern,0,0.1086904761905,0.197976190476667,3689.59,-3.94928571428333,-6.37559523809998
AT6651,Austria,AT,AT3,AT33,AT331,Außerfern,0,0.1086904761905,0.197976190476667,3689.59,-3.94928571428333,-6.37559523809998
AT6652,Austria,AT,AT3,AT33,AT331,Außerfern,0,0.1086904761905,0.197976190476667,3689.59,-3.94928571428333,-6.37559523809998
AT6653,Austria,AT,AT3,AT33,AT331,Außerfern,0,0.1086904761905,0.197976190476667,3689.59,-3.94928571428333,-6.37559523809998
AT6654,Austria,AT,AT3,AT33,AT331,Außerfern,0,0.1086904761905,0.197976190476667,3689.59,-3.94928571428333,-6.37559523809998
AT6655,Austria,AT,AT3,AT33,AT331,Außerfern,0,0.1086904761905,0.197976190476667,3689.59,-3.94928571428333,-6.37559523809998
AT6670,Austria,AT,AT3,AT33,AT331,Außerfern,0,0.1086904761905,0.197976190476667,3689.59,-3.94928571428333,-6.37559523809998
AT6671,Austria,AT,AT3,AT33,AT331,Außerfern,0,0.1086904761905,0.197976190476667,3689.59,-3.94928571428333,-6.37559523809998
AT6672,Austria,AT,AT3,AT33,AT331,Außerfern,0,0.1086904761905,0.197976190476667,3689.59,-3.94928571428333,-6.37559523809998
AT6673,Austria,AT,AT3,AT33,AT331,Außerfern,0,0.1086904761905,0.197976190476667,3689.59,-3.94928571428333,-6.37559523809998
AT6675,Austria,AT,AT3,AT33,AT331,Außerfern,0,0.1086904761905,0.197976190476667,3689.59,-3.94928571428333,-6.37559523809998
AT6677,Austria,AT,AT3,AT33,AT331,Außerfern,0,0.1086904761905,0.197976190476667,3689.59,-3.94928571428333,-6.37559523809998
AT6682,Austria,AT,AT3,AT33,AT331,Außerfern,0,0.1086904761905,0.197976190476667,3689.59,-3.94928571428333,-6.37559523809998
AT6691,Austria,AT,AT3,AT33,AT331,Außerfern,0,0.1086904761905,0.197976190476667,3689.59,-3.94928571428333,-6.37559523809998
AT6020,Austria,AT,AT3,AT33,AT332,Innsbruck,0,0.0962,0.180866666666667,3805.59,-3.7272,-6.03713333333333
AT6060,Austria,AT,AT3,AT33,AT332,Innsbruck,0,0.0962,0.180866666666667,3805.59,-3.7272,-6.03713333333333
AT6063,Austria,AT,AT3,AT33,AT332,Innsbruck,0,0.0962,0.180866666666667,3805.59,-3.7272,-6.03713333333333
AT6065,Austria,AT,AT3,AT33,AT332,Innsbruck,0,0.0962,0.180866666666667,3805.59,-3.7272,-6.03713333333333
AT6067,Austria,AT,AT3,AT33,AT332,Innsbruck,0,0.0962,0.180866666666667,3805.59,-3.7272,-6.03713333333333
AT6068,Austria,AT,AT3,AT33,AT332,Innsbruck,0,0.0962,0.180866666666667,3805.59,-3.7272,-6.03713333333333
AT6069,Austria,AT,AT3,AT33,AT332,Innsbruck,0,0.0962,0.180866666666667,3805.59,-3.7272,-6.03713333333333
AT6070,Austria,AT,AT3,AT33,AT332,Innsbruck,0,0.0962,0.180866666666667,3805.59,-3.7272,-6.03713333333333
AT6071,Austria,AT,AT3,AT33,AT332,Innsbruck,0,0.0962,0.180866666666667,3805.59,-3.7272,-6.03713333333333
AT6072,Austria,AT,AT3,AT33,AT332,Innsbruck,0,0.0962,0.180866666666667,3805.59,-3.7272,-6.03713333333333
AT6073,Austria,AT,AT3,AT33,AT332,Innsbruck,0,0.0962,0.180866666666667,3805.59,-3.7272,-6.03713333333333
AT6074,Austria,AT,AT3,AT33,AT332,Innsbruck,0,0.0962,0.180866666666667,3805.59,-3.7272,-6.03713333333333
AT6075,Austria,AT,AT3,AT33,AT332,Innsbruck,0,0.0962,0.180866666666667,3805.59,-3.7272,-6.03713333333333
AT6080,Austria,AT,AT3,AT33,AT332,Innsbruck,0,0.0962,0.180866666666667,3805.59,-3.7272,-6.03713333333333
AT6082,Austria,AT,AT3,AT33,AT332,Innsbruck,0,0.0962,0.180866666666667,3805.59,-3.7272,-6.03713333333333
AT6083,Austria,AT,AT3,AT33,AT332,Innsbruck,0,0.0962,0.180866666666667,3805.59,-3.7272,-6.03713333333333
AT6091,Austria,AT,AT3,AT33,AT332,Innsbruck,0,0.0962,0.180866666666667,3805.59,-3.7272,-6.03713333333333
AT6092,Austria,AT,AT3,AT33,AT332,Innsbruck,0,0.0962,0.180866666666667,3805.59,-3.7272,-6.03713333333333
AT6094,Austria,AT,AT3,AT33,AT332,Innsbruck,0,0.0962,0.180866666666667,3805.59,-3.7272,-6.03713333333333
AT6095,Austria,AT,AT3,AT33,AT332,Innsbruck,0,0.0962,0.180866666666667,3805.59,-3.7272,-6.03713333333333
AT6100,Austria,AT,AT3,AT33,AT332,Innsbruck,0,0.0962,0.180866666666667,3805.59,-3.7272,-6.03713333333333
AT6103,Austria,AT,AT3,AT33,AT332,Innsbruck,0,0.0962,0.180866666666667,3805.59,-3.7272,-6.03713333333333
AT6105,Austria,AT,AT3,AT33,AT332,Innsbruck,0,0.0962,0.180866666666667,3805.59,-3.7272,-6.03713333333333
AT6108,Austria,AT,AT3,AT33,AT332,Innsbruck,0,0.0962,0.180866666666667,3805.59,-3.7272,-6.03713333333333
AT6111,Austria,AT,AT3,AT33,AT332,Innsbruck,0,0.0962,0.180866666666667,3805.59,-3.7272,-6.03713333333333
AT6112,Austria,AT,AT3,AT33,AT332,Innsbruck,0,0.0962,0.180866666666667,3805.59,-3.7272,-6.03713333333333
AT6113,Austria,AT,AT3,AT33,AT332,Innsbruck,0,0.0962,0.180866666666667,3805.59,-3.7272,-6.03713333333333
AT6114,Austria,AT,AT3,AT33,AT332,Innsbruck,0,0.0962,0.180866666666667,3805.59,-3.7272,-6.03713333333333
AT6115,Austria,AT,AT3,AT33,AT332,Innsbruck,0,0.0962,0.180866666666667,3805.59,-3.7272,-6.03713333333333
AT6121,Austria,AT,AT3,AT33,AT332,Innsbruck,0,0.0962,0.180866666666667,3805.59,-3.7272,-6.03713333333333
AT6122,Austria,AT,AT3,AT33,AT332,Innsbruck,0,0.0962,0.180866666666667,3805.59,-3.7272,-6.03713333333333
AT6141,Austria,AT,AT3,AT33,AT332,Innsbruck,0,0.0962,0.180866666666667,3805.59,-3.7272,-6.03713333333333
AT6142,Austria,AT,AT3,AT33,AT332,Innsbruck,0,0.0962,0.180866666666667,3805.59,-3.7272,-6.03713333333333
AT6143,Austria,AT,AT3,AT33,AT332,Innsbruck,0,0.0962,0.180866666666667,3805.59,-3.7272,-6.03713333333333
AT6145,Austria,AT,AT3,AT33,AT332,Innsbruck,0,0.0962,0.180866666666667,3805.59,-3.7272,-6.03713333333333
AT6150,Austria,AT,AT3,AT33,AT332,Innsbruck,0,0.0962,0.180866666666667,3805.59,-3.7272,-6.03713333333333
AT6152,Austria,AT,AT3,AT33,AT332,Innsbruck,0,0.0962,0.180866666666667,3805.59,-3.7272,-6.03713333333333
AT6154,Austria,AT,AT3,AT33,AT332,Innsbruck,0,0.0962,0.180866666666667,3805.59,-3.7272,-6.03713333333333
AT6156,Austria,AT,AT3,AT33,AT332,Innsbruck,0,0.0962,0.180866666666667,3805.59,-3.7272,-6.03713333333333
AT6157,Austria,AT,AT3,AT33,AT332,Innsbruck,0,0.0962,0.180866666666667,3805.59,-3.7272,-6.03713333333333
AT6161,Austria,AT,AT3,AT33,AT332,Innsbruck,0,0.0962,0.180866666666667,3805.59,-3.7272,-6.03713333333333
AT6162,Austria,AT,AT3,AT33,AT332,Innsbruck,0,0.0962,0.180866666666667,3805.59,-3.7272,-6.03713333333333
AT6165,Austria,AT,AT3,AT33,AT332,Innsbruck,0,0.0962,0.180866666666667,3805.59,-3.7272,-6.03713333333333
AT6166,Austria,AT,AT3,AT33,AT332,Innsbruck,0,0.0962,0.180866666666667,3805.59,-3.7272,-6.03713333333333
AT6167,Austria,AT,AT3,AT33,AT332,Innsbruck,0,0.0962,0.180866666666667,3805.59,-3.7272,-6.03713333333333
AT6170,Austria,AT,AT3,AT33,AT332,Innsbruck,0,0.0962,0.180866666666667,3805.59,-3.7272,-6.03713333333333
AT6173,Austria,AT,AT3,AT33,AT332,Innsbruck,0,0.0962,0.180866666666667,3805.59,-3.7272,-6.03713333333333
AT6175,Austria,AT,AT3,AT33,AT332,Innsbruck,0,0.0962,0.180866666666667,3805.59,-3.7272,-6.03713333333333
AT6176,Austria,AT,AT3,AT33,AT332,Innsbruck,0,0.0962,0.180866666666667,3805.59,-3.7272,-6.03713333333333
AT6178,Austria,AT,AT3,AT33,AT332,Innsbruck,0,0.0962,0.180866666666667,3805.59,-3.7272,-6.03713333333333
AT6179,Austria,AT,AT3,AT33,AT332,Innsbruck,0,0.0962,0.180866666666667,3805.59,-3.7272,-6.03713333333333
AT6181,Austria,AT,AT3,AT33,AT332,Innsbruck,0,0.0962,0.180866666666667,3805.59,-3.7272,-6.03713333333333
AT6182,Austria,AT,AT3,AT33,AT332,Innsbruck,0,0.0962,0.180866666666667,3805.59,-3.7272,-6.03713333333333
AT6184,Austria,AT,AT3,AT33,AT332,Innsbruck,0,0.0962,0.180866666666667,3805.59,-3.7272,-6.03713333333333
AT6401,Austria,AT,AT3,AT33,AT332,Innsbruck,0,0.0962,0.180866666666667,3805.59,-3.7272,-6.03713333333333
AT6402,Austria,AT,AT3,AT33,AT332,Innsbruck,0,0.0962,0.180866666666667,3805.59,-3.7272,-6.03713333333333
AT6403,Austria,AT,AT3,AT33,AT332,Innsbruck,0,0.0962,0.180866666666667,3805.59,-3.7272,-6.03713333333333
AT6404,Austria,AT,AT3,AT33,AT332,Innsbruck,0,0.0962,0.180866666666667,3805.59,-3.7272,-6.03713333333333
AT6405,Austria,AT,AT3,AT33,AT332,Innsbruck,0,0.0962,0.180866666666667,3805.59,-3.7272,-6.03713333333333
AT6406,Austria,AT,AT3,AT33,AT332,Innsbruck,0,0.0962,0.180866666666667,3805.59,-3.7272,-6.03713333333333
AT6408,Austria,AT,AT3,AT33,AT332,Innsbruck,0,0.0962,0.180866666666667,3805.59,-3.7272,-6.03713333333333
AT6410,Austria,AT,AT3,AT33,AT332,Innsbruck,0,0.0962,0.180866666666667,3805.59,-3.7272,-6.03713333333333
AT6413,Austria,AT,AT3,AT33,AT332,Innsbruck,0,0.0962,0.180866666666667,3805.59,-3.7272,-6.03713333333333
AT6800,Austria,AT,AT3,AT34,AT342,Rheintal-Bodenseegebiet,22.94,0.454848484848333,0.633787878788333,2716.28,-4.04045454545,-6.31575757575
AT6811,Austria,AT,AT3,AT34,AT342,Rheintal-Bodenseegebiet,22.94,0.454848484848333,0.633787878788333,2716.28,-4.04045454545,-6.31575757575
AT6812,Austria,AT,AT3,AT34,AT342,Rheintal-Bodenseegebiet,22.94,0.454848484848333,0.633787878788333,2716.28,-4.04045454545,-6.31575757575
AT6820,Austria,AT,AT3,AT34,AT342,Rheintal-Bodenseegebiet,22.94,0.454848484848333,0.633787878788333,2716.28,-4.04045454545,-6.31575757575
AT6822,Austria,AT,AT3,AT34,AT342,Rheintal-Bodenseegebiet,22.94,0.454848484848333,0.633787878788333,2716.28,-4.04045454545,-6.31575757575
AT6824,Austria,AT,AT3,AT34,AT342,Rheintal-Bodenseegebiet,22.94,0.454848484848333,0.633787878788333,2716.28,-4.04045454545,-6.31575757575
AT6830,Austria,AT,AT3,AT34,AT342,Rheintal-Bodenseegebiet,22.94,0.454848484848333,0.633787878788333,2716.28,-4.04045454545,-6.31575757575
AT6832,Austria,AT,AT3,AT34,AT342,Rheintal-Bodenseegebiet,22.94,0.454848484848333,0.633787878788333,2716.28,-4.04045454545,-6.31575757575
AT6833,Austria,AT,AT3,AT34,AT342,Rheintal-Bodenseegebiet,22.94,0.454848484848333,0.633787878788333,2716.28,-4.04045454545,-6.31575757575
AT6834,Austria,AT,AT3,AT34,AT342,Rheintal-Bodenseegebiet,22.94,0.454848484848333,0.633787878788333,2716.28,-4.04045454545,-6.31575757575
AT6835,Austria,AT,AT3,AT34,AT342,Rheintal-Bodenseegebiet,22.94,0.454848484848333,0.633787878788333,2716.28,-4.04045454545,-6.31575757575
AT6836,Austria,AT,AT3,AT34,AT342,Rheintal-Bodenseegebiet,22.94,0.454848484848333,0.633787878788333,2716.28,-4.04045454545,-6.31575757575
AT6837,Austria,AT,AT3,AT34,AT342,Rheintal-Bodenseegebiet,22.94,0.454848484848333,0.633787878788333,2716.28,-4.04045454545,-6.31575757575
AT6840,Austria,AT,AT3,AT34,AT342,Rheintal-Bodenseegebiet,22.94,0.454848484848333,0.633787878788333,2716.28,-4.04045454545,-6.31575757575
AT6841,Austria,AT,AT3,AT34,AT342,Rheintal-Bodenseegebiet,22.94,0.454848484848333,0.633787878788333,2716.28,-4.04045454545,-6.31575757575
AT6842,Austria,AT,AT3,AT34,AT342,Rheintal-Bodenseegebiet,22.94,0.454848484848333,0.633787878788333,2716.28,-4.04045454545,-6.31575757575
AT6844,Austria,AT,AT3,AT34,AT342,Rheintal-Bodenseegebiet,22.94,0.454848484848333,0.633787878788333,2716.28,-4.04045454545,-6.31575757575
AT6845,Austria,AT,AT3,AT34,AT342,Rheintal-Bodenseegebiet,22.94,0.454848484848333,0.633787878788333,2716.28,-4.04045454545,-6.31575757575
AT6850,Austria,AT,AT3,AT34,AT342,Rheintal-Bodenseegebiet,22.94,0.454848484848333,0.633787878788333,2716.28,-4.04045454545,-6.31575757575
AT6858,Austria,AT,AT3,AT34,AT342,Rheintal-Bodenseegebiet,22.94,0.454848484848333,0.633787878788333,2716.28,-4.04045454545,-6.31575757575
AT6861,Austria,AT,AT3,AT34,AT342,Rheintal-Bodenseegebiet,22.94,0.454848484848333,0.633787878788333,2716.28,-4.04045454545,-6.31575757575
AT6890,Austria,AT,AT3,AT34,AT342,Rheintal-Bodenseegebiet,22.94,0.454848484848333,0.633787878788333,2716.28,-4.04045454545,-6.31575757575
AT6900,Austria,AT,AT3,AT34,AT342,Rheintal-Bodenseegebiet,22.94,0.454848484848333,0.633787878788333,2716.28,-4.04045454545,-6.31575757575
AT6911,Austria,AT,AT3,AT34,AT342,Rheintal-Bodenseegebiet,22.94,0.454848484848333,0.633787878788333,2716.28,-4.04045454545,-6.31575757575
AT6912,Austria,AT,AT3,AT34,AT342,Rheintal-Bodenseegebiet,22.94,0.454848484848333,0.633787878788333,2716.28,-4.04045454545,-6.31575757575
AT6914,Austria,AT,AT3,AT34,AT342,Rheintal-Bodenseegebiet,22.94,0.454848484848333,0.633787878788333,2716.28,-4.04045454545,-6.31575757575
AT6921,Austria,AT,AT3,AT34,AT342,Rheintal-Bodenseegebiet,22.94,0.454848484848333,0.633787878788333,2716.28,-4.04045454545,-6.31575757575
AT6922,Austria,AT,AT3,AT34,AT342,Rheintal-Bodenseegebiet,22.94,0.454848484848333,0.633787878788333,2716.28,-4.04045454545,-6.31575757575
AT6923,Austria,AT,AT3,AT34,AT342,Rheintal-Bodenseegebiet,22.94,0.454848484848333,0.633787878788333,2716.28,-4.04045454545,-6.31575757575
AT6932,Austria,AT,AT3,AT34,AT342,Rheintal-Bodenseegebiet,22.94,0.454848484848333,0.633787878788333,2716.28,-4.04045454545,-6.31575757575
AT6933,Austria,AT,AT3,AT34,AT342,Rheintal-Bodenseegebiet,22.94,0.454848484848333,0.633787878788333,2716.28,-4.04045454545,-6.31575757575
AT6934,Austria,AT,AT3,AT34,AT342,Rheintal-Bodenseegebiet,22.94,0.454848484848333,0.633787878788333,2716.28,-4.04045454545,-6.31575757575
AT6943,Austria,AT,AT3,AT34,AT342,Rheintal-Bodenseegebiet,22.94,0.454848484848333,0.633787878788333,2716.28,-4.04045454545,-6.31575757575
AT6960,Austria,AT,AT3,AT34,AT342,Rheintal-Bodenseegebiet,22.94,0.454848484848333,0.633787878788333,2716.28,-4.04045454545,-6.31575757575
AT6971,Austria,AT,AT3,AT34,AT342,Rheintal-Bodenseegebiet,22.94,0.454848484848333,0.633787878788333,2716.28,-4.04045454545,-6.31575757575
AT6972,Austria,AT,AT3,AT34,AT342,Rheintal-Bodenseegebiet,22.94,0.454848484848333,0.633787878788333,2716.28,-4.04045454545,-6.31575757575
AT6973,Austria,AT,AT3,AT34,AT342,Rheintal-Bodenseegebiet,22.94,0.454848484848333,0.633787878788333,2716.28,-4.04045454545,-6.31575757575
AT6974,Austria,AT,AT3,AT34,AT342,Rheintal-Bodenseegebiet,22.94,0.454848484848333,0.633787878788333,2716.28,-4.04045454545,-6.31575757575
AT6183,Austria,AT,AT3,AT33,AT334,Tiroler Oberland,0,0.0158333333333333,0.0421052631578333,4346.91,-3.74171052631667,-6.00162280701667
AT6414,Austria,AT,AT3,AT33,AT334,Tiroler Oberland,0,0.0158333333333333,0.0421052631578333,4346.91,-3.74171052631667,-6.00162280701667
AT6416,Austria,AT,AT3,AT33,AT334,Tiroler Oberland,0,0.0158333333333333,0.0421052631578333,4346.91,-3.74171052631667,-6.00162280701667
AT6421,Austria,AT,AT3,AT33,AT334,Tiroler Oberland,0,0.0158333333333333,0.0421052631578333,4346.91,-3.74171052631667,-6.00162280701667
AT6422,Austria,AT,AT3,AT33,AT334,Tiroler Oberland,0,0.0158333333333333,0.0421052631578333,4346.91,-3.74171052631667,-6.00162280701667
AT6423,Austria,AT,AT3,AT33,AT334,Tiroler Oberland,0,0.0158333333333333,0.0421052631578333,4346.91,-3.74171052631667,-6.00162280701667
AT6424,Austria,AT,AT3,AT33,AT334,Tiroler Oberland,0,0.0158333333333333,0.0421052631578333,4346.91,-3.74171052631667,-6.00162280701667
AT6425,Austria,AT,AT3,AT33,AT334,Tiroler Oberland,0,0.0158333333333333,0.0421052631578333,4346.91,-3.74171052631667,-6.00162280701667
AT6426,Austria,AT,AT3,AT33,AT334,Tiroler Oberland,0,0.0158333333333333,0.0421052631578333,4346.91,-3.74171052631667,-6.00162280701667
AT6430,Austria,AT,AT3,AT33,AT334,Tiroler Oberland,0,0.0158333333333333,0.0421052631578333,4346.91,-3.74171052631667,-6.00162280701667
AT6432,Austria,AT,AT3,AT33,AT334,Tiroler Oberland,0,0.0158333333333333,0.0421052631578333,4346.91,-3.74171052631667,-6.00162280701667
AT6433,Austria,AT,AT3,AT33,AT334,Tiroler Oberland,0,0.0158333333333333,0.0421052631578333,4346.91,-3.74171052631667,-6.00162280701667
AT6441,Austria,AT,AT3,AT33,AT334,Tiroler Oberland,0,0.0158333333333333,0.0421052631578333,4346.91,-3.74171052631667,-6.00162280701667
AT6444,Austria,AT,AT3,AT33,AT334,Tiroler Oberland,0,0.0158333333333333,0.0421052631578333,4346.91,-3.74171052631667,-6.00162280701667
AT6450,Austria,AT,AT3,AT33,AT334,Tiroler Oberland,0,0.0158333333333333,0.0421052631578333,4346.91,-3.74171052631667,-6.00162280701667
AT6452,Austria,AT,AT3,AT33,AT334,Tiroler Oberland,0,0.0158333333333333,0.0421052631578333,4346.91,-3.74171052631667,-6.00162280701667
AT6456,Austria,AT,AT3,AT33,AT334,Tiroler Oberland,0,0.0158333333333333,0.0421052631578333,4346.91,-3.74171052631667,-6.00162280701667
AT6458,Austria,AT,AT3,AT33,AT334,Tiroler Oberland,0,0.0158333333333333,0.0421052631578333,4346.91,-3.74171052631667,-6.00162280701667
AT6460,Austria,AT,AT3,AT33,AT334,Tiroler Oberland,0,0.0158333333333333,0.0421052631578333,4346.91,-3.74171052631667,-6.00162280701667
AT6462,Austria,AT,AT3,AT33,AT334,Tiroler Oberland,0,0.0158333333333333,0.0421052631578333,4346.91,-3.74171052631667,-6.00162280701667
AT6463,Austria,AT,AT3,AT33,AT334,Tiroler Oberland,0,0.0158333333333333,0.0421052631578333,4346.91,-3.74171052631667,-6.00162280701667
AT6464,Austria,AT,AT3,AT33,AT334,Tiroler Oberland,0,0.0158333333333333,0.0421052631578333,4346.91,-3.74171052631667,-6.00162280701667
AT6465,Austria,AT,AT3,AT33,AT334,Tiroler Oberland,0,0.0158333333333333,0.0421052631578333,4346.91,-3.74171052631667,-6.00162280701667
AT6471,Austria,AT,AT3,AT33,AT334,Tiroler Oberland,0,0.0158333333333333,0.0421052631578333,4346.91,-3.74171052631667,-6.00162280701667
AT6473,Austria,AT,AT3,AT33,AT334,Tiroler Oberland,0,0.0158333333333333,0.0421052631578333,4346.91,-3.74171052631667,-6.00162280701667
AT6474,Austria,AT,AT3,AT33,AT334,Tiroler Oberland,0,0.0158333333333333,0.0421052631578333,4346.91,-3.74171052631667,-6.00162280701667
AT6481,Austria,AT,AT3,AT33,AT334,Tiroler Oberland,0,0.0158333333333333,0.0421052631578333,4346.91,-3.74171052631667,-6.00162280701667
AT6491,Austria,AT,AT3,AT33,AT334,Tiroler Oberland,0,0.0158333333333333,0.0421052631578333,4346.91,-3.74171052631667,-6.00162280701667
AT6492,Austria,AT,AT3,AT33,AT334,Tiroler Oberland,0,0.0158333333333333,0.0421052631578333,4346.91,-3.74171052631667,-6.00162280701667
AT6493,Austria,AT,AT3,AT33,AT334,Tiroler Oberland,0,0.0158333333333333,0.0421052631578333,4346.91,-3.74171052631667,-6.00162280701667
AT6500,Austria,AT,AT3,AT33,AT334,Tiroler Oberland,0,0.0158333333333333,0.0421052631578333,4346.91,-3.74171052631667,-6.00162280701667
AT6511,Austria,AT,AT3,AT33,AT334,Tiroler Oberland,0,0.0158333333333333,0.0421052631578333,4346.91,-3.74171052631667,-6.00162280701667
AT6521,Austria,AT,AT3,AT33,AT334,Tiroler Oberland,0,0.0158333333333333,0.0421052631578333,4346.91,-3.74171052631667,-6.00162280701667
AT6522,Austria,AT,AT3,AT33,AT334,Tiroler Oberland,0,0.0158333333333333,0.0421052631578333,4346.91,-3.74171052631667,-6.00162280701667
AT6524,Austria,AT,AT3,AT33,AT334,Tiroler Oberland,0,0.0158333333333333,0.0421052631578333,4346.91,-3.74171052631667,-6.00162280701667
AT6525,Austria,AT,AT3,AT33,AT334,Tiroler Oberland,0,0.0158333333333333,0.0421052631578333,4346.91,-3.74171052631667,-6.00162280701667
AT6526,Austria,AT,AT3,AT33,AT334,Tiroler Oberland,0,0.0158333333333333,0.0421052631578333,4346.91,-3.74171052631667,-6.00162280701667
AT6527,Austria,AT,AT3,AT33,AT334,Tiroler Oberland,0,0.0158333333333333,0.0421052631578333,4346.91,-3.74171052631667,-6.00162280701667
AT6528,Austria,AT,AT3,AT33,AT334,Tiroler Oberland,0,0.0158333333333333,0.0421052631578333,4346.91,-3.74171052631667,-6.00162280701667
AT6531,Austria,AT,AT3,AT33,AT334,Tiroler Oberland,0,0.0158333333333333,0.0421052631578333,4346.91,-3.74171052631667,-6.00162280701667
AT6532,Austria,AT,AT3,AT33,AT334,Tiroler Oberland,0,0.0158333333333333,0.0421052631578333,4346.91,-3.74171052631667,-6.00162280701667
AT6533,Austria,AT,AT3,AT33,AT334,Tiroler Oberland,0,0.0158333333333333,0.0421052631578333,4346.91,-3.74171052631667,-6.00162280701667
AT6534,Austria,AT,AT3,AT33,AT334,Tiroler Oberland,0,0.0158333333333333,0.0421052631578333,4346.91,-3.74171052631667,-6.00162280701667
AT6541,Austria,AT,AT3,AT33,AT334,Tiroler Oberland,0,0.0158333333333333,0.0421052631578333,4346.91,-3.74171052631667,-6.00162280701667
AT6542,Austria,AT,AT3,AT33,AT334,Tiroler Oberland,0,0.0158333333333333,0.0421052631578333,4346.91,-3.74171052631667,-6.00162280701667
AT6543,Austria,AT,AT3,AT33,AT334,Tiroler Oberland,0,0.0158333333333333,0.0421052631578333,4346.91,-3.74171052631667,-6.00162280701667
AT6544,Austria,AT,AT3,AT33,AT334,Tiroler Oberland,0,0.0158333333333333,0.0421052631578333,4346.91,-3.74171052631667,-6.00162280701667
AT6551,Austria,AT,AT3,AT33,AT334,Tiroler Oberland,0,0.0158333333333333,0.0421052631578333,4346.91,-3.74171052631667,-6.00162280701667
AT6552,Austria,AT,AT3,AT33,AT334,Tiroler Oberland,0,0.0158333333333333,0.0421052631578333,4346.91,-3.74171052631667,-6.00162280701667
AT6553,Austria,AT,AT3,AT33,AT334,Tiroler Oberland,0,0.0158333333333333,0.0421052631578333,4346.91,-3.74171052631667,-6.00162280701667
AT6555,Austria,AT,AT3,AT33,AT334,Tiroler Oberland,0,0.0158333333333333,0.0421052631578333,4346.91,-3.74171052631667,-6.00162280701667
AT6561,Austria,AT,AT3,AT33,AT334,Tiroler Oberland,0,0.0158333333333333,0.0421052631578333,4346.91,-3.74171052631667,-6.00162280701667
AT6562,Austria,AT,AT3,AT33,AT334,Tiroler Oberland,0,0.0158333333333333,0.0421052631578333,4346.91,-3.74171052631667,-6.00162280701667
AT6563,Austria,AT,AT3,AT33,AT334,Tiroler Oberland,0,0.0158333333333333,0.0421052631578333,4346.91,-3.74171052631667,-6.00162280701667
AT6571,Austria,AT,AT3,AT33,AT334,Tiroler Oberland,0,0.0158333333333333,0.0421052631578333,4346.91,-3.74171052631667,-6.00162280701667
AT6572,Austria,AT,AT3,AT33,AT334,Tiroler Oberland,0,0.0158333333333333,0.0421052631578333,4346.91,-3.74171052631667,-6.00162280701667
AT6574,Austria,AT,AT3,AT33,AT334,Tiroler Oberland,0,0.0158333333333333,0.0421052631578333,4346.91,-3.74171052631667,-6.00162280701667
AT6580,Austria,AT,AT3,AT33,AT334,Tiroler Oberland,0,0.0158333333333333,0.0421052631578333,4346.91,-3.74171052631667,-6.00162280701667
AT6591,Austria,AT,AT3,AT33,AT334,Tiroler Oberland,0,0.0158333333333333,0.0421052631578333,4346.91,-3.74171052631667,-6.00162280701667
AT6116,Austria,AT,AT3,AT33,AT335,Tiroler Unterland,0.3,0.197673611111667,0.309097222221665,3510.86,-3.78850694445,-6.10572916666667
AT6123,Austria,AT,AT3,AT33,AT335,Tiroler Unterland,0.3,0.197673611111667,0.309097222221665,3510.86,-3.78850694445,-6.10572916666667
AT6130,Austria,AT,AT3,AT33,AT335,Tiroler Unterland,0.3,0.197673611111667,0.309097222221665,3510.86,-3.78850694445,-6.10572916666667
AT6133,Austria,AT,AT3,AT33,AT335,Tiroler Unterland,0.3,0.197673611111667,0.309097222221665,3510.86,-3.78850694445,-6.10572916666667
AT6134,Austria,AT,AT3,AT33,AT335,Tiroler Unterland,0.3,0.197673611111667,0.309097222221665,3510.86,-3.78850694445,-6.10572916666667
AT6135,Austria,AT,AT3,AT33,AT335,Tiroler Unterland,0.3,0.197673611111667,0.309097222221665,3510.86,-3.78850694445,-6.10572916666667
AT6136,Austria,AT,AT3,AT33,AT335,Tiroler Unterland,0.3,0.197673611111667,0.309097222221665,3510.86,-3.78850694445,-6.10572916666667
AT6200,Austria,AT,AT3,AT33,AT335,Tiroler Unterland,0.3,0.197673611111667,0.309097222221665,3510.86,-3.78850694445,-6.10572916666667
AT6210,Austria,AT,AT3,AT33,AT335,Tiroler Unterland,0.3,0.197673611111667,0.309097222221665,3510.86,-3.78850694445,-6.10572916666667
AT6212,Austria,AT,AT3,AT33,AT335,Tiroler Unterland,0.3,0.197673611111667,0.309097222221665,3510.86,-3.78850694445,-6.10572916666667
AT6213,Austria,AT,AT3,AT33,AT335,Tiroler Unterland,0.3,0.197673611111667,0.309097222221665,3510.86,-3.78850694445,-6.10572916666667
AT6215,Austria,AT,AT3,AT33,AT335,Tiroler Unterland,0.3,0.197673611111667,0.309097222221665,3510.86,-3.78850694445,-6.10572916666667
AT6220,Austria,AT,AT3,AT33,AT335,Tiroler Unterland,0.3,0.197673611111667,0.309097222221665,3510.86,-3.78850694445,-6.10572916666667
AT6222,Austria,AT,AT3,AT33,AT335,Tiroler Unterland,0.3,0.197673611111667,0.309097222221665,3510.86,-3.78850694445,-6.10572916666667
AT6230,Austria,AT,AT3,AT33,AT335,Tiroler Unterland,0.3,0.197673611111667,0.309097222221665,3510.86,-3.78850694445,-6.10572916666667
AT6232,Austria,AT,AT3,AT33,AT335,Tiroler Unterland,0.3,0.197673611111667,0.309097222221665,3510.86,-3.78850694445,-6.10572916666667
AT6233,Austria,AT,AT3,AT33,AT335,Tiroler Unterland,0.3,0.197673611111667,0.309097222221665,3510.86,-3.78850694445,-6.10572916666667
AT6234,Austria,AT,AT3,AT33,AT335,Tiroler Unterland,0.3,0.197673611111667,0.309097222221665,3510.86,-3.78850694445,-6.10572916666667
AT6235,Austria,AT,AT3,AT33,AT335,Tiroler Unterland,0.3,0.197673611111667,0.309097222221665,3510.86,-3.78850694445,-6.10572916666667
AT6236,Austria,AT,AT3,AT33,AT335,Tiroler Unterland,0.3,0.197673611111667,0.309097222221665,3510.86,-3.78850694445,-6.10572916666667
AT6240,Austria,AT,AT3,AT33,AT335,Tiroler Unterland,0.3,0.197673611111667,0.309097222221665,3510.86,-3.78850694445,-6.10572916666667
AT6241,Austria,AT,AT3,AT33,AT335,Tiroler Unterland,0.3,0.197673611111667,0.309097222221665,3510.86,-3.78850694445,-6.10572916666667
AT6250,Austria,AT,AT3,AT33,AT335,Tiroler Unterland,0.3,0.197673611111667,0.309097222221665,3510.86,-3.78850694445,-6.10572916666667
AT6252,Austria,AT,AT3,AT33,AT335,Tiroler Unterland,0.3,0.197673611111667,0.309097222221665,3510.86,-3.78850694445,-6.10572916666667
AT6260,Austria,AT,AT3,AT33,AT335,Tiroler Unterland,0.3,0.197673611111667,0.309097222221665,3510.86,-3.78850694445,-6.10572916666667
AT6261,Austria,AT,AT3,AT33,AT335,Tiroler Unterland,0.3,0.197673611111667,0.309097222221665,3510.86,-3.78850694445,-6.10572916666667
AT6262,Austria,AT,AT3,AT33,AT335,Tiroler Unterland,0.3,0.197673611111667,0.309097222221665,3510.86,-3.78850694445,-6.10572916666667
AT6263,Austria,AT,AT3,AT33,AT335,Tiroler Unterland,0.3,0.197673611111667,0.309097222221665,3510.86,-3.78850694445,-6.10572916666667
AT6264,Austria,AT,AT3,AT33,AT335,Tiroler Unterland,0.3,0.197673611111667,0.309097222221665,3510.86,-3.78850694445,-6.10572916666667
AT6265,Austria,AT,AT3,AT33,AT335,Tiroler Unterland,0.3,0.197673611111667,0.309097222221665,3510.86,-3.78850694445,-6.10572916666667
AT6271,Austria,AT,AT3,AT33,AT335,Tiroler Unterland,0.3,0.197673611111667,0.309097222221665,3510.86,-3.78850694445,-6.10572916666667
AT6272,Austria,AT,AT3,AT33,AT335,Tiroler Unterland,0.3,0.197673611111667,0.309097222221665,3510.86,-3.78850694445,-6.10572916666667
AT6273,Austria,AT,AT3,AT33,AT335,Tiroler Unterland,0.3,0.197673611111667,0.309097222221665,3510.86,-3.78850694445,-6.10572916666667
AT6274,Austria,AT,AT3,AT33,AT335,Tiroler Unterland,0.3,0.197673611111667,0.309097222221665,3510.86,-3.78850694445,-6.10572916666667
AT6275,Austria,AT,AT3,AT33,AT335,Tiroler Unterland,0.3,0.197673611111667,0.309097222221665,3510.86,-3.78850694445,-6.10572916666667
AT6276,Austria,AT,AT3,AT33,AT335,Tiroler Unterland,0.3,0.197673611111667,0.309097222221665,3510.86,-3.78850694445,-6.10572916666667
AT6277,Austria,AT,AT3,AT33,AT335,Tiroler Unterland,0.3,0.197673611111667,0.309097222221665,3510.86,-3.78850694445,-6.10572916666667
AT6278,Austria,AT,AT3,AT33,AT335,Tiroler Unterland,0.3,0.197673611111667,0.309097222221665,3510.86,-3.78850694445,-6.10572916666667
AT6280,Austria,AT,AT3,AT33,AT335,Tiroler Unterland,0.3,0.197673611111667,0.309097222221665,3510.86,-3.78850694445,-6.10572916666667
AT6281,Austria,AT,AT3,AT33,AT335,Tiroler Unterland,0.3,0.197673611111667,0.309097222221665,3510.86,-3.78850694445,-6.10572916666667
AT6283,Austria,AT,AT3,AT33,AT335,Tiroler Unterland,0.3,0.197673611111667,0.309097222221665,3510.86,-3.78850694445,-6.10572916666667
AT6284,Austria,AT,AT3,AT33,AT335,Tiroler Unterland,0.3,0.197673611111667,0.309097222221665,3510.86,-3.78850694445,-6.10572916666667
AT6290,Austria,AT,AT3,AT33,AT335,Tiroler Unterland,0.3,0.197673611111667,0.309097222221665,3510.86,-3.78850694445,-6.10572916666667
AT6292,Austria,AT,AT3,AT33,AT335,Tiroler Unterland,0.3,0.197673611111667,0.309097222221665,3510.86,-3.78850694445,-6.10572916666667
AT6293,Austria,AT,AT3,AT33,AT335,Tiroler Unterland,0.3,0.197673611111667,0.309097222221665,3510.86,-3.78850694445,-6.10572916666667
AT6294,Austria,AT,AT3,AT33,AT335,Tiroler Unterland,0.3,0.197673611111667,0.309097222221665,3510.86,-3.78850694445,-6.10572916666667
AT6295,Austria,AT,AT3,AT33,AT335,Tiroler Unterland,0.3,0.197673611111667,0.309097222221665,3510.86,-3.78850694445,-6.10572916666667
AT6300,Austria,AT,AT3,AT33,AT335,Tiroler Unterland,0.3,0.197673611111667,0.309097222221665,3510.86,-3.78850694445,-6.10572916666667
AT6305,Austria,AT,AT3,AT33,AT335,Tiroler Unterland,0.3,0.197673611111667,0.309097222221665,3510.86,-3.78850694445,-6.10572916666667
AT6306,Austria,AT,AT3,AT33,AT335,Tiroler Unterland,0.3,0.197673611111667,0.309097222221665,3510.86,-3.78850694445,-6.10572916666667
AT6311,Austria,AT,AT3,AT33,AT335,Tiroler Unterland,0.3,0.197673611111667,0.309097222221665,3510.86,-3.78850694445,-6.10572916666667
AT6313,Austria,AT,AT3,AT33,AT335,Tiroler Unterland,0.3,0.197673611111667,0.309097222221665,3510.86,-3.78850694445,-6.10572916666667
AT6314,Austria,AT,AT3,AT33,AT335,Tiroler Unterland,0.3,0.197673611111667,0.309097222221665,3510.86,-3.78850694445,-6.10572916666667
AT6320,Austria,AT,AT3,AT33,AT335,Tiroler Unterland,0.3,0.197673611111667,0.309097222221665,3510.86,-3.78850694445,-6.10572916666667
AT6321,Austria,AT,AT3,AT33,AT335,Tiroler Unterland,0.3,0.197673611111667,0.309097222221665,3510.86,-3.78850694445,-6.10572916666667
AT6322,Austria,AT,AT3,AT33,AT335,Tiroler Unterland,0.3,0.197673611111667,0.309097222221665,3510.86,-3.78850694445,-6.10572916666667
AT6323,Austria,AT,AT3,AT33,AT335,Tiroler Unterland,0.3,0.197673611111667,0.309097222221665,3510.86,-3.78850694445,-6.10572916666667
AT6324,Austria,AT,AT3,AT33,AT335,Tiroler Unterland,0.3,0.197673611111667,0.309097222221665,3510.86,-3.78850694445,-6.10572916666667
AT6330,Austria,AT,AT3,AT33,AT335,Tiroler Unterland,0.3,0.197673611111667,0.309097222221665,3510.86,-3.78850694445,-6.10572916666667
AT6334,Austria,AT,AT3,AT33,AT335,Tiroler Unterland,0.3,0.197673611111667,0.309097222221665,3510.86,-3.78850694445,-6.10572916666667
AT6335,Austria,AT,AT3,AT33,AT335,Tiroler Unterland,0.3,0.197673611111667,0.309097222221665,3510.86,-3.78850694445,-6.10572916666667
AT6336,Austria,AT,AT3,AT33,AT335,Tiroler Unterland,0.3,0.197673611111667,0.309097222221665,3510.86,-3.78850694445,-6.10572916666667
AT6341,Austria,AT,AT3,AT33,AT335,Tiroler Unterland,0.3,0.197673611111667,0.309097222221665,3510.86,-3.78850694445,-6.10572916666667
AT6342,Austria,AT,AT3,AT33,AT335,Tiroler Unterland,0.3,0.197673611111667,0.309097222221665,3510.86,-3.78850694445,-6.10572916666667
AT6343,Austria,AT,AT3,AT33,AT335,Tiroler Unterland,0.3,0.197673611111667,0.309097222221665,3510.86,-3.78850694445,-6.10572916666667
AT6344,Austria,AT,AT3,AT33,AT335,Tiroler Unterland,0.3,0.197673611111667,0.309097222221665,3510.86,-3.78850694445,-6.10572916666667
AT6345,Austria,AT,AT3,AT33,AT335,Tiroler Unterland,0.3,0.197673611111667,0.309097222221665,3510.86,-3.78850694445,-6.10572916666667
AT6346,Austria,AT,AT3,AT33,AT335,Tiroler Unterland,0.3,0.197673611111667,0.309097222221665,3510.86,-3.78850694445,-6.10572916666667
AT6347,Austria,AT,AT3,AT33,AT335,Tiroler Unterland,0.3,0.197673611111667,0.309097222221665,3510.86,-3.78850694445,-6.10572916666667
AT6351,Austria,AT,AT3,AT33,AT335,Tiroler Unterland,0.3,0.197673611111667,0.309097222221665,3510.86,-3.78850694445,-6.10572916666667
AT6352,Austria,AT,AT3,AT33,AT335,Tiroler Unterland,0.3,0.197673611111667,0.309097222221665,3510.86,-3.78850694445,-6.10572916666667
AT6353,Austria,AT,AT3,AT33,AT335,Tiroler Unterland,0.3,0.197673611111667,0.309097222221665,3510.86,-3.78850694445,-6.10572916666667
AT6361,Austria,AT,AT3,AT33,AT335,Tiroler Unterland,0.3,0.197673611111667,0.309097222221665,3510.86,-3.78850694445,-6.10572916666667
AT6363,Austria,AT,AT3,AT33,AT335,Tiroler Unterland,0.3,0.197673611111667,0.309097222221665,3510.86,-3.78850694445,-6.10572916666667
AT6364,Austria,AT,AT3,AT33,AT335,Tiroler Unterland,0.3,0.197673611111667,0.309097222221665,3510.86,-3.78850694445,-6.10572916666667
AT6365,Austria,AT,AT3,AT33,AT335,Tiroler Unterland,0.3,0.197673611111667,0.309097222221665,3510.86,-3.78850694445,-6.10572916666667
AT6370,Austria,AT,AT3,AT33,AT335,Tiroler Unterland,0.3,0.197673611111667,0.309097222221665,3510.86,-3.78850694445,-6.10572916666667
AT6371,Austria,AT,AT3,AT33,AT335,Tiroler Unterland,0.3,0.197673611111667,0.309097222221665,3510.86,-3.78850694445,-6.10572916666667
AT6372,Austria,AT,AT3,AT33,AT335,Tiroler Unterland,0.3,0.197673611111667,0.309097222221665,3510.86,-3.78850694445,-6.10572916666667
AT6373,Austria,AT,AT3,AT33,AT335,Tiroler Unterland,0.3,0.197673611111667,0.309097222221665,3510.86,-3.78850694445,-6.10572916666667
AT6380,Austria,AT,AT3,AT33,AT335,Tiroler Unterland,0.3,0.197673611111667,0.309097222221665,3510.86,-3.78850694445,-6.10572916666667
AT6382,Austria,AT,AT3,AT33,AT335,Tiroler Unterland,0.3,0.197673611111667,0.309097222221665,3510.86,-3.78850694445,-6.10572916666667
AT6383,Austria,AT,AT3,AT33,AT335,Tiroler Unterland,0.3,0.197673611111667,0.309097222221665,3510.86,-3.78850694445,-6.10572916666667
AT6384,Austria,AT,AT3,AT33,AT335,Tiroler Unterland,0.3,0.197673611111667,0.309097222221665,3510.86,-3.78850694445,-6.10572916666667
AT6385,Austria,AT,AT3,AT33,AT335,Tiroler Unterland,0.3,0.197673611111667,0.309097222221665,3510.86,-3.78850694445,-6.10572916666667
AT6391,Austria,AT,AT3,AT33,AT335,Tiroler Unterland,0.3,0.197673611111667,0.309097222221665,3510.86,-3.78850694445,-6.10572916666667
AT6392,Austria,AT,AT3,AT33,AT335,Tiroler Unterland,0.3,0.197673611111667,0.309097222221665,3510.86,-3.78850694445,-6.10572916666667
AT6393,Austria,AT,AT3,AT33,AT335,Tiroler Unterland,0.3,0.197673611111667,0.309097222221665,3510.86,-3.78850694445,-6.10572916666667
AT6395,Austria,AT,AT3,AT33,AT335,Tiroler Unterland,0.3,0.197673611111667,0.309097222221665,3510.86,-3.78850694445,-6.10572916666667
AT6700,Austria,AT,AT3,AT34,AT341,Bludenz-Bregenzer Wald,4.35,0.213749999999998,0.443249999999998,3546.77,-3.69358333333333,-5.98783333333332
AT6706,Austria,AT,AT3,AT34,AT341,Bludenz-Bregenzer Wald,4.35,0.213749999999998,0.443249999999998,3546.77,-3.69358333333333,-5.98783333333332
AT6707,Austria,AT,AT3,AT34,AT341,Bludenz-Bregenzer Wald,4.35,0.213749999999998,0.443249999999998,3546.77,-3.69358333333333,-5.98783333333332
AT6708,Austria,AT,AT3,AT34,AT341,Bludenz-Bregenzer Wald,4.35,0.213749999999998,0.443249999999998,3546.77,-3.69358333333333,-5.98783333333332
AT6710,Austria,AT,AT3,AT34,AT341,Bludenz-Bregenzer Wald,4.35,0.213749999999998,0.443249999999998,3546.77,-3.69358333333333,-5.98783333333332
AT6712,Austria,AT,AT3,AT34,AT341,Bludenz-Bregenzer Wald,4.35,0.213749999999998,0.443249999999998,3546.77,-3.69358333333333,-5.98783333333332
AT6713,Austria,AT,AT3,AT34,AT341,Bludenz-Bregenzer Wald,4.35,0.213749999999998,0.443249999999998,3546.77,-3.69358333333333,-5.98783333333332
AT6714,Austria,AT,AT3,AT34,AT341,Bludenz-Bregenzer Wald,4.35,0.213749999999998,0.443249999999998,3546.77,-3.69358333333333,-5.98783333333332
AT6719,Austria,AT,AT3,AT34,AT341,Bludenz-Bregenzer Wald,4.35,0.213749999999998,0.443249999999998,3546.77,-3.69358333333333,-5.98783333333332
AT6721,Austria,AT,AT3,AT34,AT341,Bludenz-Bregenzer Wald,4.35,0.213749999999998,0.443249999999998,3546.77,-3.69358333333333,-5.98783333333332
AT6722,Austria,AT,AT3,AT34,AT341,Bludenz-Bregenzer Wald,4.35,0.213749999999998,0.443249999999998,3546.77,-3.69358333333333,-5.98783333333332
AT6723,Austria,AT,AT3,AT34,AT341,Bludenz-Bregenzer Wald,4.35,0.213749999999998,0.443249999999998,3546.77,-3.69358333333333,-5.98783333333332
AT6731,Austria,AT,AT3,AT34,AT341,Bludenz-Bregenzer Wald,4.35,0.213749999999998,0.443249999999998,3546.77,-3.69358333333333,-5.98783333333332
AT6733,Austria,AT,AT3,AT34,AT341,Bludenz-Bregenzer Wald,4.35,0.213749999999998,0.443249999999998,3546.77,-3.69358333333333,-5.98783333333332
AT6741,Austria,AT,AT3,AT34,AT341,Bludenz-Bregenzer Wald,4.35,0.213749999999998,0.443249999999998,3546.77,-3.69358333333333,-5.98783333333332
AT6751,Austria,AT,AT3,AT34,AT341,Bludenz-Bregenzer Wald,4.35,0.213749999999998,0.443249999999998,3546.77,-3.69358333333333,-5.98783333333332
AT6752,Austria,AT,AT3,AT34,AT341,Bludenz-Bregenzer Wald,4.35,0.213749999999998,0.443249999999998,3546.77,-3.69358333333333,-5.98783333333332
AT6754,Austria,AT,AT3,AT34,AT341,Bludenz-Bregenzer Wald,4.35,0.213749999999998,0.443249999999998,3546.77,-3.69358333333333,-5.98783333333332
AT6762,Austria,AT,AT3,AT34,AT341,Bludenz-Bregenzer Wald,4.35,0.213749999999998,0.443249999999998,3546.77,-3.69358333333333,-5.98783333333332
AT6763,Austria,AT,AT3,AT34,AT341,Bludenz-Bregenzer Wald,4.35,0.213749999999998,0.443249999999998,3546.77,-3.69358333333333,-5.98783333333332
AT6764,Austria,AT,AT3,AT34,AT341,Bludenz-Bregenzer Wald,4.35,0.213749999999998,0.443249999999998,3546.77,-3.69358333333333,-5.98783333333332
AT6767,Austria,AT,AT3,AT34,AT341,Bludenz-Bregenzer Wald,4.35,0.213749999999998,0.443249999999998,3546.77,-3.69358333333333,-5.98783333333332
AT6771,Austria,AT,AT3,AT34,AT341,Bludenz-Bregenzer Wald,4.35,0.213749999999998,0.443249999999998,3546.77,-3.69358333333333,-5.98783333333332
AT6773,Austria,AT,AT3,AT34,AT341,Bludenz-Bregenzer Wald,4.35,0.213749999999998,0.443249999999998,3546.77,-3.69358333333333,-5.98783333333332
AT6774,Austria,AT,AT3,AT34,AT341,Bludenz-Bregenzer Wald,4.35,0.213749999999998,0.443249999999998,3546.77,-3.69358333333333,-5.98783333333332
AT6780,Austria,AT,AT3,AT34,AT341,Bludenz-Bregenzer Wald,4.35,0.213749999999998,0.443249999999998,3546.77,-3.69358333333333,-5.98783333333332
AT6781,Austria,AT,AT3,AT34,AT341,Bludenz-Bregenzer Wald,4.35,0.213749999999998,0.443249999999998,3546.77,-3.69358333333333,-5.98783333333332
AT6782,Austria,AT,AT3,AT34,AT341,Bludenz-Bregenzer Wald,4.35,0.213749999999998,0.443249999999998,3546.77,-3.69358333333333,-5.98783333333332
AT6787,Austria,AT,AT3,AT34,AT341,Bludenz-Bregenzer Wald,4.35,0.213749999999998,0.443249999999998,3546.77,-3.69358333333333,-5.98783333333332
AT6791,Austria,AT,AT3,AT34,AT341,Bludenz-Bregenzer Wald,4.35,0.213749999999998,0.443249999999998,3546.77,-3.69358333333333,-5.98783333333332
AT6793,Austria,AT,AT3,AT34,AT341,Bludenz-Bregenzer Wald,4.35,0.213749999999998,0.443249999999998,3546.77,-3.69358333333333,-5.98783333333332
AT6794,Austria,AT,AT3,AT34,AT341,Bludenz-Bregenzer Wald,4.35,0.213749999999998,0.443249999999998,3546.77,-3.69358333333333,-5.98783333333332
AT6863,Austria,AT,AT3,AT34,AT341,Bludenz-Bregenzer Wald,4.35,0.213749999999998,0.443249999999998,3546.77,-3.69358333333333,-5.98783333333332
AT6866,Austria,AT,AT3,AT34,AT341,Bludenz-Bregenzer Wald,4.35,0.213749999999998,0.443249999999998,3546.77,-3.69358333333333,-5.98783333333332
AT6867,Austria,AT,AT3,AT34,AT341,Bludenz-Bregenzer Wald,4.35,0.213749999999998,0.443249999999998,3546.77,-3.69358333333333,-5.98783333333332
AT6870,Austria,AT,AT3,AT34,AT341,Bludenz-Bregenzer Wald,4.35,0.213749999999998,0.443249999999998,3546.77,-3.69358333333333,-5.98783333333332
AT6874,Austria,AT,AT3,AT34,AT341,Bludenz-Bregenzer Wald,4.35,0.213749999999998,0.443249999999998,3546.77,-3.69358333333333,-5.98783333333332
AT6881,Austria,AT,AT3,AT34,AT341,Bludenz-Bregenzer Wald,4.35,0.213749999999998,0.443249999999998,3546.77,-3.69358333333333,-5.98783333333332
AT6882,Austria,AT,AT3,AT34,AT341,Bludenz-Bregenzer Wald,4.35,0.213749999999998,0.443249999999998,3546.77,-3.69358333333333,-5.98783333333332
AT6883,Austria,AT,AT3,AT34,AT341,Bludenz-Bregenzer Wald,4.35,0.213749999999998,0.443249999999998,3546.77,-3.69358333333333,-5.98783333333332
AT6884,Austria,AT,AT3,AT34,AT341,Bludenz-Bregenzer Wald,4.35,0.213749999999998,0.443249999999998,3546.77,-3.69358333333333,-5.98783333333332
AT6886,Austria,AT,AT3,AT34,AT341,Bludenz-Bregenzer Wald,4.35,0.213749999999998,0.443249999999998,3546.77,-3.69358333333333,-5.98783333333332
AT6888,Austria,AT,AT3,AT34,AT341,Bludenz-Bregenzer Wald,4.35,0.213749999999998,0.443249999999998,3546.77,-3.69358333333333,-5.98783333333332
AT6941,Austria,AT,AT3,AT34,AT341,Bludenz-Bregenzer Wald,4.35,0.213749999999998,0.443249999999998,3546.77,-3.69358333333333,-5.98783333333332
AT6942,Austria,AT,AT3,AT34,AT341,Bludenz-Bregenzer Wald,4.35,0.213749999999998,0.443249999999998,3546.77,-3.69358333333333,-5.98783333333332
AT6951,Austria,AT,AT3,AT34,AT341,Bludenz-Bregenzer Wald,4.35,0.213749999999998,0.443249999999998,3546.77,-3.69358333333333,-5.98783333333332
AT6952,Austria,AT,AT3,AT34,AT341,Bludenz-Bregenzer Wald,4.35,0.213749999999998,0.443249999999998,3546.77,-3.69358333333333,-5.98783333333332
AT6991,Austria,AT,AT3,AT34,AT341,Bludenz-Bregenzer Wald,4.35,0.213749999999998,0.443249999999998,3546.77,-3.69358333333333,-5.98783333333332
AT6992,Austria,AT,AT3,AT34,AT341,Bludenz-Bregenzer Wald,4.35,0.213749999999998,0.443249999999998,3546.77,-3.69358333333333,-5.98783333333332
AT6993,Austria,AT,AT3,AT34,AT341,Bludenz-Bregenzer Wald,4.35,0.213749999999998,0.443249999999998,3546.77,-3.69358333333333,-5.98783333333332
