ZIP Code,Country,NUTS 0,NUTS 1,NUTS 2,NUTS 3,NUTS 3 Name,CDD_2024,CDD_45_pa,CDD_85_pa,HDD_2024,HDD_45_pa,HDD_85_pa
,Bulgaria,BG,,,,Bulgaria,352.51,1.82918205804351,2.74846867276785,2108.87,-4.36993743759464,-6.15764122269047
BG4400,Bulgaria,BG,BG4,BG42,BG423,Пазарджик,218.84,1.493680555555,2.35756944445,2485.25,-4.69881944445,-6.72881944445
BG4405,Bulgaria,BG,BG4,BG42,BG423,Пазарджик,218.84,1.493680555555,2.35756944445,2485.25,-4.69881944445,-6.72881944445
BG4406,Bulgaria,BG,BG4,BG42,BG423,Пазарджик,218.84,1.493680555555,2.35756944445,2485.25,-4.69881944445,-6.72881944445
BG4407,Bulgaria,BG,BG4,BG42,BG423,Пазарджик,218.84,1.493680555555,2.35756944445,2485.25,-4.69881944445,-6.72881944445
BG4408,Bulgaria,BG,BG4,BG42,BG423,Пазарджик,218.84,1.493680555555,2.35756944445,2485.25,-4.69881944445,-6.72881944445
BG4409,Bulgaria,BG,BG4,BG42,BG423,Пазарджик,218.84,1.493680555555,2.35756944445,2485.25,-4.69881944445,-6.72881944445
BG4417,Bulgaria,BG,BG4,BG42,BG423,Пазарджик,218.84,1.493680555555,2.35756944445,2485.25,-4.69881944445,-6.72881944445
BG4419,Bulgaria,BG,BG4,BG42,BG423,Пазарджик,218.84,1.493680555555,2.35756944445,2485.25,-4.69881944445,-6.72881944445
BG4422,Bulgaria,BG,BG4,BG42,BG423,Пазарджик,218.84,1.493680555555,2.35756944445,2485.25,-4.69881944445,-6.72881944445
BG4442,Bulgaria,BG,BG4,BG42,BG423,Пазарджик,218.84,1.493680555555,2.35756944445,2485.25,-4.69881944445,-6.72881944445
BG4443,Bulgaria,BG,BG4,BG42,BG423,Пазарджик,218.84,1.493680555555,2.35756944445,2485.25,-4.69881944445,-6.72881944445
BG4444,Bulgaria,BG,BG4,BG42,BG423,Пазарджик,218.84,1.493680555555,2.35756944445,2485.25,-4.69881944445,-6.72881944445
BG4445,Bulgaria,BG,BG4,BG42,BG423,Пазарджик,218.84,1.493680555555,2.35756944445,2485.25,-4.69881944445,-6.72881944445
BG4446,Bulgaria,BG,BG4,BG42,BG423,Пазарджик,218.84,1.493680555555,2.35756944445,2485.25,-4.69881944445,-6.72881944445
BG4447,Bulgaria,BG,BG4,BG42,BG423,Пазарджик,218.84,1.493680555555,2.35756944445,2485.25,-4.69881944445,-6.72881944445
BG4448,Bulgaria,BG,BG4,BG42,BG423,Пазарджик,218.84,1.493680555555,2.35756944445,2485.25,-4.69881944445,-6.72881944445
BG4449,Bulgaria,BG,BG4,BG42,BG423,Пазарджик,218.84,1.493680555555,2.35756944445,2485.25,-4.69881944445,-6.72881944445
BG4450,Bulgaria,BG,BG4,BG42,BG423,Пазарджик,218.84,1.493680555555,2.35756944445,2485.25,-4.69881944445,-6.72881944445
BG4451,Bulgaria,BG,BG4,BG42,BG423,Пазарджик,218.84,1.493680555555,2.35756944445,2485.25,-4.69881944445,-6.72881944445
BG4452,Bulgaria,BG,BG4,BG42,BG423,Пазарджик,218.84,1.493680555555,2.35756944445,2485.25,-4.69881944445,-6.72881944445
BG4453,Bulgaria,BG,BG4,BG42,BG423,Пазарджик,218.84,1.493680555555,2.35756944445,2485.25,-4.69881944445,-6.72881944445
BG4454,Bulgaria,BG,BG4,BG42,BG423,Пазарджик,218.84,1.493680555555,2.35756944445,2485.25,-4.69881944445,-6.72881944445
BG4455,Bulgaria,BG,BG4,BG42,BG423,Пазарджик,218.84,1.493680555555,2.35756944445,2485.25,-4.69881944445,-6.72881944445
BG4456,Bulgaria,BG,BG4,BG42,BG423,Пазарджик,218.84,1.493680555555,2.35756944445,2485.25,-4.69881944445,-6.72881944445
BG4457,Bulgaria,BG,BG4,BG42,BG423,Пазарджик,218.84,1.493680555555,2.35756944445,2485.25,-4.69881944445,-6.72881944445
BG4458,Bulgaria,BG,BG4,BG42,BG423,Пазарджик,218.84,1.493680555555,2.35756944445,2485.25,-4.69881944445,-6.72881944445
BG4459,Bulgaria,BG,BG4,BG42,BG423,Пазарджик,218.84,1.493680555555,2.35756944445,2485.25,-4.69881944445,-6.72881944445
BG4460,Bulgaria,BG,BG4,BG42,BG423,Пазарджик,218.84,1.493680555555,2.35756944445,2485.25,-4.69881944445,-6.72881944445
BG4461,Bulgaria,BG,BG4,BG42,BG423,Пазарджик,218.84,1.493680555555,2.35756944445,2485.25,-4.69881944445,-6.72881944445
BG4462,Bulgaria,BG,BG4,BG42,BG423,Пазарджик,218.84,1.493680555555,2.35756944445,2485.25,-4.69881944445,-6.72881944445
BG4463,Bulgaria,BG,BG4,BG42,BG423,Пазарджик,218.84,1.493680555555,2.35756944445,2485.25,-4.69881944445,-6.72881944445
BG4464,Bulgaria,BG,BG4,BG42,BG423,Пазарджик,218.84,1.493680555555,2.35756944445,2485.25,-4.69881944445,-6.72881944445
BG4465,Bulgaria,BG,BG4,BG42,BG423,Пазарджик,218.84,1.493680555555,2.35756944445,2485.25,-4.69881944445,-6.72881944445
BG4467,Bulgaria,BG,BG4,BG42,BG423,Пазарджик,218.84,1.493680555555,2.35756944445,2485.25,-4.69881944445,-6.72881944445
BG4468,Bulgaria,BG,BG4,BG42,BG423,Пазарджик,218.84,1.493680555555,2.35756944445,2485.25,-4.69881944445,-6.72881944445
BG4469,Bulgaria,BG,BG4,BG42,BG423,Пазарджик,218.84,1.493680555555,2.35756944445,2485.25,-4.69881944445,-6.72881944445
BG4470,Bulgaria,BG,BG4,BG42,BG423,Пазарджик,218.84,1.493680555555,2.35756944445,2485.25,-4.69881944445,-6.72881944445
BG4472,Bulgaria,BG,BG4,BG42,BG423,Пазарджик,218.84,1.493680555555,2.35756944445,2485.25,-4.69881944445,-6.72881944445
BG4473,Bulgaria,BG,BG4,BG42,BG423,Пазарджик,218.84,1.493680555555,2.35756944445,2485.25,-4.69881944445,-6.72881944445
BG4474,Bulgaria,BG,BG4,BG42,BG423,Пазарджик,218.84,1.493680555555,2.35756944445,2485.25,-4.69881944445,-6.72881944445
BG4475,Bulgaria,BG,BG4,BG42,BG423,Пазарджик,218.84,1.493680555555,2.35756944445,2485.25,-4.69881944445,-6.72881944445
BG4477,Bulgaria,BG,BG4,BG42,BG423,Пазарджик,218.84,1.493680555555,2.35756944445,2485.25,-4.69881944445,-6.72881944445
BG4478,Bulgaria,BG,BG4,BG42,BG423,Пазарджик,218.84,1.493680555555,2.35756944445,2485.25,-4.69881944445,-6.72881944445
BG4479,Bulgaria,BG,BG4,BG42,BG423,Пазарджик,218.84,1.493680555555,2.35756944445,2485.25,-4.69881944445,-6.72881944445
BG4480,Bulgaria,BG,BG4,BG42,BG423,Пазарджик,218.84,1.493680555555,2.35756944445,2485.25,-4.69881944445,-6.72881944445
BG4481,Bulgaria,BG,BG4,BG42,BG423,Пазарджик,218.84,1.493680555555,2.35756944445,2485.25,-4.69881944445,-6.72881944445
BG4482,Bulgaria,BG,BG4,BG42,BG423,Пазарджик,218.84,1.493680555555,2.35756944445,2485.25,-4.69881944445,-6.72881944445
BG4483,Bulgaria,BG,BG4,BG42,BG423,Пазарджик,218.84,1.493680555555,2.35756944445,2485.25,-4.69881944445,-6.72881944445
BG4484,Bulgaria,BG,BG4,BG42,BG423,Пазарджик,218.84,1.493680555555,2.35756944445,2485.25,-4.69881944445,-6.72881944445
BG4485,Bulgaria,BG,BG4,BG42,BG423,Пазарджик,218.84,1.493680555555,2.35756944445,2485.25,-4.69881944445,-6.72881944445
BG4486,Bulgaria,BG,BG4,BG42,BG423,Пазарджик,218.84,1.493680555555,2.35756944445,2485.25,-4.69881944445,-6.72881944445
BG4487,Bulgaria,BG,BG4,BG42,BG423,Пазарджик,218.84,1.493680555555,2.35756944445,2485.25,-4.69881944445,-6.72881944445
BG4488,Bulgaria,BG,BG4,BG42,BG423,Пазарджик,218.84,1.493680555555,2.35756944445,2485.25,-4.69881944445,-6.72881944445
BG4489,Bulgaria,BG,BG4,BG42,BG423,Пазарджик,218.84,1.493680555555,2.35756944445,2485.25,-4.69881944445,-6.72881944445
BG4490,Bulgaria,BG,BG4,BG42,BG423,Пазарджик,218.84,1.493680555555,2.35756944445,2485.25,-4.69881944445,-6.72881944445
BG4491,Bulgaria,BG,BG4,BG42,BG423,Пазарджик,218.84,1.493680555555,2.35756944445,2485.25,-4.69881944445,-6.72881944445
BG4492,Bulgaria,BG,BG4,BG42,BG423,Пазарджик,218.84,1.493680555555,2.35756944445,2485.25,-4.69881944445,-6.72881944445
BG4493,Bulgaria,BG,BG4,BG42,BG423,Пазарджик,218.84,1.493680555555,2.35756944445,2485.25,-4.69881944445,-6.72881944445
BG4495,Bulgaria,BG,BG4,BG42,BG423,Пазарджик,218.84,1.493680555555,2.35756944445,2485.25,-4.69881944445,-6.72881944445
BG4497,Bulgaria,BG,BG4,BG42,BG423,Пазарджик,218.84,1.493680555555,2.35756944445,2485.25,-4.69881944445,-6.72881944445
BG4499,Bulgaria,BG,BG4,BG42,BG423,Пазарджик,218.84,1.493680555555,2.35756944445,2485.25,-4.69881944445,-6.72881944445
BG4500,Bulgaria,BG,BG4,BG42,BG423,Пазарджик,218.84,1.493680555555,2.35756944445,2485.25,-4.69881944445,-6.72881944445
BG4520,Bulgaria,BG,BG4,BG42,BG423,Пазарджик,218.84,1.493680555555,2.35756944445,2485.25,-4.69881944445,-6.72881944445
BG4522,Bulgaria,BG,BG4,BG42,BG423,Пазарджик,218.84,1.493680555555,2.35756944445,2485.25,-4.69881944445,-6.72881944445
BG4523,Bulgaria,BG,BG4,BG42,BG423,Пазарджик,218.84,1.493680555555,2.35756944445,2485.25,-4.69881944445,-6.72881944445
BG4524,Bulgaria,BG,BG4,BG42,BG423,Пазарджик,218.84,1.493680555555,2.35756944445,2485.25,-4.69881944445,-6.72881944445
BG4525,Bulgaria,BG,BG4,BG42,BG423,Пазарджик,218.84,1.493680555555,2.35756944445,2485.25,-4.69881944445,-6.72881944445
BG4527,Bulgaria,BG,BG4,BG42,BG423,Пазарджик,218.84,1.493680555555,2.35756944445,2485.25,-4.69881944445,-6.72881944445
BG4528,Bulgaria,BG,BG4,BG42,BG423,Пазарджик,218.84,1.493680555555,2.35756944445,2485.25,-4.69881944445,-6.72881944445
BG4529,Bulgaria,BG,BG4,BG42,BG423,Пазарджик,218.84,1.493680555555,2.35756944445,2485.25,-4.69881944445,-6.72881944445
BG4530,Bulgaria,BG,BG4,BG42,BG423,Пазарджик,218.84,1.493680555555,2.35756944445,2485.25,-4.69881944445,-6.72881944445
BG4531,Bulgaria,BG,BG4,BG42,BG423,Пазарджик,218.84,1.493680555555,2.35756944445,2485.25,-4.69881944445,-6.72881944445
BG4532,Bulgaria,BG,BG4,BG42,BG423,Пазарджик,218.84,1.493680555555,2.35756944445,2485.25,-4.69881944445,-6.72881944445
BG4535,Bulgaria,BG,BG4,BG42,BG423,Пазарджик,218.84,1.493680555555,2.35756944445,2485.25,-4.69881944445,-6.72881944445
BG4537,Bulgaria,BG,BG4,BG42,BG423,Пазарджик,218.84,1.493680555555,2.35756944445,2485.25,-4.69881944445,-6.72881944445
BG4538,Bulgaria,BG,BG4,BG42,BG423,Пазарджик,218.84,1.493680555555,2.35756944445,2485.25,-4.69881944445,-6.72881944445
BG4550,Bulgaria,BG,BG4,BG42,BG423,Пазарджик,218.84,1.493680555555,2.35756944445,2485.25,-4.69881944445,-6.72881944445
BG4571,Bulgaria,BG,BG4,BG42,BG423,Пазарджик,218.84,1.493680555555,2.35756944445,2485.25,-4.69881944445,-6.72881944445
BG4579,Bulgaria,BG,BG4,BG42,BG423,Пазарджик,218.84,1.493680555555,2.35756944445,2485.25,-4.69881944445,-6.72881944445
BG4580,Bulgaria,BG,BG4,BG42,BG423,Пазарджик,218.84,1.493680555555,2.35756944445,2485.25,-4.69881944445,-6.72881944445
BG4581,Bulgaria,BG,BG4,BG42,BG423,Пазарджик,218.84,1.493680555555,2.35756944445,2485.25,-4.69881944445,-6.72881944445
BG4582,Bulgaria,BG,BG4,BG42,BG423,Пазарджик,218.84,1.493680555555,2.35756944445,2485.25,-4.69881944445,-6.72881944445
BG4583,Bulgaria,BG,BG4,BG42,BG423,Пазарджик,218.84,1.493680555555,2.35756944445,2485.25,-4.69881944445,-6.72881944445
BG4584,Bulgaria,BG,BG4,BG42,BG423,Пазарджик,218.84,1.493680555555,2.35756944445,2485.25,-4.69881944445,-6.72881944445
BG4585,Bulgaria,BG,BG4,BG42,BG423,Пазарджик,218.84,1.493680555555,2.35756944445,2485.25,-4.69881944445,-6.72881944445
BG4587,Bulgaria,BG,BG4,BG42,BG423,Пазарджик,218.84,1.493680555555,2.35756944445,2485.25,-4.69881944445,-6.72881944445
BG4588,Bulgaria,BG,BG4,BG42,BG423,Пазарджик,218.84,1.493680555555,2.35756944445,2485.25,-4.69881944445,-6.72881944445
BG4589,Bulgaria,BG,BG4,BG42,BG423,Пазарджик,218.84,1.493680555555,2.35756944445,2485.25,-4.69881944445,-6.72881944445
BG4590,Bulgaria,BG,BG4,BG42,BG423,Пазарджик,218.84,1.493680555555,2.35756944445,2485.25,-4.69881944445,-6.72881944445
BG4600,Bulgaria,BG,BG4,BG42,BG423,Пазарджик,218.84,1.493680555555,2.35756944445,2485.25,-4.69881944445,-6.72881944445
BG4618,Bulgaria,BG,BG4,BG42,BG423,Пазарджик,218.84,1.493680555555,2.35756944445,2485.25,-4.69881944445,-6.72881944445
BG4620,Bulgaria,BG,BG4,BG42,BG423,Пазарджик,218.84,1.493680555555,2.35756944445,2485.25,-4.69881944445,-6.72881944445
BG4621,Bulgaria,BG,BG4,BG42,BG423,Пазарджик,218.84,1.493680555555,2.35756944445,2485.25,-4.69881944445,-6.72881944445
BG4622,Bulgaria,BG,BG4,BG42,BG423,Пазарджик,218.84,1.493680555555,2.35756944445,2485.25,-4.69881944445,-6.72881944445
BG4623,Bulgaria,BG,BG4,BG42,BG423,Пазарджик,218.84,1.493680555555,2.35756944445,2485.25,-4.69881944445,-6.72881944445
BG4629,Bulgaria,BG,BG4,BG42,BG423,Пазарджик,218.84,1.493680555555,2.35756944445,2485.25,-4.69881944445,-6.72881944445
BG4630,Bulgaria,BG,BG4,BG42,BG423,Пазарджик,218.84,1.493680555555,2.35756944445,2485.25,-4.69881944445,-6.72881944445
BG4631,Bulgaria,BG,BG4,BG42,BG423,Пазарджик,218.84,1.493680555555,2.35756944445,2485.25,-4.69881944445,-6.72881944445
BG4632,Bulgaria,BG,BG4,BG42,BG423,Пазарджик,218.84,1.493680555555,2.35756944445,2485.25,-4.69881944445,-6.72881944445
BG4636,Bulgaria,BG,BG4,BG42,BG423,Пазарджик,218.84,1.493680555555,2.35756944445,2485.25,-4.69881944445,-6.72881944445
BG4637,Bulgaria,BG,BG4,BG42,BG423,Пазарджик,218.84,1.493680555555,2.35756944445,2485.25,-4.69881944445,-6.72881944445
BG4638,Bulgaria,BG,BG4,BG42,BG423,Пазарджик,218.84,1.493680555555,2.35756944445,2485.25,-4.69881944445,-6.72881944445
BG4640,Bulgaria,BG,BG4,BG42,BG423,Пазарджик,218.84,1.493680555555,2.35756944445,2485.25,-4.69881944445,-6.72881944445
BG4641,Bulgaria,BG,BG4,BG42,BG423,Пазарджик,218.84,1.493680555555,2.35756944445,2485.25,-4.69881944445,-6.72881944445
BG4642,Bulgaria,BG,BG4,BG42,BG423,Пазарджик,218.84,1.493680555555,2.35756944445,2485.25,-4.69881944445,-6.72881944445
BG4644,Bulgaria,BG,BG4,BG42,BG423,Пазарджик,218.84,1.493680555555,2.35756944445,2485.25,-4.69881944445,-6.72881944445
BG4645,Bulgaria,BG,BG4,BG42,BG423,Пазарджик,218.84,1.493680555555,2.35756944445,2485.25,-4.69881944445,-6.72881944445
BG4647,Bulgaria,BG,BG4,BG42,BG423,Пазарджик,218.84,1.493680555555,2.35756944445,2485.25,-4.69881944445,-6.72881944445
BG4648,Bulgaria,BG,BG4,BG42,BG423,Пазарджик,218.84,1.493680555555,2.35756944445,2485.25,-4.69881944445,-6.72881944445
BG4649,Bulgaria,BG,BG4,BG42,BG423,Пазарджик,218.84,1.493680555555,2.35756944445,2485.25,-4.69881944445,-6.72881944445
BG4650,Bulgaria,BG,BG4,BG42,BG423,Пазарджик,218.84,1.493680555555,2.35756944445,2485.25,-4.69881944445,-6.72881944445
BG4652,Bulgaria,BG,BG4,BG42,BG423,Пазарджик,218.84,1.493680555555,2.35756944445,2485.25,-4.69881944445,-6.72881944445
BG4653,Bulgaria,BG,BG4,BG42,BG423,Пазарджик,218.84,1.493680555555,2.35756944445,2485.25,-4.69881944445,-6.72881944445
BG4654,Bulgaria,BG,BG4,BG42,BG423,Пазарджик,218.84,1.493680555555,2.35756944445,2485.25,-4.69881944445,-6.72881944445
BG4655,Bulgaria,BG,BG4,BG42,BG423,Пазарджик,218.84,1.493680555555,2.35756944445,2485.25,-4.69881944445,-6.72881944445
BG4657,Bulgaria,BG,BG4,BG42,BG423,Пазарджик,218.84,1.493680555555,2.35756944445,2485.25,-4.69881944445,-6.72881944445
BG2000,Bulgaria,BG,BG4,BG41,BG412,София,149.83,1.24286919831167,1.97546413501667,2509.42,-4.68710970463333,-6.67951476793333
BG2007,Bulgaria,BG,BG4,BG41,BG412,София,149.83,1.24286919831167,1.97546413501667,2509.42,-4.68710970463333,-6.67951476793333
BG2008,Bulgaria,BG,BG4,BG41,BG412,София,149.83,1.24286919831167,1.97546413501667,2509.42,-4.68710970463333,-6.67951476793333
BG2009,Bulgaria,BG,BG4,BG41,BG412,София,149.83,1.24286919831167,1.97546413501667,2509.42,-4.68710970463333,-6.67951476793333
BG2011,Bulgaria,BG,BG4,BG41,BG412,София,149.83,1.24286919831167,1.97546413501667,2509.42,-4.68710970463333,-6.67951476793333
BG2012,Bulgaria,BG,BG4,BG41,BG412,София,149.83,1.24286919831167,1.97546413501667,2509.42,-4.68710970463333,-6.67951476793333
BG2013,Bulgaria,BG,BG4,BG41,BG412,София,149.83,1.24286919831167,1.97546413501667,2509.42,-4.68710970463333,-6.67951476793333
BG2014,Bulgaria,BG,BG4,BG41,BG412,София,149.83,1.24286919831167,1.97546413501667,2509.42,-4.68710970463333,-6.67951476793333
BG2015,Bulgaria,BG,BG4,BG41,BG412,София,149.83,1.24286919831167,1.97546413501667,2509.42,-4.68710970463333,-6.67951476793333
BG2016,Bulgaria,BG,BG4,BG41,BG412,София,149.83,1.24286919831167,1.97546413501667,2509.42,-4.68710970463333,-6.67951476793333
BG2017,Bulgaria,BG,BG4,BG41,BG412,София,149.83,1.24286919831167,1.97546413501667,2509.42,-4.68710970463333,-6.67951476793333
BG2018,Bulgaria,BG,BG4,BG41,BG412,София,149.83,1.24286919831167,1.97546413501667,2509.42,-4.68710970463333,-6.67951476793333
BG2019,Bulgaria,BG,BG4,BG41,BG412,София,149.83,1.24286919831167,1.97546413501667,2509.42,-4.68710970463333,-6.67951476793333
BG2020,Bulgaria,BG,BG4,BG41,BG412,София,149.83,1.24286919831167,1.97546413501667,2509.42,-4.68710970463333,-6.67951476793333
BG2021,Bulgaria,BG,BG4,BG41,BG412,София,149.83,1.24286919831167,1.97546413501667,2509.42,-4.68710970463333,-6.67951476793333
BG2022,Bulgaria,BG,BG4,BG41,BG412,София,149.83,1.24286919831167,1.97546413501667,2509.42,-4.68710970463333,-6.67951476793333
BG2023,Bulgaria,BG,BG4,BG41,BG412,София,149.83,1.24286919831167,1.97546413501667,2509.42,-4.68710970463333,-6.67951476793333
BG2024,Bulgaria,BG,BG4,BG41,BG412,София,149.83,1.24286919831167,1.97546413501667,2509.42,-4.68710970463333,-6.67951476793333
BG2025,Bulgaria,BG,BG4,BG41,BG412,София,149.83,1.24286919831167,1.97546413501667,2509.42,-4.68710970463333,-6.67951476793333
BG2026,Bulgaria,BG,BG4,BG41,BG412,София,149.83,1.24286919831167,1.97546413501667,2509.42,-4.68710970463333,-6.67951476793333
BG2027,Bulgaria,BG,BG4,BG41,BG412,София,149.83,1.24286919831167,1.97546413501667,2509.42,-4.68710970463333,-6.67951476793333
BG2028,Bulgaria,BG,BG4,BG41,BG412,София,149.83,1.24286919831167,1.97546413501667,2509.42,-4.68710970463333,-6.67951476793333
BG2029,Bulgaria,BG,BG4,BG41,BG412,София,149.83,1.24286919831167,1.97546413501667,2509.42,-4.68710970463333,-6.67951476793333
BG2030,Bulgaria,BG,BG4,BG41,BG412,София,149.83,1.24286919831167,1.97546413501667,2509.42,-4.68710970463333,-6.67951476793333
BG2034,Bulgaria,BG,BG4,BG41,BG412,София,149.83,1.24286919831167,1.97546413501667,2509.42,-4.68710970463333,-6.67951476793333
BG2035,Bulgaria,BG,BG4,BG41,BG412,София,149.83,1.24286919831167,1.97546413501667,2509.42,-4.68710970463333,-6.67951476793333
BG2036,Bulgaria,BG,BG4,BG41,BG412,София,149.83,1.24286919831167,1.97546413501667,2509.42,-4.68710970463333,-6.67951476793333
BG2040,Bulgaria,BG,BG4,BG41,BG412,София,149.83,1.24286919831167,1.97546413501667,2509.42,-4.68710970463333,-6.67951476793333
BG2043,Bulgaria,BG,BG4,BG41,BG412,София,149.83,1.24286919831167,1.97546413501667,2509.42,-4.68710970463333,-6.67951476793333
BG2044,Bulgaria,BG,BG4,BG41,BG412,София,149.83,1.24286919831167,1.97546413501667,2509.42,-4.68710970463333,-6.67951476793333
BG2045,Bulgaria,BG,BG4,BG41,BG412,София,149.83,1.24286919831167,1.97546413501667,2509.42,-4.68710970463333,-6.67951476793333
BG2046,Bulgaria,BG,BG4,BG41,BG412,София,149.83,1.24286919831167,1.97546413501667,2509.42,-4.68710970463333,-6.67951476793333
BG2048,Bulgaria,BG,BG4,BG41,BG412,София,149.83,1.24286919831167,1.97546413501667,2509.42,-4.68710970463333,-6.67951476793333
BG2049,Bulgaria,BG,BG4,BG41,BG412,София,149.83,1.24286919831167,1.97546413501667,2509.42,-4.68710970463333,-6.67951476793333
BG2050,Bulgaria,BG,BG4,BG41,BG412,София,149.83,1.24286919831167,1.97546413501667,2509.42,-4.68710970463333,-6.67951476793333
BG2059,Bulgaria,BG,BG4,BG41,BG412,София,149.83,1.24286919831167,1.97546413501667,2509.42,-4.68710970463333,-6.67951476793333
BG2060,Bulgaria,BG,BG4,BG41,BG412,София,149.83,1.24286919831167,1.97546413501667,2509.42,-4.68710970463333,-6.67951476793333
BG2061,Bulgaria,BG,BG4,BG41,BG412,София,149.83,1.24286919831167,1.97546413501667,2509.42,-4.68710970463333,-6.67951476793333
BG2062,Bulgaria,BG,BG4,BG41,BG412,София,149.83,1.24286919831167,1.97546413501667,2509.42,-4.68710970463333,-6.67951476793333
BG2063,Bulgaria,BG,BG4,BG41,BG412,София,149.83,1.24286919831167,1.97546413501667,2509.42,-4.68710970463333,-6.67951476793333
BG2064,Bulgaria,BG,BG4,BG41,BG412,София,149.83,1.24286919831167,1.97546413501667,2509.42,-4.68710970463333,-6.67951476793333
BG2065,Bulgaria,BG,BG4,BG41,BG412,София,149.83,1.24286919831167,1.97546413501667,2509.42,-4.68710970463333,-6.67951476793333
BG2066,Bulgaria,BG,BG4,BG41,BG412,София,149.83,1.24286919831167,1.97546413501667,2509.42,-4.68710970463333,-6.67951476793333
BG2067,Bulgaria,BG,BG4,BG41,BG412,София,149.83,1.24286919831167,1.97546413501667,2509.42,-4.68710970463333,-6.67951476793333
BG2068,Bulgaria,BG,BG4,BG41,BG412,София,149.83,1.24286919831167,1.97546413501667,2509.42,-4.68710970463333,-6.67951476793333
BG2069,Bulgaria,BG,BG4,BG41,BG412,София,149.83,1.24286919831167,1.97546413501667,2509.42,-4.68710970463333,-6.67951476793333
BG2070,Bulgaria,BG,BG4,BG41,BG412,София,149.83,1.24286919831167,1.97546413501667,2509.42,-4.68710970463333,-6.67951476793333
BG2072,Bulgaria,BG,BG4,BG41,BG412,София,149.83,1.24286919831167,1.97546413501667,2509.42,-4.68710970463333,-6.67951476793333
BG2074,Bulgaria,BG,BG4,BG41,BG412,София,149.83,1.24286919831167,1.97546413501667,2509.42,-4.68710970463333,-6.67951476793333
BG2080,Bulgaria,BG,BG4,BG41,BG412,София,149.83,1.24286919831167,1.97546413501667,2509.42,-4.68710970463333,-6.67951476793333
BG2083,Bulgaria,BG,BG4,BG41,BG412,София,149.83,1.24286919831167,1.97546413501667,2509.42,-4.68710970463333,-6.67951476793333
BG2084,Bulgaria,BG,BG4,BG41,BG412,София,149.83,1.24286919831167,1.97546413501667,2509.42,-4.68710970463333,-6.67951476793333
BG2085,Bulgaria,BG,BG4,BG41,BG412,София,149.83,1.24286919831167,1.97546413501667,2509.42,-4.68710970463333,-6.67951476793333
BG2087,Bulgaria,BG,BG4,BG41,BG412,София,149.83,1.24286919831167,1.97546413501667,2509.42,-4.68710970463333,-6.67951476793333
BG2088,Bulgaria,BG,BG4,BG41,BG412,София,149.83,1.24286919831167,1.97546413501667,2509.42,-4.68710970463333,-6.67951476793333
BG2089,Bulgaria,BG,BG4,BG41,BG412,София,149.83,1.24286919831167,1.97546413501667,2509.42,-4.68710970463333,-6.67951476793333
BG2090,Bulgaria,BG,BG4,BG41,BG412,София,149.83,1.24286919831167,1.97546413501667,2509.42,-4.68710970463333,-6.67951476793333
BG2092,Bulgaria,BG,BG4,BG41,BG412,София,149.83,1.24286919831167,1.97546413501667,2509.42,-4.68710970463333,-6.67951476793333
BG2093,Bulgaria,BG,BG4,BG41,BG412,София,149.83,1.24286919831167,1.97546413501667,2509.42,-4.68710970463333,-6.67951476793333
BG2095,Bulgaria,BG,BG4,BG41,BG412,София,149.83,1.24286919831167,1.97546413501667,2509.42,-4.68710970463333,-6.67951476793333
BG2096,Bulgaria,BG,BG4,BG41,BG412,София,149.83,1.24286919831167,1.97546413501667,2509.42,-4.68710970463333,-6.67951476793333
BG2097,Bulgaria,BG,BG4,BG41,BG412,София,149.83,1.24286919831167,1.97546413501667,2509.42,-4.68710970463333,-6.67951476793333
BG2098,Bulgaria,BG,BG4,BG41,BG412,София,149.83,1.24286919831167,1.97546413501667,2509.42,-4.68710970463333,-6.67951476793333
BG2099,Bulgaria,BG,BG4,BG41,BG412,София,149.83,1.24286919831167,1.97546413501667,2509.42,-4.68710970463333,-6.67951476793333
BG2100,Bulgaria,BG,BG4,BG41,BG412,София,149.83,1.24286919831167,1.97546413501667,2509.42,-4.68710970463333,-6.67951476793333
BG2107,Bulgaria,BG,BG4,BG41,BG412,София,149.83,1.24286919831167,1.97546413501667,2509.42,-4.68710970463333,-6.67951476793333
BG2108,Bulgaria,BG,BG4,BG41,BG412,София,149.83,1.24286919831167,1.97546413501667,2509.42,-4.68710970463333,-6.67951476793333
BG2110,Bulgaria,BG,BG4,BG41,BG412,София,149.83,1.24286919831167,1.97546413501667,2509.42,-4.68710970463333,-6.67951476793333
BG2111,Bulgaria,BG,BG4,BG41,BG412,София,149.83,1.24286919831167,1.97546413501667,2509.42,-4.68710970463333,-6.67951476793333
BG2112,Bulgaria,BG,BG4,BG41,BG412,София,149.83,1.24286919831167,1.97546413501667,2509.42,-4.68710970463333,-6.67951476793333
BG2113,Bulgaria,BG,BG4,BG41,BG412,София,149.83,1.24286919831167,1.97546413501667,2509.42,-4.68710970463333,-6.67951476793333
BG2114,Bulgaria,BG,BG4,BG41,BG412,София,149.83,1.24286919831167,1.97546413501667,2509.42,-4.68710970463333,-6.67951476793333
BG2115,Bulgaria,BG,BG4,BG41,BG412,София,149.83,1.24286919831167,1.97546413501667,2509.42,-4.68710970463333,-6.67951476793333
BG2116,Bulgaria,BG,BG4,BG41,BG412,София,149.83,1.24286919831167,1.97546413501667,2509.42,-4.68710970463333,-6.67951476793333
BG2117,Bulgaria,BG,BG4,BG41,BG412,София,149.83,1.24286919831167,1.97546413501667,2509.42,-4.68710970463333,-6.67951476793333
BG2118,Bulgaria,BG,BG4,BG41,BG412,София,149.83,1.24286919831167,1.97546413501667,2509.42,-4.68710970463333,-6.67951476793333
BG2119,Bulgaria,BG,BG4,BG41,BG412,София,149.83,1.24286919831167,1.97546413501667,2509.42,-4.68710970463333,-6.67951476793333
BG2120,Bulgaria,BG,BG4,BG41,BG412,София,149.83,1.24286919831167,1.97546413501667,2509.42,-4.68710970463333,-6.67951476793333
BG2121,Bulgaria,BG,BG4,BG41,BG412,София,149.83,1.24286919831167,1.97546413501667,2509.42,-4.68710970463333,-6.67951476793333
BG2122,Bulgaria,BG,BG4,BG41,BG412,София,149.83,1.24286919831167,1.97546413501667,2509.42,-4.68710970463333,-6.67951476793333
BG2123,Bulgaria,BG,BG4,BG41,BG412,София,149.83,1.24286919831167,1.97546413501667,2509.42,-4.68710970463333,-6.67951476793333
BG2124,Bulgaria,BG,BG4,BG41,BG412,София,149.83,1.24286919831167,1.97546413501667,2509.42,-4.68710970463333,-6.67951476793333
BG2126,Bulgaria,BG,BG4,BG41,BG412,София,149.83,1.24286919831167,1.97546413501667,2509.42,-4.68710970463333,-6.67951476793333
BG2127,Bulgaria,BG,BG4,BG41,BG412,София,149.83,1.24286919831167,1.97546413501667,2509.42,-4.68710970463333,-6.67951476793333
BG2128,Bulgaria,BG,BG4,BG41,BG412,София,149.83,1.24286919831167,1.97546413501667,2509.42,-4.68710970463333,-6.67951476793333
BG2129,Bulgaria,BG,BG4,BG41,BG412,София,149.83,1.24286919831167,1.97546413501667,2509.42,-4.68710970463333,-6.67951476793333
BG2131,Bulgaria,BG,BG4,BG41,BG412,София,149.83,1.24286919831167,1.97546413501667,2509.42,-4.68710970463333,-6.67951476793333
BG2132,Bulgaria,BG,BG4,BG41,BG412,София,149.83,1.24286919831167,1.97546413501667,2509.42,-4.68710970463333,-6.67951476793333
BG2133,Bulgaria,BG,BG4,BG41,BG412,София,149.83,1.24286919831167,1.97546413501667,2509.42,-4.68710970463333,-6.67951476793333
BG2134,Bulgaria,BG,BG4,BG41,BG412,София,149.83,1.24286919831167,1.97546413501667,2509.42,-4.68710970463333,-6.67951476793333
BG2139,Bulgaria,BG,BG4,BG41,BG412,София,149.83,1.24286919831167,1.97546413501667,2509.42,-4.68710970463333,-6.67951476793333
BG2140,Bulgaria,BG,BG4,BG41,BG412,София,149.83,1.24286919831167,1.97546413501667,2509.42,-4.68710970463333,-6.67951476793333
BG2151,Bulgaria,BG,BG4,BG41,BG412,София,149.83,1.24286919831167,1.97546413501667,2509.42,-4.68710970463333,-6.67951476793333
BG2152,Bulgaria,BG,BG4,BG41,BG412,София,149.83,1.24286919831167,1.97546413501667,2509.42,-4.68710970463333,-6.67951476793333
BG2154,Bulgaria,BG,BG4,BG41,BG412,София,149.83,1.24286919831167,1.97546413501667,2509.42,-4.68710970463333,-6.67951476793333
BG2155,Bulgaria,BG,BG4,BG41,BG412,София,149.83,1.24286919831167,1.97546413501667,2509.42,-4.68710970463333,-6.67951476793333
BG2157,Bulgaria,BG,BG4,BG41,BG412,София,149.83,1.24286919831167,1.97546413501667,2509.42,-4.68710970463333,-6.67951476793333
BG2158,Bulgaria,BG,BG4,BG41,BG412,София,149.83,1.24286919831167,1.97546413501667,2509.42,-4.68710970463333,-6.67951476793333
BG2159,Bulgaria,BG,BG4,BG41,BG412,София,149.83,1.24286919831167,1.97546413501667,2509.42,-4.68710970463333,-6.67951476793333
BG2160,Bulgaria,BG,BG4,BG41,BG412,София,149.83,1.24286919831167,1.97546413501667,2509.42,-4.68710970463333,-6.67951476793333
BG2161,Bulgaria,BG,BG4,BG41,BG412,София,149.83,1.24286919831167,1.97546413501667,2509.42,-4.68710970463333,-6.67951476793333
BG2162,Bulgaria,BG,BG4,BG41,BG412,София,149.83,1.24286919831167,1.97546413501667,2509.42,-4.68710970463333,-6.67951476793333
BG2163,Bulgaria,BG,BG4,BG41,BG412,София,149.83,1.24286919831167,1.97546413501667,2509.42,-4.68710970463333,-6.67951476793333
BG2164,Bulgaria,BG,BG4,BG41,BG412,София,149.83,1.24286919831167,1.97546413501667,2509.42,-4.68710970463333,-6.67951476793333
BG2165,Bulgaria,BG,BG4,BG41,BG412,София,149.83,1.24286919831167,1.97546413501667,2509.42,-4.68710970463333,-6.67951476793333
BG2167,Bulgaria,BG,BG4,BG41,BG412,София,149.83,1.24286919831167,1.97546413501667,2509.42,-4.68710970463333,-6.67951476793333
BG2168,Bulgaria,BG,BG4,BG41,BG412,София,149.83,1.24286919831167,1.97546413501667,2509.42,-4.68710970463333,-6.67951476793333
BG2169,Bulgaria,BG,BG4,BG41,BG412,София,149.83,1.24286919831167,1.97546413501667,2509.42,-4.68710970463333,-6.67951476793333
BG2178,Bulgaria,BG,BG4,BG41,BG412,София,149.83,1.24286919831167,1.97546413501667,2509.42,-4.68710970463333,-6.67951476793333
BG2179,Bulgaria,BG,BG4,BG41,BG412,София,149.83,1.24286919831167,1.97546413501667,2509.42,-4.68710970463333,-6.67951476793333
BG2180,Bulgaria,BG,BG4,BG41,BG412,София,149.83,1.24286919831167,1.97546413501667,2509.42,-4.68710970463333,-6.67951476793333
BG2181,Bulgaria,BG,BG4,BG41,BG412,София,149.83,1.24286919831167,1.97546413501667,2509.42,-4.68710970463333,-6.67951476793333
BG2182,Bulgaria,BG,BG4,BG41,BG412,София,149.83,1.24286919831167,1.97546413501667,2509.42,-4.68710970463333,-6.67951476793333
BG2183,Bulgaria,BG,BG4,BG41,BG412,София,149.83,1.24286919831167,1.97546413501667,2509.42,-4.68710970463333,-6.67951476793333
BG2184,Bulgaria,BG,BG4,BG41,BG412,София,149.83,1.24286919831167,1.97546413501667,2509.42,-4.68710970463333,-6.67951476793333
BG2185,Bulgaria,BG,BG4,BG41,BG412,София,149.83,1.24286919831167,1.97546413501667,2509.42,-4.68710970463333,-6.67951476793333
BG2186,Bulgaria,BG,BG4,BG41,BG412,София,149.83,1.24286919831167,1.97546413501667,2509.42,-4.68710970463333,-6.67951476793333
BG2187,Bulgaria,BG,BG4,BG41,BG412,София,149.83,1.24286919831167,1.97546413501667,2509.42,-4.68710970463333,-6.67951476793333
BG2188,Bulgaria,BG,BG4,BG41,BG412,София,149.83,1.24286919831167,1.97546413501667,2509.42,-4.68710970463333,-6.67951476793333
BG2189,Bulgaria,BG,BG4,BG41,BG412,София,149.83,1.24286919831167,1.97546413501667,2509.42,-4.68710970463333,-6.67951476793333
BG2190,Bulgaria,BG,BG4,BG41,BG412,София,149.83,1.24286919831167,1.97546413501667,2509.42,-4.68710970463333,-6.67951476793333
BG2193,Bulgaria,BG,BG4,BG41,BG412,София,149.83,1.24286919831167,1.97546413501667,2509.42,-4.68710970463333,-6.67951476793333
BG2200,Bulgaria,BG,BG4,BG41,BG412,София,149.83,1.24286919831167,1.97546413501667,2509.42,-4.68710970463333,-6.67951476793333
BG2206,Bulgaria,BG,BG4,BG41,BG412,София,149.83,1.24286919831167,1.97546413501667,2509.42,-4.68710970463333,-6.67951476793333
BG2207,Bulgaria,BG,BG4,BG41,BG412,София,149.83,1.24286919831167,1.97546413501667,2509.42,-4.68710970463333,-6.67951476793333
BG2208,Bulgaria,BG,BG4,BG41,BG412,София,149.83,1.24286919831167,1.97546413501667,2509.42,-4.68710970463333,-6.67951476793333
BG2209,Bulgaria,BG,BG4,BG41,BG412,София,149.83,1.24286919831167,1.97546413501667,2509.42,-4.68710970463333,-6.67951476793333
BG2210,Bulgaria,BG,BG4,BG41,BG412,София,149.83,1.24286919831167,1.97546413501667,2509.42,-4.68710970463333,-6.67951476793333
BG2212,Bulgaria,BG,BG4,BG41,BG412,София,149.83,1.24286919831167,1.97546413501667,2509.42,-4.68710970463333,-6.67951476793333
BG2213,Bulgaria,BG,BG4,BG41,BG412,София,149.83,1.24286919831167,1.97546413501667,2509.42,-4.68710970463333,-6.67951476793333
BG2214,Bulgaria,BG,BG4,BG41,BG412,София,149.83,1.24286919831167,1.97546413501667,2509.42,-4.68710970463333,-6.67951476793333
BG2215,Bulgaria,BG,BG4,BG41,BG412,София,149.83,1.24286919831167,1.97546413501667,2509.42,-4.68710970463333,-6.67951476793333
BG2216,Bulgaria,BG,BG4,BG41,BG412,София,149.83,1.24286919831167,1.97546413501667,2509.42,-4.68710970463333,-6.67951476793333
BG2217,Bulgaria,BG,BG4,BG41,BG412,София,149.83,1.24286919831167,1.97546413501667,2509.42,-4.68710970463333,-6.67951476793333
BG2218,Bulgaria,BG,BG4,BG41,BG412,София,149.83,1.24286919831167,1.97546413501667,2509.42,-4.68710970463333,-6.67951476793333
BG2221,Bulgaria,BG,BG4,BG41,BG412,София,149.83,1.24286919831167,1.97546413501667,2509.42,-4.68710970463333,-6.67951476793333
BG2222,Bulgaria,BG,BG4,BG41,BG412,София,149.83,1.24286919831167,1.97546413501667,2509.42,-4.68710970463333,-6.67951476793333
BG2223,Bulgaria,BG,BG4,BG41,BG412,София,149.83,1.24286919831167,1.97546413501667,2509.42,-4.68710970463333,-6.67951476793333
BG2224,Bulgaria,BG,BG4,BG41,BG412,София,149.83,1.24286919831167,1.97546413501667,2509.42,-4.68710970463333,-6.67951476793333
BG2225,Bulgaria,BG,BG4,BG41,BG412,София,149.83,1.24286919831167,1.97546413501667,2509.42,-4.68710970463333,-6.67951476793333
BG2226,Bulgaria,BG,BG4,BG41,BG412,София,149.83,1.24286919831167,1.97546413501667,2509.42,-4.68710970463333,-6.67951476793333
BG2227,Bulgaria,BG,BG4,BG41,BG412,София,149.83,1.24286919831167,1.97546413501667,2509.42,-4.68710970463333,-6.67951476793333
BG2228,Bulgaria,BG,BG4,BG41,BG412,София,149.83,1.24286919831167,1.97546413501667,2509.42,-4.68710970463333,-6.67951476793333
BG2229,Bulgaria,BG,BG4,BG41,BG412,София,149.83,1.24286919831167,1.97546413501667,2509.42,-4.68710970463333,-6.67951476793333
BG2230,Bulgaria,BG,BG4,BG41,BG412,София,149.83,1.24286919831167,1.97546413501667,2509.42,-4.68710970463333,-6.67951476793333
BG2231,Bulgaria,BG,BG4,BG41,BG412,София,149.83,1.24286919831167,1.97546413501667,2509.42,-4.68710970463333,-6.67951476793333
BG2234,Bulgaria,BG,BG4,BG41,BG412,София,149.83,1.24286919831167,1.97546413501667,2509.42,-4.68710970463333,-6.67951476793333
BG2235,Bulgaria,BG,BG4,BG41,BG412,София,149.83,1.24286919831167,1.97546413501667,2509.42,-4.68710970463333,-6.67951476793333
BG2236,Bulgaria,BG,BG4,BG41,BG412,София,149.83,1.24286919831167,1.97546413501667,2509.42,-4.68710970463333,-6.67951476793333
BG2237,Bulgaria,BG,BG4,BG41,BG412,София,149.83,1.24286919831167,1.97546413501667,2509.42,-4.68710970463333,-6.67951476793333
BG2238,Bulgaria,BG,BG4,BG41,BG412,София,149.83,1.24286919831167,1.97546413501667,2509.42,-4.68710970463333,-6.67951476793333
BG2239,Bulgaria,BG,BG4,BG41,BG412,София,149.83,1.24286919831167,1.97546413501667,2509.42,-4.68710970463333,-6.67951476793333
BG2240,Bulgaria,BG,BG4,BG41,BG412,София,149.83,1.24286919831167,1.97546413501667,2509.42,-4.68710970463333,-6.67951476793333
BG2247,Bulgaria,BG,BG4,BG41,BG412,София,149.83,1.24286919831167,1.97546413501667,2509.42,-4.68710970463333,-6.67951476793333
BG2248,Bulgaria,BG,BG4,BG41,BG412,София,149.83,1.24286919831167,1.97546413501667,2509.42,-4.68710970463333,-6.67951476793333
BG2249,Bulgaria,BG,BG4,BG41,BG412,София,149.83,1.24286919831167,1.97546413501667,2509.42,-4.68710970463333,-6.67951476793333
BG2250,Bulgaria,BG,BG4,BG41,BG412,София,149.83,1.24286919831167,1.97546413501667,2509.42,-4.68710970463333,-6.67951476793333
BG2251,Bulgaria,BG,BG4,BG41,BG412,София,149.83,1.24286919831167,1.97546413501667,2509.42,-4.68710970463333,-6.67951476793333
BG2252,Bulgaria,BG,BG4,BG41,BG412,София,149.83,1.24286919831167,1.97546413501667,2509.42,-4.68710970463333,-6.67951476793333
BG2253,Bulgaria,BG,BG4,BG41,BG412,София,149.83,1.24286919831167,1.97546413501667,2509.42,-4.68710970463333,-6.67951476793333
BG2254,Bulgaria,BG,BG4,BG41,BG412,София,149.83,1.24286919831167,1.97546413501667,2509.42,-4.68710970463333,-6.67951476793333
BG2255,Bulgaria,BG,BG4,BG41,BG412,София,149.83,1.24286919831167,1.97546413501667,2509.42,-4.68710970463333,-6.67951476793333
BG2256,Bulgaria,BG,BG4,BG41,BG412,София,149.83,1.24286919831167,1.97546413501667,2509.42,-4.68710970463333,-6.67951476793333
BG2257,Bulgaria,BG,BG4,BG41,BG412,София,149.83,1.24286919831167,1.97546413501667,2509.42,-4.68710970463333,-6.67951476793333
BG2258,Bulgaria,BG,BG4,BG41,BG412,София,149.83,1.24286919831167,1.97546413501667,2509.42,-4.68710970463333,-6.67951476793333
BG2259,Bulgaria,BG,BG4,BG41,BG412,София,149.83,1.24286919831167,1.97546413501667,2509.42,-4.68710970463333,-6.67951476793333
BG2260,Bulgaria,BG,BG4,BG41,BG412,София,149.83,1.24286919831167,1.97546413501667,2509.42,-4.68710970463333,-6.67951476793333
BG2266,Bulgaria,BG,BG4,BG41,BG412,София,149.83,1.24286919831167,1.97546413501667,2509.42,-4.68710970463333,-6.67951476793333
BG2267,Bulgaria,BG,BG4,BG41,BG412,София,149.83,1.24286919831167,1.97546413501667,2509.42,-4.68710970463333,-6.67951476793333
BG2268,Bulgaria,BG,BG4,BG41,BG412,София,149.83,1.24286919831167,1.97546413501667,2509.42,-4.68710970463333,-6.67951476793333
BG2269,Bulgaria,BG,BG4,BG41,BG412,София,149.83,1.24286919831167,1.97546413501667,2509.42,-4.68710970463333,-6.67951476793333
BG2270,Bulgaria,BG,BG4,BG41,BG412,София,149.83,1.24286919831167,1.97546413501667,2509.42,-4.68710970463333,-6.67951476793333
BG2271,Bulgaria,BG,BG4,BG41,BG412,София,149.83,1.24286919831167,1.97546413501667,2509.42,-4.68710970463333,-6.67951476793333
BG2273,Bulgaria,BG,BG4,BG41,BG412,София,149.83,1.24286919831167,1.97546413501667,2509.42,-4.68710970463333,-6.67951476793333
BG2274,Bulgaria,BG,BG4,BG41,BG412,София,149.83,1.24286919831167,1.97546413501667,2509.42,-4.68710970463333,-6.67951476793333
BG2275,Bulgaria,BG,BG4,BG41,BG412,София,149.83,1.24286919831167,1.97546413501667,2509.42,-4.68710970463333,-6.67951476793333
BG2276,Bulgaria,BG,BG4,BG41,BG412,София,149.83,1.24286919831167,1.97546413501667,2509.42,-4.68710970463333,-6.67951476793333
BG2277,Bulgaria,BG,BG4,BG41,BG412,София,149.83,1.24286919831167,1.97546413501667,2509.42,-4.68710970463333,-6.67951476793333
BG2278,Bulgaria,BG,BG4,BG41,BG412,София,149.83,1.24286919831167,1.97546413501667,2509.42,-4.68710970463333,-6.67951476793333
BG2279,Bulgaria,BG,BG4,BG41,BG412,София,149.83,1.24286919831167,1.97546413501667,2509.42,-4.68710970463333,-6.67951476793333
BG2280,Bulgaria,BG,BG4,BG41,BG412,София,149.83,1.24286919831167,1.97546413501667,2509.42,-4.68710970463333,-6.67951476793333
BG2281,Bulgaria,BG,BG4,BG41,BG412,София,149.83,1.24286919831167,1.97546413501667,2509.42,-4.68710970463333,-6.67951476793333
BG2282,Bulgaria,BG,BG4,BG41,BG412,София,149.83,1.24286919831167,1.97546413501667,2509.42,-4.68710970463333,-6.67951476793333
BG2283,Bulgaria,BG,BG4,BG41,BG412,София,149.83,1.24286919831167,1.97546413501667,2509.42,-4.68710970463333,-6.67951476793333
BG2284,Bulgaria,BG,BG4,BG41,BG412,София,149.83,1.24286919831167,1.97546413501667,2509.42,-4.68710970463333,-6.67951476793333
BG2285,Bulgaria,BG,BG4,BG41,BG412,София,149.83,1.24286919831167,1.97546413501667,2509.42,-4.68710970463333,-6.67951476793333
BG2287,Bulgaria,BG,BG4,BG41,BG412,София,149.83,1.24286919831167,1.97546413501667,2509.42,-4.68710970463333,-6.67951476793333
BG2289,Bulgaria,BG,BG4,BG41,BG412,София,149.83,1.24286919831167,1.97546413501667,2509.42,-4.68710970463333,-6.67951476793333
BG2290,Bulgaria,BG,BG4,BG41,BG412,София,149.83,1.24286919831167,1.97546413501667,2509.42,-4.68710970463333,-6.67951476793333
BG2291,Bulgaria,BG,BG4,BG41,BG412,София,149.83,1.24286919831167,1.97546413501667,2509.42,-4.68710970463333,-6.67951476793333
BG2292,Bulgaria,BG,BG4,BG41,BG412,София,149.83,1.24286919831167,1.97546413501667,2509.42,-4.68710970463333,-6.67951476793333
BG2293,Bulgaria,BG,BG4,BG41,BG412,София,149.83,1.24286919831167,1.97546413501667,2509.42,-4.68710970463333,-6.67951476793333
BG2294,Bulgaria,BG,BG4,BG41,BG412,София,149.83,1.24286919831167,1.97546413501667,2509.42,-4.68710970463333,-6.67951476793333
BG2295,Bulgaria,BG,BG4,BG41,BG412,София,149.83,1.24286919831167,1.97546413501667,2509.42,-4.68710970463333,-6.67951476793333
BG2296,Bulgaria,BG,BG4,BG41,BG412,София,149.83,1.24286919831167,1.97546413501667,2509.42,-4.68710970463333,-6.67951476793333
BG2297,Bulgaria,BG,BG4,BG41,BG412,София,149.83,1.24286919831167,1.97546413501667,2509.42,-4.68710970463333,-6.67951476793333
BG2298,Bulgaria,BG,BG4,BG41,BG412,София,149.83,1.24286919831167,1.97546413501667,2509.42,-4.68710970463333,-6.67951476793333
BG2299,Bulgaria,BG,BG4,BG41,BG412,София,149.83,1.24286919831167,1.97546413501667,2509.42,-4.68710970463333,-6.67951476793333
BG3137,Bulgaria,BG,BG4,BG41,BG412,София,149.83,1.24286919831167,1.97546413501667,2509.42,-4.68710970463333,-6.67951476793333
BG3000,Bulgaria,BG,BG3,BG31,BG313,Враца,386.55,1.90764957265,2.72974358975,2124.75,-4.2929059829,-5.92807692308332
BG3038,Bulgaria,BG,BG3,BG31,BG313,Враца,386.55,1.90764957265,2.72974358975,2124.75,-4.2929059829,-5.92807692308332
BG3039,Bulgaria,BG,BG3,BG31,BG313,Враца,386.55,1.90764957265,2.72974358975,2124.75,-4.2929059829,-5.92807692308332
BG3040,Bulgaria,BG,BG3,BG31,BG313,Враца,386.55,1.90764957265,2.72974358975,2124.75,-4.2929059829,-5.92807692308332
BG3041,Bulgaria,BG,BG3,BG31,BG313,Враца,386.55,1.90764957265,2.72974358975,2124.75,-4.2929059829,-5.92807692308332
BG3042,Bulgaria,BG,BG3,BG31,BG313,Враца,386.55,1.90764957265,2.72974358975,2124.75,-4.2929059829,-5.92807692308332
BG3043,Bulgaria,BG,BG3,BG31,BG313,Враца,386.55,1.90764957265,2.72974358975,2124.75,-4.2929059829,-5.92807692308332
BG3045,Bulgaria,BG,BG3,BG31,BG313,Враца,386.55,1.90764957265,2.72974358975,2124.75,-4.2929059829,-5.92807692308332
BG3046,Bulgaria,BG,BG3,BG31,BG313,Враца,386.55,1.90764957265,2.72974358975,2124.75,-4.2929059829,-5.92807692308332
BG3047,Bulgaria,BG,BG3,BG31,BG313,Враца,386.55,1.90764957265,2.72974358975,2124.75,-4.2929059829,-5.92807692308332
BG3048,Bulgaria,BG,BG3,BG31,BG313,Враца,386.55,1.90764957265,2.72974358975,2124.75,-4.2929059829,-5.92807692308332
BG3049,Bulgaria,BG,BG3,BG31,BG313,Враца,386.55,1.90764957265,2.72974358975,2124.75,-4.2929059829,-5.92807692308332
BG3050,Bulgaria,BG,BG3,BG31,BG313,Враца,386.55,1.90764957265,2.72974358975,2124.75,-4.2929059829,-5.92807692308332
BG3051,Bulgaria,BG,BG3,BG31,BG313,Враца,386.55,1.90764957265,2.72974358975,2124.75,-4.2929059829,-5.92807692308332
BG3052,Bulgaria,BG,BG3,BG31,BG313,Враца,386.55,1.90764957265,2.72974358975,2124.75,-4.2929059829,-5.92807692308332
BG3053,Bulgaria,BG,BG3,BG31,BG313,Враца,386.55,1.90764957265,2.72974358975,2124.75,-4.2929059829,-5.92807692308332
BG3054,Bulgaria,BG,BG3,BG31,BG313,Враца,386.55,1.90764957265,2.72974358975,2124.75,-4.2929059829,-5.92807692308332
BG3055,Bulgaria,BG,BG3,BG31,BG313,Враца,386.55,1.90764957265,2.72974358975,2124.75,-4.2929059829,-5.92807692308332
BG3057,Bulgaria,BG,BG3,BG31,BG313,Враца,386.55,1.90764957265,2.72974358975,2124.75,-4.2929059829,-5.92807692308332
BG3058,Bulgaria,BG,BG3,BG31,BG313,Враца,386.55,1.90764957265,2.72974358975,2124.75,-4.2929059829,-5.92807692308332
BG3059,Bulgaria,BG,BG3,BG31,BG313,Враца,386.55,1.90764957265,2.72974358975,2124.75,-4.2929059829,-5.92807692308332
BG3060,Bulgaria,BG,BG3,BG31,BG313,Враца,386.55,1.90764957265,2.72974358975,2124.75,-4.2929059829,-5.92807692308332
BG3063,Bulgaria,BG,BG3,BG31,BG313,Враца,386.55,1.90764957265,2.72974358975,2124.75,-4.2929059829,-5.92807692308332
BG3064,Bulgaria,BG,BG3,BG31,BG313,Враца,386.55,1.90764957265,2.72974358975,2124.75,-4.2929059829,-5.92807692308332
BG3065,Bulgaria,BG,BG3,BG31,BG313,Враца,386.55,1.90764957265,2.72974358975,2124.75,-4.2929059829,-5.92807692308332
BG3067,Bulgaria,BG,BG3,BG31,BG313,Враца,386.55,1.90764957265,2.72974358975,2124.75,-4.2929059829,-5.92807692308332
BG3068,Bulgaria,BG,BG3,BG31,BG313,Враца,386.55,1.90764957265,2.72974358975,2124.75,-4.2929059829,-5.92807692308332
BG3069,Bulgaria,BG,BG3,BG31,BG313,Враца,386.55,1.90764957265,2.72974358975,2124.75,-4.2929059829,-5.92807692308332
BG3071,Bulgaria,BG,BG3,BG31,BG313,Враца,386.55,1.90764957265,2.72974358975,2124.75,-4.2929059829,-5.92807692308332
BG3072,Bulgaria,BG,BG3,BG31,BG313,Враца,386.55,1.90764957265,2.72974358975,2124.75,-4.2929059829,-5.92807692308332
BG3073,Bulgaria,BG,BG3,BG31,BG313,Враца,386.55,1.90764957265,2.72974358975,2124.75,-4.2929059829,-5.92807692308332
BG3074,Bulgaria,BG,BG3,BG31,BG313,Враца,386.55,1.90764957265,2.72974358975,2124.75,-4.2929059829,-5.92807692308332
BG3075,Bulgaria,BG,BG3,BG31,BG313,Враца,386.55,1.90764957265,2.72974358975,2124.75,-4.2929059829,-5.92807692308332
BG3077,Bulgaria,BG,BG3,BG31,BG313,Враца,386.55,1.90764957265,2.72974358975,2124.75,-4.2929059829,-5.92807692308332
BG3078,Bulgaria,BG,BG3,BG31,BG313,Враца,386.55,1.90764957265,2.72974358975,2124.75,-4.2929059829,-5.92807692308332
BG3079,Bulgaria,BG,BG3,BG31,BG313,Враца,386.55,1.90764957265,2.72974358975,2124.75,-4.2929059829,-5.92807692308332
BG3100,Bulgaria,BG,BG3,BG31,BG313,Враца,386.55,1.90764957265,2.72974358975,2124.75,-4.2929059829,-5.92807692308332
BG3126,Bulgaria,BG,BG3,BG31,BG313,Враца,386.55,1.90764957265,2.72974358975,2124.75,-4.2929059829,-5.92807692308332
BG3127,Bulgaria,BG,BG3,BG31,BG313,Враца,386.55,1.90764957265,2.72974358975,2124.75,-4.2929059829,-5.92807692308332
BG3128,Bulgaria,BG,BG3,BG31,BG313,Враца,386.55,1.90764957265,2.72974358975,2124.75,-4.2929059829,-5.92807692308332
BG3129,Bulgaria,BG,BG3,BG31,BG313,Враца,386.55,1.90764957265,2.72974358975,2124.75,-4.2929059829,-5.92807692308332
BG3130,Bulgaria,BG,BG3,BG31,BG313,Враца,386.55,1.90764957265,2.72974358975,2124.75,-4.2929059829,-5.92807692308332
BG3132,Bulgaria,BG,BG3,BG31,BG313,Враца,386.55,1.90764957265,2.72974358975,2124.75,-4.2929059829,-5.92807692308332
BG3133,Bulgaria,BG,BG3,BG31,BG313,Враца,386.55,1.90764957265,2.72974358975,2124.75,-4.2929059829,-5.92807692308332
BG3134,Bulgaria,BG,BG3,BG31,BG313,Враца,386.55,1.90764957265,2.72974358975,2124.75,-4.2929059829,-5.92807692308332
BG3135,Bulgaria,BG,BG3,BG31,BG313,Враца,386.55,1.90764957265,2.72974358975,2124.75,-4.2929059829,-5.92807692308332
BG3136,Bulgaria,BG,BG3,BG31,BG313,Враца,386.55,1.90764957265,2.72974358975,2124.75,-4.2929059829,-5.92807692308332
BG3138,Bulgaria,BG,BG3,BG31,BG313,Враца,386.55,1.90764957265,2.72974358975,2124.75,-4.2929059829,-5.92807692308332
BG3139,Bulgaria,BG,BG3,BG31,BG313,Враца,386.55,1.90764957265,2.72974358975,2124.75,-4.2929059829,-5.92807692308332
BG3140,Bulgaria,BG,BG3,BG31,BG313,Враца,386.55,1.90764957265,2.72974358975,2124.75,-4.2929059829,-5.92807692308332
BG3141,Bulgaria,BG,BG3,BG31,BG313,Враца,386.55,1.90764957265,2.72974358975,2124.75,-4.2929059829,-5.92807692308332
BG3142,Bulgaria,BG,BG3,BG31,BG313,Враца,386.55,1.90764957265,2.72974358975,2124.75,-4.2929059829,-5.92807692308332
BG3143,Bulgaria,BG,BG3,BG31,BG313,Враца,386.55,1.90764957265,2.72974358975,2124.75,-4.2929059829,-5.92807692308332
BG3144,Bulgaria,BG,BG3,BG31,BG313,Враца,386.55,1.90764957265,2.72974358975,2124.75,-4.2929059829,-5.92807692308332
BG3145,Bulgaria,BG,BG3,BG31,BG313,Враца,386.55,1.90764957265,2.72974358975,2124.75,-4.2929059829,-5.92807692308332
BG3147,Bulgaria,BG,BG3,BG31,BG313,Враца,386.55,1.90764957265,2.72974358975,2124.75,-4.2929059829,-5.92807692308332
BG3148,Bulgaria,BG,BG3,BG31,BG313,Враца,386.55,1.90764957265,2.72974358975,2124.75,-4.2929059829,-5.92807692308332
BG3150,Bulgaria,BG,BG3,BG31,BG313,Враца,386.55,1.90764957265,2.72974358975,2124.75,-4.2929059829,-5.92807692308332
BG3151,Bulgaria,BG,BG3,BG31,BG313,Враца,386.55,1.90764957265,2.72974358975,2124.75,-4.2929059829,-5.92807692308332
BG3152,Bulgaria,BG,BG3,BG31,BG313,Враца,386.55,1.90764957265,2.72974358975,2124.75,-4.2929059829,-5.92807692308332
BG3153,Bulgaria,BG,BG3,BG31,BG313,Враца,386.55,1.90764957265,2.72974358975,2124.75,-4.2929059829,-5.92807692308332
BG3154,Bulgaria,BG,BG3,BG31,BG313,Враца,386.55,1.90764957265,2.72974358975,2124.75,-4.2929059829,-5.92807692308332
BG3155,Bulgaria,BG,BG3,BG31,BG313,Враца,386.55,1.90764957265,2.72974358975,2124.75,-4.2929059829,-5.92807692308332
BG3157,Bulgaria,BG,BG3,BG31,BG313,Враца,386.55,1.90764957265,2.72974358975,2124.75,-4.2929059829,-5.92807692308332
BG3158,Bulgaria,BG,BG3,BG31,BG313,Враца,386.55,1.90764957265,2.72974358975,2124.75,-4.2929059829,-5.92807692308332
BG3159,Bulgaria,BG,BG3,BG31,BG313,Враца,386.55,1.90764957265,2.72974358975,2124.75,-4.2929059829,-5.92807692308332
BG3160,Bulgaria,BG,BG3,BG31,BG313,Враца,386.55,1.90764957265,2.72974358975,2124.75,-4.2929059829,-5.92807692308332
BG3161,Bulgaria,BG,BG3,BG31,BG313,Враца,386.55,1.90764957265,2.72974358975,2124.75,-4.2929059829,-5.92807692308332
BG3162,Bulgaria,BG,BG3,BG31,BG313,Враца,386.55,1.90764957265,2.72974358975,2124.75,-4.2929059829,-5.92807692308332
BG3164,Bulgaria,BG,BG3,BG31,BG313,Враца,386.55,1.90764957265,2.72974358975,2124.75,-4.2929059829,-5.92807692308332
BG3165,Bulgaria,BG,BG3,BG31,BG313,Враца,386.55,1.90764957265,2.72974358975,2124.75,-4.2929059829,-5.92807692308332
BG3167,Bulgaria,BG,BG3,BG31,BG313,Враца,386.55,1.90764957265,2.72974358975,2124.75,-4.2929059829,-5.92807692308332
BG3168,Bulgaria,BG,BG3,BG31,BG313,Враца,386.55,1.90764957265,2.72974358975,2124.75,-4.2929059829,-5.92807692308332
BG3169,Bulgaria,BG,BG3,BG31,BG313,Враца,386.55,1.90764957265,2.72974358975,2124.75,-4.2929059829,-5.92807692308332
BG3170,Bulgaria,BG,BG3,BG31,BG313,Враца,386.55,1.90764957265,2.72974358975,2124.75,-4.2929059829,-5.92807692308332
BG3171,Bulgaria,BG,BG3,BG31,BG313,Враца,386.55,1.90764957265,2.72974358975,2124.75,-4.2929059829,-5.92807692308332
BG3200,Bulgaria,BG,BG3,BG31,BG313,Враца,386.55,1.90764957265,2.72974358975,2124.75,-4.2929059829,-5.92807692308332
BG3240,Bulgaria,BG,BG3,BG31,BG313,Враца,386.55,1.90764957265,2.72974358975,2124.75,-4.2929059829,-5.92807692308332
BG3241,Bulgaria,BG,BG3,BG31,BG313,Враца,386.55,1.90764957265,2.72974358975,2124.75,-4.2929059829,-5.92807692308332
BG3242,Bulgaria,BG,BG3,BG31,BG313,Враца,386.55,1.90764957265,2.72974358975,2124.75,-4.2929059829,-5.92807692308332
BG3243,Bulgaria,BG,BG3,BG31,BG313,Враца,386.55,1.90764957265,2.72974358975,2124.75,-4.2929059829,-5.92807692308332
BG3244,Bulgaria,BG,BG3,BG31,BG313,Враца,386.55,1.90764957265,2.72974358975,2124.75,-4.2929059829,-5.92807692308332
BG3245,Bulgaria,BG,BG3,BG31,BG313,Враца,386.55,1.90764957265,2.72974358975,2124.75,-4.2929059829,-5.92807692308332
BG3247,Bulgaria,BG,BG3,BG31,BG313,Враца,386.55,1.90764957265,2.72974358975,2124.75,-4.2929059829,-5.92807692308332
BG3248,Bulgaria,BG,BG3,BG31,BG313,Враца,386.55,1.90764957265,2.72974358975,2124.75,-4.2929059829,-5.92807692308332
BG3249,Bulgaria,BG,BG3,BG31,BG313,Враца,386.55,1.90764957265,2.72974358975,2124.75,-4.2929059829,-5.92807692308332
BG3250,Bulgaria,BG,BG3,BG31,BG313,Враца,386.55,1.90764957265,2.72974358975,2124.75,-4.2929059829,-5.92807692308332
BG3251,Bulgaria,BG,BG3,BG31,BG313,Враца,386.55,1.90764957265,2.72974358975,2124.75,-4.2929059829,-5.92807692308332
BG3252,Bulgaria,BG,BG3,BG31,BG313,Враца,386.55,1.90764957265,2.72974358975,2124.75,-4.2929059829,-5.92807692308332
BG3253,Bulgaria,BG,BG3,BG31,BG313,Враца,386.55,1.90764957265,2.72974358975,2124.75,-4.2929059829,-5.92807692308332
BG3254,Bulgaria,BG,BG3,BG31,BG313,Враца,386.55,1.90764957265,2.72974358975,2124.75,-4.2929059829,-5.92807692308332
BG3255,Bulgaria,BG,BG3,BG31,BG313,Враца,386.55,1.90764957265,2.72974358975,2124.75,-4.2929059829,-5.92807692308332
BG3257,Bulgaria,BG,BG3,BG31,BG313,Враца,386.55,1.90764957265,2.72974358975,2124.75,-4.2929059829,-5.92807692308332
BG3258,Bulgaria,BG,BG3,BG31,BG313,Враца,386.55,1.90764957265,2.72974358975,2124.75,-4.2929059829,-5.92807692308332
BG3259,Bulgaria,BG,BG3,BG31,BG313,Враца,386.55,1.90764957265,2.72974358975,2124.75,-4.2929059829,-5.92807692308332
BG3264,Bulgaria,BG,BG3,BG31,BG313,Враца,386.55,1.90764957265,2.72974358975,2124.75,-4.2929059829,-5.92807692308332
BG3265,Bulgaria,BG,BG3,BG31,BG313,Враца,386.55,1.90764957265,2.72974358975,2124.75,-4.2929059829,-5.92807692308332
BG3300,Bulgaria,BG,BG3,BG31,BG313,Враца,386.55,1.90764957265,2.72974358975,2124.75,-4.2929059829,-5.92807692308332
BG3301,Bulgaria,BG,BG3,BG31,BG313,Враца,386.55,1.90764957265,2.72974358975,2124.75,-4.2929059829,-5.92807692308332
BG3320,Bulgaria,BG,BG3,BG31,BG313,Враца,386.55,1.90764957265,2.72974358975,2124.75,-4.2929059829,-5.92807692308332
BG3328,Bulgaria,BG,BG3,BG31,BG313,Враца,386.55,1.90764957265,2.72974358975,2124.75,-4.2929059829,-5.92807692308332
BG3330,Bulgaria,BG,BG3,BG31,BG313,Враца,386.55,1.90764957265,2.72974358975,2124.75,-4.2929059829,-5.92807692308332
BG3332,Bulgaria,BG,BG3,BG31,BG313,Враца,386.55,1.90764957265,2.72974358975,2124.75,-4.2929059829,-5.92807692308332
BG3333,Bulgaria,BG,BG3,BG31,BG313,Враца,386.55,1.90764957265,2.72974358975,2124.75,-4.2929059829,-5.92807692308332
BG3340,Bulgaria,BG,BG3,BG31,BG313,Враца,386.55,1.90764957265,2.72974358975,2124.75,-4.2929059829,-5.92807692308332
BG3341,Bulgaria,BG,BG3,BG31,BG313,Враца,386.55,1.90764957265,2.72974358975,2124.75,-4.2929059829,-5.92807692308332
BG3342,Bulgaria,BG,BG3,BG31,BG313,Враца,386.55,1.90764957265,2.72974358975,2124.75,-4.2929059829,-5.92807692308332
BG3343,Bulgaria,BG,BG3,BG31,BG313,Враца,386.55,1.90764957265,2.72974358975,2124.75,-4.2929059829,-5.92807692308332
BG3344,Bulgaria,BG,BG3,BG31,BG313,Враца,386.55,1.90764957265,2.72974358975,2124.75,-4.2929059829,-5.92807692308332
BG3345,Bulgaria,BG,BG3,BG31,BG313,Враца,386.55,1.90764957265,2.72974358975,2124.75,-4.2929059829,-5.92807692308332
BG3348,Bulgaria,BG,BG3,BG31,BG313,Враца,386.55,1.90764957265,2.72974358975,2124.75,-4.2929059829,-5.92807692308332
BG3349,Bulgaria,BG,BG3,BG31,BG313,Враца,386.55,1.90764957265,2.72974358975,2124.75,-4.2929059829,-5.92807692308332
BG3350,Bulgaria,BG,BG3,BG31,BG313,Враца,386.55,1.90764957265,2.72974358975,2124.75,-4.2929059829,-5.92807692308332
BG3352,Bulgaria,BG,BG3,BG31,BG313,Враца,386.55,1.90764957265,2.72974358975,2124.75,-4.2929059829,-5.92807692308332
BG3353,Bulgaria,BG,BG3,BG31,BG313,Враца,386.55,1.90764957265,2.72974358975,2124.75,-4.2929059829,-5.92807692308332
BG3354,Bulgaria,BG,BG3,BG31,BG313,Враца,386.55,1.90764957265,2.72974358975,2124.75,-4.2929059829,-5.92807692308332
BG3355,Bulgaria,BG,BG3,BG31,BG313,Враца,386.55,1.90764957265,2.72974358975,2124.75,-4.2929059829,-5.92807692308332
BG3357,Bulgaria,BG,BG3,BG31,BG313,Враца,386.55,1.90764957265,2.72974358975,2124.75,-4.2929059829,-5.92807692308332
BG5036,Bulgaria,BG,BG3,BG32,BG322,Габрово,331.42,1.60286666666666,2.45566666666667,2137.98,-4.4322,-6.24793333333332
BG5300,Bulgaria,BG,BG3,BG32,BG322,Габрово,331.42,1.60286666666666,2.45566666666667,2137.98,-4.4322,-6.24793333333332
BG5301,Bulgaria,BG,BG3,BG32,BG322,Габрово,331.42,1.60286666666666,2.45566666666667,2137.98,-4.4322,-6.24793333333332
BG5304,Bulgaria,BG,BG3,BG32,BG322,Габрово,331.42,1.60286666666666,2.45566666666667,2137.98,-4.4322,-6.24793333333332
BG5307,Bulgaria,BG,BG3,BG32,BG322,Габрово,331.42,1.60286666666666,2.45566666666667,2137.98,-4.4322,-6.24793333333332
BG5309,Bulgaria,BG,BG3,BG32,BG322,Габрово,331.42,1.60286666666666,2.45566666666667,2137.98,-4.4322,-6.24793333333332
BG5311,Bulgaria,BG,BG3,BG32,BG322,Габрово,331.42,1.60286666666666,2.45566666666667,2137.98,-4.4322,-6.24793333333332
BG5332,Bulgaria,BG,BG3,BG32,BG322,Габрово,331.42,1.60286666666666,2.45566666666667,2137.98,-4.4322,-6.24793333333332
BG5333,Bulgaria,BG,BG3,BG32,BG322,Габрово,331.42,1.60286666666666,2.45566666666667,2137.98,-4.4322,-6.24793333333332
BG5335,Bulgaria,BG,BG3,BG32,BG322,Габрово,331.42,1.60286666666666,2.45566666666667,2137.98,-4.4322,-6.24793333333332
BG5337,Bulgaria,BG,BG3,BG32,BG322,Габрово,331.42,1.60286666666666,2.45566666666667,2137.98,-4.4322,-6.24793333333332
BG5338,Bulgaria,BG,BG3,BG32,BG322,Габрово,331.42,1.60286666666666,2.45566666666667,2137.98,-4.4322,-6.24793333333332
BG5339,Bulgaria,BG,BG3,BG32,BG322,Габрово,331.42,1.60286666666666,2.45566666666667,2137.98,-4.4322,-6.24793333333332
BG5340,Bulgaria,BG,BG3,BG32,BG322,Габрово,331.42,1.60286666666666,2.45566666666667,2137.98,-4.4322,-6.24793333333332
BG5341,Bulgaria,BG,BG3,BG32,BG322,Габрово,331.42,1.60286666666666,2.45566666666667,2137.98,-4.4322,-6.24793333333332
BG5342,Bulgaria,BG,BG3,BG32,BG322,Габрово,331.42,1.60286666666666,2.45566666666667,2137.98,-4.4322,-6.24793333333332
BG5343,Bulgaria,BG,BG3,BG32,BG322,Габрово,331.42,1.60286666666666,2.45566666666667,2137.98,-4.4322,-6.24793333333332
BG5344,Bulgaria,BG,BG3,BG32,BG322,Габрово,331.42,1.60286666666666,2.45566666666667,2137.98,-4.4322,-6.24793333333332
BG5345,Bulgaria,BG,BG3,BG32,BG322,Габрово,331.42,1.60286666666666,2.45566666666667,2137.98,-4.4322,-6.24793333333332
BG5346,Bulgaria,BG,BG3,BG32,BG322,Габрово,331.42,1.60286666666666,2.45566666666667,2137.98,-4.4322,-6.24793333333332
BG5347,Bulgaria,BG,BG3,BG32,BG322,Габрово,331.42,1.60286666666666,2.45566666666667,2137.98,-4.4322,-6.24793333333332
BG5348,Bulgaria,BG,BG3,BG32,BG322,Габрово,331.42,1.60286666666666,2.45566666666667,2137.98,-4.4322,-6.24793333333332
BG5349,Bulgaria,BG,BG3,BG32,BG322,Габрово,331.42,1.60286666666666,2.45566666666667,2137.98,-4.4322,-6.24793333333332
BG5350,Bulgaria,BG,BG3,BG32,BG322,Габрово,331.42,1.60286666666666,2.45566666666667,2137.98,-4.4322,-6.24793333333332
BG5351,Bulgaria,BG,BG3,BG32,BG322,Габрово,331.42,1.60286666666666,2.45566666666667,2137.98,-4.4322,-6.24793333333332
BG5358,Bulgaria,BG,BG3,BG32,BG322,Габрово,331.42,1.60286666666666,2.45566666666667,2137.98,-4.4322,-6.24793333333332
BG5359,Bulgaria,BG,BG3,BG32,BG322,Габрово,331.42,1.60286666666666,2.45566666666667,2137.98,-4.4322,-6.24793333333332
BG5360,Bulgaria,BG,BG3,BG32,BG322,Габрово,331.42,1.60286666666666,2.45566666666667,2137.98,-4.4322,-6.24793333333332
BG5362,Bulgaria,BG,BG3,BG32,BG322,Габрово,331.42,1.60286666666666,2.45566666666667,2137.98,-4.4322,-6.24793333333332
BG5363,Bulgaria,BG,BG3,BG32,BG322,Габрово,331.42,1.60286666666666,2.45566666666667,2137.98,-4.4322,-6.24793333333332
BG5364,Bulgaria,BG,BG3,BG32,BG322,Габрово,331.42,1.60286666666666,2.45566666666667,2137.98,-4.4322,-6.24793333333332
BG5365,Bulgaria,BG,BG3,BG32,BG322,Габрово,331.42,1.60286666666666,2.45566666666667,2137.98,-4.4322,-6.24793333333332
BG5366,Bulgaria,BG,BG3,BG32,BG322,Габрово,331.42,1.60286666666666,2.45566666666667,2137.98,-4.4322,-6.24793333333332
BG5367,Bulgaria,BG,BG3,BG32,BG322,Габрово,331.42,1.60286666666666,2.45566666666667,2137.98,-4.4322,-6.24793333333332
BG5368,Bulgaria,BG,BG3,BG32,BG322,Габрово,331.42,1.60286666666666,2.45566666666667,2137.98,-4.4322,-6.24793333333332
BG5369,Bulgaria,BG,BG3,BG32,BG322,Габрово,331.42,1.60286666666666,2.45566666666667,2137.98,-4.4322,-6.24793333333332
BG5370,Bulgaria,BG,BG3,BG32,BG322,Габрово,331.42,1.60286666666666,2.45566666666667,2137.98,-4.4322,-6.24793333333332
BG5376,Bulgaria,BG,BG3,BG32,BG322,Габрово,331.42,1.60286666666666,2.45566666666667,2137.98,-4.4322,-6.24793333333332
BG5377,Bulgaria,BG,BG3,BG32,BG322,Габрово,331.42,1.60286666666666,2.45566666666667,2137.98,-4.4322,-6.24793333333332
BG5378,Bulgaria,BG,BG3,BG32,BG322,Габрово,331.42,1.60286666666666,2.45566666666667,2137.98,-4.4322,-6.24793333333332
BG5379,Bulgaria,BG,BG3,BG32,BG322,Габрово,331.42,1.60286666666666,2.45566666666667,2137.98,-4.4322,-6.24793333333332
BG5380,Bulgaria,BG,BG3,BG32,BG322,Габрово,331.42,1.60286666666666,2.45566666666667,2137.98,-4.4322,-6.24793333333332
BG5382,Bulgaria,BG,BG3,BG32,BG322,Габрово,331.42,1.60286666666666,2.45566666666667,2137.98,-4.4322,-6.24793333333332
BG5386,Bulgaria,BG,BG3,BG32,BG322,Габрово,331.42,1.60286666666666,2.45566666666667,2137.98,-4.4322,-6.24793333333332
BG5387,Bulgaria,BG,BG3,BG32,BG322,Габрово,331.42,1.60286666666666,2.45566666666667,2137.98,-4.4322,-6.24793333333332
BG5388,Bulgaria,BG,BG3,BG32,BG322,Габрово,331.42,1.60286666666666,2.45566666666667,2137.98,-4.4322,-6.24793333333332
BG5390,Bulgaria,BG,BG3,BG32,BG322,Габрово,331.42,1.60286666666666,2.45566666666667,2137.98,-4.4322,-6.24793333333332
BG5391,Bulgaria,BG,BG3,BG32,BG322,Габрово,331.42,1.60286666666666,2.45566666666667,2137.98,-4.4322,-6.24793333333332
BG5392,Bulgaria,BG,BG3,BG32,BG322,Габрово,331.42,1.60286666666666,2.45566666666667,2137.98,-4.4322,-6.24793333333332
BG5393,Bulgaria,BG,BG3,BG32,BG322,Габрово,331.42,1.60286666666666,2.45566666666667,2137.98,-4.4322,-6.24793333333332
BG5394,Bulgaria,BG,BG3,BG32,BG322,Габрово,331.42,1.60286666666666,2.45566666666667,2137.98,-4.4322,-6.24793333333332
BG5395,Bulgaria,BG,BG3,BG32,BG322,Габрово,331.42,1.60286666666666,2.45566666666667,2137.98,-4.4322,-6.24793333333332
BG5396,Bulgaria,BG,BG3,BG32,BG322,Габрово,331.42,1.60286666666666,2.45566666666667,2137.98,-4.4322,-6.24793333333332
BG5397,Bulgaria,BG,BG3,BG32,BG322,Габрово,331.42,1.60286666666666,2.45566666666667,2137.98,-4.4322,-6.24793333333332
BG5398,Bulgaria,BG,BG3,BG32,BG322,Габрово,331.42,1.60286666666666,2.45566666666667,2137.98,-4.4322,-6.24793333333332
BG5399,Bulgaria,BG,BG3,BG32,BG322,Габрово,331.42,1.60286666666666,2.45566666666667,2137.98,-4.4322,-6.24793333333332
BG5400,Bulgaria,BG,BG3,BG32,BG322,Габрово,331.42,1.60286666666666,2.45566666666667,2137.98,-4.4322,-6.24793333333332
BG5421,Bulgaria,BG,BG3,BG32,BG322,Габрово,331.42,1.60286666666666,2.45566666666667,2137.98,-4.4322,-6.24793333333332
BG5422,Bulgaria,BG,BG3,BG32,BG322,Габрово,331.42,1.60286666666666,2.45566666666667,2137.98,-4.4322,-6.24793333333332
BG5423,Bulgaria,BG,BG3,BG32,BG322,Габрово,331.42,1.60286666666666,2.45566666666667,2137.98,-4.4322,-6.24793333333332
BG5424,Bulgaria,BG,BG3,BG32,BG322,Габрово,331.42,1.60286666666666,2.45566666666667,2137.98,-4.4322,-6.24793333333332
BG5425,Bulgaria,BG,BG3,BG32,BG322,Габрово,331.42,1.60286666666666,2.45566666666667,2137.98,-4.4322,-6.24793333333332
BG5427,Bulgaria,BG,BG3,BG32,BG322,Габрово,331.42,1.60286666666666,2.45566666666667,2137.98,-4.4322,-6.24793333333332
BG5428,Bulgaria,BG,BG3,BG32,BG322,Габрово,331.42,1.60286666666666,2.45566666666667,2137.98,-4.4322,-6.24793333333332
BG5429,Bulgaria,BG,BG3,BG32,BG322,Габрово,331.42,1.60286666666666,2.45566666666667,2137.98,-4.4322,-6.24793333333332
BG5430,Bulgaria,BG,BG3,BG32,BG322,Габрово,331.42,1.60286666666666,2.45566666666667,2137.98,-4.4322,-6.24793333333332
BG5431,Bulgaria,BG,BG3,BG32,BG322,Габрово,331.42,1.60286666666666,2.45566666666667,2137.98,-4.4322,-6.24793333333332
BG5432,Bulgaria,BG,BG3,BG32,BG322,Габрово,331.42,1.60286666666666,2.45566666666667,2137.98,-4.4322,-6.24793333333332
BG5433,Bulgaria,BG,BG3,BG32,BG322,Габрово,331.42,1.60286666666666,2.45566666666667,2137.98,-4.4322,-6.24793333333332
BG5435,Bulgaria,BG,BG3,BG32,BG322,Габрово,331.42,1.60286666666666,2.45566666666667,2137.98,-4.4322,-6.24793333333332
BG5437,Bulgaria,BG,BG3,BG32,BG322,Габрово,331.42,1.60286666666666,2.45566666666667,2137.98,-4.4322,-6.24793333333332
BG5438,Bulgaria,BG,BG3,BG32,BG322,Габрово,331.42,1.60286666666666,2.45566666666667,2137.98,-4.4322,-6.24793333333332
BG5440,Bulgaria,BG,BG3,BG32,BG322,Габрово,331.42,1.60286666666666,2.45566666666667,2137.98,-4.4322,-6.24793333333332
BG5441,Bulgaria,BG,BG3,BG32,BG322,Габрово,331.42,1.60286666666666,2.45566666666667,2137.98,-4.4322,-6.24793333333332
BG5442,Bulgaria,BG,BG3,BG32,BG322,Габрово,331.42,1.60286666666666,2.45566666666667,2137.98,-4.4322,-6.24793333333332
BG5443,Bulgaria,BG,BG3,BG32,BG322,Габрово,331.42,1.60286666666666,2.45566666666667,2137.98,-4.4322,-6.24793333333332
BG5444,Bulgaria,BG,BG3,BG32,BG322,Габрово,331.42,1.60286666666666,2.45566666666667,2137.98,-4.4322,-6.24793333333332
BG5445,Bulgaria,BG,BG3,BG32,BG322,Габрово,331.42,1.60286666666666,2.45566666666667,2137.98,-4.4322,-6.24793333333332
BG5447,Bulgaria,BG,BG3,BG32,BG322,Габрово,331.42,1.60286666666666,2.45566666666667,2137.98,-4.4322,-6.24793333333332
BG5448,Bulgaria,BG,BG3,BG32,BG322,Габрово,331.42,1.60286666666666,2.45566666666667,2137.98,-4.4322,-6.24793333333332
BG5449,Bulgaria,BG,BG3,BG32,BG322,Габрово,331.42,1.60286666666666,2.45566666666667,2137.98,-4.4322,-6.24793333333332
BG5450,Bulgaria,BG,BG3,BG32,BG322,Габрово,331.42,1.60286666666666,2.45566666666667,2137.98,-4.4322,-6.24793333333332
BG5451,Bulgaria,BG,BG3,BG32,BG322,Габрово,331.42,1.60286666666666,2.45566666666667,2137.98,-4.4322,-6.24793333333332
BG5452,Bulgaria,BG,BG3,BG32,BG322,Габрово,331.42,1.60286666666666,2.45566666666667,2137.98,-4.4322,-6.24793333333332
BG5453,Bulgaria,BG,BG3,BG32,BG322,Габрово,331.42,1.60286666666666,2.45566666666667,2137.98,-4.4322,-6.24793333333332
BG5454,Bulgaria,BG,BG3,BG32,BG322,Габрово,331.42,1.60286666666666,2.45566666666667,2137.98,-4.4322,-6.24793333333332
BG5455,Bulgaria,BG,BG3,BG32,BG322,Габрово,331.42,1.60286666666666,2.45566666666667,2137.98,-4.4322,-6.24793333333332
BG5456,Bulgaria,BG,BG3,BG32,BG322,Габрово,331.42,1.60286666666666,2.45566666666667,2137.98,-4.4322,-6.24793333333332
BG5457,Bulgaria,BG,BG3,BG32,BG322,Габрово,331.42,1.60286666666666,2.45566666666667,2137.98,-4.4322,-6.24793333333332
BG5458,Bulgaria,BG,BG3,BG32,BG322,Габрово,331.42,1.60286666666666,2.45566666666667,2137.98,-4.4322,-6.24793333333332
BG5459,Bulgaria,BG,BG3,BG32,BG322,Габрово,331.42,1.60286666666666,2.45566666666667,2137.98,-4.4322,-6.24793333333332
BG5460,Bulgaria,BG,BG3,BG32,BG322,Габрово,331.42,1.60286666666666,2.45566666666667,2137.98,-4.4322,-6.24793333333332
BG5461,Bulgaria,BG,BG3,BG32,BG322,Габрово,331.42,1.60286666666666,2.45566666666667,2137.98,-4.4322,-6.24793333333332
BG5462,Bulgaria,BG,BG3,BG32,BG322,Габрово,331.42,1.60286666666666,2.45566666666667,2137.98,-4.4322,-6.24793333333332
BG5463,Bulgaria,BG,BG3,BG32,BG322,Габрово,331.42,1.60286666666666,2.45566666666667,2137.98,-4.4322,-6.24793333333332
BG5464,Bulgaria,BG,BG3,BG32,BG322,Габрово,331.42,1.60286666666666,2.45566666666667,2137.98,-4.4322,-6.24793333333332
BG5465,Bulgaria,BG,BG3,BG32,BG322,Габрово,331.42,1.60286666666666,2.45566666666667,2137.98,-4.4322,-6.24793333333332
BG5466,Bulgaria,BG,BG3,BG32,BG322,Габрово,331.42,1.60286666666666,2.45566666666667,2137.98,-4.4322,-6.24793333333332
BG5467,Bulgaria,BG,BG3,BG32,BG322,Габрово,331.42,1.60286666666666,2.45566666666667,2137.98,-4.4322,-6.24793333333332
BG5468,Bulgaria,BG,BG3,BG32,BG322,Габрово,331.42,1.60286666666666,2.45566666666667,2137.98,-4.4322,-6.24793333333332
BG5469,Bulgaria,BG,BG3,BG32,BG322,Габрово,331.42,1.60286666666666,2.45566666666667,2137.98,-4.4322,-6.24793333333332
BG5470,Bulgaria,BG,BG3,BG32,BG322,Габрово,331.42,1.60286666666666,2.45566666666667,2137.98,-4.4322,-6.24793333333332
BG5471,Bulgaria,BG,BG3,BG32,BG322,Габрово,331.42,1.60286666666666,2.45566666666667,2137.98,-4.4322,-6.24793333333332
BG5472,Bulgaria,BG,BG3,BG32,BG322,Габрово,331.42,1.60286666666666,2.45566666666667,2137.98,-4.4322,-6.24793333333332
BG5473,Bulgaria,BG,BG3,BG32,BG322,Габрово,331.42,1.60286666666666,2.45566666666667,2137.98,-4.4322,-6.24793333333332
BG5474,Bulgaria,BG,BG3,BG32,BG322,Габрово,331.42,1.60286666666666,2.45566666666667,2137.98,-4.4322,-6.24793333333332
BG5475,Bulgaria,BG,BG3,BG32,BG322,Габрово,331.42,1.60286666666666,2.45566666666667,2137.98,-4.4322,-6.24793333333332
BG5476,Bulgaria,BG,BG3,BG32,BG322,Габрово,331.42,1.60286666666666,2.45566666666667,2137.98,-4.4322,-6.24793333333332
BG5477,Bulgaria,BG,BG3,BG32,BG322,Габрово,331.42,1.60286666666666,2.45566666666667,2137.98,-4.4322,-6.24793333333332
BG5479,Bulgaria,BG,BG3,BG32,BG322,Габрово,331.42,1.60286666666666,2.45566666666667,2137.98,-4.4322,-6.24793333333332
BG5481,Bulgaria,BG,BG3,BG32,BG322,Габрово,331.42,1.60286666666666,2.45566666666667,2137.98,-4.4322,-6.24793333333332
BG5661,Bulgaria,BG,BG3,BG32,BG322,Габрово,331.42,1.60286666666666,2.45566666666667,2137.98,-4.4322,-6.24793333333332
BG7000,Bulgaria,BG,BG3,BG32,BG323,Русе,467.39,2.16472222221667,3.14216666666667,2126.85,-4.32055555555,-5.96238888888333
BG7051,Bulgaria,BG,BG3,BG32,BG323,Русе,467.39,2.16472222221667,3.14216666666667,2126.85,-4.32055555555,-5.96238888888333
BG7052,Bulgaria,BG,BG3,BG32,BG323,Русе,467.39,2.16472222221667,3.14216666666667,2126.85,-4.32055555555,-5.96238888888333
BG7053,Bulgaria,BG,BG3,BG32,BG323,Русе,467.39,2.16472222221667,3.14216666666667,2126.85,-4.32055555555,-5.96238888888333
BG7054,Bulgaria,BG,BG3,BG32,BG323,Русе,467.39,2.16472222221667,3.14216666666667,2126.85,-4.32055555555,-5.96238888888333
BG7055,Bulgaria,BG,BG3,BG32,BG323,Русе,467.39,2.16472222221667,3.14216666666667,2126.85,-4.32055555555,-5.96238888888333
BG7057,Bulgaria,BG,BG3,BG32,BG323,Русе,467.39,2.16472222221667,3.14216666666667,2126.85,-4.32055555555,-5.96238888888333
BG7059,Bulgaria,BG,BG3,BG32,BG323,Русе,467.39,2.16472222221667,3.14216666666667,2126.85,-4.32055555555,-5.96238888888333
BG7060,Bulgaria,BG,BG3,BG32,BG323,Русе,467.39,2.16472222221667,3.14216666666667,2126.85,-4.32055555555,-5.96238888888333
BG7061,Bulgaria,BG,BG3,BG32,BG323,Русе,467.39,2.16472222221667,3.14216666666667,2126.85,-4.32055555555,-5.96238888888333
BG7062,Bulgaria,BG,BG3,BG32,BG323,Русе,467.39,2.16472222221667,3.14216666666667,2126.85,-4.32055555555,-5.96238888888333
BG7063,Bulgaria,BG,BG3,BG32,BG323,Русе,467.39,2.16472222221667,3.14216666666667,2126.85,-4.32055555555,-5.96238888888333
BG7064,Bulgaria,BG,BG3,BG32,BG323,Русе,467.39,2.16472222221667,3.14216666666667,2126.85,-4.32055555555,-5.96238888888333
BG7065,Bulgaria,BG,BG3,BG32,BG323,Русе,467.39,2.16472222221667,3.14216666666667,2126.85,-4.32055555555,-5.96238888888333
BG7067,Bulgaria,BG,BG3,BG32,BG323,Русе,467.39,2.16472222221667,3.14216666666667,2126.85,-4.32055555555,-5.96238888888333
BG7068,Bulgaria,BG,BG3,BG32,BG323,Русе,467.39,2.16472222221667,3.14216666666667,2126.85,-4.32055555555,-5.96238888888333
BG7069,Bulgaria,BG,BG3,BG32,BG323,Русе,467.39,2.16472222221667,3.14216666666667,2126.85,-4.32055555555,-5.96238888888333
BG7070,Bulgaria,BG,BG3,BG32,BG323,Русе,467.39,2.16472222221667,3.14216666666667,2126.85,-4.32055555555,-5.96238888888333
BG7071,Bulgaria,BG,BG3,BG32,BG323,Русе,467.39,2.16472222221667,3.14216666666667,2126.85,-4.32055555555,-5.96238888888333
BG7072,Bulgaria,BG,BG3,BG32,BG323,Русе,467.39,2.16472222221667,3.14216666666667,2126.85,-4.32055555555,-5.96238888888333
BG7073,Bulgaria,BG,BG3,BG32,BG323,Русе,467.39,2.16472222221667,3.14216666666667,2126.85,-4.32055555555,-5.96238888888333
BG7074,Bulgaria,BG,BG3,BG32,BG323,Русе,467.39,2.16472222221667,3.14216666666667,2126.85,-4.32055555555,-5.96238888888333
BG7075,Bulgaria,BG,BG3,BG32,BG323,Русе,467.39,2.16472222221667,3.14216666666667,2126.85,-4.32055555555,-5.96238888888333
BG7077,Bulgaria,BG,BG3,BG32,BG323,Русе,467.39,2.16472222221667,3.14216666666667,2126.85,-4.32055555555,-5.96238888888333
BG7078,Bulgaria,BG,BG3,BG32,BG323,Русе,467.39,2.16472222221667,3.14216666666667,2126.85,-4.32055555555,-5.96238888888333
BG7079,Bulgaria,BG,BG3,BG32,BG323,Русе,467.39,2.16472222221667,3.14216666666667,2126.85,-4.32055555555,-5.96238888888333
BG7080,Bulgaria,BG,BG3,BG32,BG323,Русе,467.39,2.16472222221667,3.14216666666667,2126.85,-4.32055555555,-5.96238888888333
BG7081,Bulgaria,BG,BG3,BG32,BG323,Русе,467.39,2.16472222221667,3.14216666666667,2126.85,-4.32055555555,-5.96238888888333
BG7082,Bulgaria,BG,BG3,BG32,BG323,Русе,467.39,2.16472222221667,3.14216666666667,2126.85,-4.32055555555,-5.96238888888333
BG7083,Bulgaria,BG,BG3,BG32,BG323,Русе,467.39,2.16472222221667,3.14216666666667,2126.85,-4.32055555555,-5.96238888888333
BG7084,Bulgaria,BG,BG3,BG32,BG323,Русе,467.39,2.16472222221667,3.14216666666667,2126.85,-4.32055555555,-5.96238888888333
BG7085,Bulgaria,BG,BG3,BG32,BG323,Русе,467.39,2.16472222221667,3.14216666666667,2126.85,-4.32055555555,-5.96238888888333
BG7087,Bulgaria,BG,BG3,BG32,BG323,Русе,467.39,2.16472222221667,3.14216666666667,2126.85,-4.32055555555,-5.96238888888333
BG7088,Bulgaria,BG,BG3,BG32,BG323,Русе,467.39,2.16472222221667,3.14216666666667,2126.85,-4.32055555555,-5.96238888888333
BG7089,Bulgaria,BG,BG3,BG32,BG323,Русе,467.39,2.16472222221667,3.14216666666667,2126.85,-4.32055555555,-5.96238888888333
BG7090,Bulgaria,BG,BG3,BG32,BG323,Русе,467.39,2.16472222221667,3.14216666666667,2126.85,-4.32055555555,-5.96238888888333
BG7091,Bulgaria,BG,BG3,BG32,BG323,Русе,467.39,2.16472222221667,3.14216666666667,2126.85,-4.32055555555,-5.96238888888333
BG7092,Bulgaria,BG,BG3,BG32,BG323,Русе,467.39,2.16472222221667,3.14216666666667,2126.85,-4.32055555555,-5.96238888888333
BG7100,Bulgaria,BG,BG3,BG32,BG323,Русе,467.39,2.16472222221667,3.14216666666667,2126.85,-4.32055555555,-5.96238888888333
BG7119,Bulgaria,BG,BG3,BG32,BG323,Русе,467.39,2.16472222221667,3.14216666666667,2126.85,-4.32055555555,-5.96238888888333
BG7120,Bulgaria,BG,BG3,BG32,BG323,Русе,467.39,2.16472222221667,3.14216666666667,2126.85,-4.32055555555,-5.96238888888333
BG7121,Bulgaria,BG,BG3,BG32,BG323,Русе,467.39,2.16472222221667,3.14216666666667,2126.85,-4.32055555555,-5.96238888888333
BG7122,Bulgaria,BG,BG3,BG32,BG323,Русе,467.39,2.16472222221667,3.14216666666667,2126.85,-4.32055555555,-5.96238888888333
BG7123,Bulgaria,BG,BG3,BG32,BG323,Русе,467.39,2.16472222221667,3.14216666666667,2126.85,-4.32055555555,-5.96238888888333
BG7124,Bulgaria,BG,BG3,BG32,BG323,Русе,467.39,2.16472222221667,3.14216666666667,2126.85,-4.32055555555,-5.96238888888333
BG7127,Bulgaria,BG,BG3,BG32,BG323,Русе,467.39,2.16472222221667,3.14216666666667,2126.85,-4.32055555555,-5.96238888888333
BG7128,Bulgaria,BG,BG3,BG32,BG323,Русе,467.39,2.16472222221667,3.14216666666667,2126.85,-4.32055555555,-5.96238888888333
BG7129,Bulgaria,BG,BG3,BG32,BG323,Русе,467.39,2.16472222221667,3.14216666666667,2126.85,-4.32055555555,-5.96238888888333
BG7130,Bulgaria,BG,BG3,BG32,BG323,Русе,467.39,2.16472222221667,3.14216666666667,2126.85,-4.32055555555,-5.96238888888333
BG7131,Bulgaria,BG,BG3,BG32,BG323,Русе,467.39,2.16472222221667,3.14216666666667,2126.85,-4.32055555555,-5.96238888888333
BG7132,Bulgaria,BG,BG3,BG32,BG323,Русе,467.39,2.16472222221667,3.14216666666667,2126.85,-4.32055555555,-5.96238888888333
BG7133,Bulgaria,BG,BG3,BG32,BG323,Русе,467.39,2.16472222221667,3.14216666666667,2126.85,-4.32055555555,-5.96238888888333
BG7134,Bulgaria,BG,BG3,BG32,BG323,Русе,467.39,2.16472222221667,3.14216666666667,2126.85,-4.32055555555,-5.96238888888333
BG7135,Bulgaria,BG,BG3,BG32,BG323,Русе,467.39,2.16472222221667,3.14216666666667,2126.85,-4.32055555555,-5.96238888888333
BG7137,Bulgaria,BG,BG3,BG32,BG323,Русе,467.39,2.16472222221667,3.14216666666667,2126.85,-4.32055555555,-5.96238888888333
BG7139,Bulgaria,BG,BG3,BG32,BG323,Русе,467.39,2.16472222221667,3.14216666666667,2126.85,-4.32055555555,-5.96238888888333
BG7150,Bulgaria,BG,BG3,BG32,BG323,Русе,467.39,2.16472222221667,3.14216666666667,2126.85,-4.32055555555,-5.96238888888333
BG7158,Bulgaria,BG,BG3,BG32,BG323,Русе,467.39,2.16472222221667,3.14216666666667,2126.85,-4.32055555555,-5.96238888888333
BG7159,Bulgaria,BG,BG3,BG32,BG323,Русе,467.39,2.16472222221667,3.14216666666667,2126.85,-4.32055555555,-5.96238888888333
BG7160,Bulgaria,BG,BG3,BG32,BG323,Русе,467.39,2.16472222221667,3.14216666666667,2126.85,-4.32055555555,-5.96238888888333
BG7161,Bulgaria,BG,BG3,BG32,BG323,Русе,467.39,2.16472222221667,3.14216666666667,2126.85,-4.32055555555,-5.96238888888333
BG7162,Bulgaria,BG,BG3,BG32,BG323,Русе,467.39,2.16472222221667,3.14216666666667,2126.85,-4.32055555555,-5.96238888888333
BG7163,Bulgaria,BG,BG3,BG32,BG323,Русе,467.39,2.16472222221667,3.14216666666667,2126.85,-4.32055555555,-5.96238888888333
BG7164,Bulgaria,BG,BG3,BG32,BG323,Русе,467.39,2.16472222221667,3.14216666666667,2126.85,-4.32055555555,-5.96238888888333
BG7165,Bulgaria,BG,BG3,BG32,BG323,Русе,467.39,2.16472222221667,3.14216666666667,2126.85,-4.32055555555,-5.96238888888333
BG7167,Bulgaria,BG,BG3,BG32,BG323,Русе,467.39,2.16472222221667,3.14216666666667,2126.85,-4.32055555555,-5.96238888888333
BG7168,Bulgaria,BG,BG3,BG32,BG323,Русе,467.39,2.16472222221667,3.14216666666667,2126.85,-4.32055555555,-5.96238888888333
BG7169,Bulgaria,BG,BG3,BG32,BG323,Русе,467.39,2.16472222221667,3.14216666666667,2126.85,-4.32055555555,-5.96238888888333
BG7170,Bulgaria,BG,BG3,BG32,BG323,Русе,467.39,2.16472222221667,3.14216666666667,2126.85,-4.32055555555,-5.96238888888333
BG7171,Bulgaria,BG,BG3,BG32,BG323,Русе,467.39,2.16472222221667,3.14216666666667,2126.85,-4.32055555555,-5.96238888888333
BG7172,Bulgaria,BG,BG3,BG32,BG323,Русе,467.39,2.16472222221667,3.14216666666667,2126.85,-4.32055555555,-5.96238888888333
BG7173,Bulgaria,BG,BG3,BG32,BG323,Русе,467.39,2.16472222221667,3.14216666666667,2126.85,-4.32055555555,-5.96238888888333
BG7174,Bulgaria,BG,BG3,BG32,BG323,Русе,467.39,2.16472222221667,3.14216666666667,2126.85,-4.32055555555,-5.96238888888333
BG7175,Bulgaria,BG,BG3,BG32,BG323,Русе,467.39,2.16472222221667,3.14216666666667,2126.85,-4.32055555555,-5.96238888888333
BG7177,Bulgaria,BG,BG3,BG32,BG323,Русе,467.39,2.16472222221667,3.14216666666667,2126.85,-4.32055555555,-5.96238888888333
BG7269,Bulgaria,BG,BG3,BG32,BG323,Русе,467.39,2.16472222221667,3.14216666666667,2126.85,-4.32055555555,-5.96238888888333
BG7271,Bulgaria,BG,BG3,BG32,BG323,Русе,467.39,2.16472222221667,3.14216666666667,2126.85,-4.32055555555,-5.96238888888333
BG7320,Bulgaria,BG,BG3,BG32,BG323,Русе,467.39,2.16472222221667,3.14216666666667,2126.85,-4.32055555555,-5.96238888888333
BG7339,Bulgaria,BG,BG3,BG32,BG323,Русе,467.39,2.16472222221667,3.14216666666667,2126.85,-4.32055555555,-5.96238888888333
BG7340,Bulgaria,BG,BG3,BG32,BG323,Русе,467.39,2.16472222221667,3.14216666666667,2126.85,-4.32055555555,-5.96238888888333
BG1000,Bulgaria,BG,BG4,BG41,BG411,София (столица),147.94,1.426,2.23855555555,2516.24,-4.62877777778333,-6.6
BG1137,Bulgaria,BG,BG4,BG41,BG411,София (столица),147.94,1.426,2.23855555555,2516.24,-4.62877777778333,-6.6
BG1151,Bulgaria,BG,BG4,BG41,BG411,София (столица),147.94,1.426,2.23855555555,2516.24,-4.62877777778333,-6.6
BG1223,Bulgaria,BG,BG4,BG41,BG411,София (столица),147.94,1.426,2.23855555555,2516.24,-4.62877777778333,-6.6
BG1320,Bulgaria,BG,BG4,BG41,BG411,София (столица),147.94,1.426,2.23855555555,2516.24,-4.62877777778333,-6.6
BG1696,Bulgaria,BG,BG4,BG41,BG411,София (столица),147.94,1.426,2.23855555555,2516.24,-4.62877777778333,-6.6
BG1731,Bulgaria,BG,BG4,BG41,BG411,София (столица),147.94,1.426,2.23855555555,2516.24,-4.62877777778333,-6.6
BG1732,Bulgaria,BG,BG4,BG41,BG411,София (столица),147.94,1.426,2.23855555555,2516.24,-4.62877777778333,-6.6
BG1741,Bulgaria,BG,BG4,BG41,BG411,София (столица),147.94,1.426,2.23855555555,2516.24,-4.62877777778333,-6.6
BG1744,Bulgaria,BG,BG4,BG41,BG411,София (столица),147.94,1.426,2.23855555555,2516.24,-4.62877777778333,-6.6
BG1746,Bulgaria,BG,BG4,BG41,BG411,София (столица),147.94,1.426,2.23855555555,2516.24,-4.62877777778333,-6.6
BG1747,Bulgaria,BG,BG4,BG41,BG411,София (столица),147.94,1.426,2.23855555555,2516.24,-4.62877777778333,-6.6
BG1748,Bulgaria,BG,BG4,BG41,BG411,София (столица),147.94,1.426,2.23855555555,2516.24,-4.62877777778333,-6.6
BG1752,Bulgaria,BG,BG4,BG41,BG411,София (столица),147.94,1.426,2.23855555555,2516.24,-4.62877777778333,-6.6
BG1754,Bulgaria,BG,BG4,BG41,BG411,София (столица),147.94,1.426,2.23855555555,2516.24,-4.62877777778333,-6.6
BG1755,Bulgaria,BG,BG4,BG41,BG411,София (столица),147.94,1.426,2.23855555555,2516.24,-4.62877777778333,-6.6
BG1757,Bulgaria,BG,BG4,BG41,BG411,София (столица),147.94,1.426,2.23855555555,2516.24,-4.62877777778333,-6.6
BG1758,Bulgaria,BG,BG4,BG41,BG411,София (столица),147.94,1.426,2.23855555555,2516.24,-4.62877777778333,-6.6
BG1759,Bulgaria,BG,BG4,BG41,BG411,София (столица),147.94,1.426,2.23855555555,2516.24,-4.62877777778333,-6.6
BG1761,Bulgaria,BG,BG4,BG41,BG411,София (столица),147.94,1.426,2.23855555555,2516.24,-4.62877777778333,-6.6
BG1763,Bulgaria,BG,BG4,BG41,BG411,София (столица),147.94,1.426,2.23855555555,2516.24,-4.62877777778333,-6.6
BG1764,Bulgaria,BG,BG4,BG41,BG411,София (столица),147.94,1.426,2.23855555555,2516.24,-4.62877777778333,-6.6
BG1765,Bulgaria,BG,BG4,BG41,BG411,София (столица),147.94,1.426,2.23855555555,2516.24,-4.62877777778333,-6.6
BG1767,Bulgaria,BG,BG4,BG41,BG411,София (столица),147.94,1.426,2.23855555555,2516.24,-4.62877777778333,-6.6
BG1774,Bulgaria,BG,BG4,BG41,BG411,София (столица),147.94,1.426,2.23855555555,2516.24,-4.62877777778333,-6.6
BG1775,Bulgaria,BG,BG4,BG41,BG411,София (столица),147.94,1.426,2.23855555555,2516.24,-4.62877777778333,-6.6
BG1776,Bulgaria,BG,BG4,BG41,BG411,София (столица),147.94,1.426,2.23855555555,2516.24,-4.62877777778333,-6.6
BG1780,Bulgaria,BG,BG4,BG41,BG411,София (столица),147.94,1.426,2.23855555555,2516.24,-4.62877777778333,-6.6
BG1786,Bulgaria,BG,BG4,BG41,BG411,София (столица),147.94,1.426,2.23855555555,2516.24,-4.62877777778333,-6.6
BG1788,Bulgaria,BG,BG4,BG41,BG411,София (столица),147.94,1.426,2.23855555555,2516.24,-4.62877777778333,-6.6
BG1789,Bulgaria,BG,BG4,BG41,BG411,София (столица),147.94,1.426,2.23855555555,2516.24,-4.62877777778333,-6.6
BG1791,Bulgaria,BG,BG4,BG41,BG411,София (столица),147.94,1.426,2.23855555555,2516.24,-4.62877777778333,-6.6
BG1793,Bulgaria,BG,BG4,BG41,BG411,София (столица),147.94,1.426,2.23855555555,2516.24,-4.62877777778333,-6.6
BG2130,Bulgaria,BG,BG4,BG41,BG411,София (столица),147.94,1.426,2.23855555555,2516.24,-4.62877777778333,-6.6
BG2135,Bulgaria,BG,BG4,BG41,BG411,София (столица),147.94,1.426,2.23855555555,2516.24,-4.62877777778333,-6.6
BG2137,Bulgaria,BG,BG4,BG41,BG411,София (столица),147.94,1.426,2.23855555555,2516.24,-4.62877777778333,-6.6
BG2138,Bulgaria,BG,BG4,BG41,BG411,София (столица),147.94,1.426,2.23855555555,2516.24,-4.62877777778333,-6.6
BG2286,Bulgaria,BG,BG4,BG41,BG411,София (столица),147.94,1.426,2.23855555555,2516.24,-4.62877777778333,-6.6
BG2351,Bulgaria,BG,BG4,BG41,BG411,София (столица),147.94,1.426,2.23855555555,2516.24,-4.62877777778333,-6.6
BG7200,Bulgaria,BG,BG3,BG32,BG324,Разград,401.91,2.05672839506665,3.03216049383332,2065.45,-4.44518518518332,-6.1425925926
BG7217,Bulgaria,BG,BG3,BG32,BG324,Разград,401.91,2.05672839506665,3.03216049383332,2065.45,-4.44518518518332,-6.1425925926
BG7218,Bulgaria,BG,BG3,BG32,BG324,Разград,401.91,2.05672839506665,3.03216049383332,2065.45,-4.44518518518332,-6.1425925926
BG7219,Bulgaria,BG,BG3,BG32,BG324,Разград,401.91,2.05672839506665,3.03216049383332,2065.45,-4.44518518518332,-6.1425925926
BG7238,Bulgaria,BG,BG3,BG32,BG324,Разград,401.91,2.05672839506665,3.03216049383332,2065.45,-4.44518518518332,-6.1425925926
BG7239,Bulgaria,BG,BG3,BG32,BG324,Разград,401.91,2.05672839506665,3.03216049383332,2065.45,-4.44518518518332,-6.1425925926
BG7242,Bulgaria,BG,BG3,BG32,BG324,Разград,401.91,2.05672839506665,3.03216049383332,2065.45,-4.44518518518332,-6.1425925926
BG7243,Bulgaria,BG,BG3,BG32,BG324,Разград,401.91,2.05672839506665,3.03216049383332,2065.45,-4.44518518518332,-6.1425925926
BG7244,Bulgaria,BG,BG3,BG32,BG324,Разград,401.91,2.05672839506665,3.03216049383332,2065.45,-4.44518518518332,-6.1425925926
BG7245,Bulgaria,BG,BG3,BG32,BG324,Разград,401.91,2.05672839506665,3.03216049383332,2065.45,-4.44518518518332,-6.1425925926
BG7247,Bulgaria,BG,BG3,BG32,BG324,Разград,401.91,2.05672839506665,3.03216049383332,2065.45,-4.44518518518332,-6.1425925926
BG7248,Bulgaria,BG,BG3,BG32,BG324,Разград,401.91,2.05672839506665,3.03216049383332,2065.45,-4.44518518518332,-6.1425925926
BG7249,Bulgaria,BG,BG3,BG32,BG324,Разград,401.91,2.05672839506665,3.03216049383332,2065.45,-4.44518518518332,-6.1425925926
BG7250,Bulgaria,BG,BG3,BG32,BG324,Разград,401.91,2.05672839506665,3.03216049383332,2065.45,-4.44518518518332,-6.1425925926
BG7251,Bulgaria,BG,BG3,BG32,BG324,Разград,401.91,2.05672839506665,3.03216049383332,2065.45,-4.44518518518332,-6.1425925926
BG7252,Bulgaria,BG,BG3,BG32,BG324,Разград,401.91,2.05672839506665,3.03216049383332,2065.45,-4.44518518518332,-6.1425925926
BG7253,Bulgaria,BG,BG3,BG32,BG324,Разград,401.91,2.05672839506665,3.03216049383332,2065.45,-4.44518518518332,-6.1425925926
BG7255,Bulgaria,BG,BG3,BG32,BG324,Разград,401.91,2.05672839506665,3.03216049383332,2065.45,-4.44518518518332,-6.1425925926
BG7257,Bulgaria,BG,BG3,BG32,BG324,Разград,401.91,2.05672839506665,3.03216049383332,2065.45,-4.44518518518332,-6.1425925926
BG7258,Bulgaria,BG,BG3,BG32,BG324,Разград,401.91,2.05672839506665,3.03216049383332,2065.45,-4.44518518518332,-6.1425925926
BG7260,Bulgaria,BG,BG3,BG32,BG324,Разград,401.91,2.05672839506665,3.03216049383332,2065.45,-4.44518518518332,-6.1425925926
BG7261,Bulgaria,BG,BG3,BG32,BG324,Разград,401.91,2.05672839506665,3.03216049383332,2065.45,-4.44518518518332,-6.1425925926
BG7262,Bulgaria,BG,BG3,BG32,BG324,Разград,401.91,2.05672839506665,3.03216049383332,2065.45,-4.44518518518332,-6.1425925926
BG7263,Bulgaria,BG,BG3,BG32,BG324,Разград,401.91,2.05672839506665,3.03216049383332,2065.45,-4.44518518518332,-6.1425925926
BG7264,Bulgaria,BG,BG3,BG32,BG324,Разград,401.91,2.05672839506665,3.03216049383332,2065.45,-4.44518518518332,-6.1425925926
BG7265,Bulgaria,BG,BG3,BG32,BG324,Разград,401.91,2.05672839506665,3.03216049383332,2065.45,-4.44518518518332,-6.1425925926
BG7267,Bulgaria,BG,BG3,BG32,BG324,Разград,401.91,2.05672839506665,3.03216049383332,2065.45,-4.44518518518332,-6.1425925926
BG7268,Bulgaria,BG,BG3,BG32,BG324,Разград,401.91,2.05672839506665,3.03216049383332,2065.45,-4.44518518518332,-6.1425925926
BG7270,Bulgaria,BG,BG3,BG32,BG324,Разград,401.91,2.05672839506665,3.03216049383332,2065.45,-4.44518518518332,-6.1425925926
BG7273,Bulgaria,BG,BG3,BG32,BG324,Разград,401.91,2.05672839506665,3.03216049383332,2065.45,-4.44518518518332,-6.1425925926
BG7274,Bulgaria,BG,BG3,BG32,BG324,Разград,401.91,2.05672839506665,3.03216049383332,2065.45,-4.44518518518332,-6.1425925926
BG7275,Bulgaria,BG,BG3,BG32,BG324,Разград,401.91,2.05672839506665,3.03216049383332,2065.45,-4.44518518518332,-6.1425925926
BG7278,Bulgaria,BG,BG3,BG32,BG324,Разград,401.91,2.05672839506665,3.03216049383332,2065.45,-4.44518518518332,-6.1425925926
BG7279,Bulgaria,BG,BG3,BG32,BG324,Разград,401.91,2.05672839506665,3.03216049383332,2065.45,-4.44518518518332,-6.1425925926
BG7280,Bulgaria,BG,BG3,BG32,BG324,Разград,401.91,2.05672839506665,3.03216049383332,2065.45,-4.44518518518332,-6.1425925926
BG7281,Bulgaria,BG,BG3,BG32,BG324,Разград,401.91,2.05672839506665,3.03216049383332,2065.45,-4.44518518518332,-6.1425925926
BG7282,Bulgaria,BG,BG3,BG32,BG324,Разград,401.91,2.05672839506665,3.03216049383332,2065.45,-4.44518518518332,-6.1425925926
BG7283,Bulgaria,BG,BG3,BG32,BG324,Разград,401.91,2.05672839506665,3.03216049383332,2065.45,-4.44518518518332,-6.1425925926
BG7284,Bulgaria,BG,BG3,BG32,BG324,Разград,401.91,2.05672839506665,3.03216049383332,2065.45,-4.44518518518332,-6.1425925926
BG7287,Bulgaria,BG,BG3,BG32,BG324,Разград,401.91,2.05672839506665,3.03216049383332,2065.45,-4.44518518518332,-6.1425925926
BG7288,Bulgaria,BG,BG3,BG32,BG324,Разград,401.91,2.05672839506665,3.03216049383332,2065.45,-4.44518518518332,-6.1425925926
BG7289,Bulgaria,BG,BG3,BG32,BG324,Разград,401.91,2.05672839506665,3.03216049383332,2065.45,-4.44518518518332,-6.1425925926
BG7290,Bulgaria,BG,BG3,BG32,BG324,Разград,401.91,2.05672839506665,3.03216049383332,2065.45,-4.44518518518332,-6.1425925926
BG7291,Bulgaria,BG,BG3,BG32,BG324,Разград,401.91,2.05672839506665,3.03216049383332,2065.45,-4.44518518518332,-6.1425925926
BG7292,Bulgaria,BG,BG3,BG32,BG324,Разград,401.91,2.05672839506665,3.03216049383332,2065.45,-4.44518518518332,-6.1425925926
BG7293,Bulgaria,BG,BG3,BG32,BG324,Разград,401.91,2.05672839506665,3.03216049383332,2065.45,-4.44518518518332,-6.1425925926
BG7300,Bulgaria,BG,BG3,BG32,BG324,Разград,401.91,2.05672839506665,3.03216049383332,2065.45,-4.44518518518332,-6.1425925926
BG7316,Bulgaria,BG,BG3,BG32,BG324,Разград,401.91,2.05672839506665,3.03216049383332,2065.45,-4.44518518518332,-6.1425925926
BG7317,Bulgaria,BG,BG3,BG32,BG324,Разград,401.91,2.05672839506665,3.03216049383332,2065.45,-4.44518518518332,-6.1425925926
BG7318,Bulgaria,BG,BG3,BG32,BG324,Разград,401.91,2.05672839506665,3.03216049383332,2065.45,-4.44518518518332,-6.1425925926
BG7319,Bulgaria,BG,BG3,BG32,BG324,Разград,401.91,2.05672839506665,3.03216049383332,2065.45,-4.44518518518332,-6.1425925926
BG7321,Bulgaria,BG,BG3,BG32,BG324,Разград,401.91,2.05672839506665,3.03216049383332,2065.45,-4.44518518518332,-6.1425925926
BG7322,Bulgaria,BG,BG3,BG32,BG324,Разград,401.91,2.05672839506665,3.03216049383332,2065.45,-4.44518518518332,-6.1425925926
BG7323,Bulgaria,BG,BG3,BG32,BG324,Разград,401.91,2.05672839506665,3.03216049383332,2065.45,-4.44518518518332,-6.1425925926
BG7324,Bulgaria,BG,BG3,BG32,BG324,Разград,401.91,2.05672839506665,3.03216049383332,2065.45,-4.44518518518332,-6.1425925926
BG7325,Bulgaria,BG,BG3,BG32,BG324,Разград,401.91,2.05672839506665,3.03216049383332,2065.45,-4.44518518518332,-6.1425925926
BG7327,Bulgaria,BG,BG3,BG32,BG324,Разград,401.91,2.05672839506665,3.03216049383332,2065.45,-4.44518518518332,-6.1425925926
BG7328,Bulgaria,BG,BG3,BG32,BG324,Разград,401.91,2.05672839506665,3.03216049383332,2065.45,-4.44518518518332,-6.1425925926
BG7329,Bulgaria,BG,BG3,BG32,BG324,Разград,401.91,2.05672839506665,3.03216049383332,2065.45,-4.44518518518332,-6.1425925926
BG7330,Bulgaria,BG,BG3,BG32,BG324,Разград,401.91,2.05672839506665,3.03216049383332,2065.45,-4.44518518518332,-6.1425925926
BG7331,Bulgaria,BG,BG3,BG32,BG324,Разград,401.91,2.05672839506665,3.03216049383332,2065.45,-4.44518518518332,-6.1425925926
BG7332,Bulgaria,BG,BG3,BG32,BG324,Разград,401.91,2.05672839506665,3.03216049383332,2065.45,-4.44518518518332,-6.1425925926
BG7333,Bulgaria,BG,BG3,BG32,BG324,Разград,401.91,2.05672839506665,3.03216049383332,2065.45,-4.44518518518332,-6.1425925926
BG7334,Bulgaria,BG,BG3,BG32,BG324,Разград,401.91,2.05672839506665,3.03216049383332,2065.45,-4.44518518518332,-6.1425925926
BG7335,Bulgaria,BG,BG3,BG32,BG324,Разград,401.91,2.05672839506665,3.03216049383332,2065.45,-4.44518518518332,-6.1425925926
BG7337,Bulgaria,BG,BG3,BG32,BG324,Разград,401.91,2.05672839506665,3.03216049383332,2065.45,-4.44518518518332,-6.1425925926
BG7338,Bulgaria,BG,BG3,BG32,BG324,Разград,401.91,2.05672839506665,3.03216049383332,2065.45,-4.44518518518332,-6.1425925926
BG7341,Bulgaria,BG,BG3,BG32,BG324,Разград,401.91,2.05672839506665,3.03216049383332,2065.45,-4.44518518518332,-6.1425925926
BG7342,Bulgaria,BG,BG3,BG32,BG324,Разград,401.91,2.05672839506665,3.03216049383332,2065.45,-4.44518518518332,-6.1425925926
BG7400,Bulgaria,BG,BG3,BG32,BG324,Разград,401.91,2.05672839506665,3.03216049383332,2065.45,-4.44518518518332,-6.1425925926
BG7419,Bulgaria,BG,BG3,BG32,BG324,Разград,401.91,2.05672839506665,3.03216049383332,2065.45,-4.44518518518332,-6.1425925926
BG7421,Bulgaria,BG,BG3,BG32,BG324,Разград,401.91,2.05672839506665,3.03216049383332,2065.45,-4.44518518518332,-6.1425925926
BG7422,Bulgaria,BG,BG3,BG32,BG324,Разград,401.91,2.05672839506665,3.03216049383332,2065.45,-4.44518518518332,-6.1425925926
BG7423,Bulgaria,BG,BG3,BG32,BG324,Разград,401.91,2.05672839506665,3.03216049383332,2065.45,-4.44518518518332,-6.1425925926
BG7425,Bulgaria,BG,BG3,BG32,BG324,Разград,401.91,2.05672839506665,3.03216049383332,2065.45,-4.44518518518332,-6.1425925926
BG7427,Bulgaria,BG,BG3,BG32,BG324,Разград,401.91,2.05672839506665,3.03216049383332,2065.45,-4.44518518518332,-6.1425925926
BG7428,Bulgaria,BG,BG3,BG32,BG324,Разград,401.91,2.05672839506665,3.03216049383332,2065.45,-4.44518518518332,-6.1425925926
BG7429,Bulgaria,BG,BG3,BG32,BG324,Разград,401.91,2.05672839506665,3.03216049383332,2065.45,-4.44518518518332,-6.1425925926
BG7430,Bulgaria,BG,BG3,BG32,BG324,Разград,401.91,2.05672839506665,3.03216049383332,2065.45,-4.44518518518332,-6.1425925926
BG7431,Bulgaria,BG,BG3,BG32,BG324,Разград,401.91,2.05672839506665,3.03216049383332,2065.45,-4.44518518518332,-6.1425925926
BG7432,Bulgaria,BG,BG3,BG32,BG324,Разград,401.91,2.05672839506665,3.03216049383332,2065.45,-4.44518518518332,-6.1425925926
BG7433,Bulgaria,BG,BG3,BG32,BG324,Разград,401.91,2.05672839506665,3.03216049383332,2065.45,-4.44518518518332,-6.1425925926
BG7434,Bulgaria,BG,BG3,BG32,BG324,Разград,401.91,2.05672839506665,3.03216049383332,2065.45,-4.44518518518332,-6.1425925926
BG7435,Bulgaria,BG,BG3,BG32,BG324,Разград,401.91,2.05672839506665,3.03216049383332,2065.45,-4.44518518518332,-6.1425925926
BG7437,Bulgaria,BG,BG3,BG32,BG324,Разград,401.91,2.05672839506665,3.03216049383332,2065.45,-4.44518518518332,-6.1425925926
BG7438,Bulgaria,BG,BG3,BG32,BG324,Разград,401.91,2.05672839506665,3.03216049383332,2065.45,-4.44518518518332,-6.1425925926
BG7439,Bulgaria,BG,BG3,BG32,BG324,Разград,401.91,2.05672839506665,3.03216049383332,2065.45,-4.44518518518332,-6.1425925926
BG7440,Bulgaria,BG,BG3,BG32,BG324,Разград,401.91,2.05672839506665,3.03216049383332,2065.45,-4.44518518518332,-6.1425925926
BG7441,Bulgaria,BG,BG3,BG32,BG324,Разград,401.91,2.05672839506665,3.03216049383332,2065.45,-4.44518518518332,-6.1425925926
BG7442,Bulgaria,BG,BG3,BG32,BG324,Разград,401.91,2.05672839506665,3.03216049383332,2065.45,-4.44518518518332,-6.1425925926
BG7443,Bulgaria,BG,BG3,BG32,BG324,Разград,401.91,2.05672839506665,3.03216049383332,2065.45,-4.44518518518332,-6.1425925926
BG7444,Bulgaria,BG,BG3,BG32,BG324,Разград,401.91,2.05672839506665,3.03216049383332,2065.45,-4.44518518518332,-6.1425925926
BG7445,Bulgaria,BG,BG3,BG32,BG324,Разград,401.91,2.05672839506665,3.03216049383332,2065.45,-4.44518518518332,-6.1425925926
BG7447,Bulgaria,BG,BG3,BG32,BG324,Разград,401.91,2.05672839506665,3.03216049383332,2065.45,-4.44518518518332,-6.1425925926
BG7448,Bulgaria,BG,BG3,BG32,BG324,Разград,401.91,2.05672839506665,3.03216049383332,2065.45,-4.44518518518332,-6.1425925926
BG7449,Bulgaria,BG,BG3,BG32,BG324,Разград,401.91,2.05672839506665,3.03216049383332,2065.45,-4.44518518518332,-6.1425925926
BG7450,Bulgaria,BG,BG3,BG32,BG324,Разград,401.91,2.05672839506665,3.03216049383332,2065.45,-4.44518518518332,-6.1425925926
BG7451,Bulgaria,BG,BG3,BG32,BG324,Разград,401.91,2.05672839506665,3.03216049383332,2065.45,-4.44518518518332,-6.1425925926
BG7452,Bulgaria,BG,BG3,BG32,BG324,Разград,401.91,2.05672839506665,3.03216049383332,2065.45,-4.44518518518332,-6.1425925926
BG7453,Bulgaria,BG,BG3,BG32,BG324,Разград,401.91,2.05672839506665,3.03216049383332,2065.45,-4.44518518518332,-6.1425925926
BG7458,Bulgaria,BG,BG3,BG32,BG324,Разград,401.91,2.05672839506665,3.03216049383332,2065.45,-4.44518518518332,-6.1425925926
BG7559,Bulgaria,BG,BG3,BG33,BG332,Добрич,316.16,1.83496666666667,2.74546666666667,2132.99,-4.19856666666665,-5.76416666666667
BG9300,Bulgaria,BG,BG3,BG33,BG332,Добрич,316.16,1.83496666666667,2.74546666666667,2132.99,-4.19856666666665,-5.76416666666667
BG9337,Bulgaria,BG,BG3,BG33,BG332,Добрич,316.16,1.83496666666667,2.74546666666667,2132.99,-4.19856666666665,-5.76416666666667
BG9345,Bulgaria,BG,BG3,BG33,BG332,Добрич,316.16,1.83496666666667,2.74546666666667,2132.99,-4.19856666666665,-5.76416666666667
BG9347,Bulgaria,BG,BG3,BG33,BG332,Добрич,316.16,1.83496666666667,2.74546666666667,2132.99,-4.19856666666665,-5.76416666666667
BG9348,Bulgaria,BG,BG3,BG33,BG332,Добрич,316.16,1.83496666666667,2.74546666666667,2132.99,-4.19856666666665,-5.76416666666667
BG9349,Bulgaria,BG,BG3,BG33,BG332,Добрич,316.16,1.83496666666667,2.74546666666667,2132.99,-4.19856666666665,-5.76416666666667
BG9350,Bulgaria,BG,BG3,BG33,BG332,Добрич,316.16,1.83496666666667,2.74546666666667,2132.99,-4.19856666666665,-5.76416666666667
BG9351,Bulgaria,BG,BG3,BG33,BG332,Добрич,316.16,1.83496666666667,2.74546666666667,2132.99,-4.19856666666665,-5.76416666666667
BG9352,Bulgaria,BG,BG3,BG33,BG332,Добрич,316.16,1.83496666666667,2.74546666666667,2132.99,-4.19856666666665,-5.76416666666667
BG9353,Bulgaria,BG,BG3,BG33,BG332,Добрич,316.16,1.83496666666667,2.74546666666667,2132.99,-4.19856666666665,-5.76416666666667
BG9354,Bulgaria,BG,BG3,BG33,BG332,Добрич,316.16,1.83496666666667,2.74546666666667,2132.99,-4.19856666666665,-5.76416666666667
BG9355,Bulgaria,BG,BG3,BG33,BG332,Добрич,316.16,1.83496666666667,2.74546666666667,2132.99,-4.19856666666665,-5.76416666666667
BG9357,Bulgaria,BG,BG3,BG33,BG332,Добрич,316.16,1.83496666666667,2.74546666666667,2132.99,-4.19856666666665,-5.76416666666667
BG9358,Bulgaria,BG,BG3,BG33,BG332,Добрич,316.16,1.83496666666667,2.74546666666667,2132.99,-4.19856666666665,-5.76416666666667
BG9359,Bulgaria,BG,BG3,BG33,BG332,Добрич,316.16,1.83496666666667,2.74546666666667,2132.99,-4.19856666666665,-5.76416666666667
BG9360,Bulgaria,BG,BG3,BG33,BG332,Добрич,316.16,1.83496666666667,2.74546666666667,2132.99,-4.19856666666665,-5.76416666666667
BG9361,Bulgaria,BG,BG3,BG33,BG332,Добрич,316.16,1.83496666666667,2.74546666666667,2132.99,-4.19856666666665,-5.76416666666667
BG9362,Bulgaria,BG,BG3,BG33,BG332,Добрич,316.16,1.83496666666667,2.74546666666667,2132.99,-4.19856666666665,-5.76416666666667
BG9363,Bulgaria,BG,BG3,BG33,BG332,Добрич,316.16,1.83496666666667,2.74546666666667,2132.99,-4.19856666666665,-5.76416666666667
BG9364,Bulgaria,BG,BG3,BG33,BG332,Добрич,316.16,1.83496666666667,2.74546666666667,2132.99,-4.19856666666665,-5.76416666666667
BG9365,Bulgaria,BG,BG3,BG33,BG332,Добрич,316.16,1.83496666666667,2.74546666666667,2132.99,-4.19856666666665,-5.76416666666667
BG9366,Bulgaria,BG,BG3,BG33,BG332,Добрич,316.16,1.83496666666667,2.74546666666667,2132.99,-4.19856666666665,-5.76416666666667
BG9367,Bulgaria,BG,BG3,BG33,BG332,Добрич,316.16,1.83496666666667,2.74546666666667,2132.99,-4.19856666666665,-5.76416666666667
BG9368,Bulgaria,BG,BG3,BG33,BG332,Добрич,316.16,1.83496666666667,2.74546666666667,2132.99,-4.19856666666665,-5.76416666666667
BG9369,Bulgaria,BG,BG3,BG33,BG332,Добрич,316.16,1.83496666666667,2.74546666666667,2132.99,-4.19856666666665,-5.76416666666667
BG9370,Bulgaria,BG,BG3,BG33,BG332,Добрич,316.16,1.83496666666667,2.74546666666667,2132.99,-4.19856666666665,-5.76416666666667
BG9371,Bulgaria,BG,BG3,BG33,BG332,Добрич,316.16,1.83496666666667,2.74546666666667,2132.99,-4.19856666666665,-5.76416666666667
BG9372,Bulgaria,BG,BG3,BG33,BG332,Добрич,316.16,1.83496666666667,2.74546666666667,2132.99,-4.19856666666665,-5.76416666666667
BG9373,Bulgaria,BG,BG3,BG33,BG332,Добрич,316.16,1.83496666666667,2.74546666666667,2132.99,-4.19856666666665,-5.76416666666667
BG9374,Bulgaria,BG,BG3,BG33,BG332,Добрич,316.16,1.83496666666667,2.74546666666667,2132.99,-4.19856666666665,-5.76416666666667
BG9376,Bulgaria,BG,BG3,BG33,BG332,Добрич,316.16,1.83496666666667,2.74546666666667,2132.99,-4.19856666666665,-5.76416666666667
BG9377,Bulgaria,BG,BG3,BG33,BG332,Добрич,316.16,1.83496666666667,2.74546666666667,2132.99,-4.19856666666665,-5.76416666666667
BG9378,Bulgaria,BG,BG3,BG33,BG332,Добрич,316.16,1.83496666666667,2.74546666666667,2132.99,-4.19856666666665,-5.76416666666667
BG9379,Bulgaria,BG,BG3,BG33,BG332,Добрич,316.16,1.83496666666667,2.74546666666667,2132.99,-4.19856666666665,-5.76416666666667
BG9380,Bulgaria,BG,BG3,BG33,BG332,Добрич,316.16,1.83496666666667,2.74546666666667,2132.99,-4.19856666666665,-5.76416666666667
BG9381,Bulgaria,BG,BG3,BG33,BG332,Добрич,316.16,1.83496666666667,2.74546666666667,2132.99,-4.19856666666665,-5.76416666666667
BG9382,Bulgaria,BG,BG3,BG33,BG332,Добрич,316.16,1.83496666666667,2.74546666666667,2132.99,-4.19856666666665,-5.76416666666667
BG9383,Bulgaria,BG,BG3,BG33,BG332,Добрич,316.16,1.83496666666667,2.74546666666667,2132.99,-4.19856666666665,-5.76416666666667
BG9384,Bulgaria,BG,BG3,BG33,BG332,Добрич,316.16,1.83496666666667,2.74546666666667,2132.99,-4.19856666666665,-5.76416666666667
BG9385,Bulgaria,BG,BG3,BG33,BG332,Добрич,316.16,1.83496666666667,2.74546666666667,2132.99,-4.19856666666665,-5.76416666666667
BG9386,Bulgaria,BG,BG3,BG33,BG332,Добрич,316.16,1.83496666666667,2.74546666666667,2132.99,-4.19856666666665,-5.76416666666667
BG9387,Bulgaria,BG,BG3,BG33,BG332,Добрич,316.16,1.83496666666667,2.74546666666667,2132.99,-4.19856666666665,-5.76416666666667
BG9388,Bulgaria,BG,BG3,BG33,BG332,Добрич,316.16,1.83496666666667,2.74546666666667,2132.99,-4.19856666666665,-5.76416666666667
BG9389,Bulgaria,BG,BG3,BG33,BG332,Добрич,316.16,1.83496666666667,2.74546666666667,2132.99,-4.19856666666665,-5.76416666666667
BG9390,Bulgaria,BG,BG3,BG33,BG332,Добрич,316.16,1.83496666666667,2.74546666666667,2132.99,-4.19856666666665,-5.76416666666667
BG9391,Bulgaria,BG,BG3,BG33,BG332,Добрич,316.16,1.83496666666667,2.74546666666667,2132.99,-4.19856666666665,-5.76416666666667
BG9392,Bulgaria,BG,BG3,BG33,BG332,Добрич,316.16,1.83496666666667,2.74546666666667,2132.99,-4.19856666666665,-5.76416666666667
BG9393,Bulgaria,BG,BG3,BG33,BG332,Добрич,316.16,1.83496666666667,2.74546666666667,2132.99,-4.19856666666665,-5.76416666666667
BG9394,Bulgaria,BG,BG3,BG33,BG332,Добрич,316.16,1.83496666666667,2.74546666666667,2132.99,-4.19856666666665,-5.76416666666667
BG9395,Bulgaria,BG,BG3,BG33,BG332,Добрич,316.16,1.83496666666667,2.74546666666667,2132.99,-4.19856666666665,-5.76416666666667
BG9397,Bulgaria,BG,BG3,BG33,BG332,Добрич,316.16,1.83496666666667,2.74546666666667,2132.99,-4.19856666666665,-5.76416666666667
BG9398,Bulgaria,BG,BG3,BG33,BG332,Добрич,316.16,1.83496666666667,2.74546666666667,2132.99,-4.19856666666665,-5.76416666666667
BG9399,Bulgaria,BG,BG3,BG33,BG332,Добрич,316.16,1.83496666666667,2.74546666666667,2132.99,-4.19856666666665,-5.76416666666667
BG9401,Bulgaria,BG,BG3,BG33,BG332,Добрич,316.16,1.83496666666667,2.74546666666667,2132.99,-4.19856666666665,-5.76416666666667
BG9402,Bulgaria,BG,BG3,BG33,BG332,Добрич,316.16,1.83496666666667,2.74546666666667,2132.99,-4.19856666666665,-5.76416666666667
BG9403,Bulgaria,BG,BG3,BG33,BG332,Добрич,316.16,1.83496666666667,2.74546666666667,2132.99,-4.19856666666665,-5.76416666666667
BG9404,Bulgaria,BG,BG3,BG33,BG332,Добрич,316.16,1.83496666666667,2.74546666666667,2132.99,-4.19856666666665,-5.76416666666667
BG9405,Bulgaria,BG,BG3,BG33,BG332,Добрич,316.16,1.83496666666667,2.74546666666667,2132.99,-4.19856666666665,-5.76416666666667
BG9407,Bulgaria,BG,BG3,BG33,BG332,Добрич,316.16,1.83496666666667,2.74546666666667,2132.99,-4.19856666666665,-5.76416666666667
BG9408,Bulgaria,BG,BG3,BG33,BG332,Добрич,316.16,1.83496666666667,2.74546666666667,2132.99,-4.19856666666665,-5.76416666666667
BG9409,Bulgaria,BG,BG3,BG33,BG332,Добрич,316.16,1.83496666666667,2.74546666666667,2132.99,-4.19856666666665,-5.76416666666667
BG9410,Bulgaria,BG,BG3,BG33,BG332,Добрич,316.16,1.83496666666667,2.74546666666667,2132.99,-4.19856666666665,-5.76416666666667
BG9411,Bulgaria,BG,BG3,BG33,BG332,Добрич,316.16,1.83496666666667,2.74546666666667,2132.99,-4.19856666666665,-5.76416666666667
BG9412,Bulgaria,BG,BG3,BG33,BG332,Добрич,316.16,1.83496666666667,2.74546666666667,2132.99,-4.19856666666665,-5.76416666666667
BG9413,Bulgaria,BG,BG3,BG33,BG332,Добрич,316.16,1.83496666666667,2.74546666666667,2132.99,-4.19856666666665,-5.76416666666667
BG9414,Bulgaria,BG,BG3,BG33,BG332,Добрич,316.16,1.83496666666667,2.74546666666667,2132.99,-4.19856666666665,-5.76416666666667
BG9415,Bulgaria,BG,BG3,BG33,BG332,Добрич,316.16,1.83496666666667,2.74546666666667,2132.99,-4.19856666666665,-5.76416666666667
BG9417,Bulgaria,BG,BG3,BG33,BG332,Добрич,316.16,1.83496666666667,2.74546666666667,2132.99,-4.19856666666665,-5.76416666666667
BG9418,Bulgaria,BG,BG3,BG33,BG332,Добрич,316.16,1.83496666666667,2.74546666666667,2132.99,-4.19856666666665,-5.76416666666667
BG9419,Bulgaria,BG,BG3,BG33,BG332,Добрич,316.16,1.83496666666667,2.74546666666667,2132.99,-4.19856666666665,-5.76416666666667
BG9420,Bulgaria,BG,BG3,BG33,BG332,Добрич,316.16,1.83496666666667,2.74546666666667,2132.99,-4.19856666666665,-5.76416666666667
BG9421,Bulgaria,BG,BG3,BG33,BG332,Добрич,316.16,1.83496666666667,2.74546666666667,2132.99,-4.19856666666665,-5.76416666666667
BG9422,Bulgaria,BG,BG3,BG33,BG332,Добрич,316.16,1.83496666666667,2.74546666666667,2132.99,-4.19856666666665,-5.76416666666667
BG9423,Bulgaria,BG,BG3,BG33,BG332,Добрич,316.16,1.83496666666667,2.74546666666667,2132.99,-4.19856666666665,-5.76416666666667
BG9424,Bulgaria,BG,BG3,BG33,BG332,Добрич,316.16,1.83496666666667,2.74546666666667,2132.99,-4.19856666666665,-5.76416666666667
BG9425,Bulgaria,BG,BG3,BG33,BG332,Добрич,316.16,1.83496666666667,2.74546666666667,2132.99,-4.19856666666665,-5.76416666666667
BG9427,Bulgaria,BG,BG3,BG33,BG332,Добрич,316.16,1.83496666666667,2.74546666666667,2132.99,-4.19856666666665,-5.76416666666667
BG9428,Bulgaria,BG,BG3,BG33,BG332,Добрич,316.16,1.83496666666667,2.74546666666667,2132.99,-4.19856666666665,-5.76416666666667
BG9429,Bulgaria,BG,BG3,BG33,BG332,Добрич,316.16,1.83496666666667,2.74546666666667,2132.99,-4.19856666666665,-5.76416666666667
BG9430,Bulgaria,BG,BG3,BG33,BG332,Добрич,316.16,1.83496666666667,2.74546666666667,2132.99,-4.19856666666665,-5.76416666666667
BG9431,Bulgaria,BG,BG3,BG33,BG332,Добрич,316.16,1.83496666666667,2.74546666666667,2132.99,-4.19856666666665,-5.76416666666667
BG9432,Bulgaria,BG,BG3,BG33,BG332,Добрич,316.16,1.83496666666667,2.74546666666667,2132.99,-4.19856666666665,-5.76416666666667
BG9433,Bulgaria,BG,BG3,BG33,BG332,Добрич,316.16,1.83496666666667,2.74546666666667,2132.99,-4.19856666666665,-5.76416666666667
BG9450,Bulgaria,BG,BG3,BG33,BG332,Добрич,316.16,1.83496666666667,2.74546666666667,2132.99,-4.19856666666665,-5.76416666666667
BG9471,Bulgaria,BG,BG3,BG33,BG332,Добрич,316.16,1.83496666666667,2.74546666666667,2132.99,-4.19856666666665,-5.76416666666667
BG9472,Bulgaria,BG,BG3,BG33,BG332,Добрич,316.16,1.83496666666667,2.74546666666667,2132.99,-4.19856666666665,-5.76416666666667
BG9473,Bulgaria,BG,BG3,BG33,BG332,Добрич,316.16,1.83496666666667,2.74546666666667,2132.99,-4.19856666666665,-5.76416666666667
BG9474,Bulgaria,BG,BG3,BG33,BG332,Добрич,316.16,1.83496666666667,2.74546666666667,2132.99,-4.19856666666665,-5.76416666666667
BG9475,Bulgaria,BG,BG3,BG33,BG332,Добрич,316.16,1.83496666666667,2.74546666666667,2132.99,-4.19856666666665,-5.76416666666667
BG9477,Bulgaria,BG,BG3,BG33,BG332,Добрич,316.16,1.83496666666667,2.74546666666667,2132.99,-4.19856666666665,-5.76416666666667
BG9478,Bulgaria,BG,BG3,BG33,BG332,Добрич,316.16,1.83496666666667,2.74546666666667,2132.99,-4.19856666666665,-5.76416666666667
BG9479,Bulgaria,BG,BG3,BG33,BG332,Добрич,316.16,1.83496666666667,2.74546666666667,2132.99,-4.19856666666665,-5.76416666666667
BG9480,Bulgaria,BG,BG3,BG33,BG332,Добрич,316.16,1.83496666666667,2.74546666666667,2132.99,-4.19856666666665,-5.76416666666667
BG9481,Bulgaria,BG,BG3,BG33,BG332,Добрич,316.16,1.83496666666667,2.74546666666667,2132.99,-4.19856666666665,-5.76416666666667
BG9482,Bulgaria,BG,BG3,BG33,BG332,Добрич,316.16,1.83496666666667,2.74546666666667,2132.99,-4.19856666666665,-5.76416666666667
BG9483,Bulgaria,BG,BG3,BG33,BG332,Добрич,316.16,1.83496666666667,2.74546666666667,2132.99,-4.19856666666665,-5.76416666666667
BG9484,Bulgaria,BG,BG3,BG33,BG332,Добрич,316.16,1.83496666666667,2.74546666666667,2132.99,-4.19856666666665,-5.76416666666667
BG9485,Bulgaria,BG,BG3,BG33,BG332,Добрич,316.16,1.83496666666667,2.74546666666667,2132.99,-4.19856666666665,-5.76416666666667
BG9486,Bulgaria,BG,BG3,BG33,BG332,Добрич,316.16,1.83496666666667,2.74546666666667,2132.99,-4.19856666666665,-5.76416666666667
BG9487,Bulgaria,BG,BG3,BG33,BG332,Добрич,316.16,1.83496666666667,2.74546666666667,2132.99,-4.19856666666665,-5.76416666666667
BG9488,Bulgaria,BG,BG3,BG33,BG332,Добрич,316.16,1.83496666666667,2.74546666666667,2132.99,-4.19856666666665,-5.76416666666667
BG9490,Bulgaria,BG,BG3,BG33,BG332,Добрич,316.16,1.83496666666667,2.74546666666667,2132.99,-4.19856666666665,-5.76416666666667
BG9491,Bulgaria,BG,BG3,BG33,BG332,Добрич,316.16,1.83496666666667,2.74546666666667,2132.99,-4.19856666666665,-5.76416666666667
BG9492,Bulgaria,BG,BG3,BG33,BG332,Добрич,316.16,1.83496666666667,2.74546666666667,2132.99,-4.19856666666665,-5.76416666666667
BG9493,Bulgaria,BG,BG3,BG33,BG332,Добрич,316.16,1.83496666666667,2.74546666666667,2132.99,-4.19856666666665,-5.76416666666667
BG9494,Bulgaria,BG,BG3,BG33,BG332,Добрич,316.16,1.83496666666667,2.74546666666667,2132.99,-4.19856666666665,-5.76416666666667
BG9495,Bulgaria,BG,BG3,BG33,BG332,Добрич,316.16,1.83496666666667,2.74546666666667,2132.99,-4.19856666666665,-5.76416666666667
BG9496,Bulgaria,BG,BG3,BG33,BG332,Добрич,316.16,1.83496666666667,2.74546666666667,2132.99,-4.19856666666665,-5.76416666666667
BG9497,Bulgaria,BG,BG3,BG33,BG332,Добрич,316.16,1.83496666666667,2.74546666666667,2132.99,-4.19856666666665,-5.76416666666667
BG9498,Bulgaria,BG,BG3,BG33,BG332,Добрич,316.16,1.83496666666667,2.74546666666667,2132.99,-4.19856666666665,-5.76416666666667
BG9499,Bulgaria,BG,BG3,BG33,BG332,Добрич,316.16,1.83496666666667,2.74546666666667,2132.99,-4.19856666666665,-5.76416666666667
BG9500,Bulgaria,BG,BG3,BG33,BG332,Добрич,316.16,1.83496666666667,2.74546666666667,2132.99,-4.19856666666665,-5.76416666666667
BG9521,Bulgaria,BG,BG3,BG33,BG332,Добрич,316.16,1.83496666666667,2.74546666666667,2132.99,-4.19856666666665,-5.76416666666667
BG9522,Bulgaria,BG,BG3,BG33,BG332,Добрич,316.16,1.83496666666667,2.74546666666667,2132.99,-4.19856666666665,-5.76416666666667
BG9523,Bulgaria,BG,BG3,BG33,BG332,Добрич,316.16,1.83496666666667,2.74546666666667,2132.99,-4.19856666666665,-5.76416666666667
BG9524,Bulgaria,BG,BG3,BG33,BG332,Добрич,316.16,1.83496666666667,2.74546666666667,2132.99,-4.19856666666665,-5.76416666666667
BG9525,Bulgaria,BG,BG3,BG33,BG332,Добрич,316.16,1.83496666666667,2.74546666666667,2132.99,-4.19856666666665,-5.76416666666667
BG9527,Bulgaria,BG,BG3,BG33,BG332,Добрич,316.16,1.83496666666667,2.74546666666667,2132.99,-4.19856666666665,-5.76416666666667
BG9528,Bulgaria,BG,BG3,BG33,BG332,Добрич,316.16,1.83496666666667,2.74546666666667,2132.99,-4.19856666666665,-5.76416666666667
BG9529,Bulgaria,BG,BG3,BG33,BG332,Добрич,316.16,1.83496666666667,2.74546666666667,2132.99,-4.19856666666665,-5.76416666666667
BG9530,Bulgaria,BG,BG3,BG33,BG332,Добрич,316.16,1.83496666666667,2.74546666666667,2132.99,-4.19856666666665,-5.76416666666667
BG9531,Bulgaria,BG,BG3,BG33,BG332,Добрич,316.16,1.83496666666667,2.74546666666667,2132.99,-4.19856666666665,-5.76416666666667
BG9532,Bulgaria,BG,BG3,BG33,BG332,Добрич,316.16,1.83496666666667,2.74546666666667,2132.99,-4.19856666666665,-5.76416666666667
BG9533,Bulgaria,BG,BG3,BG33,BG332,Добрич,316.16,1.83496666666667,2.74546666666667,2132.99,-4.19856666666665,-5.76416666666667
BG9534,Bulgaria,BG,BG3,BG33,BG332,Добрич,316.16,1.83496666666667,2.74546666666667,2132.99,-4.19856666666665,-5.76416666666667
BG9535,Bulgaria,BG,BG3,BG33,BG332,Добрич,316.16,1.83496666666667,2.74546666666667,2132.99,-4.19856666666665,-5.76416666666667
BG9537,Bulgaria,BG,BG3,BG33,BG332,Добрич,316.16,1.83496666666667,2.74546666666667,2132.99,-4.19856666666665,-5.76416666666667
BG9538,Bulgaria,BG,BG3,BG33,BG332,Добрич,316.16,1.83496666666667,2.74546666666667,2132.99,-4.19856666666665,-5.76416666666667
BG9540,Bulgaria,BG,BG3,BG33,BG332,Добрич,316.16,1.83496666666667,2.74546666666667,2132.99,-4.19856666666665,-5.76416666666667
BG9541,Bulgaria,BG,BG3,BG33,BG332,Добрич,316.16,1.83496666666667,2.74546666666667,2132.99,-4.19856666666665,-5.76416666666667
BG9543,Bulgaria,BG,BG3,BG33,BG332,Добрич,316.16,1.83496666666667,2.74546666666667,2132.99,-4.19856666666665,-5.76416666666667
BG9544,Bulgaria,BG,BG3,BG33,BG332,Добрич,316.16,1.83496666666667,2.74546666666667,2132.99,-4.19856666666665,-5.76416666666667
BG9545,Bulgaria,BG,BG3,BG33,BG332,Добрич,316.16,1.83496666666667,2.74546666666667,2132.99,-4.19856666666665,-5.76416666666667
BG9547,Bulgaria,BG,BG3,BG33,BG332,Добрич,316.16,1.83496666666667,2.74546666666667,2132.99,-4.19856666666665,-5.76416666666667
BG9548,Bulgaria,BG,BG3,BG33,BG332,Добрич,316.16,1.83496666666667,2.74546666666667,2132.99,-4.19856666666665,-5.76416666666667
BG9549,Bulgaria,BG,BG3,BG33,BG332,Добрич,316.16,1.83496666666667,2.74546666666667,2132.99,-4.19856666666665,-5.76416666666667
BG9550,Bulgaria,BG,BG3,BG33,BG332,Добрич,316.16,1.83496666666667,2.74546666666667,2132.99,-4.19856666666665,-5.76416666666667
BG9551,Bulgaria,BG,BG3,BG33,BG332,Добрич,316.16,1.83496666666667,2.74546666666667,2132.99,-4.19856666666665,-5.76416666666667
BG9552,Bulgaria,BG,BG3,BG33,BG332,Добрич,316.16,1.83496666666667,2.74546666666667,2132.99,-4.19856666666665,-5.76416666666667
BG9553,Bulgaria,BG,BG3,BG33,BG332,Добрич,316.16,1.83496666666667,2.74546666666667,2132.99,-4.19856666666665,-5.76416666666667
BG9554,Bulgaria,BG,BG3,BG33,BG332,Добрич,316.16,1.83496666666667,2.74546666666667,2132.99,-4.19856666666665,-5.76416666666667
BG9555,Bulgaria,BG,BG3,BG33,BG332,Добрич,316.16,1.83496666666667,2.74546666666667,2132.99,-4.19856666666665,-5.76416666666667
BG9557,Bulgaria,BG,BG3,BG33,BG332,Добрич,316.16,1.83496666666667,2.74546666666667,2132.99,-4.19856666666665,-5.76416666666667
BG9558,Bulgaria,BG,BG3,BG33,BG332,Добрич,316.16,1.83496666666667,2.74546666666667,2132.99,-4.19856666666665,-5.76416666666667
BG9559,Bulgaria,BG,BG3,BG33,BG332,Добрич,316.16,1.83496666666667,2.74546666666667,2132.99,-4.19856666666665,-5.76416666666667
BG9560,Bulgaria,BG,BG3,BG33,BG332,Добрич,316.16,1.83496666666667,2.74546666666667,2132.99,-4.19856666666665,-5.76416666666667
BG9561,Bulgaria,BG,BG3,BG33,BG332,Добрич,316.16,1.83496666666667,2.74546666666667,2132.99,-4.19856666666665,-5.76416666666667
BG9562,Bulgaria,BG,BG3,BG33,BG332,Добрич,316.16,1.83496666666667,2.74546666666667,2132.99,-4.19856666666665,-5.76416666666667
BG9563,Bulgaria,BG,BG3,BG33,BG332,Добрич,316.16,1.83496666666667,2.74546666666667,2132.99,-4.19856666666665,-5.76416666666667
BG9564,Bulgaria,BG,BG3,BG33,BG332,Добрич,316.16,1.83496666666667,2.74546666666667,2132.99,-4.19856666666665,-5.76416666666667
BG9565,Bulgaria,BG,BG3,BG33,BG332,Добрич,316.16,1.83496666666667,2.74546666666667,2132.99,-4.19856666666665,-5.76416666666667
BG9567,Bulgaria,BG,BG3,BG33,BG332,Добрич,316.16,1.83496666666667,2.74546666666667,2132.99,-4.19856666666665,-5.76416666666667
BG9600,Bulgaria,BG,BG3,BG33,BG332,Добрич,316.16,1.83496666666667,2.74546666666667,2132.99,-4.19856666666665,-5.76416666666667
BG9614,Bulgaria,BG,BG3,BG33,BG332,Добрич,316.16,1.83496666666667,2.74546666666667,2132.99,-4.19856666666665,-5.76416666666667
BG9615,Bulgaria,BG,BG3,BG33,BG332,Добрич,316.16,1.83496666666667,2.74546666666667,2132.99,-4.19856666666665,-5.76416666666667
BG9616,Bulgaria,BG,BG3,BG33,BG332,Добрич,316.16,1.83496666666667,2.74546666666667,2132.99,-4.19856666666665,-5.76416666666667
BG9617,Bulgaria,BG,BG3,BG33,BG332,Добрич,316.16,1.83496666666667,2.74546666666667,2132.99,-4.19856666666665,-5.76416666666667
BG9618,Bulgaria,BG,BG3,BG33,BG332,Добрич,316.16,1.83496666666667,2.74546666666667,2132.99,-4.19856666666665,-5.76416666666667
BG9619,Bulgaria,BG,BG3,BG33,BG332,Добрич,316.16,1.83496666666667,2.74546666666667,2132.99,-4.19856666666665,-5.76416666666667
BG9630,Bulgaria,BG,BG3,BG33,BG332,Добрич,316.16,1.83496666666667,2.74546666666667,2132.99,-4.19856666666665,-5.76416666666667
BG9631,Bulgaria,BG,BG3,BG33,BG332,Добрич,316.16,1.83496666666667,2.74546666666667,2132.99,-4.19856666666665,-5.76416666666667
BG9632,Bulgaria,BG,BG3,BG33,BG332,Добрич,316.16,1.83496666666667,2.74546666666667,2132.99,-4.19856666666665,-5.76416666666667
BG9634,Bulgaria,BG,BG3,BG33,BG332,Добрич,316.16,1.83496666666667,2.74546666666667,2132.99,-4.19856666666665,-5.76416666666667
BG9635,Bulgaria,BG,BG3,BG33,BG332,Добрич,316.16,1.83496666666667,2.74546666666667,2132.99,-4.19856666666665,-5.76416666666667
BG9637,Bulgaria,BG,BG3,BG33,BG332,Добрич,316.16,1.83496666666667,2.74546666666667,2132.99,-4.19856666666665,-5.76416666666667
BG9638,Bulgaria,BG,BG3,BG33,BG332,Добрич,316.16,1.83496666666667,2.74546666666667,2132.99,-4.19856666666665,-5.76416666666667
BG9639,Bulgaria,BG,BG3,BG33,BG332,Добрич,316.16,1.83496666666667,2.74546666666667,2132.99,-4.19856666666665,-5.76416666666667
BG9640,Bulgaria,BG,BG3,BG33,BG332,Добрич,316.16,1.83496666666667,2.74546666666667,2132.99,-4.19856666666665,-5.76416666666667
BG9641,Bulgaria,BG,BG3,BG33,BG332,Добрич,316.16,1.83496666666667,2.74546666666667,2132.99,-4.19856666666665,-5.76416666666667
BG9643,Bulgaria,BG,BG3,BG33,BG332,Добрич,316.16,1.83496666666667,2.74546666666667,2132.99,-4.19856666666665,-5.76416666666667
BG9644,Bulgaria,BG,BG3,BG33,BG332,Добрич,316.16,1.83496666666667,2.74546666666667,2132.99,-4.19856666666665,-5.76416666666667
BG9645,Bulgaria,BG,BG3,BG33,BG332,Добрич,316.16,1.83496666666667,2.74546666666667,2132.99,-4.19856666666665,-5.76416666666667
BG9647,Bulgaria,BG,BG3,BG33,BG332,Добрич,316.16,1.83496666666667,2.74546666666667,2132.99,-4.19856666666665,-5.76416666666667
BG9649,Bulgaria,BG,BG3,BG33,BG332,Добрич,316.16,1.83496666666667,2.74546666666667,2132.99,-4.19856666666665,-5.76416666666667
BG9650,Bulgaria,BG,BG3,BG33,BG332,Добрич,316.16,1.83496666666667,2.74546666666667,2132.99,-4.19856666666665,-5.76416666666667
BG9654,Bulgaria,BG,BG3,BG33,BG332,Добрич,316.16,1.83496666666667,2.74546666666667,2132.99,-4.19856666666665,-5.76416666666667
BG9655,Bulgaria,BG,BG3,BG33,BG332,Добрич,316.16,1.83496666666667,2.74546666666667,2132.99,-4.19856666666665,-5.76416666666667
BG9656,Bulgaria,BG,BG3,BG33,BG332,Добрич,316.16,1.83496666666667,2.74546666666667,2132.99,-4.19856666666665,-5.76416666666667
BG9657,Bulgaria,BG,BG3,BG33,BG332,Добрич,316.16,1.83496666666667,2.74546666666667,2132.99,-4.19856666666665,-5.76416666666667
BG9658,Bulgaria,BG,BG3,BG33,BG332,Добрич,316.16,1.83496666666667,2.74546666666667,2132.99,-4.19856666666665,-5.76416666666667
BG9659,Bulgaria,BG,BG3,BG33,BG332,Добрич,316.16,1.83496666666667,2.74546666666667,2132.99,-4.19856666666665,-5.76416666666667
BG9660,Bulgaria,BG,BG3,BG33,BG332,Добрич,316.16,1.83496666666667,2.74546666666667,2132.99,-4.19856666666665,-5.76416666666667
BG9661,Bulgaria,BG,BG3,BG33,BG332,Добрич,316.16,1.83496666666667,2.74546666666667,2132.99,-4.19856666666665,-5.76416666666667
BG9662,Bulgaria,BG,BG3,BG33,BG332,Добрич,316.16,1.83496666666667,2.74546666666667,2132.99,-4.19856666666665,-5.76416666666667
BG9663,Bulgaria,BG,BG3,BG33,BG332,Добрич,316.16,1.83496666666667,2.74546666666667,2132.99,-4.19856666666665,-5.76416666666667
BG9664,Bulgaria,BG,BG3,BG33,BG332,Добрич,316.16,1.83496666666667,2.74546666666667,2132.99,-4.19856666666665,-5.76416666666667
BG9665,Bulgaria,BG,BG3,BG33,BG332,Добрич,316.16,1.83496666666667,2.74546666666667,2132.99,-4.19856666666665,-5.76416666666667
BG9666,Bulgaria,BG,BG3,BG33,BG332,Добрич,316.16,1.83496666666667,2.74546666666667,2132.99,-4.19856666666665,-5.76416666666667
BG9667,Bulgaria,BG,BG3,BG33,BG332,Добрич,316.16,1.83496666666667,2.74546666666667,2132.99,-4.19856666666665,-5.76416666666667
BG9669,Bulgaria,BG,BG3,BG33,BG332,Добрич,316.16,1.83496666666667,2.74546666666667,2132.99,-4.19856666666665,-5.76416666666667
BG9670,Bulgaria,BG,BG3,BG33,BG332,Добрич,316.16,1.83496666666667,2.74546666666667,2132.99,-4.19856666666665,-5.76416666666667
BG9671,Bulgaria,BG,BG3,BG33,BG332,Добрич,316.16,1.83496666666667,2.74546666666667,2132.99,-4.19856666666665,-5.76416666666667
BG9672,Bulgaria,BG,BG3,BG33,BG332,Добрич,316.16,1.83496666666667,2.74546666666667,2132.99,-4.19856666666665,-5.76416666666667
BG9673,Bulgaria,BG,BG3,BG33,BG332,Добрич,316.16,1.83496666666667,2.74546666666667,2132.99,-4.19856666666665,-5.76416666666667
BG9674,Bulgaria,BG,BG3,BG33,BG332,Добрич,316.16,1.83496666666667,2.74546666666667,2132.99,-4.19856666666665,-5.76416666666667
BG9675,Bulgaria,BG,BG3,BG33,BG332,Добрич,316.16,1.83496666666667,2.74546666666667,2132.99,-4.19856666666665,-5.76416666666667
BG9677,Bulgaria,BG,BG3,BG33,BG332,Добрич,316.16,1.83496666666667,2.74546666666667,2132.99,-4.19856666666665,-5.76416666666667
BG9678,Bulgaria,BG,BG3,BG33,BG332,Добрич,316.16,1.83496666666667,2.74546666666667,2132.99,-4.19856666666665,-5.76416666666667
BG9679,Bulgaria,BG,BG3,BG33,BG332,Добрич,316.16,1.83496666666667,2.74546666666667,2132.99,-4.19856666666665,-5.76416666666667
BG9680,Bulgaria,BG,BG3,BG33,BG332,Добрич,316.16,1.83496666666667,2.74546666666667,2132.99,-4.19856666666665,-5.76416666666667
BG9684,Bulgaria,BG,BG3,BG33,BG332,Добрич,316.16,1.83496666666667,2.74546666666667,2132.99,-4.19856666666665,-5.76416666666667
BG9685,Bulgaria,BG,BG3,BG33,BG332,Добрич,316.16,1.83496666666667,2.74546666666667,2132.99,-4.19856666666665,-5.76416666666667
BG9687,Bulgaria,BG,BG3,BG33,BG332,Добрич,316.16,1.83496666666667,2.74546666666667,2132.99,-4.19856666666665,-5.76416666666667
BG9688,Bulgaria,BG,BG3,BG33,BG332,Добрич,316.16,1.83496666666667,2.74546666666667,2132.99,-4.19856666666665,-5.76416666666667
BG9689,Bulgaria,BG,BG3,BG33,BG332,Добрич,316.16,1.83496666666667,2.74546666666667,2132.99,-4.19856666666665,-5.76416666666667
BG9690,Bulgaria,BG,BG3,BG33,BG332,Добрич,316.16,1.83496666666667,2.74546666666667,2132.99,-4.19856666666665,-5.76416666666667
BG9691,Bulgaria,BG,BG3,BG33,BG332,Добрич,316.16,1.83496666666667,2.74546666666667,2132.99,-4.19856666666665,-5.76416666666667
BG9692,Bulgaria,BG,BG3,BG33,BG332,Добрич,316.16,1.83496666666667,2.74546666666667,2132.99,-4.19856666666665,-5.76416666666667
BG9693,Bulgaria,BG,BG3,BG33,BG332,Добрич,316.16,1.83496666666667,2.74546666666667,2132.99,-4.19856666666665,-5.76416666666667
BG9694,Bulgaria,BG,BG3,BG33,BG332,Добрич,316.16,1.83496666666667,2.74546666666667,2132.99,-4.19856666666665,-5.76416666666667
BG4936,Bulgaria,BG,BG4,BG42,BG425,Кърджали,395.39,2.04109523809998,3.07028571428333,1851.89,-4.23619047618333,-6.01480952381667
BG4937,Bulgaria,BG,BG4,BG42,BG425,Кърджали,395.39,2.04109523809998,3.07028571428333,1851.89,-4.23619047618333,-6.01480952381667
BG4983,Bulgaria,BG,BG4,BG42,BG425,Кърджали,395.39,2.04109523809998,3.07028571428333,1851.89,-4.23619047618333,-6.01480952381667
BG6375,Bulgaria,BG,BG4,BG42,BG425,Кърджали,395.39,2.04109523809998,3.07028571428333,1851.89,-4.23619047618333,-6.01480952381667
BG6384,Bulgaria,BG,BG4,BG42,BG425,Кърджали,395.39,2.04109523809998,3.07028571428333,1851.89,-4.23619047618333,-6.01480952381667
BG6600,Bulgaria,BG,BG4,BG42,BG425,Кърджали,395.39,2.04109523809998,3.07028571428333,1851.89,-4.23619047618333,-6.01480952381667
BG6621,Bulgaria,BG,BG4,BG42,BG425,Кърджали,395.39,2.04109523809998,3.07028571428333,1851.89,-4.23619047618333,-6.01480952381667
BG6622,Bulgaria,BG,BG4,BG42,BG425,Кърджали,395.39,2.04109523809998,3.07028571428333,1851.89,-4.23619047618333,-6.01480952381667
BG6623,Bulgaria,BG,BG4,BG42,BG425,Кърджали,395.39,2.04109523809998,3.07028571428333,1851.89,-4.23619047618333,-6.01480952381667
BG6624,Bulgaria,BG,BG4,BG42,BG425,Кърджали,395.39,2.04109523809998,3.07028571428333,1851.89,-4.23619047618333,-6.01480952381667
BG6625,Bulgaria,BG,BG4,BG42,BG425,Кърджали,395.39,2.04109523809998,3.07028571428333,1851.89,-4.23619047618333,-6.01480952381667
BG6626,Bulgaria,BG,BG4,BG42,BG425,Кърджали,395.39,2.04109523809998,3.07028571428333,1851.89,-4.23619047618333,-6.01480952381667
BG6627,Bulgaria,BG,BG4,BG42,BG425,Кърджали,395.39,2.04109523809998,3.07028571428333,1851.89,-4.23619047618333,-6.01480952381667
BG6628,Bulgaria,BG,BG4,BG42,BG425,Кърджали,395.39,2.04109523809998,3.07028571428333,1851.89,-4.23619047618333,-6.01480952381667
BG6629,Bulgaria,BG,BG4,BG42,BG425,Кърджали,395.39,2.04109523809998,3.07028571428333,1851.89,-4.23619047618333,-6.01480952381667
BG6630,Bulgaria,BG,BG4,BG42,BG425,Кърджали,395.39,2.04109523809998,3.07028571428333,1851.89,-4.23619047618333,-6.01480952381667
BG6631,Bulgaria,BG,BG4,BG42,BG425,Кърджали,395.39,2.04109523809998,3.07028571428333,1851.89,-4.23619047618333,-6.01480952381667
BG6632,Bulgaria,BG,BG4,BG42,BG425,Кърджали,395.39,2.04109523809998,3.07028571428333,1851.89,-4.23619047618333,-6.01480952381667
BG6633,Bulgaria,BG,BG4,BG42,BG425,Кърджали,395.39,2.04109523809998,3.07028571428333,1851.89,-4.23619047618333,-6.01480952381667
BG6634,Bulgaria,BG,BG4,BG42,BG425,Кърджали,395.39,2.04109523809998,3.07028571428333,1851.89,-4.23619047618333,-6.01480952381667
BG6636,Bulgaria,BG,BG4,BG42,BG425,Кърджали,395.39,2.04109523809998,3.07028571428333,1851.89,-4.23619047618333,-6.01480952381667
BG6638,Bulgaria,BG,BG4,BG42,BG425,Кърджали,395.39,2.04109523809998,3.07028571428333,1851.89,-4.23619047618333,-6.01480952381667
BG6639,Bulgaria,BG,BG4,BG42,BG425,Кърджали,395.39,2.04109523809998,3.07028571428333,1851.89,-4.23619047618333,-6.01480952381667
BG6640,Bulgaria,BG,BG4,BG42,BG425,Кърджали,395.39,2.04109523809998,3.07028571428333,1851.89,-4.23619047618333,-6.01480952381667
BG6641,Bulgaria,BG,BG4,BG42,BG425,Кърджали,395.39,2.04109523809998,3.07028571428333,1851.89,-4.23619047618333,-6.01480952381667
BG6642,Bulgaria,BG,BG4,BG42,BG425,Кърджали,395.39,2.04109523809998,3.07028571428333,1851.89,-4.23619047618333,-6.01480952381667
BG6643,Bulgaria,BG,BG4,BG42,BG425,Кърджали,395.39,2.04109523809998,3.07028571428333,1851.89,-4.23619047618333,-6.01480952381667
BG6644,Bulgaria,BG,BG4,BG42,BG425,Кърджали,395.39,2.04109523809998,3.07028571428333,1851.89,-4.23619047618333,-6.01480952381667
BG6645,Bulgaria,BG,BG4,BG42,BG425,Кърджали,395.39,2.04109523809998,3.07028571428333,1851.89,-4.23619047618333,-6.01480952381667
BG6646,Bulgaria,BG,BG4,BG42,BG425,Кърджали,395.39,2.04109523809998,3.07028571428333,1851.89,-4.23619047618333,-6.01480952381667
BG6647,Bulgaria,BG,BG4,BG42,BG425,Кърджали,395.39,2.04109523809998,3.07028571428333,1851.89,-4.23619047618333,-6.01480952381667
BG6648,Bulgaria,BG,BG4,BG42,BG425,Кърджали,395.39,2.04109523809998,3.07028571428333,1851.89,-4.23619047618333,-6.01480952381667
BG6649,Bulgaria,BG,BG4,BG42,BG425,Кърджали,395.39,2.04109523809998,3.07028571428333,1851.89,-4.23619047618333,-6.01480952381667
BG6650,Bulgaria,BG,BG4,BG42,BG425,Кърджали,395.39,2.04109523809998,3.07028571428333,1851.89,-4.23619047618333,-6.01480952381667
BG6651,Bulgaria,BG,BG4,BG42,BG425,Кърджали,395.39,2.04109523809998,3.07028571428333,1851.89,-4.23619047618333,-6.01480952381667
BG6652,Bulgaria,BG,BG4,BG42,BG425,Кърджали,395.39,2.04109523809998,3.07028571428333,1851.89,-4.23619047618333,-6.01480952381667
BG6653,Bulgaria,BG,BG4,BG42,BG425,Кърджали,395.39,2.04109523809998,3.07028571428333,1851.89,-4.23619047618333,-6.01480952381667
BG6654,Bulgaria,BG,BG4,BG42,BG425,Кърджали,395.39,2.04109523809998,3.07028571428333,1851.89,-4.23619047618333,-6.01480952381667
BG6655,Bulgaria,BG,BG4,BG42,BG425,Кърджали,395.39,2.04109523809998,3.07028571428333,1851.89,-4.23619047618333,-6.01480952381667
BG6656,Bulgaria,BG,BG4,BG42,BG425,Кърджали,395.39,2.04109523809998,3.07028571428333,1851.89,-4.23619047618333,-6.01480952381667
BG6657,Bulgaria,BG,BG4,BG42,BG425,Кърджали,395.39,2.04109523809998,3.07028571428333,1851.89,-4.23619047618333,-6.01480952381667
BG6658,Bulgaria,BG,BG4,BG42,BG425,Кърджали,395.39,2.04109523809998,3.07028571428333,1851.89,-4.23619047618333,-6.01480952381667
BG6659,Bulgaria,BG,BG4,BG42,BG425,Кърджали,395.39,2.04109523809998,3.07028571428333,1851.89,-4.23619047618333,-6.01480952381667
BG6660,Bulgaria,BG,BG4,BG42,BG425,Кърджали,395.39,2.04109523809998,3.07028571428333,1851.89,-4.23619047618333,-6.01480952381667
BG6661,Bulgaria,BG,BG4,BG42,BG425,Кърджали,395.39,2.04109523809998,3.07028571428333,1851.89,-4.23619047618333,-6.01480952381667
BG6662,Bulgaria,BG,BG4,BG42,BG425,Кърджали,395.39,2.04109523809998,3.07028571428333,1851.89,-4.23619047618333,-6.01480952381667
BG6663,Bulgaria,BG,BG4,BG42,BG425,Кърджали,395.39,2.04109523809998,3.07028571428333,1851.89,-4.23619047618333,-6.01480952381667
BG6664,Bulgaria,BG,BG4,BG42,BG425,Кърджали,395.39,2.04109523809998,3.07028571428333,1851.89,-4.23619047618333,-6.01480952381667
BG6665,Bulgaria,BG,BG4,BG42,BG425,Кърджали,395.39,2.04109523809998,3.07028571428333,1851.89,-4.23619047618333,-6.01480952381667
BG6666,Bulgaria,BG,BG4,BG42,BG425,Кърджали,395.39,2.04109523809998,3.07028571428333,1851.89,-4.23619047618333,-6.01480952381667
BG6667,Bulgaria,BG,BG4,BG42,BG425,Кърджали,395.39,2.04109523809998,3.07028571428333,1851.89,-4.23619047618333,-6.01480952381667
BG6668,Bulgaria,BG,BG4,BG42,BG425,Кърджали,395.39,2.04109523809998,3.07028571428333,1851.89,-4.23619047618333,-6.01480952381667
BG6669,Bulgaria,BG,BG4,BG42,BG425,Кърджали,395.39,2.04109523809998,3.07028571428333,1851.89,-4.23619047618333,-6.01480952381667
BG6670,Bulgaria,BG,BG4,BG42,BG425,Кърджали,395.39,2.04109523809998,3.07028571428333,1851.89,-4.23619047618333,-6.01480952381667
BG6671,Bulgaria,BG,BG4,BG42,BG425,Кърджали,395.39,2.04109523809998,3.07028571428333,1851.89,-4.23619047618333,-6.01480952381667
BG6672,Bulgaria,BG,BG4,BG42,BG425,Кърджали,395.39,2.04109523809998,3.07028571428333,1851.89,-4.23619047618333,-6.01480952381667
BG6673,Bulgaria,BG,BG4,BG42,BG425,Кърджали,395.39,2.04109523809998,3.07028571428333,1851.89,-4.23619047618333,-6.01480952381667
BG6674,Bulgaria,BG,BG4,BG42,BG425,Кърджали,395.39,2.04109523809998,3.07028571428333,1851.89,-4.23619047618333,-6.01480952381667
BG6675,Bulgaria,BG,BG4,BG42,BG425,Кърджали,395.39,2.04109523809998,3.07028571428333,1851.89,-4.23619047618333,-6.01480952381667
BG6676,Bulgaria,BG,BG4,BG42,BG425,Кърджали,395.39,2.04109523809998,3.07028571428333,1851.89,-4.23619047618333,-6.01480952381667
BG6678,Bulgaria,BG,BG4,BG42,BG425,Кърджали,395.39,2.04109523809998,3.07028571428333,1851.89,-4.23619047618333,-6.01480952381667
BG6679,Bulgaria,BG,BG4,BG42,BG425,Кърджали,395.39,2.04109523809998,3.07028571428333,1851.89,-4.23619047618333,-6.01480952381667
BG6680,Bulgaria,BG,BG4,BG42,BG425,Кърджали,395.39,2.04109523809998,3.07028571428333,1851.89,-4.23619047618333,-6.01480952381667
BG6681,Bulgaria,BG,BG4,BG42,BG425,Кърджали,395.39,2.04109523809998,3.07028571428333,1851.89,-4.23619047618333,-6.01480952381667
BG6682,Bulgaria,BG,BG4,BG42,BG425,Кърджали,395.39,2.04109523809998,3.07028571428333,1851.89,-4.23619047618333,-6.01480952381667
BG6683,Bulgaria,BG,BG4,BG42,BG425,Кърджали,395.39,2.04109523809998,3.07028571428333,1851.89,-4.23619047618333,-6.01480952381667
BG6684,Bulgaria,BG,BG4,BG42,BG425,Кърджали,395.39,2.04109523809998,3.07028571428333,1851.89,-4.23619047618333,-6.01480952381667
BG6686,Bulgaria,BG,BG4,BG42,BG425,Кърджали,395.39,2.04109523809998,3.07028571428333,1851.89,-4.23619047618333,-6.01480952381667
BG6688,Bulgaria,BG,BG4,BG42,BG425,Кърджали,395.39,2.04109523809998,3.07028571428333,1851.89,-4.23619047618333,-6.01480952381667
BG6689,Bulgaria,BG,BG4,BG42,BG425,Кърджали,395.39,2.04109523809998,3.07028571428333,1851.89,-4.23619047618333,-6.01480952381667
BG6690,Bulgaria,BG,BG4,BG42,BG425,Кърджали,395.39,2.04109523809998,3.07028571428333,1851.89,-4.23619047618333,-6.01480952381667
BG6691,Bulgaria,BG,BG4,BG42,BG425,Кърджали,395.39,2.04109523809998,3.07028571428333,1851.89,-4.23619047618333,-6.01480952381667
BG6692,Bulgaria,BG,BG4,BG42,BG425,Кърджали,395.39,2.04109523809998,3.07028571428333,1851.89,-4.23619047618333,-6.01480952381667
BG6693,Bulgaria,BG,BG4,BG42,BG425,Кърджали,395.39,2.04109523809998,3.07028571428333,1851.89,-4.23619047618333,-6.01480952381667
BG6694,Bulgaria,BG,BG4,BG42,BG425,Кърджали,395.39,2.04109523809998,3.07028571428333,1851.89,-4.23619047618333,-6.01480952381667
BG6695,Bulgaria,BG,BG4,BG42,BG425,Кърджали,395.39,2.04109523809998,3.07028571428333,1851.89,-4.23619047618333,-6.01480952381667
BG6696,Bulgaria,BG,BG4,BG42,BG425,Кърджали,395.39,2.04109523809998,3.07028571428333,1851.89,-4.23619047618333,-6.01480952381667
BG6697,Bulgaria,BG,BG4,BG42,BG425,Кърджали,395.39,2.04109523809998,3.07028571428333,1851.89,-4.23619047618333,-6.01480952381667
BG6698,Bulgaria,BG,BG4,BG42,BG425,Кърджали,395.39,2.04109523809998,3.07028571428333,1851.89,-4.23619047618333,-6.01480952381667
BG6701,Bulgaria,BG,BG4,BG42,BG425,Кърджали,395.39,2.04109523809998,3.07028571428333,1851.89,-4.23619047618333,-6.01480952381667
BG6702,Bulgaria,BG,BG4,BG42,BG425,Кърджали,395.39,2.04109523809998,3.07028571428333,1851.89,-4.23619047618333,-6.01480952381667
BG6703,Bulgaria,BG,BG4,BG42,BG425,Кърджали,395.39,2.04109523809998,3.07028571428333,1851.89,-4.23619047618333,-6.01480952381667
BG6704,Bulgaria,BG,BG4,BG42,BG425,Кърджали,395.39,2.04109523809998,3.07028571428333,1851.89,-4.23619047618333,-6.01480952381667
BG6705,Bulgaria,BG,BG4,BG42,BG425,Кърджали,395.39,2.04109523809998,3.07028571428333,1851.89,-4.23619047618333,-6.01480952381667
BG6706,Bulgaria,BG,BG4,BG42,BG425,Кърджали,395.39,2.04109523809998,3.07028571428333,1851.89,-4.23619047618333,-6.01480952381667
BG6707,Bulgaria,BG,BG4,BG42,BG425,Кърджали,395.39,2.04109523809998,3.07028571428333,1851.89,-4.23619047618333,-6.01480952381667
BG6708,Bulgaria,BG,BG4,BG42,BG425,Кърджали,395.39,2.04109523809998,3.07028571428333,1851.89,-4.23619047618333,-6.01480952381667
BG6709,Bulgaria,BG,BG4,BG42,BG425,Кърджали,395.39,2.04109523809998,3.07028571428333,1851.89,-4.23619047618333,-6.01480952381667
BG6710,Bulgaria,BG,BG4,BG42,BG425,Кърджали,395.39,2.04109523809998,3.07028571428333,1851.89,-4.23619047618333,-6.01480952381667
BG6711,Bulgaria,BG,BG4,BG42,BG425,Кърджали,395.39,2.04109523809998,3.07028571428333,1851.89,-4.23619047618333,-6.01480952381667
BG6715,Bulgaria,BG,BG4,BG42,BG425,Кърджали,395.39,2.04109523809998,3.07028571428333,1851.89,-4.23619047618333,-6.01480952381667
BG6716,Bulgaria,BG,BG4,BG42,BG425,Кърджали,395.39,2.04109523809998,3.07028571428333,1851.89,-4.23619047618333,-6.01480952381667
BG6717,Bulgaria,BG,BG4,BG42,BG425,Кърджали,395.39,2.04109523809998,3.07028571428333,1851.89,-4.23619047618333,-6.01480952381667
BG6718,Bulgaria,BG,BG4,BG42,BG425,Кърджали,395.39,2.04109523809998,3.07028571428333,1851.89,-4.23619047618333,-6.01480952381667
BG6720,Bulgaria,BG,BG4,BG42,BG425,Кърджали,395.39,2.04109523809998,3.07028571428333,1851.89,-4.23619047618333,-6.01480952381667
BG6721,Bulgaria,BG,BG4,BG42,BG425,Кърджали,395.39,2.04109523809998,3.07028571428333,1851.89,-4.23619047618333,-6.01480952381667
BG6722,Bulgaria,BG,BG4,BG42,BG425,Кърджали,395.39,2.04109523809998,3.07028571428333,1851.89,-4.23619047618333,-6.01480952381667
BG6723,Bulgaria,BG,BG4,BG42,BG425,Кърджали,395.39,2.04109523809998,3.07028571428333,1851.89,-4.23619047618333,-6.01480952381667
BG6724,Bulgaria,BG,BG4,BG42,BG425,Кърджали,395.39,2.04109523809998,3.07028571428333,1851.89,-4.23619047618333,-6.01480952381667
BG6725,Bulgaria,BG,BG4,BG42,BG425,Кърджали,395.39,2.04109523809998,3.07028571428333,1851.89,-4.23619047618333,-6.01480952381667
BG6726,Bulgaria,BG,BG4,BG42,BG425,Кърджали,395.39,2.04109523809998,3.07028571428333,1851.89,-4.23619047618333,-6.01480952381667
BG6727,Bulgaria,BG,BG4,BG42,BG425,Кърджали,395.39,2.04109523809998,3.07028571428333,1851.89,-4.23619047618333,-6.01480952381667
BG6728,Bulgaria,BG,BG4,BG42,BG425,Кърджали,395.39,2.04109523809998,3.07028571428333,1851.89,-4.23619047618333,-6.01480952381667
BG6729,Bulgaria,BG,BG4,BG42,BG425,Кърджали,395.39,2.04109523809998,3.07028571428333,1851.89,-4.23619047618333,-6.01480952381667
BG6730,Bulgaria,BG,BG4,BG42,BG425,Кърджали,395.39,2.04109523809998,3.07028571428333,1851.89,-4.23619047618333,-6.01480952381667
BG6731,Bulgaria,BG,BG4,BG42,BG425,Кърджали,395.39,2.04109523809998,3.07028571428333,1851.89,-4.23619047618333,-6.01480952381667
BG6732,Bulgaria,BG,BG4,BG42,BG425,Кърджали,395.39,2.04109523809998,3.07028571428333,1851.89,-4.23619047618333,-6.01480952381667
BG6733,Bulgaria,BG,BG4,BG42,BG425,Кърджали,395.39,2.04109523809998,3.07028571428333,1851.89,-4.23619047618333,-6.01480952381667
BG6734,Bulgaria,BG,BG4,BG42,BG425,Кърджали,395.39,2.04109523809998,3.07028571428333,1851.89,-4.23619047618333,-6.01480952381667
BG6735,Bulgaria,BG,BG4,BG42,BG425,Кърджали,395.39,2.04109523809998,3.07028571428333,1851.89,-4.23619047618333,-6.01480952381667
BG6737,Bulgaria,BG,BG4,BG42,BG425,Кърджали,395.39,2.04109523809998,3.07028571428333,1851.89,-4.23619047618333,-6.01480952381667
BG6738,Bulgaria,BG,BG4,BG42,BG425,Кърджали,395.39,2.04109523809998,3.07028571428333,1851.89,-4.23619047618333,-6.01480952381667
BG6739,Bulgaria,BG,BG4,BG42,BG425,Кърджали,395.39,2.04109523809998,3.07028571428333,1851.89,-4.23619047618333,-6.01480952381667
BG6741,Bulgaria,BG,BG4,BG42,BG425,Кърджали,395.39,2.04109523809998,3.07028571428333,1851.89,-4.23619047618333,-6.01480952381667
BG6742,Bulgaria,BG,BG4,BG42,BG425,Кърджали,395.39,2.04109523809998,3.07028571428333,1851.89,-4.23619047618333,-6.01480952381667
BG6743,Bulgaria,BG,BG4,BG42,BG425,Кърджали,395.39,2.04109523809998,3.07028571428333,1851.89,-4.23619047618333,-6.01480952381667
BG6744,Bulgaria,BG,BG4,BG42,BG425,Кърджали,395.39,2.04109523809998,3.07028571428333,1851.89,-4.23619047618333,-6.01480952381667
BG6745,Bulgaria,BG,BG4,BG42,BG425,Кърджали,395.39,2.04109523809998,3.07028571428333,1851.89,-4.23619047618333,-6.01480952381667
BG6746,Bulgaria,BG,BG4,BG42,BG425,Кърджали,395.39,2.04109523809998,3.07028571428333,1851.89,-4.23619047618333,-6.01480952381667
BG6747,Bulgaria,BG,BG4,BG42,BG425,Кърджали,395.39,2.04109523809998,3.07028571428333,1851.89,-4.23619047618333,-6.01480952381667
BG6748,Bulgaria,BG,BG4,BG42,BG425,Кърджали,395.39,2.04109523809998,3.07028571428333,1851.89,-4.23619047618333,-6.01480952381667
BG6749,Bulgaria,BG,BG4,BG42,BG425,Кърджали,395.39,2.04109523809998,3.07028571428333,1851.89,-4.23619047618333,-6.01480952381667
BG6750,Bulgaria,BG,BG4,BG42,BG425,Кърджали,395.39,2.04109523809998,3.07028571428333,1851.89,-4.23619047618333,-6.01480952381667
BG6759,Bulgaria,BG,BG4,BG42,BG425,Кърджали,395.39,2.04109523809998,3.07028571428333,1851.89,-4.23619047618333,-6.01480952381667
BG6760,Bulgaria,BG,BG4,BG42,BG425,Кърджали,395.39,2.04109523809998,3.07028571428333,1851.89,-4.23619047618333,-6.01480952381667
BG6761,Bulgaria,BG,BG4,BG42,BG425,Кърджали,395.39,2.04109523809998,3.07028571428333,1851.89,-4.23619047618333,-6.01480952381667
BG6762,Bulgaria,BG,BG4,BG42,BG425,Кърджали,395.39,2.04109523809998,3.07028571428333,1851.89,-4.23619047618333,-6.01480952381667
BG6763,Bulgaria,BG,BG4,BG42,BG425,Кърджали,395.39,2.04109523809998,3.07028571428333,1851.89,-4.23619047618333,-6.01480952381667
BG6764,Bulgaria,BG,BG4,BG42,BG425,Кърджали,395.39,2.04109523809998,3.07028571428333,1851.89,-4.23619047618333,-6.01480952381667
BG6765,Bulgaria,BG,BG4,BG42,BG425,Кърджали,395.39,2.04109523809998,3.07028571428333,1851.89,-4.23619047618333,-6.01480952381667
BG6766,Bulgaria,BG,BG4,BG42,BG425,Кърджали,395.39,2.04109523809998,3.07028571428333,1851.89,-4.23619047618333,-6.01480952381667
BG6767,Bulgaria,BG,BG4,BG42,BG425,Кърджали,395.39,2.04109523809998,3.07028571428333,1851.89,-4.23619047618333,-6.01480952381667
BG6768,Bulgaria,BG,BG4,BG42,BG425,Кърджали,395.39,2.04109523809998,3.07028571428333,1851.89,-4.23619047618333,-6.01480952381667
BG6769,Bulgaria,BG,BG4,BG42,BG425,Кърджали,395.39,2.04109523809998,3.07028571428333,1851.89,-4.23619047618333,-6.01480952381667
BG6770,Bulgaria,BG,BG4,BG42,BG425,Кърджали,395.39,2.04109523809998,3.07028571428333,1851.89,-4.23619047618333,-6.01480952381667
BG6771,Bulgaria,BG,BG4,BG42,BG425,Кърджали,395.39,2.04109523809998,3.07028571428333,1851.89,-4.23619047618333,-6.01480952381667
BG6773,Bulgaria,BG,BG4,BG42,BG425,Кърджали,395.39,2.04109523809998,3.07028571428333,1851.89,-4.23619047618333,-6.01480952381667
BG6774,Bulgaria,BG,BG4,BG42,BG425,Кърджали,395.39,2.04109523809998,3.07028571428333,1851.89,-4.23619047618333,-6.01480952381667
BG6775,Bulgaria,BG,BG4,BG42,BG425,Кърджали,395.39,2.04109523809998,3.07028571428333,1851.89,-4.23619047618333,-6.01480952381667
BG6776,Bulgaria,BG,BG4,BG42,BG425,Кърджали,395.39,2.04109523809998,3.07028571428333,1851.89,-4.23619047618333,-6.01480952381667
BG6777,Bulgaria,BG,BG4,BG42,BG425,Кърджали,395.39,2.04109523809998,3.07028571428333,1851.89,-4.23619047618333,-6.01480952381667
BG6778,Bulgaria,BG,BG4,BG42,BG425,Кърджали,395.39,2.04109523809998,3.07028571428333,1851.89,-4.23619047618333,-6.01480952381667
BG6779,Bulgaria,BG,BG4,BG42,BG425,Кърджали,395.39,2.04109523809998,3.07028571428333,1851.89,-4.23619047618333,-6.01480952381667
BG6780,Bulgaria,BG,BG4,BG42,BG425,Кърджали,395.39,2.04109523809998,3.07028571428333,1851.89,-4.23619047618333,-6.01480952381667
BG6781,Bulgaria,BG,BG4,BG42,BG425,Кърджали,395.39,2.04109523809998,3.07028571428333,1851.89,-4.23619047618333,-6.01480952381667
BG6782,Bulgaria,BG,BG4,BG42,BG425,Кърджали,395.39,2.04109523809998,3.07028571428333,1851.89,-4.23619047618333,-6.01480952381667
BG6783,Bulgaria,BG,BG4,BG42,BG425,Кърджали,395.39,2.04109523809998,3.07028571428333,1851.89,-4.23619047618333,-6.01480952381667
BG6784,Bulgaria,BG,BG4,BG42,BG425,Кърджали,395.39,2.04109523809998,3.07028571428333,1851.89,-4.23619047618333,-6.01480952381667
BG6785,Bulgaria,BG,BG4,BG42,BG425,Кърджали,395.39,2.04109523809998,3.07028571428333,1851.89,-4.23619047618333,-6.01480952381667
BG6786,Bulgaria,BG,BG4,BG42,BG425,Кърджали,395.39,2.04109523809998,3.07028571428333,1851.89,-4.23619047618333,-6.01480952381667
BG6787,Bulgaria,BG,BG4,BG42,BG425,Кърджали,395.39,2.04109523809998,3.07028571428333,1851.89,-4.23619047618333,-6.01480952381667
BG6788,Bulgaria,BG,BG4,BG42,BG425,Кърджали,395.39,2.04109523809998,3.07028571428333,1851.89,-4.23619047618333,-6.01480952381667
BG6789,Bulgaria,BG,BG4,BG42,BG425,Кърджали,395.39,2.04109523809998,3.07028571428333,1851.89,-4.23619047618333,-6.01480952381667
BG6790,Bulgaria,BG,BG4,BG42,BG425,Кърджали,395.39,2.04109523809998,3.07028571428333,1851.89,-4.23619047618333,-6.01480952381667
BG6791,Bulgaria,BG,BG4,BG42,BG425,Кърджали,395.39,2.04109523809998,3.07028571428333,1851.89,-4.23619047618333,-6.01480952381667
BG6792,Bulgaria,BG,BG4,BG42,BG425,Кърджали,395.39,2.04109523809998,3.07028571428333,1851.89,-4.23619047618333,-6.01480952381667
BG6793,Bulgaria,BG,BG4,BG42,BG425,Кърджали,395.39,2.04109523809998,3.07028571428333,1851.89,-4.23619047618333,-6.01480952381667
BG6794,Bulgaria,BG,BG4,BG42,BG425,Кърджали,395.39,2.04109523809998,3.07028571428333,1851.89,-4.23619047618333,-6.01480952381667
BG6795,Bulgaria,BG,BG4,BG42,BG425,Кърджали,395.39,2.04109523809998,3.07028571428333,1851.89,-4.23619047618333,-6.01480952381667
BG6796,Bulgaria,BG,BG4,BG42,BG425,Кърджали,395.39,2.04109523809998,3.07028571428333,1851.89,-4.23619047618333,-6.01480952381667
BG6797,Bulgaria,BG,BG4,BG42,BG425,Кърджали,395.39,2.04109523809998,3.07028571428333,1851.89,-4.23619047618333,-6.01480952381667
BG6798,Bulgaria,BG,BG4,BG42,BG425,Кърджали,395.39,2.04109523809998,3.07028571428333,1851.89,-4.23619047618333,-6.01480952381667
BG6799,Bulgaria,BG,BG4,BG42,BG425,Кърджали,395.39,2.04109523809998,3.07028571428333,1851.89,-4.23619047618333,-6.01480952381667
BG6800,Bulgaria,BG,BG4,BG42,BG425,Кърджали,395.39,2.04109523809998,3.07028571428333,1851.89,-4.23619047618333,-6.01480952381667
BG6809,Bulgaria,BG,BG4,BG42,BG425,Кърджали,395.39,2.04109523809998,3.07028571428333,1851.89,-4.23619047618333,-6.01480952381667
BG6810,Bulgaria,BG,BG4,BG42,BG425,Кърджали,395.39,2.04109523809998,3.07028571428333,1851.89,-4.23619047618333,-6.01480952381667
BG6811,Bulgaria,BG,BG4,BG42,BG425,Кърджали,395.39,2.04109523809998,3.07028571428333,1851.89,-4.23619047618333,-6.01480952381667
BG6812,Bulgaria,BG,BG4,BG42,BG425,Кърджали,395.39,2.04109523809998,3.07028571428333,1851.89,-4.23619047618333,-6.01480952381667
BG6813,Bulgaria,BG,BG4,BG42,BG425,Кърджали,395.39,2.04109523809998,3.07028571428333,1851.89,-4.23619047618333,-6.01480952381667
BG6815,Bulgaria,BG,BG4,BG42,BG425,Кърджали,395.39,2.04109523809998,3.07028571428333,1851.89,-4.23619047618333,-6.01480952381667
BG6816,Bulgaria,BG,BG4,BG42,BG425,Кърджали,395.39,2.04109523809998,3.07028571428333,1851.89,-4.23619047618333,-6.01480952381667
BG6817,Bulgaria,BG,BG4,BG42,BG425,Кърджали,395.39,2.04109523809998,3.07028571428333,1851.89,-4.23619047618333,-6.01480952381667
BG6818,Bulgaria,BG,BG4,BG42,BG425,Кърджали,395.39,2.04109523809998,3.07028571428333,1851.89,-4.23619047618333,-6.01480952381667
BG6819,Bulgaria,BG,BG4,BG42,BG425,Кърджали,395.39,2.04109523809998,3.07028571428333,1851.89,-4.23619047618333,-6.01480952381667
BG6820,Bulgaria,BG,BG4,BG42,BG425,Кърджали,395.39,2.04109523809998,3.07028571428333,1851.89,-4.23619047618333,-6.01480952381667
BG6821,Bulgaria,BG,BG4,BG42,BG425,Кърджали,395.39,2.04109523809998,3.07028571428333,1851.89,-4.23619047618333,-6.01480952381667
BG6822,Bulgaria,BG,BG4,BG42,BG425,Кърджали,395.39,2.04109523809998,3.07028571428333,1851.89,-4.23619047618333,-6.01480952381667
BG6823,Bulgaria,BG,BG4,BG42,BG425,Кърджали,395.39,2.04109523809998,3.07028571428333,1851.89,-4.23619047618333,-6.01480952381667
BG6824,Bulgaria,BG,BG4,BG42,BG425,Кърджали,395.39,2.04109523809998,3.07028571428333,1851.89,-4.23619047618333,-6.01480952381667
BG6825,Bulgaria,BG,BG4,BG42,BG425,Кърджали,395.39,2.04109523809998,3.07028571428333,1851.89,-4.23619047618333,-6.01480952381667
BG6826,Bulgaria,BG,BG4,BG42,BG425,Кърджали,395.39,2.04109523809998,3.07028571428333,1851.89,-4.23619047618333,-6.01480952381667
BG6827,Bulgaria,BG,BG4,BG42,BG425,Кърджали,395.39,2.04109523809998,3.07028571428333,1851.89,-4.23619047618333,-6.01480952381667
BG6828,Bulgaria,BG,BG4,BG42,BG425,Кърджали,395.39,2.04109523809998,3.07028571428333,1851.89,-4.23619047618333,-6.01480952381667
BG6829,Bulgaria,BG,BG4,BG42,BG425,Кърджали,395.39,2.04109523809998,3.07028571428333,1851.89,-4.23619047618333,-6.01480952381667
BG6830,Bulgaria,BG,BG4,BG42,BG425,Кърджали,395.39,2.04109523809998,3.07028571428333,1851.89,-4.23619047618333,-6.01480952381667
BG6831,Bulgaria,BG,BG4,BG42,BG425,Кърджали,395.39,2.04109523809998,3.07028571428333,1851.89,-4.23619047618333,-6.01480952381667
BG6832,Bulgaria,BG,BG4,BG42,BG425,Кърджали,395.39,2.04109523809998,3.07028571428333,1851.89,-4.23619047618333,-6.01480952381667
BG6833,Bulgaria,BG,BG4,BG42,BG425,Кърджали,395.39,2.04109523809998,3.07028571428333,1851.89,-4.23619047618333,-6.01480952381667
BG6834,Bulgaria,BG,BG4,BG42,BG425,Кърджали,395.39,2.04109523809998,3.07028571428333,1851.89,-4.23619047618333,-6.01480952381667
BG6835,Bulgaria,BG,BG4,BG42,BG425,Кърджали,395.39,2.04109523809998,3.07028571428333,1851.89,-4.23619047618333,-6.01480952381667
BG6836,Bulgaria,BG,BG4,BG42,BG425,Кърджали,395.39,2.04109523809998,3.07028571428333,1851.89,-4.23619047618333,-6.01480952381667
BG6837,Bulgaria,BG,BG4,BG42,BG425,Кърджали,395.39,2.04109523809998,3.07028571428333,1851.89,-4.23619047618333,-6.01480952381667
BG6838,Bulgaria,BG,BG4,BG42,BG425,Кърджали,395.39,2.04109523809998,3.07028571428333,1851.89,-4.23619047618333,-6.01480952381667
BG6839,Bulgaria,BG,BG4,BG42,BG425,Кърджали,395.39,2.04109523809998,3.07028571428333,1851.89,-4.23619047618333,-6.01480952381667
BG6840,Bulgaria,BG,BG4,BG42,BG425,Кърджали,395.39,2.04109523809998,3.07028571428333,1851.89,-4.23619047618333,-6.01480952381667
BG6841,Bulgaria,BG,BG4,BG42,BG425,Кърджали,395.39,2.04109523809998,3.07028571428333,1851.89,-4.23619047618333,-6.01480952381667
BG6842,Bulgaria,BG,BG4,BG42,BG425,Кърджали,395.39,2.04109523809998,3.07028571428333,1851.89,-4.23619047618333,-6.01480952381667
BG6843,Bulgaria,BG,BG4,BG42,BG425,Кърджали,395.39,2.04109523809998,3.07028571428333,1851.89,-4.23619047618333,-6.01480952381667
BG6844,Bulgaria,BG,BG4,BG42,BG425,Кърджали,395.39,2.04109523809998,3.07028571428333,1851.89,-4.23619047618333,-6.01480952381667
BG6845,Bulgaria,BG,BG4,BG42,BG425,Кърджали,395.39,2.04109523809998,3.07028571428333,1851.89,-4.23619047618333,-6.01480952381667
BG6846,Bulgaria,BG,BG4,BG42,BG425,Кърджали,395.39,2.04109523809998,3.07028571428333,1851.89,-4.23619047618333,-6.01480952381667
BG6847,Bulgaria,BG,BG4,BG42,BG425,Кърджали,395.39,2.04109523809998,3.07028571428333,1851.89,-4.23619047618333,-6.01480952381667
BG6848,Bulgaria,BG,BG4,BG42,BG425,Кърджали,395.39,2.04109523809998,3.07028571428333,1851.89,-4.23619047618333,-6.01480952381667
BG6849,Bulgaria,BG,BG4,BG42,BG425,Кърджали,395.39,2.04109523809998,3.07028571428333,1851.89,-4.23619047618333,-6.01480952381667
BG6850,Bulgaria,BG,BG4,BG42,BG425,Кърджали,395.39,2.04109523809998,3.07028571428333,1851.89,-4.23619047618333,-6.01480952381667
BG6851,Bulgaria,BG,BG4,BG42,BG425,Кърджали,395.39,2.04109523809998,3.07028571428333,1851.89,-4.23619047618333,-6.01480952381667
BG6852,Bulgaria,BG,BG4,BG42,BG425,Кърджали,395.39,2.04109523809998,3.07028571428333,1851.89,-4.23619047618333,-6.01480952381667
BG6853,Bulgaria,BG,BG4,BG42,BG425,Кърджали,395.39,2.04109523809998,3.07028571428333,1851.89,-4.23619047618333,-6.01480952381667
BG6854,Bulgaria,BG,BG4,BG42,BG425,Кърджали,395.39,2.04109523809998,3.07028571428333,1851.89,-4.23619047618333,-6.01480952381667
BG6855,Bulgaria,BG,BG4,BG42,BG425,Кърджали,395.39,2.04109523809998,3.07028571428333,1851.89,-4.23619047618333,-6.01480952381667
BG6856,Bulgaria,BG,BG4,BG42,BG425,Кърджали,395.39,2.04109523809998,3.07028571428333,1851.89,-4.23619047618333,-6.01480952381667
BG6857,Bulgaria,BG,BG4,BG42,BG425,Кърджали,395.39,2.04109523809998,3.07028571428333,1851.89,-4.23619047618333,-6.01480952381667
BG6858,Bulgaria,BG,BG4,BG42,BG425,Кърджали,395.39,2.04109523809998,3.07028571428333,1851.89,-4.23619047618333,-6.01480952381667
BG6859,Bulgaria,BG,BG4,BG42,BG425,Кърджали,395.39,2.04109523809998,3.07028571428333,1851.89,-4.23619047618333,-6.01480952381667
BG6860,Bulgaria,BG,BG4,BG42,BG425,Кърджали,395.39,2.04109523809998,3.07028571428333,1851.89,-4.23619047618333,-6.01480952381667
BG6861,Bulgaria,BG,BG4,BG42,BG425,Кърджали,395.39,2.04109523809998,3.07028571428333,1851.89,-4.23619047618333,-6.01480952381667
BG6862,Bulgaria,BG,BG4,BG42,BG425,Кърджали,395.39,2.04109523809998,3.07028571428333,1851.89,-4.23619047618333,-6.01480952381667
BG6863,Bulgaria,BG,BG4,BG42,BG425,Кърджали,395.39,2.04109523809998,3.07028571428333,1851.89,-4.23619047618333,-6.01480952381667
BG6865,Bulgaria,BG,BG4,BG42,BG425,Кърджали,395.39,2.04109523809998,3.07028571428333,1851.89,-4.23619047618333,-6.01480952381667
BG6867,Bulgaria,BG,BG4,BG42,BG425,Кърджали,395.39,2.04109523809998,3.07028571428333,1851.89,-4.23619047618333,-6.01480952381667
BG6868,Bulgaria,BG,BG4,BG42,BG425,Кърджали,395.39,2.04109523809998,3.07028571428333,1851.89,-4.23619047618333,-6.01480952381667
BG6869,Bulgaria,BG,BG4,BG42,BG425,Кърджали,395.39,2.04109523809998,3.07028571428333,1851.89,-4.23619047618333,-6.01480952381667
BG6870,Bulgaria,BG,BG4,BG42,BG425,Кърджали,395.39,2.04109523809998,3.07028571428333,1851.89,-4.23619047618333,-6.01480952381667
BG6871,Bulgaria,BG,BG4,BG42,BG425,Кърджали,395.39,2.04109523809998,3.07028571428333,1851.89,-4.23619047618333,-6.01480952381667
BG6872,Bulgaria,BG,BG4,BG42,BG425,Кърджали,395.39,2.04109523809998,3.07028571428333,1851.89,-4.23619047618333,-6.01480952381667
BG6873,Bulgaria,BG,BG4,BG42,BG425,Кърджали,395.39,2.04109523809998,3.07028571428333,1851.89,-4.23619047618333,-6.01480952381667
BG6875,Bulgaria,BG,BG4,BG42,BG425,Кърджали,395.39,2.04109523809998,3.07028571428333,1851.89,-4.23619047618333,-6.01480952381667
BG6876,Bulgaria,BG,BG4,BG42,BG425,Кърджали,395.39,2.04109523809998,3.07028571428333,1851.89,-4.23619047618333,-6.01480952381667
BG6877,Bulgaria,BG,BG4,BG42,BG425,Кърджали,395.39,2.04109523809998,3.07028571428333,1851.89,-4.23619047618333,-6.01480952381667
BG6878,Bulgaria,BG,BG4,BG42,BG425,Кърджали,395.39,2.04109523809998,3.07028571428333,1851.89,-4.23619047618333,-6.01480952381667
BG6880,Bulgaria,BG,BG4,BG42,BG425,Кърджали,395.39,2.04109523809998,3.07028571428333,1851.89,-4.23619047618333,-6.01480952381667
BG6881,Bulgaria,BG,BG4,BG42,BG425,Кърджали,395.39,2.04109523809998,3.07028571428333,1851.89,-4.23619047618333,-6.01480952381667
BG6882,Bulgaria,BG,BG4,BG42,BG425,Кърджали,395.39,2.04109523809998,3.07028571428333,1851.89,-4.23619047618333,-6.01480952381667
BG6883,Bulgaria,BG,BG4,BG42,BG425,Кърджали,395.39,2.04109523809998,3.07028571428333,1851.89,-4.23619047618333,-6.01480952381667
BG6884,Bulgaria,BG,BG4,BG42,BG425,Кърджали,395.39,2.04109523809998,3.07028571428333,1851.89,-4.23619047618333,-6.01480952381667
BG6885,Bulgaria,BG,BG4,BG42,BG425,Кърджали,395.39,2.04109523809998,3.07028571428333,1851.89,-4.23619047618333,-6.01480952381667
BG6886,Bulgaria,BG,BG4,BG42,BG425,Кърджали,395.39,2.04109523809998,3.07028571428333,1851.89,-4.23619047618333,-6.01480952381667
BG6887,Bulgaria,BG,BG4,BG42,BG425,Кърджали,395.39,2.04109523809998,3.07028571428333,1851.89,-4.23619047618333,-6.01480952381667
BG6888,Bulgaria,BG,BG4,BG42,BG425,Кърджали,395.39,2.04109523809998,3.07028571428333,1851.89,-4.23619047618333,-6.01480952381667
BG6890,Bulgaria,BG,BG4,BG42,BG425,Кърджали,395.39,2.04109523809998,3.07028571428333,1851.89,-4.23619047618333,-6.01480952381667
BG6892,Bulgaria,BG,BG4,BG42,BG425,Кърджали,395.39,2.04109523809998,3.07028571428333,1851.89,-4.23619047618333,-6.01480952381667
BG6893,Bulgaria,BG,BG4,BG42,BG425,Кърджали,395.39,2.04109523809998,3.07028571428333,1851.89,-4.23619047618333,-6.01480952381667
BG6894,Bulgaria,BG,BG4,BG42,BG425,Кърджали,395.39,2.04109523809998,3.07028571428333,1851.89,-4.23619047618333,-6.01480952381667
BG6896,Bulgaria,BG,BG4,BG42,BG425,Кърджали,395.39,2.04109523809998,3.07028571428333,1851.89,-4.23619047618333,-6.01480952381667
BG6897,Bulgaria,BG,BG4,BG42,BG425,Кърджали,395.39,2.04109523809998,3.07028571428333,1851.89,-4.23619047618333,-6.01480952381667
BG6898,Bulgaria,BG,BG4,BG42,BG425,Кърджали,395.39,2.04109523809998,3.07028571428333,1851.89,-4.23619047618333,-6.01480952381667
BG6899,Bulgaria,BG,BG4,BG42,BG425,Кърджали,395.39,2.04109523809998,3.07028571428333,1851.89,-4.23619047618333,-6.01480952381667
BG6900,Bulgaria,BG,BG4,BG42,BG425,Кърджали,395.39,2.04109523809998,3.07028571428333,1851.89,-4.23619047618333,-6.01480952381667
BG6907,Bulgaria,BG,BG4,BG42,BG425,Кърджали,395.39,2.04109523809998,3.07028571428333,1851.89,-4.23619047618333,-6.01480952381667
BG6908,Bulgaria,BG,BG4,BG42,BG425,Кърджали,395.39,2.04109523809998,3.07028571428333,1851.89,-4.23619047618333,-6.01480952381667
BG6909,Bulgaria,BG,BG4,BG42,BG425,Кърджали,395.39,2.04109523809998,3.07028571428333,1851.89,-4.23619047618333,-6.01480952381667
BG6910,Bulgaria,BG,BG4,BG42,BG425,Кърджали,395.39,2.04109523809998,3.07028571428333,1851.89,-4.23619047618333,-6.01480952381667
BG6912,Bulgaria,BG,BG4,BG42,BG425,Кърджали,395.39,2.04109523809998,3.07028571428333,1851.89,-4.23619047618333,-6.01480952381667
BG6913,Bulgaria,BG,BG4,BG42,BG425,Кърджали,395.39,2.04109523809998,3.07028571428333,1851.89,-4.23619047618333,-6.01480952381667
BG6914,Bulgaria,BG,BG4,BG42,BG425,Кърджали,395.39,2.04109523809998,3.07028571428333,1851.89,-4.23619047618333,-6.01480952381667
BG6915,Bulgaria,BG,BG4,BG42,BG425,Кърджали,395.39,2.04109523809998,3.07028571428333,1851.89,-4.23619047618333,-6.01480952381667
BG6916,Bulgaria,BG,BG4,BG42,BG425,Кърджали,395.39,2.04109523809998,3.07028571428333,1851.89,-4.23619047618333,-6.01480952381667
BG6917,Bulgaria,BG,BG4,BG42,BG425,Кърджали,395.39,2.04109523809998,3.07028571428333,1851.89,-4.23619047618333,-6.01480952381667
BG6918,Bulgaria,BG,BG4,BG42,BG425,Кърджали,395.39,2.04109523809998,3.07028571428333,1851.89,-4.23619047618333,-6.01480952381667
BG6919,Bulgaria,BG,BG4,BG42,BG425,Кърджали,395.39,2.04109523809998,3.07028571428333,1851.89,-4.23619047618333,-6.01480952381667
BG6920,Bulgaria,BG,BG4,BG42,BG425,Кърджали,395.39,2.04109523809998,3.07028571428333,1851.89,-4.23619047618333,-6.01480952381667
BG6921,Bulgaria,BG,BG4,BG42,BG425,Кърджали,395.39,2.04109523809998,3.07028571428333,1851.89,-4.23619047618333,-6.01480952381667
BG6922,Bulgaria,BG,BG4,BG42,BG425,Кърджали,395.39,2.04109523809998,3.07028571428333,1851.89,-4.23619047618333,-6.01480952381667
BG6923,Bulgaria,BG,BG4,BG42,BG425,Кърджали,395.39,2.04109523809998,3.07028571428333,1851.89,-4.23619047618333,-6.01480952381667
BG6924,Bulgaria,BG,BG4,BG42,BG425,Кърджали,395.39,2.04109523809998,3.07028571428333,1851.89,-4.23619047618333,-6.01480952381667
BG6925,Bulgaria,BG,BG4,BG42,BG425,Кърджали,395.39,2.04109523809998,3.07028571428333,1851.89,-4.23619047618333,-6.01480952381667
BG6926,Bulgaria,BG,BG4,BG42,BG425,Кърджали,395.39,2.04109523809998,3.07028571428333,1851.89,-4.23619047618333,-6.01480952381667
BG6927,Bulgaria,BG,BG4,BG42,BG425,Кърджали,395.39,2.04109523809998,3.07028571428333,1851.89,-4.23619047618333,-6.01480952381667
BG6928,Bulgaria,BG,BG4,BG42,BG425,Кърджали,395.39,2.04109523809998,3.07028571428333,1851.89,-4.23619047618333,-6.01480952381667
BG6929,Bulgaria,BG,BG4,BG42,BG425,Кърджали,395.39,2.04109523809998,3.07028571428333,1851.89,-4.23619047618333,-6.01480952381667
BG6930,Bulgaria,BG,BG4,BG42,BG425,Кърджали,395.39,2.04109523809998,3.07028571428333,1851.89,-4.23619047618333,-6.01480952381667
BG6931,Bulgaria,BG,BG4,BG42,BG425,Кърджали,395.39,2.04109523809998,3.07028571428333,1851.89,-4.23619047618333,-6.01480952381667
BG6932,Bulgaria,BG,BG4,BG42,BG425,Кърджали,395.39,2.04109523809998,3.07028571428333,1851.89,-4.23619047618333,-6.01480952381667
BG6933,Bulgaria,BG,BG4,BG42,BG425,Кърджали,395.39,2.04109523809998,3.07028571428333,1851.89,-4.23619047618333,-6.01480952381667
BG6934,Bulgaria,BG,BG4,BG42,BG425,Кърджали,395.39,2.04109523809998,3.07028571428333,1851.89,-4.23619047618333,-6.01480952381667
BG6935,Bulgaria,BG,BG4,BG42,BG425,Кърджали,395.39,2.04109523809998,3.07028571428333,1851.89,-4.23619047618333,-6.01480952381667
BG6936,Bulgaria,BG,BG4,BG42,BG425,Кърджали,395.39,2.04109523809998,3.07028571428333,1851.89,-4.23619047618333,-6.01480952381667
BG6937,Bulgaria,BG,BG4,BG42,BG425,Кърджали,395.39,2.04109523809998,3.07028571428333,1851.89,-4.23619047618333,-6.01480952381667
BG6938,Bulgaria,BG,BG4,BG42,BG425,Кърджали,395.39,2.04109523809998,3.07028571428333,1851.89,-4.23619047618333,-6.01480952381667
BG6939,Bulgaria,BG,BG4,BG42,BG425,Кърджали,395.39,2.04109523809998,3.07028571428333,1851.89,-4.23619047618333,-6.01480952381667
BG6940,Bulgaria,BG,BG4,BG42,BG425,Кърджали,395.39,2.04109523809998,3.07028571428333,1851.89,-4.23619047618333,-6.01480952381667
BG6941,Bulgaria,BG,BG4,BG42,BG425,Кърджали,395.39,2.04109523809998,3.07028571428333,1851.89,-4.23619047618333,-6.01480952381667
BG6942,Bulgaria,BG,BG4,BG42,BG425,Кърджали,395.39,2.04109523809998,3.07028571428333,1851.89,-4.23619047618333,-6.01480952381667
BG6943,Bulgaria,BG,BG4,BG42,BG425,Кърджали,395.39,2.04109523809998,3.07028571428333,1851.89,-4.23619047618333,-6.01480952381667
BG6944,Bulgaria,BG,BG4,BG42,BG425,Кърджали,395.39,2.04109523809998,3.07028571428333,1851.89,-4.23619047618333,-6.01480952381667
BG6945,Bulgaria,BG,BG4,BG42,BG425,Кърджали,395.39,2.04109523809998,3.07028571428333,1851.89,-4.23619047618333,-6.01480952381667
BG6946,Bulgaria,BG,BG4,BG42,BG425,Кърджали,395.39,2.04109523809998,3.07028571428333,1851.89,-4.23619047618333,-6.01480952381667
BG6947,Bulgaria,BG,BG4,BG42,BG425,Кърджали,395.39,2.04109523809998,3.07028571428333,1851.89,-4.23619047618333,-6.01480952381667
BG6948,Bulgaria,BG,BG4,BG42,BG425,Кърджали,395.39,2.04109523809998,3.07028571428333,1851.89,-4.23619047618333,-6.01480952381667
BG6950,Bulgaria,BG,BG4,BG42,BG425,Кърджали,395.39,2.04109523809998,3.07028571428333,1851.89,-4.23619047618333,-6.01480952381667
BG6952,Bulgaria,BG,BG4,BG42,BG425,Кърджали,395.39,2.04109523809998,3.07028571428333,1851.89,-4.23619047618333,-6.01480952381667
BG6953,Bulgaria,BG,BG4,BG42,BG425,Кърджали,395.39,2.04109523809998,3.07028571428333,1851.89,-4.23619047618333,-6.01480952381667
BG6954,Bulgaria,BG,BG4,BG42,BG425,Кърджали,395.39,2.04109523809998,3.07028571428333,1851.89,-4.23619047618333,-6.01480952381667
BG6955,Bulgaria,BG,BG4,BG42,BG425,Кърджали,395.39,2.04109523809998,3.07028571428333,1851.89,-4.23619047618333,-6.01480952381667
BG6957,Bulgaria,BG,BG4,BG42,BG425,Кърджали,395.39,2.04109523809998,3.07028571428333,1851.89,-4.23619047618333,-6.01480952381667
BG6958,Bulgaria,BG,BG4,BG42,BG425,Кърджали,395.39,2.04109523809998,3.07028571428333,1851.89,-4.23619047618333,-6.01480952381667
BG6959,Bulgaria,BG,BG4,BG42,BG425,Кърджали,395.39,2.04109523809998,3.07028571428333,1851.89,-4.23619047618333,-6.01480952381667
BG6960,Bulgaria,BG,BG4,BG42,BG425,Кърджали,395.39,2.04109523809998,3.07028571428333,1851.89,-4.23619047618333,-6.01480952381667
BG6961,Bulgaria,BG,BG4,BG42,BG425,Кърджали,395.39,2.04109523809998,3.07028571428333,1851.89,-4.23619047618333,-6.01480952381667
BG6962,Bulgaria,BG,BG4,BG42,BG425,Кърджали,395.39,2.04109523809998,3.07028571428333,1851.89,-4.23619047618333,-6.01480952381667
BG6963,Bulgaria,BG,BG4,BG42,BG425,Кърджали,395.39,2.04109523809998,3.07028571428333,1851.89,-4.23619047618333,-6.01480952381667
BG6964,Bulgaria,BG,BG4,BG42,BG425,Кърджали,395.39,2.04109523809998,3.07028571428333,1851.89,-4.23619047618333,-6.01480952381667
BG6965,Bulgaria,BG,BG4,BG42,BG425,Кърджали,395.39,2.04109523809998,3.07028571428333,1851.89,-4.23619047618333,-6.01480952381667
BG6966,Bulgaria,BG,BG4,BG42,BG425,Кърджали,395.39,2.04109523809998,3.07028571428333,1851.89,-4.23619047618333,-6.01480952381667
BG6967,Bulgaria,BG,BG4,BG42,BG425,Кърджали,395.39,2.04109523809998,3.07028571428333,1851.89,-4.23619047618333,-6.01480952381667
BG6968,Bulgaria,BG,BG4,BG42,BG425,Кърджали,395.39,2.04109523809998,3.07028571428333,1851.89,-4.23619047618333,-6.01480952381667
BG6969,Bulgaria,BG,BG4,BG42,BG425,Кърджали,395.39,2.04109523809998,3.07028571428333,1851.89,-4.23619047618333,-6.01480952381667
BG5000,Bulgaria,BG,BG3,BG32,BG321,Велико Търново,454.19,2.12202614378333,3.14120915033333,2068.94,-4.1662745098,-5.83673202614998
BG5027,Bulgaria,BG,BG3,BG32,BG321,Велико Търново,454.19,2.12202614378333,3.14120915033333,2068.94,-4.1662745098,-5.83673202614998
BG5028,Bulgaria,BG,BG3,BG32,BG321,Велико Търново,454.19,2.12202614378333,3.14120915033333,2068.94,-4.1662745098,-5.83673202614998
BG5029,Bulgaria,BG,BG3,BG32,BG321,Велико Търново,454.19,2.12202614378333,3.14120915033333,2068.94,-4.1662745098,-5.83673202614998
BG5030,Bulgaria,BG,BG3,BG32,BG321,Велико Търново,454.19,2.12202614378333,3.14120915033333,2068.94,-4.1662745098,-5.83673202614998
BG5031,Bulgaria,BG,BG3,BG32,BG321,Велико Търново,454.19,2.12202614378333,3.14120915033333,2068.94,-4.1662745098,-5.83673202614998
BG5032,Bulgaria,BG,BG3,BG32,BG321,Велико Търново,454.19,2.12202614378333,3.14120915033333,2068.94,-4.1662745098,-5.83673202614998
BG5033,Bulgaria,BG,BG3,BG32,BG321,Велико Търново,454.19,2.12202614378333,3.14120915033333,2068.94,-4.1662745098,-5.83673202614998
BG5034,Bulgaria,BG,BG3,BG32,BG321,Велико Търново,454.19,2.12202614378333,3.14120915033333,2068.94,-4.1662745098,-5.83673202614998
BG5035,Bulgaria,BG,BG3,BG32,BG321,Велико Търново,454.19,2.12202614378333,3.14120915033333,2068.94,-4.1662745098,-5.83673202614998
BG5037,Bulgaria,BG,BG3,BG32,BG321,Велико Търново,454.19,2.12202614378333,3.14120915033333,2068.94,-4.1662745098,-5.83673202614998
BG5038,Bulgaria,BG,BG3,BG32,BG321,Велико Търново,454.19,2.12202614378333,3.14120915033333,2068.94,-4.1662745098,-5.83673202614998
BG5039,Bulgaria,BG,BG3,BG32,BG321,Велико Търново,454.19,2.12202614378333,3.14120915033333,2068.94,-4.1662745098,-5.83673202614998
BG5040,Bulgaria,BG,BG3,BG32,BG321,Велико Търново,454.19,2.12202614378333,3.14120915033333,2068.94,-4.1662745098,-5.83673202614998
BG5041,Bulgaria,BG,BG3,BG32,BG321,Велико Търново,454.19,2.12202614378333,3.14120915033333,2068.94,-4.1662745098,-5.83673202614998
BG5042,Bulgaria,BG,BG3,BG32,BG321,Велико Търново,454.19,2.12202614378333,3.14120915033333,2068.94,-4.1662745098,-5.83673202614998
BG5043,Bulgaria,BG,BG3,BG32,BG321,Велико Търново,454.19,2.12202614378333,3.14120915033333,2068.94,-4.1662745098,-5.83673202614998
BG5044,Bulgaria,BG,BG3,BG32,BG321,Велико Търново,454.19,2.12202614378333,3.14120915033333,2068.94,-4.1662745098,-5.83673202614998
BG5045,Bulgaria,BG,BG3,BG32,BG321,Велико Търново,454.19,2.12202614378333,3.14120915033333,2068.94,-4.1662745098,-5.83673202614998
BG5046,Bulgaria,BG,BG3,BG32,BG321,Велико Търново,454.19,2.12202614378333,3.14120915033333,2068.94,-4.1662745098,-5.83673202614998
BG5047,Bulgaria,BG,BG3,BG32,BG321,Велико Търново,454.19,2.12202614378333,3.14120915033333,2068.94,-4.1662745098,-5.83673202614998
BG5048,Bulgaria,BG,BG3,BG32,BG321,Велико Търново,454.19,2.12202614378333,3.14120915033333,2068.94,-4.1662745098,-5.83673202614998
BG5049,Bulgaria,BG,BG3,BG32,BG321,Велико Търново,454.19,2.12202614378333,3.14120915033333,2068.94,-4.1662745098,-5.83673202614998
BG5050,Bulgaria,BG,BG3,BG32,BG321,Велико Търново,454.19,2.12202614378333,3.14120915033333,2068.94,-4.1662745098,-5.83673202614998
BG5051,Bulgaria,BG,BG3,BG32,BG321,Велико Търново,454.19,2.12202614378333,3.14120915033333,2068.94,-4.1662745098,-5.83673202614998
BG5052,Bulgaria,BG,BG3,BG32,BG321,Велико Търново,454.19,2.12202614378333,3.14120915033333,2068.94,-4.1662745098,-5.83673202614998
BG5053,Bulgaria,BG,BG3,BG32,BG321,Велико Търново,454.19,2.12202614378333,3.14120915033333,2068.94,-4.1662745098,-5.83673202614998
BG5054,Bulgaria,BG,BG3,BG32,BG321,Велико Търново,454.19,2.12202614378333,3.14120915033333,2068.94,-4.1662745098,-5.83673202614998
BG5055,Bulgaria,BG,BG3,BG32,BG321,Велико Търново,454.19,2.12202614378333,3.14120915033333,2068.94,-4.1662745098,-5.83673202614998
BG5056,Bulgaria,BG,BG3,BG32,BG321,Велико Търново,454.19,2.12202614378333,3.14120915033333,2068.94,-4.1662745098,-5.83673202614998
BG5057,Bulgaria,BG,BG3,BG32,BG321,Велико Търново,454.19,2.12202614378333,3.14120915033333,2068.94,-4.1662745098,-5.83673202614998
BG5058,Bulgaria,BG,BG3,BG32,BG321,Велико Търново,454.19,2.12202614378333,3.14120915033333,2068.94,-4.1662745098,-5.83673202614998
BG5059,Bulgaria,BG,BG3,BG32,BG321,Велико Търново,454.19,2.12202614378333,3.14120915033333,2068.94,-4.1662745098,-5.83673202614998
BG5060,Bulgaria,BG,BG3,BG32,BG321,Велико Търново,454.19,2.12202614378333,3.14120915033333,2068.94,-4.1662745098,-5.83673202614998
BG5061,Bulgaria,BG,BG3,BG32,BG321,Велико Търново,454.19,2.12202614378333,3.14120915033333,2068.94,-4.1662745098,-5.83673202614998
BG5062,Bulgaria,BG,BG3,BG32,BG321,Велико Търново,454.19,2.12202614378333,3.14120915033333,2068.94,-4.1662745098,-5.83673202614998
BG5063,Bulgaria,BG,BG3,BG32,BG321,Велико Търново,454.19,2.12202614378333,3.14120915033333,2068.94,-4.1662745098,-5.83673202614998
BG5064,Bulgaria,BG,BG3,BG32,BG321,Велико Търново,454.19,2.12202614378333,3.14120915033333,2068.94,-4.1662745098,-5.83673202614998
BG5065,Bulgaria,BG,BG3,BG32,BG321,Велико Търново,454.19,2.12202614378333,3.14120915033333,2068.94,-4.1662745098,-5.83673202614998
BG5066,Bulgaria,BG,BG3,BG32,BG321,Велико Търново,454.19,2.12202614378333,3.14120915033333,2068.94,-4.1662745098,-5.83673202614998
BG5067,Bulgaria,BG,BG3,BG32,BG321,Велико Търново,454.19,2.12202614378333,3.14120915033333,2068.94,-4.1662745098,-5.83673202614998
BG5068,Bulgaria,BG,BG3,BG32,BG321,Велико Търново,454.19,2.12202614378333,3.14120915033333,2068.94,-4.1662745098,-5.83673202614998
BG5069,Bulgaria,BG,BG3,BG32,BG321,Велико Търново,454.19,2.12202614378333,3.14120915033333,2068.94,-4.1662745098,-5.83673202614998
BG5070,Bulgaria,BG,BG3,BG32,BG321,Велико Търново,454.19,2.12202614378333,3.14120915033333,2068.94,-4.1662745098,-5.83673202614998
BG5073,Bulgaria,BG,BG3,BG32,BG321,Велико Търново,454.19,2.12202614378333,3.14120915033333,2068.94,-4.1662745098,-5.83673202614998
BG5075,Bulgaria,BG,BG3,BG32,BG321,Велико Търново,454.19,2.12202614378333,3.14120915033333,2068.94,-4.1662745098,-5.83673202614998
BG5079,Bulgaria,BG,BG3,BG32,BG321,Велико Търново,454.19,2.12202614378333,3.14120915033333,2068.94,-4.1662745098,-5.83673202614998
BG5080,Bulgaria,BG,BG3,BG32,BG321,Велико Търново,454.19,2.12202614378333,3.14120915033333,2068.94,-4.1662745098,-5.83673202614998
BG5081,Bulgaria,BG,BG3,BG32,BG321,Велико Търново,454.19,2.12202614378333,3.14120915033333,2068.94,-4.1662745098,-5.83673202614998
BG5082,Bulgaria,BG,BG3,BG32,BG321,Велико Търново,454.19,2.12202614378333,3.14120915033333,2068.94,-4.1662745098,-5.83673202614998
BG5083,Bulgaria,BG,BG3,BG32,BG321,Велико Търново,454.19,2.12202614378333,3.14120915033333,2068.94,-4.1662745098,-5.83673202614998
BG5084,Bulgaria,BG,BG3,BG32,BG321,Велико Търново,454.19,2.12202614378333,3.14120915033333,2068.94,-4.1662745098,-5.83673202614998
BG5085,Bulgaria,BG,BG3,BG32,BG321,Велико Търново,454.19,2.12202614378333,3.14120915033333,2068.94,-4.1662745098,-5.83673202614998
BG5086,Bulgaria,BG,BG3,BG32,BG321,Велико Търново,454.19,2.12202614378333,3.14120915033333,2068.94,-4.1662745098,-5.83673202614998
BG5087,Bulgaria,BG,BG3,BG32,BG321,Велико Търново,454.19,2.12202614378333,3.14120915033333,2068.94,-4.1662745098,-5.83673202614998
BG5088,Bulgaria,BG,BG3,BG32,BG321,Велико Търново,454.19,2.12202614378333,3.14120915033333,2068.94,-4.1662745098,-5.83673202614998
BG5089,Bulgaria,BG,BG3,BG32,BG321,Велико Търново,454.19,2.12202614378333,3.14120915033333,2068.94,-4.1662745098,-5.83673202614998
BG5090,Bulgaria,BG,BG3,BG32,BG321,Велико Търново,454.19,2.12202614378333,3.14120915033333,2068.94,-4.1662745098,-5.83673202614998
BG5091,Bulgaria,BG,BG3,BG32,BG321,Велико Търново,454.19,2.12202614378333,3.14120915033333,2068.94,-4.1662745098,-5.83673202614998
BG5092,Bulgaria,BG,BG3,BG32,BG321,Велико Търново,454.19,2.12202614378333,3.14120915033333,2068.94,-4.1662745098,-5.83673202614998
BG5093,Bulgaria,BG,BG3,BG32,BG321,Велико Търново,454.19,2.12202614378333,3.14120915033333,2068.94,-4.1662745098,-5.83673202614998
BG5094,Bulgaria,BG,BG3,BG32,BG321,Велико Търново,454.19,2.12202614378333,3.14120915033333,2068.94,-4.1662745098,-5.83673202614998
BG5095,Bulgaria,BG,BG3,BG32,BG321,Велико Търново,454.19,2.12202614378333,3.14120915033333,2068.94,-4.1662745098,-5.83673202614998
BG5096,Bulgaria,BG,BG3,BG32,BG321,Велико Търново,454.19,2.12202614378333,3.14120915033333,2068.94,-4.1662745098,-5.83673202614998
BG5097,Bulgaria,BG,BG3,BG32,BG321,Велико Търново,454.19,2.12202614378333,3.14120915033333,2068.94,-4.1662745098,-5.83673202614998
BG5098,Bulgaria,BG,BG3,BG32,BG321,Велико Търново,454.19,2.12202614378333,3.14120915033333,2068.94,-4.1662745098,-5.83673202614998
BG5099,Bulgaria,BG,BG3,BG32,BG321,Велико Търново,454.19,2.12202614378333,3.14120915033333,2068.94,-4.1662745098,-5.83673202614998
BG5100,Bulgaria,BG,BG3,BG32,BG321,Велико Търново,454.19,2.12202614378333,3.14120915033333,2068.94,-4.1662745098,-5.83673202614998
BG5125,Bulgaria,BG,BG3,BG32,BG321,Велико Търново,454.19,2.12202614378333,3.14120915033333,2068.94,-4.1662745098,-5.83673202614998
BG5127,Bulgaria,BG,BG3,BG32,BG321,Велико Търново,454.19,2.12202614378333,3.14120915033333,2068.94,-4.1662745098,-5.83673202614998
BG5128,Bulgaria,BG,BG3,BG32,BG321,Велико Търново,454.19,2.12202614378333,3.14120915033333,2068.94,-4.1662745098,-5.83673202614998
BG5130,Bulgaria,BG,BG3,BG32,BG321,Велико Търново,454.19,2.12202614378333,3.14120915033333,2068.94,-4.1662745098,-5.83673202614998
BG5131,Bulgaria,BG,BG3,BG32,BG321,Велико Търново,454.19,2.12202614378333,3.14120915033333,2068.94,-4.1662745098,-5.83673202614998
BG5132,Bulgaria,BG,BG3,BG32,BG321,Велико Търново,454.19,2.12202614378333,3.14120915033333,2068.94,-4.1662745098,-5.83673202614998
BG5133,Bulgaria,BG,BG3,BG32,BG321,Велико Търново,454.19,2.12202614378333,3.14120915033333,2068.94,-4.1662745098,-5.83673202614998
BG5134,Bulgaria,BG,BG3,BG32,BG321,Велико Търново,454.19,2.12202614378333,3.14120915033333,2068.94,-4.1662745098,-5.83673202614998
BG5135,Bulgaria,BG,BG3,BG32,BG321,Велико Търново,454.19,2.12202614378333,3.14120915033333,2068.94,-4.1662745098,-5.83673202614998
BG5137,Bulgaria,BG,BG3,BG32,BG321,Велико Търново,454.19,2.12202614378333,3.14120915033333,2068.94,-4.1662745098,-5.83673202614998
BG5138,Bulgaria,BG,BG3,BG32,BG321,Велико Търново,454.19,2.12202614378333,3.14120915033333,2068.94,-4.1662745098,-5.83673202614998
BG5139,Bulgaria,BG,BG3,BG32,BG321,Велико Търново,454.19,2.12202614378333,3.14120915033333,2068.94,-4.1662745098,-5.83673202614998
BG5140,Bulgaria,BG,BG3,BG32,BG321,Велико Търново,454.19,2.12202614378333,3.14120915033333,2068.94,-4.1662745098,-5.83673202614998
BG5145,Bulgaria,BG,BG3,BG32,BG321,Велико Търново,454.19,2.12202614378333,3.14120915033333,2068.94,-4.1662745098,-5.83673202614998
BG5147,Bulgaria,BG,BG3,BG32,BG321,Велико Търново,454.19,2.12202614378333,3.14120915033333,2068.94,-4.1662745098,-5.83673202614998
BG5148,Bulgaria,BG,BG3,BG32,BG321,Велико Търново,454.19,2.12202614378333,3.14120915033333,2068.94,-4.1662745098,-5.83673202614998
BG5149,Bulgaria,BG,BG3,BG32,BG321,Велико Търново,454.19,2.12202614378333,3.14120915033333,2068.94,-4.1662745098,-5.83673202614998
BG5150,Bulgaria,BG,BG3,BG32,BG321,Велико Търново,454.19,2.12202614378333,3.14120915033333,2068.94,-4.1662745098,-5.83673202614998
BG5152,Bulgaria,BG,BG3,BG32,BG321,Велико Търново,454.19,2.12202614378333,3.14120915033333,2068.94,-4.1662745098,-5.83673202614998
BG5156,Bulgaria,BG,BG3,BG32,BG321,Велико Търново,454.19,2.12202614378333,3.14120915033333,2068.94,-4.1662745098,-5.83673202614998
BG5157,Bulgaria,BG,BG3,BG32,BG321,Велико Търново,454.19,2.12202614378333,3.14120915033333,2068.94,-4.1662745098,-5.83673202614998
BG5158,Bulgaria,BG,BG3,BG32,BG321,Велико Търново,454.19,2.12202614378333,3.14120915033333,2068.94,-4.1662745098,-5.83673202614998
BG5159,Bulgaria,BG,BG3,BG32,BG321,Велико Търново,454.19,2.12202614378333,3.14120915033333,2068.94,-4.1662745098,-5.83673202614998
BG5160,Bulgaria,BG,BG3,BG32,BG321,Велико Търново,454.19,2.12202614378333,3.14120915033333,2068.94,-4.1662745098,-5.83673202614998
BG5161,Bulgaria,BG,BG3,BG32,BG321,Велико Търново,454.19,2.12202614378333,3.14120915033333,2068.94,-4.1662745098,-5.83673202614998
BG5162,Bulgaria,BG,BG3,BG32,BG321,Велико Търново,454.19,2.12202614378333,3.14120915033333,2068.94,-4.1662745098,-5.83673202614998
BG5163,Bulgaria,BG,BG3,BG32,BG321,Велико Търново,454.19,2.12202614378333,3.14120915033333,2068.94,-4.1662745098,-5.83673202614998
BG5165,Bulgaria,BG,BG3,BG32,BG321,Велико Търново,454.19,2.12202614378333,3.14120915033333,2068.94,-4.1662745098,-5.83673202614998
BG5166,Bulgaria,BG,BG3,BG32,BG321,Велико Търново,454.19,2.12202614378333,3.14120915033333,2068.94,-4.1662745098,-5.83673202614998
BG5167,Bulgaria,BG,BG3,BG32,BG321,Велико Търново,454.19,2.12202614378333,3.14120915033333,2068.94,-4.1662745098,-5.83673202614998
BG5168,Bulgaria,BG,BG3,BG32,BG321,Велико Търново,454.19,2.12202614378333,3.14120915033333,2068.94,-4.1662745098,-5.83673202614998
BG5169,Bulgaria,BG,BG3,BG32,BG321,Велико Търново,454.19,2.12202614378333,3.14120915033333,2068.94,-4.1662745098,-5.83673202614998
BG5170,Bulgaria,BG,BG3,BG32,BG321,Велико Търново,454.19,2.12202614378333,3.14120915033333,2068.94,-4.1662745098,-5.83673202614998
BG5171,Bulgaria,BG,BG3,BG32,BG321,Велико Търново,454.19,2.12202614378333,3.14120915033333,2068.94,-4.1662745098,-5.83673202614998
BG5172,Bulgaria,BG,BG3,BG32,BG321,Велико Търново,454.19,2.12202614378333,3.14120915033333,2068.94,-4.1662745098,-5.83673202614998
BG5173,Bulgaria,BG,BG3,BG32,BG321,Велико Търново,454.19,2.12202614378333,3.14120915033333,2068.94,-4.1662745098,-5.83673202614998
BG5174,Bulgaria,BG,BG3,BG32,BG321,Велико Търново,454.19,2.12202614378333,3.14120915033333,2068.94,-4.1662745098,-5.83673202614998
BG5175,Bulgaria,BG,BG3,BG32,BG321,Велико Търново,454.19,2.12202614378333,3.14120915033333,2068.94,-4.1662745098,-5.83673202614998
BG5176,Bulgaria,BG,BG3,BG32,BG321,Велико Търново,454.19,2.12202614378333,3.14120915033333,2068.94,-4.1662745098,-5.83673202614998
BG5177,Bulgaria,BG,BG3,BG32,BG321,Велико Търново,454.19,2.12202614378333,3.14120915033333,2068.94,-4.1662745098,-5.83673202614998
BG5178,Bulgaria,BG,BG3,BG32,BG321,Велико Търново,454.19,2.12202614378333,3.14120915033333,2068.94,-4.1662745098,-5.83673202614998
BG5179,Bulgaria,BG,BG3,BG32,BG321,Велико Търново,454.19,2.12202614378333,3.14120915033333,2068.94,-4.1662745098,-5.83673202614998
BG5180,Bulgaria,BG,BG3,BG32,BG321,Велико Търново,454.19,2.12202614378333,3.14120915033333,2068.94,-4.1662745098,-5.83673202614998
BG5183,Bulgaria,BG,BG3,BG32,BG321,Велико Търново,454.19,2.12202614378333,3.14120915033333,2068.94,-4.1662745098,-5.83673202614998
BG5184,Bulgaria,BG,BG3,BG32,BG321,Велико Търново,454.19,2.12202614378333,3.14120915033333,2068.94,-4.1662745098,-5.83673202614998
BG5185,Bulgaria,BG,BG3,BG32,BG321,Велико Търново,454.19,2.12202614378333,3.14120915033333,2068.94,-4.1662745098,-5.83673202614998
BG5187,Bulgaria,BG,BG3,BG32,BG321,Велико Търново,454.19,2.12202614378333,3.14120915033333,2068.94,-4.1662745098,-5.83673202614998
BG5188,Bulgaria,BG,BG3,BG32,BG321,Велико Търново,454.19,2.12202614378333,3.14120915033333,2068.94,-4.1662745098,-5.83673202614998
BG5189,Bulgaria,BG,BG3,BG32,BG321,Велико Търново,454.19,2.12202614378333,3.14120915033333,2068.94,-4.1662745098,-5.83673202614998
BG5190,Bulgaria,BG,BG3,BG32,BG321,Велико Търново,454.19,2.12202614378333,3.14120915033333,2068.94,-4.1662745098,-5.83673202614998
BG5191,Bulgaria,BG,BG3,BG32,BG321,Велико Търново,454.19,2.12202614378333,3.14120915033333,2068.94,-4.1662745098,-5.83673202614998
BG5192,Bulgaria,BG,BG3,BG32,BG321,Велико Търново,454.19,2.12202614378333,3.14120915033333,2068.94,-4.1662745098,-5.83673202614998
BG5193,Bulgaria,BG,BG3,BG32,BG321,Велико Търново,454.19,2.12202614378333,3.14120915033333,2068.94,-4.1662745098,-5.83673202614998
BG5194,Bulgaria,BG,BG3,BG32,BG321,Велико Търново,454.19,2.12202614378333,3.14120915033333,2068.94,-4.1662745098,-5.83673202614998
BG5195,Bulgaria,BG,BG3,BG32,BG321,Велико Търново,454.19,2.12202614378333,3.14120915033333,2068.94,-4.1662745098,-5.83673202614998
BG5197,Bulgaria,BG,BG3,BG32,BG321,Велико Търново,454.19,2.12202614378333,3.14120915033333,2068.94,-4.1662745098,-5.83673202614998
BG5198,Bulgaria,BG,BG3,BG32,BG321,Велико Търново,454.19,2.12202614378333,3.14120915033333,2068.94,-4.1662745098,-5.83673202614998
BG5199,Bulgaria,BG,BG3,BG32,BG321,Велико Търново,454.19,2.12202614378333,3.14120915033333,2068.94,-4.1662745098,-5.83673202614998
BG5200,Bulgaria,BG,BG3,BG32,BG321,Велико Търново,454.19,2.12202614378333,3.14120915033333,2068.94,-4.1662745098,-5.83673202614998
BG5220,Bulgaria,BG,BG3,BG32,BG321,Велико Търново,454.19,2.12202614378333,3.14120915033333,2068.94,-4.1662745098,-5.83673202614998
BG5221,Bulgaria,BG,BG3,BG32,BG321,Велико Търново,454.19,2.12202614378333,3.14120915033333,2068.94,-4.1662745098,-5.83673202614998
BG5222,Bulgaria,BG,BG3,BG32,BG321,Велико Търново,454.19,2.12202614378333,3.14120915033333,2068.94,-4.1662745098,-5.83673202614998
BG5223,Bulgaria,BG,BG3,BG32,BG321,Велико Търново,454.19,2.12202614378333,3.14120915033333,2068.94,-4.1662745098,-5.83673202614998
BG5224,Bulgaria,BG,BG3,BG32,BG321,Велико Търново,454.19,2.12202614378333,3.14120915033333,2068.94,-4.1662745098,-5.83673202614998
BG5225,Bulgaria,BG,BG3,BG32,BG321,Велико Търново,454.19,2.12202614378333,3.14120915033333,2068.94,-4.1662745098,-5.83673202614998
BG5227,Bulgaria,BG,BG3,BG32,BG321,Велико Търново,454.19,2.12202614378333,3.14120915033333,2068.94,-4.1662745098,-5.83673202614998
BG5228,Bulgaria,BG,BG3,BG32,BG321,Велико Търново,454.19,2.12202614378333,3.14120915033333,2068.94,-4.1662745098,-5.83673202614998
BG5229,Bulgaria,BG,BG3,BG32,BG321,Велико Търново,454.19,2.12202614378333,3.14120915033333,2068.94,-4.1662745098,-5.83673202614998
BG5230,Bulgaria,BG,BG3,BG32,BG321,Велико Търново,454.19,2.12202614378333,3.14120915033333,2068.94,-4.1662745098,-5.83673202614998
BG5231,Bulgaria,BG,BG3,BG32,BG321,Велико Търново,454.19,2.12202614378333,3.14120915033333,2068.94,-4.1662745098,-5.83673202614998
BG5232,Bulgaria,BG,BG3,BG32,BG321,Велико Търново,454.19,2.12202614378333,3.14120915033333,2068.94,-4.1662745098,-5.83673202614998
BG5233,Bulgaria,BG,BG3,BG32,BG321,Велико Търново,454.19,2.12202614378333,3.14120915033333,2068.94,-4.1662745098,-5.83673202614998
BG5234,Bulgaria,BG,BG3,BG32,BG321,Велико Търново,454.19,2.12202614378333,3.14120915033333,2068.94,-4.1662745098,-5.83673202614998
BG5235,Bulgaria,BG,BG3,BG32,BG321,Велико Търново,454.19,2.12202614378333,3.14120915033333,2068.94,-4.1662745098,-5.83673202614998
BG5237,Bulgaria,BG,BG3,BG32,BG321,Велико Търново,454.19,2.12202614378333,3.14120915033333,2068.94,-4.1662745098,-5.83673202614998
BG5238,Bulgaria,BG,BG3,BG32,BG321,Велико Търново,454.19,2.12202614378333,3.14120915033333,2068.94,-4.1662745098,-5.83673202614998
BG5239,Bulgaria,BG,BG3,BG32,BG321,Велико Търново,454.19,2.12202614378333,3.14120915033333,2068.94,-4.1662745098,-5.83673202614998
BG5240,Bulgaria,BG,BG3,BG32,BG321,Велико Търново,454.19,2.12202614378333,3.14120915033333,2068.94,-4.1662745098,-5.83673202614998
BG5241,Bulgaria,BG,BG3,BG32,BG321,Велико Търново,454.19,2.12202614378333,3.14120915033333,2068.94,-4.1662745098,-5.83673202614998
BG5242,Bulgaria,BG,BG3,BG32,BG321,Велико Търново,454.19,2.12202614378333,3.14120915033333,2068.94,-4.1662745098,-5.83673202614998
BG5247,Bulgaria,BG,BG3,BG32,BG321,Велико Търново,454.19,2.12202614378333,3.14120915033333,2068.94,-4.1662745098,-5.83673202614998
BG5248,Bulgaria,BG,BG3,BG32,BG321,Велико Търново,454.19,2.12202614378333,3.14120915033333,2068.94,-4.1662745098,-5.83673202614998
BG5249,Bulgaria,BG,BG3,BG32,BG321,Велико Търново,454.19,2.12202614378333,3.14120915033333,2068.94,-4.1662745098,-5.83673202614998
BG5250,Bulgaria,BG,BG3,BG32,BG321,Велико Търново,454.19,2.12202614378333,3.14120915033333,2068.94,-4.1662745098,-5.83673202614998
BG5280,Bulgaria,BG,BG3,BG32,BG321,Велико Търново,454.19,2.12202614378333,3.14120915033333,2068.94,-4.1662745098,-5.83673202614998
BG5281,Bulgaria,BG,BG3,BG32,BG321,Велико Търново,454.19,2.12202614378333,3.14120915033333,2068.94,-4.1662745098,-5.83673202614998
BG5282,Bulgaria,BG,BG3,BG32,BG321,Велико Търново,454.19,2.12202614378333,3.14120915033333,2068.94,-4.1662745098,-5.83673202614998
BG5283,Bulgaria,BG,BG3,BG32,BG321,Велико Търново,454.19,2.12202614378333,3.14120915033333,2068.94,-4.1662745098,-5.83673202614998
BG5284,Bulgaria,BG,BG3,BG32,BG321,Велико Търново,454.19,2.12202614378333,3.14120915033333,2068.94,-4.1662745098,-5.83673202614998
BG5285,Bulgaria,BG,BG3,BG32,BG321,Велико Търново,454.19,2.12202614378333,3.14120915033333,2068.94,-4.1662745098,-5.83673202614998
BG5287,Bulgaria,BG,BG3,BG32,BG321,Велико Търново,454.19,2.12202614378333,3.14120915033333,2068.94,-4.1662745098,-5.83673202614998
BG5288,Bulgaria,BG,BG3,BG32,BG321,Велико Търново,454.19,2.12202614378333,3.14120915033333,2068.94,-4.1662745098,-5.83673202614998
BG5289,Bulgaria,BG,BG3,BG32,BG321,Велико Търново,454.19,2.12202614378333,3.14120915033333,2068.94,-4.1662745098,-5.83673202614998
BG5290,Bulgaria,BG,BG3,BG32,BG321,Велико Търново,454.19,2.12202614378333,3.14120915033333,2068.94,-4.1662745098,-5.83673202614998
BG5291,Bulgaria,BG,BG3,BG32,BG321,Велико Търново,454.19,2.12202614378333,3.14120915033333,2068.94,-4.1662745098,-5.83673202614998
BG5292,Bulgaria,BG,BG3,BG32,BG321,Велико Търново,454.19,2.12202614378333,3.14120915033333,2068.94,-4.1662745098,-5.83673202614998
BG5293,Bulgaria,BG,BG3,BG32,BG321,Велико Търново,454.19,2.12202614378333,3.14120915033333,2068.94,-4.1662745098,-5.83673202614998
BG5294,Bulgaria,BG,BG3,BG32,BG321,Велико Търново,454.19,2.12202614378333,3.14120915033333,2068.94,-4.1662745098,-5.83673202614998
BG5295,Bulgaria,BG,BG3,BG32,BG321,Велико Търново,454.19,2.12202614378333,3.14120915033333,2068.94,-4.1662745098,-5.83673202614998
BG6192,Bulgaria,BG,BG3,BG32,BG321,Велико Търново,454.19,2.12202614378333,3.14120915033333,2068.94,-4.1662745098,-5.83673202614998
BG4000,Bulgaria,BG,BG4,BG42,BG421,Пловдив,370.6,1.91431818181667,2.9131060606,2029.99,-4.42957070706667,-6.2567929293
BG4101,Bulgaria,BG,BG4,BG42,BG421,Пловдив,370.6,1.91431818181667,2.9131060606,2029.99,-4.42957070706667,-6.2567929293
BG4102,Bulgaria,BG,BG4,BG42,BG421,Пловдив,370.6,1.91431818181667,2.9131060606,2029.99,-4.42957070706667,-6.2567929293
BG4103,Bulgaria,BG,BG4,BG42,BG421,Пловдив,370.6,1.91431818181667,2.9131060606,2029.99,-4.42957070706667,-6.2567929293
BG4104,Bulgaria,BG,BG4,BG42,BG421,Пловдив,370.6,1.91431818181667,2.9131060606,2029.99,-4.42957070706667,-6.2567929293
BG4105,Bulgaria,BG,BG4,BG42,BG421,Пловдив,370.6,1.91431818181667,2.9131060606,2029.99,-4.42957070706667,-6.2567929293
BG4106,Bulgaria,BG,BG4,BG42,BG421,Пловдив,370.6,1.91431818181667,2.9131060606,2029.99,-4.42957070706667,-6.2567929293
BG4107,Bulgaria,BG,BG4,BG42,BG421,Пловдив,370.6,1.91431818181667,2.9131060606,2029.99,-4.42957070706667,-6.2567929293
BG4108,Bulgaria,BG,BG4,BG42,BG421,Пловдив,370.6,1.91431818181667,2.9131060606,2029.99,-4.42957070706667,-6.2567929293
BG4109,Bulgaria,BG,BG4,BG42,BG421,Пловдив,370.6,1.91431818181667,2.9131060606,2029.99,-4.42957070706667,-6.2567929293
BG4110,Bulgaria,BG,BG4,BG42,BG421,Пловдив,370.6,1.91431818181667,2.9131060606,2029.99,-4.42957070706667,-6.2567929293
BG4111,Bulgaria,BG,BG4,BG42,BG421,Пловдив,370.6,1.91431818181667,2.9131060606,2029.99,-4.42957070706667,-6.2567929293
BG4112,Bulgaria,BG,BG4,BG42,BG421,Пловдив,370.6,1.91431818181667,2.9131060606,2029.99,-4.42957070706667,-6.2567929293
BG4113,Bulgaria,BG,BG4,BG42,BG421,Пловдив,370.6,1.91431818181667,2.9131060606,2029.99,-4.42957070706667,-6.2567929293
BG4114,Bulgaria,BG,BG4,BG42,BG421,Пловдив,370.6,1.91431818181667,2.9131060606,2029.99,-4.42957070706667,-6.2567929293
BG4115,Bulgaria,BG,BG4,BG42,BG421,Пловдив,370.6,1.91431818181667,2.9131060606,2029.99,-4.42957070706667,-6.2567929293
BG4116,Bulgaria,BG,BG4,BG42,BG421,Пловдив,370.6,1.91431818181667,2.9131060606,2029.99,-4.42957070706667,-6.2567929293
BG4117,Bulgaria,BG,BG4,BG42,BG421,Пловдив,370.6,1.91431818181667,2.9131060606,2029.99,-4.42957070706667,-6.2567929293
BG4118,Bulgaria,BG,BG4,BG42,BG421,Пловдив,370.6,1.91431818181667,2.9131060606,2029.99,-4.42957070706667,-6.2567929293
BG4119,Bulgaria,BG,BG4,BG42,BG421,Пловдив,370.6,1.91431818181667,2.9131060606,2029.99,-4.42957070706667,-6.2567929293
BG4120,Bulgaria,BG,BG4,BG42,BG421,Пловдив,370.6,1.91431818181667,2.9131060606,2029.99,-4.42957070706667,-6.2567929293
BG4121,Bulgaria,BG,BG4,BG42,BG421,Пловдив,370.6,1.91431818181667,2.9131060606,2029.99,-4.42957070706667,-6.2567929293
BG4122,Bulgaria,BG,BG4,BG42,BG421,Пловдив,370.6,1.91431818181667,2.9131060606,2029.99,-4.42957070706667,-6.2567929293
BG4123,Bulgaria,BG,BG4,BG42,BG421,Пловдив,370.6,1.91431818181667,2.9131060606,2029.99,-4.42957070706667,-6.2567929293
BG4124,Bulgaria,BG,BG4,BG42,BG421,Пловдив,370.6,1.91431818181667,2.9131060606,2029.99,-4.42957070706667,-6.2567929293
BG4125,Bulgaria,BG,BG4,BG42,BG421,Пловдив,370.6,1.91431818181667,2.9131060606,2029.99,-4.42957070706667,-6.2567929293
BG4126,Bulgaria,BG,BG4,BG42,BG421,Пловдив,370.6,1.91431818181667,2.9131060606,2029.99,-4.42957070706667,-6.2567929293
BG4127,Bulgaria,BG,BG4,BG42,BG421,Пловдив,370.6,1.91431818181667,2.9131060606,2029.99,-4.42957070706667,-6.2567929293
BG4128,Bulgaria,BG,BG4,BG42,BG421,Пловдив,370.6,1.91431818181667,2.9131060606,2029.99,-4.42957070706667,-6.2567929293
BG4129,Bulgaria,BG,BG4,BG42,BG421,Пловдив,370.6,1.91431818181667,2.9131060606,2029.99,-4.42957070706667,-6.2567929293
BG4130,Bulgaria,BG,BG4,BG42,BG421,Пловдив,370.6,1.91431818181667,2.9131060606,2029.99,-4.42957070706667,-6.2567929293
BG4131,Bulgaria,BG,BG4,BG42,BG421,Пловдив,370.6,1.91431818181667,2.9131060606,2029.99,-4.42957070706667,-6.2567929293
BG4132,Bulgaria,BG,BG4,BG42,BG421,Пловдив,370.6,1.91431818181667,2.9131060606,2029.99,-4.42957070706667,-6.2567929293
BG4133,Bulgaria,BG,BG4,BG42,BG421,Пловдив,370.6,1.91431818181667,2.9131060606,2029.99,-4.42957070706667,-6.2567929293
BG4134,Bulgaria,BG,BG4,BG42,BG421,Пловдив,370.6,1.91431818181667,2.9131060606,2029.99,-4.42957070706667,-6.2567929293
BG4135,Bulgaria,BG,BG4,BG42,BG421,Пловдив,370.6,1.91431818181667,2.9131060606,2029.99,-4.42957070706667,-6.2567929293
BG4136,Bulgaria,BG,BG4,BG42,BG421,Пловдив,370.6,1.91431818181667,2.9131060606,2029.99,-4.42957070706667,-6.2567929293
BG4137,Bulgaria,BG,BG4,BG42,BG421,Пловдив,370.6,1.91431818181667,2.9131060606,2029.99,-4.42957070706667,-6.2567929293
BG4138,Bulgaria,BG,BG4,BG42,BG421,Пловдив,370.6,1.91431818181667,2.9131060606,2029.99,-4.42957070706667,-6.2567929293
BG4139,Bulgaria,BG,BG4,BG42,BG421,Пловдив,370.6,1.91431818181667,2.9131060606,2029.99,-4.42957070706667,-6.2567929293
BG4140,Bulgaria,BG,BG4,BG42,BG421,Пловдив,370.6,1.91431818181667,2.9131060606,2029.99,-4.42957070706667,-6.2567929293
BG4141,Bulgaria,BG,BG4,BG42,BG421,Пловдив,370.6,1.91431818181667,2.9131060606,2029.99,-4.42957070706667,-6.2567929293
BG4142,Bulgaria,BG,BG4,BG42,BG421,Пловдив,370.6,1.91431818181667,2.9131060606,2029.99,-4.42957070706667,-6.2567929293
BG4143,Bulgaria,BG,BG4,BG42,BG421,Пловдив,370.6,1.91431818181667,2.9131060606,2029.99,-4.42957070706667,-6.2567929293
BG4144,Bulgaria,BG,BG4,BG42,BG421,Пловдив,370.6,1.91431818181667,2.9131060606,2029.99,-4.42957070706667,-6.2567929293
BG4145,Bulgaria,BG,BG4,BG42,BG421,Пловдив,370.6,1.91431818181667,2.9131060606,2029.99,-4.42957070706667,-6.2567929293
BG4146,Bulgaria,BG,BG4,BG42,BG421,Пловдив,370.6,1.91431818181667,2.9131060606,2029.99,-4.42957070706667,-6.2567929293
BG4147,Bulgaria,BG,BG4,BG42,BG421,Пловдив,370.6,1.91431818181667,2.9131060606,2029.99,-4.42957070706667,-6.2567929293
BG4148,Bulgaria,BG,BG4,BG42,BG421,Пловдив,370.6,1.91431818181667,2.9131060606,2029.99,-4.42957070706667,-6.2567929293
BG4149,Bulgaria,BG,BG4,BG42,BG421,Пловдив,370.6,1.91431818181667,2.9131060606,2029.99,-4.42957070706667,-6.2567929293
BG4150,Bulgaria,BG,BG4,BG42,BG421,Пловдив,370.6,1.91431818181667,2.9131060606,2029.99,-4.42957070706667,-6.2567929293
BG4152,Bulgaria,BG,BG4,BG42,BG421,Пловдив,370.6,1.91431818181667,2.9131060606,2029.99,-4.42957070706667,-6.2567929293
BG4153,Bulgaria,BG,BG4,BG42,BG421,Пловдив,370.6,1.91431818181667,2.9131060606,2029.99,-4.42957070706667,-6.2567929293
BG4154,Bulgaria,BG,BG4,BG42,BG421,Пловдив,370.6,1.91431818181667,2.9131060606,2029.99,-4.42957070706667,-6.2567929293
BG4155,Bulgaria,BG,BG4,BG42,BG421,Пловдив,370.6,1.91431818181667,2.9131060606,2029.99,-4.42957070706667,-6.2567929293
BG4156,Bulgaria,BG,BG4,BG42,BG421,Пловдив,370.6,1.91431818181667,2.9131060606,2029.99,-4.42957070706667,-6.2567929293
BG4157,Bulgaria,BG,BG4,BG42,BG421,Пловдив,370.6,1.91431818181667,2.9131060606,2029.99,-4.42957070706667,-6.2567929293
BG4158,Bulgaria,BG,BG4,BG42,BG421,Пловдив,370.6,1.91431818181667,2.9131060606,2029.99,-4.42957070706667,-6.2567929293
BG4159,Bulgaria,BG,BG4,BG42,BG421,Пловдив,370.6,1.91431818181667,2.9131060606,2029.99,-4.42957070706667,-6.2567929293
BG4160,Bulgaria,BG,BG4,BG42,BG421,Пловдив,370.6,1.91431818181667,2.9131060606,2029.99,-4.42957070706667,-6.2567929293
BG4161,Bulgaria,BG,BG4,BG42,BG421,Пловдив,370.6,1.91431818181667,2.9131060606,2029.99,-4.42957070706667,-6.2567929293
BG4162,Bulgaria,BG,BG4,BG42,BG421,Пловдив,370.6,1.91431818181667,2.9131060606,2029.99,-4.42957070706667,-6.2567929293
BG4163,Bulgaria,BG,BG4,BG42,BG421,Пловдив,370.6,1.91431818181667,2.9131060606,2029.99,-4.42957070706667,-6.2567929293
BG4164,Bulgaria,BG,BG4,BG42,BG421,Пловдив,370.6,1.91431818181667,2.9131060606,2029.99,-4.42957070706667,-6.2567929293
BG4165,Bulgaria,BG,BG4,BG42,BG421,Пловдив,370.6,1.91431818181667,2.9131060606,2029.99,-4.42957070706667,-6.2567929293
BG4167,Bulgaria,BG,BG4,BG42,BG421,Пловдив,370.6,1.91431818181667,2.9131060606,2029.99,-4.42957070706667,-6.2567929293
BG4168,Bulgaria,BG,BG4,BG42,BG421,Пловдив,370.6,1.91431818181667,2.9131060606,2029.99,-4.42957070706667,-6.2567929293
BG4169,Bulgaria,BG,BG4,BG42,BG421,Пловдив,370.6,1.91431818181667,2.9131060606,2029.99,-4.42957070706667,-6.2567929293
BG4170,Bulgaria,BG,BG4,BG42,BG421,Пловдив,370.6,1.91431818181667,2.9131060606,2029.99,-4.42957070706667,-6.2567929293
BG4171,Bulgaria,BG,BG4,BG42,BG421,Пловдив,370.6,1.91431818181667,2.9131060606,2029.99,-4.42957070706667,-6.2567929293
BG4172,Bulgaria,BG,BG4,BG42,BG421,Пловдив,370.6,1.91431818181667,2.9131060606,2029.99,-4.42957070706667,-6.2567929293
BG4173,Bulgaria,BG,BG4,BG42,BG421,Пловдив,370.6,1.91431818181667,2.9131060606,2029.99,-4.42957070706667,-6.2567929293
BG4174,Bulgaria,BG,BG4,BG42,BG421,Пловдив,370.6,1.91431818181667,2.9131060606,2029.99,-4.42957070706667,-6.2567929293
BG4175,Bulgaria,BG,BG4,BG42,BG421,Пловдив,370.6,1.91431818181667,2.9131060606,2029.99,-4.42957070706667,-6.2567929293
BG4176,Bulgaria,BG,BG4,BG42,BG421,Пловдив,370.6,1.91431818181667,2.9131060606,2029.99,-4.42957070706667,-6.2567929293
BG4177,Bulgaria,BG,BG4,BG42,BG421,Пловдив,370.6,1.91431818181667,2.9131060606,2029.99,-4.42957070706667,-6.2567929293
BG4178,Bulgaria,BG,BG4,BG42,BG421,Пловдив,370.6,1.91431818181667,2.9131060606,2029.99,-4.42957070706667,-6.2567929293
BG4179,Bulgaria,BG,BG4,BG42,BG421,Пловдив,370.6,1.91431818181667,2.9131060606,2029.99,-4.42957070706667,-6.2567929293
BG4180,Bulgaria,BG,BG4,BG42,BG421,Пловдив,370.6,1.91431818181667,2.9131060606,2029.99,-4.42957070706667,-6.2567929293
BG4181,Bulgaria,BG,BG4,BG42,BG421,Пловдив,370.6,1.91431818181667,2.9131060606,2029.99,-4.42957070706667,-6.2567929293
BG4182,Bulgaria,BG,BG4,BG42,BG421,Пловдив,370.6,1.91431818181667,2.9131060606,2029.99,-4.42957070706667,-6.2567929293
BG4183,Bulgaria,BG,BG4,BG42,BG421,Пловдив,370.6,1.91431818181667,2.9131060606,2029.99,-4.42957070706667,-6.2567929293
BG4184,Bulgaria,BG,BG4,BG42,BG421,Пловдив,370.6,1.91431818181667,2.9131060606,2029.99,-4.42957070706667,-6.2567929293
BG4185,Bulgaria,BG,BG4,BG42,BG421,Пловдив,370.6,1.91431818181667,2.9131060606,2029.99,-4.42957070706667,-6.2567929293
BG4187,Bulgaria,BG,BG4,BG42,BG421,Пловдив,370.6,1.91431818181667,2.9131060606,2029.99,-4.42957070706667,-6.2567929293
BG4188,Bulgaria,BG,BG4,BG42,BG421,Пловдив,370.6,1.91431818181667,2.9131060606,2029.99,-4.42957070706667,-6.2567929293
BG4189,Bulgaria,BG,BG4,BG42,BG421,Пловдив,370.6,1.91431818181667,2.9131060606,2029.99,-4.42957070706667,-6.2567929293
BG4190,Bulgaria,BG,BG4,BG42,BG421,Пловдив,370.6,1.91431818181667,2.9131060606,2029.99,-4.42957070706667,-6.2567929293
BG4191,Bulgaria,BG,BG4,BG42,BG421,Пловдив,370.6,1.91431818181667,2.9131060606,2029.99,-4.42957070706667,-6.2567929293
BG4192,Bulgaria,BG,BG4,BG42,BG421,Пловдив,370.6,1.91431818181667,2.9131060606,2029.99,-4.42957070706667,-6.2567929293
BG4193,Bulgaria,BG,BG4,BG42,BG421,Пловдив,370.6,1.91431818181667,2.9131060606,2029.99,-4.42957070706667,-6.2567929293
BG4194,Bulgaria,BG,BG4,BG42,BG421,Пловдив,370.6,1.91431818181667,2.9131060606,2029.99,-4.42957070706667,-6.2567929293
BG4195,Bulgaria,BG,BG4,BG42,BG421,Пловдив,370.6,1.91431818181667,2.9131060606,2029.99,-4.42957070706667,-6.2567929293
BG4196,Bulgaria,BG,BG4,BG42,BG421,Пловдив,370.6,1.91431818181667,2.9131060606,2029.99,-4.42957070706667,-6.2567929293
BG4197,Bulgaria,BG,BG4,BG42,BG421,Пловдив,370.6,1.91431818181667,2.9131060606,2029.99,-4.42957070706667,-6.2567929293
BG4198,Bulgaria,BG,BG4,BG42,BG421,Пловдив,370.6,1.91431818181667,2.9131060606,2029.99,-4.42957070706667,-6.2567929293
BG4199,Bulgaria,BG,BG4,BG42,BG421,Пловдив,370.6,1.91431818181667,2.9131060606,2029.99,-4.42957070706667,-6.2567929293
BG4201,Bulgaria,BG,BG4,BG42,BG421,Пловдив,370.6,1.91431818181667,2.9131060606,2029.99,-4.42957070706667,-6.2567929293
BG4202,Bulgaria,BG,BG4,BG42,BG421,Пловдив,370.6,1.91431818181667,2.9131060606,2029.99,-4.42957070706667,-6.2567929293
BG4204,Bulgaria,BG,BG4,BG42,BG421,Пловдив,370.6,1.91431818181667,2.9131060606,2029.99,-4.42957070706667,-6.2567929293
BG4205,Bulgaria,BG,BG4,BG42,BG421,Пловдив,370.6,1.91431818181667,2.9131060606,2029.99,-4.42957070706667,-6.2567929293
BG4207,Bulgaria,BG,BG4,BG42,BG421,Пловдив,370.6,1.91431818181667,2.9131060606,2029.99,-4.42957070706667,-6.2567929293
BG4208,Bulgaria,BG,BG4,BG42,BG421,Пловдив,370.6,1.91431818181667,2.9131060606,2029.99,-4.42957070706667,-6.2567929293
BG4209,Bulgaria,BG,BG4,BG42,BG421,Пловдив,370.6,1.91431818181667,2.9131060606,2029.99,-4.42957070706667,-6.2567929293
BG4210,Bulgaria,BG,BG4,BG42,BG421,Пловдив,370.6,1.91431818181667,2.9131060606,2029.99,-4.42957070706667,-6.2567929293
BG4218,Bulgaria,BG,BG4,BG42,BG421,Пловдив,370.6,1.91431818181667,2.9131060606,2029.99,-4.42957070706667,-6.2567929293
BG4219,Bulgaria,BG,BG4,BG42,BG421,Пловдив,370.6,1.91431818181667,2.9131060606,2029.99,-4.42957070706667,-6.2567929293
BG4220,Bulgaria,BG,BG4,BG42,BG421,Пловдив,370.6,1.91431818181667,2.9131060606,2029.99,-4.42957070706667,-6.2567929293
BG4221,Bulgaria,BG,BG4,BG42,BG421,Пловдив,370.6,1.91431818181667,2.9131060606,2029.99,-4.42957070706667,-6.2567929293
BG4222,Bulgaria,BG,BG4,BG42,BG421,Пловдив,370.6,1.91431818181667,2.9131060606,2029.99,-4.42957070706667,-6.2567929293
BG4223,Bulgaria,BG,BG4,BG42,BG421,Пловдив,370.6,1.91431818181667,2.9131060606,2029.99,-4.42957070706667,-6.2567929293
BG4224,Bulgaria,BG,BG4,BG42,BG421,Пловдив,370.6,1.91431818181667,2.9131060606,2029.99,-4.42957070706667,-6.2567929293
BG4225,Bulgaria,BG,BG4,BG42,BG421,Пловдив,370.6,1.91431818181667,2.9131060606,2029.99,-4.42957070706667,-6.2567929293
BG4226,Bulgaria,BG,BG4,BG42,BG421,Пловдив,370.6,1.91431818181667,2.9131060606,2029.99,-4.42957070706667,-6.2567929293
BG4228,Bulgaria,BG,BG4,BG42,BG421,Пловдив,370.6,1.91431818181667,2.9131060606,2029.99,-4.42957070706667,-6.2567929293
BG4230,Bulgaria,BG,BG4,BG42,BG421,Пловдив,370.6,1.91431818181667,2.9131060606,2029.99,-4.42957070706667,-6.2567929293
BG4233,Bulgaria,BG,BG4,BG42,BG421,Пловдив,370.6,1.91431818181667,2.9131060606,2029.99,-4.42957070706667,-6.2567929293
BG4234,Bulgaria,BG,BG4,BG42,BG421,Пловдив,370.6,1.91431818181667,2.9131060606,2029.99,-4.42957070706667,-6.2567929293
BG4235,Bulgaria,BG,BG4,BG42,BG421,Пловдив,370.6,1.91431818181667,2.9131060606,2029.99,-4.42957070706667,-6.2567929293
BG4236,Bulgaria,BG,BG4,BG42,BG421,Пловдив,370.6,1.91431818181667,2.9131060606,2029.99,-4.42957070706667,-6.2567929293
BG4237,Bulgaria,BG,BG4,BG42,BG421,Пловдив,370.6,1.91431818181667,2.9131060606,2029.99,-4.42957070706667,-6.2567929293
BG4238,Bulgaria,BG,BG4,BG42,BG421,Пловдив,370.6,1.91431818181667,2.9131060606,2029.99,-4.42957070706667,-6.2567929293
BG4242,Bulgaria,BG,BG4,BG42,BG421,Пловдив,370.6,1.91431818181667,2.9131060606,2029.99,-4.42957070706667,-6.2567929293
BG4244,Bulgaria,BG,BG4,BG42,BG421,Пловдив,370.6,1.91431818181667,2.9131060606,2029.99,-4.42957070706667,-6.2567929293
BG4248,Bulgaria,BG,BG4,BG42,BG421,Пловдив,370.6,1.91431818181667,2.9131060606,2029.99,-4.42957070706667,-6.2567929293
BG4249,Bulgaria,BG,BG4,BG42,BG421,Пловдив,370.6,1.91431818181667,2.9131060606,2029.99,-4.42957070706667,-6.2567929293
BG4251,Bulgaria,BG,BG4,BG42,BG421,Пловдив,370.6,1.91431818181667,2.9131060606,2029.99,-4.42957070706667,-6.2567929293
BG4252,Bulgaria,BG,BG4,BG42,BG421,Пловдив,370.6,1.91431818181667,2.9131060606,2029.99,-4.42957070706667,-6.2567929293
BG4253,Bulgaria,BG,BG4,BG42,BG421,Пловдив,370.6,1.91431818181667,2.9131060606,2029.99,-4.42957070706667,-6.2567929293
BG4254,Bulgaria,BG,BG4,BG42,BG421,Пловдив,370.6,1.91431818181667,2.9131060606,2029.99,-4.42957070706667,-6.2567929293
BG4255,Bulgaria,BG,BG4,BG42,BG421,Пловдив,370.6,1.91431818181667,2.9131060606,2029.99,-4.42957070706667,-6.2567929293
BG4256,Bulgaria,BG,BG4,BG42,BG421,Пловдив,370.6,1.91431818181667,2.9131060606,2029.99,-4.42957070706667,-6.2567929293
BG4257,Bulgaria,BG,BG4,BG42,BG421,Пловдив,370.6,1.91431818181667,2.9131060606,2029.99,-4.42957070706667,-6.2567929293
BG4258,Bulgaria,BG,BG4,BG42,BG421,Пловдив,370.6,1.91431818181667,2.9131060606,2029.99,-4.42957070706667,-6.2567929293
BG4259,Bulgaria,BG,BG4,BG42,BG421,Пловдив,370.6,1.91431818181667,2.9131060606,2029.99,-4.42957070706667,-6.2567929293
BG4260,Bulgaria,BG,BG4,BG42,BG421,Пловдив,370.6,1.91431818181667,2.9131060606,2029.99,-4.42957070706667,-6.2567929293
BG4261,Bulgaria,BG,BG4,BG42,BG421,Пловдив,370.6,1.91431818181667,2.9131060606,2029.99,-4.42957070706667,-6.2567929293
BG4262,Bulgaria,BG,BG4,BG42,BG421,Пловдив,370.6,1.91431818181667,2.9131060606,2029.99,-4.42957070706667,-6.2567929293
BG4263,Bulgaria,BG,BG4,BG42,BG421,Пловдив,370.6,1.91431818181667,2.9131060606,2029.99,-4.42957070706667,-6.2567929293
BG4264,Bulgaria,BG,BG4,BG42,BG421,Пловдив,370.6,1.91431818181667,2.9131060606,2029.99,-4.42957070706667,-6.2567929293
BG4265,Bulgaria,BG,BG4,BG42,BG421,Пловдив,370.6,1.91431818181667,2.9131060606,2029.99,-4.42957070706667,-6.2567929293
BG4266,Bulgaria,BG,BG4,BG42,BG421,Пловдив,370.6,1.91431818181667,2.9131060606,2029.99,-4.42957070706667,-6.2567929293
BG4267,Bulgaria,BG,BG4,BG42,BG421,Пловдив,370.6,1.91431818181667,2.9131060606,2029.99,-4.42957070706667,-6.2567929293
BG4268,Bulgaria,BG,BG4,BG42,BG421,Пловдив,370.6,1.91431818181667,2.9131060606,2029.99,-4.42957070706667,-6.2567929293
BG4269,Bulgaria,BG,BG4,BG42,BG421,Пловдив,370.6,1.91431818181667,2.9131060606,2029.99,-4.42957070706667,-6.2567929293
BG4270,Bulgaria,BG,BG4,BG42,BG421,Пловдив,370.6,1.91431818181667,2.9131060606,2029.99,-4.42957070706667,-6.2567929293
BG4280,Bulgaria,BG,BG4,BG42,BG421,Пловдив,370.6,1.91431818181667,2.9131060606,2029.99,-4.42957070706667,-6.2567929293
BG4281,Bulgaria,BG,BG4,BG42,BG421,Пловдив,370.6,1.91431818181667,2.9131060606,2029.99,-4.42957070706667,-6.2567929293
BG4282,Bulgaria,BG,BG4,BG42,BG421,Пловдив,370.6,1.91431818181667,2.9131060606,2029.99,-4.42957070706667,-6.2567929293
BG4283,Bulgaria,BG,BG4,BG42,BG421,Пловдив,370.6,1.91431818181667,2.9131060606,2029.99,-4.42957070706667,-6.2567929293
BG4284,Bulgaria,BG,BG4,BG42,BG421,Пловдив,370.6,1.91431818181667,2.9131060606,2029.99,-4.42957070706667,-6.2567929293
BG4285,Bulgaria,BG,BG4,BG42,BG421,Пловдив,370.6,1.91431818181667,2.9131060606,2029.99,-4.42957070706667,-6.2567929293
BG4287,Bulgaria,BG,BG4,BG42,BG421,Пловдив,370.6,1.91431818181667,2.9131060606,2029.99,-4.42957070706667,-6.2567929293
BG4288,Bulgaria,BG,BG4,BG42,BG421,Пловдив,370.6,1.91431818181667,2.9131060606,2029.99,-4.42957070706667,-6.2567929293
BG4289,Bulgaria,BG,BG4,BG42,BG421,Пловдив,370.6,1.91431818181667,2.9131060606,2029.99,-4.42957070706667,-6.2567929293
BG4290,Bulgaria,BG,BG4,BG42,BG421,Пловдив,370.6,1.91431818181667,2.9131060606,2029.99,-4.42957070706667,-6.2567929293
BG4291,Bulgaria,BG,BG4,BG42,BG421,Пловдив,370.6,1.91431818181667,2.9131060606,2029.99,-4.42957070706667,-6.2567929293
BG4293,Bulgaria,BG,BG4,BG42,BG421,Пловдив,370.6,1.91431818181667,2.9131060606,2029.99,-4.42957070706667,-6.2567929293
BG4294,Bulgaria,BG,BG4,BG42,BG421,Пловдив,370.6,1.91431818181667,2.9131060606,2029.99,-4.42957070706667,-6.2567929293
BG4295,Bulgaria,BG,BG4,BG42,BG421,Пловдив,370.6,1.91431818181667,2.9131060606,2029.99,-4.42957070706667,-6.2567929293
BG4297,Bulgaria,BG,BG4,BG42,BG421,Пловдив,370.6,1.91431818181667,2.9131060606,2029.99,-4.42957070706667,-6.2567929293
BG4298,Bulgaria,BG,BG4,BG42,BG421,Пловдив,370.6,1.91431818181667,2.9131060606,2029.99,-4.42957070706667,-6.2567929293
BG4300,Bulgaria,BG,BG4,BG42,BG421,Пловдив,370.6,1.91431818181667,2.9131060606,2029.99,-4.42957070706667,-6.2567929293
BG4330,Bulgaria,BG,BG4,BG42,BG421,Пловдив,370.6,1.91431818181667,2.9131060606,2029.99,-4.42957070706667,-6.2567929293
BG4331,Bulgaria,BG,BG4,BG42,BG421,Пловдив,370.6,1.91431818181667,2.9131060606,2029.99,-4.42957070706667,-6.2567929293
BG4333,Bulgaria,BG,BG4,BG42,BG421,Пловдив,370.6,1.91431818181667,2.9131060606,2029.99,-4.42957070706667,-6.2567929293
BG4334,Bulgaria,BG,BG4,BG42,BG421,Пловдив,370.6,1.91431818181667,2.9131060606,2029.99,-4.42957070706667,-6.2567929293
BG4335,Bulgaria,BG,BG4,BG42,BG421,Пловдив,370.6,1.91431818181667,2.9131060606,2029.99,-4.42957070706667,-6.2567929293
BG4337,Bulgaria,BG,BG4,BG42,BG421,Пловдив,370.6,1.91431818181667,2.9131060606,2029.99,-4.42957070706667,-6.2567929293
BG4338,Bulgaria,BG,BG4,BG42,BG421,Пловдив,370.6,1.91431818181667,2.9131060606,2029.99,-4.42957070706667,-6.2567929293
BG4339,Bulgaria,BG,BG4,BG42,BG421,Пловдив,370.6,1.91431818181667,2.9131060606,2029.99,-4.42957070706667,-6.2567929293
BG4340,Bulgaria,BG,BG4,BG42,BG421,Пловдив,370.6,1.91431818181667,2.9131060606,2029.99,-4.42957070706667,-6.2567929293
BG4341,Bulgaria,BG,BG4,BG42,BG421,Пловдив,370.6,1.91431818181667,2.9131060606,2029.99,-4.42957070706667,-6.2567929293
BG4342,Bulgaria,BG,BG4,BG42,BG421,Пловдив,370.6,1.91431818181667,2.9131060606,2029.99,-4.42957070706667,-6.2567929293
BG4343,Bulgaria,BG,BG4,BG42,BG421,Пловдив,370.6,1.91431818181667,2.9131060606,2029.99,-4.42957070706667,-6.2567929293
BG4344,Bulgaria,BG,BG4,BG42,BG421,Пловдив,370.6,1.91431818181667,2.9131060606,2029.99,-4.42957070706667,-6.2567929293
BG4345,Bulgaria,BG,BG4,BG42,BG421,Пловдив,370.6,1.91431818181667,2.9131060606,2029.99,-4.42957070706667,-6.2567929293
BG4347,Bulgaria,BG,BG4,BG42,BG421,Пловдив,370.6,1.91431818181667,2.9131060606,2029.99,-4.42957070706667,-6.2567929293
BG4348,Bulgaria,BG,BG4,BG42,BG421,Пловдив,370.6,1.91431818181667,2.9131060606,2029.99,-4.42957070706667,-6.2567929293
BG4349,Bulgaria,BG,BG4,BG42,BG421,Пловдив,370.6,1.91431818181667,2.9131060606,2029.99,-4.42957070706667,-6.2567929293
BG4350,Bulgaria,BG,BG4,BG42,BG421,Пловдив,370.6,1.91431818181667,2.9131060606,2029.99,-4.42957070706667,-6.2567929293
BG4351,Bulgaria,BG,BG4,BG42,BG421,Пловдив,370.6,1.91431818181667,2.9131060606,2029.99,-4.42957070706667,-6.2567929293
BG4352,Bulgaria,BG,BG4,BG42,BG421,Пловдив,370.6,1.91431818181667,2.9131060606,2029.99,-4.42957070706667,-6.2567929293
BG4353,Bulgaria,BG,BG4,BG42,BG421,Пловдив,370.6,1.91431818181667,2.9131060606,2029.99,-4.42957070706667,-6.2567929293
BG4354,Bulgaria,BG,BG4,BG42,BG421,Пловдив,370.6,1.91431818181667,2.9131060606,2029.99,-4.42957070706667,-6.2567929293
BG4355,Bulgaria,BG,BG4,BG42,BG421,Пловдив,370.6,1.91431818181667,2.9131060606,2029.99,-4.42957070706667,-6.2567929293
BG4357,Bulgaria,BG,BG4,BG42,BG421,Пловдив,370.6,1.91431818181667,2.9131060606,2029.99,-4.42957070706667,-6.2567929293
BG4358,Bulgaria,BG,BG4,BG42,BG421,Пловдив,370.6,1.91431818181667,2.9131060606,2029.99,-4.42957070706667,-6.2567929293
BG4359,Bulgaria,BG,BG4,BG42,BG421,Пловдив,370.6,1.91431818181667,2.9131060606,2029.99,-4.42957070706667,-6.2567929293
BG4360,Bulgaria,BG,BG4,BG42,BG421,Пловдив,370.6,1.91431818181667,2.9131060606,2029.99,-4.42957070706667,-6.2567929293
BG4361,Bulgaria,BG,BG4,BG42,BG421,Пловдив,370.6,1.91431818181667,2.9131060606,2029.99,-4.42957070706667,-6.2567929293
BG4362,Bulgaria,BG,BG4,BG42,BG421,Пловдив,370.6,1.91431818181667,2.9131060606,2029.99,-4.42957070706667,-6.2567929293
BG4363,Bulgaria,BG,BG4,BG42,BG421,Пловдив,370.6,1.91431818181667,2.9131060606,2029.99,-4.42957070706667,-6.2567929293
BG4364,Bulgaria,BG,BG4,BG42,BG421,Пловдив,370.6,1.91431818181667,2.9131060606,2029.99,-4.42957070706667,-6.2567929293
BG4365,Bulgaria,BG,BG4,BG42,BG421,Пловдив,370.6,1.91431818181667,2.9131060606,2029.99,-4.42957070706667,-6.2567929293
BG4367,Bulgaria,BG,BG4,BG42,BG421,Пловдив,370.6,1.91431818181667,2.9131060606,2029.99,-4.42957070706667,-6.2567929293
BG4368,Bulgaria,BG,BG4,BG42,BG421,Пловдив,370.6,1.91431818181667,2.9131060606,2029.99,-4.42957070706667,-6.2567929293
BG4369,Bulgaria,BG,BG4,BG42,BG421,Пловдив,370.6,1.91431818181667,2.9131060606,2029.99,-4.42957070706667,-6.2567929293
BG4370,Bulgaria,BG,BG4,BG42,BG421,Пловдив,370.6,1.91431818181667,2.9131060606,2029.99,-4.42957070706667,-6.2567929293
BG4427,Bulgaria,BG,BG4,BG42,BG421,Пловдив,370.6,1.91431818181667,2.9131060606,2029.99,-4.42957070706667,-6.2567929293
BG4441,Bulgaria,BG,BG4,BG42,BG421,Пловдив,370.6,1.91431818181667,2.9131060606,2029.99,-4.42957070706667,-6.2567929293
BG4860,Bulgaria,BG,BG4,BG42,BG421,Пловдив,370.6,1.91431818181667,2.9131060606,2029.99,-4.42957070706667,-6.2567929293
BG4863,Bulgaria,BG,BG4,BG42,BG421,Пловдив,370.6,1.91431818181667,2.9131060606,2029.99,-4.42957070706667,-6.2567929293
BG4864,Bulgaria,BG,BG4,BG42,BG421,Пловдив,370.6,1.91431818181667,2.9131060606,2029.99,-4.42957070706667,-6.2567929293
BG4865,Bulgaria,BG,BG4,BG42,BG421,Пловдив,370.6,1.91431818181667,2.9131060606,2029.99,-4.42957070706667,-6.2567929293
BG4868,Bulgaria,BG,BG4,BG42,BG421,Пловдив,370.6,1.91431818181667,2.9131060606,2029.99,-4.42957070706667,-6.2567929293
BG4869,Bulgaria,BG,BG4,BG42,BG421,Пловдив,370.6,1.91431818181667,2.9131060606,2029.99,-4.42957070706667,-6.2567929293
BG4873,Bulgaria,BG,BG4,BG42,BG421,Пловдив,370.6,1.91431818181667,2.9131060606,2029.99,-4.42957070706667,-6.2567929293
BG4874,Bulgaria,BG,BG4,BG42,BG421,Пловдив,370.6,1.91431818181667,2.9131060606,2029.99,-4.42957070706667,-6.2567929293
BG4875,Bulgaria,BG,BG4,BG42,BG421,Пловдив,370.6,1.91431818181667,2.9131060606,2029.99,-4.42957070706667,-6.2567929293
BG4880,Bulgaria,BG,BG4,BG42,BG421,Пловдив,370.6,1.91431818181667,2.9131060606,2029.99,-4.42957070706667,-6.2567929293
BG4887,Bulgaria,BG,BG4,BG42,BG421,Пловдив,370.6,1.91431818181667,2.9131060606,2029.99,-4.42957070706667,-6.2567929293
BG4888,Bulgaria,BG,BG4,BG42,BG421,Пловдив,370.6,1.91431818181667,2.9131060606,2029.99,-4.42957070706667,-6.2567929293
BG6045,Bulgaria,BG,BG4,BG42,BG421,Пловдив,370.6,1.91431818181667,2.9131060606,2029.99,-4.42957070706667,-6.2567929293
BG9700,Bulgaria,BG,BG3,BG33,BG333,Шумен,367.84,2.04693693693333,3.08499999999998,2068.02,-4.32684684685,-6.01094594594998
BG9745,Bulgaria,BG,BG3,BG33,BG333,Шумен,367.84,2.04693693693333,3.08499999999998,2068.02,-4.32684684685,-6.01094594594998
BG9746,Bulgaria,BG,BG3,BG33,BG333,Шумен,367.84,2.04693693693333,3.08499999999998,2068.02,-4.32684684685,-6.01094594594998
BG9747,Bulgaria,BG,BG3,BG33,BG333,Шумен,367.84,2.04693693693333,3.08499999999998,2068.02,-4.32684684685,-6.01094594594998
BG9748,Bulgaria,BG,BG3,BG33,BG333,Шумен,367.84,2.04693693693333,3.08499999999998,2068.02,-4.32684684685,-6.01094594594998
BG9750,Bulgaria,BG,BG3,BG33,BG333,Шумен,367.84,2.04693693693333,3.08499999999998,2068.02,-4.32684684685,-6.01094594594998
BG9751,Bulgaria,BG,BG3,BG33,BG333,Шумен,367.84,2.04693693693333,3.08499999999998,2068.02,-4.32684684685,-6.01094594594998
BG9752,Bulgaria,BG,BG3,BG33,BG333,Шумен,367.84,2.04693693693333,3.08499999999998,2068.02,-4.32684684685,-6.01094594594998
BG9753,Bulgaria,BG,BG3,BG33,BG333,Шумен,367.84,2.04693693693333,3.08499999999998,2068.02,-4.32684684685,-6.01094594594998
BG9754,Bulgaria,BG,BG3,BG33,BG333,Шумен,367.84,2.04693693693333,3.08499999999998,2068.02,-4.32684684685,-6.01094594594998
BG9755,Bulgaria,BG,BG3,BG33,BG333,Шумен,367.84,2.04693693693333,3.08499999999998,2068.02,-4.32684684685,-6.01094594594998
BG9758,Bulgaria,BG,BG3,BG33,BG333,Шумен,367.84,2.04693693693333,3.08499999999998,2068.02,-4.32684684685,-6.01094594594998
BG9759,Bulgaria,BG,BG3,BG33,BG333,Шумен,367.84,2.04693693693333,3.08499999999998,2068.02,-4.32684684685,-6.01094594594998
BG9760,Bulgaria,BG,BG3,BG33,BG333,Шумен,367.84,2.04693693693333,3.08499999999998,2068.02,-4.32684684685,-6.01094594594998
BG9762,Bulgaria,BG,BG3,BG33,BG333,Шумен,367.84,2.04693693693333,3.08499999999998,2068.02,-4.32684684685,-6.01094594594998
BG9763,Bulgaria,BG,BG3,BG33,BG333,Шумен,367.84,2.04693693693333,3.08499999999998,2068.02,-4.32684684685,-6.01094594594998
BG9764,Bulgaria,BG,BG3,BG33,BG333,Шумен,367.84,2.04693693693333,3.08499999999998,2068.02,-4.32684684685,-6.01094594594998
BG9765,Bulgaria,BG,BG3,BG33,BG333,Шумен,367.84,2.04693693693333,3.08499999999998,2068.02,-4.32684684685,-6.01094594594998
BG9767,Bulgaria,BG,BG3,BG33,BG333,Шумен,367.84,2.04693693693333,3.08499999999998,2068.02,-4.32684684685,-6.01094594594998
BG9768,Bulgaria,BG,BG3,BG33,BG333,Шумен,367.84,2.04693693693333,3.08499999999998,2068.02,-4.32684684685,-6.01094594594998
BG9769,Bulgaria,BG,BG3,BG33,BG333,Шумен,367.84,2.04693693693333,3.08499999999998,2068.02,-4.32684684685,-6.01094594594998
BG9770,Bulgaria,BG,BG3,BG33,BG333,Шумен,367.84,2.04693693693333,3.08499999999998,2068.02,-4.32684684685,-6.01094594594998
BG9771,Bulgaria,BG,BG3,BG33,BG333,Шумен,367.84,2.04693693693333,3.08499999999998,2068.02,-4.32684684685,-6.01094594594998
BG9772,Bulgaria,BG,BG3,BG33,BG333,Шумен,367.84,2.04693693693333,3.08499999999998,2068.02,-4.32684684685,-6.01094594594998
BG9773,Bulgaria,BG,BG3,BG33,BG333,Шумен,367.84,2.04693693693333,3.08499999999998,2068.02,-4.32684684685,-6.01094594594998
BG9774,Bulgaria,BG,BG3,BG33,BG333,Шумен,367.84,2.04693693693333,3.08499999999998,2068.02,-4.32684684685,-6.01094594594998
BG9775,Bulgaria,BG,BG3,BG33,BG333,Шумен,367.84,2.04693693693333,3.08499999999998,2068.02,-4.32684684685,-6.01094594594998
BG9777,Bulgaria,BG,BG3,BG33,BG333,Шумен,367.84,2.04693693693333,3.08499999999998,2068.02,-4.32684684685,-6.01094594594998
BG9778,Bulgaria,BG,BG3,BG33,BG333,Шумен,367.84,2.04693693693333,3.08499999999998,2068.02,-4.32684684685,-6.01094594594998
BG9779,Bulgaria,BG,BG3,BG33,BG333,Шумен,367.84,2.04693693693333,3.08499999999998,2068.02,-4.32684684685,-6.01094594594998
BG9780,Bulgaria,BG,BG3,BG33,BG333,Шумен,367.84,2.04693693693333,3.08499999999998,2068.02,-4.32684684685,-6.01094594594998
BG9781,Bulgaria,BG,BG3,BG33,BG333,Шумен,367.84,2.04693693693333,3.08499999999998,2068.02,-4.32684684685,-6.01094594594998
BG9782,Bulgaria,BG,BG3,BG33,BG333,Шумен,367.84,2.04693693693333,3.08499999999998,2068.02,-4.32684684685,-6.01094594594998
BG9783,Bulgaria,BG,BG3,BG33,BG333,Шумен,367.84,2.04693693693333,3.08499999999998,2068.02,-4.32684684685,-6.01094594594998
BG9784,Bulgaria,BG,BG3,BG33,BG333,Шумен,367.84,2.04693693693333,3.08499999999998,2068.02,-4.32684684685,-6.01094594594998
BG9785,Bulgaria,BG,BG3,BG33,BG333,Шумен,367.84,2.04693693693333,3.08499999999998,2068.02,-4.32684684685,-6.01094594594998
BG9787,Bulgaria,BG,BG3,BG33,BG333,Шумен,367.84,2.04693693693333,3.08499999999998,2068.02,-4.32684684685,-6.01094594594998
BG9788,Bulgaria,BG,BG3,BG33,BG333,Шумен,367.84,2.04693693693333,3.08499999999998,2068.02,-4.32684684685,-6.01094594594998
BG9789,Bulgaria,BG,BG3,BG33,BG333,Шумен,367.84,2.04693693693333,3.08499999999998,2068.02,-4.32684684685,-6.01094594594998
BG9790,Bulgaria,BG,BG3,BG33,BG333,Шумен,367.84,2.04693693693333,3.08499999999998,2068.02,-4.32684684685,-6.01094594594998
BG9791,Bulgaria,BG,BG3,BG33,BG333,Шумен,367.84,2.04693693693333,3.08499999999998,2068.02,-4.32684684685,-6.01094594594998
BG9792,Bulgaria,BG,BG3,BG33,BG333,Шумен,367.84,2.04693693693333,3.08499999999998,2068.02,-4.32684684685,-6.01094594594998
BG9793,Bulgaria,BG,BG3,BG33,BG333,Шумен,367.84,2.04693693693333,3.08499999999998,2068.02,-4.32684684685,-6.01094594594998
BG9794,Bulgaria,BG,BG3,BG33,BG333,Шумен,367.84,2.04693693693333,3.08499999999998,2068.02,-4.32684684685,-6.01094594594998
BG9795,Bulgaria,BG,BG3,BG33,BG333,Шумен,367.84,2.04693693693333,3.08499999999998,2068.02,-4.32684684685,-6.01094594594998
BG9797,Bulgaria,BG,BG3,BG33,BG333,Шумен,367.84,2.04693693693333,3.08499999999998,2068.02,-4.32684684685,-6.01094594594998
BG9798,Bulgaria,BG,BG3,BG33,BG333,Шумен,367.84,2.04693693693333,3.08499999999998,2068.02,-4.32684684685,-6.01094594594998
BG9799,Bulgaria,BG,BG3,BG33,BG333,Шумен,367.84,2.04693693693333,3.08499999999998,2068.02,-4.32684684685,-6.01094594594998
BG9801,Bulgaria,BG,BG3,BG33,BG333,Шумен,367.84,2.04693693693333,3.08499999999998,2068.02,-4.32684684685,-6.01094594594998
BG9802,Bulgaria,BG,BG3,BG33,BG333,Шумен,367.84,2.04693693693333,3.08499999999998,2068.02,-4.32684684685,-6.01094594594998
BG9803,Bulgaria,BG,BG3,BG33,BG333,Шумен,367.84,2.04693693693333,3.08499999999998,2068.02,-4.32684684685,-6.01094594594998
BG9804,Bulgaria,BG,BG3,BG33,BG333,Шумен,367.84,2.04693693693333,3.08499999999998,2068.02,-4.32684684685,-6.01094594594998
BG9805,Bulgaria,BG,BG3,BG33,BG333,Шумен,367.84,2.04693693693333,3.08499999999998,2068.02,-4.32684684685,-6.01094594594998
BG9806,Bulgaria,BG,BG3,BG33,BG333,Шумен,367.84,2.04693693693333,3.08499999999998,2068.02,-4.32684684685,-6.01094594594998
BG9807,Bulgaria,BG,BG3,BG33,BG333,Шумен,367.84,2.04693693693333,3.08499999999998,2068.02,-4.32684684685,-6.01094594594998
BG9808,Bulgaria,BG,BG3,BG33,BG333,Шумен,367.84,2.04693693693333,3.08499999999998,2068.02,-4.32684684685,-6.01094594594998
BG9809,Bulgaria,BG,BG3,BG33,BG333,Шумен,367.84,2.04693693693333,3.08499999999998,2068.02,-4.32684684685,-6.01094594594998
BG9810,Bulgaria,BG,BG3,BG33,BG333,Шумен,367.84,2.04693693693333,3.08499999999998,2068.02,-4.32684684685,-6.01094594594998
BG9811,Bulgaria,BG,BG3,BG33,BG333,Шумен,367.84,2.04693693693333,3.08499999999998,2068.02,-4.32684684685,-6.01094594594998
BG9812,Bulgaria,BG,BG3,BG33,BG333,Шумен,367.84,2.04693693693333,3.08499999999998,2068.02,-4.32684684685,-6.01094594594998
BG9813,Bulgaria,BG,BG3,BG33,BG333,Шумен,367.84,2.04693693693333,3.08499999999998,2068.02,-4.32684684685,-6.01094594594998
BG9814,Bulgaria,BG,BG3,BG33,BG333,Шумен,367.84,2.04693693693333,3.08499999999998,2068.02,-4.32684684685,-6.01094594594998
BG9815,Bulgaria,BG,BG3,BG33,BG333,Шумен,367.84,2.04693693693333,3.08499999999998,2068.02,-4.32684684685,-6.01094594594998
BG9816,Bulgaria,BG,BG3,BG33,BG333,Шумен,367.84,2.04693693693333,3.08499999999998,2068.02,-4.32684684685,-6.01094594594998
BG9817,Bulgaria,BG,BG3,BG33,BG333,Шумен,367.84,2.04693693693333,3.08499999999998,2068.02,-4.32684684685,-6.01094594594998
BG9820,Bulgaria,BG,BG3,BG33,BG333,Шумен,367.84,2.04693693693333,3.08499999999998,2068.02,-4.32684684685,-6.01094594594998
BG9821,Bulgaria,BG,BG3,BG33,BG333,Шумен,367.84,2.04693693693333,3.08499999999998,2068.02,-4.32684684685,-6.01094594594998
BG9822,Bulgaria,BG,BG3,BG33,BG333,Шумен,367.84,2.04693693693333,3.08499999999998,2068.02,-4.32684684685,-6.01094594594998
BG9823,Bulgaria,BG,BG3,BG33,BG333,Шумен,367.84,2.04693693693333,3.08499999999998,2068.02,-4.32684684685,-6.01094594594998
BG9824,Bulgaria,BG,BG3,BG33,BG333,Шумен,367.84,2.04693693693333,3.08499999999998,2068.02,-4.32684684685,-6.01094594594998
BG9825,Bulgaria,BG,BG3,BG33,BG333,Шумен,367.84,2.04693693693333,3.08499999999998,2068.02,-4.32684684685,-6.01094594594998
BG9826,Bulgaria,BG,BG3,BG33,BG333,Шумен,367.84,2.04693693693333,3.08499999999998,2068.02,-4.32684684685,-6.01094594594998
BG9827,Bulgaria,BG,BG3,BG33,BG333,Шумен,367.84,2.04693693693333,3.08499999999998,2068.02,-4.32684684685,-6.01094594594998
BG9828,Bulgaria,BG,BG3,BG33,BG333,Шумен,367.84,2.04693693693333,3.08499999999998,2068.02,-4.32684684685,-6.01094594594998
BG9829,Bulgaria,BG,BG3,BG33,BG333,Шумен,367.84,2.04693693693333,3.08499999999998,2068.02,-4.32684684685,-6.01094594594998
BG9830,Bulgaria,BG,BG3,BG33,BG333,Шумен,367.84,2.04693693693333,3.08499999999998,2068.02,-4.32684684685,-6.01094594594998
BG9850,Bulgaria,BG,BG3,BG33,BG333,Шумен,367.84,2.04693693693333,3.08499999999998,2068.02,-4.32684684685,-6.01094594594998
BG9859,Bulgaria,BG,BG3,BG33,BG333,Шумен,367.84,2.04693693693333,3.08499999999998,2068.02,-4.32684684685,-6.01094594594998
BG9860,Bulgaria,BG,BG3,BG33,BG333,Шумен,367.84,2.04693693693333,3.08499999999998,2068.02,-4.32684684685,-6.01094594594998
BG9861,Bulgaria,BG,BG3,BG33,BG333,Шумен,367.84,2.04693693693333,3.08499999999998,2068.02,-4.32684684685,-6.01094594594998
BG9862,Bulgaria,BG,BG3,BG33,BG333,Шумен,367.84,2.04693693693333,3.08499999999998,2068.02,-4.32684684685,-6.01094594594998
BG9863,Bulgaria,BG,BG3,BG33,BG333,Шумен,367.84,2.04693693693333,3.08499999999998,2068.02,-4.32684684685,-6.01094594594998
BG9864,Bulgaria,BG,BG3,BG33,BG333,Шумен,367.84,2.04693693693333,3.08499999999998,2068.02,-4.32684684685,-6.01094594594998
BG9865,Bulgaria,BG,BG3,BG33,BG333,Шумен,367.84,2.04693693693333,3.08499999999998,2068.02,-4.32684684685,-6.01094594594998
BG9867,Bulgaria,BG,BG3,BG33,BG333,Шумен,367.84,2.04693693693333,3.08499999999998,2068.02,-4.32684684685,-6.01094594594998
BG9868,Bulgaria,BG,BG3,BG33,BG333,Шумен,367.84,2.04693693693333,3.08499999999998,2068.02,-4.32684684685,-6.01094594594998
BG9869,Bulgaria,BG,BG3,BG33,BG333,Шумен,367.84,2.04693693693333,3.08499999999998,2068.02,-4.32684684685,-6.01094594594998
BG9870,Bulgaria,BG,BG3,BG33,BG333,Шумен,367.84,2.04693693693333,3.08499999999998,2068.02,-4.32684684685,-6.01094594594998
BG9871,Bulgaria,BG,BG3,BG33,BG333,Шумен,367.84,2.04693693693333,3.08499999999998,2068.02,-4.32684684685,-6.01094594594998
BG9872,Bulgaria,BG,BG3,BG33,BG333,Шумен,367.84,2.04693693693333,3.08499999999998,2068.02,-4.32684684685,-6.01094594594998
BG9873,Bulgaria,BG,BG3,BG33,BG333,Шумен,367.84,2.04693693693333,3.08499999999998,2068.02,-4.32684684685,-6.01094594594998
BG9874,Bulgaria,BG,BG3,BG33,BG333,Шумен,367.84,2.04693693693333,3.08499999999998,2068.02,-4.32684684685,-6.01094594594998
BG9877,Bulgaria,BG,BG3,BG33,BG333,Шумен,367.84,2.04693693693333,3.08499999999998,2068.02,-4.32684684685,-6.01094594594998
BG9878,Bulgaria,BG,BG3,BG33,BG333,Шумен,367.84,2.04693693693333,3.08499999999998,2068.02,-4.32684684685,-6.01094594594998
BG9879,Bulgaria,BG,BG3,BG33,BG333,Шумен,367.84,2.04693693693333,3.08499999999998,2068.02,-4.32684684685,-6.01094594594998
BG9880,Bulgaria,BG,BG3,BG33,BG333,Шумен,367.84,2.04693693693333,3.08499999999998,2068.02,-4.32684684685,-6.01094594594998
BG9881,Bulgaria,BG,BG3,BG33,BG333,Шумен,367.84,2.04693693693333,3.08499999999998,2068.02,-4.32684684685,-6.01094594594998
BG9882,Bulgaria,BG,BG3,BG33,BG333,Шумен,367.84,2.04693693693333,3.08499999999998,2068.02,-4.32684684685,-6.01094594594998
BG9883,Bulgaria,BG,BG3,BG33,BG333,Шумен,367.84,2.04693693693333,3.08499999999998,2068.02,-4.32684684685,-6.01094594594998
BG9884,Bulgaria,BG,BG3,BG33,BG333,Шумен,367.84,2.04693693693333,3.08499999999998,2068.02,-4.32684684685,-6.01094594594998
BG9885,Bulgaria,BG,BG3,BG33,BG333,Шумен,367.84,2.04693693693333,3.08499999999998,2068.02,-4.32684684685,-6.01094594594998
BG9887,Bulgaria,BG,BG3,BG33,BG333,Шумен,367.84,2.04693693693333,3.08499999999998,2068.02,-4.32684684685,-6.01094594594998
BG9888,Bulgaria,BG,BG3,BG33,BG333,Шумен,367.84,2.04693693693333,3.08499999999998,2068.02,-4.32684684685,-6.01094594594998
BG9900,Bulgaria,BG,BG3,BG33,BG333,Шумен,367.84,2.04693693693333,3.08499999999998,2068.02,-4.32684684685,-6.01094594594998
BG9917,Bulgaria,BG,BG3,BG33,BG333,Шумен,367.84,2.04693693693333,3.08499999999998,2068.02,-4.32684684685,-6.01094594594998
BG9918,Bulgaria,BG,BG3,BG33,BG333,Шумен,367.84,2.04693693693333,3.08499999999998,2068.02,-4.32684684685,-6.01094594594998
BG9919,Bulgaria,BG,BG3,BG33,BG333,Шумен,367.84,2.04693693693333,3.08499999999998,2068.02,-4.32684684685,-6.01094594594998
BG9920,Bulgaria,BG,BG3,BG33,BG333,Шумен,367.84,2.04693693693333,3.08499999999998,2068.02,-4.32684684685,-6.01094594594998
BG9921,Bulgaria,BG,BG3,BG33,BG333,Шумен,367.84,2.04693693693333,3.08499999999998,2068.02,-4.32684684685,-6.01094594594998
BG9922,Bulgaria,BG,BG3,BG33,BG333,Шумен,367.84,2.04693693693333,3.08499999999998,2068.02,-4.32684684685,-6.01094594594998
BG9923,Bulgaria,BG,BG3,BG33,BG333,Шумен,367.84,2.04693693693333,3.08499999999998,2068.02,-4.32684684685,-6.01094594594998
BG9924,Bulgaria,BG,BG3,BG33,BG333,Шумен,367.84,2.04693693693333,3.08499999999998,2068.02,-4.32684684685,-6.01094594594998
BG9925,Bulgaria,BG,BG3,BG33,BG333,Шумен,367.84,2.04693693693333,3.08499999999998,2068.02,-4.32684684685,-6.01094594594998
BG9927,Bulgaria,BG,BG3,BG33,BG333,Шумен,367.84,2.04693693693333,3.08499999999998,2068.02,-4.32684684685,-6.01094594594998
BG9928,Bulgaria,BG,BG3,BG33,BG333,Шумен,367.84,2.04693693693333,3.08499999999998,2068.02,-4.32684684685,-6.01094594594998
BG9929,Bulgaria,BG,BG3,BG33,BG333,Шумен,367.84,2.04693693693333,3.08499999999998,2068.02,-4.32684684685,-6.01094594594998
BG9930,Bulgaria,BG,BG3,BG33,BG333,Шумен,367.84,2.04693693693333,3.08499999999998,2068.02,-4.32684684685,-6.01094594594998
BG9931,Bulgaria,BG,BG3,BG33,BG333,Шумен,367.84,2.04693693693333,3.08499999999998,2068.02,-4.32684684685,-6.01094594594998
BG9932,Bulgaria,BG,BG3,BG33,BG333,Шумен,367.84,2.04693693693333,3.08499999999998,2068.02,-4.32684684685,-6.01094594594998
BG9934,Bulgaria,BG,BG3,BG33,BG333,Шумен,367.84,2.04693693693333,3.08499999999998,2068.02,-4.32684684685,-6.01094594594998
BG9935,Bulgaria,BG,BG3,BG33,BG333,Шумен,367.84,2.04693693693333,3.08499999999998,2068.02,-4.32684684685,-6.01094594594998
BG9938,Bulgaria,BG,BG3,BG33,BG333,Шумен,367.84,2.04693693693333,3.08499999999998,2068.02,-4.32684684685,-6.01094594594998
BG9939,Bulgaria,BG,BG3,BG33,BG333,Шумен,367.84,2.04693693693333,3.08499999999998,2068.02,-4.32684684685,-6.01094594594998
BG9940,Bulgaria,BG,BG3,BG33,BG333,Шумен,367.84,2.04693693693333,3.08499999999998,2068.02,-4.32684684685,-6.01094594594998
BG9941,Bulgaria,BG,BG3,BG33,BG333,Шумен,367.84,2.04693693693333,3.08499999999998,2068.02,-4.32684684685,-6.01094594594998
BG9942,Bulgaria,BG,BG3,BG33,BG333,Шумен,367.84,2.04693693693333,3.08499999999998,2068.02,-4.32684684685,-6.01094594594998
BG9943,Bulgaria,BG,BG3,BG33,BG333,Шумен,367.84,2.04693693693333,3.08499999999998,2068.02,-4.32684684685,-6.01094594594998
BG9944,Bulgaria,BG,BG3,BG33,BG333,Шумен,367.84,2.04693693693333,3.08499999999998,2068.02,-4.32684684685,-6.01094594594998
BG9945,Bulgaria,BG,BG3,BG33,BG333,Шумен,367.84,2.04693693693333,3.08499999999998,2068.02,-4.32684684685,-6.01094594594998
BG9947,Bulgaria,BG,BG3,BG33,BG333,Шумен,367.84,2.04693693693333,3.08499999999998,2068.02,-4.32684684685,-6.01094594594998
BG9948,Bulgaria,BG,BG3,BG33,BG333,Шумен,367.84,2.04693693693333,3.08499999999998,2068.02,-4.32684684685,-6.01094594594998
BG9949,Bulgaria,BG,BG3,BG33,BG333,Шумен,367.84,2.04693693693333,3.08499999999998,2068.02,-4.32684684685,-6.01094594594998
BG9950,Bulgaria,BG,BG3,BG33,BG333,Шумен,367.84,2.04693693693333,3.08499999999998,2068.02,-4.32684684685,-6.01094594594998
BG9952,Bulgaria,BG,BG3,BG33,BG333,Шумен,367.84,2.04693693693333,3.08499999999998,2068.02,-4.32684684685,-6.01094594594998
BG9953,Bulgaria,BG,BG3,BG33,BG333,Шумен,367.84,2.04693693693333,3.08499999999998,2068.02,-4.32684684685,-6.01094594594998
BG9954,Bulgaria,BG,BG3,BG33,BG333,Шумен,367.84,2.04693693693333,3.08499999999998,2068.02,-4.32684684685,-6.01094594594998
BG9955,Bulgaria,BG,BG3,BG33,BG333,Шумен,367.84,2.04693693693333,3.08499999999998,2068.02,-4.32684684685,-6.01094594594998
BG9957,Bulgaria,BG,BG3,BG33,BG333,Шумен,367.84,2.04693693693333,3.08499999999998,2068.02,-4.32684684685,-6.01094594594998
BG9958,Bulgaria,BG,BG3,BG33,BG333,Шумен,367.84,2.04693693693333,3.08499999999998,2068.02,-4.32684684685,-6.01094594594998
BG9959,Bulgaria,BG,BG3,BG33,BG333,Шумен,367.84,2.04693693693333,3.08499999999998,2068.02,-4.32684684685,-6.01094594594998
BG9960,Bulgaria,BG,BG3,BG33,BG333,Шумен,367.84,2.04693693693333,3.08499999999998,2068.02,-4.32684684685,-6.01094594594998
BG9961,Bulgaria,BG,BG3,BG33,BG333,Шумен,367.84,2.04693693693333,3.08499999999998,2068.02,-4.32684684685,-6.01094594594998
BG9963,Bulgaria,BG,BG3,BG33,BG333,Шумен,367.84,2.04693693693333,3.08499999999998,2068.02,-4.32684684685,-6.01094594594998
BG9964,Bulgaria,BG,BG3,BG33,BG333,Шумен,367.84,2.04693693693333,3.08499999999998,2068.02,-4.32684684685,-6.01094594594998
BG9965,Bulgaria,BG,BG3,BG33,BG333,Шумен,367.84,2.04693693693333,3.08499999999998,2068.02,-4.32684684685,-6.01094594594998
BG9973,Bulgaria,BG,BG3,BG33,BG333,Шумен,367.84,2.04693693693333,3.08499999999998,2068.02,-4.32684684685,-6.01094594594998
BG9974,Bulgaria,BG,BG3,BG33,BG333,Шумен,367.84,2.04693693693333,3.08499999999998,2068.02,-4.32684684685,-6.01094594594998
BG2219,Bulgaria,BG,BG4,BG41,BG414,Перник,119.79,1.244930555555,1.96708333333333,2546.55,-4.63354166666665,-6.70340277778332
BG2300,Bulgaria,BG,BG4,BG41,BG414,Перник,119.79,1.244930555555,1.96708333333333,2546.55,-4.63354166666665,-6.70340277778332
BG2340,Bulgaria,BG,BG4,BG41,BG414,Перник,119.79,1.244930555555,1.96708333333333,2546.55,-4.63354166666665,-6.70340277778332
BG2341,Bulgaria,BG,BG4,BG41,BG414,Перник,119.79,1.244930555555,1.96708333333333,2546.55,-4.63354166666665,-6.70340277778332
BG2342,Bulgaria,BG,BG4,BG41,BG414,Перник,119.79,1.244930555555,1.96708333333333,2546.55,-4.63354166666665,-6.70340277778332
BG2343,Bulgaria,BG,BG4,BG41,BG414,Перник,119.79,1.244930555555,1.96708333333333,2546.55,-4.63354166666665,-6.70340277778332
BG2344,Bulgaria,BG,BG4,BG41,BG414,Перник,119.79,1.244930555555,1.96708333333333,2546.55,-4.63354166666665,-6.70340277778332
BG2345,Bulgaria,BG,BG4,BG41,BG414,Перник,119.79,1.244930555555,1.96708333333333,2546.55,-4.63354166666665,-6.70340277778332
BG2346,Bulgaria,BG,BG4,BG41,BG414,Перник,119.79,1.244930555555,1.96708333333333,2546.55,-4.63354166666665,-6.70340277778332
BG2347,Bulgaria,BG,BG4,BG41,BG414,Перник,119.79,1.244930555555,1.96708333333333,2546.55,-4.63354166666665,-6.70340277778332
BG2348,Bulgaria,BG,BG4,BG41,BG414,Перник,119.79,1.244930555555,1.96708333333333,2546.55,-4.63354166666665,-6.70340277778332
BG2349,Bulgaria,BG,BG4,BG41,BG414,Перник,119.79,1.244930555555,1.96708333333333,2546.55,-4.63354166666665,-6.70340277778332
BG2350,Bulgaria,BG,BG4,BG41,BG414,Перник,119.79,1.244930555555,1.96708333333333,2546.55,-4.63354166666665,-6.70340277778332
BG2352,Bulgaria,BG,BG4,BG41,BG414,Перник,119.79,1.244930555555,1.96708333333333,2546.55,-4.63354166666665,-6.70340277778332
BG2353,Bulgaria,BG,BG4,BG41,BG414,Перник,119.79,1.244930555555,1.96708333333333,2546.55,-4.63354166666665,-6.70340277778332
BG2354,Bulgaria,BG,BG4,BG41,BG414,Перник,119.79,1.244930555555,1.96708333333333,2546.55,-4.63354166666665,-6.70340277778332
BG2355,Bulgaria,BG,BG4,BG41,BG414,Перник,119.79,1.244930555555,1.96708333333333,2546.55,-4.63354166666665,-6.70340277778332
BG2356,Bulgaria,BG,BG4,BG41,BG414,Перник,119.79,1.244930555555,1.96708333333333,2546.55,-4.63354166666665,-6.70340277778332
BG2357,Bulgaria,BG,BG4,BG41,BG414,Перник,119.79,1.244930555555,1.96708333333333,2546.55,-4.63354166666665,-6.70340277778332
BG2358,Bulgaria,BG,BG4,BG41,BG414,Перник,119.79,1.244930555555,1.96708333333333,2546.55,-4.63354166666665,-6.70340277778332
BG2359,Bulgaria,BG,BG4,BG41,BG414,Перник,119.79,1.244930555555,1.96708333333333,2546.55,-4.63354166666665,-6.70340277778332
BG2360,Bulgaria,BG,BG4,BG41,BG414,Перник,119.79,1.244930555555,1.96708333333333,2546.55,-4.63354166666665,-6.70340277778332
BG2364,Bulgaria,BG,BG4,BG41,BG414,Перник,119.79,1.244930555555,1.96708333333333,2546.55,-4.63354166666665,-6.70340277778332
BG2365,Bulgaria,BG,BG4,BG41,BG414,Перник,119.79,1.244930555555,1.96708333333333,2546.55,-4.63354166666665,-6.70340277778332
BG2366,Bulgaria,BG,BG4,BG41,BG414,Перник,119.79,1.244930555555,1.96708333333333,2546.55,-4.63354166666665,-6.70340277778332
BG2367,Bulgaria,BG,BG4,BG41,BG414,Перник,119.79,1.244930555555,1.96708333333333,2546.55,-4.63354166666665,-6.70340277778332
BG2368,Bulgaria,BG,BG4,BG41,BG414,Перник,119.79,1.244930555555,1.96708333333333,2546.55,-4.63354166666665,-6.70340277778332
BG2369,Bulgaria,BG,BG4,BG41,BG414,Перник,119.79,1.244930555555,1.96708333333333,2546.55,-4.63354166666665,-6.70340277778332
BG2370,Bulgaria,BG,BG4,BG41,BG414,Перник,119.79,1.244930555555,1.96708333333333,2546.55,-4.63354166666665,-6.70340277778332
BG2371,Bulgaria,BG,BG4,BG41,BG414,Перник,119.79,1.244930555555,1.96708333333333,2546.55,-4.63354166666665,-6.70340277778332
BG2372,Bulgaria,BG,BG4,BG41,BG414,Перник,119.79,1.244930555555,1.96708333333333,2546.55,-4.63354166666665,-6.70340277778332
BG2373,Bulgaria,BG,BG4,BG41,BG414,Перник,119.79,1.244930555555,1.96708333333333,2546.55,-4.63354166666665,-6.70340277778332
BG2374,Bulgaria,BG,BG4,BG41,BG414,Перник,119.79,1.244930555555,1.96708333333333,2546.55,-4.63354166666665,-6.70340277778332
BG2375,Bulgaria,BG,BG4,BG41,BG414,Перник,119.79,1.244930555555,1.96708333333333,2546.55,-4.63354166666665,-6.70340277778332
BG2376,Bulgaria,BG,BG4,BG41,BG414,Перник,119.79,1.244930555555,1.96708333333333,2546.55,-4.63354166666665,-6.70340277778332
BG2377,Bulgaria,BG,BG4,BG41,BG414,Перник,119.79,1.244930555555,1.96708333333333,2546.55,-4.63354166666665,-6.70340277778332
BG2378,Bulgaria,BG,BG4,BG41,BG414,Перник,119.79,1.244930555555,1.96708333333333,2546.55,-4.63354166666665,-6.70340277778332
BG2379,Bulgaria,BG,BG4,BG41,BG414,Перник,119.79,1.244930555555,1.96708333333333,2546.55,-4.63354166666665,-6.70340277778332
BG2380,Bulgaria,BG,BG4,BG41,BG414,Перник,119.79,1.244930555555,1.96708333333333,2546.55,-4.63354166666665,-6.70340277778332
BG2381,Bulgaria,BG,BG4,BG41,BG414,Перник,119.79,1.244930555555,1.96708333333333,2546.55,-4.63354166666665,-6.70340277778332
BG2382,Bulgaria,BG,BG4,BG41,BG414,Перник,119.79,1.244930555555,1.96708333333333,2546.55,-4.63354166666665,-6.70340277778332
BG2383,Bulgaria,BG,BG4,BG41,BG414,Перник,119.79,1.244930555555,1.96708333333333,2546.55,-4.63354166666665,-6.70340277778332
BG2384,Bulgaria,BG,BG4,BG41,BG414,Перник,119.79,1.244930555555,1.96708333333333,2546.55,-4.63354166666665,-6.70340277778332
BG2385,Bulgaria,BG,BG4,BG41,BG414,Перник,119.79,1.244930555555,1.96708333333333,2546.55,-4.63354166666665,-6.70340277778332
BG2386,Bulgaria,BG,BG4,BG41,BG414,Перник,119.79,1.244930555555,1.96708333333333,2546.55,-4.63354166666665,-6.70340277778332
BG2387,Bulgaria,BG,BG4,BG41,BG414,Перник,119.79,1.244930555555,1.96708333333333,2546.55,-4.63354166666665,-6.70340277778332
BG2388,Bulgaria,BG,BG4,BG41,BG414,Перник,119.79,1.244930555555,1.96708333333333,2546.55,-4.63354166666665,-6.70340277778332
BG2390,Bulgaria,BG,BG4,BG41,BG414,Перник,119.79,1.244930555555,1.96708333333333,2546.55,-4.63354166666665,-6.70340277778332
BG2391,Bulgaria,BG,BG4,BG41,BG414,Перник,119.79,1.244930555555,1.96708333333333,2546.55,-4.63354166666665,-6.70340277778332
BG2392,Bulgaria,BG,BG4,BG41,BG414,Перник,119.79,1.244930555555,1.96708333333333,2546.55,-4.63354166666665,-6.70340277778332
BG2393,Bulgaria,BG,BG4,BG41,BG414,Перник,119.79,1.244930555555,1.96708333333333,2546.55,-4.63354166666665,-6.70340277778332
BG2394,Bulgaria,BG,BG4,BG41,BG414,Перник,119.79,1.244930555555,1.96708333333333,2546.55,-4.63354166666665,-6.70340277778332
BG2395,Bulgaria,BG,BG4,BG41,BG414,Перник,119.79,1.244930555555,1.96708333333333,2546.55,-4.63354166666665,-6.70340277778332
BG2396,Bulgaria,BG,BG4,BG41,BG414,Перник,119.79,1.244930555555,1.96708333333333,2546.55,-4.63354166666665,-6.70340277778332
BG2397,Bulgaria,BG,BG4,BG41,BG414,Перник,119.79,1.244930555555,1.96708333333333,2546.55,-4.63354166666665,-6.70340277778332
BG2398,Bulgaria,BG,BG4,BG41,BG414,Перник,119.79,1.244930555555,1.96708333333333,2546.55,-4.63354166666665,-6.70340277778332
BG2399,Bulgaria,BG,BG4,BG41,BG414,Перник,119.79,1.244930555555,1.96708333333333,2546.55,-4.63354166666665,-6.70340277778332
BG2400,Bulgaria,BG,BG4,BG41,BG414,Перник,119.79,1.244930555555,1.96708333333333,2546.55,-4.63354166666665,-6.70340277778332
BG2406,Bulgaria,BG,BG4,BG41,BG414,Перник,119.79,1.244930555555,1.96708333333333,2546.55,-4.63354166666665,-6.70340277778332
BG2407,Bulgaria,BG,BG4,BG41,BG414,Перник,119.79,1.244930555555,1.96708333333333,2546.55,-4.63354166666665,-6.70340277778332
BG2408,Bulgaria,BG,BG4,BG41,BG414,Перник,119.79,1.244930555555,1.96708333333333,2546.55,-4.63354166666665,-6.70340277778332
BG2409,Bulgaria,BG,BG4,BG41,BG414,Перник,119.79,1.244930555555,1.96708333333333,2546.55,-4.63354166666665,-6.70340277778332
BG2410,Bulgaria,BG,BG4,BG41,BG414,Перник,119.79,1.244930555555,1.96708333333333,2546.55,-4.63354166666665,-6.70340277778332
BG2411,Bulgaria,BG,BG4,BG41,BG414,Перник,119.79,1.244930555555,1.96708333333333,2546.55,-4.63354166666665,-6.70340277778332
BG2412,Bulgaria,BG,BG4,BG41,BG414,Перник,119.79,1.244930555555,1.96708333333333,2546.55,-4.63354166666665,-6.70340277778332
BG2413,Bulgaria,BG,BG4,BG41,BG414,Перник,119.79,1.244930555555,1.96708333333333,2546.55,-4.63354166666665,-6.70340277778332
BG2414,Bulgaria,BG,BG4,BG41,BG414,Перник,119.79,1.244930555555,1.96708333333333,2546.55,-4.63354166666665,-6.70340277778332
BG2415,Bulgaria,BG,BG4,BG41,BG414,Перник,119.79,1.244930555555,1.96708333333333,2546.55,-4.63354166666665,-6.70340277778332
BG2416,Bulgaria,BG,BG4,BG41,BG414,Перник,119.79,1.244930555555,1.96708333333333,2546.55,-4.63354166666665,-6.70340277778332
BG2417,Bulgaria,BG,BG4,BG41,BG414,Перник,119.79,1.244930555555,1.96708333333333,2546.55,-4.63354166666665,-6.70340277778332
BG2418,Bulgaria,BG,BG4,BG41,BG414,Перник,119.79,1.244930555555,1.96708333333333,2546.55,-4.63354166666665,-6.70340277778332
BG2419,Bulgaria,BG,BG4,BG41,BG414,Перник,119.79,1.244930555555,1.96708333333333,2546.55,-4.63354166666665,-6.70340277778332
BG2420,Bulgaria,BG,BG4,BG41,BG414,Перник,119.79,1.244930555555,1.96708333333333,2546.55,-4.63354166666665,-6.70340277778332
BG2421,Bulgaria,BG,BG4,BG41,BG414,Перник,119.79,1.244930555555,1.96708333333333,2546.55,-4.63354166666665,-6.70340277778332
BG2422,Bulgaria,BG,BG4,BG41,BG414,Перник,119.79,1.244930555555,1.96708333333333,2546.55,-4.63354166666665,-6.70340277778332
BG2423,Bulgaria,BG,BG4,BG41,BG414,Перник,119.79,1.244930555555,1.96708333333333,2546.55,-4.63354166666665,-6.70340277778332
BG2424,Bulgaria,BG,BG4,BG41,BG414,Перник,119.79,1.244930555555,1.96708333333333,2546.55,-4.63354166666665,-6.70340277778332
BG2425,Bulgaria,BG,BG4,BG41,BG414,Перник,119.79,1.244930555555,1.96708333333333,2546.55,-4.63354166666665,-6.70340277778332
BG2426,Bulgaria,BG,BG4,BG41,BG414,Перник,119.79,1.244930555555,1.96708333333333,2546.55,-4.63354166666665,-6.70340277778332
BG2427,Bulgaria,BG,BG4,BG41,BG414,Перник,119.79,1.244930555555,1.96708333333333,2546.55,-4.63354166666665,-6.70340277778332
BG2428,Bulgaria,BG,BG4,BG41,BG414,Перник,119.79,1.244930555555,1.96708333333333,2546.55,-4.63354166666665,-6.70340277778332
BG2429,Bulgaria,BG,BG4,BG41,BG414,Перник,119.79,1.244930555555,1.96708333333333,2546.55,-4.63354166666665,-6.70340277778332
BG2430,Bulgaria,BG,BG4,BG41,BG414,Перник,119.79,1.244930555555,1.96708333333333,2546.55,-4.63354166666665,-6.70340277778332
BG2431,Bulgaria,BG,BG4,BG41,BG414,Перник,119.79,1.244930555555,1.96708333333333,2546.55,-4.63354166666665,-6.70340277778332
BG2432,Bulgaria,BG,BG4,BG41,BG414,Перник,119.79,1.244930555555,1.96708333333333,2546.55,-4.63354166666665,-6.70340277778332
BG2433,Bulgaria,BG,BG4,BG41,BG414,Перник,119.79,1.244930555555,1.96708333333333,2546.55,-4.63354166666665,-6.70340277778332
BG2434,Bulgaria,BG,BG4,BG41,BG414,Перник,119.79,1.244930555555,1.96708333333333,2546.55,-4.63354166666665,-6.70340277778332
BG2435,Bulgaria,BG,BG4,BG41,BG414,Перник,119.79,1.244930555555,1.96708333333333,2546.55,-4.63354166666665,-6.70340277778332
BG2436,Bulgaria,BG,BG4,BG41,BG414,Перник,119.79,1.244930555555,1.96708333333333,2546.55,-4.63354166666665,-6.70340277778332
BG2437,Bulgaria,BG,BG4,BG41,BG414,Перник,119.79,1.244930555555,1.96708333333333,2546.55,-4.63354166666665,-6.70340277778332
BG2438,Bulgaria,BG,BG4,BG41,BG414,Перник,119.79,1.244930555555,1.96708333333333,2546.55,-4.63354166666665,-6.70340277778332
BG2439,Bulgaria,BG,BG4,BG41,BG414,Перник,119.79,1.244930555555,1.96708333333333,2546.55,-4.63354166666665,-6.70340277778332
BG2440,Bulgaria,BG,BG4,BG41,BG414,Перник,119.79,1.244930555555,1.96708333333333,2546.55,-4.63354166666665,-6.70340277778332
BG2441,Bulgaria,BG,BG4,BG41,BG414,Перник,119.79,1.244930555555,1.96708333333333,2546.55,-4.63354166666665,-6.70340277778332
BG2442,Bulgaria,BG,BG4,BG41,BG414,Перник,119.79,1.244930555555,1.96708333333333,2546.55,-4.63354166666665,-6.70340277778332
BG2443,Bulgaria,BG,BG4,BG41,BG414,Перник,119.79,1.244930555555,1.96708333333333,2546.55,-4.63354166666665,-6.70340277778332
BG2444,Bulgaria,BG,BG4,BG41,BG414,Перник,119.79,1.244930555555,1.96708333333333,2546.55,-4.63354166666665,-6.70340277778332
BG2445,Bulgaria,BG,BG4,BG41,BG414,Перник,119.79,1.244930555555,1.96708333333333,2546.55,-4.63354166666665,-6.70340277778332
BG2446,Bulgaria,BG,BG4,BG41,BG414,Перник,119.79,1.244930555555,1.96708333333333,2546.55,-4.63354166666665,-6.70340277778332
BG2447,Bulgaria,BG,BG4,BG41,BG414,Перник,119.79,1.244930555555,1.96708333333333,2546.55,-4.63354166666665,-6.70340277778332
BG2448,Bulgaria,BG,BG4,BG41,BG414,Перник,119.79,1.244930555555,1.96708333333333,2546.55,-4.63354166666665,-6.70340277778332
BG2449,Bulgaria,BG,BG4,BG41,BG414,Перник,119.79,1.244930555555,1.96708333333333,2546.55,-4.63354166666665,-6.70340277778332
BG2450,Bulgaria,BG,BG4,BG41,BG414,Перник,119.79,1.244930555555,1.96708333333333,2546.55,-4.63354166666665,-6.70340277778332
BG2451,Bulgaria,BG,BG4,BG41,BG414,Перник,119.79,1.244930555555,1.96708333333333,2546.55,-4.63354166666665,-6.70340277778332
BG2452,Bulgaria,BG,BG4,BG41,BG414,Перник,119.79,1.244930555555,1.96708333333333,2546.55,-4.63354166666665,-6.70340277778332
BG2453,Bulgaria,BG,BG4,BG41,BG414,Перник,119.79,1.244930555555,1.96708333333333,2546.55,-4.63354166666665,-6.70340277778332
BG2454,Bulgaria,BG,BG4,BG41,BG414,Перник,119.79,1.244930555555,1.96708333333333,2546.55,-4.63354166666665,-6.70340277778332
BG2456,Bulgaria,BG,BG4,BG41,BG414,Перник,119.79,1.244930555555,1.96708333333333,2546.55,-4.63354166666665,-6.70340277778332
BG2457,Bulgaria,BG,BG4,BG41,BG414,Перник,119.79,1.244930555555,1.96708333333333,2546.55,-4.63354166666665,-6.70340277778332
BG2458,Bulgaria,BG,BG4,BG41,BG414,Перник,119.79,1.244930555555,1.96708333333333,2546.55,-4.63354166666665,-6.70340277778332
BG2459,Bulgaria,BG,BG4,BG41,BG414,Перник,119.79,1.244930555555,1.96708333333333,2546.55,-4.63354166666665,-6.70340277778332
BG2460,Bulgaria,BG,BG4,BG41,BG414,Перник,119.79,1.244930555555,1.96708333333333,2546.55,-4.63354166666665,-6.70340277778332
BG2463,Bulgaria,BG,BG4,BG41,BG414,Перник,119.79,1.244930555555,1.96708333333333,2546.55,-4.63354166666665,-6.70340277778332
BG2464,Bulgaria,BG,BG4,BG41,BG414,Перник,119.79,1.244930555555,1.96708333333333,2546.55,-4.63354166666665,-6.70340277778332
BG2465,Bulgaria,BG,BG4,BG41,BG414,Перник,119.79,1.244930555555,1.96708333333333,2546.55,-4.63354166666665,-6.70340277778332
BG2466,Bulgaria,BG,BG4,BG41,BG414,Перник,119.79,1.244930555555,1.96708333333333,2546.55,-4.63354166666665,-6.70340277778332
BG2468,Bulgaria,BG,BG4,BG41,BG414,Перник,119.79,1.244930555555,1.96708333333333,2546.55,-4.63354166666665,-6.70340277778332
BG2469,Bulgaria,BG,BG4,BG41,BG414,Перник,119.79,1.244930555555,1.96708333333333,2546.55,-4.63354166666665,-6.70340277778332
BG2470,Bulgaria,BG,BG4,BG41,BG414,Перник,119.79,1.244930555555,1.96708333333333,2546.55,-4.63354166666665,-6.70340277778332
BG2471,Bulgaria,BG,BG4,BG41,BG414,Перник,119.79,1.244930555555,1.96708333333333,2546.55,-4.63354166666665,-6.70340277778332
BG2472,Bulgaria,BG,BG4,BG41,BG414,Перник,119.79,1.244930555555,1.96708333333333,2546.55,-4.63354166666665,-6.70340277778332
BG2473,Bulgaria,BG,BG4,BG41,BG414,Перник,119.79,1.244930555555,1.96708333333333,2546.55,-4.63354166666665,-6.70340277778332
BG2474,Bulgaria,BG,BG4,BG41,BG414,Перник,119.79,1.244930555555,1.96708333333333,2546.55,-4.63354166666665,-6.70340277778332
BG2475,Bulgaria,BG,BG4,BG41,BG414,Перник,119.79,1.244930555555,1.96708333333333,2546.55,-4.63354166666665,-6.70340277778332
BG2476,Bulgaria,BG,BG4,BG41,BG414,Перник,119.79,1.244930555555,1.96708333333333,2546.55,-4.63354166666665,-6.70340277778332
BG2477,Bulgaria,BG,BG4,BG41,BG414,Перник,119.79,1.244930555555,1.96708333333333,2546.55,-4.63354166666665,-6.70340277778332
BG2478,Bulgaria,BG,BG4,BG41,BG414,Перник,119.79,1.244930555555,1.96708333333333,2546.55,-4.63354166666665,-6.70340277778332
BG2479,Bulgaria,BG,BG4,BG41,BG414,Перник,119.79,1.244930555555,1.96708333333333,2546.55,-4.63354166666665,-6.70340277778332
BG2480,Bulgaria,BG,BG4,BG41,BG414,Перник,119.79,1.244930555555,1.96708333333333,2546.55,-4.63354166666665,-6.70340277778332
BG2481,Bulgaria,BG,BG4,BG41,BG414,Перник,119.79,1.244930555555,1.96708333333333,2546.55,-4.63354166666665,-6.70340277778332
BG2483,Bulgaria,BG,BG4,BG41,BG414,Перник,119.79,1.244930555555,1.96708333333333,2546.55,-4.63354166666665,-6.70340277778332
BG2484,Bulgaria,BG,BG4,BG41,BG414,Перник,119.79,1.244930555555,1.96708333333333,2546.55,-4.63354166666665,-6.70340277778332
BG2485,Bulgaria,BG,BG4,BG41,BG414,Перник,119.79,1.244930555555,1.96708333333333,2546.55,-4.63354166666665,-6.70340277778332
BG2486,Bulgaria,BG,BG4,BG41,BG414,Перник,119.79,1.244930555555,1.96708333333333,2546.55,-4.63354166666665,-6.70340277778332
BG2487,Bulgaria,BG,BG4,BG41,BG414,Перник,119.79,1.244930555555,1.96708333333333,2546.55,-4.63354166666665,-6.70340277778332
BG2488,Bulgaria,BG,BG4,BG41,BG414,Перник,119.79,1.244930555555,1.96708333333333,2546.55,-4.63354166666665,-6.70340277778332
BG2489,Bulgaria,BG,BG4,BG41,BG414,Перник,119.79,1.244930555555,1.96708333333333,2546.55,-4.63354166666665,-6.70340277778332
BG2490,Bulgaria,BG,BG4,BG41,BG414,Перник,119.79,1.244930555555,1.96708333333333,2546.55,-4.63354166666665,-6.70340277778332
BG2491,Bulgaria,BG,BG4,BG41,BG414,Перник,119.79,1.244930555555,1.96708333333333,2546.55,-4.63354166666665,-6.70340277778332
BG2492,Bulgaria,BG,BG4,BG41,BG414,Перник,119.79,1.244930555555,1.96708333333333,2546.55,-4.63354166666665,-6.70340277778332
BG2493,Bulgaria,BG,BG4,BG41,BG414,Перник,119.79,1.244930555555,1.96708333333333,2546.55,-4.63354166666665,-6.70340277778332
BG2494,Bulgaria,BG,BG4,BG41,BG414,Перник,119.79,1.244930555555,1.96708333333333,2546.55,-4.63354166666665,-6.70340277778332
BG2495,Bulgaria,BG,BG4,BG41,BG414,Перник,119.79,1.244930555555,1.96708333333333,2546.55,-4.63354166666665,-6.70340277778332
BG2496,Bulgaria,BG,BG4,BG41,BG414,Перник,119.79,1.244930555555,1.96708333333333,2546.55,-4.63354166666665,-6.70340277778332
BG2497,Bulgaria,BG,BG4,BG41,BG414,Перник,119.79,1.244930555555,1.96708333333333,2546.55,-4.63354166666665,-6.70340277778332
BG2498,Bulgaria,BG,BG4,BG41,BG414,Перник,119.79,1.244930555555,1.96708333333333,2546.55,-4.63354166666665,-6.70340277778332
BG2499,Bulgaria,BG,BG4,BG41,BG414,Перник,119.79,1.244930555555,1.96708333333333,2546.55,-4.63354166666665,-6.70340277778332
BG2534,Bulgaria,BG,BG4,BG41,BG414,Перник,119.79,1.244930555555,1.96708333333333,2546.55,-4.63354166666665,-6.70340277778332
BG3677,Bulgaria,BG,BG3,BG31,BG311,Видин,357.06,1.73471428571667,2.45123809523333,2199.52,-4.16161904761665,-5.85047619048333
BG3690,Bulgaria,BG,BG3,BG31,BG311,Видин,357.06,1.73471428571667,2.45123809523333,2199.52,-4.16161904761665,-5.85047619048333
BG3700,Bulgaria,BG,BG3,BG31,BG311,Видин,357.06,1.73471428571667,2.45123809523333,2199.52,-4.16161904761665,-5.85047619048333
BG3726,Bulgaria,BG,BG3,BG31,BG311,Видин,357.06,1.73471428571667,2.45123809523333,2199.52,-4.16161904761665,-5.85047619048333
BG3727,Bulgaria,BG,BG3,BG31,BG311,Видин,357.06,1.73471428571667,2.45123809523333,2199.52,-4.16161904761665,-5.85047619048333
BG3728,Bulgaria,BG,BG3,BG31,BG311,Видин,357.06,1.73471428571667,2.45123809523333,2199.52,-4.16161904761665,-5.85047619048333
BG3729,Bulgaria,BG,BG3,BG31,BG311,Видин,357.06,1.73471428571667,2.45123809523333,2199.52,-4.16161904761665,-5.85047619048333
BG3730,Bulgaria,BG,BG3,BG31,BG311,Видин,357.06,1.73471428571667,2.45123809523333,2199.52,-4.16161904761665,-5.85047619048333
BG3731,Bulgaria,BG,BG3,BG31,BG311,Видин,357.06,1.73471428571667,2.45123809523333,2199.52,-4.16161904761665,-5.85047619048333
BG3732,Bulgaria,BG,BG3,BG31,BG311,Видин,357.06,1.73471428571667,2.45123809523333,2199.52,-4.16161904761665,-5.85047619048333
BG3733,Bulgaria,BG,BG3,BG31,BG311,Видин,357.06,1.73471428571667,2.45123809523333,2199.52,-4.16161904761665,-5.85047619048333
BG3734,Bulgaria,BG,BG3,BG31,BG311,Видин,357.06,1.73471428571667,2.45123809523333,2199.52,-4.16161904761665,-5.85047619048333
BG3736,Bulgaria,BG,BG3,BG31,BG311,Видин,357.06,1.73471428571667,2.45123809523333,2199.52,-4.16161904761665,-5.85047619048333
BG3737,Bulgaria,BG,BG3,BG31,BG311,Видин,357.06,1.73471428571667,2.45123809523333,2199.52,-4.16161904761665,-5.85047619048333
BG3738,Bulgaria,BG,BG3,BG31,BG311,Видин,357.06,1.73471428571667,2.45123809523333,2199.52,-4.16161904761665,-5.85047619048333
BG3739,Bulgaria,BG,BG3,BG31,BG311,Видин,357.06,1.73471428571667,2.45123809523333,2199.52,-4.16161904761665,-5.85047619048333
BG3740,Bulgaria,BG,BG3,BG31,BG311,Видин,357.06,1.73471428571667,2.45123809523333,2199.52,-4.16161904761665,-5.85047619048333
BG3741,Bulgaria,BG,BG3,BG31,BG311,Видин,357.06,1.73471428571667,2.45123809523333,2199.52,-4.16161904761665,-5.85047619048333
BG3742,Bulgaria,BG,BG3,BG31,BG311,Видин,357.06,1.73471428571667,2.45123809523333,2199.52,-4.16161904761665,-5.85047619048333
BG3743,Bulgaria,BG,BG3,BG31,BG311,Видин,357.06,1.73471428571667,2.45123809523333,2199.52,-4.16161904761665,-5.85047619048333
BG3744,Bulgaria,BG,BG3,BG31,BG311,Видин,357.06,1.73471428571667,2.45123809523333,2199.52,-4.16161904761665,-5.85047619048333
BG3745,Bulgaria,BG,BG3,BG31,BG311,Видин,357.06,1.73471428571667,2.45123809523333,2199.52,-4.16161904761665,-5.85047619048333
BG3746,Bulgaria,BG,BG3,BG31,BG311,Видин,357.06,1.73471428571667,2.45123809523333,2199.52,-4.16161904761665,-5.85047619048333
BG3747,Bulgaria,BG,BG3,BG31,BG311,Видин,357.06,1.73471428571667,2.45123809523333,2199.52,-4.16161904761665,-5.85047619048333
BG3748,Bulgaria,BG,BG3,BG31,BG311,Видин,357.06,1.73471428571667,2.45123809523333,2199.52,-4.16161904761665,-5.85047619048333
BG3749,Bulgaria,BG,BG3,BG31,BG311,Видин,357.06,1.73471428571667,2.45123809523333,2199.52,-4.16161904761665,-5.85047619048333
BG3750,Bulgaria,BG,BG3,BG31,BG311,Видин,357.06,1.73471428571667,2.45123809523333,2199.52,-4.16161904761665,-5.85047619048333
BG3751,Bulgaria,BG,BG3,BG31,BG311,Видин,357.06,1.73471428571667,2.45123809523333,2199.52,-4.16161904761665,-5.85047619048333
BG3752,Bulgaria,BG,BG3,BG31,BG311,Видин,357.06,1.73471428571667,2.45123809523333,2199.52,-4.16161904761665,-5.85047619048333
BG3753,Bulgaria,BG,BG3,BG31,BG311,Видин,357.06,1.73471428571667,2.45123809523333,2199.52,-4.16161904761665,-5.85047619048333
BG3754,Bulgaria,BG,BG3,BG31,BG311,Видин,357.06,1.73471428571667,2.45123809523333,2199.52,-4.16161904761665,-5.85047619048333
BG3755,Bulgaria,BG,BG3,BG31,BG311,Видин,357.06,1.73471428571667,2.45123809523333,2199.52,-4.16161904761665,-5.85047619048333
BG3756,Bulgaria,BG,BG3,BG31,BG311,Видин,357.06,1.73471428571667,2.45123809523333,2199.52,-4.16161904761665,-5.85047619048333
BG3757,Bulgaria,BG,BG3,BG31,BG311,Видин,357.06,1.73471428571667,2.45123809523333,2199.52,-4.16161904761665,-5.85047619048333
BG3758,Bulgaria,BG,BG3,BG31,BG311,Видин,357.06,1.73471428571667,2.45123809523333,2199.52,-4.16161904761665,-5.85047619048333
BG3759,Bulgaria,BG,BG3,BG31,BG311,Видин,357.06,1.73471428571667,2.45123809523333,2199.52,-4.16161904761665,-5.85047619048333
BG3760,Bulgaria,BG,BG3,BG31,BG311,Видин,357.06,1.73471428571667,2.45123809523333,2199.52,-4.16161904761665,-5.85047619048333
BG3761,Bulgaria,BG,BG3,BG31,BG311,Видин,357.06,1.73471428571667,2.45123809523333,2199.52,-4.16161904761665,-5.85047619048333
BG3762,Bulgaria,BG,BG3,BG31,BG311,Видин,357.06,1.73471428571667,2.45123809523333,2199.52,-4.16161904761665,-5.85047619048333
BG3763,Bulgaria,BG,BG3,BG31,BG311,Видин,357.06,1.73471428571667,2.45123809523333,2199.52,-4.16161904761665,-5.85047619048333
BG3764,Bulgaria,BG,BG3,BG31,BG311,Видин,357.06,1.73471428571667,2.45123809523333,2199.52,-4.16161904761665,-5.85047619048333
BG3765,Bulgaria,BG,BG3,BG31,BG311,Видин,357.06,1.73471428571667,2.45123809523333,2199.52,-4.16161904761665,-5.85047619048333
BG3766,Bulgaria,BG,BG3,BG31,BG311,Видин,357.06,1.73471428571667,2.45123809523333,2199.52,-4.16161904761665,-5.85047619048333
BG3767,Bulgaria,BG,BG3,BG31,BG311,Видин,357.06,1.73471428571667,2.45123809523333,2199.52,-4.16161904761665,-5.85047619048333
BG3768,Bulgaria,BG,BG3,BG31,BG311,Видин,357.06,1.73471428571667,2.45123809523333,2199.52,-4.16161904761665,-5.85047619048333
BG3769,Bulgaria,BG,BG3,BG31,BG311,Видин,357.06,1.73471428571667,2.45123809523333,2199.52,-4.16161904761665,-5.85047619048333
BG3770,Bulgaria,BG,BG3,BG31,BG311,Видин,357.06,1.73471428571667,2.45123809523333,2199.52,-4.16161904761665,-5.85047619048333
BG3771,Bulgaria,BG,BG3,BG31,BG311,Видин,357.06,1.73471428571667,2.45123809523333,2199.52,-4.16161904761665,-5.85047619048333
BG3772,Bulgaria,BG,BG3,BG31,BG311,Видин,357.06,1.73471428571667,2.45123809523333,2199.52,-4.16161904761665,-5.85047619048333
BG3773,Bulgaria,BG,BG3,BG31,BG311,Видин,357.06,1.73471428571667,2.45123809523333,2199.52,-4.16161904761665,-5.85047619048333
BG3774,Bulgaria,BG,BG3,BG31,BG311,Видин,357.06,1.73471428571667,2.45123809523333,2199.52,-4.16161904761665,-5.85047619048333
BG3775,Bulgaria,BG,BG3,BG31,BG311,Видин,357.06,1.73471428571667,2.45123809523333,2199.52,-4.16161904761665,-5.85047619048333
BG3776,Bulgaria,BG,BG3,BG31,BG311,Видин,357.06,1.73471428571667,2.45123809523333,2199.52,-4.16161904761665,-5.85047619048333
BG3777,Bulgaria,BG,BG3,BG31,BG311,Видин,357.06,1.73471428571667,2.45123809523333,2199.52,-4.16161904761665,-5.85047619048333
BG3778,Bulgaria,BG,BG3,BG31,BG311,Видин,357.06,1.73471428571667,2.45123809523333,2199.52,-4.16161904761665,-5.85047619048333
BG3779,Bulgaria,BG,BG3,BG31,BG311,Видин,357.06,1.73471428571667,2.45123809523333,2199.52,-4.16161904761665,-5.85047619048333
BG3780,Bulgaria,BG,BG3,BG31,BG311,Видин,357.06,1.73471428571667,2.45123809523333,2199.52,-4.16161904761665,-5.85047619048333
BG3781,Bulgaria,BG,BG3,BG31,BG311,Видин,357.06,1.73471428571667,2.45123809523333,2199.52,-4.16161904761665,-5.85047619048333
BG3782,Bulgaria,BG,BG3,BG31,BG311,Видин,357.06,1.73471428571667,2.45123809523333,2199.52,-4.16161904761665,-5.85047619048333
BG3783,Bulgaria,BG,BG3,BG31,BG311,Видин,357.06,1.73471428571667,2.45123809523333,2199.52,-4.16161904761665,-5.85047619048333
BG3784,Bulgaria,BG,BG3,BG31,BG311,Видин,357.06,1.73471428571667,2.45123809523333,2199.52,-4.16161904761665,-5.85047619048333
BG3785,Bulgaria,BG,BG3,BG31,BG311,Видин,357.06,1.73471428571667,2.45123809523333,2199.52,-4.16161904761665,-5.85047619048333
BG3787,Bulgaria,BG,BG3,BG31,BG311,Видин,357.06,1.73471428571667,2.45123809523333,2199.52,-4.16161904761665,-5.85047619048333
BG3788,Bulgaria,BG,BG3,BG31,BG311,Видин,357.06,1.73471428571667,2.45123809523333,2199.52,-4.16161904761665,-5.85047619048333
BG3790,Bulgaria,BG,BG3,BG31,BG311,Видин,357.06,1.73471428571667,2.45123809523333,2199.52,-4.16161904761665,-5.85047619048333
BG3791,Bulgaria,BG,BG3,BG31,BG311,Видин,357.06,1.73471428571667,2.45123809523333,2199.52,-4.16161904761665,-5.85047619048333
BG3792,Bulgaria,BG,BG3,BG31,BG311,Видин,357.06,1.73471428571667,2.45123809523333,2199.52,-4.16161904761665,-5.85047619048333
BG3793,Bulgaria,BG,BG3,BG31,BG311,Видин,357.06,1.73471428571667,2.45123809523333,2199.52,-4.16161904761665,-5.85047619048333
BG3794,Bulgaria,BG,BG3,BG31,BG311,Видин,357.06,1.73471428571667,2.45123809523333,2199.52,-4.16161904761665,-5.85047619048333
BG3795,Bulgaria,BG,BG3,BG31,BG311,Видин,357.06,1.73471428571667,2.45123809523333,2199.52,-4.16161904761665,-5.85047619048333
BG3796,Bulgaria,BG,BG3,BG31,BG311,Видин,357.06,1.73471428571667,2.45123809523333,2199.52,-4.16161904761665,-5.85047619048333
BG3797,Bulgaria,BG,BG3,BG31,BG311,Видин,357.06,1.73471428571667,2.45123809523333,2199.52,-4.16161904761665,-5.85047619048333
BG3798,Bulgaria,BG,BG3,BG31,BG311,Видин,357.06,1.73471428571667,2.45123809523333,2199.52,-4.16161904761665,-5.85047619048333
BG3799,Bulgaria,BG,BG3,BG31,BG311,Видин,357.06,1.73471428571667,2.45123809523333,2199.52,-4.16161904761665,-5.85047619048333
BG3800,Bulgaria,BG,BG3,BG31,BG311,Видин,357.06,1.73471428571667,2.45123809523333,2199.52,-4.16161904761665,-5.85047619048333
BG3818,Bulgaria,BG,BG3,BG31,BG311,Видин,357.06,1.73471428571667,2.45123809523333,2199.52,-4.16161904761665,-5.85047619048333
BG3819,Bulgaria,BG,BG3,BG31,BG311,Видин,357.06,1.73471428571667,2.45123809523333,2199.52,-4.16161904761665,-5.85047619048333
BG3820,Bulgaria,BG,BG3,BG31,BG311,Видин,357.06,1.73471428571667,2.45123809523333,2199.52,-4.16161904761665,-5.85047619048333
BG3821,Bulgaria,BG,BG3,BG31,BG311,Видин,357.06,1.73471428571667,2.45123809523333,2199.52,-4.16161904761665,-5.85047619048333
BG3822,Bulgaria,BG,BG3,BG31,BG311,Видин,357.06,1.73471428571667,2.45123809523333,2199.52,-4.16161904761665,-5.85047619048333
BG3823,Bulgaria,BG,BG3,BG31,BG311,Видин,357.06,1.73471428571667,2.45123809523333,2199.52,-4.16161904761665,-5.85047619048333
BG3824,Bulgaria,BG,BG3,BG31,BG311,Видин,357.06,1.73471428571667,2.45123809523333,2199.52,-4.16161904761665,-5.85047619048333
BG3825,Bulgaria,BG,BG3,BG31,BG311,Видин,357.06,1.73471428571667,2.45123809523333,2199.52,-4.16161904761665,-5.85047619048333
BG3827,Bulgaria,BG,BG3,BG31,BG311,Видин,357.06,1.73471428571667,2.45123809523333,2199.52,-4.16161904761665,-5.85047619048333
BG3828,Bulgaria,BG,BG3,BG31,BG311,Видин,357.06,1.73471428571667,2.45123809523333,2199.52,-4.16161904761665,-5.85047619048333
BG3830,Bulgaria,BG,BG3,BG31,BG311,Видин,357.06,1.73471428571667,2.45123809523333,2199.52,-4.16161904761665,-5.85047619048333
BG3831,Bulgaria,BG,BG3,BG31,BG311,Видин,357.06,1.73471428571667,2.45123809523333,2199.52,-4.16161904761665,-5.85047619048333
BG3832,Bulgaria,BG,BG3,BG31,BG311,Видин,357.06,1.73471428571667,2.45123809523333,2199.52,-4.16161904761665,-5.85047619048333
BG3833,Bulgaria,BG,BG3,BG31,BG311,Видин,357.06,1.73471428571667,2.45123809523333,2199.52,-4.16161904761665,-5.85047619048333
BG3834,Bulgaria,BG,BG3,BG31,BG311,Видин,357.06,1.73471428571667,2.45123809523333,2199.52,-4.16161904761665,-5.85047619048333
BG3835,Bulgaria,BG,BG3,BG31,BG311,Видин,357.06,1.73471428571667,2.45123809523333,2199.52,-4.16161904761665,-5.85047619048333
BG3836,Bulgaria,BG,BG3,BG31,BG311,Видин,357.06,1.73471428571667,2.45123809523333,2199.52,-4.16161904761665,-5.85047619048333
BG3837,Bulgaria,BG,BG3,BG31,BG311,Видин,357.06,1.73471428571667,2.45123809523333,2199.52,-4.16161904761665,-5.85047619048333
BG3838,Bulgaria,BG,BG3,BG31,BG311,Видин,357.06,1.73471428571667,2.45123809523333,2199.52,-4.16161904761665,-5.85047619048333
BG3839,Bulgaria,BG,BG3,BG31,BG311,Видин,357.06,1.73471428571667,2.45123809523333,2199.52,-4.16161904761665,-5.85047619048333
BG3840,Bulgaria,BG,BG3,BG31,BG311,Видин,357.06,1.73471428571667,2.45123809523333,2199.52,-4.16161904761665,-5.85047619048333
BG3841,Bulgaria,BG,BG3,BG31,BG311,Видин,357.06,1.73471428571667,2.45123809523333,2199.52,-4.16161904761665,-5.85047619048333
BG3853,Bulgaria,BG,BG3,BG31,BG311,Видин,357.06,1.73471428571667,2.45123809523333,2199.52,-4.16161904761665,-5.85047619048333
BG3900,Bulgaria,BG,BG3,BG31,BG311,Видин,357.06,1.73471428571667,2.45123809523333,2199.52,-4.16161904761665,-5.85047619048333
BG3912,Bulgaria,BG,BG3,BG31,BG311,Видин,357.06,1.73471428571667,2.45123809523333,2199.52,-4.16161904761665,-5.85047619048333
BG3913,Bulgaria,BG,BG3,BG31,BG311,Видин,357.06,1.73471428571667,2.45123809523333,2199.52,-4.16161904761665,-5.85047619048333
BG3914,Bulgaria,BG,BG3,BG31,BG311,Видин,357.06,1.73471428571667,2.45123809523333,2199.52,-4.16161904761665,-5.85047619048333
BG3915,Bulgaria,BG,BG3,BG31,BG311,Видин,357.06,1.73471428571667,2.45123809523333,2199.52,-4.16161904761665,-5.85047619048333
BG3916,Bulgaria,BG,BG3,BG31,BG311,Видин,357.06,1.73471428571667,2.45123809523333,2199.52,-4.16161904761665,-5.85047619048333
BG3917,Bulgaria,BG,BG3,BG31,BG311,Видин,357.06,1.73471428571667,2.45123809523333,2199.52,-4.16161904761665,-5.85047619048333
BG3918,Bulgaria,BG,BG3,BG31,BG311,Видин,357.06,1.73471428571667,2.45123809523333,2199.52,-4.16161904761665,-5.85047619048333
BG3919,Bulgaria,BG,BG3,BG31,BG311,Видин,357.06,1.73471428571667,2.45123809523333,2199.52,-4.16161904761665,-5.85047619048333
BG3920,Bulgaria,BG,BG3,BG31,BG311,Видин,357.06,1.73471428571667,2.45123809523333,2199.52,-4.16161904761665,-5.85047619048333
BG3921,Bulgaria,BG,BG3,BG31,BG311,Видин,357.06,1.73471428571667,2.45123809523333,2199.52,-4.16161904761665,-5.85047619048333
BG3922,Bulgaria,BG,BG3,BG31,BG311,Видин,357.06,1.73471428571667,2.45123809523333,2199.52,-4.16161904761665,-5.85047619048333
BG3923,Bulgaria,BG,BG3,BG31,BG311,Видин,357.06,1.73471428571667,2.45123809523333,2199.52,-4.16161904761665,-5.85047619048333
BG3924,Bulgaria,BG,BG3,BG31,BG311,Видин,357.06,1.73471428571667,2.45123809523333,2199.52,-4.16161904761665,-5.85047619048333
BG3929,Bulgaria,BG,BG3,BG31,BG311,Видин,357.06,1.73471428571667,2.45123809523333,2199.52,-4.16161904761665,-5.85047619048333
BG3930,Bulgaria,BG,BG3,BG31,BG311,Видин,357.06,1.73471428571667,2.45123809523333,2199.52,-4.16161904761665,-5.85047619048333
BG3931,Bulgaria,BG,BG3,BG31,BG311,Видин,357.06,1.73471428571667,2.45123809523333,2199.52,-4.16161904761665,-5.85047619048333
BG3932,Bulgaria,BG,BG3,BG31,BG311,Видин,357.06,1.73471428571667,2.45123809523333,2199.52,-4.16161904761665,-5.85047619048333
BG3933,Bulgaria,BG,BG3,BG31,BG311,Видин,357.06,1.73471428571667,2.45123809523333,2199.52,-4.16161904761665,-5.85047619048333
BG3934,Bulgaria,BG,BG3,BG31,BG311,Видин,357.06,1.73471428571667,2.45123809523333,2199.52,-4.16161904761665,-5.85047619048333
BG3935,Bulgaria,BG,BG3,BG31,BG311,Видин,357.06,1.73471428571667,2.45123809523333,2199.52,-4.16161904761665,-5.85047619048333
BG3936,Bulgaria,BG,BG3,BG31,BG311,Видин,357.06,1.73471428571667,2.45123809523333,2199.52,-4.16161904761665,-5.85047619048333
BG3937,Bulgaria,BG,BG3,BG31,BG311,Видин,357.06,1.73471428571667,2.45123809523333,2199.52,-4.16161904761665,-5.85047619048333
BG3938,Bulgaria,BG,BG3,BG31,BG311,Видин,357.06,1.73471428571667,2.45123809523333,2199.52,-4.16161904761665,-5.85047619048333
BG3939,Bulgaria,BG,BG3,BG31,BG311,Видин,357.06,1.73471428571667,2.45123809523333,2199.52,-4.16161904761665,-5.85047619048333
BG3945,Bulgaria,BG,BG3,BG31,BG311,Видин,357.06,1.73471428571667,2.45123809523333,2199.52,-4.16161904761665,-5.85047619048333
BG3946,Bulgaria,BG,BG3,BG31,BG311,Видин,357.06,1.73471428571667,2.45123809523333,2199.52,-4.16161904761665,-5.85047619048333
BG3947,Bulgaria,BG,BG3,BG31,BG311,Видин,357.06,1.73471428571667,2.45123809523333,2199.52,-4.16161904761665,-5.85047619048333
BG3948,Bulgaria,BG,BG3,BG31,BG311,Видин,357.06,1.73471428571667,2.45123809523333,2199.52,-4.16161904761665,-5.85047619048333
BG3949,Bulgaria,BG,BG3,BG31,BG311,Видин,357.06,1.73471428571667,2.45123809523333,2199.52,-4.16161904761665,-5.85047619048333
BG3950,Bulgaria,BG,BG3,BG31,BG311,Видин,357.06,1.73471428571667,2.45123809523333,2199.52,-4.16161904761665,-5.85047619048333
BG3951,Bulgaria,BG,BG3,BG31,BG311,Видин,357.06,1.73471428571667,2.45123809523333,2199.52,-4.16161904761665,-5.85047619048333
BG3952,Bulgaria,BG,BG3,BG31,BG311,Видин,357.06,1.73471428571667,2.45123809523333,2199.52,-4.16161904761665,-5.85047619048333
BG3953,Bulgaria,BG,BG3,BG31,BG311,Видин,357.06,1.73471428571667,2.45123809523333,2199.52,-4.16161904761665,-5.85047619048333
BG3954,Bulgaria,BG,BG3,BG31,BG311,Видин,357.06,1.73471428571667,2.45123809523333,2199.52,-4.16161904761665,-5.85047619048333
BG3955,Bulgaria,BG,BG3,BG31,BG311,Видин,357.06,1.73471428571667,2.45123809523333,2199.52,-4.16161904761665,-5.85047619048333
BG3957,Bulgaria,BG,BG3,BG31,BG311,Видин,357.06,1.73471428571667,2.45123809523333,2199.52,-4.16161904761665,-5.85047619048333
BG3958,Bulgaria,BG,BG3,BG31,BG311,Видин,357.06,1.73471428571667,2.45123809523333,2199.52,-4.16161904761665,-5.85047619048333
BG3959,Bulgaria,BG,BG3,BG31,BG311,Видин,357.06,1.73471428571667,2.45123809523333,2199.52,-4.16161904761665,-5.85047619048333
BG3961,Bulgaria,BG,BG3,BG31,BG311,Видин,357.06,1.73471428571667,2.45123809523333,2199.52,-4.16161904761665,-5.85047619048333
BG3962,Bulgaria,BG,BG3,BG31,BG311,Видин,357.06,1.73471428571667,2.45123809523333,2199.52,-4.16161904761665,-5.85047619048333
BG3963,Bulgaria,BG,BG3,BG31,BG311,Видин,357.06,1.73471428571667,2.45123809523333,2199.52,-4.16161904761665,-5.85047619048333
BG3964,Bulgaria,BG,BG3,BG31,BG311,Видин,357.06,1.73471428571667,2.45123809523333,2199.52,-4.16161904761665,-5.85047619048333
BG6000,Bulgaria,BG,BG3,BG34,BG344,Стара Загора,450.84,2.07821212121667,3.14518181818332,1830.02,-4.32775757574998,-6.17218181818333
BG6046,Bulgaria,BG,BG3,BG34,BG344,Стара Загора,450.84,2.07821212121667,3.14518181818332,1830.02,-4.32775757574998,-6.17218181818333
BG6047,Bulgaria,BG,BG3,BG34,BG344,Стара Загора,450.84,2.07821212121667,3.14518181818332,1830.02,-4.32775757574998,-6.17218181818333
BG6048,Bulgaria,BG,BG3,BG34,BG344,Стара Загора,450.84,2.07821212121667,3.14518181818332,1830.02,-4.32775757574998,-6.17218181818333
BG6049,Bulgaria,BG,BG3,BG34,BG344,Стара Загора,450.84,2.07821212121667,3.14518181818332,1830.02,-4.32775757574998,-6.17218181818333
BG6050,Bulgaria,BG,BG3,BG34,BG344,Стара Загора,450.84,2.07821212121667,3.14518181818332,1830.02,-4.32775757574998,-6.17218181818333
BG6051,Bulgaria,BG,BG3,BG34,BG344,Стара Загора,450.84,2.07821212121667,3.14518181818332,1830.02,-4.32775757574998,-6.17218181818333
BG6052,Bulgaria,BG,BG3,BG34,BG344,Стара Загора,450.84,2.07821212121667,3.14518181818332,1830.02,-4.32775757574998,-6.17218181818333
BG6053,Bulgaria,BG,BG3,BG34,BG344,Стара Загора,450.84,2.07821212121667,3.14518181818332,1830.02,-4.32775757574998,-6.17218181818333
BG6054,Bulgaria,BG,BG3,BG34,BG344,Стара Загора,450.84,2.07821212121667,3.14518181818332,1830.02,-4.32775757574998,-6.17218181818333
BG6055,Bulgaria,BG,BG3,BG34,BG344,Стара Загора,450.84,2.07821212121667,3.14518181818332,1830.02,-4.32775757574998,-6.17218181818333
BG6057,Bulgaria,BG,BG3,BG34,BG344,Стара Загора,450.84,2.07821212121667,3.14518181818332,1830.02,-4.32775757574998,-6.17218181818333
BG6058,Bulgaria,BG,BG3,BG34,BG344,Стара Загора,450.84,2.07821212121667,3.14518181818332,1830.02,-4.32775757574998,-6.17218181818333
BG6059,Bulgaria,BG,BG3,BG34,BG344,Стара Загора,450.84,2.07821212121667,3.14518181818332,1830.02,-4.32775757574998,-6.17218181818333
BG6060,Bulgaria,BG,BG3,BG34,BG344,Стара Загора,450.84,2.07821212121667,3.14518181818332,1830.02,-4.32775757574998,-6.17218181818333
BG6061,Bulgaria,BG,BG3,BG34,BG344,Стара Загора,450.84,2.07821212121667,3.14518181818332,1830.02,-4.32775757574998,-6.17218181818333
BG6062,Bulgaria,BG,BG3,BG34,BG344,Стара Загора,450.84,2.07821212121667,3.14518181818332,1830.02,-4.32775757574998,-6.17218181818333
BG6063,Bulgaria,BG,BG3,BG34,BG344,Стара Загора,450.84,2.07821212121667,3.14518181818332,1830.02,-4.32775757574998,-6.17218181818333
BG6064,Bulgaria,BG,BG3,BG34,BG344,Стара Загора,450.84,2.07821212121667,3.14518181818332,1830.02,-4.32775757574998,-6.17218181818333
BG6065,Bulgaria,BG,BG3,BG34,BG344,Стара Загора,450.84,2.07821212121667,3.14518181818332,1830.02,-4.32775757574998,-6.17218181818333
BG6066,Bulgaria,BG,BG3,BG34,BG344,Стара Загора,450.84,2.07821212121667,3.14518181818332,1830.02,-4.32775757574998,-6.17218181818333
BG6067,Bulgaria,BG,BG3,BG34,BG344,Стара Загора,450.84,2.07821212121667,3.14518181818332,1830.02,-4.32775757574998,-6.17218181818333
BG6068,Bulgaria,BG,BG3,BG34,BG344,Стара Загора,450.84,2.07821212121667,3.14518181818332,1830.02,-4.32775757574998,-6.17218181818333
BG6069,Bulgaria,BG,BG3,BG34,BG344,Стара Загора,450.84,2.07821212121667,3.14518181818332,1830.02,-4.32775757574998,-6.17218181818333
BG6070,Bulgaria,BG,BG3,BG34,BG344,Стара Загора,450.84,2.07821212121667,3.14518181818332,1830.02,-4.32775757574998,-6.17218181818333
BG6072,Bulgaria,BG,BG3,BG34,BG344,Стара Загора,450.84,2.07821212121667,3.14518181818332,1830.02,-4.32775757574998,-6.17218181818333
BG6073,Bulgaria,BG,BG3,BG34,BG344,Стара Загора,450.84,2.07821212121667,3.14518181818332,1830.02,-4.32775757574998,-6.17218181818333
BG6074,Bulgaria,BG,BG3,BG34,BG344,Стара Загора,450.84,2.07821212121667,3.14518181818332,1830.02,-4.32775757574998,-6.17218181818333
BG6076,Bulgaria,BG,BG3,BG34,BG344,Стара Загора,450.84,2.07821212121667,3.14518181818332,1830.02,-4.32775757574998,-6.17218181818333
BG6077,Bulgaria,BG,BG3,BG34,BG344,Стара Загора,450.84,2.07821212121667,3.14518181818332,1830.02,-4.32775757574998,-6.17218181818333
BG6078,Bulgaria,BG,BG3,BG34,BG344,Стара Загора,450.84,2.07821212121667,3.14518181818332,1830.02,-4.32775757574998,-6.17218181818333
BG6079,Bulgaria,BG,BG3,BG34,BG344,Стара Загора,450.84,2.07821212121667,3.14518181818332,1830.02,-4.32775757574998,-6.17218181818333
BG6080,Bulgaria,BG,BG3,BG34,BG344,Стара Загора,450.84,2.07821212121667,3.14518181818332,1830.02,-4.32775757574998,-6.17218181818333
BG6081,Bulgaria,BG,BG3,BG34,BG344,Стара Загора,450.84,2.07821212121667,3.14518181818332,1830.02,-4.32775757574998,-6.17218181818333
BG6082,Bulgaria,BG,BG3,BG34,BG344,Стара Загора,450.84,2.07821212121667,3.14518181818332,1830.02,-4.32775757574998,-6.17218181818333
BG6083,Bulgaria,BG,BG3,BG34,BG344,Стара Загора,450.84,2.07821212121667,3.14518181818332,1830.02,-4.32775757574998,-6.17218181818333
BG6084,Bulgaria,BG,BG3,BG34,BG344,Стара Загора,450.84,2.07821212121667,3.14518181818332,1830.02,-4.32775757574998,-6.17218181818333
BG6085,Bulgaria,BG,BG3,BG34,BG344,Стара Загора,450.84,2.07821212121667,3.14518181818332,1830.02,-4.32775757574998,-6.17218181818333
BG6089,Bulgaria,BG,BG3,BG34,BG344,Стара Загора,450.84,2.07821212121667,3.14518181818332,1830.02,-4.32775757574998,-6.17218181818333
BG6090,Bulgaria,BG,BG3,BG34,BG344,Стара Загора,450.84,2.07821212121667,3.14518181818332,1830.02,-4.32775757574998,-6.17218181818333
BG6091,Bulgaria,BG,BG3,BG34,BG344,Стара Загора,450.84,2.07821212121667,3.14518181818332,1830.02,-4.32775757574998,-6.17218181818333
BG6092,Bulgaria,BG,BG3,BG34,BG344,Стара Загора,450.84,2.07821212121667,3.14518181818332,1830.02,-4.32775757574998,-6.17218181818333
BG6093,Bulgaria,BG,BG3,BG34,BG344,Стара Загора,450.84,2.07821212121667,3.14518181818332,1830.02,-4.32775757574998,-6.17218181818333
BG6094,Bulgaria,BG,BG3,BG34,BG344,Стара Загора,450.84,2.07821212121667,3.14518181818332,1830.02,-4.32775757574998,-6.17218181818333
BG6095,Bulgaria,BG,BG3,BG34,BG344,Стара Загора,450.84,2.07821212121667,3.14518181818332,1830.02,-4.32775757574998,-6.17218181818333
BG6096,Bulgaria,BG,BG3,BG34,BG344,Стара Загора,450.84,2.07821212121667,3.14518181818332,1830.02,-4.32775757574998,-6.17218181818333
BG6097,Bulgaria,BG,BG3,BG34,BG344,Стара Загора,450.84,2.07821212121667,3.14518181818332,1830.02,-4.32775757574998,-6.17218181818333
BG6099,Bulgaria,BG,BG3,BG34,BG344,Стара Загора,450.84,2.07821212121667,3.14518181818332,1830.02,-4.32775757574998,-6.17218181818333
BG6100,Bulgaria,BG,BG3,BG34,BG344,Стара Загора,450.84,2.07821212121667,3.14518181818332,1830.02,-4.32775757574998,-6.17218181818333
BG6137,Bulgaria,BG,BG3,BG34,BG344,Стара Загора,450.84,2.07821212121667,3.14518181818332,1830.02,-4.32775757574998,-6.17218181818333
BG6138,Bulgaria,BG,BG3,BG34,BG344,Стара Загора,450.84,2.07821212121667,3.14518181818332,1830.02,-4.32775757574998,-6.17218181818333
BG6139,Bulgaria,BG,BG3,BG34,BG344,Стара Загора,450.84,2.07821212121667,3.14518181818332,1830.02,-4.32775757574998,-6.17218181818333
BG6140,Bulgaria,BG,BG3,BG34,BG344,Стара Загора,450.84,2.07821212121667,3.14518181818332,1830.02,-4.32775757574998,-6.17218181818333
BG6141,Bulgaria,BG,BG3,BG34,BG344,Стара Загора,450.84,2.07821212121667,3.14518181818332,1830.02,-4.32775757574998,-6.17218181818333
BG6142,Bulgaria,BG,BG3,BG34,BG344,Стара Загора,450.84,2.07821212121667,3.14518181818332,1830.02,-4.32775757574998,-6.17218181818333
BG6144,Bulgaria,BG,BG3,BG34,BG344,Стара Загора,450.84,2.07821212121667,3.14518181818332,1830.02,-4.32775757574998,-6.17218181818333
BG6145,Bulgaria,BG,BG3,BG34,BG344,Стара Загора,450.84,2.07821212121667,3.14518181818332,1830.02,-4.32775757574998,-6.17218181818333
BG6146,Bulgaria,BG,BG3,BG34,BG344,Стара Загора,450.84,2.07821212121667,3.14518181818332,1830.02,-4.32775757574998,-6.17218181818333
BG6147,Bulgaria,BG,BG3,BG34,BG344,Стара Загора,450.84,2.07821212121667,3.14518181818332,1830.02,-4.32775757574998,-6.17218181818333
BG6148,Bulgaria,BG,BG3,BG34,BG344,Стара Загора,450.84,2.07821212121667,3.14518181818332,1830.02,-4.32775757574998,-6.17218181818333
BG6149,Bulgaria,BG,BG3,BG34,BG344,Стара Загора,450.84,2.07821212121667,3.14518181818332,1830.02,-4.32775757574998,-6.17218181818333
BG6150,Bulgaria,BG,BG3,BG34,BG344,Стара Загора,450.84,2.07821212121667,3.14518181818332,1830.02,-4.32775757574998,-6.17218181818333
BG6151,Bulgaria,BG,BG3,BG34,BG344,Стара Загора,450.84,2.07821212121667,3.14518181818332,1830.02,-4.32775757574998,-6.17218181818333
BG6152,Bulgaria,BG,BG3,BG34,BG344,Стара Загора,450.84,2.07821212121667,3.14518181818332,1830.02,-4.32775757574998,-6.17218181818333
BG6153,Bulgaria,BG,BG3,BG34,BG344,Стара Загора,450.84,2.07821212121667,3.14518181818332,1830.02,-4.32775757574998,-6.17218181818333
BG6154,Bulgaria,BG,BG3,BG34,BG344,Стара Загора,450.84,2.07821212121667,3.14518181818332,1830.02,-4.32775757574998,-6.17218181818333
BG6155,Bulgaria,BG,BG3,BG34,BG344,Стара Загора,450.84,2.07821212121667,3.14518181818332,1830.02,-4.32775757574998,-6.17218181818333
BG6156,Bulgaria,BG,BG3,BG34,BG344,Стара Загора,450.84,2.07821212121667,3.14518181818332,1830.02,-4.32775757574998,-6.17218181818333
BG6157,Bulgaria,BG,BG3,BG34,BG344,Стара Загора,450.84,2.07821212121667,3.14518181818332,1830.02,-4.32775757574998,-6.17218181818333
BG6158,Bulgaria,BG,BG3,BG34,BG344,Стара Загора,450.84,2.07821212121667,3.14518181818332,1830.02,-4.32775757574998,-6.17218181818333
BG6159,Bulgaria,BG,BG3,BG34,BG344,Стара Загора,450.84,2.07821212121667,3.14518181818332,1830.02,-4.32775757574998,-6.17218181818333
BG6160,Bulgaria,BG,BG3,BG34,BG344,Стара Загора,450.84,2.07821212121667,3.14518181818332,1830.02,-4.32775757574998,-6.17218181818333
BG6161,Bulgaria,BG,BG3,BG34,BG344,Стара Загора,450.84,2.07821212121667,3.14518181818332,1830.02,-4.32775757574998,-6.17218181818333
BG6162,Bulgaria,BG,BG3,BG34,BG344,Стара Загора,450.84,2.07821212121667,3.14518181818332,1830.02,-4.32775757574998,-6.17218181818333
BG6163,Bulgaria,BG,BG3,BG34,BG344,Стара Загора,450.84,2.07821212121667,3.14518181818332,1830.02,-4.32775757574998,-6.17218181818333
BG6164,Bulgaria,BG,BG3,BG34,BG344,Стара Загора,450.84,2.07821212121667,3.14518181818332,1830.02,-4.32775757574998,-6.17218181818333
BG6165,Bulgaria,BG,BG3,BG34,BG344,Стара Загора,450.84,2.07821212121667,3.14518181818332,1830.02,-4.32775757574998,-6.17218181818333
BG6166,Bulgaria,BG,BG3,BG34,BG344,Стара Загора,450.84,2.07821212121667,3.14518181818332,1830.02,-4.32775757574998,-6.17218181818333
BG6167,Bulgaria,BG,BG3,BG34,BG344,Стара Загора,450.84,2.07821212121667,3.14518181818332,1830.02,-4.32775757574998,-6.17218181818333
BG6168,Bulgaria,BG,BG3,BG34,BG344,Стара Загора,450.84,2.07821212121667,3.14518181818332,1830.02,-4.32775757574998,-6.17218181818333
BG6169,Bulgaria,BG,BG3,BG34,BG344,Стара Загора,450.84,2.07821212121667,3.14518181818332,1830.02,-4.32775757574998,-6.17218181818333
BG6170,Bulgaria,BG,BG3,BG34,BG344,Стара Загора,450.84,2.07821212121667,3.14518181818332,1830.02,-4.32775757574998,-6.17218181818333
BG6171,Bulgaria,BG,BG3,BG34,BG344,Стара Загора,450.84,2.07821212121667,3.14518181818332,1830.02,-4.32775757574998,-6.17218181818333
BG6172,Bulgaria,BG,BG3,BG34,BG344,Стара Загора,450.84,2.07821212121667,3.14518181818332,1830.02,-4.32775757574998,-6.17218181818333
BG6173,Bulgaria,BG,BG3,BG34,BG344,Стара Загора,450.84,2.07821212121667,3.14518181818332,1830.02,-4.32775757574998,-6.17218181818333
BG6175,Bulgaria,BG,BG3,BG34,BG344,Стара Загора,450.84,2.07821212121667,3.14518181818332,1830.02,-4.32775757574998,-6.17218181818333
BG6176,Bulgaria,BG,BG3,BG34,BG344,Стара Загора,450.84,2.07821212121667,3.14518181818332,1830.02,-4.32775757574998,-6.17218181818333
BG6177,Bulgaria,BG,BG3,BG34,BG344,Стара Загора,450.84,2.07821212121667,3.14518181818332,1830.02,-4.32775757574998,-6.17218181818333
BG6178,Bulgaria,BG,BG3,BG34,BG344,Стара Загора,450.84,2.07821212121667,3.14518181818332,1830.02,-4.32775757574998,-6.17218181818333
BG6179,Bulgaria,BG,BG3,BG34,BG344,Стара Загора,450.84,2.07821212121667,3.14518181818332,1830.02,-4.32775757574998,-6.17218181818333
BG6180,Bulgaria,BG,BG3,BG34,BG344,Стара Загора,450.84,2.07821212121667,3.14518181818332,1830.02,-4.32775757574998,-6.17218181818333
BG6181,Bulgaria,BG,BG3,BG34,BG344,Стара Загора,450.84,2.07821212121667,3.14518181818332,1830.02,-4.32775757574998,-6.17218181818333
BG6183,Bulgaria,BG,BG3,BG34,BG344,Стара Загора,450.84,2.07821212121667,3.14518181818332,1830.02,-4.32775757574998,-6.17218181818333
BG6184,Bulgaria,BG,BG3,BG34,BG344,Стара Загора,450.84,2.07821212121667,3.14518181818332,1830.02,-4.32775757574998,-6.17218181818333
BG6185,Bulgaria,BG,BG3,BG34,BG344,Стара Загора,450.84,2.07821212121667,3.14518181818332,1830.02,-4.32775757574998,-6.17218181818333
BG6186,Bulgaria,BG,BG3,BG34,BG344,Стара Загора,450.84,2.07821212121667,3.14518181818332,1830.02,-4.32775757574998,-6.17218181818333
BG6187,Bulgaria,BG,BG3,BG34,BG344,Стара Загора,450.84,2.07821212121667,3.14518181818332,1830.02,-4.32775757574998,-6.17218181818333
BG6188,Bulgaria,BG,BG3,BG34,BG344,Стара Загора,450.84,2.07821212121667,3.14518181818332,1830.02,-4.32775757574998,-6.17218181818333
BG6189,Bulgaria,BG,BG3,BG34,BG344,Стара Загора,450.84,2.07821212121667,3.14518181818332,1830.02,-4.32775757574998,-6.17218181818333
BG6190,Bulgaria,BG,BG3,BG34,BG344,Стара Загора,450.84,2.07821212121667,3.14518181818332,1830.02,-4.32775757574998,-6.17218181818333
BG6191,Bulgaria,BG,BG3,BG34,BG344,Стара Загора,450.84,2.07821212121667,3.14518181818332,1830.02,-4.32775757574998,-6.17218181818333
BG6193,Bulgaria,BG,BG3,BG34,BG344,Стара Загора,450.84,2.07821212121667,3.14518181818332,1830.02,-4.32775757574998,-6.17218181818333
BG6194,Bulgaria,BG,BG3,BG34,BG344,Стара Загора,450.84,2.07821212121667,3.14518181818332,1830.02,-4.32775757574998,-6.17218181818333
BG6195,Bulgaria,BG,BG3,BG34,BG344,Стара Загора,450.84,2.07821212121667,3.14518181818332,1830.02,-4.32775757574998,-6.17218181818333
BG6196,Bulgaria,BG,BG3,BG34,BG344,Стара Загора,450.84,2.07821212121667,3.14518181818332,1830.02,-4.32775757574998,-6.17218181818333
BG6197,Bulgaria,BG,BG3,BG34,BG344,Стара Загора,450.84,2.07821212121667,3.14518181818332,1830.02,-4.32775757574998,-6.17218181818333
BG6198,Bulgaria,BG,BG3,BG34,BG344,Стара Загора,450.84,2.07821212121667,3.14518181818332,1830.02,-4.32775757574998,-6.17218181818333
BG6199,Bulgaria,BG,BG3,BG34,BG344,Стара Загора,450.84,2.07821212121667,3.14518181818332,1830.02,-4.32775757574998,-6.17218181818333
BG6200,Bulgaria,BG,BG3,BG34,BG344,Стара Загора,450.84,2.07821212121667,3.14518181818332,1830.02,-4.32775757574998,-6.17218181818333
BG6215,Bulgaria,BG,BG3,BG34,BG344,Стара Загора,450.84,2.07821212121667,3.14518181818332,1830.02,-4.32775757574998,-6.17218181818333
BG6216,Bulgaria,BG,BG3,BG34,BG344,Стара Загора,450.84,2.07821212121667,3.14518181818332,1830.02,-4.32775757574998,-6.17218181818333
BG6217,Bulgaria,BG,BG3,BG34,BG344,Стара Загора,450.84,2.07821212121667,3.14518181818332,1830.02,-4.32775757574998,-6.17218181818333
BG6218,Bulgaria,BG,BG3,BG34,BG344,Стара Загора,450.84,2.07821212121667,3.14518181818332,1830.02,-4.32775757574998,-6.17218181818333
BG6219,Bulgaria,BG,BG3,BG34,BG344,Стара Загора,450.84,2.07821212121667,3.14518181818332,1830.02,-4.32775757574998,-6.17218181818333
BG6221,Bulgaria,BG,BG3,BG34,BG344,Стара Загора,450.84,2.07821212121667,3.14518181818332,1830.02,-4.32775757574998,-6.17218181818333
BG6222,Bulgaria,BG,BG3,BG34,BG344,Стара Загора,450.84,2.07821212121667,3.14518181818332,1830.02,-4.32775757574998,-6.17218181818333
BG6223,Bulgaria,BG,BG3,BG34,BG344,Стара Загора,450.84,2.07821212121667,3.14518181818332,1830.02,-4.32775757574998,-6.17218181818333
BG6224,Bulgaria,BG,BG3,BG34,BG344,Стара Загора,450.84,2.07821212121667,3.14518181818332,1830.02,-4.32775757574998,-6.17218181818333
BG6225,Bulgaria,BG,BG3,BG34,BG344,Стара Загора,450.84,2.07821212121667,3.14518181818332,1830.02,-4.32775757574998,-6.17218181818333
BG6226,Bulgaria,BG,BG3,BG34,BG344,Стара Загора,450.84,2.07821212121667,3.14518181818332,1830.02,-4.32775757574998,-6.17218181818333
BG6227,Bulgaria,BG,BG3,BG34,BG344,Стара Загора,450.84,2.07821212121667,3.14518181818332,1830.02,-4.32775757574998,-6.17218181818333
BG6228,Bulgaria,BG,BG3,BG34,BG344,Стара Загора,450.84,2.07821212121667,3.14518181818332,1830.02,-4.32775757574998,-6.17218181818333
BG6229,Bulgaria,BG,BG3,BG34,BG344,Стара Загора,450.84,2.07821212121667,3.14518181818332,1830.02,-4.32775757574998,-6.17218181818333
BG6230,Bulgaria,BG,BG3,BG34,BG344,Стара Загора,450.84,2.07821212121667,3.14518181818332,1830.02,-4.32775757574998,-6.17218181818333
BG6231,Bulgaria,BG,BG3,BG34,BG344,Стара Загора,450.84,2.07821212121667,3.14518181818332,1830.02,-4.32775757574998,-6.17218181818333
BG6232,Bulgaria,BG,BG3,BG34,BG344,Стара Загора,450.84,2.07821212121667,3.14518181818332,1830.02,-4.32775757574998,-6.17218181818333
BG6233,Bulgaria,BG,BG3,BG34,BG344,Стара Загора,450.84,2.07821212121667,3.14518181818332,1830.02,-4.32775757574998,-6.17218181818333
BG6234,Bulgaria,BG,BG3,BG34,BG344,Стара Загора,450.84,2.07821212121667,3.14518181818332,1830.02,-4.32775757574998,-6.17218181818333
BG6235,Bulgaria,BG,BG3,BG34,BG344,Стара Загора,450.84,2.07821212121667,3.14518181818332,1830.02,-4.32775757574998,-6.17218181818333
BG6236,Bulgaria,BG,BG3,BG34,BG344,Стара Загора,450.84,2.07821212121667,3.14518181818332,1830.02,-4.32775757574998,-6.17218181818333
BG6237,Bulgaria,BG,BG3,BG34,BG344,Стара Загора,450.84,2.07821212121667,3.14518181818332,1830.02,-4.32775757574998,-6.17218181818333
BG6238,Bulgaria,BG,BG3,BG34,BG344,Стара Загора,450.84,2.07821212121667,3.14518181818332,1830.02,-4.32775757574998,-6.17218181818333
BG6239,Bulgaria,BG,BG3,BG34,BG344,Стара Загора,450.84,2.07821212121667,3.14518181818332,1830.02,-4.32775757574998,-6.17218181818333
BG6240,Bulgaria,BG,BG3,BG34,BG344,Стара Загора,450.84,2.07821212121667,3.14518181818332,1830.02,-4.32775757574998,-6.17218181818333
BG6241,Bulgaria,BG,BG3,BG34,BG344,Стара Загора,450.84,2.07821212121667,3.14518181818332,1830.02,-4.32775757574998,-6.17218181818333
BG6242,Bulgaria,BG,BG3,BG34,BG344,Стара Загора,450.84,2.07821212121667,3.14518181818332,1830.02,-4.32775757574998,-6.17218181818333
BG6243,Bulgaria,BG,BG3,BG34,BG344,Стара Загора,450.84,2.07821212121667,3.14518181818332,1830.02,-4.32775757574998,-6.17218181818333
BG6244,Bulgaria,BG,BG3,BG34,BG344,Стара Загора,450.84,2.07821212121667,3.14518181818332,1830.02,-4.32775757574998,-6.17218181818333
BG6245,Bulgaria,BG,BG3,BG34,BG344,Стара Загора,450.84,2.07821212121667,3.14518181818332,1830.02,-4.32775757574998,-6.17218181818333
BG6247,Bulgaria,BG,BG3,BG34,BG344,Стара Загора,450.84,2.07821212121667,3.14518181818332,1830.02,-4.32775757574998,-6.17218181818333
BG6248,Bulgaria,BG,BG3,BG34,BG344,Стара Загора,450.84,2.07821212121667,3.14518181818332,1830.02,-4.32775757574998,-6.17218181818333
BG6249,Bulgaria,BG,BG3,BG34,BG344,Стара Загора,450.84,2.07821212121667,3.14518181818332,1830.02,-4.32775757574998,-6.17218181818333
BG6250,Bulgaria,BG,BG3,BG34,BG344,Стара Загора,450.84,2.07821212121667,3.14518181818332,1830.02,-4.32775757574998,-6.17218181818333
BG6251,Bulgaria,BG,BG3,BG34,BG344,Стара Загора,450.84,2.07821212121667,3.14518181818332,1830.02,-4.32775757574998,-6.17218181818333
BG6252,Bulgaria,BG,BG3,BG34,BG344,Стара Загора,450.84,2.07821212121667,3.14518181818332,1830.02,-4.32775757574998,-6.17218181818333
BG6253,Bulgaria,BG,BG3,BG34,BG344,Стара Загора,450.84,2.07821212121667,3.14518181818332,1830.02,-4.32775757574998,-6.17218181818333
BG6254,Bulgaria,BG,BG3,BG34,BG344,Стара Загора,450.84,2.07821212121667,3.14518181818332,1830.02,-4.32775757574998,-6.17218181818333
BG6255,Bulgaria,BG,BG3,BG34,BG344,Стара Загора,450.84,2.07821212121667,3.14518181818332,1830.02,-4.32775757574998,-6.17218181818333
BG6257,Bulgaria,BG,BG3,BG34,BG344,Стара Загора,450.84,2.07821212121667,3.14518181818332,1830.02,-4.32775757574998,-6.17218181818333
BG6258,Bulgaria,BG,BG3,BG34,BG344,Стара Загора,450.84,2.07821212121667,3.14518181818332,1830.02,-4.32775757574998,-6.17218181818333
BG6259,Bulgaria,BG,BG3,BG34,BG344,Стара Загора,450.84,2.07821212121667,3.14518181818332,1830.02,-4.32775757574998,-6.17218181818333
BG6260,Bulgaria,BG,BG3,BG34,BG344,Стара Загора,450.84,2.07821212121667,3.14518181818332,1830.02,-4.32775757574998,-6.17218181818333
BG6261,Bulgaria,BG,BG3,BG34,BG344,Стара Загора,450.84,2.07821212121667,3.14518181818332,1830.02,-4.32775757574998,-6.17218181818333
BG6262,Bulgaria,BG,BG3,BG34,BG344,Стара Загора,450.84,2.07821212121667,3.14518181818332,1830.02,-4.32775757574998,-6.17218181818333
BG6267,Bulgaria,BG,BG3,BG34,BG344,Стара Загора,450.84,2.07821212121667,3.14518181818332,1830.02,-4.32775757574998,-6.17218181818333
BG6268,Bulgaria,BG,BG3,BG34,BG344,Стара Загора,450.84,2.07821212121667,3.14518181818332,1830.02,-4.32775757574998,-6.17218181818333
BG6269,Bulgaria,BG,BG3,BG34,BG344,Стара Загора,450.84,2.07821212121667,3.14518181818332,1830.02,-4.32775757574998,-6.17218181818333
BG6270,Bulgaria,BG,BG3,BG34,BG344,Стара Загора,450.84,2.07821212121667,3.14518181818332,1830.02,-4.32775757574998,-6.17218181818333
BG6271,Bulgaria,BG,BG3,BG34,BG344,Стара Загора,450.84,2.07821212121667,3.14518181818332,1830.02,-4.32775757574998,-6.17218181818333
BG6272,Bulgaria,BG,BG3,BG34,BG344,Стара Загора,450.84,2.07821212121667,3.14518181818332,1830.02,-4.32775757574998,-6.17218181818333
BG6273,Bulgaria,BG,BG3,BG34,BG344,Стара Загора,450.84,2.07821212121667,3.14518181818332,1830.02,-4.32775757574998,-6.17218181818333
BG6274,Bulgaria,BG,BG3,BG34,BG344,Стара Загора,450.84,2.07821212121667,3.14518181818332,1830.02,-4.32775757574998,-6.17218181818333
BG6275,Bulgaria,BG,BG3,BG34,BG344,Стара Загора,450.84,2.07821212121667,3.14518181818332,1830.02,-4.32775757574998,-6.17218181818333
BG6276,Bulgaria,BG,BG3,BG34,BG344,Стара Загора,450.84,2.07821212121667,3.14518181818332,1830.02,-4.32775757574998,-6.17218181818333
BG6277,Bulgaria,BG,BG3,BG34,BG344,Стара Загора,450.84,2.07821212121667,3.14518181818332,1830.02,-4.32775757574998,-6.17218181818333
BG6278,Bulgaria,BG,BG3,BG34,BG344,Стара Загора,450.84,2.07821212121667,3.14518181818332,1830.02,-4.32775757574998,-6.17218181818333
BG6279,Bulgaria,BG,BG3,BG34,BG344,Стара Загора,450.84,2.07821212121667,3.14518181818332,1830.02,-4.32775757574998,-6.17218181818333
BG6281,Bulgaria,BG,BG3,BG34,BG344,Стара Загора,450.84,2.07821212121667,3.14518181818332,1830.02,-4.32775757574998,-6.17218181818333
BG6282,Bulgaria,BG,BG3,BG34,BG344,Стара Загора,450.84,2.07821212121667,3.14518181818332,1830.02,-4.32775757574998,-6.17218181818333
BG6283,Bulgaria,BG,BG3,BG34,BG344,Стара Загора,450.84,2.07821212121667,3.14518181818332,1830.02,-4.32775757574998,-6.17218181818333
BG6284,Bulgaria,BG,BG3,BG34,BG344,Стара Загора,450.84,2.07821212121667,3.14518181818332,1830.02,-4.32775757574998,-6.17218181818333
BG6290,Bulgaria,BG,BG3,BG34,BG344,Стара Загора,450.84,2.07821212121667,3.14518181818332,1830.02,-4.32775757574998,-6.17218181818333
BG6292,Bulgaria,BG,BG3,BG34,BG344,Стара Загора,450.84,2.07821212121667,3.14518181818332,1830.02,-4.32775757574998,-6.17218181818333
BG6293,Bulgaria,BG,BG3,BG34,BG344,Стара Загора,450.84,2.07821212121667,3.14518181818332,1830.02,-4.32775757574998,-6.17218181818333
BG6294,Bulgaria,BG,BG3,BG34,BG344,Стара Загора,450.84,2.07821212121667,3.14518181818332,1830.02,-4.32775757574998,-6.17218181818333
BG6295,Bulgaria,BG,BG3,BG34,BG344,Стара Загора,450.84,2.07821212121667,3.14518181818332,1830.02,-4.32775757574998,-6.17218181818333
BG6297,Bulgaria,BG,BG3,BG34,BG344,Стара Загора,450.84,2.07821212121667,3.14518181818332,1830.02,-4.32775757574998,-6.17218181818333
BG6445,Bulgaria,BG,BG3,BG34,BG344,Стара Загора,450.84,2.07821212121667,3.14518181818332,1830.02,-4.32775757574998,-6.17218181818333
BG8950,Bulgaria,BG,BG3,BG34,BG344,Стара Загора,450.84,2.07821212121667,3.14518181818332,1830.02,-4.32775757574998,-6.17218181818333
BG8954,Bulgaria,BG,BG3,BG34,BG344,Стара Загора,450.84,2.07821212121667,3.14518181818332,1830.02,-4.32775757574998,-6.17218181818333
BG8963,Bulgaria,BG,BG3,BG34,BG344,Стара Загора,450.84,2.07821212121667,3.14518181818332,1830.02,-4.32775757574998,-6.17218181818333
BG2627,Bulgaria,BG,BG4,BG41,BG413,Благоевград,299.96,1.558964646465,2.41040404039998,2322.14,-5.19944444445,-7.57459595959998
BG2700,Bulgaria,BG,BG4,BG41,BG413,Благоевград,299.96,1.558964646465,2.41040404039998,2322.14,-5.19944444445,-7.57459595959998
BG2708,Bulgaria,BG,BG4,BG41,BG413,Благоевград,299.96,1.558964646465,2.41040404039998,2322.14,-5.19944444445,-7.57459595959998
BG2709,Bulgaria,BG,BG4,BG41,BG413,Благоевград,299.96,1.558964646465,2.41040404039998,2322.14,-5.19944444445,-7.57459595959998
BG2710,Bulgaria,BG,BG4,BG41,BG413,Благоевград,299.96,1.558964646465,2.41040404039998,2322.14,-5.19944444445,-7.57459595959998
BG2711,Bulgaria,BG,BG4,BG41,BG413,Благоевград,299.96,1.558964646465,2.41040404039998,2322.14,-5.19944444445,-7.57459595959998
BG2722,Bulgaria,BG,BG4,BG41,BG413,Благоевград,299.96,1.558964646465,2.41040404039998,2322.14,-5.19944444445,-7.57459595959998
BG2723,Bulgaria,BG,BG4,BG41,BG413,Благоевград,299.96,1.558964646465,2.41040404039998,2322.14,-5.19944444445,-7.57459595959998
BG2724,Bulgaria,BG,BG4,BG41,BG413,Благоевград,299.96,1.558964646465,2.41040404039998,2322.14,-5.19944444445,-7.57459595959998
BG2725,Bulgaria,BG,BG4,BG41,BG413,Благоевград,299.96,1.558964646465,2.41040404039998,2322.14,-5.19944444445,-7.57459595959998
BG2726,Bulgaria,BG,BG4,BG41,BG413,Благоевград,299.96,1.558964646465,2.41040404039998,2322.14,-5.19944444445,-7.57459595959998
BG2727,Bulgaria,BG,BG4,BG41,BG413,Благоевград,299.96,1.558964646465,2.41040404039998,2322.14,-5.19944444445,-7.57459595959998
BG2728,Bulgaria,BG,BG4,BG41,BG413,Благоевград,299.96,1.558964646465,2.41040404039998,2322.14,-5.19944444445,-7.57459595959998
BG2729,Bulgaria,BG,BG4,BG41,BG413,Благоевград,299.96,1.558964646465,2.41040404039998,2322.14,-5.19944444445,-7.57459595959998
BG2730,Bulgaria,BG,BG4,BG41,BG413,Благоевград,299.96,1.558964646465,2.41040404039998,2322.14,-5.19944444445,-7.57459595959998
BG2732,Bulgaria,BG,BG4,BG41,BG413,Благоевград,299.96,1.558964646465,2.41040404039998,2322.14,-5.19944444445,-7.57459595959998
BG2733,Bulgaria,BG,BG4,BG41,BG413,Благоевград,299.96,1.558964646465,2.41040404039998,2322.14,-5.19944444445,-7.57459595959998
BG2734,Bulgaria,BG,BG4,BG41,BG413,Благоевград,299.96,1.558964646465,2.41040404039998,2322.14,-5.19944444445,-7.57459595959998
BG2735,Bulgaria,BG,BG4,BG41,BG413,Благоевград,299.96,1.558964646465,2.41040404039998,2322.14,-5.19944444445,-7.57459595959998
BG2736,Bulgaria,BG,BG4,BG41,BG413,Благоевград,299.96,1.558964646465,2.41040404039998,2322.14,-5.19944444445,-7.57459595959998
BG2737,Bulgaria,BG,BG4,BG41,BG413,Благоевград,299.96,1.558964646465,2.41040404039998,2322.14,-5.19944444445,-7.57459595959998
BG2738,Bulgaria,BG,BG4,BG41,BG413,Благоевград,299.96,1.558964646465,2.41040404039998,2322.14,-5.19944444445,-7.57459595959998
BG2739,Bulgaria,BG,BG4,BG41,BG413,Благоевград,299.96,1.558964646465,2.41040404039998,2322.14,-5.19944444445,-7.57459595959998
BG2740,Bulgaria,BG,BG4,BG41,BG413,Благоевград,299.96,1.558964646465,2.41040404039998,2322.14,-5.19944444445,-7.57459595959998
BG2741,Bulgaria,BG,BG4,BG41,BG413,Благоевград,299.96,1.558964646465,2.41040404039998,2322.14,-5.19944444445,-7.57459595959998
BG2742,Bulgaria,BG,BG4,BG41,BG413,Благоевград,299.96,1.558964646465,2.41040404039998,2322.14,-5.19944444445,-7.57459595959998
BG2743,Bulgaria,BG,BG4,BG41,BG413,Благоевград,299.96,1.558964646465,2.41040404039998,2322.14,-5.19944444445,-7.57459595959998
BG2744,Bulgaria,BG,BG4,BG41,BG413,Благоевград,299.96,1.558964646465,2.41040404039998,2322.14,-5.19944444445,-7.57459595959998
BG2745,Bulgaria,BG,BG4,BG41,BG413,Благоевград,299.96,1.558964646465,2.41040404039998,2322.14,-5.19944444445,-7.57459595959998
BG2746,Bulgaria,BG,BG4,BG41,BG413,Благоевград,299.96,1.558964646465,2.41040404039998,2322.14,-5.19944444445,-7.57459595959998
BG2747,Bulgaria,BG,BG4,BG41,BG413,Благоевград,299.96,1.558964646465,2.41040404039998,2322.14,-5.19944444445,-7.57459595959998
BG2748,Bulgaria,BG,BG4,BG41,BG413,Благоевград,299.96,1.558964646465,2.41040404039998,2322.14,-5.19944444445,-7.57459595959998
BG2749,Bulgaria,BG,BG4,BG41,BG413,Благоевград,299.96,1.558964646465,2.41040404039998,2322.14,-5.19944444445,-7.57459595959998
BG2750,Bulgaria,BG,BG4,BG41,BG413,Благоевград,299.96,1.558964646465,2.41040404039998,2322.14,-5.19944444445,-7.57459595959998
BG2751,Bulgaria,BG,BG4,BG41,BG413,Благоевград,299.96,1.558964646465,2.41040404039998,2322.14,-5.19944444445,-7.57459595959998
BG2752,Bulgaria,BG,BG4,BG41,BG413,Благоевград,299.96,1.558964646465,2.41040404039998,2322.14,-5.19944444445,-7.57459595959998
BG2753,Bulgaria,BG,BG4,BG41,BG413,Благоевград,299.96,1.558964646465,2.41040404039998,2322.14,-5.19944444445,-7.57459595959998
BG2754,Bulgaria,BG,BG4,BG41,BG413,Благоевград,299.96,1.558964646465,2.41040404039998,2322.14,-5.19944444445,-7.57459595959998
BG2755,Bulgaria,BG,BG4,BG41,BG413,Благоевград,299.96,1.558964646465,2.41040404039998,2322.14,-5.19944444445,-7.57459595959998
BG2756,Bulgaria,BG,BG4,BG41,BG413,Благоевград,299.96,1.558964646465,2.41040404039998,2322.14,-5.19944444445,-7.57459595959998
BG2757,Bulgaria,BG,BG4,BG41,BG413,Благоевград,299.96,1.558964646465,2.41040404039998,2322.14,-5.19944444445,-7.57459595959998
BG2758,Bulgaria,BG,BG4,BG41,BG413,Благоевград,299.96,1.558964646465,2.41040404039998,2322.14,-5.19944444445,-7.57459595959998
BG2759,Bulgaria,BG,BG4,BG41,BG413,Благоевград,299.96,1.558964646465,2.41040404039998,2322.14,-5.19944444445,-7.57459595959998
BG2760,Bulgaria,BG,BG4,BG41,BG413,Благоевград,299.96,1.558964646465,2.41040404039998,2322.14,-5.19944444445,-7.57459595959998
BG2768,Bulgaria,BG,BG4,BG41,BG413,Благоевград,299.96,1.558964646465,2.41040404039998,2322.14,-5.19944444445,-7.57459595959998
BG2769,Bulgaria,BG,BG4,BG41,BG413,Благоевград,299.96,1.558964646465,2.41040404039998,2322.14,-5.19944444445,-7.57459595959998
BG2770,Bulgaria,BG,BG4,BG41,BG413,Благоевград,299.96,1.558964646465,2.41040404039998,2322.14,-5.19944444445,-7.57459595959998
BG2771,Bulgaria,BG,BG4,BG41,BG413,Благоевград,299.96,1.558964646465,2.41040404039998,2322.14,-5.19944444445,-7.57459595959998
BG2772,Bulgaria,BG,BG4,BG41,BG413,Благоевград,299.96,1.558964646465,2.41040404039998,2322.14,-5.19944444445,-7.57459595959998
BG2773,Bulgaria,BG,BG4,BG41,BG413,Благоевград,299.96,1.558964646465,2.41040404039998,2322.14,-5.19944444445,-7.57459595959998
BG2774,Bulgaria,BG,BG4,BG41,BG413,Благоевград,299.96,1.558964646465,2.41040404039998,2322.14,-5.19944444445,-7.57459595959998
BG2775,Bulgaria,BG,BG4,BG41,BG413,Благоевград,299.96,1.558964646465,2.41040404039998,2322.14,-5.19944444445,-7.57459595959998
BG2776,Bulgaria,BG,BG4,BG41,BG413,Благоевград,299.96,1.558964646465,2.41040404039998,2322.14,-5.19944444445,-7.57459595959998
BG2777,Bulgaria,BG,BG4,BG41,BG413,Благоевград,299.96,1.558964646465,2.41040404039998,2322.14,-5.19944444445,-7.57459595959998
BG2778,Bulgaria,BG,BG4,BG41,BG413,Благоевград,299.96,1.558964646465,2.41040404039998,2322.14,-5.19944444445,-7.57459595959998
BG2779,Bulgaria,BG,BG4,BG41,BG413,Благоевград,299.96,1.558964646465,2.41040404039998,2322.14,-5.19944444445,-7.57459595959998
BG2780,Bulgaria,BG,BG4,BG41,BG413,Благоевград,299.96,1.558964646465,2.41040404039998,2322.14,-5.19944444445,-7.57459595959998
BG2781,Bulgaria,BG,BG4,BG41,BG413,Благоевград,299.96,1.558964646465,2.41040404039998,2322.14,-5.19944444445,-7.57459595959998
BG2782,Bulgaria,BG,BG4,BG41,BG413,Благоевград,299.96,1.558964646465,2.41040404039998,2322.14,-5.19944444445,-7.57459595959998
BG2783,Bulgaria,BG,BG4,BG41,BG413,Благоевград,299.96,1.558964646465,2.41040404039998,2322.14,-5.19944444445,-7.57459595959998
BG2784,Bulgaria,BG,BG4,BG41,BG413,Благоевград,299.96,1.558964646465,2.41040404039998,2322.14,-5.19944444445,-7.57459595959998
BG2785,Bulgaria,BG,BG4,BG41,BG413,Благоевград,299.96,1.558964646465,2.41040404039998,2322.14,-5.19944444445,-7.57459595959998
BG2786,Bulgaria,BG,BG4,BG41,BG413,Благоевград,299.96,1.558964646465,2.41040404039998,2322.14,-5.19944444445,-7.57459595959998
BG2787,Bulgaria,BG,BG4,BG41,BG413,Благоевград,299.96,1.558964646465,2.41040404039998,2322.14,-5.19944444445,-7.57459595959998
BG2788,Bulgaria,BG,BG4,BG41,BG413,Благоевград,299.96,1.558964646465,2.41040404039998,2322.14,-5.19944444445,-7.57459595959998
BG2789,Bulgaria,BG,BG4,BG41,BG413,Благоевград,299.96,1.558964646465,2.41040404039998,2322.14,-5.19944444445,-7.57459595959998
BG2790,Bulgaria,BG,BG4,BG41,BG413,Благоевград,299.96,1.558964646465,2.41040404039998,2322.14,-5.19944444445,-7.57459595959998
BG2791,Bulgaria,BG,BG4,BG41,BG413,Благоевград,299.96,1.558964646465,2.41040404039998,2322.14,-5.19944444445,-7.57459595959998
BG2792,Bulgaria,BG,BG4,BG41,BG413,Благоевград,299.96,1.558964646465,2.41040404039998,2322.14,-5.19944444445,-7.57459595959998
BG2793,Bulgaria,BG,BG4,BG41,BG413,Благоевград,299.96,1.558964646465,2.41040404039998,2322.14,-5.19944444445,-7.57459595959998
BG2794,Bulgaria,BG,BG4,BG41,BG413,Благоевград,299.96,1.558964646465,2.41040404039998,2322.14,-5.19944444445,-7.57459595959998
BG2795,Bulgaria,BG,BG4,BG41,BG413,Благоевград,299.96,1.558964646465,2.41040404039998,2322.14,-5.19944444445,-7.57459595959998
BG2796,Bulgaria,BG,BG4,BG41,BG413,Благоевград,299.96,1.558964646465,2.41040404039998,2322.14,-5.19944444445,-7.57459595959998
BG2797,Bulgaria,BG,BG4,BG41,BG413,Благоевград,299.96,1.558964646465,2.41040404039998,2322.14,-5.19944444445,-7.57459595959998
BG2798,Bulgaria,BG,BG4,BG41,BG413,Благоевград,299.96,1.558964646465,2.41040404039998,2322.14,-5.19944444445,-7.57459595959998
BG2799,Bulgaria,BG,BG4,BG41,BG413,Благоевград,299.96,1.558964646465,2.41040404039998,2322.14,-5.19944444445,-7.57459595959998
BG2800,Bulgaria,BG,BG4,BG41,BG413,Благоевград,299.96,1.558964646465,2.41040404039998,2322.14,-5.19944444445,-7.57459595959998
BG2803,Bulgaria,BG,BG4,BG41,BG413,Благоевград,299.96,1.558964646465,2.41040404039998,2322.14,-5.19944444445,-7.57459595959998
BG2804,Bulgaria,BG,BG4,BG41,BG413,Благоевград,299.96,1.558964646465,2.41040404039998,2322.14,-5.19944444445,-7.57459595959998
BG2805,Bulgaria,BG,BG4,BG41,BG413,Благоевград,299.96,1.558964646465,2.41040404039998,2322.14,-5.19944444445,-7.57459595959998
BG2806,Bulgaria,BG,BG4,BG41,BG413,Благоевград,299.96,1.558964646465,2.41040404039998,2322.14,-5.19944444445,-7.57459595959998
BG2807,Bulgaria,BG,BG4,BG41,BG413,Благоевград,299.96,1.558964646465,2.41040404039998,2322.14,-5.19944444445,-7.57459595959998
BG2808,Bulgaria,BG,BG4,BG41,BG413,Благоевград,299.96,1.558964646465,2.41040404039998,2322.14,-5.19944444445,-7.57459595959998
BG2809,Bulgaria,BG,BG4,BG41,BG413,Благоевград,299.96,1.558964646465,2.41040404039998,2322.14,-5.19944444445,-7.57459595959998
BG2810,Bulgaria,BG,BG4,BG41,BG413,Благоевград,299.96,1.558964646465,2.41040404039998,2322.14,-5.19944444445,-7.57459595959998
BG2811,Bulgaria,BG,BG4,BG41,BG413,Благоевград,299.96,1.558964646465,2.41040404039998,2322.14,-5.19944444445,-7.57459595959998
BG2812,Bulgaria,BG,BG4,BG41,BG413,Благоевград,299.96,1.558964646465,2.41040404039998,2322.14,-5.19944444445,-7.57459595959998
BG2813,Bulgaria,BG,BG4,BG41,BG413,Благоевград,299.96,1.558964646465,2.41040404039998,2322.14,-5.19944444445,-7.57459595959998
BG2814,Bulgaria,BG,BG4,BG41,BG413,Благоевград,299.96,1.558964646465,2.41040404039998,2322.14,-5.19944444445,-7.57459595959998
BG2815,Bulgaria,BG,BG4,BG41,BG413,Благоевград,299.96,1.558964646465,2.41040404039998,2322.14,-5.19944444445,-7.57459595959998
BG2816,Bulgaria,BG,BG4,BG41,BG413,Благоевград,299.96,1.558964646465,2.41040404039998,2322.14,-5.19944444445,-7.57459595959998
BG2817,Bulgaria,BG,BG4,BG41,BG413,Благоевград,299.96,1.558964646465,2.41040404039998,2322.14,-5.19944444445,-7.57459595959998
BG2818,Bulgaria,BG,BG4,BG41,BG413,Благоевград,299.96,1.558964646465,2.41040404039998,2322.14,-5.19944444445,-7.57459595959998
BG2819,Bulgaria,BG,BG4,BG41,BG413,Благоевград,299.96,1.558964646465,2.41040404039998,2322.14,-5.19944444445,-7.57459595959998
BG2820,Bulgaria,BG,BG4,BG41,BG413,Благоевград,299.96,1.558964646465,2.41040404039998,2322.14,-5.19944444445,-7.57459595959998
BG2821,Bulgaria,BG,BG4,BG41,BG413,Благоевград,299.96,1.558964646465,2.41040404039998,2322.14,-5.19944444445,-7.57459595959998
BG2822,Bulgaria,BG,BG4,BG41,BG413,Благоевград,299.96,1.558964646465,2.41040404039998,2322.14,-5.19944444445,-7.57459595959998
BG2823,Bulgaria,BG,BG4,BG41,BG413,Благоевград,299.96,1.558964646465,2.41040404039998,2322.14,-5.19944444445,-7.57459595959998
BG2824,Bulgaria,BG,BG4,BG41,BG413,Благоевград,299.96,1.558964646465,2.41040404039998,2322.14,-5.19944444445,-7.57459595959998
BG2825,Bulgaria,BG,BG4,BG41,BG413,Благоевград,299.96,1.558964646465,2.41040404039998,2322.14,-5.19944444445,-7.57459595959998
BG2826,Bulgaria,BG,BG4,BG41,BG413,Благоевград,299.96,1.558964646465,2.41040404039998,2322.14,-5.19944444445,-7.57459595959998
BG2827,Bulgaria,BG,BG4,BG41,BG413,Благоевград,299.96,1.558964646465,2.41040404039998,2322.14,-5.19944444445,-7.57459595959998
BG2828,Bulgaria,BG,BG4,BG41,BG413,Благоевград,299.96,1.558964646465,2.41040404039998,2322.14,-5.19944444445,-7.57459595959998
BG2829,Bulgaria,BG,BG4,BG41,BG413,Благоевград,299.96,1.558964646465,2.41040404039998,2322.14,-5.19944444445,-7.57459595959998
BG2830,Bulgaria,BG,BG4,BG41,BG413,Благоевград,299.96,1.558964646465,2.41040404039998,2322.14,-5.19944444445,-7.57459595959998
BG2831,Bulgaria,BG,BG4,BG41,BG413,Благоевград,299.96,1.558964646465,2.41040404039998,2322.14,-5.19944444445,-7.57459595959998
BG2832,Bulgaria,BG,BG4,BG41,BG413,Благоевград,299.96,1.558964646465,2.41040404039998,2322.14,-5.19944444445,-7.57459595959998
BG2833,Bulgaria,BG,BG4,BG41,BG413,Благоевград,299.96,1.558964646465,2.41040404039998,2322.14,-5.19944444445,-7.57459595959998
BG2834,Bulgaria,BG,BG4,BG41,BG413,Благоевград,299.96,1.558964646465,2.41040404039998,2322.14,-5.19944444445,-7.57459595959998
BG2835,Bulgaria,BG,BG4,BG41,BG413,Благоевград,299.96,1.558964646465,2.41040404039998,2322.14,-5.19944444445,-7.57459595959998
BG2836,Bulgaria,BG,BG4,BG41,BG413,Благоевград,299.96,1.558964646465,2.41040404039998,2322.14,-5.19944444445,-7.57459595959998
BG2837,Bulgaria,BG,BG4,BG41,BG413,Благоевград,299.96,1.558964646465,2.41040404039998,2322.14,-5.19944444445,-7.57459595959998
BG2838,Bulgaria,BG,BG4,BG41,BG413,Благоевград,299.96,1.558964646465,2.41040404039998,2322.14,-5.19944444445,-7.57459595959998
BG2839,Bulgaria,BG,BG4,BG41,BG413,Благоевград,299.96,1.558964646465,2.41040404039998,2322.14,-5.19944444445,-7.57459595959998
BG2841,Bulgaria,BG,BG4,BG41,BG413,Благоевград,299.96,1.558964646465,2.41040404039998,2322.14,-5.19944444445,-7.57459595959998
BG2842,Bulgaria,BG,BG4,BG41,BG413,Благоевград,299.96,1.558964646465,2.41040404039998,2322.14,-5.19944444445,-7.57459595959998
BG2843,Bulgaria,BG,BG4,BG41,BG413,Благоевград,299.96,1.558964646465,2.41040404039998,2322.14,-5.19944444445,-7.57459595959998
BG2844,Bulgaria,BG,BG4,BG41,BG413,Благоевград,299.96,1.558964646465,2.41040404039998,2322.14,-5.19944444445,-7.57459595959998
BG2845,Bulgaria,BG,BG4,BG41,BG413,Благоевград,299.96,1.558964646465,2.41040404039998,2322.14,-5.19944444445,-7.57459595959998
BG2846,Bulgaria,BG,BG4,BG41,BG413,Благоевград,299.96,1.558964646465,2.41040404039998,2322.14,-5.19944444445,-7.57459595959998
BG2847,Bulgaria,BG,BG4,BG41,BG413,Благоевград,299.96,1.558964646465,2.41040404039998,2322.14,-5.19944444445,-7.57459595959998
BG2848,Bulgaria,BG,BG4,BG41,BG413,Благоевград,299.96,1.558964646465,2.41040404039998,2322.14,-5.19944444445,-7.57459595959998
BG2849,Bulgaria,BG,BG4,BG41,BG413,Благоевград,299.96,1.558964646465,2.41040404039998,2322.14,-5.19944444445,-7.57459595959998
BG2850,Bulgaria,BG,BG4,BG41,BG413,Благоевград,299.96,1.558964646465,2.41040404039998,2322.14,-5.19944444445,-7.57459595959998
BG2854,Bulgaria,BG,BG4,BG41,BG413,Благоевград,299.96,1.558964646465,2.41040404039998,2322.14,-5.19944444445,-7.57459595959998
BG2856,Bulgaria,BG,BG4,BG41,BG413,Благоевград,299.96,1.558964646465,2.41040404039998,2322.14,-5.19944444445,-7.57459595959998
BG2857,Bulgaria,BG,BG4,BG41,BG413,Благоевград,299.96,1.558964646465,2.41040404039998,2322.14,-5.19944444445,-7.57459595959998
BG2858,Bulgaria,BG,BG4,BG41,BG413,Благоевград,299.96,1.558964646465,2.41040404039998,2322.14,-5.19944444445,-7.57459595959998
BG2859,Bulgaria,BG,BG4,BG41,BG413,Благоевград,299.96,1.558964646465,2.41040404039998,2322.14,-5.19944444445,-7.57459595959998
BG2860,Bulgaria,BG,BG4,BG41,BG413,Благоевград,299.96,1.558964646465,2.41040404039998,2322.14,-5.19944444445,-7.57459595959998
BG2861,Bulgaria,BG,BG4,BG41,BG413,Благоевград,299.96,1.558964646465,2.41040404039998,2322.14,-5.19944444445,-7.57459595959998
BG2862,Bulgaria,BG,BG4,BG41,BG413,Благоевград,299.96,1.558964646465,2.41040404039998,2322.14,-5.19944444445,-7.57459595959998
BG2863,Bulgaria,BG,BG4,BG41,BG413,Благоевград,299.96,1.558964646465,2.41040404039998,2322.14,-5.19944444445,-7.57459595959998
BG2864,Bulgaria,BG,BG4,BG41,BG413,Благоевград,299.96,1.558964646465,2.41040404039998,2322.14,-5.19944444445,-7.57459595959998
BG2865,Bulgaria,BG,BG4,BG41,BG413,Благоевград,299.96,1.558964646465,2.41040404039998,2322.14,-5.19944444445,-7.57459595959998
BG2866,Bulgaria,BG,BG4,BG41,BG413,Благоевград,299.96,1.558964646465,2.41040404039998,2322.14,-5.19944444445,-7.57459595959998
BG2867,Bulgaria,BG,BG4,BG41,BG413,Благоевград,299.96,1.558964646465,2.41040404039998,2322.14,-5.19944444445,-7.57459595959998
BG2868,Bulgaria,BG,BG4,BG41,BG413,Благоевград,299.96,1.558964646465,2.41040404039998,2322.14,-5.19944444445,-7.57459595959998
BG2869,Bulgaria,BG,BG4,BG41,BG413,Благоевград,299.96,1.558964646465,2.41040404039998,2322.14,-5.19944444445,-7.57459595959998
BG2870,Bulgaria,BG,BG4,BG41,BG413,Благоевград,299.96,1.558964646465,2.41040404039998,2322.14,-5.19944444445,-7.57459595959998
BG2871,Bulgaria,BG,BG4,BG41,BG413,Благоевград,299.96,1.558964646465,2.41040404039998,2322.14,-5.19944444445,-7.57459595959998
BG2872,Bulgaria,BG,BG4,BG41,BG413,Благоевград,299.96,1.558964646465,2.41040404039998,2322.14,-5.19944444445,-7.57459595959998
BG2873,Bulgaria,BG,BG4,BG41,BG413,Благоевград,299.96,1.558964646465,2.41040404039998,2322.14,-5.19944444445,-7.57459595959998
BG2874,Bulgaria,BG,BG4,BG41,BG413,Благоевград,299.96,1.558964646465,2.41040404039998,2322.14,-5.19944444445,-7.57459595959998
BG2875,Bulgaria,BG,BG4,BG41,BG413,Благоевград,299.96,1.558964646465,2.41040404039998,2322.14,-5.19944444445,-7.57459595959998
BG2876,Bulgaria,BG,BG4,BG41,BG413,Благоевград,299.96,1.558964646465,2.41040404039998,2322.14,-5.19944444445,-7.57459595959998
BG2878,Bulgaria,BG,BG4,BG41,BG413,Благоевград,299.96,1.558964646465,2.41040404039998,2322.14,-5.19944444445,-7.57459595959998
BG2879,Bulgaria,BG,BG4,BG41,BG413,Благоевград,299.96,1.558964646465,2.41040404039998,2322.14,-5.19944444445,-7.57459595959998
BG2880,Bulgaria,BG,BG4,BG41,BG413,Благоевград,299.96,1.558964646465,2.41040404039998,2322.14,-5.19944444445,-7.57459595959998
BG2881,Bulgaria,BG,BG4,BG41,BG413,Благоевград,299.96,1.558964646465,2.41040404039998,2322.14,-5.19944444445,-7.57459595959998
BG2882,Bulgaria,BG,BG4,BG41,BG413,Благоевград,299.96,1.558964646465,2.41040404039998,2322.14,-5.19944444445,-7.57459595959998
BG2883,Bulgaria,BG,BG4,BG41,BG413,Благоевград,299.96,1.558964646465,2.41040404039998,2322.14,-5.19944444445,-7.57459595959998
BG2884,Bulgaria,BG,BG4,BG41,BG413,Благоевград,299.96,1.558964646465,2.41040404039998,2322.14,-5.19944444445,-7.57459595959998
BG2885,Bulgaria,BG,BG4,BG41,BG413,Благоевград,299.96,1.558964646465,2.41040404039998,2322.14,-5.19944444445,-7.57459595959998
BG2886,Bulgaria,BG,BG4,BG41,BG413,Благоевград,299.96,1.558964646465,2.41040404039998,2322.14,-5.19944444445,-7.57459595959998
BG2887,Bulgaria,BG,BG4,BG41,BG413,Благоевград,299.96,1.558964646465,2.41040404039998,2322.14,-5.19944444445,-7.57459595959998
BG2888,Bulgaria,BG,BG4,BG41,BG413,Благоевград,299.96,1.558964646465,2.41040404039998,2322.14,-5.19944444445,-7.57459595959998
BG2889,Bulgaria,BG,BG4,BG41,BG413,Благоевград,299.96,1.558964646465,2.41040404039998,2322.14,-5.19944444445,-7.57459595959998
BG2891,Bulgaria,BG,BG4,BG41,BG413,Благоевград,299.96,1.558964646465,2.41040404039998,2322.14,-5.19944444445,-7.57459595959998
BG2892,Bulgaria,BG,BG4,BG41,BG413,Благоевград,299.96,1.558964646465,2.41040404039998,2322.14,-5.19944444445,-7.57459595959998
BG2893,Bulgaria,BG,BG4,BG41,BG413,Благоевград,299.96,1.558964646465,2.41040404039998,2322.14,-5.19944444445,-7.57459595959998
BG2894,Bulgaria,BG,BG4,BG41,BG413,Благоевград,299.96,1.558964646465,2.41040404039998,2322.14,-5.19944444445,-7.57459595959998
BG2895,Bulgaria,BG,BG4,BG41,BG413,Благоевград,299.96,1.558964646465,2.41040404039998,2322.14,-5.19944444445,-7.57459595959998
BG2896,Bulgaria,BG,BG4,BG41,BG413,Благоевград,299.96,1.558964646465,2.41040404039998,2322.14,-5.19944444445,-7.57459595959998
BG2897,Bulgaria,BG,BG4,BG41,BG413,Благоевград,299.96,1.558964646465,2.41040404039998,2322.14,-5.19944444445,-7.57459595959998
BG2898,Bulgaria,BG,BG4,BG41,BG413,Благоевград,299.96,1.558964646465,2.41040404039998,2322.14,-5.19944444445,-7.57459595959998
BG2899,Bulgaria,BG,BG4,BG41,BG413,Благоевград,299.96,1.558964646465,2.41040404039998,2322.14,-5.19944444445,-7.57459595959998
BG2900,Bulgaria,BG,BG4,BG41,BG413,Благоевград,299.96,1.558964646465,2.41040404039998,2322.14,-5.19944444445,-7.57459595959998
BG2904,Bulgaria,BG,BG4,BG41,BG413,Благоевград,299.96,1.558964646465,2.41040404039998,2322.14,-5.19944444445,-7.57459595959998
BG2905,Bulgaria,BG,BG4,BG41,BG413,Благоевград,299.96,1.558964646465,2.41040404039998,2322.14,-5.19944444445,-7.57459595959998
BG2914,Bulgaria,BG,BG4,BG41,BG413,Благоевград,299.96,1.558964646465,2.41040404039998,2322.14,-5.19944444445,-7.57459595959998
BG2915,Bulgaria,BG,BG4,BG41,BG413,Благоевград,299.96,1.558964646465,2.41040404039998,2322.14,-5.19944444445,-7.57459595959998
BG2916,Bulgaria,BG,BG4,BG41,BG413,Благоевград,299.96,1.558964646465,2.41040404039998,2322.14,-5.19944444445,-7.57459595959998
BG2917,Bulgaria,BG,BG4,BG41,BG413,Благоевград,299.96,1.558964646465,2.41040404039998,2322.14,-5.19944444445,-7.57459595959998
BG2918,Bulgaria,BG,BG4,BG41,BG413,Благоевград,299.96,1.558964646465,2.41040404039998,2322.14,-5.19944444445,-7.57459595959998
BG2919,Bulgaria,BG,BG4,BG41,BG413,Благоевград,299.96,1.558964646465,2.41040404039998,2322.14,-5.19944444445,-7.57459595959998
BG2920,Bulgaria,BG,BG4,BG41,BG413,Благоевград,299.96,1.558964646465,2.41040404039998,2322.14,-5.19944444445,-7.57459595959998
BG2921,Bulgaria,BG,BG4,BG41,BG413,Благоевград,299.96,1.558964646465,2.41040404039998,2322.14,-5.19944444445,-7.57459595959998
BG2922,Bulgaria,BG,BG4,BG41,BG413,Благоевград,299.96,1.558964646465,2.41040404039998,2322.14,-5.19944444445,-7.57459595959998
BG2923,Bulgaria,BG,BG4,BG41,BG413,Благоевград,299.96,1.558964646465,2.41040404039998,2322.14,-5.19944444445,-7.57459595959998
BG2924,Bulgaria,BG,BG4,BG41,BG413,Благоевград,299.96,1.558964646465,2.41040404039998,2322.14,-5.19944444445,-7.57459595959998
BG2925,Bulgaria,BG,BG4,BG41,BG413,Благоевград,299.96,1.558964646465,2.41040404039998,2322.14,-5.19944444445,-7.57459595959998
BG2926,Bulgaria,BG,BG4,BG41,BG413,Благоевград,299.96,1.558964646465,2.41040404039998,2322.14,-5.19944444445,-7.57459595959998
BG2927,Bulgaria,BG,BG4,BG41,BG413,Благоевград,299.96,1.558964646465,2.41040404039998,2322.14,-5.19944444445,-7.57459595959998
BG2928,Bulgaria,BG,BG4,BG41,BG413,Благоевград,299.96,1.558964646465,2.41040404039998,2322.14,-5.19944444445,-7.57459595959998
BG2929,Bulgaria,BG,BG4,BG41,BG413,Благоевград,299.96,1.558964646465,2.41040404039998,2322.14,-5.19944444445,-7.57459595959998
BG2930,Bulgaria,BG,BG4,BG41,BG413,Благоевград,299.96,1.558964646465,2.41040404039998,2322.14,-5.19944444445,-7.57459595959998
BG2931,Bulgaria,BG,BG4,BG41,BG413,Благоевград,299.96,1.558964646465,2.41040404039998,2322.14,-5.19944444445,-7.57459595959998
BG2932,Bulgaria,BG,BG4,BG41,BG413,Благоевград,299.96,1.558964646465,2.41040404039998,2322.14,-5.19944444445,-7.57459595959998
BG2933,Bulgaria,BG,BG4,BG41,BG413,Благоевград,299.96,1.558964646465,2.41040404039998,2322.14,-5.19944444445,-7.57459595959998
BG2934,Bulgaria,BG,BG4,BG41,BG413,Благоевград,299.96,1.558964646465,2.41040404039998,2322.14,-5.19944444445,-7.57459595959998
BG2935,Bulgaria,BG,BG4,BG41,BG413,Благоевград,299.96,1.558964646465,2.41040404039998,2322.14,-5.19944444445,-7.57459595959998
BG2936,Bulgaria,BG,BG4,BG41,BG413,Благоевград,299.96,1.558964646465,2.41040404039998,2322.14,-5.19944444445,-7.57459595959998
BG2937,Bulgaria,BG,BG4,BG41,BG413,Благоевград,299.96,1.558964646465,2.41040404039998,2322.14,-5.19944444445,-7.57459595959998
BG2938,Bulgaria,BG,BG4,BG41,BG413,Благоевград,299.96,1.558964646465,2.41040404039998,2322.14,-5.19944444445,-7.57459595959998
BG2939,Bulgaria,BG,BG4,BG41,BG413,Благоевград,299.96,1.558964646465,2.41040404039998,2322.14,-5.19944444445,-7.57459595959998
BG2940,Bulgaria,BG,BG4,BG41,BG413,Благоевград,299.96,1.558964646465,2.41040404039998,2322.14,-5.19944444445,-7.57459595959998
BG2941,Bulgaria,BG,BG4,BG41,BG413,Благоевград,299.96,1.558964646465,2.41040404039998,2322.14,-5.19944444445,-7.57459595959998
BG2942,Bulgaria,BG,BG4,BG41,BG413,Благоевград,299.96,1.558964646465,2.41040404039998,2322.14,-5.19944444445,-7.57459595959998
BG2943,Bulgaria,BG,BG4,BG41,BG413,Благоевград,299.96,1.558964646465,2.41040404039998,2322.14,-5.19944444445,-7.57459595959998
BG2944,Bulgaria,BG,BG4,BG41,BG413,Благоевград,299.96,1.558964646465,2.41040404039998,2322.14,-5.19944444445,-7.57459595959998
BG2945,Bulgaria,BG,BG4,BG41,BG413,Благоевград,299.96,1.558964646465,2.41040404039998,2322.14,-5.19944444445,-7.57459595959998
BG2947,Bulgaria,BG,BG4,BG41,BG413,Благоевград,299.96,1.558964646465,2.41040404039998,2322.14,-5.19944444445,-7.57459595959998
BG2948,Bulgaria,BG,BG4,BG41,BG413,Благоевград,299.96,1.558964646465,2.41040404039998,2322.14,-5.19944444445,-7.57459595959998
BG2949,Bulgaria,BG,BG4,BG41,BG413,Благоевград,299.96,1.558964646465,2.41040404039998,2322.14,-5.19944444445,-7.57459595959998
BG2950,Bulgaria,BG,BG4,BG41,BG413,Благоевград,299.96,1.558964646465,2.41040404039998,2322.14,-5.19944444445,-7.57459595959998
BG2951,Bulgaria,BG,BG4,BG41,BG413,Благоевград,299.96,1.558964646465,2.41040404039998,2322.14,-5.19944444445,-7.57459595959998
BG2952,Bulgaria,BG,BG4,BG41,BG413,Благоевград,299.96,1.558964646465,2.41040404039998,2322.14,-5.19944444445,-7.57459595959998
BG2953,Bulgaria,BG,BG4,BG41,BG413,Благоевград,299.96,1.558964646465,2.41040404039998,2322.14,-5.19944444445,-7.57459595959998
BG2954,Bulgaria,BG,BG4,BG41,BG413,Благоевград,299.96,1.558964646465,2.41040404039998,2322.14,-5.19944444445,-7.57459595959998
BG2955,Bulgaria,BG,BG4,BG41,BG413,Благоевград,299.96,1.558964646465,2.41040404039998,2322.14,-5.19944444445,-7.57459595959998
BG2956,Bulgaria,BG,BG4,BG41,BG413,Благоевград,299.96,1.558964646465,2.41040404039998,2322.14,-5.19944444445,-7.57459595959998
BG2957,Bulgaria,BG,BG4,BG41,BG413,Благоевград,299.96,1.558964646465,2.41040404039998,2322.14,-5.19944444445,-7.57459595959998
BG2960,Bulgaria,BG,BG4,BG41,BG413,Благоевград,299.96,1.558964646465,2.41040404039998,2322.14,-5.19944444445,-7.57459595959998
BG2961,Bulgaria,BG,BG4,BG41,BG413,Благоевград,299.96,1.558964646465,2.41040404039998,2322.14,-5.19944444445,-7.57459595959998
BG2962,Bulgaria,BG,BG4,BG41,BG413,Благоевград,299.96,1.558964646465,2.41040404039998,2322.14,-5.19944444445,-7.57459595959998
BG2963,Bulgaria,BG,BG4,BG41,BG413,Благоевград,299.96,1.558964646465,2.41040404039998,2322.14,-5.19944444445,-7.57459595959998
BG2964,Bulgaria,BG,BG4,BG41,BG413,Благоевград,299.96,1.558964646465,2.41040404039998,2322.14,-5.19944444445,-7.57459595959998
BG2965,Bulgaria,BG,BG4,BG41,BG413,Благоевград,299.96,1.558964646465,2.41040404039998,2322.14,-5.19944444445,-7.57459595959998
BG2967,Bulgaria,BG,BG4,BG41,BG413,Благоевград,299.96,1.558964646465,2.41040404039998,2322.14,-5.19944444445,-7.57459595959998
BG2968,Bulgaria,BG,BG4,BG41,BG413,Благоевград,299.96,1.558964646465,2.41040404039998,2322.14,-5.19944444445,-7.57459595959998
BG2969,Bulgaria,BG,BG4,BG41,BG413,Благоевград,299.96,1.558964646465,2.41040404039998,2322.14,-5.19944444445,-7.57459595959998
BG2970,Bulgaria,BG,BG4,BG41,BG413,Благоевград,299.96,1.558964646465,2.41040404039998,2322.14,-5.19944444445,-7.57459595959998
BG2971,Bulgaria,BG,BG4,BG41,BG413,Благоевград,299.96,1.558964646465,2.41040404039998,2322.14,-5.19944444445,-7.57459595959998
BG2972,Bulgaria,BG,BG4,BG41,BG413,Благоевград,299.96,1.558964646465,2.41040404039998,2322.14,-5.19944444445,-7.57459595959998
BG3230,Bulgaria,BG,BG3,BG31,BG314,Плевен,476.07,2.17081699346667,3.12104575163333,2009.35,-4.35091503268332,-5.97055555555
BG3261,Bulgaria,BG,BG3,BG31,BG314,Плевен,476.07,2.17081699346667,3.12104575163333,2009.35,-4.35091503268332,-5.97055555555
BG3262,Bulgaria,BG,BG3,BG31,BG314,Плевен,476.07,2.17081699346667,3.12104575163333,2009.35,-4.35091503268332,-5.97055555555
BG3263,Bulgaria,BG,BG3,BG31,BG314,Плевен,476.07,2.17081699346667,3.12104575163333,2009.35,-4.35091503268332,-5.97055555555
BG3267,Bulgaria,BG,BG3,BG31,BG314,Плевен,476.07,2.17081699346667,3.12104575163333,2009.35,-4.35091503268332,-5.97055555555
BG3268,Bulgaria,BG,BG3,BG31,BG314,Плевен,476.07,2.17081699346667,3.12104575163333,2009.35,-4.35091503268332,-5.97055555555
BG3269,Bulgaria,BG,BG3,BG31,BG314,Плевен,476.07,2.17081699346667,3.12104575163333,2009.35,-4.35091503268332,-5.97055555555
BG3270,Bulgaria,BG,BG3,BG31,BG314,Плевен,476.07,2.17081699346667,3.12104575163333,2009.35,-4.35091503268332,-5.97055555555
BG5800,Bulgaria,BG,BG3,BG31,BG314,Плевен,476.07,2.17081699346667,3.12104575163333,2009.35,-4.35091503268332,-5.97055555555
BG5834,Bulgaria,BG,BG3,BG31,BG314,Плевен,476.07,2.17081699346667,3.12104575163333,2009.35,-4.35091503268332,-5.97055555555
BG5838,Bulgaria,BG,BG3,BG31,BG314,Плевен,476.07,2.17081699346667,3.12104575163333,2009.35,-4.35091503268332,-5.97055555555
BG5839,Bulgaria,BG,BG3,BG31,BG314,Плевен,476.07,2.17081699346667,3.12104575163333,2009.35,-4.35091503268332,-5.97055555555
BG5840,Bulgaria,BG,BG3,BG31,BG314,Плевен,476.07,2.17081699346667,3.12104575163333,2009.35,-4.35091503268332,-5.97055555555
BG5841,Bulgaria,BG,BG3,BG31,BG314,Плевен,476.07,2.17081699346667,3.12104575163333,2009.35,-4.35091503268332,-5.97055555555
BG5842,Bulgaria,BG,BG3,BG31,BG314,Плевен,476.07,2.17081699346667,3.12104575163333,2009.35,-4.35091503268332,-5.97055555555
BG5843,Bulgaria,BG,BG3,BG31,BG314,Плевен,476.07,2.17081699346667,3.12104575163333,2009.35,-4.35091503268332,-5.97055555555
BG5844,Bulgaria,BG,BG3,BG31,BG314,Плевен,476.07,2.17081699346667,3.12104575163333,2009.35,-4.35091503268332,-5.97055555555
BG5845,Bulgaria,BG,BG3,BG31,BG314,Плевен,476.07,2.17081699346667,3.12104575163333,2009.35,-4.35091503268332,-5.97055555555
BG5847,Bulgaria,BG,BG3,BG31,BG314,Плевен,476.07,2.17081699346667,3.12104575163333,2009.35,-4.35091503268332,-5.97055555555
BG5848,Bulgaria,BG,BG3,BG31,BG314,Плевен,476.07,2.17081699346667,3.12104575163333,2009.35,-4.35091503268332,-5.97055555555
BG5849,Bulgaria,BG,BG3,BG31,BG314,Плевен,476.07,2.17081699346667,3.12104575163333,2009.35,-4.35091503268332,-5.97055555555
BG5850,Bulgaria,BG,BG3,BG31,BG314,Плевен,476.07,2.17081699346667,3.12104575163333,2009.35,-4.35091503268332,-5.97055555555
BG5851,Bulgaria,BG,BG3,BG31,BG314,Плевен,476.07,2.17081699346667,3.12104575163333,2009.35,-4.35091503268332,-5.97055555555
BG5852,Bulgaria,BG,BG3,BG31,BG314,Плевен,476.07,2.17081699346667,3.12104575163333,2009.35,-4.35091503268332,-5.97055555555
BG5853,Bulgaria,BG,BG3,BG31,BG314,Плевен,476.07,2.17081699346667,3.12104575163333,2009.35,-4.35091503268332,-5.97055555555
BG5855,Bulgaria,BG,BG3,BG31,BG314,Плевен,476.07,2.17081699346667,3.12104575163333,2009.35,-4.35091503268332,-5.97055555555
BG5857,Bulgaria,BG,BG3,BG31,BG314,Плевен,476.07,2.17081699346667,3.12104575163333,2009.35,-4.35091503268332,-5.97055555555
BG5858,Bulgaria,BG,BG3,BG31,BG314,Плевен,476.07,2.17081699346667,3.12104575163333,2009.35,-4.35091503268332,-5.97055555555
BG5859,Bulgaria,BG,BG3,BG31,BG314,Плевен,476.07,2.17081699346667,3.12104575163333,2009.35,-4.35091503268332,-5.97055555555
BG5860,Bulgaria,BG,BG3,BG31,BG314,Плевен,476.07,2.17081699346667,3.12104575163333,2009.35,-4.35091503268332,-5.97055555555
BG5861,Bulgaria,BG,BG3,BG31,BG314,Плевен,476.07,2.17081699346667,3.12104575163333,2009.35,-4.35091503268332,-5.97055555555
BG5862,Bulgaria,BG,BG3,BG31,BG314,Плевен,476.07,2.17081699346667,3.12104575163333,2009.35,-4.35091503268332,-5.97055555555
BG5863,Bulgaria,BG,BG3,BG31,BG314,Плевен,476.07,2.17081699346667,3.12104575163333,2009.35,-4.35091503268332,-5.97055555555
BG5864,Bulgaria,BG,BG3,BG31,BG314,Плевен,476.07,2.17081699346667,3.12104575163333,2009.35,-4.35091503268332,-5.97055555555
BG5865,Bulgaria,BG,BG3,BG31,BG314,Плевен,476.07,2.17081699346667,3.12104575163333,2009.35,-4.35091503268332,-5.97055555555
BG5866,Bulgaria,BG,BG3,BG31,BG314,Плевен,476.07,2.17081699346667,3.12104575163333,2009.35,-4.35091503268332,-5.97055555555
BG5867,Bulgaria,BG,BG3,BG31,BG314,Плевен,476.07,2.17081699346667,3.12104575163333,2009.35,-4.35091503268332,-5.97055555555
BG5868,Bulgaria,BG,BG3,BG31,BG314,Плевен,476.07,2.17081699346667,3.12104575163333,2009.35,-4.35091503268332,-5.97055555555
BG5869,Bulgaria,BG,BG3,BG31,BG314,Плевен,476.07,2.17081699346667,3.12104575163333,2009.35,-4.35091503268332,-5.97055555555
BG5870,Bulgaria,BG,BG3,BG31,BG314,Плевен,476.07,2.17081699346667,3.12104575163333,2009.35,-4.35091503268332,-5.97055555555
BG5871,Bulgaria,BG,BG3,BG31,BG314,Плевен,476.07,2.17081699346667,3.12104575163333,2009.35,-4.35091503268332,-5.97055555555
BG5872,Bulgaria,BG,BG3,BG31,BG314,Плевен,476.07,2.17081699346667,3.12104575163333,2009.35,-4.35091503268332,-5.97055555555
BG5873,Bulgaria,BG,BG3,BG31,BG314,Плевен,476.07,2.17081699346667,3.12104575163333,2009.35,-4.35091503268332,-5.97055555555
BG5874,Bulgaria,BG,BG3,BG31,BG314,Плевен,476.07,2.17081699346667,3.12104575163333,2009.35,-4.35091503268332,-5.97055555555
BG5875,Bulgaria,BG,BG3,BG31,BG314,Плевен,476.07,2.17081699346667,3.12104575163333,2009.35,-4.35091503268332,-5.97055555555
BG5876,Bulgaria,BG,BG3,BG31,BG314,Плевен,476.07,2.17081699346667,3.12104575163333,2009.35,-4.35091503268332,-5.97055555555
BG5877,Bulgaria,BG,BG3,BG31,BG314,Плевен,476.07,2.17081699346667,3.12104575163333,2009.35,-4.35091503268332,-5.97055555555
BG5878,Bulgaria,BG,BG3,BG31,BG314,Плевен,476.07,2.17081699346667,3.12104575163333,2009.35,-4.35091503268332,-5.97055555555
BG5879,Bulgaria,BG,BG3,BG31,BG314,Плевен,476.07,2.17081699346667,3.12104575163333,2009.35,-4.35091503268332,-5.97055555555
BG5880,Bulgaria,BG,BG3,BG31,BG314,Плевен,476.07,2.17081699346667,3.12104575163333,2009.35,-4.35091503268332,-5.97055555555
BG5881,Bulgaria,BG,BG3,BG31,BG314,Плевен,476.07,2.17081699346667,3.12104575163333,2009.35,-4.35091503268332,-5.97055555555
BG5882,Bulgaria,BG,BG3,BG31,BG314,Плевен,476.07,2.17081699346667,3.12104575163333,2009.35,-4.35091503268332,-5.97055555555
BG5883,Bulgaria,BG,BG3,BG31,BG314,Плевен,476.07,2.17081699346667,3.12104575163333,2009.35,-4.35091503268332,-5.97055555555
BG5884,Bulgaria,BG,BG3,BG31,BG314,Плевен,476.07,2.17081699346667,3.12104575163333,2009.35,-4.35091503268332,-5.97055555555
BG5885,Bulgaria,BG,BG3,BG31,BG314,Плевен,476.07,2.17081699346667,3.12104575163333,2009.35,-4.35091503268332,-5.97055555555
BG5886,Bulgaria,BG,BG3,BG31,BG314,Плевен,476.07,2.17081699346667,3.12104575163333,2009.35,-4.35091503268332,-5.97055555555
BG5887,Bulgaria,BG,BG3,BG31,BG314,Плевен,476.07,2.17081699346667,3.12104575163333,2009.35,-4.35091503268332,-5.97055555555
BG5888,Bulgaria,BG,BG3,BG31,BG314,Плевен,476.07,2.17081699346667,3.12104575163333,2009.35,-4.35091503268332,-5.97055555555
BG5889,Bulgaria,BG,BG3,BG31,BG314,Плевен,476.07,2.17081699346667,3.12104575163333,2009.35,-4.35091503268332,-5.97055555555
BG5890,Bulgaria,BG,BG3,BG31,BG314,Плевен,476.07,2.17081699346667,3.12104575163333,2009.35,-4.35091503268332,-5.97055555555
BG5891,Bulgaria,BG,BG3,BG31,BG314,Плевен,476.07,2.17081699346667,3.12104575163333,2009.35,-4.35091503268332,-5.97055555555
BG5892,Bulgaria,BG,BG3,BG31,BG314,Плевен,476.07,2.17081699346667,3.12104575163333,2009.35,-4.35091503268332,-5.97055555555
BG5893,Bulgaria,BG,BG3,BG31,BG314,Плевен,476.07,2.17081699346667,3.12104575163333,2009.35,-4.35091503268332,-5.97055555555
BG5894,Bulgaria,BG,BG3,BG31,BG314,Плевен,476.07,2.17081699346667,3.12104575163333,2009.35,-4.35091503268332,-5.97055555555
BG5895,Bulgaria,BG,BG3,BG31,BG314,Плевен,476.07,2.17081699346667,3.12104575163333,2009.35,-4.35091503268332,-5.97055555555
BG5897,Bulgaria,BG,BG3,BG31,BG314,Плевен,476.07,2.17081699346667,3.12104575163333,2009.35,-4.35091503268332,-5.97055555555
BG5898,Bulgaria,BG,BG3,BG31,BG314,Плевен,476.07,2.17081699346667,3.12104575163333,2009.35,-4.35091503268332,-5.97055555555
BG5899,Bulgaria,BG,BG3,BG31,BG314,Плевен,476.07,2.17081699346667,3.12104575163333,2009.35,-4.35091503268332,-5.97055555555
BG5900,Bulgaria,BG,BG3,BG31,BG314,Плевен,476.07,2.17081699346667,3.12104575163333,2009.35,-4.35091503268332,-5.97055555555
BG5910,Bulgaria,BG,BG3,BG31,BG314,Плевен,476.07,2.17081699346667,3.12104575163333,2009.35,-4.35091503268332,-5.97055555555
BG5911,Bulgaria,BG,BG3,BG31,BG314,Плевен,476.07,2.17081699346667,3.12104575163333,2009.35,-4.35091503268332,-5.97055555555
BG5913,Bulgaria,BG,BG3,BG31,BG314,Плевен,476.07,2.17081699346667,3.12104575163333,2009.35,-4.35091503268332,-5.97055555555
BG5914,Bulgaria,BG,BG3,BG31,BG314,Плевен,476.07,2.17081699346667,3.12104575163333,2009.35,-4.35091503268332,-5.97055555555
BG5915,Bulgaria,BG,BG3,BG31,BG314,Плевен,476.07,2.17081699346667,3.12104575163333,2009.35,-4.35091503268332,-5.97055555555
BG5917,Bulgaria,BG,BG3,BG31,BG314,Плевен,476.07,2.17081699346667,3.12104575163333,2009.35,-4.35091503268332,-5.97055555555
BG5918,Bulgaria,BG,BG3,BG31,BG314,Плевен,476.07,2.17081699346667,3.12104575163333,2009.35,-4.35091503268332,-5.97055555555
BG5919,Bulgaria,BG,BG3,BG31,BG314,Плевен,476.07,2.17081699346667,3.12104575163333,2009.35,-4.35091503268332,-5.97055555555
BG5920,Bulgaria,BG,BG3,BG31,BG314,Плевен,476.07,2.17081699346667,3.12104575163333,2009.35,-4.35091503268332,-5.97055555555
BG5921,Bulgaria,BG,BG3,BG31,BG314,Плевен,476.07,2.17081699346667,3.12104575163333,2009.35,-4.35091503268332,-5.97055555555
BG5922,Bulgaria,BG,BG3,BG31,BG314,Плевен,476.07,2.17081699346667,3.12104575163333,2009.35,-4.35091503268332,-5.97055555555
BG5923,Bulgaria,BG,BG3,BG31,BG314,Плевен,476.07,2.17081699346667,3.12104575163333,2009.35,-4.35091503268332,-5.97055555555
BG5924,Bulgaria,BG,BG3,BG31,BG314,Плевен,476.07,2.17081699346667,3.12104575163333,2009.35,-4.35091503268332,-5.97055555555
BG5925,Bulgaria,BG,BG3,BG31,BG314,Плевен,476.07,2.17081699346667,3.12104575163333,2009.35,-4.35091503268332,-5.97055555555
BG5927,Bulgaria,BG,BG3,BG31,BG314,Плевен,476.07,2.17081699346667,3.12104575163333,2009.35,-4.35091503268332,-5.97055555555
BG5928,Bulgaria,BG,BG3,BG31,BG314,Плевен,476.07,2.17081699346667,3.12104575163333,2009.35,-4.35091503268332,-5.97055555555
BG5929,Bulgaria,BG,BG3,BG31,BG314,Плевен,476.07,2.17081699346667,3.12104575163333,2009.35,-4.35091503268332,-5.97055555555
BG5930,Bulgaria,BG,BG3,BG31,BG314,Плевен,476.07,2.17081699346667,3.12104575163333,2009.35,-4.35091503268332,-5.97055555555
BG5931,Bulgaria,BG,BG3,BG31,BG314,Плевен,476.07,2.17081699346667,3.12104575163333,2009.35,-4.35091503268332,-5.97055555555
BG5937,Bulgaria,BG,BG3,BG31,BG314,Плевен,476.07,2.17081699346667,3.12104575163333,2009.35,-4.35091503268332,-5.97055555555
BG5940,Bulgaria,BG,BG3,BG31,BG314,Плевен,476.07,2.17081699346667,3.12104575163333,2009.35,-4.35091503268332,-5.97055555555
BG5950,Bulgaria,BG,BG3,BG31,BG314,Плевен,476.07,2.17081699346667,3.12104575163333,2009.35,-4.35091503268332,-5.97055555555
BG5951,Bulgaria,BG,BG3,BG31,BG314,Плевен,476.07,2.17081699346667,3.12104575163333,2009.35,-4.35091503268332,-5.97055555555
BG5952,Bulgaria,BG,BG3,BG31,BG314,Плевен,476.07,2.17081699346667,3.12104575163333,2009.35,-4.35091503268332,-5.97055555555
BG5953,Bulgaria,BG,BG3,BG31,BG314,Плевен,476.07,2.17081699346667,3.12104575163333,2009.35,-4.35091503268332,-5.97055555555
BG5954,Bulgaria,BG,BG3,BG31,BG314,Плевен,476.07,2.17081699346667,3.12104575163333,2009.35,-4.35091503268332,-5.97055555555
BG5955,Bulgaria,BG,BG3,BG31,BG314,Плевен,476.07,2.17081699346667,3.12104575163333,2009.35,-4.35091503268332,-5.97055555555
BG5957,Bulgaria,BG,BG3,BG31,BG314,Плевен,476.07,2.17081699346667,3.12104575163333,2009.35,-4.35091503268332,-5.97055555555
BG5958,Bulgaria,BG,BG3,BG31,BG314,Плевен,476.07,2.17081699346667,3.12104575163333,2009.35,-4.35091503268332,-5.97055555555
BG5959,Bulgaria,BG,BG3,BG31,BG314,Плевен,476.07,2.17081699346667,3.12104575163333,2009.35,-4.35091503268332,-5.97055555555
BG5960,Bulgaria,BG,BG3,BG31,BG314,Плевен,476.07,2.17081699346667,3.12104575163333,2009.35,-4.35091503268332,-5.97055555555
BG5961,Bulgaria,BG,BG3,BG31,BG314,Плевен,476.07,2.17081699346667,3.12104575163333,2009.35,-4.35091503268332,-5.97055555555
BG5962,Bulgaria,BG,BG3,BG31,BG314,Плевен,476.07,2.17081699346667,3.12104575163333,2009.35,-4.35091503268332,-5.97055555555
BG5963,Bulgaria,BG,BG3,BG31,BG314,Плевен,476.07,2.17081699346667,3.12104575163333,2009.35,-4.35091503268332,-5.97055555555
BG5964,Bulgaria,BG,BG3,BG31,BG314,Плевен,476.07,2.17081699346667,3.12104575163333,2009.35,-4.35091503268332,-5.97055555555
BG5965,Bulgaria,BG,BG3,BG31,BG314,Плевен,476.07,2.17081699346667,3.12104575163333,2009.35,-4.35091503268332,-5.97055555555
BG5967,Bulgaria,BG,BG3,BG31,BG314,Плевен,476.07,2.17081699346667,3.12104575163333,2009.35,-4.35091503268332,-5.97055555555
BG5968,Bulgaria,BG,BG3,BG31,BG314,Плевен,476.07,2.17081699346667,3.12104575163333,2009.35,-4.35091503268332,-5.97055555555
BG5969,Bulgaria,BG,BG3,BG31,BG314,Плевен,476.07,2.17081699346667,3.12104575163333,2009.35,-4.35091503268332,-5.97055555555
BG5970,Bulgaria,BG,BG3,BG31,BG314,Плевен,476.07,2.17081699346667,3.12104575163333,2009.35,-4.35091503268332,-5.97055555555
BG5971,Bulgaria,BG,BG3,BG31,BG314,Плевен,476.07,2.17081699346667,3.12104575163333,2009.35,-4.35091503268332,-5.97055555555
BG5972,Bulgaria,BG,BG3,BG31,BG314,Плевен,476.07,2.17081699346667,3.12104575163333,2009.35,-4.35091503268332,-5.97055555555
BG5973,Bulgaria,BG,BG3,BG31,BG314,Плевен,476.07,2.17081699346667,3.12104575163333,2009.35,-4.35091503268332,-5.97055555555
BG5974,Bulgaria,BG,BG3,BG31,BG314,Плевен,476.07,2.17081699346667,3.12104575163333,2009.35,-4.35091503268332,-5.97055555555
BG5980,Bulgaria,BG,BG3,BG31,BG314,Плевен,476.07,2.17081699346667,3.12104575163333,2009.35,-4.35091503268332,-5.97055555555
BG5990,Bulgaria,BG,BG3,BG31,BG314,Плевен,476.07,2.17081699346667,3.12104575163333,2009.35,-4.35091503268332,-5.97055555555
BG5991,Bulgaria,BG,BG3,BG31,BG314,Плевен,476.07,2.17081699346667,3.12104575163333,2009.35,-4.35091503268332,-5.97055555555
BG5992,Bulgaria,BG,BG3,BG31,BG314,Плевен,476.07,2.17081699346667,3.12104575163333,2009.35,-4.35091503268332,-5.97055555555
BG5993,Bulgaria,BG,BG3,BG31,BG314,Плевен,476.07,2.17081699346667,3.12104575163333,2009.35,-4.35091503268332,-5.97055555555
BG5994,Bulgaria,BG,BG3,BG31,BG314,Плевен,476.07,2.17081699346667,3.12104575163333,2009.35,-4.35091503268332,-5.97055555555
BG5995,Bulgaria,BG,BG3,BG31,BG314,Плевен,476.07,2.17081699346667,3.12104575163333,2009.35,-4.35091503268332,-5.97055555555
BG5997,Bulgaria,BG,BG3,BG31,BG314,Плевен,476.07,2.17081699346667,3.12104575163333,2009.35,-4.35091503268332,-5.97055555555
BG5998,Bulgaria,BG,BG3,BG31,BG314,Плевен,476.07,2.17081699346667,3.12104575163333,2009.35,-4.35091503268332,-5.97055555555
BG5999,Bulgaria,BG,BG3,BG31,BG314,Плевен,476.07,2.17081699346667,3.12104575163333,2009.35,-4.35091503268332,-5.97055555555
BG8600,Bulgaria,BG,BG3,BG34,BG343,Ямбол,530.91,2.17819047618332,3.27461904761665,1627.6,-3.75052380951665,-5.32080952381665
BG8627,Bulgaria,BG,BG3,BG34,BG343,Ямбол,530.91,2.17819047618332,3.27461904761665,1627.6,-3.75052380951665,-5.32080952381665
BG8628,Bulgaria,BG,BG3,BG34,BG343,Ямбол,530.91,2.17819047618332,3.27461904761665,1627.6,-3.75052380951665,-5.32080952381665
BG8629,Bulgaria,BG,BG3,BG34,BG343,Ямбол,530.91,2.17819047618332,3.27461904761665,1627.6,-3.75052380951665,-5.32080952381665
BG8630,Bulgaria,BG,BG3,BG34,BG343,Ямбол,530.91,2.17819047618332,3.27461904761665,1627.6,-3.75052380951665,-5.32080952381665
BG8631,Bulgaria,BG,BG3,BG34,BG343,Ямбол,530.91,2.17819047618332,3.27461904761665,1627.6,-3.75052380951665,-5.32080952381665
BG8633,Bulgaria,BG,BG3,BG34,BG343,Ямбол,530.91,2.17819047618332,3.27461904761665,1627.6,-3.75052380951665,-5.32080952381665
BG8634,Bulgaria,BG,BG3,BG34,BG343,Ямбол,530.91,2.17819047618332,3.27461904761665,1627.6,-3.75052380951665,-5.32080952381665
BG8635,Bulgaria,BG,BG3,BG34,BG343,Ямбол,530.91,2.17819047618332,3.27461904761665,1627.6,-3.75052380951665,-5.32080952381665
BG8637,Bulgaria,BG,BG3,BG34,BG343,Ямбол,530.91,2.17819047618332,3.27461904761665,1627.6,-3.75052380951665,-5.32080952381665
BG8638,Bulgaria,BG,BG3,BG34,BG343,Ямбол,530.91,2.17819047618332,3.27461904761665,1627.6,-3.75052380951665,-5.32080952381665
BG8639,Bulgaria,BG,BG3,BG34,BG343,Ямбол,530.91,2.17819047618332,3.27461904761665,1627.6,-3.75052380951665,-5.32080952381665
BG8640,Bulgaria,BG,BG3,BG34,BG343,Ямбол,530.91,2.17819047618332,3.27461904761665,1627.6,-3.75052380951665,-5.32080952381665
BG8641,Bulgaria,BG,BG3,BG34,BG343,Ямбол,530.91,2.17819047618332,3.27461904761665,1627.6,-3.75052380951665,-5.32080952381665
BG8642,Bulgaria,BG,BG3,BG34,BG343,Ямбол,530.91,2.17819047618332,3.27461904761665,1627.6,-3.75052380951665,-5.32080952381665
BG8643,Bulgaria,BG,BG3,BG34,BG343,Ямбол,530.91,2.17819047618332,3.27461904761665,1627.6,-3.75052380951665,-5.32080952381665
BG8644,Bulgaria,BG,BG3,BG34,BG343,Ямбол,530.91,2.17819047618332,3.27461904761665,1627.6,-3.75052380951665,-5.32080952381665
BG8645,Bulgaria,BG,BG3,BG34,BG343,Ямбол,530.91,2.17819047618332,3.27461904761665,1627.6,-3.75052380951665,-5.32080952381665
BG8647,Bulgaria,BG,BG3,BG34,BG343,Ямбол,530.91,2.17819047618332,3.27461904761665,1627.6,-3.75052380951665,-5.32080952381665
BG8650,Bulgaria,BG,BG3,BG34,BG343,Ямбол,530.91,2.17819047618332,3.27461904761665,1627.6,-3.75052380951665,-5.32080952381665
BG8651,Bulgaria,BG,BG3,BG34,BG343,Ямбол,530.91,2.17819047618332,3.27461904761665,1627.6,-3.75052380951665,-5.32080952381665
BG8652,Bulgaria,BG,BG3,BG34,BG343,Ямбол,530.91,2.17819047618332,3.27461904761665,1627.6,-3.75052380951665,-5.32080952381665
BG8653,Bulgaria,BG,BG3,BG34,BG343,Ямбол,530.91,2.17819047618332,3.27461904761665,1627.6,-3.75052380951665,-5.32080952381665
BG8654,Bulgaria,BG,BG3,BG34,BG343,Ямбол,530.91,2.17819047618332,3.27461904761665,1627.6,-3.75052380951665,-5.32080952381665
BG8655,Bulgaria,BG,BG3,BG34,BG343,Ямбол,530.91,2.17819047618332,3.27461904761665,1627.6,-3.75052380951665,-5.32080952381665
BG8657,Bulgaria,BG,BG3,BG34,BG343,Ямбол,530.91,2.17819047618332,3.27461904761665,1627.6,-3.75052380951665,-5.32080952381665
BG8658,Bulgaria,BG,BG3,BG34,BG343,Ямбол,530.91,2.17819047618332,3.27461904761665,1627.6,-3.75052380951665,-5.32080952381665
BG8659,Bulgaria,BG,BG3,BG34,BG343,Ямбол,530.91,2.17819047618332,3.27461904761665,1627.6,-3.75052380951665,-5.32080952381665
BG8660,Bulgaria,BG,BG3,BG34,BG343,Ямбол,530.91,2.17819047618332,3.27461904761665,1627.6,-3.75052380951665,-5.32080952381665
BG8661,Bulgaria,BG,BG3,BG34,BG343,Ямбол,530.91,2.17819047618332,3.27461904761665,1627.6,-3.75052380951665,-5.32080952381665
BG8663,Bulgaria,BG,BG3,BG34,BG343,Ямбол,530.91,2.17819047618332,3.27461904761665,1627.6,-3.75052380951665,-5.32080952381665
BG8664,Bulgaria,BG,BG3,BG34,BG343,Ямбол,530.91,2.17819047618332,3.27461904761665,1627.6,-3.75052380951665,-5.32080952381665
BG8665,Bulgaria,BG,BG3,BG34,BG343,Ямбол,530.91,2.17819047618332,3.27461904761665,1627.6,-3.75052380951665,-5.32080952381665
BG8667,Bulgaria,BG,BG3,BG34,BG343,Ямбол,530.91,2.17819047618332,3.27461904761665,1627.6,-3.75052380951665,-5.32080952381665
BG8668,Bulgaria,BG,BG3,BG34,BG343,Ямбол,530.91,2.17819047618332,3.27461904761665,1627.6,-3.75052380951665,-5.32080952381665
BG8669,Bulgaria,BG,BG3,BG34,BG343,Ямбол,530.91,2.17819047618332,3.27461904761665,1627.6,-3.75052380951665,-5.32080952381665
BG8670,Bulgaria,BG,BG3,BG34,BG343,Ямбол,530.91,2.17819047618332,3.27461904761665,1627.6,-3.75052380951665,-5.32080952381665
BG8671,Bulgaria,BG,BG3,BG34,BG343,Ямбол,530.91,2.17819047618332,3.27461904761665,1627.6,-3.75052380951665,-5.32080952381665
BG8672,Bulgaria,BG,BG3,BG34,BG343,Ямбол,530.91,2.17819047618332,3.27461904761665,1627.6,-3.75052380951665,-5.32080952381665
BG8673,Bulgaria,BG,BG3,BG34,BG343,Ямбол,530.91,2.17819047618332,3.27461904761665,1627.6,-3.75052380951665,-5.32080952381665
BG8674,Bulgaria,BG,BG3,BG34,BG343,Ямбол,530.91,2.17819047618332,3.27461904761665,1627.6,-3.75052380951665,-5.32080952381665
BG8675,Bulgaria,BG,BG3,BG34,BG343,Ямбол,530.91,2.17819047618332,3.27461904761665,1627.6,-3.75052380951665,-5.32080952381665
BG8677,Bulgaria,BG,BG3,BG34,BG343,Ямбол,530.91,2.17819047618332,3.27461904761665,1627.6,-3.75052380951665,-5.32080952381665
BG8678,Bulgaria,BG,BG3,BG34,BG343,Ямбол,530.91,2.17819047618332,3.27461904761665,1627.6,-3.75052380951665,-5.32080952381665
BG8679,Bulgaria,BG,BG3,BG34,BG343,Ямбол,530.91,2.17819047618332,3.27461904761665,1627.6,-3.75052380951665,-5.32080952381665
BG8680,Bulgaria,BG,BG3,BG34,BG343,Ямбол,530.91,2.17819047618332,3.27461904761665,1627.6,-3.75052380951665,-5.32080952381665
BG8684,Bulgaria,BG,BG3,BG34,BG343,Ямбол,530.91,2.17819047618332,3.27461904761665,1627.6,-3.75052380951665,-5.32080952381665
BG8685,Bulgaria,BG,BG3,BG34,BG343,Ямбол,530.91,2.17819047618332,3.27461904761665,1627.6,-3.75052380951665,-5.32080952381665
BG8687,Bulgaria,BG,BG3,BG34,BG343,Ямбол,530.91,2.17819047618332,3.27461904761665,1627.6,-3.75052380951665,-5.32080952381665
BG8688,Bulgaria,BG,BG3,BG34,BG343,Ямбол,530.91,2.17819047618332,3.27461904761665,1627.6,-3.75052380951665,-5.32080952381665
BG8689,Bulgaria,BG,BG3,BG34,BG343,Ямбол,530.91,2.17819047618332,3.27461904761665,1627.6,-3.75052380951665,-5.32080952381665
BG8690,Bulgaria,BG,BG3,BG34,BG343,Ямбол,530.91,2.17819047618332,3.27461904761665,1627.6,-3.75052380951665,-5.32080952381665
BG8691,Bulgaria,BG,BG3,BG34,BG343,Ямбол,530.91,2.17819047618332,3.27461904761665,1627.6,-3.75052380951665,-5.32080952381665
BG8692,Bulgaria,BG,BG3,BG34,BG343,Ямбол,530.91,2.17819047618332,3.27461904761665,1627.6,-3.75052380951665,-5.32080952381665
BG8693,Bulgaria,BG,BG3,BG34,BG343,Ямбол,530.91,2.17819047618332,3.27461904761665,1627.6,-3.75052380951665,-5.32080952381665
BG8694,Bulgaria,BG,BG3,BG34,BG343,Ямбол,530.91,2.17819047618332,3.27461904761665,1627.6,-3.75052380951665,-5.32080952381665
BG8695,Bulgaria,BG,BG3,BG34,BG343,Ямбол,530.91,2.17819047618332,3.27461904761665,1627.6,-3.75052380951665,-5.32080952381665
BG8697,Bulgaria,BG,BG3,BG34,BG343,Ямбол,530.91,2.17819047618332,3.27461904761665,1627.6,-3.75052380951665,-5.32080952381665
BG8698,Bulgaria,BG,BG3,BG34,BG343,Ямбол,530.91,2.17819047618332,3.27461904761665,1627.6,-3.75052380951665,-5.32080952381665
BG8699,Bulgaria,BG,BG3,BG34,BG343,Ямбол,530.91,2.17819047618332,3.27461904761665,1627.6,-3.75052380951665,-5.32080952381665
BG8700,Bulgaria,BG,BG3,BG34,BG343,Ямбол,530.91,2.17819047618332,3.27461904761665,1627.6,-3.75052380951665,-5.32080952381665
BG8717,Bulgaria,BG,BG3,BG34,BG343,Ямбол,530.91,2.17819047618332,3.27461904761665,1627.6,-3.75052380951665,-5.32080952381665
BG8718,Bulgaria,BG,BG3,BG34,BG343,Ямбол,530.91,2.17819047618332,3.27461904761665,1627.6,-3.75052380951665,-5.32080952381665
BG8719,Bulgaria,BG,BG3,BG34,BG343,Ямбол,530.91,2.17819047618332,3.27461904761665,1627.6,-3.75052380951665,-5.32080952381665
BG8720,Bulgaria,BG,BG3,BG34,BG343,Ямбол,530.91,2.17819047618332,3.27461904761665,1627.6,-3.75052380951665,-5.32080952381665
BG8721,Bulgaria,BG,BG3,BG34,BG343,Ямбол,530.91,2.17819047618332,3.27461904761665,1627.6,-3.75052380951665,-5.32080952381665
BG8722,Bulgaria,BG,BG3,BG34,BG343,Ямбол,530.91,2.17819047618332,3.27461904761665,1627.6,-3.75052380951665,-5.32080952381665
BG8723,Bulgaria,BG,BG3,BG34,BG343,Ямбол,530.91,2.17819047618332,3.27461904761665,1627.6,-3.75052380951665,-5.32080952381665
BG8724,Bulgaria,BG,BG3,BG34,BG343,Ямбол,530.91,2.17819047618332,3.27461904761665,1627.6,-3.75052380951665,-5.32080952381665
BG8725,Bulgaria,BG,BG3,BG34,BG343,Ямбол,530.91,2.17819047618332,3.27461904761665,1627.6,-3.75052380951665,-5.32080952381665
BG8726,Bulgaria,BG,BG3,BG34,BG343,Ямбол,530.91,2.17819047618332,3.27461904761665,1627.6,-3.75052380951665,-5.32080952381665
BG8727,Bulgaria,BG,BG3,BG34,BG343,Ямбол,530.91,2.17819047618332,3.27461904761665,1627.6,-3.75052380951665,-5.32080952381665
BG8728,Bulgaria,BG,BG3,BG34,BG343,Ямбол,530.91,2.17819047618332,3.27461904761665,1627.6,-3.75052380951665,-5.32080952381665
BG8729,Bulgaria,BG,BG3,BG34,BG343,Ямбол,530.91,2.17819047618332,3.27461904761665,1627.6,-3.75052380951665,-5.32080952381665
BG8730,Bulgaria,BG,BG3,BG34,BG343,Ямбол,530.91,2.17819047618332,3.27461904761665,1627.6,-3.75052380951665,-5.32080952381665
BG8731,Bulgaria,BG,BG3,BG34,BG343,Ямбол,530.91,2.17819047618332,3.27461904761665,1627.6,-3.75052380951665,-5.32080952381665
BG8732,Bulgaria,BG,BG3,BG34,BG343,Ямбол,530.91,2.17819047618332,3.27461904761665,1627.6,-3.75052380951665,-5.32080952381665
BG8733,Bulgaria,BG,BG3,BG34,BG343,Ямбол,530.91,2.17819047618332,3.27461904761665,1627.6,-3.75052380951665,-5.32080952381665
BG8734,Bulgaria,BG,BG3,BG34,BG343,Ямбол,530.91,2.17819047618332,3.27461904761665,1627.6,-3.75052380951665,-5.32080952381665
BG8735,Bulgaria,BG,BG3,BG34,BG343,Ямбол,530.91,2.17819047618332,3.27461904761665,1627.6,-3.75052380951665,-5.32080952381665
BG8736,Bulgaria,BG,BG3,BG34,BG343,Ямбол,530.91,2.17819047618332,3.27461904761665,1627.6,-3.75052380951665,-5.32080952381665
BG8737,Bulgaria,BG,BG3,BG34,BG343,Ямбол,530.91,2.17819047618332,3.27461904761665,1627.6,-3.75052380951665,-5.32080952381665
BG8738,Bulgaria,BG,BG3,BG34,BG343,Ямбол,530.91,2.17819047618332,3.27461904761665,1627.6,-3.75052380951665,-5.32080952381665
BG8739,Bulgaria,BG,BG3,BG34,BG343,Ямбол,530.91,2.17819047618332,3.27461904761665,1627.6,-3.75052380951665,-5.32080952381665
BG8740,Bulgaria,BG,BG3,BG34,BG343,Ямбол,530.91,2.17819047618332,3.27461904761665,1627.6,-3.75052380951665,-5.32080952381665
BG8741,Bulgaria,BG,BG3,BG34,BG343,Ямбол,530.91,2.17819047618332,3.27461904761665,1627.6,-3.75052380951665,-5.32080952381665
BG8742,Bulgaria,BG,BG3,BG34,BG343,Ямбол,530.91,2.17819047618332,3.27461904761665,1627.6,-3.75052380951665,-5.32080952381665
BG8743,Bulgaria,BG,BG3,BG34,BG343,Ямбол,530.91,2.17819047618332,3.27461904761665,1627.6,-3.75052380951665,-5.32080952381665
BG8744,Bulgaria,BG,BG3,BG34,BG343,Ямбол,530.91,2.17819047618332,3.27461904761665,1627.6,-3.75052380951665,-5.32080952381665
BG8745,Bulgaria,BG,BG3,BG34,BG343,Ямбол,530.91,2.17819047618332,3.27461904761665,1627.6,-3.75052380951665,-5.32080952381665
BG8746,Bulgaria,BG,BG3,BG34,BG343,Ямбол,530.91,2.17819047618332,3.27461904761665,1627.6,-3.75052380951665,-5.32080952381665
BG8747,Bulgaria,BG,BG3,BG34,BG343,Ямбол,530.91,2.17819047618332,3.27461904761665,1627.6,-3.75052380951665,-5.32080952381665
BG8748,Bulgaria,BG,BG3,BG34,BG343,Ямбол,530.91,2.17819047618332,3.27461904761665,1627.6,-3.75052380951665,-5.32080952381665
BG8749,Bulgaria,BG,BG3,BG34,BG343,Ямбол,530.91,2.17819047618332,3.27461904761665,1627.6,-3.75052380951665,-5.32080952381665
BG8750,Bulgaria,BG,BG3,BG34,BG343,Ямбол,530.91,2.17819047618332,3.27461904761665,1627.6,-3.75052380951665,-5.32080952381665
BG8751,Bulgaria,BG,BG3,BG34,BG343,Ямбол,530.91,2.17819047618332,3.27461904761665,1627.6,-3.75052380951665,-5.32080952381665
BG8752,Bulgaria,BG,BG3,BG34,BG343,Ямбол,530.91,2.17819047618332,3.27461904761665,1627.6,-3.75052380951665,-5.32080952381665
BG8753,Bulgaria,BG,BG3,BG34,BG343,Ямбол,530.91,2.17819047618332,3.27461904761665,1627.6,-3.75052380951665,-5.32080952381665
BG8754,Bulgaria,BG,BG3,BG34,BG343,Ямбол,530.91,2.17819047618332,3.27461904761665,1627.6,-3.75052380951665,-5.32080952381665
BG8755,Bulgaria,BG,BG3,BG34,BG343,Ямбол,530.91,2.17819047618332,3.27461904761665,1627.6,-3.75052380951665,-5.32080952381665
BG8756,Bulgaria,BG,BG3,BG34,BG343,Ямбол,530.91,2.17819047618332,3.27461904761665,1627.6,-3.75052380951665,-5.32080952381665
BG8757,Bulgaria,BG,BG3,BG34,BG343,Ямбол,530.91,2.17819047618332,3.27461904761665,1627.6,-3.75052380951665,-5.32080952381665
BG8758,Bulgaria,BG,BG3,BG34,BG343,Ямбол,530.91,2.17819047618332,3.27461904761665,1627.6,-3.75052380951665,-5.32080952381665
BG8777,Bulgaria,BG,BG3,BG34,BG343,Ямбол,530.91,2.17819047618332,3.27461904761665,1627.6,-3.75052380951665,-5.32080952381665
BG4241,Bulgaria,BG,BG4,BG42,BG424,Смолян,74.64,1.29447619047667,2.11528571428333,2813.97,-5.09747619048333,-7.3269047619
BG4700,Bulgaria,BG,BG4,BG42,BG424,Смолян,74.64,1.29447619047667,2.11528571428333,2813.97,-5.09747619048333,-7.3269047619
BG4723,Bulgaria,BG,BG4,BG42,BG424,Смолян,74.64,1.29447619047667,2.11528571428333,2813.97,-5.09747619048333,-7.3269047619
BG4724,Bulgaria,BG,BG4,BG42,BG424,Смолян,74.64,1.29447619047667,2.11528571428333,2813.97,-5.09747619048333,-7.3269047619
BG4725,Bulgaria,BG,BG4,BG42,BG424,Смолян,74.64,1.29447619047667,2.11528571428333,2813.97,-5.09747619048333,-7.3269047619
BG4726,Bulgaria,BG,BG4,BG42,BG424,Смолян,74.64,1.29447619047667,2.11528571428333,2813.97,-5.09747619048333,-7.3269047619
BG4727,Bulgaria,BG,BG4,BG42,BG424,Смолян,74.64,1.29447619047667,2.11528571428333,2813.97,-5.09747619048333,-7.3269047619
BG4728,Bulgaria,BG,BG4,BG42,BG424,Смолян,74.64,1.29447619047667,2.11528571428333,2813.97,-5.09747619048333,-7.3269047619
BG4729,Bulgaria,BG,BG4,BG42,BG424,Смолян,74.64,1.29447619047667,2.11528571428333,2813.97,-5.09747619048333,-7.3269047619
BG4730,Bulgaria,BG,BG4,BG42,BG424,Смолян,74.64,1.29447619047667,2.11528571428333,2813.97,-5.09747619048333,-7.3269047619
BG4731,Bulgaria,BG,BG4,BG42,BG424,Смолян,74.64,1.29447619047667,2.11528571428333,2813.97,-5.09747619048333,-7.3269047619
BG4732,Bulgaria,BG,BG4,BG42,BG424,Смолян,74.64,1.29447619047667,2.11528571428333,2813.97,-5.09747619048333,-7.3269047619
BG4733,Bulgaria,BG,BG4,BG42,BG424,Смолян,74.64,1.29447619047667,2.11528571428333,2813.97,-5.09747619048333,-7.3269047619
BG4734,Bulgaria,BG,BG4,BG42,BG424,Смолян,74.64,1.29447619047667,2.11528571428333,2813.97,-5.09747619048333,-7.3269047619
BG4735,Bulgaria,BG,BG4,BG42,BG424,Смолян,74.64,1.29447619047667,2.11528571428333,2813.97,-5.09747619048333,-7.3269047619
BG4736,Bulgaria,BG,BG4,BG42,BG424,Смолян,74.64,1.29447619047667,2.11528571428333,2813.97,-5.09747619048333,-7.3269047619
BG4737,Bulgaria,BG,BG4,BG42,BG424,Смолян,74.64,1.29447619047667,2.11528571428333,2813.97,-5.09747619048333,-7.3269047619
BG4738,Bulgaria,BG,BG4,BG42,BG424,Смолян,74.64,1.29447619047667,2.11528571428333,2813.97,-5.09747619048333,-7.3269047619
BG4739,Bulgaria,BG,BG4,BG42,BG424,Смолян,74.64,1.29447619047667,2.11528571428333,2813.97,-5.09747619048333,-7.3269047619
BG4740,Bulgaria,BG,BG4,BG42,BG424,Смолян,74.64,1.29447619047667,2.11528571428333,2813.97,-5.09747619048333,-7.3269047619
BG4741,Bulgaria,BG,BG4,BG42,BG424,Смолян,74.64,1.29447619047667,2.11528571428333,2813.97,-5.09747619048333,-7.3269047619
BG4742,Bulgaria,BG,BG4,BG42,BG424,Смолян,74.64,1.29447619047667,2.11528571428333,2813.97,-5.09747619048333,-7.3269047619
BG4743,Bulgaria,BG,BG4,BG42,BG424,Смолян,74.64,1.29447619047667,2.11528571428333,2813.97,-5.09747619048333,-7.3269047619
BG4744,Bulgaria,BG,BG4,BG42,BG424,Смолян,74.64,1.29447619047667,2.11528571428333,2813.97,-5.09747619048333,-7.3269047619
BG4745,Bulgaria,BG,BG4,BG42,BG424,Смолян,74.64,1.29447619047667,2.11528571428333,2813.97,-5.09747619048333,-7.3269047619
BG4746,Bulgaria,BG,BG4,BG42,BG424,Смолян,74.64,1.29447619047667,2.11528571428333,2813.97,-5.09747619048333,-7.3269047619
BG4747,Bulgaria,BG,BG4,BG42,BG424,Смолян,74.64,1.29447619047667,2.11528571428333,2813.97,-5.09747619048333,-7.3269047619
BG4749,Bulgaria,BG,BG4,BG42,BG424,Смолян,74.64,1.29447619047667,2.11528571428333,2813.97,-5.09747619048333,-7.3269047619
BG4750,Bulgaria,BG,BG4,BG42,BG424,Смолян,74.64,1.29447619047667,2.11528571428333,2813.97,-5.09747619048333,-7.3269047619
BG4751,Bulgaria,BG,BG4,BG42,BG424,Смолян,74.64,1.29447619047667,2.11528571428333,2813.97,-5.09747619048333,-7.3269047619
BG4752,Bulgaria,BG,BG4,BG42,BG424,Смолян,74.64,1.29447619047667,2.11528571428333,2813.97,-5.09747619048333,-7.3269047619
BG4753,Bulgaria,BG,BG4,BG42,BG424,Смолян,74.64,1.29447619047667,2.11528571428333,2813.97,-5.09747619048333,-7.3269047619
BG4754,Bulgaria,BG,BG4,BG42,BG424,Смолян,74.64,1.29447619047667,2.11528571428333,2813.97,-5.09747619048333,-7.3269047619
BG4755,Bulgaria,BG,BG4,BG42,BG424,Смолян,74.64,1.29447619047667,2.11528571428333,2813.97,-5.09747619048333,-7.3269047619
BG4757,Bulgaria,BG,BG4,BG42,BG424,Смолян,74.64,1.29447619047667,2.11528571428333,2813.97,-5.09747619048333,-7.3269047619
BG4758,Bulgaria,BG,BG4,BG42,BG424,Смолян,74.64,1.29447619047667,2.11528571428333,2813.97,-5.09747619048333,-7.3269047619
BG4759,Bulgaria,BG,BG4,BG42,BG424,Смолян,74.64,1.29447619047667,2.11528571428333,2813.97,-5.09747619048333,-7.3269047619
BG4760,Bulgaria,BG,BG4,BG42,BG424,Смолян,74.64,1.29447619047667,2.11528571428333,2813.97,-5.09747619048333,-7.3269047619
BG4761,Bulgaria,BG,BG4,BG42,BG424,Смолян,74.64,1.29447619047667,2.11528571428333,2813.97,-5.09747619048333,-7.3269047619
BG4762,Bulgaria,BG,BG4,BG42,BG424,Смолян,74.64,1.29447619047667,2.11528571428333,2813.97,-5.09747619048333,-7.3269047619
BG4763,Bulgaria,BG,BG4,BG42,BG424,Смолян,74.64,1.29447619047667,2.11528571428333,2813.97,-5.09747619048333,-7.3269047619
BG4764,Bulgaria,BG,BG4,BG42,BG424,Смолян,74.64,1.29447619047667,2.11528571428333,2813.97,-5.09747619048333,-7.3269047619
BG4765,Bulgaria,BG,BG4,BG42,BG424,Смолян,74.64,1.29447619047667,2.11528571428333,2813.97,-5.09747619048333,-7.3269047619
BG4767,Bulgaria,BG,BG4,BG42,BG424,Смолян,74.64,1.29447619047667,2.11528571428333,2813.97,-5.09747619048333,-7.3269047619
BG4768,Bulgaria,BG,BG4,BG42,BG424,Смолян,74.64,1.29447619047667,2.11528571428333,2813.97,-5.09747619048333,-7.3269047619
BG4769,Bulgaria,BG,BG4,BG42,BG424,Смолян,74.64,1.29447619047667,2.11528571428333,2813.97,-5.09747619048333,-7.3269047619
BG4770,Bulgaria,BG,BG4,BG42,BG424,Смолян,74.64,1.29447619047667,2.11528571428333,2813.97,-5.09747619048333,-7.3269047619
BG4771,Bulgaria,BG,BG4,BG42,BG424,Смолян,74.64,1.29447619047667,2.11528571428333,2813.97,-5.09747619048333,-7.3269047619
BG4772,Bulgaria,BG,BG4,BG42,BG424,Смолян,74.64,1.29447619047667,2.11528571428333,2813.97,-5.09747619048333,-7.3269047619
BG4773,Bulgaria,BG,BG4,BG42,BG424,Смолян,74.64,1.29447619047667,2.11528571428333,2813.97,-5.09747619048333,-7.3269047619
BG4774,Bulgaria,BG,BG4,BG42,BG424,Смолян,74.64,1.29447619047667,2.11528571428333,2813.97,-5.09747619048333,-7.3269047619
BG4775,Bulgaria,BG,BG4,BG42,BG424,Смолян,74.64,1.29447619047667,2.11528571428333,2813.97,-5.09747619048333,-7.3269047619
BG4776,Bulgaria,BG,BG4,BG42,BG424,Смолян,74.64,1.29447619047667,2.11528571428333,2813.97,-5.09747619048333,-7.3269047619
BG4777,Bulgaria,BG,BG4,BG42,BG424,Смолян,74.64,1.29447619047667,2.11528571428333,2813.97,-5.09747619048333,-7.3269047619
BG4778,Bulgaria,BG,BG4,BG42,BG424,Смолян,74.64,1.29447619047667,2.11528571428333,2813.97,-5.09747619048333,-7.3269047619
BG4779,Bulgaria,BG,BG4,BG42,BG424,Смолян,74.64,1.29447619047667,2.11528571428333,2813.97,-5.09747619048333,-7.3269047619
BG4780,Bulgaria,BG,BG4,BG42,BG424,Смолян,74.64,1.29447619047667,2.11528571428333,2813.97,-5.09747619048333,-7.3269047619
BG4781,Bulgaria,BG,BG4,BG42,BG424,Смолян,74.64,1.29447619047667,2.11528571428333,2813.97,-5.09747619048333,-7.3269047619
BG4782,Bulgaria,BG,BG4,BG42,BG424,Смолян,74.64,1.29447619047667,2.11528571428333,2813.97,-5.09747619048333,-7.3269047619
BG4783,Bulgaria,BG,BG4,BG42,BG424,Смолян,74.64,1.29447619047667,2.11528571428333,2813.97,-5.09747619048333,-7.3269047619
BG4784,Bulgaria,BG,BG4,BG42,BG424,Смолян,74.64,1.29447619047667,2.11528571428333,2813.97,-5.09747619048333,-7.3269047619
BG4785,Bulgaria,BG,BG4,BG42,BG424,Смолян,74.64,1.29447619047667,2.11528571428333,2813.97,-5.09747619048333,-7.3269047619
BG4786,Bulgaria,BG,BG4,BG42,BG424,Смолян,74.64,1.29447619047667,2.11528571428333,2813.97,-5.09747619048333,-7.3269047619
BG4787,Bulgaria,BG,BG4,BG42,BG424,Смолян,74.64,1.29447619047667,2.11528571428333,2813.97,-5.09747619048333,-7.3269047619
BG4788,Bulgaria,BG,BG4,BG42,BG424,Смолян,74.64,1.29447619047667,2.11528571428333,2813.97,-5.09747619048333,-7.3269047619
BG4789,Bulgaria,BG,BG4,BG42,BG424,Смолян,74.64,1.29447619047667,2.11528571428333,2813.97,-5.09747619048333,-7.3269047619
BG4790,Bulgaria,BG,BG4,BG42,BG424,Смолян,74.64,1.29447619047667,2.11528571428333,2813.97,-5.09747619048333,-7.3269047619
BG4791,Bulgaria,BG,BG4,BG42,BG424,Смолян,74.64,1.29447619047667,2.11528571428333,2813.97,-5.09747619048333,-7.3269047619
BG4792,Bulgaria,BG,BG4,BG42,BG424,Смолян,74.64,1.29447619047667,2.11528571428333,2813.97,-5.09747619048333,-7.3269047619
BG4793,Bulgaria,BG,BG4,BG42,BG424,Смолян,74.64,1.29447619047667,2.11528571428333,2813.97,-5.09747619048333,-7.3269047619
BG4794,Bulgaria,BG,BG4,BG42,BG424,Смолян,74.64,1.29447619047667,2.11528571428333,2813.97,-5.09747619048333,-7.3269047619
BG4795,Bulgaria,BG,BG4,BG42,BG424,Смолян,74.64,1.29447619047667,2.11528571428333,2813.97,-5.09747619048333,-7.3269047619
BG4796,Bulgaria,BG,BG4,BG42,BG424,Смолян,74.64,1.29447619047667,2.11528571428333,2813.97,-5.09747619048333,-7.3269047619
BG4797,Bulgaria,BG,BG4,BG42,BG424,Смолян,74.64,1.29447619047667,2.11528571428333,2813.97,-5.09747619048333,-7.3269047619
BG4798,Bulgaria,BG,BG4,BG42,BG424,Смолян,74.64,1.29447619047667,2.11528571428333,2813.97,-5.09747619048333,-7.3269047619
BG4799,Bulgaria,BG,BG4,BG42,BG424,Смолян,74.64,1.29447619047667,2.11528571428333,2813.97,-5.09747619048333,-7.3269047619
BG4800,Bulgaria,BG,BG4,BG42,BG424,Смолян,74.64,1.29447619047667,2.11528571428333,2813.97,-5.09747619048333,-7.3269047619
BG4810,Bulgaria,BG,BG4,BG42,BG424,Смолян,74.64,1.29447619047667,2.11528571428333,2813.97,-5.09747619048333,-7.3269047619
BG4811,Bulgaria,BG,BG4,BG42,BG424,Смолян,74.64,1.29447619047667,2.11528571428333,2813.97,-5.09747619048333,-7.3269047619
BG4812,Bulgaria,BG,BG4,BG42,BG424,Смолян,74.64,1.29447619047667,2.11528571428333,2813.97,-5.09747619048333,-7.3269047619
BG4813,Bulgaria,BG,BG4,BG42,BG424,Смолян,74.64,1.29447619047667,2.11528571428333,2813.97,-5.09747619048333,-7.3269047619
BG4814,Bulgaria,BG,BG4,BG42,BG424,Смолян,74.64,1.29447619047667,2.11528571428333,2813.97,-5.09747619048333,-7.3269047619
BG4815,Bulgaria,BG,BG4,BG42,BG424,Смолян,74.64,1.29447619047667,2.11528571428333,2813.97,-5.09747619048333,-7.3269047619
BG4817,Bulgaria,BG,BG4,BG42,BG424,Смолян,74.64,1.29447619047667,2.11528571428333,2813.97,-5.09747619048333,-7.3269047619
BG4818,Bulgaria,BG,BG4,BG42,BG424,Смолян,74.64,1.29447619047667,2.11528571428333,2813.97,-5.09747619048333,-7.3269047619
BG4819,Bulgaria,BG,BG4,BG42,BG424,Смолян,74.64,1.29447619047667,2.11528571428333,2813.97,-5.09747619048333,-7.3269047619
BG4820,Bulgaria,BG,BG4,BG42,BG424,Смолян,74.64,1.29447619047667,2.11528571428333,2813.97,-5.09747619048333,-7.3269047619
BG4821,Bulgaria,BG,BG4,BG42,BG424,Смолян,74.64,1.29447619047667,2.11528571428333,2813.97,-5.09747619048333,-7.3269047619
BG4822,Bulgaria,BG,BG4,BG42,BG424,Смолян,74.64,1.29447619047667,2.11528571428333,2813.97,-5.09747619048333,-7.3269047619
BG4823,Bulgaria,BG,BG4,BG42,BG424,Смолян,74.64,1.29447619047667,2.11528571428333,2813.97,-5.09747619048333,-7.3269047619
BG4824,Bulgaria,BG,BG4,BG42,BG424,Смолян,74.64,1.29447619047667,2.11528571428333,2813.97,-5.09747619048333,-7.3269047619
BG4826,Bulgaria,BG,BG4,BG42,BG424,Смолян,74.64,1.29447619047667,2.11528571428333,2813.97,-5.09747619048333,-7.3269047619
BG4827,Bulgaria,BG,BG4,BG42,BG424,Смолян,74.64,1.29447619047667,2.11528571428333,2813.97,-5.09747619048333,-7.3269047619
BG4828,Bulgaria,BG,BG4,BG42,BG424,Смолян,74.64,1.29447619047667,2.11528571428333,2813.97,-5.09747619048333,-7.3269047619
BG4829,Bulgaria,BG,BG4,BG42,BG424,Смолян,74.64,1.29447619047667,2.11528571428333,2813.97,-5.09747619048333,-7.3269047619
BG4830,Bulgaria,BG,BG4,BG42,BG424,Смолян,74.64,1.29447619047667,2.11528571428333,2813.97,-5.09747619048333,-7.3269047619
BG4831,Bulgaria,BG,BG4,BG42,BG424,Смолян,74.64,1.29447619047667,2.11528571428333,2813.97,-5.09747619048333,-7.3269047619
BG4832,Bulgaria,BG,BG4,BG42,BG424,Смолян,74.64,1.29447619047667,2.11528571428333,2813.97,-5.09747619048333,-7.3269047619
BG4833,Bulgaria,BG,BG4,BG42,BG424,Смолян,74.64,1.29447619047667,2.11528571428333,2813.97,-5.09747619048333,-7.3269047619
BG4834,Bulgaria,BG,BG4,BG42,BG424,Смолян,74.64,1.29447619047667,2.11528571428333,2813.97,-5.09747619048333,-7.3269047619
BG4835,Bulgaria,BG,BG4,BG42,BG424,Смолян,74.64,1.29447619047667,2.11528571428333,2813.97,-5.09747619048333,-7.3269047619
BG4836,Bulgaria,BG,BG4,BG42,BG424,Смолян,74.64,1.29447619047667,2.11528571428333,2813.97,-5.09747619048333,-7.3269047619
BG4837,Bulgaria,BG,BG4,BG42,BG424,Смолян,74.64,1.29447619047667,2.11528571428333,2813.97,-5.09747619048333,-7.3269047619
BG4838,Bulgaria,BG,BG4,BG42,BG424,Смолян,74.64,1.29447619047667,2.11528571428333,2813.97,-5.09747619048333,-7.3269047619
BG4839,Bulgaria,BG,BG4,BG42,BG424,Смолян,74.64,1.29447619047667,2.11528571428333,2813.97,-5.09747619048333,-7.3269047619
BG4840,Bulgaria,BG,BG4,BG42,BG424,Смолян,74.64,1.29447619047667,2.11528571428333,2813.97,-5.09747619048333,-7.3269047619
BG4841,Bulgaria,BG,BG4,BG42,BG424,Смолян,74.64,1.29447619047667,2.11528571428333,2813.97,-5.09747619048333,-7.3269047619
BG4842,Bulgaria,BG,BG4,BG42,BG424,Смолян,74.64,1.29447619047667,2.11528571428333,2813.97,-5.09747619048333,-7.3269047619
BG4843,Bulgaria,BG,BG4,BG42,BG424,Смолян,74.64,1.29447619047667,2.11528571428333,2813.97,-5.09747619048333,-7.3269047619
BG4844,Bulgaria,BG,BG4,BG42,BG424,Смолян,74.64,1.29447619047667,2.11528571428333,2813.97,-5.09747619048333,-7.3269047619
BG4845,Bulgaria,BG,BG4,BG42,BG424,Смолян,74.64,1.29447619047667,2.11528571428333,2813.97,-5.09747619048333,-7.3269047619
BG4846,Bulgaria,BG,BG4,BG42,BG424,Смолян,74.64,1.29447619047667,2.11528571428333,2813.97,-5.09747619048333,-7.3269047619
BG4847,Bulgaria,BG,BG4,BG42,BG424,Смолян,74.64,1.29447619047667,2.11528571428333,2813.97,-5.09747619048333,-7.3269047619
BG4848,Bulgaria,BG,BG4,BG42,BG424,Смолян,74.64,1.29447619047667,2.11528571428333,2813.97,-5.09747619048333,-7.3269047619
BG4849,Bulgaria,BG,BG4,BG42,BG424,Смолян,74.64,1.29447619047667,2.11528571428333,2813.97,-5.09747619048333,-7.3269047619
BG4850,Bulgaria,BG,BG4,BG42,BG424,Смолян,74.64,1.29447619047667,2.11528571428333,2813.97,-5.09747619048333,-7.3269047619
BG4855,Bulgaria,BG,BG4,BG42,BG424,Смолян,74.64,1.29447619047667,2.11528571428333,2813.97,-5.09747619048333,-7.3269047619
BG4856,Bulgaria,BG,BG4,BG42,BG424,Смолян,74.64,1.29447619047667,2.11528571428333,2813.97,-5.09747619048333,-7.3269047619
BG4857,Bulgaria,BG,BG4,BG42,BG424,Смолян,74.64,1.29447619047667,2.11528571428333,2813.97,-5.09747619048333,-7.3269047619
BG4858,Bulgaria,BG,BG4,BG42,BG424,Смолян,74.64,1.29447619047667,2.11528571428333,2813.97,-5.09747619048333,-7.3269047619
BG4859,Bulgaria,BG,BG4,BG42,BG424,Смолян,74.64,1.29447619047667,2.11528571428333,2813.97,-5.09747619048333,-7.3269047619
BG4871,Bulgaria,BG,BG4,BG42,BG424,Смолян,74.64,1.29447619047667,2.11528571428333,2813.97,-5.09747619048333,-7.3269047619
BG4872,Bulgaria,BG,BG4,BG42,BG424,Смолян,74.64,1.29447619047667,2.11528571428333,2813.97,-5.09747619048333,-7.3269047619
BG4877,Bulgaria,BG,BG4,BG42,BG424,Смолян,74.64,1.29447619047667,2.11528571428333,2813.97,-5.09747619048333,-7.3269047619
BG4878,Bulgaria,BG,BG4,BG42,BG424,Смолян,74.64,1.29447619047667,2.11528571428333,2813.97,-5.09747619048333,-7.3269047619
BG4889,Bulgaria,BG,BG4,BG42,BG424,Смолян,74.64,1.29447619047667,2.11528571428333,2813.97,-5.09747619048333,-7.3269047619
BG4890,Bulgaria,BG,BG4,BG42,BG424,Смолян,74.64,1.29447619047667,2.11528571428333,2813.97,-5.09747619048333,-7.3269047619
BG4891,Bulgaria,BG,BG4,BG42,BG424,Смолян,74.64,1.29447619047667,2.11528571428333,2813.97,-5.09747619048333,-7.3269047619
BG4900,Bulgaria,BG,BG4,BG42,BG424,Смолян,74.64,1.29447619047667,2.11528571428333,2813.97,-5.09747619048333,-7.3269047619
BG4905,Bulgaria,BG,BG4,BG42,BG424,Смолян,74.64,1.29447619047667,2.11528571428333,2813.97,-5.09747619048333,-7.3269047619
BG4906,Bulgaria,BG,BG4,BG42,BG424,Смолян,74.64,1.29447619047667,2.11528571428333,2813.97,-5.09747619048333,-7.3269047619
BG4907,Bulgaria,BG,BG4,BG42,BG424,Смолян,74.64,1.29447619047667,2.11528571428333,2813.97,-5.09747619048333,-7.3269047619
BG4908,Bulgaria,BG,BG4,BG42,BG424,Смолян,74.64,1.29447619047667,2.11528571428333,2813.97,-5.09747619048333,-7.3269047619
BG4909,Bulgaria,BG,BG4,BG42,BG424,Смолян,74.64,1.29447619047667,2.11528571428333,2813.97,-5.09747619048333,-7.3269047619
BG4910,Bulgaria,BG,BG4,BG42,BG424,Смолян,74.64,1.29447619047667,2.11528571428333,2813.97,-5.09747619048333,-7.3269047619
BG4911,Bulgaria,BG,BG4,BG42,BG424,Смолян,74.64,1.29447619047667,2.11528571428333,2813.97,-5.09747619048333,-7.3269047619
BG4912,Bulgaria,BG,BG4,BG42,BG424,Смолян,74.64,1.29447619047667,2.11528571428333,2813.97,-5.09747619048333,-7.3269047619
BG4913,Bulgaria,BG,BG4,BG42,BG424,Смолян,74.64,1.29447619047667,2.11528571428333,2813.97,-5.09747619048333,-7.3269047619
BG4914,Bulgaria,BG,BG4,BG42,BG424,Смолян,74.64,1.29447619047667,2.11528571428333,2813.97,-5.09747619048333,-7.3269047619
BG4915,Bulgaria,BG,BG4,BG42,BG424,Смолян,74.64,1.29447619047667,2.11528571428333,2813.97,-5.09747619048333,-7.3269047619
BG4916,Bulgaria,BG,BG4,BG42,BG424,Смолян,74.64,1.29447619047667,2.11528571428333,2813.97,-5.09747619048333,-7.3269047619
BG4919,Bulgaria,BG,BG4,BG42,BG424,Смолян,74.64,1.29447619047667,2.11528571428333,2813.97,-5.09747619048333,-7.3269047619
BG4920,Bulgaria,BG,BG4,BG42,BG424,Смолян,74.64,1.29447619047667,2.11528571428333,2813.97,-5.09747619048333,-7.3269047619
BG4921,Bulgaria,BG,BG4,BG42,BG424,Смолян,74.64,1.29447619047667,2.11528571428333,2813.97,-5.09747619048333,-7.3269047619
BG4922,Bulgaria,BG,BG4,BG42,BG424,Смолян,74.64,1.29447619047667,2.11528571428333,2813.97,-5.09747619048333,-7.3269047619
BG4923,Bulgaria,BG,BG4,BG42,BG424,Смолян,74.64,1.29447619047667,2.11528571428333,2813.97,-5.09747619048333,-7.3269047619
BG4924,Bulgaria,BG,BG4,BG42,BG424,Смолян,74.64,1.29447619047667,2.11528571428333,2813.97,-5.09747619048333,-7.3269047619
BG4926,Bulgaria,BG,BG4,BG42,BG424,Смолян,74.64,1.29447619047667,2.11528571428333,2813.97,-5.09747619048333,-7.3269047619
BG4927,Bulgaria,BG,BG4,BG42,BG424,Смолян,74.64,1.29447619047667,2.11528571428333,2813.97,-5.09747619048333,-7.3269047619
BG4928,Bulgaria,BG,BG4,BG42,BG424,Смолян,74.64,1.29447619047667,2.11528571428333,2813.97,-5.09747619048333,-7.3269047619
BG4929,Bulgaria,BG,BG4,BG42,BG424,Смолян,74.64,1.29447619047667,2.11528571428333,2813.97,-5.09747619048333,-7.3269047619
BG4930,Bulgaria,BG,BG4,BG42,BG424,Смолян,74.64,1.29447619047667,2.11528571428333,2813.97,-5.09747619048333,-7.3269047619
BG4931,Bulgaria,BG,BG4,BG42,BG424,Смолян,74.64,1.29447619047667,2.11528571428333,2813.97,-5.09747619048333,-7.3269047619
BG4932,Bulgaria,BG,BG4,BG42,BG424,Смолян,74.64,1.29447619047667,2.11528571428333,2813.97,-5.09747619048333,-7.3269047619
BG4933,Bulgaria,BG,BG4,BG42,BG424,Смолян,74.64,1.29447619047667,2.11528571428333,2813.97,-5.09747619048333,-7.3269047619
BG4934,Bulgaria,BG,BG4,BG42,BG424,Смолян,74.64,1.29447619047667,2.11528571428333,2813.97,-5.09747619048333,-7.3269047619
BG4935,Bulgaria,BG,BG4,BG42,BG424,Смолян,74.64,1.29447619047667,2.11528571428333,2813.97,-5.09747619048333,-7.3269047619
BG4938,Bulgaria,BG,BG4,BG42,BG424,Смолян,74.64,1.29447619047667,2.11528571428333,2813.97,-5.09747619048333,-7.3269047619
BG4939,Bulgaria,BG,BG4,BG42,BG424,Смолян,74.64,1.29447619047667,2.11528571428333,2813.97,-5.09747619048333,-7.3269047619
BG4940,Bulgaria,BG,BG4,BG42,BG424,Смолян,74.64,1.29447619047667,2.11528571428333,2813.97,-5.09747619048333,-7.3269047619
BG4941,Bulgaria,BG,BG4,BG42,BG424,Смолян,74.64,1.29447619047667,2.11528571428333,2813.97,-5.09747619048333,-7.3269047619
BG4942,Bulgaria,BG,BG4,BG42,BG424,Смолян,74.64,1.29447619047667,2.11528571428333,2813.97,-5.09747619048333,-7.3269047619
BG4943,Bulgaria,BG,BG4,BG42,BG424,Смолян,74.64,1.29447619047667,2.11528571428333,2813.97,-5.09747619048333,-7.3269047619
BG4944,Bulgaria,BG,BG4,BG42,BG424,Смолян,74.64,1.29447619047667,2.11528571428333,2813.97,-5.09747619048333,-7.3269047619
BG4945,Bulgaria,BG,BG4,BG42,BG424,Смолян,74.64,1.29447619047667,2.11528571428333,2813.97,-5.09747619048333,-7.3269047619
BG4946,Bulgaria,BG,BG4,BG42,BG424,Смолян,74.64,1.29447619047667,2.11528571428333,2813.97,-5.09747619048333,-7.3269047619
BG4947,Bulgaria,BG,BG4,BG42,BG424,Смолян,74.64,1.29447619047667,2.11528571428333,2813.97,-5.09747619048333,-7.3269047619
BG4948,Bulgaria,BG,BG4,BG42,BG424,Смолян,74.64,1.29447619047667,2.11528571428333,2813.97,-5.09747619048333,-7.3269047619
BG4949,Bulgaria,BG,BG4,BG42,BG424,Смолян,74.64,1.29447619047667,2.11528571428333,2813.97,-5.09747619048333,-7.3269047619
BG4950,Bulgaria,BG,BG4,BG42,BG424,Смолян,74.64,1.29447619047667,2.11528571428333,2813.97,-5.09747619048333,-7.3269047619
BG4951,Bulgaria,BG,BG4,BG42,BG424,Смолян,74.64,1.29447619047667,2.11528571428333,2813.97,-5.09747619048333,-7.3269047619
BG4952,Bulgaria,BG,BG4,BG42,BG424,Смолян,74.64,1.29447619047667,2.11528571428333,2813.97,-5.09747619048333,-7.3269047619
BG4954,Bulgaria,BG,BG4,BG42,BG424,Смолян,74.64,1.29447619047667,2.11528571428333,2813.97,-5.09747619048333,-7.3269047619
BG4955,Bulgaria,BG,BG4,BG42,BG424,Смолян,74.64,1.29447619047667,2.11528571428333,2813.97,-5.09747619048333,-7.3269047619
BG4956,Bulgaria,BG,BG4,BG42,BG424,Смолян,74.64,1.29447619047667,2.11528571428333,2813.97,-5.09747619048333,-7.3269047619
BG4957,Bulgaria,BG,BG4,BG42,BG424,Смолян,74.64,1.29447619047667,2.11528571428333,2813.97,-5.09747619048333,-7.3269047619
BG4958,Bulgaria,BG,BG4,BG42,BG424,Смолян,74.64,1.29447619047667,2.11528571428333,2813.97,-5.09747619048333,-7.3269047619
BG4959,Bulgaria,BG,BG4,BG42,BG424,Смолян,74.64,1.29447619047667,2.11528571428333,2813.97,-5.09747619048333,-7.3269047619
BG4960,Bulgaria,BG,BG4,BG42,BG424,Смолян,74.64,1.29447619047667,2.11528571428333,2813.97,-5.09747619048333,-7.3269047619
BG4961,Bulgaria,BG,BG4,BG42,BG424,Смолян,74.64,1.29447619047667,2.11528571428333,2813.97,-5.09747619048333,-7.3269047619
BG4964,Bulgaria,BG,BG4,BG42,BG424,Смолян,74.64,1.29447619047667,2.11528571428333,2813.97,-5.09747619048333,-7.3269047619
BG4965,Bulgaria,BG,BG4,BG42,BG424,Смолян,74.64,1.29447619047667,2.11528571428333,2813.97,-5.09747619048333,-7.3269047619
BG4966,Bulgaria,BG,BG4,BG42,BG424,Смолян,74.64,1.29447619047667,2.11528571428333,2813.97,-5.09747619048333,-7.3269047619
BG4967,Bulgaria,BG,BG4,BG42,BG424,Смолян,74.64,1.29447619047667,2.11528571428333,2813.97,-5.09747619048333,-7.3269047619
BG4968,Bulgaria,BG,BG4,BG42,BG424,Смолян,74.64,1.29447619047667,2.11528571428333,2813.97,-5.09747619048333,-7.3269047619
BG4969,Bulgaria,BG,BG4,BG42,BG424,Смолян,74.64,1.29447619047667,2.11528571428333,2813.97,-5.09747619048333,-7.3269047619
BG4970,Bulgaria,BG,BG4,BG42,BG424,Смолян,74.64,1.29447619047667,2.11528571428333,2813.97,-5.09747619048333,-7.3269047619
BG4971,Bulgaria,BG,BG4,BG42,BG424,Смолян,74.64,1.29447619047667,2.11528571428333,2813.97,-5.09747619048333,-7.3269047619
BG4972,Bulgaria,BG,BG4,BG42,BG424,Смолян,74.64,1.29447619047667,2.11528571428333,2813.97,-5.09747619048333,-7.3269047619
BG4973,Bulgaria,BG,BG4,BG42,BG424,Смолян,74.64,1.29447619047667,2.11528571428333,2813.97,-5.09747619048333,-7.3269047619
BG4974,Bulgaria,BG,BG4,BG42,BG424,Смолян,74.64,1.29447619047667,2.11528571428333,2813.97,-5.09747619048333,-7.3269047619
BG4975,Bulgaria,BG,BG4,BG42,BG424,Смолян,74.64,1.29447619047667,2.11528571428333,2813.97,-5.09747619048333,-7.3269047619
BG4976,Bulgaria,BG,BG4,BG42,BG424,Смолян,74.64,1.29447619047667,2.11528571428333,2813.97,-5.09747619048333,-7.3269047619
BG4977,Bulgaria,BG,BG4,BG42,BG424,Смолян,74.64,1.29447619047667,2.11528571428333,2813.97,-5.09747619048333,-7.3269047619
BG4978,Bulgaria,BG,BG4,BG42,BG424,Смолян,74.64,1.29447619047667,2.11528571428333,2813.97,-5.09747619048333,-7.3269047619
BG4979,Bulgaria,BG,BG4,BG42,BG424,Смолян,74.64,1.29447619047667,2.11528571428333,2813.97,-5.09747619048333,-7.3269047619
BG4980,Bulgaria,BG,BG4,BG42,BG424,Смолян,74.64,1.29447619047667,2.11528571428333,2813.97,-5.09747619048333,-7.3269047619
BG4984,Bulgaria,BG,BG4,BG42,BG424,Смолян,74.64,1.29447619047667,2.11528571428333,2813.97,-5.09747619048333,-7.3269047619
BG4985,Bulgaria,BG,BG4,BG42,BG424,Смолян,74.64,1.29447619047667,2.11528571428333,2813.97,-5.09747619048333,-7.3269047619
BG4986,Bulgaria,BG,BG4,BG42,BG424,Смолян,74.64,1.29447619047667,2.11528571428333,2813.97,-5.09747619048333,-7.3269047619
BG4987,Bulgaria,BG,BG4,BG42,BG424,Смолян,74.64,1.29447619047667,2.11528571428333,2813.97,-5.09747619048333,-7.3269047619
BG4988,Bulgaria,BG,BG4,BG42,BG424,Смолян,74.64,1.29447619047667,2.11528571428333,2813.97,-5.09747619048333,-7.3269047619
BG4989,Bulgaria,BG,BG4,BG42,BG424,Смолян,74.64,1.29447619047667,2.11528571428333,2813.97,-5.09747619048333,-7.3269047619
BG4990,Bulgaria,BG,BG4,BG42,BG424,Смолян,74.64,1.29447619047667,2.11528571428333,2813.97,-5.09747619048333,-7.3269047619
BG4991,Bulgaria,BG,BG4,BG42,BG424,Смолян,74.64,1.29447619047667,2.11528571428333,2813.97,-5.09747619048333,-7.3269047619
BG4992,Bulgaria,BG,BG4,BG42,BG424,Смолян,74.64,1.29447619047667,2.11528571428333,2813.97,-5.09747619048333,-7.3269047619
BG4995,Bulgaria,BG,BG4,BG42,BG424,Смолян,74.64,1.29447619047667,2.11528571428333,2813.97,-5.09747619048333,-7.3269047619
BG4996,Bulgaria,BG,BG4,BG42,BG424,Смолян,74.64,1.29447619047667,2.11528571428333,2813.97,-5.09747619048333,-7.3269047619
BG4997,Bulgaria,BG,BG4,BG42,BG424,Смолян,74.64,1.29447619047667,2.11528571428333,2813.97,-5.09747619048333,-7.3269047619
BG4998,Bulgaria,BG,BG4,BG42,BG424,Смолян,74.64,1.29447619047667,2.11528571428333,2813.97,-5.09747619048333,-7.3269047619
BG4999,Bulgaria,BG,BG4,BG42,BG424,Смолян,74.64,1.29447619047667,2.11528571428333,2813.97,-5.09747619048333,-7.3269047619
BG5164,Bulgaria,BG,BG3,BG33,BG334,Търговище,377.44,2.03922222221665,3.05088888888333,2069.24,-4.29694444444998,-5.99277777778332
BG7700,Bulgaria,BG,BG3,BG33,BG334,Търговище,377.44,2.03922222221665,3.05088888888333,2069.24,-4.29694444444998,-5.99277777778332
BG7706,Bulgaria,BG,BG3,BG33,BG334,Търговище,377.44,2.03922222221665,3.05088888888333,2069.24,-4.29694444444998,-5.99277777778332
BG7707,Bulgaria,BG,BG3,BG33,BG334,Търговище,377.44,2.03922222221665,3.05088888888333,2069.24,-4.29694444444998,-5.99277777778332
BG7738,Bulgaria,BG,BG3,BG33,BG334,Търговище,377.44,2.03922222221665,3.05088888888333,2069.24,-4.29694444444998,-5.99277777778332
BG7739,Bulgaria,BG,BG3,BG33,BG334,Търговище,377.44,2.03922222221665,3.05088888888333,2069.24,-4.29694444444998,-5.99277777778332
BG7740,Bulgaria,BG,BG3,BG33,BG334,Търговище,377.44,2.03922222221665,3.05088888888333,2069.24,-4.29694444444998,-5.99277777778332
BG7741,Bulgaria,BG,BG3,BG33,BG334,Търговище,377.44,2.03922222221665,3.05088888888333,2069.24,-4.29694444444998,-5.99277777778332
BG7742,Bulgaria,BG,BG3,BG33,BG334,Търговище,377.44,2.03922222221665,3.05088888888333,2069.24,-4.29694444444998,-5.99277777778332
BG7743,Bulgaria,BG,BG3,BG33,BG334,Търговище,377.44,2.03922222221665,3.05088888888333,2069.24,-4.29694444444998,-5.99277777778332
BG7744,Bulgaria,BG,BG3,BG33,BG334,Търговище,377.44,2.03922222221665,3.05088888888333,2069.24,-4.29694444444998,-5.99277777778332
BG7745,Bulgaria,BG,BG3,BG33,BG334,Търговище,377.44,2.03922222221665,3.05088888888333,2069.24,-4.29694444444998,-5.99277777778332
BG7746,Bulgaria,BG,BG3,BG33,BG334,Търговище,377.44,2.03922222221665,3.05088888888333,2069.24,-4.29694444444998,-5.99277777778332
BG7747,Bulgaria,BG,BG3,BG33,BG334,Търговище,377.44,2.03922222221665,3.05088888888333,2069.24,-4.29694444444998,-5.99277777778332
BG7748,Bulgaria,BG,BG3,BG33,BG334,Търговище,377.44,2.03922222221665,3.05088888888333,2069.24,-4.29694444444998,-5.99277777778332
BG7749,Bulgaria,BG,BG3,BG33,BG334,Търговище,377.44,2.03922222221665,3.05088888888333,2069.24,-4.29694444444998,-5.99277777778332
BG7750,Bulgaria,BG,BG3,BG33,BG334,Търговище,377.44,2.03922222221665,3.05088888888333,2069.24,-4.29694444444998,-5.99277777778332
BG7751,Bulgaria,BG,BG3,BG33,BG334,Търговище,377.44,2.03922222221665,3.05088888888333,2069.24,-4.29694444444998,-5.99277777778332
BG7752,Bulgaria,BG,BG3,BG33,BG334,Търговище,377.44,2.03922222221665,3.05088888888333,2069.24,-4.29694444444998,-5.99277777778332
BG7753,Bulgaria,BG,BG3,BG33,BG334,Търговище,377.44,2.03922222221665,3.05088888888333,2069.24,-4.29694444444998,-5.99277777778332
BG7754,Bulgaria,BG,BG3,BG33,BG334,Търговище,377.44,2.03922222221665,3.05088888888333,2069.24,-4.29694444444998,-5.99277777778332
BG7755,Bulgaria,BG,BG3,BG33,BG334,Търговище,377.44,2.03922222221665,3.05088888888333,2069.24,-4.29694444444998,-5.99277777778332
BG7757,Bulgaria,BG,BG3,BG33,BG334,Търговище,377.44,2.03922222221665,3.05088888888333,2069.24,-4.29694444444998,-5.99277777778332
BG7758,Bulgaria,BG,BG3,BG33,BG334,Търговище,377.44,2.03922222221665,3.05088888888333,2069.24,-4.29694444444998,-5.99277777778332
BG7759,Bulgaria,BG,BG3,BG33,BG334,Търговище,377.44,2.03922222221665,3.05088888888333,2069.24,-4.29694444444998,-5.99277777778332
BG7760,Bulgaria,BG,BG3,BG33,BG334,Търговище,377.44,2.03922222221665,3.05088888888333,2069.24,-4.29694444444998,-5.99277777778332
BG7761,Bulgaria,BG,BG3,BG33,BG334,Търговище,377.44,2.03922222221665,3.05088888888333,2069.24,-4.29694444444998,-5.99277777778332
BG7762,Bulgaria,BG,BG3,BG33,BG334,Търговище,377.44,2.03922222221665,3.05088888888333,2069.24,-4.29694444444998,-5.99277777778332
BG7763,Bulgaria,BG,BG3,BG33,BG334,Търговище,377.44,2.03922222221665,3.05088888888333,2069.24,-4.29694444444998,-5.99277777778332
BG7764,Bulgaria,BG,BG3,BG33,BG334,Търговище,377.44,2.03922222221665,3.05088888888333,2069.24,-4.29694444444998,-5.99277777778332
BG7765,Bulgaria,BG,BG3,BG33,BG334,Търговище,377.44,2.03922222221665,3.05088888888333,2069.24,-4.29694444444998,-5.99277777778332
BG7767,Bulgaria,BG,BG3,BG33,BG334,Търговище,377.44,2.03922222221665,3.05088888888333,2069.24,-4.29694444444998,-5.99277777778332
BG7768,Bulgaria,BG,BG3,BG33,BG334,Търговище,377.44,2.03922222221665,3.05088888888333,2069.24,-4.29694444444998,-5.99277777778332
BG7769,Bulgaria,BG,BG3,BG33,BG334,Търговище,377.44,2.03922222221665,3.05088888888333,2069.24,-4.29694444444998,-5.99277777778332
BG7770,Bulgaria,BG,BG3,BG33,BG334,Търговище,377.44,2.03922222221665,3.05088888888333,2069.24,-4.29694444444998,-5.99277777778332
BG7771,Bulgaria,BG,BG3,BG33,BG334,Търговище,377.44,2.03922222221665,3.05088888888333,2069.24,-4.29694444444998,-5.99277777778332
BG7772,Bulgaria,BG,BG3,BG33,BG334,Търговище,377.44,2.03922222221665,3.05088888888333,2069.24,-4.29694444444998,-5.99277777778332
BG7773,Bulgaria,BG,BG3,BG33,BG334,Търговище,377.44,2.03922222221665,3.05088888888333,2069.24,-4.29694444444998,-5.99277777778332
BG7774,Bulgaria,BG,BG3,BG33,BG334,Търговище,377.44,2.03922222221665,3.05088888888333,2069.24,-4.29694444444998,-5.99277777778332
BG7775,Bulgaria,BG,BG3,BG33,BG334,Търговище,377.44,2.03922222221665,3.05088888888333,2069.24,-4.29694444444998,-5.99277777778332
BG7777,Bulgaria,BG,BG3,BG33,BG334,Търговище,377.44,2.03922222221665,3.05088888888333,2069.24,-4.29694444444998,-5.99277777778332
BG7778,Bulgaria,BG,BG3,BG33,BG334,Търговище,377.44,2.03922222221665,3.05088888888333,2069.24,-4.29694444444998,-5.99277777778332
BG7779,Bulgaria,BG,BG3,BG33,BG334,Търговище,377.44,2.03922222221665,3.05088888888333,2069.24,-4.29694444444998,-5.99277777778332
BG7780,Bulgaria,BG,BG3,BG33,BG334,Търговище,377.44,2.03922222221665,3.05088888888333,2069.24,-4.29694444444998,-5.99277777778332
BG7781,Bulgaria,BG,BG3,BG33,BG334,Търговище,377.44,2.03922222221665,3.05088888888333,2069.24,-4.29694444444998,-5.99277777778332
BG7789,Bulgaria,BG,BG3,BG33,BG334,Търговище,377.44,2.03922222221665,3.05088888888333,2069.24,-4.29694444444998,-5.99277777778332
BG7800,Bulgaria,BG,BG3,BG33,BG334,Търговище,377.44,2.03922222221665,3.05088888888333,2069.24,-4.29694444444998,-5.99277777778332
BG7830,Bulgaria,BG,BG3,BG33,BG334,Търговище,377.44,2.03922222221665,3.05088888888333,2069.24,-4.29694444444998,-5.99277777778332
BG7831,Bulgaria,BG,BG3,BG33,BG334,Търговище,377.44,2.03922222221665,3.05088888888333,2069.24,-4.29694444444998,-5.99277777778332
BG7832,Bulgaria,BG,BG3,BG33,BG334,Търговище,377.44,2.03922222221665,3.05088888888333,2069.24,-4.29694444444998,-5.99277777778332
BG7833,Bulgaria,BG,BG3,BG33,BG334,Търговище,377.44,2.03922222221665,3.05088888888333,2069.24,-4.29694444444998,-5.99277777778332
BG7834,Bulgaria,BG,BG3,BG33,BG334,Търговище,377.44,2.03922222221665,3.05088888888333,2069.24,-4.29694444444998,-5.99277777778332
BG7835,Bulgaria,BG,BG3,BG33,BG334,Търговище,377.44,2.03922222221665,3.05088888888333,2069.24,-4.29694444444998,-5.99277777778332
BG7837,Bulgaria,BG,BG3,BG33,BG334,Търговище,377.44,2.03922222221665,3.05088888888333,2069.24,-4.29694444444998,-5.99277777778332
BG7838,Bulgaria,BG,BG3,BG33,BG334,Търговище,377.44,2.03922222221665,3.05088888888333,2069.24,-4.29694444444998,-5.99277777778332
BG7839,Bulgaria,BG,BG3,BG33,BG334,Търговище,377.44,2.03922222221665,3.05088888888333,2069.24,-4.29694444444998,-5.99277777778332
BG7840,Bulgaria,BG,BG3,BG33,BG334,Търговище,377.44,2.03922222221665,3.05088888888333,2069.24,-4.29694444444998,-5.99277777778332
BG7841,Bulgaria,BG,BG3,BG33,BG334,Търговище,377.44,2.03922222221665,3.05088888888333,2069.24,-4.29694444444998,-5.99277777778332
BG7842,Bulgaria,BG,BG3,BG33,BG334,Търговище,377.44,2.03922222221665,3.05088888888333,2069.24,-4.29694444444998,-5.99277777778332
BG7843,Bulgaria,BG,BG3,BG33,BG334,Търговище,377.44,2.03922222221665,3.05088888888333,2069.24,-4.29694444444998,-5.99277777778332
BG7844,Bulgaria,BG,BG3,BG33,BG334,Търговище,377.44,2.03922222221665,3.05088888888333,2069.24,-4.29694444444998,-5.99277777778332
BG7845,Bulgaria,BG,BG3,BG33,BG334,Търговище,377.44,2.03922222221665,3.05088888888333,2069.24,-4.29694444444998,-5.99277777778332
BG7847,Bulgaria,BG,BG3,BG33,BG334,Търговище,377.44,2.03922222221665,3.05088888888333,2069.24,-4.29694444444998,-5.99277777778332
BG7848,Bulgaria,BG,BG3,BG33,BG334,Търговище,377.44,2.03922222221665,3.05088888888333,2069.24,-4.29694444444998,-5.99277777778332
BG7849,Bulgaria,BG,BG3,BG33,BG334,Търговище,377.44,2.03922222221665,3.05088888888333,2069.24,-4.29694444444998,-5.99277777778332
BG7850,Bulgaria,BG,BG3,BG33,BG334,Търговище,377.44,2.03922222221665,3.05088888888333,2069.24,-4.29694444444998,-5.99277777778332
BG7851,Bulgaria,BG,BG3,BG33,BG334,Търговище,377.44,2.03922222221665,3.05088888888333,2069.24,-4.29694444444998,-5.99277777778332
BG7852,Bulgaria,BG,BG3,BG33,BG334,Търговище,377.44,2.03922222221665,3.05088888888333,2069.24,-4.29694444444998,-5.99277777778332
BG7853,Bulgaria,BG,BG3,BG33,BG334,Търговище,377.44,2.03922222221665,3.05088888888333,2069.24,-4.29694444444998,-5.99277777778332
BG7854,Bulgaria,BG,BG3,BG33,BG334,Търговище,377.44,2.03922222221665,3.05088888888333,2069.24,-4.29694444444998,-5.99277777778332
BG7855,Bulgaria,BG,BG3,BG33,BG334,Търговище,377.44,2.03922222221665,3.05088888888333,2069.24,-4.29694444444998,-5.99277777778332
BG7856,Bulgaria,BG,BG3,BG33,BG334,Търговище,377.44,2.03922222221665,3.05088888888333,2069.24,-4.29694444444998,-5.99277777778332
BG7857,Bulgaria,BG,BG3,BG33,BG334,Търговище,377.44,2.03922222221665,3.05088888888333,2069.24,-4.29694444444998,-5.99277777778332
BG7858,Bulgaria,BG,BG3,BG33,BG334,Търговище,377.44,2.03922222221665,3.05088888888333,2069.24,-4.29694444444998,-5.99277777778332
BG7859,Bulgaria,BG,BG3,BG33,BG334,Търговище,377.44,2.03922222221665,3.05088888888333,2069.24,-4.29694444444998,-5.99277777778332
BG7860,Bulgaria,BG,BG3,BG33,BG334,Търговище,377.44,2.03922222221665,3.05088888888333,2069.24,-4.29694444444998,-5.99277777778332
BG7861,Bulgaria,BG,BG3,BG33,BG334,Търговище,377.44,2.03922222221665,3.05088888888333,2069.24,-4.29694444444998,-5.99277777778332
BG7862,Bulgaria,BG,BG3,BG33,BG334,Търговище,377.44,2.03922222221665,3.05088888888333,2069.24,-4.29694444444998,-5.99277777778332
BG7863,Bulgaria,BG,BG3,BG33,BG334,Търговище,377.44,2.03922222221665,3.05088888888333,2069.24,-4.29694444444998,-5.99277777778332
BG7864,Bulgaria,BG,BG3,BG33,BG334,Търговище,377.44,2.03922222221665,3.05088888888333,2069.24,-4.29694444444998,-5.99277777778332
BG7865,Bulgaria,BG,BG3,BG33,BG334,Търговище,377.44,2.03922222221665,3.05088888888333,2069.24,-4.29694444444998,-5.99277777778332
BG7867,Bulgaria,BG,BG3,BG33,BG334,Търговище,377.44,2.03922222221665,3.05088888888333,2069.24,-4.29694444444998,-5.99277777778332
BG7868,Bulgaria,BG,BG3,BG33,BG334,Търговище,377.44,2.03922222221665,3.05088888888333,2069.24,-4.29694444444998,-5.99277777778332
BG7869,Bulgaria,BG,BG3,BG33,BG334,Търговище,377.44,2.03922222221665,3.05088888888333,2069.24,-4.29694444444998,-5.99277777778332
BG7870,Bulgaria,BG,BG3,BG33,BG334,Търговище,377.44,2.03922222221665,3.05088888888333,2069.24,-4.29694444444998,-5.99277777778332
BG7871,Bulgaria,BG,BG3,BG33,BG334,Търговище,377.44,2.03922222221665,3.05088888888333,2069.24,-4.29694444444998,-5.99277777778332
BG7872,Bulgaria,BG,BG3,BG33,BG334,Търговище,377.44,2.03922222221665,3.05088888888333,2069.24,-4.29694444444998,-5.99277777778332
BG7873,Bulgaria,BG,BG3,BG33,BG334,Търговище,377.44,2.03922222221665,3.05088888888333,2069.24,-4.29694444444998,-5.99277777778332
BG7874,Bulgaria,BG,BG3,BG33,BG334,Търговище,377.44,2.03922222221665,3.05088888888333,2069.24,-4.29694444444998,-5.99277777778332
BG7875,Bulgaria,BG,BG3,BG33,BG334,Търговище,377.44,2.03922222221665,3.05088888888333,2069.24,-4.29694444444998,-5.99277777778332
BG7877,Bulgaria,BG,BG3,BG33,BG334,Търговище,377.44,2.03922222221665,3.05088888888333,2069.24,-4.29694444444998,-5.99277777778332
BG7878,Bulgaria,BG,BG3,BG33,BG334,Търговище,377.44,2.03922222221665,3.05088888888333,2069.24,-4.29694444444998,-5.99277777778332
BG7879,Bulgaria,BG,BG3,BG33,BG334,Търговище,377.44,2.03922222221665,3.05088888888333,2069.24,-4.29694444444998,-5.99277777778332
BG7881,Bulgaria,BG,BG3,BG33,BG334,Търговище,377.44,2.03922222221665,3.05088888888333,2069.24,-4.29694444444998,-5.99277777778332
BG7900,Bulgaria,BG,BG3,BG33,BG334,Търговище,377.44,2.03922222221665,3.05088888888333,2069.24,-4.29694444444998,-5.99277777778332
BG7913,Bulgaria,BG,BG3,BG33,BG334,Търговище,377.44,2.03922222221665,3.05088888888333,2069.24,-4.29694444444998,-5.99277777778332
BG7915,Bulgaria,BG,BG3,BG33,BG334,Търговище,377.44,2.03922222221665,3.05088888888333,2069.24,-4.29694444444998,-5.99277777778332
BG7916,Bulgaria,BG,BG3,BG33,BG334,Търговище,377.44,2.03922222221665,3.05088888888333,2069.24,-4.29694444444998,-5.99277777778332
BG7917,Bulgaria,BG,BG3,BG33,BG334,Търговище,377.44,2.03922222221665,3.05088888888333,2069.24,-4.29694444444998,-5.99277777778332
BG7918,Bulgaria,BG,BG3,BG33,BG334,Търговище,377.44,2.03922222221665,3.05088888888333,2069.24,-4.29694444444998,-5.99277777778332
BG7919,Bulgaria,BG,BG3,BG33,BG334,Търговище,377.44,2.03922222221665,3.05088888888333,2069.24,-4.29694444444998,-5.99277777778332
BG7920,Bulgaria,BG,BG3,BG33,BG334,Търговище,377.44,2.03922222221665,3.05088888888333,2069.24,-4.29694444444998,-5.99277777778332
BG7921,Bulgaria,BG,BG3,BG33,BG334,Търговище,377.44,2.03922222221665,3.05088888888333,2069.24,-4.29694444444998,-5.99277777778332
BG7922,Bulgaria,BG,BG3,BG33,BG334,Търговище,377.44,2.03922222221665,3.05088888888333,2069.24,-4.29694444444998,-5.99277777778332
BG7924,Bulgaria,BG,BG3,BG33,BG334,Търговище,377.44,2.03922222221665,3.05088888888333,2069.24,-4.29694444444998,-5.99277777778332
BG7925,Bulgaria,BG,BG3,BG33,BG334,Търговище,377.44,2.03922222221665,3.05088888888333,2069.24,-4.29694444444998,-5.99277777778332
BG7926,Bulgaria,BG,BG3,BG33,BG334,Търговище,377.44,2.03922222221665,3.05088888888333,2069.24,-4.29694444444998,-5.99277777778332
BG7927,Bulgaria,BG,BG3,BG33,BG334,Търговище,377.44,2.03922222221665,3.05088888888333,2069.24,-4.29694444444998,-5.99277777778332
BG7928,Bulgaria,BG,BG3,BG33,BG334,Търговище,377.44,2.03922222221665,3.05088888888333,2069.24,-4.29694444444998,-5.99277777778332
BG7929,Bulgaria,BG,BG3,BG33,BG334,Търговище,377.44,2.03922222221665,3.05088888888333,2069.24,-4.29694444444998,-5.99277777778332
BG7930,Bulgaria,BG,BG3,BG33,BG334,Търговище,377.44,2.03922222221665,3.05088888888333,2069.24,-4.29694444444998,-5.99277777778332
BG7931,Bulgaria,BG,BG3,BG33,BG334,Търговище,377.44,2.03922222221665,3.05088888888333,2069.24,-4.29694444444998,-5.99277777778332
BG7932,Bulgaria,BG,BG3,BG33,BG334,Търговище,377.44,2.03922222221665,3.05088888888333,2069.24,-4.29694444444998,-5.99277777778332
BG7933,Bulgaria,BG,BG3,BG33,BG334,Търговище,377.44,2.03922222221665,3.05088888888333,2069.24,-4.29694444444998,-5.99277777778332
BG7934,Bulgaria,BG,BG3,BG33,BG334,Търговище,377.44,2.03922222221665,3.05088888888333,2069.24,-4.29694444444998,-5.99277777778332
BG7935,Bulgaria,BG,BG3,BG33,BG334,Търговище,377.44,2.03922222221665,3.05088888888333,2069.24,-4.29694444444998,-5.99277777778332
BG7936,Bulgaria,BG,BG3,BG33,BG334,Търговище,377.44,2.03922222221665,3.05088888888333,2069.24,-4.29694444444998,-5.99277777778332
BG7937,Bulgaria,BG,BG3,BG33,BG334,Търговище,377.44,2.03922222221665,3.05088888888333,2069.24,-4.29694444444998,-5.99277777778332
BG7938,Bulgaria,BG,BG3,BG33,BG334,Търговище,377.44,2.03922222221665,3.05088888888333,2069.24,-4.29694444444998,-5.99277777778332
BG7939,Bulgaria,BG,BG3,BG33,BG334,Търговище,377.44,2.03922222221665,3.05088888888333,2069.24,-4.29694444444998,-5.99277777778332
BG7940,Bulgaria,BG,BG3,BG33,BG334,Търговище,377.44,2.03922222221665,3.05088888888333,2069.24,-4.29694444444998,-5.99277777778332
BG7941,Bulgaria,BG,BG3,BG33,BG334,Търговище,377.44,2.03922222221665,3.05088888888333,2069.24,-4.29694444444998,-5.99277777778332
BG7942,Bulgaria,BG,BG3,BG33,BG334,Търговище,377.44,2.03922222221665,3.05088888888333,2069.24,-4.29694444444998,-5.99277777778332
BG7943,Bulgaria,BG,BG3,BG33,BG334,Търговище,377.44,2.03922222221665,3.05088888888333,2069.24,-4.29694444444998,-5.99277777778332
BG7944,Bulgaria,BG,BG3,BG33,BG334,Търговище,377.44,2.03922222221665,3.05088888888333,2069.24,-4.29694444444998,-5.99277777778332
BG7945,Bulgaria,BG,BG3,BG33,BG334,Търговище,377.44,2.03922222221665,3.05088888888333,2069.24,-4.29694444444998,-5.99277777778332
BG7946,Bulgaria,BG,BG3,BG33,BG334,Търговище,377.44,2.03922222221665,3.05088888888333,2069.24,-4.29694444444998,-5.99277777778332
BG7947,Bulgaria,BG,BG3,BG33,BG334,Търговище,377.44,2.03922222221665,3.05088888888333,2069.24,-4.29694444444998,-5.99277777778332
BG7948,Bulgaria,BG,BG3,BG33,BG334,Търговище,377.44,2.03922222221665,3.05088888888333,2069.24,-4.29694444444998,-5.99277777778332
BG7950,Bulgaria,BG,BG3,BG33,BG334,Търговище,377.44,2.03922222221665,3.05088888888333,2069.24,-4.29694444444998,-5.99277777778332
BG7951,Bulgaria,BG,BG3,BG33,BG334,Търговище,377.44,2.03922222221665,3.05088888888333,2069.24,-4.29694444444998,-5.99277777778332
BG7952,Bulgaria,BG,BG3,BG33,BG334,Търговище,377.44,2.03922222221665,3.05088888888333,2069.24,-4.29694444444998,-5.99277777778332
BG7953,Bulgaria,BG,BG3,BG33,BG334,Търговище,377.44,2.03922222221665,3.05088888888333,2069.24,-4.29694444444998,-5.99277777778332
BG7954,Bulgaria,BG,BG3,BG33,BG334,Търговище,377.44,2.03922222221665,3.05088888888333,2069.24,-4.29694444444998,-5.99277777778332
BG7955,Bulgaria,BG,BG3,BG33,BG334,Търговище,377.44,2.03922222221665,3.05088888888333,2069.24,-4.29694444444998,-5.99277777778332
BG7956,Bulgaria,BG,BG3,BG33,BG334,Търговище,377.44,2.03922222221665,3.05088888888333,2069.24,-4.29694444444998,-5.99277777778332
BG7957,Bulgaria,BG,BG3,BG33,BG334,Търговище,377.44,2.03922222221665,3.05088888888333,2069.24,-4.29694444444998,-5.99277777778332
BG7958,Bulgaria,BG,BG3,BG33,BG334,Търговище,377.44,2.03922222221665,3.05088888888333,2069.24,-4.29694444444998,-5.99277777778332
BG7959,Bulgaria,BG,BG3,BG33,BG334,Търговище,377.44,2.03922222221665,3.05088888888333,2069.24,-4.29694444444998,-5.99277777778332
BG7960,Bulgaria,BG,BG3,BG33,BG334,Търговище,377.44,2.03922222221665,3.05088888888333,2069.24,-4.29694444444998,-5.99277777778332
BG7961,Bulgaria,BG,BG3,BG33,BG334,Търговище,377.44,2.03922222221665,3.05088888888333,2069.24,-4.29694444444998,-5.99277777778332
BG7962,Bulgaria,BG,BG3,BG33,BG334,Търговище,377.44,2.03922222221665,3.05088888888333,2069.24,-4.29694444444998,-5.99277777778332
BG7963,Bulgaria,BG,BG3,BG33,BG334,Търговище,377.44,2.03922222221665,3.05088888888333,2069.24,-4.29694444444998,-5.99277777778332
BG7964,Bulgaria,BG,BG3,BG33,BG334,Търговище,377.44,2.03922222221665,3.05088888888333,2069.24,-4.29694444444998,-5.99277777778332
BG7965,Bulgaria,BG,BG3,BG33,BG334,Търговище,377.44,2.03922222221665,3.05088888888333,2069.24,-4.29694444444998,-5.99277777778332
BG7966,Bulgaria,BG,BG3,BG33,BG334,Търговище,377.44,2.03922222221665,3.05088888888333,2069.24,-4.29694444444998,-5.99277777778332
BG7968,Bulgaria,BG,BG3,BG33,BG334,Търговище,377.44,2.03922222221665,3.05088888888333,2069.24,-4.29694444444998,-5.99277777778332
BG7969,Bulgaria,BG,BG3,BG33,BG334,Търговище,377.44,2.03922222221665,3.05088888888333,2069.24,-4.29694444444998,-5.99277777778332
BG7970,Bulgaria,BG,BG3,BG33,BG334,Търговище,377.44,2.03922222221665,3.05088888888333,2069.24,-4.29694444444998,-5.99277777778332
BG7971,Bulgaria,BG,BG3,BG33,BG334,Търговище,377.44,2.03922222221665,3.05088888888333,2069.24,-4.29694444444998,-5.99277777778332
BG7972,Bulgaria,BG,BG3,BG33,BG334,Търговище,377.44,2.03922222221665,3.05088888888333,2069.24,-4.29694444444998,-5.99277777778332
BG7973,Bulgaria,BG,BG3,BG33,BG334,Търговище,377.44,2.03922222221665,3.05088888888333,2069.24,-4.29694444444998,-5.99277777778332
BG7974,Bulgaria,BG,BG3,BG33,BG334,Търговище,377.44,2.03922222221665,3.05088888888333,2069.24,-4.29694444444998,-5.99277777778332
BG7975,Bulgaria,BG,BG3,BG33,BG334,Търговище,377.44,2.03922222221665,3.05088888888333,2069.24,-4.29694444444998,-5.99277777778332
BG7976,Bulgaria,BG,BG3,BG33,BG334,Търговище,377.44,2.03922222221665,3.05088888888333,2069.24,-4.29694444444998,-5.99277777778332
BG7977,Bulgaria,BG,BG3,BG33,BG334,Търговище,377.44,2.03922222221665,3.05088888888333,2069.24,-4.29694444444998,-5.99277777778332
BG7978,Bulgaria,BG,BG3,BG33,BG334,Търговище,377.44,2.03922222221665,3.05088888888333,2069.24,-4.29694444444998,-5.99277777778332
BG7980,Bulgaria,BG,BG3,BG33,BG334,Търговище,377.44,2.03922222221665,3.05088888888333,2069.24,-4.29694444444998,-5.99277777778332
BG7983,Bulgaria,BG,BG3,BG33,BG334,Търговище,377.44,2.03922222221665,3.05088888888333,2069.24,-4.29694444444998,-5.99277777778332
BG7984,Bulgaria,BG,BG3,BG33,BG334,Търговище,377.44,2.03922222221665,3.05088888888333,2069.24,-4.29694444444998,-5.99277777778332
BG7985,Bulgaria,BG,BG3,BG33,BG334,Търговище,377.44,2.03922222221665,3.05088888888333,2069.24,-4.29694444444998,-5.99277777778332
BG7986,Bulgaria,BG,BG3,BG33,BG334,Търговище,377.44,2.03922222221665,3.05088888888333,2069.24,-4.29694444444998,-5.99277777778332
BG7987,Bulgaria,BG,BG3,BG33,BG334,Търговище,377.44,2.03922222221665,3.05088888888333,2069.24,-4.29694444444998,-5.99277777778332
BG7988,Bulgaria,BG,BG3,BG33,BG334,Търговище,377.44,2.03922222221665,3.05088888888333,2069.24,-4.29694444444998,-5.99277777778332
BG7989,Bulgaria,BG,BG3,BG33,BG334,Търговище,377.44,2.03922222221665,3.05088888888333,2069.24,-4.29694444444998,-5.99277777778332
BG7991,Bulgaria,BG,BG3,BG33,BG334,Търговище,377.44,2.03922222221665,3.05088888888333,2069.24,-4.29694444444998,-5.99277777778332
BG7992,Bulgaria,BG,BG3,BG33,BG334,Търговище,377.44,2.03922222221665,3.05088888888333,2069.24,-4.29694444444998,-5.99277777778332
BG7993,Bulgaria,BG,BG3,BG33,BG334,Търговище,377.44,2.03922222221665,3.05088888888333,2069.24,-4.29694444444998,-5.99277777778332
BG7994,Bulgaria,BG,BG3,BG33,BG334,Търговище,377.44,2.03922222221665,3.05088888888333,2069.24,-4.29694444444998,-5.99277777778332
BG7995,Bulgaria,BG,BG3,BG33,BG334,Търговище,377.44,2.03922222221665,3.05088888888333,2069.24,-4.29694444444998,-5.99277777778332
BG7996,Bulgaria,BG,BG3,BG33,BG334,Търговище,377.44,2.03922222221665,3.05088888888333,2069.24,-4.29694444444998,-5.99277777778332
BG7997,Bulgaria,BG,BG3,BG33,BG334,Търговище,377.44,2.03922222221665,3.05088888888333,2069.24,-4.29694444444998,-5.99277777778332
BG7998,Bulgaria,BG,BG3,BG33,BG334,Търговище,377.44,2.03922222221665,3.05088888888333,2069.24,-4.29694444444998,-5.99277777778332
BG7999,Bulgaria,BG,BG3,BG33,BG334,Търговище,377.44,2.03922222221665,3.05088888888333,2069.24,-4.29694444444998,-5.99277777778332
BG8000,Bulgaria,BG,BG3,BG34,BG341,Бургас,360.08,2.01613636363333,3.05145833333333,1801.46,-3.91715909091667,-5.46217803029998
BG8103,Bulgaria,BG,BG3,BG34,BG341,Бургас,360.08,2.01613636363333,3.05145833333333,1801.46,-3.91715909091667,-5.46217803029998
BG8105,Bulgaria,BG,BG3,BG34,BG341,Бургас,360.08,2.01613636363333,3.05145833333333,1801.46,-3.91715909091667,-5.46217803029998
BG8106,Bulgaria,BG,BG3,BG34,BG341,Бургас,360.08,2.01613636363333,3.05145833333333,1801.46,-3.91715909091667,-5.46217803029998
BG8107,Bulgaria,BG,BG3,BG34,BG341,Бургас,360.08,2.01613636363333,3.05145833333333,1801.46,-3.91715909091667,-5.46217803029998
BG8108,Bulgaria,BG,BG3,BG34,BG341,Бургас,360.08,2.01613636363333,3.05145833333333,1801.46,-3.91715909091667,-5.46217803029998
BG8109,Bulgaria,BG,BG3,BG34,BG341,Бургас,360.08,2.01613636363333,3.05145833333333,1801.46,-3.91715909091667,-5.46217803029998
BG8111,Bulgaria,BG,BG3,BG34,BG341,Бургас,360.08,2.01613636363333,3.05145833333333,1801.46,-3.91715909091667,-5.46217803029998
BG8112,Bulgaria,BG,BG3,BG34,BG341,Бургас,360.08,2.01613636363333,3.05145833333333,1801.46,-3.91715909091667,-5.46217803029998
BG8113,Bulgaria,BG,BG3,BG34,BG341,Бургас,360.08,2.01613636363333,3.05145833333333,1801.46,-3.91715909091667,-5.46217803029998
BG8114,Bulgaria,BG,BG3,BG34,BG341,Бургас,360.08,2.01613636363333,3.05145833333333,1801.46,-3.91715909091667,-5.46217803029998
BG8115,Bulgaria,BG,BG3,BG34,BG341,Бургас,360.08,2.01613636363333,3.05145833333333,1801.46,-3.91715909091667,-5.46217803029998
BG8116,Bulgaria,BG,BG3,BG34,BG341,Бургас,360.08,2.01613636363333,3.05145833333333,1801.46,-3.91715909091667,-5.46217803029998
BG8117,Bulgaria,BG,BG3,BG34,BG341,Бургас,360.08,2.01613636363333,3.05145833333333,1801.46,-3.91715909091667,-5.46217803029998
BG8120,Bulgaria,BG,BG3,BG34,BG341,Бургас,360.08,2.01613636363333,3.05145833333333,1801.46,-3.91715909091667,-5.46217803029998
BG8121,Bulgaria,BG,BG3,BG34,BG341,Бургас,360.08,2.01613636363333,3.05145833333333,1801.46,-3.91715909091667,-5.46217803029998
BG8122,Bulgaria,BG,BG3,BG34,BG341,Бургас,360.08,2.01613636363333,3.05145833333333,1801.46,-3.91715909091667,-5.46217803029998
BG8123,Bulgaria,BG,BG3,BG34,BG341,Бургас,360.08,2.01613636363333,3.05145833333333,1801.46,-3.91715909091667,-5.46217803029998
BG8125,Bulgaria,BG,BG3,BG34,BG341,Бургас,360.08,2.01613636363333,3.05145833333333,1801.46,-3.91715909091667,-5.46217803029998
BG8127,Bulgaria,BG,BG3,BG34,BG341,Бургас,360.08,2.01613636363333,3.05145833333333,1801.46,-3.91715909091667,-5.46217803029998
BG8129,Bulgaria,BG,BG3,BG34,BG341,Бургас,360.08,2.01613636363333,3.05145833333333,1801.46,-3.91715909091667,-5.46217803029998
BG8130,Bulgaria,BG,BG3,BG34,BG341,Бургас,360.08,2.01613636363333,3.05145833333333,1801.46,-3.91715909091667,-5.46217803029998
BG8131,Bulgaria,BG,BG3,BG34,BG341,Бургас,360.08,2.01613636363333,3.05145833333333,1801.46,-3.91715909091667,-5.46217803029998
BG8140,Bulgaria,BG,BG3,BG34,BG341,Бургас,360.08,2.01613636363333,3.05145833333333,1801.46,-3.91715909091667,-5.46217803029998
BG8142,Bulgaria,BG,BG3,BG34,BG341,Бургас,360.08,2.01613636363333,3.05145833333333,1801.46,-3.91715909091667,-5.46217803029998
BG8145,Bulgaria,BG,BG3,BG34,BG341,Бургас,360.08,2.01613636363333,3.05145833333333,1801.46,-3.91715909091667,-5.46217803029998
BG8147,Bulgaria,BG,BG3,BG34,BG341,Бургас,360.08,2.01613636363333,3.05145833333333,1801.46,-3.91715909091667,-5.46217803029998
BG8148,Bulgaria,BG,BG3,BG34,BG341,Бургас,360.08,2.01613636363333,3.05145833333333,1801.46,-3.91715909091667,-5.46217803029998
BG8149,Bulgaria,BG,BG3,BG34,BG341,Бургас,360.08,2.01613636363333,3.05145833333333,1801.46,-3.91715909091667,-5.46217803029998
BG8150,Bulgaria,BG,BG3,BG34,BG341,Бургас,360.08,2.01613636363333,3.05145833333333,1801.46,-3.91715909091667,-5.46217803029998
BG8151,Bulgaria,BG,BG3,BG34,BG341,Бургас,360.08,2.01613636363333,3.05145833333333,1801.46,-3.91715909091667,-5.46217803029998
BG8152,Bulgaria,BG,BG3,BG34,BG341,Бургас,360.08,2.01613636363333,3.05145833333333,1801.46,-3.91715909091667,-5.46217803029998
BG8153,Bulgaria,BG,BG3,BG34,BG341,Бургас,360.08,2.01613636363333,3.05145833333333,1801.46,-3.91715909091667,-5.46217803029998
BG8154,Bulgaria,BG,BG3,BG34,BG341,Бургас,360.08,2.01613636363333,3.05145833333333,1801.46,-3.91715909091667,-5.46217803029998
BG8155,Bulgaria,BG,BG3,BG34,BG341,Бургас,360.08,2.01613636363333,3.05145833333333,1801.46,-3.91715909091667,-5.46217803029998
BG8157,Bulgaria,BG,BG3,BG34,BG341,Бургас,360.08,2.01613636363333,3.05145833333333,1801.46,-3.91715909091667,-5.46217803029998
BG8158,Bulgaria,BG,BG3,BG34,BG341,Бургас,360.08,2.01613636363333,3.05145833333333,1801.46,-3.91715909091667,-5.46217803029998
BG8159,Bulgaria,BG,BG3,BG34,BG341,Бургас,360.08,2.01613636363333,3.05145833333333,1801.46,-3.91715909091667,-5.46217803029998
BG8160,Bulgaria,BG,BG3,BG34,BG341,Бургас,360.08,2.01613636363333,3.05145833333333,1801.46,-3.91715909091667,-5.46217803029998
BG8161,Bulgaria,BG,BG3,BG34,BG341,Бургас,360.08,2.01613636363333,3.05145833333333,1801.46,-3.91715909091667,-5.46217803029998
BG8200,Bulgaria,BG,BG3,BG34,BG341,Бургас,360.08,2.01613636363333,3.05145833333333,1801.46,-3.91715909091667,-5.46217803029998
BG8210,Bulgaria,BG,BG3,BG34,BG341,Бургас,360.08,2.01613636363333,3.05145833333333,1801.46,-3.91715909091667,-5.46217803029998
BG8211,Bulgaria,BG,BG3,BG34,BG341,Бургас,360.08,2.01613636363333,3.05145833333333,1801.46,-3.91715909091667,-5.46217803029998
BG8212,Bulgaria,BG,BG3,BG34,BG341,Бургас,360.08,2.01613636363333,3.05145833333333,1801.46,-3.91715909091667,-5.46217803029998
BG8213,Bulgaria,BG,BG3,BG34,BG341,Бургас,360.08,2.01613636363333,3.05145833333333,1801.46,-3.91715909091667,-5.46217803029998
BG8214,Bulgaria,BG,BG3,BG34,BG341,Бургас,360.08,2.01613636363333,3.05145833333333,1801.46,-3.91715909091667,-5.46217803029998
BG8215,Bulgaria,BG,BG3,BG34,BG341,Бургас,360.08,2.01613636363333,3.05145833333333,1801.46,-3.91715909091667,-5.46217803029998
BG8216,Bulgaria,BG,BG3,BG34,BG341,Бургас,360.08,2.01613636363333,3.05145833333333,1801.46,-3.91715909091667,-5.46217803029998
BG8217,Bulgaria,BG,BG3,BG34,BG341,Бургас,360.08,2.01613636363333,3.05145833333333,1801.46,-3.91715909091667,-5.46217803029998
BG8218,Bulgaria,BG,BG3,BG34,BG341,Бургас,360.08,2.01613636363333,3.05145833333333,1801.46,-3.91715909091667,-5.46217803029998
BG8219,Bulgaria,BG,BG3,BG34,BG341,Бургас,360.08,2.01613636363333,3.05145833333333,1801.46,-3.91715909091667,-5.46217803029998
BG8220,Bulgaria,BG,BG3,BG34,BG341,Бургас,360.08,2.01613636363333,3.05145833333333,1801.46,-3.91715909091667,-5.46217803029998
BG8221,Bulgaria,BG,BG3,BG34,BG341,Бургас,360.08,2.01613636363333,3.05145833333333,1801.46,-3.91715909091667,-5.46217803029998
BG8223,Bulgaria,BG,BG3,BG34,BG341,Бургас,360.08,2.01613636363333,3.05145833333333,1801.46,-3.91715909091667,-5.46217803029998
BG8224,Bulgaria,BG,BG3,BG34,BG341,Бургас,360.08,2.01613636363333,3.05145833333333,1801.46,-3.91715909091667,-5.46217803029998
BG8225,Bulgaria,BG,BG3,BG34,BG341,Бургас,360.08,2.01613636363333,3.05145833333333,1801.46,-3.91715909091667,-5.46217803029998
BG8227,Bulgaria,BG,BG3,BG34,BG341,Бургас,360.08,2.01613636363333,3.05145833333333,1801.46,-3.91715909091667,-5.46217803029998
BG8230,Bulgaria,BG,BG3,BG34,BG341,Бургас,360.08,2.01613636363333,3.05145833333333,1801.46,-3.91715909091667,-5.46217803029998
BG8237,Bulgaria,BG,BG3,BG34,BG341,Бургас,360.08,2.01613636363333,3.05145833333333,1801.46,-3.91715909091667,-5.46217803029998
BG8239,Bulgaria,BG,BG3,BG34,BG341,Бургас,360.08,2.01613636363333,3.05145833333333,1801.46,-3.91715909091667,-5.46217803029998
BG8247,Bulgaria,BG,BG3,BG34,BG341,Бургас,360.08,2.01613636363333,3.05145833333333,1801.46,-3.91715909091667,-5.46217803029998
BG8248,Bulgaria,BG,BG3,BG34,BG341,Бургас,360.08,2.01613636363333,3.05145833333333,1801.46,-3.91715909091667,-5.46217803029998
BG8249,Bulgaria,BG,BG3,BG34,BG341,Бургас,360.08,2.01613636363333,3.05145833333333,1801.46,-3.91715909091667,-5.46217803029998
BG8250,Bulgaria,BG,BG3,BG34,BG341,Бургас,360.08,2.01613636363333,3.05145833333333,1801.46,-3.91715909091667,-5.46217803029998
BG8251,Bulgaria,BG,BG3,BG34,BG341,Бургас,360.08,2.01613636363333,3.05145833333333,1801.46,-3.91715909091667,-5.46217803029998
BG8254,Bulgaria,BG,BG3,BG34,BG341,Бургас,360.08,2.01613636363333,3.05145833333333,1801.46,-3.91715909091667,-5.46217803029998
BG8255,Bulgaria,BG,BG3,BG34,BG341,Бургас,360.08,2.01613636363333,3.05145833333333,1801.46,-3.91715909091667,-5.46217803029998
BG8256,Bulgaria,BG,BG3,BG34,BG341,Бургас,360.08,2.01613636363333,3.05145833333333,1801.46,-3.91715909091667,-5.46217803029998
BG8257,Bulgaria,BG,BG3,BG34,BG341,Бургас,360.08,2.01613636363333,3.05145833333333,1801.46,-3.91715909091667,-5.46217803029998
BG8260,Bulgaria,BG,BG3,BG34,BG341,Бургас,360.08,2.01613636363333,3.05145833333333,1801.46,-3.91715909091667,-5.46217803029998
BG8271,Bulgaria,BG,BG3,BG34,BG341,Бургас,360.08,2.01613636363333,3.05145833333333,1801.46,-3.91715909091667,-5.46217803029998
BG8272,Bulgaria,BG,BG3,BG34,BG341,Бургас,360.08,2.01613636363333,3.05145833333333,1801.46,-3.91715909091667,-5.46217803029998
BG8273,Bulgaria,BG,BG3,BG34,BG341,Бургас,360.08,2.01613636363333,3.05145833333333,1801.46,-3.91715909091667,-5.46217803029998
BG8274,Bulgaria,BG,BG3,BG34,BG341,Бургас,360.08,2.01613636363333,3.05145833333333,1801.46,-3.91715909091667,-5.46217803029998
BG8275,Bulgaria,BG,BG3,BG34,BG341,Бургас,360.08,2.01613636363333,3.05145833333333,1801.46,-3.91715909091667,-5.46217803029998
BG8277,Bulgaria,BG,BG3,BG34,BG341,Бургас,360.08,2.01613636363333,3.05145833333333,1801.46,-3.91715909091667,-5.46217803029998
BG8278,Bulgaria,BG,BG3,BG34,BG341,Бургас,360.08,2.01613636363333,3.05145833333333,1801.46,-3.91715909091667,-5.46217803029998
BG8279,Bulgaria,BG,BG3,BG34,BG341,Бургас,360.08,2.01613636363333,3.05145833333333,1801.46,-3.91715909091667,-5.46217803029998
BG8280,Bulgaria,BG,BG3,BG34,BG341,Бургас,360.08,2.01613636363333,3.05145833333333,1801.46,-3.91715909091667,-5.46217803029998
BG8281,Bulgaria,BG,BG3,BG34,BG341,Бургас,360.08,2.01613636363333,3.05145833333333,1801.46,-3.91715909091667,-5.46217803029998
BG8282,Bulgaria,BG,BG3,BG34,BG341,Бургас,360.08,2.01613636363333,3.05145833333333,1801.46,-3.91715909091667,-5.46217803029998
BG8283,Bulgaria,BG,BG3,BG34,BG341,Бургас,360.08,2.01613636363333,3.05145833333333,1801.46,-3.91715909091667,-5.46217803029998
BG8284,Bulgaria,BG,BG3,BG34,BG341,Бургас,360.08,2.01613636363333,3.05145833333333,1801.46,-3.91715909091667,-5.46217803029998
BG8289,Bulgaria,BG,BG3,BG34,BG341,Бургас,360.08,2.01613636363333,3.05145833333333,1801.46,-3.91715909091667,-5.46217803029998
BG8290,Bulgaria,BG,BG3,BG34,BG341,Бургас,360.08,2.01613636363333,3.05145833333333,1801.46,-3.91715909091667,-5.46217803029998
BG8300,Bulgaria,BG,BG3,BG34,BG341,Бургас,360.08,2.01613636363333,3.05145833333333,1801.46,-3.91715909091667,-5.46217803029998
BG8311,Bulgaria,BG,BG3,BG34,BG341,Бургас,360.08,2.01613636363333,3.05145833333333,1801.46,-3.91715909091667,-5.46217803029998
BG8313,Bulgaria,BG,BG3,BG34,BG341,Бургас,360.08,2.01613636363333,3.05145833333333,1801.46,-3.91715909091667,-5.46217803029998
BG8314,Bulgaria,BG,BG3,BG34,BG341,Бургас,360.08,2.01613636363333,3.05145833333333,1801.46,-3.91715909091667,-5.46217803029998
BG8316,Bulgaria,BG,BG3,BG34,BG341,Бургас,360.08,2.01613636363333,3.05145833333333,1801.46,-3.91715909091667,-5.46217803029998
BG8318,Bulgaria,BG,BG3,BG34,BG341,Бургас,360.08,2.01613636363333,3.05145833333333,1801.46,-3.91715909091667,-5.46217803029998
BG8319,Bulgaria,BG,BG3,BG34,BG341,Бургас,360.08,2.01613636363333,3.05145833333333,1801.46,-3.91715909091667,-5.46217803029998
BG8320,Bulgaria,BG,BG3,BG34,BG341,Бургас,360.08,2.01613636363333,3.05145833333333,1801.46,-3.91715909091667,-5.46217803029998
BG8321,Bulgaria,BG,BG3,BG34,BG341,Бургас,360.08,2.01613636363333,3.05145833333333,1801.46,-3.91715909091667,-5.46217803029998
BG8322,Bulgaria,BG,BG3,BG34,BG341,Бургас,360.08,2.01613636363333,3.05145833333333,1801.46,-3.91715909091667,-5.46217803029998
BG8323,Bulgaria,BG,BG3,BG34,BG341,Бургас,360.08,2.01613636363333,3.05145833333333,1801.46,-3.91715909091667,-5.46217803029998
BG8324,Bulgaria,BG,BG3,BG34,BG341,Бургас,360.08,2.01613636363333,3.05145833333333,1801.46,-3.91715909091667,-5.46217803029998
BG8325,Bulgaria,BG,BG3,BG34,BG341,Бургас,360.08,2.01613636363333,3.05145833333333,1801.46,-3.91715909091667,-5.46217803029998
BG8327,Bulgaria,BG,BG3,BG34,BG341,Бургас,360.08,2.01613636363333,3.05145833333333,1801.46,-3.91715909091667,-5.46217803029998
BG8328,Bulgaria,BG,BG3,BG34,BG341,Бургас,360.08,2.01613636363333,3.05145833333333,1801.46,-3.91715909091667,-5.46217803029998
BG8329,Bulgaria,BG,BG3,BG34,BG341,Бургас,360.08,2.01613636363333,3.05145833333333,1801.46,-3.91715909091667,-5.46217803029998
BG8330,Bulgaria,BG,BG3,BG34,BG341,Бургас,360.08,2.01613636363333,3.05145833333333,1801.46,-3.91715909091667,-5.46217803029998
BG8331,Bulgaria,BG,BG3,BG34,BG341,Бургас,360.08,2.01613636363333,3.05145833333333,1801.46,-3.91715909091667,-5.46217803029998
BG8332,Bulgaria,BG,BG3,BG34,BG341,Бургас,360.08,2.01613636363333,3.05145833333333,1801.46,-3.91715909091667,-5.46217803029998
BG8333,Bulgaria,BG,BG3,BG34,BG341,Бургас,360.08,2.01613636363333,3.05145833333333,1801.46,-3.91715909091667,-5.46217803029998
BG8334,Bulgaria,BG,BG3,BG34,BG341,Бургас,360.08,2.01613636363333,3.05145833333333,1801.46,-3.91715909091667,-5.46217803029998
BG8335,Bulgaria,BG,BG3,BG34,BG341,Бургас,360.08,2.01613636363333,3.05145833333333,1801.46,-3.91715909091667,-5.46217803029998
BG8336,Bulgaria,BG,BG3,BG34,BG341,Бургас,360.08,2.01613636363333,3.05145833333333,1801.46,-3.91715909091667,-5.46217803029998
BG8337,Bulgaria,BG,BG3,BG34,BG341,Бургас,360.08,2.01613636363333,3.05145833333333,1801.46,-3.91715909091667,-5.46217803029998
BG8338,Bulgaria,BG,BG3,BG34,BG341,Бургас,360.08,2.01613636363333,3.05145833333333,1801.46,-3.91715909091667,-5.46217803029998
BG8339,Bulgaria,BG,BG3,BG34,BG341,Бургас,360.08,2.01613636363333,3.05145833333333,1801.46,-3.91715909091667,-5.46217803029998
BG8340,Bulgaria,BG,BG3,BG34,BG341,Бургас,360.08,2.01613636363333,3.05145833333333,1801.46,-3.91715909091667,-5.46217803029998
BG8341,Bulgaria,BG,BG3,BG34,BG341,Бургас,360.08,2.01613636363333,3.05145833333333,1801.46,-3.91715909091667,-5.46217803029998
BG8342,Bulgaria,BG,BG3,BG34,BG341,Бургас,360.08,2.01613636363333,3.05145833333333,1801.46,-3.91715909091667,-5.46217803029998
BG8343,Bulgaria,BG,BG3,BG34,BG341,Бургас,360.08,2.01613636363333,3.05145833333333,1801.46,-3.91715909091667,-5.46217803029998
BG8344,Bulgaria,BG,BG3,BG34,BG341,Бургас,360.08,2.01613636363333,3.05145833333333,1801.46,-3.91715909091667,-5.46217803029998
BG8345,Bulgaria,BG,BG3,BG34,BG341,Бургас,360.08,2.01613636363333,3.05145833333333,1801.46,-3.91715909091667,-5.46217803029998
BG8347,Bulgaria,BG,BG3,BG34,BG341,Бургас,360.08,2.01613636363333,3.05145833333333,1801.46,-3.91715909091667,-5.46217803029998
BG8350,Bulgaria,BG,BG3,BG34,BG341,Бургас,360.08,2.01613636363333,3.05145833333333,1801.46,-3.91715909091667,-5.46217803029998
BG8357,Bulgaria,BG,BG3,BG34,BG341,Бургас,360.08,2.01613636363333,3.05145833333333,1801.46,-3.91715909091667,-5.46217803029998
BG8358,Bulgaria,BG,BG3,BG34,BG341,Бургас,360.08,2.01613636363333,3.05145833333333,1801.46,-3.91715909091667,-5.46217803029998
BG8359,Bulgaria,BG,BG3,BG34,BG341,Бургас,360.08,2.01613636363333,3.05145833333333,1801.46,-3.91715909091667,-5.46217803029998
BG8360,Bulgaria,BG,BG3,BG34,BG341,Бургас,360.08,2.01613636363333,3.05145833333333,1801.46,-3.91715909091667,-5.46217803029998
BG8361,Bulgaria,BG,BG3,BG34,BG341,Бургас,360.08,2.01613636363333,3.05145833333333,1801.46,-3.91715909091667,-5.46217803029998
BG8363,Bulgaria,BG,BG3,BG34,BG341,Бургас,360.08,2.01613636363333,3.05145833333333,1801.46,-3.91715909091667,-5.46217803029998
BG8364,Bulgaria,BG,BG3,BG34,BG341,Бургас,360.08,2.01613636363333,3.05145833333333,1801.46,-3.91715909091667,-5.46217803029998
BG8365,Bulgaria,BG,BG3,BG34,BG341,Бургас,360.08,2.01613636363333,3.05145833333333,1801.46,-3.91715909091667,-5.46217803029998
BG8367,Bulgaria,BG,BG3,BG34,BG341,Бургас,360.08,2.01613636363333,3.05145833333333,1801.46,-3.91715909091667,-5.46217803029998
BG8368,Bulgaria,BG,BG3,BG34,BG341,Бургас,360.08,2.01613636363333,3.05145833333333,1801.46,-3.91715909091667,-5.46217803029998
BG8369,Bulgaria,BG,BG3,BG34,BG341,Бургас,360.08,2.01613636363333,3.05145833333333,1801.46,-3.91715909091667,-5.46217803029998
BG8370,Bulgaria,BG,BG3,BG34,BG341,Бургас,360.08,2.01613636363333,3.05145833333333,1801.46,-3.91715909091667,-5.46217803029998
BG8400,Bulgaria,BG,BG3,BG34,BG341,Бургас,360.08,2.01613636363333,3.05145833333333,1801.46,-3.91715909091667,-5.46217803029998
BG8427,Bulgaria,BG,BG3,BG34,BG341,Бургас,360.08,2.01613636363333,3.05145833333333,1801.46,-3.91715909091667,-5.46217803029998
BG8428,Bulgaria,BG,BG3,BG34,BG341,Бургас,360.08,2.01613636363333,3.05145833333333,1801.46,-3.91715909091667,-5.46217803029998
BG8429,Bulgaria,BG,BG3,BG34,BG341,Бургас,360.08,2.01613636363333,3.05145833333333,1801.46,-3.91715909091667,-5.46217803029998
BG8430,Bulgaria,BG,BG3,BG34,BG341,Бургас,360.08,2.01613636363333,3.05145833333333,1801.46,-3.91715909091667,-5.46217803029998
BG8431,Bulgaria,BG,BG3,BG34,BG341,Бургас,360.08,2.01613636363333,3.05145833333333,1801.46,-3.91715909091667,-5.46217803029998
BG8432,Bulgaria,BG,BG3,BG34,BG341,Бургас,360.08,2.01613636363333,3.05145833333333,1801.46,-3.91715909091667,-5.46217803029998
BG8434,Bulgaria,BG,BG3,BG34,BG341,Бургас,360.08,2.01613636363333,3.05145833333333,1801.46,-3.91715909091667,-5.46217803029998
BG8435,Bulgaria,BG,BG3,BG34,BG341,Бургас,360.08,2.01613636363333,3.05145833333333,1801.46,-3.91715909091667,-5.46217803029998
BG8437,Bulgaria,BG,BG3,BG34,BG341,Бургас,360.08,2.01613636363333,3.05145833333333,1801.46,-3.91715909091667,-5.46217803029998
BG8438,Bulgaria,BG,BG3,BG34,BG341,Бургас,360.08,2.01613636363333,3.05145833333333,1801.46,-3.91715909091667,-5.46217803029998
BG8439,Bulgaria,BG,BG3,BG34,BG341,Бургас,360.08,2.01613636363333,3.05145833333333,1801.46,-3.91715909091667,-5.46217803029998
BG8440,Bulgaria,BG,BG3,BG34,BG341,Бургас,360.08,2.01613636363333,3.05145833333333,1801.46,-3.91715909091667,-5.46217803029998
BG8441,Bulgaria,BG,BG3,BG34,BG341,Бургас,360.08,2.01613636363333,3.05145833333333,1801.46,-3.91715909091667,-5.46217803029998
BG8442,Bulgaria,BG,BG3,BG34,BG341,Бургас,360.08,2.01613636363333,3.05145833333333,1801.46,-3.91715909091667,-5.46217803029998
BG8443,Bulgaria,BG,BG3,BG34,BG341,Бургас,360.08,2.01613636363333,3.05145833333333,1801.46,-3.91715909091667,-5.46217803029998
BG8444,Bulgaria,BG,BG3,BG34,BG341,Бургас,360.08,2.01613636363333,3.05145833333333,1801.46,-3.91715909091667,-5.46217803029998
BG8445,Bulgaria,BG,BG3,BG34,BG341,Бургас,360.08,2.01613636363333,3.05145833333333,1801.46,-3.91715909091667,-5.46217803029998
BG8446,Bulgaria,BG,BG3,BG34,BG341,Бургас,360.08,2.01613636363333,3.05145833333333,1801.46,-3.91715909091667,-5.46217803029998
BG8447,Bulgaria,BG,BG3,BG34,BG341,Бургас,360.08,2.01613636363333,3.05145833333333,1801.46,-3.91715909091667,-5.46217803029998
BG8448,Bulgaria,BG,BG3,BG34,BG341,Бургас,360.08,2.01613636363333,3.05145833333333,1801.46,-3.91715909091667,-5.46217803029998
BG8449,Bulgaria,BG,BG3,BG34,BG341,Бургас,360.08,2.01613636363333,3.05145833333333,1801.46,-3.91715909091667,-5.46217803029998
BG8450,Bulgaria,BG,BG3,BG34,BG341,Бургас,360.08,2.01613636363333,3.05145833333333,1801.46,-3.91715909091667,-5.46217803029998
BG8453,Bulgaria,BG,BG3,BG34,BG341,Бургас,360.08,2.01613636363333,3.05145833333333,1801.46,-3.91715909091667,-5.46217803029998
BG8455,Bulgaria,BG,BG3,BG34,BG341,Бургас,360.08,2.01613636363333,3.05145833333333,1801.46,-3.91715909091667,-5.46217803029998
BG8456,Bulgaria,BG,BG3,BG34,BG341,Бургас,360.08,2.01613636363333,3.05145833333333,1801.46,-3.91715909091667,-5.46217803029998
BG8457,Bulgaria,BG,BG3,BG34,BG341,Бургас,360.08,2.01613636363333,3.05145833333333,1801.46,-3.91715909091667,-5.46217803029998
BG8458,Bulgaria,BG,BG3,BG34,BG341,Бургас,360.08,2.01613636363333,3.05145833333333,1801.46,-3.91715909091667,-5.46217803029998
BG8459,Bulgaria,BG,BG3,BG34,BG341,Бургас,360.08,2.01613636363333,3.05145833333333,1801.46,-3.91715909091667,-5.46217803029998
BG8460,Bulgaria,BG,BG3,BG34,BG341,Бургас,360.08,2.01613636363333,3.05145833333333,1801.46,-3.91715909091667,-5.46217803029998
BG8461,Bulgaria,BG,BG3,BG34,BG341,Бургас,360.08,2.01613636363333,3.05145833333333,1801.46,-3.91715909091667,-5.46217803029998
BG8462,Bulgaria,BG,BG3,BG34,BG341,Бургас,360.08,2.01613636363333,3.05145833333333,1801.46,-3.91715909091667,-5.46217803029998
BG8463,Bulgaria,BG,BG3,BG34,BG341,Бургас,360.08,2.01613636363333,3.05145833333333,1801.46,-3.91715909091667,-5.46217803029998
BG8464,Bulgaria,BG,BG3,BG34,BG341,Бургас,360.08,2.01613636363333,3.05145833333333,1801.46,-3.91715909091667,-5.46217803029998
BG8465,Bulgaria,BG,BG3,BG34,BG341,Бургас,360.08,2.01613636363333,3.05145833333333,1801.46,-3.91715909091667,-5.46217803029998
BG8466,Bulgaria,BG,BG3,BG34,BG341,Бургас,360.08,2.01613636363333,3.05145833333333,1801.46,-3.91715909091667,-5.46217803029998
BG8467,Bulgaria,BG,BG3,BG34,BG341,Бургас,360.08,2.01613636363333,3.05145833333333,1801.46,-3.91715909091667,-5.46217803029998
BG8468,Bulgaria,BG,BG3,BG34,BG341,Бургас,360.08,2.01613636363333,3.05145833333333,1801.46,-3.91715909091667,-5.46217803029998
BG8469,Bulgaria,BG,BG3,BG34,BG341,Бургас,360.08,2.01613636363333,3.05145833333333,1801.46,-3.91715909091667,-5.46217803029998
BG8470,Bulgaria,BG,BG3,BG34,BG341,Бургас,360.08,2.01613636363333,3.05145833333333,1801.46,-3.91715909091667,-5.46217803029998
BG8471,Bulgaria,BG,BG3,BG34,BG341,Бургас,360.08,2.01613636363333,3.05145833333333,1801.46,-3.91715909091667,-5.46217803029998
BG8472,Bulgaria,BG,BG3,BG34,BG341,Бургас,360.08,2.01613636363333,3.05145833333333,1801.46,-3.91715909091667,-5.46217803029998
BG8473,Bulgaria,BG,BG3,BG34,BG341,Бургас,360.08,2.01613636363333,3.05145833333333,1801.46,-3.91715909091667,-5.46217803029998
BG8474,Bulgaria,BG,BG3,BG34,BG341,Бургас,360.08,2.01613636363333,3.05145833333333,1801.46,-3.91715909091667,-5.46217803029998
BG8475,Bulgaria,BG,BG3,BG34,BG341,Бургас,360.08,2.01613636363333,3.05145833333333,1801.46,-3.91715909091667,-5.46217803029998
BG8477,Bulgaria,BG,BG3,BG34,BG341,Бургас,360.08,2.01613636363333,3.05145833333333,1801.46,-3.91715909091667,-5.46217803029998
BG8478,Bulgaria,BG,BG3,BG34,BG341,Бургас,360.08,2.01613636363333,3.05145833333333,1801.46,-3.91715909091667,-5.46217803029998
BG8479,Bulgaria,BG,BG3,BG34,BG341,Бургас,360.08,2.01613636363333,3.05145833333333,1801.46,-3.91715909091667,-5.46217803029998
BG8480,Bulgaria,BG,BG3,BG34,BG341,Бургас,360.08,2.01613636363333,3.05145833333333,1801.46,-3.91715909091667,-5.46217803029998
BG8481,Bulgaria,BG,BG3,BG34,BG341,Бургас,360.08,2.01613636363333,3.05145833333333,1801.46,-3.91715909091667,-5.46217803029998
BG8482,Bulgaria,BG,BG3,BG34,BG341,Бургас,360.08,2.01613636363333,3.05145833333333,1801.46,-3.91715909091667,-5.46217803029998
BG8483,Bulgaria,BG,BG3,BG34,BG341,Бургас,360.08,2.01613636363333,3.05145833333333,1801.46,-3.91715909091667,-5.46217803029998
BG8484,Bulgaria,BG,BG3,BG34,BG341,Бургас,360.08,2.01613636363333,3.05145833333333,1801.46,-3.91715909091667,-5.46217803029998
BG8487,Bulgaria,BG,BG3,BG34,BG341,Бургас,360.08,2.01613636363333,3.05145833333333,1801.46,-3.91715909091667,-5.46217803029998
BG8488,Bulgaria,BG,BG3,BG34,BG341,Бургас,360.08,2.01613636363333,3.05145833333333,1801.46,-3.91715909091667,-5.46217803029998
BG8489,Bulgaria,BG,BG3,BG34,BG341,Бургас,360.08,2.01613636363333,3.05145833333333,1801.46,-3.91715909091667,-5.46217803029998
BG8490,Bulgaria,BG,BG3,BG34,BG341,Бургас,360.08,2.01613636363333,3.05145833333333,1801.46,-3.91715909091667,-5.46217803029998
BG8491,Bulgaria,BG,BG3,BG34,BG341,Бургас,360.08,2.01613636363333,3.05145833333333,1801.46,-3.91715909091667,-5.46217803029998
BG8492,Bulgaria,BG,BG3,BG34,BG341,Бургас,360.08,2.01613636363333,3.05145833333333,1801.46,-3.91715909091667,-5.46217803029998
BG8493,Bulgaria,BG,BG3,BG34,BG341,Бургас,360.08,2.01613636363333,3.05145833333333,1801.46,-3.91715909091667,-5.46217803029998
BG8500,Bulgaria,BG,BG3,BG34,BG341,Бургас,360.08,2.01613636363333,3.05145833333333,1801.46,-3.91715909091667,-5.46217803029998
BG8517,Bulgaria,BG,BG3,BG34,BG341,Бургас,360.08,2.01613636363333,3.05145833333333,1801.46,-3.91715909091667,-5.46217803029998
BG8518,Bulgaria,BG,BG3,BG34,BG341,Бургас,360.08,2.01613636363333,3.05145833333333,1801.46,-3.91715909091667,-5.46217803029998
BG8519,Bulgaria,BG,BG3,BG34,BG341,Бургас,360.08,2.01613636363333,3.05145833333333,1801.46,-3.91715909091667,-5.46217803029998
BG8520,Bulgaria,BG,BG3,BG34,BG341,Бургас,360.08,2.01613636363333,3.05145833333333,1801.46,-3.91715909091667,-5.46217803029998
BG8521,Bulgaria,BG,BG3,BG34,BG341,Бургас,360.08,2.01613636363333,3.05145833333333,1801.46,-3.91715909091667,-5.46217803029998
BG8522,Bulgaria,BG,BG3,BG34,BG341,Бургас,360.08,2.01613636363333,3.05145833333333,1801.46,-3.91715909091667,-5.46217803029998
BG8523,Bulgaria,BG,BG3,BG34,BG341,Бургас,360.08,2.01613636363333,3.05145833333333,1801.46,-3.91715909091667,-5.46217803029998
BG8524,Bulgaria,BG,BG3,BG34,BG341,Бургас,360.08,2.01613636363333,3.05145833333333,1801.46,-3.91715909091667,-5.46217803029998
BG8525,Bulgaria,BG,BG3,BG34,BG341,Бургас,360.08,2.01613636363333,3.05145833333333,1801.46,-3.91715909091667,-5.46217803029998
BG8527,Bulgaria,BG,BG3,BG34,BG341,Бургас,360.08,2.01613636363333,3.05145833333333,1801.46,-3.91715909091667,-5.46217803029998
BG8528,Bulgaria,BG,BG3,BG34,BG341,Бургас,360.08,2.01613636363333,3.05145833333333,1801.46,-3.91715909091667,-5.46217803029998
BG8529,Bulgaria,BG,BG3,BG34,BG341,Бургас,360.08,2.01613636363333,3.05145833333333,1801.46,-3.91715909091667,-5.46217803029998
BG8530,Bulgaria,BG,BG3,BG34,BG341,Бургас,360.08,2.01613636363333,3.05145833333333,1801.46,-3.91715909091667,-5.46217803029998
BG8531,Bulgaria,BG,BG3,BG34,BG341,Бургас,360.08,2.01613636363333,3.05145833333333,1801.46,-3.91715909091667,-5.46217803029998
BG8532,Bulgaria,BG,BG3,BG34,BG341,Бургас,360.08,2.01613636363333,3.05145833333333,1801.46,-3.91715909091667,-5.46217803029998
BG8533,Bulgaria,BG,BG3,BG34,BG341,Бургас,360.08,2.01613636363333,3.05145833333333,1801.46,-3.91715909091667,-5.46217803029998
BG8534,Bulgaria,BG,BG3,BG34,BG341,Бургас,360.08,2.01613636363333,3.05145833333333,1801.46,-3.91715909091667,-5.46217803029998
BG8535,Bulgaria,BG,BG3,BG34,BG341,Бургас,360.08,2.01613636363333,3.05145833333333,1801.46,-3.91715909091667,-5.46217803029998
BG8536,Bulgaria,BG,BG3,BG34,BG341,Бургас,360.08,2.01613636363333,3.05145833333333,1801.46,-3.91715909091667,-5.46217803029998
BG8538,Bulgaria,BG,BG3,BG34,BG341,Бургас,360.08,2.01613636363333,3.05145833333333,1801.46,-3.91715909091667,-5.46217803029998
BG8539,Bulgaria,BG,BG3,BG34,BG341,Бургас,360.08,2.01613636363333,3.05145833333333,1801.46,-3.91715909091667,-5.46217803029998
BG8540,Bulgaria,BG,BG3,BG34,BG341,Бургас,360.08,2.01613636363333,3.05145833333333,1801.46,-3.91715909091667,-5.46217803029998
BG8541,Bulgaria,BG,BG3,BG34,BG341,Бургас,360.08,2.01613636363333,3.05145833333333,1801.46,-3.91715909091667,-5.46217803029998
BG8542,Bulgaria,BG,BG3,BG34,BG341,Бургас,360.08,2.01613636363333,3.05145833333333,1801.46,-3.91715909091667,-5.46217803029998
BG8543,Bulgaria,BG,BG3,BG34,BG341,Бургас,360.08,2.01613636363333,3.05145833333333,1801.46,-3.91715909091667,-5.46217803029998
BG8544,Bulgaria,BG,BG3,BG34,BG341,Бургас,360.08,2.01613636363333,3.05145833333333,1801.46,-3.91715909091667,-5.46217803029998
BG8545,Bulgaria,BG,BG3,BG34,BG341,Бургас,360.08,2.01613636363333,3.05145833333333,1801.46,-3.91715909091667,-5.46217803029998
BG8547,Bulgaria,BG,BG3,BG34,BG341,Бургас,360.08,2.01613636363333,3.05145833333333,1801.46,-3.91715909091667,-5.46217803029998
BG8548,Bulgaria,BG,BG3,BG34,BG341,Бургас,360.08,2.01613636363333,3.05145833333333,1801.46,-3.91715909091667,-5.46217803029998
BG8549,Bulgaria,BG,BG3,BG34,BG341,Бургас,360.08,2.01613636363333,3.05145833333333,1801.46,-3.91715909091667,-5.46217803029998
BG8550,Bulgaria,BG,BG3,BG34,BG341,Бургас,360.08,2.01613636363333,3.05145833333333,1801.46,-3.91715909091667,-5.46217803029998
BG8551,Bulgaria,BG,BG3,BG34,BG341,Бургас,360.08,2.01613636363333,3.05145833333333,1801.46,-3.91715909091667,-5.46217803029998
BG8552,Bulgaria,BG,BG3,BG34,BG341,Бургас,360.08,2.01613636363333,3.05145833333333,1801.46,-3.91715909091667,-5.46217803029998
BG8553,Bulgaria,BG,BG3,BG34,BG341,Бургас,360.08,2.01613636363333,3.05145833333333,1801.46,-3.91715909091667,-5.46217803029998
BG8554,Bulgaria,BG,BG3,BG34,BG341,Бургас,360.08,2.01613636363333,3.05145833333333,1801.46,-3.91715909091667,-5.46217803029998
BG8555,Bulgaria,BG,BG3,BG34,BG341,Бургас,360.08,2.01613636363333,3.05145833333333,1801.46,-3.91715909091667,-5.46217803029998
BG8556,Bulgaria,BG,BG3,BG34,BG341,Бургас,360.08,2.01613636363333,3.05145833333333,1801.46,-3.91715909091667,-5.46217803029998
BG8557,Bulgaria,BG,BG3,BG34,BG341,Бургас,360.08,2.01613636363333,3.05145833333333,1801.46,-3.91715909091667,-5.46217803029998
BG8558,Bulgaria,BG,BG3,BG34,BG341,Бургас,360.08,2.01613636363333,3.05145833333333,1801.46,-3.91715909091667,-5.46217803029998
BG8559,Bulgaria,BG,BG3,BG34,BG341,Бургас,360.08,2.01613636363333,3.05145833333333,1801.46,-3.91715909091667,-5.46217803029998
BG8560,Bulgaria,BG,BG3,BG34,BG341,Бургас,360.08,2.01613636363333,3.05145833333333,1801.46,-3.91715909091667,-5.46217803029998
BG8561,Bulgaria,BG,BG3,BG34,BG341,Бургас,360.08,2.01613636363333,3.05145833333333,1801.46,-3.91715909091667,-5.46217803029998
BG8562,Bulgaria,BG,BG3,BG34,BG341,Бургас,360.08,2.01613636363333,3.05145833333333,1801.46,-3.91715909091667,-5.46217803029998
BG8563,Bulgaria,BG,BG3,BG34,BG341,Бургас,360.08,2.01613636363333,3.05145833333333,1801.46,-3.91715909091667,-5.46217803029998
BG8564,Bulgaria,BG,BG3,BG34,BG341,Бургас,360.08,2.01613636363333,3.05145833333333,1801.46,-3.91715909091667,-5.46217803029998
BG8565,Bulgaria,BG,BG3,BG34,BG341,Бургас,360.08,2.01613636363333,3.05145833333333,1801.46,-3.91715909091667,-5.46217803029998
BG8567,Bulgaria,BG,BG3,BG34,BG341,Бургас,360.08,2.01613636363333,3.05145833333333,1801.46,-3.91715909091667,-5.46217803029998
BG8568,Bulgaria,BG,BG3,BG34,BG341,Бургас,360.08,2.01613636363333,3.05145833333333,1801.46,-3.91715909091667,-5.46217803029998
BG8569,Bulgaria,BG,BG3,BG34,BG341,Бургас,360.08,2.01613636363333,3.05145833333333,1801.46,-3.91715909091667,-5.46217803029998
BG8570,Bulgaria,BG,BG3,BG34,BG341,Бургас,360.08,2.01613636363333,3.05145833333333,1801.46,-3.91715909091667,-5.46217803029998
BG8571,Bulgaria,BG,BG3,BG34,BG341,Бургас,360.08,2.01613636363333,3.05145833333333,1801.46,-3.91715909091667,-5.46217803029998
BG8572,Bulgaria,BG,BG3,BG34,BG341,Бургас,360.08,2.01613636363333,3.05145833333333,1801.46,-3.91715909091667,-5.46217803029998
BG8573,Bulgaria,BG,BG3,BG34,BG341,Бургас,360.08,2.01613636363333,3.05145833333333,1801.46,-3.91715909091667,-5.46217803029998
BG8574,Bulgaria,BG,BG3,BG34,BG341,Бургас,360.08,2.01613636363333,3.05145833333333,1801.46,-3.91715909091667,-5.46217803029998
BG8575,Bulgaria,BG,BG3,BG34,BG341,Бургас,360.08,2.01613636363333,3.05145833333333,1801.46,-3.91715909091667,-5.46217803029998
BG8577,Bulgaria,BG,BG3,BG34,BG341,Бургас,360.08,2.01613636363333,3.05145833333333,1801.46,-3.91715909091667,-5.46217803029998
BG8578,Bulgaria,BG,BG3,BG34,BG341,Бургас,360.08,2.01613636363333,3.05145833333333,1801.46,-3.91715909091667,-5.46217803029998
BG8579,Bulgaria,BG,BG3,BG34,BG341,Бургас,360.08,2.01613636363333,3.05145833333333,1801.46,-3.91715909091667,-5.46217803029998
BG8580,Bulgaria,BG,BG3,BG34,BG341,Бургас,360.08,2.01613636363333,3.05145833333333,1801.46,-3.91715909091667,-5.46217803029998
BG8581,Bulgaria,BG,BG3,BG34,BG341,Бургас,360.08,2.01613636363333,3.05145833333333,1801.46,-3.91715909091667,-5.46217803029998
BG8582,Bulgaria,BG,BG3,BG34,BG341,Бургас,360.08,2.01613636363333,3.05145833333333,1801.46,-3.91715909091667,-5.46217803029998
BG7967,Bulgaria,BG,BG3,BG34,BG342,Сливен,448.69,2.146125,3.24375,1832.67,-4.20929166666667,-5.94824999999998
BG8649,Bulgaria,BG,BG3,BG34,BG342,Сливен,448.69,2.146125,3.24375,1832.67,-4.20929166666667,-5.94824999999998
BG8800,Bulgaria,BG,BG3,BG34,BG342,Сливен,448.69,2.146125,3.24375,1832.67,-4.20929166666667,-5.94824999999998
BG8841,Bulgaria,BG,BG3,BG34,BG342,Сливен,448.69,2.146125,3.24375,1832.67,-4.20929166666667,-5.94824999999998
BG8843,Bulgaria,BG,BG3,BG34,BG342,Сливен,448.69,2.146125,3.24375,1832.67,-4.20929166666667,-5.94824999999998
BG8844,Bulgaria,BG,BG3,BG34,BG342,Сливен,448.69,2.146125,3.24375,1832.67,-4.20929166666667,-5.94824999999998
BG8845,Bulgaria,BG,BG3,BG34,BG342,Сливен,448.69,2.146125,3.24375,1832.67,-4.20929166666667,-5.94824999999998
BG8847,Bulgaria,BG,BG3,BG34,BG342,Сливен,448.69,2.146125,3.24375,1832.67,-4.20929166666667,-5.94824999999998
BG8848,Bulgaria,BG,BG3,BG34,BG342,Сливен,448.69,2.146125,3.24375,1832.67,-4.20929166666667,-5.94824999999998
BG8849,Bulgaria,BG,BG3,BG34,BG342,Сливен,448.69,2.146125,3.24375,1832.67,-4.20929166666667,-5.94824999999998
BG8850,Bulgaria,BG,BG3,BG34,BG342,Сливен,448.69,2.146125,3.24375,1832.67,-4.20929166666667,-5.94824999999998
BG8851,Bulgaria,BG,BG3,BG34,BG342,Сливен,448.69,2.146125,3.24375,1832.67,-4.20929166666667,-5.94824999999998
BG8852,Bulgaria,BG,BG3,BG34,BG342,Сливен,448.69,2.146125,3.24375,1832.67,-4.20929166666667,-5.94824999999998
BG8853,Bulgaria,BG,BG3,BG34,BG342,Сливен,448.69,2.146125,3.24375,1832.67,-4.20929166666667,-5.94824999999998
BG8854,Bulgaria,BG,BG3,BG34,BG342,Сливен,448.69,2.146125,3.24375,1832.67,-4.20929166666667,-5.94824999999998
BG8855,Bulgaria,BG,BG3,BG34,BG342,Сливен,448.69,2.146125,3.24375,1832.67,-4.20929166666667,-5.94824999999998
BG8856,Bulgaria,BG,BG3,BG34,BG342,Сливен,448.69,2.146125,3.24375,1832.67,-4.20929166666667,-5.94824999999998
BG8857,Bulgaria,BG,BG3,BG34,BG342,Сливен,448.69,2.146125,3.24375,1832.67,-4.20929166666667,-5.94824999999998
BG8858,Bulgaria,BG,BG3,BG34,BG342,Сливен,448.69,2.146125,3.24375,1832.67,-4.20929166666667,-5.94824999999998
BG8859,Bulgaria,BG,BG3,BG34,BG342,Сливен,448.69,2.146125,3.24375,1832.67,-4.20929166666667,-5.94824999999998
BG8860,Bulgaria,BG,BG3,BG34,BG342,Сливен,448.69,2.146125,3.24375,1832.67,-4.20929166666667,-5.94824999999998
BG8861,Bulgaria,BG,BG3,BG34,BG342,Сливен,448.69,2.146125,3.24375,1832.67,-4.20929166666667,-5.94824999999998
BG8862,Bulgaria,BG,BG3,BG34,BG342,Сливен,448.69,2.146125,3.24375,1832.67,-4.20929166666667,-5.94824999999998
BG8863,Bulgaria,BG,BG3,BG34,BG342,Сливен,448.69,2.146125,3.24375,1832.67,-4.20929166666667,-5.94824999999998
BG8865,Bulgaria,BG,BG3,BG34,BG342,Сливен,448.69,2.146125,3.24375,1832.67,-4.20929166666667,-5.94824999999998
BG8866,Bulgaria,BG,BG3,BG34,BG342,Сливен,448.69,2.146125,3.24375,1832.67,-4.20929166666667,-5.94824999999998
BG8867,Bulgaria,BG,BG3,BG34,BG342,Сливен,448.69,2.146125,3.24375,1832.67,-4.20929166666667,-5.94824999999998
BG8868,Bulgaria,BG,BG3,BG34,BG342,Сливен,448.69,2.146125,3.24375,1832.67,-4.20929166666667,-5.94824999999998
BG8869,Bulgaria,BG,BG3,BG34,BG342,Сливен,448.69,2.146125,3.24375,1832.67,-4.20929166666667,-5.94824999999998
BG8870,Bulgaria,BG,BG3,BG34,BG342,Сливен,448.69,2.146125,3.24375,1832.67,-4.20929166666667,-5.94824999999998
BG8871,Bulgaria,BG,BG3,BG34,BG342,Сливен,448.69,2.146125,3.24375,1832.67,-4.20929166666667,-5.94824999999998
BG8872,Bulgaria,BG,BG3,BG34,BG342,Сливен,448.69,2.146125,3.24375,1832.67,-4.20929166666667,-5.94824999999998
BG8873,Bulgaria,BG,BG3,BG34,BG342,Сливен,448.69,2.146125,3.24375,1832.67,-4.20929166666667,-5.94824999999998
BG8874,Bulgaria,BG,BG3,BG34,BG342,Сливен,448.69,2.146125,3.24375,1832.67,-4.20929166666667,-5.94824999999998
BG8875,Bulgaria,BG,BG3,BG34,BG342,Сливен,448.69,2.146125,3.24375,1832.67,-4.20929166666667,-5.94824999999998
BG8876,Bulgaria,BG,BG3,BG34,BG342,Сливен,448.69,2.146125,3.24375,1832.67,-4.20929166666667,-5.94824999999998
BG8877,Bulgaria,BG,BG3,BG34,BG342,Сливен,448.69,2.146125,3.24375,1832.67,-4.20929166666667,-5.94824999999998
BG8878,Bulgaria,BG,BG3,BG34,BG342,Сливен,448.69,2.146125,3.24375,1832.67,-4.20929166666667,-5.94824999999998
BG8879,Bulgaria,BG,BG3,BG34,BG342,Сливен,448.69,2.146125,3.24375,1832.67,-4.20929166666667,-5.94824999999998
BG8880,Bulgaria,BG,BG3,BG34,BG342,Сливен,448.69,2.146125,3.24375,1832.67,-4.20929166666667,-5.94824999999998
BG8881,Bulgaria,BG,BG3,BG34,BG342,Сливен,448.69,2.146125,3.24375,1832.67,-4.20929166666667,-5.94824999999998
BG8882,Bulgaria,BG,BG3,BG34,BG342,Сливен,448.69,2.146125,3.24375,1832.67,-4.20929166666667,-5.94824999999998
BG8883,Bulgaria,BG,BG3,BG34,BG342,Сливен,448.69,2.146125,3.24375,1832.67,-4.20929166666667,-5.94824999999998
BG8884,Bulgaria,BG,BG3,BG34,BG342,Сливен,448.69,2.146125,3.24375,1832.67,-4.20929166666667,-5.94824999999998
BG8886,Bulgaria,BG,BG3,BG34,BG342,Сливен,448.69,2.146125,3.24375,1832.67,-4.20929166666667,-5.94824999999998
BG8887,Bulgaria,BG,BG3,BG34,BG342,Сливен,448.69,2.146125,3.24375,1832.67,-4.20929166666667,-5.94824999999998
BG8888,Bulgaria,BG,BG3,BG34,BG342,Сливен,448.69,2.146125,3.24375,1832.67,-4.20929166666667,-5.94824999999998
BG8889,Bulgaria,BG,BG3,BG34,BG342,Сливен,448.69,2.146125,3.24375,1832.67,-4.20929166666667,-5.94824999999998
BG8890,Bulgaria,BG,BG3,BG34,BG342,Сливен,448.69,2.146125,3.24375,1832.67,-4.20929166666667,-5.94824999999998
BG8893,Bulgaria,BG,BG3,BG34,BG342,Сливен,448.69,2.146125,3.24375,1832.67,-4.20929166666667,-5.94824999999998
BG8895,Bulgaria,BG,BG3,BG34,BG342,Сливен,448.69,2.146125,3.24375,1832.67,-4.20929166666667,-5.94824999999998
BG8899,Bulgaria,BG,BG3,BG34,BG342,Сливен,448.69,2.146125,3.24375,1832.67,-4.20929166666667,-5.94824999999998
BG8900,Bulgaria,BG,BG3,BG34,BG342,Сливен,448.69,2.146125,3.24375,1832.67,-4.20929166666667,-5.94824999999998
BG8914,Bulgaria,BG,BG3,BG34,BG342,Сливен,448.69,2.146125,3.24375,1832.67,-4.20929166666667,-5.94824999999998
BG8915,Bulgaria,BG,BG3,BG34,BG342,Сливен,448.69,2.146125,3.24375,1832.67,-4.20929166666667,-5.94824999999998
BG8916,Bulgaria,BG,BG3,BG34,BG342,Сливен,448.69,2.146125,3.24375,1832.67,-4.20929166666667,-5.94824999999998
BG8917,Bulgaria,BG,BG3,BG34,BG342,Сливен,448.69,2.146125,3.24375,1832.67,-4.20929166666667,-5.94824999999998
BG8918,Bulgaria,BG,BG3,BG34,BG342,Сливен,448.69,2.146125,3.24375,1832.67,-4.20929166666667,-5.94824999999998
BG8919,Bulgaria,BG,BG3,BG34,BG342,Сливен,448.69,2.146125,3.24375,1832.67,-4.20929166666667,-5.94824999999998
BG8920,Bulgaria,BG,BG3,BG34,BG342,Сливен,448.69,2.146125,3.24375,1832.67,-4.20929166666667,-5.94824999999998
BG8921,Bulgaria,BG,BG3,BG34,BG342,Сливен,448.69,2.146125,3.24375,1832.67,-4.20929166666667,-5.94824999999998
BG8922,Bulgaria,BG,BG3,BG34,BG342,Сливен,448.69,2.146125,3.24375,1832.67,-4.20929166666667,-5.94824999999998
BG8923,Bulgaria,BG,BG3,BG34,BG342,Сливен,448.69,2.146125,3.24375,1832.67,-4.20929166666667,-5.94824999999998
BG8924,Bulgaria,BG,BG3,BG34,BG342,Сливен,448.69,2.146125,3.24375,1832.67,-4.20929166666667,-5.94824999999998
BG8925,Bulgaria,BG,BG3,BG34,BG342,Сливен,448.69,2.146125,3.24375,1832.67,-4.20929166666667,-5.94824999999998
BG8926,Bulgaria,BG,BG3,BG34,BG342,Сливен,448.69,2.146125,3.24375,1832.67,-4.20929166666667,-5.94824999999998
BG8927,Bulgaria,BG,BG3,BG34,BG342,Сливен,448.69,2.146125,3.24375,1832.67,-4.20929166666667,-5.94824999999998
BG8928,Bulgaria,BG,BG3,BG34,BG342,Сливен,448.69,2.146125,3.24375,1832.67,-4.20929166666667,-5.94824999999998
BG8929,Bulgaria,BG,BG3,BG34,BG342,Сливен,448.69,2.146125,3.24375,1832.67,-4.20929166666667,-5.94824999999998
BG8930,Bulgaria,BG,BG3,BG34,BG342,Сливен,448.69,2.146125,3.24375,1832.67,-4.20929166666667,-5.94824999999998
BG8933,Bulgaria,BG,BG3,BG34,BG342,Сливен,448.69,2.146125,3.24375,1832.67,-4.20929166666667,-5.94824999999998
BG8934,Bulgaria,BG,BG3,BG34,BG342,Сливен,448.69,2.146125,3.24375,1832.67,-4.20929166666667,-5.94824999999998
BG8935,Bulgaria,BG,BG3,BG34,BG342,Сливен,448.69,2.146125,3.24375,1832.67,-4.20929166666667,-5.94824999999998
BG8936,Bulgaria,BG,BG3,BG34,BG342,Сливен,448.69,2.146125,3.24375,1832.67,-4.20929166666667,-5.94824999999998
BG8937,Bulgaria,BG,BG3,BG34,BG342,Сливен,448.69,2.146125,3.24375,1832.67,-4.20929166666667,-5.94824999999998
BG8938,Bulgaria,BG,BG3,BG34,BG342,Сливен,448.69,2.146125,3.24375,1832.67,-4.20929166666667,-5.94824999999998
BG8939,Bulgaria,BG,BG3,BG34,BG342,Сливен,448.69,2.146125,3.24375,1832.67,-4.20929166666667,-5.94824999999998
BG8940,Bulgaria,BG,BG3,BG34,BG342,Сливен,448.69,2.146125,3.24375,1832.67,-4.20929166666667,-5.94824999999998
BG8941,Bulgaria,BG,BG3,BG34,BG342,Сливен,448.69,2.146125,3.24375,1832.67,-4.20929166666667,-5.94824999999998
BG8942,Bulgaria,BG,BG3,BG34,BG342,Сливен,448.69,2.146125,3.24375,1832.67,-4.20929166666667,-5.94824999999998
BG8943,Bulgaria,BG,BG3,BG34,BG342,Сливен,448.69,2.146125,3.24375,1832.67,-4.20929166666667,-5.94824999999998
BG8944,Bulgaria,BG,BG3,BG34,BG342,Сливен,448.69,2.146125,3.24375,1832.67,-4.20929166666667,-5.94824999999998
BG8945,Bulgaria,BG,BG3,BG34,BG342,Сливен,448.69,2.146125,3.24375,1832.67,-4.20929166666667,-5.94824999999998
BG8947,Bulgaria,BG,BG3,BG34,BG342,Сливен,448.69,2.146125,3.24375,1832.67,-4.20929166666667,-5.94824999999998
BG8948,Bulgaria,BG,BG3,BG34,BG342,Сливен,448.69,2.146125,3.24375,1832.67,-4.20929166666667,-5.94824999999998
BG8949,Bulgaria,BG,BG3,BG34,BG342,Сливен,448.69,2.146125,3.24375,1832.67,-4.20929166666667,-5.94824999999998
BG8953,Bulgaria,BG,BG3,BG34,BG342,Сливен,448.69,2.146125,3.24375,1832.67,-4.20929166666667,-5.94824999999998
BG8958,Bulgaria,BG,BG3,BG34,BG342,Сливен,448.69,2.146125,3.24375,1832.67,-4.20929166666667,-5.94824999999998
BG8959,Bulgaria,BG,BG3,BG34,BG342,Сливен,448.69,2.146125,3.24375,1832.67,-4.20929166666667,-5.94824999999998
BG8960,Bulgaria,BG,BG3,BG34,BG342,Сливен,448.69,2.146125,3.24375,1832.67,-4.20929166666667,-5.94824999999998
BG8961,Bulgaria,BG,BG3,BG34,BG342,Сливен,448.69,2.146125,3.24375,1832.67,-4.20929166666667,-5.94824999999998
BG8970,Bulgaria,BG,BG3,BG34,BG342,Сливен,448.69,2.146125,3.24375,1832.67,-4.20929166666667,-5.94824999999998
BG8980,Bulgaria,BG,BG3,BG34,BG342,Сливен,448.69,2.146125,3.24375,1832.67,-4.20929166666667,-5.94824999999998
BG8981,Bulgaria,BG,BG3,BG34,BG342,Сливен,448.69,2.146125,3.24375,1832.67,-4.20929166666667,-5.94824999999998
BG8982,Bulgaria,BG,BG3,BG34,BG342,Сливен,448.69,2.146125,3.24375,1832.67,-4.20929166666667,-5.94824999999998
BG8983,Bulgaria,BG,BG3,BG34,BG342,Сливен,448.69,2.146125,3.24375,1832.67,-4.20929166666667,-5.94824999999998
BG8984,Bulgaria,BG,BG3,BG34,BG342,Сливен,448.69,2.146125,3.24375,1832.67,-4.20929166666667,-5.94824999999998
BG8985,Bulgaria,BG,BG3,BG34,BG342,Сливен,448.69,2.146125,3.24375,1832.67,-4.20929166666667,-5.94824999999998
BG8986,Bulgaria,BG,BG3,BG34,BG342,Сливен,448.69,2.146125,3.24375,1832.67,-4.20929166666667,-5.94824999999998
BG8987,Bulgaria,BG,BG3,BG34,BG342,Сливен,448.69,2.146125,3.24375,1832.67,-4.20929166666667,-5.94824999999998
BG8988,Bulgaria,BG,BG3,BG34,BG342,Сливен,448.69,2.146125,3.24375,1832.67,-4.20929166666667,-5.94824999999998
BG8989,Bulgaria,BG,BG3,BG34,BG342,Сливен,448.69,2.146125,3.24375,1832.67,-4.20929166666667,-5.94824999999998
BG8990,Bulgaria,BG,BG3,BG34,BG342,Сливен,448.69,2.146125,3.24375,1832.67,-4.20929166666667,-5.94824999999998
BG8991,Bulgaria,BG,BG3,BG34,BG342,Сливен,448.69,2.146125,3.24375,1832.67,-4.20929166666667,-5.94824999999998
BG8992,Bulgaria,BG,BG3,BG34,BG342,Сливен,448.69,2.146125,3.24375,1832.67,-4.20929166666667,-5.94824999999998
BG8993,Bulgaria,BG,BG3,BG34,BG342,Сливен,448.69,2.146125,3.24375,1832.67,-4.20929166666667,-5.94824999999998
BG8994,Bulgaria,BG,BG3,BG34,BG342,Сливен,448.69,2.146125,3.24375,1832.67,-4.20929166666667,-5.94824999999998
BG8995,Bulgaria,BG,BG3,BG34,BG342,Сливен,448.69,2.146125,3.24375,1832.67,-4.20929166666667,-5.94824999999998
BG8996,Bulgaria,BG,BG3,BG34,BG342,Сливен,448.69,2.146125,3.24375,1832.67,-4.20929166666667,-5.94824999999998
BG8998,Bulgaria,BG,BG3,BG34,BG342,Сливен,448.69,2.146125,3.24375,1832.67,-4.20929166666667,-5.94824999999998
BG8999,Bulgaria,BG,BG3,BG34,BG342,Сливен,448.69,2.146125,3.24375,1832.67,-4.20929166666667,-5.94824999999998
BG9875,Bulgaria,BG,BG3,BG34,BG342,Сливен,448.69,2.146125,3.24375,1832.67,-4.20929166666667,-5.94824999999998
BG2500,Bulgaria,BG,BG4,BG41,BG415,Кюстендил,245.86,1.47791666666666,2.28249999999998,2332.82,-4.63736111111667,-6.75402777778333
BG2507,Bulgaria,BG,BG4,BG41,BG415,Кюстендил,245.86,1.47791666666666,2.28249999999998,2332.82,-4.63736111111667,-6.75402777778333
BG2508,Bulgaria,BG,BG4,BG41,BG415,Кюстендил,245.86,1.47791666666666,2.28249999999998,2332.82,-4.63736111111667,-6.75402777778333
BG2509,Bulgaria,BG,BG4,BG41,BG415,Кюстендил,245.86,1.47791666666666,2.28249999999998,2332.82,-4.63736111111667,-6.75402777778333
BG2530,Bulgaria,BG,BG4,BG41,BG415,Кюстендил,245.86,1.47791666666666,2.28249999999998,2332.82,-4.63736111111667,-6.75402777778333
BG2531,Bulgaria,BG,BG4,BG41,BG415,Кюстендил,245.86,1.47791666666666,2.28249999999998,2332.82,-4.63736111111667,-6.75402777778333
BG2532,Bulgaria,BG,BG4,BG41,BG415,Кюстендил,245.86,1.47791666666666,2.28249999999998,2332.82,-4.63736111111667,-6.75402777778333
BG2533,Bulgaria,BG,BG4,BG41,BG415,Кюстендил,245.86,1.47791666666666,2.28249999999998,2332.82,-4.63736111111667,-6.75402777778333
BG2535,Bulgaria,BG,BG4,BG41,BG415,Кюстендил,245.86,1.47791666666666,2.28249999999998,2332.82,-4.63736111111667,-6.75402777778333
BG2536,Bulgaria,BG,BG4,BG41,BG415,Кюстендил,245.86,1.47791666666666,2.28249999999998,2332.82,-4.63736111111667,-6.75402777778333
BG2537,Bulgaria,BG,BG4,BG41,BG415,Кюстендил,245.86,1.47791666666666,2.28249999999998,2332.82,-4.63736111111667,-6.75402777778333
BG2538,Bulgaria,BG,BG4,BG41,BG415,Кюстендил,245.86,1.47791666666666,2.28249999999998,2332.82,-4.63736111111667,-6.75402777778333
BG2539,Bulgaria,BG,BG4,BG41,BG415,Кюстендил,245.86,1.47791666666666,2.28249999999998,2332.82,-4.63736111111667,-6.75402777778333
BG2540,Bulgaria,BG,BG4,BG41,BG415,Кюстендил,245.86,1.47791666666666,2.28249999999998,2332.82,-4.63736111111667,-6.75402777778333
BG2541,Bulgaria,BG,BG4,BG41,BG415,Кюстендил,245.86,1.47791666666666,2.28249999999998,2332.82,-4.63736111111667,-6.75402777778333
BG2542,Bulgaria,BG,BG4,BG41,BG415,Кюстендил,245.86,1.47791666666666,2.28249999999998,2332.82,-4.63736111111667,-6.75402777778333
BG2543,Bulgaria,BG,BG4,BG41,BG415,Кюстендил,245.86,1.47791666666666,2.28249999999998,2332.82,-4.63736111111667,-6.75402777778333
BG2544,Bulgaria,BG,BG4,BG41,BG415,Кюстендил,245.86,1.47791666666666,2.28249999999998,2332.82,-4.63736111111667,-6.75402777778333
BG2545,Bulgaria,BG,BG4,BG41,BG415,Кюстендил,245.86,1.47791666666666,2.28249999999998,2332.82,-4.63736111111667,-6.75402777778333
BG2546,Bulgaria,BG,BG4,BG41,BG415,Кюстендил,245.86,1.47791666666666,2.28249999999998,2332.82,-4.63736111111667,-6.75402777778333
BG2547,Bulgaria,BG,BG4,BG41,BG415,Кюстендил,245.86,1.47791666666666,2.28249999999998,2332.82,-4.63736111111667,-6.75402777778333
BG2548,Bulgaria,BG,BG4,BG41,BG415,Кюстендил,245.86,1.47791666666666,2.28249999999998,2332.82,-4.63736111111667,-6.75402777778333
BG2549,Bulgaria,BG,BG4,BG41,BG415,Кюстендил,245.86,1.47791666666666,2.28249999999998,2332.82,-4.63736111111667,-6.75402777778333
BG2550,Bulgaria,BG,BG4,BG41,BG415,Кюстендил,245.86,1.47791666666666,2.28249999999998,2332.82,-4.63736111111667,-6.75402777778333
BG2551,Bulgaria,BG,BG4,BG41,BG415,Кюстендил,245.86,1.47791666666666,2.28249999999998,2332.82,-4.63736111111667,-6.75402777778333
BG2552,Bulgaria,BG,BG4,BG41,BG415,Кюстендил,245.86,1.47791666666666,2.28249999999998,2332.82,-4.63736111111667,-6.75402777778333
BG2553,Bulgaria,BG,BG4,BG41,BG415,Кюстендил,245.86,1.47791666666666,2.28249999999998,2332.82,-4.63736111111667,-6.75402777778333
BG2554,Bulgaria,BG,BG4,BG41,BG415,Кюстендил,245.86,1.47791666666666,2.28249999999998,2332.82,-4.63736111111667,-6.75402777778333
BG2555,Bulgaria,BG,BG4,BG41,BG415,Кюстендил,245.86,1.47791666666666,2.28249999999998,2332.82,-4.63736111111667,-6.75402777778333
BG2556,Bulgaria,BG,BG4,BG41,BG415,Кюстендил,245.86,1.47791666666666,2.28249999999998,2332.82,-4.63736111111667,-6.75402777778333
BG2557,Bulgaria,BG,BG4,BG41,BG415,Кюстендил,245.86,1.47791666666666,2.28249999999998,2332.82,-4.63736111111667,-6.75402777778333
BG2558,Bulgaria,BG,BG4,BG41,BG415,Кюстендил,245.86,1.47791666666666,2.28249999999998,2332.82,-4.63736111111667,-6.75402777778333
BG2559,Bulgaria,BG,BG4,BG41,BG415,Кюстендил,245.86,1.47791666666666,2.28249999999998,2332.82,-4.63736111111667,-6.75402777778333
BG2560,Bulgaria,BG,BG4,BG41,BG415,Кюстендил,245.86,1.47791666666666,2.28249999999998,2332.82,-4.63736111111667,-6.75402777778333
BG2561,Bulgaria,BG,BG4,BG41,BG415,Кюстендил,245.86,1.47791666666666,2.28249999999998,2332.82,-4.63736111111667,-6.75402777778333
BG2562,Bulgaria,BG,BG4,BG41,BG415,Кюстендил,245.86,1.47791666666666,2.28249999999998,2332.82,-4.63736111111667,-6.75402777778333
BG2563,Bulgaria,BG,BG4,BG41,BG415,Кюстендил,245.86,1.47791666666666,2.28249999999998,2332.82,-4.63736111111667,-6.75402777778333
BG2564,Bulgaria,BG,BG4,BG41,BG415,Кюстендил,245.86,1.47791666666666,2.28249999999998,2332.82,-4.63736111111667,-6.75402777778333
BG2565,Bulgaria,BG,BG4,BG41,BG415,Кюстендил,245.86,1.47791666666666,2.28249999999998,2332.82,-4.63736111111667,-6.75402777778333
BG2566,Bulgaria,BG,BG4,BG41,BG415,Кюстендил,245.86,1.47791666666666,2.28249999999998,2332.82,-4.63736111111667,-6.75402777778333
BG2567,Bulgaria,BG,BG4,BG41,BG415,Кюстендил,245.86,1.47791666666666,2.28249999999998,2332.82,-4.63736111111667,-6.75402777778333
BG2568,Bulgaria,BG,BG4,BG41,BG415,Кюстендил,245.86,1.47791666666666,2.28249999999998,2332.82,-4.63736111111667,-6.75402777778333
BG2569,Bulgaria,BG,BG4,BG41,BG415,Кюстендил,245.86,1.47791666666666,2.28249999999998,2332.82,-4.63736111111667,-6.75402777778333
BG2570,Bulgaria,BG,BG4,BG41,BG415,Кюстендил,245.86,1.47791666666666,2.28249999999998,2332.82,-4.63736111111667,-6.75402777778333
BG2571,Bulgaria,BG,BG4,BG41,BG415,Кюстендил,245.86,1.47791666666666,2.28249999999998,2332.82,-4.63736111111667,-6.75402777778333
BG2572,Bulgaria,BG,BG4,BG41,BG415,Кюстендил,245.86,1.47791666666666,2.28249999999998,2332.82,-4.63736111111667,-6.75402777778333
BG2573,Bulgaria,BG,BG4,BG41,BG415,Кюстендил,245.86,1.47791666666666,2.28249999999998,2332.82,-4.63736111111667,-6.75402777778333
BG2574,Bulgaria,BG,BG4,BG41,BG415,Кюстендил,245.86,1.47791666666666,2.28249999999998,2332.82,-4.63736111111667,-6.75402777778333
BG2575,Bulgaria,BG,BG4,BG41,BG415,Кюстендил,245.86,1.47791666666666,2.28249999999998,2332.82,-4.63736111111667,-6.75402777778333
BG2576,Bulgaria,BG,BG4,BG41,BG415,Кюстендил,245.86,1.47791666666666,2.28249999999998,2332.82,-4.63736111111667,-6.75402777778333
BG2577,Bulgaria,BG,BG4,BG41,BG415,Кюстендил,245.86,1.47791666666666,2.28249999999998,2332.82,-4.63736111111667,-6.75402777778333
BG2578,Bulgaria,BG,BG4,BG41,BG415,Кюстендил,245.86,1.47791666666666,2.28249999999998,2332.82,-4.63736111111667,-6.75402777778333
BG2579,Bulgaria,BG,BG4,BG41,BG415,Кюстендил,245.86,1.47791666666666,2.28249999999998,2332.82,-4.63736111111667,-6.75402777778333
BG2580,Bulgaria,BG,BG4,BG41,BG415,Кюстендил,245.86,1.47791666666666,2.28249999999998,2332.82,-4.63736111111667,-6.75402777778333
BG2581,Bulgaria,BG,BG4,BG41,BG415,Кюстендил,245.86,1.47791666666666,2.28249999999998,2332.82,-4.63736111111667,-6.75402777778333
BG2582,Bulgaria,BG,BG4,BG41,BG415,Кюстендил,245.86,1.47791666666666,2.28249999999998,2332.82,-4.63736111111667,-6.75402777778333
BG2583,Bulgaria,BG,BG4,BG41,BG415,Кюстендил,245.86,1.47791666666666,2.28249999999998,2332.82,-4.63736111111667,-6.75402777778333
BG2584,Bulgaria,BG,BG4,BG41,BG415,Кюстендил,245.86,1.47791666666666,2.28249999999998,2332.82,-4.63736111111667,-6.75402777778333
BG2585,Bulgaria,BG,BG4,BG41,BG415,Кюстендил,245.86,1.47791666666666,2.28249999999998,2332.82,-4.63736111111667,-6.75402777778333
BG2586,Bulgaria,BG,BG4,BG41,BG415,Кюстендил,245.86,1.47791666666666,2.28249999999998,2332.82,-4.63736111111667,-6.75402777778333
BG2587,Bulgaria,BG,BG4,BG41,BG415,Кюстендил,245.86,1.47791666666666,2.28249999999998,2332.82,-4.63736111111667,-6.75402777778333
BG2588,Bulgaria,BG,BG4,BG41,BG415,Кюстендил,245.86,1.47791666666666,2.28249999999998,2332.82,-4.63736111111667,-6.75402777778333
BG2589,Bulgaria,BG,BG4,BG41,BG415,Кюстендил,245.86,1.47791666666666,2.28249999999998,2332.82,-4.63736111111667,-6.75402777778333
BG2590,Bulgaria,BG,BG4,BG41,BG415,Кюстендил,245.86,1.47791666666666,2.28249999999998,2332.82,-4.63736111111667,-6.75402777778333
BG2591,Bulgaria,BG,BG4,BG41,BG415,Кюстендил,245.86,1.47791666666666,2.28249999999998,2332.82,-4.63736111111667,-6.75402777778333
BG2592,Bulgaria,BG,BG4,BG41,BG415,Кюстендил,245.86,1.47791666666666,2.28249999999998,2332.82,-4.63736111111667,-6.75402777778333
BG2593,Bulgaria,BG,BG4,BG41,BG415,Кюстендил,245.86,1.47791666666666,2.28249999999998,2332.82,-4.63736111111667,-6.75402777778333
BG2594,Bulgaria,BG,BG4,BG41,BG415,Кюстендил,245.86,1.47791666666666,2.28249999999998,2332.82,-4.63736111111667,-6.75402777778333
BG2595,Bulgaria,BG,BG4,BG41,BG415,Кюстендил,245.86,1.47791666666666,2.28249999999998,2332.82,-4.63736111111667,-6.75402777778333
BG2596,Bulgaria,BG,BG4,BG41,BG415,Кюстендил,245.86,1.47791666666666,2.28249999999998,2332.82,-4.63736111111667,-6.75402777778333
BG2597,Bulgaria,BG,BG4,BG41,BG415,Кюстендил,245.86,1.47791666666666,2.28249999999998,2332.82,-4.63736111111667,-6.75402777778333
BG2598,Bulgaria,BG,BG4,BG41,BG415,Кюстендил,245.86,1.47791666666666,2.28249999999998,2332.82,-4.63736111111667,-6.75402777778333
BG2599,Bulgaria,BG,BG4,BG41,BG415,Кюстендил,245.86,1.47791666666666,2.28249999999998,2332.82,-4.63736111111667,-6.75402777778333
BG2600,Bulgaria,BG,BG4,BG41,BG415,Кюстендил,245.86,1.47791666666666,2.28249999999998,2332.82,-4.63736111111667,-6.75402777778333
BG2617,Bulgaria,BG,BG4,BG41,BG415,Кюстендил,245.86,1.47791666666666,2.28249999999998,2332.82,-4.63736111111667,-6.75402777778333
BG2618,Bulgaria,BG,BG4,BG41,BG415,Кюстендил,245.86,1.47791666666666,2.28249999999998,2332.82,-4.63736111111667,-6.75402777778333
BG2619,Bulgaria,BG,BG4,BG41,BG415,Кюстендил,245.86,1.47791666666666,2.28249999999998,2332.82,-4.63736111111667,-6.75402777778333
BG2620,Bulgaria,BG,BG4,BG41,BG415,Кюстендил,245.86,1.47791666666666,2.28249999999998,2332.82,-4.63736111111667,-6.75402777778333
BG2621,Bulgaria,BG,BG4,BG41,BG415,Кюстендил,245.86,1.47791666666666,2.28249999999998,2332.82,-4.63736111111667,-6.75402777778333
BG2623,Bulgaria,BG,BG4,BG41,BG415,Кюстендил,245.86,1.47791666666666,2.28249999999998,2332.82,-4.63736111111667,-6.75402777778333
BG2624,Bulgaria,BG,BG4,BG41,BG415,Кюстендил,245.86,1.47791666666666,2.28249999999998,2332.82,-4.63736111111667,-6.75402777778333
BG2625,Bulgaria,BG,BG4,BG41,BG415,Кюстендил,245.86,1.47791666666666,2.28249999999998,2332.82,-4.63736111111667,-6.75402777778333
BG2626,Bulgaria,BG,BG4,BG41,BG415,Кюстендил,245.86,1.47791666666666,2.28249999999998,2332.82,-4.63736111111667,-6.75402777778333
BG2628,Bulgaria,BG,BG4,BG41,BG415,Кюстендил,245.86,1.47791666666666,2.28249999999998,2332.82,-4.63736111111667,-6.75402777778333
BG2629,Bulgaria,BG,BG4,BG41,BG415,Кюстендил,245.86,1.47791666666666,2.28249999999998,2332.82,-4.63736111111667,-6.75402777778333
BG2630,Bulgaria,BG,BG4,BG41,BG415,Кюстендил,245.86,1.47791666666666,2.28249999999998,2332.82,-4.63736111111667,-6.75402777778333
BG2631,Bulgaria,BG,BG4,BG41,BG415,Кюстендил,245.86,1.47791666666666,2.28249999999998,2332.82,-4.63736111111667,-6.75402777778333
BG2632,Bulgaria,BG,BG4,BG41,BG415,Кюстендил,245.86,1.47791666666666,2.28249999999998,2332.82,-4.63736111111667,-6.75402777778333
BG2633,Bulgaria,BG,BG4,BG41,BG415,Кюстендил,245.86,1.47791666666666,2.28249999999998,2332.82,-4.63736111111667,-6.75402777778333
BG2634,Bulgaria,BG,BG4,BG41,BG415,Кюстендил,245.86,1.47791666666666,2.28249999999998,2332.82,-4.63736111111667,-6.75402777778333
BG2635,Bulgaria,BG,BG4,BG41,BG415,Кюстендил,245.86,1.47791666666666,2.28249999999998,2332.82,-4.63736111111667,-6.75402777778333
BG2636,Bulgaria,BG,BG4,BG41,BG415,Кюстендил,245.86,1.47791666666666,2.28249999999998,2332.82,-4.63736111111667,-6.75402777778333
BG2637,Bulgaria,BG,BG4,BG41,BG415,Кюстендил,245.86,1.47791666666666,2.28249999999998,2332.82,-4.63736111111667,-6.75402777778333
BG2638,Bulgaria,BG,BG4,BG41,BG415,Кюстендил,245.86,1.47791666666666,2.28249999999998,2332.82,-4.63736111111667,-6.75402777778333
BG2639,Bulgaria,BG,BG4,BG41,BG415,Кюстендил,245.86,1.47791666666666,2.28249999999998,2332.82,-4.63736111111667,-6.75402777778333
BG2640,Bulgaria,BG,BG4,BG41,BG415,Кюстендил,245.86,1.47791666666666,2.28249999999998,2332.82,-4.63736111111667,-6.75402777778333
BG2641,Bulgaria,BG,BG4,BG41,BG415,Кюстендил,245.86,1.47791666666666,2.28249999999998,2332.82,-4.63736111111667,-6.75402777778333
BG2642,Bulgaria,BG,BG4,BG41,BG415,Кюстендил,245.86,1.47791666666666,2.28249999999998,2332.82,-4.63736111111667,-6.75402777778333
BG2643,Bulgaria,BG,BG4,BG41,BG415,Кюстендил,245.86,1.47791666666666,2.28249999999998,2332.82,-4.63736111111667,-6.75402777778333
BG2644,Bulgaria,BG,BG4,BG41,BG415,Кюстендил,245.86,1.47791666666666,2.28249999999998,2332.82,-4.63736111111667,-6.75402777778333
BG2645,Bulgaria,BG,BG4,BG41,BG415,Кюстендил,245.86,1.47791666666666,2.28249999999998,2332.82,-4.63736111111667,-6.75402777778333
BG2647,Bulgaria,BG,BG4,BG41,BG415,Кюстендил,245.86,1.47791666666666,2.28249999999998,2332.82,-4.63736111111667,-6.75402777778333
BG2648,Bulgaria,BG,BG4,BG41,BG415,Кюстендил,245.86,1.47791666666666,2.28249999999998,2332.82,-4.63736111111667,-6.75402777778333
BG2649,Bulgaria,BG,BG4,BG41,BG415,Кюстендил,245.86,1.47791666666666,2.28249999999998,2332.82,-4.63736111111667,-6.75402777778333
BG2650,Bulgaria,BG,BG4,BG41,BG415,Кюстендил,245.86,1.47791666666666,2.28249999999998,2332.82,-4.63736111111667,-6.75402777778333
BG2651,Bulgaria,BG,BG4,BG41,BG415,Кюстендил,245.86,1.47791666666666,2.28249999999998,2332.82,-4.63736111111667,-6.75402777778333
BG2652,Bulgaria,BG,BG4,BG41,BG415,Кюстендил,245.86,1.47791666666666,2.28249999999998,2332.82,-4.63736111111667,-6.75402777778333
BG2653,Bulgaria,BG,BG4,BG41,BG415,Кюстендил,245.86,1.47791666666666,2.28249999999998,2332.82,-4.63736111111667,-6.75402777778333
BG2654,Bulgaria,BG,BG4,BG41,BG415,Кюстендил,245.86,1.47791666666666,2.28249999999998,2332.82,-4.63736111111667,-6.75402777778333
BG2655,Bulgaria,BG,BG4,BG41,BG415,Кюстендил,245.86,1.47791666666666,2.28249999999998,2332.82,-4.63736111111667,-6.75402777778333
BG2656,Bulgaria,BG,BG4,BG41,BG415,Кюстендил,245.86,1.47791666666666,2.28249999999998,2332.82,-4.63736111111667,-6.75402777778333
BG2657,Bulgaria,BG,BG4,BG41,BG415,Кюстендил,245.86,1.47791666666666,2.28249999999998,2332.82,-4.63736111111667,-6.75402777778333
BG2658,Bulgaria,BG,BG4,BG41,BG415,Кюстендил,245.86,1.47791666666666,2.28249999999998,2332.82,-4.63736111111667,-6.75402777778333
BG2659,Bulgaria,BG,BG4,BG41,BG415,Кюстендил,245.86,1.47791666666666,2.28249999999998,2332.82,-4.63736111111667,-6.75402777778333
BG2660,Bulgaria,BG,BG4,BG41,BG415,Кюстендил,245.86,1.47791666666666,2.28249999999998,2332.82,-4.63736111111667,-6.75402777778333
BG2661,Bulgaria,BG,BG4,BG41,BG415,Кюстендил,245.86,1.47791666666666,2.28249999999998,2332.82,-4.63736111111667,-6.75402777778333
BG2662,Bulgaria,BG,BG4,BG41,BG415,Кюстендил,245.86,1.47791666666666,2.28249999999998,2332.82,-4.63736111111667,-6.75402777778333
BG2663,Bulgaria,BG,BG4,BG41,BG415,Кюстендил,245.86,1.47791666666666,2.28249999999998,2332.82,-4.63736111111667,-6.75402777778333
BG2664,Bulgaria,BG,BG4,BG41,BG415,Кюстендил,245.86,1.47791666666666,2.28249999999998,2332.82,-4.63736111111667,-6.75402777778333
BG2665,Bulgaria,BG,BG4,BG41,BG415,Кюстендил,245.86,1.47791666666666,2.28249999999998,2332.82,-4.63736111111667,-6.75402777778333
BG2666,Bulgaria,BG,BG4,BG41,BG415,Кюстендил,245.86,1.47791666666666,2.28249999999998,2332.82,-4.63736111111667,-6.75402777778333
BG2667,Bulgaria,BG,BG4,BG41,BG415,Кюстендил,245.86,1.47791666666666,2.28249999999998,2332.82,-4.63736111111667,-6.75402777778333
BG2668,Bulgaria,BG,BG4,BG41,BG415,Кюстендил,245.86,1.47791666666666,2.28249999999998,2332.82,-4.63736111111667,-6.75402777778333
BG2669,Bulgaria,BG,BG4,BG41,BG415,Кюстендил,245.86,1.47791666666666,2.28249999999998,2332.82,-4.63736111111667,-6.75402777778333
BG2670,Bulgaria,BG,BG4,BG41,BG415,Кюстендил,245.86,1.47791666666666,2.28249999999998,2332.82,-4.63736111111667,-6.75402777778333
BG2675,Bulgaria,BG,BG4,BG41,BG415,Кюстендил,245.86,1.47791666666666,2.28249999999998,2332.82,-4.63736111111667,-6.75402777778333
BG2676,Bulgaria,BG,BG4,BG41,BG415,Кюстендил,245.86,1.47791666666666,2.28249999999998,2332.82,-4.63736111111667,-6.75402777778333
BG2677,Bulgaria,BG,BG4,BG41,BG415,Кюстендил,245.86,1.47791666666666,2.28249999999998,2332.82,-4.63736111111667,-6.75402777778333
BG2678,Bulgaria,BG,BG4,BG41,BG415,Кюстендил,245.86,1.47791666666666,2.28249999999998,2332.82,-4.63736111111667,-6.75402777778333
BG2679,Bulgaria,BG,BG4,BG41,BG415,Кюстендил,245.86,1.47791666666666,2.28249999999998,2332.82,-4.63736111111667,-6.75402777778333
BG2680,Bulgaria,BG,BG4,BG41,BG415,Кюстендил,245.86,1.47791666666666,2.28249999999998,2332.82,-4.63736111111667,-6.75402777778333
BG2681,Bulgaria,BG,BG4,BG41,BG415,Кюстендил,245.86,1.47791666666666,2.28249999999998,2332.82,-4.63736111111667,-6.75402777778333
BG2682,Bulgaria,BG,BG4,BG41,BG415,Кюстендил,245.86,1.47791666666666,2.28249999999998,2332.82,-4.63736111111667,-6.75402777778333
BG2683,Bulgaria,BG,BG4,BG41,BG415,Кюстендил,245.86,1.47791666666666,2.28249999999998,2332.82,-4.63736111111667,-6.75402777778333
BG2684,Bulgaria,BG,BG4,BG41,BG415,Кюстендил,245.86,1.47791666666666,2.28249999999998,2332.82,-4.63736111111667,-6.75402777778333
BG2687,Bulgaria,BG,BG4,BG41,BG415,Кюстендил,245.86,1.47791666666666,2.28249999999998,2332.82,-4.63736111111667,-6.75402777778333
BG2688,Bulgaria,BG,BG4,BG41,BG415,Кюстендил,245.86,1.47791666666666,2.28249999999998,2332.82,-4.63736111111667,-6.75402777778333
BG2689,Bulgaria,BG,BG4,BG41,BG415,Кюстендил,245.86,1.47791666666666,2.28249999999998,2332.82,-4.63736111111667,-6.75402777778333
BG2690,Bulgaria,BG,BG4,BG41,BG415,Кюстендил,245.86,1.47791666666666,2.28249999999998,2332.82,-4.63736111111667,-6.75402777778333
BG2691,Bulgaria,BG,BG4,BG41,BG415,Кюстендил,245.86,1.47791666666666,2.28249999999998,2332.82,-4.63736111111667,-6.75402777778333
BG3400,Bulgaria,BG,BG3,BG31,BG312,Монтана,368.67,1.65746031746,2.3805952381,2237.07,-4.20063492063333,-5.85551587301665
BG3429,Bulgaria,BG,BG3,BG31,BG312,Монтана,368.67,1.65746031746,2.3805952381,2237.07,-4.20063492063333,-5.85551587301665
BG3430,Bulgaria,BG,BG3,BG31,BG312,Монтана,368.67,1.65746031746,2.3805952381,2237.07,-4.20063492063333,-5.85551587301665
BG3431,Bulgaria,BG,BG3,BG31,BG312,Монтана,368.67,1.65746031746,2.3805952381,2237.07,-4.20063492063333,-5.85551587301665
BG3432,Bulgaria,BG,BG3,BG31,BG312,Монтана,368.67,1.65746031746,2.3805952381,2237.07,-4.20063492063333,-5.85551587301665
BG3434,Bulgaria,BG,BG3,BG31,BG312,Монтана,368.67,1.65746031746,2.3805952381,2237.07,-4.20063492063333,-5.85551587301665
BG3435,Bulgaria,BG,BG3,BG31,BG312,Монтана,368.67,1.65746031746,2.3805952381,2237.07,-4.20063492063333,-5.85551587301665
BG3437,Bulgaria,BG,BG3,BG31,BG312,Монтана,368.67,1.65746031746,2.3805952381,2237.07,-4.20063492063333,-5.85551587301665
BG3438,Bulgaria,BG,BG3,BG31,BG312,Монтана,368.67,1.65746031746,2.3805952381,2237.07,-4.20063492063333,-5.85551587301665
BG3439,Bulgaria,BG,BG3,BG31,BG312,Монтана,368.67,1.65746031746,2.3805952381,2237.07,-4.20063492063333,-5.85551587301665
BG3440,Bulgaria,BG,BG3,BG31,BG312,Монтана,368.67,1.65746031746,2.3805952381,2237.07,-4.20063492063333,-5.85551587301665
BG3441,Bulgaria,BG,BG3,BG31,BG312,Монтана,368.67,1.65746031746,2.3805952381,2237.07,-4.20063492063333,-5.85551587301665
BG3442,Bulgaria,BG,BG3,BG31,BG312,Монтана,368.67,1.65746031746,2.3805952381,2237.07,-4.20063492063333,-5.85551587301665
BG3443,Bulgaria,BG,BG3,BG31,BG312,Монтана,368.67,1.65746031746,2.3805952381,2237.07,-4.20063492063333,-5.85551587301665
BG3444,Bulgaria,BG,BG3,BG31,BG312,Монтана,368.67,1.65746031746,2.3805952381,2237.07,-4.20063492063333,-5.85551587301665
BG3445,Bulgaria,BG,BG3,BG31,BG312,Монтана,368.67,1.65746031746,2.3805952381,2237.07,-4.20063492063333,-5.85551587301665
BG3447,Bulgaria,BG,BG3,BG31,BG312,Монтана,368.67,1.65746031746,2.3805952381,2237.07,-4.20063492063333,-5.85551587301665
BG3448,Bulgaria,BG,BG3,BG31,BG312,Монтана,368.67,1.65746031746,2.3805952381,2237.07,-4.20063492063333,-5.85551587301665
BG3449,Bulgaria,BG,BG3,BG31,BG312,Монтана,368.67,1.65746031746,2.3805952381,2237.07,-4.20063492063333,-5.85551587301665
BG3450,Bulgaria,BG,BG3,BG31,BG312,Монтана,368.67,1.65746031746,2.3805952381,2237.07,-4.20063492063333,-5.85551587301665
BG3451,Bulgaria,BG,BG3,BG31,BG312,Монтана,368.67,1.65746031746,2.3805952381,2237.07,-4.20063492063333,-5.85551587301665
BG3452,Bulgaria,BG,BG3,BG31,BG312,Монтана,368.67,1.65746031746,2.3805952381,2237.07,-4.20063492063333,-5.85551587301665
BG3453,Bulgaria,BG,BG3,BG31,BG312,Монтана,368.67,1.65746031746,2.3805952381,2237.07,-4.20063492063333,-5.85551587301665
BG3454,Bulgaria,BG,BG3,BG31,BG312,Монтана,368.67,1.65746031746,2.3805952381,2237.07,-4.20063492063333,-5.85551587301665
BG3455,Bulgaria,BG,BG3,BG31,BG312,Монтана,368.67,1.65746031746,2.3805952381,2237.07,-4.20063492063333,-5.85551587301665
BG3457,Bulgaria,BG,BG3,BG31,BG312,Монтана,368.67,1.65746031746,2.3805952381,2237.07,-4.20063492063333,-5.85551587301665
BG3458,Bulgaria,BG,BG3,BG31,BG312,Монтана,368.67,1.65746031746,2.3805952381,2237.07,-4.20063492063333,-5.85551587301665
BG3459,Bulgaria,BG,BG3,BG31,BG312,Монтана,368.67,1.65746031746,2.3805952381,2237.07,-4.20063492063333,-5.85551587301665
BG3460,Bulgaria,BG,BG3,BG31,BG312,Монтана,368.67,1.65746031746,2.3805952381,2237.07,-4.20063492063333,-5.85551587301665
BG3461,Bulgaria,BG,BG3,BG31,BG312,Монтана,368.67,1.65746031746,2.3805952381,2237.07,-4.20063492063333,-5.85551587301665
BG3462,Bulgaria,BG,BG3,BG31,BG312,Монтана,368.67,1.65746031746,2.3805952381,2237.07,-4.20063492063333,-5.85551587301665
BG3463,Bulgaria,BG,BG3,BG31,BG312,Монтана,368.67,1.65746031746,2.3805952381,2237.07,-4.20063492063333,-5.85551587301665
BG3464,Bulgaria,BG,BG3,BG31,BG312,Монтана,368.67,1.65746031746,2.3805952381,2237.07,-4.20063492063333,-5.85551587301665
BG3465,Bulgaria,BG,BG3,BG31,BG312,Монтана,368.67,1.65746031746,2.3805952381,2237.07,-4.20063492063333,-5.85551587301665
BG3467,Bulgaria,BG,BG3,BG31,BG312,Монтана,368.67,1.65746031746,2.3805952381,2237.07,-4.20063492063333,-5.85551587301665
BG3468,Bulgaria,BG,BG3,BG31,BG312,Монтана,368.67,1.65746031746,2.3805952381,2237.07,-4.20063492063333,-5.85551587301665
BG3469,Bulgaria,BG,BG3,BG31,BG312,Монтана,368.67,1.65746031746,2.3805952381,2237.07,-4.20063492063333,-5.85551587301665
BG3470,Bulgaria,BG,BG3,BG31,BG312,Монтана,368.67,1.65746031746,2.3805952381,2237.07,-4.20063492063333,-5.85551587301665
BG3471,Bulgaria,BG,BG3,BG31,BG312,Монтана,368.67,1.65746031746,2.3805952381,2237.07,-4.20063492063333,-5.85551587301665
BG3472,Bulgaria,BG,BG3,BG31,BG312,Монтана,368.67,1.65746031746,2.3805952381,2237.07,-4.20063492063333,-5.85551587301665
BG3473,Bulgaria,BG,BG3,BG31,BG312,Монтана,368.67,1.65746031746,2.3805952381,2237.07,-4.20063492063333,-5.85551587301665
BG3474,Bulgaria,BG,BG3,BG31,BG312,Монтана,368.67,1.65746031746,2.3805952381,2237.07,-4.20063492063333,-5.85551587301665
BG3475,Bulgaria,BG,BG3,BG31,BG312,Монтана,368.67,1.65746031746,2.3805952381,2237.07,-4.20063492063333,-5.85551587301665
BG3476,Bulgaria,BG,BG3,BG31,BG312,Монтана,368.67,1.65746031746,2.3805952381,2237.07,-4.20063492063333,-5.85551587301665
BG3477,Bulgaria,BG,BG3,BG31,BG312,Монтана,368.67,1.65746031746,2.3805952381,2237.07,-4.20063492063333,-5.85551587301665
BG3478,Bulgaria,BG,BG3,BG31,BG312,Монтана,368.67,1.65746031746,2.3805952381,2237.07,-4.20063492063333,-5.85551587301665
BG3479,Bulgaria,BG,BG3,BG31,BG312,Монтана,368.67,1.65746031746,2.3805952381,2237.07,-4.20063492063333,-5.85551587301665
BG3480,Bulgaria,BG,BG3,BG31,BG312,Монтана,368.67,1.65746031746,2.3805952381,2237.07,-4.20063492063333,-5.85551587301665
BG3481,Bulgaria,BG,BG3,BG31,BG312,Монтана,368.67,1.65746031746,2.3805952381,2237.07,-4.20063492063333,-5.85551587301665
BG3482,Bulgaria,BG,BG3,BG31,BG312,Монтана,368.67,1.65746031746,2.3805952381,2237.07,-4.20063492063333,-5.85551587301665
BG3483,Bulgaria,BG,BG3,BG31,BG312,Монтана,368.67,1.65746031746,2.3805952381,2237.07,-4.20063492063333,-5.85551587301665
BG3484,Bulgaria,BG,BG3,BG31,BG312,Монтана,368.67,1.65746031746,2.3805952381,2237.07,-4.20063492063333,-5.85551587301665
BG3485,Bulgaria,BG,BG3,BG31,BG312,Монтана,368.67,1.65746031746,2.3805952381,2237.07,-4.20063492063333,-5.85551587301665
BG3487,Bulgaria,BG,BG3,BG31,BG312,Монтана,368.67,1.65746031746,2.3805952381,2237.07,-4.20063492063333,-5.85551587301665
BG3488,Bulgaria,BG,BG3,BG31,BG312,Монтана,368.67,1.65746031746,2.3805952381,2237.07,-4.20063492063333,-5.85551587301665
BG3489,Bulgaria,BG,BG3,BG31,BG312,Монтана,368.67,1.65746031746,2.3805952381,2237.07,-4.20063492063333,-5.85551587301665
BG3490,Bulgaria,BG,BG3,BG31,BG312,Монтана,368.67,1.65746031746,2.3805952381,2237.07,-4.20063492063333,-5.85551587301665
BG3491,Bulgaria,BG,BG3,BG31,BG312,Монтана,368.67,1.65746031746,2.3805952381,2237.07,-4.20063492063333,-5.85551587301665
BG3492,Bulgaria,BG,BG3,BG31,BG312,Монтана,368.67,1.65746031746,2.3805952381,2237.07,-4.20063492063333,-5.85551587301665
BG3497,Bulgaria,BG,BG3,BG31,BG312,Монтана,368.67,1.65746031746,2.3805952381,2237.07,-4.20063492063333,-5.85551587301665
BG3500,Bulgaria,BG,BG3,BG31,BG312,Монтана,368.67,1.65746031746,2.3805952381,2237.07,-4.20063492063333,-5.85551587301665
BG3515,Bulgaria,BG,BG3,BG31,BG312,Монтана,368.67,1.65746031746,2.3805952381,2237.07,-4.20063492063333,-5.85551587301665
BG3516,Bulgaria,BG,BG3,BG31,BG312,Монтана,368.67,1.65746031746,2.3805952381,2237.07,-4.20063492063333,-5.85551587301665
BG3517,Bulgaria,BG,BG3,BG31,BG312,Монтана,368.67,1.65746031746,2.3805952381,2237.07,-4.20063492063333,-5.85551587301665
BG3518,Bulgaria,BG,BG3,BG31,BG312,Монтана,368.67,1.65746031746,2.3805952381,2237.07,-4.20063492063333,-5.85551587301665
BG3519,Bulgaria,BG,BG3,BG31,BG312,Монтана,368.67,1.65746031746,2.3805952381,2237.07,-4.20063492063333,-5.85551587301665
BG3520,Bulgaria,BG,BG3,BG31,BG312,Монтана,368.67,1.65746031746,2.3805952381,2237.07,-4.20063492063333,-5.85551587301665
BG3522,Bulgaria,BG,BG3,BG31,BG312,Монтана,368.67,1.65746031746,2.3805952381,2237.07,-4.20063492063333,-5.85551587301665
BG3523,Bulgaria,BG,BG3,BG31,BG312,Монтана,368.67,1.65746031746,2.3805952381,2237.07,-4.20063492063333,-5.85551587301665
BG3524,Bulgaria,BG,BG3,BG31,BG312,Монтана,368.67,1.65746031746,2.3805952381,2237.07,-4.20063492063333,-5.85551587301665
BG3525,Bulgaria,BG,BG3,BG31,BG312,Монтана,368.67,1.65746031746,2.3805952381,2237.07,-4.20063492063333,-5.85551587301665
BG3527,Bulgaria,BG,BG3,BG31,BG312,Монтана,368.67,1.65746031746,2.3805952381,2237.07,-4.20063492063333,-5.85551587301665
BG3528,Bulgaria,BG,BG3,BG31,BG312,Монтана,368.67,1.65746031746,2.3805952381,2237.07,-4.20063492063333,-5.85551587301665
BG3529,Bulgaria,BG,BG3,BG31,BG312,Монтана,368.67,1.65746031746,2.3805952381,2237.07,-4.20063492063333,-5.85551587301665
BG3530,Bulgaria,BG,BG3,BG31,BG312,Монтана,368.67,1.65746031746,2.3805952381,2237.07,-4.20063492063333,-5.85551587301665
BG3531,Bulgaria,BG,BG3,BG31,BG312,Монтана,368.67,1.65746031746,2.3805952381,2237.07,-4.20063492063333,-5.85551587301665
BG3532,Bulgaria,BG,BG3,BG31,BG312,Монтана,368.67,1.65746031746,2.3805952381,2237.07,-4.20063492063333,-5.85551587301665
BG3533,Bulgaria,BG,BG3,BG31,BG312,Монтана,368.67,1.65746031746,2.3805952381,2237.07,-4.20063492063333,-5.85551587301665
BG3534,Bulgaria,BG,BG3,BG31,BG312,Монтана,368.67,1.65746031746,2.3805952381,2237.07,-4.20063492063333,-5.85551587301665
BG3535,Bulgaria,BG,BG3,BG31,BG312,Монтана,368.67,1.65746031746,2.3805952381,2237.07,-4.20063492063333,-5.85551587301665
BG3537,Bulgaria,BG,BG3,BG31,BG312,Монтана,368.67,1.65746031746,2.3805952381,2237.07,-4.20063492063333,-5.85551587301665
BG3538,Bulgaria,BG,BG3,BG31,BG312,Монтана,368.67,1.65746031746,2.3805952381,2237.07,-4.20063492063333,-5.85551587301665
BG3539,Bulgaria,BG,BG3,BG31,BG312,Монтана,368.67,1.65746031746,2.3805952381,2237.07,-4.20063492063333,-5.85551587301665
BG3540,Bulgaria,BG,BG3,BG31,BG312,Монтана,368.67,1.65746031746,2.3805952381,2237.07,-4.20063492063333,-5.85551587301665
BG3541,Bulgaria,BG,BG3,BG31,BG312,Монтана,368.67,1.65746031746,2.3805952381,2237.07,-4.20063492063333,-5.85551587301665
BG3542,Bulgaria,BG,BG3,BG31,BG312,Монтана,368.67,1.65746031746,2.3805952381,2237.07,-4.20063492063333,-5.85551587301665
BG3544,Bulgaria,BG,BG3,BG31,BG312,Монтана,368.67,1.65746031746,2.3805952381,2237.07,-4.20063492063333,-5.85551587301665
BG3547,Bulgaria,BG,BG3,BG31,BG312,Монтана,368.67,1.65746031746,2.3805952381,2237.07,-4.20063492063333,-5.85551587301665
BG3600,Bulgaria,BG,BG3,BG31,BG312,Монтана,368.67,1.65746031746,2.3805952381,2237.07,-4.20063492063333,-5.85551587301665
BG3605,Bulgaria,BG,BG3,BG31,BG312,Монтана,368.67,1.65746031746,2.3805952381,2237.07,-4.20063492063333,-5.85551587301665
BG3630,Bulgaria,BG,BG3,BG31,BG312,Монтана,368.67,1.65746031746,2.3805952381,2237.07,-4.20063492063333,-5.85551587301665
BG3631,Bulgaria,BG,BG3,BG31,BG312,Монтана,368.67,1.65746031746,2.3805952381,2237.07,-4.20063492063333,-5.85551587301665
BG3632,Bulgaria,BG,BG3,BG31,BG312,Монтана,368.67,1.65746031746,2.3805952381,2237.07,-4.20063492063333,-5.85551587301665
BG3633,Bulgaria,BG,BG3,BG31,BG312,Монтана,368.67,1.65746031746,2.3805952381,2237.07,-4.20063492063333,-5.85551587301665
BG3634,Bulgaria,BG,BG3,BG31,BG312,Монтана,368.67,1.65746031746,2.3805952381,2237.07,-4.20063492063333,-5.85551587301665
BG3635,Bulgaria,BG,BG3,BG31,BG312,Монтана,368.67,1.65746031746,2.3805952381,2237.07,-4.20063492063333,-5.85551587301665
BG3637,Bulgaria,BG,BG3,BG31,BG312,Монтана,368.67,1.65746031746,2.3805952381,2237.07,-4.20063492063333,-5.85551587301665
BG3638,Bulgaria,BG,BG3,BG31,BG312,Монтана,368.67,1.65746031746,2.3805952381,2237.07,-4.20063492063333,-5.85551587301665
BG3639,Bulgaria,BG,BG3,BG31,BG312,Монтана,368.67,1.65746031746,2.3805952381,2237.07,-4.20063492063333,-5.85551587301665
BG3640,Bulgaria,BG,BG3,BG31,BG312,Монтана,368.67,1.65746031746,2.3805952381,2237.07,-4.20063492063333,-5.85551587301665
BG3641,Bulgaria,BG,BG3,BG31,BG312,Монтана,368.67,1.65746031746,2.3805952381,2237.07,-4.20063492063333,-5.85551587301665
BG3642,Bulgaria,BG,BG3,BG31,BG312,Монтана,368.67,1.65746031746,2.3805952381,2237.07,-4.20063492063333,-5.85551587301665
BG3643,Bulgaria,BG,BG3,BG31,BG312,Монтана,368.67,1.65746031746,2.3805952381,2237.07,-4.20063492063333,-5.85551587301665
BG3644,Bulgaria,BG,BG3,BG31,BG312,Монтана,368.67,1.65746031746,2.3805952381,2237.07,-4.20063492063333,-5.85551587301665
BG3645,Bulgaria,BG,BG3,BG31,BG312,Монтана,368.67,1.65746031746,2.3805952381,2237.07,-4.20063492063333,-5.85551587301665
BG3647,Bulgaria,BG,BG3,BG31,BG312,Монтана,368.67,1.65746031746,2.3805952381,2237.07,-4.20063492063333,-5.85551587301665
BG3648,Bulgaria,BG,BG3,BG31,BG312,Монтана,368.67,1.65746031746,2.3805952381,2237.07,-4.20063492063333,-5.85551587301665
BG3649,Bulgaria,BG,BG3,BG31,BG312,Монтана,368.67,1.65746031746,2.3805952381,2237.07,-4.20063492063333,-5.85551587301665
BG3650,Bulgaria,BG,BG3,BG31,BG312,Монтана,368.67,1.65746031746,2.3805952381,2237.07,-4.20063492063333,-5.85551587301665
BG3657,Bulgaria,BG,BG3,BG31,BG312,Монтана,368.67,1.65746031746,2.3805952381,2237.07,-4.20063492063333,-5.85551587301665
BG3658,Bulgaria,BG,BG3,BG31,BG312,Монтана,368.67,1.65746031746,2.3805952381,2237.07,-4.20063492063333,-5.85551587301665
BG3659,Bulgaria,BG,BG3,BG31,BG312,Монтана,368.67,1.65746031746,2.3805952381,2237.07,-4.20063492063333,-5.85551587301665
BG3660,Bulgaria,BG,BG3,BG31,BG312,Монтана,368.67,1.65746031746,2.3805952381,2237.07,-4.20063492063333,-5.85551587301665
BG3661,Bulgaria,BG,BG3,BG31,BG312,Монтана,368.67,1.65746031746,2.3805952381,2237.07,-4.20063492063333,-5.85551587301665
BG3662,Bulgaria,BG,BG3,BG31,BG312,Монтана,368.67,1.65746031746,2.3805952381,2237.07,-4.20063492063333,-5.85551587301665
BG3663,Bulgaria,BG,BG3,BG31,BG312,Монтана,368.67,1.65746031746,2.3805952381,2237.07,-4.20063492063333,-5.85551587301665
BG3664,Bulgaria,BG,BG3,BG31,BG312,Монтана,368.67,1.65746031746,2.3805952381,2237.07,-4.20063492063333,-5.85551587301665
BG3665,Bulgaria,BG,BG3,BG31,BG312,Монтана,368.67,1.65746031746,2.3805952381,2237.07,-4.20063492063333,-5.85551587301665
BG3667,Bulgaria,BG,BG3,BG31,BG312,Монтана,368.67,1.65746031746,2.3805952381,2237.07,-4.20063492063333,-5.85551587301665
BG3668,Bulgaria,BG,BG3,BG31,BG312,Монтана,368.67,1.65746031746,2.3805952381,2237.07,-4.20063492063333,-5.85551587301665
BG3669,Bulgaria,BG,BG3,BG31,BG312,Монтана,368.67,1.65746031746,2.3805952381,2237.07,-4.20063492063333,-5.85551587301665
BG3670,Bulgaria,BG,BG3,BG31,BG312,Монтана,368.67,1.65746031746,2.3805952381,2237.07,-4.20063492063333,-5.85551587301665
BG3674,Bulgaria,BG,BG3,BG31,BG312,Монтана,368.67,1.65746031746,2.3805952381,2237.07,-4.20063492063333,-5.85551587301665
BG3675,Bulgaria,BG,BG3,BG31,BG312,Монтана,368.67,1.65746031746,2.3805952381,2237.07,-4.20063492063333,-5.85551587301665
BG3678,Bulgaria,BG,BG3,BG31,BG312,Монтана,368.67,1.65746031746,2.3805952381,2237.07,-4.20063492063333,-5.85551587301665
BG3679,Bulgaria,BG,BG3,BG31,BG312,Монтана,368.67,1.65746031746,2.3805952381,2237.07,-4.20063492063333,-5.85551587301665
BG3680,Bulgaria,BG,BG3,BG31,BG312,Монтана,368.67,1.65746031746,2.3805952381,2237.07,-4.20063492063333,-5.85551587301665
BG3685,Bulgaria,BG,BG3,BG31,BG312,Монтана,368.67,1.65746031746,2.3805952381,2237.07,-4.20063492063333,-5.85551587301665
BG6300,Bulgaria,BG,BG4,BG42,BG422,Хасково,562.71,2.16694915255,3.25282485875,1633.74,-3.85361581921667,-5.48231638418332
BG6310,Bulgaria,BG,BG4,BG42,BG422,Хасково,562.71,2.16694915255,3.25282485875,1633.74,-3.85361581921667,-5.48231638418332
BG6311,Bulgaria,BG,BG4,BG42,BG422,Хасково,562.71,2.16694915255,3.25282485875,1633.74,-3.85361581921667,-5.48231638418332
BG6312,Bulgaria,BG,BG4,BG42,BG422,Хасково,562.71,2.16694915255,3.25282485875,1633.74,-3.85361581921667,-5.48231638418332
BG6313,Bulgaria,BG,BG4,BG42,BG422,Хасково,562.71,2.16694915255,3.25282485875,1633.74,-3.85361581921667,-5.48231638418332
BG6330,Bulgaria,BG,BG4,BG42,BG422,Хасково,562.71,2.16694915255,3.25282485875,1633.74,-3.85361581921667,-5.48231638418332
BG6340,Bulgaria,BG,BG4,BG42,BG422,Хасково,562.71,2.16694915255,3.25282485875,1633.74,-3.85361581921667,-5.48231638418332
BG6341,Bulgaria,BG,BG4,BG42,BG422,Хасково,562.71,2.16694915255,3.25282485875,1633.74,-3.85361581921667,-5.48231638418332
BG6342,Bulgaria,BG,BG4,BG42,BG422,Хасково,562.71,2.16694915255,3.25282485875,1633.74,-3.85361581921667,-5.48231638418332
BG6343,Bulgaria,BG,BG4,BG42,BG422,Хасково,562.71,2.16694915255,3.25282485875,1633.74,-3.85361581921667,-5.48231638418332
BG6344,Bulgaria,BG,BG4,BG42,BG422,Хасково,562.71,2.16694915255,3.25282485875,1633.74,-3.85361581921667,-5.48231638418332
BG6345,Bulgaria,BG,BG4,BG42,BG422,Хасково,562.71,2.16694915255,3.25282485875,1633.74,-3.85361581921667,-5.48231638418332
BG6346,Bulgaria,BG,BG4,BG42,BG422,Хасково,562.71,2.16694915255,3.25282485875,1633.74,-3.85361581921667,-5.48231638418332
BG6349,Bulgaria,BG,BG4,BG42,BG422,Хасково,562.71,2.16694915255,3.25282485875,1633.74,-3.85361581921667,-5.48231638418332
BG6350,Bulgaria,BG,BG4,BG42,BG422,Хасково,562.71,2.16694915255,3.25282485875,1633.74,-3.85361581921667,-5.48231638418332
BG6351,Bulgaria,BG,BG4,BG42,BG422,Хасково,562.71,2.16694915255,3.25282485875,1633.74,-3.85361581921667,-5.48231638418332
BG6352,Bulgaria,BG,BG4,BG42,BG422,Хасково,562.71,2.16694915255,3.25282485875,1633.74,-3.85361581921667,-5.48231638418332
BG6353,Bulgaria,BG,BG4,BG42,BG422,Хасково,562.71,2.16694915255,3.25282485875,1633.74,-3.85361581921667,-5.48231638418332
BG6354,Bulgaria,BG,BG4,BG42,BG422,Хасково,562.71,2.16694915255,3.25282485875,1633.74,-3.85361581921667,-5.48231638418332
BG6355,Bulgaria,BG,BG4,BG42,BG422,Хасково,562.71,2.16694915255,3.25282485875,1633.74,-3.85361581921667,-5.48231638418332
BG6356,Bulgaria,BG,BG4,BG42,BG422,Хасково,562.71,2.16694915255,3.25282485875,1633.74,-3.85361581921667,-5.48231638418332
BG6357,Bulgaria,BG,BG4,BG42,BG422,Хасково,562.71,2.16694915255,3.25282485875,1633.74,-3.85361581921667,-5.48231638418332
BG6358,Bulgaria,BG,BG4,BG42,BG422,Хасково,562.71,2.16694915255,3.25282485875,1633.74,-3.85361581921667,-5.48231638418332
BG6359,Bulgaria,BG,BG4,BG42,BG422,Хасково,562.71,2.16694915255,3.25282485875,1633.74,-3.85361581921667,-5.48231638418332
BG6361,Bulgaria,BG,BG4,BG42,BG422,Хасково,562.71,2.16694915255,3.25282485875,1633.74,-3.85361581921667,-5.48231638418332
BG6362,Bulgaria,BG,BG4,BG42,BG422,Хасково,562.71,2.16694915255,3.25282485875,1633.74,-3.85361581921667,-5.48231638418332
BG6363,Bulgaria,BG,BG4,BG42,BG422,Хасково,562.71,2.16694915255,3.25282485875,1633.74,-3.85361581921667,-5.48231638418332
BG6364,Bulgaria,BG,BG4,BG42,BG422,Хасково,562.71,2.16694915255,3.25282485875,1633.74,-3.85361581921667,-5.48231638418332
BG6365,Bulgaria,BG,BG4,BG42,BG422,Хасково,562.71,2.16694915255,3.25282485875,1633.74,-3.85361581921667,-5.48231638418332
BG6366,Bulgaria,BG,BG4,BG42,BG422,Хасково,562.71,2.16694915255,3.25282485875,1633.74,-3.85361581921667,-5.48231638418332
BG6367,Bulgaria,BG,BG4,BG42,BG422,Хасково,562.71,2.16694915255,3.25282485875,1633.74,-3.85361581921667,-5.48231638418332
BG6368,Bulgaria,BG,BG4,BG42,BG422,Хасково,562.71,2.16694915255,3.25282485875,1633.74,-3.85361581921667,-5.48231638418332
BG6369,Bulgaria,BG,BG4,BG42,BG422,Хасково,562.71,2.16694915255,3.25282485875,1633.74,-3.85361581921667,-5.48231638418332
BG6370,Bulgaria,BG,BG4,BG42,BG422,Хасково,562.71,2.16694915255,3.25282485875,1633.74,-3.85361581921667,-5.48231638418332
BG6371,Bulgaria,BG,BG4,BG42,BG422,Хасково,562.71,2.16694915255,3.25282485875,1633.74,-3.85361581921667,-5.48231638418332
BG6372,Bulgaria,BG,BG4,BG42,BG422,Хасково,562.71,2.16694915255,3.25282485875,1633.74,-3.85361581921667,-5.48231638418332
BG6373,Bulgaria,BG,BG4,BG42,BG422,Хасково,562.71,2.16694915255,3.25282485875,1633.74,-3.85361581921667,-5.48231638418332
BG6374,Bulgaria,BG,BG4,BG42,BG422,Хасково,562.71,2.16694915255,3.25282485875,1633.74,-3.85361581921667,-5.48231638418332
BG6376,Bulgaria,BG,BG4,BG42,BG422,Хасково,562.71,2.16694915255,3.25282485875,1633.74,-3.85361581921667,-5.48231638418332
BG6377,Bulgaria,BG,BG4,BG42,BG422,Хасково,562.71,2.16694915255,3.25282485875,1633.74,-3.85361581921667,-5.48231638418332
BG6378,Bulgaria,BG,BG4,BG42,BG422,Хасково,562.71,2.16694915255,3.25282485875,1633.74,-3.85361581921667,-5.48231638418332
BG6379,Bulgaria,BG,BG4,BG42,BG422,Хасково,562.71,2.16694915255,3.25282485875,1633.74,-3.85361581921667,-5.48231638418332
BG6380,Bulgaria,BG,BG4,BG42,BG422,Хасково,562.71,2.16694915255,3.25282485875,1633.74,-3.85361581921667,-5.48231638418332
BG6381,Bulgaria,BG,BG4,BG42,BG422,Хасково,562.71,2.16694915255,3.25282485875,1633.74,-3.85361581921667,-5.48231638418332
BG6382,Bulgaria,BG,BG4,BG42,BG422,Хасково,562.71,2.16694915255,3.25282485875,1633.74,-3.85361581921667,-5.48231638418332
BG6383,Bulgaria,BG,BG4,BG42,BG422,Хасково,562.71,2.16694915255,3.25282485875,1633.74,-3.85361581921667,-5.48231638418332
BG6385,Bulgaria,BG,BG4,BG42,BG422,Хасково,562.71,2.16694915255,3.25282485875,1633.74,-3.85361581921667,-5.48231638418332
BG6387,Bulgaria,BG,BG4,BG42,BG422,Хасково,562.71,2.16694915255,3.25282485875,1633.74,-3.85361581921667,-5.48231638418332
BG6388,Bulgaria,BG,BG4,BG42,BG422,Хасково,562.71,2.16694915255,3.25282485875,1633.74,-3.85361581921667,-5.48231638418332
BG6389,Bulgaria,BG,BG4,BG42,BG422,Хасково,562.71,2.16694915255,3.25282485875,1633.74,-3.85361581921667,-5.48231638418332
BG6390,Bulgaria,BG,BG4,BG42,BG422,Хасково,562.71,2.16694915255,3.25282485875,1633.74,-3.85361581921667,-5.48231638418332
BG6391,Bulgaria,BG,BG4,BG42,BG422,Хасково,562.71,2.16694915255,3.25282485875,1633.74,-3.85361581921667,-5.48231638418332
BG6392,Bulgaria,BG,BG4,BG42,BG422,Хасково,562.71,2.16694915255,3.25282485875,1633.74,-3.85361581921667,-5.48231638418332
BG6393,Bulgaria,BG,BG4,BG42,BG422,Хасково,562.71,2.16694915255,3.25282485875,1633.74,-3.85361581921667,-5.48231638418332
BG6394,Bulgaria,BG,BG4,BG42,BG422,Хасково,562.71,2.16694915255,3.25282485875,1633.74,-3.85361581921667,-5.48231638418332
BG6395,Bulgaria,BG,BG4,BG42,BG422,Хасково,562.71,2.16694915255,3.25282485875,1633.74,-3.85361581921667,-5.48231638418332
BG6396,Bulgaria,BG,BG4,BG42,BG422,Хасково,562.71,2.16694915255,3.25282485875,1633.74,-3.85361581921667,-5.48231638418332
BG6397,Bulgaria,BG,BG4,BG42,BG422,Хасково,562.71,2.16694915255,3.25282485875,1633.74,-3.85361581921667,-5.48231638418332
BG6398,Bulgaria,BG,BG4,BG42,BG422,Хасково,562.71,2.16694915255,3.25282485875,1633.74,-3.85361581921667,-5.48231638418332
BG6400,Bulgaria,BG,BG4,BG42,BG422,Хасково,562.71,2.16694915255,3.25282485875,1633.74,-3.85361581921667,-5.48231638418332
BG6410,Bulgaria,BG,BG4,BG42,BG422,Хасково,562.71,2.16694915255,3.25282485875,1633.74,-3.85361581921667,-5.48231638418332
BG6411,Bulgaria,BG,BG4,BG42,BG422,Хасково,562.71,2.16694915255,3.25282485875,1633.74,-3.85361581921667,-5.48231638418332
BG6412,Bulgaria,BG,BG4,BG42,BG422,Хасково,562.71,2.16694915255,3.25282485875,1633.74,-3.85361581921667,-5.48231638418332
BG6420,Bulgaria,BG,BG4,BG42,BG422,Хасково,562.71,2.16694915255,3.25282485875,1633.74,-3.85361581921667,-5.48231638418332
BG6421,Bulgaria,BG,BG4,BG42,BG422,Хасково,562.71,2.16694915255,3.25282485875,1633.74,-3.85361581921667,-5.48231638418332
BG6422,Bulgaria,BG,BG4,BG42,BG422,Хасково,562.71,2.16694915255,3.25282485875,1633.74,-3.85361581921667,-5.48231638418332
BG6423,Bulgaria,BG,BG4,BG42,BG422,Хасково,562.71,2.16694915255,3.25282485875,1633.74,-3.85361581921667,-5.48231638418332
BG6424,Bulgaria,BG,BG4,BG42,BG422,Хасково,562.71,2.16694915255,3.25282485875,1633.74,-3.85361581921667,-5.48231638418332
BG6425,Bulgaria,BG,BG4,BG42,BG422,Хасково,562.71,2.16694915255,3.25282485875,1633.74,-3.85361581921667,-5.48231638418332
BG6427,Bulgaria,BG,BG4,BG42,BG422,Хасково,562.71,2.16694915255,3.25282485875,1633.74,-3.85361581921667,-5.48231638418332
BG6428,Bulgaria,BG,BG4,BG42,BG422,Хасково,562.71,2.16694915255,3.25282485875,1633.74,-3.85361581921667,-5.48231638418332
BG6431,Bulgaria,BG,BG4,BG42,BG422,Хасково,562.71,2.16694915255,3.25282485875,1633.74,-3.85361581921667,-5.48231638418332
BG6432,Bulgaria,BG,BG4,BG42,BG422,Хасково,562.71,2.16694915255,3.25282485875,1633.74,-3.85361581921667,-5.48231638418332
BG6434,Bulgaria,BG,BG4,BG42,BG422,Хасково,562.71,2.16694915255,3.25282485875,1633.74,-3.85361581921667,-5.48231638418332
BG6435,Bulgaria,BG,BG4,BG42,BG422,Хасково,562.71,2.16694915255,3.25282485875,1633.74,-3.85361581921667,-5.48231638418332
BG6437,Bulgaria,BG,BG4,BG42,BG422,Хасково,562.71,2.16694915255,3.25282485875,1633.74,-3.85361581921667,-5.48231638418332
BG6438,Bulgaria,BG,BG4,BG42,BG422,Хасково,562.71,2.16694915255,3.25282485875,1633.74,-3.85361581921667,-5.48231638418332
BG6439,Bulgaria,BG,BG4,BG42,BG422,Хасково,562.71,2.16694915255,3.25282485875,1633.74,-3.85361581921667,-5.48231638418332
BG6440,Bulgaria,BG,BG4,BG42,BG422,Хасково,562.71,2.16694915255,3.25282485875,1633.74,-3.85361581921667,-5.48231638418332
BG6442,Bulgaria,BG,BG4,BG42,BG422,Хасково,562.71,2.16694915255,3.25282485875,1633.74,-3.85361581921667,-5.48231638418332
BG6446,Bulgaria,BG,BG4,BG42,BG422,Хасково,562.71,2.16694915255,3.25282485875,1633.74,-3.85361581921667,-5.48231638418332
BG6450,Bulgaria,BG,BG4,BG42,BG422,Хасково,562.71,2.16694915255,3.25282485875,1633.74,-3.85361581921667,-5.48231638418332
BG6454,Bulgaria,BG,BG4,BG42,BG422,Хасково,562.71,2.16694915255,3.25282485875,1633.74,-3.85361581921667,-5.48231638418332
BG6457,Bulgaria,BG,BG4,BG42,BG422,Хасково,562.71,2.16694915255,3.25282485875,1633.74,-3.85361581921667,-5.48231638418332
BG6458,Bulgaria,BG,BG4,BG42,BG422,Хасково,562.71,2.16694915255,3.25282485875,1633.74,-3.85361581921667,-5.48231638418332
BG6459,Bulgaria,BG,BG4,BG42,BG422,Хасково,562.71,2.16694915255,3.25282485875,1633.74,-3.85361581921667,-5.48231638418332
BG6460,Bulgaria,BG,BG4,BG42,BG422,Хасково,562.71,2.16694915255,3.25282485875,1633.74,-3.85361581921667,-5.48231638418332
BG6461,Bulgaria,BG,BG4,BG42,BG422,Хасково,562.71,2.16694915255,3.25282485875,1633.74,-3.85361581921667,-5.48231638418332
BG6462,Bulgaria,BG,BG4,BG42,BG422,Хасково,562.71,2.16694915255,3.25282485875,1633.74,-3.85361581921667,-5.48231638418332
BG6463,Bulgaria,BG,BG4,BG42,BG422,Хасково,562.71,2.16694915255,3.25282485875,1633.74,-3.85361581921667,-5.48231638418332
BG6464,Bulgaria,BG,BG4,BG42,BG422,Хасково,562.71,2.16694915255,3.25282485875,1633.74,-3.85361581921667,-5.48231638418332
BG6465,Bulgaria,BG,BG4,BG42,BG422,Хасково,562.71,2.16694915255,3.25282485875,1633.74,-3.85361581921667,-5.48231638418332
BG6466,Bulgaria,BG,BG4,BG42,BG422,Хасково,562.71,2.16694915255,3.25282485875,1633.74,-3.85361581921667,-5.48231638418332
BG6467,Bulgaria,BG,BG4,BG42,BG422,Хасково,562.71,2.16694915255,3.25282485875,1633.74,-3.85361581921667,-5.48231638418332
BG6468,Bulgaria,BG,BG4,BG42,BG422,Хасково,562.71,2.16694915255,3.25282485875,1633.74,-3.85361581921667,-5.48231638418332
BG6469,Bulgaria,BG,BG4,BG42,BG422,Хасково,562.71,2.16694915255,3.25282485875,1633.74,-3.85361581921667,-5.48231638418332
BG6470,Bulgaria,BG,BG4,BG42,BG422,Хасково,562.71,2.16694915255,3.25282485875,1633.74,-3.85361581921667,-5.48231638418332
BG6471,Bulgaria,BG,BG4,BG42,BG422,Хасково,562.71,2.16694915255,3.25282485875,1633.74,-3.85361581921667,-5.48231638418332
BG6472,Bulgaria,BG,BG4,BG42,BG422,Хасково,562.71,2.16694915255,3.25282485875,1633.74,-3.85361581921667,-5.48231638418332
BG6473,Bulgaria,BG,BG4,BG42,BG422,Хасково,562.71,2.16694915255,3.25282485875,1633.74,-3.85361581921667,-5.48231638418332
BG6474,Bulgaria,BG,BG4,BG42,BG422,Хасково,562.71,2.16694915255,3.25282485875,1633.74,-3.85361581921667,-5.48231638418332
BG6475,Bulgaria,BG,BG4,BG42,BG422,Хасково,562.71,2.16694915255,3.25282485875,1633.74,-3.85361581921667,-5.48231638418332
BG6476,Bulgaria,BG,BG4,BG42,BG422,Хасково,562.71,2.16694915255,3.25282485875,1633.74,-3.85361581921667,-5.48231638418332
BG6477,Bulgaria,BG,BG4,BG42,BG422,Хасково,562.71,2.16694915255,3.25282485875,1633.74,-3.85361581921667,-5.48231638418332
BG6478,Bulgaria,BG,BG4,BG42,BG422,Хасково,562.71,2.16694915255,3.25282485875,1633.74,-3.85361581921667,-5.48231638418332
BG6479,Bulgaria,BG,BG4,BG42,BG422,Хасково,562.71,2.16694915255,3.25282485875,1633.74,-3.85361581921667,-5.48231638418332
BG6480,Bulgaria,BG,BG4,BG42,BG422,Хасково,562.71,2.16694915255,3.25282485875,1633.74,-3.85361581921667,-5.48231638418332
BG6481,Bulgaria,BG,BG4,BG42,BG422,Хасково,562.71,2.16694915255,3.25282485875,1633.74,-3.85361581921667,-5.48231638418332
BG6482,Bulgaria,BG,BG4,BG42,BG422,Хасково,562.71,2.16694915255,3.25282485875,1633.74,-3.85361581921667,-5.48231638418332
BG6483,Bulgaria,BG,BG4,BG42,BG422,Хасково,562.71,2.16694915255,3.25282485875,1633.74,-3.85361581921667,-5.48231638418332
BG6484,Bulgaria,BG,BG4,BG42,BG422,Хасково,562.71,2.16694915255,3.25282485875,1633.74,-3.85361581921667,-5.48231638418332
BG6485,Bulgaria,BG,BG4,BG42,BG422,Хасково,562.71,2.16694915255,3.25282485875,1633.74,-3.85361581921667,-5.48231638418332
BG6486,Bulgaria,BG,BG4,BG42,BG422,Хасково,562.71,2.16694915255,3.25282485875,1633.74,-3.85361581921667,-5.48231638418332
BG6487,Bulgaria,BG,BG4,BG42,BG422,Хасково,562.71,2.16694915255,3.25282485875,1633.74,-3.85361581921667,-5.48231638418332
BG6488,Bulgaria,BG,BG4,BG42,BG422,Хасково,562.71,2.16694915255,3.25282485875,1633.74,-3.85361581921667,-5.48231638418332
BG6490,Bulgaria,BG,BG4,BG42,BG422,Хасково,562.71,2.16694915255,3.25282485875,1633.74,-3.85361581921667,-5.48231638418332
BG6491,Bulgaria,BG,BG4,BG42,BG422,Хасково,562.71,2.16694915255,3.25282485875,1633.74,-3.85361581921667,-5.48231638418332
BG6492,Bulgaria,BG,BG4,BG42,BG422,Хасково,562.71,2.16694915255,3.25282485875,1633.74,-3.85361581921667,-5.48231638418332
BG6493,Bulgaria,BG,BG4,BG42,BG422,Хасково,562.71,2.16694915255,3.25282485875,1633.74,-3.85361581921667,-5.48231638418332
BG6494,Bulgaria,BG,BG4,BG42,BG422,Хасково,562.71,2.16694915255,3.25282485875,1633.74,-3.85361581921667,-5.48231638418332
BG6495,Bulgaria,BG,BG4,BG42,BG422,Хасково,562.71,2.16694915255,3.25282485875,1633.74,-3.85361581921667,-5.48231638418332
BG6496,Bulgaria,BG,BG4,BG42,BG422,Хасково,562.71,2.16694915255,3.25282485875,1633.74,-3.85361581921667,-5.48231638418332
BG6497,Bulgaria,BG,BG4,BG42,BG422,Хасково,562.71,2.16694915255,3.25282485875,1633.74,-3.85361581921667,-5.48231638418332
BG6498,Bulgaria,BG,BG4,BG42,BG422,Хасково,562.71,2.16694915255,3.25282485875,1633.74,-3.85361581921667,-5.48231638418332
BG6499,Bulgaria,BG,BG4,BG42,BG422,Хасково,562.71,2.16694915255,3.25282485875,1633.74,-3.85361581921667,-5.48231638418332
BG6500,Bulgaria,BG,BG4,BG42,BG422,Хасково,562.71,2.16694915255,3.25282485875,1633.74,-3.85361581921667,-5.48231638418332
BG6518,Bulgaria,BG,BG4,BG42,BG422,Хасково,562.71,2.16694915255,3.25282485875,1633.74,-3.85361581921667,-5.48231638418332
BG6519,Bulgaria,BG,BG4,BG42,BG422,Хасково,562.71,2.16694915255,3.25282485875,1633.74,-3.85361581921667,-5.48231638418332
BG6520,Bulgaria,BG,BG4,BG42,BG422,Хасково,562.71,2.16694915255,3.25282485875,1633.74,-3.85361581921667,-5.48231638418332
BG6521,Bulgaria,BG,BG4,BG42,BG422,Хасково,562.71,2.16694915255,3.25282485875,1633.74,-3.85361581921667,-5.48231638418332
BG6522,Bulgaria,BG,BG4,BG42,BG422,Хасково,562.71,2.16694915255,3.25282485875,1633.74,-3.85361581921667,-5.48231638418332
BG6523,Bulgaria,BG,BG4,BG42,BG422,Хасково,562.71,2.16694915255,3.25282485875,1633.74,-3.85361581921667,-5.48231638418332
BG6524,Bulgaria,BG,BG4,BG42,BG422,Хасково,562.71,2.16694915255,3.25282485875,1633.74,-3.85361581921667,-5.48231638418332
BG6525,Bulgaria,BG,BG4,BG42,BG422,Хасково,562.71,2.16694915255,3.25282485875,1633.74,-3.85361581921667,-5.48231638418332
BG6526,Bulgaria,BG,BG4,BG42,BG422,Хасково,562.71,2.16694915255,3.25282485875,1633.74,-3.85361581921667,-5.48231638418332
BG6527,Bulgaria,BG,BG4,BG42,BG422,Хасково,562.71,2.16694915255,3.25282485875,1633.74,-3.85361581921667,-5.48231638418332
BG6528,Bulgaria,BG,BG4,BG42,BG422,Хасково,562.71,2.16694915255,3.25282485875,1633.74,-3.85361581921667,-5.48231638418332
BG6529,Bulgaria,BG,BG4,BG42,BG422,Хасково,562.71,2.16694915255,3.25282485875,1633.74,-3.85361581921667,-5.48231638418332
BG6530,Bulgaria,BG,BG4,BG42,BG422,Хасково,562.71,2.16694915255,3.25282485875,1633.74,-3.85361581921667,-5.48231638418332
BG6531,Bulgaria,BG,BG4,BG42,BG422,Хасково,562.71,2.16694915255,3.25282485875,1633.74,-3.85361581921667,-5.48231638418332
BG6532,Bulgaria,BG,BG4,BG42,BG422,Хасково,562.71,2.16694915255,3.25282485875,1633.74,-3.85361581921667,-5.48231638418332
BG6533,Bulgaria,BG,BG4,BG42,BG422,Хасково,562.71,2.16694915255,3.25282485875,1633.74,-3.85361581921667,-5.48231638418332
BG6534,Bulgaria,BG,BG4,BG42,BG422,Хасково,562.71,2.16694915255,3.25282485875,1633.74,-3.85361581921667,-5.48231638418332
BG6535,Bulgaria,BG,BG4,BG42,BG422,Хасково,562.71,2.16694915255,3.25282485875,1633.74,-3.85361581921667,-5.48231638418332
BG6536,Bulgaria,BG,BG4,BG42,BG422,Хасково,562.71,2.16694915255,3.25282485875,1633.74,-3.85361581921667,-5.48231638418332
BG6537,Bulgaria,BG,BG4,BG42,BG422,Хасково,562.71,2.16694915255,3.25282485875,1633.74,-3.85361581921667,-5.48231638418332
BG6538,Bulgaria,BG,BG4,BG42,BG422,Хасково,562.71,2.16694915255,3.25282485875,1633.74,-3.85361581921667,-5.48231638418332
BG6539,Bulgaria,BG,BG4,BG42,BG422,Хасково,562.71,2.16694915255,3.25282485875,1633.74,-3.85361581921667,-5.48231638418332
BG6540,Bulgaria,BG,BG4,BG42,BG422,Хасково,562.71,2.16694915255,3.25282485875,1633.74,-3.85361581921667,-5.48231638418332
BG6541,Bulgaria,BG,BG4,BG42,BG422,Хасково,562.71,2.16694915255,3.25282485875,1633.74,-3.85361581921667,-5.48231638418332
BG6542,Bulgaria,BG,BG4,BG42,BG422,Хасково,562.71,2.16694915255,3.25282485875,1633.74,-3.85361581921667,-5.48231638418332
BG6543,Bulgaria,BG,BG4,BG42,BG422,Хасково,562.71,2.16694915255,3.25282485875,1633.74,-3.85361581921667,-5.48231638418332
BG6545,Bulgaria,BG,BG4,BG42,BG422,Хасково,562.71,2.16694915255,3.25282485875,1633.74,-3.85361581921667,-5.48231638418332
BG6547,Bulgaria,BG,BG4,BG42,BG422,Хасково,562.71,2.16694915255,3.25282485875,1633.74,-3.85361581921667,-5.48231638418332
BG6548,Bulgaria,BG,BG4,BG42,BG422,Хасково,562.71,2.16694915255,3.25282485875,1633.74,-3.85361581921667,-5.48231638418332
BG6549,Bulgaria,BG,BG4,BG42,BG422,Хасково,562.71,2.16694915255,3.25282485875,1633.74,-3.85361581921667,-5.48231638418332
BG6550,Bulgaria,BG,BG4,BG42,BG422,Хасково,562.71,2.16694915255,3.25282485875,1633.74,-3.85361581921667,-5.48231638418332
BG6551,Bulgaria,BG,BG4,BG42,BG422,Хасково,562.71,2.16694915255,3.25282485875,1633.74,-3.85361581921667,-5.48231638418332
BG6552,Bulgaria,BG,BG4,BG42,BG422,Хасково,562.71,2.16694915255,3.25282485875,1633.74,-3.85361581921667,-5.48231638418332
BG6557,Bulgaria,BG,BG4,BG42,BG422,Хасково,562.71,2.16694915255,3.25282485875,1633.74,-3.85361581921667,-5.48231638418332
BG6558,Bulgaria,BG,BG4,BG42,BG422,Хасково,562.71,2.16694915255,3.25282485875,1633.74,-3.85361581921667,-5.48231638418332
BG6559,Bulgaria,BG,BG4,BG42,BG422,Хасково,562.71,2.16694915255,3.25282485875,1633.74,-3.85361581921667,-5.48231638418332
BG6560,Bulgaria,BG,BG4,BG42,BG422,Хасково,562.71,2.16694915255,3.25282485875,1633.74,-3.85361581921667,-5.48231638418332
BG6564,Bulgaria,BG,BG4,BG42,BG422,Хасково,562.71,2.16694915255,3.25282485875,1633.74,-3.85361581921667,-5.48231638418332
BG6574,Bulgaria,BG,BG4,BG42,BG422,Хасково,562.71,2.16694915255,3.25282485875,1633.74,-3.85361581921667,-5.48231638418332
BG6582,Bulgaria,BG,BG4,BG42,BG422,Хасково,562.71,2.16694915255,3.25282485875,1633.74,-3.85361581921667,-5.48231638418332
BG6584,Bulgaria,BG,BG4,BG42,BG422,Хасково,562.71,2.16694915255,3.25282485875,1633.74,-3.85361581921667,-5.48231638418332
BG6590,Bulgaria,BG,BG4,BG42,BG422,Хасково,562.71,2.16694915255,3.25282485875,1633.74,-3.85361581921667,-5.48231638418332
BG6593,Bulgaria,BG,BG4,BG42,BG422,Хасково,562.71,2.16694915255,3.25282485875,1633.74,-3.85361581921667,-5.48231638418332
BG6595,Bulgaria,BG,BG4,BG42,BG422,Хасково,562.71,2.16694915255,3.25282485875,1633.74,-3.85361581921667,-5.48231638418332
BG6598,Bulgaria,BG,BG4,BG42,BG422,Хасково,562.71,2.16694915255,3.25282485875,1633.74,-3.85361581921667,-5.48231638418332
BG6714,Bulgaria,BG,BG4,BG42,BG422,Хасково,562.71,2.16694915255,3.25282485875,1633.74,-3.85361581921667,-5.48231638418332
BG6949,Bulgaria,BG,BG4,BG42,BG422,Хасково,562.71,2.16694915255,3.25282485875,1633.74,-3.85361581921667,-5.48231638418332
BG6951,Bulgaria,BG,BG4,BG42,BG422,Хасково,562.71,2.16694915255,3.25282485875,1633.74,-3.85361581921667,-5.48231638418332
BG6970,Bulgaria,BG,BG4,BG42,BG422,Хасково,562.71,2.16694915255,3.25282485875,1633.74,-3.85361581921667,-5.48231638418332
BG6973,Bulgaria,BG,BG4,BG42,BG422,Хасково,562.71,2.16694915255,3.25282485875,1633.74,-3.85361581921667,-5.48231638418332
BG6975,Bulgaria,BG,BG4,BG42,BG422,Хасково,562.71,2.16694915255,3.25282485875,1633.74,-3.85361581921667,-5.48231638418332
BG6976,Bulgaria,BG,BG4,BG42,BG422,Хасково,562.71,2.16694915255,3.25282485875,1633.74,-3.85361581921667,-5.48231638418332
BG6977,Bulgaria,BG,BG4,BG42,BG422,Хасково,562.71,2.16694915255,3.25282485875,1633.74,-3.85361581921667,-5.48231638418332
BG6978,Bulgaria,BG,BG4,BG42,BG422,Хасково,562.71,2.16694915255,3.25282485875,1633.74,-3.85361581921667,-5.48231638418332
BG6979,Bulgaria,BG,BG4,BG42,BG422,Хасково,562.71,2.16694915255,3.25282485875,1633.74,-3.85361581921667,-5.48231638418332
BG6981,Bulgaria,BG,BG4,BG42,BG422,Хасково,562.71,2.16694915255,3.25282485875,1633.74,-3.85361581921667,-5.48231638418332
BG6982,Bulgaria,BG,BG4,BG42,BG422,Хасково,562.71,2.16694915255,3.25282485875,1633.74,-3.85361581921667,-5.48231638418332
BG6983,Bulgaria,BG,BG4,BG42,BG422,Хасково,562.71,2.16694915255,3.25282485875,1633.74,-3.85361581921667,-5.48231638418332
BG6984,Bulgaria,BG,BG4,BG42,BG422,Хасково,562.71,2.16694915255,3.25282485875,1633.74,-3.85361581921667,-5.48231638418332
BG6985,Bulgaria,BG,BG4,BG42,BG422,Хасково,562.71,2.16694915255,3.25282485875,1633.74,-3.85361581921667,-5.48231638418332
BG6986,Bulgaria,BG,BG4,BG42,BG422,Хасково,562.71,2.16694915255,3.25282485875,1633.74,-3.85361581921667,-5.48231638418332
BG6989,Bulgaria,BG,BG4,BG42,BG422,Хасково,562.71,2.16694915255,3.25282485875,1633.74,-3.85361581921667,-5.48231638418332
BG6990,Bulgaria,BG,BG4,BG42,BG422,Хасково,562.71,2.16694915255,3.25282485875,1633.74,-3.85361581921667,-5.48231638418332
BG6993,Bulgaria,BG,BG4,BG42,BG422,Хасково,562.71,2.16694915255,3.25282485875,1633.74,-3.85361581921667,-5.48231638418332
BG6994,Bulgaria,BG,BG4,BG42,BG422,Хасково,562.71,2.16694915255,3.25282485875,1633.74,-3.85361581921667,-5.48231638418332
BG6995,Bulgaria,BG,BG4,BG42,BG422,Хасково,562.71,2.16694915255,3.25282485875,1633.74,-3.85361581921667,-5.48231638418332
BG6996,Bulgaria,BG,BG4,BG42,BG422,Хасково,562.71,2.16694915255,3.25282485875,1633.74,-3.85361581921667,-5.48231638418332
BG6997,Bulgaria,BG,BG4,BG42,BG422,Хасково,562.71,2.16694915255,3.25282485875,1633.74,-3.85361581921667,-5.48231638418332
BG6998,Bulgaria,BG,BG4,BG42,BG422,Хасково,562.71,2.16694915255,3.25282485875,1633.74,-3.85361581921667,-5.48231638418332
BG6999,Bulgaria,BG,BG4,BG42,BG422,Хасково,562.71,2.16694915255,3.25282485875,1633.74,-3.85361581921667,-5.48231638418332
BG8766,Bulgaria,BG,BG4,BG42,BG422,Хасково,562.71,2.16694915255,3.25282485875,1633.74,-3.85361581921667,-5.48231638418332
BG8767,Bulgaria,BG,BG4,BG42,BG422,Хасково,562.71,2.16694915255,3.25282485875,1633.74,-3.85361581921667,-5.48231638418332
BG8768,Bulgaria,BG,BG4,BG42,BG422,Хасково,562.71,2.16694915255,3.25282485875,1633.74,-3.85361581921667,-5.48231638418332
BG8769,Bulgaria,BG,BG4,BG42,BG422,Хасково,562.71,2.16694915255,3.25282485875,1633.74,-3.85361581921667,-5.48231638418332
BG8770,Bulgaria,BG,BG4,BG42,BG422,Хасково,562.71,2.16694915255,3.25282485875,1633.74,-3.85361581921667,-5.48231638418332
BG8771,Bulgaria,BG,BG4,BG42,BG422,Хасково,562.71,2.16694915255,3.25282485875,1633.74,-3.85361581921667,-5.48231638418332
BG8772,Bulgaria,BG,BG4,BG42,BG422,Хасково,562.71,2.16694915255,3.25282485875,1633.74,-3.85361581921667,-5.48231638418332
BG8773,Bulgaria,BG,BG4,BG42,BG422,Хасково,562.71,2.16694915255,3.25282485875,1633.74,-3.85361581921667,-5.48231638418332
BG8774,Bulgaria,BG,BG4,BG42,BG422,Хасково,562.71,2.16694915255,3.25282485875,1633.74,-3.85361581921667,-5.48231638418332
BG8775,Bulgaria,BG,BG4,BG42,BG422,Хасково,562.71,2.16694915255,3.25282485875,1633.74,-3.85361581921667,-5.48231638418332
BG8778,Bulgaria,BG,BG4,BG42,BG422,Хасково,562.71,2.16694915255,3.25282485875,1633.74,-3.85361581921667,-5.48231638418332
BG8780,Bulgaria,BG,BG4,BG42,BG422,Хасково,562.71,2.16694915255,3.25282485875,1633.74,-3.85361581921667,-5.48231638418332
BG8782,Bulgaria,BG,BG4,BG42,BG422,Хасково,562.71,2.16694915255,3.25282485875,1633.74,-3.85361581921667,-5.48231638418332
BG8783,Bulgaria,BG,BG4,BG42,BG422,Хасково,562.71,2.16694915255,3.25282485875,1633.74,-3.85361581921667,-5.48231638418332
BG8787,Bulgaria,BG,BG4,BG42,BG422,Хасково,562.71,2.16694915255,3.25282485875,1633.74,-3.85361581921667,-5.48231638418332
BG8788,Bulgaria,BG,BG4,BG42,BG422,Хасково,562.71,2.16694915255,3.25282485875,1633.74,-3.85361581921667,-5.48231638418332
BG8789,Bulgaria,BG,BG4,BG42,BG422,Хасково,562.71,2.16694915255,3.25282485875,1633.74,-3.85361581921667,-5.48231638418332
BG7500,Bulgaria,BG,BG3,BG32,BG325,Силистра,384.83,2.01645833333333,2.95161458333333,2179.42,-4.27786458333333,-5.88869791666665
BG7536,Bulgaria,BG,BG3,BG32,BG325,Силистра,384.83,2.01645833333333,2.95161458333333,2179.42,-4.27786458333333,-5.88869791666665
BG7538,Bulgaria,BG,BG3,BG32,BG325,Силистра,384.83,2.01645833333333,2.95161458333333,2179.42,-4.27786458333333,-5.88869791666665
BG7539,Bulgaria,BG,BG3,BG32,BG325,Силистра,384.83,2.01645833333333,2.95161458333333,2179.42,-4.27786458333333,-5.88869791666665
BG7541,Bulgaria,BG,BG3,BG32,BG325,Силистра,384.83,2.01645833333333,2.95161458333333,2179.42,-4.27786458333333,-5.88869791666665
BG7542,Bulgaria,BG,BG3,BG32,BG325,Силистра,384.83,2.01645833333333,2.95161458333333,2179.42,-4.27786458333333,-5.88869791666665
BG7543,Bulgaria,BG,BG3,BG32,BG325,Силистра,384.83,2.01645833333333,2.95161458333333,2179.42,-4.27786458333333,-5.88869791666665
BG7544,Bulgaria,BG,BG3,BG32,BG325,Силистра,384.83,2.01645833333333,2.95161458333333,2179.42,-4.27786458333333,-5.88869791666665
BG7545,Bulgaria,BG,BG3,BG32,BG325,Силистра,384.83,2.01645833333333,2.95161458333333,2179.42,-4.27786458333333,-5.88869791666665
BG7547,Bulgaria,BG,BG3,BG32,BG325,Силистра,384.83,2.01645833333333,2.95161458333333,2179.42,-4.27786458333333,-5.88869791666665
BG7548,Bulgaria,BG,BG3,BG32,BG325,Силистра,384.83,2.01645833333333,2.95161458333333,2179.42,-4.27786458333333,-5.88869791666665
BG7549,Bulgaria,BG,BG3,BG32,BG325,Силистра,384.83,2.01645833333333,2.95161458333333,2179.42,-4.27786458333333,-5.88869791666665
BG7550,Bulgaria,BG,BG3,BG32,BG325,Силистра,384.83,2.01645833333333,2.95161458333333,2179.42,-4.27786458333333,-5.88869791666665
BG7551,Bulgaria,BG,BG3,BG32,BG325,Силистра,384.83,2.01645833333333,2.95161458333333,2179.42,-4.27786458333333,-5.88869791666665
BG7552,Bulgaria,BG,BG3,BG32,BG325,Силистра,384.83,2.01645833333333,2.95161458333333,2179.42,-4.27786458333333,-5.88869791666665
BG7553,Bulgaria,BG,BG3,BG32,BG325,Силистра,384.83,2.01645833333333,2.95161458333333,2179.42,-4.27786458333333,-5.88869791666665
BG7554,Bulgaria,BG,BG3,BG32,BG325,Силистра,384.83,2.01645833333333,2.95161458333333,2179.42,-4.27786458333333,-5.88869791666665
BG7555,Bulgaria,BG,BG3,BG32,BG325,Силистра,384.83,2.01645833333333,2.95161458333333,2179.42,-4.27786458333333,-5.88869791666665
BG7557,Bulgaria,BG,BG3,BG32,BG325,Силистра,384.83,2.01645833333333,2.95161458333333,2179.42,-4.27786458333333,-5.88869791666665
BG7558,Bulgaria,BG,BG3,BG32,BG325,Силистра,384.83,2.01645833333333,2.95161458333333,2179.42,-4.27786458333333,-5.88869791666665
BG7560,Bulgaria,BG,BG3,BG32,BG325,Силистра,384.83,2.01645833333333,2.95161458333333,2179.42,-4.27786458333333,-5.88869791666665
BG7561,Bulgaria,BG,BG3,BG32,BG325,Силистра,384.83,2.01645833333333,2.95161458333333,2179.42,-4.27786458333333,-5.88869791666665
BG7562,Bulgaria,BG,BG3,BG32,BG325,Силистра,384.83,2.01645833333333,2.95161458333333,2179.42,-4.27786458333333,-5.88869791666665
BG7563,Bulgaria,BG,BG3,BG32,BG325,Силистра,384.83,2.01645833333333,2.95161458333333,2179.42,-4.27786458333333,-5.88869791666665
BG7564,Bulgaria,BG,BG3,BG32,BG325,Силистра,384.83,2.01645833333333,2.95161458333333,2179.42,-4.27786458333333,-5.88869791666665
BG7565,Bulgaria,BG,BG3,BG32,BG325,Силистра,384.83,2.01645833333333,2.95161458333333,2179.42,-4.27786458333333,-5.88869791666665
BG7567,Bulgaria,BG,BG3,BG32,BG325,Силистра,384.83,2.01645833333333,2.95161458333333,2179.42,-4.27786458333333,-5.88869791666665
BG7568,Bulgaria,BG,BG3,BG32,BG325,Силистра,384.83,2.01645833333333,2.95161458333333,2179.42,-4.27786458333333,-5.88869791666665
BG7569,Bulgaria,BG,BG3,BG32,BG325,Силистра,384.83,2.01645833333333,2.95161458333333,2179.42,-4.27786458333333,-5.88869791666665
BG7570,Bulgaria,BG,BG3,BG32,BG325,Силистра,384.83,2.01645833333333,2.95161458333333,2179.42,-4.27786458333333,-5.88869791666665
BG7571,Bulgaria,BG,BG3,BG32,BG325,Силистра,384.83,2.01645833333333,2.95161458333333,2179.42,-4.27786458333333,-5.88869791666665
BG7572,Bulgaria,BG,BG3,BG32,BG325,Силистра,384.83,2.01645833333333,2.95161458333333,2179.42,-4.27786458333333,-5.88869791666665
BG7573,Bulgaria,BG,BG3,BG32,BG325,Силистра,384.83,2.01645833333333,2.95161458333333,2179.42,-4.27786458333333,-5.88869791666665
BG7574,Bulgaria,BG,BG3,BG32,BG325,Силистра,384.83,2.01645833333333,2.95161458333333,2179.42,-4.27786458333333,-5.88869791666665
BG7575,Bulgaria,BG,BG3,BG32,BG325,Силистра,384.83,2.01645833333333,2.95161458333333,2179.42,-4.27786458333333,-5.88869791666665
BG7577,Bulgaria,BG,BG3,BG32,BG325,Силистра,384.83,2.01645833333333,2.95161458333333,2179.42,-4.27786458333333,-5.88869791666665
BG7578,Bulgaria,BG,BG3,BG32,BG325,Силистра,384.83,2.01645833333333,2.95161458333333,2179.42,-4.27786458333333,-5.88869791666665
BG7579,Bulgaria,BG,BG3,BG32,BG325,Силистра,384.83,2.01645833333333,2.95161458333333,2179.42,-4.27786458333333,-5.88869791666665
BG7580,Bulgaria,BG,BG3,BG32,BG325,Силистра,384.83,2.01645833333333,2.95161458333333,2179.42,-4.27786458333333,-5.88869791666665
BG7582,Bulgaria,BG,BG3,BG32,BG325,Силистра,384.83,2.01645833333333,2.95161458333333,2179.42,-4.27786458333333,-5.88869791666665
BG7583,Bulgaria,BG,BG3,BG32,BG325,Силистра,384.83,2.01645833333333,2.95161458333333,2179.42,-4.27786458333333,-5.88869791666665
BG7584,Bulgaria,BG,BG3,BG32,BG325,Силистра,384.83,2.01645833333333,2.95161458333333,2179.42,-4.27786458333333,-5.88869791666665
BG7585,Bulgaria,BG,BG3,BG32,BG325,Силистра,384.83,2.01645833333333,2.95161458333333,2179.42,-4.27786458333333,-5.88869791666665
BG7587,Bulgaria,BG,BG3,BG32,BG325,Силистра,384.83,2.01645833333333,2.95161458333333,2179.42,-4.27786458333333,-5.88869791666665
BG7588,Bulgaria,BG,BG3,BG32,BG325,Силистра,384.83,2.01645833333333,2.95161458333333,2179.42,-4.27786458333333,-5.88869791666665
BG7589,Bulgaria,BG,BG3,BG32,BG325,Силистра,384.83,2.01645833333333,2.95161458333333,2179.42,-4.27786458333333,-5.88869791666665
BG7590,Bulgaria,BG,BG3,BG32,BG325,Силистра,384.83,2.01645833333333,2.95161458333333,2179.42,-4.27786458333333,-5.88869791666665
BG7600,Bulgaria,BG,BG3,BG32,BG325,Силистра,384.83,2.01645833333333,2.95161458333333,2179.42,-4.27786458333333,-5.88869791666665
BG7610,Bulgaria,BG,BG3,BG32,BG325,Силистра,384.83,2.01645833333333,2.95161458333333,2179.42,-4.27786458333333,-5.88869791666665
BG7611,Bulgaria,BG,BG3,BG32,BG325,Силистра,384.83,2.01645833333333,2.95161458333333,2179.42,-4.27786458333333,-5.88869791666665
BG7612,Bulgaria,BG,BG3,BG32,BG325,Силистра,384.83,2.01645833333333,2.95161458333333,2179.42,-4.27786458333333,-5.88869791666665
BG7613,Bulgaria,BG,BG3,BG32,BG325,Силистра,384.83,2.01645833333333,2.95161458333333,2179.42,-4.27786458333333,-5.88869791666665
BG7614,Bulgaria,BG,BG3,BG32,BG325,Силистра,384.83,2.01645833333333,2.95161458333333,2179.42,-4.27786458333333,-5.88869791666665
BG7615,Bulgaria,BG,BG3,BG32,BG325,Силистра,384.83,2.01645833333333,2.95161458333333,2179.42,-4.27786458333333,-5.88869791666665
BG7617,Bulgaria,BG,BG3,BG32,BG325,Силистра,384.83,2.01645833333333,2.95161458333333,2179.42,-4.27786458333333,-5.88869791666665
BG7618,Bulgaria,BG,BG3,BG32,BG325,Силистра,384.83,2.01645833333333,2.95161458333333,2179.42,-4.27786458333333,-5.88869791666665
BG7619,Bulgaria,BG,BG3,BG32,BG325,Силистра,384.83,2.01645833333333,2.95161458333333,2179.42,-4.27786458333333,-5.88869791666665
BG7620,Bulgaria,BG,BG3,BG32,BG325,Силистра,384.83,2.01645833333333,2.95161458333333,2179.42,-4.27786458333333,-5.88869791666665
BG7621,Bulgaria,BG,BG3,BG32,BG325,Силистра,384.83,2.01645833333333,2.95161458333333,2179.42,-4.27786458333333,-5.88869791666665
BG7622,Bulgaria,BG,BG3,BG32,BG325,Силистра,384.83,2.01645833333333,2.95161458333333,2179.42,-4.27786458333333,-5.88869791666665
BG7623,Bulgaria,BG,BG3,BG32,BG325,Силистра,384.83,2.01645833333333,2.95161458333333,2179.42,-4.27786458333333,-5.88869791666665
BG7624,Bulgaria,BG,BG3,BG32,BG325,Силистра,384.83,2.01645833333333,2.95161458333333,2179.42,-4.27786458333333,-5.88869791666665
BG7625,Bulgaria,BG,BG3,BG32,BG325,Силистра,384.83,2.01645833333333,2.95161458333333,2179.42,-4.27786458333333,-5.88869791666665
BG7627,Bulgaria,BG,BG3,BG32,BG325,Силистра,384.83,2.01645833333333,2.95161458333333,2179.42,-4.27786458333333,-5.88869791666665
BG7628,Bulgaria,BG,BG3,BG32,BG325,Силистра,384.83,2.01645833333333,2.95161458333333,2179.42,-4.27786458333333,-5.88869791666665
BG7629,Bulgaria,BG,BG3,BG32,BG325,Силистра,384.83,2.01645833333333,2.95161458333333,2179.42,-4.27786458333333,-5.88869791666665
BG7630,Bulgaria,BG,BG3,BG32,BG325,Силистра,384.83,2.01645833333333,2.95161458333333,2179.42,-4.27786458333333,-5.88869791666665
BG7631,Bulgaria,BG,BG3,BG32,BG325,Силистра,384.83,2.01645833333333,2.95161458333333,2179.42,-4.27786458333333,-5.88869791666665
BG7632,Bulgaria,BG,BG3,BG32,BG325,Силистра,384.83,2.01645833333333,2.95161458333333,2179.42,-4.27786458333333,-5.88869791666665
BG7633,Bulgaria,BG,BG3,BG32,BG325,Силистра,384.83,2.01645833333333,2.95161458333333,2179.42,-4.27786458333333,-5.88869791666665
BG7634,Bulgaria,BG,BG3,BG32,BG325,Силистра,384.83,2.01645833333333,2.95161458333333,2179.42,-4.27786458333333,-5.88869791666665
BG7635,Bulgaria,BG,BG3,BG32,BG325,Силистра,384.83,2.01645833333333,2.95161458333333,2179.42,-4.27786458333333,-5.88869791666665
BG7637,Bulgaria,BG,BG3,BG32,BG325,Силистра,384.83,2.01645833333333,2.95161458333333,2179.42,-4.27786458333333,-5.88869791666665
BG7638,Bulgaria,BG,BG3,BG32,BG325,Силистра,384.83,2.01645833333333,2.95161458333333,2179.42,-4.27786458333333,-5.88869791666665
BG7639,Bulgaria,BG,BG3,BG32,BG325,Силистра,384.83,2.01645833333333,2.95161458333333,2179.42,-4.27786458333333,-5.88869791666665
BG7640,Bulgaria,BG,BG3,BG32,BG325,Силистра,384.83,2.01645833333333,2.95161458333333,2179.42,-4.27786458333333,-5.88869791666665
BG7643,Bulgaria,BG,BG3,BG32,BG325,Силистра,384.83,2.01645833333333,2.95161458333333,2179.42,-4.27786458333333,-5.88869791666665
BG7645,Bulgaria,BG,BG3,BG32,BG325,Силистра,384.83,2.01645833333333,2.95161458333333,2179.42,-4.27786458333333,-5.88869791666665
BG7647,Bulgaria,BG,BG3,BG32,BG325,Силистра,384.83,2.01645833333333,2.95161458333333,2179.42,-4.27786458333333,-5.88869791666665
BG7649,Bulgaria,BG,BG3,BG32,BG325,Силистра,384.83,2.01645833333333,2.95161458333333,2179.42,-4.27786458333333,-5.88869791666665
BG7650,Bulgaria,BG,BG3,BG32,BG325,Силистра,384.83,2.01645833333333,2.95161458333333,2179.42,-4.27786458333333,-5.88869791666665
BG7651,Bulgaria,BG,BG3,BG32,BG325,Силистра,384.83,2.01645833333333,2.95161458333333,2179.42,-4.27786458333333,-5.88869791666665
BG7656,Bulgaria,BG,BG3,BG32,BG325,Силистра,384.83,2.01645833333333,2.95161458333333,2179.42,-4.27786458333333,-5.88869791666665
BG7657,Bulgaria,BG,BG3,BG32,BG325,Силистра,384.83,2.01645833333333,2.95161458333333,2179.42,-4.27786458333333,-5.88869791666665
BG7658,Bulgaria,BG,BG3,BG32,BG325,Силистра,384.83,2.01645833333333,2.95161458333333,2179.42,-4.27786458333333,-5.88869791666665
BG7659,Bulgaria,BG,BG3,BG32,BG325,Силистра,384.83,2.01645833333333,2.95161458333333,2179.42,-4.27786458333333,-5.88869791666665
BG7660,Bulgaria,BG,BG3,BG32,BG325,Силистра,384.83,2.01645833333333,2.95161458333333,2179.42,-4.27786458333333,-5.88869791666665
BG7661,Bulgaria,BG,BG3,BG32,BG325,Силистра,384.83,2.01645833333333,2.95161458333333,2179.42,-4.27786458333333,-5.88869791666665
BG7662,Bulgaria,BG,BG3,BG32,BG325,Силистра,384.83,2.01645833333333,2.95161458333333,2179.42,-4.27786458333333,-5.88869791666665
BG7663,Bulgaria,BG,BG3,BG32,BG325,Силистра,384.83,2.01645833333333,2.95161458333333,2179.42,-4.27786458333333,-5.88869791666665
BG7664,Bulgaria,BG,BG3,BG32,BG325,Силистра,384.83,2.01645833333333,2.95161458333333,2179.42,-4.27786458333333,-5.88869791666665
BG7665,Bulgaria,BG,BG3,BG32,BG325,Силистра,384.83,2.01645833333333,2.95161458333333,2179.42,-4.27786458333333,-5.88869791666665
BG7667,Bulgaria,BG,BG3,BG32,BG325,Силистра,384.83,2.01645833333333,2.95161458333333,2179.42,-4.27786458333333,-5.88869791666665
BG7668,Bulgaria,BG,BG3,BG32,BG325,Силистра,384.83,2.01645833333333,2.95161458333333,2179.42,-4.27786458333333,-5.88869791666665
BG7669,Bulgaria,BG,BG3,BG32,BG325,Силистра,384.83,2.01645833333333,2.95161458333333,2179.42,-4.27786458333333,-5.88869791666665
BG7670,Bulgaria,BG,BG3,BG32,BG325,Силистра,384.83,2.01645833333333,2.95161458333333,2179.42,-4.27786458333333,-5.88869791666665
BG7671,Bulgaria,BG,BG3,BG32,BG325,Силистра,384.83,2.01645833333333,2.95161458333333,2179.42,-4.27786458333333,-5.88869791666665
BG7672,Bulgaria,BG,BG3,BG32,BG325,Силистра,384.83,2.01645833333333,2.95161458333333,2179.42,-4.27786458333333,-5.88869791666665
BG7673,Bulgaria,BG,BG3,BG32,BG325,Силистра,384.83,2.01645833333333,2.95161458333333,2179.42,-4.27786458333333,-5.88869791666665
BG7674,Bulgaria,BG,BG3,BG32,BG325,Силистра,384.83,2.01645833333333,2.95161458333333,2179.42,-4.27786458333333,-5.88869791666665
BG7675,Bulgaria,BG,BG3,BG32,BG325,Силистра,384.83,2.01645833333333,2.95161458333333,2179.42,-4.27786458333333,-5.88869791666665
BG7677,Bulgaria,BG,BG3,BG32,BG325,Силистра,384.83,2.01645833333333,2.95161458333333,2179.42,-4.27786458333333,-5.88869791666665
BG7678,Bulgaria,BG,BG3,BG32,BG325,Силистра,384.83,2.01645833333333,2.95161458333333,2179.42,-4.27786458333333,-5.88869791666665
BG7680,Bulgaria,BG,BG3,BG32,BG325,Силистра,384.83,2.01645833333333,2.95161458333333,2179.42,-4.27786458333333,-5.88869791666665
BG7681,Bulgaria,BG,BG3,BG32,BG325,Силистра,384.83,2.01645833333333,2.95161458333333,2179.42,-4.27786458333333,-5.88869791666665
BG7682,Bulgaria,BG,BG3,BG32,BG325,Силистра,384.83,2.01645833333333,2.95161458333333,2179.42,-4.27786458333333,-5.88869791666665
BG7683,Bulgaria,BG,BG3,BG32,BG325,Силистра,384.83,2.01645833333333,2.95161458333333,2179.42,-4.27786458333333,-5.88869791666665
BG7684,Bulgaria,BG,BG3,BG32,BG325,Силистра,384.83,2.01645833333333,2.95161458333333,2179.42,-4.27786458333333,-5.88869791666665
BG7685,Bulgaria,BG,BG3,BG32,BG325,Силистра,384.83,2.01645833333333,2.95161458333333,2179.42,-4.27786458333333,-5.88869791666665
BG7687,Bulgaria,BG,BG3,BG32,BG325,Силистра,384.83,2.01645833333333,2.95161458333333,2179.42,-4.27786458333333,-5.88869791666665
BG7688,Bulgaria,BG,BG3,BG32,BG325,Силистра,384.83,2.01645833333333,2.95161458333333,2179.42,-4.27786458333333,-5.88869791666665
BG7689,Bulgaria,BG,BG3,BG32,BG325,Силистра,384.83,2.01645833333333,2.95161458333333,2179.42,-4.27786458333333,-5.88869791666665
BG7690,Bulgaria,BG,BG3,BG32,BG325,Силистра,384.83,2.01645833333333,2.95161458333333,2179.42,-4.27786458333333,-5.88869791666665
BG7691,Bulgaria,BG,BG3,BG32,BG325,Силистра,384.83,2.01645833333333,2.95161458333333,2179.42,-4.27786458333333,-5.88869791666665
BG7692,Bulgaria,BG,BG3,BG32,BG325,Силистра,384.83,2.01645833333333,2.95161458333333,2179.42,-4.27786458333333,-5.88869791666665
BG7693,Bulgaria,BG,BG3,BG32,BG325,Силистра,384.83,2.01645833333333,2.95161458333333,2179.42,-4.27786458333333,-5.88869791666665
BG7694,Bulgaria,BG,BG3,BG32,BG325,Силистра,384.83,2.01645833333333,2.95161458333333,2179.42,-4.27786458333333,-5.88869791666665
BG9000,Bulgaria,BG,BG3,BG33,BG331,Варна,349.63,2.01255813953333,3.01755813953333,1952.73,-4.13662790698333,-5.73143410853333
BG9024,Bulgaria,BG,BG3,BG33,BG331,Варна,349.63,2.01255813953333,3.01755813953333,1952.73,-4.13662790698333,-5.73143410853333
BG9025,Bulgaria,BG,BG3,BG33,BG331,Варна,349.63,2.01255813953333,3.01755813953333,1952.73,-4.13662790698333,-5.73143410853333
BG9100,Bulgaria,BG,BG3,BG33,BG331,Варна,349.63,2.01255813953333,3.01755813953333,1952.73,-4.13662790698333,-5.73143410853333
BG9101,Bulgaria,BG,BG3,BG33,BG331,Варна,349.63,2.01255813953333,3.01755813953333,1952.73,-4.13662790698333,-5.73143410853333
BG9102,Bulgaria,BG,BG3,BG33,BG331,Варна,349.63,2.01255813953333,3.01755813953333,1952.73,-4.13662790698333,-5.73143410853333
BG9103,Bulgaria,BG,BG3,BG33,BG331,Варна,349.63,2.01255813953333,3.01755813953333,1952.73,-4.13662790698333,-5.73143410853333
BG9104,Bulgaria,BG,BG3,BG33,BG331,Варна,349.63,2.01255813953333,3.01755813953333,1952.73,-4.13662790698333,-5.73143410853333
BG9105,Bulgaria,BG,BG3,BG33,BG331,Варна,349.63,2.01255813953333,3.01755813953333,1952.73,-4.13662790698333,-5.73143410853333
BG9107,Bulgaria,BG,BG3,BG33,BG331,Варна,349.63,2.01255813953333,3.01755813953333,1952.73,-4.13662790698333,-5.73143410853333
BG9108,Bulgaria,BG,BG3,BG33,BG331,Варна,349.63,2.01255813953333,3.01755813953333,1952.73,-4.13662790698333,-5.73143410853333
BG9109,Bulgaria,BG,BG3,BG33,BG331,Варна,349.63,2.01255813953333,3.01755813953333,1952.73,-4.13662790698333,-5.73143410853333
BG9110,Bulgaria,BG,BG3,BG33,BG331,Варна,349.63,2.01255813953333,3.01755813953333,1952.73,-4.13662790698333,-5.73143410853333
BG9111,Bulgaria,BG,BG3,BG33,BG331,Варна,349.63,2.01255813953333,3.01755813953333,1952.73,-4.13662790698333,-5.73143410853333
BG9112,Bulgaria,BG,BG3,BG33,BG331,Варна,349.63,2.01255813953333,3.01755813953333,1952.73,-4.13662790698333,-5.73143410853333
BG9113,Bulgaria,BG,BG3,BG33,BG331,Варна,349.63,2.01255813953333,3.01755813953333,1952.73,-4.13662790698333,-5.73143410853333
BG9114,Bulgaria,BG,BG3,BG33,BG331,Варна,349.63,2.01255813953333,3.01755813953333,1952.73,-4.13662790698333,-5.73143410853333
BG9115,Bulgaria,BG,BG3,BG33,BG331,Варна,349.63,2.01255813953333,3.01755813953333,1952.73,-4.13662790698333,-5.73143410853333
BG9117,Bulgaria,BG,BG3,BG33,BG331,Варна,349.63,2.01255813953333,3.01755813953333,1952.73,-4.13662790698333,-5.73143410853333
BG9118,Bulgaria,BG,BG3,BG33,BG331,Варна,349.63,2.01255813953333,3.01755813953333,1952.73,-4.13662790698333,-5.73143410853333
BG9119,Bulgaria,BG,BG3,BG33,BG331,Варна,349.63,2.01255813953333,3.01755813953333,1952.73,-4.13662790698333,-5.73143410853333
BG9120,Bulgaria,BG,BG3,BG33,BG331,Варна,349.63,2.01255813953333,3.01755813953333,1952.73,-4.13662790698333,-5.73143410853333
BG9121,Bulgaria,BG,BG3,BG33,BG331,Варна,349.63,2.01255813953333,3.01755813953333,1952.73,-4.13662790698333,-5.73143410853333
BG9122,Bulgaria,BG,BG3,BG33,BG331,Варна,349.63,2.01255813953333,3.01755813953333,1952.73,-4.13662790698333,-5.73143410853333
BG9123,Bulgaria,BG,BG3,BG33,BG331,Варна,349.63,2.01255813953333,3.01755813953333,1952.73,-4.13662790698333,-5.73143410853333
BG9124,Bulgaria,BG,BG3,BG33,BG331,Варна,349.63,2.01255813953333,3.01755813953333,1952.73,-4.13662790698333,-5.73143410853333
BG9127,Bulgaria,BG,BG3,BG33,BG331,Варна,349.63,2.01255813953333,3.01755813953333,1952.73,-4.13662790698333,-5.73143410853333
BG9128,Bulgaria,BG,BG3,BG33,BG331,Варна,349.63,2.01255813953333,3.01755813953333,1952.73,-4.13662790698333,-5.73143410853333
BG9129,Bulgaria,BG,BG3,BG33,BG331,Варна,349.63,2.01255813953333,3.01755813953333,1952.73,-4.13662790698333,-5.73143410853333
BG9131,Bulgaria,BG,BG3,BG33,BG331,Варна,349.63,2.01255813953333,3.01755813953333,1952.73,-4.13662790698333,-5.73143410853333
BG9132,Bulgaria,BG,BG3,BG33,BG331,Варна,349.63,2.01255813953333,3.01755813953333,1952.73,-4.13662790698333,-5.73143410853333
BG9133,Bulgaria,BG,BG3,BG33,BG331,Варна,349.63,2.01255813953333,3.01755813953333,1952.73,-4.13662790698333,-5.73143410853333
BG9134,Bulgaria,BG,BG3,BG33,BG331,Варна,349.63,2.01255813953333,3.01755813953333,1952.73,-4.13662790698333,-5.73143410853333
BG9135,Bulgaria,BG,BG3,BG33,BG331,Варна,349.63,2.01255813953333,3.01755813953333,1952.73,-4.13662790698333,-5.73143410853333
BG9137,Bulgaria,BG,BG3,BG33,BG331,Варна,349.63,2.01255813953333,3.01755813953333,1952.73,-4.13662790698333,-5.73143410853333
BG9138,Bulgaria,BG,BG3,BG33,BG331,Варна,349.63,2.01255813953333,3.01755813953333,1952.73,-4.13662790698333,-5.73143410853333
BG9139,Bulgaria,BG,BG3,BG33,BG331,Варна,349.63,2.01255813953333,3.01755813953333,1952.73,-4.13662790698333,-5.73143410853333
BG9141,Bulgaria,BG,BG3,BG33,BG331,Варна,349.63,2.01255813953333,3.01755813953333,1952.73,-4.13662790698333,-5.73143410853333
BG9143,Bulgaria,BG,BG3,BG33,BG331,Варна,349.63,2.01255813953333,3.01755813953333,1952.73,-4.13662790698333,-5.73143410853333
BG9144,Bulgaria,BG,BG3,BG33,BG331,Варна,349.63,2.01255813953333,3.01755813953333,1952.73,-4.13662790698333,-5.73143410853333
BG9145,Bulgaria,BG,BG3,BG33,BG331,Варна,349.63,2.01255813953333,3.01755813953333,1952.73,-4.13662790698333,-5.73143410853333
BG9146,Bulgaria,BG,BG3,BG33,BG331,Варна,349.63,2.01255813953333,3.01755813953333,1952.73,-4.13662790698333,-5.73143410853333
BG9148,Bulgaria,BG,BG3,BG33,BG331,Варна,349.63,2.01255813953333,3.01755813953333,1952.73,-4.13662790698333,-5.73143410853333
BG9149,Bulgaria,BG,BG3,BG33,BG331,Варна,349.63,2.01255813953333,3.01755813953333,1952.73,-4.13662790698333,-5.73143410853333
BG9150,Bulgaria,BG,BG3,BG33,BG331,Варна,349.63,2.01255813953333,3.01755813953333,1952.73,-4.13662790698333,-5.73143410853333
BG9151,Bulgaria,BG,BG3,BG33,BG331,Варна,349.63,2.01255813953333,3.01755813953333,1952.73,-4.13662790698333,-5.73143410853333
BG9153,Bulgaria,BG,BG3,BG33,BG331,Варна,349.63,2.01255813953333,3.01755813953333,1952.73,-4.13662790698333,-5.73143410853333
BG9154,Bulgaria,BG,BG3,BG33,BG331,Варна,349.63,2.01255813953333,3.01755813953333,1952.73,-4.13662790698333,-5.73143410853333
BG9155,Bulgaria,BG,BG3,BG33,BG331,Варна,349.63,2.01255813953333,3.01755813953333,1952.73,-4.13662790698333,-5.73143410853333
BG9156,Bulgaria,BG,BG3,BG33,BG331,Варна,349.63,2.01255813953333,3.01755813953333,1952.73,-4.13662790698333,-5.73143410853333
BG9158,Bulgaria,BG,BG3,BG33,BG331,Варна,349.63,2.01255813953333,3.01755813953333,1952.73,-4.13662790698333,-5.73143410853333
BG9159,Bulgaria,BG,BG3,BG33,BG331,Варна,349.63,2.01255813953333,3.01755813953333,1952.73,-4.13662790698333,-5.73143410853333
BG9160,Bulgaria,BG,BG3,BG33,BG331,Варна,349.63,2.01255813953333,3.01755813953333,1952.73,-4.13662790698333,-5.73143410853333
BG9169,Bulgaria,BG,BG3,BG33,BG331,Варна,349.63,2.01255813953333,3.01755813953333,1952.73,-4.13662790698333,-5.73143410853333
BG9170,Bulgaria,BG,BG3,BG33,BG331,Варна,349.63,2.01255813953333,3.01755813953333,1952.73,-4.13662790698333,-5.73143410853333
BG9171,Bulgaria,BG,BG3,BG33,BG331,Варна,349.63,2.01255813953333,3.01755813953333,1952.73,-4.13662790698333,-5.73143410853333
BG9172,Bulgaria,BG,BG3,BG33,BG331,Варна,349.63,2.01255813953333,3.01755813953333,1952.73,-4.13662790698333,-5.73143410853333
BG9173,Bulgaria,BG,BG3,BG33,BG331,Варна,349.63,2.01255813953333,3.01755813953333,1952.73,-4.13662790698333,-5.73143410853333
BG9174,Bulgaria,BG,BG3,BG33,BG331,Варна,349.63,2.01255813953333,3.01755813953333,1952.73,-4.13662790698333,-5.73143410853333
BG9176,Bulgaria,BG,BG3,BG33,BG331,Варна,349.63,2.01255813953333,3.01755813953333,1952.73,-4.13662790698333,-5.73143410853333
BG9177,Bulgaria,BG,BG3,BG33,BG331,Варна,349.63,2.01255813953333,3.01755813953333,1952.73,-4.13662790698333,-5.73143410853333
BG9178,Bulgaria,BG,BG3,BG33,BG331,Варна,349.63,2.01255813953333,3.01755813953333,1952.73,-4.13662790698333,-5.73143410853333
BG9179,Bulgaria,BG,BG3,BG33,BG331,Варна,349.63,2.01255813953333,3.01755813953333,1952.73,-4.13662790698333,-5.73143410853333
BG9180,Bulgaria,BG,BG3,BG33,BG331,Варна,349.63,2.01255813953333,3.01755813953333,1952.73,-4.13662790698333,-5.73143410853333
BG9182,Bulgaria,BG,BG3,BG33,BG331,Варна,349.63,2.01255813953333,3.01755813953333,1952.73,-4.13662790698333,-5.73143410853333
BG9183,Bulgaria,BG,BG3,BG33,BG331,Варна,349.63,2.01255813953333,3.01755813953333,1952.73,-4.13662790698333,-5.73143410853333
BG9184,Bulgaria,BG,BG3,BG33,BG331,Варна,349.63,2.01255813953333,3.01755813953333,1952.73,-4.13662790698333,-5.73143410853333
BG9187,Bulgaria,BG,BG3,BG33,BG331,Варна,349.63,2.01255813953333,3.01755813953333,1952.73,-4.13662790698333,-5.73143410853333
BG9188,Bulgaria,BG,BG3,BG33,BG331,Варна,349.63,2.01255813953333,3.01755813953333,1952.73,-4.13662790698333,-5.73143410853333
BG9190,Bulgaria,BG,BG3,BG33,BG331,Варна,349.63,2.01255813953333,3.01755813953333,1952.73,-4.13662790698333,-5.73143410853333
BG9191,Bulgaria,BG,BG3,BG33,BG331,Варна,349.63,2.01255813953333,3.01755813953333,1952.73,-4.13662790698333,-5.73143410853333
BG9192,Bulgaria,BG,BG3,BG33,BG331,Варна,349.63,2.01255813953333,3.01755813953333,1952.73,-4.13662790698333,-5.73143410853333
BG9193,Bulgaria,BG,BG3,BG33,BG331,Варна,349.63,2.01255813953333,3.01755813953333,1952.73,-4.13662790698333,-5.73143410853333
BG9194,Bulgaria,BG,BG3,BG33,BG331,Варна,349.63,2.01255813953333,3.01755813953333,1952.73,-4.13662790698333,-5.73143410853333
BG9200,Bulgaria,BG,BG3,BG33,BG331,Варна,349.63,2.01255813953333,3.01755813953333,1952.73,-4.13662790698333,-5.73143410853333
BG9216,Bulgaria,BG,BG3,BG33,BG331,Варна,349.63,2.01255813953333,3.01755813953333,1952.73,-4.13662790698333,-5.73143410853333
BG9217,Bulgaria,BG,BG3,BG33,BG331,Варна,349.63,2.01255813953333,3.01755813953333,1952.73,-4.13662790698333,-5.73143410853333
BG9218,Bulgaria,BG,BG3,BG33,BG331,Варна,349.63,2.01255813953333,3.01755813953333,1952.73,-4.13662790698333,-5.73143410853333
BG9219,Bulgaria,BG,BG3,BG33,BG331,Варна,349.63,2.01255813953333,3.01755813953333,1952.73,-4.13662790698333,-5.73143410853333
BG9220,Bulgaria,BG,BG3,BG33,BG331,Варна,349.63,2.01255813953333,3.01755813953333,1952.73,-4.13662790698333,-5.73143410853333
BG9221,Bulgaria,BG,BG3,BG33,BG331,Варна,349.63,2.01255813953333,3.01755813953333,1952.73,-4.13662790698333,-5.73143410853333
BG9222,Bulgaria,BG,BG3,BG33,BG331,Варна,349.63,2.01255813953333,3.01755813953333,1952.73,-4.13662790698333,-5.73143410853333
BG9223,Bulgaria,BG,BG3,BG33,BG331,Варна,349.63,2.01255813953333,3.01755813953333,1952.73,-4.13662790698333,-5.73143410853333
BG9224,Bulgaria,BG,BG3,BG33,BG331,Варна,349.63,2.01255813953333,3.01755813953333,1952.73,-4.13662790698333,-5.73143410853333
BG9225,Bulgaria,BG,BG3,BG33,BG331,Варна,349.63,2.01255813953333,3.01755813953333,1952.73,-4.13662790698333,-5.73143410853333
BG9226,Bulgaria,BG,BG3,BG33,BG331,Варна,349.63,2.01255813953333,3.01755813953333,1952.73,-4.13662790698333,-5.73143410853333
BG9227,Bulgaria,BG,BG3,BG33,BG331,Варна,349.63,2.01255813953333,3.01755813953333,1952.73,-4.13662790698333,-5.73143410853333
BG9228,Bulgaria,BG,BG3,BG33,BG331,Варна,349.63,2.01255813953333,3.01755813953333,1952.73,-4.13662790698333,-5.73143410853333
BG9229,Bulgaria,BG,BG3,BG33,BG331,Варна,349.63,2.01255813953333,3.01755813953333,1952.73,-4.13662790698333,-5.73143410853333
BG9230,Bulgaria,BG,BG3,BG33,BG331,Варна,349.63,2.01255813953333,3.01755813953333,1952.73,-4.13662790698333,-5.73143410853333
BG9231,Bulgaria,BG,BG3,BG33,BG331,Варна,349.63,2.01255813953333,3.01755813953333,1952.73,-4.13662790698333,-5.73143410853333
BG9232,Bulgaria,BG,BG3,BG33,BG331,Варна,349.63,2.01255813953333,3.01755813953333,1952.73,-4.13662790698333,-5.73143410853333
BG9233,Bulgaria,BG,BG3,BG33,BG331,Варна,349.63,2.01255813953333,3.01755813953333,1952.73,-4.13662790698333,-5.73143410853333
BG9234,Bulgaria,BG,BG3,BG33,BG331,Варна,349.63,2.01255813953333,3.01755813953333,1952.73,-4.13662790698333,-5.73143410853333
BG9235,Bulgaria,BG,BG3,BG33,BG331,Варна,349.63,2.01255813953333,3.01755813953333,1952.73,-4.13662790698333,-5.73143410853333
BG9237,Bulgaria,BG,BG3,BG33,BG331,Варна,349.63,2.01255813953333,3.01755813953333,1952.73,-4.13662790698333,-5.73143410853333
BG9238,Bulgaria,BG,BG3,BG33,BG331,Варна,349.63,2.01255813953333,3.01755813953333,1952.73,-4.13662790698333,-5.73143410853333
BG9239,Bulgaria,BG,BG3,BG33,BG331,Варна,349.63,2.01255813953333,3.01755813953333,1952.73,-4.13662790698333,-5.73143410853333
BG9240,Bulgaria,BG,BG3,BG33,BG331,Варна,349.63,2.01255813953333,3.01755813953333,1952.73,-4.13662790698333,-5.73143410853333
BG9241,Bulgaria,BG,BG3,BG33,BG331,Варна,349.63,2.01255813953333,3.01755813953333,1952.73,-4.13662790698333,-5.73143410853333
BG9242,Bulgaria,BG,BG3,BG33,BG331,Варна,349.63,2.01255813953333,3.01755813953333,1952.73,-4.13662790698333,-5.73143410853333
BG9243,Bulgaria,BG,BG3,BG33,BG331,Варна,349.63,2.01255813953333,3.01755813953333,1952.73,-4.13662790698333,-5.73143410853333
BG9244,Bulgaria,BG,BG3,BG33,BG331,Варна,349.63,2.01255813953333,3.01755813953333,1952.73,-4.13662790698333,-5.73143410853333
BG9245,Bulgaria,BG,BG3,BG33,BG331,Варна,349.63,2.01255813953333,3.01755813953333,1952.73,-4.13662790698333,-5.73143410853333
BG9246,Bulgaria,BG,BG3,BG33,BG331,Варна,349.63,2.01255813953333,3.01755813953333,1952.73,-4.13662790698333,-5.73143410853333
BG9247,Bulgaria,BG,BG3,BG33,BG331,Варна,349.63,2.01255813953333,3.01755813953333,1952.73,-4.13662790698333,-5.73143410853333
BG9248,Bulgaria,BG,BG3,BG33,BG331,Варна,349.63,2.01255813953333,3.01755813953333,1952.73,-4.13662790698333,-5.73143410853333
BG9249,Bulgaria,BG,BG3,BG33,BG331,Варна,349.63,2.01255813953333,3.01755813953333,1952.73,-4.13662790698333,-5.73143410853333
BG9250,Bulgaria,BG,BG3,BG33,BG331,Варна,349.63,2.01255813953333,3.01755813953333,1952.73,-4.13662790698333,-5.73143410853333
BG9251,Bulgaria,BG,BG3,BG33,BG331,Варна,349.63,2.01255813953333,3.01755813953333,1952.73,-4.13662790698333,-5.73143410853333
BG9252,Bulgaria,BG,BG3,BG33,BG331,Варна,349.63,2.01255813953333,3.01755813953333,1952.73,-4.13662790698333,-5.73143410853333
BG9253,Bulgaria,BG,BG3,BG33,BG331,Варна,349.63,2.01255813953333,3.01755813953333,1952.73,-4.13662790698333,-5.73143410853333
BG9254,Bulgaria,BG,BG3,BG33,BG331,Варна,349.63,2.01255813953333,3.01755813953333,1952.73,-4.13662790698333,-5.73143410853333
BG9255,Bulgaria,BG,BG3,BG33,BG331,Варна,349.63,2.01255813953333,3.01755813953333,1952.73,-4.13662790698333,-5.73143410853333
BG9257,Bulgaria,BG,BG3,BG33,BG331,Варна,349.63,2.01255813953333,3.01755813953333,1952.73,-4.13662790698333,-5.73143410853333
BG9258,Bulgaria,BG,BG3,BG33,BG331,Варна,349.63,2.01255813953333,3.01755813953333,1952.73,-4.13662790698333,-5.73143410853333
BG9259,Bulgaria,BG,BG3,BG33,BG331,Варна,349.63,2.01255813953333,3.01755813953333,1952.73,-4.13662790698333,-5.73143410853333
BG9260,Bulgaria,BG,BG3,BG33,BG331,Варна,349.63,2.01255813953333,3.01755813953333,1952.73,-4.13662790698333,-5.73143410853333
BG9261,Bulgaria,BG,BG3,BG33,BG331,Варна,349.63,2.01255813953333,3.01755813953333,1952.73,-4.13662790698333,-5.73143410853333
BG9263,Bulgaria,BG,BG3,BG33,BG331,Варна,349.63,2.01255813953333,3.01755813953333,1952.73,-4.13662790698333,-5.73143410853333
BG9267,Bulgaria,BG,BG3,BG33,BG331,Варна,349.63,2.01255813953333,3.01755813953333,1952.73,-4.13662790698333,-5.73143410853333
BG9269,Bulgaria,BG,BG3,BG33,BG331,Варна,349.63,2.01255813953333,3.01755813953333,1952.73,-4.13662790698333,-5.73143410853333
BG9270,Bulgaria,BG,BG3,BG33,BG331,Варна,349.63,2.01255813953333,3.01755813953333,1952.73,-4.13662790698333,-5.73143410853333
BG9271,Bulgaria,BG,BG3,BG33,BG331,Варна,349.63,2.01255813953333,3.01755813953333,1952.73,-4.13662790698333,-5.73143410853333
BG9272,Bulgaria,BG,BG3,BG33,BG331,Варна,349.63,2.01255813953333,3.01755813953333,1952.73,-4.13662790698333,-5.73143410853333
BG9273,Bulgaria,BG,BG3,BG33,BG331,Варна,349.63,2.01255813953333,3.01755813953333,1952.73,-4.13662790698333,-5.73143410853333
BG9274,Bulgaria,BG,BG3,BG33,BG331,Варна,349.63,2.01255813953333,3.01755813953333,1952.73,-4.13662790698333,-5.73143410853333
BG9275,Bulgaria,BG,BG3,BG33,BG331,Варна,349.63,2.01255813953333,3.01755813953333,1952.73,-4.13662790698333,-5.73143410853333
BG9277,Bulgaria,BG,BG3,BG33,BG331,Варна,349.63,2.01255813953333,3.01755813953333,1952.73,-4.13662790698333,-5.73143410853333
BG9278,Bulgaria,BG,BG3,BG33,BG331,Варна,349.63,2.01255813953333,3.01755813953333,1952.73,-4.13662790698333,-5.73143410853333
BG9280,Bulgaria,BG,BG3,BG33,BG331,Варна,349.63,2.01255813953333,3.01755813953333,1952.73,-4.13662790698333,-5.73143410853333
BG9281,Bulgaria,BG,BG3,BG33,BG331,Варна,349.63,2.01255813953333,3.01755813953333,1952.73,-4.13662790698333,-5.73143410853333
BG9282,Bulgaria,BG,BG3,BG33,BG331,Варна,349.63,2.01255813953333,3.01755813953333,1952.73,-4.13662790698333,-5.73143410853333
BG9283,Bulgaria,BG,BG3,BG33,BG331,Варна,349.63,2.01255813953333,3.01755813953333,1952.73,-4.13662790698333,-5.73143410853333
BG9284,Bulgaria,BG,BG3,BG33,BG331,Варна,349.63,2.01255813953333,3.01755813953333,1952.73,-4.13662790698333,-5.73143410853333
BG9285,Bulgaria,BG,BG3,BG33,BG331,Варна,349.63,2.01255813953333,3.01755813953333,1952.73,-4.13662790698333,-5.73143410853333
BG9287,Bulgaria,BG,BG3,BG33,BG331,Варна,349.63,2.01255813953333,3.01755813953333,1952.73,-4.13662790698333,-5.73143410853333
BG9288,Bulgaria,BG,BG3,BG33,BG331,Варна,349.63,2.01255813953333,3.01755813953333,1952.73,-4.13662790698333,-5.73143410853333
BG9289,Bulgaria,BG,BG3,BG33,BG331,Варна,349.63,2.01255813953333,3.01755813953333,1952.73,-4.13662790698333,-5.73143410853333
BG9290,Bulgaria,BG,BG3,BG33,BG331,Варна,349.63,2.01255813953333,3.01755813953333,1952.73,-4.13662790698333,-5.73143410853333
BG9291,Bulgaria,BG,BG3,BG33,BG331,Варна,349.63,2.01255813953333,3.01755813953333,1952.73,-4.13662790698333,-5.73143410853333
BG9292,Bulgaria,BG,BG3,BG33,BG331,Варна,349.63,2.01255813953333,3.01755813953333,1952.73,-4.13662790698333,-5.73143410853333
BG9293,Bulgaria,BG,BG3,BG33,BG331,Варна,349.63,2.01255813953333,3.01755813953333,1952.73,-4.13662790698333,-5.73143410853333
BG9294,Bulgaria,BG,BG3,BG33,BG331,Варна,349.63,2.01255813953333,3.01755813953333,1952.73,-4.13662790698333,-5.73143410853333
BG9295,Bulgaria,BG,BG3,BG33,BG331,Варна,349.63,2.01255813953333,3.01755813953333,1952.73,-4.13662790698333,-5.73143410853333
BG9297,Bulgaria,BG,BG3,BG33,BG331,Варна,349.63,2.01255813953333,3.01755813953333,1952.73,-4.13662790698333,-5.73143410853333
BG9298,Bulgaria,BG,BG3,BG33,BG331,Варна,349.63,2.01255813953333,3.01755813953333,1952.73,-4.13662790698333,-5.73143410853333
BG9299,Bulgaria,BG,BG3,BG33,BG331,Варна,349.63,2.01255813953333,3.01755813953333,1952.73,-4.13662790698333,-5.73143410853333
BG2197,Bulgaria,BG,BG3,BG31,BG315,Ловеч,309.85,1.57010638297833,2.35468085106665,2178.61,-4.44446808509998,-6.20705673758332
BG5500,Bulgaria,BG,BG3,BG31,BG315,Ловеч,309.85,1.57010638297833,2.35468085106665,2178.61,-4.44446808509998,-6.20705673758332
BG5508,Bulgaria,BG,BG3,BG31,BG315,Ловеч,309.85,1.57010638297833,2.35468085106665,2178.61,-4.44446808509998,-6.20705673758332
BG5536,Bulgaria,BG,BG3,BG31,BG315,Ловеч,309.85,1.57010638297833,2.35468085106665,2178.61,-4.44446808509998,-6.20705673758332
BG5537,Bulgaria,BG,BG3,BG31,BG315,Ловеч,309.85,1.57010638297833,2.35468085106665,2178.61,-4.44446808509998,-6.20705673758332
BG5538,Bulgaria,BG,BG3,BG31,BG315,Ловеч,309.85,1.57010638297833,2.35468085106665,2178.61,-4.44446808509998,-6.20705673758332
BG5539,Bulgaria,BG,BG3,BG31,BG315,Ловеч,309.85,1.57010638297833,2.35468085106665,2178.61,-4.44446808509998,-6.20705673758332
BG5540,Bulgaria,BG,BG3,BG31,BG315,Ловеч,309.85,1.57010638297833,2.35468085106665,2178.61,-4.44446808509998,-6.20705673758332
BG5541,Bulgaria,BG,BG3,BG31,BG315,Ловеч,309.85,1.57010638297833,2.35468085106665,2178.61,-4.44446808509998,-6.20705673758332
BG5542,Bulgaria,BG,BG3,BG31,BG315,Ловеч,309.85,1.57010638297833,2.35468085106665,2178.61,-4.44446808509998,-6.20705673758332
BG5543,Bulgaria,BG,BG3,BG31,BG315,Ловеч,309.85,1.57010638297833,2.35468085106665,2178.61,-4.44446808509998,-6.20705673758332
BG5544,Bulgaria,BG,BG3,BG31,BG315,Ловеч,309.85,1.57010638297833,2.35468085106665,2178.61,-4.44446808509998,-6.20705673758332
BG5545,Bulgaria,BG,BG3,BG31,BG315,Ловеч,309.85,1.57010638297833,2.35468085106665,2178.61,-4.44446808509998,-6.20705673758332
BG5546,Bulgaria,BG,BG3,BG31,BG315,Ловеч,309.85,1.57010638297833,2.35468085106665,2178.61,-4.44446808509998,-6.20705673758332
BG5547,Bulgaria,BG,BG3,BG31,BG315,Ловеч,309.85,1.57010638297833,2.35468085106665,2178.61,-4.44446808509998,-6.20705673758332
BG5548,Bulgaria,BG,BG3,BG31,BG315,Ловеч,309.85,1.57010638297833,2.35468085106665,2178.61,-4.44446808509998,-6.20705673758332
BG5549,Bulgaria,BG,BG3,BG31,BG315,Ловеч,309.85,1.57010638297833,2.35468085106665,2178.61,-4.44446808509998,-6.20705673758332
BG5550,Bulgaria,BG,BG3,BG31,BG315,Ловеч,309.85,1.57010638297833,2.35468085106665,2178.61,-4.44446808509998,-6.20705673758332
BG5551,Bulgaria,BG,BG3,BG31,BG315,Ловеч,309.85,1.57010638297833,2.35468085106665,2178.61,-4.44446808509998,-6.20705673758332
BG5552,Bulgaria,BG,BG3,BG31,BG315,Ловеч,309.85,1.57010638297833,2.35468085106665,2178.61,-4.44446808509998,-6.20705673758332
BG5553,Bulgaria,BG,BG3,BG31,BG315,Ловеч,309.85,1.57010638297833,2.35468085106665,2178.61,-4.44446808509998,-6.20705673758332
BG5554,Bulgaria,BG,BG3,BG31,BG315,Ловеч,309.85,1.57010638297833,2.35468085106665,2178.61,-4.44446808509998,-6.20705673758332
BG5555,Bulgaria,BG,BG3,BG31,BG315,Ловеч,309.85,1.57010638297833,2.35468085106665,2178.61,-4.44446808509998,-6.20705673758332
BG5557,Bulgaria,BG,BG3,BG31,BG315,Ловеч,309.85,1.57010638297833,2.35468085106665,2178.61,-4.44446808509998,-6.20705673758332
BG5558,Bulgaria,BG,BG3,BG31,BG315,Ловеч,309.85,1.57010638297833,2.35468085106665,2178.61,-4.44446808509998,-6.20705673758332
BG5559,Bulgaria,BG,BG3,BG31,BG315,Ловеч,309.85,1.57010638297833,2.35468085106665,2178.61,-4.44446808509998,-6.20705673758332
BG5560,Bulgaria,BG,BG3,BG31,BG315,Ловеч,309.85,1.57010638297833,2.35468085106665,2178.61,-4.44446808509998,-6.20705673758332
BG5561,Bulgaria,BG,BG3,BG31,BG315,Ловеч,309.85,1.57010638297833,2.35468085106665,2178.61,-4.44446808509998,-6.20705673758332
BG5562,Bulgaria,BG,BG3,BG31,BG315,Ловеч,309.85,1.57010638297833,2.35468085106665,2178.61,-4.44446808509998,-6.20705673758332
BG5563,Bulgaria,BG,BG3,BG31,BG315,Ловеч,309.85,1.57010638297833,2.35468085106665,2178.61,-4.44446808509998,-6.20705673758332
BG5564,Bulgaria,BG,BG3,BG31,BG315,Ловеч,309.85,1.57010638297833,2.35468085106665,2178.61,-4.44446808509998,-6.20705673758332
BG5565,Bulgaria,BG,BG3,BG31,BG315,Ловеч,309.85,1.57010638297833,2.35468085106665,2178.61,-4.44446808509998,-6.20705673758332
BG5567,Bulgaria,BG,BG3,BG31,BG315,Ловеч,309.85,1.57010638297833,2.35468085106665,2178.61,-4.44446808509998,-6.20705673758332
BG5568,Bulgaria,BG,BG3,BG31,BG315,Ловеч,309.85,1.57010638297833,2.35468085106665,2178.61,-4.44446808509998,-6.20705673758332
BG5569,Bulgaria,BG,BG3,BG31,BG315,Ловеч,309.85,1.57010638297833,2.35468085106665,2178.61,-4.44446808509998,-6.20705673758332
BG5570,Bulgaria,BG,BG3,BG31,BG315,Ловеч,309.85,1.57010638297833,2.35468085106665,2178.61,-4.44446808509998,-6.20705673758332
BG5571,Bulgaria,BG,BG3,BG31,BG315,Ловеч,309.85,1.57010638297833,2.35468085106665,2178.61,-4.44446808509998,-6.20705673758332
BG5572,Bulgaria,BG,BG3,BG31,BG315,Ловеч,309.85,1.57010638297833,2.35468085106665,2178.61,-4.44446808509998,-6.20705673758332
BG5573,Bulgaria,BG,BG3,BG31,BG315,Ловеч,309.85,1.57010638297833,2.35468085106665,2178.61,-4.44446808509998,-6.20705673758332
BG5574,Bulgaria,BG,BG3,BG31,BG315,Ловеч,309.85,1.57010638297833,2.35468085106665,2178.61,-4.44446808509998,-6.20705673758332
BG5575,Bulgaria,BG,BG3,BG31,BG315,Ловеч,309.85,1.57010638297833,2.35468085106665,2178.61,-4.44446808509998,-6.20705673758332
BG5576,Bulgaria,BG,BG3,BG31,BG315,Ловеч,309.85,1.57010638297833,2.35468085106665,2178.61,-4.44446808509998,-6.20705673758332
BG5577,Bulgaria,BG,BG3,BG31,BG315,Ловеч,309.85,1.57010638297833,2.35468085106665,2178.61,-4.44446808509998,-6.20705673758332
BG5578,Bulgaria,BG,BG3,BG31,BG315,Ловеч,309.85,1.57010638297833,2.35468085106665,2178.61,-4.44446808509998,-6.20705673758332
BG5579,Bulgaria,BG,BG3,BG31,BG315,Ловеч,309.85,1.57010638297833,2.35468085106665,2178.61,-4.44446808509998,-6.20705673758332
BG5580,Bulgaria,BG,BG3,BG31,BG315,Ловеч,309.85,1.57010638297833,2.35468085106665,2178.61,-4.44446808509998,-6.20705673758332
BG5581,Bulgaria,BG,BG3,BG31,BG315,Ловеч,309.85,1.57010638297833,2.35468085106665,2178.61,-4.44446808509998,-6.20705673758332
BG5582,Bulgaria,BG,BG3,BG31,BG315,Ловеч,309.85,1.57010638297833,2.35468085106665,2178.61,-4.44446808509998,-6.20705673758332
BG5583,Bulgaria,BG,BG3,BG31,BG315,Ловеч,309.85,1.57010638297833,2.35468085106665,2178.61,-4.44446808509998,-6.20705673758332
BG5600,Bulgaria,BG,BG3,BG31,BG315,Ловеч,309.85,1.57010638297833,2.35468085106665,2178.61,-4.44446808509998,-6.20705673758332
BG5614,Bulgaria,BG,BG3,BG31,BG315,Ловеч,309.85,1.57010638297833,2.35468085106665,2178.61,-4.44446808509998,-6.20705673758332
BG5615,Bulgaria,BG,BG3,BG31,BG315,Ловеч,309.85,1.57010638297833,2.35468085106665,2178.61,-4.44446808509998,-6.20705673758332
BG5616,Bulgaria,BG,BG3,BG31,BG315,Ловеч,309.85,1.57010638297833,2.35468085106665,2178.61,-4.44446808509998,-6.20705673758332
BG5617,Bulgaria,BG,BG3,BG31,BG315,Ловеч,309.85,1.57010638297833,2.35468085106665,2178.61,-4.44446808509998,-6.20705673758332
BG5618,Bulgaria,BG,BG3,BG31,BG315,Ловеч,309.85,1.57010638297833,2.35468085106665,2178.61,-4.44446808509998,-6.20705673758332
BG5619,Bulgaria,BG,BG3,BG31,BG315,Ловеч,309.85,1.57010638297833,2.35468085106665,2178.61,-4.44446808509998,-6.20705673758332
BG5620,Bulgaria,BG,BG3,BG31,BG315,Ловеч,309.85,1.57010638297833,2.35468085106665,2178.61,-4.44446808509998,-6.20705673758332
BG5621,Bulgaria,BG,BG3,BG31,BG315,Ловеч,309.85,1.57010638297833,2.35468085106665,2178.61,-4.44446808509998,-6.20705673758332
BG5622,Bulgaria,BG,BG3,BG31,BG315,Ловеч,309.85,1.57010638297833,2.35468085106665,2178.61,-4.44446808509998,-6.20705673758332
BG5623,Bulgaria,BG,BG3,BG31,BG315,Ловеч,309.85,1.57010638297833,2.35468085106665,2178.61,-4.44446808509998,-6.20705673758332
BG5624,Bulgaria,BG,BG3,BG31,BG315,Ловеч,309.85,1.57010638297833,2.35468085106665,2178.61,-4.44446808509998,-6.20705673758332
BG5625,Bulgaria,BG,BG3,BG31,BG315,Ловеч,309.85,1.57010638297833,2.35468085106665,2178.61,-4.44446808509998,-6.20705673758332
BG5626,Bulgaria,BG,BG3,BG31,BG315,Ловеч,309.85,1.57010638297833,2.35468085106665,2178.61,-4.44446808509998,-6.20705673758332
BG5627,Bulgaria,BG,BG3,BG31,BG315,Ловеч,309.85,1.57010638297833,2.35468085106665,2178.61,-4.44446808509998,-6.20705673758332
BG5628,Bulgaria,BG,BG3,BG31,BG315,Ловеч,309.85,1.57010638297833,2.35468085106665,2178.61,-4.44446808509998,-6.20705673758332
BG5630,Bulgaria,BG,BG3,BG31,BG315,Ловеч,309.85,1.57010638297833,2.35468085106665,2178.61,-4.44446808509998,-6.20705673758332
BG5631,Bulgaria,BG,BG3,BG31,BG315,Ловеч,309.85,1.57010638297833,2.35468085106665,2178.61,-4.44446808509998,-6.20705673758332
BG5632,Bulgaria,BG,BG3,BG31,BG315,Ловеч,309.85,1.57010638297833,2.35468085106665,2178.61,-4.44446808509998,-6.20705673758332
BG5633,Bulgaria,BG,BG3,BG31,BG315,Ловеч,309.85,1.57010638297833,2.35468085106665,2178.61,-4.44446808509998,-6.20705673758332
BG5637,Bulgaria,BG,BG3,BG31,BG315,Ловеч,309.85,1.57010638297833,2.35468085106665,2178.61,-4.44446808509998,-6.20705673758332
BG5641,Bulgaria,BG,BG3,BG31,BG315,Ловеч,309.85,1.57010638297833,2.35468085106665,2178.61,-4.44446808509998,-6.20705673758332
BG5643,Bulgaria,BG,BG3,BG31,BG315,Ловеч,309.85,1.57010638297833,2.35468085106665,2178.61,-4.44446808509998,-6.20705673758332
BG5644,Bulgaria,BG,BG3,BG31,BG315,Ловеч,309.85,1.57010638297833,2.35468085106665,2178.61,-4.44446808509998,-6.20705673758332
BG5648,Bulgaria,BG,BG3,BG31,BG315,Ловеч,309.85,1.57010638297833,2.35468085106665,2178.61,-4.44446808509998,-6.20705673758332
BG5654,Bulgaria,BG,BG3,BG31,BG315,Ловеч,309.85,1.57010638297833,2.35468085106665,2178.61,-4.44446808509998,-6.20705673758332
BG5655,Bulgaria,BG,BG3,BG31,BG315,Ловеч,309.85,1.57010638297833,2.35468085106665,2178.61,-4.44446808509998,-6.20705673758332
BG5656,Bulgaria,BG,BG3,BG31,BG315,Ловеч,309.85,1.57010638297833,2.35468085106665,2178.61,-4.44446808509998,-6.20705673758332
BG5657,Bulgaria,BG,BG3,BG31,BG315,Ловеч,309.85,1.57010638297833,2.35468085106665,2178.61,-4.44446808509998,-6.20705673758332
BG5658,Bulgaria,BG,BG3,BG31,BG315,Ловеч,309.85,1.57010638297833,2.35468085106665,2178.61,-4.44446808509998,-6.20705673758332
BG5659,Bulgaria,BG,BG3,BG31,BG315,Ловеч,309.85,1.57010638297833,2.35468085106665,2178.61,-4.44446808509998,-6.20705673758332
BG5660,Bulgaria,BG,BG3,BG31,BG315,Ловеч,309.85,1.57010638297833,2.35468085106665,2178.61,-4.44446808509998,-6.20705673758332
BG5662,Bulgaria,BG,BG3,BG31,BG315,Ловеч,309.85,1.57010638297833,2.35468085106665,2178.61,-4.44446808509998,-6.20705673758332
BG5663,Bulgaria,BG,BG3,BG31,BG315,Ловеч,309.85,1.57010638297833,2.35468085106665,2178.61,-4.44446808509998,-6.20705673758332
BG5665,Bulgaria,BG,BG3,BG31,BG315,Ловеч,309.85,1.57010638297833,2.35468085106665,2178.61,-4.44446808509998,-6.20705673758332
BG5667,Bulgaria,BG,BG3,BG31,BG315,Ловеч,309.85,1.57010638297833,2.35468085106665,2178.61,-4.44446808509998,-6.20705673758332
BG5668,Bulgaria,BG,BG3,BG31,BG315,Ловеч,309.85,1.57010638297833,2.35468085106665,2178.61,-4.44446808509998,-6.20705673758332
BG5669,Bulgaria,BG,BG3,BG31,BG315,Ловеч,309.85,1.57010638297833,2.35468085106665,2178.61,-4.44446808509998,-6.20705673758332
BG5670,Bulgaria,BG,BG3,BG31,BG315,Ловеч,309.85,1.57010638297833,2.35468085106665,2178.61,-4.44446808509998,-6.20705673758332
BG5671,Bulgaria,BG,BG3,BG31,BG315,Ловеч,309.85,1.57010638297833,2.35468085106665,2178.61,-4.44446808509998,-6.20705673758332
BG5672,Bulgaria,BG,BG3,BG31,BG315,Ловеч,309.85,1.57010638297833,2.35468085106665,2178.61,-4.44446808509998,-6.20705673758332
BG5683,Bulgaria,BG,BG3,BG31,BG315,Ловеч,309.85,1.57010638297833,2.35468085106665,2178.61,-4.44446808509998,-6.20705673758332
BG5700,Bulgaria,BG,BG3,BG31,BG315,Ловеч,309.85,1.57010638297833,2.35468085106665,2178.61,-4.44446808509998,-6.20705673758332
BG5720,Bulgaria,BG,BG3,BG31,BG315,Ловеч,309.85,1.57010638297833,2.35468085106665,2178.61,-4.44446808509998,-6.20705673758332
BG5723,Bulgaria,BG,BG3,BG31,BG315,Ловеч,309.85,1.57010638297833,2.35468085106665,2178.61,-4.44446808509998,-6.20705673758332
BG5724,Bulgaria,BG,BG3,BG31,BG315,Ловеч,309.85,1.57010638297833,2.35468085106665,2178.61,-4.44446808509998,-6.20705673758332
BG5725,Bulgaria,BG,BG3,BG31,BG315,Ловеч,309.85,1.57010638297833,2.35468085106665,2178.61,-4.44446808509998,-6.20705673758332
BG5726,Bulgaria,BG,BG3,BG31,BG315,Ловеч,309.85,1.57010638297833,2.35468085106665,2178.61,-4.44446808509998,-6.20705673758332
BG5727,Bulgaria,BG,BG3,BG31,BG315,Ловеч,309.85,1.57010638297833,2.35468085106665,2178.61,-4.44446808509998,-6.20705673758332
BG5728,Bulgaria,BG,BG3,BG31,BG315,Ловеч,309.85,1.57010638297833,2.35468085106665,2178.61,-4.44446808509998,-6.20705673758332
BG5729,Bulgaria,BG,BG3,BG31,BG315,Ловеч,309.85,1.57010638297833,2.35468085106665,2178.61,-4.44446808509998,-6.20705673758332
BG5730,Bulgaria,BG,BG3,BG31,BG315,Ловеч,309.85,1.57010638297833,2.35468085106665,2178.61,-4.44446808509998,-6.20705673758332
BG5731,Bulgaria,BG,BG3,BG31,BG315,Ловеч,309.85,1.57010638297833,2.35468085106665,2178.61,-4.44446808509998,-6.20705673758332
BG5732,Bulgaria,BG,BG3,BG31,BG315,Ловеч,309.85,1.57010638297833,2.35468085106665,2178.61,-4.44446808509998,-6.20705673758332
BG5733,Bulgaria,BG,BG3,BG31,BG315,Ловеч,309.85,1.57010638297833,2.35468085106665,2178.61,-4.44446808509998,-6.20705673758332
BG5734,Bulgaria,BG,BG3,BG31,BG315,Ловеч,309.85,1.57010638297833,2.35468085106665,2178.61,-4.44446808509998,-6.20705673758332
BG5740,Bulgaria,BG,BG3,BG31,BG315,Ловеч,309.85,1.57010638297833,2.35468085106665,2178.61,-4.44446808509998,-6.20705673758332
BG5741,Bulgaria,BG,BG3,BG31,BG315,Ловеч,309.85,1.57010638297833,2.35468085106665,2178.61,-4.44446808509998,-6.20705673758332
BG5750,Bulgaria,BG,BG3,BG31,BG315,Ловеч,309.85,1.57010638297833,2.35468085106665,2178.61,-4.44446808509998,-6.20705673758332
BG5758,Bulgaria,BG,BG3,BG31,BG315,Ловеч,309.85,1.57010638297833,2.35468085106665,2178.61,-4.44446808509998,-6.20705673758332
BG5760,Bulgaria,BG,BG3,BG31,BG315,Ловеч,309.85,1.57010638297833,2.35468085106665,2178.61,-4.44446808509998,-6.20705673758332
BG5761,Bulgaria,BG,BG3,BG31,BG315,Ловеч,309.85,1.57010638297833,2.35468085106665,2178.61,-4.44446808509998,-6.20705673758332
BG5762,Bulgaria,BG,BG3,BG31,BG315,Ловеч,309.85,1.57010638297833,2.35468085106665,2178.61,-4.44446808509998,-6.20705673758332
BG5763,Bulgaria,BG,BG3,BG31,BG315,Ловеч,309.85,1.57010638297833,2.35468085106665,2178.61,-4.44446808509998,-6.20705673758332
BG5764,Bulgaria,BG,BG3,BG31,BG315,Ловеч,309.85,1.57010638297833,2.35468085106665,2178.61,-4.44446808509998,-6.20705673758332
BG5765,Bulgaria,BG,BG3,BG31,BG315,Ловеч,309.85,1.57010638297833,2.35468085106665,2178.61,-4.44446808509998,-6.20705673758332
BG5770,Bulgaria,BG,BG3,BG31,BG315,Ловеч,309.85,1.57010638297833,2.35468085106665,2178.61,-4.44446808509998,-6.20705673758332
BG5780,Bulgaria,BG,BG3,BG31,BG315,Ловеч,309.85,1.57010638297833,2.35468085106665,2178.61,-4.44446808509998,-6.20705673758332
BG5781,Bulgaria,BG,BG3,BG31,BG315,Ловеч,309.85,1.57010638297833,2.35468085106665,2178.61,-4.44446808509998,-6.20705673758332
BG5782,Bulgaria,BG,BG3,BG31,BG315,Ловеч,309.85,1.57010638297833,2.35468085106665,2178.61,-4.44446808509998,-6.20705673758332
BG5783,Bulgaria,BG,BG3,BG31,BG315,Ловеч,309.85,1.57010638297833,2.35468085106665,2178.61,-4.44446808509998,-6.20705673758332
BG5784,Bulgaria,BG,BG3,BG31,BG315,Ловеч,309.85,1.57010638297833,2.35468085106665,2178.61,-4.44446808509998,-6.20705673758332
BG5785,Bulgaria,BG,BG3,BG31,BG315,Ловеч,309.85,1.57010638297833,2.35468085106665,2178.61,-4.44446808509998,-6.20705673758332
BG5787,Bulgaria,BG,BG3,BG31,BG315,Ловеч,309.85,1.57010638297833,2.35468085106665,2178.61,-4.44446808509998,-6.20705673758332
BG5789,Bulgaria,BG,BG3,BG31,BG315,Ловеч,309.85,1.57010638297833,2.35468085106665,2178.61,-4.44446808509998,-6.20705673758332
BG5790,Bulgaria,BG,BG3,BG31,BG315,Ловеч,309.85,1.57010638297833,2.35468085106665,2178.61,-4.44446808509998,-6.20705673758332
BG5791,Bulgaria,BG,BG3,BG31,BG315,Ловеч,309.85,1.57010638297833,2.35468085106665,2178.61,-4.44446808509998,-6.20705673758332
BG5792,Bulgaria,BG,BG3,BG31,BG315,Ловеч,309.85,1.57010638297833,2.35468085106665,2178.61,-4.44446808509998,-6.20705673758332
BG5793,Bulgaria,BG,BG3,BG31,BG315,Ловеч,309.85,1.57010638297833,2.35468085106665,2178.61,-4.44446808509998,-6.20705673758332
BG2482,Bulgaria,BG,BG4,BG41,BG414,Перник,119.79,1.244930555555,1.96708333333333,2546.55,-4.63354166666665,-6.70340277778332
