Region,Country,Region Code,Property Type,Abbreviation,Code,Unit,2020,2021,2022,2023,2024,2025,2026,2027,2028,2029,2030,2031,2032,2033,2034,2035,2036,2037,2038,2039,2040,2041,2042,2043,2044,2045,2046,2047,2048,2049,2050
Europe,Austria,AT,Residential Single-Family,RSF,AT.RSF.CO2,kgCO2/sqm,27.1521468580603,25.3406334156352,23.2507748528595,21.2514791564089,19.3478816242652,17.6081493626568,15.8359264374941,14.22722525764,12.7149314894964,11.2969876304709,9.9273974378814,8.77262712056319,7.65354529646996,6.61056294095142,5.63994352305751,4.74097726730158,3.89933215976424,3.12798529934742,2.47504391514348,1.95384820183349,1.53762548672666,1.30596182956987,1.13116677539505,0.978533452146018,0.84642598514661,0.723743971077681,0.635544168492258,0.551580113776834,0.477732755735544,0.410344856493548,0.346595880902278
Europe,Austria,AT,Residential Multi-Family,RMF,AT.RMF.CO2,kgCO2/sqm,20.2671381904807,19.0405689227103,17.5862239297831,16.1806373097561,14.82892999277,13.5849719371426,12.2986067577732,11.1224096614047,10.0059387133849,8.94891864803965,7.91601173731524,7.04146277782444,6.18382538902108,5.3764245783478,4.61731699325611,3.90698699183142,3.23461708061442,2.61189284896884,2.08032453314087,1.65308852496679,1.30952144255132,1.11956416070674,0.976115861912887,0.849975604900466,0.740074971499253,0.636982624760943,0.563046517928559,0.491884487598805,0.428840379318078,0.370779718681292,0.315244094426591
Europe,Austria,AT,Office,OFF,AT.OFF.CO2,kgCO2/sqm,35.9516316177802,33.7518357097584,31.1526436836545,28.6438084606127,26.2341332638386,24.0184437566613,21.7314281667573,19.6421218917575,17.6612180728794,15.7879639886741,13.9599548880208,12.4129632138002,10.8979824203805,9.4733975913573,8.13558746936111,6.88519711938305,5.70308385816214,4.60953349981296,3.67692176038984,2.927919644228,2.32605592510841,1.99304625972275,1.74159366777906,1.52064871337278,1.32828614725054,1.14803513369821,1.01872849452559,0.894418802128876,0.784374408109874,0.683126295756669,0.586392553933292
Europe,Austria,AT,Retail High Street,RHS,AT.RHS.CO2,kgCO2/sqm,45.2479945542434,42.4805885329599,39.2107307987574,36.0545445010486,33.0231043458175,30.2357037232884,27.3585728534699,24.73016594324,22.2381324159677,19.881525326592,17.5818377175455,15.6356780495045,13.7297889829097,11.9376206188849,10.2546173123301,8.68159057341055,7.19445836036642,5.81874080618942,4.64548862684511,3.7032225926818,2.9460608604457,2.52712519929037,2.21079066367515,1.93283560658715,1.69083800953054,1.46407709119801,1.30140564948229,1.14502050939357,1.00658152171014,0.879208507355449,0.757514699940362
Europe,Austria,AT,Shopping Center,RSM,AT.RSM.CO2,kgCO2/sqm,37.5502002505746,35.2562891378518,32.5458943002951,29.9297220557974,27.4169522612106,25.1064675638244,22.7216051965836,20.5429108619743,18.4772568316212,16.5238581799361,14.6176402554206,13.0044626966099,11.4246655595598,9.93913185236634,8.5440853872059,7.24019882727705,6.00751049627172,4.86717410861334,3.89466187458417,3.11361474587046,2.48600112562571,2.13874410542366,1.87653346448229,1.64613568786837,1.44554315722016,1.25758035505317,1.1227415113835,0.993113401899284,0.878360911719389,0.772781039867509,0.671908679602299
Europe,Austria,AT,Retail Warehouse,RWB,AT.RWB.CO2,kgCO2/sqm,30.8831097983177,28.9939888881679,26.7618781782144,24.607363269497,22.5380041147249,20.6352342426908,18.6712115999669,16.8769759813733,15.1758332473624,13.5671369825903,11.9972957971444,10.6687842252569,9.36776266917166,8.14437054494051,6.99549802178645,5.92169906281067,4.90653448695421,3.96742516289109,3.16652525596306,2.52330396701169,2.00644086498339,1.72046182489701,1.50452163352746,1.3147805162543,1.14958512486985,0.994790783478606,0.883745992918079,0.776992435288227,0.682489502071572,0.595540560371053,0.512468429120522
Europe,Austria,AT,Hotel,HOT,AT.HOT.CO2,kgCO2/sqm,38.1527375541852,35.8202895978342,33.0643611467708,30.4042381928792,27.8492548111528,25.4999548401516,23.0750276824264,20.8597321027119,18.7593758618345,16.7731608477516,14.8349191793033,13.1946408444496,11.5883037098831,10.0778135953288,8.65933087442864,7.33353951086978,6.08014247969261,4.92064886976393,3.93179879610295,3.13763036948954,2.49947307655923,2.14638226907045,1.8797665880159,1.64549821544017,1.44153580574839,1.25041529922448,1.11331121371319,0.98150540076117,0.864825111920951,0.757471537945535,0.654904559980281
Europe,Austria,AT,Distribution Warehouse Cold,DWC,AT.DWC.CO2,kgCO2/sqm,27.2343896185158,25.5464922328448,23.552139297775,21.6271168906463,19.7781797005554,18.0780871997077,16.3232663905994,14.7201473982518,13.2002053140987,11.7628625770303,10.3602361921353,9.1732337102005,8.01079308958193,6.91771304528945,5.89121499644442,4.93179389965085,4.02476162638139,3.18568342634187,2.4700929885753,1.89538571272236,1.43357732662268,1.17805992086792,0.985121034576585,0.815590575155494,0.667991304116446,0.529685194249586,0.430468563555128,0.335086076459461,0.250649313805664,0.172961914023752,0.0987383784064471
Europe,Austria,AT,Distribution Warehouse Warm,DWW,AT.DWW.CO2,kgCO2/sqm,10.4020238126276,9.76527038731842,9.01290767056698,8.28669965464027,7.58919452253543,6.94784053238939,6.28584047806777,5.68106940713582,5.10767653587944,4.56544398137634,4.03630805013258,3.58851548724408,3.14998880121386,2.73762815165718,2.35038532858983,1.98844705267129,1.64627227843839,1.32973294227193,1.05977893544989,0.842972612058391,0.668757002636991,0.572363948934992,0.499578424314665,0.435623647414705,0.379942335147084,0.327766835648993,0.290337706379257,0.254354994463078,0.222501519069224,0.193194217372783,0.165193646399633
Europe,Austria,AT,Healthcare,HEC,AT.HEC.CO2,kgCO2/sqm,48.1870319392076,45.2383828155983,41.7543753847654,38.3914839661905,35.161508571091,32.1915553587479,29.1259952809878,26.3254486056057,23.6702066860306,21.1592605598253,18.708961687582,16.6353440270584,14.6046343723527,12.6950932225176,10.9018665739022,9.22581908413852,7.64129152910705,6.17547540770664,4.92538453423524,3.92140756284965,3.11465775417756,2.66828513642145,2.33123320257599,2.0350742981066,1.77722778155332,1.53561582509745,1.36229069666947,1.19566357266898,1.04815793144154,0.91244299685661,0.782779212134211
Europe,Austria,AT,Leisure/Lodging,LEI,AT.LEI.CO2,kgCO2/sqm,49.5567292978035,46.5174347388837,42.9263242391695,39.4600530206389,36.1307838427062,33.0695302787447,29.909730765884,27.0230915234126,24.2862239001458,21.6980879167857,19.1724635654487,17.0351001123177,14.9419637147465,12.9737207046649,11.1253678598288,9.39779641860744,7.76455835786091,6.25368107969364,4.96516073338461,3.93032016114388,3.09876977955581,2.63867506786753,2.29126170477604,1.98599847771982,1.72022541285358,1.47118598027185,1.29253260454893,1.12078313890778,0.968742976108155,0.828855982113007,0.695206158456353
Europe,Belgium,BE,Residential Single-Family,RSF,BE.RSF.CO2,kgCO2/sqm,43.3671058945116,40.4255817244952,37.0393878183982,33.8030767080092,30.7257744214988,27.9167130481578,25.0615945102347,22.4734325308721,20.0442597919126,17.7701192910488,15.5770442770846,13.7296275459413,11.9418261063132,10.2775372684693,8.73036541733383,7.29877849426696,5.9596344493181,4.73324293420421,3.69574018567653,2.86803702659071,2.20738714996838,1.84008055803777,1.56320901083558,1.32159554513103,1.11260968904327,0.918579971576476,0.779340927314626,0.646783853998374,0.530248241421217,0.423893698311807,0.323194543255102
Europe,Belgium,BE,Residential Multi-Family,RMF,BE.RMF.CO2,kgCO2/sqm,43.3671058945116,40.3016709112616,36.8124542621191,33.4925960540126,30.3497014124654,27.4898426482258,24.6020006029584,21.992887086944,19.5547066248759,17.2821351718347,15.1020252428885,13.2693384770256,11.5053257412199,9.87079568290702,8.35848757350423,6.96586215453681,5.66984188759977,4.48883829433251,3.49379667276116,2.70270815457176,2.07352019922034,1.72297550022344,1.45904587481827,1.22958117638423,1.03182326226792,0.849142082456362,0.718106493248221,0.594039825743995,0.485431192916042,0.386807125490535,0.293959555568973
Europe,Belgium,BE,Office,OFF,BE.OFF.CO2,kgCO2/sqm,51.6591503038269,48.7418952511255,45.1965633491067,41.7377299357892,38.3834423412935,35.2786779819626,32.033734309902,29.0510586080582,26.2012877855329,23.4861653185233,20.813754015222,18.5445686130318,16.3035908666537,14.1814843773645,12.1747190715626,10.2862265895587,8.4881481542186,6.81362810888621,5.37782889429379,4.21943424288986,3.28427228402149,2.76779111141022,2.37702387932223,2.03198192493877,1.73013610251695,1.44552843335727,1.24100791719312,1.04308839151519,0.866905259540097,0.703772107333711,0.546800709642876
Europe,Belgium,BE,Retail High Street,RHS,BE.RHS.CO2,kgCO2/sqm,63.9698359193869,60.3590516427721,55.9708756156757,51.6897616648499,47.5380475751842,43.6951767501307,39.6788012951539,35.9870436901801,32.4597869052784,29.0991888993264,25.7914559310785,22.9828091645351,20.2090759582553,17.5824736878325,15.0986330629493,12.7611826729978,10.5356407765379,8.46303123731937,6.68589446498765,5.25211061069944,4.09462933594996,3.45536329182898,2.97169760201107,2.54462761973217,2.17102293660605,1.81875449307242,1.56561260089305,1.32064097570341,1.10257321294427,0.900657847184267,0.706369091343238
Europe,Belgium,BE,Shopping Center,RSM,BE.RSM.CO2,kgCO2/sqm,53.5313629566618,50.5118020366195,46.84213810031,43.2620060874718,39.7900862340662,36.5764402017474,33.2176988771521,30.1304230566484,27.1807129862842,24.3703732846119,21.6042425939629,19.2554786233807,16.9359115291763,14.7393844146574,12.6622434092849,10.7075229637167,8.84638731515686,7.11314315330994,5.62699157619775,4.4279729246999,3.46001556276327,2.9254217968495,2.52095066164541,2.16380835409622,1.85137703328355,1.55678839437002,1.34509550266202,1.14023509304614,0.957873355566246,0.789019250502798,0.626542987896706
Europe,Belgium,BE,Retail Warehouse,RWB,BE.RWB.CO2,kgCO2/sqm,43.6364103332453,41.1731215710115,38.1794936314369,35.2589037880585,32.4265909502864,29.8049719908328,27.0649876092591,24.5464585793972,22.1401525433281,19.8475416676078,17.5909954923279,15.6749275450074,13.7826777419065,11.9908011411653,10.2963169987366,8.70170075009021,7.18342883921057,5.76948787920333,4.55711940053547,3.57898739785276,2.789349912431,2.35324054063624,2.02328223597575,1.73193370683534,1.47705937844558,1.23674070201124,1.06404648089851,0.896926042465255,0.748159506372526,0.610412187979619,0.477867767646567
Europe,Belgium,BE,Hotel,HOT,BE.HOT.CO2,kgCO2/sqm,54.1129907579862,51.0593282407125,47.348220728716,43.7276562744832,40.2165260803704,36.9665865386506,33.5699130620342,30.4477709018998,27.4647480991773,24.6226696529895,21.825299495014,19.4500096138649,17.1042463458151,14.8829126170398,12.7823132917877,10.8055170904722,8.92336259183419,7.17054393029137,5.66760840880791,4.45504856631934,3.4761595182972,2.93552828476135,2.52648922987962,2.16531351368299,1.84935373050543,1.55143813665402,1.3373544782349,1.13018046496526,0.945759213971097,0.774998144672042,0.61068694638696
Europe,Belgium,BE,Distribution Warehouse Cold,DWC,BE.DWC.CO2,kgCO2/sqm,38.3889194612585,35.7515876195437,32.7221390891436,29.8292555414778,27.0808033775444,24.5734319688902,22.0280843377816,19.7221737291246,17.5596805609909,15.5368580363823,13.5880409193461,11.9470151047439,10.3605250464469,8.88490194178018,7.51431280834239,6.24722774328563,5.06307020014355,3.97959302848499,3.06366668796465,2.33340947244379,1.7509091468236,1.4269308999764,1.18277066382149,0.969844636422045,0.785791575701025,0.615063536592084,0.492556047856401,0.376040433926224,0.273684155042689,0.180352410638064,0.0920717956247686
Europe,Belgium,BE,Distribution Warehouse Warm,DWW,BE.DWW.CO2,kgCO2/sqm,14.6624345164529,13.834362884494,12.8280097474168,11.8462094668457,10.8940848317847,10.0127881184589,9.09170108506783,8.24505960483704,7.43614357484096,6.66544788604858,5.9068758896985,5.2627607796848,4.62665249772008,4.02428618005822,3.45465980467667,2.91860552650621,2.40821554776118,1.93289799011322,1.52534205917334,1.19652824889227,0.931079710647768,0.784474974430344,0.673554518815224,0.575613320977206,0.489933475280705,0.40914673129998,0.35109296687774,0.294912913483752,0.244902800900989,0.198596964375298,0.154040160424836
Europe,Belgium,BE,Healthcare,HEC,BE.HEC.CO2,kgCO2/sqm,68.3915482744776,64.5297378556441,59.8364904603706,55.2577482279456,50.8174018934033,46.7073699852285,42.4117711929024,38.4633580808174,34.6908820871518,31.0966511947253,27.5589605821266,24.5550532548163,21.5884867212103,18.7792798461986,16.122759581053,13.6228067791415,11.2425424861561,9.0258425950643,7.12515709924811,5.59169483657408,4.35374404694036,3.67003544502206,3.15274472448024,2.69598431433412,2.29640617637511,1.91964759949887,1.64890697314995,1.38690462075164,1.15367652022814,0.937723751112394,0.729927803171542
Europe,Belgium,BE,Leisure/Lodging,LEI,BE.LEI.CO2,kgCO2/sqm,68.305098950927,64.4435618657113,59.7506466520187,55.1722284966569,50.732196443707,46.6224554379248,42.3271606821596,38.3790270333117,34.6068180502964,31.0128415525777,27.4754013328437,24.471706617953,21.5053500538367,18.6963420106151,16.0400097703117,13.5402339116133,11.1601380904533,8.94359509432396,7.04304412640701,5.509690400078,4.27182723089461,3.58816702092864,3.07091291351092,2.61418483223697,2.21463497586772,1.83790306544418,1.56718160174357,1.30519779351058,1.07198620055053,0.856048716274076,0.648267475843965
Europe,Bulgaria,BG,Residential Single-Family,RSF,BG.RSF.CO2,kgCO2/sqm,27.48161599622,25.807521876364,23.8210105627679,21.9001506568879,20.0531695491315,18.3538914277704,16.5988925177967,14.9952872634888,13.4745390260831,12.0360964423112,10.6319142487442,9.44344363196579,8.27902892705456,7.18360938234596,6.15442356340089,5.19201929992711,4.28171145470974,3.43921297521696,2.72042109092892,2.14293286791633,1.67872272487234,1.42176403576781,1.22764811220052,1.05701675242699,0.908397762597465,0.769088887139766,0.66906364133974,0.572863973030121,0.487641308412522,0.409172849162813,0.334154419043098
Europe,Bulgaria,BG,Residential Multi-Family,RMF,BG.RMF.CO2,kgCO2/sqm,29.1061450206271,27.1989228762589,24.9818347712195,22.8541846198332,20.823408791369,18.9645603841084,17.0661346852804,15.3407945025552,13.7163802735188,12.1909987826927,10.7149110916665,9.469485516117,8.26018249138865,7.13119848438745,6.07871876005653,5.10224202993391,4.18636833136651,3.34556552628531,2.63288649376112,2.06340824466998,1.60816708763446,1.3550343224351,1.16402461225635,0.997081130787692,0.852471508343104,0.718009714292518,0.621392360506011,0.529284731816001,0.448200512894383,0.374116838271137,0.303928041370998
Europe,Bulgaria,BG,Office,OFF,BG.OFF.CO2,kgCO2/sqm,56.7230475344442,52.9174610608644,48.5220296072696,44.3141038282967,40.3073256773613,36.6458619709245,32.920191438193,29.5402644404653,26.3657543045367,23.3921020059967,20.5231470838182,18.1051254400358,15.7645651061573,13.585329593939,11.5593940866882,9.68506321488972,7.93243017203084,6.32824292489111,4.9717960870476,3.89010353495606,3.02720353986052,2.54657862382174,2.18406144884428,1.86790424793708,1.59461625497194,1.34129341947759,1.1592158570547,0.98623032154426,0.834324904557175,0.695959266203331,0.565343311872839
Europe,Bulgaria,BG,Retail High Street,RHS,BG.RHS.CO2,kgCO2/sqm,70.9646047734365,66.2051040593822,60.7079069027289,55.4452158855229,50.4340924744983,45.8548405651659,41.195287646326,36.9681428761787,32.9979050787671,29.278872457512,25.6907808202581,22.6666541002167,19.7394052628244,17.0139191784841,14.4801595174357,12.1360059461973,9.94405517149439,7.93775984717445,6.24130392950878,4.88847263535505,3.80927678175213,3.20817767469991,2.7547913792785,2.35938572132856,2.01759493384015,1.70077380133086,1.47305639315176,1.25671003353048,1.06672776781713,0.893679182765215,0.730322829619972
Europe,Bulgaria,BG,Shopping Center,RSM,BG.RSM.CO2,kgCO2/sqm,70.8190425556446,66.0638130771926,60.5715491741765,55.3135809618584,50.3069545957986,45.7318121645317,41.0764407868898,36.8530895094475,32.8864146532033,29.1707195384415,25.5858478996005,22.5644350687858,19.639813181194,16.9167729822304,14.3852871488631,12.0432372504241,9.85325355982307,7.84875871007658,6.15382521321693,4.80220796682464,3.72398059710874,3.12342092393011,2.67044150305352,2.27539068709754,1.93390662694625,1.6173698136927,1.3898567619702,1.173704554284,0.983892781037377,0.810999491954892,0.647789736848675
Europe,Bulgaria,BG,Retail Warehouse,RWB,BG.RWB.CO2,kgCO2/sqm,55.2517572185824,51.5410445726318,47.2551918683255,43.1521702947365,39.2452817093855,35.6750988289046,32.0423098077034,28.7466448845883,25.6512757508506,22.7517570392253,19.9543255830493,17.5965855726573,15.3143757503789,13.1894688983513,11.2140402597362,9.38643673082837,7.67749708617755,6.11330246183765,4.79067204214022,3.73594624364825,2.89455847169209,2.42591560513639,2.07243603637552,1.76416068074784,1.49768579743549,1.25067833729684,1.07313999514719,0.904467014348698,0.756348621634276,0.621432458890595,0.494072779413611
Europe,Bulgaria,BG,Hotel,HOT,BG.HOT.CO2,kgCO2/sqm,67.1235979410022,62.6176832529148,57.4133765620189,52.431081531939,47.6869505950784,43.3516810619141,38.9403889541256,34.9384663045008,31.1797626333929,27.658879935738,24.2619616911909,21.398960333457,18.6276752082875,16.0474029239819,13.648641886067,11.4293847323521,9.35422101567623,7.45482103369919,5.84875222599201,4.56799973427967,3.54630339673879,2.9772308283778,2.54800093838443,2.17366247959431,1.85008229290597,1.55014137888222,1.33455674597787,1.12973731257528,0.949877295110405,0.786048732413546,0.631395999857794
Europe,Bulgaria,BG,Distribution Warehouse Cold,DWC,BG.DWC.CO2,kgCO2/sqm,40.9297614441736,38.3557591078501,35.3210300103183,32.3934846956221,29.5849477251242,27.0050695585803,24.3497056240639,21.9273766194784,19.6352277704851,17.4718721420808,15.3655675132696,13.5844991429604,11.844133075246,10.2105817859088,8.67931440334418,7.25069358251484,5.90270713316175,4.65805121677503,3.59814065194627,2.74791329293294,2.06554198027202,1.68733709468958,1.40171944137034,1.15106450888062,0.933085215173028,0.72922514609201,0.582820618458863,0.442362638478243,0.318150609954731,0.204027619033089,0.0951940495881614
Europe,Bulgaria,BG,Distribution Warehouse Warm,DWW,BG.DWW.CO2,kgCO2/sqm,15.6328949960385,14.5843079449212,13.3731956660882,12.2137484916443,11.1097253102137,10.1008496855602,9.07428258362373,8.14298126958335,7.26828028846383,6.44892345176549,5.65841481334112,4.99215582734925,4.34724044426633,3.74677632255696,3.18855231318274,2.67210127591895,2.18918272266547,1.74716675834658,1.37341291000641,1.07536455102475,0.837602049095516,0.705171195953309,0.605283618012812,0.518170015604787,0.44286854692484,0.373068255459692,0.322898807049798,0.275234565591578,0.233378716472638,0.195253602852254,0.159263828521505
Europe,Bulgaria,BG,Healthcare,HEC,BG.HEC.CO2,kgCO2/sqm,65.2541381861568,60.8832639251908,55.8349281851583,51.0019505069328,46.3999992411007,42.1946559692997,37.9155684884582,34.03358182993,30.38752497624,26.9721616983365,23.6770477093944,20.8998493357295,18.2116184965116,15.7086759211514,13.3818047740901,11.2290578529641,9.21608594728456,7.37361020879552,5.81567462881072,4.57330576739104,3.58222925276309,3.03021155738888,2.61384551229503,2.25072582457856,1.93684320423207,1.645891397181,1.43676774787787,1.23808666943407,1.06361698340284,0.904698295972769,0.754680442793462
Europe,Bulgaria,BG,Leisure/Lodging,LEI,BG.LEI.CO2,kgCO2/sqm,55.8594250118928,52.1194720117075,47.7998468590258,43.6644935433454,39.7268187406042,36.1285028781146,32.4670875395522,29.145452831389,26.0256922401084,23.103325369025,20.2838501992742,17.9075312366229,15.6073376387175,13.4656865558649,11.4746915722725,9.63268655780533,7.91028049703907,6.33376004494812,5.00070731943414,3.93767029910666,3.08965240543318,2.61731664084545,2.26105165893314,1.95034709860533,1.68177239762286,1.43281852278651,1.25388118143913,1.08387906034363,0.9345934971461,0.798614197272975,0.670250925629624
Europe,Cyprus,CY,Residential Single-Family,RSF,CY.RSF.CO2,kgCO2/sqm,23.6733049813772,22.5411031491816,21.0755631419485,19.617680952632,18.1845415448791,16.8503005761902,15.4313194761919,14.1205835902574,12.8562349429536,11.6386231222062,10.4212134482575,9.38453165859817,8.34128462388842,7.33706796457713,6.37067097291315,5.44459162115874,4.54525715117886,3.69165243350341,2.94859249566569,2.34157409896334,1.84524917336499,1.57417680804964,1.36864580633976,1.18472117439842,1.02172801883528,0.86507539504503,0.752624949855723,0.641457852393433,0.540915056400299,0.446035552787518,0.352782138491419
Europe,Cyprus,CY,Residential Multi-Family,RMF,CY.RMF.CO2,kgCO2/sqm,23.6733049813772,22.472011096495,20.9464370203766,19.4374929045238,17.9619689527985,16.5926450802325,15.1483310809565,13.8186456419452,12.5422392854522,11.3190156305438,10.1034205050465,9.06991297539706,8.03639207636173,7.04669775434733,6.09930645700743,5.19624958484878,4.32423995210226,3.50103112036061,2.78747480426564,2.20659334350545,1.73334407315986,1.47399420174396,1.27744722809648,1.10223650546559,0.947540496840085,0.799682058351018,0.693489645583339,0.589148149729276,0.495196439295798,0.407011783207526,0.32087076594531
Europe,Cyprus,CY,Office,OFF,CY.OFF.CO2,kgCO2/sqm,135.387150647338,125.815979440424,114.744554266871,104.119037794269,94.0239209503437,84.8216096049605,75.5716852171084,67.2268600797805,59.4561849866394,52.2416714775639,45.3611524279696,39.575078768861,34.0451057672455,28.9532887619055,24.2786830448451,20.0146624567132,16.0964091026155,12.5773040438297,9.65036736541911,7.35050453989845,5.54644858178619,4.52168513271565,3.74899103919731,3.08774822854253,2.52752494456241,2.02583690072639,1.66325589859479,1.33345134593049,1.05389198975506,0.811369019179535,0.596858850813515
Europe,Cyprus,CY,Retail High Street,RHS,CY.RHS.CO2,kgCO2/sqm,191.381381391388,177.846547153527,162.190166000019,147.164355570002,132.888596612136,119.875376393593,106.794825372638,94.9941979952821,84.0054906544328,73.8032654156231,64.0733501530653,55.8911176789958,48.0710435941602,40.8705769378939,34.2600992711621,28.2302403751576,22.6893396323784,17.7128845458915,13.5738296788772,10.3215357390556,7.77037477651464,6.32123097620634,5.22854479953547,4.29346468867873,3.50123883450284,2.79178913752821,2.27905421140926,1.81266928790286,1.41733736209378,1.07437952186184,0.771035290690582
Europe,Cyprus,CY,Shopping Center,RSM,CY.RSM.CO2,kgCO2/sqm,167.919784592501,156.044721118749,142.30827509364,129.125073181798,116.599944260275,105.182529508283,93.7060407005382,83.3525190634418,73.7113520662094,64.7602212170788,56.2234811797388,49.0446322718757,42.1835304294089,35.8660538293176,30.0662161287068,24.7757961745765,19.914373650597,15.5481790605663,11.9166946697455,9.06322810399712,6.82491488718731,5.5534789531499,4.59478840128768,3.77437675277219,3.07930120632993,2.45685101337214,2.00699254552033,1.59780019986549,1.25094765408022,0.950046582814566,0.683901321169702
Europe,Cyprus,CY,Retail Warehouse,RWB,CY.RWB.CO2,kgCO2/sqm,115.085633793042,106.950687123652,97.5406106143164,88.5095309302643,79.9292605149487,72.1078235756801,64.2459182806712,57.1532954459113,50.5486672242156,44.4167444560249,38.5686978255619,33.650867016307,28.9507070798914,24.6229546143607,20.6498078189878,17.0256348382998,13.6953441786028,10.704306680859,8.21657834868226,6.26182683206434,4.72848272081928,3.85749255392019,3.20074688438456,2.63872841413622,2.16257074862116,1.73616468053945,1.42799162084701,1.14767666364426,0.910067242158463,0.703936624590059,0.5216152825124
Europe,Cyprus,CY,Hotel,HOT,CY.HOT.CO2,kgCO2/sqm,148.779033223767,138.261884713686,126.096202975134,114.420501817689,103.327622923464,93.2157909477191,83.051640041737,73.8820448728052,65.3433465033603,57.4157785639085,49.85521579613,43.4972691407451,37.4207351348842,31.8256627583045,26.6890372096063,22.0035774256425,17.6980591631124,13.8311394595872,10.6149157539438,8.08774343971924,6.10538161358685,4.97933453443809,4.13027036468167,3.40367288872635,2.78807931621056,2.23680637910709,1.83838928219031,1.47598813141309,1.16879821674979,0.902305219862813,0.666593701506701
Europe,Cyprus,CY,Distribution Warehouse Cold,DWC,CY.DWC.CO2,kgCO2/sqm,101.336745881278,96.3671397217139,89.9581809463357,83.5897134725378,77.3356471795817,71.5167029194471,65.3378744988389,59.633990153607,54.1369992188461,48.8480582014592,43.5660008803931,39.0693973883003,34.549600003204,30.2030725073158,26.0243074362785,22.0237685632293,18.1427814547135,14.4627440625689,11.261746357156,8.64844230210942,6.51306897078848,5.3461033068856,4.46137053632998,3.67019035418829,2.96951513757401,2.2967596562979,1.81378921391691,1.33684751014165,0.905825311839963,0.499465570256016,0.100500722036055
Europe,Cyprus,CY,Distribution Warehouse Warm,DWW,CY.DWW.CO2,kgCO2/sqm,38.7050071074326,35.9685864972316,32.8032397100664,29.7653792809628,26.8791613670932,24.2481986685255,21.6036232878827,19.2178179354704,16.9961634461339,14.9335168763444,12.9663601168256,11.312107897255,9.73107546471993,8.27531287354188,6.93883198189424,5.71973835506017,4.59950040273955,3.5933798973025,2.75656174010862,2.09902548876205,1.58324159993466,1.29025929275455,1.06934421379776,0.880293321664924,0.720124152452862,0.576690347606413,0.473027576807409,0.378735670860009,0.298808986081825,0.22947109202653,0.168142124742934
Europe,Cyprus,CY,Healthcare,HEC,CY.HEC.CO2,kgCO2/sqm,118.417843689937,110.065820683175,100.404641735674,91.1325729240958,82.3233429653301,74.2931955141477,66.221499832605,58.9396144679356,52.1587455697691,45.8631959961841,39.8590976305456,34.8100373562097,29.9844563758064,25.5412203438249,21.4620524288024,17.7411704924663,14.3220129565413,11.2511613565866,8.69704943559586,6.69013650760744,5.11587599738316,4.22164396265123,3.54737341553233,2.97035780811581,2.48149415124737,2.04370968435691,1.72731320516421,1.43951820578134,1.1955683145866,0.983937220948666,0.796750739519593
Europe,Cyprus,CY,Leisure/Lodging,LEI,CY.LEI.CO2,kgCO2/sqm,92.8249303252634,86.2838761594905,78.7175302873984,71.4559238147865,64.5567988635758,58.2678279885192,51.9463177843613,46.2433633551542,40.9327900104684,36.0023042190872,31.3000742809662,27.3458015599805,23.5665511258537,20.0867417990625,16.8920597128369,13.9779764697334,11.3001947364108,8.8951957757887,6.89489184856998,5.32313777685176,4.0902241150865,3.38988837951497,2.86181989029752,2.40991855578824,2.02705518763595,1.68419551057972,1.43640326831893,1.21101084805405,1.01995660278349,0.854213471385655,0.707614627831615
Europe,Czech Republic,CZ,Residential Single-Family,RSF,CZ.RSF.CO2,kgCO2/sqm,59.3032622000775,55.2782579506157,50.6369480698887,46.1965035433264,41.9712948056011,38.1123940637872,34.1903004206285,30.6345467626787,27.2977172306089,24.174692604753,21.1645225184839,18.6289042106154,16.1768155704327,13.895601186072,11.776511144226,9.81741874948298,7.98676004301472,6.3121398424934,4.89687224054494,3.76884740527894,2.86943791572704,2.36910158343824,1.99210864523696,1.6635385156988,1.37971190094435,1.11668304403631,0.928005781826204,0.74874992162588,0.591429965488587,0.44815363948013,0.312848191154619
Europe,Czech Republic,CZ,Residential Multi-Family,RMF,CZ.RMF.CO2,kgCO2/sqm,56.1027686845178,52.228283355731,47.7819213387326,43.5360338946808,39.5034272776334,35.8253359840744,32.097231046748,28.7220672179559,25.5604867077708,22.6069133319692,19.766294785892,17.3755894607122,15.0688348306105,12.9269876583071,10.9413004844401,9.10921316655166,7.40089735560835,5.84143422722227,4.52574128391549,3.4786161446222,2.64496981698122,2.18088331689918,1.83140986553864,1.52731314772218,1.26504290814619,1.02250936767679,0.848608723092421,0.683772987659471,0.539381089660701,0.408164714775098,0.284549096362001
Europe,Czech Republic,CZ,Office,OFF,CZ.OFF.CO2,kgCO2/sqm,110.465120254376,103.918569747506,96.0600281843299,88.425085191516,81.0519808582199,74.2470716772331,67.1827728105198,60.7099603353917,54.5520126794462,48.7099919269362,42.9889670545186,38.1395805927018,33.3747282963159,28.8816701958928,24.6508770404594,20.6863173105034,16.9286136625471,13.4442578090092,10.4669220876464,8.07164513031821,6.14358218994775,5.07584554002853,4.26834567086704,3.55748959200373,2.93741686912443,2.35527313261235,1.93660352508741,1.53331793407604,1.17543686992717,0.84536273027544,0.529296105097948
Europe,Czech Republic,CZ,Retail High Street,RHS,CZ.RHS.CO2,kgCO2/sqm,119.008133182844,111.962054111657,103.50387370348,95.2863533505986,87.3506510172863,80.0264994490426,72.423165701732,65.4564511755313,58.8286269413046,52.5408361246749,46.3832736683891,41.1638591964702,36.0354291923591,31.1995323923886,26.6459124247832,22.3788405813141,18.3344087844766,14.5841823361483,11.3796637286502,8.80161734819144,6.72643532403706,5.57722600309162,4.70811059305788,3.94301328957744,3.27562648324199,2.64906279997767,2.19844698998312,1.76438905984808,1.37920020757738,1.02394006181062,0.683756261131662
Europe,Czech Republic,CZ,Shopping Center,RSM,CZ.RSM.CO2,kgCO2/sqm,89.0316210076478,83.7660070058219,77.445113820079,71.3040685957404,65.3736291416206,59.9002084406029,54.2181517625684,49.0118477762991,44.0588003102127,39.3598636349217,34.7582480754931,30.8577210381148,27.025187715084,23.4112677400102,20.0082964111092,16.8194657126788,13.7970164208528,10.9944300892449,8.59965735418496,6.67305434829302,5.12224752192501,4.26343049329633,3.61393078912884,3.04216498388256,2.54341933022613,2.07518125479439,1.73843100056372,1.41405463586054,1.12619868173734,0.860708786017912,0.606485612256699
Europe,Czech Republic,CZ,Retail Warehouse,RWB,CZ.RWB.CO2,kgCO2/sqm,75.3243114871769,70.8663818164618,65.5150405923666,60.3159607309698,55.2951821486938,50.6613209247393,45.8508260713545,41.4431089452789,37.249801716175,33.2716276194169,29.3758467041262,26.0736154343586,22.8289484289878,19.7693620105977,16.8883671540739,14.1886662302138,11.6298257281202,9.25712374918998,7.2296814743591,5.59859710306331,4.28566612057653,3.55858169845376,3.00870774238237,2.52464420353888,2.10240036895393,1.70598460268207,1.42088794549542,1.14626716619265,0.902564988567627,0.677798174480556,0.46256989741724
Europe,Czech Republic,CZ,Hotel,HOT,CZ.HOT.CO2,kgCO2/sqm,107.298125972626,100.94384885631,93.3161141019372,85.905410786855,78.7488558817782,72.1438081330476,65.286989021293,59.0042842371858,53.0271966347021,47.3567571044852,41.8037597831434,37.0968006922209,32.4718929827673,28.1107968238305,24.0042628402883,20.1561429576279,16.508803755853,13.1267840735787,10.2368932490915,7.91196601585359,6.04053063809913,5.00415360966046,4.22037015994043,3.53039205465047,2.92853098150838,2.36348491343886,1.95711170916877,1.56567069002223,1.21830065844643,0.897920856889012,0.591137166533464
Europe,Czech Republic,CZ,Distribution Warehouse Cold,DWC,CZ.DWC.CO2,kgCO2/sqm,56.1896725535112,52.3759636080928,47.9737242955896,43.7602811134579,39.7494699603437,36.0853291655444,32.3589969378375,28.9797090342195,25.8072433015459,22.836888089572,19.9725379395075,17.5593033820228,15.2244545738488,13.0514192471327,11.0319763565008,9.16422068472765,7.41812635810068,5.82016837717604,4.46920788650447,3.3921097839754,2.53303613622328,2.05520988041396,1.69513370574901,1.38120283860588,1.10993296325648,0.858429713555189,0.678004043885367,0.506506086343723,0.355936324868175,0.218746390472944,0.0891243225441179
Europe,Czech Republic,CZ,Distribution Warehouse Warm,DWW,CZ.DWW.CO2,kgCO2/sqm,21.4613332669661,20.1922150859129,18.6687535371286,17.188638940393,15.7592845421692,14.4400807946469,13.0705916081308,11.8157683258368,10.6219849249552,9.48944730177171,8.38036601198042,7.44026106370468,6.51654395909656,5.64551703922605,4.82533295782291,4.05676104687855,3.32829037921516,2.6528110778115,2.07562300126407,1.61127318344579,1.23749775327514,1.03050569026923,0.873963284604512,0.736156301697874,0.615948634262098,0.503093902717833,0.421930363200839,0.34374917828945,0.27437014200318,0.210381772664559,0.149108908426215
Europe,Czech Republic,CZ,Healthcare,HEC,CZ.HEC.CO2,kgCO2/sqm,91.0836814539778,85.7018289991609,79.2414020676523,72.9647932421121,66.9034393101244,61.3091928222878,55.5017047172949,50.1804715468973,45.1180855355151,40.3154198117886,35.6122235679989,31.6255923785659,27.7084558650333,24.0147585901062,20.5366666536736,17.2774425031012,14.1882726294392,11.3238191918402,8.87618183778391,6.90704906179205,5.32200816769285,4.44423274925901,3.78039533617395,3.19600779818161,2.6862523319569,2.20767789888467,1.86349388126335,1.531956906837,1.23774653121996,0.966395944847464,0.706560793371553
Europe,Czech Republic,CZ,Leisure/Lodging,LEI,CZ.LEI.CO2,kgCO2/sqm,81.2828601107565,76.4799280650423,70.714442704966,65.113002323668,59.703662085382,54.7111830173232,49.5284005165489,44.7795670003225,40.2617367167961,35.9756888730479,31.7784106781835,28.2206173616771,24.7248432492814,21.4284732432556,18.324516128177,15.4158834132576,12.6590124091879,10.1026853221109,7.91833783529674,6.1610226744895,4.74648302147044,3.96312901436408,3.37069991839424,2.84917435504899,2.39425276721964,1.96715810043723,1.65999760844408,1.36412373003885,1.10156126607386,0.859399587013839,0.627514639200065
Europe,Denmark,DK,Residential Single-Family,RSF,DK.RSF.CO2,kgCO2/sqm,18.0399271544571,16.9587299579397,15.6741781424062,14.4311771159859,13.2341921318035,12.1312260460907,10.9891260824084,9.94378415506692,8.95071854307254,8.0100035370879,7.09054317578604,6.31175819905072,5.54822770020803,4.82967682788348,4.15447321386382,3.52309804566931,2.92599363460274,2.37350303539694,1.90228129270273,1.5238361668123,1.2197574550777,1.05159107830158,0.924655168326839,0.813146782894525,0.716095968483455,0.625179399091546,0.560028527755603,0.497419938452097,0.442040991060585,0.391129181017792,0.342520776860924
Europe,Denmark,DK,Residential Multi-Family,RMF,DK.RMF.CO2,kgCO2/sqm,17.7275474634708,16.6232325536605,15.3254545466847,14.074562911306,12.8745869347139,11.7717600211789,10.6365017476543,9.60029135199043,8.61957379995705,7.69402972286984,6.79347533373896,6.0318741431556,5.28863608219386,4.59190639742803,3.93980309005092,3.33245982275319,2.76053489548485,2.23350717038121,1.78545128963382,1.42654429549761,1.13891726677345,0.979344046631549,0.858886690434453,0.753339370370447,0.661693014678663,0.576171184317726,0.514773902092324,0.456023250351706,0.404186391541865,0.356691385350918,0.311537609283529
Europe,Denmark,DK,Office,OFF,DK.OFF.CO2,kgCO2/sqm,30.9804963561616,29.0011602545225,26.6926536750085,24.473676943319,22.3507956768862,20.4034241397084,18.4072348769424,16.588848567697,14.8725177542465,13.2571818727288,11.6906882332279,10.3674078336047,9.08047729964239,7.87760705386018,6.75515867321165,5.71292982390819,4.73469590039575,3.83610606997281,3.07407976805874,2.46491063240503,1.97772566726057,1.70676553133017,1.50221499306016,1.32334219402733,1.16831581015526,1.02409282613489,0.920402616502957,0.821517875524465,0.734444189364556,0.654879999501563,0.579498038452806
Europe,Denmark,DK,Retail High Street,RHS,DK.RHS.CO2,kgCO2/sqm,44.8410325867789,41.9702805655112,38.6221124985711,35.4037950372929,32.324850697584,29.5004588361498,26.6052636461197,23.9679469375582,21.4786475468196,19.1358272733689,16.8638458861875,14.9446115132194,13.078097570214,11.3335013965058,9.70554596496134,8.19393781853097,6.77514542098392,5.47186571530833,4.36665243461921,3.48313723675887,2.77654313065354,2.38355309866199,2.08688096162386,1.82745081787612,1.60260658627643,1.39343118521802,1.24304294208941,1.09962436360673,0.973336079198743,0.857939275856164,0.74860821436103
Europe,Denmark,DK,Shopping Center,RSM,DK.RSM.CO2,kgCO2/sqm,40.7924871282371,38.1798181227044,35.1326531746341,32.2036651538112,29.4015204939721,26.8310438310002,24.1961291180886,21.79590939476,19.5304001081717,17.3982013433075,15.3304729893919,13.5837793971002,11.8850666238766,10.2973111101818,8.81571023804985,7.43999693246612,6.14875516205375,4.96264139557986,3.95678771627654,3.15270127611532,2.50963057309504,2.15197067476144,1.8819696117987,1.64586245567754,1.44123190917916,1.25086155220774,1.11399333833634,0.983468210410518,0.868533348747011,0.763510814861423,0.664008707541061
Europe,Denmark,DK,Retail Warehouse,RWB,DK.RWB.CO2,kgCO2/sqm,28.4173394973121,26.600127959186,24.4807078219697,22.443484271952,20.4944851463164,18.7066200013077,16.8739357201601,15.2044908092149,13.6287421756903,12.1457161249796,10.707531718731,9.4926393068863,8.31111939566631,7.20677451573716,6.17626426203319,5.21940287363443,4.32129467901244,3.49630704475711,2.7966972174786,2.2374242465751,1.79014389882165,1.5413777165764,1.35358161768932,1.18936003147655,1.0470316349738,0.914621747432325,0.819424653225927,0.728639418670803,0.648697812479753,0.575650610581622,0.506443077171333
Europe,Denmark,DK,Hotel,HOT,DK.HOT.CO2,kgCO2/sqm,34.625582713458,32.4133319859496,29.8331762682023,27.3530856535063,24.9803983558863,22.8038735624048,20.5727865099625,18.5404250367452,16.6221282464444,14.8167107753547,13.0658829645785,11.5868880509103,10.1485204044792,8.80410468138584,7.54957431404499,6.38470315942278,5.2913574122444,4.28702772592252,3.43533142260451,2.75447946299565,2.20996593005929,1.90712107347258,1.67850043813667,1.47857912135569,1.30531030146199,1.1441161510303,1.02822439242307,0.91770357688902,0.820383659673052,0.731456904503852,0.647204514001288
Europe,Denmark,DK,Distribution Warehouse Cold,DWC,DK.DWC.CO2,kgCO2/sqm,35.8520461211124,33.6540773456669,31.0475133257264,28.5269186463266,26.1011914065732,23.8669733360717,21.5557439053451,19.4412887281037,17.4338144175046,15.5333386289228,13.6771784496424,12.1054015666046,10.5655744614858,9.11737789383181,7.75742096111511,6.48656113213018,5.28551039478334,4.17492894112877,3.22819773355596,2.4681788721872,1.85776167978598,1.52000871765465,1.2650622720545,1.0411925573991,0.846421550745203,0.664073330120342,0.533364590855052,0.407840932278464,0.296855693297453,0.194877204888584,0.0975774610757697
Europe,Denmark,DK,Distribution Warehouse Warm,DWW,DK.DWW.CO2,kgCO2/sqm,13.6934898379249,12.8125684562543,11.785146784949,10.7975711797974,9.85276372804645,8.98606846404559,8.09764643103386,7.28835720591201,6.52448869952927,5.80556889837467,5.10838677748857,4.51944890230491,3.94668886263644,3.41134061227748,2.91178483823996,2.4479314900466,2.01255966068224,1.6126341531771,1.27348747556357,1.00237125825884,0.785545196091443,0.66495194407943,0.573914882387361,0.494305930104428,0.425310039935557,0.361122300295654,0.31497403742154,0.270964491707314,0.23221156245209,0.196800802244381,0.163251380685751
Europe,Denmark,DK,Healthcare,HEC,DK.HEC.CO2,kgCO2/sqm,39.9231309367465,37.3741972709741,34.4013670713392,31.5438309054071,28.8100437916537,26.3022731978829,23.7316365026273,21.3899694774177,19.1797266650002,17.0995423008991,15.0822556098538,13.3781721259709,11.720898982309,10.171876326434,8.72641869892071,7.38426553997572,6.12452325640064,4.9673444081045,3.98602825187196,3.20155727863434,2.57417410804168,2.22523922427772,1.96182476277393,1.73147737560297,1.53183873484497,1.34611241022367,1.21258305867849,1.08524205524682,0.97311099783212,0.870650459693224,0.773575678836146
Europe,Denmark,DK,Leisure/Lodging,LEI,DK.LEI.CO2,kgCO2/sqm,43.3098574230491,40.5347874827346,37.2982137595945,34.1871627252253,31.2108395103575,28.4805845471044,25.6818861281279,23.1324711083707,20.7261399935602,18.46140585134,16.2651495373806,14.4098831899619,12.6055801021164,10.9191312678812,9.34543554328291,7.88420925218688,6.51270516377702,5.25286373259513,4.18448717824462,3.33041951610273,2.64737617089926,2.26748448518641,1.98070042180366,1.72991707716358,1.51256689723063,1.31036330617504,1.16498749879387,1.02634905733971,0.904269957759486,0.792719326499124,0.68703226608774
Europe,Estonia,EE,Residential Single-Family,RSF,EE.RSF.CO2,kgCO2/sqm,85.7709370579231,80.4350579668329,74.155763709576,68.1083106369421,62.3087075113602,56.9820289002813,51.4845833850961,46.4639520299456,41.7028623907322,37.1983596590582,32.7983820780882,29.0741417390747,25.4218116979144,21.9827887983739,18.7482760797977,15.7199786909434,12.8514307025028,10.1924008318403,7.92051137008954,6.09263887215307,4.62092339884156,3.80599838168569,3.18956791004961,2.64658439685636,2.17257589258403,1.72705255420997,1.40636720921288,1.09698876238096,0.821966557576501,0.567771174131516,0.323727095843405
Europe,Estonia,EE,Residential Multi-Family,RMF,EE.RMF.CO2,kgCO2/sqm,85.7709370579231,80.1885117695985,73.7014249051736,67.4827370238705,61.5460701632717,56.1107249819569,50.5404295391472,45.4704215390333,40.6843279788945,36.1768578628617,31.7982015880804,28.0994241376087,24.4925878096511,21.1128027173346,17.9496762330794,15.0029494276858,12.2265183766386,9.66610837456272,7.48771690678795,5.74142684001648,4.34068758925462,3.56377982305702,2.97703369757514,2.46231940481017,2.01482547481529,1.59650008466502,1.29586601887704,1.00753135567534,0.752493219990692,0.518096722543518,0.294443935412141
Europe,Estonia,EE,Office,OFF,EE.OFF.CO2,kgCO2/sqm,198.987719723587,184.73159384659,168.582194250103,153.249105132973,138.75128106193,125.566855568367,112.259140711445,100.23633767823,89.0012786267087,78.5293121982905,68.4848485059501,60.0394827029387,51.913524906477,44.3870898480485,37.4276150177739,31.0240937395808,25.0714939797263,19.6544646565844,15.0964897236461,11.4777552373882,8.6044218763056,7.00360496575972,5.79976808498894,4.75553012258933,3.85793078989165,3.03161607492436,2.44045259672703,1.88307922838981,1.39733123231413,0.95848573188384,0.547701715366157
Europe,Estonia,EE,Retail High Street,RHS,EE.RHS.CO2,kgCO2/sqm,245.942607621399,228.324678899572,208.367014843709,189.418159209171,171.501536326558,155.208030602213,138.762162080671,123.904206370731,110.019756186786,97.0783470195928,84.6652519818891,74.228345487728,64.1861680764277,54.8848896272237,46.2842689144841,38.3707037270482,31.0143939425017,24.319949931373,18.6871378913256,14.2150529229277,10.6641455595687,8.68583262448172,7.1981134123255,5.90762887613977,4.79836250176358,3.77719069985208,3.04662223323711,2.35781207825283,1.75751760516319,1.21518592170419,0.707533030202177
Europe,Estonia,EE,Shopping Center,RSM,EE.RSM.CO2,kgCO2/sqm,227.142046883142,210.86902468246,192.434876413233,174.93252677344,158.383611941652,143.333909756699,128.14347575131,114.419737453682,101.595189820697,89.6416939239313,78.1761820401489,68.5360016439416,59.2604177465661,50.6691745256131,42.7251026651866,35.4156383112894,28.620889942787,22.4374822485919,17.2346643221915,13.1039666037975,9.82412620548097,7.99683249684625,6.62268187164778,5.43070954399434,4.40612165845414,3.46290343651698,2.78810465261593,2.15187646023892,1.59740689450429,1.0964753908975,0.627575391125196
Europe,Estonia,EE,Retail Warehouse,RWB,EE.RWB.CO2,kgCO2/sqm,186.611410717548,173.23945066984,158.091637858568,143.70950789905,130.110839794591,117.744113204698,105.261743665567,93.9845956375028,83.4463356595244,73.6238412518612,64.2023358335238,56.2807521521979,48.6587667726374,41.5991216929481,35.0712739321747,29.0648994489913,23.4814803030363,18.4004154814079,14.1251264423255,10.7308260979674,8.03569705381813,6.53416290939434,5.40498806817057,4.42551381029815,3.58358364503148,2.80851702099132,2.25401753913182,1.73121250238002,1.27559062776829,0.863962353053152,0.478655187242094
Europe,Estonia,EE,Hotel,HOT,EE.HOT.CO2,kgCO2/sqm,189.342987429535,175.784345810009,160.425059325834,145.842145141914,132.053630468417,119.514256043069,106.857624214994,95.4230396023171,84.7376584147412,74.7780353670995,65.2249993852467,57.192825058448,49.4644316275661,42.3062291460265,35.6872482322809,29.5970207144306,23.9356532752888,18.7836533653096,14.4486784107039,11.0069913465797,8.2742364850919,6.75173991233163,5.60680102952652,4.61365265107927,3.75996857344286,2.97408149711876,2.41184082889047,1.88173708157816,1.41975441861503,1.00237953584437,0.61169322239232
Europe,Estonia,EE,Distribution Warehouse Cold,DWC,EE.DWC.CO2,kgCO2/sqm,153.496606794313,143.835169915543,132.493081843742,121.579424811998,111.122139226114,101.523346644085,91.6299762606269,82.6004342770588,74.0449747320615,65.9575115906763,58.0658174805196,51.388590497969,44.8471579874272,38.6932519324884,32.9105462242995,27.5014448588573,22.3826534416285,17.642163904641,13.5949541981116,10.3408561225068,7.72258181099449,6.27234942326857,5.17566610234776,4.21036112064206,3.36829286063846,2.57758971158952,2.00860445300535,1.46024934792228,0.973215942702254,0.523508834536318,0.0922235094271606
Europe,Estonia,EE,Distribution Warehouse Warm,DWW,EE.DWW.CO2,kgCO2/sqm,58.6271762061614,54.4264268930295,49.6678003315248,45.1497100640347,40.8777412953941,36.9927821687712,33.0714942587948,29.5288220055152,26.2182685633752,23.1325700951611,20.1728407605275,17.684306013974,15.289888910299,13.0721288277341,11.0214308074391,9.13455159192942,7.38054215287802,5.78434537370108,4.44127992702827,3.37497365709819,2.52830933559115,2.05660821598501,1.70188232525895,1.39418429136501,1.12969519995053,0.886211030318553,0.71201717173366,0.547779999980109,0.404648157677666,0.27533673391435,0.154293984283713
Europe,Estonia,EE,Healthcare,HEC,EE.HEC.CO2,kgCO2/sqm,253.687573104312,235.514933721978,214.928891087374,195.383419789846,176.902681688572,160.096165526676,143.132489336921,127.806722310693,113.485112194163,100.136235285423,87.3323067816508,76.5667882590025,66.2084270923526,56.6142925195045,47.7428762965968,39.5801479389951,31.9922204924688,25.0869980454767,19.2768336652888,14.663942518944,11.0012327865309,8.96063152616806,7.42607061543003,6.09495442834232,4.95076216154578,3.89743817570431,3.14386733900033,2.43336959848498,1.81417450722825,1.25476719750835,0.731130561537874
Europe,Estonia,EE,Leisure/Lodging,LEI,EE.LEI.CO2,kgCO2/sqm,233.417044968481,216.694784019917,197.751736199974,179.766210568642,162.760440600411,147.295271068202,131.685484623653,117.582884002049,104.404297417372,92.1208091280908,80.3387763092931,70.432465718145,60.900816804417,52.072400715405,43.9090220260659,36.3977700402506,29.4154434695194,23.0613344577741,17.7148857182473,13.4701545125266,10.0997696919375,8.22203107346644,6.80994516503347,5.5850668320062,4.53219381460064,3.56293678021818,2.869509264849,2.21571713425662,1.64594068757652,1.13118029351046,0.649335676187622
Europe,Finland,FI,Residential Single-Family,RSF,FI.RSF.CO2,kgCO2/sqm,22.5349106433497,21.2115936517195,19.6273729941805,18.0915642743393,16.6107026749531,15.245889441324,13.8284255898394,12.530180635001,11.2944989109394,10.1211707527981,8.97008730563556,7.99437046785745,7.03324616645181,6.12489260508469,5.2673687692279,4.46156801889153,3.69536848900506,2.98265007989511,2.37212723090697,1.87999566993115,1.48306878871515,1.26399435975982,1.09838951378991,0.952309390954087,0.824653510858784,0.704426000296962,0.618148715884902,0.534756578244681,0.460631138664793,0.392107952536598,0.326302060538679
Europe,Finland,FI,Residential Multi-Family,RMF,FI.RMF.CO2,kgCO2/sqm,22.5349106433497,21.1465767562972,19.5071196688333,17.9253935805814,16.4073933343509,15.0127667627368,13.5748319828676,12.2622499925647,11.0186464838932,9.8432339244445,8.69654618109463,7.72635727326029,6.77616534044444,5.88249518394047,5.04300041270222,4.25806425514899,3.51567788716882,2.8286386486685,2.24250889140677,1.77162274425811,1.3931281108881,1.18355215741706,1.02519923946842,0.886006089779145,0.764775540060852,0.651176576168979,0.569579488401221,0.491148167339262,0.421698189016149,0.357802323098221,0.296785978287633
Europe,Finland,FI,Office,OFF,FI.OFF.CO2,kgCO2/sqm,50.5534153037134,47.0529943119513,43.0485812530104,39.2293950803206,35.6056270946986,32.30220258917,28.9577673207643,25.9309654994277,23.0971780128519,20.4511752653608,17.9083876832423,15.7678338359618,13.7044903412368,11.7902762770574,10.0175037637565,8.38397246035136,6.86345451917121,5.47813080935862,4.31118223778853,3.38356139866476,2.6460741991691,2.23347752524051,1.92217447748653,1.65161033806975,1.4185230787035,1.20375290483048,1.04899959694913,0.903021881826669,0.775455694304147,0.660044783897461,0.552058201427154
Europe,Finland,FI,Retail High Street,RHS,FI.RHS.CO2,kgCO2/sqm,63.5046254431459,59.1088135380455,54.0800908104484,49.2839751188747,44.7332646500461,40.5848399882191,36.3849142069219,32.5838709861426,29.0252142419023,25.7023766730149,22.5091562141263,19.8210589516745,17.2299220799185,14.8260612323138,12.5998220064201,10.5484412245765,8.63898208137966,6.89929920599315,5.4338507826121,4.26894897861887,3.34281608802326,2.82467916234247,2.43374628694507,2.09397313738948,1.80126327418711,1.53155591915944,1.33721745680321,1.1538993417751,0.993702334866656,0.848769866704078,0.713160833981667
Europe,Finland,FI,Shopping Center,RSM,FI.RSM.CO2,kgCO2/sqm,60.996536956295,56.7706655176185,51.9363513553318,47.3256517268756,42.9508700457952,38.9628219508403,34.9252637506927,31.2711674584403,27.8500870709721,24.6557091765426,21.5859374424614,19.0017610284072,16.5107965521178,14.1998680779812,12.0596944391933,10.0876192815225,8.25197912430992,6.57955174703284,5.17075701902504,4.05088988898566,3.16056095424534,2.66245501094565,2.2866354562771,1.95999781132461,1.67860400343884,1.41932343524847,1.2324980261461,1.05626692181007,0.902263072084298,0.7629336396683,0.632567202118218
Europe,Finland,FI,Retail Warehouse,RWB,FI.RWB.CO2,kgCO2/sqm,41.9498610247039,39.0468727701682,35.725911061913,32.5585627265854,29.5532796694388,26.8136656167682,24.0400402942468,21.5298364768128,19.1797043616358,16.9853069118682,14.87650842676,13.1012926194383,11.3901093233846,9.80260286114544,8.33239747836791,6.97766837625089,5.71666413291994,4.56777990791383,3.59999974521694,2.83070016468756,2.21908325259477,1.876906325564,1.61873478181033,1.39434905201556,1.20104385306533,1.02292947949563,0.894588621013927,0.773525585047181,0.667731697704688,0.572018491166288,0.482462468820261
Europe,Finland,FI,Hotel,HOT,FI.HOT.CO2,kgCO2/sqm,29.8977741717005,27.8478981838272,25.5028802004568,23.2663326403093,21.1442236149,19.2097104270373,17.2511809913392,15.4786603750444,13.8191705773492,12.2696491030198,10.7805712980603,9.52704495291021,8.31873363992092,7.19775377634299,6.159603275152,5.20299359815315,4.31256549705016,3.50130827545897,2.8179333723904,2.27471080332065,1.84283209354035,1.60121200939817,1.41891032510235,1.26046568833571,1.12396782788449,0.998196606831431,0.907571767528813,0.822085989190048,0.747382156341837,0.679796556056036,0.616558704683492
Europe,Finland,FI,Distribution Warehouse Cold,DWC,FI.DWC.CO2,kgCO2/sqm,40.2367313484328,37.8234300591168,34.9419358343781,32.1510666698964,29.4624505156417,26.9860157697523,24.4175808111014,22.0666555835431,19.8309507099676,17.7098926882362,15.6312160709622,13.8698309490697,12.136636504232,10.5000688761726,8.95648387994187,7.50732413397968,6.13072192627337,4.85139545777694,3.75631649392699,2.87412587654914,2.16303505424649,1.77033800444449,1.47351084298435,1.21184447952978,0.983317641446427,0.76828326775396,0.613945199848204,0.464915471488622,0.332535767373636,0.210263848686343,0.0929570664382923
Europe,Finland,FI,Distribution Warehouse Warm,DWW,FI.DWW.CO2,kgCO2/sqm,16.0946925393731,14.9788466307797,13.7023407651558,12.4848805582316,11.329714739616,10.2766663412901,9.21054474631947,8.24567668147524,7.34233671746505,6.4988577911121,5.68828125571634,5.00592668801345,4.34818483295369,3.73798167832932,3.17286652204125,2.65213795089121,2.16743518868012,1.72582893694361,1.35383517042528,1.05813304759541,0.823040732661318,0.691515321407652,0.592279762888711,0.50603074064515,0.431728402348932,0.363265088830901,0.313933638171939,0.267399625106495,0.226734742580404,0.189944655763014,0.155521257401487
Europe,Finland,FI,Healthcare,HEC,FI.HEC.CO2,kgCO2/sqm,66.0218905651748,61.4515188107819,56.2231030343433,51.2365312335489,46.5051098174,42.191949175189,37.8252422787644,33.8732577652049,30.1732850141906,26.7184959337802,23.3984711224545,20.6036281977343,17.9095960084363,15.4102766661696,13.0956323874321,10.9627902674215,8.97750556401811,7.16873902738758,5.64509692751309,4.43393630086418,3.47102621841018,2.93231382098211,2.52585680913709,2.17259110096876,1.86825758536494,1.58784001883069,1.38578428070539,1.19518651331209,1.02862800459538,0.877940196953719,0.736946062951776
Europe,Finland,FI,Leisure/Lodging,LEI,FI.LEI.CO2,kgCO2/sqm,80.9511489061553,75.3298600114346,68.8992156086402,62.7660250952887,56.9466545731255,51.6417202434614,46.2709271652443,41.4102182662742,36.8594690376027,32.6102813270741,28.5268457544286,25.0893530646671,21.775851660068,18.7018356241645,15.8549590726478,13.2316885013023,10.7899048881041,8.56522825523922,6.69123793764175,5.20158148381818,4.01725862257378,3.35467400586288,2.85475574764468,2.42025966966077,2.04594731532968,1.70105017405701,1.45253348047586,1.21810941810573,1.01325223237012,0.827915077060664,0.654500571134734
Europe,France,FR,Residential Single-Family,RSF,FR.RSF.CO2,kgCO2/sqm,18.5460671654301,17.4012256784384,16.0444503007323,14.7326011299846,13.4731488220875,12.3162625122957,11.1270506492299,10.0432536681176,9.01900257229582,8.05348825407205,7.11454799068419,6.32117903944372,5.54657874158879,4.81994648493886,4.13910365793698,3.50409383064128,2.90505450802545,2.3520236696216,1.88115252220284,1.50350434554666,1.20047880595276,1.03264158505342,0.905968980164324,0.794852206681009,0.698271811349591,0.607973863196671,0.54321963121423,0.481102857987403,0.426194006773274,0.375744248187968,0.327606121911445
Europe,France,FR,Residential Multi-Family,RMF,FR.RMF.CO2,kgCO2/sqm,18.1627729345748,17.0006815194225,15.6374434991658,14.3242867375801,13.0681341203254,11.9171537911408,10.7404140719844,9.67076788621225,8.66340889969287,7.71713869244766,6.80079610206354,6.02766185904845,5.27609366974213,4.57366365134967,3.91797050428703,3.30873199197827,2.73633520157564,2.20995781595423,1.76315996793961,1.40571062121281,1.11961157040732,0.960687713044867,0.840744032408037,0.735788126573325,0.644770122158968,0.559986266243099,0.499089066418484,0.440908753439074,0.38960484626646,0.342620713922799,0.297972079072974
Europe,France,FR,Office,OFF,FR.OFF.CO2,kgCO2/sqm,23.7588443429728,22.238863187867,20.4593948575824,18.7465865685582,17.109322901325,15.6098951497112,14.0785944260057,12.6873921699418,11.37813545623,10.1491594997516,8.96008981634885,7.95715698835069,6.98308062119276,6.07339093600477,5.22489812472573,4.43714881139844,3.69767231208253,3.0182118124669,2.44185402305327,1.98099955638131,1.61233492602741,1.40741902717178,1.25276450949524,1.11750654788067,1.00026805408608,0.891146762091533,0.812741742024133,0.737900567974422,0.67193998927013,0.611576275192476,0.554264493887616
Europe,France,FR,Retail High Street,RHS,FR.RHS.CO2,kgCO2/sqm,41.5673779473805,38.8914705028742,35.758739194807,32.7433620394943,29.8609802276855,27.2212567879804,24.5254213872735,22.076227552659,19.7712978005875,17.6077012980829,15.5143592805413,13.7487088237807,12.0338597984228,10.4323627057725,8.93860192940704,7.55177930673411,6.24994035767214,5.05375881090624,4.03908827093905,3.22775985804458,2.57873047661024,2.21797864925794,1.94571134266202,1.70759142571608,1.50119455212734,1.30908790881699,1.17105687061611,1.03929993789198,0.923177180049977,0.816907631025729,0.716010970737254
Europe,France,FR,Shopping Center,RSM,FR.RSM.CO2,kgCO2/sqm,20.6529722902764,19.3417313168152,17.8066387416157,16.3290517329162,14.916634744966,13.6231245602794,12.3021185432846,11.1019711635654,9.97251568181068,8.91231593912309,7.88654211032202,7.02134281934198,6.18103710923016,5.39627580850829,4.66430716791092,3.98474007394993,3.34681645130658,2.76066678494282,2.26346065425227,1.86589568611235,1.54786005312957,1.371085412345,1.23766971858644,1.12098683692036,1.01984879569271,0.925713214695773,0.858075616366292,0.793512438338538,0.736610276663867,0.684536357889913,0.635095247612626
Europe,France,FR,Retail Warehouse,RWB,FR.RWB.CO2,kgCO2/sqm,17.5659037766716,16.4470049100173,15.1370905789648,13.8762464909,12.6710128236747,11.567243868201,10.4400123637146,9.415911096164,8.45213213863492,7.54744999818212,6.67214393490414,5.93385819971065,5.21681447874959,4.54716752007193,3.92256922047106,3.34268583775355,2.79833736723289,2.29816828263435,1.87389586636389,1.53464854167194,1.26326462635636,1.11242054107358,0.998575205577154,0.899008194862485,0.812705797366057,0.732378689671057,0.674662652996039,0.619570058892482,0.571014709039505,0.526579361244795,0.484390622961731
Europe,France,FR,Hotel,HOT,FR.HOT.CO2,kgCO2/sqm,22.6054144559314,21.1652288871771,19.4791786353547,17.8562889228018,16.3049779095867,14.8842667369448,13.4333558514409,12.1151885796485,10.8746648938458,9.71020740638237,8.58356120256098,7.63328008857414,6.71034053624274,5.84840751013148,5.04445865991641,4.29806441085669,3.59740876182423,2.95361840771491,2.40751810379707,1.97085745838878,1.62154689058185,1.42738861477109,1.28085311085892,1.15269588751303,1.04161215052176,0.938219480522875,0.863930547374158,0.793018366356017,0.730520569434321,0.673325814355268,0.61902277245399
Europe,France,FR,Distribution Warehouse Cold,DWC,FR.DWC.CO2,kgCO2/sqm,21.5066471333709,20.1538155134664,18.5531061382267,17.006304787503,15.5221184684649,14.1593261333839,12.7596267005338,11.4845100285269,10.2800948945273,9.14535615614884,8.04255997105281,7.11094776979221,6.20197438112609,5.34976557153276,4.55171217032353,3.80780589779062,3.10646537660746,2.45936706274898,1.90865590099197,1.46713763607187,1.11299423996279,0.91675976352468,0.768655070195953,0.638785425288543,0.525943408507291,0.420499036764278,0.344865242607155,0.272355335634818,0.208282283745216,0.149440629457982,0.093328567983418
Europe,France,FR,Distribution Warehouse Warm,DWW,FR.DWW.CO2,kgCO2/sqm,8.21434439121804,7.68650399726487,7.06855208297335,6.47374904939113,5.90518022456419,5.38447736423099,4.8527060494707,4.36958641049188,3.91492381337345,3.48814013197882,3.07521461114799,2.72692841216399,2.38866313061494,2.07275726547193,1.77810309935446,1.50454318942645,1.2477468696781,1.0117921694583,0.811641712592343,0.651601831554296,0.523576505010655,0.452415827514168,0.398709305388672,0.351738581110865,0.311025436383289,0.27313113383776,0.245903601087591,0.219913677027271,0.197007697086862,0.176045327578401,0.156142795813124
Europe,France,FR,Healthcare,HEC,FR.HEC.CO2,kgCO2/sqm,41.392584740093,38.7296911044217,35.6121952883213,32.611482893535,29.743119042611,27.1162334371486,24.4335087614138,21.9962261535604,19.7025060250628,17.5494317965395,15.466270382553,13.709206858633,12.0026977022203,10.4089892111737,8.92249307964067,7.54241502675341,6.24690734421256,5.05654321763192,4.04680735074722,3.23942469198914,2.59355175167747,2.23455437787612,1.9636111958075,1.72664933351898,1.52125623510286,1.33008386892422,1.19272412058731,1.06160796471019,0.946049949634248,0.840297224014644,0.739891257024167
Europe,France,FR,Leisure/Lodging,LEI,FR.LEI.CO2,kgCO2/sqm,56.1649193733496,52.5289640911358,48.2722881097943,44.1750699798345,40.2585625552152,36.6717731825544,33.0087402980269,29.680837728596,26.54895754179,23.6091173959691,20.7647372654881,18.3656161307187,16.0355226946584,13.8594489947154,11.8297646734807,9.9453852078332,8.1764794061205,6.55113820742579,5.17242956895083,4.07001706416482,3.18813237395147,2.69795192510121,2.32800200264634,2.00445068864355,1.72400384273411,1.4629741999015,1.27542112010934,1.09639313598003,0.938608472826725,0.794212100333929,0.657116273014952
Europe,Germany,DE,Residential Single-Family,RSF,DE.RSF.CO2,kgCO2/sqm,42.6933544515744,39.7717078861454,36.4147952051008,33.2075831420188,30.1607668998486,27.378013514325,24.5615403098094,22.0079369723452,19.6145032613462,17.3767490028543,15.226391146151,13.4079614380558,11.6547895815706,10.024572956461,8.51085882693862,7.11205684994454,5.80488182922905,4.60960011641896,3.59959031629462,2.79462825482841,2.15224188982261,1.79548955743093,1.52607641886093,1.29130024633098,1.08853104686428,0.901034089663439,0.765919753563218,0.637970914241429,0.52574148247011,0.423620962306299,0.327269236088592
Europe,Germany,DE,Residential Multi-Family,RMF,DE.RMF.CO2,kgCO2/sqm,33.1914798327789,31.0824499243023,28.6083662756299,26.2256456260186,23.9444362168017,21.8492783703042,19.7044054804612,17.7484045199219,15.90117632248,14.1609424949918,12.4736074873265,11.0415261232007,9.64810186887822,8.34207859410998,7.11955138929581,5.98060654734847,4.90697811204617,3.91701018471235,3.07478852803637,2.39970026504488,1.85778259423558,1.55796486513112,1.33113519039626,1.13225539011692,0.959465728588835,0.798365178505912,0.68220613107676,0.571222765447654,0.473205171336694,0.383290139527632,0.297665666700519
Europe,Germany,DE,Office,OFF,DE.OFF.CO2,kgCO2/sqm,53.9325787677042,50.7355704899967,46.9078277878972,43.1931722546009,39.610680722484,36.3032724930251,32.8819005507482,29.7454880805047,26.7635427478556,23.935594310003,21.1723318381565,18.8198040040149,16.5130196651087,14.3366607669494,12.285953683095,10.3629070146822,8.53761507657431,6.84353618634154,5.39472766383577,4.22835439132821,3.28790711310592,2.76908410449751,2.37602500293985,2.02981713411441,1.72770035379449,1.44431384722462,1.23989737784081,1.04333137721032,0.868882052045586,0.707940277619071,0.55369452941622
Europe,Germany,DE,Retail High Street,RHS,DE.RHS.CO2,kgCO2/sqm,71.3666328534949,67.1351285772085,62.0687952413208,57.1521421054251,52.4104189314135,48.032791208655,43.5043231075674,39.3530223828941,35.4061716616299,31.6631485386271,28.0057426295923,24.891977907847,21.8387584768508,18.958167879538,16.2438878273876,13.6985768697563,11.2826523645143,9.04039915598433,7.12278151912927,5.57899024252326,4.3342306630225,3.64752559726754,3.12727944067414,2.66904475681859,2.2691682670466,1.8940828402262,1.62352077431836,1.36334945163512,1.13245137402388,0.91943165447305,0.715274678192899
Europe,Germany,DE,Shopping Center,RSM,DE.RSM.CO2,kgCO2/sqm,73.43472657911,69.0745171963242,63.8540866578858,58.7878889808154,53.9019419218082,49.391164613114,44.7249589768204,40.4473926106648,36.3804947833953,32.5236241588371,28.7549748747993,25.5465021263194,22.400416209465,19.4322097915359,16.6353724074365,14.0126434687548,11.5232363907823,9.21278298223839,7.23683923578687,5.6460921232192,4.36347203270735,3.65588019883142,3.11981027541224,2.64763796088529,2.23559885875553,1.84910486262897,1.57031340186916,1.3022287283755,1.06430767270987,0.844808761859403,0.634442162792863
Europe,Germany,DE,Retail Warehouse,RWB,DE.RWB.CO2,kgCO2/sqm,47.1502673993672,44.3552897797377,41.0088939443975,37.7613643234727,34.6293787966917,31.7378842563819,28.7467571849344,26.0047553198208,23.3977960179544,20.9254681705795,18.5096918900403,16.4529994842589,14.4362982309302,12.5336211390213,10.7407948758691,9.05957545670294,7.46381790052915,5.98277306961528,4.71615533084734,3.69645600272098,2.87427198981072,2.42069208896379,2.07706101371579,1.77438952804775,1.51026458179823,1.26251453714218,1.08380387786884,0.911956474040323,0.759444526231244,0.618741525640908,0.483892511593584
Europe,Germany,DE,Hotel,HOT,DE.HOT.CO2,kgCO2/sqm,60.2916327447794,56.7176377871377,52.4385330967164,48.2858506535863,44.28091680313,40.5835036880705,36.7586884208786,33.2524346423387,29.9188625470879,26.7574464419649,23.6683439801777,21.0384094017902,18.4596123266917,16.0266202752548,13.7340967217807,11.5842871188023,9.54375934522403,7.64991707595065,6.03026710815727,4.72635675430001,3.67501326741212,3.09501138577651,2.65560331266709,2.26857110317738,1.93082914078976,1.61402609945679,1.38550513004579,1.16576034552465,0.970740203459245,0.790820403349513,0.618386215374879
Europe,Germany,DE,Distribution Warehouse Cold,DWC,DE.DWC.CO2,kgCO2/sqm,40.2683393232288,37.5908742122363,34.4848230395287,31.5062076315735,28.666247185948,26.0656136065687,23.4192595046795,21.0132890806613,18.7501025650115,16.6264394203451,14.5769175336441,12.8407204218906,11.1593920706317,9.58995088483468,8.12692324344889,6.76957257717184,5.49570874043148,4.32607367062257,3.33440545343993,2.54181244011359,1.90744278187628,1.55580766832432,1.29001802342854,1.05769144344123,0.856440378110886,0.669573313980397,0.534874037800352,0.406743242336201,0.29396331886996,0.190917754345311,0.0932325958103788
Europe,Germany,DE,Distribution Warehouse Warm,DWW,DE.DWW.CO2,kgCO2/sqm,15.380268491511,14.4684440895156,13.3767268034919,12.3172633094856,11.2954945446989,10.3521827766281,9.37636721586651,8.4818254516076,7.63133953366822,6.82477534326586,6.03666035197325,5.3656917152946,4.70776966203553,4.08704648009102,3.50216067499569,2.95368512344281,2.43309037192538,1.94991912654867,1.53670187783169,1.20403848777307,0.93581185131025,0.787837420695058,0.675732337099941,0.576989776700869,0.490822513866774,0.4099973456342,0.351695361790864,0.295632424066459,0.245877422583978,0.199974933608324,0.155982230149873
Europe,Germany,DE,Healthcare,HEC,DE.HEC.CO2,kgCO2/sqm,61.1533482987465,57.5349745270792,53.2027355727592,48.9984886691206,44.9438249738713,41.2005005436159,37.3281919902172,33.7784005497028,30.4034350059975,27.2027631383316,24.0753028430045,21.412711985317,18.8018936127175,16.3386907459169,14.0177005948021,11.8411964940162,9.77533119096431,7.85797280741042,6.21821141093315,4.89811021299645,3.83371204146727,3.24650819230102,2.80164392538356,2.40980588078484,2.06787012743919,1.74713329676944,1.51577474931969,1.2933013619211,1.09585962645153,0.913705736074965,0.739130407765643
Europe,Germany,DE,Leisure/Lodging,LEI,DE.LEI.CO2,kgCO2/sqm,60.5786467639149,56.9897409252266,52.692783601609,48.522775965056,44.501133335502,40.7882944328318,36.9475218500449,33.4266398099572,30.0791598895524,26.9045542024516,23.8025638547289,21.1616570611807,18.572101119076,16.1289585062937,13.8268704328895,11.6680917195339,9.61905076469361,7.71730729322697,6.09090006687756,4.78154973551274,3.7258199923884,3.14339831465169,2.70215700965844,2.31351008293905,1.97435904463352,1.65623428558116,1.42675991555492,1.20609834508935,1.01026456949215,0.829594135212772,0.656440543406931
Europe,Greece,EL,Residential Single-Family,RSF,EL.RSF.CO2,kgCO2/sqm,37.4186469701217,34.8797876258676,31.9628549641245,29.1793145760726,26.5360592412207,24.1262331569766,21.6777386350587,19.4595251910577,17.3776008873758,15.4278183660645,13.5455386787163,11.9596898736295,10.4222975405363,8.98864944427098,7.65326308190205,6.41500724530391,5.25398850161118,4.18829089322241,3.28502724933658,2.56325330647589,1.98622806856276,1.66547431321653,1.42345536417421,1.21189919149301,1.02862070344217,0.858163117711549,0.73570712728455,0.618941331668305,0.516145764250289,0.422218419266991,0.333218326341636
Europe,Greece,EL,Residential Multi-Family,RMF,EL.RMF.CO2,kgCO2/sqm,31.0180889357588,29.0011296253182,26.6564725628401,24.4090091562638,22.2654444744244,20.3051534689347,18.3001434612427,16.4777716237329,14.7599113556272,13.1440171891785,11.5758140774965,10.2520057808695,8.96165180628471,7.75276712521139,6.62138238593547,5.56725294706206,4.57379560250668,3.65738240541382,2.87753415902966,2.25228375861552,1.75070455750719,1.47257006468646,1.26252006077914,1.07825001104039,0.918055476597378,0.768327465195756,0.660764185519147,0.557645522856646,0.466498767072181,0.382813207701091,0.303076624166605
Europe,Greece,EL,Office,OFF,EL.OFF.CO2,kgCO2/sqm,71.8955720098504,67.333658104106,61.9899491793779,56.8530319992592,51.9398978066396,47.4380635153714,42.8142899024554,38.6031498656401,34.6228046787411,30.8686101342563,27.2134654099215,24.1243071220935,21.1033268295376,18.2652026505656,15.601530371523,13.1127281697413,10.7601311430616,8.58374815471764,6.72741752281761,5.23622493707058,4.03763910043434,3.37392627805599,2.8724268599454,2.43158180428788,2.04758280217946,1.68767436750091,1.42912023597585,1.18050613660931,0.960267283808832,0.757521882229036,0.5637595717877
Europe,Greece,EL,Retail High Street,RHS,EL.RHS.CO2,kgCO2/sqm,74.7419194861922,70.0084933513599,64.4638794011943,59.1338318520231,54.0359807588669,49.364893024804,44.5672814711609,40.1978170929313,36.0678246549773,32.1724853436122,28.3799197840178,25.1746197988895,22.0400610665138,19.0952332069329,16.3314160370446,13.7490434562057,11.3079968952893,9.04978941279824,7.12366715151204,5.57641086757491,4.33276233733197,3.644096201938,3.12374213534794,2.66632282604591,2.2678867858478,1.89444703532798,1.62617216019531,1.36821102814774,1.13969195407259,0.929324024650148,0.728276919610832
Europe,Greece,EL,Shopping Center,RSM,EL.RSM.CO2,kgCO2/sqm,81.1182101029208,75.971734839732,69.9432857363493,64.1481265679045,58.6054258266205,53.5267287495422,48.3104671073633,43.5597137005523,39.0693290798488,34.8340739313332,30.7105607971908,27.2255593173596,23.8174721268842,20.6156721405791,17.6106782330719,14.8029621667273,12.1489045382367,9.6936409264809,7.59944101943244,5.91716776444314,4.56499574048421,3.81623509028207,3.25047378852675,2.75313906877598,2.31993462733494,1.91390770653887,1.6222225784146,1.34175119317896,1.09329104435777,0.864565948813593,0.645975033196146
Europe,Greece,EL,Retail Warehouse,RWB,EL.RWB.CO2,kgCO2/sqm,46.1538169212023,43.2336312608708,39.8130006883984,36.5247422517795,33.3797324350651,30.4980051131189,27.5382216362641,24.8425743699553,22.2946641774119,19.891518194956,17.5517762728215,15.5743352423692,13.6405365094828,11.8237881663722,10.118710483234,8.52557114496353,7.01961986140301,5.62646722300079,4.43818743427383,3.48364087866966,2.71639861037208,2.29154081898614,1.97051954596583,1.6883245206853,1.44251795732018,1.21213231837657,1.04662589214871,0.887482308353271,0.746502370308852,0.6167203913798,0.492688695001006
Europe,Greece,EL,Hotel,HOT,EL.HOT.CO2,kgCO2/sqm,85.7772150810298,80.3317349814544,73.9530392829477,67.8211874208862,61.9564615568659,56.5826974852077,51.0633764909272,46.0366092741836,41.2853379980191,36.8040189498486,32.4409340103522,28.7534575852439,25.1473640893524,21.75954286869,18.5799619544049,15.6091205177622,12.8008649136895,10.2029530510482,7.98708231716287,6.20707074349099,4.77633893752315,3.98407607575734,3.38544463340789,2.85921528599378,2.40084211906376,1.97122545833645,1.66259372898493,1.36582724926912,1.10293182536204,0.860918040710608,0.629627221252704
Europe,Greece,EL,Distribution Warehouse Cold,DWC,EL.DWC.CO2,kgCO2/sqm,39.7100892864542,37.0797728770355,34.0317133957211,31.1134884364642,28.3334101730216,25.7931018265752,23.199394427294,20.8439726945214,18.626166107764,16.5423918267416,14.5228970329087,12.8189904020836,11.1604828819585,9.6085528331197,8.15788814547563,6.80793997505476,5.53735593954926,4.36678217395287,3.37165984366381,2.57448865621305,1.93554796488703,1.58102551098376,1.31334726924769,1.07873375990995,0.874951165036975,0.684719174978883,0.548057980792872,0.417219671143272,0.301687013606654,0.1957383424098,0.0949273751108424
Europe,Greece,EL,Distribution Warehouse Warm,DWW,EL.DWW.CO2,kgCO2/sqm,15.167047991354,14.2072202194014,13.0829025893105,12.0020939915222,10.9683693875861,10.0211823808241,9.04833931175382,8.16231444534253,7.32484887030549,6.5349654442785,5.76592212399466,5.11596248471225,4.48034751186817,3.88320550885988,3.32276822713343,2.79912365129894,2.30413667673615,1.84622517779545,1.45565277085449,1.14190549576287,0.889722750353336,0.750077414496026,0.644561817519392,0.551807912844584,0.471014431371457,0.395289611021497,0.340889760187322,0.288581294486003,0.242242987418283,0.199585306652555,0.158817670401218
Europe,Greece,EL,Healthcare,HEC,EL.HEC.CO2,kgCO2/sqm,49.7012109304553,46.5707773274899,42.9038677083998,39.3788607730333,36.0074160920875,32.918209756426,29.7453273677095,26.8555985060053,24.1242435129221,21.5480754841205,19.0398764901957,16.920063379098,14.8470347299153,12.8994838811246,11.0716437723705,9.36380136136378,7.74942438303438,6.25596734276553,4.98213361675057,3.95886148243052,3.13637919614278,2.68093243304715,2.33679822473951,2.03428568188031,1.77078150259458,1.52380852564082,1.34638594419044,1.17578431800718,1.02465408632591,0.885528046013549,0.752566297912606
Europe,Greece,EL,Leisure/Lodging,LEI,EL.LEI.CO2,kgCO2/sqm,40.1985194994105,37.6704311545205,34.709093319083,31.8623538320949,29.1396287772443,26.6448349171388,24.0824656086117,21.7487665810245,19.5429677686079,17.4624954781488,15.4369138982682,13.7249865747069,12.0508416378339,10.4780305750967,9.00189600035726,7.62266965609462,6.31892450740116,5.1128323757805,4.08410453660336,3.25772625022968,2.59350264878585,2.225691093093,1.94777378468041,1.70346947071544,1.49066769020459,1.29121624553951,1.14793259312148,1.01015743559551,0.888107066307371,0.775751090875987,0.668373299706175
Europe,Hungary,HU,Residential Single-Family,RSF,HU.RSF.CO2,kgCO2/sqm,21.3907235672506,20.3048125801071,18.91775750159,17.5384644920462,16.184205605203,14.9222482832625,13.5925618084552,12.3665171176764,11.1908021306331,10.0666330677908,8.95506717305961,7.99852538566081,7.05210663050057,6.15426810990961,5.3035050070313,4.50120998985431,3.73569137871635,3.02144434183133,2.40823808792546,1.91310906241494,1.51316390120966,1.29255668823324,1.12582641166753,0.978643702714519,0.849949596493549,0.728576238761059,0.641603311209157,0.557367208014409,0.482377901441353,0.412881907034408,0.34591270193889
Europe,Hungary,HU,Residential Multi-Family,RMF,HU.RMF.CO2,kgCO2/sqm,23.9271730021024,22.5630804755256,20.8830865900257,19.2324348621853,17.629650361121,16.146858076942,14.6099349426482,13.203200305005,11.867777941132,10.6037689967385,9.36923270870963,8.31180779770182,7.27856796503495,6.30864372163168,5.39940607374568,4.55120594739848,3.75122475448251,3.0130902118362,2.38496955700261,1.88147891063246,1.47778756493876,1.25352247907375,1.08417754732527,0.935814699859855,0.807020216347501,0.686881478149458,0.60059042322705,0.518021201066135,0.445119903059576,0.378257884263292,0.314622713315298
Europe,Hungary,HU,Office,OFF,HU.OFF.CO2,kgCO2/sqm,54.6055896013885,51.173997074275,47.0666026905651,43.0703608627862,39.2258298912352,35.6908682843636,32.0787137822887,28.7940624464401,25.7042253293485,22.8067379994097,20.0093905844862,17.6240039772145,15.3213159662362,13.1822734411785,11.19885497058,9.36927809819457,7.66485600478612,6.1111414586803,4.80195578095116,3.76113808199097,2.93370743388728,2.47026518825302,2.12066804085813,1.81704517408986,1.55568105911736,1.31506199147462,1.14174397978804,0.978329900622011,0.835525195002121,0.706271849565214,0.58523670910302
Europe,Hungary,HU,Retail High Street,RHS,HU.RHS.CO2,kgCO2/sqm,67.3602774393914,63.1293042129713,58.0651028165302,53.1379466795354,48.3978420545677,44.0394201857343,39.5858235342616,35.5360210736559,31.7264143056256,28.1539647155298,24.7049823774394,21.7639260631233,18.9248327715189,16.2875057630858,13.8420550344272,11.5862829106746,9.48482005144757,7.56917167707524,5.95501454532979,4.67174102637591,3.65156252581516,3.08016259479831,2.64912768637787,2.27477664962876,1.9525284327853,1.65585776896993,1.44216576990293,1.24068479909748,1.06461410267572,0.905251521119809,0.756021554360821
Europe,Hungary,HU,Shopping Center,RSM,HU.RSM.CO2,kgCO2/sqm,61.4067230939246,57.5485165302019,52.9304927276038,48.4374399166021,44.1149585871097,40.1405321462141,36.0793162241685,32.3863185143934,28.9123542392629,25.6546525901465,22.5095402051543,19.8276034097816,17.2386462629274,14.8336789350606,12.6036827739753,10.546653729268,8.63033864926232,6.88346701092729,5.4115239596947,4.2413122734183,3.31101582000332,2.78995864323049,2.39689973600869,2.05553061126386,1.76167382729518,1.49114110559207,1.29627627679405,1.11254663294458,0.951988510673398,0.806666447576569,0.670584272993579
Europe,Hungary,HU,Retail Warehouse,RWB,HU.RWB.CO2,kgCO2/sqm,50.8959641578768,47.6953354218997,43.8643897631065,40.1371155226939,36.5513412191666,33.2543006730836,29.8852627098687,26.8216852687483,23.9398100494983,21.2373384894113,18.6282669140495,16.4034290694263,14.2557237810813,12.2606497974765,10.4107255706613,8.70428861284412,7.1145828749703,5.6654412928971,4.44437053121372,3.47360520581898,2.70186488746119,2.26961468376628,1.94354721884238,1.66035972947701,1.4165867610011,1.19216259168716,1.03050977181316,0.878094298965052,0.744901083037337,0.624347151194354,0.511458296947964
Europe,Hungary,HU,Hotel,HOT,HU.HOT.CO2,kgCO2/sqm,60.9564712296829,57.1257884539388,52.5407088459877,48.0797087078806,43.7880632234083,39.8419896632849,35.8097457633765,32.1430932697765,28.6939116636335,25.4594499027933,22.3367742134586,19.6739698980371,17.1034819301702,14.715671229284,12.5015834807,10.4592289305688,8.55658451570013,6.82217476187163,5.36073230146788,4.19886870589404,3.27520882880492,2.75786878511488,2.36761389313872,2.02868003754206,1.73691957778113,1.46831679040126,1.27484209407638,1.09242314618867,0.933010418193988,0.788725057924556,0.653613670379283
Europe,Hungary,HU,Distribution Warehouse Cold,DWC,HU.DWC.CO2,kgCO2/sqm,42.5542058046208,40.2862937396767,37.4225065617616,34.5853124244998,31.8091030897406,29.2278082362445,26.52146227084,24.0315690419204,21.6510755680827,19.3817659038917,17.1460064169469,15.224672620963,13.3305582255622,11.5391167954172,9.84681409413227,8.25581759237944,6.74269935251813,5.33530492956907,4.1299715289558,3.15868424701991,2.3757117460012,1.94298571102548,1.61601993364823,1.32798557757064,1.07662677114143,0.840270898356632,0.670797071134966,0.50718951723149,0.361861680829687,0.227550152940545,0.098543754099803
Europe,Hungary,HU,Distribution Warehouse Warm,DWW,HU.DWW.CO2,kgCO2/sqm,16.2533424948205,15.2313371619142,14.0080628566657,12.8178922792141,11.6729046023837,10.6201136357124,9.54433289099004,8.56608994534562,7.6458670498448,6.78293024140133,5.9498173489309,5.23939563819083,4.5536034269522,3.91654851712549,3.32584194624906,2.78095285881632,2.273337675713,1.81060658529712,1.42070168434167,1.11072279538095,0.864295363134683,0.726271852828617,0.622153969897181,0.531728260382516,0.453888156342858,0.382226393360566,0.330608396517162,0.28194001323445,0.239409564308919,0.200915014828241,0.164868031381325
Europe,Hungary,HU,Healthcare,HEC,HU.HEC.CO2,kgCO2/sqm,70.6920567647539,66.2510371057105,60.9354237100711,55.7636591782296,50.7882323204198,46.2134368381352,41.5387416263728,37.2878869458269,33.2891524597752,29.5393488066849,25.9191419305206,22.832077037585,19.8520371160036,17.0837801536008,14.516925158306,12.1491653518031,9.94337548475785,7.93262485242627,6.23833297884422,4.8913514167732,3.82052621078217,3.22075916168435,2.7683255489931,2.37538987565801,2.03714366385099,1.72574480128237,1.50144407469993,1.28996059220404,1.10514887576307,0.937874747629546,0.781236267396046
Europe,Hungary,HU,Leisure/Lodging,LEI,HU.LEI.CO2,kgCO2/sqm,65.6804856879521,61.5522693754894,56.6110613612581,51.8035702119928,47.1785876870788,42.9260180553073,38.5805851343583,34.6291395246989,30.9120560164305,27.426369890791,24.0611523893918,21.1915250003987,18.4213842758444,15.8481095716875,13.4620510813306,11.2610645044541,9.21063950972165,7.34151615563275,5.76656177857849,4.51445490132006,3.51905329931036,2.96153085945325,2.54096442119957,2.17570518324343,1.86128335302995,1.57181787824414,1.36331577974762,1.16672814238418,0.994933644471464,0.839441474332647,0.69383582993012
Europe,Ireland,IE,Residential Single-Family,RSF,IE.RSF.CO2,kgCO2/sqm,40.3789897467695,38.1129889038815,35.3408177853694,32.6283010526774,29.9937722995602,27.5535065238218,25.0037987597892,22.6607544799831,20.4233356957519,18.2929009417014,16.1973447561505,14.4184686151464,12.6626122284023,11.0005044507001,9.42922792645099,7.950965686387,6.5438740152127,5.23381494027709,4.11071895586198,3.20471384587288,2.47337932827774,2.06926344620995,1.76346324318858,1.49347106538846,1.25727654342862,1.03457095511916,0.874406186900741,0.719360150763321,0.581230055754976,0.453217641478438,0.329948304526514
Europe,Ireland,IE,Residential Multi-Family,RMF,IE.RMF.CO2,kgCO2/sqm,40.3789897467695,37.9961665540628,35.1242910570884,32.3286106920294,29.6266587470678,27.1321898620407,24.5452647441634,22.1762035638572,19.9245241269983,17.7905607487234,15.7034097755633,13.9350859835456,12.1997655237588,10.5651508727579,9.02758139934177,7.58830138636595,6.225672281439,4.96356287981558,3.88610007443415,3.01997713558308,2.32338128705306,1.93757289905265,1.64595633247574,1.38949008737321,1.16598587751737,0.956365000829552,0.805702278094711,0.660697659604366,0.532103979388145,0.413565509041661,0.300102396477633
Europe,Ireland,IE,Office,OFF,IE.OFF.CO2,kgCO2/sqm,98.7490269579896,92.1869718428842,84.5368278935007,77.1771325496057,70.1457207538927,63.7048841130748,57.1449028671012,51.188166020496,45.5924684854183,40.3521797610556,35.3014886762536,31.0439271201976,26.9299186916497,23.1059602828765,19.558421435151,16.2844348336984,13.2323804107551,10.4480749264669,8.10069304071959,6.23388445791333,4.74923104111155,3.92108806000229,3.29730585156644,2.75533439016517,2.28870269114474,1.8585021608867,1.54991435023142,1.25855764311832,1.00415053394795,0.773937642035646,0.55822714468962
Europe,Ireland,IE,Retail High Street,RHS,IE.RHS.CO2,kgCO2/sqm,105.585133084167,98.577110244199,90.4070503184738,82.5471783484114,75.0379005997155,68.1593344347573,61.1535264073729,54.7919602302474,48.8159701717203,43.2195430731694,37.8255989719629,33.2786867464426,28.8850837477849,24.8012430305557,21.0126077883271,17.5161158390423,14.2566389328554,11.2831076099589,8.7761939097712,6.78251404017681,5.19696121078455,4.31253631270448,3.64636087113874,3.06755616537395,2.56921143232523,2.1097737883355,1.78021385821091,1.46905608488981,1.1973590630815,0.951500536099195,0.721130009533217
Europe,Ireland,IE,Shopping Center,RSM,IE.RSM.CO2,kgCO2/sqm,110.072135165151,102.758801393987,94.2328053275257,86.0305108390071,78.1940845300944,71.0158473325108,63.7048248642686,57.0661112323253,50.8297716956,44.98953112671,39.3605949123264,34.6155922927906,30.0305779569474,25.7688209799249,21.815130374696,18.1663105524387,14.7648315506302,11.6617556132447,9.04562592251162,6.9650895640912,5.3104606740387,4.38750499554143,3.6923070109491,3.0882861482549,2.568230570653,2.08877710506622,1.74485959485822,1.4201459482629,1.13661219694817,0.880042618142907,0.639635788672092
Europe,Ireland,IE,Retail Warehouse,RWB,IE.RWB.CO2,kgCO2/sqm,86.0779387672273,80.3579847953249,73.6895752039191,67.274341275542,61.1452626372982,55.5309713093855,49.8128250693245,44.6205095541919,39.7429015823151,35.1750932087103,30.7725516230928,27.0613581469632,23.4752957871479,20.1420616547033,17.0497744723211,14.1959348845026,11.5355471686495,9.10854847167379,7.06240345987029,5.43516032022884,4.14103080449441,3.41916247955532,2.875429539469,2.40300866537974,1.99625928680726,1.62126590613606,1.35227882171259,1.09831159271816,0.87655226137248,0.675882330629937,0.487853718490545
Europe,Ireland,IE,Hotel,HOT,IE.HOT.CO2,kgCO2/sqm,108.676376125274,101.455238621599,93.0367263701174,84.9378349205332,77.2001992970636,70.1124552586152,62.8935999201916,56.3385778900457,50.1808573861809,44.4142423892302,38.8562679174846,34.171083644059,29.6438707461607,25.43584003113,21.5319920186243,17.929171405329,14.5705734858995,11.5066167830671,8.92346759073567,6.86915972025547,5.23539007340372,4.32406972720181,3.63763582494871,3.041229611164,2.52773016577781,2.05432097785488,1.71473909784744,1.39411898604149,1.11415963108226,0.860824522117561,0.623448405184887
Europe,Ireland,IE,Distribution Warehouse Cold,DWC,IE.DWC.CO2,kgCO2/sqm,73.8178736688124,69.6070368641724,64.4704225572805,59.4492807937931,54.5770815887637,50.0669743844228,45.3612562189537,41.039761484038,36.9167118771841,32.9942565802658,29.1400916362777,25.8695395240754,22.6447816616664,19.5949624023464,16.714457157305,14.0069619805752,11.4323420433555,9.03751489442405,6.98601451457804,5.33211556608743,3.99794831957439,3.26041855700131,2.70243258133107,2.21012870007631,1.7797456317949,1.37432536649526,1.08278787432873,0.800856849615408,0.549887821928418,0.317519811427468,0.0939958099389244
Europe,Ireland,IE,Distribution Warehouse Warm,DWW,IE.DWW.CO2,kgCO2/sqm,28.1943267485047,26.3206198086701,24.1362236770836,22.0347612542549,20.0270358012737,18.1879411730586,16.3148263987753,14.6139599823137,13.0161835051616,11.5198892532323,10.077732067632,8.86204239504883,7.68734239514118,6.59546229317984,5.58251009425434,4.64766707503827,3.77619381662905,2.98117268117391,2.31090922672009,1.77786704167426,1.35394414533845,1.11747901000183,0.9393663559034,0.784613664771277,0.651373233615991,0.528535234707764,0.440422118887968,0.357229113875175,0.284586571617569,0.218852364018102,0.157259120928443
Europe,Ireland,IE,Healthcare,HEC,IE.HEC.CO2,kgCO2/sqm,119.747173206114,111.794313742872,102.522748869398,93.6031921549869,85.0814975244798,77.2755483619667,69.3252023170766,62.1059561861633,55.3242703705655,48.9733210047589,42.8521538269315,37.6922171733256,32.7062592243413,28.0718263698764,23.7723992237363,19.8045027539318,16.1055762021021,12.7311470284878,9.88624586316016,7.62377381082155,5.82445335886944,4.82078840502423,4.064797766064,3.40795737231446,2.84242473683559,2.32104472735066,1.9470528228082,1.5939440931955,1.28561629798633,1.0066105987214,0.745181025204116
Europe,Ireland,IE,Leisure/Lodging,LEI,IE.LEI.CO2,kgCO2/sqm,118.558291171185,110.679312887081,101.493879819213,92.6571847937957,84.2146557578104,76.4812229940949,68.6047347789661,61.4525546409959,54.7338699317192,48.4419201785627,42.3776179624373,37.2656165459632,32.3259775913112,27.7345981021806,23.4751121556358,19.544077002348,15.8795130664374,12.5364319642202,9.71795961403715,7.47650567521685,5.69390070997136,4.69955969182403,3.95059212174636,3.29985370213832,2.73957480189058,2.22303835465615,1.85252079327585,1.50269240445482,1.19722894014152,0.92081517276514,0.661814250884702
Europe,Italy,IT,Residential Single-Family,RSF,IT.RSF.CO2,kgCO2/sqm,26.6928636071778,24.9822718780439,22.9837396234452,21.0627988355295,19.2263043842317,17.5435573011308,15.8195453421711,14.2506095242311,12.7703591930825,11.3772538066075,10.0252266366885,8.88351031411939,7.77129837181986,6.73000553535953,5.75634243144955,4.85013759699571,3.99719026583668,3.21143317251891,2.5435217820859,2.00854343452927,1.57981952195426,1.3419863535336,1.1624579708201,1.00513918810567,0.868519809368065,0.740994406156192,0.649412299014786,0.561725797915968,0.484294059507676,0.413273114574507,0.345675173034793
Europe,Italy,IT,Residential Multi-Family,RMF,IT.RMF.CO2,kgCO2/sqm,26.6928636071778,24.9056972564113,22.8429224534932,20.8693374055554,18.9909809699808,17.2753013173964,15.5294374381359,13.9458912543068,12.4584609313322,11.0648237611498,9.71950923678595,8.58568849211392,7.48724009242865,6.46366029614616,5.51114579769787,4.62891016048045,3.80282330983237,3.04560835031728,2.40453806081623,1.89276033363028,1.48401139779295,1.25658064190314,1.08499854799844,0.935157681103062,0.805456713051882,0.684980679528782,0.598386626921628,0.515918096976409,0.443361098942735,0.377115739459515,0.314406670400774
Europe,Italy,IT,Office,OFF,IT.OFF.CO2,kgCO2/sqm,45.3857125717483,42.4309329314151,38.9943725876055,35.6968620034354,32.5495477606207,29.6690734049386,26.7253121547672,24.0496058702085,21.5292290155112,19.1610796584529,16.867228094697,14.9315670107989,13.0496811080754,11.2907758344871,9.64894263656286,8.12350992045756,6.69038475776238,5.372500444783,4.25386349721482,3.35891850341985,2.64257705418265,2.24476949136363,1.94454255202242,1.68177508462676,1.45384391714065,1.24145047074957,1.08887453760211,0.943061981867731,0.814466969703651,0.696706900970553,0.584834842870958
Europe,Italy,IT,Retail High Street,RHS,IT.RHS.CO2,kgCO2/sqm,57.1749894592227,53.4539205853986,49.1261265415333,44.9734432658093,41.0099080819265,37.3824147418245,33.6752217550922,30.3056008077094,27.1315922500818,24.1492896983684,21.2605532462306,18.822899990723,16.4529679114822,14.2379101196204,12.1702857440449,10.2492490205171,8.44445878763258,6.78479583700531,5.37605283976567,4.24901381636841,3.34689718018971,2.84592265079611,2.46783519418289,2.13692190689987,1.84987932642123,1.58240400217642,1.39025919788039,1.20663177769999,1.04468707950286,0.896387246797662,0.755502414790998
Europe,Italy,IT,Shopping Center,RSM,IT.RSM.CO2,kgCO2/sqm,52.2571312672516,48.8547818693279,44.8976749307641,41.1006800558998,37.4766322342118,34.1598433759113,30.7701813583327,27.6891774343776,24.7870311771516,22.0601707950107,19.4188623264065,17.1900005752667,15.0230595009838,12.997727318201,11.1072004862851,9.35070568296065,7.70050054824015,6.18299215688917,4.8949117555281,3.86440663113585,3.03955869146166,2.58149396698217,2.23579070966823,1.93322102823278,1.67076441052812,1.42619906136044,1.25051197214542,1.08261273037433,0.934539027604697,0.798941471196617,0.67012380089592
Europe,Italy,IT,Retail Warehouse,RWB,IT.RWB.CO2,kgCO2/sqm,41.3062090844767,38.6156248168848,35.4863372485428,32.483666599646,29.6177628038793,26.9948399710528,24.3142889075682,21.8778252418314,19.5828025534772,17.426396262993,15.3376445857489,13.575056544111,11.8614354895473,10.2597990112455,8.76476685654747,7.37572748075151,6.0707421736905,4.8706936994805,3.85207730887391,3.03715192906,2.38486063557988,2.02262219470268,1.74923941221956,1.50996674221767,1.30241555804109,1.10901282248717,0.970079143732894,0.837304109303573,0.720207148198055,0.612976346970489,0.51110709235766
Europe,Italy,IT,Hotel,HOT,IT.HOT.CO2,kgCO2/sqm,68.7130962131991,64.2242980086878,59.0035953578302,53.9941322535323,49.2128421940859,44.8369259871944,40.3648665368358,36.3000268438926,32.4711582048825,28.8735482725291,25.3888089572001,22.4482201297488,19.5893246825445,16.9172571191243,14.42304137107,12.1056571764285,9.92850339841594,7.92641950115839,6.22702525422299,4.86745602393336,3.77921507111887,3.17487969214568,2.71878539399056,2.31959821950583,1.9733331371972,1.65067241901832,1.41888438128609,1.19737103069935,1.00201397197596,0.823116981528087,0.653164851535807
Europe,Italy,IT,Distribution Warehouse Cold,DWC,IT.DWC.CO2,kgCO2/sqm,31.7130393241243,29.643797566113,27.23188315188,24.9156448180538,22.703123620446,20.6770427469976,18.6039354579964,16.7184852158187,14.9410882622836,13.2697216105317,11.6492543110862,10.2813522245694,8.95015713321351,7.70492357276488,6.54159052781167,5.45981481441552,4.44257619708238,3.50631873759311,2.71105533421721,2.07445201612533,1.56459636459963,1.28160391240571,1.06800806263041,0.8809513889036,0.718601800889048,0.56719113659647,0.458439236800639,0.354412127172509,0.262610474298587,0.17847740304326,0.0984760867670173
Europe,Italy,IT,Distribution Warehouse Warm,DWW,IT.DWW.CO2,kgCO2/sqm,12.1126191862975,11.3246143934939,10.4081243836415,9.52871730056252,8.68936580580359,7.92117735383179,7.13611103540309,6.42253180682509,5.75037710057812,5.11881966801565,4.50707657843088,3.99085865458494,3.48898193572126,3.0199026965267,2.58204519565316,2.17523032696305,1.7930327913242,1.44156862769834,1.14324138052959,0.904570132501603,0.713530338001352,0.607439764668598,0.527372789825442,0.457295813229892,0.396509265916295,0.339866445100944,0.299176247786223,0.260289763257491,0.225994994018962,0.194589776081256,0.16475482095975
Europe,Italy,IT,Healthcare,HEC,IT.HEC.CO2,kgCO2/sqm,81.365636606464,76.0507690720783,69.8693054015043,63.9379554934201,58.2767691019505,53.095557133494,47.8005087705121,42.9876204355466,38.4541286865857,34.1944539674968,30.0684213393813,26.5866787038378,23.2016634048032,20.0378577500437,17.084633813676,14.3407835758952,11.7629702269914,9.3924447050474,7.38031252630933,5.7705430437886,4.48203412755132,3.766483474738,3.22645457001984,2.75380535364834,2.34381743251526,1.96177776453753,1.68733399128795,1.42505574623713,1.19374731094626,0.981928074880988,0.780699813564213
Europe,Italy,IT,Leisure/Lodging,LEI,IT.LEI.CO2,kgCO2/sqm,46.9156979761326,43.8671678601684,40.3215709024708,36.9194355329379,33.6722619966596,30.7003947542788,27.6632326245357,24.9026304196849,22.3022860013588,19.8589990179411,17.4923671790697,15.4952906363676,13.5536954761226,11.7389829254913,10.0450569619642,8.47122468308744,6.99262873001333,5.63293003619754,4.47880051095573,3.55546033070197,2.81639050244674,2.405961136054,2.09620847168872,1.82510380895286,1.58994074671857,1.37080839284746,1.21339146712404,1.0629525100613,0.93027738194217,0.80878097283926,0.693359391616689
Europe,Latvia,LV,Residential Single-Family,RSF,LV.RSF.CO2,kgCO2/sqm,27.3375905253106,25.5790941076777,23.603036015057,21.6965374203048,19.8350661561835,18.122794192504,16.3594327101688,14.7495298083241,13.2257566233297,11.7877504863273,10.3887513219303,9.2055297687816,8.05104838037735,6.96897232406014,5.95640276256982,5.01357219970301,4.12604199121748,3.30852385365322,2.61375080280394,2.05738379630037,1.61167219415355,1.36420514525654,1.17737292991614,1.01373928582412,0.871719385666664,0.739295557582928,0.64417902766881,0.553236468527939,0.473020322774953,0.399550027142274,0.329732695425481
Europe,Latvia,LV,Residential Multi-Family,RMF,LV.RMF.CO2,kgCO2/sqm,27.3375905253106,25.5006901313475,23.4584245293558,21.4972551127827,19.5922917052811,17.8456811816888,16.0594240416453,14.434143213965,12.9027359127311,11.4640478175736,10.0719483051534,8.89691216703168,7.75676461455022,6.69316978705316,5.70268437732018,4.78489008433137,3.92540950468483,3.13768567944592,2.47092961070573,1.9387852778019,1.51393236530665,1.27738540157302,1.09891966116457,0.943159008217568,0.808423968583455,0.683410251411562,0.593564544566189,0.508121056714546,0.433040228370645,0.364593288610027,0.299906290581544
Europe,Latvia,LV,Office,OFF,LV.OFF.CO2,kgCO2/sqm,44.6526361093144,41.7722537461426,38.5381865283012,35.4190876123921,32.3748637424511,29.5753311748835,26.6937923527407,24.0636982505564,21.5751601432479,19.2274891836098,16.9444251149047,15.0137815693449,13.1308088392674,11.3665469769668,9.7161969832345,8.18005886638121,6.73456859893768,5.40358839785502,4.27277590566347,3.36745152332565,2.6423641167803,2.23970181593739,1.93571549657233,1.66954120305967,1.43858008729685,1.22330015516668,1.06866396339081,0.920869805861732,0.790542366753081,0.671214040352828,0.557862363749129
Europe,Latvia,LV,Retail High Street,RHS,LV.RHS.CO2,kgCO2/sqm,54.9412727922142,51.3994448824184,47.4227125982737,43.5873497190148,39.8440560493678,36.4016441290022,32.8583941931891,29.6243302662568,26.5643289845692,23.6775433153544,20.8702007410556,18.4962078708864,16.1808328519152,14.0114292394018,11.982096001055,10.0932020385253,8.31577212573687,6.67914815391486,5.28865802427126,4.17543666665543,3.2838415623458,2.7887126539124,2.41491949232058,2.08762143853191,1.80362284989122,1.53890644217167,1.34875988840189,1.1670265606555,1.00677097544252,0.860040318333421,0.720658777552479
Europe,Latvia,LV,Shopping Center,RSM,LV.RSM.CO2,kgCO2/sqm,49.2132087616819,46.0402325796766,42.4776436732804,39.0417017316693,35.6882407622102,32.6043272265577,29.4300771106409,26.5328138690085,23.7914861052155,21.2053349978623,18.690353652116,16.5635922664304,14.4893441734367,12.5458657868603,10.7278706175249,9.0356891490622,7.44336368263753,5.97718039712901,4.73149817454836,3.73420950243489,2.93546656460251,2.49190118720617,2.15703545433218,1.8638227529991,1.60940023998321,1.3722518301587,1.2019074482272,1.03910012525675,0.895533817727309,0.764083930258328,0.639217810172152
Europe,Latvia,LV,Retail Warehouse,RWB,LV.RWB.CO2,kgCO2/sqm,41.2800469290238,38.6153766711214,35.6235090504804,32.7379997448594,29.921758085993,27.3318827749208,24.6661426653681,22.2330165571185,19.9308453020147,17.7589916406834,15.646906454165,13.8608489847672,12.1188922590102,10.4867561330109,8.9600010050614,7.53890441582185,6.20166705004978,4.97036408103128,3.92423824241544,3.08671368796253,2.41592814528431,2.04342126190888,1.76220050650565,1.51596003079313,1.30229561464686,1.10313801682056,0.960082543946909,0.823356704733741,0.70278949976065,0.592397682913845,0.487534923999904
Europe,Latvia,LV,Hotel,HOT,LV.HOT.CO2,kgCO2/sqm,49.3045092933598,46.1245124193197,42.5540407435222,39.1104962581675,35.749615246651,32.6588780836046,29.4776044568805,26.5739305799971,23.8265372118969,21.2346638521728,18.7141177279697,16.5826505594909,14.5038128773451,12.5560342494666,10.7340164895183,9.03809081237719,7.44224208385482,5.97281464499509,4.72437616117694,3.72488083630748,2.92437055833138,2.47982372512404,2.14421705092284,1.85035557192529,1.59537011043196,1.35769697370866,1.18697567894303,1.02380812002688,0.87992415022268,0.748183409899787,0.623041004545641
Europe,Latvia,LV,Distribution Warehouse Cold,DWC,LV.DWC.CO2,kgCO2/sqm,35.2624443053852,32.954052300766,30.3653779028032,27.8700613638793,25.4360776290574,23.1985558712574,20.8972974102138,18.7976491551446,16.8120111487643,14.939719166914,13.1200494282283,11.5816104608393,10.0820797593033,8.67781910440183,7.36492242915974,6.14353453100587,4.99487273433006,3.93778227942568,3.04006127408965,2.32160921473322,1.74640221137489,1.4268766225085,1.18567139515489,0.974548439167331,0.791421519885194,0.620818023674414,0.498265514432306,0.381202435239551,0.278015718428329,0.183584195892488,0.0939343871287334
Europe,Latvia,LV,Distribution Warehouse Warm,DWW,LV.DWW.CO2,kgCO2/sqm,13.4682946999735,12.598777411245,11.6224912782725,10.6809112757999,9.76193422625323,8.91682352186118,8.04695712633286,7.25299576826028,6.50176671769013,5.79306202842681,5.10386058614748,4.52104631721555,3.95262270653774,3.42003501584465,2.9218345441465,2.45811185664609,2.02175354731144,1.61996303831723,1.27859828590012,1.00530290247631,0.786416672685543,0.664862730202511,0.573096663445385,0.492745126446839,0.423023590255145,0.358035821514137,0.311354921113052,0.266739464225208,0.227396784256879,0.191374468550916,0.157156357867601
Europe,Latvia,LV,Healthcare,HEC,LV.HEC.CO2,kgCO2/sqm,58.9713730635728,55.167858837887,50.8973075294354,46.7785706389213,42.7587054489598,39.0619525170717,35.2569111996344,31.7838999562469,28.4978118960886,25.3977374037631,22.3829756226536,19.8335813880009,17.3471359573526,15.0174469629698,12.8381773775218,10.8097233587866,8.90096885952008,7.14342368300067,5.6501978336736,4.45472663127031,3.4972564353259,2.96554515664797,2.56413446031051,2.21265414129743,1.90767244837496,1.62339759138683,1.41920214749521,1.22404153693791,1.0519455419808,0.894373758180928,0.74469407676781
Europe,Latvia,LV,Leisure/Lodging,LEI,LV.LEI.CO2,kgCO2/sqm,55.4695593882391,51.8893503355176,47.8695240518724,43.9925991276496,40.2087411242724,36.7290253858531,33.1473788972791,29.8782689226641,26.7851078292814,23.8670394054584,21.0292749644484,18.629556236904,16.2890905749673,14.0961781437772,12.0448539642981,10.1354909357963,8.33879984113772,6.68444053598555,5.27888231106405,4.15359749098678,3.25234058491772,2.75184619462432,2.3740024102679,2.04315757958839,1.7560814302364,1.48849641383844,1.29628933023973,1.11258664288461,0.950594442376542,0.80227373333225,0.661381779574118
Europe,Lithuania,LT,Residential Single-Family,RSF,LT.RSF.CO2,kgCO2/sqm,30.3733823492495,28.5555905002634,26.3581140382589,24.2145772806094,22.1443427051452,20.2354345738056,18.2672137113996,16.4703975302265,14.7702538438566,13.1663550129425,11.605892708624,10.2867970836508,8.9988239337612,7.79063401259186,6.65875763619262,5.60336969658174,4.60818887579077,3.68988930315477,2.9083320411961,2.28171608610179,1.77909072115985,1.50056692364274,1.29037808811864,1.10608046775725,0.945937136879535,0.796236007027397,0.688828828719006,0.585754846663249,0.494553750224952,0.410651826499547,0.330481555417472
Europe,Lithuania,LT,Residential Multi-Family,RMF,LT.RMF.CO2,kgCO2/sqm,30.3733823492495,28.4680630908777,26.1966226932929,23.9921668220799,21.8733034961753,19.9260174861127,17.9322190596728,16.1182139248977,14.4095109367969,12.8047945726878,11.2519731942817,9.9419297348524,8.66989685866164,7.48231357083211,6.37512180722551,5.34778537778016,4.38411156525201,3.49935903060378,2.7494142711105,2.15018586411189,1.67119779900108,1.40506894363319,1.20439481436908,1.02907105561236,0.877252779736901,0.736046421710701,0.634706118083786,0.537987621195955,0.452753631561963,0.374723788577971,0.300587411457571
Europe,Lithuania,LT,Office,OFF,LT.OFF.CO2,kgCO2/sqm,54.985457553902,51.517565719266,47.3902497904684,43.3871354699718,39.5417229228755,36.00914248924,32.3953245403775,29.1087798532693,26.014765055507,23.1106962835522,20.3024730411843,17.9339018713554,15.635691556677,13.4913690117359,11.4934560716625,9.64081963018385,7.90417776642296,6.31081831906947,4.96096295309464,3.88287524737964,3.02151475956609,2.54276831608412,2.1818087017948,1.86659906938492,1.59377620457579,1.34019544047907,1.15820003002349,0.984634288188782,0.831761886979039,0.691904291741342,0.559129331844938
Europe,Lithuania,LT,Retail High Street,RHS,LT.RHS.CO2,kgCO2/sqm,67.7229568100585,63.453864002392,58.3729977047134,53.4450278115312,48.71119416558,44.3624674921833,39.913734674274,35.8678863736794,32.059048915712,28.4840414764671,25.0270231442984,22.1112314680496,19.2820563977932,16.6423224065264,14.1828236189276,11.9021651426324,9.76429993702628,7.8028202597231,6.14110238931036,4.81393975276733,3.75357569336788,3.1642225370347,2.71986897391893,2.33183519466772,1.99598096810536,1.68381442203387,1.45977188124748,1.24610654926586,1.05791542347093,0.885745966522037,0.722295474591848
Europe,Lithuania,LT,Shopping Center,RSM,LT.RSM.CO2,kgCO2/sqm,61.0833871389933,57.2321479749245,52.648590728786,48.2029645718908,43.9324728410167,40.009394277735,35.9960980504797,32.3462524909853,28.9102194393369,25.6851294068287,22.5664798502197,19.936082338676,17.3838235044309,15.0024634853576,12.7836974660829,10.7262670846211,8.79765354111954,7.02816112362296,5.52909018970603,4.33182862777312,3.37525172075517,2.84358373896243,2.44272296547637,2.09266946348873,1.78968824264664,1.50807618076228,1.30596265304873,1.11321062548595,0.943439419601156,0.788121700982509,0.640669545625891
Europe,Lithuania,LT,Retail Warehouse,RWB,LT.RWB.CO2,kgCO2/sqm,50.9957468791589,47.7775768917335,43.9474677406869,40.232616477511,36.6641109304995,33.385910550618,30.0323225445292,26.9824409511219,24.1112252276782,21.4162775738957,18.8102736419629,16.6122625691566,14.4795456874994,12.4896351635994,10.6355913329885,8.91636268403523,7.30477587817155,5.82615376503639,4.57350107767214,3.57304614315183,2.77371196480465,2.32943990861982,1.99447288751017,1.7019614058551,1.44878443342386,1.21346394382442,1.04457396809691,0.883506643090129,0.741642537478403,0.611856045578005,0.488642170579776
Europe,Lithuania,LT,Hotel,HOT,LT.HOT.CO2,kgCO2/sqm,60.974537500396,57.1292008464391,52.5526684803046,48.1138558066097,43.849909143323,39.9328431931,35.9256978488603,32.2814461383594,28.8506792410495,25.6305320660782,22.5166622335422,19.8902961381866,17.3419489627442,14.9642386784689,12.7488731981654,10.6945960884464,8.76893838862471,7.00215794159847,5.50538452309645,4.30995791562231,3.35484708345091,2.82399394994596,2.42374754619083,2.07423054537779,1.77171368149811,1.4905332256429,1.28872946242079,1.0962728516689,0.926761841585178,0.771682166974096,0.624456000656573
Europe,Lithuania,LT,Distribution Warehouse Cold,DWC,LT.DWC.CO2,kgCO2/sqm,43.1979592696276,40.5669820952782,37.3949823340873,34.3038450113516,31.3211434498518,28.5726011302254,25.7423979856165,23.160313240207,20.7192098031886,18.4182368813902,16.1818337850768,14.2920426584217,12.4487373494325,10.7211266087908,9.10407596850758,7.59764621586341,6.17850587637041,4.87019519603776,3.75752092533906,2.86597679768536,2.15129165443147,1.75506944965439,1.4561021440323,1.19413058293895,0.966634327085178,0.754162527764846,0.601711345347789,0.455553182189082,0.326322564606279,0.207537032083215,0.0941477226740669
Europe,Lithuania,LT,Distribution Warehouse Warm,DWW,LT.DWW.CO2,kgCO2/sqm,16.4992205543717,15.4579731456199,14.2187312024202,13.0167812536001,11.8621818482049,10.8015114472446,9.71644918048891,8.72965192660121,7.80066248735941,6.92870504813545,6.08552558529644,5.37435329082162,4.68430710454066,4.04046629291329,3.44058550915134,2.88432453388615,2.36289136157364,1.88447926717187,1.47918017797507,1.1554803385593,0.896853651596567,0.753108253096539,0.644728787713864,0.550085924380485,0.46816984551277,0.392031278880481,0.337386480663617,0.285272721771699,0.23937221529122,0.19737945266205,0.157513277610553
Europe,Lithuania,LT,Healthcare,HEC,LT.HEC.CO2,kgCO2/sqm,72.0568913820769,67.5131874499205,62.1054923691143,56.8605288159702,51.8221894028152,47.1937291242516,42.4588297654118,38.1527306336929,34.098888163079,30.2939169218787,26.6145244848711,23.5111733277053,20.5000104248051,17.6904744750533,15.0727674314684,12.6454046746694,10.3700204235496,8.28236777130405,6.51375922562664,5.10122631478375,3.97265390765349,3.34539037076084,2.87245358466638,2.45945937535169,2.10200118959328,1.76975440397046,1.53130023597642,1.30389079494789,1.10359419873995,0.920349871717808,0.746385360671715
Europe,Lithuania,LT,Leisure/Lodging,LEI,LT.LEI.CO2,kgCO2/sqm,67.4575782122462,63.2016090382058,58.1363618499722,53.2235410468453,48.5042596960105,44.1689014589943,39.7338445067156,35.7004335630012,31.9033048660263,28.3392873700683,24.8928962704462,21.9860680399253,19.1655901469753,16.5339709715096,14.0820329380209,11.8083854421887,9.6770922557361,7.72164237019657,6.06503279269374,4.7419499916073,3.68484560119438,3.09730417752866,2.65431660330691,2.26747568009862,1.93265390422772,1.62144699046349,1.39809317966129,1.18508467704878,0.997472070273665,0.8258318800745,0.662883851892168
Europe,Luxembourg,LU,Residential Single-Family,RSF,LU.RSF.CO2,kgCO2/sqm,32.4994563366574,30.2040788090202,27.5894930039384,25.1008007896718,22.74428377641,20.5997855505115,18.4346305609601,16.4786461527528,14.6511416914542,12.9481098063038,11.3147488634196,9.94180509374406,8.62058314893685,7.39653879009772,6.26419670602871,5.22162770540412,4.25155425114536,3.36773729123212,2.62320235535957,2.03135138590709,1.56069591140032,1.2983981217508,1.10089947127121,0.929217691662803,0.781278141266453,0.644652450142803,0.546617686577796,0.453816414128509,0.37257596886729,0.298811477335644,0.229394463844104
Europe,Luxembourg,LU,Residential Multi-Family,RMF,LU.RMF.CO2,kgCO2/sqm,32.4994563366574,30.1114985217728,27.420457225215,24.8702503840879,22.4659014931592,20.284797225013,18.0965657229368,16.1262861685835,14.2933079330508,12.5925425838317,10.9697077258542,9.60850368446488,8.30548161770296,7.10381497537736,5.99736755822038,4.98345563531292,4.04481861858239,3.19384158562654,2.47986470928199,1.91425351367168,1.46604753822886,1.21576642041062,1.02754194801454,0.864522119979237,0.724549649709923,0.595921466734573,0.503668800518888,0.416808524056542,0.341085519745133,0.272668381417553,0.208644285768061
Europe,Luxembourg,LU,Office,OFF,LU.OFF.CO2,kgCO2/sqm,42.6071048860543,39.8791311800356,36.6842306287442,33.6091699367543,30.6659782158116,27.966688282582,25.199482786958,22.6798279018142,20.301878423056,18.0636478034809,15.8917647797286,14.0574273824723,12.2713528453514,10.599990362551,9.03816138233497,7.58561640019655,6.21966645333574,4.96249595194854,3.89470859615382,3.04001282560633,2.35555682060981,1.97560039306697,1.6888271477656,1.43772881688797,1.21983664641957,1.01667651905188,0.870768984485572,0.731238831901085,0.608135036914882,0.495340116569603,0.388103878100123
Europe,Luxembourg,LU,Retail High Street,RHS,LU.RHS.CO2,kgCO2/sqm,54.8908140556184,51.3764486250575,47.2605555624648,43.2990485402516,39.5074242966701,36.0300112968771,32.4651047467799,29.2191101076981,26.1556702272733,23.2722258972554,20.4742551539683,18.1111341595542,15.8101887377513,13.6570233613656,11.6449666599358,9.7736972044058,8.01398549511299,6.39441103196909,5.01881310662414,3.91773457971916,3.03597075721879,2.5464844652029,2.17704322848083,1.85356089734218,1.57285705118908,1.31113204742013,1.12316381502593,0.943411369581925,0.784820500279981,0.639510240166503,0.501361060594487
Europe,Luxembourg,LU,Shopping Center,RSM,LU.RSM.CO2,kgCO2/sqm,44.2211542606554,41.3925461483838,38.0797863525892,34.8912872846181,31.8395218077511,29.0406556069294,26.1713684521539,23.5587640005356,21.0930924394984,18.7722939385097,16.5202905829288,14.6182848447229,12.7663223739427,11.0333036623015,9.41385912232194,7.90773004532566,6.49139047719754,5.18784320660374,4.08066538809391,3.19444006093593,2.48473461034649,2.09076166592763,1.7934094127691,1.53304811451638,1.30711794531147,1.09646328134073,0.945173246907759,0.800495854806728,0.672850785361547,0.555894882887942,0.444702720956532
Europe,Luxembourg,LU,Retail Warehouse,RWB,LU.RWB.CO2,kgCO2/sqm,38.8810411302862,36.3906650230442,33.4740298735207,30.6667969230143,27.9799475869314,25.5157569895651,22.9895660534405,20.6893648782557,18.5185270314456,16.4752389875802,14.4925198806681,12.8179472787883,11.1874339995783,9.6616417294683,8.2358429516624,6.9098098926814,5.6628297242709,4.51515466696498,3.54036810189681,2.76011354107164,2.13527141831185,1.78840795446759,1.52661172207756,1.29738323559826,1.09846876142559,0.913003217522262,0.779803752604828,0.652426220530532,0.540044363964958,0.437073512733367,0.339177200343813
Europe,Luxembourg,LU,Hotel,HOT,LU.HOT.CO2,kgCO2/sqm,45.3269568975816,42.4261703457465,39.0288778670144,35.7590169142783,32.6293786246034,29.7590929174718,26.8165893038335,24.1373182426921,21.6087294026654,19.2287103919087,16.9192419928697,14.9687022051329,13.0694826538504,11.2922419851987,9.63147359432992,8.08691217101914,6.6344314423407,5.29762116600194,4.16219115981272,3.25335175580951,2.52553653888269,2.12151046895839,1.81657058938368,1.54956557397938,1.31787027704511,1.10184027498274,0.946689727472861,0.798320559067907,0.667418332192341,0.547478030960328,0.433448545362525
Europe,Luxembourg,LU,Distribution Warehouse Cold,DWC,LU.DWC.CO2,kgCO2/sqm,32.8264439549506,30.4789048645508,27.8103894944526,25.2724944241559,22.8713580834447,20.6875644955841,18.4853617359709,16.4971481068692,14.6410225412002,12.9127126722484,11.2566878772727,9.86524075995937,8.52751826797952,7.28923055538162,6.14469464172235,5.0918094778443,4.11303993377673,3.22209439955392,2.47210164514104,1.87628067915622,1.40276760577948,1.13878372098406,0.940058297367918,0.767423626705727,0.618758117200202,0.481583002336271,0.383162241065471,0.290084027934785,0.208661024676726,0.13479464666308,0.0653499900703359
Europe,Luxembourg,LU,Distribution Warehouse Warm,DWW,LU.DWW.CO2,kgCO2/sqm,12.5378778994603,11.734809570639,10.7942860454984,9.88904130450545,9.0226165103356,8.2279921886641,7.41337469877667,6.67163183177087,5.97160458821109,5.31270816292185,4.67334332357904,4.13334608502102,3.6075565986666,3.11553635926482,2.65576089065254,2.22815674301358,1.82604467768874,1.45595540176759,1.14161725200366,0.890009583429058,0.68851756066083,0.576664952764161,0.492243863826713,0.418324853352817,0.354181162812386,0.294374331240538,0.251421673856752,0.210346407548656,0.174106777125162,0.140901901293198,0.109333405370102
Europe,Luxembourg,LU,Healthcare,HEC,LU.HEC.CO2,kgCO2/sqm,59.4424103891668,55.6350247659733,51.1759574371051,46.8841485229287,42.7763868462323,39.0090346676044,35.1468939155818,31.6302552603265,28.3113923848782,25.1875326997354,22.1562732042174,19.5961202896233,17.1033270124804,14.7706353614871,12.5908177217343,10.5635258641061,8.65709319644309,6.90248211557964,5.41218980883527,4.21930573454705,3.26402235062636,2.73372374969965,2.333479301277,1.98302571263643,1.67891738658569,1.39537031777072,1.19172970048848,0.996989884712364,0.825176051552269,0.667750136066219,0.518082376537145
Europe,Luxembourg,LU,Leisure/Lodging,LEI,LU.LEI.CO2,kgCO2/sqm,61.7075308869764,57.7500397907655,53.1151745583337,48.6541618726143,44.3844524526248,40.4685731121168,36.4541681762641,32.7988866933523,29.3491782637358,26.1021609890854,22.9513946493852,20.2903081803066,17.6992369899099,15.2745794026209,13.0088228561512,10.9016053925167,8.92001197002703,7.09622567227721,5.54717886736085,4.30726555938137,3.31432030498045,2.76311477993036,2.3470907682591,1.98282061179491,1.66672287131441,1.371997011828,1.16032790092628,0.957910503981525,0.779322942271237,0.615690539224465,0.460122155996361
Europe,Malta,MT,Residential Single-Family,RSF,MT.RSF.CO2,kgCO2/sqm,17.6170537802033,16.5931106707285,15.3599121992699,14.1680238757545,13.0007295909741,11.9420744225556,10.8391682541405,9.83978857318447,8.89333608426199,7.996287666841,7.12020254668197,6.38181647105531,5.65098710380106,4.95821550786252,4.29839885985017,3.67039579928137,3.06969193534081,2.50422625434706,2.01437956140329,1.6184737363524,1.29582853046637,1.11830132741314,0.983452578078927,0.863791068210913,0.75907797644625,0.659806107244847,0.588790296530432,0.520015036110643,0.45932145215994,0.403324831297005,0.349680659282942
Europe,Malta,MT,Residential Multi-Family,RMF,MT.RMF.CO2,kgCO2/sqm,17.6170537802033,16.5422501574204,15.2658048258812,14.0378908302692,12.8416050908122,11.7594698990223,10.6403933642383,9.62938610967278,8.67612871962143,7.77670211819187,6.90307330978424,6.16786453742685,5.44443092788734,4.76199024644562,4.1153046566285,3.50297946573768,2.92042541619544,2.37491860537175,1.90430935502047,1.52517632256638,1.2172430344566,1.04713121421972,0.917921031147625,0.803650739981624,0.703961435610004,0.609929618824342,0.542527820984506,0.477608770728839,0.420499198368499,0.368037834141599,0.318049835119722
Europe,Malta,MT,Office,OFF,MT.OFF.CO2,kgCO2/sqm,67.811503584217,62.6579767926896,56.8804314271677,51.4339976933854,46.2498754942433,41.6152815495175,36.9845633536628,32.8606085937023,29.0553193214041,25.5456976101015,22.2319868615641,19.4654941487262,16.8286255393498,14.4082022827224,12.1813647416701,10.1376820020699,8.25799287906732,6.55705798975719,5.13000431809883,4.00581147717829,3.11449948443584,2.60788452001309,2.223202528997,1.89108475019524,1.60775000141557,1.35051390780347,1.16328911049139,0.990460885085193,0.842253679580401,0.710964197854794,0.591611574621729
Europe,Malta,MT,Retail High Street,RHS,MT.RHS.CO2,kgCO2/sqm,88.4714517338639,81.7472311843656,74.2088034543748,67.1024036789066,60.338262842404,54.2911356802942,48.2490655191973,42.8682103371271,37.9031436252124,33.3238581403859,29.0001934323569,25.3905280707089,21.9499936936206,18.7918729621139,15.886339070536,13.2197819669875,10.7672005137695,8.54785407418926,6.68586246875549,5.21903772750362,4.0560713434991,3.39505008713242,2.89312457987302,2.45978382442298,2.09009420851501,1.75445760532846,1.51017036662986,1.28466749222542,1.09128964106581,0.919985703652759,0.764256744777502
Europe,Malta,MT,Shopping Center,RSM,MT.RSM.CO2,kgCO2/sqm,97.1609920180908,89.7639516118128,81.4712351388664,73.6537749744722,66.2128198908233,59.5606222672095,52.9139876438797,46.9947286146569,41.5328615004618,36.4953765587058,31.7390895938359,27.7682441498618,23.9834527946154,20.5093331569717,17.3130739861722,14.3797034199632,11.6817187278199,9.24030634875552,7.19200542820171,5.57841143613999,4.29907961317258,3.5719171254523,3.01976937378219,2.54306890654512,2.13638845837678,1.76716833876276,1.49843792427234,1.25037142177996,1.03764434535865,0.849199879941252,0.677888812324079
Europe,Malta,MT,Retail Warehouse,RWB,MT.RWB.CO2,kgCO2/sqm,58.8546558296796,54.3821029705595,49.3679877658529,44.6412319433967,40.1421264760651,36.1199359962518,32.1011091337043,28.5220832745845,25.2196152554841,22.1737460373163,19.2979006052068,16.8969652083287,14.6085257153238,12.5079310362572,10.5753421483128,8.80170645184943,7.17039467228066,5.69421699627282,4.45573056989262,3.48008571380538,2.70654942249084,2.26687727189154,1.93302618148882,1.64479360189178,1.39889798671307,1.17565241673852,1.01316702830647,0.863175885357921,0.734552403315986,0.620611180029899,0.517029509092992
Europe,Malta,MT,Hotel,HOT,MT.HOT.CO2,kgCO2/sqm,110.185259435671,101.788376271694,92.3747503468963,83.5006201496693,75.0538864515851,67.5025249392482,59.9574783665169,53.2381252528697,47.0379887798909,41.3195973458902,35.9204128417117,31.4128363754589,27.1164625469396,23.1727532939507,19.5444623363653,16.214594096062,13.1519283549235,10.380515279406,8.0553497307686,6.22364955323035,4.77139307558594,3.94594152804111,3.31916109892632,2.77802600870759,2.3163753997093,1.89724855492999,1.59219440230321,1.3105972602142,1.06911630182873,0.85520018509845,0.660733352355904
Europe,Malta,MT,Distribution Warehouse Cold,DWC,MT.DWC.CO2,kgCO2/sqm,47.4732400560505,44.6389810261753,41.2347101246726,37.9474271279081,34.7311909130245,31.8157250037285,28.7826324167029,26.035793174586,23.4365768190596,20.9751184730602,18.57362495532,16.550153010492,14.5495621529709,12.6548486239402,10.8519484262024,9.13760178763665,7.49938928595519,5.95874555956744,4.62512556287247,3.54788786837737,2.67052124730914,2.18742561122767,1.82047165869474,1.4950437719628,1.21042558461962,0.940841015584268,0.74792036648437,0.561268433725708,0.396642165202795,0.244872857454383,0.0996171713518715
Europe,Malta,MT,Distribution Warehouse Warm,DWW,MT.DWW.CO2,kgCO2/sqm,18.1321402991859,16.7547866446518,15.2106551119467,13.7550178928415,12.3694871785589,11.130825740426,9.89320015154501,8.79101433015697,7.77399641256775,6.83599987434424,5.95036333955981,5.21097864197103,4.50623783774705,3.85934514602456,3.26419100221287,2.71798759550419,2.21561382552361,1.76101467804901,1.37961419845775,1.07915760232854,0.840941739639673,0.705541653268427,0.602729895885006,0.513966675109594,0.438241415986118,0.369491395282395,0.319452893644807,0.273262081507916,0.233651588657483,0.198562599161212,0.166663905618266
Europe,Malta,MT,Healthcare,HEC,MT.HEC.CO2,kgCO2/sqm,70.9025787082262,65.5272597306348,59.5010663094145,53.8202345618188,48.4130034429247,43.5789506103146,38.7489403270697,34.4475030433074,30.4784456447434,26.8177804435948,23.361457619748,20.4759034386513,17.7255519898729,15.2009610463382,12.8782871613183,10.7466505057352,8.78606525536669,7.01192727956581,5.52345753959708,4.35088284333134,3.42121148168827,2.89279334343964,2.49155580450882,2.14514468229955,1.849616063989,1.58130930792676,1.38602692233368,1.20576069350244,1.05117509870638,0.914235315286986,0.789746116599835
Europe,Malta,MT,Leisure/Lodging,LEI,MT.LEI.CO2,kgCO2/sqm,61.3748339485094,56.7232019568974,51.5083236915054,46.5923105569839,41.9130628019124,37.7298255095671,33.5500865123059,29.827757965391,26.3930605179145,23.2252359792722,20.2342429074622,17.7371750686465,15.3571074223081,13.1724058171315,11.1624368841843,9.3177855615485,7.62115674548828,6.08587353714793,4.79779863594691,3.78308937079583,2.97858101221611,2.52130457391126,2.17408622647795,1.87431293580693,1.61857176377583,1.38638753521792,1.21739630027727,1.06139957514629,0.92762606306386,0.80912268119321,0.701393643784014
Europe,Netherlands,NL,Residential Single-Family,RSF,NL.RSF.CO2,kgCO2/sqm,29.0560143937868,27.2830592158525,25.1784764891666,23.1428178815324,21.185102366715,19.3836784858152,17.5235374225876,15.8239265769124,14.2124395246978,12.688553795239,11.2015272620222,9.94309210950975,8.71069535509884,7.55179273886826,6.46342131611735,5.4461012192899,4.48426798350116,3.59443371821591,2.8354834086255,2.22587103729486,1.7359385055044,1.46470679980169,1.25982568508861,1.07976653015816,0.922959206839625,0.775994425041881,0.670469673849343,0.568984321222716,0.479072561774137,0.396273233757094,0.317092252537269
Europe,Netherlands,NL,Residential Multi-Family,RMF,NL.RMF.CO2,kgCO2/sqm,29.0560143937868,27.1994323164803,25.0242125677597,22.9302515138833,20.9258039326239,19.0872854766125,17.2021807335684,15.4855663459533,13.8653204565524,12.3401142239308,10.8599387958871,9.60974755271718,8.39230002185018,7.25292462754861,6.18810601510741,5.19769032626854,4.26621643731632,3.40883236822077,2.68054625082141,2.09756002023206,1.63066254862419,1.37149100350268,1.17587824537686,1.00458919165058,0.85594327383611,0.717334954433775,0.617789480113954,0.522584701118803,0.438580926797692,0.361603182752838,0.28840925558773
Europe,Netherlands,NL,Office,OFF,NL.OFF.CO2,kgCO2/sqm,57.4976838167355,53.6636345322501,49.2243680116293,44.9696622322635,40.9143702904563,37.2059187220555,33.4287416512902,30.000231984417,26.7782735081777,23.7586803072602,20.8439449427,18.3868360558631,16.0074478614633,13.7913370975847,11.7304831227479,9.82327994022046,8.03934314937692,6.40600296991073,5.02458497662831,3.92278928995443,3.04369596875678,2.55431442713265,2.18526819824363,1.86337495065337,1.58509702782465,1.32705139664586,1.14168586618421,0.96548863792384,0.810728793291144,0.669700426512744,0.536476473158709
Europe,Netherlands,NL,Retail High Street,RHS,NL.RHS.CO2,kgCO2/sqm,83.5183805765812,77.943420297641,71.4884342805764,65.3018117417049,59.4051500616985,54.0128171373755,48.5205528044024,43.5352738498191,38.8503339357409,34.4596464655008,30.2214291982373,26.648630981851,23.1888437731588,19.9664727065299,16.9698552407862,14.1966561508622,11.6026945162695,9.22771027718633,7.21903749555921,5.61695397160188,4.33869436054519,3.62710135446645,3.09048382180343,2.6224298307824,2.21779539570776,1.84258004576503,1.57304635103918,1.31684397179857,1.09181296082709,0.8867484234006,0.693032017313292
Europe,Netherlands,NL,Shopping Center,RSM,NL.RSM.CO2,kgCO2/sqm,78.8027519269562,73.5399281876416,67.4463504852351,61.6061108539778,56.039597458452,50.9491759478956,45.7644180899154,41.0582599979202,36.6356252591198,32.4907680594048,28.4898444060496,25.1170836457606,21.8510065180607,18.8090528362743,15.9802130334265,13.3622826314054,10.9135543559816,8.67154314719118,6.77533397784586,5.26294953376327,4.05625842037742,3.38450680642092,2.87793396131928,2.43608585263738,2.05410650137646,1.69989908962263,1.4454563212128,1.20359846105372,0.99116671493053,0.797583539147816,0.614713123998454
Europe,Netherlands,NL,Retail Warehouse,RWB,NL.RWB.CO2,kgCO2/sqm,56.6129312016266,52.8338822081732,48.4582979546507,44.2646268774384,40.267509001865,36.6122559972817,32.8892633729741,29.5099364409831,26.3341976767864,23.3579212129596,20.4849983764701,18.0631372639433,15.7178819232081,13.5335617618827,11.5022711963763,9.62242726833752,7.86408144813594,6.25417189737565,4.89257065292188,3.80658047080166,2.94009793911728,2.45773668471897,2.09398450618952,1.77670888893864,1.50242292490014,1.24807901578105,1.06537259514461,0.891702955372098,0.73916317518388,0.600157891741411,0.468845065674277
Europe,Netherlands,NL,Hotel,HOT,NL.HOT.CO2,kgCO2/sqm,100.726775499858,93.9872023056034,86.1837654104135,78.7047533027473,71.5762750704832,65.0574802068587,58.4178781967605,52.3911711482612,46.7275441658606,41.4196391587945,36.2960554816553,31.9768973383048,27.7943582774238,23.8988317488072,20.2762188986575,16.9236966718378,13.7878547241441,10.9167346957255,8.48844883219692,6.5516889930626,5.0064000979076,4.14615483892267,3.49743754628745,2.93160676480804,2.44244392675101,1.98884584030371,1.66300637723436,1.35328315033405,1.08124301129511,0.833340355422798,0.599156463084532
Europe,Netherlands,NL,Distribution Warehouse Cold,DWC,NL.DWC.CO2,kgCO2/sqm,42.9545102565081,40.2873946582016,37.1293576079226,34.07752974933,31.145148031879,28.4485106228403,25.6676838730589,23.1284559742582,20.7229317217053,18.4501079016655,16.2345203533747,14.3602011030338,12.5265743907996,10.8038162277997,9.18735468015679,7.6777780789647,6.25190502022008,4.93397969464272,3.81073549163484,2.90906560656848,2.18486734853791,1.78375133120494,1.48080314066051,1.21473161654186,0.983164652492382,0.76632934144614,0.610629824424147,0.46103769150855,0.328600849573638,0.20674623376954,0.0903333725123097
Europe,Netherlands,NL,Distribution Warehouse Warm,DWW,NL.DWW.CO2,kgCO2/sqm,17.8977126068784,16.7031932314481,15.3201150605339,13.9945378148857,12.7310890592536,11.5757003507086,10.3988998297247,9.33072857733569,8.32690949700367,7.38613844353567,6.47803643209103,5.7125104946062,4.97119887104888,4.28075723894348,3.63868672283492,3.04448696551045,2.48869153798986,1.97981532219989,1.54942686443509,1.20615629125201,0.932269878463519,0.779800337757958,0.664821932910302,0.564534301600327,0.477835267261227,0.397439715895855,0.339688054077279,0.284792827793724,0.236576537590988,0.192638365673436,0.151131702157977
Europe,Netherlands,NL,Healthcare,HEC,NL.HEC.CO2,kgCO2/sqm,68.54847438059,63.9826917619569,58.6961854039537,53.6294634467181,48.8002137194624,44.3839993057453,39.8859430374064,35.8030978042561,31.9662243273558,28.3703378039665,24.8993213725202,21.9732700322295,19.1397724804553,16.5007140709491,14.0465434122864,11.7753480011524,9.65094453421398,7.70587923943581,6.06081581046053,4.7487409720236,3.70187153757936,3.11909088693179,2.6796117012698,2.29628470522672,1.96489707587569,1.65760309756981,1.43686031252001,1.22703561217048,1.04273964822823,0.874795832697066,0.716145913127483
Europe,Netherlands,NL,Leisure/Lodging,LEI,NL.LEI.CO2,kgCO2/sqm,63.5112765222298,59.2791540823619,54.3789772550847,49.6825233318779,45.2061875433458,41.1127031003313,36.9433576761015,33.1588803207392,29.6023994943731,26.2692946757712,23.051934640117,20.3397145079292,17.7132844796497,15.2670842883805,12.9922605432891,10.8870405037807,8.91788508515173,7.11496208845777,5.59011729528695,4.37392681265781,3.40356094218415,2.86336898055614,2.45600623930241,2.10069217438383,1.79352182931579,1.50868440934813,1.30407315820454,1.10958211538444,0.938754209256356,0.783083462373692,0.636027428222267
Europe,Poland,PL,Residential Single-Family,RSF,PL.RSF.CO2,kgCO2/sqm,82.0568247242879,76.9844174718939,70.9687258731585,65.1449884769372,59.5386984561938,54.373052765434,49.0416944206676,44.167640591854,39.5483338310798,35.1843775129756,30.93503620421,27.3391336463615,23.8288065091293,20.5375599529778,17.4570959404095,14.5884846520536,11.8880500469151,9.40069452700631,7.28687811789456,5.59422979117851,4.23832280240143,3.48540071547103,2.91696505844175,2.41917976929239,1.98721765502216,1.58454850812492,1.29535476575989,1.01894076837275,0.775192948917725,0.551990172130546,0.339899320670938
Europe,Poland,PL,Residential Multi-Family,RMF,PL.RMF.CO2,kgCO2/sqm,66.4269533482331,62.5604539752185,57.8938845432848,53.3477992335163,48.9447208685529,44.8706625529799,40.6272769124782,36.7308670148483,33.0165102344404,29.4869682594801,26.0261210565351,23.0899736536263,20.2032934869836,17.480395445088,14.9162029264778,12.5135837762971,10.2369071199596,8.12654764593579,6.32378453363946,4.87378867212934,3.70691555259498,3.06030771388243,2.5712173608436,2.14078163507275,1.76541911021447,1.41321289925418,1.15982368473504,0.915914462131125,0.699552121106099,0.500089188927053,0.309153280362655
Europe,Poland,PL,Office,OFF,PL.OFF.CO2,kgCO2/sqm,148.946687269346,139.287116890989,127.984588169752,117.096498595928,106.665547140357,97.0867249585876,87.2737297189333,78.3346426861056,69.9036375044878,61.9775070539591,54.3049791056704,47.8264605244112,41.5407394082661,35.6783049961716,30.2209918852342,25.1669544212963,20.4374440692167,16.1063361088706,12.4433053317731,9.52227572544394,7.19248046933837,5.89622109433784,4.91931993323909,4.06787558452206,3.33250968564325,2.65136153581662,2.16299448410123,1.69945928711626,1.29312248710436,0.923566048359349,0.575062895177968
Europe,Poland,PL,Retail High Street,RHS,PL.RHS.CO2,kgCO2/sqm,185.138073312184,173.133228272983,159.086526345786,145.554886429424,132.59137449973,120.686882742224,108.491362381773,97.3819288958427,86.903935903857,77.0533976198481,67.5180347133865,59.4665781159116,51.6547288303549,44.3689372357975,37.5866274993324,31.3055058551618,25.4277041865469,20.045034163406,15.4926456895454,11.862410968396,8.9669580727602,7.35597618454305,6.1418904024381,5.08372145025024,4.16981396602795,3.32328791288919,2.71634883087469,2.14027060047142,1.63527812908812,1.17599602785587,0.742878799475906
Europe,Poland,PL,Shopping Center,RSM,PL.RSM.CO2,kgCO2/sqm,177.422842109543,165.914823054055,152.449450288552,139.477823457802,127.050812378041,115.638993437944,103.948190246286,93.2985257288106,83.2541692526302,73.8112999853453,64.6705624189522,56.952319022589,49.4637666803282,42.4795008917495,35.9778801350807,29.956705573067,24.3221594055888,19.1622536347574,14.7982678328501,11.3182720302835,8.54264877247076,6.99833810397728,5.83449781534074,4.82012166754882,3.94403666111685,3.1325444745308,2.55072384306614,1.99848687280252,1.51439374502119,1.07411924288759,0.658926768417423
Europe,Poland,PL,Retail Warehouse,RWB,PL.RWB.CO2,kgCO2/sqm,142.19059136258,132.966149368712,122.172758307896,111.775137423761,101.814062254378,92.6667310456023,83.2957754203803,74.7593616273601,66.7081424528422,59.1390552457601,51.8121466739362,45.6254617057394,39.6228893806363,34.0245362387217,28.8130551621917,23.9866836368714,19.4702204616658,15.3342131047643,11.8361884927384,9.04674060732048,6.82189412287571,5.58402650088591,4.65113117103893,3.83804128214028,3.13580093264455,2.48533602052132,2.01896812176274,1.57631349332457,1.18828068287144,0.835371412672245,0.502567054374429
Europe,Poland,PL,Hotel,HOT,PL.HOT.CO2,kgCO2/sqm,171.638577232661,160.506050694179,147.480036491411,134.931657900419,122.910124917862,111.870659603248,100.561312950295,90.2591338962743,80.5425124261591,71.4077523766151,62.5652658419198,55.0988592409072,47.8546491572202,41.0982713767989,34.8087905141266,28.9840794773055,23.5333816257202,18.5418372380306,14.3202429289629,10.9537951120901,8.26873702959658,6.77481532006782,5.64894970954627,4.66767140866344,3.82017197917485,3.03515778521315,2.47232124582389,1.93810308913265,1.46980532510068,1.04389643882004,0.642251184469093
Europe,Poland,PL,Distribution Warehouse Cold,DWC,PL.DWC.CO2,kgCO2/sqm,111.138674628884,104.481911349795,96.5067688503578,88.7578865241333,81.2717885691908,74.3571523189563,67.182339725789,60.6060715218729,54.3520760899956,48.42343058069,42.6266614488583,37.7138499814808,32.8976922842912,28.3658529994135,24.1086819633416,20.1296210512117,16.3690304852865,12.8919412467559,9.92776392815797,7.54780614202904,5.63601913985543,4.57575818519438,3.77437756912892,3.0704811097726,2.45783130464665,1.88444557405951,1.47221013391087,1.07648652227514,0.726260112318108,0.404225815844696,0.0968306595483281
Europe,Poland,PL,Distribution Warehouse Warm,DWW,PL.DWW.CO2,kgCO2/sqm,42.448799337421,39.69576419898,36.4744761391588,33.3713057068183,30.3984223631761,27.6684009421018,24.871638803627,22.3239457134564,19.9210589795519,17.6620645535613,15.4753483524313,13.6289319383834,11.8374639511569,10.166635197793,8.61126843018312,7.17083762589051,5.8228989829806,4.5885073965877,3.54452178982251,2.71201093978839,2.04800540391045,1.67856375504522,1.40014110083334,1.15747438599714,0.947890721307401,0.753759438289027,0.614571917398686,0.482461623128973,0.366653212955695,0.261327424990873,0.162001948910125
Europe,Poland,PL,Healthcare,HEC,PL.HEC.CO2,kgCO2/sqm,181.280116928938,169.528052908514,155.777126529607,142.530416715434,129.83987205369,118.186048217732,106.24732384683,95.3718170717765,85.1144548113497,75.4713352066157,66.1367544628585,58.2548340313816,50.6074756005161,43.4750978830936,36.8356004161117,30.6867377326432,24.9327024840952,19.6633731003167,15.2068423732685,11.6530479916832,8.8185634409439,7.24150332694413,6.05298204316305,5.01709451359235,4.12243079837958,3.29372969153831,2.69957067282209,2.13562268162648,1.6412636262493,1.19165243680944,0.767655177398853
Europe,Poland,PL,Leisure/Lodging,LEI,PL.LEI.CO2,kgCO2/sqm,161.697415725129,151.214670599965,138.948956576075,127.132999609906,115.813137417412,105.418021734448,94.768777101144,85.0679138798622,75.9184305171389,67.316846586672,58.9904768003084,51.9598681483814,45.138486885293,38.7764642126628,32.8540866979911,27.3693514031177,22.2367989555724,17.5366001807282,13.5614111694262,10.3914556054798,7.86311853592535,6.45639379434885,5.39624251606641,4.47223929995446,3.67420657285149,2.93501195368835,2.40502696158865,1.90198995929887,1.46102571941476,1.0599762104835,0.681774117945132
Europe,Portugal,PT,Residential Single-Family,RSF,PT.RSF.CO2,kgCO2/sqm,11.2358447286257,10.5984386182219,9.83788073292266,9.10139938281776,8.38935490514718,7.73071047475889,7.04126678518837,6.40664732010257,5.79928924623451,5.2198241052538,4.64895008873819,4.16396076124887,3.68504116382295,3.23175507551937,2.80348588625539,2.40093135809753,2.0181877827807,1.66229463767829,1.35765664969145,1.11236071676524,0.914779456457472,0.806185581852529,0.724363480926032,0.652335562789366,0.589546186469872,0.530500226125322,0.48844637248973,0.447872368505118,0.41197366378425,0.37892890039665,0.347304050412158
Europe,Portugal,PT,Residential Multi-Family,RMF,PT.RMF.CO2,kgCO2/sqm,11.2358447286257,10.5659527245831,9.7776058365902,9.01780319253392,8.28667205980219,7.6125013049893,6.91213999269086,6.2696551104657,5.6576496722852,5.07648284643976,4.50718123054556,4.0243629742453,3.5503446945332,3.10385583767391,2.68406885881718,2.29141861150451,1.92005159463453,1.5764607753708,1.28347125261343,1.04823834286423,0.859302674124719,0.754878910109529,0.676096121112556,0.606917548751495,0.546739324105686,0.490398311191703,0.450068127304715,0.41134920437114,0.37715328677897,0.345776309748068,0.315888205531609
Europe,Portugal,PT,Office,OFF,PT.OFF.CO2,kgCO2/sqm,30.558850403912,28.4483192236861,26.0575004348908,23.7840499626174,21.6262398941709,19.6549882667676,17.6535339125377,15.8366072568562,14.1311908071128,12.5358374566632,11.0018802226083,9.70840121506921,8.46314454201071,7.30961190593246,6.24367619699517,5.26418032153384,4.35565518967284,3.53089229974824,2.83789760318349,2.28783701610088,1.85104717272095,1.60422310360697,1.41705532071497,1.25431130592861,1.11391996728808,0.984796764343508,0.890475678039521,0.801705016172866,0.723877371729462,0.65340306394962,0.587590679330614
Europe,Portugal,PT,Retail High Street,RHS,PT.RHS.CO2,kgCO2/sqm,37.7504973488685,35.1456159577548,32.1947951261045,29.3888338191458,26.7255993947898,24.2926210386606,21.8223655639515,19.5798597536859,17.474983210919,15.5059498728792,13.6126934779056,12.0162425805659,10.4793091463661,9.05558429173448,7.73997421293089,6.53105078997118,5.40972160444803,4.391774310338,3.53645930426979,2.85755789750486,2.31845866717457,2.01382093874965,1.78281280239072,1.58194921904069,1.40867398438667,1.24930622348237,1.13289228712129,1.02332885240882,0.927271620644475,0.840290099306475,0.759062464479246
Europe,Portugal,PT,Shopping Center,RSM,PT.RSM.CO2,kgCO2/sqm,34.1609326454737,31.8027824550766,29.1314597876714,26.5912757267678,24.1802996315444,21.9777700295016,19.7414941522633,17.7113957679435,15.8058905741097,14.023361681686,12.3094322323422,10.864195224483,9.4728382579624,8.18396689188947,6.99296980142592,5.89855413637749,4.88343588901317,3.96190732590516,3.18760671809633,2.57301002778825,2.08497362160747,1.809190808717,1.60006348238404,1.41822545362135,1.26136263868305,1.11708999847698,1.01170264873766,0.912516929453408,0.825558121982611,0.746815384672587,0.673281532733385
Europe,Portugal,PT,Retail Warehouse,RWB,PT.RWB.CO2,kgCO2/sqm,27.4309262004182,25.5354424913085,23.3882304017387,21.3464276678882,19.4084824385475,17.6380867290186,15.8405657264795,14.2087704188533,12.6771232543748,11.244324575832,9.86666620486647,8.70498311302821,7.5866088575055,6.5506126400136,5.59328787259047,4.71359536083216,3.89764220036997,3.15691653074824,2.53453285305372,2.04051935938582,1.64823516089194,1.426560633453,1.25846385920681,1.11230225227445,0.986215749603229,0.870249243188808,0.785538775895164,0.705813185962336,0.635915601153819,0.572622102550695,0.513515511720969
Europe,Portugal,PT,Hotel,HOT,PT.HOT.CO2,kgCO2/sqm,36.1064314397687,33.6100822895859,30.7822072467677,28.0931561644545,25.5408852569733,23.2092768112085,20.8419443959741,18.6928724678496,16.6756954913081,14.788701819786,12.9743278491348,11.4443929912645,9.97149580468217,8.6070903683816,7.34629511167739,6.18774141712654,5.11313235089222,4.13759777521008,3.31791942216842,2.66730440544748,2.1506667151134,1.8587217010097,1.63733850603883,1.44484389292167,1.27878816145846,1.12606044961056,1.01449689355161,0.90949841336414,0.817443400916407,0.734085959915654,0.65624267005837
Europe,Portugal,PT,Distribution Warehouse Cold,DWC,PT.DWC.CO2,kgCO2/sqm,20.5139543404799,19.3081740004158,17.8732597055402,16.4850226450346,15.1440566631277,13.9044003916039,12.6086388057566,11.4166782509513,10.2769266331506,9.1904722812758,8.12126020927282,7.21319657635503,6.31746046293497,5.47042108378713,4.67084931088128,3.91996086887046,3.20671032829337,2.54409811960388,1.97730464305032,1.52115861773983,1.15393015645392,0.9518922995619,0.799627192206967,0.665649070774003,0.54889987727341,0.439198228410997,0.360995420225909,0.285611594299049,0.218935630996895,0.157595447301817,0.0989401220303483
Europe,Portugal,PT,Distribution Warehouse Warm,DWW,PT.DWW.CO2,kgCO2/sqm,7.83519089393332,7.29510495384015,6.68329328043916,6.10151621546276,5.54933158522445,5.04488734942199,4.53271422135565,4.06776181974789,3.63134493325991,3.22309324660812,2.83055285555426,2.49955095786954,2.18088917867985,1.88569962449482,1.61292616592944,1.36227270216053,1.12978068567826,0.918723467034744,0.741385792197028,0.600625024449964,0.488850294280022,0.425687896749948,0.377791571443083,0.336145300094927,0.300219089280787,0.26717639978937,0.243039588618617,0.22032313372037,0.200407002223107,0.182372593100747,0.16553117234859
Europe,Portugal,PT,Healthcare,HEC,PT.HEC.CO2,kgCO2/sqm,36.8799424859902,34.3381469874158,31.4587901258806,28.7207845324082,26.122049213952,23.7479935449166,21.337563547081,19.1493674958116,17.0954675602093,15.1741209329708,13.3267160573371,11.7689285440952,10.2692170800783,8.87997247222147,7.59622428023474,6.41657897082338,5.32240651218246,4.32911220758126,3.49451150764005,2.83205196319486,2.30600881911427,2.00874890952762,1.78333540581329,1.58733640419719,1.41825760738114,1.26274946844387,1.14915488389835,1.04224489325135,0.948514007792587,0.863639034156433,0.784378597474736
Europe,Portugal,PT,Leisure/Lodging,LEI,PT.LEI.CO2,kgCO2/sqm,33.7588641554048,31.4306709509205,28.7932836858666,26.2853690955159,23.905021065127,21.7304715080065,19.5226043747169,17.5182955388951,15.6369971120775,13.8771127454932,12.1849563624191,10.7580790607659,9.38439733020582,8.11189926449097,6.93603211918804,5.85551946794853,4.85329687208255,3.94347503499043,3.17901082882168,2.57222172620186,2.09038513706599,1.81810575744894,1.61163510005694,1.43210706804011,1.27723697483619,1.13479711587868,1.0307485643908,0.93282286035386,0.846968742389695,0.769226320955199,0.696626613319284
Europe,Romania,RO,Residential Single-Family,RSF,RO.RSF.CO2,kgCO2/sqm,27.0946212054297,25.4407878089986,23.4848368362887,21.5968163030658,19.7829657491334,18.1147911883919,16.3908222568255,14.8148779566055,13.3191905281848,11.9032498293869,10.5197413835077,9.3482354603842,8.19959029504297,7.11844929139008,6.10227349430803,5.15174142037087,4.25238841907761,3.41977588568023,2.70926733466595,2.13835159125335,1.67931807729963,1.42561981306719,1.23410910216016,1.06570981739229,0.918956580581858,0.781184383509005,0.682335601814919,0.587039265065209,0.502453262124711,0.424371064234254,0.349499863210237
Europe,Romania,RO,Residential Multi-Family,RMF,RO.RMF.CO2,kgCO2/sqm,27.0946212054297,25.3628077633879,23.3409495353424,21.3984499322191,19.5408289894599,17.8378005503489,16.0902379487756,14.4980940343179,12.9938878244117,11.5763754404961,10.1989438494506,9.0348336159666,7.89987699110283,6.83673108634818,5.84234161276087,4.91675704617,4.04561222435196,3.24319312722054,2.56122690554982,2.01508565943862,1.57747586518591,1.3348915621212,1.15187526562426,0.991511159205308,0.852231277685439,0.72213259021618,0.628723077493289,0.539167297650409,0.459985469756611,0.387242726540997,0.317885393193674
Europe,Romania,RO,Office,OFF,RO.OFF.CO2,kgCO2/sqm,66.3484969269159,61.5888554443226,56.1997825316214,51.0812317115908,46.2419140217546,41.8405211700514,37.4052548587313,33.3997762489608,29.6608137232855,26.1804261003987,22.8491911124927,20.0489418647938,17.3620501350216,14.879680611309,12.5909178739382,10.4916762437008,8.54745543180153,6.7847147871138,5.30581022531566,4.13424561925444,3.20599276803181,2.68634049440204,2.29502295610603,1.95609070975335,1.66502098934856,1.3977613812919,1.20540308105233,1.02448878749519,0.866723959673934,0.724289348226694,0.591305692536406
Europe,Romania,RO,Retail High Street,RHS,RO.RHS.CO2,kgCO2/sqm,81.7591662026499,75.896558563133,69.2586594391214,62.9539713128181,56.9932238568931,51.5718828900833,46.1088188641203,41.1751385473483,36.5697348951917,32.2828264923136,28.1796343169058,24.7304748177818,21.4209415180313,18.3633249754735,15.5441803070728,12.9584750467858,10.5637140492541,8.39248816851771,6.57087256704385,5.12781774142286,3.98445804156244,3.34438517044058,2.8623864321152,2.44491238832163,2.0863921987826,1.75719971114306,1.52026563855939,1.29742752703676,1.10310337715814,0.927661961190978,0.763861599623414
Europe,Romania,RO,Shopping Center,RSM,RO.RSM.CO2,kgCO2/sqm,73.9963905793298,68.6894204349458,62.680638227671,56.9734864424458,51.5776778310045,46.6701526438411,41.7248587634829,37.2587754515863,33.0898558875191,29.2092457043587,25.494939765687,22.3726795684179,19.3768122865563,16.6089859706771,14.0570299968445,11.7163888585863,9.5485949521391,7.58315028411907,5.93418105302065,4.62789392838699,3.5928978712483,3.01348887338574,2.57717229359594,2.19926498294223,1.87472408594997,1.57673131360702,1.36225302566681,1.1605347327846,0.984627947758195,0.825814257012398,0.677538322150415
Europe,Romania,RO,Retail Warehouse,RWB,RO.RWB.CO2,kgCO2/sqm,61.6324749826148,57.2087933077517,52.2001086882059,47.4428513302237,42.9451174018049,38.8543973395568,34.7321947794946,31.0094433096835,27.5343958574083,24.2996717705016,21.2035723637385,18.6009790114035,16.1037418243585,13.7965906213853,11.6693804488451,9.71831401563738,7.91132623957489,6.27300883353514,4.89849290984138,3.80962331793938,2.94689129440142,2.46391873258896,2.10022238496628,1.78521370780146,1.51468917502496,1.2662941152468,1.0875134463898,0.919369007768452,0.77274002734563,0.64035917831956,0.51676218831835
Europe,Romania,RO,Hotel,HOT,RO.HOT.CO2,kgCO2/sqm,73.7320127325133,68.4429376977504,62.4544171112051,56.7665098485685,51.3888959101645,46.4979189037527,41.5693005602243,37.1182768865523,32.9634149241995,29.0958901631793,25.3941088685381,22.2823769363573,19.2966117225232,16.5381185202639,13.9947677450017,11.6620192514378,9.50153514861421,7.5427179623458,5.89930905745036,4.59742673455026,3.56592068534378,2.9884654553092,2.55362013554394,2.17698712878996,1.85354058408726,1.55655264372609,1.34279757682718,1.14175947826782,0.966445851129154,0.808167680336908,0.660391732103139
Europe,Romania,RO,Distribution Warehouse Cold,DWC,RO.DWC.CO2,kgCO2/sqm,51.9901536611113,48.7539220637888,44.9360185919001,41.2540151619174,37.7197548994581,34.4712945721528,31.1186769272456,28.0558646623563,25.1515081462855,22.4043525859168,19.7228727410608,17.4531039978143,15.229954482199,13.1393037289784,11.1760404820797,9.34125314801205,7.60691971711009,6.00276453566359,4.63486511191565,3.53638042111935,2.65370930889683,2.16561274922061,1.79719827626787,1.47344845092923,1.19148370461316,0.92701238833572,0.737235561678904,0.554458544147868,0.392335422052543,0.242804735502731,0.0995656660916396
Europe,Romania,RO,Distribution Warehouse Warm,DWW,RO.DWW.CO2,kgCO2/sqm,19.8573503566745,18.4320915152479,16.818351521593,15.2856184705388,13.8365008533537,12.5185183751726,11.1903926019587,9.99096532921171,8.87134541309616,7.82915489323199,6.83162763477228,5.9931022935093,5.18852148467766,4.44518417150013,3.75982176777806,3.1312108304357,2.54902036252359,2.021173528225,1.57832046669979,1.2274993346465,0.949537099859941,0.793928951606156,0.676750213816483,0.575258077796288,0.488098216282422,0.408068213869005,0.350467159432263,0.296292974806017,0.249050820845322,0.206399249286255,0.16657773505436
Europe,Romania,RO,Healthcare,HEC,RO.HEC.CO2,kgCO2/sqm,86.6107225105586,80.3987932123451,73.3653769268862,66.6850259131333,60.3691091679759,54.6247392803629,48.8361602780518,43.6085081491263,38.7286929481062,34.1863504370542,29.8386708279312,26.1839942293476,22.6772634139407,19.4374597376056,16.450337208119,13.7105635015086,11.173111412354,8.87251371062937,6.94235770827223,5.41331890823716,4.20183247512071,3.52362106040607,3.01290257668505,2.5705534714158,2.19067096753019,1.84186364756969,1.59081193172455,1.35469608041029,1.14879318630481,0.962898147956945,0.78933779262616
Europe,Romania,RO,Leisure/Lodging,LEI,RO.LEI.CO2,kgCO2/sqm,80.8882912959713,75.0841715744378,68.5124950127089,62.2707051911731,56.3694247386292,51.0021694219813,45.5936072935245,40.7091475126414,36.1496893659067,31.9055490216276,27.843292072007,24.4285428848637,21.1520269255359,18.1249144925079,15.3338948347317,12.7739856922291,10.4031158696533,8.25355108054106,6.45010870682648,5.02145042238242,3.88949737506688,3.2558101486771,2.77862003893625,2.36531089737305,2.01036746083039,1.68445914030584,1.44988882485156,1.22927384303361,1.03688835520423,0.863197218938338,0.701031000861536
Europe,Slovakia,SK,Residential Single-Family,RSF,SK.RSF.CO2,kgCO2/sqm,25.1408784790244,23.5938051412893,21.7571316982447,19.9952289509922,18.3187205877325,16.753099335251,15.1366776789714,13.6585798525429,12.257209480079,10.9327128733558,9.64233523775298,8.54989531336289,7.48293174637725,6.48216395544373,5.54523927429354,4.67265591782248,3.8513114011136,3.09497747883356,2.45242198316688,1.93805954058043,1.52619757285663,1.2973922985156,1.12467307570034,0.973507947853311,0.842400370757573,0.720261489232359,0.632520801998561,0.548685837250961,0.474748858872069,0.407031198820646,0.342683351233259
Europe,Slovakia,SK,Residential Multi-Family,RMF,SK.RMF.CO2,kgCO2/sqm,19.6754701140191,18.5593667709522,17.2021966205042,15.8899448164531,14.6319282781027,13.4495798890365,12.2137210539584,11.0770379184646,9.990959220117,8.95649021814709,7.93932105698919,7.07538510311542,6.22366452428663,5.41846782474609,4.65860511568346,3.9452596493337,3.26808765077322,2.63944702679129,2.1019298195181,1.66937870862339,1.32117540346006,1.12870450227517,0.983312923553391,0.855379376241992,0.743856216458795,0.639159424049503,0.564078804470406,0.491736139281665,0.427575869992324,0.368396370405992,0.311685477777091
Europe,Slovakia,SK,Office,OFF,SK.OFF.CO2,kgCO2/sqm,42.6024502846746,39.8858180883315,36.6938597031307,33.6425197489106,30.7487457636236,28.0541599927247,25.2877900961448,22.7649497788399,20.3817478190526,18.1375116111673,15.9607446965467,14.1207716390367,12.3319029042437,10.6605452160233,9.10204312586295,7.65642035862431,6.30158999805105,5.0592321294562,4.00732705601456,3.16762890688132,2.49717395122307,2.12370860153392,1.84189276776658,1.59595399109377,1.38323130037951,1.18588957912011,1.04399102204184,0.909033231179937,0.790379891363018,0.682137212857644,0.579773091927619
Europe,Slovakia,SK,Retail High Street,RHS,SK.RHS.CO2,kgCO2/sqm,51.8864857255776,48.5806078399672,44.6963040863607,40.9831193240972,37.4616770630534,34.182627538835,30.8162236963007,27.7461717308079,24.8460461023147,22.1150283150261,19.4661141135161,17.227045369087,15.0501656285861,13.0162854338839,11.1197395556917,9.36055686486509,7.71185972662099,6.20003070194464,4.9199642561692,3.89813305445397,3.08225440360382,2.62778329697369,2.28484076175658,1.98555712516009,1.72669424341024,1.4865485096234,1.3138717289843,1.14964118761702,1.00525158173567,0.873530740897578,0.748963534443188
Europe,Slovakia,SK,Shopping Center,RSM,SK.RSM.CO2,kgCO2/sqm,43.182480897467,40.4338175086163,37.2042234678968,34.1169058581032,31.1890120417544,28.4626550227372,25.6636674877358,23.1110809339038,20.6997791817113,18.4290816950029,16.2266490166546,14.3649812552043,12.55502037592,10.8639560892383,9.28707805531177,7.82441027873651,6.45360542144886,5.19659919371805,4.13229134674214,3.28269250766662,2.60433237007712,2.22646357536994,1.94132491518714,1.6924863303212,1.47725547473052,1.27758694210815,1.13401529140888,0.997466243922198,0.877413889555402,0.767894946240455,0.664323873236536
Europe,Slovakia,SK,Retail Warehouse,RWB,SK.RWB.CO2,kgCO2/sqm,38.1070259498469,35.6762836022233,32.8202369024882,30.0900103912574,27.5007681007636,25.0897520819425,22.6145062735995,20.3571617556997,18.2247604926974,16.2167006618818,14.2690098675972,12.6226698016152,11.022055999771,9.52658675065716,8.13209653055587,6.83860656759878,5.62635430329715,4.51473827880843,3.57353239486999,2.82220144433979,2.22230306461566,1.88814003655412,1.63598161691554,1.41592466544965,1.22558824327383,1.0490141455863,0.922048547438292,0.801293291047175,0.695126656429428,0.598275097790978,0.506683455773033
Europe,Slovakia,SK,Hotel,HOT,SK.HOT.CO2,kgCO2/sqm,45.0007840787898,42.1334863291825,38.764500602279,35.5439320631152,32.489668167158,29.6456395469338,26.7258456235155,24.0630875312849,21.5477121980483,19.1790097152025,16.8815184007312,14.9394996709825,13.051419530977,11.2873676491382,9.64243038383944,8.11663277573329,6.68666295898717,5.37540340547672,4.26515923847474,3.37889108020136,2.67125241341395,2.2770745198583,1.97962906255549,1.72005041887882,1.49553003912463,1.28724366379845,1.13747535363459,0.995032747472732,0.869798844002688,0.75555298145725,0.647511703739093
Europe,Slovakia,SK,Distribution Warehouse Cold,DWC,SK.DWC.CO2,kgCO2/sqm,35.3988189686118,33.2549135576852,30.6892642290838,28.2214975177475,25.8673856039444,23.6641884447699,21.3798796446106,19.2868666115571,17.2971636920653,15.411545291087,13.5685608438851,12.0065050550543,10.4758374850775,9.03612022251476,7.68441536984742,6.42193678066381,5.22996099009387,4.12911187228695,3.19167879103507,2.43982520770773,1.83662339247783,1.50213742967069,1.24957888021417,1.02810206729311,0.835653443750646,0.655859722495602,0.526784374298094,0.403070834778077,0.293735610435272,0.193332859385478,0.0976237753304374
Europe,Slovakia,SK,Distribution Warehouse Warm,DWW,SK.DWW.CO2,kgCO2/sqm,13.5203822449559,12.6568912995829,11.6423162800648,10.6724373154884,9.75264123944439,8.89615782669742,8.01685758117108,7.2149640552285,6.45745506448556,5.74411681891968,5.05222392171679,4.4673821175782,3.89878399927793,3.36753717381492,2.8721618907678,2.41266569116596,1.98202817223856,1.58714042413315,1.25278875608936,0.985887793346197,0.772781365368689,0.654074111474973,0.564497973399152,0.48632548208474,0.418710838647028,0.355985089581253,0.310882142129067,0.267985341239468,0.230270966541231,0.195865656570257,0.163328866469216
Europe,Slovakia,SK,Healthcare,HEC,SK.HEC.CO2,kgCO2/sqm,60.6506510042952,56.7798125891636,52.2316977749577,47.8839454629884,43.7607036336249,39.921278433223,35.9795704314701,32.3848595874288,28.9891147717044,25.7913776110371,22.689775191231,20.0680590813341,17.5191598127524,15.1376981067114,12.9170405702307,10.8572210080725,8.92676851150225,7.15657430944154,5.65774992944973,4.46129210304422,3.50598324619168,2.97384495222488,2.57229499017723,2.22186504761929,1.91876359572038,1.63757797310008,1.4353914619744,1.24309461664039,1.07402943863607,0.919798063965865,0.773942849498299
Europe,Slovakia,SK,Leisure/Lodging,LEI,SK.LEI.CO2,kgCO2/sqm,59.5562864357521,55.7505977919264,51.2790319338485,47.0044562927812,42.9506124163707,39.1758082739738,35.3004428438624,31.7662342900961,28.4276429833616,25.2837266807026,22.2343270827818,19.6567368667277,17.1507379175653,14.8093584027405,12.6260765753787,10.6009256712769,8.7029644660447,6.962564260804,5.48896647389404,4.31264613332692,3.37341600332258,2.85023408635656,2.45544257955546,2.11091069529081,1.81291071964999,1.53645770972067,1.33767418356835,1.14861387103493,0.982394215499261,0.830758696741992,0.687358359705935
Europe,Slovenia,SI,Residential Single-Family,RSF,SI.RSF.CO2,kgCO2/sqm,26.5612907720061,24.8674654931541,22.8878913335265,20.9852951300431,19.1656181394165,17.4975489934587,15.7860414582149,14.2271565328778,12.7546618645361,11.3671923900956,10.0188250049917,8.87940845374578,7.76805943642395,6.7265225645688,5.7517339695567,4.84373837315714,3.98846798633832,3.20008065756204,2.5296277148268,1.99242808153012,1.56179511819972,1.32292451563778,1.1426014520937,0.984561832315231,0.847304900331518,0.719166289338756,0.62717746134518,0.539094697530561,0.461320900599502,0.389983997022343,0.322065307934346
Europe,Slovenia,SI,Residential Multi-Family,RMF,SI.RMF.CO2,kgCO2/sqm,26.5612907720061,24.7912427712817,22.7476614085204,20.7925455702154,18.9310375041231,17.229996516067,15.4965479676373,13.9229397541309,12.4431469882031,11.0550386405588,9.71330282164323,8.58172414759687,7.48411954734174,6.46031516665192,5.50673363742473,4.62280282194558,3.79452515898508,3.03484203120293,2.39140319647996,1.87757395508607,1.4670800836533,1.23873192351944,1.06646515192973,0.916012996912119,0.785782215457285,0.664802607783273,0.577898826592853,0.495132521012764,0.422329651664467,0.355864193018885,0.292932466715062
Europe,Slovenia,SI,Office,OFF,SI.OFF.CO2,kgCO2/sqm,44.1385895766697,41.3106574117375,38.0103135853747,34.8399801955824,31.8093782468297,29.0322723825565,26.1850578708275,23.5927199958289,21.1452729440399,18.8403066927716,16.6016479645735,14.7103200885869,12.8667157111081,11.1398238240584,9.52445930423493,8.02058176606597,6.60483502449146,5.30051177962734,4.19178551253961,3.3037406462412,2.59212232847385,2.1972695447156,1.89921675549182,1.63809379609805,1.41139043515836,1.19985901648748,1.04799362194279,0.902659954272113,0.774387181861547,0.656788804455554,0.544890198813936
Europe,Slovenia,SI,Retail High Street,RHS,SI.RHS.CO2,kgCO2/sqm,53.9438026071468,50.4901193406425,46.4594914535366,42.587642081284,38.8864432450336,35.4948328762675,32.0176005588714,28.8516427431108,25.8626364885631,23.0476384944182,20.3136202301658,18.003788503023,15.7522402984694,13.6432301576592,11.6704256184977,9.83377735909006,8.10476105112604,6.51182349033144,5.15776365705167,4.07321653365442,3.20413476900399,2.72191087802492,2.35790641446603,2.03900343421016,1.76213625406815,1.50379818992966,1.3183287580939,1.14083636194729,0.984180013143709,0.840560037653646,0.703901051755064
Europe,Slovenia,SI,Shopping Center,RSM,SI.RSM.CO2,kgCO2/sqm,46.0604670694774,43.1130171436674,39.6731898780818,36.3688677198591,33.2101825152496,30.3157069775682,27.3481597692491,24.6462611268104,22.0953768726995,19.6929951287025,17.3597232828768,15.3884616391616,13.4669404467489,11.6670644003981,9.98342923646062,8.41599286253699,6.9404119839838,5.58096372741675,4.42537902344291,3.49980244570704,2.75810878561224,2.34656821804632,2.03591873275142,1.76375985396485,1.52747525963527,1.30700382400488,1.1487200959033,0.997244147043723,0.863550143271882,0.740981669721182,0.624353859129928
Europe,Slovenia,SI,Retail Warehouse,RWB,SI.RWB.CO2,kgCO2/sqm,39.9286101685766,37.3693241560354,34.3825043531675,31.5133443357516,28.7706416382813,26.2573535608953,23.6806169740236,21.3345444106375,19.1195984215674,17.0335979299709,15.0076059203401,13.2959492412423,11.62748245323,10.064640774599,8.60273165527665,7.24171854621471,5.96046403878942,4.78004808758393,3.77664791332176,2.9729649844984,2.32894854396482,1.97160574097378,1.70186718645028,1.465550224602,1.26038308946214,1.06894660179435,0.931508022161169,0.799980672448458,0.683893477610068,0.577466638195443,0.476198107149077
Europe,Slovenia,SI,Hotel,HOT,SI.HOT.CO2,kgCO2/sqm,47.337942452719,44.3065974476025,40.7688602637789,37.3704851524965,34.1218923489744,31.1450295745641,28.0930152456308,25.3142108010272,22.6907191601287,20.2199569475877,17.8202717507378,15.7929008749421,13.8166862434942,11.965579218687,10.2340217119932,8.62197043291155,7.10438918863704,5.70624612056566,4.51776929871858,3.5658474658137,2.80304252308443,2.37978802333211,2.0602963307525,1.78039082647797,1.53738071847416,1.31063386882738,1.1478448136613,0.99205731174316,0.85455789334798,0.728500677980512,0.608553218314575
Europe,Slovenia,SI,Distribution Warehouse Cold,DWC,SI.DWC.CO2,kgCO2/sqm,36.0603368718513,33.7194630128784,30.990087099581,28.3691443142507,25.8645731425351,23.5700448860427,21.2188011823593,19.0785718894739,17.0586378298281,15.1569325370232,13.3106740010239,11.751092972054,10.2314873724565,8.80857866192099,7.47803662400281,6.23976500067996,5.07450166952028,4.00133942417348,3.08937588727809,2.35910684390395,1.77406329578611,1.44937601343693,1.20429890499958,0.989641759116128,0.803324151523921,0.629537234199592,0.50476428943901,0.38540375234361,0.28008351669449,0.183559705452389,0.0917500985979011
Europe,Slovenia,SI,Distribution Warehouse Warm,DWW,SI.DWW.CO2,kgCO2/sqm,13.7730453329988,12.8895427773046,11.8584493722296,10.8679738272296,9.92115317848217,9.05352977543721,8.16400302903364,7.35410484046127,6.5894734422984,5.86935589526623,5.16995414432729,4.57906549685157,4.00308662458941,3.46357106812183,2.95889889127844,2.4890574767991,2.04674988544045,1.63925322247985,1.29286496653639,1.01542199294775,0.793098200947831,0.669738295820211,0.576620644599144,0.495040610666345,0.424213947545349,0.358127302567488,0.310681516609268,0.265276372734987,0.225201393689855,0.188461309089495,0.153501947161039
Europe,Slovenia,SI,Healthcare,HEC,SI.HEC.CO2,kgCO2/sqm,61.3009512731354,57.3715311916957,52.7856937137744,48.3805061208085,44.1694757771707,40.3106789903599,36.3544660311914,32.7524049102733,29.351670015421,26.1489126130025,23.0382897094002,20.4102840490641,17.8485903306191,15.4490689617567,13.2045151984978,11.1148729249715,9.14768865317017,7.33532765858441,5.79474924134412,4.56080828118817,3.57201253041656,3.02336342314591,2.6092181936994,2.24638707169071,1.93138208322146,1.63745855326977,1.42644113976899,1.2244995800187,1.04626418453704,0.882860892388088,0.727377449911732
Europe,Slovenia,SI,Leisure/Lodging,LEI,SI.LEI.CO2,kgCO2/sqm,59.3801792494375,55.5700812273705,51.1234987948434,46.8520805735969,42.7689237589455,39.0273044613723,35.1912271628919,31.69854741175,28.4010803484414,25.295578928078,22.279414220112,19.7312114418641,17.247306955324,14.9206502395929,12.7442553323112,10.7180678216409,8.81061971283871,7.05329346682109,5.55949675923778,4.36302605511415,3.40425640051849,2.87226775204219,2.47069859250745,2.11888531938875,1.81344587574744,1.52844772413786,1.32383813464687,1.12802879855374,0.955205757567447,0.796764423397891,0.646002442147395
Europe,Spain,ES,Residential Single-Family,RSF,ES.RSF.CO2,kgCO2/sqm,16.4036514926824,15.3514201532645,14.1266128613498,12.9509046875706,11.8278066397311,10.7990024575308,9.74583050911405,8.7874505874443,7.88353856624436,7.03320731205542,6.20865327182703,5.51230242592526,4.83480534920294,4.20126143095901,3.60970407073085,3.06001985824832,2.54363840163713,2.06887999958722,1.66598185089276,1.3437081120057,1.08580830954412,0.942468930376635,0.83426052736711,0.73957775168688,0.657467078187064,0.58099823541916,0.526029685738762,0.473536412330056,0.427259193264648,0.384908213414074,0.344710639677567
Europe,Spain,ES,Residential Multi-Family,RMF,ES.RMF.CO2,kgCO2/sqm,16.4036514926824,15.3043656181327,14.0400616874881,12.8319508600248,11.683038316816,10.633876481204,9.56710587443419,8.59955008146958,7.69099410151347,6.84006885196912,6.01932155854557,5.3275011599972,4.65808243586505,4.03499321989328,3.45594544752121,2.92044436469007,2.41995170662853,1.9620517893589,1.57494887494753,1.2662496467136,1.01995948574462,0.882489013683389,0.778670269005204,0.688085613860481,0.609728489810366,0.537079042427416,0.48469844163314,0.434920392840682,0.391146869841377,0.351232491073455,0.313529385177559
Europe,Spain,ES,Office,OFF,ES.OFF.CO2,kgCO2/sqm,22.59956110994,21.267312964757,19.6791208301231,18.1410871968804,16.6592821455985,15.2938243761772,13.8782755318219,12.5822939691005,11.3501370339296,10.1817656173266,9.03806967317501,8.06897296298555,7.11711738922942,6.2199046739955,5.37541727249465,4.58443390831864,3.83508527461084,3.14062190012789,2.54762516080747,2.07098936721898,1.68773108514181,1.4761487996234,1.31652321948854,1.1762198838584,1.05405699285153,0.939494344741124,0.857528833047706,0.778656659801378,0.708854604167477,0.644618461605487,0.583202985108468
Europe,Spain,ES,Retail High Street,RHS,ES.RHS.CO2,kgCO2/sqm,26.1950832488474,24.6555623771451,22.820277450397,21.0429547434233,19.3306087270366,17.7527114388678,16.1169298476689,14.6193179557965,13.1954606017688,11.8453125919822,10.5236790935464,9.40380918235218,8.30386280378729,7.2670606836615,6.29118694332187,5.37714146108847,4.51120828944471,3.70869948992785,3.02344362349177,2.4726522749858,2.02976622057921,1.78526571531234,1.60080540049504,1.43867350760927,1.29750437096413,1.16511793190533,1.07040012991924,0.979256931598201,0.898594990409039,0.824364913565321,0.753394345316025
Europe,Spain,ES,Shopping Center,RSM,ES.RSM.CO2,kgCO2/sqm,23.8637967912823,22.4601941275206,20.7869392471911,19.1665293315309,17.6053595714715,16.1667685932492,14.6754036881406,13.3100100261574,12.0118594056205,10.7809106228908,9.57595891809856,8.55495789153848,7.55212142772266,6.60685446554558,5.71713675751534,4.88378873525473,4.09430537799776,3.3626469059379,2.7378895693099,2.23572541021994,1.83194001365004,1.6090254908322,1.44085044754774,1.29303253814613,1.16432666615821,1.04362810212811,0.957272560207901,0.874176034335079,0.800635416862254,0.732958819874085,0.668253962360047
Europe,Spain,ES,Retail Warehouse,RWB,ES.RWB.CO2,kgCO2/sqm,22.0899807965369,20.7841192970246,19.2273830614026,17.7198118826635,16.267355616728,14.9289422462578,13.5414299099064,12.2711166931421,11.0633639867003,9.9181334561952,8.79708967316125,7.84718699345694,6.91418397044011,6.03474154379225,5.20698014781625,4.43166308262321,3.69715612608568,3.01644736560616,2.4351955815337,1.96800008616958,1.59233265758777,1.38494099287703,1.22847697362573,1.09095250048984,0.971209180439599,0.858915572082578,0.778573477859917,0.701263455100536,0.632843906258451,0.569880031433643,0.509680956267626
Europe,Spain,ES,Hotel,HOT,ES.HOT.CO2,kgCO2/sqm,29.4188739310717,27.678100529983,25.6028995745265,23.5932378997033,21.6570469369332,19.8728803956528,18.0232626760821,16.3298767698275,14.7198868993459,13.1932419631389,11.6988390730237,10.4325751399268,9.18883922596534,8.01650204880736,6.91305806098687,5.87952477663606,4.90039324290702,3.99297717728799,3.21814183263115,2.59534876327267,2.09456681390449,1.8181041923548,1.60953046302607,1.42620401920097,1.2665806697268,1.11688812835608,1.00978842393658,0.906730610142884,0.815524206720106,0.731590467525374,0.651342333356261
Europe,Spain,ES,Distribution Warehouse Cold,DWC,ES.DWC.CO2,kgCO2/sqm,14.4332804835243,13.4865167748803,12.3870149876492,11.3325055579116,10.3260373518459,9.40461794046552,8.46257838700621,7.60586019647379,6.79849903978084,6.03962315512652,5.30448089687089,4.68385869525168,4.08065029314,3.51705783676875,2.9912730098473,2.50313119791596,2.0449901154456,1.62415183551227,1.26725989008965,0.981942329319683,0.75374089571094,0.626810655949185,0.530982893007765,0.447175988513889,0.374530263145022,0.306929869096291,0.258310075978688,0.211920214211198,0.17104195587388,0.133656045830951,0.0982013101038801
Europe,Spain,ES,Distribution Warehouse Warm,DWW,ES.DWW.CO2,kgCO2/sqm,5.51271129579053,5.1890693243945,4.80325108530214,4.42961781064843,4.06964410022857,3.73793454150158,3.39405639819097,3.07922463853073,2.77989774435574,2.49606621495233,2.21822907824381,1.98280719314444,1.75157368346489,1.53361451949848,1.3284638736304,1.13631092055707,0.954272259101244,0.785566829566473,0.641510608179342,0.525721857838314,0.432617231336266,0.381217716729886,0.342440002813097,0.30835622622766,0.278679293278002,0.250848681228092,0.230936865334891,0.211776511665024,0.194819554378551,0.17921471988221,0.164295107526516
Europe,Spain,ES,Healthcare,HEC,ES.HEC.CO2,kgCO2/sqm,34.2985173512161,32.2701640635709,29.8521349979314,27.510472457228,25.2544181641262,23.175503086811,21.0203241416183,19.0471868751278,17.171222866932,15.3923725734443,13.6510907883849,12.1756370560857,10.7264330250105,9.36042297107135,8.07468742442972,6.87041199496108,5.72952561409481,4.67220226643261,3.7693622886759,3.0436823300059,2.46017001716895,2.13803511610681,1.89500451296468,1.68139210665587,1.49539860199388,1.32097649844188,1.19618366932968,1.07610046074249,0.969826543573727,0.872026751979076,0.778521436084708
Europe,Spain,ES,Leisure/Lodging,LEI,ES.LEI.CO2,kgCO2/sqm,33.3682473577151,31.3909159524048,29.0337108049757,26.750951233172,24.5516464902521,22.525025143573,20.4240582960568,18.5005539894923,16.6717786123273,14.9376741187545,13.240193122685,11.8018534509287,10.3891031865633,9.05745420998912,7.80406048869622,6.63007780932956,5.51788966906891,4.48716258930686,3.60703295268892,2.89960699231871,2.33077254489499,2.0167407337226,1.77982340429508,1.57158427646115,1.39026931511196,1.22023468394864,1.09858093572634,0.981518340646793,0.877917673414363,0.782577970744809,0.691424719086148
Europe,Sweden,SE,Residential Single-Family,RSF,SE.RSF.CO2,kgCO2/sqm,3.89998430716783,3.69993518832353,3.45313068816275,3.21125739148723,2.97617129176381,2.75855346443171,2.53073444982516,2.32150865519114,2.12162830786074,1.93117830004095,1.74351275646981,1.58447076051023,1.42711684541812,1.27794483726616,1.13670477140843,1.00362745636906,0.876730348183346,0.75844517142347,0.657162968926251,0.57576358213565,0.510391418804201,0.475322388782648,0.449336175206343,0.426637441946664,0.407054486319071,0.388700653010128,0.376174884329802,0.364110019932063,0.353609665494096,0.344031714187863,0.334862232029191
Europe,Sweden,SE,Residential Multi-Family,RMF,SE.RMF.CO2,kgCO2/sqm,3.80166537505435,3.59856518173144,3.35097125066111,3.10923413262377,2.87511381579209,2.65886024653011,2.43374929946647,2.22747526377148,2.03106283505505,1.84453140356092,1.66148556495586,1.50647374316007,1.3537575382319,1.20947138357189,1.07332541843722,0.945484921551876,0.824032891476523,0.711208953143799,0.61480685367318,0.53740347327153,0.475278709667413,0.44159082044711,0.416474064992639,0.394510339413673,0.375519798601565,0.357745723721337,0.345402814645938,0.333536679708004,0.323152844601205,0.313655712831563,0.304571828202057
Europe,Sweden,SE,Office,OFF,SE.OFF.CO2,kgCO2/sqm,14.2269916045353,13.3048802868028,12.232466219817,11.201424766889,10.2175857999418,9.3171604581568,8.40258344429285,7.57283610030814,6.79435658122662,6.06607186441173,5.36506118561686,4.77349457717898,4.20246313315133,3.67184979805918,3.17971134611438,2.72559794781465,2.30247090909095,1.91651480241177,1.5905079744184,1.3301204077606,1.12183938208114,1.00219416934359,0.910161509266909,0.829235636569525,0.758504009815216,0.692749519565128,0.643209577763195,0.59598793810283,0.553652475722056,0.514477741100067,0.477153987048055
Europe,Sweden,SE,Retail High Street,RHS,SE.RHS.CO2,kgCO2/sqm,16.1252210842584,15.0928900983846,13.8922907241587,12.7380092191932,11.6365722981204,10.6285194058987,9.60462329680273,8.67569652064274,7.80416559594683,6.98882924202906,6.20402698309149,5.54175060891099,4.9024639607137,4.30842658496558,3.75746298272731,3.24906955652142,2.77536627944896,2.34327696392913,1.97830264502417,1.68679103657961,1.453614247136,1.31966788074268,1.21663458651614,1.12603567037897,1.04684951511163,0.973235411868196,0.917773976814696,0.864907949809372,0.817512143276559,0.773654865271222,0.731869814945875
Europe,Sweden,SE,Shopping Center,RSM,SE.RSM.CO2,kgCO2/sqm,9.62869756880613,9.02649907747692,8.32614314343731,7.65280620947806,7.01029556004432,6.4222594173898,5.82498131510214,5.28310248862735,4.77470487664015,4.29908772577109,3.84128229050758,3.45495093086434,3.08203036532937,2.7355054461283,2.41410712079919,2.11754162150465,1.84121222454357,1.58915785682035,1.37625425591522,1.20620428820871,1.07018327097937,0.992047187819161,0.931943892278361,0.879094049194663,0.83290170982999,0.789959763380298,0.757606968614672,0.726768175494239,0.699120373016206,0.673536730744474,0.649161898824902
Europe,Sweden,SE,Retail Warehouse,RWB,SE.RWB.CO2,kgCO2/sqm,3.57784931430302,3.37111085799308,3.1306743461857,2.89951362375355,2.67893575492921,2.47705932026974,2.27201006386571,2.08597972053959,1.91144368465232,1.74816138325005,1.59099395367418,1.45836401509616,1.33033808485054,1.21137394279427,1.10103591538992,0.999223150327009,0.904357564007295,0.817825744948334,0.744734625611913,0.68635542286499,0.639658568700453,0.61283396942424,0.592200137360299,0.574056460262687,0.558198345253931,0.543456110180644,0.532349196192211,0.521762048306623,0.512270387189946,0.503487365003409,0.495119334866462
Europe,Sweden,SE,Hotel,HOT,SE.HOT.CO2,kgCO2/sqm,8.94755099016062,8.38993077786297,7.74141931487163,7.11792674644382,6.52297851940669,5.97847227532438,5.42540821589235,4.92364245159839,4.45287942510495,4.01247025693415,3.58855427627604,3.23082143920765,2.88550665028354,2.56463354649209,2.26702701810882,1.99241504372184,1.73654117619121,1.50314535726423,1.30600213481342,1.14854026724147,1.02258832681572,0.950236336720683,0.894582241099697,0.845644654665065,0.802871744314194,0.763108613651249,0.733150763298934,0.704594839273182,0.678993689968847,0.655303899575282,0.63273343627221
Europe,Sweden,SE,Distribution Warehouse Cold,DWC,SE.DWC.CO2,kgCO2/sqm,13.603740620437,12.8433323532036,11.9062485303324,10.9882079647964,10.0962217474583,9.2706807816419,8.40689157883322,7.61376317553923,6.85628928881724,6.13476910006391,5.42406471602488,4.82180048431836,4.2261575381277,3.66165830619343,3.12733994955766,2.62405550042558,2.14430279636846,1.69724444295351,1.31452050473451,1.00695551536296,0.759962317185834,0.62733531578327,0.529004296378913,0.443104394432313,0.368981005971892,0.299518594693403,0.252038357008714,0.20631317673624,0.166497545272082,0.130170556245299,0.0953956916454182
Europe,Sweden,SE,Distribution Warehouse Warm,DWW,SE.DWW.CO2,kgCO2/sqm,5.19587315363913,4.8581234644374,4.46532108705124,4.08767261491572,3.72731340565224,3.39750682645845,3.06251679191122,2.75859805438186,2.47345762657944,2.20670248322053,1.94993723770518,1.73325901860108,1.52410239180788,1.32975005541713,1.14949024730923,0.983158204541083,0.828175803746779,0.68680832178489,0.567398980727062,0.472024574167416,0.395735681126996,0.351912194049588,0.31820259550161,0.288561176047902,0.262653691242547,0.238569225280023,0.220423802243877,0.203127523787927,0.187620947752747,0.173272078816106,0.159601184545002
Europe,Sweden,SE,Healthcare,HEC,SE.HEC.CO2,kgCO2/sqm,17.553889176508,16.4269008441805,15.1162151192847,13.8560942800207,12.653663493936,11.5531793823007,10.4353993444478,9.42129664614236,8.46985258717753,7.57975573804533,6.72299274138075,5.99999037422245,5.30208572601381,4.65357938396312,4.05209637148326,3.49708691482039,2.97994844513267,2.50823963877338,2.10979979280001,1.79155866088536,1.53700123243608,1.39077294504706,1.27829223680183,1.17938604992448,1.09293909222455,1.01257510375055,0.952028252929707,0.894314790458092,0.842573128438209,0.794694452629769,0.749078012915401
Europe,Sweden,SE,Leisure/Lodging,LEI,SE.LEI.CO2,kgCO2/sqm,22.8043249964287,21.3073727418127,19.5664195352043,17.8926304840532,16.2954697818374,14.8337224639399,13.3490013715991,12.001992465566,10.7382115653086,9.55591672967065,8.4178984709724,7.4575513293342,6.53054090103164,5.66914508794398,4.87020926419377,4.13300317815663,3.44610023875447,2.81954045907739,2.29030212656788,1.86758987102276,1.52946718996589,1.33523557441441,1.18583007927432,1.05445530351621,0.939629830597295,0.83288422349094,0.752461257035752,0.675801814084684,0.60707457406235,0.543478448314133,0.482887197882151
Europe,United Kingdom,UK,Residential Single-Family,RSF,UK.RSF.CO2,kgCO2/sqm,32.3146751391821,30.129972282025,27.6182047333225,25.2135963108902,22.9243668516197,20.8324192443025,18.7054750920337,16.7767471512625,14.9662497285412,13.2713034381471,11.6373673870591,10.2607884815159,8.92961525323703,7.69122419840643,6.5409187113365,5.47763533348358,4.48440289955472,3.57610285019882,2.80863186450154,2.19697133644059,1.70936149345215,1.43768541191127,1.23282136703407,1.05426973278176,0.90002059646681,0.757147087969444,0.654468280636135,0.556987195632301,0.471429140827867,0.393538236703748,0.320047155521819
Europe,United Kingdom,UK,Residential Multi-Family,RMF,UK.RMF.CO2,kgCO2/sqm,27.2968684405513,25.5164953160685,23.4489924132709,21.4618517539935,19.5627821172601,17.8226008360648,16.0433651606497,14.4253744995344,12.9009654306354,11.4685886750906,10.0817428972822,8.91134787408019,7.7745368643669,6.71295459953378,5.72309300459413,4.80459016630978,3.94308752013027,3.15215631509654,2.48173795501109,1.94601539644608,1.51779810297263,1.27967476733497,1.09999066740182,0.942955419840824,0.806937550864915,0.680476734726341,0.589609781223958,0.502992901152587,0.426747675803639,0.357089689715993,0.291096868934598
Europe,United Kingdom,UK,Office,OFF,UK.OFF.CO2,kgCO2/sqm,48.0735133794737,45.3472184534144,42.0447870923242,38.8192726937549,35.6891726481699,32.7899109541162,29.7610497580022,26.97720440908,24.3183248125208,21.7862404354771,19.2961320255724,17.1820205354912,15.0966894284414,13.1240260342539,11.2607739573747,9.50972293712865,7.84538547966171,6.2981099017133,4.97345450634583,3.90621737034388,3.04609141098319,2.57063033846211,2.21110756568384,1.89425820139882,1.61762674763092,1.35752983085352,1.17074119071456,0.990555515888335,0.830593240133399,0.682964469907319,0.541475762542137
Europe,United Kingdom,UK,Retail High Street,RHS,UK.RHS.CO2,kgCO2/sqm,57.0463368347455,53.8144509371804,49.8995841919996,46.0758986481185,42.3653220341949,38.9283927083177,35.3378296728092,32.0377206353806,28.885752229723,25.8840931973889,22.932194568794,20.4260214305305,17.9539659928711,15.6154724779626,13.4066805922003,11.3308974316343,9.35790885062566,7.52369125654953,5.95337872341142,4.6882226259425,3.66858644072405,3.10495118599274,2.67875497072299,2.30314594093785,1.97521322694212,1.66688137725919,1.44545281275569,1.23185173245882,1.04222447745671,0.867217974672289,0.699490208454706
Europe,United Kingdom,UK,Shopping Center,RSM,UK.RSM.CO2,kgCO2/sqm,48.3012085239304,45.5663829246744,42.253618139116,39.0180109919733,35.8781167526983,32.9697831663164,29.9314445564511,27.1388884570247,24.4716891322178,21.9316817736505,19.4337817265071,17.3130551068407,15.2211989250415,13.242362997361,11.3732807388683,9.61675061808111,7.94720538987629,6.39508833194908,5.06628804302362,3.99571148429684,3.1328941604043,2.65594535337999,2.29529762113676,1.97745682399042,1.69995978062491,1.43904901140062,1.25167590300378,1.07092642083156,0.910463617461199,0.762372911594481,0.620441481062401
Europe,United Kingdom,UK,Retail Warehouse,RWB,UK.RWB.CO2,kgCO2/sqm,36.4692560836269,34.4046312222176,31.9036978763672,29.4610137945883,27.0905870623073,24.8949743587591,22.601215870827,20.4930080380042,18.4794368480065,16.5618877574587,14.6761270932136,13.075109132724,11.4958865743971,10.0019873458501,8.59094537668299,7.26487333824006,6.00446953540288,4.83271676751684,3.82955440385109,3.02133504983067,2.36996112008257,2.00989415096039,1.73762732911889,1.49767710635625,1.2881839325115,1.09121237392422,0.949757219320988,0.813302494500092,0.692162962509467,0.580363602009389,0.473214114973863
Europe,United Kingdom,UK,Hotel,HOT,UK.HOT.CO2,kgCO2/sqm,56.1309419721909,52.9461257788502,49.0882757804279,45.3202790056749,41.6637438242941,38.2768704879961,34.7386009880384,31.4865552675781,28.3804926349836,25.4225502459076,22.513643542075,20.043970711091,17.607918685051,15.3034833645115,13.1268606778024,11.0813095558971,9.13705589681627,7.32955214177186,5.78210989205882,4.53537973077486,3.530593690387,2.97516730984604,2.55517828456695,2.18503968489488,1.86188303550741,1.55804178030323,1.33983813690412,1.12934797697704,0.942482483710572,0.770024803683049,0.604739851536359
Europe,United Kingdom,UK,Distribution Warehouse Cold,DWC,UK.DWC.CO2,kgCO2/sqm,29.8157492153761,27.7862545755019,25.4528658909354,23.2190014063206,21.0923001866908,19.1488593454882,17.1728749439199,15.3810239400118,13.6989952399344,12.1243018136327,10.606271035582,9.3273351760699,8.09056843165035,6.93999111430513,5.87124128886982,4.88333264277815,3.960498027128,3.11656621954066,2.40347668951853,1.83515274215904,1.38208678562973,1.12965859052613,0.939308505490805,0.77340532445433,0.630081945700847,0.497326939979138,0.401920042465494,0.311341649814821,0.231841307552349,0.159464488457468,0.0911751665009839
Europe,United Kingdom,UK,Distribution Warehouse Warm,DWW,UK.DWW.CO2,kgCO2/sqm,13.6075010841675,12.8357649287603,11.9009410189392,10.9878901023385,10.1018482614026,9.28115015867663,8.42376614185283,7.63573910696016,6.88308630409365,6.16632560310418,5.46144709842063,4.86300257289905,4.2727049510523,3.7143003378202,3.18686694071387,2.69119445518426,2.22006810034697,1.78207861708613,1.40710654334283,1.10500221986215,0.861525149682361,0.726935712330627,0.625165093241268,0.535474096167085,0.457167639827776,0.383541638228164,0.33066711403905,0.279661700567206,0.234380953234511,0.192591468732022,0.152540060495948
Europe,United Kingdom,UK,Healthcare,HEC,UK.HEC.CO2,kgCO2/sqm,74.1374956584517,69.9266503180795,64.825944750305,59.8440397679445,55.0095051525345,50.5315073841227,45.8533392474399,41.553605530527,37.4468852147006,33.5360039675587,29.689955876927,26.4246464520574,23.2037892031513,20.1569506596986,17.279101219834,14.5745497206992,12.0039299537059,9.61411581606481,7.5681453138035,5.91976513370987,4.59127445814591,3.85691038674014,3.30161654158771,2.81223307230619,2.38496738767145,1.98323979775132,1.69473906826476,1.41643681930722,1.16937022461872,0.941353103921546,0.722819496853166
Europe,United Kingdom,UK,Leisure/Lodging,LEI,UK.LEI.CO2,kgCO2/sqm,47.1541959019835,44.4863934188071,41.2548154624298,38.0985042212016,35.0355602255303,32.1985019627418,29.234624745001,26.5105065787508,23.9086730344905,21.4309143282989,18.9942309981778,16.9254776035835,14.8848871111697,12.9545470547138,11.131270904372,9.41778854583151,7.78915931741131,6.27508041510577,4.97884539690014,3.9345057495827,3.09283372492624,2.62757363226307,2.27576439225443,1.96571300612127,1.69501665840315,1.44050010048685,1.25771899590836,1.08139919054194,0.924868892812775,0.780407486222881,0.641954407928868
Europe,Croatia,HR,Residential Single-Family,RSF,HR.RSF.CO2,kgCO2/sqm,20.6415037764826,19.5589144067345,18.1770740383712,16.8232520082582,15.5056661743254,14.2835181571381,13.0003981941376,11.8189573038396,10.6874321708478,9.60679845930185,8.53985387126237,7.63351447003809,6.73539091842903,5.88246960664004,5.07340276518421,4.30949958531268,3.57939056403757,2.89684693822267,2.30985274587613,1.83515175684218,1.45097845753239,1.23993021549692,1.08047483431259,0.939337229830281,0.81558598406041,0.698332499093108,0.614411877938386,0.532707784685595,0.459724291299594,0.391796035555974,0.325990347906582
Europe,Croatia,HR,Residential Multi-Family,RMF,HR.RMF.CO2,kgCO2/sqm,21.7383819770195,20.5006851266207,18.9618873869131,17.4661695675445,16.0215462826711,14.6883014152672,13.3048964479568,12.0378383063943,10.8331115170736,9.69091958798129,8.57312485219616,7.62625874328994,6.69643968205076,5.82010498493672,4.99523844462648,4.22245691981545,3.48999401310656,2.81069693407289,2.23018696750346,1.7631654303622,1.3872083472911,1.17959557291644,1.02282463458901,0.884818352207296,0.764440683262373,0.651288022551726,0.570167614135317,0.491880214586676,0.422367361507339,0.358154738286133,0.29650246203184
Europe,Croatia,HR,Office,OFF,HR.OFF.CO2,kgCO2/sqm,59.6837360795194,55.6863022117847,50.9490564420638,46.4135993929696,42.097986102428,38.1549512540821,34.160771952988,30.5429277699833,27.1562505661271,23.9962257446388,20.9646026264172,18.413081419445,15.9600259492006,13.6899519826017,11.5936519427736,9.66812794050627,7.8823649890815,6.26142599627284,4.9002665568575,3.82117964618742,2.96569295114486,2.48612869169523,2.12458922378864,1.81130494381439,1.54220307651575,1.29528074924216,1.11735349086428,0.950271294070851,0.804748608311919,0.673626059438849,0.551530826531779
Europe,Croatia,HR,Retail High Street,RHS,HR.RHS.CO2,kgCO2/sqm,72.89325280784,68.0137143846168,62.2311114652336,56.6948255202519,51.4268957513717,46.6137604542729,41.7381947754402,37.3220092213288,33.188001733011,29.3306614879981,25.6300570553657,22.5154975206648,19.5211319307874,16.7501259529312,14.1912401953684,11.8408152315588,9.6609920688598,7.68236418937156,6.02084082100028,4.70363427879533,3.6593692985264,3.0739806947832,2.63266114240708,2.2502451395146,1.92176118088217,1.62035107045903,1.4031610124067,1.19920917078385,1.02157432800564,0.861517267264402,0.712479559581189
Europe,Croatia,HR,Shopping Center,RSM,HR.RSM.CO2,kgCO2/sqm,61.9353489219678,57.7911396814859,52.8799545705147,48.1779673370609,43.7038959530748,39.6160831224608,35.4752479478402,31.7245659378517,28.213538757131,24.937486044648,21.794549611953,19.1493431837572,16.6062178979943,14.2527927206848,12.0795219966838,10.0832977620881,8.23196624054911,6.55151058461561,5.14037291148864,4.02166473658239,3.13476679555061,2.63759418402665,2.26277992736293,1.93799266360197,1.65901007577446,1.40302140298414,1.21856111853644,1.04534409812236,0.894478197903319,0.758541170136243,0.631962917893888
Europe,Croatia,HR,Retail Warehouse,RWB,HR.RWB.CO2,kgCO2/sqm,53.8734368960889,50.2640884729303,45.9867517827435,41.8916134289655,37.9949756006565,34.434744941881,30.8283351201755,27.5617244321139,24.5038381906055,21.6506000923742,18.9132979922233,16.609487760521,14.3945838530638,12.344896938183,10.4521133441148,8.71352622765654,7.101131650004,5.63755932052713,4.40854619889036,3.43422097717374,2.66178804746155,2.22878163361721,1.90234173452821,1.61947223390875,1.37649575636322,1.1535455482857,0.992892116431162,0.842030868068354,0.710636054856484,0.592243360774531,0.48200157793347
Europe,Croatia,HR,Hotel,HOT,HR.HOT.CO2,kgCO2/sqm,63.8220921058412,59.5492547709306,54.4856361447692,49.6377084863101,45.0247707364953,40.8100802449643,36.5407217002755,32.6736259061953,29.053623355377,25.6758884176004,22.435401426816,19.7080929997865,17.086034112842,14.6595632521774,12.4188384843083,10.360655380252,8.45186217375639,6.71924848326154,5.26431187544331,4.11088120164528,3.19645569492178,2.68385182452273,2.29740407138195,1.96253605049507,1.67489439248826,1.41096033536391,1.22077476690918,1.04218143126449,0.886632950573909,0.746476705139644,0.615969713193946
Europe,Croatia,HR,Distribution Warehouse Cold,DWC,HR.DWC.CO2,kgCO2/sqm,48.9219920055457,46.2531748403521,42.8754483939264,39.5745509723354,36.3697718341,33.4018593918135,30.2973648526783,27.4436012752061,24.7165873566173,22.1180879231434,19.5594774106009,17.3878840885737,15.2419195588103,13.2086564245396,11.2844383450438,9.47187486098789,7.74380288329136,6.1321370567933,4.74868144561046,3.63159416385099,2.72894598884405,2.23231288634365,1.85714909509948,1.52561341250722,1.23535970941637,0.960981337187847,0.764508669041165,0.573710125755845,0.40357023433896,0.245556021680962,0.092868265614284
Europe,Croatia,HR,Distribution Warehouse Warm,DWW,HR.DWW.CO2,kgCO2/sqm,18.6854830576737,17.4328172651363,15.9483184784347,14.5270537153624,13.1746808377231,11.9390619290093,10.6874160118307,9.55370128364974,8.49242677004757,7.50217774319107,6.55216563499478,5.75260185466413,4.98389403448615,4.27252666767599,3.61561439903711,3.01221778757125,2.45261774493237,1.9446681714646,1.51812506297004,1.17997431303973,0.911892600043694,0.761612754769728,0.648318041440197,0.550144934930284,0.465817159905957,0.38843973152973,0.332683114283614,0.280324986697194,0.234722908834256,0.193633365632709,0.155372689720328
Europe,Croatia,HR,Healthcare,HEC,HR.HEC.CO2,kgCO2/sqm,83.2943094328212,77.7132489407975,71.099292067165,64.7670646964308,58.7417745649038,53.2366638516535,47.6601472580151,42.6090550062983,37.8807090305861,33.4688062277972,29.2361728505749,25.673838944883,22.2489790415766,19.0795907419432,16.1528187880291,13.4644776444176,10.9712654022438,8.70817391103385,6.8077764505573,5.30119759925701,4.10680060530259,3.43725178214279,2.93248454711055,2.49508931417148,2.11937983413914,1.7746365585922,1.52622149406741,1.29294787946907,1.08977480918071,0.906706645618158,0.736242066793688
Europe,Croatia,HR,Leisure/Lodging,LEI,HR.LEI.CO2,kgCO2/sqm,80.9038647217689,75.4788340791485,69.0497837651974,62.894586635303,57.0377456924522,51.6865414987183,46.2659277206011,41.3560489827828,36.7598934951637,32.4713343706749,28.3570328318858,24.8942911853397,21.5651801770156,18.484398546276,15.639450429939,13.0262673077076,10.6027578632786,8.40293567815561,6.55566767757088,5.09120828934016,3.93020308236977,3.27937285260188,2.7887174079325,2.36355044458893,1.99834468399713,1.66323940492834,1.42176928664858,1.19501730839651,0.997524352775469,0.819574230494152,0.653875334213459
Europe,Switzerland,CH,Residential Single-Family,RSF,CH.RSF.CO2,kgCO2/sqm,26.840713284245,25.0372950657333,22.9472041662362,20.9422452157474,19.032221759098,17.2870113394305,15.5154323211475,13.9106204315942,12.4067183479453,11.0013423413674,9.64915664731381,8.51119508622174,7.41251546532475,6.39171475591335,5.44452896354746,4.56968474140731,3.75285054191343,3.00608343503741,2.37515850744396,1.87231549225948,1.4713502450393,1.24801024250064,1.07959233073742,0.932747863109708,0.805826282238541,0.688165038218877,0.603584765261895,0.523193877610297,0.452557070340527,0.388159724391462,0.327296563949099
Europe,Switzerland,CH,Residential Multi-Family,RMF,CH.RMF.CO2,kgCO2/sqm,23.5654578487636,22.0072527820639,20.1932298210106,18.4500617872938,16.7866349090024,15.2649238657668,13.716401177839,12.3119083914291,10.9935861476666,9.75961617433818,8.57002382145703,7.56815206398044,6.5989155650069,5.69682691605806,4.85831490378814,4.08246368700438,3.35667379518026,2.69191732576756,2.12944852454282,1.68061597462074,1.32227406767336,1.12289869369737,0.972523909831878,0.841247700802143,0.727647850930651,0.622147975010725,0.546338357490609,0.474143158384684,0.41062433230284,0.352620349692994,0.297690522583445
Europe,Switzerland,CH,Office,OFF,CH.OFF.CO2,kgCO2/sqm,22.2102364676477,20.9836337605922,19.4801461031436,18.0073271538798,16.5760353712267,15.2499126144821,13.8652444257851,12.5933818125244,11.3798866524853,10.225570582528,9.09150068786879,8.12959701892002,7.18125067198509,6.28444488082411,5.43741863190392,4.64116446656474,3.88375114039375,3.17896869386764,2.5751218876531,2.0883293193928,1.69568247714072,1.47922573651788,1.31571311533191,1.17149593261235,1.04549100419594,0.926780313424086,0.841733050330528,0.759481477207037,0.686370009808853,0.618750070508127,0.55374076439707
Europe,Switzerland,CH,Retail High Street,RHS,CH.RHS.CO2,kgCO2/sqm,24.0867539712,22.7630196561118,21.1404745622287,19.5510267550142,18.0063945471251,16.5752594379124,15.0809428300603,13.7083645897166,12.3987757755899,11.1530522960385,9.92917823589339,8.89110381532288,7.86766028727136,6.8998386830133,5.98573853874754,5.12643099268666,4.30903999494091,3.54844758488658,2.89678365666853,2.37144319946131,1.947703633414,1.71410622355465,1.53764544585631,1.38200806425496,1.24602511993597,1.11791402574169,1.02613208207426,0.937367212090456,0.858466230000043,0.785491636415919,0.715334405550299
Europe,Switzerland,CH,Shopping Center,RSM,CH.RSM.CO2,kgCO2/sqm,19.143141696,18.0948300817807,16.8098797355333,15.5511402909889,14.3278918907845,13.1945258222282,12.0111241097571,10.9241312786608,9.88702198259388,8.90048988409461,7.93126110686348,7.10917357834343,6.29867276656799,5.53222090634824,4.80831295376978,4.12779718073727,3.48047659190893,2.87813679603087,2.36206128394955,1.94602575746031,1.61045153880598,1.42545756001743,1.28571208344646,1.16245738431259,1.05476772314684,0.953312056081759,0.880626717018247,0.81033070438335,0.747846250398958,0.69005511125177,0.63449514041805
Europe,Switzerland,CH,Retail Warehouse,RWB,CH.RWB.CO2,kgCO2/sqm,16.8874246539118,15.9583469469627,14.8195455590527,13.7039738712826,12.6198565122113,11.615398358905,10.566595565433,9.60323620425947,8.68408667507769,7.80976174394734,6.95077207174989,6.22218795081777,5.50387268513646,4.8245962876216,4.18302489653794,3.57991030219795,3.00621530524089,2.47238503114308,2.0150074280778,1.64629136339138,1.34888501841752,1.18493206847309,1.06108110167276,0.951845267891332,0.856404120334725,0.766487918667898,0.702069736869693,0.63976912191835,0.584391586803448,0.5331735536227,0.483932917918405
Europe,Switzerland,CH,Hotel,HOT,CH.HOT.CO2,kgCO2/sqm,24.8508036173831,23.4783061527372,21.7959904476558,20.147991252709,18.5464585546639,17.0626039121036,15.5132403183083,14.0900996371103,12.7322687592444,11.4406558594003,10.1716972583815,9.09538270333288,8.03423800726499,7.03076421125242,6.08299084303422,5.19202849894706,4.34452680676979,3.55591602397921,2.88024638311111,2.3355536623934,1.89620456232017,1.65400199257079,1.47104082941301,1.3096701455702,1.16867792063083,1.03584752561086,0.940684558580402,0.848649806883066,0.766842304695632,0.691179504739361,0.618437852285317
Europe,Switzerland,CH,Distribution Warehouse Cold,DWC,CH.DWC.CO2,kgCO2/sqm,17.3979935088928,16.245843621015,14.9022709797981,13.6103346341764,12.3767212205087,11.2477017307214,10.0977325014205,9.05424296347588,8.07418423989929,7.15627928148776,6.27074617995154,5.52474826732954,4.80251657168414,4.12989497011578,3.50427443419722,2.92502926997866,2.38278283451542,1.88580282358493,1.46506862767301,1.12918738250509,0.860904150272233,0.711696154961645,0.599151437593064,0.500856408302163,0.4157605617147,0.336681488519428,0.279864882274257,0.225719318653763,0.178058553536669,0.134510074157462,0.0932403809826225
Europe,Switzerland,CH,Distribution Warehouse Warm,DWW,CH.DWW.CO2,kgCO2/sqm,6.64506696520211,6.27753229869965,5.82703285695499,5.3857228727013,4.95685593397754,4.55950145046144,4.14460463177514,3.76350845555367,3.39990128561843,3.05402631781516,2.71421783856874,2.42599660593893,2.14183763878135,1.87312209178645,1.61932230141827,1.38073566906714,1.15378716109666,0.942608773872494,0.761674365963503,0.615813653931548,0.498162416582827,0.433304125043583,0.384309812255218,0.341097112780585,0.303341465351463,0.267771436121828,0.242288190977949,0.217642635963795,0.195735788185672,0.175474401432768,0.155995255085177
Europe,Switzerland,CH,Healthcare,HEC,CH.HEC.CO2,kgCO2/sqm,38.9028343339907,36.7412830154646,34.0917978075381,31.496357797974,28.974098045738,26.6371698970548,24.1970714594897,21.955761952455,19.8173090955357,17.7831431763996,15.7846555960273,14.0895638340804,12.4183631389853,10.8379885570643,9.34533678428699,7.94215690291968,6.60742336251817,5.3654373324859,4.30132272336833,3.44348414880839,2.75155163088451,2.37010591059878,2.08195970002286,1.82781641494082,1.60576723993686,1.39657216097193,1.24669965325651,1.10175378340535,0.972914846523087,0.853753223844932,0.739192127140557
Europe,Switzerland,CH,Leisure/Lodging,LEI,CH.LEI.CO2,kgCO2/sqm,28.9207666190307,27.3199059757929,25.3576779417612,23.4354761751017,21.5674722397936,19.8367262393458,18.0295715718417,16.3696414335311,14.785887679123,13.2793695900771,11.7992751384685,10.5438778387978,9.30617443717156,8.13573751620323,7.03026874633491,5.99106351062684,5.00255013334778,4.08272623747769,3.29463521089394,2.65931371725453,2.1468634570053,1.86436197952324,1.65095879818048,1.46273843100991,1.29828719541786,1.14335579693395,1.03235912660341,0.925011160142547,0.829592105501711,0.741340140214167,0.656495357956003
Europe,Norway,NO,Residential Single-Family,RSF,NO.RSF.CO2,kgCO2/sqm,4.81150385185185,4.51556550255459,4.17731013845759,3.85254663412037,3.54245803338375,3.25851189804732,2.96853768783649,2.70493721877115,2.45674072776078,2.22367083981626,1.99816597508032,1.80782039606169,1.62303446245699,1.45052886298037,1.28971794259392,1.14051838522637,1.00058096419746,0.872096238320535,0.763117570846967,0.675925415578732,0.606108980788533,0.567015577878574,0.537368444328719,0.51138203911642,0.488791448229023,0.467742912079504,0.452446451142634,0.437833616912195,0.424894157398821,0.413015622608931,0.401724635734164
Europe,Norway,NO,Residential Multi-Family,RMF,NO.RMF.CO2,kgCO2/sqm,4.1448497037037,3.89680221116323,3.61129047717725,3.33644766096601,3.07335736791014,2.83204942232427,2.58463063587325,2.35933034850748,2.14668231252911,1.94651201822424,1.75225592356097,1.5881879800926,1.42842114769732,1.27890438700644,1.13917615609897,1.00921605648708,0.886994837927354,0.774500223633981,0.678950563836562,0.602471260014754,0.541228217392552,0.507245446970114,0.481604002311479,0.459155159363875,0.439678249955686,0.421519143545088,0.408486118439889,0.396023152947333,0.385030313443244,0.374959767460962,0.36538610519891
Europe,Norway,NO,Office,OFF,NO.OFF.CO2,kgCO2/sqm,4.88792592592593,4.7749605120333,4.58460694291289,4.37977432433336,4.1637380452536,3.95370472291411,3.70889191677639,3.47453762615935,3.23811629305503,3.00130140176818,2.75428191752547,2.54273706204522,2.32230182486197,2.10523544426988,1.89221475706735,1.68472511706485,1.48002247572539,1.28359735418085,1.11289418983526,0.975350753142945,0.865076091837051,0.812842194907644,0.777218095284203,0.74680548544835,0.721545458739124,0.697650356459013,0.685306740237277,0.673133918175451,0.663672930918674,0.655631386179634,0.647949678071576
Europe,Norway,NO,Retail High Street,RHS,NO.RHS.CO2,kgCO2/sqm,8.67529259259259,8.46589483562517,8.11304692376389,7.73335999653247,7.33290546178534,6.94357827684616,6.48978228110125,6.05537265872299,5.61713147369667,5.17816077157467,4.72027437833896,4.32814534778747,3.91953670703459,3.51717272993073,3.12230803151722,2.73769593022577,2.35824993463519,1.99414752093027,1.67772448055453,1.42276779835854,1.21835774104892,1.12153464734449,1.05550021876954,0.999126041366832,0.952302923108028,0.90800988997916,0.885129209418339,0.86256512057135,0.845027810327442,0.830121642387327,0.815882483762771
Europe,Norway,NO,Shopping Center,RSM,NO.RSM.CO2,kgCO2/sqm,2.67911111111111,2.6277401729353,2.54117702857216,2.44802954720729,2.34978720954023,2.25427471199812,2.14294626999638,2.03637383017009,1.92886140430594,1.8211700081502,1.70883808091701,1.61263821480032,1.51239545419862,1.41368467863291,1.31681367913521,1.22245791924908,1.12936954493772,1.04004536661327,0.962418229245824,0.899870453432554,0.849723132999699,0.825969807115436,0.809769774235778,0.795939662471414,0.784452684061966,0.773586404024228,0.767973153703245,0.762437571899795,0.758135194962444,0.754478308457164,0.750985057392916
Europe,Norway,NO,Retail Warehouse,RWB,NO.RWB.CO2,kgCO2/sqm,4.00092914604201,3.90972626709774,3.75604388836895,3.59067181675502,3.41625444483966,3.24668357344179,3.04903340820262,2.85982694880316,2.6689516580398,2.47775862719971,2.27832689546915,2.10753568441769,1.92956680386292,1.7543177771933,1.58233505010813,1.41481782632026,1.2495506921211,1.0909664319964,0.953148851404747,0.842102850916913,0.753072357076893,0.710901203851458,0.68214000753925,0.657586319134449,0.637192580212901,0.617900816074494,0.607935169977932,0.598107414927432,0.590469065757186,0.583976706670566,0.577774862490803
Europe,Norway,NO,Hotel,HOT,NO.HOT.CO2,kgCO2/sqm,4.81646222222222,4.70738297349059,4.52357782820271,4.32579173261398,4.11718739781115,3.91437950980415,3.67798859993887,3.45169641831734,3.22340830330488,2.99474016905111,2.75621849383394,2.55195107149917,2.33909910878444,2.129500109374,1.92380762595219,1.72345591412132,1.52579532437735,1.33612749639538,1.1712967550091,1.0384850011689,0.932003939444863,0.881566960204466,0.847168378463693,0.817802004114672,0.793410956966362,0.77033787897492,0.758418900079502,0.74666483979066,0.737529323470508,0.729764418898831,0.722346972084543
Europe,Norway,NO,Distribution Warehouse Cold,DWC,NO.DWC.CO2,kgCO2/sqm,7.09368883070466,6.63509607158599,6.1074370128843,5.59956622138838,5.11347794839276,4.66767395880581,4.21067718829836,3.79457206212417,3.4018842418507,3.03228533934085,2.6736629981993,2.37078152127709,2.07588758716916,1.79994835491045,1.54210761002449,1.30232273452446,1.07684800209121,0.869343288132753,0.693107492894893,0.552048848158205,0.439092442335798,0.376385375465435,0.329057795025545,0.287620398257979,0.251665075086986,0.21814360987615,0.19406904874345,0.171048711184642,0.150739655329887,0.132132465410619,0.114443480964206
Europe,Norway,NO,Distribution Warehouse Warm,DWW,NO.DWW.CO2,kgCO2/sqm,2.70939503950525,2.64212699413802,2.5287762606509,2.40680361960527,2.27815948224198,2.15308995371184,2.00731012267963,1.86775807298576,1.72697515179753,1.58595787667065,1.43886402466722,1.31289441640132,1.18163081080366,1.05237327405663,0.925524845346249,0.801970015279547,0.68007477239129,0.563108583077094,0.461459168377092,0.379555532383006,0.313889762091301,0.282785798256014,0.261572548403152,0.24346260884131,0.228420902144526,0.214191973405674,0.206841662302591,0.199593054799763,0.193959276299978,0.189170739900311,0.184596477108676
Europe,Norway,NO,Healthcare,HEC,NO.HEC.CO2,kgCO2/sqm,8.54425241678668,8.33843147398196,7.99161071077167,7.6184093810862,7.2247951844217,6.84211826646333,6.39607375749682,5.96908447482152,5.53832907808628,5.10685662545415,4.65679158885547,4.27136068482833,3.86973166598933,3.4742406429835,3.08612080022696,2.70807842552174,2.33511391201896,1.97723089000608,1.66621280920877,1.41561115299281,1.21469271277868,1.11952349645028,1.05461703067098,0.999205805112008,0.953182492901537,0.909646048336457,0.887156202632072,0.864977540800756,0.847739792980842,0.833088243778635,0.819092310415757
Europe,Norway,NO,Leisure/Lodging,LEI,NO.LEI.CO2,kgCO2/sqm,10.5757226666667,10.3127880668463,9.86972732996776,9.39296563149287,8.89012665955311,8.40125997323469,7.83144169882099,7.28596632280769,6.73567976635892,6.18447717676636,5.60952271062395,5.11713782924221,4.60405998640638,4.09882338390354,3.6030034049116,3.12005731034157,2.64359814263629,2.18640545906792,1.78908236115104,1.46894075994391,1.21226906777137,1.09069115898553,1.00777367074127,0.93698627554539,0.878191864181967,0.822574406243383,0.793843809153878,0.765510746960584,0.743489662696415,0.724772426375688,0.70689273401915
Oceania,Australia,AUS,Residential Multi-Family,RMF,AUS.RMF.CO2,kgCO2/sqm,61.3380928169991,57.4688518130671,52.9791662853904,48.6195271906408,44.427832764431,40.5754801768588,36.6084652297541,32.9884579675441,29.562124923897,26.3277152423371,23.1782187541504,20.5147652024734,17.9120920077886,15.4691209596297,13.1791222027828,11.0426515712461,9.02678876620076,7.16543615088232,5.58028379964401,4.30859790485148,3.28782967735876,2.72185512858841,2.29431144499139,1.9190175765366,1.59254930765897,1.28713452389257,1.06764150012625,0.85697802278216,0.670560191172515,0.499164789509691,0.335592126842726
Oceania,Australia,AUS,Office,OFF,AUS.OFF.CO2,kgCO2/sqm,154.783461850748,145.028712117034,131.888820444378,119.37638185331,107.569630002109,96.8598062259005,86.1453381450423,76.506784794638,67.5586871327615,59.277148512624,51.4056937191741,44.809031340209,38.5256615528069,32.7579238181208,27.4753955531399,22.6634423947151,18.2402103612158,14.2601005020569,10.9428978047171,8.33103528218556,6.27534326527625,5.12384658704288,4.26035610555972,3.51847689259708,2.88689634511565,2.31346709946573,1.90383693368726,1.52366251047389,1.19659749002787,0.905763404635938,0.638634619973079
Oceania,Australia,AUS,Retail High Street,RHS,AUS.RHS.CO2,kgCO2/sqm,236.921773,221.980857018314,201.85506980195,182.690324542618,164.606448252513,148.202687870434,131.791814013641,117.028870860351,103.323467952887,90.6390038610079,78.5826469135703,68.4788327661882,58.8548749366009,50.0206877712949,41.9296743539867,34.5594198820186,27.7845522550604,21.688395139102,16.6075834167998,12.6071098454495,9.4584978823241,7.6948016735721,6.37223173718134,5.2359283678468,4.26856455501889,3.39026850288273,2.76285621066289,2.18055996825028,1.67960903414855,1.23415141062456,0.825002141100633
Oceania,Australia,AUS,Shopping Center,RSM,AUS.RSM.CO2,kgCO2/sqm,239.914365868659,224.778169534043,204.389334802022,184.974103011433,166.65386733422,150.03570697019,133.410340157104,118.454442786495,104.569907895417,91.7196556666102,79.5057200511289,69.2698473074024,59.5201026864396,50.5704511687735,42.3736868083751,34.9071018372439,28.0436855200401,21.8678505774623,16.7206317682373,12.6678713162259,9.47810645081849,7.69135842793884,6.35150227400494,5.2003472233363,4.22033979836223,3.33056426509863,2.69495158583375,2.10504463094088,1.59754618159096,1.14626634997452,0.731769428817206
Oceania,Australia,AUS,Retail Warehouse,RWB,AUS.RWB.CO2,kgCO2/sqm,106.965443231484,100.231667066448,91.1611022880726,82.5236730304245,74.3733845686574,66.9803137011681,59.5840368356975,52.9304718967565,46.7535336458743,41.0367260503526,35.6030023650487,31.0492773481226,26.7118205331841,22.7303083525305,19.0837398712379,15.7620128797721,12.7086229668909,9.96112358090451,7.67123393045662,5.86824583945634,4.44918637775871,3.65429967152087,3.05822578119328,2.54610105242469,2.110116311347,1.71427384566623,1.4315031009422,1.16906587400414,0.943290462105596,0.742525533670399,0.558124550327794
Oceania,Australia,AUS,Hotel,HOT,AUS.HOT.CO2,kgCO2/sqm,208.761875534546,195.595930837787,177.861074300598,160.97308854918,145.037565223141,130.582561107324,116.12128859305,103.112173666237,91.0349638788549,79.8574060272198,69.2333365920579,60.3298491182093,51.8492113377944,44.0645199706917,36.9347137845387,30.4400408409309,24.4700231650581,19.0980856245588,14.6208710928345,11.0956512290854,8.32109235807135,6.76692213351646,5.60147266164598,4.60016140752087,3.74771979838861,2.97376475681145,2.42088864455978,1.90776882418649,1.46633054140265,1.07379299930981,0.713250401929938
Oceania,Australia,AUS,Distribution Warehouse Warm,DWW,AUS.DWW.CO2,kgCO2/sqm,68.104723214329,63.8062361535091,58.0160666589213,52.5023880048062,47.2996743065453,42.5803283281871,37.8589358100417,33.6116513596222,29.6686202139235,26.0193121769054,22.5507099571545,19.6438524103557,16.8750490615473,14.3334619681271,12.0056852423995,9.88527016734395,7.93614731109178,6.18228881166691,4.7205441988501,3.56961182598356,2.66375921295589,2.15634552146399,1.77584343139309,1.44893005230457,1.17062042004085,0.917935496284893,0.737429587329102,0.569903522217514,0.425780423541277,0.297622696584739,0.179910847917074
Oceania,Australia,AUS,Healthcare,HEC,AUS.HEC.CO2,kgCO2/sqm,230.627358157614,216.086512991787,196.49963116257,177.848057604426,160.248410738417,144.283891551941,128.312449367269,113.944811476323,100.606396224073,88.26158225165,76.5280566865826,66.6947909563246,57.3285324984084,48.7308971262459,40.8565356426581,33.6836334430206,27.0901754981846,21.157254327999,16.2124907899887,12.3191373394846,9.25483531816296,7.538365355916,6.25120968958276,5.14533295651267,4.20387210909228,3.34909406740302,2.73848190630874,2.17177772887119,1.68424068781036,1.25071102071769,0.852517483912368
Oceania,Australia,AUS,Leisure/Lodging,LEI,AUS.LEI.CO2,kgCO2/sqm,286.349404423883,268.276264435609,243.931293204833,220.748837434645,198.873844755326,179.03118865025,159.179927796679,141.322070984191,124.743457889391,109.39981393277,94.8159539387279,82.5939691738728,70.9524381386546,60.2662458384703,50.4790267471333,41.5636670071841,33.3685114240771,25.9943516950294,19.8483950733744,15.0092594432007,11.2005702806304,9.06713157334929,7.46729715663928,6.09277835951169,4.92261572488739,3.86019307818601,3.10124963713108,2.39688040590929,1.79090976994727,1.25206610074642,0.757142494103403
Oceania,Australia,AUS,Distribution Warehouse Cold,DWC,AUS.DWC.CO2,kgCO2/sqm,198.122831168957,185.582336510947,171.030935520738,156.901024583942,143.315434669415,130.82967661089,117.972289412249,106.239579641117,95.1345822561633,84.6516226027849,74.4438728540902,65.8114240087688,57.3759687705653,49.4581199345852,42.0360655451318,35.1116071010715,28.5780474928017,22.545266772926,17.4076714221493,13.2860439106798,9.97765901272951,8.14329387542964,6.75759335308799,5.54123832434761,4.48313065472737,3.49325887873629,2.78186584604209,2.09909002267345,1.49489612028204,0.939391018176532,0.409239988481831
Asia-Pacific,China,CHI,Residential Multi-Family,RMF,CHI.RMF.CO2,kgCO2/sqm,22.3522294734631,21.0303117925092,19.495801645908,18.0457462600082,16.6714093183155,15.4218338562429,14.1145711135738,12.9193065147223,11.7729879856099,10.670489369239,9.56927658375321,8.63183415402343,7.68783835680302,6.74996550263737,5.83390833948341,4.96221921457533,4.1216177520261,3.33143875072036,2.64843853343144,2.09392360498171,1.64336675850049,1.39632625371253,1.20937852395963,1.04330701778205,0.897205223309341,0.758018960203745,0.658273159378945,0.560667800541169,0.472983014397564,0.39086972832798,0.310855535575625
Asia-Pacific,China,CHI,Office,OFF,CHI.OFF.CO2,kgCO2/sqm,65.713437989006,61.840902290033,56.2647309757168,51.0965406157548,46.2981612737347,41.9898250776673,37.6668369553243,33.7794990926065,30.1489355827874,26.7542699405993,23.4848157637371,20.7263913978731,18.0565681962044,15.5051474492408,13.1057884558701,10.9034529246722,8.86289609912408,7.01846686180597,5.47463476373793,4.25477974320681,3.29151023067799,2.74896673361758,2.3399490532916,1.98736055443792,1.68623242878811,1.41235233375558,1.21483214356981,1.03154642274121,0.87330068885877,0.732448906809796,0.60346878270276
Asia-Pacific,China,CHI,Retail High Street,RHS,CHI.RHS.CO2,kgCO2/sqm,100.541560123179,94.6080317125462,86.0641799606241,78.145439704588,70.7933266799305,64.1920614601667,57.5683464484357,51.6121380508521,46.0493612537701,40.8480289489797,35.8385465959005,31.6120679742115,27.52134472467,23.6120386094025,19.9357226600754,16.5612875457459,13.4347309845988,10.6086825936358,8.2432114070014,6.37414034250633,4.89821152893798,4.06692229003803,3.44022231479726,2.89998355708469,2.43859277138899,2.01895162375197,1.71630969834591,1.43547793426733,1.19301262707805,0.977198464100159,0.779574144975348
Asia-Pacific,China,CHI,Shopping Center,RSM,CHI.RSM.CO2,kgCO2/sqm,98.7579096634775,92.9252273118999,84.526586591038,76.7424329910752,69.5152762441928,63.0262059169314,56.5150673536491,50.6600904834534,45.1918584628629,40.0789278355355,35.1545864842773,30.9999409580388,26.9787435099854,23.1358798363953,19.5220464353388,16.2049631122652,13.1315454064136,10.353528443499,8.02826072948185,6.19095633700788,4.74011236234038,3.92295168875207,3.30690308624254,2.77584620917396,2.32229720651219,1.9097882663962,1.61229003347291,1.33623127707288,1.0978869024882,0.885740710120448,0.691475207601536
Asia-Pacific,China,CHI,Retail Warehouse,RWB,CHI.RWB.CO2,kgCO2/sqm,49.2850784917545,46.385125011168,42.2094017465414,38.3391955592413,34.7459228418959,31.5196195826035,28.2823442089387,25.3713061084522,22.6525538217832,20.1104539653244,17.6621188802987,15.5964691452056,13.5971685091177,11.6865337078529,9.88977055190649,8.24054867622166,6.71247499825602,5.33127172416489,4.17517101541713,3.26168096972476,2.54033532109931,2.13405090567424,1.82775747473252,1.56372111097822,1.33822091576704,1.13312544432604,0.985212188634882,0.847958434150529,0.729455907012548,0.623978863712968,0.527391927166487
Asia-Pacific,China,CHI,Hotel,HOT,CHI.HOT.CO2,kgCO2/sqm,103.263973982724,97.1622443287095,88.3761949519535,80.2329774768159,72.6724497507118,65.8840545568393,59.0725731734534,52.9475206094684,47.2270524845341,41.8782749329429,36.7267858172476,32.3804967033701,28.1738112995616,24.153685768958,20.3731551144934,16.9030628898141,13.6878759784448,10.7817159203052,8.34918932123501,6.4271345925086,4.90936675089419,4.05451246369315,3.41004705315529,2.85449382747671,2.38002372396741,1.94848676022879,1.63726566495453,1.34847299656573,1.0991343817383,0.87720240688861,0.673975914166786
Asia-Pacific,China,CHI,Distribution Warehouse Warm,DWW,CHI.DWW.CO2,kgCO2/sqm,34.1709877542831,32.1487164471077,29.2367920313233,26.5379187639332,24.0321639772481,21.7823139182072,19.524812497783,17.4948113739314,15.5989000162304,13.826176545283,12.1188395738648,10.6783667463116,9.28416220549932,7.95178844055637,6.69882262562696,5.54874414999263,4.48314789995385,3.51997115616473,2.71376881286615,2.07675007406196,1.57372248498628,1.2904016243701,1.0768090887945,0.892684355054549,0.735432668918609,0.592410137728606,0.489263402811107,0.393550029698768,0.310912752217184,0.237358745348323,0.170004219928
Asia-Pacific,China,CHI,Healthcare,HEC,CHI.HEC.CO2,kgCO2/sqm,97.9130226036189,92.1373777298013,83.8208668515153,76.1128340585974,68.9563512773747,62.5307372095433,56.0832707097491,50.2855493341765,44.870790851739,39.807859289913,34.9316728000676,30.8176553223871,26.8357809415242,23.0304964190186,19.4520024946927,16.1673567457683,13.1239938214869,10.3731429326336,8.07061388284164,6.25127638829,4.81462013651744,4.0054504319099,3.39542613457366,2.86956243330128,2.42044866122349,2.01197362319225,1.71738460901622,1.44402541590964,1.20801179776688,0.997940171267733,0.80557438034146
Asia-Pacific,China,CHI,Leisure/Lodging,LEI,CHI.LEI.CO2,kgCO2/sqm,121.569860279661,114.381821035853,104.031564420238,94.4385850355083,85.5320334377361,77.5350794881408,69.5109292441137,62.29541484135,55.5565142825668,49.2554775065532,43.186853029999,38.0667807739407,33.1111663033722,28.3753255307476,23.9217354427579,19.8338520875493,16.0462556180965,12.6227029975782,9.75710624924959,7.49286223939857,5.70488154750792,4.69783493735598,3.93863337896257,3.28417331359822,2.72523184660046,2.21686703753911,1.85023829893864,1.51003098864967,1.21630185773066,0.954858654715947,0.715451128014909
Asia-Pacific,China,CHI,Distribution Warehouse Cold,DWC,CHI.DWC.CO2,kgCO2/sqm,84.1132006259276,79.0912985543713,73.2617678694656,67.7530767828417,62.5320364458046,57.7849590052338,52.8187303435965,48.277977275903,43.923167987129,39.7348284519123,35.5513737267555,31.9900747535642,28.4038798505801,24.8409457155347,21.3608883476757,18.0493830359607,14.8559782673046,11.8541260183098,9.25944084577965,7.15286514291063,5.44122122340037,4.50272615625091,3.79252066853752,3.16162295613395,2.60658922378301,2.07782726447722,1.69889773580217,1.32809964390532,0.994989333389793,0.683044885292572,0.379074792353816
Asia-Pacific,Hong Kong,HK,Residential Multi-Family,RMF,HK.RMF.CO2,kgCO2/sqm,95.1316132173913,88.828283714862,81.5049685186846,74.4779095060043,67.7722832928255,61.6354135419704,55.3719721041627,49.6815077261206,44.3266905423004,39.3011828543917,34.4415079246859,30.3426727583216,26.3657484570857,22.6554822398482,19.1990071027398,15.9943033717644,12.9905364506371,10.2347257540158,7.90015257394361,6.03565922683673,4.54598842963149,3.71829005556715,3.09421844480235,2.54914405844621,2.0773206724172,1.63882012599786,1.32419858482735,1.02436920490925,0.760610169159504,0.519729490293189,0.291537969093929
Asia-Pacific,Hong Kong,HK,Office,OFF,HK.OFF.CO2,kgCO2/sqm,133.7757504,124.915991818093,115.23121898275,105.857934561938,96.8387248898083,88.5358045871583,79.9586260648465,72.1189524902084,64.6836307590001,57.65089153262,50.7873486323036,44.9774586646739,39.2877349758859,33.9373271533742,28.912873139039,24.2170070224169,19.7782235326739,15.6727281970472,12.1716244343649,9.35956088815204,7.09966342000131,5.84680919023758,4.89973133232029,4.06734597728413,3.34235900445012,2.66313528761969,2.17460496890124,1.70503964911382,1.28896751338233,0.905896623803701,0.539811825504894
Asia-Pacific,Hong Kong,HK,Retail High Street,RHS,HK.RHS.CO2,kgCO2/sqm,204.676898112,191.112917900164,176.285869749778,161.93569945694,148.1276052083,135.416124907292,122.284764873667,110.282499095139,98.8992818326839,88.132404290848,77.6245604007109,68.729822262495,60.019054490206,51.8277674298558,44.1355042382944,36.9462976143839,30.150675491852,23.86530586497,18.5052385767273,14.2000677368411,10.7402438313259,8.82216786754802,7.37222482394275,6.09787198690388,4.98794231303653,3.948074581955,3.20015176727344,2.48126370199726,1.84427182873297,1.25780370796657,0.697340698272436
Asia-Pacific,Hong Kong,HK,Shopping Center,RSM,HK.RSM.CO2,kgCO2/sqm,248.2787232,231.810122443353,213.807977602769,196.384830292627,179.619840382617,164.186295742039,148.242957399739,133.670500038788,119.849655604206,106.777135233121,94.0191185494315,83.2196416300108,72.6435308951603,62.6981436140519,53.3586422701664,44.6299231333665,36.3790715484195,28.7477390504,22.2398551682185,17.0127655791775,12.8120473756436,10.4832304078324,8.72279337297315,7.17554781757335,5.82793536301323,4.56538806970776,3.65730341908061,2.78447108293336,2.01107236941529,1.29901667583832,0.618534884994398
Asia-Pacific,Hong Kong,HK,Retail Warehouse,RWB,HK.RWB.CO2,kgCO2/sqm,86.3735302108406,80.6613405834178,74.4172360265542,68.3739587127922,62.5589655094897,57.2057885812863,51.6757879910041,46.6212820852923,41.8274756540093,37.2932279439942,32.868066896985,29.1222319622346,25.4538723407468,22.0042812730345,18.7648437828573,15.7372581579042,12.8754225024423,10.2284691283977,7.97118768976276,6.15815406454246,4.70112081050188,3.89336280335436,3.28274928986598,2.74608195891114,2.27865804121023,1.84073926113177,1.52576704225394,1.22302220735913,0.954766259297676,0.707787344264108,0.471759943712799
Asia-Pacific,Hong Kong,HK,Hotel,HOT,HK.HOT.CO2,kgCO2/sqm,282.2895072,263.558258513633,243.082769619359,223.265827670983,204.197468441857,186.643483920244,168.5096643084,151.935073252796,136.215360449919,121.346785174661,106.835923761584,94.5526890867317,82.5235092410139,71.2117089734973,60.5890383007407,50.6610661991127,41.2766166520214,32.5968029300781,25.1947902624303,19.2495423057255,14.4716805739095,11.8229036429674,9.82059729138942,8.06077314449759,6.5280100159105,5.09199928988339,4.05915140738775,3.06639921237947,2.18674198765894,1.37685580048242,0.602881506054478
Asia-Pacific,Hong Kong,HK,Distribution Warehouse Warm,DWW,HK.DWW.CO2,kgCO2/sqm,69.563390208,64.9477622110194,59.9023303033717,55.0191730935677,50.3204765897676,45.9949420900046,41.5265285371195,37.4423295712262,33.5687839399482,29.9049698790286,26.3293012559723,23.3025493929214,20.3384000077808,17.551022461029,14.9334555822354,12.4870716410051,10.1746188627057,8.03579769309849,6.21184364311213,4.74685573027047,3.5695272593115,2.91683350862146,2.42343867896431,1.98979467913485,1.6121015243696,1.2582494442443,1.00374203350564,0.759114731713465,0.542355529903202,0.342788836700278,0.152071309955515
Asia-Pacific,Hong Kong,HK,Healthcare,HEC,HK.HEC.CO2,kgCO2/sqm,199.325868096,186.119260611985,171.68286347703,157.710779809368,144.266490006811,131.88992145876,119.10453582807,107.418495994605,96.3351944899827,85.8519938878907,75.6210021293469,66.9606153232669,58.4793517814163,50.5038820958635,43.0142884037376,36.0144971536281,29.3979205603025,23.2781527445292,18.0593081533257,13.8675664561216,10.498899179235,8.63135912222177,7.21961799962979,5.97884077553539,4.89815462672813,3.88568448557418,3.15746733341262,2.45751994667426,1.8373110176338,1.26629468231865,0.720598296542355
Asia-Pacific,Hong Kong,HK,Leisure/Lodging,LEI,HK.LEI.CO2,kgCO2/sqm,247.48513824,231.070734458058,213.127833374913,195.762024383188,179.052206843164,163.66945288243,147.778582914196,133.254082457094,119.478721422546,106.449221771094,93.7331907981349,82.9692541766475,72.4279486577624,62.5152909273231,53.2065252072819,44.5065316542315,36.2828330254619,28.676614691085,22.1901477843566,16.9802601693283,12.7933662257656,10.4722132262638,8.71756966243829,7.17541598032322,5.83223842094285,4.57384607952014,3.66874986983998,2.79878996182086,2.02793644756613,1.31822407780787,0.639981703350995
Asia-Pacific,Hong Kong,HK,Distribution Warehouse Cold,DWC,HK.DWC.CO2,kgCO2/sqm,252.8134944,236.034450230109,216.540271939511,197.834707918009,179.98477664398,163.648837268901,146.975972476044,131.828334531995,117.574167109373,104.196599676525,91.2604680235428,80.3496412495449,69.7633330954221,59.886851036837,50.6859439647255,42.1552356411527,34.1594077496506,26.8236228467812,20.6091442144084,15.645986852411,11.6805822047763,9.47730414796525,7.81606700051871,6.36511521370894,5.10915272096739,3.94189341238469,3.10439178186056,2.30626590139405,1.60415687960217,0.962948523169384,0.355517861031136
Asia-Pacific,India,IND,Residential Multi-Family,RMF,IND.RMF.CO2,kgCO2/sqm,20.1659787649433,18.8345043151753,17.2842232497137,15.7922864987393,14.3654076624324,13.0563997682968,11.7220149859558,10.5088134105572,9.36845207697888,8.30043611559468,7.27205962385726,6.40491783041281,5.56892594005809,4.79378254018447,4.07694075771768,3.41789675618258,2.80642691042153,2.2515042986302,1.78600946390086,1.41770892745528,1.12654103752254,0.964616265060538,0.843386196486642,0.73892747290631,0.649830075596172,0.568568809919865,0.511057991041285,0.457459059982342,0.41139838777525,0.370424745772811,0.332702947674306
Asia-Pacific,India,IND,Office,OFF,IND.OFF.CO2,kgCO2/sqm,68.6633335885098,64.1275985822935,57.8424769539278,51.9300481682505,46.4018051119353,41.4139661072234,36.4996888839719,32.1114148502895,28.0829952405972,24.4002367319326,20.9562320817246,18.0873874952614,15.4057796758717,12.9863561034374,10.8117295937666,8.8703991968607,7.12636947846133,5.59351877919065,4.3413831576301,3.37263126842159,2.62414449414691,2.19919694646644,1.88193939546186,1.61443961882103,1.39085182126738,1.19338270894608,1.05168234848884,0.924084065011755,0.816549543893461,0.723411189066975,0.640630121168496
Asia-Pacific,India,IND,Retail High Street,RHS,IND.RHS.CO2,kgCO2/sqm,105.05490039042,98.1050515646095,88.474717096412,79.4154386779169,70.944826205832,63.302244131985,55.7723765927847,49.0484738298313,42.8759555376642,37.2330740946106,31.9560216121507,27.560254188935,23.4513790167021,19.7442338569922,16.4121773161892,13.4375871426107,10.7653095792203,8.41660961816233,6.49803340783881,5.01366997600464,3.86680625442515,3.21568329172327,2.72956758714464,2.31969289075167,1.97710202286275,1.67453133111838,1.4574119265696,1.26190033266403,1.09713130089656,0.954420696101164,0.827579973099244
Asia-Pacific,India,IND,Shopping Center,RSM,IND.RSM.CO2,kgCO2/sqm,87.2024336574074,81.4367462068826,73.4472920504941,65.9315936234514,58.9042603313689,52.5638721218962,46.3169933964703,40.7387538188074,35.6179501657679,30.9365403198178,26.5586270678224,22.9118396768025,19.5030619306831,16.4275647709128,13.6632461413624,11.1954863865657,8.97852921271484,7.03001634143801,5.43833988113057,4.20689214385605,3.25543867591648,2.71525836568347,2.31197028163437,1.97193275671669,1.68771479497977,1.4366981061263,1.25657294693964,1.0943739161885,0.957679325772559,0.839284701119745,0.734055942457878
Asia-Pacific,India,IND,Retail Warehouse,RWB,IND.RWB.CO2,kgCO2/sqm,44.3331059654006,41.4143186275462,37.3697848528423,33.5650823620774,30.0076069338966,26.7978865004372,23.6355037522664,20.8116089111893,18.21928371313,15.8493946237687,13.6331458458393,11.7870178772157,10.0613784962556,8.5044570979708,7.1050648688634,5.85580084146431,4.73350162161807,3.74709804960147,2.94133722087614,2.31793643933376,1.83627829212934,1.56282062325712,1.35866246114188,1.1865238860558,1.04264307478619,0.915569878519035,0.824384388779188,0.742273715727425,0.673074258926675,0.613138868000274,0.559868486801858
Asia-Pacific,India,IND,Hotel,HOT,IND.HOT.CO2,kgCO2/sqm,84.5005944633386,78.9138261991066,71.1722985300366,63.8898251361799,57.0805620681976,50.9369269968292,44.8838996495805,39.4787624287044,34.516866109895,29.9807284535195,25.7386693704205,22.2050480568516,18.9020505400322,15.9219913404347,13.2434542667,10.8522733363858,8.70411215208427,6.81606498249548,5.27378097704504,4.0805471785256,3.15861894616982,2.63520135892303,2.24442799691858,1.91494242053945,1.63954423040481,1.39631702062056,1.22178145455513,1.06461573836508,0.932163015913321,0.817442379850088,0.715479050338855
Asia-Pacific,India,IND,Distribution Warehouse Warm,DWW,IND.DWW.CO2,kgCO2/sqm,35.7049334660251,33.3361722924548,30.0538041505691,26.9660726737924,24.0789799552116,21.4741101032056,18.9076574628627,16.6159069228229,14.5120882585467,12.5887890898332,10.7901777322853,9.29194036610145,7.8914863103404,6.6279564495904,5.49227042823662,4.47842194216761,3.56761258561671,2.76709024109344,2.11316970994865,1.60724468151664,1.21635182569441,0.994425445434127,0.828739538340411,0.689039338929043,0.572271914685049,0.469144821588777,0.395142634143519,0.328505174216848,0.272345897254152,0.223704934239155,0.180473003961953
Asia-Pacific,India,IND,Healthcare,HEC,IND.HEC.CO2,kgCO2/sqm,102.30836704688,95.5434967511203,86.1694851409414,77.3513302414147,69.1061732408072,61.6670076200729,54.3375565019764,47.792618444655,41.784389101646,36.2916996902108,31.1551022644973,26.8763334432331,22.876820892918,19.268345830863,16.0249759559738,13.129558053851,10.5284063505985,8.24221984518789,6.3747088329819,4.92985350737627,3.81351493399842,3.17972238689865,2.70654523259954,2.30757984096186,1.9741074383431,1.67959002706544,1.46824951487902,1.27794169563892,1.11755818851497,0.978645996974222,0.855181291361975
Asia-Pacific,India,IND,Leisure/Lodging,LEI,IND.LEI.CO2,kgCO2/sqm,127.027167138743,118.607674657514,106.940870000472,95.9658792572765,85.7040361859196,76.4453222310266,67.3231578904875,59.1773909571186,51.6996065255866,44.8634581325725,38.4704983988131,33.145183892468,28.1674290540541,23.6763557111227,19.6396887712418,16.0360795088115,12.7987111261836,9.95334539832065,7.62905916097226,5.8308061245429,4.44142187707958,3.65260977105732,3.06369803753776,2.56714954979075,2.15211300602937,1.78555946968179,1.52252710164836,1.28567182088777,1.08606005106718,0.913171274033055,0.759508289356012
Asia-Pacific,India,IND,Distribution Warehouse Cold,DWC,IND.DWC.CO2,kgCO2/sqm,87.8890669932925,82.0160157289139,75.177822045785,68.5969815172946,62.3031074176848,56.5291547375761,50.6432661766196,45.2919092297537,40.2618460744393,35.550893871431,31.0147889119195,27.1898802121907,23.5023718041146,20.0832623157609,16.9213176478708,14.0143154089835,11.3171598222564,8.86943057939999,6.81616171784196,5.1916108812714,3.90728736727992,3.193047233113,2.65830891527095,2.19754796059719,1.80454486390517,1.44610645811497,1.19242980094056,0.956008238454017,0.752837468492104,0.572105273435308,0.405716760268076
Asia-Pacific,Japan,JAP,Residential Multi-Family,RMF,JAP.RMF.CO2,kgCO2/sqm,60.4104012,56.5056565262932,51.9391742943218,47.5463216634511,43.3440901972992,39.4915447354756,35.5453597480047,31.9536649238039,28.5658285798822,25.3788157962815,22.2883351311023,19.6788167360577,17.1396963717386,14.765044815136,12.5473439246185,10.4860651784355,8.54892567954214,6.76717016480145,5.25460013900643,4.04441588816016,3.07571868356124,2.53784751358112,2.13195758828893,1.7767356262923,1.46863920026805,1.18156145024068,0.975411996889394,0.778410595951108,0.604698751084919,0.445635153190294,0.294516972004001
Asia-Pacific,Japan,JAP,Office,OFF,JAP.OFF.CO2,kgCO2/sqm,90.7826807733509,84.9207405647975,78.1371058677212,71.6020023680734,65.3417277924908,59.596743556795,53.6999020657687,48.3272751673936,43.2527417654358,38.472556427105,33.8296891469429,29.9069663855158,26.0837922777438,22.5032389653415,19.1545661279031,16.0376200740768,13.1039159078979,10.4015634865581,8.10471963883434,6.26516547015479,4.79113268016547,3.9730908843984,3.35552492931758,2.81444164541799,2.34462037208161,1.90619882447672,1.59126993825549,1.28983362256541,1.02368454447092,0.779612518415448,0.547347357813333
Asia-Pacific,Japan,JAP,Retail High Street,RHS,JAP.RHS.CO2,kgCO2/sqm,104.305359760767,97.5753247905871,89.7871015893967,82.2842145721943,75.0968558961162,68.5010969095358,61.7309921257467,55.5627328768667,49.7367117921262,44.24862877757,38.9181992532634,34.4145604539112,30.0252124689477,25.914414994436,22.0698371758553,18.4913025617005,15.1231461274646,12.0206023193873,9.3836188520931,7.27164509523213,5.57932278028522,4.64013716993942,3.93111586876311,3.30990355801481,2.77050644941339,2.26715905212062,1.90559234519721,1.5595163236581,1.25395322694767,0.973736573048832,0.707075263381132
Asia-Pacific,Japan,JAP,Shopping Center,RSM,JAP.RSM.CO2,kgCO2/sqm,125.280099467224,117.182295697082,107.811244360683,98.7835190897054,90.1354481001192,82.1992096964343,74.053192582802,66.6313361998679,59.6212722531004,53.0178267252472,46.604075163826,41.1851459293794,35.9037352355868,30.9574858572564,26.3315608967092,22.0257480415771,17.9730692676275,14.2399845128823,11.0670775728922,8.52587992287551,6.4896209609243,5.35956133864587,4.50644313179892,3.75897964693945,3.10995895700388,2.50431448865427,2.06926530162096,1.65285502672746,1.28519126160261,0.948025186470291,0.627169356099977
Asia-Pacific,Japan,JAP,Retail Warehouse,RWB,JAP.RWB.CO2,kgCO2/sqm,68.0870105800132,63.6949621742988,58.6123357918652,53.7159209726003,49.0254212419989,44.7210018935339,40.3028037632252,36.2773724957628,32.4752872569384,28.8937417878118,25.4150816325915,22.4759884932166,19.6114820077518,16.9287587270937,14.4197714850421,12.0844051286214,9.88633243468597,7.86159962923953,6.14069341036506,4.76241068035954,3.65799420135883,3.04507782263769,2.58236761544752,2.17696191531051,1.82494915142787,1.49646257690103,1.26050266202112,1.03465203191418,0.835240302599444,0.652369765750188,0.478345502105023
Asia-Pacific,Japan,JAP,Hotel,HOT,JAP.HOT.CO2,kgCO2/sqm,128.003579890425,119.727820114795,110.150832093539,100.924715014922,92.0865954378222,83.9759515626037,75.6509189149668,68.0659610352936,60.9018450747221,54.1532833126467,47.5985842004502,42.0605694672739,36.6630953596119,31.6081480174262,26.8805644898118,22.4801277986586,18.3383880216756,14.5232656095657,11.2806313878518,8.68358879570161,6.6025813412834,5.44768771437213,4.57582152194678,3.81193190232422,3.14864844031634,2.52969442861491,2.08508467210959,1.6595234334156,1.28377994978171,0.939204368366002,0.611297462972029
Asia-Pacific,Japan,JAP,Distribution Warehouse Warm,DWW,JAP.DWW.CO2,kgCO2/sqm,47.2069940021425,44.1503122246895,40.6130170927476,37.2053174113359,33.940926009132,30.9452303861397,27.8703494953644,25.0688178943846,22.4227257769305,19.9301201042894,17.5091183019005,15.4636325486753,13.470055983325,11.6029929165184,9.85684285754746,8.23152566476331,6.70175911202501,5.29262986322915,4.09495119623289,3.13572413045087,2.36709650747477,1.94053237318567,1.618505444539,1.33636005322863,1.09137390977198,0.862761008969753,0.698542788814359,0.541360207544088,0.40257799412092,0.275307758006744,0.154194157613187
Asia-Pacific,Japan,JAP,Healthcare,HEC,JAP.HEC.CO2,kgCO2/sqm,135.266194352293,126.526388746857,116.412391257728,106.668939061648,97.3352405112246,88.7698093331635,79.9779679830187,71.9676995374592,64.4018708368037,57.2748976626309,50.3526575788367,44.5041103130586,38.8039841928866,33.4655913064098,28.4729184721305,23.8257365453477,19.4517574182922,15.4227100381389,11.9982519200135,9.25558562473665,7.05789005258691,5.83823819368645,4.91748393760142,4.11076081362058,3.41028512602032,2.75662456945068,2.28708425563211,1.83766056521202,1.44084805572624,1.07695112304565,0.730657527349168
Asia-Pacific,Japan,JAP,Leisure/Lodging,LEI,JAP.LEI.CO2,kgCO2/sqm,130.727060313625,122.276819392373,112.497915911165,103.077280924687,94.0528237458718,85.7711799294459,77.2706272965652,69.5257527232928,62.2105928472309,55.3197484646505,48.6268540155531,42.972079107926,37.4608078999007,32.2992850858266,27.4720280282541,22.9788151744373,18.7497534450597,14.8541952847888,11.5431953118718,8.89139823445473,6.76651606949165,5.58727335940756,4.69702526414698,3.91703025485941,3.23976252295235,2.6077588568413,2.15377521542717,1.7192416993263,1.33557626589422,0.983735859999701,0.648915562474775
Asia-Pacific,Japan,JAP,Distribution Warehouse Cold,DWC,JAP.DWC.CO2,kgCO2/sqm,116.201831389889,108.677429203812,99.8778656573659,91.4128845380085,83.3152284112892,75.8914135610884,68.2871563233918,61.3659979262965,54.8376726906089,48.6963323572813,42.7410084075009,37.7124937267592,32.8196353156458,28.2437065784896,23.9702201349229,19.9981575290546,16.265309955599,12.8318856960191,9.91717906095435,7.58516665462721,5.71849726315283,4.68202513874515,3.89987949379673,3.21537048469607,2.62167189100576,2.06847606634008,1.67122822376027,1.29160858259352,0.956867672628247,0.650353781519597,0.359150625387305
Asia-Pacific,Malaysia,MAL,Residential Multi-Family,RMF,MAL.RMF.CO2,kgCO2/sqm,30.1649042436773,28.2556027564658,26.0431540976118,23.932518064232,21.9234182424421,20.0892903958199,18.2004673125223,16.4796468215695,14.8478386201965,13.3017396664844,11.7858961926688,10.5018862903563,9.23542904329367,8.03653325045003,6.90232570724027,5.83398166099607,4.815505796815,3.86577608451948,3.05049768309466,2.39205475406704,1.86002922848683,1.56572575974678,1.3427490269426,1.1457626251674,0.973428245969847,0.811139393715963,0.694465465840229,0.581904026280748,0.482054680169009,0.390090192557114,0.302248401716158
Asia-Pacific,Malaysia,MAL,Office,OFF,MAL.OFF.CO2,kgCO2/sqm,105.471881890639,98.7873235103422,89.7882358959726,81.3491562592602,73.454428111441,66.332300127952,59.2087584949771,52.8069585304107,46.8527105161941,41.3228475916404,36.0348909301811,31.5929940193954,27.3270735215002,23.3807353237125,19.7359475693581,16.3866733083492,13.2789538271047,10.4571023899599,8.08734775696395,6.20917831356145,4.72127969582394,3.88770075545743,3.25999441411166,2.71721357733984,2.252397183702,1.82774529133132,1.52345444004666,1.23965795386924,0.994671971836818,0.77627488136415,0.575415623726893
Asia-Pacific,Malaysia,MAL,Retail High Street,RHS,MAL.RHS.CO2,kgCO2/sqm,161.371979292678,151.135871327067,137.355509608004,124.432691767651,112.343442922369,101.437281761628,90.5289558701851,80.7258377158579,71.6080587901481,63.1401435277716,55.0426609081694,48.240755118112,41.7083231600221,35.6652696681957,30.0839823425769,24.9552167620141,20.1963455955033,15.8752260345361,12.2464052665324,9.3703521143829,7.0919232299951,5.81545834689949,4.85424752111734,4.0230836759129,3.31130729237689,2.66103507231225,2.19507250163915,1.76049308629053,1.38534444976477,1.0509115567792,0.74333446191416
Asia-Pacific,Malaysia,MAL,Shopping Center,RSM,MAL.RSM.CO2,kgCO2/sqm,133.949290001112,125.455347882936,114.020377169217,103.296998018817,93.2653160270849,84.215362476181,75.1636126275675,67.028966289308,59.463015763827,52.4363233586787,45.7170166744488,40.0727821403732,34.652157511428,29.6376200769799,25.0062570972245,20.7503975336732,16.8014770678092,13.2158037279151,10.2046012607071,7.81804681196311,5.92740213242422,4.86818911226827,4.07057451646819,3.38087315579434,2.79023974091144,2.25064259941563,1.86398596020958,1.50337112377734,1.19207206215476,0.914559002994327,0.659330936874162
Asia-Pacific,Malaysia,MAL,Retail Warehouse,RWB,MAL.RWB.CO2,kgCO2/sqm,68.0988800259821,63.7913046057594,57.9922306196082,52.5540296279684,47.4666124817401,42.877064198074,38.2866049489511,34.1612409976344,30.3242826029633,26.7608008804878,23.3532052186345,20.490816282297,17.7418277574124,15.1987802659308,12.8500539553247,10.6917585734141,8.68912275384906,6.8707022691102,5.34361607608048,4.13331076208087,3.17449865379844,2.63733464833147,2.23283636239102,1.88306465601506,1.58353377330894,1.30988517161242,1.11379805305931,0.930917644413806,0.773046991714813,0.632310403709064,0.502875315869499
Asia-Pacific,Malaysia,MAL,Hotel,HOT,MAL.HOT.CO2,kgCO2/sqm,129.799068194636,121.568536881928,110.488183000333,100.097353083261,90.3767696835456,81.6074697468431,72.8364292185119,64.9540513457469,57.622733114001,50.8139497410145,44.3030195633875,38.8338218195539,33.5812994780719,28.7222709140958,24.2345339487322,20.1106554347328,16.2841973433667,12.8097215004018,9.89190126446829,7.57935770735609,5.74734495995902,4.72097983903745,3.94810055461681,3.27978794234967,2.70747101954849,2.18460765321757,1.80994185823384,1.46051026783818,1.15886509076324,0.889958157877744,0.642645124558504
Asia-Pacific,Malaysia,MAL,Distribution Warehouse Warm,DWW,MAL.DWW.CO2,kgCO2/sqm,54.8453785831323,51.3606705436498,46.6693818789812,42.2700293738754,38.1544511888864,34.4416349891743,30.7280818438858,27.3907777866067,24.2867857584463,21.40402870942,18.647379123572,16.3317865301716,14.1079316980221,12.050677402079,10.1506235066349,8.40462290647991,6.78454653873211,5.31349522467255,4.07812520448649,3.09902205561931,2.32336987634481,1.88881921947561,1.5615914192713,1.27863589132634,1.03632378458083,0.8149497192892,0.656320724599268,0.508375588855621,0.380662646192831,0.26681068265655,0.162101316671184
Asia-Pacific,Malaysia,MAL,Healthcare,HEC,MAL.HEC.CO2,kgCO2/sqm,215.779451941291,202.077791517622,183.631929337947,166.333942411636,150.151738881566,135.553171022346,120.951705537866,107.829628622015,95.6249204382144,84.2900947592276,73.4511159683537,64.3463464912966,55.6022843212636,47.5132853437961,40.0423887960581,33.1772204514527,26.807178542694,21.0230940964028,16.1656941873176,12.3159200560203,9.26610278384601,7.55747598646632,6.27083614496915,5.15827218983284,4.20551569902969,3.33508631588871,2.71136674054309,2.12965544986229,1.62749591389929,1.17983690623855,0.768126037019721
Asia-Pacific,Malaysia,MAL,Leisure/Lodging,LEI,MAL.LEI.CO2,kgCO2/sqm,195.122981497682,182.732184618089,166.051072660119,150.408016577695,135.773994801841,122.572099302805,109.367583399752,97.5009201870342,86.4638593196558,76.21345766678,66.411464300492,58.177765191233,50.2702638445896,42.9551545666007,36.199012699914,29.9906478833936,24.230039828214,18.9993295863661,14.6066462344668,11.1251872128424,8.36715167766696,6.82199240975889,5.65844781441604,4.65232493898434,3.79072044812553,3.00356667617114,2.43951952210628,1.91346164134459,1.45934464976306,1.05451401874973,0.682192300368887
Asia-Pacific,Malaysia,MAL,Distribution Warehouse Cold,DWC,MAL.DWC.CO2,kgCO2/sqm,135.004008820018,126.395945686204,116.421147120707,106.905369570892,97.8473668280358,89.5782231621663,81.0624866697713,73.3041878744794,65.9471999321462,58.9766311174143,52.142468775331,46.3535253436206,40.6437178501413,35.2385103725446,30.1249491020002,25.3083326271786,20.7165462603536,16.4347011048048,12.7590280913462,9.79044594701387,7.39181516833914,6.06495146641288,5.05966350837897,4.17155264985746,3.39458514305176,2.66290777545282,2.13688475397015,1.6294028373368,1.17923324340054,0.764612440591546,0.36857876732889
Latin America,Mexico,MEX,Residential Multi-Family,RMF,MEX.RMF.CO2,kgCO2/sqm,8.58428093487337,8.13137642605764,7.58360753413424,7.05471744346651,6.54495014769804,6.07638708964526,5.58152124162784,5.12657767163412,4.68858860774102,4.2669571640899,3.83803486379287,3.46982447801934,3.10005565655929,2.74496273922237,2.40406838282062,2.07811565375337,1.76207466908551,1.46240855941106,1.20188877181351,0.989461635499697,0.816080182888579,0.722861850407414,0.652957074449528,0.590649342535152,0.535700373847058,0.482815761054303,0.445836632628847,0.40914744334398,0.376168566754014,0.345064178518612,0.314291048661195
Latin America,Mexico,MEX,Office,OFF,MEX.OFF.CO2,kgCO2/sqm,68.6938000767691,65.0485791587126,59.0952069934463,53.5110988200584,48.2864323014097,43.5689985101634,38.8594139051259,34.6252709391988,30.6901373966014,27.039740512486,23.51738914302,20.5351908130589,17.6952662970928,15.089215437396,12.7054258706437,10.5389898218327,8.55571552798506,6.78026753443621,5.30629899294771,4.14860354571941,3.24003958134274,2.71852850434208,2.32237688310915,1.98175647965552,1.69119306468861,1.42964409476783,1.23614786567755,1.05863094318607,0.905470650212798,0.770165045985869,0.648332540394431
Latin America,Mexico,MEX,Retail High Street,RHS,MEX.RHS.CO2,kgCO2/sqm,105.101514117457,99.5160538479531,90.3938841780851,81.8375264032873,73.8319300574624,66.6035508707579,59.3871987514664,52.8993512812525,46.8696667843557,41.2762755407279,35.8790845139977,31.3095534314596,26.9580241527417,22.9648523081932,19.3122446294656,15.9926810833675,12.9537706796272,10.2333061449772,7.9747893329505,6.20088808799485,4.80872337715635,4.0096279406454,3.40261695534806,2.88069475275989,2.43547333914685,2.03470987024823,1.73822152998634,1.46621779138458,1.23153496954786,1.02421033994664,0.837530126370483
Latin America,Mexico,MEX,Shopping Center,RSM,MEX.RSM.CO2,kgCO2/sqm,87.2411260974968,82.6073830798705,75.0395573369959,67.9411337188462,61.2996262370112,55.3029043969105,49.3161603092167,43.9337895709142,38.9315145411309,34.2911919232214,29.8136385922175,26.0227186454503,22.4126547584419,19.0998870973978,16.069654222975,13.3157174548122,10.7946128036149,8.5376934211672,6.6640096058761,5.19236678484459,4.03741568019608,3.3744796425759,2.87089841935937,2.43790753851976,2.06854825260894,1.73607163723169,1.49010251200179,1.26444601035307,1.06975124312319,0.897753053458873,0.742881638311496
Latin America,Mexico,MEX,Retail Warehouse,RWB,MEX.RWB.CO2,kgCO2/sqm,44.3527769307005,42.0071351967682,38.1762348144878,34.5829499429431,31.2209600642735,28.1853663851641,25.1548235326474,22.4302198195727,19.8980239188001,17.5490515329611,15.2824744010056,13.363477166306,11.5360308700143,9.85907855500508,8.325147850013,6.93108067981367,5.65487518827811,4.51240261838107,3.56392728502267,2.81896866187018,2.23432218894115,1.8987380983141,1.64382082536476,1.42463700860019,1.23766406846255,1.06936146263852,0.944849714101021,0.830620395429926,0.732064180798373,0.644997174643142,0.566599893356505
Latin America,Mexico,MEX,Hotel,HOT,MEX.HOT.CO2,kgCO2/sqm,84.5380880750609,80.0481406700915,72.7151618177409,65.837018471757,59.4016121124233,53.5909822259872,47.7900204595475,42.5746769592502,37.727633930864,33.2313111056123,28.8927064651132,25.2194274091344,21.7213920369548,18.5114271108913,15.5752292727261,12.906753442576,10.4638844178499,8.27700239053427,6.46146325679328,5.03548886844292,3.91637853033021,3.27401490972135,2.78606096023136,2.36650677381963,2.0086095488401,1.68645044102,1.4481142986557,1.2294604328418,1.04080748822236,0.874146794609196,0.724081392643697
Latin America,Mexico,MEX,Distribution Warehouse Warm,DWW,MEX.DWW.CO2,kgCO2/sqm,35.7207760399199,33.8169850729993,30.7077150436278,27.7913006649701,25.0626120211336,22.5988360139418,20.1391594043279,17.9277918871349,15.872588139424,13.9660939186678,12.1264740793618,10.5689601810896,9.08575168377979,7.72468847319338,6.4797057557557,5.34824034587958,4.31243489802591,3.38517097401719,2.6153608423703,2.0107307844331,1.5362147243277,1.26384492840535,1.05694666490138,0.879050712414195,0.727298043051549,0.590698759349402,0.489641407447754,0.396929574307333,0.316938487674123,0.24627237637618,0.18264286561776
Latin America,Mexico,MEX,Healthcare,HEC,MEX.HEC.CO2,kgCO2/sqm,140.537082174177,133.054821779616,120.834799518249,109.372736624414,98.6484715535014,88.9653635022547,79.2983668627495,70.6072721579172,62.5299307525617,55.0370460565615,47.8069903919148,41.6856647014844,35.8563733616649,30.5071362174543,25.6141174772383,21.1672433344194,17.0963310264984,13.452007540114,10.4265073883459,8.0501963255919,6.18525800788757,5.11479293471792,4.30164342953714,3.60247851974637,3.00606168225207,2.46920053093401,2.07202592781256,1.70765079983527,1.39327062373766,1.1155393733066,0.865463300594123
Latin America,Mexico,MEX,Leisure/Lodging,LEI,MEX.LEI.CO2,kgCO2/sqm,127.083530142023,120.316794656692,109.265367159242,98.8994157449898,89.200706907993,80.4435897530896,71.7010432834873,63.8410737229103,56.5361645333714,49.7598207433619,43.2211717727318,37.685225470086,32.4133864156524,27.5756942084295,23.1505924619203,19.1289707227348,15.4473577716935,12.1515391614151,9.41536611232889,7.26630051656182,5.57970533985071,4.61160831910416,3.87621990418267,3.24391579343312,2.70453400698057,2.21901262550602,1.85981963580898,1.53028952345842,1.24597337014321,0.994801423622437,0.768640003674288
Latin America,Mexico,MEX,Distribution Warehouse Cold,DWC,MEX.DWC.CO2,kgCO2/sqm,87.9280640982645,83.1336888789788,77.3350943624432,71.7363478384715,66.3400321850343,61.3798980497501,56.1413267561911,51.3253663590322,46.6888836714606,42.2255601545489,37.6850567868075,33.7872401065269,29.8729260735133,26.1139688313441,22.5053153008227,19.0548314648704,15.7092717813683,12.5370539245849,9.77923281775327,7.53051288138109,5.69512435311031,4.70832988643683,3.96832902745096,3.30874927047018,2.72706821259691,2.16724009845847,1.77578491639951,1.387398984047,1.03828983276862,0.709023717585106,0.383264250994563
Oceania,New Zealand,NZL,Residential Multi-Family,RMF,NZL.RMF.CO2,kgCO2/sqm,16.3849371319244,15.3969133779332,14.2400652565045,13.1128443743116,12.0255192301428,11.0241132983828,9.98762465856426,9.03967246058252,8.13959395997723,7.28722006212214,6.45394326969763,5.74850245115264,5.05633502711527,4.4044290524294,3.79121480510065,3.21710149795096,2.67333116478462,2.16941865416976,1.73914493010799,1.3933202326179,1.11524675418198,0.961968074203827,0.846435714508384,0.744904092707555,0.656518627358519,0.573595078679198,0.514393949677442,0.457385011382902,0.406936187753089,0.360486035566701,0.316020956317929
Oceania,New Zealand,NZL,Office,OFF,NZL.OFF.CO2,kgCO2/sqm,37.0073385285875,34.7908237060388,31.7864599088856,28.9127977834995,26.1894632144764,23.7110487193208,21.2159951027421,18.9634923255496,16.862860537892,14.9096667036056,13.0429915864528,11.4741623253471,9.97115078472901,8.58413913614177,7.30674579539003,6.13641818243933,5.05390963824401,4.07363414211222,3.25160524254261,2.60023545915364,2.08388627101158,1.79222967965506,1.57140148431453,1.379789692542,1.21484041670131,1.06344602082672,0.953097363809125,0.849416266963584,0.758653939016046,0.676546876514238,0.599899849795161
Oceania,New Zealand,NZL,Retail High Street,RHS,NZL.RHS.CO2,kgCO2/sqm,69.5737964337445,65.3852668909098,59.7079457226582,54.2776104116296,49.1313478279849,44.4479086618022,39.7330266868739,35.4764910068015,31.5069446668839,27.816010595717,24.288570221518,21.3239666732103,18.4837383214497,15.8627139965669,13.4488344722213,11.2372761592466,9.19166880683583,7.3392503912695,5.78586924719393,4.5549812092347,3.57924046211673,3.02809943800459,2.6108022421252,2.2487150399869,1.93701177145947,1.65092304636303,1.44239811107798,1.24647280854754,1.07495999567694,0.919802965610816,0.774963719548775
Oceania,New Zealand,NZL,Shopping Center,RSM,NZL.RSM.CO2,kgCO2/sqm,62.5424021133129,58.7766178264085,53.6723045755483,48.7900490780608,44.1631950531381,39.9524520130528,35.7134396641565,31.8865130502364,28.3176101500355,24.9991993839046,21.8277810142109,19.1623927568412,16.6088265974292,14.2523403610786,12.0820919504374,10.0937446177035,8.25459893516618,6.58914376986948,5.19254426063592,4.085888861675,3.20862892211579,2.7131141627606,2.33793447090428,2.01239246807081,1.73214918488678,1.47493518779998,1.28745652334421,1.11130581982625,0.957103671051681,0.817606527758211,0.687385801995259
Oceania,New Zealand,NZL,Retail Warehouse,RWB,NZL.RWB.CO2,kgCO2/sqm,25.5744788312396,24.0494016839333,21.9822435839193,20.0050150123249,18.1312195955586,16.4259418912714,14.7092156085333,13.1593768820815,11.7140332725234,10.370134621079,9.08576533391965,8.00632944213238,6.97217955537522,6.01784361013861,5.13893074554446,4.33368465415118,3.58886263639552,2.91438225755651,2.34878374388748,1.90060755260441,1.54533253307618,1.34465767278916,1.19271642215161,1.06087757234384,0.947383916226485,0.843216720487599,0.76729112173164,0.695953150156533,0.633503961556051,0.577010044447946,0.524272915118115
Oceania,New Zealand,NZL,Hotel,HOT,NZL.HOT.CO2,kgCO2/sqm,47.7394667018779,44.873838231829,40.9896366267135,37.2744131073246,33.7535410630371,30.549314740863,27.3235764758941,24.4114208604561,21.6956121527664,19.1704190874573,16.7570820298265,14.7288159656724,12.7856425576757,10.9924399911752,9.3409578140789,7.82789591490359,6.42837118727277,5.1610187916879,4.09825602834177,3.2561304640008,2.58856671979581,2.21149753750738,1.92599907969438,1.67827314521629,1.46501793205263,1.26928718998379,1.12662256624008,0.992578119569143,0.875235745708861,0.769083360214454,0.669989999919116
Oceania,New Zealand,NZL,Distribution Warehouse Warm,DWW,NZL.DWW.CO2,kgCO2/sqm,19.2438160348655,18.0825254675755,16.5084600461091,15.0028726772179,13.5760458793963,12.277539167066,10.9703147802316,9.79016917446459,8.68959278510789,7.66626302761153,6.6882627076083,5.86631168608721,5.07884430400996,4.35215232440316,3.68289226701797,3.06972676786019,2.50257199470179,1.98897981141361,1.55829719318853,1.21702738638546,0.946498430063054,0.793691850569567,0.677994135565904,0.57760366485788,0.491182389364286,0.411862872940945,0.354048301522785,0.299727040709126,0.252174263602245,0.209156208310559,0.168998809752159
Oceania,New Zealand,NZL,Healthcare,HEC,NZL.HEC.CO2,kgCO2/sqm,55.1409344075954,51.8326629344794,47.3484831113303,43.059382792183,38.9946546997763,35.2954834199506,31.5714773272999,28.2094918331846,25.074182225538,22.1589319516844,19.3728156682161,17.0312508666158,14.7879226682177,12.71773075106,10.8111502463116,9.06437128650635,7.44866716410052,5.98555154373291,4.7586277574097,3.78642218002605,3.0157423398016,2.58042867922274,2.25083033335439,1.96483909242744,1.7186431373075,1.49267859334582,1.32797709422019,1.17322729895328,1.03775948374727,0.915210132913811,0.800810188724716
Oceania,New Zealand,NZL,Leisure/Lodging,LEI,NZL.LEI.CO2,kgCO2/sqm,68.4635762778869,64.3387570771495,58.7477917696187,53.4000554988572,48.33207101887,43.7198701019149,39.0767046424127,34.8849137233723,30.9757468442419,27.3409543544887,23.8671687129757,20.9476587719385,18.1506321973349,15.5694754094185,13.192312610765,11.014393582233,8.99990128891063,7.17565939920049,5.64590622362425,4.43374081783937,3.47284174156589,2.93008394188394,2.51913411608606,2.16255450301485,1.85559245014977,1.57385532633958,1.36850219510341,1.17555704776159,1.00665305974714,0.853856072116724,0.711219928079239
Oceania,New Zealand,NZL,Distribution Warehouse Cold,DWC,NZL.DWC.CO2,kgCO2/sqm,47.369393316592,44.4805035598107,41.0979870214719,37.802097780912,34.6228599755547,31.6948419729965,28.6642453881509,25.8925211420432,23.2607751438383,20.768512976543,18.3320889730973,16.2694454926368,14.245612185794,12.3394996201327,10.5465180742293,8.86786404839572,7.27793006231486,5.80453665011338,4.54645621527269,3.53529689629341,2.72223585374157,2.2740632194976,1.93625732247065,1.63938828361916,1.38095738611925,1.13849662603333,0.965398019373128,0.798709174880489,0.651201496813943,0.515385562925592,0.385373798069392
Asia-Pacific,Philippines,PHI,Residential Multi-Family,RMF,PHI.RMF.CO2,kgCO2/sqm,24.4001222548011,22.9032608815016,21.1550618809758,19.4830254643415,17.8872755618711,16.4281122575678,14.9184302010272,13.5403454062791,12.2297138749041,10.984157738649,9.75824553132655,8.71875901025106,7.68922928835394,6.71119968707708,5.78255639293949,4.90455397580496,4.06408915718054,3.2772092981481,2.59954888503519,2.05078112876384,1.60613243772286,1.36083991230315,1.17493575376667,1.01021110297533,0.865681830685738,0.728969399918956,0.630745103971037,0.535507259464945,0.45071909358741,0.372272424279484,0.296937260184668
Asia-Pacific,Philippines,PHI,Office,OFF,PHI.OFF.CO2,kgCO2/sqm,72.7159860575852,68.2560197841555,62.0566634602483,56.241213773274,50.7992969022931,45.8885142267911,40.9760573214915,36.5603703114846,32.4528782532847,28.6378900208987,24.9900699453728,21.9252951207889,18.9826364585233,16.2610705819483,13.7483367048246,11.4403935451918,9.30029414117914,7.35851341590299,5.72887381859083,4.43798877965725,3.41598832254324,2.84256109501945,2.41056941560391,2.03726389874481,1.71779220085466,1.42637358520128,1.21729961407389,1.02270063518392,0.854933998138389,0.705687280347611,0.568840558411028
Asia-Pacific,Philippines,PHI,Retail High Street,RHS,PHI.RHS.CO2,kgCO2/sqm,111.255458668105,104.423334881734,94.9266779107869,86.0181190341145,77.6817668246412,70.1590473532233,62.6337631661726,55.8694698050394,49.5772934806706,43.7331973038701,38.1451823327978,33.4503214986128,28.9425277151914,24.7734210848793,20.9242195801523,17.3887324504718,14.1103614613321,11.135790474078,8.6393815836478,6.66190331604052,5.09632339801991,4.21790289868609,3.55614439032417,2.98428591764668,2.49489428272986,2.04847654462761,1.72820074797859,1.43009887209707,1.17310086779673,0.944473118584616,0.734840649029894
Asia-Pacific,Philippines,PHI,Shopping Center,RSM,PHI.RSM.CO2,kgCO2/sqm,92.5265888842561,86.8471060670321,78.9526208712048,71.5470163112845,64.6170819874248,58.363513212523,52.1078124126721,46.484716415516,41.2540870483368,36.3959426621718,31.7506762702036,27.8478808480536,24.1005925761984,20.6348518767593,17.4350454198359,14.4960268904011,11.7707466871286,9.29801268245152,7.22277051159877,5.57891068213938,4.277458231713,3.54723520176499,2.99712132869806,2.52174054359948,2.11491369614864,1.74381066111385,1.4775682830894,1.22975888519343,1.01611876462121,0.826062580952366,0.651797001756724
Asia-Pacific,Philippines,PHI,Retail Warehouse,RWB,PHI.RWB.CO2,kgCO2/sqm,46.9497378992531,44.0781472502343,40.0866341852761,36.3423029690418,32.8384743207078,29.6766213501267,26.5136904111629,23.6706093765659,21.0259625200382,18.5696469645817,16.2209641773175,14.2476804823142,12.3530224109835,10.6007169802405,8.9828699691526,7.49687936084874,6.11895651126461,4.86872298228771,3.81946441349728,2.98831610889153,2.33029163605516,1.96108519737422,1.68294334808403,1.44258712883949,1.23689231321882,1.04925973477407,0.914645519411193,0.789351162048411,0.68133305683821,0.585239173402814,0.497129142301665
Asia-Pacific,Philippines,PHI,Hotel,HOT,PHI.HOT.CO2,kgCO2/sqm,93.8036220142849,88.0441763314347,80.0385426949451,72.528672767673,65.5011701572332,59.1595558162605,52.8157794330239,47.1135144544491,41.809241742147,36.8826983204983,32.1720300558152,28.2142861962895,24.4142389113009,20.8997031777428,17.6548458417202,14.6744481319435,11.9107980239277,9.40324977589276,7.29878974908548,5.63178560404635,4.31200967756387,3.57150565409937,3.01364658959039,2.53157279897292,2.11901813411638,1.74269024620695,1.4726993748455,1.22140100617128,1.00475299266172,0.81202096022896,0.635301852157371
Asia-Pacific,Philippines,PHI,Distribution Warehouse Warm,DWW,PHI.DWW.CO2,kgCO2/sqm,37.8123127499443,35.4847510274044,32.2494385610579,29.2144788190083,26.3744579243214,23.8116246914098,21.2479177135072,18.9434643985934,16.7998514867068,14.8088901122807,12.9051702502967,11.3057293279733,9.77001823849849,8.34969078054768,7.03834831005296,5.833881767747,4.71700931853457,3.70363517787253,2.85316086580508,2.1794753667193,1.64611502303949,1.34685552563074,1.12140823840493,0.92658801363537,0.759862516208655,0.607777326894259,0.498666059556963,0.397108983395187,0.309555136848689,0.231666443022896,0.160249043807966
Asia-Pacific,Philippines,PHI,Healthcare,HEC,PHI.HEC.CO2,kgCO2/sqm,148.765863826583,139.616450359485,126.898759067689,114.968634393827,103.804794926517,93.7305525689216,83.652875606731,74.5942989900109,66.1679699890083,58.3416989882248,50.8583656896292,44.5711226176968,38.5343951756071,32.9512293048072,27.7964725723282,23.0618344761069,18.6715200415214,14.6880471565724,11.3449172842697,8.69672663985652,6.60014021466159,5.4237809159011,4.53757006877743,3.77175115583163,3.11636981977833,2.51853807775219,2.08963254578689,1.69042178745746,1.34625633099228,1.04008362789129,0.759348939812123
Asia-Pacific,Philippines,PHI,Leisure/Lodging,LEI,PHI.LEI.CO2,kgCO2/sqm,134.524574206533,126.250272135488,114.748986312847,103.959938943665,93.8638841137736,84.7532100029777,75.639429796254,67.4472763287142,59.8268980656678,52.7491842227851,45.9816072154117,40.295718326651,34.8363840692108,29.7872297060517,25.1255085519405,20.8437230641506,16.8733278088415,13.2708610430307,10.2474905804716,7.85259068744722,5.95653587885234,4.8926914895886,4.09124380399579,3.39867295885699,2.80597669851959,2.26532560225299,1.87744347798513,1.51641591962776,1.20516876051178,0.928280472483702,0.674397136755057
Asia-Pacific,Philippines,PHI,Distribution Warehouse Cold,DWC,PHI.DWC.CO2,kgCO2/sqm,93.0764621537091,87.3186942735193,80.5941409962713,74.1625517082237,68.0244031146721,62.4116431388104,56.6045597244739,51.3036731434483,46.2622496230587,41.4711425491321,36.755597036928,32.7571492115654,28.7970008169459,25.0349507536899,21.4628681102899,18.0855786656682,14.8526798659362,11.8258988568716,9.21923705779193,7.10836866536479,5.39800055986626,4.45446801282814,3.73937641389427,3.10575307353695,2.54981247905031,2.02393983864906,1.6461141385867,1.27977600477076,0.953633192337995,0.651883330322767,0.362102061454944
Asia-Pacific,Singapore,SGP,Residential Multi-Family,RMF,SGP.RMF.CO2,kgCO2/sqm,24.8764933232943,23.5850261795014,21.9786332860954,20.4019476884419,18.8636412977678,17.4354309434266,15.9241118720015,14.5291592142385,13.186515938524,11.8971638924972,10.614160393578,9.52281935418497,8.43154703450924,7.38708887131838,6.38795850321007,5.43615303079406,4.51724420189612,3.64950419067645,2.89698747520267,2.28400138027576,1.78401746213577,1.51087940284404,1.30407912586273,1.1193862591794,0.955947660232491,0.79900831576068,0.686420639589317,0.575096606995529,0.474326723895216,0.379024072275434,0.285007935281688
Asia-Pacific,Singapore,SGP,Office,OFF,SGP.OFF.CO2,kgCO2/sqm,100.0389225,94.851060708328,86.6777141790801,78.870276793695,71.4545808292128,64.687280623433,57.8419775387278,51.6458785415216,45.8494292795372,40.4436888616369,35.2606216483116,30.8982458887358,26.7067592622572,22.8300610169812,19.2527095807114,15.9699080568055,12.9295191858813,10.1743655631715,7.86460540871022,6.03664045190664,4.59058669578715,3.77921199094096,3.16810226572956,2.64010908911593,2.18815371573968,1.77566897564087,1.47918893704519,1.20282327096391,0.96398137039247,0.750890559631889,0.55495454167832
Asia-Pacific,Singapore,SGP,Retail High Street,RHS,SGP.RHS.CO2,kgCO2/sqm,153.059551425,145.115230099736,132.599150501141,120.643398053004,109.28753046091,98.9245698620856,88.4421612210116,78.9538973902421,70.0776286437008,61.7996635387501,53.8626842886096,47.1824533635593,40.7639098617361,34.8274108225753,29.3493101243755,24.3222621419406,19.6664275969355,15.4473819557412,11.9103800871124,9.11116500172167,6.89678147464703,5.65430015395401,4.71849033152069,3.90995926014576,3.21786705434637,2.5862173595967,2.13220898626037,1.70900232756626,1.34325688555733,1.01694482480416,0.716902389534463
Asia-Pacific,Singapore,SGP,Shopping Center,RSM,SGP.RSM.CO2,kgCO2/sqm,152.6083955,144.68337610267,132.197706208887,120.271002066164,108.942725268667,98.6049430470101,88.1480030001541,78.6827923387099,69.8280898270499,61.5702372879633,53.6525421270775,46.9885418315074,40.5855931500653,34.663517731494,29.1987269059147,24.1838928954363,19.5393704033032,15.3305755704013,11.8021673817581,9.00975341198694,6.80075006397469,5.56128753921529,4.62775140801543,3.82118478493426,3.13077412162711,2.50065911516468,2.04775382370847,1.62557540947894,1.26071860123431,0.935199364892813,0.635885928014014
Asia-Pacific,Singapore,SGP,Retail Warehouse,RWB,SGP.RWB.CO2,kgCO2/sqm,64.5910403714969,61.2480564005594,55.9812687463363,50.9502677132442,46.1716992512997,41.8109477465544,37.3999323017879,33.407254689741,29.6721056535287,26.188723810724,22.848829397528,20.0377768242156,17.336842765176,14.8387538386508,12.5335597162749,10.4181693464305,8.45898622454536,6.68360461877961,5.19522819644132,4.01731371154899,3.08549734443187,2.56265908434575,2.16886871407312,1.82863745945157,1.53740387817127,1.27160460868798,1.08055711040664,0.902471026210966,0.748564720056026,0.611252048027976,0.484993679233418
Asia-Pacific,Singapore,SGP,Hotel,HOT,SGP.HOT.CO2,kgCO2/sqm,189.186003797932,179.352706453874,163.860592371895,149.062038287657,135.006007814959,122.178974672564,109.204091503902,97.4597378068635,86.472897481946,76.226623577861,66.4024140847161,58.1337786250584,50.1890538103049,42.8409924914426,36.060326045489,29.8379622273327,24.075077823327,18.8528406303169,14.4748214570352,11.0100177138777,8.26910495821377,6.73119029306059,5.57286652131015,4.57208544622247,3.71542970805538,2.93358831324615,2.37162724081181,1.84779181893752,1.39508056315403,0.991179035388008,0.619793442957401
Asia-Pacific,Singapore,SGP,Distribution Warehouse Warm,DWW,SGP.DWW.CO2,kgCO2/sqm,45.017515125,42.6781071207469,38.9924283074156,35.4717521125727,32.1277273113982,29.0760892947496,25.9892767559876,23.1952155085431,20.581371820282,18.1437138967708,15.8064679537698,13.8393036037299,11.9491997888125,10.2010462586566,8.58787980972181,7.10753733534671,5.73650812402502,4.49410254408823,3.45254214594393,2.62824188060047,1.97616018153195,1.61027987184199,1.33470680531747,1.09661421280782,0.892810013602118,0.706804653133866,0.573110309829389,0.448486316883172,0.34078324452207,0.244692336871769,0.156337190353048
Asia-Pacific,Singapore,SGP,Healthcare,HEC,SGP.HEC.CO2,kgCO2/sqm,149.057994525,141.323592108678,129.138234502056,117.498398090889,106.4425953171,96.3534631918799,86.1480392918462,76.9104911496246,68.2687668750981,60.2095368051421,52.4822824586491,45.9785684102271,39.7296270170969,33.9499926552589,28.6166440226614,23.7224295932094,19.1896197431891,15.0820571880275,11.6385162385621,8.91326696504641,6.75739579603871,5.54774551434097,4.63666331417511,3.84949668079301,3.17569215933824,2.56073303000337,2.11872126889849,1.70669732505348,1.35061625599645,1.03292658965098,0.74081240628215
Asia-Pacific,Singapore,SGP,Leisure/Lodging,LEI,SGP.LEI.CO2,kgCO2/sqm,185.072006625,175.455233802834,160.304248690857,145.831551715956,132.085028336486,119.54044035173,106.851257927834,95.3655093029505,84.6205939666939,74.5999381315671,64.9920530501678,56.9054890032785,49.1357032432378,41.9494427332226,35.3180833313815,29.2327329995081,23.5967445640304,18.4894985455838,14.2078812683458,10.8193708526134,8.13881168976815,6.63476117271628,5.50194313847171,4.52319878577941,3.68540619876527,2.92078057891773,2.37119362152064,1.85889280602537,1.41615003637466,1.0211422277886,0.657934369135902
Asia-Pacific,Singapore,SGP,Distribution Warehouse Cold,DWC,SGP.DWC.CO2,kgCO2/sqm,128.0498208,121.343301117898,113.001388891486,104.813745060227,96.8254023944893,89.4087825465848,81.560583583752,74.3166691722615,67.3443945790608,60.6488584863333,53.9862900585861,48.3190145140615,42.6520958273467,37.2282805469987,32.039850077893,27.0971752564933,22.3253309423112,17.8192035567544,13.9114245724485,10.7282206247208,8.13183092649563,6.7134396190782,5.6395368608818,4.68043669986817,3.83170881242581,3.01673120524858,2.43206943523421,1.85396969861334,1.33067709483052,0.8357755311969,0.347554769086015
Asia-Pacific,South Korea,KOR,Residential Multi-Family,RMF,KOR.RMF.CO2,kgCO2/sqm,33.4845510953085,31.7092874302007,29.5121108242927,27.3586282370192,25.2605199327152,23.3141514581695,21.2597875027179,19.3654503727811,17.5449475634318,15.7994904802629,14.0662437053002,12.592621079875,11.122439196504,9.71805317765852,8.37737744993339,7.10295433857401,5.87553799199203,4.719258631343,3.7185707760791,2.90494513306478,2.24266615398529,1.88071087042958,1.60698792995441,1.36314814552292,1.14795575295952,0.94204204688988,0.794668338851038,0.649537978753478,0.518712904489527,0.395573593886528,0.274693017634027
Asia-Pacific,South Korea,KOR,Office,OFF,KOR.OFF.CO2,kgCO2/sqm,59.7544101531887,56.6114200966331,51.8162958250036,47.2296877601494,42.8672161674394,38.882692786178,34.8419585192662,31.1804238417761,27.7492442873022,24.5435240814781,21.4623827025576,18.8673907029945,16.367089339996,14.0487734156063,11.9035652170017,9.92906142475327,8.09392710722671,6.42483152799462,5.02107526401946,3.90690999824818,3.02267906667624,2.52757488190188,2.15430022768907,1.83058248070727,1.55236927526626,1.29690830241315,1.11306234996313,0.940387741477692,0.790116808942678,0.654867517061448,0.529122267417337
Asia-Pacific,South Korea,KOR,Retail High Street,RHS,KOR.RHS.CO2,kgCO2/sqm,91.4242475343787,86.6087847853977,79.2620411141589,72.2347709405186,65.5509065088235,59.4461070759118,53.2551853769202,47.6452459478154,42.3882400291451,37.4766666684203,32.7559640039022,28.7801043661233,24.9493228943104,21.3973663900309,18.1106330617971,15.0854407168635,12.2737802322897,9.71651233081589,7.56577819669994,5.85873450995986,4.50397963136894,3.74541669742878,3.1735121860698,2.67753519482113,2.25127698115565,1.85987809778128,1.57820258508678,1.31364300013927,1.08340871213455,0.876189498850159,0.683531693821619
Asia-Pacific,South Korea,KOR,Shopping Center,RSM,KOR.RSM.CO2,kgCO2/sqm,75.8881008945496,71.8930169908694,65.797889914735,59.9678097290948,54.4226314985922,49.3578667561419,44.2216518339478,39.5674410379904,35.2060367821532,31.1312160020883,27.2147485279982,23.9162300532071,20.7380737275674,17.7912407861596,15.0644466856145,12.5546365442447,10.2219802389059,8.10037731865946,6.31604967078792,4.89982383512604,3.77586967100419,3.14653813522312,2.67206524925679,2.26058460915577,1.90694521518749,1.58222639575145,1.34853809506533,1.12904979363225,0.938039013146497,0.766122379859084,0.606286423086132
Asia-Pacific,South Korea,KOR,Retail Warehouse,RWB,KOR.RWB.CO2,kgCO2/sqm,44.8158076148915,42.4620450990828,38.8710112217515,35.4361336231914,32.1691102071343,29.1851294724149,26.159052812082,23.4169559809978,20.8473704350668,18.4466297642838,16.1391852757198,14.1958145403733,12.3233569377231,10.5871869134974,8.9806560127874,7.50196440705895,6.12764559269971,4.87767198826392,3.82640907746187,2.99201877020696,2.32982462240441,1.9590446801926,1.67950199205872,1.43707211323726,1.22872025637912,1.03740738190803,0.899726478127423,0.770411713024288,0.657874898763994,0.556587682517247,0.462417974746143
Asia-Pacific,South Korea,KOR,Hotel,HOT,KOR.HOT.CO2,kgCO2/sqm,75.5205277702496,71.5441361270128,65.4775270258419,59.6747247096691,54.1554913449537,49.1144237022222,44.0022401819544,39.3698055795524,35.0288075294957,30.9730520840064,27.0749090385913,23.7918237231267,20.6285374045258,17.6954921507241,14.9814562166485,12.4833890138395,10.1616467769497,8.04997044530533,6.27399133726787,4.86439176098003,3.74569637100879,3.11930936136425,2.6470564464853,2.2375010483761,1.88551626788139,1.56231674788689,1.32972183164133,1.11126047547237,0.921143399184679,0.750031132103692,0.590943018280788
Asia-Pacific,South Korea,KOR,Distribution Warehouse Warm,DWW,KOR.DWW.CO2,kgCO2/sqm,31.0722932796581,29.4312473956411,26.9275745211772,24.5327739806127,22.2550015656392,20.1745668277213,18.0647827629288,16.1529897557738,14.3614718114365,12.6876727047212,11.078919801604,9.72399953036173,8.41851997531424,7.20806027384755,6.08798511569144,5.05703965835951,4.09886302903356,3.22738002048354,2.49443833192975,1.91270046747324,1.45101795984007,1.19250976542535,0.997612287583782,0.828589902304606,0.683326752420989,0.549943200298963,0.453951918706448,0.363793518447357,0.28533272446246,0.214715162916258,0.149059936316748
Asia-Pacific,South Korea,KOR,Healthcare,HEC,KOR.HEC.CO2,kgCO2/sqm,89.0340711282511,84.3466609700894,77.1952816096608,70.3548803204931,63.8487529416584,57.9062920885606,51.8799991292021,46.4192389826881,41.3020271529618,36.5210621525597,31.9258922225242,28.0557584835614,24.326844997838,20.8693419773792,17.6700093289869,14.7252627766363,11.9883698540439,9.49910471726221,7.40556281832556,5.74391276831851,4.42518347671095,3.68679221765521,3.13009576795058,2.64730777680986,2.2323846043363,1.85139378425147,1.57720857540752,1.3196841482516,1.09557224112931,0.893863392790466,0.70632873632759
Asia-Pacific,South Korea,KOR,Leisure/Lodging,LEI,KOR.LEI.CO2,kgCO2/sqm,110.545658783399,104.712470053214,95.8130257795162,87.3005742628856,79.204105717823,71.8090849049978,64.3097402798826,57.5141658645685,51.1461158395132,45.1965039602981,39.478102424112,34.6619630745147,30.0215634963208,25.7189172646053,21.7375479115909,18.0729950299719,14.6671029887153,11.5693682370351,8.96408630117058,6.89626675516075,5.25519064225104,4.3363089089572,3.64353500034231,3.04273554521314,2.52638961176608,2.05227036829579,1.71106402700154,1.39059098633588,1.11169773679815,0.860683692537489,0.627308543428006
Asia-Pacific,South Korea,KOR,Distribution Warehouse Cold,DWC,KOR.DWC.CO2,kgCO2/sqm,76.4856449960815,72.414940595189,67.3767839230281,62.4388182464044,57.627826574719,53.1647764538735,48.4540911856185,44.1103496653192,39.9359112742728,35.933553782439,31.9591946980127,28.5801574178186,25.2090098072537,21.9887330338207,18.9145448485468,15.9922748387594,13.1777919977245,10.5264272598734,8.23183601891819,6.36618104563495,4.84756608846252,4.01759756341693,3.38994703447434,2.83081900008306,2.33737983571351,1.86521682918295,1.52728685648049,1.19450091196763,0.894517187847973,0.612157027243853,0.334976176080768
Oceania,Australia,NCC Zone 1,Office,OFF,AUS1.OFF.CO2,kgCO2/sqm,143.221529,134.189536971567,122.626311873759,111.544825042232,101.023247185055,91.4373670089189,81.7529831747561,72.9982011134816,64.8157538616398,57.1899679588442,49.8789634821377,43.7319275622499,37.8219599673212,32.3519919806591,27.2983117156896,22.6526801203331,18.3389299685815,14.4177220313889,11.1213738154868,8.50623736572189,6.4313728831369,5.27398732491948,4.40346929699665,3.64890236225752,3.00069965226176,2.40465936210339,1.97777523440067,1.57578122217731,1.22561658894796,0.909542310788379,0.614097645020346
Oceania,Australia,NCC Zone 1,Retail High Street,RHS,AUS1.RHS.CO2,kgCO2/sqm,269.25647452,252.276329506545,227.861636695277,204.792857020667,183.191512324115,163.70403021686,144.44932670235,127.237747115349,111.399260990296,96.8757730188421,83.2321051976334,71.8493327985015,61.1474523104311,51.4388320231199,42.6591203836892,34.7692638912703,27.6277454778186,21.3029503233245,16.1037788730875,12.0604671362765,8.92057145707868,7.14935552231069,5.82782399266727,4.70941553122152,3.77216890554061,2.94044277352851,2.34911471169362,1.81515378605316,1.36685226268638,0.980227521366755,0.638239943878004
Oceania,Australia,NCC Zone 1,Shopping Center,RSM,AUS1.RSM.CO2,kgCO2/sqm,221.99336995,207.963953063673,188.495650817232,170.029356711579,152.671311115831,136.969002233685,121.356014058302,107.354725483626,94.4122574723236,82.4876511233537,71.2172084195469,61.7925471800281,52.8709297789879,44.7268643080215,37.3121212620594,30.6002775418925,24.4741967769857,19.0015247221426,14.4686244704803,10.9192618543616,8.1422794488039,6.58197521243283,5.41455991702486,4.41819133937774,3.57575468622247,2.81835069648946,2.2784065998259,1.78304062898297,1.36115976532242,0.990655539267153,0.655412105352806
Oceania,Australia,NCC Zone 1,Retail Warehouse,RWB,AUS1.RWB.CO2,kgCO2/sqm,98.975395346488,92.7204018612425,85.8089209101546,79.0527606390437,72.5162195056429,66.4831842349779,60.2136179235171,54.4672862393206,48.9966967784774,43.8025757114913,38.7099378837569,34.3923146627827,30.1437878143362,26.132438112786,22.3498573252329,18.7998525895444,15.4291303383287,12.2979960214815,9.61844731807706,7.45989000947723,5.71988869651712,4.75722322433374,4.02886436520974,3.38662339428559,2.82545939067598,2.29735466085574,1.91737305512227,1.55034843986102,1.22388757583322,0.921964964475737,0.631954840424719
Oceania,Australia,NCC Zone 1,Hotel,HOT,AUS1.HOT.CO2,kgCO2/sqm,193.16789179839,180.960171884489,164.434174444069,148.71178998323,133.889431074345,120.452819023316,107.029174345644,94.9621809847848,83.7705178668479,73.4229937050206,63.6001295364163,55.3721455572529,47.5455231767245,40.3698325184801,33.8061749676282,27.835210951096,22.3547636953754,17.4307589806127,13.3321346527228,10.1086644773977,7.57466669197095,6.15440071582299,5.0898647902975,4.17647512384913,3.39994606379362,2.69627130207057,2.19380949449723,1.72851637238386,1.32899425039098,0.974560016078341,0.649915616893617
Oceania,Australia,NCC Zone 1,Distribution Warehouse Warm,DWW,AUS1.DWW.CO2,kgCO2/sqm,63.01747276,59.0349286116232,55.7937829064692,52.46047272907,49.087036995352,45.8803122139454,42.3418105388406,39.0083872266065,35.7218138118653,32.4950009331264,29.2081238505531,26.3832782363388,23.5006869665863,20.6973223110229,17.9764157197031,15.3506105719304,12.7852744315872,10.3385671912511,8.200749659349,6.4487221261078,5.01182843600893,4.2238516504716,3.62382816183213,3.08509802425835,2.60614948705238,2.14506849960521,1.81184362908985,1.48233295066203,1.18376317304704,0.901886838667441,0.625098326008079
Oceania,Australia,NCC Zone 1,Distribution Warehouse Cold,DWC,AUS1.DWC.CO2,kgCO2/sqm,183.32355712,171.737974142904,156.216818082182,141.431520067185,127.475136329769,114.812293850505,102.136342931947,90.729940502189,80.136203608969,70.3272767527579,60.9987824433052,53.1794817612929,45.7268166624578,38.8818405790219,32.6088415355403,26.8908990897396,21.6309453956726,16.8943188362501,12.9440062731781,9.83183327181335,7.38081839163756,6.00837758925307,4.97897651711312,4.09392539786221,3.33990477291083,2.6545793513014,2.16491830964686,1.70989551804004,1.31800924287706,0.969063152634791,0.648038483350035
Oceania,Australia,NCC Zone 1,Healthcare,HEC,AUS1.HEC.CO2,kgCO2/sqm,213.40007821,199.913735525724,181.710764731588,165.348245100665,150.550965421522,137.585406640761,124.621257938384,113.20219552477,102.49789468946,92.4671859661833,82.6420005520419,74.4406392894807,66.1462433587512,58.2664551881837,50.695711164353,43.4323746355494,36.3394732233443,29.5600388195386,23.6082132247233,18.6832781516168,14.5958403672769,12.352320827316,10.6019152052923,9.02268648971407,7.61902625307921,6.26798786984178,5.29264658064533,4.32545558168209,3.45127352138126,2.62708939774598,1.81929894912402
Oceania,Australia,NCC Zone 1,Leisure/Lodging,LEI,AUS1.LEI.CO2,kgCO2/sqm,264.95982865,248.215040753416,224.361020522843,201.804730760906,180.667060878123,161.587567103885,142.711204198697,125.826708796334,110.274539542718,95.9991782017936,82.5710150598155,71.3626198675118,60.8088332417992,51.2213351180212,42.5379876248585,34.7218091553958,27.6333649784447,21.3428645953566,16.1626446897049,12.1275158349707,8.98834729009985,7.21930590485478,5.89854147248236,4.77848682995055,3.83781014545764,3.00031885780953,2.40450470002483,1.86431297447512,1.40910479026171,1.01464707996978,0.663605018689219
Oceania,Australia,NCC Zone 1,Residential,Resi,AUS1.Resi.CO2,kgCO2/sqm,67.7098725252229,63.1321202326417,57.9177820516915,52.8929799599772,48.096626405019,43.7105770936072,39.2429251080973,35.1876941912087,31.3766552028097,27.8048438917613,24.3568038650114,21.4502387994268,18.6353341587578,16.0133981886235,13.5749412470394,11.3180742699707,9.20681753758455,7.27356576335266,5.63842363994667,4.33430513402651,3.29384691703254,2.7151412174459,2.27897055528674,1.89860269762019,1.56986084743308,1.26502363037489,1.04633113160631,0.838449740434891,0.655945133001442,0.489679108512785,0.332619029955071
Oceania,Australia,NCC Zone 2,Office,OFF,AUS2.OFF.CO2,kgCO2/sqm,154.123425,144.403925733972,131.729061607152,119.610686003566,108.130719460705,97.6883606782498,87.1761538191995,77.6898672792415,68.8451803666188,60.6227501737714,52.7639766882401,46.1640548298959,39.8395915902351,34.0029844435274,28.6270062129459,23.7007524275892,19.142403165853,15.0132873523025,11.552346840815,8.81367466542336,6.64668605572168,5.4362047874281,4.52667454531287,3.74063568452758,3.06743096659481,2.45100408820917,2.00989572562982,1.59648670815075,1.23783333264737,0.915656510396148,0.616185929585085
Oceania,Australia,NCC Zone 2,Retail High Street,RHS,AUS2.RHS.CO2,kgCO2/sqm,289.752039,271.479380379867,244.974806194056,219.956675627974,196.553560202337,175.455898315202,154.644887513904,136.058079506978,118.974582819657,103.329403582905,88.6559300251058,76.421732061676,64.9405997615092,54.5426978533124,45.1570660385312,36.7396398289118,29.1382750886889,22.422613126642,16.9140081607046,12.6384492597153,9.32536022153807,7.45432435182689,6.05944985950176,4.88187417708924,3.89762377648674,3.02757085860738,2.40950123520444,1.85408009968324,1.38981974084126,0.99172221662936,0.642165918859713
Oceania,Australia,NCC Zone 2,Shopping Center,RSM,AUS2.RSM.CO2,kgCO2/sqm,238.89130875,223.793985069888,202.600858475986,182.526042318872,163.681538173323,146.651042948864,129.754627929982,114.619425739986,100.650608962386,87.8014927703969,75.6824572568752,65.556285395313,55.9927650657041,47.2810233801482,39.367360922189,32.2212021206092,25.7166410589288,19.9223317675594,15.1348522876315,11.394446508553,8.47502278012404,6.83262596098772,5.60490119605723,4.55988910395556,3.67881640567392,2.88991551580595,2.32799872457687,1.81500358710916,1.38001568507242,1.00009098260544,0.658634231456311
Oceania,Australia,NCC Zone 2,Retail Warehouse,RWB,AUS2.RWB.CO2,kgCO2/sqm,106.509314821864,99.7781967697822,92.0977055922555,84.6243882907216,77.4251119474092,70.7999068819718,63.9581267279881,57.7062414392389,51.7780559928465,46.1717436643143,40.7007620651032,36.0703714350296,31.5356531740041,27.2712059237278,23.2661826999002,19.5225392672657,15.9830721701456,12.7085363965318,9.91548394402776,7.67175034125998,5.86824178820511,4.86897546692414,4.11372772553094,3.449799120083,2.87140929643259,2.3292617231538,1.93948362605691,1.56459907454302,1.23229445804009,0.92617174206953,0.633391420287543
Oceania,Australia,NCC Zone 2,Hotel,HOT,AUS2.HOT.CO2,kgCO2/sqm,207.871660719369,194.734699972559,176.707843821824,159.585801282629,143.469998049819,128.877662493545,114.337241861293,101.283571724447,89.1988295587878,78.0468416539075,67.4855730722129,58.6471684847006,50.2619932272157,42.5923381878682,35.5945450994797,29.2456611087084,23.4358786073837,18.2320007283114,13.9118538710289,10.5221471768395,7.86420384272261,6.37250487220812,5.25549056372115,4.29977366408124,3.48962538654113,2.75854354595521,2.23696216248053,1.75632899236556,1.34540175961906,0.982770282440127,0.652719355161398
Oceania,Australia,NCC Zone 2,Distribution Warehouse Warm,DWW,AUS2.DWW.CO2,kgCO2/sqm,67.814307,63.5286151166133,59.7978418547607,56.007918965979,52.2125208052205,48.6287624814801,44.7259331862851,41.0706247187344,37.4927006864637,34.0034463038999,30.4756783592141,27.451694245839,24.3868853705573,21.4223739185943,18.5598385909656,15.8107440007274,13.1379682922679,10.5999575783372,8.38987239454032,6.58361325374924,5.10628460748045,4.29500412102912,3.67786052491229,3.12532190581592,2.63540571709021,2.16538367412086,1.82592139353529,1.4914063065172,1.18911582123414,0.904565287098955,0.626012994063267
Oceania,Australia,NCC Zone 2,Distribution Warehouse Cold,DWC,AUS2.DWC.CO2,kgCO2/sqm,197.277984,184.810516702875,167.864989568121,151.751363665466,136.567452867568,122.807785537879,109.071972451785,96.7291768429247,85.2878745168916,74.7154814677355,64.6862137412279,56.2876010616572,48.3048483831008,40.9910816192297,34.306071706486,28.2294690644217,22.6569638994708,17.6547272350459,13.4941815028256,10.2242438249521,7.6555999813729,6.2153665945113,5.1361615733463,4.2109403260297,3.42501380574815,2.71367804080147,2.2058718062154,1.73629073507328,1.3335805830577,0.976855002617375,0.650699335874219
Oceania,Australia,NCC Zone 2,Healthcare,HEC,AUS2.HEC.CO2,kgCO2/sqm,229.64390325,215.13099209944,195.299512867853,177.501440400081,161.431139096281,147.365461827585,133.337288779999,120.994762038448,109.444333165921,98.638501389755,88.0751047166802,79.2626396338148,70.3688947377059,61.9330940803346,53.8411798047809,46.0899491860004,38.532770714256,31.3202247411631,24.9953965262827,19.766740984064,15.4313427428327,13.0503788724373,11.1934788642652,9.51984253510875,8.03365863047918,6.60493663753976,5.5737367666441,4.55244221076901,3.63025406301455,2.76174325924535,1.91147630394578
Oceania,Australia,NCC Zone 2,Leisure/Lodging,LEI,AUS2.LEI.CO2,kgCO2/sqm,285.12833625,267.108949922124,241.196268373614,216.720129711546,193.808299624161,173.143551183292,152.735356239089,134.497480070054,117.720313901825,102.341505328909,87.9005056075944,75.8548235438194,64.534894713041,54.2698475589465,44.9910156063033,36.6564610719286,29.1162823472156,22.4418923592411,16.9578198263048,12.694671712554,9.38549255651419,7.51846970151706,6.12572299906938,4.94760996831762,3.96081929448033,3.0857349324776,2.46369530053405,1.90246231159347,1.43161024286654,1.02590873814773,0.667450782103079
Oceania,Australia,NCC Zone 2,Residential,Resi,AUS2.Resi.CO2,kgCO2/sqm,74.7449554586962,69.5029210155445,63.5876769214762,57.9098871325821,52.5107180703847,47.5864457721855,42.5996390825226,38.0861706861084,33.8609330928764,29.9165851779184,26.1272872505043,22.9388404719687,19.8666355721849,17.0176898259917,14.3802622428091,11.9507330983164,9.68959744480674,7.62954071428672,5.89445675745216,4.51565169940591,3.41978357491852,2.80905882135382,2.34941000418468,1.95022133554727,1.60663867589346,1.2898523212668,1.06284839869312,0.848430043234465,0.661178629654424,0.491643227544833,0.332619029955071
Oceania,Australia,NCC Zone 3,Office,OFF,AUS3.OFF.CO2,kgCO2/sqm,158.312457,148.328784436179,135.226775208637,122.709977142885,110.861751640961,100.090292646104,89.2599964252044,79.4926307344868,70.3934795405427,61.9417899579851,53.8725373129961,47.0985949275304,40.6148625552671,34.6373750356514,29.1375544485217,24.1034721410601,19.4511361545471,15.2421321502529,11.7179473743586,8.93180684045447,6.72941971691045,5.49853652691703,4.57401591857166,3.7758840323797,3.09307234229159,2.46881195765577,2.02223796092675,1.60444275022988,1.24252759227822,0.9180058795161,0.61698834880343
Oceania,Australia,NCC Zone 3,Retail High Street,RHS,AUS3.RHS.CO2,kgCO2/sqm,297.62741916,278.858114740017,251.550507764848,225.783342969894,201.68790070122,179.971530414769,158.562511613193,139.44727480284,121.885385266634,105.809198377227,90.7400239996473,78.1786674452291,66.3981091757694,55.7353521665056,46.1168967214137,37.4967528902372,29.7186931074339,22.8528413467889,17.2253371637666,12.8605377487738,9.48089950457296,7.57150802206608,6.1484516412283,4.94814107105123,3.94582956279669,3.06104965316698,2.43270463756266,1.869037458792,1.39864494894727,0.99613903057487,0.643674466990201
Oceania,Australia,NCC Zone 3,Shopping Center,RSM,AUS3.RSM.CO2,kgCO2/sqm,245.38430835,229.876643594153,208.020756652337,187.327869074777,167.912196168142,150.371347965642,132.981778717708,117.410872461207,103.047683197833,89.8433259251432,77.3982203009853,67.002494368821,57.1923241070656,48.2624539575659,40.1570827012218,32.8440391876506,26.1940478196681,20.2761500555963,15.3908490101591,11.5770352731419,8.60287874780953,6.92893801592939,5.67803945648345,4.6143361900537,3.71841766776238,2.91741415624345,2.34705440053725,1.8272852906225,1.38726103498422,1.00371653306733,0.659872327045886
Oceania,Australia,NCC Zone 3,Retail Warehouse,RWB,AUS3.RWB.CO2,kgCO2/sqm,109.404208496118,102.49014051987,94.5141586821062,86.7652752084617,79.3113441700535,72.4585990308771,65.3969468383809,58.9508035758639,52.8467877760599,47.0820917696117,41.4657323236741,36.7151614345635,32.0704746886599,27.7087752053101,23.6182789148057,19.800230195426,16.1959232246429,12.8662857245733,10.0296196807179,7.75315725519207,5.92524617059693,4.91191604535957,4.14633630407664,3.47407426790945,2.88906545694004,2.3415219488056,1.94797956925647,1.57007485276574,1.23552478591928,0.927788188048953,0.633943423261698
Oceania,Australia,NCC Zone 3,Hotel,HOT,AUS3.HOT.CO2,kgCO2/sqm,213.5215548782,200.027535177171,181.423977032124,163.764118641513,147.151311982588,132.114891952694,117.145352366219,103.712553627498,91.2846476021364,79.8235460933024,68.9785470746841,59.9055895743726,51.3057914774052,43.4463316005046,36.2817227895045,29.7876237952579,23.8512948764511,18.5398762869156,14.1346098353583,10.6810270872155,7.97545792088365,6.45631096340824,5.31913193994566,4.34715088457441,3.52408448913462,2.78247153264161,2.25354348989986,1.76701593664637,1.35170631262495,0.985925061069279,0.653796686051672
Oceania,Australia,NCC Zone 3,Distribution Warehouse Warm,DWW,AUS3.DWW.CO2,kgCO2/sqm,69.6574810799999,65.2553052783402,61.3363935951442,57.3710181741067,53.4134817843951,49.6848490668879,45.642027603446,41.8630354008876,38.1731604694292,34.5830634575053,30.9627336749614,27.8622309867058,24.7274053564922,21.7009735663774,18.7840176766266,15.987549361694,13.2734902114455,10.700396318167,8.46254243190299,6.63544490305189,5.14257920475891,4.32234431727063,3.69862235367844,3.14077785283733,2.64664736568306,2.17318973979344,1.83133074671114,1.49489272557906,1.19117256572523,0.905594475617168,0.626364453456437
Oceania,Australia,NCC Zone 3,Distribution Warehouse Cold,DWC,AUS3.DWC.CO2,kgCO2/sqm,202.63994496,189.833615355172,172.340776449236,155.716743180019,140.061157534258,125.880037422702,111.736974392617,99.0343715546432,87.2673938855186,76.4016404600421,66.103101932493,57.4818897623606,49.2954519785478,41.8015533218715,34.9582290465906,28.7438119326882,23.0512094825329,17.9469126600054,13.7055852478806,10.3750268047416,7.76118426436479,6.29490171085023,5.19655962066602,4.25590308100107,3.45771678347282,2.73638659548534,2.22160810636333,1.74643304507139,1.33956383975906,0.979849005579452,0.651721763199804
Oceania,Australia,NCC Zone 3,Healthcare,HEC,AUS3.HEC.CO2,kgCO2/sqm,235.88556093,220.97819287438,200.520962493016,182.17128168379,165.611824335722,151.123428711453,136.686406411328,123.989040326181,112.113488426981,101.009817149091,90.1627642581952,81.1154837396866,71.9914401877163,63.3419928307598,55.0498199156157,47.1111169566547,39.3755409420173,31.9965727040895,25.5284189693603,20.1830594369214,15.7523828800051,13.3186062971779,11.4207860315208,9.71087376336041,8.19298030233926,6.73440853584511,5.68174511528683,4.63966137455642,3.69902698253967,2.81348373950167,1.94689527042865
Oceania,Australia,NCC Zone 3,Leisure/Lodging,LEI,AUS3.LEI.CO2,kgCO2/sqm,292.87804545,274.368897193022,247.665179100227,222.451342291174,198.857794650236,177.583915235575,156.587116856697,137.829206801834,120.581337989293,104.778531997478,89.9483518215323,77.5809439315549,65.9666264720854,55.441232441671,45.9335867619232,37.3998472487199,29.6860904164851,22.8641916062529,17.2633643015797,12.9126002380311,9.53809484052591,7.63342279935067,6.21301705183615,5.01259520011218,4.00808531697301,3.11855589041913,2.48643917184161,1.91712111901262,1.44025791856774,1.03023600805386,0.668928509097089
Oceania,Australia,NCC Zone 3,Residential,Resi,AUS3.Resi.CO2,kgCO2/sqm,65.5428878660914,61.169751388737,56.1713100743319,51.3476448186394,46.7369737878003,42.5167108596606,38.2089717408864,34.294889634575,30.6114343621029,27.1543738099683,23.811449905166,20.9917115839752,18.2560619740664,15.7040507947049,13.3268818765939,11.1231992431297,9.05810903441827,7.16391641522076,5.55955892106409,4.27844577474397,3.2550552200132,2.68621220426789,2.25727341161367,1.88270284291044,1.55853233989116,1.25737576143321,1.04124339280829,0.835375553070694,0.654333082785706,0.489074109843771,0.332619029955071
Oceania,Australia,NCC Zone 5,Office,OFF,AUS5.OFF.CO2,kgCO2/sqm,95.674116,89.6406107087709,82.9256762220075,76.3664650276895,70.0247933678121,64.1743498551991,58.1004245371729,52.5360183113787,47.2418560565806,42.2182682001786,37.2962976393334,33.1244736236573,29.0222829151326,25.1513710527132,21.5033576992619,18.0816287319352,14.8346705310399,11.8202297894932,9.24173265699997,7.16538360409082,5.49230830746777,4.56649381317535,3.86612324036037,3.24881762838767,2.70965840928657,2.2025319677012,1.83768526635882,1.48547653637357,1.17233461320808,0.88287590579653,0.604989822980844
Oceania,Australia,NCC Zone 5,Retail High Street,RHS,AUS5.RHS.CO2,kgCO2/sqm,179.86733808,168.524348132489,153.224441669984,138.657540193327,124.914419147699,112.449557967867,99.9825164636939,88.7688434473962,78.3603331167851,68.7289774725509,59.5766934131614,51.9073193939476,44.6040594523166,37.9016646785818,31.7646068328053,26.1756872810823,21.0397377352404,16.4196649085606,12.5700534951323,9.53966206441015,7.15513005482071,5.81926772023172,4.81761340619106,3.9572562315462,3.22501136874726,2.5604432720524,2.08574557177496,1.64538097674214,1.2666821482954,0.930094679982078,0.621117238443741
Oceania,Australia,NCC Zone 5,Shopping Center,RSM,AUS5.RSM.CO2,kgCO2/sqm,148.2948798,138.923020220182,126.977348496098,115.526445318817,104.6514241965,94.7418530692238,84.7263890477291,75.6705392273691,67.2043777844996,59.3119188095837,51.7425197400528,45.3774194493992,39.2553906383222,33.5871821582282,28.348420917261,23.5307943633618,19.0554135301964,14.985526690081,11.5629455707568,8.84679656904774,6.69105623063395,5.48878970962685,4.58440749169441,3.80019221944865,3.12626240164664,2.50622865640472,2.06211603558993,1.6436377241371,1.27892175792923,0.949503897273541,0.641359158912903
Oceania,Australia,NCC Zone 5,Retail Warehouse,RWB,AUS5.RWB.CO2,kgCO2/sqm,66.117039258293,61.9386103833533,58.3810824361929,54.752723192663,51.1066283390015,47.6562760987168,43.8823571402259,40.3409415577154,36.866106350265,33.4697118574203,30.0271785214533,27.0736557444193,24.0733210719894,21.165828321429,18.3534056042031,15.6479346171832,13.0131743380721,10.5074696061046,8.32295494407123,6.5358846168747,5.07286310387566,4.26982818478079,3.65874221014973,3.11108945724711,2.62505396153587,2.15819553947884,1.82094024674699,1.48819587367097,1.18722188939365,0.90361756952249,0.625689356324966
Oceania,Australia,NCC Zone 5,Hotel,HOT,AUS5.HOT.CO2,kgCO2/sqm,129.039030768863,120.884091917888,110.903923657453,101.285993019178,92.1048483965217,83.7087965212372,75.1558465870194,67.3921347989587,60.0955371195176,53.2565925510443,46.6541975182883,41.0884954732839,35.69793965613,30.6766199839599,26.0063965386273,21.6836886691083,17.6396006428461,13.9362317634505,10.8037534338194,8.30530543978509,6.31188244915368,5.20316357315897,4.36750630766119,3.63872218484537,3.00881962154576,2.4246778014153,2.00560390836302,1.60721470807868,1.25743471454799,0.938751847889631,0.637687422700415
Oceania,Australia,NCC Zone 5,Distribution Warehouse Warm,DWW,AUS5.DWW.CO2,kgCO2/sqm,42.09661104,39.4362121915355,38.3305228927279,36.9886785272536,35.4555852247031,33.8932505156467,31.943723439065,30.014166611927,27.9982866746765,25.9160833730884,23.6798251286322,21.7235000418376,19.6356306943973,17.5350899588235,15.4318814282764,13.3437895406056,11.2470391873374,9.19854194344009,7.37591177813717,5.8604093999542,4.59986829665746,3.91352802386861,3.38817198948026,2.90966601602041,2.4785516772373,2.05646611403276,1.75044501730674,1.44276051315739,1.16041819030317,0.890205082230545,0.621109102502558
Oceania,Australia,NCC Zone 5,Distribution Warehouse Cold,DWC,AUS5.DWC.CO2,kgCO2/sqm,122.46286848,114.723526375376,105.414607133116,96.4226642073555,87.8200039060628,79.9408416372725,71.8873622780539,64.5649350776668,57.667761028056,51.1886074871929,44.9164588886261,39.6237633772895,34.483016597908,29.6826191908054,25.2065599604809,21.05287427134,17.1560792305821,13.5778817517089,10.5444778914709,8.12037806845741,6.18238889534237,5.10561794822619,4.29343128845313,3.58357773753367,2.96871114435788,2.39682695690884,1.9863041662778,1.59477569984473,1.25009656580397,0.935079861182001,0.636433469515792
Oceania,Australia,NCC Zone 5,Healthcare,HEC,AUS5.HEC.CO2,kgCO2/sqm,142.55443284,133.545354921336,122.444943466372,112.343428675065,103.098291939269,94.9307782045046,86.607253938804,79.2157790009087,72.2017719673747,65.5516766641465,58.9461179653729,53.4100183903087,47.7296166481144,42.2748154103906,36.9770977667407,31.8416573210031,26.7736489270711,21.8831827045779,17.5581667606999,13.9578749039139,10.9518892129977,9.30781791063487,8.02187576912661,6.85439541302177,5.81065302227526,4.79842310628346,4.06670283985654,3.3354785172638,2.67066969503746,2.03981148161513,1.41727761641658
Oceania,Australia,NCC Zone 5,Leisure/Lodging,LEI,AUS5.LEI.CO2,kgCO2/sqm,176.9971146,165.811346714411,150.935950010522,136.752868775996,123.353002296985,111.187421326947,98.9919743473679,88.0100993937046,77.8006186249921,68.3378202789067,59.3270317971935,51.7703706406319,44.5580284610046,37.9255854553646,31.8393775359054,26.2840389100527,21.1657849742124,16.5495766216055,12.6945763255188,9.65392823637031,7.2562421587357,5.91453611118312,4.90771438418471,4.04087497713196,3.3013193541897,2.62778610028903,2.14635144593673,1.69792886223972,1.31094974917952,0.965530604041918,0.646832147131915
Oceania,Australia,NCC Zone 5,Residential,Resi,AUS5.Resi.CO2,kgCO2/sqm,40.3384694516514,38.3452402798044,35.8579173232694,33.3736950130026,30.9227162579829,28.6307315729772,26.1829552306242,23.9105892599095,21.7110731309568,19.5886902973969,17.4683826711673,15.6585350227348,13.8447087161474,12.105999872247,10.4416781729199,8.85658803555681,7.32846534737432,5.88857372299578,4.64227537478814,3.62873989990686,2.80386505650116,2.34973591709947,2.00491173234206,1.69777001971552,1.42676931937586,1.16842262188389,0.982067386689271,0.799619367956461,0.635583163181392,0.482037308946376,0.332619029955071
Oceania,Australia,NCC Zone 6,Office,OFF,AUS6.OFF.CO2,kgCO2/sqm,181.29618,169.863082867337,154.417480973087,139.714681103719,125.845950170623,113.268835806914,100.693296823009,89.3837501840118,78.8884443282545,69.1788903254086,59.9548136785384,52.2260827902217,44.8684975502343,38.1180497221146,31.93875033927,26.3130514283644,21.145043838496,16.4977218535745,12.6265383785855,9.57995590885566,7.18334977796954,5.84052852758012,4.83376113164709,3.96927913254621,3.23375741615917,2.56651737947654,2.08995539952962,1.64809471262192,1.26828331891046,0.930896029096656,0.621390936571753
Oceania,Australia,NCC Zone 6,Retail High Street,RHS,AUS6.RHS.CO2,kgCO2/sqm,340.8368184,319.342595790594,287.629034602014,257.752186416263,229.858193936983,204.747191557091,180.057116361065,158.042579367946,137.855919067532,119.414947067983,102.174703566867,87.8183446270887,74.3949429663078,62.2790205770564,51.3831449960204,41.6507619503693,32.9032395532578,25.2133499890335,18.9334882517131,14.079057997368,10.3342880193641,8.21445298331269,6.63677264181011,5.31172385936426,4.21031750166774,3.24473584619004,2.56001342213605,1.95110314808905,1.44706571501588,1.02037251178632,0.651951331994649
Oceania,Australia,NCC Zone 6,Shopping Center,RSM,AUS6.RSM.CO2,kgCO2/sqm,281.009079,263.250019263118,237.757802913491,213.673778118131,191.124306140251,170.783333355376,150.688002920419,132.726544007717,116.199573715247,101.046135462264,86.8119995558257,74.9373266754787,63.7738762959243,53.6472131418121,44.490004153328,36.2613238068687,28.8134082702829,22.2174246805154,16.7954116297529,12.578834635912,9.30437879488017,7.45736787570132,6.07932297934459,4.91306791257021,3.93569565424985,3.06828937865571,2.45160609120259,1.8946706129401,1.42701368318818,1.02360863404402,0.666665315516334
Oceania,Australia,NCC Zone 6,Retail Warehouse,RWB,AUS6.RWB.CO2,kgCO2/sqm,125.287456540895,117.36960764822,107.772374054923,98.5115573785819,89.6604269459625,81.5592506593951,73.2912390911251,65.7792716812588,58.7105375079009,52.0768468074659,45.6628510198868,40.2528939566492,35.0048493955827,30.1095616307174,25.550105139274,21.3238211759799,17.3637609677833,13.7317999672768,10.6558417187658,8.19980792773408,6.23800886486133,5.14751566842758,4.32524793251923,3.60726333722836,2.98593850597537,2.40878942976509,1.99459377633876,1.60011849289084,1.25324844168856,0.936657050028405,0.636972066502701
Oceania,Australia,NCC Zone 6,Hotel,HOT,AUS6.HOT.CO2,kgCO2/sqm,244.520506981191,229.067432276897,207.29971618538,186.68905423109,167.349367215113,149.876414227177,132.552452144549,117.039510125262,102.728786519368,89.571689026544,77.1699623990359,66.8100968071609,57.0327398154086,48.1318885596928,40.0520214359005,32.7611795627932,26.1305356313407,20.2290795580845,15.3567922824597,11.5527444315436,8.5858693274028,6.91612506505666,5.66830944980541,4.60709277862653,3.71314928234641,2.91375585272988,2.34451931352167,1.82565138442203,1.38629714409298,1.00323420507648,0.659707616013871
Oceania,Australia,NCC Zone 6,Distribution Warehouse Warm,DWW,AUS6.DWW.CO2,kgCO2/sqm,79.7703192,74.7290377263044,69.7778776950847,64.8498568702846,60.0027259055097,55.4792191130061,50.6683106029253,46.2107099044128,41.9066003582436,37.7632158422365,33.6350323021419,30.1146995124667,26.5957169455876,23.2295503670666,20.0140082823858,16.9576172536011,14.0170505974264,11.2514678245957,8.86125698198124,6.91982665764471,5.34171470199187,4.47235021294782,3.81253509565193,3.22557911600331,2.70832627797628,2.21601883518789,1.86100993631937,1.51402146223696,1.20245718844119,0.911241265571841,0.628292785667403
Oceania,Australia,NCC Zone 6,Distribution Warehouse Cold,DWC,AUS6.DWC.CO2,kgCO2/sqm,232.0591104,217.393564294704,196.897821103609,177.473364841628,159.229867704773,142.736386647773,126.35888857292,111.682151928535,98.1283099257057,85.6529928519873,73.8770615751999,64.034525473665,54.7305402377343,46.2483221966037,38.5363835360718,31.565827618236,25.2142942417502,19.550029769616,14.8654821208355,11.2023191817389,8.34048752904247,6.73128249827479,5.52794214277069,4.50259766475664,3.63714634650763,2.86098032754192,2.30794756704181,1.80208027898528,1.37239183311459,0.996276030902137,0.657331456904431
Oceania,Australia,NCC Zone 6,Healthcare,HEC,AUS6.HEC.CO2,kgCO2/sqm,270.1313082,253.059695936804,229.169192404646,207.793033563158,188.549751640527,171.742051319729,155.061819139823,140.417576262448,126.758190392542,114.02038010447,101.617006818406,91.2813778392159,80.8937677846285,71.0721172639983,61.6811966905163,52.7138999330668,43.9995202927385,35.7074525043662,28.4529228128448,22.4672501521661,17.5138154937098,14.7902744131634,12.6679393041901,10.7589939100878,9.06712143421142,7.44477461730121,6.27434836274161,5.11820178694317,4.07635943840696,3.09736528208673,2.14122649410719
Oceania,Australia,NCC Zone 6,Leisure/Lodging,LEI,AUS6.LEI.CO2,kgCO2/sqm,270.1313082,253.059695936804,228.67780695574,205.629241834464,184.036653154589,164.550678531464,145.281533065419,128.050012434565,112.183737317571,97.6254371044251,83.9375688934644,72.5144819639646,61.764246060771,52.003015153988,43.1669773494933,35.2178802093948,28.0136051528312,21.6246702558711,16.3665384055491,12.2729423127624,9.09018073580513,7.29601556960654,5.95679390455039,4.82185230194497,3.86935136364047,3.02222070063043,2.41968197472242,1.87409498317236,1.41487549428294,1.01753472223471,0.664591124713689
Oceania,Australia,NCC Zone 6,Residential,Resi,AUS6.Resi.CO2,kgCO2/sqm,64.4516630848985,60.1815646457964,55.2918421494794,50.5694630283946,46.0522958305888,41.9155176696571,37.688305601353,33.8453015616484,30.2260934041291,26.8268176965985,23.536826938641,20.7608118135299,18.0650725247372,15.5482732534017,13.201967041089,11.0250663571268,8.9832241462649,7.10870047937231,5.51984514863666,4.25031677214407,3.23552095108626,2.67164447027758,2.24634741785668,1.87469618010204,1.55282766260535,1.25352453707068,1.0386813688303,0.833827489765444,0.653521305398854,0.488769451692438,0.332619029955071
Oceania,Australia,NCC Zone 7,Office,OFF,AUS7.OFF.CO2,kgCO2/sqm,210.16604,196.912320317064,178.522931109293,161.074293847518,144.667605555328,129.822407047593,115.054668208426,101.807987708588,89.5589716456158,78.2694138412665,67.5947624872893,58.6667215304117,50.2114894926539,42.4901260347179,35.4573331728029,29.0885045037158,23.2727616885818,18.0748683825479,13.7678197579899,10.3940961098959,7.75353143707531,6.27010476204237,5.16002715639678,4.21220276447882,3.41047197135316,2.68924518337527,2.17501529048041,1.70292595310388,1.30063509334104,0.947087349091668,0.626921028128687
Oceania,Australia,NCC Zone 7,Retail High Street,RHS,AUS7.RHS.CO2,kgCO2/sqm,395.1121552,370.195162196081,332.94728085808,297.908258374604,265.242906060229,235.867905489568,207.05649456565,181.400145914149,157.916510424171,136.505131277796,116.537807327319,99.926745458646,84.4397678180567,70.4985240447506,57.9980807230624,46.8686137320299,36.9033491114193,28.1783854635035,21.0790972449934,15.6096415753236,11.4062295384829,9.02205630410173,7.25015276833952,5.76842028739757,4.54254086543244,3.47546411751965,2.71992601712355,2.05418588019512,1.50788705094538,1.05081219337694,0.662347904121684
Oceania,Australia,NCC Zone 7,Shopping Center,RSM,AUS7.RSM.CO2,kgCO2/sqm,325.757362,305.170324484791,275.110513889561,246.766880817566,220.281043070963,196.422833123263,172.928795409123,151.964562728779,132.719666564133,115.117987222023,98.6366499468065,84.904271448381,72.0409655866821,60.4110104510165,49.9325878336701,40.5537758407267,32.1035875636369,24.6558602047761,18.5596830747624,13.8371950569484,10.1855331730861,8.12112874992676,6.58337530913066,5.28830490122564,4.20861858544665,3.25780378189277,2.58293349504712,1.97931333254492,1.47694699417863,1.04859510687537,0.675197989971356
Oceania,Australia,NCC Zone 7,Retail Warehouse,RWB,AUS7.RWB.CO2,kgCO2/sqm,145.238408238232,136.059709894495,124.426021580308,113.266065243642,102.659912315191,92.9905813634804,83.2072614925354,74.3565121142912,66.075994959389,58.3507598143857,50.9348528258188,44.6966406303306,38.6907181722123,33.1251900383262,27.976672525451,23.2376041738804,18.8306822384225,14.8189726161491,11.4424393716941,8.76084594516901,6.63087016051113,5.4434524117492,4.54997887212851,3.77456215930201,3.10762076621769,2.49328412881158,2.05314589309012,1.6378563164933,1.27551112997224,0.947797229698431,0.640776346007711
Oceania,Australia,NCC Zone 7,Hotel,HOT,AUS7.HOT.CO2,kgCO2/sqm,283.458298189346,265.544454023266,239.802238372538,215.485071350688,192.720149260966,172.186666637163,151.905313889637,133.779503394261,117.10377217165,101.816333714555,87.4592011623072,75.4828500064395,64.2263610031243,54.0174177854751,44.7878944743826,36.4962636791018,28.9934904929163,22.3508881941435,16.8919759488427,12.6477087978618,9.35260724225719,7.49369766896489,6.10691140410149,4.93360585439844,3.95063361466947,3.07866211883583,2.45879406750066,1.89930338450576,1.4297466958373,1.02497622503589,0.667132336564084
Oceania,Australia,NCC Zone 7,Distribution Warehouse Warm,DWW,AUS7.DWW.CO2,kgCO2/sqm,92.4730576,86.6289953376182,80.3812279076465,74.2440279591565,68.279477034228,62.7575287245352,56.9818258900415,51.6718248961981,46.5961751024435,41.7578060192002,36.9917072518397,32.9440257705809,28.942503582964,25.1495960548408,21.5589997787409,18.1761197664382,14.9510369774753,11.9436688766439,9.36208242443553,7.27703864813245,5.59184884806323,4.66077265466343,3.95562091830088,3.3320980031055,2.78580117457408,2.26981647223582,1.89828997353975,1.53804907296349,1.21663180575461,0.918334199794936,0.630714964222377
Oceania,Australia,NCC Zone 7,Distribution Warehouse Cold,DWC,AUS7.DWC.CO2,kgCO2/sqm,269.0125312,252.011622800344,227.743930812879,204.801862554709,183.307689170135,163.909650972221,144.725478499077,127.569031904637,111.77070918156,97.2736188213363,83.6419341561389,72.2652927699971,61.557555910102,51.8339096519467,43.0309042527414,35.1105622010349,27.9313455291651,21.5637055573926,16.3224288625207,12.241481335885,9.06815049943189,7.27942051053839,5.94419180865855,4.81247079087209,3.86252786388305,3.01748254440865,2.41639858441019,1.87197878291701,1.4136270834809,1.01691002136932,0.664377794518902
Oceania,Australia,NCC Zone 7,Healthcare,HEC,AUS7.HEC.CO2,kgCO2/sqm,313.1473996,293.357279666025,265.154240901645,239.976522274369,217.362087656756,197.641108147631,178.143179497059,161.053464211716,145.153404061252,130.362951368621,116.00468365907,104.05075986789,92.0759836248119,80.7819284277585,70.0108706558105,59.7515569801606,49.8077018696837,40.3686895159163,32.1263927955303,25.3364226601368,19.7263514243371,16.6388370883646,14.2344888305877,12.0755378790174,10.1651303206477,8.33706562343568,7.01871744470299,5.71929651428338,4.55032682716919,3.45394895615096,2.38532599100889
Oceania,Australia,NCC Zone 7,Leisure/Lodging,LEI,AUS7.LEI.CO2,kgCO2/sqm,388.807174,364.235548578622,327.740050641429,293.394678887406,261.362547405215,232.548591068865,204.265814198065,179.070708088935,155.996285878103,134.945063222786,115.29744526977,98.9475810910296,83.68919856066,69.9411224499829,57.6011251458131,46.6017909959398,36.7394120463832,28.0915875907578,21.0455210883642,15.6102103025743,11.4270694771463,9.05636012702496,7.29357919854411,5.81700946828514,4.59316383162842,3.52482737909735,2.76797228464371,2.09857394324261,1.54730245050944,1.08380075743765,0.687220429362972
Oceania,Australia,NCC Zone 7,Residential,Resi,AUS7.Resi.CO2,kgCO2/sqm,51.7208218662755,48.6528230560264,45.0314753569195,41.4907571727592,38.0644582105319,34.901660235733,31.6139219688001,28.6001545773953,25.7304893493577,23.0053640956807,20.3329211604055,18.0670053992889,15.8368823335425,13.7308849591298,11.7446404076836,9.88019298954972,8.10957497958011,6.46452035797163,5.05652197299043,3.92214802826149,3.00762319773895,2.50168910311391,2.11887863775457,1.78128595458153,1.48627369317491,1.20859399049431,1.00879135806053,0.815766913727229,0.644050654443158,0.485215138578017,0.332619029955071
North America,USA,AZNMc_Cool_5B,Office,OFF,AZNMc_Cool_5B.OFF.CO2,kgCO2/sqm,52.0961032141716,48.803828824455,44.7105555249198,40.846452875129,37.1923100253195,33.7921723095523,30.333572776153,27.1962295161427,24.2504670471888,21.4921862464922,18.8326131789594,16.5914889309184,14.4237791091215,12.4068617592165,10.5332196579122,8.80114851398914,7.18294290435246,5.70307195031377,4.45266188170199,3.45618372653056,2.66181068665233,2.21935151927061,1.88578026694336,1.59510103307556,1.3440413951191,1.11154221941689,0.944550980574204,0.786052807504668,0.647003061376344,0.520469991436543,0.40113436140717
North America,USA,AZNMc_Cool_5B,Retail High Street,RHS,AZNMc_Cool_5B.RHS.CO2,kgCO2/sqm,78.0647636260175,73.1299397196559,66.9944903181993,61.2025471580594,55.7253148991613,50.6288135452344,45.4446831722436,40.7420871279042,36.3266534995098,32.1922380697839,28.2057766753843,24.84653251551,21.5973299933656,18.5741518565266,15.7657304617721,13.1695112294845,10.7439662163512,8.52577243969314,6.65151994159812,5.15788859736186,3.96719468679215,3.30398809514105,2.80399471803946,2.36829262806355,1.9919767574363,1.6434813543653,1.39317647085747,1.15560193089165,0.947178837873992,0.757517119387035,0.578643717525669
North America,USA,AZNMc_Cool_5B,Enclosed Retail Mall,ERM,AZNMc_Cool_5B.ERM.CO2,kgCO2/sqm,83.2243109912326,77.9633377039689,71.4223879114527,65.2476471658785,59.4084170030646,53.9750807806825,48.448324015393,43.4349268527976,38.7276710699271,34.3200063696329,30.0700741928014,26.4888129105675,23.0248660710715,19.8018818831157,16.8078480092554,14.0400410341498,11.4541883749092,9.08939108398079,7.09126662945799,5.49891911065055,4.22953058216845,3.52249174373784,2.98945310838771,2.52495486081838,2.12376775049595,1.7522398011547,1.48539191948891,1.23211574748957,1.00991768214397,0.807720956686334,0.617025562716657
North America,USA,AZNMc_Cool_5B,Strip Shopping Center,SSC,AZNMc_Cool_5B.SSC.CO2,kgCO2/sqm,132.320760990248,123.952776028261,113.548889425491,103.72748663901,94.4397393869372,85.7975978439674,77.0068637012058,69.0326677160957,61.5454132761903,54.5346816271936,47.7748357577441,42.0785626694107,36.5688872767984,31.442481620486,26.6802391485847,22.277828058333,18.1648293820566,14.4034363682309,11.2252648637101,8.69251296324011,6.67345231851622,5.54885235488369,4.70101317357353,3.96219278078812,3.32407364905852,2.73312970707499,2.30868750997746,1.90583216690793,1.55240895643545,1.23079942420521,0.927483649361483
North America,USA,AZNMc_Cool_5B,Retail Store,RST,AZNMc_Cool_5B.RST.CO2,kgCO2/sqm,40.2837916237917,37.737041001798,34.5706748100425,31.5815843935389,28.7549091307863,26.124720447382,23.449308415984,21.0224053231568,18.7437002360332,16.6100222635201,14.5527000108146,12.8190703381205,11.1422306572584,9.58203703201731,8.13267448745093,6.79282466299479,5.54105592958416,4.3962964634715,3.42903728546043,2.65820804673942,2.04371794235326,1.70145207190946,1.44341683736245,1.21856087700697,1.02435279668407,0.844502228280026,0.715325558583699,0.592718730273607,0.48515630213989,0.387276193611119,0.294963690451421
North America,USA,AZNMc_Cool_5B,Hotel,HOT,AZNMc_Cool_5B.HOT.CO2,kgCO2/sqm,108.105726454469,101.263516473101,92.7566205977072,84.7260014603688,77.1317338748954,70.0653556017136,62.8774783327675,56.3572558884691,50.2351885933586,44.5027573947654,38.9754667637999,34.3178225688545,29.81275281351,25.6210693784301,21.7271495013087,18.1274512178346,14.7643953896981,11.6888352709891,9.09015507623344,7.0192120221475,5.36829642429786,4.4487501857271,3.75550160374386,3.15139388976995,2.62962609115945,2.14643180285278,1.79938019476713,1.46997940569795,1.18099755052891,0.918028632500877,0.670017883011059
North America,USA,AZNMc_Cool_5B,Shipping/Distribution Warehouse,SDW,AZNMc_Cool_5B.SDW.CO2,kgCO2/sqm,25.8405897507289,24.2106326438599,22.1841126412218,20.271051689993,18.4619387782123,16.7785801093667,15.066277845957,13.5130248852336,12.0546207842824,10.6890361270988,9.3723202311813,8.26277225216698,7.18957068649444,6.19102427775244,5.26341135815836,4.40588815794815,3.60473812560547,2.87207556676212,2.25301575078802,1.75967392729526,1.36639140324476,1.14733631274994,0.982190043327131,0.838278987632038,0.713983016915489,0.598876060775784,0.516201130221194,0.437730992851305,0.368889488443865,0.306244808144277,0.247163475532204
North America,USA,AZNMc_Cool_5B,Refrigerated Warehouse Cool,RFW,AZNMc_Cool_5B.RFW.CO2,kgCO2/sqm,106.132833432618,99.4289916409391,91.0941284545963,83.2259103887152,75.7852196535097,68.8617428656632,61.8192241238763,55.4308584010816,49.4325960419612,43.8160902723774,38.4005765673715,33.837122670184,29.4231577403512,25.3162416027143,21.5010674299276,17.9741648858805,14.6791192398383,11.6657553540806,9.11962757661503,7.0905646522126,5.47303508069432,4.57208458073904,3.89285538014781,3.30096437553928,2.78974814812113,2.31632536918392,1.97629209331403,1.65355268864982,1.37041483655309,1.11276386889941,0.869768574726457
North America,USA,AZNMc_Cool_5B,Self Storage,SST,AZNMc_Cool_5B.SST.CO2,kgCO2/sqm,5.64095297113605,5.285101946226,4.84267360446136,4.42501555852794,4.03005137135873,3.6625417571023,3.28871319877868,2.9496081660826,2.63121046600238,2.33307703794322,2.04561260154606,1.80337691089186,1.56907634220189,1.35107443192238,1.14855866830732,0.961344840168532,0.786438360167038,0.626484014510386,0.49133133529775,0.38362531482576,0.297764166288287,0.249940221636097,0.213885610759208,0.182467055970757,0.155330851965585,0.130200786797629,0.11215125736631,0.0950197152599365,0.0799902891501932,0.0663137490769435,0.053415156424132
North America,USA,AZNMc_Cool_5B,Inpatient Healthcare,IHC,AZNMc_Cool_5B.IHC.CO2,kgCO2/sqm,214.342424207961,200.80483906919,183.973606544405,168.084706527479,153.059145446349,139.078034408181,124.856532764651,111.956012800519,99.8432586672003,88.5014150794666,77.5654502804921,68.3501156142249,59.4366555574366,51.143242825045,43.4389671591954,36.3168206423358,29.6628806545516,23.5777623857741,18.4361700521942,14.3387266839579,11.0723243777329,9.25296549696379,7.88134554865951,6.68609436034746,5.65375597617132,4.69773681944676,4.01108138139371,3.35934879222359,2.78758667463816,2.26729218991037,1.7765930377809
North America,USA,AZNMc_Cool_5B,Outpatient Healthcare,OHC,AZNMc_Cool_5B.OHC.CO2,kgCO2/sqm,62.3585378706665,58.4170818379395,53.516683259241,48.8906439632257,44.5159650407113,40.4453768316082,36.3047991087179,32.5488240425062,29.0222063066017,25.7200384995022,22.5360419455555,19.8530053447416,17.257859271556,14.8432394327221,12.6001463337922,10.5265396257209,8.5892508376974,6.8175739939714,5.32060389825087,4.12763685745722,3.17662669255625,2.64692195106838,2.2475760068372,1.8995796722986,1.59901525771381,1.32067111922467,1.1207519910363,0.931000619652316,0.764532580889059,0.613049298264913,0.470182670754253
North America,USA,AZNMc_Cool_5B,Large Multi-Family - Low Rise (>20 Units),MFL,AZNMc_Cool_5B.MFL.CO2,kgCO2/sqm,61.9266868637713,58.0041397477097,53.4704837459211,49.1546499402042,45.0375642139698,41.1769967250212,37.1934458226177,33.5549271528186,30.1066293631208,26.8472528822387,23.6684143402137,20.9787544264588,18.3461655502058,15.8716914286392,13.5488731798343,11.3786774650577,9.32783117580742,7.43136403126734,5.81442073675997,4.51601431703338,3.47281145922418,2.89510514480261,2.4587276054862,2.07532596315131,1.74152080552336,1.42879478084657,1.20421386330009,0.988324051499901,0.797104997015891,0.62107253560844,0.452803362995284
North America,USA,AZNMc_Cool_5B,Large Multi-Family - High Rise (>20 Units),MFH,AZNMc_Cool_5B.MFH.CO2,kgCO2/sqm,71.6887433210701,67.1479196194114,61.8996633157985,56.9035626043057,52.1375368831881,47.6684621118767,43.0570191338357,38.844992783126,34.8531701560066,31.0800468412053,27.4001559518727,24.2865486134752,21.2390079180265,18.3745042147204,15.6855605649093,13.1732959961692,10.7991928526901,8.6038022800484,6.73199444226031,5.2289316438713,4.02129789921045,3.35253282195187,2.84737293100097,2.40353906151334,2.01711913419459,1.65510085806904,1.39512122668116,1.14520260356129,0.92384337214393,0.720064462835931,0.525272501222099
North America,USA,AZNMc_Cool_5B,Small Multi-Family - High Rise (<20 Units),MFS,AZNMc_Cool_5B.MFS.CO2,kgCO2/sqm,59.8248502209862,56.0314029278856,51.646959713064,47.4731696773164,43.4915864760092,39.7580789214872,35.9056356134708,32.3868687534557,29.0520621777561,25.8999590868919,22.8257432506891,20.2246060769847,17.6786616049409,15.2856279763916,13.0392588857022,10.940489179149,8.9571408408547,7.12309068338127,5.55936461912823,4.30369166670195,3.29482295460744,2.73613025065594,2.31411487485294,1.94333184044903,1.62051295920685,1.31807944937475,1.1008899935081,0.892105599605467,0.707179993064906,0.536941154762717,0.374210098009331
North America,USA,AZNMc_Cool_5B,Leisure,LEI,AZNMc_Cool_5B.LEI.CO2,kgCO2/sqm,38.999646773604,36.5431112162248,33.4889091005729,30.6057030147669,27.879158753955,25.3421408113263,22.7615014943034,20.4205680356609,18.2225828764709,16.1644874500047,14.1800429491913,12.5078246732744,10.8903846834737,9.38545872656918,7.98743781493642,6.69505028908273,5.48762370530849,4.38341573580155,3.45042035593768,2.70689666059316,2.11417400528246,1.78403242268638,1.53513772398785,1.31824697028325,1.1309184384971,0.95743882393101,0.832838056367659,0.714574402784865,0.610822222627676,0.516409379499427,0.427366917138132
North America,USA,AZNMc_Hot or very hot_2B,Office,OFF,AZNMc_Hot or very hot_2B.OFF.CO2,kgCO2/sqm,57.8709532347777,54.2108985513646,49.6603652916679,45.3646033573861,41.3022558528524,37.5222884206986,33.6773283955539,30.1895122134818,26.9146783313505,23.8482697129526,20.891595478233,18.4001150215087,15.990250123756,13.7480227396612,11.6650758961847,9.73951491556856,7.94053939919742,6.29535191631499,4.90525841678646,3.79746358955522,2.91435105979016,2.42246473559655,2.05163020608536,1.72847916660583,1.44937363196733,1.19090195063465,1.00525610418754,0.82905208472077,0.674469077868729,0.53380098632498,0.40113436140717
North America,USA,AZNMc_Hot or very hot_2B,Retail High Street,RHS,AZNMc_Hot or very hot_2B.RHS.CO2,kgCO2/sqm,79.6481799563288,74.6125137214343,68.3516874036018,62.44138682158,56.852228207176,51.6515806722197,46.3615134333651,41.5628205993004,37.0571582987147,32.8382567582447,28.7703326698877,25.3424428988184,22.0268434485517,18.9418871553542,16.0760761235383,13.4268035710647,10.9516929378148,8.68817073002728,6.77561818521273,5.25146472598709,4.03643917789797,3.35968006679139,2.84946940588097,2.40486381415231,2.02085798956156,1.66524113928282,1.40982131595647,1.16739197868382,0.95470979346374,0.761172368429059,0.578643717525669
North America,USA,AZNMc_Hot or very hot_2B,Enclosed Retail Mall,ERM,AZNMc_Hot or very hot_2B.ERM.CO2,kgCO2/sqm,68.8873995586548,64.5394947456473,59.1337598118907,54.030676496157,49.2048742077059,44.7145209171515,40.1469606905489,36.0036639158747,32.1133761389061,28.4706838996341,24.9583489080583,21.9986336015089,19.1358722238931,16.4722532131323,13.9978490335901,11.7104089324075,9.57334405696727,7.61896927466107,5.96762940683856,4.65164183895557,3.60256209815451,3.01823341964974,2.57770633053327,2.19382409886912,1.86226503695365,1.55521763889552,1.33468255428592,1.12536374061279,0.941729271284477,0.77462480832894,0.617025562716657
North America,USA,AZNMc_Hot or very hot_2B,Strip Shopping Center,SSC,AZNMc_Hot or very hot_2B.SSC.CO2,kgCO2/sqm,101.379243394201,94.9818170420964,87.0279191061876,79.5193371373752,72.4187413198625,65.8117189247742,59.0910956785903,52.9947257922044,47.2706286438046,41.9108389689229,36.7428545260934,32.3879844194155,28.1757705222398,24.2565710033293,20.6157786712148,17.2500818099617,14.1056442616976,11.2300135218502,8.80026272438935,6.86394306977544,5.32034663243358,4.46057627247227,3.81239289911541,3.24755571647841,2.75970587357674,2.307922037416,1.98343081175156,1.67544299873007,1.40524665272885,1.15937225095542,0.927483649361483
North America,USA,AZNMc_Hot or very hot_2B,Retail Store,RST,AZNMc_Hot or very hot_2B.RST.CO2,kgCO2/sqm,41.0279746322039,38.4338295593723,35.2085380117089,32.1638213012244,29.284542253626,26.6054063560056,23.8802055141531,21.4081383057946,19.0870270343775,16.9136417992457,14.8180332465304,13.0521411192466,11.3440958326485,9.75486735828225,8.27853250583794,6.91374838036037,5.63868451503392,4.47262133517351,3.48736168347498,2.70218748763745,2.07626186192808,1.72762650134648,1.46478928967122,1.23574881094687,1.03792656234393,0.854729015696789,0.723148397506859,0.598259883959686,0.488695743460352,0.388994108335451,0.294963690451421
North America,USA,AZNMc_Hot or very hot_2B,Hotel,HOT,AZNMc_Hot or very hot_2B.HOT.CO2,kgCO2/sqm,107.511083103381,100.706743907493,92.2469326479873,84.2607619937336,76.7085277395066,69.6812609955574,62.5331677377491,56.0490339177607,49.9608515074836,44.2601486061497,38.7634508447889,34.1315861340493,29.6514513822695,25.4829683962551,21.6106008837561,18.0308264847954,14.6863847544679,11.6278474803958,9.04355065891477,6.98407001834075,5.34229203401385,4.42783537007385,3.73842383319794,3.13765978065869,2.61877990224139,2.13826003452212,1.79312931413737,1.46555171767023,1.1781693413062,0.916655923695367,0.670017883011059
North America,USA,AZNMc_Hot or very hot_2B,Shipping/Distribution Warehouse,SDW,AZNMc_Hot or very hot_2B.SDW.CO2,kgCO2/sqm,27.3310054561514,25.6061289100046,23.4615958986036,21.4371291490075,19.5226637819671,17.7412758703414,15.9292588536831,14.2855532672634,12.7422199992075,11.2971114518552,9.90371750471644,8.72955575667951,7.59385703055008,6.53716095344482,5.55552912879871,4.64806865049158,3.80026419299441,3.02493553025649,2.36982518855744,1.84775394079889,1.4315688774709,1.19975726333929,1.02499381366897,0.872702195899635,0.741167934190519,0.619357803048401,0.531868354358632,0.448828562113887,0.375978119698283,0.309685369211618,0.247163475532204
North America,USA,AZNMc_Hot or very hot_2B,Refrigerated Warehouse Cool,RFW,AZNMc_Hot or very hot_2B.RFW.CO2,kgCO2/sqm,127.186362910436,119.141694391297,109.139785997557,99.6978558113654,90.7689621443866,82.4607297175256,74.0096459094597,66.343551419775,59.145584363058,52.4057285376698,45.9070649397761,40.4308805299933,35.1340841826092,30.2057490592779,25.6275068339107,21.3951930729592,17.4411096083492,13.8250467086323,10.769671207005,8.33477803104263,6.39372846168679,5.31258001732936,4.49749906269556,3.78722470367869,3.17376077971078,2.60564932298064,2.19760643132928,1.81031633569931,1.47054844795378,1.16136504344955,0.869768574726457
North America,USA,AZNMc_Hot or very hot_2B,Self Storage,SST,AZNMc_Hot or very hot_2B.SST.CO2,kgCO2/sqm,4.7928137181049,4.49097775894758,4.11570616059076,3.76144494432491,3.4264328580252,3.11470798117073,2.79762332055882,2.5099914588134,2.23992373813875,1.98704435065395,1.74321449543438,1.53774805888491,1.33901226235456,1.15410113078209,0.982325484581041,0.823529074206599,0.675171864423588,0.539497186080706,0.424859498657612,0.333502307809566,0.260674128855445,0.220109439717824,0.189527602672897,0.162878109047564,0.139860942900973,0.118545401304392,0.10323563219633,0.0887045079854942,0.0759564169927396,0.0643558557972051,0.053415156424132
North America,USA,AZNMc_Hot or very hot_2B,Inpatient Healthcare,IHC,AZNMc_Hot or very hot_2B.IHC.CO2,kgCO2/sqm,241.357522797281,226.099439142018,207.129116794876,189.220888468832,172.285721258947,156.527743774253,140.498824321035,125.958770774454,112.306600615059,99.5233164109259,87.1974943353268,76.8109781429776,66.764701956332,57.417275220965,48.7338592787763,40.7065555724411,33.2069629988775,26.3484839832023,20.553444089245,15.9352545787539,12.2537235575832,10.2031414399337,8.65720162127895,7.3100453571911,6.14650656760395,5.06898645454029,4.29506363087886,3.56050201856151,2.91607436535741,2.32965539240391,1.7765930377809
North America,USA,AZNMc_Hot or very hot_2B,Outpatient Healthcare,OHC,AZNMc_Hot or very hot_2B.OHC.CO2,kgCO2/sqm,90.1048101721891,84.3962896893687,77.298906025005,70.5988845465553,64.2629152936753,58.3673690854088,52.3704551161628,46.9305718800183,41.8228732495302,37.0402516985051,32.4287808627239,28.5428642713099,24.7842419774968,21.2870808538521,18.0383466820655,15.0350843678215,12.2292550915986,9.66328620411841,7.49518274625034,5.76737537477281,4.39000088153216,3.62281476007782,3.04443091323386,2.54041813542657,2.10510232755819,1.70196876406163,1.41242032594768,1.13759813303352,0.896497838846676,0.677100384077525,0.470182670754253
North America,USA,AZNMc_Hot or very hot_2B,Large Multi-Family - Low Rise (>20 Units),MFL,AZNMc_Hot or very hot_2B.MFL.CO2,kgCO2/sqm,48.3821794234391,45.3238849879142,41.7891269563077,38.4241984743456,35.214228015211,32.2042572691428,29.0983999784641,26.2615541555457,23.5730179492926,21.0317781222562,18.5533313536504,16.4562827512235,14.4037307555312,12.4744561763043,10.6634232135726,8.97138554464979,7.37240110699988,5.89378154076099,4.63309848614515,3.62076924929801,2.80741471186041,2.35699411664854,2.01676340410599,1.71783643786952,1.4575783897398,1.21375512062045,1.03865599494135,0.870333068388983,0.721245204561884,0.583997879988079,0.452803362995284
North America,USA,AZNMc_Hot or very hot_2B,Large Multi-Family - High Rise (>20 Units),MFH,AZNMc_Hot or very hot_2B.MFH.CO2,kgCO2/sqm,56.5411756858848,52.9668932918367,48.8357595289023,44.9031085419334,41.1515597164751,37.6337540665998,34.0038841287848,30.6884126157401,27.5462731552136,24.5762815588122,21.6796773121081,19.2288197975237,16.8299662483519,14.5751891798935,12.4586031643219,10.4810890375439,8.61232785567027,6.8842392119764,5.41085679521285,4.22772984503682,3.27714811898944,2.75073366239506,2.35310005601975,2.00373886302467,1.69957071343978,1.41461017859088,1.20996875660804,1.01324679749834,0.839005193860202,0.678601836303766,0.525272501222099
North America,USA,AZNMc_Hot or very hot_2B,Small Multi-Family - High Rise (<20 Units),MFS,AZNMc_Hot or very hot_2B.MFS.CO2,kgCO2/sqm,45.4475804523751,42.5715230304869,39.2473934263221,36.0829736038699,33.0642781977648,30.2336649633624,27.3128788518549,24.6450744086386,22.1167421394527,19.7269291834312,17.3961675861162,15.4240774802677,13.4938325265934,11.679519160296,9.9764016536081,8.3851887738761,6.88148428879847,5.49097239817321,4.30541066358035,3.35340389104443,2.58851535485535,2.16493432852162,1.8449772130144,1.56386264475689,1.31911279914527,1.08981842034573,0.925153065000678,0.766860130036165,0.626656082874241,0.497587023371786,0.374210098009331
North America,USA,AZNMc_Hot or very hot_2B,Leisure,LEI,AZNMc_Hot or very hot_2B.LEI.CO2,kgCO2/sqm,78.4061098750202,73.4399125045617,67.2654565842977,61.4366907686317,55.9246366492406,50.7957339563235,45.5786451371517,40.8461520324594,36.4026469974573,32.2419467526079,28.2301411704918,24.8495403972828,21.5796808586763,18.5372826701121,15.7110065535947,13.0982816886001,10.6573161152141,8.42502002728159,6.53885184697111,5.03572464427231,3.83746081968693,3.17003784897413,2.66686573144272,2.22839363707837,1.84968531381649,1.49897432854364,1.24707811545141,1.00799317988863,0.798245023494888,0.60737751829124,0.427366917138132
North America,USA,AZNMc_Mixed mild_4B,Office,OFF,AZNMc_Mixed mild_4B.OFF.CO2,kgCO2/sqm,58.2579140347876,54.5732151517557,49.9920418443754,45.6673553109331,41.5776548536481,37.7722358148904,33.9013865693427,30.3900859189608,27.0932016395293,24.0061460110068,21.0295636392918,18.5213073289169,16.0952161185182,13.8378911733146,11.7409192503662,9.80239291450567,7.99130437918545,6.33503937636259,4.9355859779652,3.82033204992251,2.93127326980003,2.4360749336799,2.06274346875071,1.73741656048974,1.456431728107,1.19621968269194,1.00932382942963,0.83193337768111,0.676309519036387,0.53469426882211,0.40113436140717
North America,USA,AZNMc_Mixed mild_4B,Retail High Street,RHS,AZNMc_Mixed mild_4B.RHS.CO2,kgCO2/sqm,79.977407949746,74.9207743186975,68.6338793101428,62.6989695487371,57.0865389188004,51.8642370421867,46.5521431378812,41.7334696122894,37.2090467342574,32.9725786244782,28.8877166034016,25.4455538604057,22.1161489901768,19.0183476239146,16.1406039912463,13.4803004560712,10.994884011683,8.72193699998269,6.80142101100765,5.27092131517925,4.05083667047498,3.37125968468777,2.85892461986527,2.41246778916659,2.02686304958147,1.6697654896943,1.41328215493342,1.16984339572595,0.956275649107555,0.761932377205341,0.578643717525669
North America,USA,AZNMc_Mixed mild_4B,Enclosed Retail Mall,ERM,AZNMc_Mixed mild_4B.ERM.CO2,kgCO2/sqm,77.007348902076,72.1423125023316,66.0936296651596,60.3835952578517,54.9838211595213,49.9593937293476,44.84857651597,40.2124838482029,35.85949259048,31.7835454160831,27.8534599342227,24.5417216790139,21.3384688699328,18.358044044708,15.589338905364,13.0298349987478,10.6385916632157,8.45176723545527,6.60402012257668,5.1315114788253,3.95765617501032,3.30382854708352,2.81090599799427,2.38136553871974,2.01037146818302,1.66680443250859,1.42003932145173,1.18582452341279,0.980348917126003,0.793369364950371,0.617025562716657
North America,USA,AZNMc_Mixed mild_4B,Strip Shopping Center,SSC,AZNMc_Mixed mild_4B.SSC.CO2,kgCO2/sqm,76.9616125381996,72.1192609353172,66.0987820271951,60.4153724917199,55.0407765767485,50.039777155378,44.9527907709517,40.3383153762654,36.0056213402506,31.9486795804229,28.0369193860795,24.7406231755763,21.5523065629182,18.5857789269778,15.8299837657914,13.2824143693038,10.9023209748733,8.72569331931358,6.88656192160417,5.42091932297894,4.25253749704251,3.60175855070893,3.11113441153402,2.6835968227957,2.31433263142855,1.97236758755281,1.72675309818858,1.4936304019715,1.28911289178219,1.10300519190321,0.927483649361483
North America,USA,AZNMc_Mixed mild_4B,Retail Store,RST,AZNMc_Mixed mild_4B.RST.CO2,kgCO2/sqm,41.3283556929433,38.7150803856735,35.4660042840603,32.3988346486876,29.4983226778536,26.7994297904064,24.054132257917,21.5638350647599,19.225607016319,17.0361943933945,14.9251320083844,13.1462175059292,11.4255764292552,9.82462836618561,8.33740644650196,6.96255787221952,5.67809119017214,4.50342900702772,3.51090366756297,2.71993929190917,2.08939784725964,1.73819151397061,1.4734160384985,1.24268652622714,1.04340545944457,0.858856942856477,0.726305998026045,0.60049650802007,0.490124398947305,0.389687525198402,0.294963690451421
North America,USA,AZNMc_Mixed mild_4B,Hotel,HOT,AZNMc_Mixed mild_4B.HOT.CO2,kgCO2/sqm,74.9710660697002,70.2390884033463,64.3558370266742,58.8019720461546,53.5498817559363,48.6628724034375,43.6918360280897,39.1825404832149,34.9486035255262,30.984133496176,27.1615358424354,23.9403736202408,20.8247297674932,17.9258195537995,15.2328384931062,12.7433370119477,10.4174941756742,8.29047939055488,6.49326815660175,5.06103262058176,3.91928225639632,3.28333681246143,2.8038956938595,2.38610316507405,2.02525578144055,1.6910853033343,1.45106921744896,1.22326019355181,1.02340434458412,0.841538682693814,0.670017883011059
North America,USA,AZNMc_Mixed mild_4B,Shipping/Distribution Warehouse,SDW,AZNMc_Mixed mild_4B.SDW.CO2,kgCO2/sqm,42.3601123735016,39.6780838084564,36.3435270205471,33.195662517705,30.2188403140162,27.4489416362941,24.6314174431095,22.0756024515092,19.6758574265352,17.4288430461449,15.2622402379989,13.4365238670197,11.6706140507093,10.0275462788746,8.50119669754398,7.09017691766114,5.77191690788859,4.56635026869547,3.54771235306128,2.7359383147366,2.0888078110004,1.72836150995987,1.45661999594331,1.21982016816044,1.0152961702117,0.825892324490188,0.689854066534751,0.560734625880675,0.447458711745665,0.344379421313071,0.247163475532204
North America,USA,AZNMc_Mixed mild_4B,Refrigerated Warehouse Cool,RFW,AZNMc_Mixed mild_4B.RFW.CO2,kgCO2/sqm,115.039947367755,107.768842189604,98.7287024075747,90.1946941628316,82.1243896098633,74.6150644367368,66.9766242584222,60.0476899949995,53.5418687279407,47.4501073986354,41.5763456115231,36.626742936938,31.8392786358985,27.3848448764883,23.2468396034931,19.4214988290908,15.847634140202,12.5792864622215,9.81771131736336,7.61695384204117,5.86255270777278,4.88536588728234,4.14866190305352,3.50668646833318,2.95221232144202,2.43872961609876,2.06992352106386,1.71987466409952,1.41277835030134,1.13332556139642,0.869768574726457
North America,USA,AZNMc_Mixed mild_4B,Self Storage,SST,AZNMc_Mixed mild_4B.SST.CO2,kgCO2/sqm,8.45963366179402,7.92427057881362,7.2586555195205,6.63030634121196,6.03609913058722,5.48319618429674,4.92078664918064,4.41061721576611,3.93160110397634,3.48307174755363,3.05059344583818,2.68615991304366,2.333664441576,2.0056896245515,1.70101307180447,1.41935764525547,1.1562181126645,0.915573445001948,0.712241854107623,0.550202621004361,0.421028090171189,0.349078952310052,0.294836288151394,0.24756837777068,0.20674308623115,0.168935947226236,0.141781180072934,0.116007486711801,0.0933963395342089,0.0728205531922401,0.053415156424132
North America,USA,AZNMc_Mixed mild_4B,Inpatient Healthcare,IHC,AZNMc_Mixed mild_4B.IHC.CO2,kgCO2/sqm,217.84659806999,204.085844175746,186.977146713372,170.826316226111,155.55305692315,141.341465550526,126.885520703854,113.772334081981,101.459899707499,89.9310844337302,78.8148389104564,69.447588319181,60.3871887774374,51.9570581164687,44.1257765190189,36.8862205411536,30.1225895345619,23.9371573429521,18.710805227589,14.5458150016424,11.2255656517918,9.37621441618113,7.98198314438697,6.76702809327823,5.71767148391188,4.74589223384517,4.04791719647082,3.38544071543704,2.80425302904446,2.27538142576519,1.7765930377809
North America,USA,AZNMc_Mixed mild_4B,Outpatient Healthcare,OHC,AZNMc_Mixed mild_4B.OHC.CO2,kgCO2/sqm,73.5761075536051,68.9202431712535,63.1316231758902,57.6670914366448,52.4994803785894,47.6910779758683,42.8000001147192,38.3632360390644,34.1974014412832,30.2966994291424,26.5355877927418,23.3662375722772,20.3007084711482,17.4484268749057,14.7987620863374,12.3493039330684,10.060871995329,7.96806998377547,6.1997666734659,4.79056847147359,3.66718302273288,3.04146668375095,2.56973731710465,2.15866493022173,1.80362173277179,1.47482634607524,1.23867088967681,1.01452614616235,0.817884954165714,0.638944579280065,0.470182670754253
North America,USA,AZNMc_Mixed mild_4B,Large Multi-Family - Low Rise (>20 Units),MFL,AZNMc_Mixed mild_4B.MFL.CO2,kgCO2/sqm,58.9917576475444,55.2564835241319,50.9392765035729,46.8294922591891,42.9089673242294,39.2327137531478,35.4393483289018,31.974542366673,28.6908756260142,25.5871105806827,22.5600383755045,19.9987900897947,17.4918881161291,15.1355520717524,12.9236314392062,10.8570467287377,8.90411337990275,7.0981886984894,5.55844264361911,4.32202565287896,3.32862811680118,2.77850306199815,2.36295936490075,1.99786235239494,1.67999395447467,1.38219831477163,1.16833949673764,0.96275684759019,0.780667107178184,0.613038910875972,0.452803362995284
North America,USA,AZNMc_Mixed mild_4B,Large Multi-Family - High Rise (>20 Units),MFH,AZNMc_Mixed mild_4B.MFH.CO2,kgCO2/sqm,68.9823621206791,64.6142281397279,59.5655655606944,54.7594689747041,50.1746975159715,45.8755838188585,41.4395162467478,37.3876752945268,33.5476636118268,29.918034000864,26.3780911411545,23.3828957951592,20.4512545457404,17.695689303161,15.1090074803648,12.6922855477681,10.4084706946335,8.29657188686588,6.49594980610416,5.0500492126175,3.88834236311585,3.24501074507053,2.75906232900008,2.33210767614762,1.96038348548566,1.61213293942466,1.36204045910974,1.12162636205425,0.908685529227344,0.712656430360484,0.525272501222099
North America,USA,AZNMc_Mixed mild_4B,Small Multi-Family - High Rise (<20 Units),MFS,AZNMc_Mixed mild_4B.MFS.CO2,kgCO2/sqm,47.66442971142,44.6469187946066,41.1592981048622,37.839242223168,34.6720779401697,31.7022462980469,28.6378067948312,25.8387913892057,23.186107835137,20.6787564070829,18.2333606681585,16.164277005903,14.1390965712188,12.2355496017954,10.4486674519693,8.77919374848079,7.20153237605795,5.74263076373691,4.49875939682188,3.4999299551199,2.6974218095834,2.25300774420708,1.91731413753308,1.62237347600922,1.36558606787166,1.12501427471973,0.952250162434228,0.786171886084564,0.639072165587754,0.503655086252877,0.374210098009331
North America,USA,AZNMc_Mixed mild_4B,Leisure,LEI,AZNMc_Mixed mild_4B.LEI.CO2,kgCO2/sqm,53.7777466816815,50.3800448766814,46.1556940383582,42.1678525057969,38.3966942465381,34.8876750438265,31.3183219200079,28.080512553104,25.040418905646,22.1938105899792,19.4490708926105,17.1361798630588,14.8990541856726,12.8175497576963,10.8839086342801,9.09637194825002,7.42634707489884,5.89908670212739,4.60863516492176,3.58024711894222,2.76043613360391,2.30380824245748,1.95955514810163,1.65956758914434,1.40046835133119,1.1605239313242,0.988185187200309,0.824611479489411,0.681108989271492,0.550523992629195,0.427366917138132
North America,USA,AZNMc_Warm_3B,Office,OFF,AZNMc_Warm_3B.OFF.CO2,kgCO2/sqm,54.8639127352812,51.3953660969456,47.0829341237061,43.0119428667262,39.1621529047189,35.5799678108096,31.9361907846931,28.6308704712334,25.527388410036,22.621426006439,19.819456264302,17.4583395843208,15.1745680254356,13.049662544998,11.0757034387272,9.25089516564474,7.54604892167048,5.98694393369189,4.66958543721565,3.61975466791814,2.78284995983541,2.31670100748314,1.96526995741059,1.65902741498602,1.39452574830369,1.14957829288606,0.973646146425711,0.806661794483531,0.660167161168254,0.526859361627356,0.40113436140717
North America,USA,AZNMc_Warm_3B,Retail High Street,RHS,AZNMc_Warm_3B.RHS.CO2,kgCO2/sqm,77.0752213578658,72.2034179879176,66.1463218002239,60.428345081796,55.0210602255948,49.9896441219728,44.8717180722046,40.2291768810622,35.8701308768342,31.7885143074287,27.8529623153165,24.5366176332992,21.3289092940775,18.3443388789064,15.5717826388425,13.0087186177174,10.6141492079133,8.42428304016824,6.57396582325963,5.09940900940254,3.92392094414204,3.26918388168831,2.77557570726589,2.34543778329625,1.97392768253594,1.62988276597791,1.38277441963633,1.14823384303595,0.942472432658274,0.755232803279854,0.578643717525669
North America,USA,AZNMc_Warm_3B,Enclosed Retail Mall,ERM,AZNMc_Warm_3B.ERM.CO2,kgCO2/sqm,64.0455447212755,60.0060009544896,54.9836502371451,50.2424865534806,45.7589386396132,41.5870490915118,37.343428258877,33.4939813689617,29.8795996342367,26.4952535267854,23.2320195020576,20.4822124036444,17.8224830912301,15.3477726192296,13.0488575302709,10.9236466988414,8.93814621801773,7.12237912803682,5.58815518413834,4.3654997660377,3.39082260311172,2.84793554083138,2.43865140663943,2.08199477711535,1.77395046623827,1.48867940896422,1.28378505991427,1.08931150416514,0.918700713946595,0.763447593014717,0.617025562716657
North America,USA,AZNMc_Warm_3B,Strip Shopping Center,SSC,AZNMc_Warm_3B.SSC.CO2,kgCO2/sqm,106.125351279724,99.4256616747511,91.0959608877011,83.2326161931606,75.7965340298934,68.8773454650056,61.8391886776936,55.454779743865,49.4602325537484,43.8472055029829,38.4350460274942,33.8744186159544,29.4631875821584,25.3588151624556,21.5460040101542,18.0212859385804,14.7282811588287,11.7167836729442,9.17223290135667,7.14442672619798,5.52789901077854,4.6275065363265,3.94869803278409,3.35717363019834,2.84627403692665,2.37314448384865,2.03332181582003,1.71078230761928,1.42781982380572,1.17032843851633,0.927483649361483
North America,USA,AZNMc_Warm_3B,Retail Store,RST,AZNMc_Warm_3B.RST.CO2,kgCO2/sqm,39.8038300557487,37.2876465317451,34.1592843066206,31.206070123492,28.4133217238553,25.8147015947193,23.1714009059165,20.7736264541153,18.5222712775354,16.4142025433599,14.3815730777504,12.668751107085,11.0120375125368,9.47056994198461,8.03860321408763,6.71483479176111,5.47809027674259,4.34707066190297,3.39142090721774,2.62984346279104,2.02272870920384,1.68457084773044,1.42963265308643,1.20747550199578,1.01559838308324,0.837906451610705,0.710280210875321,0.589144957717833,0.482873535956086,0.386168222808866,0.294963690451421
North America,USA,AZNMc_Warm_3B,Hotel,HOT,AZNMc_Warm_3B.HOT.CO2,kgCO2/sqm,68.9052389428086,64.5595728991426,59.1566214195227,54.0561657203,49.2328482742445,44.7448071008389,40.1795987458253,36.0384353862535,32.1501507481252,28.5093341588632,24.9988076953566,22.0406163687866,19.1793290488331,16.5170815558114,14.0439514658489,11.7576891850164,9.62172470057593,7.66835624074749,6.0178666604146,4.70255670456489,3.65401714292173,3.0699893397091,2.62968908134989,2.24600451357397,1.91461617394766,1.60772687693607,1.38730534752314,1.17809431370325,0.994554399163431,0.827535979570062,0.670017883011059
North America,USA,AZNMc_Warm_3B,Shipping/Distribution Warehouse,SDW,AZNMc_Warm_3B.SDW.CO2,kgCO2/sqm,16.3211547930599,15.2974576881067,14.024698637523,12.8231977212602,11.6869815334115,10.6297454941114,9.55433138507103,8.5788084388218,7.66285546698958,6.80519789168513,5.97823241816661,5.28137907820014,4.60735315986127,3.98021452935197,3.39762578741272,2.85905700312628,2.35589347490445,1.89574361130689,1.50694212767586,1.1970980254393,0.950096322386758,0.812518430907403,0.708798058641459,0.618414495500443,0.540350217094791,0.468057113636042,0.416132994464878,0.366849702216072,0.32361368792739,0.284269598691446,0.247163475532204
North America,USA,AZNMc_Warm_3B,Refrigerated Warehouse Cool,RFW,AZNMc_Warm_3B.RFW.CO2,kgCO2/sqm,115.788748175047,108.469954454365,99.3705236732458,90.7805439626553,82.657309208226,75.0987330939929,67.4101951560667,60.4358165250782,53.8873259351859,47.7556109520506,41.8433252910638,36.8612599671452,32.0423964235767,27.5587476482111,23.3936026989732,19.5431729014098,15.9458685298256,12.6560849444509,9.87639762949958,7.66120618383944,5.89529856863581,4.91170273409464,4.17016697554472,3.52398105671318,2.9658703149318,2.44901986270089,2.07779490220904,1.72545020171133,1.41633975453681,1.13505413611245,0.869768574726457
North America,USA,AZNMc_Warm_3B,Self Storage,SST,AZNMc_Warm_3B.SST.CO2,kgCO2/sqm,3.01552127678532,2.82687494744013,2.59233162220093,2.37091970605782,2.16153842311473,1.96671155772614,1.7685348478235,1.58876602547216,1.41997472465388,1.26192606686885,1.1095333324168,0.981117589087509,0.856908470234961,0.741339714532023,0.633980587351829,0.534733433321654,0.442010740056093,0.357214580824665,0.285566461106373,0.228468563424176,0.182951227878912,0.15759845106529,0.1384849189359,0.121829086524935,0.107443445007584,0.0941213123782378,0.0845527647690605,0.0754708672665682,0.0675033587607698,0.0602530520246486,0.053415156424132
North America,USA,AZNMc_Warm_3B,Inpatient Healthcare,IHC,AZNMc_Warm_3B.IHC.CO2,kgCO2/sqm,232.242008818837,217.564460830513,199.315916459209,182.089055827159,165.798233530635,150.639811545529,135.220756322665,121.233919016977,108.101183138302,95.8042740641524,83.9474217163973,73.9560890373342,64.2920509992031,55.3002727670548,46.9472412151476,39.2253583084468,32.0111083162213,25.4135789571027,19.8390272598146,15.3965494434063,11.8550923735273,9.88253028015997,8.39540998458218,7.0995099776963,5.98024121457407,4.94371831135739,4.19924150547543,3.4926283056291,2.87271967105797,2.30861261729832,1.7765930377809
North America,USA,AZNMc_Warm_3B,Outpatient Healthcare,OHC,AZNMc_Warm_3B.OHC.CO2,kgCO2/sqm,82.7505042429121,77.510354156717,70.9952937776745,64.8449929714557,59.0288747799685,53.6170439799586,48.1121624003232,43.1186085198455,38.4299842958702,34.0397653576593,29.8066546295243,26.239568162422,22.7893318014992,19.5791043496305,16.5969210148162,13.8400691611329,11.2644514388358,8.90901413640892,6.91879836056675,5.33275343459614,4.0683892107663,3.36414886818274,2.83322002698574,2.37056028721277,1.97096109597074,1.60090367323536,1.33511198911919,1.08283829714919,0.861519703098942,0.660123282611449,0.470182670754253
North America,USA,AZNMc_Warm_3B,Large Multi-Family - Low Rise (>20 Units),MFL,AZNMc_Warm_3B.MFL.CO2,kgCO2/sqm,47.7025528944167,44.6876243067869,41.2029882573427,37.8857736171323,34.7213197338583,31.7540296178911,28.692212604462,25.8955925436644,23.2451791063725,20.7399734225906,18.296670407423,16.229357428115,14.2059101048206,12.3039921551512,10.5186391855172,8.85059418627681,7.27428294683317,5.81662983511854,4.57382294996348,3.57584828774295,2.77402691360892,2.3299931694451,1.99458684305647,1.69989858621272,1.44333093191741,1.20296501558891,1.03034875158675,0.864412601907579,0.717438766589518,0.582137574648445,0.452803362995284
North America,USA,AZNMc_Warm_3B,Large Multi-Family - High Rise (>20 Units),MFH,AZNMc_Warm_3B.MFH.CO2,kgCO2/sqm,56.5064793753872,52.9344108956866,48.8058359614347,44.8756208627041,41.126395750611,37.6107690333274,33.9831474408441,30.6697295344096,27.5295363184343,24.5613843380124,21.6665742510847,19.2172348002728,16.8198671035617,14.5664866464373,12.4512116465132,10.4749223941058,8.60731872491209,6.88030046117713,5.40783065906241,4.22543653898797,3.275443604281,2.7493552093655,2.35196789767236,2.00282309937483,1.69884335186795,1.4140593218799,1.20954465501327,1.01294454569598,0.838810867493971,0.678506863949204,0.525272501222099
North America,USA,AZNMc_Warm_3B,Small Multi-Family - High Rise (<20 Units),MFS,AZNMc_Warm_3B.MFS.CO2,kgCO2/sqm,39.4214732646057,36.9299318033882,34.0502233983316,31.3088722944438,28.6937629068991,26.2415899493946,23.7112998234793,21.4001688529684,19.2098632532023,17.1395575565334,15.1204083171169,13.4119778015842,11.7397979293103,10.1680501118404,8.6926317669409,7.31415690294718,6.01149095425071,4.80688425848656,3.7798268033431,2.95509906074616,2.29247268666151,1.92552254120765,1.64834225508722,1.40481144209462,1.19278355164744,0.994144801511471,0.851494464648951,0.714364584181214,0.5929051884557,0.481092082547829,0.374210098009331
North America,USA,AZNMc_Warm_3B,Leisure,LEI,AZNMc_Warm_3B.LEI.CO2,kgCO2/sqm,57.6068286029938,53.9652657680824,49.4377233593207,45.1636650840711,41.1218419490108,37.360972205592,33.5354382339984,30.06524369259,26.806955391674,23.7560393187488,20.8143032138515,18.3354105688229,15.9377211330382,13.7068222488374,11.6343991654678,9.71856677773193,7.92868030116606,6.29180486832709,4.90873459676096,3.80653672801479,2.92788598489581,2.43848483870466,2.06952389211287,1.7480055222468,1.4703101242617,1.21314433029592,1.02843643018141,0.853122653706953,0.699320653094134,0.559363264876661,0.427366917138132
North America,USA,CAMXc_Cold or very cold_6B,Office,OFF,CAMXc_Cold or very cold_6B.OFF.CO2,kgCO2/sqm,35.2726634567039,33.0518159599641,30.2906439904774,27.6840621321311,25.219111450597,22.9255033120354,20.5924589764944,18.4761223348187,16.4890190649332,14.6283840490104,12.8343336479031,11.3225534658834,9.86029596194231,8.49975752636769,7.23586731616371,6.06747567901108,4.97589355311141,3.97762690983274,3.13414616003602,2.46195856128037,1.92610365726582,1.62763693852619,1.40262201175421,1.20654046675725,1.03718484736248,0.880349434747689,0.76770327259315,0.660786220965018,0.566988364511755,0.481633798528937,0.40113436140717
North America,USA,CAMXc_Cold or very cold_6B,Retail High Street,RHS,CAMXc_Cold or very cold_6B.RHS.CO2,kgCO2/sqm,54.585178357504,51.1456883100496,46.8693822952058,42.8324944076681,39.0149547751413,35.4627782403168,31.8495257391239,28.5718946425304,25.49441096566,22.6127922914349,19.8342951148847,17.4929579012179,15.2283178757304,13.1212130811835,11.1637901579737,9.3542686066674,7.6637041426407,6.11766003591881,4.81133727021608,3.7703011075186,2.94040728908071,2.47816334387136,2.12967629003402,1.82599919221593,1.56371329989605,1.32081780996761,1.14635947629849,0.980773979987747,0.835506556530194,0.703315498551808,0.578643717525669
North America,USA,CAMXc_Cold or very cold_6B,Enclosed Retail Mall,ERM,CAMXc_Cold or very cold_6B.ERM.CO2,kgCO2/sqm,66.7286511108745,62.5182295459701,57.2834270564689,52.3417061669523,47.6684985193349,43.3201327795817,38.8970014314544,34.8847180811618,31.1174434387111,27.5899352208089,24.1886622795392,21.3225348713695,18.5502956531997,15.9709018058356,13.574739708021,11.3596297769956,9.2901401206824,7.39756379180104,5.79844023931074,4.52406495437254,3.50815771768267,2.94230584769502,2.51570847822373,2.14396482326908,1.82288984937545,1.52555146644579,1.31198982791121,1.10928979538222,0.931461953473958,0.7696414296403,0.617025562716657
North America,USA,CAMXc_Cold or very cold_6B,Strip Shopping Center,SSC,CAMXc_Cold or very cold_6B.SSC.CO2,kgCO2/sqm,114.515428521282,107.281403814787,98.2873660542165,89.7968787107773,81.7677303083387,74.2967004579194,66.6972140503984,59.8036152888374,53.3309717733279,47.2702766131634,41.4264692624294,36.5021080878894,31.7390584294617,27.3073409560509,23.1904382779813,19.3846056026483,15.8289665596621,12.5772864817871,9.82979454799177,7.64026028058437,5.89480606978058,4.92260261114666,4.18965559790594,3.5509540467738,2.99930755295379,2.48844345653374,2.1215181627826,1.77325445077226,1.46772423674576,1.18969657386559,0.927483649361483
North America,USA,CAMXc_Cold or very cold_6B,Retail Store,RST,CAMXc_Cold or very cold_6B.RST.CO2,kgCO2/sqm,28.1857210142388,26.4094548110724,24.2010292178114,22.1162470490384,20.1447435601638,18.3102823349715,16.4442794645385,14.7516025668003,13.1622884037699,11.6741253938994,10.2392177296216,9.03007390147467,7.86053903319133,6.77236055863699,5.76148274366144,4.8269860795802,3.95392278231981,3.15549456840267,2.48086636854436,1.94324092798168,1.51465636411617,1.27593833145276,1.09596811277733,0.939139234633268,0.80368614139348,0.678246892054533,0.588150849419798,0.502637032902435,0.427616139936137,0.359348313773474,0.294963690451421
North America,USA,CAMXc_Cold or very cold_6B,Hotel,HOT,CAMXc_Cold or very cold_6B.HOT.CO2,kgCO2/sqm,59.612366756952,55.8585317131566,51.1914016575267,46.7855708480066,42.6191351683153,38.7423148914137,34.7988367379886,31.2216534052057,27.8629095467972,24.7179313631367,21.6854992506669,19.1301804212056,16.6585683589616,14.3588891304742,12.2225716347711,10.2476726473983,8.40260258139952,6.71526100837726,5.28954960676061,4.15337012216392,3.24762989460111,2.74314013118592,2.36280383221282,2.03137280143215,1.74511583877217,1.48002142375908,1.28961883570857,1.1088999994219,0.950356163744743,0.806083780609654,0.670017883011059
North America,USA,CAMXc_Cold or very cold_6B,Shipping/Distribution Warehouse,SDW,CAMXc_Cold or very cold_6B.SDW.CO2,kgCO2/sqm,34.075409866085,31.9210054489385,29.2424419292482,26.7138435101677,24.3226389613904,22.0976507475783,19.8344061847407,17.7813858779938,15.8537325527421,14.0487638176598,12.3083876259569,10.8418367228989,9.42332688369535,8.10349289257153,6.87741561547404,5.74397979525956,4.68505550749617,3.71665489965315,2.89840931736637,2.24633215581605,1.72650890192167,1.43697167878148,1.21868872469614,1.02847352654206,0.864184670585826,0.712041443192542,0.602765416956346,0.499047098326157,0.408055476182618,0.325254539041755,0.247163475532204
North America,USA,CAMXc_Cold or very cold_6B,Refrigerated Warehouse Cool,RFW,CAMXc_Cold or very cold_6B.RFW.CO2,kgCO2/sqm,67.2788664487018,63.0494998966609,57.7911431705359,52.8271867786495,48.1329518164495,43.7650204033464,39.3219869705462,35.2916501652046,31.5074244957508,27.9640440909946,24.5474669643537,21.6684432829624,18.8837302458369,16.2927302962085,13.885786555886,11.6607096349756,9.58190821395814,7.68081615009566,6.07449726700374,4.79438787135761,3.77390951293222,3.20551156620788,2.77699470208445,2.40357836931057,2.08105870367847,1.78238243290244,1.56785986386897,1.36424777314115,1.18561978660946,1.02307114382259,0.869768574726457
North America,USA,CAMXc_Cold or very cold_6B,Self Storage,SST,CAMXc_Cold or very cold_6B.SST.CO2,kgCO2/sqm,6.1529373836038,5.76447983611507,5.28151191822066,4.82558399092794,4.39442935386482,3.99324494398807,3.58516258709631,3.21498546206062,2.86741307631162,2.54196177174521,2.22815705534375,1.96372538107906,1.7079559216219,1.46997856175216,1.24890633951646,1.04453816451078,0.853605056257289,0.678994141929717,0.531457463296455,0.413882372504189,0.320153792703518,0.267947754360584,0.228589470313384,0.194292042782167,0.164669356550851,0.137236631056119,0.11753322866185,0.098831928495513,0.0824253605834782,0.0674956432492966,0.053415156424132
North America,USA,CAMXc_Cold or very cold_6B,Inpatient Healthcare,IHC,CAMXc_Cold or very cold_6B.IHC.CO2,kgCO2/sqm,141.337952111527,132.449770176817,121.399124486896,110.967172802367,101.102051424279,91.9226699258217,82.5854585475191,74.1155455373193,66.162844862587,58.7162900856872,51.5362174384252,45.4858347251565,39.6336495798449,34.1885601883828,29.1302722373718,24.4541846369168,20.0855008142245,16.090280269888,12.7145372827515,10.0243365009478,7.87976066470531,6.6852497847335,5.78470456039426,4.99995529304004,4.32216739492639,3.69448733892436,3.24365963240863,2.81576072976508,2.44036691525676,2.09876448081351,1.7765930377809
North America,USA,CAMXc_Cold or very cold_6B,Outpatient Healthcare,OHC,CAMXc_Cold or very cold_6B.OHC.CO2,kgCO2/sqm,47.7012676092608,44.6932826004206,40.9534652994856,37.4230296591589,34.0844236952332,30.9778894072755,27.8179415060491,24.951509253873,22.2601147048968,19.7400126974267,17.3100949657695,15.2624928090015,13.2819657096056,11.4392100840316,9.7273578246151,8.14485180645371,6.66637898225294,5.31429555364493,4.17185895934551,3.26142714304408,2.53564857402687,2.1313959556348,1.82662873164082,1.56104978093532,1.33166925613561,1.11924648928957,0.966675019361243,0.821863235139711,0.694820497406956,0.579213615219288,0.470182670754253
North America,USA,CAMXc_Cold or very cold_6B,Large Multi-Family - Low Rise (>20 Units),MFL,CAMXc_Cold or very cold_6B.MFL.CO2,kgCO2/sqm,49.6435326252302,46.5047533222744,42.8769713724116,39.4234883616117,36.1290413903861,33.0398575072,29.8522636415873,26.9407607950262,24.1814706163531,21.5733532028381,19.0296813671856,16.8774449199253,14.7708760927111,12.7908289629595,10.9321352039928,9.19556832758441,7.55450355620556,6.03697128804135,4.74311094763364,3.70414033071609,2.86938081298635,2.40710653832732,2.05792200385159,1.75112820276444,1.48402096632302,1.23378102153513,1.05407382746541,0.881321161162756,0.728309765050377,0.587450514628213,0.452803362995284
North America,USA,CAMXc_Cold or very cold_6B,Large Multi-Family - High Rise (>20 Units),MFH,CAMXc_Cold or very cold_6B.MFH.CO2,kgCO2/sqm,56.4902884732147,52.9192531082778,48.7918722417605,44.8627938410708,41.114653081038,37.6000431544138,33.9734707437828,30.6610111451122,27.5217261368016,24.5544326062245,21.660459757176,19.2118287050867,16.8151543758111,14.5624256420877,12.4477624226612,10.4720447532499,8.60498123297385,6.87846245800163,5.40641852406392,4.22436637638694,3.27464819893386,2.74871195946859,2.3514395802581,2.0023957617284,1.69850393133923,1.41380226667746,1.20934674960679,1.01280350103465,0.83872018582955,0.678462545458859,0.525272501222099
North America,USA,CAMXc_Cold or very cold_6B,Small Multi-Family - High Rise (<20 Units),MFS,CAMXc_Cold or very cold_6B.MFS.CO2,kgCO2/sqm,33.0978042466117,31.0097656756769,28.5964234470208,26.2990316795182,24.1074368963678,22.0523911355115,19.9318792111444,17.9950338148207,16.1594462295306,14.424424671367,12.7322748283878,11.3005230924759,9.89915124087423,8.58194656347094,7.3454708875215,6.19023878326562,5.09853840891482,4.08901668001177,3.22829025250219,2.53712642325531,1.98181179223514,1.67428889155525,1.44199770253389,1.23790648484604,1.06021631983817,0.893746935955827,0.774198692363589,0.659276872236861,0.557487715995654,0.463782641644784,0.374210098009331
North America,USA,CAMXc_Cold or very cold_6B,Leisure,LEI,CAMXc_Cold or very cold_6B.LEI.CO2,kgCO2/sqm,40.998598179386,38.4147562967377,35.2022746695988,32.1696506888738,29.3018073007259,26.6333121521404,23.9189350158914,21.4566861399231,19.1447936477935,16.9800404670728,14.8927550623937,13.1338765453436,11.4326151181425,9.84969859733184,8.37922731779186,7.01986371815581,5.74986403587676,4.58843212002454,3.60708563327491,2.8250299211149,2.20159029005163,1.85433960778364,1.59254630911367,1.3644155125951,1.16737895646217,0.984909017219872,0.853850998998558,0.729458506325569,0.620329522745043,0.52102387353436,0.427366917138132
North America,USA,CAMXc_Cool_5B,Office,OFF,CAMXc_Cool_5B.OFF.CO2,kgCO2/sqm,36.4761215149145,34.1786299223937,31.3221666151597,28.6256285081717,26.0756094388226,23.7028461479536,21.2892856699143,19.0999117267096,17.0442311530843,15.1193834036969,13.2634181835935,11.6994646644849,10.1867429101381,8.77925067052111,7.47174210179875,6.263027875779,5.13377394885155,4.10105593314199,3.22846565670209,2.53308006223649,1.97873216640316,1.66996500523689,1.43718454498052,1.2343359920113,1.05913570821117,0.896887718459067,0.780354002902413,0.669747116309191,0.572712183962781,0.484411930110746,0.40113436140717
North America,USA,CAMXc_Cool_5B,Retail High Street,RHS,CAMXc_Cool_5B.RHS.CO2,kgCO2/sqm,53.1897934426395,49.839170650954,45.6733529861633,41.7407675223753,38.0218629393038,34.5614651787456,31.0415694920081,27.8486236472858,24.8506539464013,22.0434886185205,19.3367804036579,17.055937103373,14.8498093403409,12.7971465177507,10.89029818588,9.12752984865508,7.4806450646233,5.97454661704463,4.70197574994745,3.68783718708562,2.87938561305218,2.42908481939721,2.08960174223033,1.79377085124832,1.53826172733183,1.30164200948901,1.13169121418903,0.970384005778317,0.828869905370746,0.700094312009978,0.578643717525669
North America,USA,CAMXc_Cool_5B,Enclosed Retail Mall,ERM,CAMXc_Cool_5B.ERM.CO2,kgCO2/sqm,56.7052752793364,53.1332079736766,48.6920691147561,44.4995769020341,40.5348878576503,36.8457904946939,33.0932629547009,29.689293552661,26.4931863756722,23.500493938258,20.6148978800375,18.1833123842011,15.8313804168097,13.6430559726757,11.6101829796221,9.73091230777004,7.97518399725219,6.36954667005114,5.01287089032055,3.93170734878525,3.06982476296262,2.58976334073418,2.22784363918442,1.91246112095429,1.64006525768233,1.38780721178167,1.20662427439809,1.0346561833432,0.883789337749557,0.746502894180793,0.617025562716657
North America,USA,CAMXc_Cool_5B,Strip Shopping Center,SSC,CAMXc_Cool_5B.SSC.CO2,kgCO2/sqm,95.3251914999985,89.3133268465973,81.8387964298589,74.782743565629,68.1100882408281,61.9012595314216,55.585676495555,49.856724161158,44.477608337843,39.4408438137019,34.5843247556979,30.4919150547442,26.5335639230169,22.8505677053874,19.429199560272,16.266347363064,13.3114195669797,10.6090980630464,8.32578409710716,6.5061630419262,5.05559646248938,4.24764295859435,3.63852446363514,3.10772903023325,2.64928104423291,2.22472542981788,1.91979072286826,1.63036479674203,1.37645271200683,1.14539673045394,0.927483649361483
North America,USA,CAMXc_Cool_5B,Retail Store,RST,CAMXc_Cool_5B.RST.CO2,kgCO2/sqm,27.4475506749846,25.7182959964811,23.5683196683466,21.5387143577323,19.6193896384167,17.8334801556253,16.0168638241064,14.3689861358464,12.8217355339192,11.3729589695693,9.97602826895161,8.79888622904833,7.66030483902548,6.60092662487302,5.61680319347202,4.70703937230174,3.85708299260716,3.07978636786472,2.42301320583772,1.89961682149049,1.48237538499994,1.24997537981465,1.07476834041876,0.922090171588198,0.790222045749226,0.668102732551323,0.580391215570914,0.497140649284326,0.424105295734158,0.357644279039363,0.294963690451421
North America,USA,CAMXc_Cool_5B,Hotel,HOT,CAMXc_Cool_5B.HOT.CO2,kgCO2/sqm,77.117772605439,72.2490785988552,66.1958482718194,60.481520975582,55.0776872466444,50.04948237708,44.9348227751859,40.2952446238875,35.9389807224909,31.8599691902891,27.9269290116172,24.6127009422533,21.4070398799917,18.4243743269841,15.6535876338711,13.0921594540891,10.6991183461952,8.51064983125293,6.66151355456909,5.18789785688347,4.01316003116422,3.35884084588671,2.86554771028202,2.43568431609137,2.06441132668574,1.72058599219579,1.4736353594524,1.23924447523921,1.03361438933066,0.846494263142275,0.670017883011059
North America,USA,CAMXc_Cool_5B,Shipping/Distribution Warehouse,SDW,CAMXc_Cool_5B.SDW.CO2,kgCO2/sqm,18.2172488957396,17.0727960926346,15.6499019024785,14.3066714831516,13.0364268035244,11.8544788006766,10.6522084360983,9.56161243370064,8.53761330246,7.57878611479674,6.65427148086849,5.87521705703666,5.12168278613187,4.42056664528421,3.76925551473236,3.16715695270743,2.60464006415968,2.09021074840361,1.65554609453296,1.30915266466549,1.0330145471868,0.879207915530847,0.763252648875807,0.662207406400425,0.574934636152831,0.494113810834293,0.436064702903186,0.380967934838221,0.332631783931526,0.288646651030576,0.247163475532204
North America,USA,CAMXc_Cool_5B,Refrigerated Warehouse Cool,RFW,CAMXc_Cool_5B.RFW.CO2,kgCO2/sqm,66.7997142291998,62.6008632305299,57.3804463857903,52.4523057299828,47.7919404207823,43.4555243285949,39.0445480897456,35.043290806449,31.2863689279918,27.7685545772829,24.3766285988391,21.5183775319103,18.7537566429261,16.181451170656,13.7918739128234,11.582851276331,9.51904873869961,7.63167335690389,6.03694432042489,4.76607111797767,3.75295567346087,3.18865880846256,2.76323376177247,2.39251168732124,2.07231905245102,1.77579777854494,1.56282302401846,1.36068002695872,1.18334086980362,1.02196504136691,0.869768574726457
North America,USA,CAMXc_Cool_5B,Self Storage,SST,CAMXc_Cool_5B.SST.CO2,kgCO2/sqm,3.42665542839575,3.21182538198633,2.94472793237756,2.69258450405998,2.45414153573898,2.23227310777373,2.00658988386246,1.80186952390233,1.60965034256885,1.42966486071633,1.25612033255917,1.10988075188516,0.96843166639175,0.836822208432403,0.714561858312404,0.601539406296966,0.495946996592575,0.399381307314335,0.31778857801154,0.25276561121688,0.200930564430843,0.17205887507233,0.150292424547385,0.131324797335896,0.114942458779249,0.099771241926161,0.0888745998654036,0.0785321539311608,0.0694587718621355,0.0612021376725917,0.053415156424132
North America,USA,CAMXc_Cool_5B,Inpatient Healthcare,IHC,CAMXc_Cool_5B.IHC.CO2,kgCO2/sqm,152.230076121253,142.648212350135,130.735114445353,119.488996775586,108.853947918042,98.9581577927461,88.8922198893332,79.7612690139894,71.1878965248215,63.1601722994904,55.4197279118565,48.8971405765018,42.5882192202959,36.7181655744766,31.26510144756,26.2240666556867,21.5144270965938,17.2073979119293,13.5681936667133,10.6680350518752,8.35608490721629,7.06834793141129,6.09751928245531,5.25152393385558,4.52083779881201,3.8441701931488,3.35815745175681,2.89686300222154,2.49217142214798,2.1239084843772,1.7765930377809
North America,USA,CAMXc_Cool_5B,Outpatient Healthcare,OHC,CAMXc_Cool_5B.OHC.CO2,kgCO2/sqm,44.2882224643097,41.4976025370439,38.0280344861225,34.7527176142396,31.655368290743,28.7733205201487,25.841718947545,23.1824227942826,20.685515649322,18.3475229864197,16.0931976411635,14.1935607197707,12.3561518318205,10.6465586806927,9.05840946664315,7.59025958679987,6.2186251827021,4.96424693676325,3.90436588139893,3.05972431519407,2.38639245631531,2.01135221867487,1.72860829343736,1.48222079153061,1.26941591997988,1.07234339321418,0.930797147783134,0.79644985231329,0.678587564273457,0.571334746119831,0.470182670754253
North America,USA,CAMXc_Cool_5B,Large Multi-Family - Low Rise (>20 Units),MFL,CAMXc_Cool_5B.MFL.CO2,kgCO2/sqm,43.4331544060907,40.6906490943954,37.5208782035902,34.5034008384091,31.624881055519,28.9257096927975,26.1405527052585,23.596629972561,21.1857029078919,18.9068628972692,16.6843321465671,14.8038176793419,12.9632052499665,11.2331410286188,9.60910919497545,8.09178560418362,6.65790688320944,5.33196456474505,4.20145537194566,3.29365582295909,2.56428551992245,2.1603738296298,1.85527418797621,1.58721340769632,1.35382872402551,1.13518181975517,0.978162836667724,0.827220365338694,0.693526809314243,0.570451178568109,0.452803362995284
North America,USA,CAMXc_Cool_5B,Large Multi-Family - High Rise (>20 Units),MFH,CAMXc_Cool_5B.MFH.CO2,kgCO2/sqm,50.2799102540752,47.1051488803988,43.4357790729391,39.9427063178683,36.6104927461709,33.4858953400113,30.261759807454,27.3168803226471,24.5259584283404,21.8879423006556,19.3151105365576,17.1382014645033,15.0074835330666,13.004737707747,11.1247364136439,9.36826202984907,7.70838455997774,6.17345573470533,4.86476294837594,3.81388186862994,2.96955290586996,2.50197925077107,2.14879176438272,1.83848096666029,1.56831168904173,1.31520306489751,1.1334357588091,0.958702705210584,0.803937230093417,0.661463209398754,0.525272501222099
North America,USA,CAMXc_Cool_5B,Small Multi-Family - High Rise (<20 Units),MFS,CAMXc_Cool_5B.MFS.CO2,kgCO2/sqm,41.959001660873,39.3055446978868,36.2386953447021,33.3191945907204,30.5341395068045,27.9226094520899,25.2278857007522,22.7665633982614,20.4339184331933,18.2290716939976,16.078705869453,14.2592511592739,12.4784028793973,10.8045133394311,9.23321334642268,7.76515681069947,6.37783571417447,5.09494635660651,4.00114446803361,3.12282090600368,2.41713304427568,2.02633624892651,1.73114310377636,1.47178617895877,1.24597942799286,1.0344319250227,0.882511302583923,0.736469889336564,0.607117324137636,0.488037923275735,0.374210098009331
North America,USA,CAMXc_Cool_5B,Leisure,LEI,CAMXc_Cool_5B.LEI.CO2,kgCO2/sqm,27.820597393108,26.0760169600584,23.9069861745934,21.8593932111465,19.9230582157228,18.1213208674843,16.2886045268995,14.6261222987261,13.0651589781108,11.6035424346107,10.1942312458544,9.00665662468145,7.85798440238777,6.78921730487216,5.79637194584519,4.87854521919802,4.02105598560281,3.23687046391046,2.57427656049767,2.04624150457906,1.62530220916603,1.39084252735804,1.21408269176971,1.06005139192314,0.927014566901689,0.803812954697929,0.715324082480709,0.631335696738955,0.557653057444462,0.490603020958994,0.427366917138132
North America,USA,CAMXc_Hot or very hot_2B,Office,OFF,CAMXc_Hot or very hot_2B.OFF.CO2,kgCO2/sqm,35.7640296059067,33.5118886927108,30.7118097273701,28.0684991644459,25.5688154684505,23.2428886611047,20.8769699710167,18.7308125496674,16.7157094957998,14.8288567289907,13.0095268044458,11.4764444992972,9.9935826841173,8.6138732357057,7.33217385906381,6.14731870240391,5.0403553609494,4.02802238765563,3.17265635784089,2.49099712877502,1.94759162495748,1.64491928501175,1.41673372818856,1.2178892463146,1.04614727849443,0.887101936611997,0.772868505061582,0.664444911526467,0.569325372522292,0.482768096320222,0.40113436140717
North America,USA,CAMXc_Hot or very hot_2B,Retail High Street,RHS,CAMXc_Hot or very hot_2B.RHS.CO2,kgCO2/sqm,48.5619851015511,45.5060914724903,41.7067095506419,38.1200441419458,34.7282637091576,31.5722511920975,28.3619743352839,25.4498879944891,22.7156272081707,20.1553871648932,17.6867677756708,15.6065531578025,13.5944819116231,11.7223764458186,9.98325926336259,8.37554843879491,6.87352776018898,5.49990949969274,4.33927714950972,3.41434475159113,2.67700660042006,2.26631539104073,1.95669409458725,1.68688522882216,1.45385132662318,1.23804527108617,1.08304377288716,0.935925550051952,0.806859383925794,0.689411213900143,0.578643717525669
North America,USA,CAMXc_Hot or very hot_2B,Enclosed Retail Mall,ERM,CAMXc_Hot or very hot_2B.ERM.CO2,kgCO2/sqm,42.001071121603,39.3654638979204,36.0886226022925,32.9952422666043,30.0699437795136,27.347987324978,24.579229671447,22.0676514794584,19.7094419490869,17.501319556261,15.3722169484726,13.5781006148655,11.8427556864413,10.2281266161598,8.72819554351957,7.3415981101117,6.04615493335721,4.86145459708968,3.86044756690646,3.06272395303791,2.42679417490605,2.07258658474338,1.80554845299088,1.57284722646206,1.37186319018613,1.18573760208358,1.05205393441596,0.925169331119425,0.813854029912537,0.712558866237931,0.617025562716657
North America,USA,CAMXc_Hot or very hot_2B,Strip Shopping Center,SSC,CAMXc_Hot or very hot_2B.SSC.CO2,kgCO2/sqm,65.2218142344471,61.127129922089,56.0362231561912,51.2303416808013,46.6855924797731,42.456755840854,38.1552087716385,34.2532161949042,30.5894974577194,27.1589543781485,23.8511765844108,21.0638340928001,18.3677989662078,15.8593082226129,13.5290125026851,11.3747921366481,9.36218919424286,7.52163653595179,5.96647014157363,4.72712524300363,3.73914355025368,3.18884597566639,2.77397503470706,2.41244997392706,2.10020079924783,1.81103573744204,1.60334454131144,1.40621638430473,1.23327672414535,1.07590436839781,0.927483649361483
North America,USA,CAMXc_Hot or very hot_2B,Retail Store,RST,CAMXc_Hot or very hot_2B.RST.CO2,kgCO2/sqm,25.0150084274159,23.4406739804419,21.4833094374179,19.6355321296665,17.8881556106898,16.2622419422824,14.6083723861099,13.1081245387118,11.6994888120048,10.3805050442704,9.10872238012206,8.03703798022505,7.00045966398311,6.03598888032882,5.1400309642457,4.31177093980634,3.53796033595903,2.830300054879,2.23236579702751,1.75585937634652,1.37599770857848,1.16441792325917,1.00490730813566,0.865907250203828,0.745852907979424,0.634674003103099,0.554820373504645,0.479028047559631,0.412535775270121,0.352028859045331,0.294963690451421
North America,USA,CAMXc_Hot or very hot_2B,Hotel,HOT,CAMXc_Hot or very hot_2B.HOT.CO2,kgCO2/sqm,67.6897752355578,63.4215178860804,58.114808366749,53.1052063160755,48.3678058966403,43.9597095241483,39.4758205374224,35.4084230965532,31.5893998865804,28.0134366144217,24.5654426296477,21.6599451192728,18.8496254790513,16.2348001993269,13.8057236028677,11.5601861674223,9.46226929637691,7.54369589448094,5.92260623625472,4.63072569838432,3.60086361390031,3.02723900991244,2.59478175368639,2.21793170128129,1.89244633219667,1.59102360797355,1.37452841403865,1.16904402482861,0.988773479120465,0.824730133459666,0.670017883011059
North America,USA,CAMXc_Hot or very hot_2B,Shipping/Distribution Warehouse,SDW,CAMXc_Hot or very hot_2B.SDW.CO2,kgCO2/sqm,16.9501456958991,15.8863903282804,14.5638269790313,13.3153101641561,12.1346327325692,11.0360260195056,9.91852991116533,8.9048338039021,7.95303870205188,7.06182015225386,6.20249471601482,5.47837282757189,4.77797161995123,4.12629244530345,3.52090643966426,2.96126293540456,2.43841012929026,1.9602541543027,1.55623849073443,1.23426988763463,0.97760276787651,0.834641319789286,0.72686226854899,0.632941908736951,0.551822899245292,0.476700896385311,0.42274493596505,0.371533140591282,0.326605259041669,0.285721597354736,0.247163475532204
North America,USA,CAMXc_Hot or very hot_2B,Refrigerated Warehouse Cool,RFW,CAMXc_Hot or very hot_2B.RFW.CO2,kgCO2/sqm,77.2606761862763,72.39560257625,66.3468734756638,60.6367953950977,55.2369799965384,50.2125141369787,45.1016578334619,40.4655297064913,36.1125051548691,32.0365268055475,28.1064112643869,24.7946476793132,21.5913703701195,18.6109227490841,15.8421964332697,13.282672950261,10.8914113252791,8.70457017156906,6.85680892617726,5.38428901992806,4.21042473786845,3.55659210913417,3.06366578992163,2.63412204530238,2.26312513721362,1.9195554737631,1.6727884753207,1.43857188588742,1.2330947080183,1.0461137257276,0.869768574726457
North America,USA,CAMXc_Hot or very hot_2B,Self Storage,SST,CAMXc_Hot or very hot_2B.SST.CO2,kgCO2/sqm,2.92582667052383,2.74289268150195,2.51545148912153,2.30074407775748,2.09770300376336,1.90877562957128,1.71659984645608,1.54227454742352,1.37859436303797,1.22533152708179,1.07755334921831,0.95302612273065,0.8325781412435,0.720508886779782,0.616400667652752,0.520158785561391,0.430243799084858,0.348015325751807,0.278536760271743,0.223167826118489,0.179028786732752,0.154443709401029,0.135908948142416,0.119757465767997,0.105807431348869,0.0928887020387144,0.0836098966181778,0.0748030052051007,0.0670767583250761,0.0600459958529167,0.053415156424132
North America,USA,CAMXc_Hot or very hot_2B,Inpatient Healthcare,IHC,CAMXc_Hot or very hot_2B.IHC.CO2,kgCO2/sqm,147.844587944307,138.542020799761,126.976171419517,116.057860823847,105.732807322144,96.1254642949584,86.3529330363143,77.4881353685097,69.1646635324688,61.3709351506134,53.8561128399868,47.5236489172382,41.398622938194,35.6996723491746,30.4055566744083,25.511460311784,20.9390995193956,16.7576136267838,13.2244866013424,10.4088631601405,8.16430281475575,6.91410139589945,5.97157091242679,5.15023503014847,4.44084727478092,3.78390349154802,3.31205727583251,2.86420885169372,2.47131341022293,2.11378477202769,1.7765930377809
North America,USA,CAMXc_Hot or very hot_2B,Outpatient Healthcare,OHC,CAMXc_Hot or very hot_2B.OHC.CO2,kgCO2/sqm,55.194088741523,51.7089117801983,47.3758033842201,43.2852933181974,39.4170451207434,35.8176848519468,32.1564373417449,28.835269311611,25.7169072691275,22.7970119136619,19.9816078237487,17.6091705138042,15.3144491645262,13.1793555943364,11.1959321270731,9.3623746128419,7.6493542986762,6.08277401276233,4.75909929811947,3.70423500135419,2.86331766289404,2.3949337088402,2.04181768448866,1.73410682898527,1.46833698037929,1.2222150978244,1.04543942560964,0.877654449084172,0.730457431363486,0.5965104731217,0.470182670754253
North America,USA,CAMXc_Hot or very hot_2B,Large Multi-Family - Low Rise (>20 Units),MFL,CAMXc_Hot or very hot_2B.MFL.CO2,kgCO2/sqm,30.2596851877716,28.3577572196274,26.1595204891011,24.0668993482754,22.0706453178498,20.1987694517641,18.2672625381099,16.5030516272021,14.8310732379913,13.2506972465041,11.7093717377458,10.4052345882338,9.12876950974724,7.92896963507243,6.80270324193513,5.7504390360116,4.75604386356908,3.83650260730269,3.05249426177272,2.42293509763055,1.91711665032853,1.63700381439271,1.42541715344544,1.23951695007929,1.07766462646951,0.926032955746195,0.817140260373806,0.712461627090125,0.619745119931789,0.534392146023282,0.452803362995284
North America,USA,CAMXc_Hot or very hot_2B,Large Multi-Family - High Rise (>20 Units),MFH,CAMXc_Hot or very hot_2B.MFH.CO2,kgCO2/sqm,35.3625693755436,33.1396589198534,30.5704325904583,28.1246462664482,25.7914906313394,23.6037040778161,21.3462227296717,19.2842714120694,17.3301184129466,15.4830272642601,13.6815770272231,12.1573446935808,10.6654545606123,9.26316818025443,7.94682529917248,6.71697372504677,5.55475756179898,4.48002817812655,3.56370517440766,2.82789726165444,2.23671340294832,1.90932679199148,1.66203130615708,1.44475730172633,1.2555896631743,1.07836758541417,0.951097407391735,0.828752485653876,0.72038850098708,0.620630770251043,0.525272501222099
North America,USA,CAMXc_Hot or very hot_2B,Small Multi-Family - High Rise (<20 Units),MFS,CAMXc_Hot or very hot_2B.MFS.CO2,kgCO2/sqm,28.4242978183937,26.6344679845346,24.5657935930328,22.5965098916797,20.7179134992498,18.9563645202576,17.1386991006063,15.4784693892553,13.9050360875214,12.4178062104412,10.9673252114392,9.74005287687334,8.5388216432931,7.40973702688213,6.34985188660683,5.35960730300061,4.42382099768658,3.55847677777074,2.82067726573492,2.22822382215865,1.75221791517322,1.48861470884674,1.28949879880543,1.11455540679576,0.962242531477533,0.81954791182624,0.71707326602932,0.618564308825467,0.531312439468331,0.450990102519311,0.374210098009331
North America,USA,CAMXc_Hot or very hot_2B,Leisure,LEI,CAMXc_Hot or very hot_2B.LEI.CO2,kgCO2/sqm,49.3650682453932,46.248394720867,42.3734453663543,38.7154433291393,35.2562024133728,32.0374186960817,28.7632913537942,25.7932853584353,23.0046417614107,20.3934800758624,17.8757613243474,15.7541724826457,13.7020823435151,11.7927418203677,10.019034637937,8.37934740721225,6.84745243620151,5.44651373055351,4.26279709751227,3.31946834773003,2.56746498199631,2.14860537024287,1.83282589149752,1.55765068886099,1.31998188180771,1.09988357297641,0.941799187739728,0.791754871496055,0.660121656566016,0.540337512726067,0.427366917138132
North America,USA,CAMXc_Mixed mild_4B/4C,Office,OFF,CAMXc_Mixed mild_4B/4C.OFF.CO2,kgCO2/sqm,38.5712176164269,36.1402965743469,33.1179408964896,30.2647982576278,27.5666839169417,25.0561196866196,22.5023889258637,20.185864589129,18.0107980171822,15.9741625352424,14.0104100141863,12.3556281073394,10.755053308535,9.26581934877318,7.88237572584365,6.60346403996063,5.40862740083827,4.31593310628853,3.3926661524431,2.65689524496787,2.07035296163552,1.74365379475898,1.49735434327703,1.28272512880085,1.09734988831919,0.925679161162884,0.802377616913219,0.685347108991573,0.582676762068177,0.489248370073756,0.40113436140717
North America,USA,CAMXc_Mixed mild_4B/4C,Retail High Street,RHS,CAMXc_Mixed mild_4B/4C.RHS.CO2,kgCO2/sqm,52.500200198039,49.1934952232882,45.0822804275639,41.2012407745748,37.5310812102152,34.1160401265549,30.6422809774136,27.4911862212229,24.5325119864905,21.7621411832818,19.0909107656129,16.839963298057,14.6627520443592,12.6369942109832,10.7551396254003,9.0154765261999,7.39017805281972,5.90382057879095,4.64792975533111,3.64708387103062,2.84922896228492,2.4048304229423,2.0697970724568,1.777843743266,1.52568366925067,1.29216541107592,1.12444222191962,0.965249325053255,0.825590100811034,0.698502415426332,0.578643717525669
North America,USA,CAMXc_Mixed mild_4B/4C,Enclosed Retail Mall,ERM,CAMXc_Mixed mild_4B/4C.ERM.CO2,kgCO2/sqm,50.5505409305037,47.3704474420617,43.4166482669615,39.6842109848038,36.1545793359921,32.8702978546276,29.5295465826055,26.4991051032047,23.6537164942609,20.9894213064151,18.4204704861209,16.2557102673962,14.1618629530107,12.2136700104078,10.4038703580338,8.73081777665954,7.16775087730283,5.73830502085406,4.53050140354473,3.56797722799809,2.80067164150107,2.373288820225,2.05108366904723,1.77030903442516,1.52780399828063,1.30322699551678,1.14192581329175,0.988828304261906,0.85451653680614,0.732294952528419,0.617025562716657
North America,USA,CAMXc_Mixed mild_4B/4C,Strip Shopping Center,SSC,CAMXc_Mixed mild_4B/4C.SSC.CO2,kgCO2/sqm,51.4403833295159,48.2233908511771,44.223715290258,40.447970109743,36.8773837396245,33.554994363118,30.175479970489,27.109875930636,24.2314719509443,21.5362626401096,18.9375039884708,16.7476258083623,14.6294833431645,12.6586852941497,10.8278863286012,9.13542112601903,7.55421778195183,6.10818590109631,4.88636799973077,3.91267554565459,3.13646682433253,2.70412503110748,2.37818129656378,2.09414880161658,1.84882995169233,1.62164715617863,1.45847437781503,1.30360046080868,1.16773025849294,1.0440905231389,0.927483649361483
North America,USA,CAMXc_Mixed mild_4B/4C,Retail Store,RST,CAMXc_Mixed mild_4B/4C.RST.CO2,kgCO2/sqm,27.1294982340345,25.4204992192671,23.2957066874146,21.2898752044497,19.3930325385864,17.6280423468607,15.8327049917738,14.2041297560364,12.6750029089833,11.2431966216441,9.86262890034111,8.69927534031083,7.57403074911763,6.52706158560526,5.55446570624679,4.65535842414499,3.81535802770229,3.04716628453089,2.3980862497721,1.8808206807951,1.46846661129529,1.23878882882004,1.06563408103759,0.914744311386235,0.784420825817838,0.663731959953439,0.577047853808356,0.494772444910381,0.422592592623703,0.356910068549146,0.294963690451421
North America,USA,CAMXc_Mixed mild_4B/4C,Hotel,HOT,CAMXc_Mixed mild_4B/4C.HOT.CO2,kgCO2/sqm,51.3501548681024,48.1225116222273,44.1095939990694,40.3213481414576,36.7389403307692,33.4055512403521,30.0148480052176,26.9390944122628,24.0511606584514,21.3470280914932,18.7396655110395,16.5425371170787,14.4173819394927,12.4400590036395,10.6031986579917,8.90513006853266,7.31869170158035,5.86787232137044,4.64200924472804,3.66509310515988,2.88631452434758,2.4525413407892,2.12551847691277,1.84054561169836,1.59441456402717,1.36647961532706,1.20276660712384,1.04737993601608,0.911059896795301,0.787010816971737,0.670017883011059
North America,USA,CAMXc_Mixed mild_4B/4C,Shipping/Distribution Warehouse,SDW,CAMXc_Mixed mild_4B/4C.SDW.CO2,kgCO2/sqm,28.793157370347,26.9751614083689,24.7148533510967,22.5810934688917,20.5632735185879,18.6857153609989,16.7758745514179,15.0434316554512,13.4167797912469,11.8936554206504,10.4250375215888,9.18748732044038,7.99047661104256,6.87673359824154,5.8421072666688,4.885656505655,3.99208236336642,3.17489670378278,2.48441948759043,1.934163631651,1.49551034585148,1.25118411892682,1.06698586629725,0.906472612890075,0.767837324942587,0.639451135774975,0.547238470011159,0.459715680440113,0.382932324300371,0.313060684522788,0.247163475532204
North America,USA,CAMXc_Mixed mild_4B/4C,Refrigerated Warehouse Cool,RFW,CAMXc_Mixed mild_4B/4C.RFW.CO2,kgCO2/sqm,69.9036133107156,65.507085677721,60.0408981609648,54.88074682923,50.0009773712901,45.4604082528564,40.8417687896491,36.6521373361141,32.7183442915711,29.0349156570384,25.4833020613132,22.4904881220308,19.5957123519394,16.9023059669733,14.4002304114071,12.0872097621089,9.92624599163573,7.95001534603116,6.28020846833059,4.94950415080142,3.88869250289041,3.29782924983303,2.85237572596815,2.46420052160814,2.1289336194165,1.81845249614925,1.59545115752053,1.3837915219033,1.19810345983789,1.02913025996865,0.869768574726457
North America,USA,CAMXc_Mixed mild_4B/4C,Self Storage,SST,CAMXc_Mixed mild_4B/4C.SST.CO2,kgCO2/sqm,5.23136399939772,4.90159828437159,4.49160171767148,4.10455968459469,3.73854795925404,3.39797827632317,3.05155285331382,2.73730558198941,2.44224771260104,2.16596866267567,1.89957652445702,1.67509768319579,1.45797228757664,1.25595079322081,1.06828024875782,0.894789946419728,0.732704814151319,0.584475764704758,0.459230319902354,0.359419583478196,0.279852402106213,0.235534144746731,0.202122481709337,0.173007033222095,0.147860021999852,0.124572091577678,0.107845665174078,0.0919699339361634,0.0780422251463278,0.0653682304108101,0.053415156424132
North America,USA,CAMXc_Mixed mild_4B/4C,Inpatient Healthcare,IHC,CAMXc_Mixed mild_4B/4C.IHC.CO2,kgCO2/sqm,146.168762047803,136.972922478554,125.53976712152,114.74672139071,104.540126364815,95.0430075811528,85.3825957568043,76.6195031716804,68.3915258322991,60.6872142447318,53.2586088623504,46.99879676889,40.9440427009445,35.3104756956875,30.0770989675503,25.2391521634226,20.7192496842255,16.5857376297512,13.0931458753571,10.3098258465529,8.09101715439972,6.85515919192417,5.9234422819072,5.1115295175551,4.41028050861088,3.76087378649251,3.29444102297076,2.85173072636881,2.46334294145794,2.10991619944477,1.7765930377809
North America,USA,CAMXc_Mixed mild_4B/4C,Outpatient Healthcare,OHC,CAMXc_Mixed mild_4B/4C.OHC.CO2,kgCO2/sqm,49.3674386136213,46.2533409162877,42.381594078766,38.7266152587869,35.2702332907886,32.0541097913743,28.7826884066324,25.8151370226227,23.0287981469465,20.4197944998392,17.9041565592827,15.7843211403207,13.7339269855595,11.8261644689633,10.0539231966308,8.41559111296363,6.88496220228665,5.4851813259669,4.30244299542279,3.35989387553319,2.60851201561431,2.18999857742361,1.87448007993338,1.59953230046585,1.36205991879086,1.14214351390442,0.984189780163643,0.834269470565788,0.70274504611759,0.583059899895623,0.470182670754253
North America,USA,CAMXc_Mixed mild_4B/4C,Large Multi-Family - Low Rise (>20 Units),MFL,CAMXc_Mixed mild_4B/4C.MFL.CO2,kgCO2/sqm,41.9983579082543,39.347404594647,36.2834489441248,33.366702863142,30.5842755970231,27.9752096318682,25.2830284668775,22.8240285265504,20.4935845111113,18.2908181384888,16.1424812754598,14.3247432981009,12.5455753242371,10.8732651701685,9.3034477654615,7.83677640345138,6.45076430332245,5.169085406368,4.07631556634807,3.19882073991523,2.49379872466652,2.10337066269709,1.80845604482092,1.54934383428089,1.32375014157811,1.11240224266478,0.960624963787752,0.814721346818485,0.685490831260476,0.566523786872478,0.452803362995284
North America,USA,CAMXc_Mixed mild_4B/4C,Large Multi-Family - High Rise (>20 Units),MFH,CAMXc_Mixed mild_4B/4C.MFH.CO2,kgCO2/sqm,49.1110292222609,46.0108522193654,42.4276865721683,39.0166762472658,35.7627460560497,32.7115545232934,29.5631633039945,26.6874675963435,23.9621125679787,21.3860711054214,18.8736826363191,16.7479154846412,14.6672543094525,12.7115588037109,10.875724203442,9.16051450737913,7.53963238301321,6.0407634964737,4.76281570686223,3.73662287762483,2.91212965588832,2.45554066475454,2.11065057881285,1.80762988351718,1.54380766736364,1.29664530035469,1.11914823651679,0.948520170135681,0.797390585789998,0.658263693882476,0.525272501222099
North America,USA,CAMXc_Mixed mild_4B/4C,Small Multi-Family - High Rise (<20 Units),MFS,CAMXc_Mixed mild_4B/4C.MFS.CO2,kgCO2/sqm,33.9340249950389,31.7926285573428,29.31761563214,26.961516173345,24.7139172415827,22.606356714274,20.4316570970639,18.4453174337124,16.5628231297592,14.7834647234084,13.0480735787029,11.5797347703953,10.14255217584,8.7916875686574,7.52361491682387,6.33886193993886,5.21926418671359,4.18394507712359,3.30122359326003,2.59239772078055,2.02289254533988,1.70751118543949,1.46928401300951,1.25997743572431,1.07774656525187,0.907023212439707,0.784420025638117,0.666561486213363,0.562171203579154,0.466071583963811,0.374210098009331
North America,USA,CAMXc_Mixed mild_4B/4C,Leisure,LEI,CAMXc_Mixed mild_4B/4C.LEI.CO2,kgCO2/sqm,36.8341516978641,34.5155290580692,31.6327935932446,28.9114542315313,26.33798150791,23.9433948626345,21.5076358003974,19.298125215803,17.2235376378939,15.2809862116268,13.4079508577599,11.829612965775,10.3029780397728,8.88254047093236,7.56300616707046,6.34317486121719,5.20353468600398,4.16131830552051,3.28070243001317,2.57892106638863,2.01947458754795,1.70786755810946,1.47294611290839,1.26823187199662,1.09142019362535,0.927679937284448,0.810074409556437,0.698450222461637,0.600522816885151,0.511410426507987,0.427366917138132
North America,USA,CAMXc_Warm_3B/3C,Office,OFF,CAMXc_Warm_3B/3C.OFF.CO2,kgCO2/sqm,35.433765809045,33.2026582587544,30.4287300003683,27.8101060412067,25.333767578193,23.0295632404953,20.6857405152386,18.5596266478386,16.563343195167,14.6941122648783,12.8917735624737,11.3730091342834,9.90399617310474,8.53717221039355,7.2674429764574,6.09365350771882,4.99702840111775,3.99414988366355,3.14677235226671,2.47147932606971,1.93314883558707,1.63330323580229,1.40724876660257,1.21026134798982,1.040123325604,0.88256335187709,0.769396777736724,0.661985781937816,0.567754590448459,0.482005696435881,0.40113436140717
North America,USA,CAMXc_Warm_3B/3C,Retail High Street,RHS,CAMXc_Warm_3B/3C.RHS.CO2,kgCO2/sqm,49.7260296681348,46.5960020527287,42.7044496034652,39.0307740312265,35.5567112173045,32.3241358949751,29.0359798154018,26.0532481592819,23.2526559896098,20.630306192706,18.1017997071685,15.9711204394152,13.9102376571039,11.9927161337118,10.2114091026855,8.56469626208481,7.02623754145437,5.61929619785114,4.430507663833,3.48313700919448,2.72791151537806,2.30725720511762,1.99012469795142,1.71377044507592,1.47508329239749,1.25404192270482,1.0952801892536,0.944592974284933,0.812395747147276,0.692098361118108,0.578643717525669
North America,USA,CAMXc_Warm_3B/3C,Enclosed Retail Mall,ERM,CAMXc_Warm_3B/3C.ERM.CO2,kgCO2/sqm,41.3197730842065,38.7275553843029,35.504660132698,32.4622055565184,29.585065727943,26.9079203489152,24.1847442505439,21.714513714877,19.3951269603631,17.2233564860663,15.1293049084155,13.3647247866611,11.6579485271037,10.0699008024071,8.59466282301629,7.23089269170714,5.95677616105412,4.79157933158737,3.80705169861807,3.02246086394434,2.3970002824295,2.04862394759119,1.78598201617667,1.55711170774183,1.35943643520839,1.1763749989105,1.04489214122132,0.920096416139423,0.810613678550235,0.7109861187862,0.617025562716657
North America,USA,CAMXc_Warm_3B/3C,Strip Shopping Center,SSC,CAMXc_Warm_3B/3C.SSC.CO2,kgCO2/sqm,73.1049557232164,68.508221300181,62.7931173776055,57.3979857567675,52.2960038937511,47.5486686989854,42.7197080326666,38.3392913197666,34.2263632523429,30.3752005592932,26.661855429771,23.5327562849831,20.5061597205748,17.69010239568,15.0740886240407,12.6557388427206,10.3963702273343,8.33014701783286,6.58430134249945,5.19300010345738,4.08388176613261,3.46611208938761,3.00037373449926,2.59452200945617,2.24398789734392,1.91936824607309,1.68621198840177,1.46491390631826,1.27077007780298,1.09410226419019,0.927483649361483
North America,USA,CAMXc_Warm_3B/3C,Retail Store,RST,CAMXc_Warm_3B/3C.RST.CO2,kgCO2/sqm,25.6799318819675,24.0632507519578,22.0532367251803,20.1557576274935,18.3613799139898,16.6917321769468,14.9933765904953,13.4527748524797,12.0062494316571,10.6517874415865,9.34579617743426,8.24528545052405,7.18082509594915,6.19041183314057,5.27035430724551,4.41981562099234,3.62519094397673,2.89849591098781,2.28447832818461,1.79515476664783,1.40507552301891,1.18780463304083,1.02400347757348,0.881264575327793,0.757980993479628,0.643811581818617,0.561810037367416,0.483979038121763,0.415698246763531,0.353563806471186,0.294963690451421
North America,USA,CAMXc_Warm_3B/3C,Hotel,HOT,CAMXc_Warm_3B/3C.HOT.CO2,kgCO2/sqm,45.7929555748525,42.919231198023,39.3463396739627,35.9734841143048,32.7838959631123,29.8160210287213,26.7971165838594,24.0586267930527,21.4873619428861,19.0797440359884,16.758285053104,14.8020770884169,12.9099503032838,11.1494455979117,9.51400142084366,8.00213014904395,6.58964857652978,5.29791504166214,4.20647080893768,3.33667588101836,2.64329225050308,2.25708334305963,1.96591932519511,1.71219442218789,1.49305223771901,1.29011090606843,1.14434942419495,1.00600127646597,0.884629058436688,0.774182259501326,0.670017883011059
North America,USA,CAMXc_Warm_3B/3C,Shipping/Distribution Warehouse,SDW,CAMXc_Warm_3B/3C.SDW.CO2,kgCO2/sqm,10.5372539539432,9.88191355812192,9.06713112300632,8.29796602306277,7.5705942617474,6.89378323911283,6.2053351576635,5.5808344233795,4.9944686124284,4.44542177800877,3.91602311298968,3.46991836048687,3.03842704339639,2.63695157143875,2.26399561122734,1.91921991677289,1.59710961270714,1.30253537557388,1.05363624618707,0.855283280627139,0.697160147266932,0.609086878892832,0.542688185874551,0.484827320821821,0.434852894927358,0.38857300333973,0.355332728803782,0.323783033006622,0.296104624441646,0.27091771037463,0.247163475532204
North America,USA,CAMXc_Warm_3B/3C,Refrigerated Warehouse Cool,RFW,CAMXc_Warm_3B/3C.RFW.CO2,kgCO2/sqm,71.3976721062962,66.9059930181681,61.3215040281428,56.0496745838359,51.0642951528904,46.4254571743885,41.7068592206754,37.4265540440218,33.4076242361903,29.6444773276665,26.01599825311,22.9584126064626,20.0009869112935,17.2492887201137,14.6930622186557,12.3299822273253,10.1222499921873,8.10324895201102,6.39730342866365,5.03779946224451,3.95402929334894,3.35037833531016,2.89528412349145,2.4987078720723,2.15618498600779,1.83898430286591,1.61115667775875,1.39491621745367,1.20520941815258,1.03257923095419,0.869768574726457
North America,USA,CAMXc_Warm_3B/3C,Self Storage,SST,CAMXc_Warm_3B/3C.SST.CO2,kgCO2/sqm,1.85766239365326,1.74275610579448,1.59989351769728,1.46502939677844,1.33749324988594,1.21882233826698,1.09811100423773,0.988612091002376,0.885799691380258,0.789530738625239,0.696706862998737,0.618487602545522,0.542830637392279,0.472436600273309,0.407043126597702,0.346590733541655,0.290112452090877,0.238462298516267,0.194820741866492,0.160041864959768,0.132316819479777,0.116874200051784,0.105231964379979,0.0950867371699659,0.0863243049988039,0.0782096662877617,0.0723813722001587,0.066849501358316,0.0619964155386111,0.0575801841930186,0.053415156424132
North America,USA,CAMXc_Warm_3B/3C,Inpatient Healthcare,IHC,CAMXc_Warm_3B/3C.IHC.CO2,kgCO2/sqm,147.509978819272,138.228721776606,126.689367171921,115.796067985202,105.494666873061,95.9093321211747,86.1591875471422,77.3146971492028,69.0102925265518,61.2344178342489,53.7368103017108,47.4188526382824,41.3078577245991,35.6219621574647,30.3399741182896,25.4570890364307,20.8952025005353,16.7232954573955,13.1982620361921,10.3890885589039,8.14966999953284,6.90233251266347,5.96196115583997,5.14250677047071,4.43474406387779,3.7793051920024,3.308539870493,2.86171736698415,2.46972196114392,2.11301234113866,1.7765930377809
North America,USA,CAMXc_Warm_3B/3C,Outpatient Healthcare,OHC,CAMXc_Warm_3B/3C.OHC.CO2,kgCO2/sqm,52.5595054496703,49.2421160176126,45.1176172732749,41.2240374019127,37.5420190042207,34.1159434131162,30.6309600296973,27.469683616041,24.5014494632672,21.7221271785089,19.0422656166731,16.7840450018904,14.5997988536781,12.5674954943933,10.6795603557731,8.93427614545041,7.30372609012312,5.81256597325343,4.55261717909833,3.54853741236708,2.7481045153295,2.30227005797873,1.96615416473331,1.67325749076117,1.42028264991121,1.18600985939115,1.01774473157761,0.858037458701555,0.717926974661341,0.590428649997025,0.470182670754253
North America,USA,CAMXc_Warm_3B/3C,Large Multi-Family - Low Rise (>20 Units),MFL,CAMXc_Warm_3B/3C.MFL.CO2,kgCO2/sqm,32.5057682637099,30.4605214390004,28.0966376493028,25.8463280606753,23.6996472791601,21.6867171180365,19.6096624407712,17.7125102751334,15.9145407679849,14.2150763126669,12.5576049702019,11.155195200379,9.78254271702834,8.49233250661757,7.28119685746433,6.14963979433305,5.08031245754179,4.09147961735634,3.24839270444582,2.57139341583192,2.02745926556368,1.72623866317824,1.49870799235292,1.29879936962078,1.1247507429224,0.961692941435387,0.844594689990175,0.732028049231811,0.632324934792222,0.540540229067421,0.452803362995284
North America,USA,CAMXc_Warm_3B/3C,Large Multi-Family - High Rise (>20 Units),MFH,CAMXc_Warm_3B/3C.MFH.CO2,kgCO2/sqm,38.5049942303911,36.0815708275781,33.2805928584291,30.6141895398817,28.0705765238675,25.6854453007019,23.2243326110285,20.976387325717,18.8459640787397,16.8322599705074,14.8683137160539,13.2065912210171,11.580128286621,10.0513516222681,8.61627080919517,7.27548306891834,6.00843164904111,4.83675856908619,3.83778058233739,3.03560066943242,2.39109031820064,2.03417248881642,1.76457023549713,1.52769748796359,1.32146638173601,1.12825836040539,0.989508044525492,0.856127257280606,0.737988528034294,0.629232361694628,0.525272501222099
North America,USA,CAMXc_Warm_3B/3C,Small Multi-Family - High Rise (<20 Units),MFS,CAMXc_Warm_3B/3C.MFS.CO2,kgCO2/sqm,26.8628238280994,25.1726290741902,23.2191122996242,21.3594533990854,19.5854334854987,17.9219452662712,16.2054644598067,14.6376553333048,13.151810890494,11.747371156311,10.3776345876272,9.2186812490137,8.08431937235891,7.01808790203939,6.0172037565466,5.08208346263047,4.19838989908565,3.38121709686803,2.68448892691071,2.12501579526168,1.67550787467805,1.42657875973197,1.23854710431697,1.07334234696399,0.929508325457819,0.794757136834677,0.697986982790923,0.604961757973869,0.522566968778616,0.446715963300491,0.374210098009331
North America,USA,CAMXc_Warm_3B/3C,Leisure,LEI,CAMXc_Warm_3B/3C.LEI.CO2,kgCO2/sqm,38.2842724805667,35.8732966462378,32.8757387758162,30.0460055861675,27.3700287193564,24.8800631527834,22.3472852282908,20.049767497841,17.8925469002796,15.8726215940705,13.9249812590239,12.2837764977706,10.6963340863744,9.21931898530988,7.8472262330971,6.57880775486201,5.39377450490097,4.31004554255906,3.39435380439749,2.66461974606413,2.08288992166951,1.75887125434136,1.51459263926,1.30172441339599,1.11787013867971,0.947607934572333,0.825318054162637,0.709247757516187,0.607419799697093,0.514757968465414,0.427366917138132
North America,USA,ERCTc_Hot or very hot_2A/2B,Office,OFF,ERCTc_Hot or very hot_2A/2B.OFF.CO2,kgCO2/sqm,56.0141464082419,52.472345351774,48.0688364152198,43.9118673332754,39.9807712355854,36.3229317215232,32.6021994764969,29.2270720243274,26.0580455734238,23.0907103220071,20.2295640184781,17.8185814302162,15.486577463312,13.316794767491,11.3011463772565,9.43779883047072,7.69694686634061,6.10491415946117,4.75973354029398,3.68773073464778,2.83315090963128,2.35715706435177,1.99830392088651,1.68559364958531,1.41550580583571,1.16538515103789,0.985737382917074,0.815226383414923,0.665637837795164,0.529514626986636,0.40113436140717
North America,USA,ERCTc_Hot or very hot_2A/2B,Retail High Street,RHS,ERCTc_Hot or very hot_2A/2B.RHS.CO2,kgCO2/sqm,77.037185329198,72.1678043428173,66.113719896189,60.3985863000691,54.9939900823423,49.9650757257666,44.8496944379728,40.2094616354575,35.8525830588961,31.7729959722418,27.8394008358872,24.5247051241283,21.3185917384341,18.3355053269841,15.5643276718437,13.0025380708246,10.6091593013541,8.42038199032525,6.5709847978266,5.09716117082536,3.92225758789241,3.26784607722734,2.77448333724463,2.34455928870461,1.97323391214084,1.62936006339673,1.38237458556033,1.14795062845288,0.942291527840493,0.755144998730483,0.578643717525669
North America,USA,ERCTc_Hot or very hot_2A/2B,Enclosed Retail Mall,ERM,ERCTc_Hot or very hot_2A/2B.ERM.CO2,kgCO2/sqm,66.6291605100881,62.4250751586345,57.198150461282,52.263866308892,47.5976913160098,43.2558693802593,38.8393943500116,34.8331490373218,31.0715437217769,27.5493440091333,24.1531896031523,21.2913753961089,18.5233080878422,15.9477959396711,13.555239797764,11.3434633593886,9.27708805350197,7.38735984028006,5.7906427898482,4.51818529715418,3.50380688720972,2.93880656098665,2.51285117283455,2.14166695049501,1.82107515851962,1.52418423659412,1.31094398443518,1.10854899277985,0.930988761880706,0.769411759833153,0.617025562716657
North America,USA,ERCTc_Hot or very hot_2A/2B,Strip Shopping Center,SSC,ERCTc_Hot or very hot_2A/2B.SSC.CO2,kgCO2/sqm,98.3423051742613,92.1382909500009,84.4248616400318,77.1432851474456,70.2573602413965,63.850086649939,57.3326466794886,51.4205871402572,45.8695454908231,40.6717972789863,35.6600554894896,31.4368453109547,27.3519784449051,23.551267311273,20.0205463349252,16.756603922381,13.7072315336999,10.9185391702678,8.56224654895522,6.68446726416714,5.18753807315957,4.3537609807445,3.72517400734198,3.17741343573052,2.70431266081196,2.26618751617312,1.95150656966914,1.65283009139197,1.39080253817392,1.15236160864574,0.927483649361483
North America,USA,ERCTc_Hot or very hot_2A/2B,Retail Store,RST,ERCTc_Hot or very hot_2A/2B.RST.CO2,kgCO2/sqm,39.6830120557147,37.1745230137111,34.055727311299,31.1115440486725,28.3273358656323,25.7366623093984,23.101444826521,20.7110027621166,18.4665322232098,16.3649099571775,14.3384962666443,12.6309121006528,10.9792647315254,9.44251096438297,8.01492318663304,6.69520284434544,5.46224029050687,4.33467933040568,3.38195194992948,2.62270340714364,2.01744520873171,1.68032143302886,1.42616283865291,1.20468504349315,1.01339468425995,0.836246134204234,0.709010174146988,0.588245352246242,0.482298908187457,0.38588931961049,0.294963690451421
North America,USA,ERCTc_Hot or very hot_2A/2B,Hotel,HOT,ERCTc_Hot or very hot_2A/2B.HOT.CO2,kgCO2/sqm,104.166408035432,97.5750796665642,89.3801040275273,81.6439416057878,74.3281311420324,67.5208540043815,60.5965328444409,54.3153857756631,48.4177948001942,42.8955532313502,37.570930391936,33.0840668788555,28.7441833963272,24.7061953757621,20.9550528907961,17.4873438494428,14.2476003533436,11.2848110329622,8.78141599890871,6.7864076989768,5.19602581295687,4.31019634772827,3.64236693916781,3.06040989256868,2.55777362412498,2.09229650067169,1.7579701476271,1.44064741540587,1.16226158608309,0.908934884001656,0.670017883011059
North America,USA,ERCTc_Hot or very hot_2A/2B,Shipping/Distribution Warehouse,SDW,ERCTc_Hot or very hot_2A/2B.SDW.CO2,kgCO2/sqm,26.4590952984227,24.7897477050178,22.7142536474537,20.7549605583826,18.9021275772252,17.1780878887989,15.4244051381554,13.8336153676728,12.3399666293871,10.9413804632523,9.59284404914367,8.45648209168529,7.3573449160235,6.33466705701002,5.38463690688524,4.5063903048568,3.68587921728803,2.93551071112994,2.3014903374557,1.7962261300094,1.39343931292987,1.16909041037313,0.999953120650003,0.852564227116208,0.725264448053815,0.607375750611284,0.52270284984929,0.442336357736988,0.371831189702421,0.307672601812572,0.247163475532204
North America,USA,ERCTc_Hot or very hot_2A/2B,Refrigerated Warehouse Cool,RFW,ERCTc_Hot or very hot_2A/2B.RFW.CO2,kgCO2/sqm,122.992999895066,115.215392213155,105.545519629611,96.417035519485,87.7845565292015,79.7521345353648,71.5816034327206,64.1700021652006,57.2109877892475,50.694876613529,44.4119507476732,39.1175605771199,33.9966032793862,29.2318753079276,24.8056181144892,20.7138055132464,16.8909867288423,13.3949671575943,10.4410217071331,8.08696027813279,6.21034820820401,5.16509091436829,4.37706840243291,3.69037319581111,3.09727458444175,2.54802286331316,2.15352587178311,1.77909274060641,1.45060421090386,1.15168484383852,0.869768574726457
North America,USA,ERCTc_Hot or very hot_2A/2B,Self Storage,SST,ERCTc_Hot or very hot_2A/2B.SST.CO2,kgCO2/sqm,4.63600156489897,4.34415243129651,3.98129741842189,3.63875761857566,3.31483005406051,3.01341919669844,2.7068258943743,2.42871088819271,2.16757887955815,1.92306649491912,1.68730422129568,1.48863603855574,1.29647579961302,1.11768280989256,0.951590692645362,0.7980483681445,0.654599843125373,0.523414223503673,0.412569545334687,0.324235083556856,0.253816565534862,0.214594037467895,0.185024059555218,0.15925631588673,0.137000717128315,0.116390441385832,0.10158722555192,0.0875368916452437,0.075210595859586,0.0639938616319239,0.053415156424132
North America,USA,ERCTc_Hot or very hot_2A/2B,Inpatient Healthcare,IHC,ERCTc_Hot or very hot_2A/2B.IHC.CO2,kgCO2/sqm,233.503175502318,218.745308154773,200.396903003468,183.075772510509,166.695802598247,151.454429786367,135.950997483879,121.887620567433,108.683018943102,96.3188179849115,84.3970818579514,74.3510740084047,64.6341518411722,55.5931682603898,47.194426747777,39.430287689876,32.176559445759,25.5429266904201,19.937869596684,15.471081386479,11.9102445426224,9.92688807655135,8.43162987201766,7.12863836331895,6.00324467047949,4.96104964440754,4.21249886785619,3.50201889683843,2.87871796102299,2.31152396677942,1.7765930377809
North America,USA,ERCTc_Hot or very hot_2A/2B,Outpatient Healthcare,OHC,ERCTc_Hot or very hot_2A/2B.OHC.CO2,kgCO2/sqm,87.1725855460956,81.6508083432427,74.785601949445,68.3047588010905,62.1760586091899,56.4733738681714,50.6726374177186,45.4107095101422,40.4700994270655,35.8439321513592,31.3833167240748,27.6245204280411,23.9888542412295,20.6060960247426,17.4636379496797,14.5586215919586,11.8445796297425,9.3625514844887,7.26537336572552,5.59408789281571,4.2617715598086,3.51968245834343,2.96021932781554,2.47269435968792,2.05161907211332,1.6616732486168,1.38159683135407,1.11576491847256,0.88255175719048,0.670331468631631,0.470182670754253
North America,USA,ERCTc_Hot or very hot_2A/2B,Large Multi-Family - Low Rise (>20 Units),MFL,ERCTc_Hot or very hot_2A/2B.MFL.CO2,kgCO2/sqm,46.8600331684669,43.8988643749651,40.4763635672635,37.2182988441913,34.1102709704721,31.1958911975249,28.1886700551141,25.4419170854772,22.8387636998255,20.3782288392138,17.978492848362,15.9480425399052,13.9606757101837,12.0926712395407,10.3391532554805,8.70085149995189,7.15264778121763,5.72098637342505,4.50034022619291,3.52016064960261,2.73263671262107,2.29652062288199,1.96709499372441,1.67766138207686,1.42566863689595,1.18958873325452,1.0200504243502,0.857073115315461,0.712719999825166,0.579831390475225,0.452803362995284
North America,USA,ERCTc_Hot or very hot_2A/2B,Large Multi-Family - High Rise (>20 Units),MFH,ERCTc_Hot or very hot_2A/2B.MFH.CO2,kgCO2/sqm,54.7623401756287,51.3015623416206,47.3016164560091,43.493850346858,39.8614353367946,36.455340777028,32.9407406318237,29.7305549059455,26.6881969169796,23.8125200815029,21.0079001142669,18.6348717897814,16.3121959978994,14.1290214081847,12.0796494898775,10.1649331071464,8.35551612150121,6.68230449075382,5.2557106610543,4.11015497390292,3.18975982762234,2.68006213671887,2.29505574402535,1.95678883070217,1.6622798149491,1.38636845880825,1.1882256096877,0.997750733756459,0.829042329340225,0.673732725024634,0.525272501222099
North America,USA,ERCTc_Hot or very hot_2A/2B,Small Multi-Family - High Rise (<20 Units),MFS,ERCTc_Hot or very hot_2A/2B.MFS.CO2,kgCO2/sqm,44.0177592825248,41.2329363912517,38.0142551004034,34.9502172644072,32.0272811628104,29.2864608747617,26.4583281810484,23.8751520502911,21.4270237457627,19.1130206333282,16.8561956475317,14.9466643465834,13.0776507824426,11.3208912143076,9.67180014155757,8.13106384796262,6.67506000051336,5.32865804270461,4.18070479518423,3.25889765996212,2.518272980969,2.10812882686908,1.79832141735455,1.52612438860403,1.28913851777001,1.06711783415585,0.907676006786678,0.754404453353447,0.618647970532835,0.493673250375283,0.374210098009331
North America,USA,ERCTc_Hot or very hot_2A/2B,Leisure,LEI,ERCTc_Hot or very hot_2A/2B.LEI.CO2,kgCO2/sqm,75.9668919515829,71.1560399634409,65.1747244167825,59.5282855983185,54.1886515602594,49.2201837615402,44.1662883470474,39.5818302268347,35.2773204707142,31.2467692155294,27.3604551162207,24.0856013925949,20.9180248569087,17.970794555262,15.2329259085049,12.7019285127918,10.3373176836764,8.17484904386073,6.34768124054422,4.8915726826062,3.73079120881369,3.08424559532575,2.59681297808764,2.1720565317439,1.80519441290666,1.46545385994363,1.22143709879579,0.989830871377396,0.786643752557186,0.601746687784283,0.427366917138132
North America,USA,ERCTc_Mixed mild_4B,Office,OFF,ERCTc_Mixed mild_4B.OFF.CO2,kgCO2/sqm,56.6043871617039,53.0249957060247,48.5747507568554,44.3736622777997,40.4008440536283,36.7041825827728,32.9439608779438,29.5330119930361,26.3303515329092,23.3315228929831,20.4400102221634,18.0034390148516,15.6466846572054,13.4538732829134,11.4168320966267,9.53370817701917,7.77437992942309,6.16545041099075,4.80599290961601,3.72261255543521,2.85896276960835,2.37791703169543,2.01525525169017,1.69922607462655,1.42627169215644,1.17349641754375,0.991941983516688,0.819621289895922,0.668445107630955,0.530877172583365,0.40113436140717
North America,USA,ERCTc_Mixed mild_4B,Retail High Street,RHS,ERCTc_Mixed mild_4B.RHS.CO2,kgCO2/sqm,77.6695397097311,72.7598862523835,66.6557311826535,60.8933302742274,55.4440350598777,50.3735288032256,45.2158404860632,40.5372303946603,36.1443180252059,32.0309904994765,28.0648623581328,24.7227522815523,21.4901225668621,18.4823643827099,15.6882675573561,13.1052905410128,10.6921172068377,8.48523749820276,6.62054476917711,5.13453180653041,3.94991112186218,3.29008726645816,2.79264414404539,2.35916438610182,1.98476794352601,1.63805006807121,1.38902188387989,1.15265911113387,0.945299096137986,0.756604761838527,0.578643717525669
North America,USA,ERCTc_Mixed mild_4B,Enclosed Retail Mall,ERM,ERCTc_Mixed mild_4B.ERM.CO2,kgCO2/sqm,74.785186177191,70.0616716622892,64.1889424923861,58.6450106104119,53.4023136941063,48.5240447675381,43.5618991006183,39.0606684397791,34.8343038867462,30.8769243199154,27.0611633896687,23.8457622225045,20.735690704974,17.8419651979536,15.1538005392345,12.6687515364183,10.3470684746756,8.22385785972296,6.42986094163032,5.00018696171037,3.86047862031834,3.22567056607267,2.74708692886334,2.3300416228452,1.96983961547383,1.63626680193121,1.39667998529205,1.16927839828648,0.969779991901509,0.788239597108606,0.617025562716657
North America,USA,ERCTc_Mixed mild_4B,Strip Shopping Center,SSC,ERCTc_Mixed mild_4B.SSC.CO2,kgCO2/sqm,74.8180310335174,70.112196748408,64.261449346721,58.7382685367118,53.515195162563,48.6551857153165,43.7116134803989,39.2272310354763,35.0166858678285,31.0741188690329,27.2726404248178,24.0692745824802,20.9708441383341,18.0879499163153,15.4098471233396,12.9340997194231,10.6211067738868,8.50584338794155,6.71856144397644,5.29423876855939,4.15879638322793,3.52636443097955,3.04957214397228,2.6340878486848,2.27523408619378,1.9429098438109,1.7042198064576,1.47766938912679,1.2789177101324,1.09805682545562,0.927483649361483
North America,USA,ERCTc_Mixed mild_4B,Retail Store,RST,ERCTc_Mixed mild_4B.RST.CO2,kgCO2/sqm,40.1357639103275,37.5984406631987,34.4437954938282,31.4657698732329,28.6495581898717,26.029105746235,23.3635973590809,20.9456779983158,18.6754080547345,16.5496283750163,14.4999217670962,12.7727095177102,11.1020770391251,9.54765882433845,8.10366142385207,6.76877135731208,5.52163632968801,4.38111445029627,3.41743580144417,2.64945996192429,2.03724453198596,1.69624563626527,1.43916557764457,1.21514197260908,1.02165279752928,0.842467986782605,0.713769493818038,0.591616522482201,0.484452261064394,0.386934477950194,0.294963690451421
North America,USA,ERCTc_Mixed mild_4B,Hotel,HOT,ERCTc_Mixed mild_4B.HOT.CO2,kgCO2/sqm,72.9870962553368,68.3814707883314,62.6553126617074,57.2497457300486,52.1378955690399,47.3813780369728,42.5430771526509,38.1541877993899,34.0333044704853,30.1746928248341,26.4541653106482,23.3190138348962,20.2865632009121,17.4650590332821,14.8439853448999,12.4209579702577,10.1572192643125,8.08699954778741,6.33777704246216,4.94378473638131,3.83252113265705,3.2135565603941,2.74691737030172,2.34028064329842,1.98906852503725,1.66382099159457,1.43021376104814,1.20848764227658,1.01396829906826,0.836958773023482,0.670017883011059
North America,USA,ERCTc_Mixed mild_4B,Shipping/Distribution Warehouse,SDW,ERCTc_Mixed mild_4B.SDW.CO2,kgCO2/sqm,41.2205954018927,38.611138745208,35.3668103585874,32.3041226272414,29.4078490317915,26.7128999036853,23.9716139393607,21.4849556949233,19.1501443840455,16.9639310420273,14.8559534485771,13.0796383863288,11.3615115977728,9.76290292131152,8.27785420582027,6.90501463009145,5.62242487598703,4.44947916887573,3.45840415783893,2.6685955794972,2.03897551402643,1.68828238126639,1.42389380916474,1.1935014505735,0.994511583405498,0.810232738481499,0.67787548382279,0.552249833032406,0.44203900529028,0.341748895001634,0.247163475532204
North America,USA,ERCTc_Mixed mild_4B,Refrigerated Warehouse Cool,RFW,ERCTc_Mixed mild_4B.RFW.CO2,kgCO2/sqm,111.248852115928,104.219188727638,95.4792326833041,87.2286017484481,79.4262769218409,72.1663037888812,64.7815029986932,58.0826485167334,51.792857288127,45.9033768669796,40.224657171041,35.4394092815357,30.8109158551312,26.5043944740093,22.5037943650274,18.805476526034,15.3502843451149,12.1904642834901,9.52058904249401,7.39290915453585,5.69676405420065,4.75202535943334,4.0397841114999,3.4191258898039,2.88306341860391,2.38663124139944,2.03007159329589,1.69164633693877,1.39474735653711,1.12457397975476,0.869768574726457
North America,USA,ERCTc_Mixed mild_4B,Self Storage,SST,ERCTc_Mixed mild_4B.SST.CO2,kgCO2/sqm,8.18848453007101,7.67039000072313,7.02624487410828,6.41816358843284,5.84312299465509,5.30805436396299,4.76378578687957,4.27007226628882,3.80650719264541,3.37244550030598,2.95391712339016,2.60123867832324,2.26011322310767,1.9427174895089,1.64786851650905,1.37529810533349,1.12064634352061,0.88776385722995,0.69099088532556,0.534178354018468,0.409170448387075,0.339542086062144,0.287049061325727,0.241305814246342,0.20179737431449,0.165209734054173,0.13893086508637,0.113988522298828,0.0921067153020252,0.0721946169902425,0.053415156424132
North America,USA,ERCTc_Mixed mild_4B,Inpatient Healthcare,IHC,ERCTc_Mixed mild_4B.IHC.CO2,kgCO2/sqm,211.826226467336,198.448889290113,181.816892498642,166.116073576893,151.268374020523,137.452761076814,123.399603094666,110.651789983784,98.6824177120528,87.474830514694,76.6683176119497,67.5620672897595,58.7541182077716,50.5588767866601,42.9457986614352,35.907958869111,29.3327833218361,23.3196962010331,18.2389662503759,14.1900253986952,10.9622883570504,9.16446570663388,7.80908198498898,6.62797929986276,5.60786097709313,4.66315847097465,3.98463115423021,3.34061329540661,2.7756192766286,2.26148365477978,1.7765930377809
North America,USA,ERCTc_Mixed mild_4B,Outpatient Healthcare,OHC,ERCTc_Mixed mild_4B.OHC.CO2,kgCO2/sqm,71.5427707355237,67.0164025668346,61.3887847635825,56.0762411647893,51.0523598227959,46.3776962607676,41.6226567400282,37.309294916142,33.2593270539132,29.4671174933809,25.8106158017893,22.7294165280912,19.7491507376749,16.9762012775687,14.4002331282099,12.0189031527237,9.79412067871978,7.75952696409789,6.04040648311645,4.67040311509521,3.5782630270757,2.96995009379263,2.51134120528691,2.11170220934303,1.76653403100462,1.44688361807671,1.21729648818608,0.999386010366201,0.808214112086574,0.634250707987894,0.470182670754253
North America,USA,ERCTc_Mixed mild_4B,Large Multi-Family - Low Rise (>20 Units),MFL,ERCTc_Mixed mild_4B.MFL.CO2,kgCO2/sqm,57.5644464046198,53.9202466575249,49.7083028449236,45.6987243751338,41.8737906475372,38.2871723990878,34.5862977476053,31.2059715401805,28.0023679730827,24.9742796937395,22.0210143107774,19.5222150134173,17.0764369428971,14.777553665987,12.6195646286644,10.6033678970684,8.69805145153386,6.9361592717796,5.43395568554793,4.22768531928023,3.2585090473037,2.72179727747187,2.3163854694395,1.9601903424743,1.65007229034798,1.35953757748993,1.15089311798197,0.95032303576648,0.772673052382724,0.609132008168168,0.452803362995284
North America,USA,ERCTc_Mixed mild_4B,Large Multi-Family - High Rise (>20 Units),MFH,ERCTc_Mixed mild_4B.MFH.CO2,kgCO2/sqm,67.3133272428475,63.0516916246777,58.1261192029625,53.4371988345537,48.9642075218082,44.7699094215037,40.4419964837695,36.4889424345015,32.7425530992507,29.2014165639938,25.7477801501357,22.8256098995129,19.9654442492143,17.2770617414483,14.7534451497932,12.3956446995141,10.1675109550211,8.10710181455033,6.35038024243265,4.93973178329499,3.80634821280524,3.17870149919419,2.70460086776894,2.28805568763617,1.92539440985288,1.58563447171621,1.34163943250856,1.10708681036149,0.899337633780531,0.708087870478437,0.525272501222099
North America,USA,ERCTc_Mixed mild_4B,Small Multi-Family - High Rise (<20 Units),MFS,ERCTc_Mixed mild_4B.MFS.CO2,kgCO2/sqm,46.5111842559927,43.567260029619,40.1646903872917,36.9255992249122,33.8356711621263,30.9382634772755,27.9485550909673,25.2177980233787,22.6298042778671,20.1835985087506,17.797837543056,15.7792116995609,13.8034184352433,11.9462924152176,10.2029861619621,8.57422516772381,7.03503751825729,5.61171348768737,4.39817585600888,3.42370442160325,2.64076668363409,2.20719034549636,1.87968314881322,1.59193507341612,1.34140982506269,1.10670474873772,0.938153757663803,0.776125558032141,0.632613092691775,0.50049836916338,0.374210098009331
North America,USA,ERCTc_Mixed mild_4B,Leisure,LEI,ERCTc_Mixed mild_4B.LEI.CO2,kgCO2/sqm,52.3546186445032,49.0475509591102,44.9358852065058,41.0544198444208,37.3838577022857,33.9684420246553,30.4943018407916,27.3428614427576,24.3838626726826,21.6131879890307,18.9416645655727,16.6904701928324,14.5130201220348,12.487040084401,10.6049790792279,8.86512515734311,7.23964840587111,5.75312789411199,4.49709931268141,3.49614364614869,2.69820122113873,2.25375393596579,1.91868383585714,1.62669848246691,1.37451074915234,1.14096687648884,0.973225289868561,0.814014931221268,0.674340387835881,0.547238762273164,0.427366917138132
North America,USA,ERCTc_Warm_3A/3B,Office,OFF,ERCTc_Warm_3A/3B.OFF.CO2,kgCO2/sqm,53.2319339914768,49.8673224544098,45.6841126311333,41.7351087460056,38.0006778525897,34.5258330395875,30.9912418984247,27.7849656046439,24.7744794740045,21.9555943186597,19.2375856816386,16.9472199318967,14.7318816544395,12.6706490287515,10.7558396647223,8.98571182481104,7.3319513483039,5.81956498680216,4.54168117612804,3.5233086164783,2.71148178240349,2.25930099701588,1.91840058861743,1.62133461291618,1.36475874639709,1.12715114863136,0.956490814075352,0.794510153113585,0.652405235761947,0.523092008325701,0.40113436140717
North America,USA,ERCTc_Warm_3A/3B,Retail High Street,RHS,ERCTc_Warm_3A/3B.RHS.CO2,kgCO2/sqm,74.7781054550722,70.0525974795272,64.1773898469389,58.6311182643074,53.38620877727,48.5058810791914,43.5416412423348,39.0385109311103,34.8103627291919,30.8513130329708,27.0339417405215,23.8171835804532,20.7057995221973,17.8108527787665,15.1215536362996,12.6354558704558,10.3127929908688,8.18868631922263,6.39393228220107,4.96365493823882,3.82346560674585,3.18838964501982,2.70960403158236,2.29238272030344,1.93202869719822,1.59831510621683,1.35862717696584,1.13112961987011,0.931547019349544,0.749930009224767,0.578643717525669
North America,USA,ERCTc_Warm_3A/3B,Enclosed Retail Mall,ERM,ERCTc_Warm_3A/3B.ERM.CO2,kgCO2/sqm,62.1367595541304,58.2187797356498,53.3475690524831,48.7490835053168,44.4004611717358,40.3541183176771,36.2382028233945,32.5045992043399,28.9989868108382,25.7164874709938,22.5514555292715,19.8843997085421,17.304710919342,14.9044731089233,12.6747403858869,10.6134845539734,8.68773470137553,6.9266103704299,5.43855657122409,4.25269511517017,3.30734938447735,2.78079968566792,2.38383233728238,2.03790874856125,1.73913456442252,1.46244830732928,1.26371994322563,1.07509877443966,0.909622257416269,0.759041243894732,0.617025562716657
North America,USA,ERCTc_Warm_3A/3B,Strip Shopping Center,SSC,ERCTc_Warm_3A/3B.SSC.CO2,kgCO2/sqm,103.351899083772,96.8288410899305,88.7187457707465,81.0627114628311,73.8226752733992,67.0859052228004,60.2333034456508,54.0172140165445,48.1807079582747,42.7156635857757,37.4461910859858,33.0058007324242,28.7108680483297,24.7147039122817,21.0024142791072,17.5706223979203,14.3644348849384,11.4323329657461,8.95486710836965,6.98052231618519,5.40661297738437,4.5299585837674,3.86904628836293,3.29311692292256,2.79568676235696,2.33503086703944,2.0041673342681,1.69013130553372,1.41462888664146,1.16392604245138,0.927483649361483
North America,USA,ERCTc_Warm_3A/3B,Retail Store,RST,ERCTc_Warm_3A/3B.RST.CO2,kgCO2/sqm,38.6175342605201,36.1769018269211,33.1424720097605,30.2779312280771,27.5690380738172,25.0484442819617,22.4845115118346,20.1587327919226,17.9749769525357,15.9302052274995,13.9586076266369,12.2972149600418,10.6902459558076,9.19506259094534,7.80609218930346,6.52207132386058,5.32246138021581,4.2254018340099,3.29844648111318,2.55973621064463,1.97085072419819,1.64284641270216,1.39556300889809,1.18007636289817,0.993960558857644,0.821604016894966,0.697809889977917,0.580311851822906,0.477231342693866,0.383429709578922,0.294963690451421
North America,USA,ERCTc_Warm_3A/3B,Hotel,HOT,ERCTc_Warm_3A/3B.HOT.CO2,kgCO2/sqm,66.9639898456976,62.7419552661434,57.4927143559134,52.537363411496,47.851266311353,43.4909070849002,39.055576034593,35.0322261664688,31.2545607793057,27.7173231307561,24.3066689358788,21.43263629089,18.6527507945132,16.0662425672526,13.6634714719502,11.4422519142085,9.36705427513727,7.46925791868993,5.86572372822533,4.58783351286384,3.56912424187866,3.0017116621249,2.57393766902463,2.20116868574016,1.87920813582569,1.58104964618137,1.36689897056375,1.16363985899458,0.98532153951741,0.823054688852826,0.670017883011059
North America,USA,ERCTc_Warm_3A/3B,Shipping/Distribution Warehouse,SDW,ERCTc_Warm_3A/3B.SDW.CO2,kgCO2/sqm,15.8353528451104,14.8425947918135,13.6083021565606,12.4431140311942,11.3412375432026,10.31595419799,9.27304217624728,8.32700232092398,7.43873206517367,6.60699535249295,5.80502313858159,5.12923069775979,4.47557576865621,3.86739105956677,3.30240981411652,2.78011811741478,2.29216162877127,1.84591880889849,1.4688680170765,1.16838828896792,0.928851683172149,0.795431788692741,0.694846142450563,0.607194228852535,0.531489276003653,0.461381076704039,0.411026252783857,0.363232442450456,0.32130314405754,0.283148145621358,0.247163475532204
North America,USA,ERCTc_Warm_3A/3B,Refrigerated Warehouse Cool,RFW,ERCTc_Warm_3A/3B.RFW.CO2,kgCO2/sqm,112.060248702869,104.978910262589,96.1747068058209,87.8634254871613,80.0037457747243,72.6904045829587,65.2513181259201,58.5032203680723,52.1671928873452,46.234418898619,40.5139549370854,35.6935306927795,31.0310132135528,26.6928345959499,22.6628260776026,18.9373219060568,15.4567306091741,12.2736827118843,9.58418121935029,7.4408607576185,5.73224729551387,4.7805638270821,4.06308689409755,3.4378662141297,2.89786314797672,2.39778169809024,2.03860098019493,1.69768795995055,1.39860647529505,1.12644705415745,0.869768574726457
North America,USA,ERCTc_Warm_3A/3B,Self Storage,SST,ERCTc_Warm_3A/3B.SST.CO2,kgCO2/sqm,2.91827028363687,2.73581753485131,2.50897466678313,2.29483208126656,2.0923251427546,1.90389477545931,1.71222454475552,1.53835783927657,1.37510824458642,1.2222485936468,1.07485917243603,0.95065953685819,0.830528415104892,0.718753978650607,0.614919634620503,0.518930933834203,0.429252484643994,0.347240327863978,0.277944538047687,0.222721261675683,0.178698337845388,0.154177935910993,0.135691933622409,0.119582940581088,0.10566960419657,0.0927848598904012,0.0835304640098147,0.0747467406833651,0.0670408190632565,0.0600285522561816,0.053415156424132
North America,USA,ERCTc_Warm_3A/3B,Inpatient Healthcare,IHC,ERCTc_Warm_3A/3B.IHC.CO2,kgCO2/sqm,225.125188117292,210.900885909977,193.215860441995,176.520968903674,160.733210639435,146.042883925894,131.099972384009,117.545051567609,104.817857345813,92.9006794203361,81.409969176626,71.7271709603385,62.3615604573637,53.6474502356168,45.5523620617552,38.0689325296707,31.0774601004768,24.6836638410205,19.281255477198,14.9759623137791,11.5438661859882,9.63221722656588,8.19101951971745,6.93513717867042,5.85043167128435,4.84591681417835,4.12442960925655,3.43963677422117,2.83887104917783,2.29218374034815,1.7765930377809
North America,USA,ERCTc_Warm_3A/3B,Outpatient Healthcare,OHC,ERCTc_Warm_3A/3B.OHC.CO2,kgCO2/sqm,80.2146990083017,75.1360456173651,68.8217735179174,62.8610194305354,57.2241487513729,51.9791056912414,46.6438795925136,41.804222534842,37.2600974769261,33.0051811232444,28.902531046429,25.4453789641559,22.1014757732731,18.9901846335285,16.0999094970111,13.428021328788,10.9317818196258,8.64893696855493,6.72005784631296,5.18289339320337,3.95749573338276,3.27495944242449,2.76039334883212,2.3119923645859,1.92470845969103,1.56605587266544,1.30845564831777,1.06395680380132,0.849459049030565,0.65426948441755,0.470182670754253
North America,USA,ERCTc_Warm_3A/3B,Large Multi-Family - Low Rise (>20 Units),MFL,ERCTc_Warm_3A/3B.MFL.CO2,kgCO2/sqm,46.426143118122,43.492660133109,40.1021584137819,36.8745553638724,33.7955863755091,30.9084549514012,27.9293501895275,25.2082783215051,22.629463435658,20.1919336455713,17.8146342788026,15.8031679129395,13.8343822115771,11.9838428763712,10.2467196223902,8.62373536877163,7.0900067693729,5.67173085437763,4.46249728704943,3.49148201885713,2.71132113289365,2.27928256368158,1.95293693958828,1.66620942276379,1.41657271446229,1.18270006864913,1.01474687882419,0.853293346001016,0.710289877555159,0.57864372645241,0.452803362995284
North America,USA,ERCTc_Warm_3A/3B,Large Multi-Family - High Rise (>20 Units),MFH,ERCTc_Warm_3A/3B.MFH.CO2,kgCO2/sqm,54.9944969274378,51.5189055539975,47.5018382699766,43.6777733701744,40.0298101436216,36.6091361111206,33.0794920450591,29.8555654160905,26.8001848951397,23.9121989909393,21.095574107332,18.7123882545843,16.3797704637988,14.187250997174,12.1291069319163,10.2061947828005,8.38903275510077,6.70865909672284,5.27595886408055,4.12549973176245,3.20116491918531,2.68928551445772,2.30263113750941,1.96291630394997,1.66714666959402,1.39005430041217,1.19106331915214,0.999773133131442,0.830342587993898,0.674368195281576,0.525272501222099
North America,USA,ERCTc_Warm_3A/3B,Small Multi-Family - High Rise (<20 Units),MFS,ERCTc_Warm_3A/3B.MFS.CO2,kgCO2/sqm,38.3666459898002,35.9424113172401,33.1404956874717,30.4731997587664,27.9287352381055,25.5428055639543,23.0808689875977,20.8321711759215,18.7010347444768,16.6866565248941,14.7220528161222,13.0597740397576,11.4327666275901,9.90347818710409,8.4679169636963,7.12668037880989,5.85920479843149,4.68713948700673,3.68782708052021,2.8853786283685,2.24065251964709,1.88361520778331,1.61392270190987,1.3769706584127,1.17067051387459,0.977397813865691,0.838601049670756,0.705175611624272,0.586997334036182,0.47820476027903,0.374210098009331
North America,USA,ERCTc_Warm_3A/3B,Leisure,LEI,ERCTc_Warm_3A/3B.LEI.CO2,kgCO2/sqm,55.9838866361892,52.4456833813662,48.0466475790856,43.8939011934369,39.9667983477059,36.3126745084687,32.5957218254162,29.2240228659559,26.0582155480292,23.0938945493836,20.2356546306891,17.827121145859,15.4974860550081,13.3299074490351,11.3163065772746,9.45485184004029,7.71576825306079,6.1253527510442,4.78153858159209,3.71062472854265,2.85691299539558,2.38140267005755,2.02291405368156,1.71052143701724,1.44070795155966,1.19084137215708,1.0113760922747,0.841038299777886,0.691601707897743,0.555616772589155,0.427366917138132
North America,USA,FRCCc_Hot or very hot_1A/2A,Office,OFF,FRCCc_Hot or very hot_1A/2A.OFF.CO2,kgCO2/sqm,57.0830846126947,53.4732065662835,48.9850577448771,44.7481875228419,40.7415317917219,37.0133849114799,33.2211364385266,29.7811356312602,26.5511972944577,23.5268268655005,20.6106864431527,18.1533623368897,15.7765349007755,13.5650467922541,11.5106556061924,9.61149263946039,7.83717974407936,6.21454656223036,4.84351021429044,3.75090243308077,2.87989672156589,2.39475379430759,2.02900313134609,1.71028225310928,1.43500304848716,1.18007482233516,0.996974042848462,0.823185649892172,0.670721861492416,0.531982225225338,0.40113436140717
North America,USA,FRCCc_Hot or very hot_1A/2A,Retail High Street,RHS,FRCCc_Hot or very hot_1A/2A.RHS.CO2,kgCO2/sqm,78.5402990988559,73.5751899772524,67.4020870730053,61.5745985218643,56.0637522655799,50.9359734753325,45.7200278831632,40.9885718154266,36.546040491074,32.3862519855171,28.3753255152255,24.9954655371655,21.7263225268468,18.6845910226889,15.8589342314859,13.2467818960608,10.8063512144224,8.57454429223998,6.68878943025123,5.18599160964002,3.98799036206031,3.32071364455284,2.81765178773802,2.37927577629568,2.00065043984814,1.65001630629899,1.39817529152955,1.15914274693877,0.949440552913013,0.758614872737349,0.578643717525669
North America,USA,FRCCc_Hot or very hot_1A/2A,Enclosed Retail Mall,ERM,FRCCc_Hot or very hot_1A/2A.ERM.CO2,kgCO2/sqm,67.9291977349099,63.6423174934324,58.3124541972401,53.2809946833645,48.5229244473861,44.0955950493407,39.5921423452699,35.5069983870141,31.6713123446575,28.0797467382529,24.6167087637805,21.6985342374921,18.8759528532236,16.2497187935695,13.8100438598003,11.5547088892677,9.44763856843806,7.52069421270018,5.89253155602147,4.59501439651278,3.56065890668696,2.98453151334642,2.55018739695287,2.17169310493155,1.84478760618282,1.54204974035038,1.32460995327474,1.11822901231661,0.9371719257257,0.772412840300531,0.617025562716657
North America,USA,FRCCc_Hot or very hot_1A/2A,Strip Shopping Center,SSC,FRCCc_Hot or very hot_1A/2A.SSC.CO2,kgCO2/sqm,100.090628824015,93.7752698924308,85.923406095058,78.5111456655698,71.5016376622546,64.979371426197,58.344961632697,52.3267971563585,46.6761298314415,41.3850965734282,36.2834080329148,31.9844030408451,27.8262242368766,23.9573009661509,20.3632134210715,17.0406923690353,13.9365922727982,11.0978506793357,8.69926919426397,6.78778902206243,5.26399413787104,4.41525307809994,3.7753847262139,3.2177933840199,2.73620177310164,2.29021350722588,1.96988491766011,1.66584803177327,1.39911781667064,1.15639753919892,0.927483649361483
North America,USA,FRCCc_Hot or very hot_1A/2A,Retail Store,RST,FRCCc_Hot or very hot_1A/2A.RST.CO2,kgCO2/sqm,40.4572885507288,37.8994885074486,34.7193846086329,31.7173256199455,28.8783864450733,26.2367863330922,23.5497666655186,21.1123341260849,18.8237425694036,16.6808073470426,14.6145591240846,12.8734078650825,11.1892929889562,9.62233025310615,8.16667945353216,6.82101650978461,5.56381680878361,4.41409064922888,3.44263488673135,2.66846130132596,2.05130514868946,1.70755431157406,1.44839955633717,1.22256802805082,1.02751734976084,0.846886475392888,0.717149355281219,0.594010580699314,0.485981478454363,0.387676703864703,0.294963690451421
North America,USA,FRCCc_Hot or very hot_1A/2A,Hotel,HOT,FRCCc_Hot or very hot_1A/2A.HOT.CO2,kgCO2/sqm,106.091891564746,99.3779357864404,91.0304979156981,83.1504091859857,75.6984927910882,68.7645706565565,61.7114269712553,55.3134232158982,49.306111367371,43.6811320588819,38.2574480487157,33.6871093363554,29.2664851231364,25.1533729420695,21.3324428726257,17.8002193430497,14.5002025105399,11.4822924074063,8.9323233247475,6.90019918322241,5.28022926884379,4.37791951823938,3.69766557463301,3.10488159284952,2.59289410109553,2.11875707623735,1.77821079721026,1.45498448039571,1.1714194624233,0.913379780578271,0.670017883011059
North America,USA,FRCCc_Hot or very hot_1A/2A,Shipping/Distribution Warehouse,SDW,FRCCc_Hot or very hot_1A/2A.SDW.CO2,kgCO2/sqm,26.9610420088328,25.2597271594965,23.144488323802,21.1476756529071,19.2593617531315,17.5023074797418,15.71504249282,14.0937898133979,12.571538373268,11.1461699108088,9.77180963062635,8.61368685255255,7.49350169411174,6.45124001385954,5.48301721346131,4.587952583834,3.75172907781233,2.98699135210162,2.34082977330564,1.82588998343645,1.41538997988918,1.18674489670816,1.01436870392524,0.864157379341334,0.734419866739572,0.614273653739789,0.527979304994276,0.446073830688081,0.374218520382392,0.308831324377984,0.247163475532204
North America,USA,FRCCc_Hot or very hot_1A/2A,Refrigerated Warehouse Cool,RFW,FRCCc_Hot or very hot_1A/2A.RFW.CO2,kgCO2/sqm,125.407061427051,117.475710486689,107.61468944457,98.3057587306537,89.5026378794334,81.311435604938,72.979394160506,65.42128463803,58.3247084835038,51.6797905839754,45.2726674668916,39.8736208480289,34.6514354228887,29.7925210596853,25.2787681694346,21.1060709789948,17.2076849198682,13.6425580520742,10.6302207133339,8.22962555706284,6.31591770315016,5.24999836658273,4.44639868057626,3.74612927955605,3.1413066372476,2.58119762519232,2.17890244488655,1.79706773574225,1.46208583442907,1.1572576018891,0.869768574726457
North America,USA,FRCCc_Hot or very hot_1A/2A,Self Storage,SST,FRCCc_Hot or very hot_1A/2A.SST.CO2,kgCO2/sqm,4.72627616917596,4.42867775717564,4.05867468646264,3.70938702806582,3.3790782564998,3.07172975968093,2.75909672638955,2.47550299708337,2.20922682167435,1.95989766833823,1.71949099872141,1.51690915457269,1.32096345737952,1.13864833736936,0.969284290512648,0.81271726088927,0.666442873425679,0.532672964312727,0.419644702777061,0.329570097361946,0.257764370615104,0.21776917884158,0.187616687514729,0.161341332498535,0.138647309847634,0.117631022233066,0.102536190631917,0.0882090723462193,0.0756399548491819,0.0642022567043289,0.053415156424132
North America,USA,FRCCc_Hot or very hot_1A/2A,Inpatient Healthcare,IHC,FRCCc_Hot or very hot_1A/2A.IHC.CO2,kgCO2/sqm,238.024815435261,222.978980425077,204.272546080247,186.613431422987,169.913842046838,154.375067015471,138.569118972877,124.231325863083,110.769065176213,98.1636037454563,86.0092408841424,75.7672070552882,65.860680299625,56.6432816008307,48.0806569264072,40.1650175924664,32.7697486284954,26.0066749672061,20.2922473829897,15.7382995222671,12.1079806971174,10.0859233461377,8.56148843198455,7.23307187979123,6.08571857831428,5.02318738451533,4.26003026868649,3.53568682730489,2.90022353026335,2.32196197964873,1.7765930377809
North America,USA,FRCCc_Hot or very hot_1A/2A,Outpatient Healthcare,OHC,FRCCc_Hot or very hot_1A/2A.OHC.CO2,kgCO2/sqm,88.8606270171173,83.2313442711302,76.2324766094144,69.6254555047542,63.3774333593172,57.5637209187222,51.6500477633328,46.2856734156238,41.2488727491746,36.5326368945789,31.9851760791873,28.1531983738915,24.446748043912,20.9981296440104,17.7944898787551,14.8329146723377,12.0660320132738,9.53568033484808,7.39767147184726,5.69384711772277,4.33559142031455,3.57905430891052,3.00869878169558,2.51168200783864,2.08240864818903,1.68487082378269,1.39934149412404,1.12833400042373,0.890580324983145,0.67422824034715,0.470182670754253
North America,USA,FRCCc_Hot or very hot_1A/2A,Large Multi-Family - Low Rise (>20 Units),MFL,FRCCc_Hot or very hot_1A/2A.MFL.CO2,kgCO2/sqm,47.736311875251,44.7192291827335,41.2321034320153,37.9125187097076,34.7458038887767,31.7763937046367,28.7123890854976,25.9137708967951,23.2614637932442,20.7544681911771,18.3094194859163,16.2406294537151,14.2157364186426,12.3124595874501,10.52583101959,8.85659423627211,7.27915675464836,5.82046217956198,4.57676733427522,3.57807963954491,2.77568538041846,2.33133438321505,1.99568841585781,1.70078961027436,1.44403864363116,1.20350099076557,1.03076139596895,0.864706688300532,0.717627843179481,0.582229981300665,0.452803362995284
North America,USA,FRCCc_Hot or very hot_1A/2A,Large Multi-Family - High Rise (>20 Units),MFH,FRCCc_Hot or very hot_1A/2A.MFH.CO2,kgCO2/sqm,55.7863913634939,52.2602705121764,48.1848015662081,44.3051409470034,40.6041422345872,37.1337371335345,33.5527777508586,30.2819804424077,27.182179629814,24.2522070809893,21.3946330265928,18.9767995056111,16.6102692244345,14.3858740704861,12.2978079189302,10.3469397368811,8.50335911199541,6.79855553810863,5.34502616103264,4.17784121344197,3.24006806751525,2.72074676404932,2.3284710577539,1.98381731989803,1.68374767337432,1.40262682925567,1.20074284093439,1.00667160496159,0.834777813699177,0.676535805557092,0.525272501222099
North America,USA,FRCCc_Hot or very hot_1A/2A,Small Multi-Family - High Rise (<20 Units),MFS,FRCCc_Hot or very hot_1A/2A.MFS.CO2,kgCO2/sqm,44.8408877050112,42.0035423467017,38.7241559092068,35.6023295413999,32.6242661225411,29.8317532677287,26.9502812731049,24.31838578443,21.824085158287,19.4664393594268,17.1670500811953,15.2215045349162,13.3172409002518,11.5273484004688,9.84715505124001,8.27736007982184,6.79389563000456,5.42210018930379,4.25249625197071,3.31330360005186,2.55871055150436,2.14083097448709,1.82518051854226,1.54784978469517,1.30639430014604,1.08018625004869,0.917737309319287,0.76157501545942,0.623258130892515,0.495926355770917,0.374210098009331
North America,USA,FRCCc_Hot or very hot_1A/2A,Leisure,LEI,FRCCc_Hot or very hot_1A/2A.LEI.CO2,kgCO2/sqm,77.3711162306442,72.470834038094,66.3783302292972,60.6269282610714,55.1880343487396,50.1272063834782,44.9793627658212,40.3096829368963,35.925155506502,31.819679264326,27.8611214407971,24.5253905921564,21.2989311355734,18.2969139876542,15.5081503739919,12.930103595963,10.5215363885773,8.31886904529675,6.4577355347539,4.97455898838105,3.79219943970072,3.13363501821039,2.63714138668578,2.20448903003057,1.83080721390103,1.48475113363179,1.23619828014891,1.00028666310073,0.793322445002891,0.604988279621229,0.427366917138132
North America,USA,MROEc_Cold or very cold_6A/7,Office,OFF,MROEc_Cold or very cold_6A/7.OFF.CO2,kgCO2/sqm,77.4811185821592,72.572160057926,66.4688689961204,60.7072837222893,55.2587598242306,50.1889712684783,45.0320129923334,40.3540651311896,35.9617745531307,31.8490292451755,27.8834624863825,24.5418254661968,21.3096533115879,18.3023208582496,15.5086195211773,12.9260081103249,10.5131763469094,8.30660900936178,6.4421802168312,4.95637759074392,3.77192458229742,3.11219412115244,2.61482140894302,2.18140300755767,1.80705955863775,1.46039075909739,1.21139782340845,0.975068506448925,0.767737842066531,0.579070216361179,0.40113436140717
North America,USA,MROEc_Cold or very cold_6A/7,Retail High Street,RHS,MROEc_Cold or very cold_6A/7.RHS.CO2,kgCO2/sqm,120.941577853498,113.276077432062,103.745587415602,94.7486822417911,86.2406327175184,78.323990904623,70.2712307022347,62.966461039986,56.1077546339378,49.6855673745096,43.4932042672025,38.2751279970382,33.2279847199049,28.5319360418269,24.1694793881438,20.1366466068996,16.3689303371422,12.9233027620871,10.0119357940572,7.6918060556983,5.84224367080594,4.81205282625579,4.03538895422849,3.35859184500932,2.77404221981039,2.23270747113461,1.84389680100241,1.47486078861646,1.15110712735524,0.856496415690744,0.578643717525669
North America,USA,MROEc_Cold or very cold_6A/7,Enclosed Retail Mall,ERM,MROEc_Cold or very cold_6A/7.ERM.CO2,kgCO2/sqm,147.84724711402,138.470661760303,126.812785798001,115.807600925059,105.400393544977,95.7166072828532,85.8663184276665,76.9309857733532,68.5412861455836,60.6855450086867,53.1109291291419,46.7280793686003,40.554318083801,34.8100223647546,29.4737827305152,24.5407452624257,19.9320033343487,15.7172464002452,12.156007163289,9.31798050783666,7.0555607549829,5.79541179490607,4.84538183119402,4.01751078392418,3.30247860692071,2.6403076856725,2.1647071071721,1.71329526469729,1.31727365208283,0.956900247586484,0.617025562716657
North America,USA,MROEc_Cold or very cold_6A/7,Strip Shopping Center,SSC,MROEc_Cold or very cold_6A/7.SSC.CO2,kgCO2/sqm,243.395319982235,227.953379197584,208.754467920857,190.630448704763,173.491215814072,157.543357570382,141.321292556789,126.60603401287,112.789357689259,99.8520372384378,87.3776912514906,76.8660194305184,66.6986874453572,57.2386259200946,48.4505763971446,40.3265451430052,32.7365838446855,25.7954614058733,19.930592336532,15.2567544834607,11.5308616839308,9.45557042519635,7.89100231325888,6.52761306152022,5.3500538414113,4.25954980721306,3.47630135446606,2.73288840849175,2.08069551942365,1.48721030463917,0.927483649361483
North America,USA,MROEc_Cold or very cold_6A/7,Retail Store,RST,MROEc_Cold or very cold_6A/7.RST.CO2,kgCO2/sqm,62.4496552905726,58.4912372104952,53.5697497773132,48.9238023313827,44.5302969877664,40.4421910112764,36.283794321281,32.5116554246495,28.9698608970908,25.653482218111,22.4557833420115,19.7612002990991,17.1548860205068,14.7298748705181,12.4771286253803,10.3945981554109,8.44897224935764,6.66967099823921,5.16625869501088,3.96815772318631,3.01305488813659,2.48107056346113,2.08000603483906,1.73051209884171,1.42865420596115,1.14911221408547,0.948332734369536,0.757764768376985,0.590580334775784,0.438445144178714,0.294963690451421
North America,USA,MROEc_Cold or very cold_6A/7,Hotel,HOT,MROEc_Cold or very cold_6A/7.HOT.CO2,kgCO2/sqm,134.442028628233,125.92255033448,115.330312599158,105.331103920636,95.8752120337189,87.0766138501257,78.1267329581757,70.008172765502,62.3853696688966,55.2477162937675,48.3654907143113,42.5660927526992,36.9566706365964,31.7374569415042,26.8889992120441,22.4068872228428,18.2194271468567,14.3899381741669,11.1542293064301,8.57562466773428,6.52001111027254,5.37505147867109,4.5118630845024,3.75966714630333,3.1099955567516,2.50835321281529,2.07622694806318,1.66607834402119,1.30625678795879,0.978824862429973,0.670017883011059
North America,USA,MROEc_Cold or very cold_6A/7,Shipping/Distribution Warehouse,SDW,MROEc_Cold or very cold_6A/7.SDW.CO2,kgCO2/sqm,77.550849378932,72.6276440655613,66.5066400203656,60.728333462358,55.2639968474667,50.1794947413413,45.0075699306884,40.3160457200103,35.911007827549,31.7863265020272,27.8092508675441,24.4579157417896,21.2163631707613,18.2003028312292,15.3984936086114,12.8083869378147,10.3885526492835,8.1755814076449,6.30574166618533,4.81562694077811,3.62773641046799,2.96609127827392,2.46727508999546,2.03259882086843,1.65716895165071,1.30949404923471,1.05977848575538,0.822763293384778,0.614830913538173,0.425615736276368,0.247163475532204
North America,USA,MROEc_Cold or very cold_6A/7,Refrigerated Warehouse Cool,RFW,MROEc_Cold or very cold_6A/7.RFW.CO2,kgCO2/sqm,192.904683831748,180.67464196379,165.4690734405,151.114821153194,137.540521215054,124.909791908122,112.061890399641,100.40738203183,89.4645522236901,79.2181736771536,69.3384716485452,61.0132107072187,52.960667468123,45.4682835676208,38.5081342507549,32.0738884677709,26.0626269463627,20.5652468423229,15.9202611330502,12.2185740572955,9.26766098430461,7.62402697893666,6.38488652495384,5.30508005090864,4.37245125995719,3.50877031587023,2.88843628508369,2.29965203955119,1.78311422539144,1.31307298342247,0.869768574726457
North America,USA,MROEc_Cold or very cold_6A/7,Self Storage,SST,MROEc_Cold or very cold_6A/7.SST.CO2,kgCO2/sqm,16.5322906354876,15.4828078537962,14.1779895609961,12.9462243076775,11.7813882251522,10.6975217044203,9.59501923062709,8.59492405571675,7.65589934994611,6.7766384303694,5.92884270904557,5.21443648661872,4.52343268062214,3.88049719583039,3.28323375675833,2.7310990841777,2.21526148271451,1.74352100742486,1.34492609043965,1.02727739461693,0.774054021074296,0.633010710948314,0.5266777494922,0.434017535054311,0.35398691305149,0.279872834826705,0.226640810665498,0.176116132623599,0.13179105606982,0.091455937395885,0.053415156424132
North America,USA,MROEc_Cold or very cold_6A/7,Inpatient Healthcare,IHC,MROEc_Cold or very cold_6A/7.IHC.CO2,kgCO2/sqm,317.161331811269,297.075564832111,272.103000597103,248.528578717303,226.235096126945,205.491268070189,184.390771550499,165.250220613728,147.278480860758,130.450544040266,114.224811134965,100.551983755177,87.3270488909872,75.0220806195251,63.5912172726892,53.0240611763364,43.1515849024724,34.1230715941989,26.4944713338512,20.4150788970876,15.5687052705891,12.8693155230092,10.8342377463456,9.06083897515412,7.52915455613491,6.11070526752541,5.091911961162,4.124933819595,3.27660817335841,2.50464525134115,1.7765930377809
North America,USA,MROEc_Cold or very cold_6A/7,Outpatient Healthcare,OHC,MROEc_Cold or very cold_6A/7.OHC.CO2,kgCO2/sqm,107.041295971947,100.254149083351,91.8157129597131,83.8497207086843,76.3165684443907,69.3070572716742,62.1770248736058,55.7092743081769,49.6364747146338,43.9501755978906,38.467366167826,33.8472046422377,29.3783897043508,25.2204390916314,21.3578557668846,17.7871262699681,14.4511348341208,11.4003254688382,8.82255830788845,6.76828129150411,5.13065153535911,4.21850539996847,3.53083577728163,2.93158965615406,2.41402081501173,1.93471506154924,1.59045637197158,1.26370645539199,0.977050198932105,0.716197538950645,0.470182670754253
North America,USA,MROEc_Cold or very cold_6A/7,Large Multi-Family - Low Rise (>20 Units),MFL,MROEc_Cold or very cold_6A/7.MFL.CO2,kgCO2/sqm,114.090357648635,106.839332734391,98.458642420444,90.4806073516369,82.8699680675956,75.7335156000491,68.3697221296761,61.6437380318374,55.2693867633856,49.2442660016738,43.368023655929,38.3960525187001,33.5295800542885,28.9553906375032,24.6615447014333,20.6498291678724,16.8587370283422,13.3530224741953,10.364021764584,7.96385243081088,6.03543967023215,4.96752059748626,4.16085484791675,3.4521176986933,2.83506213687421,2.25697240865178,1.8418233281665,1.44274019218972,1.08926218743505,0.76385736102659,0.452803362995284
North America,USA,MROEc_Cold or very cold_6A/7,Large Multi-Family - High Rise (>20 Units),MFH,MROEc_Cold or very cold_6A/7.MFH.CO2,kgCO2/sqm,129.825515525623,121.57508027575,112.03927759927,102.961628227646,94.3020128814365,86.1819416234223,77.8031949028846,70.1501669589463,62.8972374734877,56.0416730112107,49.3555069092436,43.6982479124681,38.1610284934517,32.9563775578699,28.0707099057165,23.5060587506032,19.1924395597412,15.2035316087131,11.8025562834135,9.0715710901164,6.87736478075291,5.66225419073305,4.74440552605108,3.93798298192744,3.23587851827261,2.57811055750511,2.10574138927067,1.65165253815872,1.24945458339039,0.879199139224745,0.525272501222099
North America,USA,MROEc_Cold or very cold_6A/7,Small Multi-Family - High Rise (<20 Units),MFS,MROEc_Cold or very cold_6A/7.MFS.CO2,kgCO2/sqm,76.0651010150169,71.2353901041242,65.6532397283099,60.3392870836828,55.2700468005886,50.5166494870763,45.6118265013548,41.1318310292649,36.8860486419186,32.8728792173972,28.9588736653622,25.647178624438,22.4057533863647,19.3590099540891,16.4989957061182,13.8269008625635,11.3017572743072,8.96669595085499,6.97580369622788,5.37711604083959,4.09265263592473,3.38134072366531,2.84404255985867,2.37197197907284,1.96096801552412,1.57591813624617,1.29939860040397,1.03358015418761,0.798138048207438,0.581394724449871,0.374210098009331
North America,USA,MROEc_Cold or very cold_6A/7,Leisure,LEI,MROEc_Cold or very cold_6A/7.LEI.CO2,kgCO2/sqm,92.4629403261806,86.6015118738202,79.3140182626794,72.4345305489368,65.928846534335,59.8753827005211,53.7178358770525,48.132240367005,42.8877273326865,37.9769988662801,33.242005544381,29.2520011043584,25.3927006567322,21.8018648571044,18.4661103536437,15.3824028971165,12.5014169040535,9.86671618077311,7.64053807843402,5.86644979796719,4.45218106256844,3.66444515550083,3.07056876555367,2.55305554210399,2.10607940009296,1.69214753345758,1.39484327421822,1.11265971619562,0.865101328961626,0.639827111652695,0.427366917138132
North America,USA,MROWc_Cold or very cold_6A/6B/7,Office,OFF,MROWc_Cold or very cold_6A/6B/7.OFF.CO2,kgCO2/sqm,54.7626788943709,51.3005794904412,46.9961633413178,42.9327391254173,39.0901050419052,35.514578410284,31.877574331762,28.5783978523254,25.4806844540319,22.5801235694988,19.7833620478673,17.4266341434405,15.1471075932304,13.0261518257853,11.0558618577424,9.2344454856229,7.53276816065337,5.97656119203825,4.66165136352269,3.61377198936614,2.77842289560579,2.31314040747536,1.96236258729809,1.65668927967471,1.39267926105817,1.14818710690268,0.972581978039626,0.805908011792479,0.659685678474486,0.52662566762476,0.40113436140717
North America,USA,MROWc_Cold or very cold_6A/6B/7,Retail High Street,RHS,MROWc_Cold or very cold_6A/6B/7.RHS.CO2,kgCO2/sqm,85.2256565915668,79.8347800936052,73.132322090979,66.8051155174525,60.8217039066944,55.2542085123208,49.590985848165,44.4537985896378,39.6303119106227,35.1138137749574,30.7589428719864,27.0892535910709,23.5397754645739,20.2372098054372,17.1692476692732,14.3330983945539,11.6833962260142,9.26020769377594,7.21274583192491,5.58108029267803,4.28034820161366,3.55585125986543,3.00965090968097,2.53368333686931,2.12259017097961,1.74188850589259,1.46845165395389,1.20892162242334,0.981237073774522,0.774047735278315,0.578643717525669
North America,USA,MROWc_Cold or very cold_6A/6B/7,Enclosed Retail Mall,ERM,MROWc_Cold or very cold_6A/6B/7.ERM.CO2,kgCO2/sqm,104.18566496471,97.5897352901583,89.3890388637652,81.6474759451705,74.326558425843,67.5145292319696,60.5853743091617,54.2998424675285,48.3981344738559,42.8720379124976,37.5436980351863,33.0537023112018,28.7107892222844,24.6699823439424,20.9162212436877,17.4460914476046,14.2040863360418,11.2392287376776,8.73408612177777,6.73768513701551,5.14619302968611,4.25974518043447,3.59144957036167,3.00908626843481,2.50609911728738,2.04029705136205,1.70573731019556,1.3881930598205,1.10961289360123,0.856109348017377,0.617025562716657
North America,USA,MROWc_Cold or very cold_6A/6B/7,Strip Shopping Center,SSC,MROWc_Cold or very cold_6A/6B/7.SSC.CO2,kgCO2/sqm,174.02651621006,163.002435444919,149.296234166916,136.357403846715,124.121617537564,112.736359702343,101.155344247021,90.650045662445,80.786249535943,71.5502300793649,62.6447304682595,55.1403940155357,47.8818835385474,41.1282970721776,34.8544634226302,29.0546758225387,23.6361635044405,18.680860577605,14.4939004539356,11.1572236272347,8.49728963855469,7.0157285597672,5.89877535620955,4.92544477327969,4.08477920350099,3.30626277766005,2.7470976880725,2.21637137118243,1.7507675210055,1.32707538075298,0.927483649361483
North America,USA,MROWc_Cold or very cold_6A/6B/7,Retail Store,RST,MROWc_Cold or very cold_6A/6B/7.RST.CO2,kgCO2/sqm,44.0073047707647,41.2234164302346,37.762217737692,34.4948016477804,31.4049238095328,28.5298281696656,25.6052982624177,22.9524169141729,20.4615328563597,18.1291799440534,15.8802925254901,13.9852379445936,12.1522612894879,10.446792051641,8.86247380148554,7.39786542084846,6.02953969948124,4.7781872887267,3.72086289870546,2.87825879303328,2.20655115813632,1.83241559972662,1.55035371479067,1.30456055352611,1.09226901395464,0.895671869305367,0.754467064433429,0.620443844077981,0.502865865702485,0.395871764847118,0.294963690451421
North America,USA,MROWc_Cold or very cold_6A/6B/7,Hotel,HOT,MROWc_Cold or very cold_6A/6B/7.HOT.CO2,kgCO2/sqm,94.1654263449375,88.2110260296573,80.807940824667,73.8193331593838,67.210458332624,61.0609766399689,54.8057610308371,49.1315688204619,43.8038692129608,38.8152485437363,34.0051504664644,29.951858015872,26.0313427372367,22.3835503959667,18.9948853583332,15.8622652469364,12.935582093702,10.2590906983234,7.99760176227755,6.1953735337145,4.75867217799668,3.95844148823846,3.35514524530388,2.82942341385689,2.37535749757988,1.95485999304996,1.65284000093761,1.36618054914817,1.11469548011133,0.885848044461303,0.670017883011059
North America,USA,MROWc_Cold or very cold_6A/6B/7,Shipping/Distribution Warehouse,SDW,MROWc_Cold or very cold_6A/6B/7.SDW.CO2,kgCO2/sqm,54.1504631876583,50.71754781694,46.4494160748181,42.4202448058822,38.6100025019318,35.0646160470621,31.4582703741588,28.1869045566105,25.1153035716674,22.2391931882059,19.4660071829328,17.1291454976432,14.868834391817,12.7657573841461,10.8120761269329,9.00601352421567,7.31868061914081,5.77559181686269,4.47176612188238,3.43271992750752,2.60441247318357,2.14305211957386,1.79523120801172,1.49213459704569,1.23035007118731,0.987918882450291,0.813794030527585,0.648525055298583,0.503535314385927,0.371596943131917,0.247163475532204
North America,USA,MROWc_Cold or very cold_6A/6B/7,Refrigerated Warehouse Cool,RFW,MROWc_Cold or very cold_6A/6B/7.RFW.CO2,kgCO2/sqm,125.287365288274,117.363637382435,107.512094032629,98.2121103821751,89.417450446966,81.2341209570939,72.9100876615962,65.3592424412868,58.2694869968049,51.6309557064347,45.2299906475535,39.8361331974816,34.6189669550861,29.764722625048,25.2553080239955,21.0866213249558,17.1919821094297,13.6302817808719,10.6208396804966,8.22255180074003,6.31068326287169,5.24578841002246,4.44296108526887,3.74336473198789,3.13912340097401,2.5795527247417,2.17764420114436,1.79617648359983,1.46151654239378,1.15698128845958,0.869768574726457
North America,USA,MROWc_Cold or very cold_6A/6B/7,Self Storage,SST,MROWc_Cold or very cold_6A/6B/7.SST.CO2,kgCO2/sqm,10.9456679990916,10.2519779577576,9.38951554174068,8.57533992648074,7.80540334025873,7.0889862396796,6.36025109513174,5.69920541117744,5.0785262553843,4.49734993283283,3.93697156433777,3.46476135697655,3.00801974376861,2.58305046289916,2.18826961754843,1.82331810950455,1.48235834025143,1.17054601182507,0.907081637504077,0.697121321071047,0.529745032937558,0.436517834418411,0.366233578483525,0.304986772814317,0.252087910199681,0.203099781109729,0.167914330061962,0.13451838816496,0.105220276063332,0.0785594573931698,0.053415156424132
North America,USA,MROWc_Cold or very cold_6A/6B/7,Inpatient Healthcare,IHC,MROWc_Cold or very cold_6A/6B/7.IHC.CO2,kgCO2/sqm,222.525486089384,208.46674994386,190.987572184732,174.487003531551,158.883009428269,144.36367314399,129.594692033252,116.197545905884,103.618491915802,91.840025906596,80.4830636397292,70.912969916388,61.6563719487664,53.0436910196766,45.0428269314163,37.646501985431,30.7364079282201,24.4170332924853,19.077507132932,14.8223261242982,11.4301784334349,9.54078042067597,8.116357767191,6.87509347139145,5.80301356886415,4.81019092459769,4.09710158646827,3.42027950818337,2.82650649277913,2.28618243913308,1.7765930377809
North America,USA,MROWc_Cold or very cold_6A/6B/7,Outpatient Healthcare,OHC,MROWc_Cold or very cold_6A/6B/7.OHC.CO2,kgCO2/sqm,75.1018930389953,70.3488566379883,64.4394230097557,58.8608416469599,53.5853779632909,48.6766199381528,43.6834609444496,39.1540976678466,34.9013184075909,30.9192052851674,27.0795959134198,23.844098543155,20.7145891310589,17.8027778883921,15.097812245864,12.5972317286646,10.2610381869171,8.12455754140683,6.31934817281319,4.8807387546153,3.73390725529888,3.09513166141361,2.61355688453805,2.19390505238642,1.83145178854003,1.49579415053501,1.25470992032999,1.0258870772384,0.82514180917598,0.64246678997541,0.470182670754253
North America,USA,MROWc_Cold or very cold_6A/6B/7,Large Multi-Family - Low Rise (>20 Units),MFL,MROWc_Cold or very cold_6A/6B/7.MFL.CO2,kgCO2/sqm,79.4022530257137,74.3646188556642,68.5421520467018,62.9994291147301,57.7119536244867,52.7539184186186,47.6379385335312,42.9650753563652,38.5365083411323,34.3505684792721,30.2680615809347,26.8137951855451,23.4328237691916,20.2549153798532,17.2717750287584,14.4846441760308,11.8507909580688,9.41520321188423,7.33860131254972,5.67108876187995,4.33132808921037,3.58939357990473,3.02896426240819,2.53657063216454,2.10787259019082,1.70624597840972,1.41782203582899,1.14055987409818,0.894981780494456,0.668907467966006,0.452803362995284
North America,USA,MROWc_Cold or very cold_6A/6B/7,Large Multi-Family - High Rise (>20 Units),MFH,MROWc_Cold or very cold_6A/6B/7.MFH.CO2,kgCO2/sqm,90.3532835325688,84.621506303819,77.9967531867355,71.6902902689583,65.6742457152007,60.0330355095666,54.2121171938966,48.8953732923282,43.8565874819535,39.0938607790554,34.448819220614,30.5185843526592,26.6717438872431,23.0559468034935,19.6617551338745,16.4905814011354,13.4938056550245,10.7226146731145,8.35987472852916,6.46259315865893,4.93822488252694,4.09405812048913,3.45640641893279,2.89616514254327,2.40839616368341,1.95142882739821,1.62326252343369,1.30779599860127,1.02837933647716,0.771153910252315,0.525272501222099
North America,USA,MROWc_Cold or very cold_6A/6B/7,Small Multi-Family - High Rise (<20 Units),MFS,MROWc_Cold or very cold_6A/6B/7.MFS.CO2,kgCO2/sqm,52.938219510377,49.5841967646606,45.7076377581446,42.017330332178,38.4969649259063,35.1959386319743,31.7897538392738,28.6785931525737,25.7300831975775,22.943112759678,20.2250072890632,17.9251800946271,15.6741522013184,13.5583222974691,11.5721676356791,9.71651477169902,7.96291311986727,6.34131527767804,4.95872778341835,3.84850920959544,2.9565056185713,2.46253064221478,2.08940059449811,1.76156824702401,1.4761439912548,1.20874371054216,1.0167130010523,0.832113729731557,0.668609496594981,0.51809074893547,0.374210098009331
North America,USA,MROWc_Cold or very cold_6A/6B/7,Leisure,LEI,MROWc_Cold or very cold_6A/6B/7.LEI.CO2,kgCO2/sqm,64.7625767459809,60.665288975486,55.5711453391404,50.7622082164094,46.2145693996295,41.983044006629,37.6787619530133,33.77428843427,30.1082402529499,26.6755159856212,23.3656350600289,20.5765203366816,17.8787710328653,15.3686853554149,13.0369080005452,10.8813179507639,8.86743536697319,7.02571245929806,5.46955726815445,4.22942437658809,3.24081451111936,2.69016704955936,2.27503232779434,1.91327740427295,1.6008296971569,1.3114807801194,1.10365753099198,0.906404037117948,0.733354419479294,0.57588200416456,0.427366917138132
North America,USA,MROWc_Cool_5A,Office,OFF,MROWc_Cool_5A.OFF.CO2,kgCO2/sqm,58.4665450257725,54.768559154011,50.1708661797502,45.8305848682668,41.7261369904712,37.9069956472636,34.0221881565697,30.4982257898172,27.1894529773865,24.0912654559616,21.1039495568455,18.586648498342,16.1518088263749,13.8863439891318,11.7818104055998,9.83629376241858,8.01867445926064,6.35643698076901,4.95193716687817,3.83266164389845,2.9403969263666,2.44341290980967,2.06873521520897,1.7422351812461,1.46023712026054,1.19908675271266,1.01151695480122,0.833486834789991,0.677301798007922,0.535175884563552,0.40113436140717
North America,USA,MROWc_Cool_5A,Retail High Street,RHS,MROWc_Cool_5A.RHS.CO2,kgCO2/sqm,88.2097531125322,82.6288297924051,75.6900872366865,69.1398250055246,62.9454776846341,57.1817090483261,51.3188384287877,46.0005477608757,41.0070166901089,36.3312965581087,31.8229015711852,28.023843200394,24.3492338380874,20.9302414515438,17.7541231640151,14.8179899336159,12.0748767071515,9.56626249687475,7.44662060632205,5.75743327990601,4.41084593682667,3.66080800160549,3.0953522222051,2.60260516563029,2.1770195605573,1.78289686056616,1.49982042500993,1.2311410728137,0.995429865616258,0.780936394780406,0.578643717525669
North America,USA,MROWc_Cool_5A,Enclosed Retail Mall,ERM,MROWc_Cool_5A.ERM.CO2,kgCO2/sqm,94.0398149498853,88.0900394931811,80.6927043587747,73.7095248340906,67.1057832045969,60.9610778927086,54.7107207892234,49.0409357962196,43.7173742808713,38.7326283368689,33.9262663240478,29.8761221173352,25.958651952859,22.3136928983683,18.9276598800366,15.7974729145857,12.8730629534384,10.1986504230215,7.93891801424059,6.13808959930062,4.70250414782742,3.90289500743979,3.30006735238228,2.77475385577877,2.32104061828311,1.90086971952153,1.59908431018438,1.31264751044281,1.06135777306267,0.832688086131117,0.617025562716657
North America,USA,MROWc_Cool_5A,Strip Shopping Center,SSC,MROWc_Cool_5A.SSC.CO2,kgCO2/sqm,147.409006755343,138.080103425078,126.481510356714,115.532289298252,105.17800488401,95.5434628303291,85.74326488633,76.8533703872828,68.506334249399,60.6905413046196,53.1544440326893,46.804052483798,40.6616861492135,34.9466014523948,29.6374977843716,24.7295459097435,20.1442404601292,15.9509165031055,12.4077869602871,9.58419230203157,7.33327745716327,6.07953663501724,5.13433778511692,4.31067664638003,3.59928056713989,2.94047693240428,2.46729488869901,2.01817857591301,1.62417082134043,1.26562999581352,0.927483649361483
North America,USA,MROWc_Cool_5A,Retail Store,RST,MROWc_Cool_5A.RST.CO2,kgCO2/sqm,45.5189146616088,42.6387570971811,39.057867213352,35.677461099183,32.48073266025,29.506213770588,26.4805511345817,23.7359308955309,21.1589099508414,18.7459022933521,16.4192464372885,14.4586592590208,12.5622967139566,10.7978509009653,9.15874557974496,7.64348979703173,6.22784620974388,4.93322096952562,3.8393334038362,2.96759133234655,2.27265547677844,1.88558199290807,1.59376616836234,1.33947327076505,1.11984050940065,0.916444868468195,0.770357081481733,0.631699224305533,0.510055299548183,0.399361251787255,0.294963690451421
North America,USA,MROWc_Cool_5A,Hotel,HOT,MROWc_Cool_5A.HOT.CO2,kgCO2/sqm,120.743830688944,113.096743408506,103.589146386217,94.6138524933936,86.126239980001,78.2286145696785,70.1951977370487,62.9079747118568,56.0657434634865,49.6589828080667,43.4814942488962,38.2759522124835,33.2409325744726,28.5561641783973,24.2041864921722,20.1810408956573,16.4223749797065,12.9850240758249,10.080650442546,7.76609384014155,5.92097425103635,4.89325800673842,4.11845974303386,3.44328835423926,2.86014286367965,2.32010844407658,1.93223172806314,1.56408216949704,1.24110619025081,0.947203156921107,0.670017883011059
North America,USA,MROWc_Cool_5A,Shipping/Distribution Warehouse,SDW,MROWc_Cool_5A.SDW.CO2,kgCO2/sqm,28.9496874604283,27.1217226365236,24.8490203278857,22.7035601129543,20.6746755789561,18.7868219540373,16.8665086573163,15.1245660240636,13.4889945207753,11.9575181973335,10.4808472280974,9.23651100137984,8.03293656206389,6.91308641231176,5.87278677493372,4.91109137874163,4.01261738110025,3.19095073741148,2.49668733457424,1.94341418664578,1.50235557424968,1.25668960044318,1.07148130874532,0.91008789141365,0.770692405934039,0.64160221949698,0.548883911612878,0.460881196550843,0.383676803900774,0.31342202755738,0.247163475532204
North America,USA,MROWc_Cool_5A,Refrigerated Warehouse Cool,RFW,MROWc_Cool_5A.RFW.CO2,kgCO2/sqm,122.174423748058,114.448948359572,104.843891675148,95.7765946075698,87.2019780019824,79.223396288785,71.1076311941862,63.7457089266659,56.8333399196018,50.3609053901857,44.1200931598078,38.8611905984483,33.7745584119031,29.0417677927587,24.6451792260009,20.5807935128054,16.783598585856,13.3110123794114,10.3768668413761,8.03858438017363,6.17455099704361,5.13629992699488,4.35355942753659,3.67146704963401,3.08234390117078,2.53677374294188,2.14492101347271,1.77299765890869,1.44671094512661,1.14979519572772,0.869768574726457
North America,USA,MROWc_Cool_5A,Self Storage,SST,MROWc_Cool_5A.SST.CO2,kgCO2/sqm,6.54403044722993,6.13066553049527,5.61673036703518,5.13156896157214,4.67276927599125,4.24586146777378,3.81161342556697,3.41770104709301,3.04784279302325,2.70152399375425,2.36759854603208,2.08621187271073,1.8140428236209,1.5608066793286,1.32555960708719,1.10808762284961,0.904912143558967,0.719105415053912,0.562108885387271,0.436995039795626,0.337256711024744,0.2817032925568,0.239821408903963,0.203324876998979,0.171802824443623,0.142611149926697,0.121644392187661,0.101743990107529,0.0842854553906651,0.0683984649006814,0.053415156424132
North America,USA,MROWc_Cool_5A,Inpatient Healthcare,IHC,MROWc_Cool_5A.IHC.CO2,kgCO2/sqm,239.674278424351,224.523394801579,205.686353882035,187.903944938148,171.087760591128,155.440495286057,139.524191592786,125.08629335272,111.530040421052,98.8365688377559,86.5973453519165,76.2838026009537,66.3081094021822,57.0263556879086,48.4039475689935,40.4330419816866,32.9861399415949,26.1758471326498,20.4215219495929,15.8357788509028,12.1801134793119,10.1439383130597,8.60885993693818,7.27116850464332,6.11580448974389,5.04585480254364,4.27736939512113,3.54796865559005,2.90806861325257,2.32576969458466,1.7765930377809
North America,USA,MROWc_Cool_5A,Outpatient Healthcare,OHC,MROWc_Cool_5A.OHC.CO2,kgCO2/sqm,69.728321973483,65.3175097926065,59.8335623471447,54.6566454142516,49.761021330504,45.2056996658799,40.5720540018549,36.3688102169299,32.4222360733486,28.7268397868206,25.163686813045,22.1611490649785,19.2569680172346,16.5548106142645,14.044605684551,11.7240699103691,9.55608505575246,7.57343353357454,5.89820136612507,4.56317352077415,3.49891524041973,2.90613224179619,2.45923141616911,2.06979501029825,1.73343880843256,1.42194891578139,1.19822303415754,0.985875705330571,0.799584333054223,0.630062130434228,0.470182670754253
North America,USA,MROWc_Cool_5A,Large Multi-Family - Low Rise (>20 Units),MFL,MROWc_Cool_5A.MFL.CO2,kgCO2/sqm,69.4690754965448,65.0652610016404,59.9753591024804,55.1300045639995,50.5077830172616,46.1735525890855,41.7012495966342,37.6163117274546,33.7449334266467,30.0856556751864,26.5167972691246,23.497136073455,20.5415481074378,17.7634744014011,15.1556636166103,12.7192010164854,10.416731129396,8.28758156072976,6.47225134107917,5.01454010338476,3.84334400798683,3.19475742228844,2.70483960204775,2.27439742763233,1.89963685799722,1.54854167426665,1.29640634721847,1.05402845999951,0.839348248666806,0.641717912514677,0.452803362995284
North America,USA,MROWc_Cool_5A,Large Multi-Family - High Rise (>20 Units),MFH,MROWc_Cool_5A.MFH.CO2,kgCO2/sqm,80.4201060033999,75.3221484497952,69.4299602425141,63.8208657182277,58.4700751079756,53.4526696800335,48.2754282569996,43.5466096634175,39.0650125674678,34.8289479749697,30.6975549088039,27.201925240569,23.7804682254894,20.5645058250413,17.5456437217264,14.72513824159,12.0597458263517,9.59499302196005,7.49352475705861,5.80604450016374,4.4502408013034,3.69942196287284,3.13228175857235,2.63399193801105,2.20016043148981,1.79372452325514,1.50184683482318,1.2212645845026,0.972745804649511,0.743964354800987,0.525272501222099
North America,USA,MROWc_Cool_5A,Small Multi-Family - High Rise (<20 Units),MFS,MROWc_Cool_5A.MFS.CO2,kgCO2/sqm,67.1112447160891,62.8528646078542,57.9310548846404,53.2457164336481,48.776142087758,44.5850480575241,40.2604412596922,36.3104069915326,32.5668795639608,29.0284481415302,25.5774499982011,22.657512025308,19.7995312867485,17.1132024637053,14.5915136902924,12.2355143894963,10.0090827406753,7.95024756922202,6.19486797587571,4.78529712648343,3.6527793600662,3.02561211262609,2.55187365184471,2.13564667511874,1.77326243824149,1.43376204642768,1.18995339769199,0.9555799528515,0.747989478132674,0.556885812610932,0.374210098009331
North America,USA,MROWc_Cool_5A,Leisure,LEI,MROWc_Cool_5A.LEI.CO2,kgCO2/sqm,43.5589020248985,40.8120032149024,37.396793477038,34.1727915519351,31.1239689273539,28.2870746896086,25.4014030177024,22.7837705097955,20.3259828339642,18.0246198999589,15.8056134534969,13.9357384670055,12.1271165767677,10.4443079124537,8.8810405023899,7.43589237654361,6.08574760206066,4.85102191355371,3.80774619503973,2.97633777198205,2.31355511791466,1.94439069949651,1.66607657144915,1.42354926446161,1.21407844304566,1.02009348509188,0.880764868774386,0.748522415244036,0.632506695727102,0.526934225726293,0.427366917138132
North America,USA,NEWEc_Cold or very cold_6A/7,Office,OFF,NEWEc_Cold or very cold_6A/7.OFF.CO2,kgCO2/sqm,35.9967789523526,33.7298150354963,30.9113066812531,28.2505985381331,25.7344625764919,23.3932271259893,21.0117365766105,18.8514537072814,16.8230877710744,14.9238162318408,13.092511952595,11.5493392998631,10.0567176752568,8.66792733937305,7.37779215196988,6.18513858792736,5.0708895026874,4.05189361799198,3.1908977922277,2.5047520600357,1.95777000302606,1.65310555273917,1.42341813813959,1.22326491378624,1.05039258516017,0.890300448349816,0.775315162168954,0.666177952840784,0.570432361857991,0.483305388256235,0.40113436140717
North America,USA,NEWEc_Cold or very cold_6A/7,Retail High Street,RHS,NEWEc_Cold or very cold_6A/7.RHS.CO2,kgCO2/sqm,55.7235686863537,52.211578482533,47.8451332754053,43.7231528308195,39.8251442286275,36.1980922469599,32.5086768937998,29.1619574254607,26.0196042345898,23.0772446361037,20.2401802077272,17.8494905285046,15.5371147184398,13.3855947853179,11.3869118305193,9.53924782390486,7.81304837146474,6.23441558504326,4.90055716624326,3.83757726085802,2.9901903167608,2.51820284624838,2.16237012036483,1.85229188843299,1.58447733693879,1.3364619133116,1.15832621576123,0.989250383903982,0.840920904510728,0.705943424056503,0.578643717525669
North America,USA,NEWEc_Cold or very cold_6A/7,Enclosed Retail Mall,ERM,NEWEc_Cold or very cold_6A/7.ERM.CO2,kgCO2/sqm,68.1202972200854,63.8212465110576,58.4762517148842,53.4305078703778,48.6589294568562,44.2190308556285,39.7027928340514,35.606051138238,31.7594755701933,28.1577134968465,24.6848439458151,21.7583847121457,18.9277900097507,16.294100062691,13.8474988835074,11.5857610093415,9.47270870872205,7.54029375142044,5.90750873543534,4.60630792030856,3.56901589173773,2.9912528707728,2.55567564995915,2.17610681135862,1.8482732267898,1.54467588712913,1.32661878776025,1.11965193061052,0.938080822336484,0.772853985308794,0.617025562716657
North America,USA,NEWEc_Cold or very cold_6A/7,Strip Shopping Center,SSC,NEWEc_Cold or very cold_6A/7.SSC.CO2,kgCO2/sqm,116.726452976145,109.351615742835,100.182506257364,91.5267489535327,83.3413106957795,75.7248549401647,67.9774421808607,60.9496573887222,54.3510218666091,48.1723534019033,42.2147945348745,37.1945791480433,32.3388152558437,27.8208330320512,23.6237935708945,19.7438791862237,16.1190285302836,12.8040534946586,10.0030807811731,7.77092655250612,5.99149653600145,5.00036883655512,4.25315478316132,3.60202070892557,3.03963624559963,2.51882802164413,2.14476041364031,1.78971764083382,1.47824018675756,1.19480062948623,0.927483649361483
North America,USA,NEWEc_Cold or very cold_6A/7,Retail Store,RST,NEWEc_Cold or very cold_6A/7.RST.CO2,kgCO2/sqm,28.7735427119919,26.9598401709346,24.7048701089623,22.5761493629873,20.5630947425137,18.6899706692912,16.7846401835276,15.0562886644005,13.4334783385112,11.9139510133287,10.4488014359488,9.21417386171221,8.01999004023356,6.90887726845146,5.87669433413041,4.92250234914957,4.03103849203045,3.21578271682517,2.52693614744792,1.97797978834624,1.54036243619759,1.29661321568884,1.11284996987333,0.952715788243343,0.81440790456851,0.686324915167029,0.594330020947608,0.507013927201878,0.43041190439538,0.360705275083309,0.294963690451421
North America,USA,NEWEc_Cold or very cold_6A/7,Hotel,HOT,NEWEc_Cold or very cold_6A/7.HOT.CO2,kgCO2/sqm,60.8961218134707,57.0605288348309,52.29174942313,47.7899603138825,43.5327803226114,39.5715235118972,35.5421570266284,31.8870632053888,28.4551664358026,25.241691123625,22.1432131183073,19.5322398480067,17.0067964651031,14.657030585942,12.4741844323243,10.4562724566741,8.57101705581664,6.84692544962088,5.39016227867491,4.22923698420927,3.30376987742906,2.78829240658247,2.39967244304031,2.06102289671385,1.76853130258263,1.49766317304629,1.30311364667632,1.11845878265538,0.956461887257684,0.809047274386183,0.670017883011059
North America,USA,NEWEc_Cold or very cold_6A/7,Shipping/Distribution Warehouse,SDW,NEWEc_Cold or very cold_6A/7.SDW.CO2,kgCO2/sqm,34.8212613628483,32.6193562345917,29.8817352459663,27.297385816508,24.8534595430754,22.5794143734166,20.2662693716013,18.1679836895526,16.1978291036301,14.3530640806429,12.5743157494999,11.0754300581264,9.62564464895896,8.27671071140594,7.02360065342726,5.86517462848174,4.78290298017625,3.79315089479912,2.9568644810361,2.29041020039623,1.75912578627813,1.46320479234609,1.24010909490589,1.04569999652381,0.877788869176326,0.722291159479597,0.610605795000217,0.504600675502523,0.411602853073425,0.326976305400259,0.247163475532204
North America,USA,NEWEc_Cold or very cold_6A/7,Refrigerated Warehouse Cool,RFW,NEWEc_Cold or very cold_6A/7.RFW.CO2,kgCO2/sqm,69.4340649924584,65.0674412734662,59.6384331889956,54.5133797196069,49.6668010473059,45.1571155715499,40.5698907630077,36.4087559752841,32.5017194574203,28.8433444429978,25.3158878994743,22.343430218161,19.4683438786638,16.7932572677633,14.3082001090974,12.0109119597074,9.86464644207121,7.90185754782325,6.24340821531282,4.92175496507946,3.86815865230108,3.28131428082061,2.83889060345773,2.45335565497646,2.12036914163892,1.81199982150009,1.59051527371393,1.38029528594374,1.19587022056636,1.02804632770924,0.869768574726457
North America,USA,NEWEc_Cold or very cold_6A/7,Self Storage,SST,NEWEc_Cold or very cold_6A/7.SST.CO2,kgCO2/sqm,6.33100243010124,5.93120453353604,5.43413719907202,4.96489924116557,4.52115778703109,4.10826148924934,3.6882658707695,3.30728206210734,2.94956289916424,2.61461060427075,2.2916448996253,2.0194935980489,1.7562573897228,1.51133269068906,1.28380664566766,1.07347229376655,0.876965222252857,0.697256843005794,0.545413085135433,0.424405592061629,0.327940767798076,0.274210664077766,0.233703382712761,0.198404700853643,0.167917231315587,0.139683654646151,0.11940504535324,0.100157792936931,0.0832722635309772,0.0679066988119859,0.053415156424132
North America,USA,NEWEc_Cold or very cold_6A/7,Inpatient Healthcare,IHC,NEWEc_Cold or very cold_6A/7.IHC.CO2,kgCO2/sqm,144.354324858635,135.274040540162,123.984554624564,113.327134694603,103.248796108906,93.871018461465,84.3319997195598,75.6790244710448,67.5544401908477,59.9469412597927,52.6116839998327,46.4305329302869,40.451863119732,34.889087720087,29.7214737921457,24.9443208015662,20.4812155794912,16.3996453861644,12.9509416653749,10.202596936161,8.01166987383787,6.79134174696919,5.87133282515478,5.06962258580179,4.37718549712595,3.7359392432351,3.27536769059606,2.83822050750427,2.45471321746783,2.10572764860659,1.7765930377809
North America,USA,NEWEc_Cold or very cold_6A/7,Outpatient Healthcare,OHC,NEWEc_Cold or very cold_6A/7.OHC.CO2,kgCO2/sqm,48.7192871961409,45.6464680286099,41.8260426436416,38.2195119350616,34.8089456029045,31.6354530234619,28.4073955528458,25.4791801724401,22.7297752607875,20.1553549329172,17.673062714234,15.5813265066722,13.5581110933797,11.6756366825372,9.9268871311741,8.31027175209202,6.79993190015589,5.41870564293806,4.25164495136711,3.32158967262097,2.58016766030876,2.16720177428571,1.85586559249901,1.5845623486922,1.35023775226256,1.13323642158235,0.977376423664703,0.829443363848072,0.699662344842482,0.581563670001767,0.470182670754253
North America,USA,NEWEc_Cold or very cold_6A/7,Large Multi-Family - Low Rise (>20 Units),MFL,NEWEc_Cold or very cold_6A/7.MFL.CO2,kgCO2/sqm,50.7491628717317,47.5398351262851,43.8305137174299,40.2994088593879,36.9309145977174,33.7722969982704,30.5130575147895,27.5361145810775,24.7148055072555,22.0480670173291,19.4472226095101,17.2466116463724,15.0926947467341,13.0681432961687,11.1676728026481,9.39207416370188,7.71412417279249,6.16248325039834,4.83954159429235,3.77721866370678,2.92369676157658,2.45103222786045,2.09399928396454,1.7803098643125,1.50719902019747,1.25133458364071,1.06758821974657,0.890952696330541,0.734502155685471,0.590476897153608,0.452803362995284
North America,USA,NEWEc_Cold or very cold_6A/7,Large Multi-Family - High Rise (>20 Units),MFH,NEWEc_Cold or very cold_6A/7.MFH.CO2,kgCO2/sqm,57.7484054577792,54.0970917230951,49.8769256070831,45.8595198793349,42.0271193461414,38.4334995172415,34.7254002408298,31.3384751638708,28.1286177145495,25.0946181833724,22.1355876133348,19.6319103102607,17.1813577388768,14.8779867202851,12.7157849865423,10.6956523569381,8.78661646722158,7.0212848275117,5.51614872977939,4.30752355504605,3.33645531543626,2.79869580916445,2.39249258058133,2.03560211091033,1.72487866497272,1.43377678772057,1.22472502504634,1.02376340197835,0.845766620980652,0.681906321774707,0.525272501222099
North America,USA,NEWEc_Cold or very cold_6A/7,Small Multi-Family - High Rise (<20 Units),MFS,NEWEc_Cold or very cold_6A/7.MFS.CO2,kgCO2/sqm,33.8349382000733,31.6998643273381,29.2321589841053,26.8830160101631,24.6420532107871,22.5407153464605,20.3724366232793,18.3919617131023,16.5150255544396,14.7409207802116,13.0106534524005,11.5466499774934,10.1137107262793,8.76683460487259,7.50250599201063,6.32125104917813,5.20495895640891,4.17269667095964,3.2925814601924,2.58584842654734,2.0180247395989,1.70357455671007,1.46605076023917,1.25736216961368,1.07566934361361,0.905450058833631,0.783208863207201,0.665698306182432,0.561616240341537,0.465800358980838,0.374210098009331
North America,USA,NEWEc_Cold or very cold_6A/7,Leisure,LEI,NEWEc_Cold or very cold_6A/7.LEI.CO2,kgCO2/sqm,41.8815048745279,39.2414337075714,35.9590424067948,32.8604227948521,29.9301697127108,27.2036030647071,24.4301559502452,21.9143238836745,19.5521202401146,17.3402579375575,15.2075492563071,13.4103942174377,11.6721101252217,10.0547463482989,8.55227483368284,7.16332891214256,5.86569163574998,4.67898476563696,3.67628232402847,2.87720760103843,2.24020074494508,1.88539323132816,1.61790281553978,1.38480746159104,1.18348301748466,0.997042187391705,0.863132098919141,0.736032590432496,0.624528753852946,0.523062025970857,0.427366917138132
North America,USA,NEWEc_Cool_5A,Office,OFF,NEWEc_Cool_5A.OFF.CO2,kgCO2/sqm,37.2931350504354,34.9436106818294,32.0224552050376,29.2648468578003,26.6570758594864,24.2305750657604,21.7623531246147,19.523395015564,17.4211581161882,15.4527170965281,13.5547186332852,11.9553452486448,10.4083639076343,8.96899528214322,7.6318747223227,6.39578596449695,5.24095709448181,4.18485044682013,3.2924980547686,2.58136361358362,2.01446104289049,1.69870103238726,1.46064864269056,1.25320604751887,1.07403788972664,0.908115364951852,0.788942435067853,0.675830562871061,0.576598017735269,0.486297970999592,0.40113436140717
North America,USA,NEWEc_Cool_5A,Retail High Street,RHS,NEWEc_Cool_5A.RHS.CO2,kgCO2/sqm,54.4908953086212,51.0574098235857,46.7885692603159,42.7587288550982,38.9478537730408,35.4018785254513,31.7949339361521,28.5230248332944,25.4509137385731,22.5743257110306,19.8006791546297,17.4634293798708,15.2027428975545,13.099316625721,11.1453109149353,9.33894837410821,7.65133524871237,6.10799018115418,4.8039479560193,3.76472920419757,2.93628419042698,2.47484721735114,2.12696854215078,1.82382159504221,1.56199359386035,1.31952214386528,1.14536837451807,0.980071952585957,0.835058132802075,0.703097850156051,0.578643717525669
North America,USA,NEWEc_Cool_5A,Enclosed Retail Mall,ERM,NEWEc_Cool_5A.ERM.CO2,kgCO2/sqm,58.0923710866648,54.4319644299251,49.8809935630154,45.5848185218953,41.5220803570877,37.7417494200612,33.8964196399571,30.40826804807,27.1331192378091,24.0664157347344,21.10945716807,18.6177371152903,16.2076404701354,13.9651974596908,11.882050307259,9.95630415287844,8.15715563597812,6.51180994176788,5.12158276231495,4.01368140273261,3.13048394744546,2.63855032044333,2.26768012920731,1.94449801354006,1.66536563839998,1.40686910084373,1.22120540155238,1.04498443722542,0.890386564722493,0.749704945671531,0.617025562716657
North America,USA,NEWEc_Cool_5A,Strip Shopping Center,SSC,NEWEc_Cool_5A.SSC.CO2,kgCO2/sqm,97.2602693771565,91.1251662833721,83.4974139422787,76.2967176104422,69.4872781624362,63.1511734062675,56.7061259449151,50.8597346474966,45.3703512311926,40.2303370432087,35.2742632099551,31.0979623673954,27.0584681880303,23.2999734793392,19.8084700104116,16.5807818605635,13.5652803965693,10.8075634526588,8.47744336777137,6.62052152924657,5.14021948947787,4.31570358182582,3.69409864253442,3.15242232522275,2.684576520401,2.25131785380616,1.94013222807015,1.64477330082054,1.385656220444,1.14986377517321,0.927483649361483
North America,USA,NEWEc_Cool_5A,Retail Store,RST,NEWEc_Cool_5A.RST.CO2,kgCO2/sqm,28.1189587983939,26.3469444506459,24.1438051744406,22.0640133569702,20.0972290637752,18.2671589956552,16.4056227836552,14.7169976532854,13.1314878378374,11.646887049635,10.2154141294944,9.00916463369941,7.84242928564451,6.75685558819796,5.7483975154364,4.81613775970689,3.9451643175057,3.1486473043543,2.47563396467964,1.93929544025516,1.5117367809511,1.27359016858429,1.09405074533136,0.937597269091656,0.802468410455568,0.677329425542666,0.587449046160647,0.502139924403265,0.427298609244444,0.359194196046608,0.294963690451421
North America,USA,NEWEc_Cool_5A,Hotel,HOT,NEWEc_Cool_5A.HOT.CO2,kgCO2/sqm,78.7386181493211,73.766698076599,67.5851271405121,61.7496446583831,56.2312388291761,51.0964259436386,45.8733253122557,41.1353788099269,36.6867533871463,32.5212586391926,28.5048301298802,25.120333786227,21.8467062877133,18.8008022499649,15.9712693283866,13.3555337400189,10.9117553667842,8.67688693528129,6.7885452652543,5.28368596276091,4.08404134184592,3.41584927907731,2.9120973408096,2.47311998153938,2.0939752610067,1.74286014065835,1.49067365979759,1.25131321929614,1.04132336363839,0.850235915926908,0.670017883011059
North America,USA,NEWEc_Cool_5A,Shipping/Distribution Warehouse,SDW,NEWEc_Cool_5A.SDW.CO2,kgCO2/sqm,18.6159928113431,17.4461453825999,15.9916781427,14.6186423582657,13.3202118172202,12.1120371958742,10.8830892734783,9.76829369104696,8.72157271883464,7.74146981109238,6.79644082920501,6.00009972007575,5.22984503862778,4.51317160972293,3.84740833025807,3.23194961258629,2.65695085867799,2.13110670794094,1.6867971424293,1.33271747906127,1.05045204545492,0.893232549746391,0.774704314962391,0.67141694760582,0.582207654224343,0.499593470020956,0.440256292052758,0.383936964354847,0.334528267290076,0.289567134347327,0.247163475532204
North America,USA,NEWEc_Cool_5A,Refrigerated Warehouse Cool,RFW,NEWEc_Cool_5A.RFW.CO2,kgCO2/sqm,68.8570591993917,64.5271829906001,59.1438629577687,54.0619395968493,49.2561475163545,44.784413493182,40.235792672822,36.1096760943369,32.2355194107646,28.6079316090289,25.110160528155,22.1627176926342,19.3118267662038,16.6592524620298,14.1951084090408,11.9171531871335,9.78894965951016,7.84267869983922,6.19818611920058,4.88765529888561,3.84292557130958,3.26101981394264,2.82231937211437,2.44002890961671,2.10984465864088,1.80407043381288,1.58444979878926,1.37599892639105,1.19312589810395,1.02671433445392,0.869768574726457
North America,USA,NEWEc_Cool_5A,Self Storage,SST,NEWEc_Cool_5A.SST.CO2,kgCO2/sqm,3.54247573464976,3.32026949213167,3.04400124355243,2.78320046303544,2.53657054822133,2.30708426110488,2.0736521969088,1.86190275722849,1.6630837245192,1.4769184357307,1.29741525097653,1.14615452989908,0.99984878579842,0.863720513139323,0.737262350218594,0.620359268911856,0.511141340642518,0.411260065516816,0.32686584739792,0.259610315081534,0.205995510404151,0.176132510722635,0.153618708463866,0.133999827201251,0.117055000557243,0.101362879516935,0.0900921009230927,0.0793945467964472,0.0700096298810233,0.0614695039081025,0.053415156424132
North America,USA,NEWEc_Cool_5A,Inpatient Healthcare,IHC,NEWEc_Cool_5A.IHC.CO2,kgCO2/sqm,155.478903814327,145.690133405138,133.51978919678,122.030827707274,111.166130186651,101.056654632842,90.7733572031019,81.4452365084894,72.6867343074996,64.4856628638715,56.5780746549856,49.9146413788704,43.4694878930029,37.4726788377805,31.9018635934784,26.7519748681637,21.9406373815095,17.5406040642503,13.8228164104599,10.8600330199828,8.4981596199693,7.18261580671096,6.19082350217642,5.32656009450346,4.58009583786494,3.88881656345715,3.39230907231885,2.92105362918213,2.50762331348376,2.13140826449534,1.7765930377809
North America,USA,NEWEc_Cool_5A,Outpatient Healthcare,OHC,NEWEc_Cool_5A.OHC.CO2,kgCO2/sqm,45.2334023347083,42.3825871592385,38.8381785655598,35.4922112585807,32.3280503605373,29.3838351915124,26.3889973169767,23.6723386434981,21.1215718009611,18.7331473156285,16.4301948992457,14.4895817363865,12.6125389008027,10.8660688596856,9.24366236997101,7.74384366788708,6.3426223348804,5.06118644160011,3.97844315316314,3.11558219125185,2.42772618382357,2.0445961164035,1.75575324498147,1.50405102547856,1.2866558326387,1.08533234014781,0.940732862245786,0.803487619722197,0.68308297555098,0.573516653524521,0.470182670754253
North America,USA,NEWEc_Cool_5A,Large Multi-Family - Low Rise (>20 Units),MFL,NEWEc_Cool_5A.MFL.CO2,kgCO2/sqm,44.4004709259456,41.5962427425332,38.3551329335382,35.2697441708746,32.326440372239,29.5665214124013,26.718681633795,24.1175053323189,21.6523179016634,19.3221902785647,17.0496392125589,15.1268018543887,13.2447645700186,11.4757634935474,9.81518117152208,8.26370866989733,6.79755904976562,5.44177505067513,4.2858225985374,3.35759209728682,2.61180657366459,2.19880443992277,1.88683822048629,1.61274445967467,1.37410721629885,1.15053944104019,0.989986586018587,0.835647000833555,0.698944535337636,0.57309896232898,0.452803362995284
North America,USA,NEWEc_Cool_5A,Large Multi-Family - High Rise (>20 Units),MFH,NEWEc_Cool_5A.MFH.CO2,kgCO2/sqm,51.3997135119931,48.1534993393432,44.4015448231915,40.8298551908216,37.4226451206631,34.2277239313723,30.9310243598353,27.9198659151122,25.0661301089574,22.368741444608,19.7380042163837,17.512100518277,15.3334275621613,13.2856069176638,11.3632933554163,9.56728686313353,7.87005134419472,6.3005766277885,4.96242973402444,3.88789698862609,3.02456512752427,2.54646802122677,2.18533151710307,1.8680367062725,1.5917868610741,1.33298164512005,1.14712339131835,0.968457706481365,0.810209000632818,0.66452838695008,0.525272501222099
North America,USA,NEWEc_Cool_5A,Small Multi-Family - High Rise (<20 Units),MFS,NEWEc_Cool_5A.MFS.CO2,kgCO2/sqm,42.8934867568368,40.1804018411423,37.0446348643648,34.05952767496,31.211887391755,28.5416715574062,25.7863925143687,23.2697598707267,20.8846961758272,18.6303025629013,16.4316141488141,14.5712730172886,12.7504058720245,11.0389010220231,9.43229109070383,7.9312446829359,6.51274798496394,5.20102979504255,4.08264820979706,3.18458713683335,2.46304119900581,2.0634624964478,1.76163583014229,1.49645068852552,1.26556965353857,1.04926829750857,0.893933745310787,0.744610518714266,0.612351168612488,0.490595839336385,0.374210098009331
North America,USA,NEWEc_Cool_5A,Leisure,LEI,NEWEc_Cool_5A.LEI.CO2,kgCO2/sqm,28.4053250089258,26.6235052893994,24.408175028561,22.3168747647746,20.3392073479597,18.4990106590134,16.627173709516,14.929204638326,13.3349214666021,11.8421056982617,10.4027117789539,9.18978754896226,8.0165961166949,6.92501543984103,5.9109771039518,4.97355872548843,4.0977657859616,3.29684127720964,2.62010384465968,2.08079751208072,1.65087297373233,1.41140858644175,1.23087568884357,1.07355648343948,0.937679894572753,0.811848458003006,0.721470729072688,0.635689552641488,0.560434106005429,0.49195283971269,0.427366917138132
North America,USA,NWPPc_Cold or very cold_6B/7,Office,OFF,NWPPc_Cold or very cold_6B/7.OFF.CO2,kgCO2/sqm,38.9251603837479,36.4716979467481,33.4213166309769,30.5417174294083,27.818584069248,25.2847399302791,22.7073289871559,20.369324030931,18.174088546162,16.1185677923802,14.1366058271112,12.4664794924435,10.851062916381,9.34801961841615,7.95174762775525,6.66097687574873,5.45506077987691,4.35223417202136,3.42040596724973,2.67781241835226,2.08583125773148,1.75610268150225,1.50751934950412,1.29089992563772,1.10380574141757,0.930543149453634,0.806098257166316,0.687982551144419,0.58436016472797,0.490065431851139,0.40113436140717
North America,USA,NWPPc_Cold or very cold_6B/7,Retail High Street,RHS,NWPPc_Cold or very cold_6B/7.RHS.CO2,kgCO2/sqm,60.3273109356436,56.5221242556366,51.7911488892852,47.325047285151,43.101615683469,39.1717613594678,35.1743372938808,31.5482188813664,28.143528147101,24.9555273549091,21.8816122393614,19.2913372113981,16.785914040782,14.4547757072017,12.2892338589121,10.2873186885768,8.41700847065113,6.70658443672915,5.26136961730531,4.10964744772559,3.19151689343682,2.68012582122648,2.29458660549357,1.95862167124531,1.66844877641515,1.39972792822036,1.20672067472205,1.02352964457783,0.862816964165005,0.716570966620202,0.578643717525669
North America,USA,NWPPc_Cold or very cold_6B/7,Enclosed Retail Mall,ERM,NWPPc_Cold or very cold_6B/7.ERM.CO2,kgCO2/sqm,73.7482262587203,69.0907521469469,63.3001307805914,57.8337097213842,52.6643120014164,47.8542471304223,42.961478216594,38.523180163769,34.3559052606078,30.4538546106462,26.6914425987272,23.5209965997177,20.4544076154,17.6011398646591,14.9505589748005,12.5002539401508,10.2110307946104,8.11750521280313,6.34859052517853,4.93890510370973,3.81513125306116,3.1891985774513,2.71730611399241,2.3060916019827,1.95092565106874,1.62201658588754,1.38577948055025,1.16155724070885,0.964848061527381,0.785845819378739,0.617025562716657
North America,USA,NWPPc_Cold or very cold_6B/7,Strip Shopping Center,SSC,NWPPc_Cold or very cold_6B/7.SSC.CO2,kgCO2/sqm,125.66801409021,117.723719648332,107.84660599579,98.5224836506224,89.7049966203058,81.5004267820932,73.154787932644,65.5843440168472,58.4761866645016,51.8204246470475,45.4028454792349,39.9949879316133,34.764280204853,29.8974363771864,25.3763173058377,21.1968105172831,17.2920625197874,13.7211175731609,10.7038642758148,8.29935148845179,6.38252057508872,5.31486172041741,4.5099506066564,3.80853840687188,3.20272872933494,2.6417056520843,2.23875394953971,1.85629610845055,1.52076753623854,1.2154418418261,0.927483649361483
North America,USA,NWPPc_Cold or very cold_6B/7,Retail Store,RST,NWPPc_Cold or very cold_6B/7.RST.CO2,kgCO2/sqm,31.1507410387995,29.1856429297727,26.7424432846366,24.4360313908082,22.2549406449386,20.2254608978815,18.1610863657367,16.2884638021766,14.5301922937433,12.8838251493328,11.2963748377332,9.95868894020432,8.66482276518646,7.46096184680698,6.34261929256348,5.3087778423325,4.34290063797614,3.45959284854387,2.71324604676696,2.11846653977016,1.64431986372081,1.380224114029,1.18112156072377,1.00762046537426,0.857767579071055,0.718993091759254,0.619319088675312,0.524714440546348,0.44171820121985,0.366192935997514,0.294963690451421
North America,USA,NWPPc_Cold or very cold_6B/7,Hotel,HOT,NWPPc_Cold or very cold_6B/7.HOT.CO2,kgCO2/sqm,66.0877307385106,61.9215020812999,56.7416444802491,51.8517922722296,47.2276349705267,42.9249100111071,38.5482041888735,34.5780340723764,30.850301033531,27.3598178124514,23.9942448928582,21.1582005778029,18.4150589951037,15.8627386634066,13.4917268667616,11.2998668994759,9.25209876532972,7.37938706276101,5.79704803373388,4.53604868953374,3.53080449312245,2.97089184776426,2.54877207700388,2.18093027196518,1.86322532562468,1.56900782916875,1.35768774997287,1.15711527253284,0.981153925293019,0.821031882089504,0.670017883011059
North America,USA,NWPPc_Cold or very cold_6B/7,Shipping/Distribution Warehouse,SDW,NWPPc_Cold or very cold_6B/7.SDW.CO2,kgCO2/sqm,37.8375449347716,35.4435431020126,32.4670889487141,29.6572779395036,27.0001407619551,24.5277053086392,22.0127589093965,19.7314164010325,17.5893832911631,15.5836788721278,13.6497505161206,12.0201003344684,10.4438339994142,8.97721753291387,7.61478473008695,6.35529630288528,5.1786060466444,4.10250686509343,3.1932618746677,2.46866536556872,1.89103109568442,1.56929361810924,1.32673479861307,1.11536522966157,0.932805344836396,0.763741838318052,0.64231291577965,0.527059789247245,0.425948731154508,0.333939267336224,0.247163475532204
North America,USA,NWPPc_Cold or very cold_6B/7,Refrigerated Warehouse Cool,RFW,NWPPc_Cold or very cold_6B/7.RFW.CO2,kgCO2/sqm,78.149861622184,73.2281588564909,67.1090229235976,61.3324798876346,55.8698109720913,50.7868606409469,45.6165142864255,40.9264219150389,36.5227284270934,32.3993059420937,28.423444099313,25.0731317911113,21.8325685323253,18.8174286854744,16.0164745667315,13.4271583888182,11.0080626265436,8.79576677717249,6.92649770526302,5.43683775845586,4.24930976881672,3.587866568757,3.08920261770157,2.65465901048425,2.27934372135049,1.93177492828479,1.68213557725571,1.44519272121971,1.23732380171948,1.04816637236927,0.869768574726457
North America,USA,NWPPc_Cold or very cold_6B/7,Self Storage,SST,NWPPc_Cold or very cold_6B/7.SST.CO2,kgCO2/sqm,7.05111183098709,6.60545264867312,6.05136613712466,5.52830134256748,5.03365778564187,4.57339766914104,4.10522386053609,3.68053695222078,3.2817834044285,2.90840833882938,2.54839485930804,2.2450247626461,1.9515924200402,1.67857212144022,1.42494629686605,1.19048424469888,0.971435616474242,0.771112678213973,0.601850744738666,0.466962340171132,0.359431922745973,0.299538375792973,0.254384456660369,0.215036621593582,0.181051898657611,0.149579615285435,0.126974822930132,0.10551969560871,0.0866972073148812,0.069569040640444,0.053415156424132
North America,USA,NWPPc_Cold or very cold_6B/7,Inpatient Healthcare,IHC,NWPPc_Cold or very cold_6B/7.IHC.CO2,kgCO2/sqm,156.552779381254,146.695617538523,134.44024249868,122.871010810434,111.930404650894,101.750296985331,91.3951529984277,82.0018593025203,73.1821638672258,64.9237938039384,56.9609574616449,50.2509686187921,43.7607846267559,37.7220775239934,32.1123405331769,26.9264709586052,22.0815179866336,17.6507428526171,13.9069800439688,10.9234965047623,8.54512134805015,7.22038619374338,6.22166451047714,5.35136273322991,4.59968313712942,3.90357408547912,3.40359763371924,2.92904965904146,2.5127308199864,2.13388726042466,1.7765930377809
North America,USA,NWPPc_Cold or very cold_6B/7,Outpatient Healthcare,OHC,NWPPc_Cold or very cold_6B/7.OHC.CO2,kgCO2/sqm,52.8362404624774,49.5012267312738,45.3548157570981,41.4405504588944,37.7389705972769,34.294693289928,30.79119523076,27.6131238997935,24.6291204055796,21.8350324117079,19.1409335458706,16.8707156794936,14.6748652839317,12.6317649039495,10.7337997298653,8.97924334585082,7.34003066512602,5.84094845996597,4.57430593421512,3.56489179160255,2.76020643367287,2.31200339102127,1.97410181443308,1.67964906792057,1.42533024730494,1.1898128354263,1.02065376524959,0.860098015337422,0.719243166146602,0.591067480967183,0.470182670754253
North America,USA,NWPPc_Cold or very cold_6B/7,Large Multi-Family - Low Rise (>20 Units),MFL,NWPPc_Cold or very cold_6B/7.MFL.CO2,kgCO2/sqm,55.2204207073946,51.7257893739906,47.6867158205203,43.8417019555586,40.1737544827811,36.7343413381032,33.1853612010013,29.9437732800836,26.871654795275,23.9678479472168,21.1357930491876,18.7395516446367,16.3941553236457,14.1896248124593,12.1202058370088,10.1867596042223,8.35964281241547,6.67006374300325,5.22951490212753,4.07275333276612,3.14335483578721,2.62867125694215,2.23989871273368,1.8983228557871,1.60093293832201,1.32232260369239,1.12224151145288,0.929903400894466,0.759544682548554,0.602715832026457,0.452803362995284
North America,USA,NWPPc_Cold or very cold_6B/7,Large Multi-Family - High Rise (>20 Units),MFH,NWPPc_Cold or very cold_6B/7.MFH.CO2,kgCO2/sqm,62.8363319532911,58.8603660205487,54.2649688766687,49.8903603187129,45.7172064711377,41.8040642288786,37.7662637358143,34.078194262402,30.5829361731749,27.2791721987652,24.0570429611005,21.3307541820662,18.6623136567659,16.154141156169,13.7996898387114,11.59993953004,9.52116399514281,7.59887000194095,5.95990652644487,4.64381788838915,3.58640827650581,3.00083452625944,2.55851422294642,2.16989126358436,1.83154021370966,1.51455536085586,1.28691601048259,1.0680861248124,0.874262972706331,0.695833230779985,0.525272501222099
North America,USA,NWPPc_Cold or very cold_6B/7,Small Multi-Family - High Rise (<20 Units),MFS,NWPPc_Cold or very cold_6B/7.MFS.CO2,kgCO2/sqm,36.8159673242112,34.4906788997366,31.8031247392416,29.2446957150758,26.8040846787974,24.5155378166838,22.1540863088777,19.9971701279413,17.9530170056771,16.0208565554007,14.1364390464873,12.5420069394468,10.981406579725,9.51453674711525,8.13756861230608,6.85107521271093,5.63533222845366,4.51110529933952,3.55258028625443,2.7828841350747,2.16447281766569,1.82200814715356,1.56332326438484,1.33604252703043,1.13816261734524,0.952778431076237,0.819646720359391,0.69166710265501,0.578312325574069,0.473960170525005,0.374210098009331
North America,USA,NWPPc_Cold or very cold_6B/7,Leisure,LEI,NWPPc_Cold or very cold_6B/7.LEI.CO2,kgCO2/sqm,45.4520507159644,42.5845837909304,39.0194721349265,35.6539608707924,32.4713179556373,29.5099054831604,26.4975746154972,23.7650478070824,21.1993818118314,18.7970064233588,16.4806023503321,14.5286539719643,12.6406472382336,10.8839759809884,9.25209293636038,7.74351372057012,6.33410778586701,5.04518696344744,3.9561193190029,3.08821834440676,2.39634453671189,2.01097658800505,1.72044657137637,1.46727414701417,1.24860913831994,1.04610970555512,0.900665615096714,0.762618716461899,0.641510782930374,0.531304478708379,0.427366917138132
North America,USA,NWPPc_Cool_5B,Office,OFF,NWPPc_Cool_5B.OFF.CO2,kgCO2/sqm,40.5972036430782,38.0372545339059,34.8544787089403,31.8498973875962,29.0085729334813,26.3647533467153,23.6754760428053,21.2359955703644,18.9454811370032,16.800745418545,14.7327611319756,12.990146956123,11.3046170851663,9.73633778581922,8.27946394713697,6.93267037617634,5.67441437485821,4.52372221435233,3.55145023385127,2.77662618710459,2.15895149931475,1.81491184243748,1.55553934514265,1.32951807300355,1.13430351295861,0.9535208723679,0.823674747011473,0.700432511120646,0.592312642727032,0.493925272377532,0.40113436140717
North America,USA,NWPPc_Cool_5B,Retail High Street,RHS,NWPPc_Cool_5B.RHS.CO2,kgCO2/sqm,59.7526561293608,55.9840672333091,51.2985937644771,46.8754465369283,42.6926353437326,38.8005778406552,34.8416004728607,31.2503575893066,27.8784127217767,24.7210737010179,21.6767230959019,19.111360991753,16.630034650971,14.3213168986333,12.1766029464168,10.1939419323324,8.34162011157128,6.64764671056948,5.216331776796,4.07568671924349,3.16638662361401,2.65991404333358,2.27808289296258,1.94534922517091,1.65796717499773,1.39183084850281,1.20067991332982,1.01925079036849,0.860083823333559,0.715244400517561,0.578643717525669
North America,USA,NWPPc_Cool_5B,Enclosed Retail Mall,ERM,NWPPc_Cool_5B.ERM.CO2,kgCO2/sqm,63.7018983377122,59.6842402246529,54.6890998644774,49.9736231080089,45.5143663970037,41.365079532598,37.1444500132037,33.3158588601081,29.7210593137809,26.3550490955476,23.1094947925947,20.3745857444183,17.7292664540507,15.2679635992444,12.9815036939621,10.8678069421015,8.89306361072493,7.08713407965511,5.56122233533013,4.34519108437619,3.37579457889934,2.8358487988389,2.42878210586157,2.07405778947574,1.76768241734758,1.48395691668542,1.28017265506929,1.08675272842925,0.917066282367451,0.762654299999943,0.617025562716657
North America,USA,NWPPc_Cool_5B,Strip Shopping Center,SSC,NWPPc_Cool_5B.SSC.CO2,kgCO2/sqm,105.085880288434,98.4523910081627,90.2049968545959,82.4193506808391,75.0567452131711,68.2059258648699,61.2373138314332,54.9159899014429,48.9806754510235,43.4231113000678,38.0644299311389,33.5488665499181,29.1812233454079,25.1174066533433,21.3422702816944,17.852380313298,14.5919140537638,11.6101734854617,9.09076568276228,7.08299646978273,5.48244183161899,4.59094622816871,3.91884510153391,3.33316561264249,2.82731427100014,2.35885975988473,2.02239491472414,1.70304245270477,1.42287595040845,1.16792886408199,0.927483649361483
North America,USA,NWPPc_Cool_5B,Retail Store,RST,NWPPc_Cool_5B.RST.CO2,kgCO2/sqm,30.8341873679999,28.8892494712041,26.4711149478257,24.1883648513691,22.029650215949,20.0209911812172,17.9777953518054,16.124384281115,14.3841511223228,12.7546742852658,11.1835098451151,9.85954745150118,8.57895522782803,7.38744488446544,6.28057556055934,5.25734043219803,4.30137229514951,3.42712648202184,2.68843655490814,2.09975897281605,1.63047663283921,1.3690902778278,1.17203034504718,1.00030922133801,0.851993696440535,0.714642915712947,0.615991481958674,0.522357395948494,0.440212626475591,0.365462185354244,0.294963690451421
North America,USA,NWPPc_Cool_5B,Hotel,HOT,NWPPc_Cool_5B.HOT.CO2,kgCO2/sqm,85.2934481762798,79.9040735716058,73.2034828676811,66.8780390481493,60.896294410422,55.3303501151998,49.6687052197257,44.5329491768947,39.7108063168799,35.1955664734859,30.8419088335863,27.1732419247657,23.6247526796453,20.3231071122964,17.2559997075923,14.4206405814805,11.7716766175541,9.34916318343629,7.30227174259713,5.67106078388494,4.3706910755977,3.64639597803828,3.10034779877442,2.6245128300955,2.2135341943878,1.8329385924383,1.55957791975777,1.30012019305787,1.07249907711715,0.865367461382144,0.670017883011059
North America,USA,NWPPc_Cool_5B,Shipping/Distribution Warehouse,SDW,NWPPc_Cool_5B.SDW.CO2,kgCO2/sqm,20.2285453466112,18.956000004865,17.3738488068702,15.8802777234941,14.4678612869648,13.1536241064278,11.8167899898851,10.6041293552019,9.4655194266167,8.39937579195549,7.37138513337196,6.50513527551471,5.66726190608918,4.88767355029311,4.16346461571531,3.49397635171857,2.86849992819726,2.29649326470966,1.81317889909827,1.42801548790872,1.12097069399261,0.949949300963157,0.821015775672747,0.708661074571216,0.611620325543769,0.521753653457196,0.457207416434716,0.395943959037325,0.342197798857212,0.293289643075396,0.247163475532204
North America,USA,NWPPc_Cool_5B,Refrigerated Warehouse Cool,RFW,NWPPc_Cool_5B.RFW.CO2,kgCO2/sqm,77.1771280901808,72.3173753704304,66.2752617142204,60.5714286982452,55.177519032579,50.1585483892641,45.0532817864975,40.4222241540448,36.0739604689303,32.0024399830044,28.0766227763076,24.7684812393402,21.568707327721,18.5915193972959,15.8258212142728,13.2690970606686,10.880450738506,8.69600131465704,6.85026095026952,5.37935152671356,4.20677109019144,3.55365355272918,3.06126634290509,2.63219238668312,2.26160123480667,1.91840733062064,1.67191021917846,1.43794979046813,1.23269734126815,1.04592085851234,0.869768574726457
North America,USA,NWPPc_Cool_5B,Self Storage,SST,NWPPc_Cool_5B.SST.CO2,kgCO2/sqm,4.01086238878277,3.7588262146464,3.44547051582259,3.14965870518937,2.8699201188521,2.60962659529421,2.3448575963947,2.10468199175029,1.87917262809924,1.66801570194121,1.46441522961401,1.29284861201835,1.12690214904126,0.972499425499422,0.829064969249797,0.696468310292725,0.572588492713506,0.45929872116942,0.36357505646551,0.287290849224361,0.226478560177817,0.192606621645972,0.167070468735682,0.144817863596279,0.125598289787897,0.10779959022723,0.0950157733364925,0.0828821330564405,0.0722373441110598,0.0625507545154394,0.053415156424132
North America,USA,NWPPc_Cool_5B,Inpatient Healthcare,IHC,NWPPc_Cool_5B.IHC.CO2,kgCO2/sqm,168.617424875356,157.991907344195,144.781238348957,132.310196878112,120.516781653277,109.54314500255,98.3808281281773,88.2553367916612,78.7481551137696,69.8460535467769,61.2625222521983,54.0294966388262,47.03340943968,40.523991291771,34.4769810374877,28.8868782312158,23.6642661281895,18.8881166021631,14.8525313099183,11.6364882789168,9.07272121020836,7.64472430493159,6.56815328747165,5.63001237641818,4.81974012426156,4.06937008368395,3.53042097864718,3.01888247448493,2.57011200753818,2.16173797980937,1.7765930377809
North America,USA,NWPPc_Cool_5B,Outpatient Healthcare,OHC,NWPPc_Cool_5B.OHC.CO2,kgCO2/sqm,49.0557859163823,45.9615363051658,42.1144665240897,38.4827831628359,35.0484308720095,31.8528057327572,28.6022351560759,25.6535978271638,22.8850180262921,20.2926431860176,17.793038974437,15.6867145882167,13.649388873727,11.7537857170484,9.99284004325266,8.3649500713769,6.84407681302203,5.45321761292392,4.27801761114151,3.34147594442754,2.5948831095528,2.17903711842692,1.86552961703199,1.59233425117988,1.35637542904605,1.13786068851537,0.980913692396374,0.831948918399773,0.701262781107812,0.582340462940718,0.470182670754253
North America,USA,NWPPc_Cool_5B,Large Multi-Family - Low Rise (>20 Units),MFL,NWPPc_Cool_5B.MFL.CO2,kgCO2/sqm,48.3123769023364,45.2585364505564,41.7289263061617,38.368898378112,35.1636027979166,32.1580156588091,29.0566816206092,26.2239672720954,23.5393465477596,21.0018076857938,18.5269704328355,16.432975892267,14.3834131552668,12.4569482981894,10.6485528550123,8.95897940542215,7.36232366791662,5.88585750699945,4.62701046325537,3.61615554422177,2.80398554541016,2.35422092562895,2.01448571216116,1.71599409179364,1.45611507359066,1.21264689941071,1.03780278144128,0.869724993999803,0.72085425606952,0.583806813281319,0.452803362995284
North America,USA,NWPPc_Cool_5B,Large Multi-Family - High Rise (>20 Units),MFH,NWPPc_Cool_5B.MFH.CO2,kgCO2/sqm,55.9282881482329,52.3931130971146,48.3071793623101,44.4175567412663,40.7070547862732,37.2277385495845,33.6375841554223,30.3583882544137,27.2506279256594,24.3131319373422,21.4482203447484,19.0241784296965,16.651571488387,14.4214646418991,12.3280368567149,10.3721593312398,8.52384485064395,6.81466376593715,5.35740208757271,4.1872200998448,3.24703898612877,2.72638419494624,2.3331012223739,1.98756249959089,1.6867223489783,1.40487965657419,1.202477280471,1.00790771791774,0.835572546227297,0.676924212034847,0.525272501222099
North America,USA,NWPPc_Cool_5B,Small Multi-Family - High Rise (<20 Units),MFS,NWPPc_Cool_5B.MFS.CO2,kgCO2/sqm,46.6726198086499,43.7183946459201,40.3039192442601,37.0534943418283,33.9527544680472,31.0452086105179,28.0450390868153,25.3047269652939,22.7076777017687,20.2529125377751,17.8588036765578,15.8331145614763,13.8504078988836,11.9867837031351,10.2373775351456,8.60291742569556,7.05834408257726,5.63003977088404,4.41225591105956,3.4343747529468,2.64869747713989,2.21360403396777,1.8849508734181,1.59619595328476,1.34479410470643,1.10926778372033,0.940127024398898,0.777531880089328,0.633517257540384,0.500940258065285,0.374210098009331
North America,USA,NWPPc_Cool_5B,Leisure,LEI,NWPPc_Cool_5B.LEI.CO2,kgCO2/sqm,30.7700106189899,28.837592223296,26.4350231520999,24.1669670427341,22.0221479822327,20.0264186194664,17.9963747742284,16.1548940494787,14.4258627141406,12.8068747657473,11.2458238592842,9.93038376793669,8.65803467417625,7.47419404360053,6.37444960103033,5.35780100344626,4.40798640177022,3.53936808011097,2.80543307569775,2.22054479178831,1.75428320675801,1.49457938709388,1.29878792260197,1.12817216210313,0.980811339348303,0.844344681066736,0.746328263338235,0.653296896851858,0.571680890551101,0.497411615554148,0.427366917138132
North America,USA,NWPPc_Mixed mild_4C,Office,OFF,NWPPc_Mixed mild_4C.OFF.CO2,kgCO2/sqm,43.7652373236426,41.0035270685842,37.5699023125821,34.3285163734702,31.263254312298,28.4110633686832,25.5098319800227,22.8780850387981,20.4070448226828,18.0932728000933,15.862301336225,13.9823438703445,12.1639697811294,10.4720873103864,8.90039066759021,7.44745021535937,6.0900253783271,4.84864197398594,3.7997408494929,2.96384942176915,2.29749300341411,1.92633802805136,1.64652321333777,1.40268818439466,1.19208788359918,0.997056946981321,0.856977062310335,0.724021549446224,0.607380266129948,0.501238542964873,0.40113436140717
North America,USA,NWPPc_Mixed mild_4C,Retail High Street,RHS,NWPPc_Mixed mild_4C.RHS.CO2,kgCO2/sqm,59.7496216107919,55.9812259727689,51.2959927809718,46.8730723780348,42.6904756847136,38.7986177712919,34.8398434248888,31.2487847048344,27.8770127549232,24.7198356465224,21.675641159575,19.1104106104554,16.629211515242,14.3206121568851,12.1760081883261,10.1934488476185,8.34122201627476,6.64733548438207,5.21609395025764,4.07550738643349,3.16625392086867,2.6598073131459,2.27799574356161,1.94527913877535,1.65791182591897,1.39178914723314,1.20064801452306,1.01922819547777,0.860069390727212,0.715237395460913,0.578643717525669
North America,USA,NWPPc_Mixed mild_4C,Enclosed Retail Mall,ERM,NWPPc_Mixed mild_4C.ERM.CO2,kgCO2/sqm,57.5307461957309,53.9061074925481,49.3996067979091,45.1454121714678,41.1223733744135,37.3789822405469,33.5712274049459,30.1171605626065,26.8740151283425,23.8372781614363,20.9092137496023,18.4418417366669,16.0552955417639,13.8347647408013,11.7719732257583,9.86504465244768,8.08347665777592,6.45420858933088,5.07756612487037,3.98049071117089,3.10592348976884,2.61879683116495,2.25155062737615,1.93152651134873,1.6551217003201,1.39915108215395,1.21530161040511,1.04080260318808,0.887715396040729,0.748408458572551,0.617025562716657
North America,USA,NWPPc_Mixed mild_4C,Strip Shopping Center,SSC,NWPPc_Mixed mild_4C.SSC.CO2,kgCO2/sqm,58.1737511148106,54.5279336500557,49.9951014748055,45.7160495919442,41.66950418183,37.9042404160165,34.0742368714015,30.5999879187614,27.3378927878462,24.2834121688285,21.3382390785512,18.856450212558,16.4559594297991,14.2224540688187,12.1476096643025,10.2295389085852,8.43756121328583,6.79877333258246,5.41408714710249,4.31060152247829,3.43092420537359,2.94095126602208,2.57155924290474,2.24966522617668,1.97164538201799,1.71417912769731,1.52925542360528,1.35373681880321,1.19975512320463,1.05963421539193,0.927483649361483
North America,USA,NWPPc_Mixed mild_4C,Retail Store,RST,NWPPc_Mixed mild_4C.RST.CO2,kgCO2/sqm,30.8756394806044,28.9280616416293,26.5066448873202,24.220796322643,22.0591515773061,20.0477661091401,18.0017969681179,16.1458701882787,14.4032749412548,12.7715863499617,11.1982893053289,9.87252984448091,8.59019942164407,7.3970717935252,6.28870007151176,5.26407606508957,4.30681035416421,3.43137789214617,2.69168531158057,2.10220869380642,1.63228937809616,1.37054823290621,1.17322082277877,1.00126661510414,0.852749775598804,0.71521256315019,0.616427225849981,0.5226660465411,0.440409778679436,0.365557875787635,0.294963690451421
North America,USA,NWPPc_Mixed mild_4C,Hotel,HOT,NWPPc_Mixed mild_4C.HOT.CO2,kgCO2/sqm,57.5821541673384,53.9576163658626,49.4512411219653,45.1971649226377,41.1742381178441,37.4309511914825,33.6233023551257,30.1693316661603,26.9262765136975,23.8896240826497,20.961641181477,18.4943378545731,16.1078580956945,13.8873891092647,11.8246550176514,9.91777952890009,8.13626112903397,6.50703841571062,5.13043427384889,4.03338940023661,3.15884652479918,2.67173342669482,2.30449744620603,1.98448223892298,1.70808512237636,1.45212162985071,1.2682772760535,1.0937831264924,0.940700180945119,0.801397121465605,0.670017883011059
North America,USA,NWPPc_Mixed mild_4C,Shipping/Distribution Warehouse,SDW,NWPPc_Mixed mild_4C.SDW.CO2,kgCO2/sqm,32.3725812694006,30.3266241364553,27.7828927480762,25.3815775954067,23.1107402521643,20.9977523328406,18.8484337926053,16.8987573496681,15.0681372305966,13.3540260688787,11.7012560248314,10.3085275950814,8.96142196320759,7.70802508611606,6.54366544655385,5.46728392660919,4.46166321651604,3.54200945262832,2.76495228905359,2.14569904705007,1.65204238458148,1.37707973494048,1.16978459417818,0.98914434931022,0.833125379969121,0.688640658884621,0.584865312176969,0.48636791209291,0.399956578695523,0.321323631877537,0.247163475532204
North America,USA,NWPPc_Mixed mild_4C,Refrigerated Warehouse Cool,RFW,NWPPc_Mixed mild_4C.RFW.CO2,kgCO2/sqm,81.8121125135115,76.6571736111922,70.2480560007324,64.1977665308818,58.4762254619018,53.1523975820027,47.7370320407978,42.8246793913734,38.2122978731034,33.8934692094163,29.7291939861215,26.220112663118,22.8259813221144,19.6679560547604,16.7342666310582,14.0222445258285,11.4885094656152,9.17137442510509,7.21352196703785,5.65326805155341,4.40946392058171,3.71667537848813,3.19438008296597,2.7392437506354,2.34614252597857,1.98210268491063,1.72063309533285,1.47246167898471,1.25474199319139,1.05662052230186,0.869768574726457
North America,USA,NWPPc_Mixed mild_4C,Self Storage,SST,NWPPc_Mixed mild_4C.SST.CO2,kgCO2/sqm,6.08309127198647,5.69908198260877,5.22164456855457,4.77093750803027,4.3447200568291,3.94812964137153,3.544720267836,3.17878207034749,2.83518976348761,2.51346522755948,2.20325391379375,1.94185026755288,1.68900964441244,1.45375738211932,1.23521667539167,1.03318873652758,0.844442018403314,0.671830587470914,0.525983363017776,0.409754633892708,0.317099347475135,0.265491124607805,0.226583535385255,0.192678850410309,0.163395375902773,0.136276784718158,0.116799007543637,0.0983118574451509,0.0820931624403636,0.0673344064806142,0.053415156424132
North America,USA,NWPPc_Mixed mild_4C,Inpatient Healthcare,IHC,NWPPc_Mixed mild_4C.IHC.CO2,kgCO2/sqm,165.079811670257,154.679592531073,141.749036243085,129.542424771196,117.999071482478,107.258114575048,96.3324781291977,86.4216828683702,77.1160869238783,68.402741260999,60.0012110588367,52.9215510613085,46.073805549189,39.7024099904982,33.7836176496077,28.3120447097211,23.2001703759644,18.5252920402498,14.5752753684854,11.4274237758107,8.9180175978816,7.52029925603147,6.46655533554562,5.54830631569548,4.75521468885333,4.02075513574464,3.49323364977364,2.99254156340558,2.5532866108113,2.15357155065776,1.7765930377809
North America,USA,NWPPc_Mixed mild_4C,Outpatient Healthcare,OHC,NWPPc_Mixed mild_4C.OHC.CO2,kgCO2/sqm,55.7545083833599,52.2336402266392,47.8561570915447,43.7237567009687,39.8158943307517,36.1796735317496,32.4809317130149,29.1257520793321,25.9754553402151,23.0256577568786,20.1814215190984,17.7846884202934,15.4664671601169,13.3095084041279,11.305772982749,9.45343827004658,7.72287516151817,6.14025175248357,4.803021475697,3.73735446556884,2.88782541373748,2.4146448070574,2.05791257234912,1.74705049428484,1.4785589349301,1.22991655361747,1.05133054719923,0.881827308890177,0.733122867707361,0.597804177954562,0.470182670754253
North America,USA,NWPPc_Mixed mild_4C,Large Multi-Family - Low Rise (>20 Units),MFL,NWPPc_Mixed mild_4C.MFL.CO2,kgCO2/sqm,46.4817944007351,43.5447603991654,40.150154436588,36.9186443342336,33.8359482167505,30.9453218852099,27.9626108810678,25.2382451227093,22.65630855032,20.2158281010045,17.8356509846614,15.8217497144865,13.8505807742719,11.997801338867,10.2585752762222,8.63362638057735,7.0980411841989,5.67804842909174,4.46735106993639,3.49516037604303,2.71405509591154,2.28149353879728,1.95475286938744,1.6676782654434,1.41773936889371,1.18358361742025,1.01542711823204,0.853778143958847,0.710601568088567,0.578796057731107,0.452803362995284
North America,USA,NWPPc_Mixed mild_4C,Large Multi-Family - High Rise (>20 Units),MFH,NWPPc_Mixed mild_4C.MFH.CO2,kgCO2/sqm,54.3537623090967,50.9190551548762,46.9492416017499,43.170160099268,39.5651087435983,36.1846729243962,32.6965489124087,29.5105461095994,26.4911067663063,23.6370929365313,20.8536006904605,18.498448827436,16.19327018207,14.0265418505026,11.992608230061,10.09231576013,8.2965294474427,6.63592242951197,5.22007539510097,4.08314939090848,3.1696877515699,2.66382970768377,2.28172363938597,1.94600495331197,1.65371452846896,1.3798816636271,1.18323146125228,0.994191467805899,0.826753975017046,0.672614346688433,0.525272501222099
North America,USA,NWPPc_Mixed mild_4C,Small Multi-Family - High Rise (<20 Units),MFS,NWPPc_Mixed mild_4C.MFS.CO2,kgCO2/sqm,37.5565724844399,35.1840272661862,32.4418539920381,29.8314300619842,27.3412185326132,25.006161574815,22.596718331554,20.3959671828396,18.3102707743599,16.3388430628759,14.416128571672,12.7892928503168,11.1969764382572,9.70029543708415,8.29534320425851,6.98270442302257,5.74225391651098,4.59517934424391,3.61717424499029,2.83183557312108,2.20085629391006,1.85143172021315,1.58748958934132,1.35558982975205,1.15368841031066,0.964536664642048,0.828699320622863,0.698118775507445,0.582460291381819,0.475987389409642,0.374210098009331
North America,USA,NWPPc_Mixed mild_4C,Leisure,LEI,NWPPc_Mixed mild_4C.LEI.CO2,kgCO2/sqm,41.3044480028832,38.7011275991458,35.4644283944752,32.4089427090303,29.5194798292675,26.8308679934431,24.0960282845239,21.6152175271266,19.2858966284965,17.1048242640183,15.0018036732788,13.2296656946039,11.5155791573175,9.92072967998968,8.43917312235209,7.06956183971303,5.78998815224405,4.6198006789336,3.63105622469756,2.84310491622244,2.21496543023268,1.86509696791274,1.60133011725286,1.37147953650101,1.17295760282245,0.989112097767268,0.857066087057341,0.731735850550982,0.621784188453485,0.521729914802812,0.427366917138132
North America,USA,NWPPc_Warm_3B,Office,OFF,NWPPc_Warm_3B.OFF.CO2,kgCO2/sqm,40.5600990395836,38.0025129947199,34.8226751593912,31.8208673380582,28.9821656831163,26.3407865806869,23.6539917226935,21.2167631111255,18.9283630295247,16.7856070959027,14.7195317456636,12.9785261601332,11.294552185528,9.72772054966171,8.27219153715506,6.92664117833762,5.6695466609869,4.51991669330541,3.54854220768308,2.77443339353367,2.157328875285,1.81360679809358,1.55447372504698,1.32866109096214,1.13362673159295,0.953010969712461,0.823284704060795,0.700156231888118,0.592136167901211,0.493839617983434,0.40113436140717
North America,USA,NWPPc_Warm_3B,Retail High Street,RHS,NWPPc_Warm_3B.RHS.CO2,kgCO2/sqm,56.9416760922042,53.3521088261432,48.8892123273136,44.6761806226317,40.6920681196893,36.9848974528885,33.2139858574634,29.7933400256014,26.5815747592629,23.5742207842386,20.6744878656423,18.2309897583549,15.8675354111275,13.668490118857,11.6256578518494,9.73718042113017,7.97285059969996,6.35934707423322,4.99602478692284,3.90956450332052,3.04345945755195,2.56104616029981,2.1973533733338,1.88042576059452,1.60669539928185,1.35320151277786,1.17113093975971,0.99832035764118,0.846714398364111,0.708755373032324,0.578643717525669
North America,USA,NWPPc_Warm_3B,Enclosed Retail Mall,ERM,NWPPc_Warm_3B.ERM.CO2,kgCO2/sqm,47.3156041386506,44.3415326246585,40.6438798539306,37.1532480725154,33.8522831858639,30.7807734855489,27.6564523831773,24.8223376908064,22.1612872409206,19.6695980966117,17.2670764464614,15.2425599583355,13.2843622905639,11.4623827936044,9.76983079419909,8.20516672323366,6.74336292509491,5.40652354665852,4.27696734153696,3.37680017902233,2.65920439272807,2.25950951616345,1.95817838698058,1.69559370331765,1.46879932679433,1.2587715181638,1.10792021364327,0.964741108335931,0.839130712592556,0.724827238963091,0.617025562716657
North America,USA,NWPPc_Warm_3B,Strip Shopping Center,SSC,NWPPc_Warm_3B.SSC.CO2,kgCO2/sqm,81.8168585034408,76.6652930195584,70.2603695685099,64.2140394390962,58.4962425759149,53.1758986362652,47.7640769380244,42.8549389573497,38.2455758051839,33.9295734051085,29.7680233048618,26.2612383426602,22.8693281386012,19.7133694991672,16.7815998968591,14.0713525527942,11.5392755817898,9.22365688632563,7.267085656941,5.70785277961521,4.46486260044135,3.77252742272029,3.25057391991629,2.79573543113419,2.40289145393343,2.0390898424032,1.77779135986488,1.52978234816349,1.31220513924837,1.11421332006477,0.927483649361483
North America,USA,NWPPc_Warm_3B,Retail Store,RST,NWPPc_Warm_3B.RST.CO2,kgCO2/sqm,29.4062963210975,27.5522958835816,25.2472235870821,23.0712056872085,21.0134238499918,19.0986816181971,17.1510173930817,15.3842643560733,13.7253974878325,12.1721084219951,10.6744053003438,9.41234605358905,8.19162916238088,7.05582904169923,6.0007124674499,5.0253196907505,4.11404877189025,3.28067917036958,2.5765274078307,2.01537401750775,1.5680334288602,1.31886844660024,1.13102224225921,0.967330106375571,0.825949217811807,0.695020406160996,0.600981515951023,0.511725382521122,0.43342137148133,0.362165959793479,0.294963690451421
North America,USA,NWPPc_Warm_3B,Hotel,HOT,NWPPc_Warm_3B.HOT.CO2,kgCO2/sqm,51.890761562248,48.6286889393263,44.5729653914178,40.7443101901948,37.1236887171363,33.7547422552583,30.3278702767892,27.2193075187292,24.3005680802367,21.5675904419247,18.9324150387576,16.7118498036923,14.5640255256767,12.5656104207963,10.7091562252077,8.9929742820525,7.38961332467239,5.92331800624296,4.6843786076969,3.69704167142046,2.90995583377954,2.47155557735351,2.14104434979326,1.8530316696188,1.60427513393744,1.37390879561552,1.20844945534972,1.05140526949201,0.913631099913012,0.788258784460173,0.670017883011059
North America,USA,NWPPc_Warm_3B,Shipping/Distribution Warehouse,SDW,NWPPc_Warm_3B.SDW.CO2,kgCO2/sqm,12.0632436022082,11.3107181853017,10.3751059514411,9.49187596715241,8.65663714863902,7.87945707516482,7.08891420185106,6.37180187607031,5.69847976872073,5.0680109305301,4.46010402650968,3.94784327316419,3.45236308400521,2.99135000005815,2.56308578616953,2.16718088718431,1.79730258820781,1.45904387255087,1.17323374654034,0.945465629307817,0.763893308094001,0.66275903737889,0.586513616733014,0.520072158409955,0.46268667459011,0.409543613467314,0.371373905613577,0.33514548427038,0.303362450479881,0.27444039237126,0.247163475532204
North America,USA,NWPPc_Warm_3B,Refrigerated Warehouse Cool,RFW,NWPPc_Warm_3B.RFW.CO2,kgCO2/sqm,83.1095469189015,77.8719788911567,71.3601287764061,65.212858500975,59.3996061734187,53.9904420266952,48.488272950665,43.4971796195575,38.8108656923482,34.4228100131513,30.1917851297243,26.626456327117,23.1779200533682,19.9692744254517,16.9885605469608,14.2330671186104,11.6587185194101,9.30444184724961,7.31520674054428,5.72994333049139,4.46620211597898,3.76230878439658,3.23164155580195,2.76920978936392,2.36980749867846,1.999932419937,1.73427170337953,1.48212231804339,1.26091277765316,1.05961559427163,0.869768574726457
North America,USA,NWPPc_Warm_3B,Self Storage,SST,NWPPc_Warm_3B.SST.CO2,kgCO2/sqm,2.16314492507248,2.0287835076911,1.86173242471553,1.70403405347566,1.55490437760539,1.41614093668159,1.27499160328654,1.14695309940497,1.02673322288624,0.91416468392271,0.805624518467728,0.714161719548198,0.625695045859665,0.543382382394924,0.466916942824333,0.396229173108116,0.330188383797114,0.269793187228067,0.218762547239069,0.178095153981503,0.145675897585082,0.127618641771751,0.114005224129417,0.102142277958283,0.0918962520169306,0.0824076993966125,0.0755925992909657,0.0691241107432007,0.0634493343531529,0.0582853775833794,0.053415156424132
North America,USA,NWPPc_Warm_3B,Inpatient Healthcare,IHC,NWPPc_Warm_3B.IHC.CO2,kgCO2/sqm,169.865168552359,159.160186526995,145.85071960246,133.286411615442,121.404797601888,110.349092996968,99.1032970956249,88.9020807842777,79.3237982511934,70.3551210095297,61.7073965148741,54.4202776566093,47.3718691913177,40.8137694032756,34.7215356942393,29.0896264827037,23.8279563076383,19.0160876455593,14.9503216357052,11.710226954321,9.12728637686141,7.68860998689427,6.6039876748856,5.65883073917549,4.84249874691722,4.08651695372946,3.54353723861583,3.02817311858316,2.57604645575563,2.16461834285272,1.7765930377809
North America,USA,NWPPc_Warm_3B,Outpatient Healthcare,OHC,NWPPc_Warm_3B.OHC.CO2,kgCO2/sqm,60.5249171866224,56.7002381353407,51.94502797157,47.4560484069206,43.2109819411028,39.2609966259096,35.2430954377577,31.5984019454045,28.1762704121852,24.9719388324943,21.8822773423957,19.2787334246789,16.7604760246941,14.4173962496782,12.2407612411135,10.228591101169,8.34870007046531,6.62951425345354,5.17689620622488,4.01927424827139,3.09644049722834,2.5824297835958,2.19491561258054,1.8572296712479,1.56557034269569,1.29547295059313,1.101477002095,0.917347561335468,0.755811617440826,0.608816463147273,0.470182670754253
North America,USA,NWPPc_Warm_3B,Large Multi-Family - Low Rise (>20 Units),MFL,NWPPc_Warm_3B.MFL.CO2,kgCO2/sqm,36.515196619835,34.2141147845526,31.5545384520167,29.022743044444,26.607539122445,24.3428163645396,22.0059479088595,19.8714855376805,17.8486123454053,15.9365659651862,14.0717655153976,12.4939316774595,10.9495773934517,9.49797788819706,8.13534419105137,6.8622433740257,5.65915645026983,4.54663288627185,3.598086257364,2.83640275456733,2.22442918851632,1.88552962481189,1.62953768912945,1.40462297716035,1.20880302598729,1.02534871594032,0.893602925609033,0.76695559425595,0.654780856817792,0.551515022812612,0.452803362995284
North America,USA,NWPPc_Warm_3B,Large Multi-Family - High Rise (>20 Units),MFH,NWPPc_Warm_3B.MFH.CO2,kgCO2/sqm,43.2543979198316,40.5279229008833,37.3766797245381,34.3768398987685,31.515145430528,28.8317510681039,26.062873677788,23.5338204973779,21.1369856083823,18.8714657077839,16.6619259323119,14.7924033115914,12.9625494962288,11.242597720542,9.62805855975238,8.11960391854781,6.69410640127187,5.37591438448962,4.25201316186858,3.34951981683492,2.62441277608942,2.22286200105614,1.91954570565601,1.65305177476873,1.42103125429058,1.20366236901576,1.0475611818775,0.897500988512723,0.764588888346283,0.64223265033294,0.525272501222099
North America,USA,NWPPc_Warm_3B,Small Multi-Family - High Rise (<20 Units),MFS,NWPPc_Warm_3B.MFS.CO2,kgCO2/sqm,30.1762224442526,28.2746051895022,26.076727579619,23.9844483052718,21.9885203980618,20.1169503358304,18.1857589678112,16.4218362717931,14.750131029667,13.1700132204012,11.6289395142811,10.3250154185159,9.04875887305653,7.84915500679911,6.72307260909132,5.67098030903812,4.67674758854124,3.75735655551638,2.97347629154257,2.34401997696558,1.8382841640057,1.5582170894296,1.3466649948858,1.16079516158837,0.998969279403102,0.847362380380825,0.738487474545955,0.633825942358612,0.541124582072866,0.455785552074245,0.374210098009331
North America,USA,NWPPc_Warm_3B,Leisure,LEI,NWPPc_Warm_3B.LEI.CO2,kgCO2/sqm,43.3822195998237,40.6465730845111,37.2453532854957,34.0345580426302,30.9982245022791,28.1729512131588,25.2991002999547,22.6921905650327,20.2444708797285,17.9525351637238,15.7426185731928,13.8804032734336,12.07919015501,10.4032748858651,8.84641118659806,7.40718291208164,6.06256882071399,4.83290101684767,3.79389893439852,2.96589626205309,2.30582860633495,1.93817641938583,1.66100236703838,1.41946853994062,1.21085578704966,1.01766546190257,0.878907586175496,0.747206845740431,0.631666368725759,0.526526361886168,0.427366917138132
North America,USA,NYSTc_Cold or very cold_6A,Office,OFF,NYSTc_Cold or very cold_6A.OFF.CO2,kgCO2/sqm,42.6725036729423,39.9803858577832,36.6332851402934,33.4735790065648,30.4855585985954,27.7052401211313,24.8771169706285,22.3116875189023,19.9029151375151,17.6474479425691,15.4726948119717,13.6401104645123,11.8675576519087,10.2183089907575,8.68621759038437,7.26988983889355,5.94667080104531,4.73656906349029,3.71409923762204,2.89927146921579,2.24970659114306,1.88790436387145,1.61514061312818,1.37744999218948,1.17215661624212,0.98204027148278,0.845490265059235,0.715885103131225,0.602183067871149,0.498716013953742,0.40113436140717
North America,USA,NYSTc_Cold or very cold_6A,Retail High Street,RHS,NYSTc_Cold or very cold_6A.RHS.CO2,kgCO2/sqm,66.218552574489,62.0381730197857,56.8407216570936,51.934260711762,47.294397124747,42.9770576482547,38.5854860275877,34.6018309406367,30.8614363864371,27.3590974861989,23.9820931543364,21.1364160092834,18.383957147448,15.8229676748195,13.4439025648187,11.244597786346,9.18987425936395,7.31080175581272,5.72308819762731,4.45780577779063,3.44914719663264,2.8873327674068,2.46377923626093,2.09468802987994,1.77590397567033,1.48068714817056,1.26864930501478,1.06739556862293,0.890836555918172,0.730170646593494,0.578643717525669
North America,USA,NYSTc_Cold or very cold_6A,Enclosed Retail Mall,ERM,NYSTc_Cold or very cold_6A.ERM.CO2,kgCO2/sqm,80.9500825090319,75.8339469952398,69.4730735027935,63.4683271009499,57.7898544727955,52.5061012796367,47.1314994675649,42.2561241581343,37.6784619712629,33.3921429434406,29.2592139674022,25.7765469721977,22.4079646822369,19.2737111964209,16.362104884213,13.6704973075427,11.155834734478,8.8561417418662,6.91302686091654,5.36451763145668,4.13007613617482,3.44250250418503,2.9241387445476,2.47242841440074,2.08228622763746,1.7209866672324,1.46148526898815,1.21518194304271,0.999101124696299,0.802470997265193,0.617025562716657
North America,USA,NYSTc_Cold or very cold_6A,Strip Shopping Center,SSC,NYSTc_Cold or very cold_6A.SSC.CO2,kgCO2/sqm,137.110204877407,128.437196741973,117.654075888405,107.474671090778,97.8483742172774,88.8912161618756,79.780049126688,71.5151840526503,63.7550101321251,56.4887288346203,49.4824784067886,43.5785692744,37.8680595494429,32.5547902062614,27.6189582360403,23.0560739365675,18.7931514836212,14.8946511448101,11.6006314447597,8.97555767400162,6.8828998266021,5.71730683402377,4.8385628890423,4.0728115992921,3.41143225336742,2.7989476899163,2.35903406134618,1.94149415374395,1.57518823976309,1.24185565107697,0.927483649361483
North America,USA,NYSTc_Cold or very cold_6A,Retail Store,RST,NYSTc_Cold or very cold_6A.RST.CO2,kgCO2/sqm,34.1927553411515,32.0339218260872,29.3498516243582,26.8160548265964,24.4199343581321,22.1903719378309,19.9224745197999,17.8652335440396,15.9336172834814,14.1249378322481,12.3809837159431,10.9114178276301,9.48999176762541,8.16744441686703,6.93884652837834,5.80308055223242,4.74197929188173,3.77158781311322,2.95166005371245,2.29824232974241,1.77735040551243,1.48721794189561,1.2684862342848,1.07787998525311,0.913253378675838,0.760797370058055,0.651296690448323,0.547365144169029,0.456186458352128,0.373215296226871,0.294963690451421
North America,USA,NYSTc_Cold or very cold_6A,Hotel,HOT,NYSTc_Cold or very cold_6A.HOT.CO2,kgCO2/sqm,72.7312439969929,68.1419128784781,62.4360134586673,57.049571006844,51.9558061783383,47.2161168392765,42.3949334911668,38.0215716907042,33.9152677299075,30.070307555331,26.3629429811887,23.2388834301019,20.2171613731081,17.405639470103,14.7938389387336,12.3793840484863,10.1236542758838,8.06075883740835,6.31772494670092,4.92866447812861,3.82133243952047,3.20455771628368,2.73956945973707,2.33437138218244,1.98440182536923,1.66030499267145,1.42752424653017,1.20658257770457,1.01275142896389,0.836368149001038,0.670017883011059
North America,USA,NYSTc_Cold or very cold_6A,Shipping/Distribution Warehouse,SDW,NYSTc_Cold or very cold_6A.SDW.CO2,kgCO2/sqm,41.6973733985002,39.0575523945173,35.7754721204959,32.677146121811,29.7471706991637,27.0208624101122,24.2476780968149,21.7320844207993,19.3701046105569,17.1584518955509,15.0259453015594,13.2289605541784,11.4908411750668,9.87363065330505,8.3713015071018,6.9824871967265,5.68497287944342,4.49837845710195,3.49577102771417,2.69677202196666,2.05982552618909,1.70505163276536,1.43758656333834,1.2045132966074,1.0032079292298,0.816784765551691,0.682887365883258,0.555799900856421,0.444306629950886,0.342849516665056,0.247163475532204
North America,USA,NYSTc_Cold or very cold_6A,Refrigerated Warehouse Cool,RFW,NYSTc_Cold or very cold_6A.RFW.CO2,kgCO2/sqm,89.303149803916,83.6711325558518,76.6688650972131,70.0586345405233,63.8075773317744,57.9910407998232,52.0744949957756,46.7075148289138,41.6682674667653,36.9497406352686,32.4000708277893,28.5662316862382,24.857980896665,21.4076872826014,18.2024913049497,15.2394774723486,12.471250761703,9.93966992989623,7.80062249947208,6.09597048906426,4.73705500013491,3.9801503903486,3.40951780503509,2.91225959839501,2.48277771326417,2.08504677935247,1.79937874986646,1.52823961052179,1.29037044293972,1.07391326228146,0.869768574726457
North America,USA,NYSTc_Cold or very cold_6A,Self Storage,SST,NYSTc_Cold or very cold_6A.SST.CO2,kgCO2/sqm,7.97260965977561,7.46826345686316,6.84121157669435,6.24926653554799,5.68948540765734,5.16861553372373,4.63878984619505,4.15817766959109,3.70691391085355,3.28437062201262,2.8769484514402,2.53362879731752,2.20155555911656,1.89258234285303,1.6055575789508,1.34022018564594,1.09232594654452,0.865623306326837,0.674071966572886,0.521420664052149,0.399730009223989,0.331949327969175,0.280849275361932,0.236319886096979,0.197859855091238,0.162243116458533,0.136661592180661,0.11238112758577,0.0910799833996091,0.0716962790624727,0.053415156424132
North America,USA,NYSTc_Cold or very cold_6A,Inpatient Healthcare,IHC,NYSTc_Cold or very cold_6A.IHC.CO2,kgCO2/sqm,172.162698295438,161.311394519609,147.820006271569,135.083962214964,123.039943579273,111.833123349257,100.433613547437,90.0929612404003,80.3837573229209,71.292491126858,62.5265646415222,55.1398413201524,47.9950912204529,41.3473516143863,35.1718458084485,29.4629564756631,24.1293668159541,19.2517268107778,15.1303876109704,11.8460054824586,9.22775981193626,7.76941877916697,6.66997123579312,5.711895360381,4.8844052806281,4.11809030060859,3.56768883156824,3.04528042318542,2.58697383734822,2.16992209224045,1.7765930377809
North America,USA,NYSTc_Cold or very cold_6A,Outpatient Healthcare,OHC,NYSTc_Cold or very cold_6A.OHC.CO2,kgCO2/sqm,58.1045559316075,54.4340213464235,49.8704584613,45.5623963930048,41.4884170942798,37.6976264119801,33.8416570422049,30.3438541320249,27.0596433579155,23.9844546354235,21.0193145010854,18.5207001426276,16.1039350344698,13.8552874395406,11.7663764561258,9.83530198140201,8.03117542540701,6.38127724700044,4.98720346723363,3.8762366707353,2.99059550865049,2.49730075731415,2.12540441048637,1.80132808670269,1.52142338406269,1.26221161601951,1.07603420641194,0.899325658741263,0.744300031527675,0.603229162454849,0.470182670754253
North America,USA,NYSTc_Cold or very cold_6A,Large Multi-Family - Low Rise (>20 Units),MFL,NYSTc_Cold or very cold_6A.MFL.CO2,kgCO2/sqm,60.9421268571109,57.0824028912195,52.6213575027373,48.3746456902722,44.3234988265142,40.5247618277863,36.6050111065273,33.0247666136919,29.6316964410154,26.4245218310251,23.296595271746,20.6500127012757,18.0595871238731,15.624743949936,13.3391277423929,11.2036896805531,9.18568955492897,7.31959605197664,5.72854957104523,4.4509383079031,3.42444329014145,2.85598946637744,2.42660090918724,2.04933979193445,1.72088082669751,1.41316339297682,1.19217934254014,0.979747201907599,0.791590694034199,0.618377552173618,0.452803362995284
North America,USA,NYSTc_Cold or very cold_6A,Large Multi-Family - High Rise (>20 Units),MFH,NYSTc_Cold or very cold_6A.MFH.CO2,kgCO2/sqm,69.3471665749226,64.9557550234255,59.880188370511,55.0484803328531,50.4392768531402,46.1172533911697,41.6575462337563,37.5841132209398,33.7236383053741,30.0746665772296,26.5158595366125,23.5047029423429,20.5574391212961,17.7871896074448,15.1867234847914,12.7571229602099,10.4611377703618,8.33798475800753,6.52776725098502,5.07416152454823,3.90626399654156,3.25950409603312,2.77096608482066,2.34173621168076,1.96803112114039,1.61792476509533,1.3664995542875,1.12480430236615,0.910728718343457,0.713654990076991,0.525272501222099
North America,USA,NYSTc_Cold or very cold_6A,Small Multi-Family - High Rise (<20 Units),MFS,NYSTc_Cold or very cold_6A.MFS.CO2,kgCO2/sqm,40.6306819523901,38.0619828791776,35.0930961773778,32.266851400995,29.5707577719317,27.0426463592399,24.4339986595858,22.0512969970081,19.7931624037261,17.6587438491572,15.5770659558933,13.8157290685863,12.091765427999,10.4713440041925,8.9502351668978,7.52907193895083,6.1860652632814,4.94415452201561,3.88529133461597,3.03502357024721,2.35187710068545,1.97356330851521,1.68779935268586,1.43672692087206,1.21813298849544,1.01334282894135,0.866274921866195,0.724898427695752,0.599677699046655,0.484401984799369,0.374210098009331
North America,USA,NYSTc_Cold or very cold_6A,Leisure,LEI,NYSTc_Cold or very cold_6A.LEI.CO2,kgCO2/sqm,50.0211484619816,46.8626914497658,42.9357928303147,39.2287500187331,35.7231330070805,32.4611968682192,29.143175143532,26.1333519494936,23.3073225773822,20.6611545168366,18.1096821271456,15.9596503380026,13.880048981418,11.94511100457,10.1476247282949,8.48595513378363,6.93352290914036,5.51380260679939,4.31421655112679,3.35824112375911,2.5961560721743,2.17168104536579,1.85166808888883,1.57280376719592,1.33194866822096,1.10889962524789,0.948695891637863,0.796640015700393,0.663242068348979,0.541852045914381,0.427366917138132
North America,USA,NYSTc_Cool_5A,Office,OFF,NYSTc_Cool_5A.OFF.CO2,kgCO2/sqm,44.8253001386149,41.9960781365785,38.4785162603371,35.1578925999695,32.0176982766906,29.0957837286658,26.1236299110224,23.4275482578993,20.8961019070213,18.5257682697338,16.2402593029874,14.3143450925377,12.4515197031915,10.7182780996169,9.10816034226675,7.61970184537301,6.2290939030633,4.95736409936939,3.88282192611245,3.02649660585191,2.34385068506599,1.9636225925142,1.67696752838016,1.42717179854591,1.21142324072572,1.01162464999871,0.868120424300892,0.731914730166905,0.612422077199517,0.503685652745628,0.40113436140717
North America,USA,NYSTc_Cool_5A,Retail High Street,RHS,NYSTc_Cool_5A.RHS.CO2,kgCO2/sqm,66.4859402191827,62.2885316669911,57.0699082109417,52.1434605371275,47.4846962200865,43.1497698326118,38.7403089123921,34.7404261954897,30.9847949460008,27.468189082786,24.0774283449482,21.2201591833518,18.4564880345861,15.8850662357235,13.4963098780136,11.2880461150615,9.2249525629843,7.33822555808347,5.74404436464134,4.47360774986436,3.46084034456245,2.89673733450824,2.47145843562395,2.10086371666852,1.78078107873286,1.48436166985305,1.2714600793147,1.06938652517025,0.892108289977552,0.730787899563169,0.578643717525669
North America,USA,NYSTc_Cool_5A,Enclosed Retail Mall,ERM,NYSTc_Cool_5A.ERM.CO2,kgCO2/sqm,70.880206489239,66.4053866714097,60.8418587535171,55.5898168309426,50.6231497473663,46.0017233919607,41.300836436022,37.0365971493215,33.0327521733786,29.2837300297056,25.6688702516952,22.6227610845262,19.6764359239691,16.9350660805353,14.388434234592,12.0342239339785,9.8347783003028,7.82335546943354,6.12381311873694,4.76941197564788,3.68970967844588,3.08832449106169,2.63493845032509,2.23985072604369,1.89861348078441,1.58260339295247,1.35563090629973,1.14020209266359,0.951207347394897,0.779225118105032,0.617025562716657
North America,USA,NYSTc_Cool_5A,Strip Shopping Center,SSC,NYSTc_Cool_5A.SSC.CO2,kgCO2/sqm,115.100030159016,107.828774189155,98.7884469283149,90.2542617011633,82.1837897822991,74.6743088771394,67.035710289142,60.1066323301148,53.6006761421743,47.5087884789636,41.634904878926,36.6851995570765,31.8976359712767,27.4431098336555,23.3050187446968,19.4795986385194,15.9056598330887,12.6372443745264,9.87561195878147,7.67480884308173,5.92037132519042,4.94316423932503,4.20644497697112,3.56445622865237,3.00997058280702,2.49647722860999,2.12766348509514,1.77760736864757,1.47050468613686,1.19104610180426,0.927483649361483
North America,USA,NYSTc_Cool_5A,Retail Store,RST,NYSTc_Cool_5A.RST.CO2,kgCO2/sqm,34.3087666867513,32.1425448089409,29.4492886815033,26.9068202517068,24.5024993328228,22.2653064881229,19.9896474485131,17.9253657989449,15.9871388009121,14.1722693494848,12.4223467481002,10.9477514372836,9.52146070787535,8.1943870888762,6.96158446352107,5.82193145719522,4.75719869818233,3.78348616468641,2.9607522955649,2.30509832357677,1.78242370584083,1.49129829678811,1.27181800472713,1.08055942743588,0.915369404977508,0.762391632969154,0.652516199708313,0.548228959504814,0.456738224981595,0.373483103468561,0.294963690451421
North America,USA,NYSTc_Cool_5A,Hotel,HOT,NYSTc_Cool_5A.HOT.CO2,kgCO2/sqm,93.6814259342286,87.7578499369072,80.3930884992406,73.4406589633001,66.865996491811,60.7483490005765,54.525514948718,48.880696494824,43.5805769454303,38.6177810144736,33.8325835123557,29.8002738591335,25.9000540264059,22.2711453182511,18.9000224818546,15.7836190964495,12.8720865893429,10.2094506651146,7.9596688448711,6.16677026379732,4.73750632193407,3.94141820975133,3.3412450680916,2.81824475619862,2.36652941620746,1.94820871338623,1.64775219698492,1.36257670354898,1.11239350461146,0.884730750163072,0.670017883011059
North America,USA,NYSTc_Cool_5A,Shipping/Distribution Warehouse,SDW,NYSTc_Cool_5A.SDW.CO2,kgCO2/sqm,22.2920702196778,20.8881060910958,19.1425623724497,17.4947466477307,15.9364666034333,14.486505020618,13.011612862422,11.6737178771616,10.4175209907016,9.24127416485069,8.10712046374319,7.15141092088957,6.22700837398047,5.36691007281037,4.56791035752277,3.82928244673399,3.13921158396015,2.50813243062765,1.97490503991198,1.54996488633729,1.21121084560935,1.02252766619196,0.880278868808483,0.756321030255055,0.649258652062462,0.550111234814876,0.478899154237725,0.411308873752461,0.352012219663615,0.298053202204526,0.247163475532204
North America,USA,NYSTc_Cool_5A,Refrigerated Warehouse Cool,RFW,NYSTc_Cool_5A.RFW.CO2,kgCO2/sqm,87.8240178666527,82.2862014335639,75.4010535205919,68.9013853216133,62.7548829566418,57.0356334991989,51.2180475193196,45.9408351715904,40.9858739874612,36.3462689797858,31.8726967027041,28.1029821466633,24.4567553586379,21.0641711683978,17.9125851247986,14.9991305008293,12.2772049999801,9.78796725183747,7.68469741269936,6.0085573193467,4.67237097716917,3.92812631282694,3.36703809718073,2.87809700433054,2.45579860991263,2.06472010202614,1.7838301405049,1.51722605969664,1.28333547890804,1.07049874931149,0.869768574726457
North America,USA,NYSTc_Cool_5A,Self Storage,SST,NYSTc_Cool_5A.SST.CO2,kgCO2/sqm,4.6102397671174,4.32003131362272,3.95921615262049,3.61860199918204,3.29649544919211,2.99677902481272,2.69190928947709,2.41535775464348,2.1556937445148,1.91255592830651,1.67811903285953,1.48056769748333,1.2894877203788,1.11169984620563,0.946541444366335,0.793862284454664,0.651220179994628,0.520772042899891,0.410550497156487,0.322712622750638,0.252689974540941,0.213687942662475,0.184284197467195,0.15866131160225,0.136530826520615,0.116036414988551,0.101316417978865,0.0873450704411532,0.0750880690475966,0.063934391620873,0.053415156424132
North America,USA,NYSTc_Cool_5A,Inpatient Healthcare,IHC,NYSTc_Cool_5A.IHC.CO2,kgCO2/sqm,185.430312773134,173.734040360571,159.192105544939,145.46433201451,132.482470496743,120.402998297202,108.115832186457,96.9699746189899,86.5047350243779,76.7055506866268,67.2570395916399,59.2951273654404,51.5940303164463,44.4286449427977,37.7722652409863,31.6188364743739,25.8699311920662,20.6124794231795,16.1702200429843,12.6300898544259,9.80796679547534,8.23606775531731,7.05100850010888,6.0183292329699,5.12640420797497,4.30041786151387,3.70715776566155,3.14407049234517,2.65007651824188,2.20054981419908,1.7765930377809
North America,USA,NYSTc_Cool_5A,Outpatient Healthcare,OHC,NYSTc_Cool_5A.OHC.CO2,kgCO2/sqm,53.9471512658368,50.541387454532,46.3070131518067,42.30970933991,38.529602943526,35.0122576025719,31.4344351812577,28.1889431979774,25.1416360704793,22.2882733733204,19.5370210065019,17.2186419903251,14.9762081009914,12.8897647163954,10.9515354837741,9.15975736254465,7.48576988392952,5.9548856549574,4.66137215733681,3.63054397052499,2.80878775228758,2.35107638261697,2.00600645065254,1.70530708656036,1.44559306269221,1.20507930684061,1.0323316404153,0.868369807925206,0.724526817555342,0.593631971159699,0.470182670754253
North America,USA,NYSTc_Cool_5A,Large Multi-Family - Low Rise (>20 Units),MFL,NYSTc_Cool_5A.MFL.CO2,kgCO2/sqm,53.3183008067244,49.9450406069772,46.0462470685752,42.3347733820168,38.794216440741,35.4742566611415,32.0485352318891,28.9195300595577,25.954108524343,23.1511530381152,20.4174575035664,18.1044393371882,15.8405003669719,13.7125348326877,11.7149883104659,9.84869209688011,8.08503242406188,6.45413368670565,5.06361617366525,3.94702979008154,3.04990999103538,2.55310175395867,2.17783156806027,1.84811889353043,1.56105754808833,1.29212355666529,1.0989914289006,0.913333363330264,0.748891329407205,0.597509260980839,0.452803362995284
North America,USA,NYSTc_Cool_5A,Large Multi-Family - High Rise (>20 Units),MFH,NYSTc_Cool_5A.MFH.CO2,kgCO2/sqm,61.7233405245361,57.8183927391833,53.3050779363489,49.0086080245978,44.909994467367,41.0667482245249,37.1010703591181,33.4788766668056,30.0460503887016,26.8012977843197,23.6367217684329,20.9591295782555,18.3383523643949,15.8749804901964,13.5625840528644,11.4021253765369,9.36048063949475,7.47252239273654,5.86283385360505,4.57025300672667,3.53173069743549,2.95661638361435,2.52219674369369,2.14051531327674,1.80820784253121,1.49688492878379,1.27331164064796,1.05839046378882,0.868029353716464,0.692786698884212,0.525272501222099
North America,USA,NYSTc_Cool_5A,Small Multi-Family - High Rise (<20 Units),MFS,NYSTc_Cool_5A.MFS.CO2,kgCO2/sqm,51.5086390269309,48.2458354540271,44.4747070103733,40.8847646732395,37.4601424520039,34.2488939892895,30.935347017735,27.9088003977374,25.0404809064069,22.3293075507792,19.6851262456947,17.4478473254337,15.2580405143815,13.1997547204783,11.2676173981825,9.46243262345308,7.75652357964769,6.17902824510785,4.83404290716284,3.75401888705149,2.88627506881006,2.40573470281535,2.04275265255866,1.72383634347339,1.4461747555469,1.1860469456151,0.999238884807819,0.819660149753025,0.660602732284926,0.514177634756985,0.374210098009331
North America,USA,NYSTc_Cool_5A,Leisure,LEI,NYSTc_Cool_5A.LEI.CO2,kgCO2/sqm,33.7960128524851,31.6708788042306,29.028707032393,26.5344628914216,24.1757459474235,21.9809870746209,19.7484916147463,17.7233642426977,15.8219005796453,14.041454678017,12.3247237465709,10.878097833264,9.47886028385886,8.17695794358426,6.96753851118157,5.84950188171742,4.80496444921888,3.8497208154338,3.0425921570853,2.3993743066804,1.88661352363827,1.60101003794395,1.38569273995272,1.19806186114672,1.03600508166619,0.885928916684571,0.77813754652015,0.675828375319753,0.586072991983105,0.504397012605705,0.427366917138132
North America,USA,NYSTc_Mixed mild_4A,Office,OFF,NYSTc_Mixed mild_4A.OFF.CO2,kgCO2/sqm,49.0941329483489,45.9930436980025,42.1374702173818,38.4977592543681,35.0558155493813,31.853126686935,28.5953709337153,25.6402158322287,22.8655162643313,20.267411146728,17.7622817213078,15.6513014409283,13.6094723493916,11.7096790842362,9.94484095364177,8.31335263601188,6.78911758544358,5.39518398081954,4.2173862752551,3.27877444361094,2.53053131344361,2.11376612158403,1.79956563208423,1.52576638550201,1.28928599161552,1.0702882383491,0.912994321021132,0.763700270002567,0.632725259435769,0.513540071157033,0.40113436140717
North America,USA,NYSTc_Mixed mild_4A,Retail High Street,RHS,NYSTc_Mixed mild_4A.RHS.CO2,kgCO2/sqm,67.1872926682201,62.9452173958936,57.6710599620332,52.6921874987877,47.9838469445669,43.6027904410105,39.1464062455317,35.1039587795307,31.3083619827606,27.7543341607434,24.3274906449157,21.4398158555601,18.6467351022224,16.0479495201087,13.6337732133103,11.4020102130889,9.31696225243869,7.41015764345166,5.79901197196874,4.51505600685552,3.49151123792748,2.92140532609135,2.49160082210583,2.11706241971115,1.79357362261062,1.49399986680118,1.27883268413793,1.07460876441019,0.895444023003259,0.73240694176855,0.578643717525669
North America,USA,NYSTc_Mixed mild_4A,Enclosed Retail Mall,ERM,NYSTc_Mixed mild_4A.ERM.CO2,kgCO2/sqm,64.6922102243993,60.6114825605747,55.5379280472631,50.7484273215304,46.2191688060919,42.0047460711939,37.7178607380283,33.82916802395,30.1779369978657,26.7590868548898,23.4625835547571,20.6847416635665,17.9978959180901,15.4979553143809,13.1756023602102,11.0287246106532,9.0229815846083,7.18870241276935,5.63883677154375,4.40371615495539,3.41910197779185,2.87068008134028,2.45722321957926,2.09693040964559,1.78574552995309,1.49756608140291,1.29058279650717,1.09412654683044,0.92177634799951,0.764940392738677,0.617025562716657
North America,USA,NYSTc_Mixed mild_4A,Strip Shopping Center,SSC,NYSTc_Mixed mild_4A.SSC.CO2,kgCO2/sqm,65.0819679012719,60.9961899198668,55.9163563642702,51.1209281418482,46.5860642060554,42.3664256922613,38.0742349003278,34.1807295315474,30.5249797338712,27.1018984143982,23.8013153544916,21.0200356000338,18.3298646083214,15.8268300725928,13.5016029692705,11.3520682390633,9.34384290101404,7.50729362121585,5.95550986284543,4.71886065825074,3.73302792040424,3.18392729580089,2.76995873891348,2.40922002980151,2.09765002701378,1.80911392694082,1.60187447907399,1.40517509470822,1.2326115948901,1.07558153910422,0.927483649361483
North America,USA,NYSTc_Mixed mild_4A,Retail Store,RST,NYSTc_Mixed mild_4A.RST.CO2,kgCO2/sqm,34.7190588019913,32.5267068335109,29.8009632552131,27.2278262538928,24.7945031703396,22.5303241463949,20.227214928367,18.1380328439799,16.1764259476475,14.3396646005626,12.5686335260765,11.0762508825919,9.6327554954046,8.28967402681928,7.04200069744773,5.88860060607362,4.81102448885382,3.82556653027128,2.9929084189391,2.32934560902827,1.80036621924092,1.50572910466403,1.28360132760135,1.09003569025442,0.922853060155601,0.768029990999238,0.656829183332883,0.551283976403926,0.45868963323699,0.374430245311469,0.294963690451421
North America,USA,NYSTc_Mixed mild_4A,Hotel,HOT,NYSTc_Mixed mild_4A.HOT.CO2,kgCO2/sqm,63.9759831612357,59.944244428683,54.931597683258,50.1995946739154,45.7247096801634,41.5608808791712,37.3254593897751,33.4834502370127,29.8760520565702,26.4982450383704,23.2413160952915,20.4968220569111,17.8422317600721,15.3723028181321,13.0778295948901,10.9567250052171,8.97506082376723,7.16280208153923,5.63154249973088,4.41124944429908,3.43845551103028,2.89661739198475,2.48812405914635,2.13215654635517,1.82470742556157,1.53998755686136,1.33548909593662,1.1413912937002,0.971110150376229,0.816157002905131,0.670017883011059
North America,USA,NYSTc_Mixed mild_4A,Shipping/Distribution Warehouse,SDW,NYSTc_Mixed mild_4A.SDW.CO2,kgCO2/sqm,36.0449540037855,33.7651161089164,30.9306015825803,28.2547834071046,25.7243584315066,23.3698272185578,20.9748122999809,18.8022612891281,16.7623763612554,14.8523189511684,13.0106147838386,11.4586785285395,9.95758037820037,8.56090316943103,7.26344136694029,6.06401478121612,4.94343792952274,3.91865521667485,3.05276983742116,2.36272751693141,1.81263917537838,1.5062445504711,1.27525275219634,1.0739628674002,0.900108805213573,0.739107512931446,0.623469230893401,0.513712236652545,0.417422911107428,0.329801147652983,0.247163475532204
North America,USA,NYSTc_Mixed mild_4A,Refrigerated Warehouse Cool,RFW,NYSTc_Mixed mild_4A.RFW.CO2,kgCO2/sqm,94.0298461525348,88.0968019054826,80.7202686258523,73.7567263196676,67.1715549011836,61.0441289561506,54.8113483201909,49.1575071828991,43.8489159171774,38.8781874482979,34.0853412817613,30.0465863808027,26.1401324328382,22.5054232734163,19.128912030945,16.0075273832875,13.0913410797429,10.4244491956206,8.17107132189132,6.37530696995289,4.94375849119183,4.14639791098347,3.54526545198071,3.0214291758721,2.56899181363488,2.15000246658866,1.84906570019448,1.56343438196787,1.31285128995781,1.08482463913762,0.869768574726457
North America,USA,NYSTc_Mixed mild_4A,Self Storage,SST,NYSTc_Mixed mild_4A.SST.CO2,kgCO2/sqm,6.95693580708436,6.51727437113723,5.97064483678892,5.4546195246337,4.96663295294292,4.51256708431377,4.05069402720468,3.63172261732959,3.2383355530239,2.86998542359133,2.51481705805956,2.21552976046756,1.92604647318604,1.65670052164091,1.40648803045746,1.17518140283298,0.959080763040377,0.761453800141607,0.594469818488752,0.461396761771166,0.355313504409191,0.296226013558903,0.251679782464992,0.212861496309527,0.179334144738505,0.148285419952671,0.125984846194454,0.104818465110177,0.0862492926129461,0.0693516393072871,0.053415156424132
North America,USA,NYSTc_Mixed mild_4A,Inpatient Healthcare,IHC,NYSTc_Mixed mild_4A.IHC.CO2,kgCO2/sqm,184.481934741085,172.846061256618,158.379220218245,144.72233617954,131.807512303572,119.790417855428,107.56670201638,96.4784010640506,86.0672034095962,76.3186215381133,66.9189020514367,58.9981047161271,51.336775722332,44.2083920173092,37.5863855059308,31.4647327178961,25.7455144764277,20.5152119085991,16.095892119363,12.5740429746422,9.76649320893458,8.20271137174109,7.02377169944084,5.99642513306349,5.10910596141669,4.28738496447798,3.69718843217889,3.13700891156641,2.64556589604799,2.19836052397467,1.7765930377809
North America,USA,NYSTc_Mixed mild_4A,Outpatient Healthcare,OHC,NYSTc_Mixed mild_4A.OHC.CO2,kgCO2/sqm,62.3074346464953,58.3692332019788,53.4728810414844,48.8506616163059,44.4795950082072,40.412368015945,36.2752093025095,32.5223356668524,28.9986299737085,25.6991888737763,22.5178214491566,19.8370003187722,17.2439971419538,14.8313711331145,12.5901302289812,10.518235765291,8.58254665951628,6.81233274687985,5.31659874796836,4.12461677879145,3.17439189385937,2.64512454677407,2.24610835545431,1.89839937278727,1.5980831439978,1.3199688433006,1.120214794827,0.930620107310882,0.764289526611824,0.612931328652234,0.470182670754253
North America,USA,NYSTc_Mixed mild_4A,Large Multi-Family - Low Rise (>20 Units),MFL,NYSTc_Mixed mild_4A.MFL.CO2,kgCO2/sqm,51.0816547122463,47.8511112108419,44.1172687608152,40.5628209895929,37.1720587771648,33.9925606490001,30.7117754603205,27.7151529862839,24.8751932137675,22.1908258378274,19.5727881469856,17.3576297057296,15.18947400628,13.1515389461534,11.2385050993722,9.45116859181588,7.76212625374224,6.20022796975883,4.86854080383009,3.79919522369571,2.94003098341359,2.46424182790979,2.10484866268177,1.78908555074844,1.51416926528316,1.2566133974128,1.07165234984542,0.89384915006365,0.736364368994091,0.591387009281196,0.452803362995284
North America,USA,NYSTc_Mixed mild_4A,Large Multi-Family - High Rise (>20 Units),MFH,NYSTc_Mixed mild_4A.MFH.CO2,kgCO2/sqm,59.7326362800846,55.9547120492613,51.5882102950207,47.4314997117212,43.4662094385137,39.7479796684985,35.9113008387441,32.4069330286925,29.0857727240909,25.946568268374,22.8849323470064,20.2944392158364,17.7589129337766,15.3756717729163,13.1384949879579,11.0483135997188,9.07308126710326,7.24653617629201,5.689208992847,4.43867434548586,3.4339339975513,2.87752750478642,2.45723904660067,2.08797328334612,1.76647540044941,1.46527947054004,1.24897876972622,1.04104873675144,0.856879859245243,0.687337650653395,0.525272501222099
North America,USA,NYSTc_Mixed mild_4A,Small Multi-Family - High Rise (<20 Units),MFS,NYSTc_Mixed mild_4A.MFS.CO2,kgCO2/sqm,41.2731886227539,38.6634922586048,35.6472211383104,32.775868555971,30.0367443765191,27.4682834654422,24.8180008814962,22.3972705084734,20.1030953365731,17.9346107524818,15.8197085881787,14.0302601787555,12.2787815054911,10.6324976172003,9.08711137730938,7.64326591190915,6.27882440333677,5.01709235388118,3.9413293580888,3.07749103760726,2.38344132334198,1.99908951731302,1.70876467377263,1.45368504250111,1.23160227831228,1.02354359974802,0.874128439996722,0.730495529991684,0.603276236895213,0.486160683935713,0.374210098009331
North America,USA,NYSTc_Mixed mild_4A,Leisure,LEI,NYSTc_Mixed mild_4A.LEI.CO2,kgCO2/sqm,45.8908269085817,42.9954158401652,39.3955613278724,35.9972523604766,32.7835938373716,29.793321699933,26.751634955504,23.9924790270586,21.4018100098662,18.976022905036,16.6370449264541,14.6660743494746,12.7596685435825,10.9858781094569,9.33809197859477,7.81481130154553,6.39167037266358,5.09018871198086,3.99050784576074,3.11414897089586,2.41553268930671,2.02640923879455,1.73304793843921,1.47740828892261,1.25661233800119,1.05213950036999,0.9052780228504,0.765885824538274,0.643597665550682,0.532317374828638,0.427366917138132
North America,USA,RFCEc_Cold or very cold_6A,Office,OFF,RFCEc_Cold or very cold_6A.OFF.CO2,kgCO2/sqm,41.0592035321331,38.4698312423972,35.2504736793587,32.2113587266938,29.3373770599204,26.663170313972,23.9429833754075,21.4754643477606,19.1586235239586,16.9892369458098,14.897483954289,13.1348407663887,11.4299379908845,9.84363342500626,8.37001477610086,7.00774161991006,5.73502365394215,4.5711058308282,3.58765888831841,2.80392927866393,2.17915524901479,1.83116131784781,1.5688076816726,1.34018859824203,1.14273030873065,0.959869814225647,0.82853128186075,0.703872541811036,0.594509980584636,0.494991779410178,0.40113436140717
North America,USA,RFCEc_Cold or very cold_6A,Retail High Street,RHS,RFCEc_Cold or very cold_6A.RHS.CO2,kgCO2/sqm,63.6822648015229,59.663412673283,54.6667877981856,49.9499096405343,45.4893276748514,41.3388076762751,37.1169238202556,33.2871948411358,29.6913269497407,26.3243163807592,23.0777975255725,20.3420756847618,17.6959702271043,15.2339358931899,12.9467964706963,10.8324715454227,8.85714133645497,7.05067509787677,5.52430986504283,4.30791721953192,3.33823261733028,2.79812636979351,2.39093869991937,2.03610896236359,1.72964253797687,1.44583271641298,1.24198789177851,1.04851048231585,0.87877360682804,0.724315734480388,0.578643717525669
North America,USA,RFCEc_Cold or very cold_6A,Enclosed Retail Mall,ERM,RFCEc_Cold or very cold_6A.ERM.CO2,kgCO2/sqm,77.8495510642032,72.9308777115625,66.8155082373821,61.0425207868949,55.5832142606101,50.5033925938347,45.3362286977991,40.649023178326,36.2480402576711,32.1271558271804,28.1537412121853,24.8054910926851,21.5669224697194,18.5536385057695,15.7544084340425,13.1666860354774,10.7490792782537,8.53814514417514,6.67002664725858,5.18128361792922,3.99448657710253,3.33345050944374,2.83509349668872,2.40081736033223,2.02573308576594,1.67837822870744,1.42889253602474,1.1920955233716,0.984354551626011,0.795313552709064,0.617025562716657
North America,USA,RFCEc_Cold or very cold_6A,Strip Shopping Center,SSC,RFCEc_Cold or very cold_6A.SSC.CO2,kgCO2/sqm,132.184131501268,123.824848000515,113.431779894237,103.62058990761,94.3425005329154,85.7093455332955,76.9277524481131,68.961848442201,61.4823796346254,54.478938105047,47.7261214710761,42.0357716605305,36.5318255118231,31.4107505558273,26.65346010863,22.2556268719011,18.1469051032313,14.3894233793568,11.2145567010596,8.68443848630688,6.66747736470694,5.54404681796884,4.6970892634544,3.95903713412019,3.32158155149021,2.73125210341719,2.30725126315059,1.90481482979067,1.55175912695342,1.2304840208592,0.927483649361483
North America,USA,RFCEc_Cold or very cold_6A,Retail Store,RST,RFCEc_Cold or very cold_6A.RST.CO2,kgCO2/sqm,32.8831122891046,30.807685426092,28.2273144248042,25.7914110062242,23.4878647843576,21.3444416312671,19.1641645552008,17.1864051981268,15.3294170384469,13.5906160176759,11.9140396649445,10.5012505358666,9.13474135017238,7.86329068933327,6.68215974810176,5.59027415315407,4.57016859858434,3.63726824817694,2.84901844303185,2.22084554890501,1.72007831292801,1.4411551330623,1.23087413705203,1.04763197097575,0.889365722433234,0.742799860126057,0.637529745318983,0.537613600068634,0.449957607812581,0.370192041117177,0.294963690451421
North America,USA,RFCEc_Cold or very cold_6A,Hotel,HOT,RFCEc_Cold or very cold_6A.HOT.CO2,kgCO2/sqm,69.8710894693084,65.4639117345967,59.9844829834125,54.811831756045,49.9202415965376,45.3686734518265,40.7388458455701,36.5390654734197,32.5957432504988,28.9033919176687,25.3431749309923,22.3431112310956,19.4413231870069,16.7413923230974,14.2332557663514,11.914632080465,9.74843361436753,7.76741576869304,6.09356396859464,4.75963616709811,3.69625482034838,3.10396026643922,2.65742768070202,2.26831216486086,1.9322331156958,1.62099988626203,1.39745835156549,1.18528599390102,0.99914812305156,0.829765604302448,0.670017883011059
North America,USA,RFCEc_Cold or very cold_6A,Shipping/Distribution Warehouse,SDW,RFCEc_Cold or very cold_6A.SDW.CO2,kgCO2/sqm,40.0356463232177,37.501654989202,34.3511523758179,31.3770373813627,28.5645238364424,25.9475124679108,23.285504321555,20.8707600774147,18.6034713630496,16.4804831736148,14.4334681598117,12.7085240176325,11.0400853479241,9.48770833401276,8.04560713413045,6.71246999273401,5.46697265378719,4.32794846287876,3.36553527893364,2.59856791508714,1.98715642237727,1.64660531299737,1.3898628418005,1.16613341575387,0.972898323050212,0.793948810750935,0.665419319586523,0.543426754729229,0.436403217205499,0.339013490609397,0.247163475532204
North America,USA,RFCEc_Cold or very cold_6A,Refrigerated Warehouse Cool,RFW,RFCEc_Cold or very cold_6A.RFW.CO2,kgCO2/sqm,84.5014543078137,79.1752404959419,72.5531773860605,66.3018646254684,60.3902230630278,54.8895088696571,49.2942156395233,44.2186481059532,39.4530183645069,34.9906948888031,30.6880599534465,27.0623879981196,23.5554852839814,20.2925333623488,17.2613709326187,14.4592408067936,11.8413213844587,9.44719860422859,7.42429571413358,5.81220173743459,4.52707171607506,3.81126499721267,3.27161623132056,2.80135781206886,2.39519564178807,2.01906043120481,1.74890340979627,1.49248639874876,1.26753288919949,1.06282875309317,0.869768574726457
North America,USA,RFCEc_Cold or very cold_6A,Self Storage,SST,RFCEc_Cold or very cold_6A.SST.CO2,kgCO2/sqm,7.57588791260433,7.09680755039247,6.50116860210231,5.93887777273893,5.40713956600602,4.9123633063091,4.40907988546723,3.9525445644492,3.52388741636198,3.12251195105835,2.73550009308494,2.40937945749428,2.09394183484641,1.80044701024674,1.52780110340738,1.27575611177509,1.04028043817404,0.824934744357588,0.642979403558837,0.497975354987775,0.382380942546061,0.317995817528752,0.269455684638383,0.227157049663174,0.190623721012122,0.156791246520541,0.132491260030701,0.109427155045634,0.0891931177646898,0.0707804638352718,0.053415156424132
North America,USA,RFCEc_Cold or very cold_6A,Inpatient Healthcare,IHC,RFCEc_Cold or very cold_6A.IHC.CO2,kgCO2/sqm,165.442341381543,155.019033974575,142.059772123542,129.826062230876,118.257082940601,107.492281334707,96.5423902056996,86.6095931878057,77.2833390160029,68.5506499089836,60.130468486447,53.0350917926013,46.1721444294452,39.7866045065972,33.8546725711752,28.3709528544229,23.2477302671421,18.5624737998295,14.6036881741181,11.4488484171033,8.93387141022912,7.53305016305248,6.47696695322217,5.55667943985767,4.76182716628174,4.02573712840998,3.49704455583329,2.99524094356247,2.55501085421045,2.15440843502893,1.7765930377809
North America,USA,RFCEc_Cold or very cold_6A,Outpatient Healthcare,OHC,RFCEc_Cold or very cold_6A.OHC.CO2,kgCO2/sqm,55.8364493205362,52.3103626279517,47.9263913053657,43.787865982335,39.8742114838639,36.2326011764214,32.5283771822763,29.1682245917918,26.0132585677761,23.0590888739844,20.2106369859295,17.8103515139383,15.4886942487063,13.328538506598,11.3218332025957,9.46675300931873,7.73362490680463,6.14865577601867,4.80944349256587,3.74219697952433,2.89140877863456,2.4175268364156,2.06026586280608,1.74894303335015,1.48005352304432,1.23104261069719,1.05219190891469,0.882437437475407,0.733512590578752,0.597993335112021,0.470182670754253
North America,USA,RFCEc_Cold or very cold_6A,Large Multi-Family - Low Rise (>20 Units),MFL,RFCEc_Cold or very cold_6A.MFL.CO2,kgCO2/sqm,58.4788272273109,54.776282348027,50.4969035879546,46.4231301228085,42.5369576378883,38.8929161606533,35.132788988524,31.6983423724768,28.4434477986901,25.3668785843819,22.3663302117056,19.8275241130074,17.3425881327311,15.0068987919423,12.8143594652879,10.7658825973141,8.83006125424598,7.03996045826188,5.51370597666328,4.28812272722232,3.30342954573828,2.7581248004025,2.34622218309176,1.98432422609248,1.66924105679334,1.37405476405393,1.16206982119836,0.958288529726476,0.777794297266589,0.611634893877116,0.452803362995284
North America,USA,RFCEc_Cold or very cold_6A,Large Multi-Family - High Rise (>20 Units),MFH,RFCEc_Cold or very cold_6A.MFH.CO2,kgCO2/sqm,66.5441326382796,62.331578059179,57.4627332026826,52.8278148899195,48.4063387889488,44.2603462049703,39.982277618799,36.0747506904814,32.3715083292581,28.8711548820474,25.4572938218204,22.5687780562564,19.7415527872114,17.0841322430479,14.5895800143812,12.2589342310859,10.0564617887696,8.01978227480437,6.283292775027,4.88889068191854,3.76856023194111,3.14814209337319,2.67950165462949,2.26775380399457,1.90926927756654,1.57342233722976,1.33223737638756,1.10038608477243,0.895029544814113,0.705982395237272,0.525272501222099
North America,USA,RFCEc_Cold or very cold_6A,Small Multi-Family - High Rise (<20 Units),MFS,RFCEc_Cold or very cold_6A.MFS.CO2,kgCO2/sqm,38.9883772122469,36.5244708958164,33.6767030223369,30.9657578482107,28.3796541696551,25.9546796978182,23.4524545008118,21.1669576367309,19.0009459984819,16.953603274162,14.9568496008825,13.2673682882388,11.6137355417501,10.0594208993569,8.60036728296673,7.23718189058909,5.94896457245388,4.75771887467709,3.74205311496361,2.92647291051974,2.27119611342287,1.90831602682897,1.63421010951124,1.39338043931795,1.18370427431566,0.987268742831982,0.846200624356938,0.710591731663366,0.590479513192918,0.479906591893224,0.374210098009331
North America,USA,RFCEc_Cold or very cold_6A,Leisure,LEI,RFCEc_Cold or very cold_6A.LEI.CO2,kgCO2/sqm,48.054067928347,45.0208874954022,41.2497448112974,37.6897376062952,34.3231668776078,31.1906116990371,28.0041955051544,25.113753500254,22.3998153458759,19.8586045101775,17.4083333500263,15.3435801088661,13.3464637578372,11.4882728793045,9.76208183709699,8.16632046355371,6.67546368473768,5.3120549618518,4.16004911291137,3.24199135576828,2.51013353476057,2.10249482364003,1.79517481449614,1.52737132667474,1.29606946929302,1.08186741109931,0.928017975064172,0.781993221260651,0.653886350679104,0.53731112442803,0.427366917138132
North America,USA,RFCEc_Cool_5A,Office,OFF,RFCEc_Cool_5A.OFF.CO2,kgCO2/sqm,43.0050269089716,40.2917318350141,36.9183015053065,33.7337398789453,30.7222145258662,27.9200249684637,25.0696546876406,22.4840445576683,20.0563238242366,17.7831142362091,15.5912536411427,13.7442534635969,11.9577570525985,10.2955347520608,8.75139131744695,7.3239221741613,5.99029417432278,4.77067330000332,3.74016032387102,2.91892279938708,2.26424818820691,1.89959988215019,1.62469046433851,1.38513007538104,1.17822178090094,0.986609906112386,0.848985743569575,0.718361056403743,0.603764596162324,0.499483629657003,0.40113436140717
North America,USA,RFCEc_Cool_5A,Retail High Street,RHS,RFCEc_Cool_5A.RHS.CO2,kgCO2/sqm,63.5871376991305,59.5743438881683,54.585251297874,49.8754837139705,45.4216259620506,41.2773627667148,37.0618432931342,33.2378875329593,29.6474403208725,26.2855054346118,23.0438806239546,20.3122828141773,17.6701662931368,15.2118434133063,12.9281517952697,10.8170141609978,8.84466171203527,7.04091867532558,5.51685439922436,4.30229543466156,3.33407260731305,2.79478055619528,2.38820671136794,2.03391187060883,1.72790743655534,1.44452545107267,1.24098791732218,1.04780217012905,0.878321168660146,0.724096137623116,0.578643717525669
North America,USA,RFCEc_Cool_5A,Enclosed Retail Mall,ERM,RFCEc_Cool_5A.ERM.CO2,kgCO2/sqm,67.7898129336171,63.5118096297178,58.1929829991461,53.1719422395896,48.4237246447158,44.0055630154184,39.5114357103064,35.4347509498525,31.6070075472827,28.0228790750876,24.5670120898192,21.6548802919609,18.8381436892927,16.217347830498,13.7827247854866,11.5320599868794,9.42935282309103,7.50639863358103,5.88160744926831,4.58677708719337,3.55456346012079,2.97962906649559,2.54618435605497,2.16847382052199,1.84224525220818,1.54013427235953,1.32314474265246,1.11719115926604,0.9365089915824,0.772091076433603,0.617025562716657
North America,USA,RFCEc_Cool_5A,Strip Shopping Center,SSC,RFCEc_Cool_5A.SSC.CO2,kgCO2/sqm,110.788754636733,103.792068945257,95.0931139566895,86.8811885459057,79.1154661408322,71.8895511383454,64.5393940726205,57.8719653901488,51.6116809553537,45.7498293819895,40.0977498089247,35.3349505695702,30.7281704236588,26.4418518813624,22.4600194672446,18.7790512505134,15.3400681359298,12.1950714850751,9.53772121595403,7.42002274223824,5.73183463155989,4.79152791376272,4.08262794614891,3.46488136865688,2.93133368439223,2.43723037969906,2.0823434313141,1.74550580225604,1.44999964026108,1.18109370620175,0.927483649361483
North America,USA,RFCEc_Cool_5A,Retail Store,RST,RFCEc_Cool_5A.RST.CO2,kgCO2/sqm,32.812896447065,30.7419413890197,28.1671301672966,25.7364752521456,23.4378923511364,21.2990875107766,19.1235081545058,17.1500101637439,15.2970231515024,13.5619686270211,11.8890046986038,10.4792596264174,9.11569478083626,7.84698364287898,6.66839761773396,5.57886464696889,4.56095705618549,3.63006677343949,2.84351536560097,2.21669596010739,1.71700769899248,1.43868549913886,1.22885758370649,1.04601023916937,0.888084997968041,0.741834932841087,0.636791637600961,0.537090776021941,0.449623651178451,0.370029950841589,0.294963690451421
North America,USA,RFCEc_Cool_5A,Hotel,HOT,RFCEc_Cool_5A.HOT.CO2,kgCO2/sqm,90.0702473862093,84.3766549039994,77.2978311708812,70.6153305062785,64.2959300566742,58.4158009284832,52.4345691199063,47.0089113876405,41.9145695855117,37.1444547737807,32.5450431115908,28.6692883415145,24.9204949895552,21.4324790767486,18.1922404697665,15.1968318019788,12.3983398772246,9.83908109707152,7.67664731313037,5.95335822438019,4.57958561841277,3.81440571817178,3.23753436733178,2.73483960232264,2.30066216203394,1.89858280831032,1.60979155049798,1.33568802818788,1.09521822054297,0.876394498555999,0.670017883011059
North America,USA,RFCEc_Cool_5A,Shipping/Distribution Warehouse,SDW,RFCEc_Cool_5A.SDW.CO2,kgCO2/sqm,21.4036848459969,20.056298919876,18.3810986835935,16.7996881111099,15.3042050300985,13.9126752963049,12.4972196617606,11.2132403655173,10.0076668250004,8.87882144602577,7.79037288539646,6.8731773806929,5.98602723460357,5.1605899442309,4.39378903426714,3.68492701181496,3.02266524201696,2.41701788097836,1.905278964687,1.49746342957892,1.17236080223869,0.991281346384282,0.854765018295678,0.735802543614824,0.63305466091825,0.537902774989678,0.469560462543025,0.404693995648038,0.347786931173343,0.29600240247237,0.247163475532204
North America,USA,RFCEc_Cool_5A,Refrigerated Warehouse Cool,RFW,RFCEc_Cool_5A.RFW.CO2,kgCO2/sqm,83.2403361887315,77.9944386431812,71.4722324679098,65.3151859381288,59.4926885585725,54.074921997745,48.5640025980828,43.5649717279209,38.8712049647596,34.476170781853,30.2384171271881,26.6674182369397,23.2133976154664,19.9996491476922,17.0141949184905,14.2543193166862,11.6758766260333,9.31785585177125,7.32545718343717,5.73767266440195,4.47192167075311,3.76690890892991,3.23539773862303,2.77223054810803,2.37219307168862,2.00172976554127,1.73564655792363,1.48309616914779,1.26153483021372,1.05991751572091,0.869768574726457
North America,USA,RFCEc_Cool_5A,Self Storage,SST,RFCEc_Cool_5A.SST.CO2,kgCO2/sqm,4.35219679260438,4.07842220676238,3.73803921626238,3.41671329461327,3.1128469314575,2.83010279024999,2.54249715877309,2.28160613026819,2.03664632301586,1.80727686760069,1.58611561890447,1.39975118198381,1.21949164452187,1.05177150738127,0.89596566328063,0.751932389031818,0.617367793817868,0.494306648365647,0.390326706798166,0.307462898397271,0.241405479041217,0.204612046610347,0.176873370958057,0.152701452872008,0.131824168579466,0.112490310582911,0.098603874690387,0.0854236938936825,0.0738607795823414,0.0633387104236201,0.053415156424132
North America,USA,RFCEc_Cool_5A,Inpatient Healthcare,IHC,RFCEc_Cool_5A.IHC.CO2,kgCO2/sqm,178.192055608089,166.956762846341,152.987962427466,139.801235140261,127.33102158847,115.727631911648,103.924734065479,93.2181629089519,83.165384851132,73.7524111294607,64.6762897319482,57.0281765853525,49.6305992307806,42.7476198007517,36.3535848428384,30.442678252873,24.9203518545149,19.8701095447715,15.6029308317908,12.2023261194354,9.49143006139468,7.98148353440408,6.84313045894184,5.85115169117383,4.99437968519836,4.20094754781682,3.63106933143705,3.0901747504141,2.61565032709199,2.18384060635401,1.7765930377809
North America,USA,RFCEc_Cool_5A,Outpatient Healthcare,OHC,RFCEc_Cool_5A.OHC.CO2,kgCO2/sqm,51.8413286074805,48.5696773831692,44.5020447934635,40.6621473035886,37.0308944026369,33.652055519899,30.215121030723,27.0974304306448,24.170120538679,21.4291179093781,18.7862046972483,16.5591190956232,14.4049880442791,12.4007048843572,10.5387994812716,8.81757821966904,7.20950922624262,5.7389083450627,4.49633098132815,3.5060948738673,2.7166978732421,2.27701031828204,1.94552859261536,1.65667020513225,1.40718323209594,1.17614045655651,1.01019526902433,0.852689945776144,0.714511222404287,0.588770769397864,0.470182670754253
North America,USA,RFCEc_Cool_5A,Large Multi-Family - Low Rise (>20 Units),MFL,RFCEc_Cool_5A.MFL.CO2,kgCO2/sqm,51.1631585855362,47.9274144564032,44.1875611526079,40.6273913226574,37.2311705575197,34.0465539760293,30.7604872790164,27.759040750475,24.9145091238621,22.2258203712239,19.6035680832396,17.3848436121783,15.2131975493748,13.1719817590621,11.2558682518878,9.46565443535927,7.77389302527362,6.20948034966494,4.87564939300935,3.80458234765615,2.9440349985041,2.46747990306666,2.10750817572989,1.79123673868196,1.51587788457254,1.25790739538922,1.07264859187078,0.894559159060226,0.736820854173726,0.591610105473307,0.452803362995284
North America,USA,RFCEc_Cool_5A,Large Multi-Family - High Rise (>20 Units),MFH,RFCEc_Cool_5A.MFH.CO2,kgCO2/sqm,59.2284639965049,55.4827101675552,51.1533907673359,47.0320760897685,43.1005517085802,39.4139840203463,35.6099759092914,32.1354490684797,28.8425696544301,25.7300966688893,22.6945316933543,20.1260975554273,17.6121622038551,15.2492152101677,13.0310888009811,10.9587060691311,9.00029355979724,7.18930216620743,5.64523619137307,4.40535030235236,3.40916568470694,2.85749719603735,2.44078764726762,2.07466631658405,1.75590610534574,1.45727496856505,1.24281614705997,1.03665671410618,0.85405610172125,0.685957606833464,0.525272501222099
North America,USA,RFCEc_Cool_5A,Small Multi-Family - High Rise (<20 Units),MFS,RFCEc_Cool_5A.MFS.CO2,kgCO2/sqm,49.4266438949915,46.29668899758,42.6791062417546,39.2353323986553,35.9501474791104,32.869648568251,29.6910163460881,26.7876989370432,24.0361662631835,21.4353813453754,18.8988608222819,16.7526752009653,14.6520288091452,12.6775484100183,10.8240802072085,9.09239553782809,7.45594447759911,5.9426786196754,4.65245585529944,3.61640621408211,2.78399355027403,2.32301891960986,1.97481608714137,1.66888481019432,1.40252852256155,1.15299210565602,0.973790142762703,0.801523155585325,0.648941937730754,0.508478700863674,0.374210098009331
North America,USA,RFCEc_Cool_5A,Leisure,LEI,RFCEc_Cool_5A.LEI.CO2,kgCO2/sqm,32.4932632902916,30.4510968714797,27.9120784648003,25.5152124274819,23.248582452553,21.1395094408491,18.9941731209823,17.0481090049746,15.2208806273266,13.5099453412428,11.8602375210634,10.4700895145577,9.12547977679423,7.87440517184631,6.71220283776771,5.63781561896208,4.63405810559837,3.71610826036296,2.94049081491577,2.32238491465214,1.82964289074434,1.55518968716425,1.34827861926801,1.16797306153414,1.01224316145194,0.868026139169859,0.764443065637014,0.666128159839172,0.579876927871833,0.501389670823227,0.427366917138132
North America,USA,RFCEc_Mixed mild_4A,Office,OFF,RFCEc_Mixed mild_4A.OFF.CO2,kgCO2/sqm,46.7999454671844,43.844965110161,40.1710483085012,36.7028235872208,33.4230482511579,30.3712551829225,27.2669897195313,24.4510677734362,21.8070991360091,19.3314046402309,16.9443052547195,14.9327845408644,12.9871569336564,11.1768730857109,9.49518591445338,7.94056573356987,6.48814554494979,5.15988760455071,4.037582245522,3.14319343518113,2.43020403906002,2.03307488345814,1.73367805876652,1.47277895844947,1.24744042016726,1.03876082184153,0.8888778618682,0.746617851734334,0.621813774121095,0.508244037238335,0.40113436140717
North America,USA,RFCEc_Mixed mild_4A,Retail High Street,RHS,RFCEc_Mixed mild_4A.RHS.CO2,kgCO2/sqm,63.9852386159957,59.9470911297687,54.9264764031874,50.1869515171349,45.7049533552069,41.5345058333853,37.2923518211664,33.4442355042478,29.8311030915355,26.4479267935843,23.1858207155977,20.436964096351,17.7781541274431,15.3042990466255,13.0061785846423,10.8817023387845,8.89688815222601,7.08174868764878,5.54805505291133,4.32582224936548,3.35148198655804,2.80878257483789,2.39963991094869,2.04310656087069,1.73516872644427,1.44999627397669,1.24517274728013,1.05076641190558,0.880214593824304,0.725015136604713,0.578643717525669
North America,USA,RFCEc_Mixed mild_4A,Enclosed Retail Mall,ERM,RFCEc_Mixed mild_4A.ERM.CO2,kgCO2/sqm,61.6090683731669,57.7246953872141,52.8952679620582,48.3362263479455,44.0249047227045,40.0132697469266,35.9326588966502,32.2310806063018,28.7555379257834,25.5011945261677,22.3633109372544,19.7191320333194,17.161570762159,14.7819212124918,12.5713142271254,10.5277390068407,8.61850745086131,6.87248932596901,5.39719944519545,4.22150982493477,3.28427288426235,2.76223971396132,2.36867738954585,2.0257209922479,1.72950957117462,1.45519661591949,1.25817286265112,1.07116960930225,0.907112482335095,0.757823091317437,0.617025562716657
North America,USA,RFCEc_Mixed mild_4A,Strip Shopping Center,SSC,RFCEc_Mixed mild_4A.SSC.CO2,kgCO2/sqm,62.1078536410506,58.2114867460301,53.3671473354402,48.7940286152531,44.4693947772761,40.4453729413057,36.3521622517101,32.6391544736214,29.1528802431148,25.8884882979678,22.7409157603962,20.0885723363579,17.5231139972711,15.1361167236816,12.9186839728022,10.8687987366015,8.95367198215517,7.20226261839463,5.72241743545453,4.54309759882475,3.60296672013917,3.07932165046658,2.6845441104298,2.34052875513315,2.04340271209591,1.76824275150598,1.57061064137038,1.38302997178879,1.21846628011483,1.06871592322517,0.927483649361483
North America,USA,RFCEc_Mixed mild_4A,Retail Store,RST,RFCEc_Mixed mild_4A.RST.CO2,kgCO2/sqm,33.0643961639935,30.9774239558185,28.3826986670402,25.9332446164188,23.6168840493671,21.4615372960898,19.2691316059819,17.2803702161057,15.4130518589863,13.6645781013382,11.9786751599284,10.5580268581533,9.18391594941231,7.90539236444469,6.71769093661038,5.61973131597853,4.59395103928802,3.65586107861801,2.86322633645742,2.23155899354337,1.72800605083375,1.44753125551835,1.23608049211068,1.05181897233258,0.892672308055098,0.745291117826943,0.639435398278794,0.538963431763542,0.450819819970426,0.370610527207876,0.294963690451421
North America,USA,RFCEc_Mixed mild_4A,Hotel,HOT,RFCEc_Mixed mild_4A.HOT.CO2,kgCO2/sqm,61.2233222972289,57.3668910475371,52.5722034859043,48.0459567498439,43.765648060854,39.7828702640529,35.7316127618134,32.0566612976509,28.6061194853019,25.3751857853478,22.2598741574629,19.6347158135585,17.095552029655,14.7330201822143,12.5383149131829,10.5094398877664,8.61394214282709,6.8804837742015,5.41580620097566,4.24857375241627,3.31807870483831,2.79980071284192,2.40906942826501,2.06858004359354,1.77449938118711,1.50215966080835,1.30655317250678,1.12089510295048,0.958018099774226,0.809802602742922,0.670017883011059
North America,USA,RFCEc_Mixed mild_4A,Shipping/Distribution Warehouse,SDW,RFCEc_Mixed mild_4A.SDW.CO2,kgCO2/sqm,34.4639300643533,32.2847821348877,29.5754550923789,27.0178155120222,24.5991477818944,22.3486053950402,20.0593672818384,17.9827678676375,16.0329752850482,14.2072763352593,12.4469117795349,10.9635174184671,9.52871587683209,8.1937234835259,6.95356460783501,5.8071111837959,4.7360250633001,3.75650229465043,2.92885909440285,2.26929277290121,1.74349930608665,1.45063672407206,1.22984677226591,1.03744693688154,0.871271209872265,0.717380604971156,0.606849534565981,0.501940002496791,0.409903334072465,0.326151421343232,0.247163475532204
North America,USA,RFCEc_Mixed mild_4A,Refrigerated Warehouse Cool,RFW,RFCEc_Mixed mild_4A.RFW.CO2,kgCO2/sqm,88.7698873286282,83.1718317296248,76.2117886711585,69.6414184913974,63.4280558069783,57.6465935945376,51.7657251763003,46.4311084573676,41.4222482802908,36.7321746557494,32.2099398298298,28.3992191365622,24.7133294844638,21.2838414993101,18.09797318636,15.1528266349679,12.4012926189515,9.88497748254155,7.75882873032749,6.06445594862199,4.71373486125528,3.96139446489336,3.39420285334672,2.89994316534795,2.4730511005991,2.07771852553526,1.7937731039423,1.52426896177385,1.28783416998219,1.07268224860891,0.869768574726457
North America,USA,RFCEc_Mixed mild_4A,Self Storage,SST,RFCEc_Mixed mild_4A.SST.CO2,kgCO2/sqm,6.58072967844281,6.16502751416308,5.64818645895818,5.16028185430724,4.69888802395161,4.26956639398406,3.83286302688266,3.43672338938817,3.06477388310672,2.71649692839047,2.38068339969835,2.0977057100986,1.82399776301313,1.56932977113867,1.33275256511032,1.11405095097261,0.909726677067401,0.72286936032305,0.564985141017798,0.439163876831524,0.338861607690684,0.282994079133376,0.240875386971185,0.204172496407917,0.172472211890997,0.143115481833943,0.12203017387192,0.10201725095602,0.0844600022076654,0.0684831835101627,0.053415156424132
North America,USA,RFCEc_Mixed mild_4A,Inpatient Healthcare,IHC,RFCEc_Mixed mild_4A.IHC.CO2,kgCO2/sqm,176.128964258657,165.025062674119,151.219620448944,138.187105397997,125.862724809652,114.39503102092,102.730162211945,92.1487990956499,82.2135832919922,72.9106896300541,63.9407089713906,56.3820367153059,49.0709703593994,42.2684839605001,35.949224070585,30.1074426019405,24.6496970722614,19.6585148418895,15.4412386678414,12.0804023412198,9.40120886823058,7.90892041708295,6.78387981632314,5.80350174831683,4.95674926607364,4.17259592407173,3.60938215082701,3.07481306369673,2.60583796818629,2.17907804799569,1.7765930377809
North America,USA,RFCEc_Mixed mild_4A,Outpatient Healthcare,OHC,RFCEc_Mixed mild_4A.OHC.CO2,kgCO2/sqm,59.4862794847804,55.7277476888672,51.0547781776627,46.6434348469626,42.4717861743258,38.5901152676993,34.6417030830362,31.060044022578,27.697097745271,24.5481846036882,21.5119583495526,18.9534423366819,16.4787378239033,14.176181265123,12.0371908353125,10.0598208786793,8.21244228376582,6.52298952977422,5.0954942956325,3.95789323727507,3.05101975870833,2.54589878392209,2.16508661286169,1.83324089966223,1.54662577582044,1.2811996779442,1.09055886052339,0.909613911057237,0.750871707287902,0.606418812326076,0.470182670754253
North America,USA,RFCEc_Mixed mild_4A,Large Multi-Family - Low Rise (>20 Units),MFL,RFCEc_Mixed mild_4A.MFL.CO2,kgCO2/sqm,49.101330328926,45.9971480602322,42.4093531512855,38.9939359802645,35.7358018822092,32.6806683703083,29.5282095949767,26.6487986395661,23.9199225957002,21.3405530229237,18.8249186799252,16.6964051487793,14.6130558686742,12.6548337070954,10.8166273049813,9.0992016481116,7.47622542920534,5.97542008281796,4.69582125180821,3.66830263535364,2.84274421169514,2.38556533157491,2.04022966576338,1.7368174836507,1.47265442305563,1.2251727352549,1.04744635453657,0.876597845658833,0.725273009830823,0.585966373288958,0.452803362995284
North America,USA,RFCEc_Mixed mild_4A,Large Multi-Family - High Rise (>20 Units),MFH,RFCEc_Mixed mild_4A.MFH.CO2,kgCO2/sqm,57.4169322025287,53.7867692295565,49.5910490347638,45.5969147094264,41.786713909357,38.2139106418943,34.5272910656394,31.1599852409399,27.9687213540931,24.9522967030225,22.0104067445656,19.5212323535633,17.0848749615768,14.7948465519989,12.6451696838159,10.6367389639844,8.73876144014306,6.98365573870286,5.48723835901573,4.28561432001802,3.32017113331643,2.78552667658623,2.38167643882194,2.02685330869769,1.7179297731597,1.42851414553907,1.2206733453674,1.02087582150086,0.843910112542961,0.680998997766071,0.525272501222099
North America,USA,RFCEc_Mixed mild_4A,Small Multi-Family - High Rise (<20 Units),MFS,RFCEc_Mixed mild_4A.MFS.CO2,kgCO2/sqm,39.6731170849888,37.165518646634,34.2672516854617,31.5082336823126,28.8762709723163,26.4082947517602,23.8616979292335,21.5356726542398,19.3312514206434,17.2476034409917,15.2154416012718,13.4960009419563,11.8130445466357,10.2311674500975,8.74624063062481,7.35888205358832,6.04782094965102,4.835451050876,3.8017746257765,2.97173184639868,2.30483511329938,1.93552012255282,1.65655352158013,1.41145325098174,1.19805892652477,0.998140029973752,0.854570369377994,0.71655674228601,0.594314589873263,0.481780893715071,0.374210098009331
North America,USA,RFCEc_Mixed mild_4A,Leisure,LEI,RFCEc_Mixed mild_4A.LEI.CO2,kgCO2/sqm,43.9163065181752,41.1466458478647,37.7031363682279,34.4524191228499,31.3783327810718,28.5179309462751,25.6083474887326,22.9690242708212,20.4908704207587,18.1704375081121,15.9330435205483,14.0476740305488,12.2240652035234,10.5273121392142,8.95109089397729,7.49396771478923,6.13263512128317,4.88767802070304,3.83575731822102,2.9974595251141,2.32918479899229,1.95696134217983,1.67634099619569,1.4318040146384,1.22059743740951,1.02500504546509,0.884521898630902,0.751183633254868,0.63420656285296,0.52775927875035,0.427366917138132
North America,USA,RFCMc_Cold or very cold_6A/7,Office,OFF,RFCMc_Cold or very cold_6A/7.OFF.CO2,kgCO2/sqm,61.9263151894846,58.0079884807504,53.1363465101378,48.5374538220746,44.1884464699958,40.141745360672,36.0254654512991,32.2915312662983,28.7856084927466,25.5028185268446,22.3375063593978,19.6702144027737,17.0902972129847,14.689846890215,12.4599167510137,10.3984784195491,8.47255806483389,6.71127780739196,5.22309225881948,4.03712580891663,3.09169637916577,2.5651000606781,2.16809756558162,1.82214334946398,1.52334271244461,1.2466319580925,1.04788599896902,0.859248130034476,0.693756962044616,0.543162616375295,0.40113436140717
North America,USA,RFCMc_Cold or very cold_6A/7,Retail High Street,RHS,RFCMc_Cold or very cold_6A/7.RHS.CO2,kgCO2/sqm,96.4876918977557,90.3795751878838,82.7853749240612,75.6163521847754,68.8368653136641,62.5286310843385,56.1119333544361,50.2912584887781,44.8260211391418,39.7086162527577,34.7743426254858,30.6164120134094,26.5946862951558,22.8527240195129,19.3765785733609,16.1630880058892,13.1608507819497,10.4152641652779,8.09539354388143,6.24663971897662,4.77284906109362,3.95195993892273,3.33308924374707,2.79379558974715,2.32800769109385,1.89665479275286,1.58683797445753,1.29277823799264,1.03480093194467,0.800045663287613,0.578643717525669
North America,USA,RFCMc_Cold or very cold_6A/7,Enclosed Retail Mall,ERM,RFCMc_Cold or very cold_6A/7.ERM.CO2,kgCO2/sqm,117.953146309611,110.480413200438,101.189590112949,92.4189336031136,84.1248393001877,76.4072803495357,68.5570260313268,61.4359522450265,54.7497243892114,48.4890383637266,42.4523970132691,37.3655417309708,32.445320923429,27.8673656028834,23.6146133387071,19.6831957676006,16.0102277202375,12.6512486782448,9.81309498457215,7.55131044863688,5.74825972641471,4.74397549060566,3.98684268620761,3.32706525639872,2.75721552734999,2.22949393356303,1.85046083615802,1.49070511551104,1.17509301314171,0.88789099131212,0.617025562716657
North America,USA,RFCMc_Cold or very cold_6A/7,Strip Shopping Center,SSC,RFCMc_Cold or very cold_6A/7.SSC.CO2,kgCO2/sqm,195.900064186071,183.482932541671,168.044755949952,153.470918653826,139.68896507327,126.865016450504,113.820573421812,101.987779534734,90.8775511514658,80.474428033462,70.4435906887354,61.9909735841875,53.8152460967742,46.2082470180001,39.1416244123459,32.6089503804554,26.5057312364715,20.9242546407115,16.2082119925247,12.4498981435389,9.45384330626889,7.78506571415464,6.5269694370422,5.43064456068803,4.4837488265906,3.6068556730532,2.97703204636889,2.37924083961263,1.85480125821293,1.37756953302009,0.927483649361483
North America,USA,RFCMc_Cold or very cold_6A/7,Retail Store,RST,RFCMc_Cold or very cold_6A/7.RST.CO2,kgCO2/sqm,49.8225937327931,46.668349681768,42.7466890223142,39.0445909123501,35.5436499271124,32.2860647768212,28.9724688514093,25.9666603608347,23.1444005356958,20.5017621110769,17.9536930458937,15.8065291129386,13.7297016677206,11.7973446405487,10.0022559716792,8.34280282320034,6.79244133648012,5.37461475202487,4.1766287844579,3.22192850104789,2.46085996947076,2.03695113584057,1.71736503404642,1.43887268023536,1.19833884989905,0.975587324656323,0.815597281500111,0.663744227858988,0.53052421561099,0.409296111306501,0.294963690451421
North America,USA,RFCMc_Cold or very cold_6A/7,Hotel,HOT,RFCMc_Cold or very cold_6A/7.HOT.CO2,kgCO2/sqm,106.865547212638,100.102319972669,91.6936230649874,83.7557050163801,76.2491015152381,69.2642936599913,62.1593893271417,55.714432775674,49.6630352874409,43.996776149071,38.5332895474662,33.9294106575876,29.4763449711683,25.3330480442023,21.4840774550334,17.9259321258551,14.6016975805363,11.5616400509287,8.99295760344482,6.94592038682057,5.31406205849231,4.40513056032903,3.71988446199146,3.12275023808582,2.60700544245539,2.12938888555755,1.78634345201028,1.46074508604864,1.17509907985208,0.915165731633391,0.670017883011059
North America,USA,RFCMc_Cold or very cold_6A/7,Shipping/Distribution Warehouse,SDW,RFCMc_Cold or very cold_6A/7.SDW.CO2,kgCO2/sqm,61.5291325920361,57.6262951989367,52.7739110405873,48.1931979750291,43.8613824378708,39.8306781137621,35.7306700376223,32.0114962566027,28.5194325480212,25.2496195934111,22.0968200424175,19.4400720067263,16.8703533416226,14.4793921032195,12.2582769746943,10.2049875984729,8.28668049055388,6.53236265045404,5.05005996398024,3.86878169095501,2.92708958479568,2.40257492442268,2.00714179742933,1.66255515335124,1.36493568822556,1.0893187835017,0.891358475785275,0.703466300538319,0.538629326322055,0.388630286640795,0.247163475532204
North America,USA,RFCMc_Cold or very cold_6A/7,Refrigerated Warehouse Cool,RFW,RFCMc_Cold or very cold_6A/7.RFW.CO2,kgCO2/sqm,146.608630478712,137.327024680679,125.787236469658,114.893527952981,104.591739752226,95.0060448188549,85.2555338703933,76.4107111291644,68.105994457653,60.3298275766928,52.8319383117497,46.5137432428024,40.402518700496,34.7164094784024,29.4342229616213,24.5511543989719,19.989096444226,15.8170326362249,12.2918667572823,9.48258772162813,7.24308501317701,5.99570065597088,5.05529396346427,4.23580878602517,3.52801948432326,2.87255598347538,2.40177297234357,1.954933678895,1.56292354331492,1.20620051947935,0.869768574726457
North America,USA,RFCMc_Cold or very cold_6A/7,Self Storage,SST,RFCMc_Cold or very cold_6A/7.SST.CO2,kgCO2/sqm,12.7072560850332,11.9013765701531,10.8994293718259,9.95357832776134,9.05912102605372,8.22683883795097,7.38024642668472,6.61229079325189,5.89123010740884,5.21606099012278,4.5650534495162,4.0164733775032,3.48586361270139,2.99216467297403,2.53353650019039,2.10956191971119,1.71345922676934,1.35121794753365,1.04514386615042,0.801226975508964,0.606781165642551,0.498476468963086,0.416825243341345,0.345673081569291,0.284218963445274,0.227308056046377,0.186432113576906,0.147635094950019,0.113598642124548,0.0826260083313629,0.053415156424132
North America,USA,RFCMc_Cold or very cold_6A/7,Inpatient Healthcare,IHC,RFCMc_Cold or very cold_6A/7.IHC.CO2,kgCO2/sqm,252.36630212027,236.407107253772,216.565095775883,197.833981697184,180.120641037522,163.638582145848,146.873131461937,131.664960294312,117.385470887446,104.014792874601,91.1225974430722,80.2588192882997,69.7509152180508,59.9739728352123,50.8915526401674,42.4953931357085,34.6511931689873,27.4775660234058,21.4162431852069,16.5858471804686,12.7351492618178,10.590342591156,8.97336660811507,7.56430831351163,6.34730474364685,5.22027242127375,4.41078772886397,3.64247290130843,2.96843370168083,2.35506868978116,1.7765930377809
North America,USA,RFCMc_Cold or very cold_6A/7,Outpatient Healthcare,OHC,RFCMc_Cold or very cold_6A/7.OHC.CO2,kgCO2/sqm,85.173106962095,79.7786696586749,73.0717845190053,66.7403986711599,60.753034871044,55.1818620101215,49.5148986492195,44.3743181531661,39.5476454435117,35.0281640506301,30.6704166491735,26.9983034489514,23.4464808055484,20.1417337212148,17.0717451212049,14.2337225006906,11.5822701392187,9.15748103183169,7.10866677146503,5.47592347731859,4.1743322209716,3.4493567313164,2.90279560247394,2.42651364146734,2.01514893851134,1.63419581068582,1.36057834703485,1.10087688958621,0.873041949737754,0.665715757628273,0.470182670754253
North America,USA,RFCMc_Cold or very cold_6A/7,Large Multi-Family - Low Rise (>20 Units),MFL,RFCMc_Cold or very cold_6A/7.MFL.CO2,kgCO2/sqm,90.3401945701336,84.6046283903035,77.9754960267004,71.6648642659044,65.6448428481478,59.9999035601279,54.1751373672881,48.8548788695053,43.8127622051602,39.0468871352259,34.3987750046864,30.4659420825758,26.6165586902882,22.9983714092716,19.6019360330883,16.4286660182256,13.4299092745554,10.6568864163101,8.29258459907893,6.39404884455236,4.86867289547772,4.02394810293082,3.38587488619566,2.8252632662452,2.33717185112768,1.87990243979431,1.55151920379941,1.2358441420364,0.956242773490255,0.698847310204008,0.452803362995284
North America,USA,RFCMc_Cold or very cold_6A/7,Large Multi-Family - High Rise (>20 Units),MFH,RFCMc_Cold or very cold_6A/7.MFH.CO2,kgCO2/sqm,102.799768310596,96.2738014164004,88.7311287341024,81.5508482419617,74.7012262093913,68.2783752199089,61.6509159335739,55.5974889942785,49.8605337580364,44.4378881197314,39.1492339688853,34.6744294517037,30.2945743870933,26.1777758579524,22.3132881808344,18.702719596313,15.2907134195281,12.1355488198419,9.44542984930378,7.28526272839111,5.54967941669116,4.58854570154834,3.86254157956119,3.22467379849296,2.66932000838246,2.14903570749093,1.77539898889672,1.41622171889447,1.09808934669367,0.805223007180517,0.525272501222099
North America,USA,RFCMc_Cold or very cold_6A/7,Small Multi-Family - High Rise (<20 Units),MFS,RFCMc_Cold or very cold_6A/7.MFS.CO2,kgCO2/sqm,60.2306467200011,56.4113062215867,51.9969357981931,47.7946564243891,43.7858958450035,40.0269042201412,36.1481650134799,32.6053798540875,29.2478106499198,26.0741920228703,22.9789922911036,20.3601003487985,17.796777840937,15.3874099110836,13.1257076177472,11.0126121882516,9.01572596692785,7.16915700172785,5.59475730030321,4.3305134109291,3.31475839129464,2.75225217847562,2.32735622204848,1.95404230728829,1.62901993805081,1.3245220861154,1.10585014459962,0.895640636082258,0.709452769563383,0.538051919810409,0.374210098009331
North America,USA,RFCMc_Cold or very cold_6A/7,Leisure,LEI,RFCMc_Cold or very cold_6A/7.LEI.CO2,kgCO2/sqm,73.4971259781461,68.8435648723353,63.0578085326853,57.5959801212708,52.4309255030822,47.62490183813,42.7362436146618,38.3016744256647,34.1379006845396,30.2391283668012,26.4798773688316,23.3120950398288,20.2480824693983,17.3972119093778,14.7488579216077,12.3006115260359,10.0133116856182,7.92154499240337,6.15411646950108,4.74561540404314,3.62278569901356,2.99737890465029,2.52588290459172,2.11501387702245,1.7601463210003,1.43151359082437,1.19547496156651,0.971441103440261,0.774897190704203,0.596045338407236,0.427366917138132
North America,USA,RFCMc_Cool_5A,Office,OFF,RFCMc_Cool_5A.OFF.CO2,kgCO2/sqm,66.549216715342,62.336473342133,57.0987841564409,52.1543381885863,47.4785535324299,43.1277899159961,38.7022194622025,34.6877235655746,30.9183714851724,27.388918046881,23.9857694968059,21.1180615821916,18.34429363158,15.763477395041,13.3659939499523,11.1496625116373,9.07903164934362,7.18541167213161,5.58540629384617,4.31032826333389,3.2938608115153,2.72769690636665,2.30086429268052,1.92891564221842,1.60766361371652,1.31016126556008,1.09648185991399,0.893670049832183,0.715744145971264,0.553834387311519,0.40113436140717
North America,USA,RFCMc_Cool_5A,Retail High Street,RHS,RFCMc_Cool_5A.RHS.CO2,kgCO2/sqm,101.081485048661,94.6808054863875,86.7228628455892,79.2104626233308,72.1062560209108,65.4958738321713,58.7718330241928,52.6723630204447,46.9453550622872,41.5828398347671,36.4122273758235,32.0551427367798,27.8407868505715,23.919594345884,20.2769506032201,16.909542222576,13.7635056693928,10.8864126178829,8.45542624699505,6.51812193785856,4.97374055304719,4.11353298388269,3.46501999723677,2.89989558439733,2.41179766078593,1.95978408415004,1.63512784866807,1.32698341812102,1.05664967225743,0.81065023878217,0.578643717525669
North America,USA,RFCMc_Cool_5A,Enclosed Retail Mall,ERM,RFCMc_Cool_5A.ERM.CO2,kgCO2/sqm,107.762280398959,100.938568414884,92.4546710351945,84.4457627736491,76.87202638228,69.8247521480736,62.6563073921047,56.1537124479043,50.048196235639,44.331262734,38.8189151999873,34.1738630023555,29.6809727574852,25.500621589179,21.6172289714575,18.0272625157526,14.6732987496503,11.606053444854,9.01439881337923,6.94905457884291,5.30260225124387,4.38554201703095,3.69416764095882,3.09169313948315,2.57133594641559,2.08944797970106,1.74333462982789,1.41482437976888,1.12662379053422,0.864365812150948,0.617025562716657
North America,USA,RFCMc_Cool_5A,Strip Shopping Center,SSC,RFCMc_Cool_5A.SSC.CO2,kgCO2/sqm,166.552629834784,156.004535132717,142.890125671648,130.50995443932,118.802471929641,107.908794677829,96.8278120207429,86.7761000726607,77.3381924701314,68.5009560625232,59.9799686651711,52.799646489938,45.8545362772737,39.392549002006,33.3896002854386,27.8402297609516,22.6556722188531,17.9143241043719,13.9081441026893,10.7155347679025,8.1704485868794,6.75285678046208,5.68413019727543,4.75282504958217,3.94845684585564,3.20355437626822,2.66853232366231,2.16072114459898,1.71522064347395,1.30982223292922,0.927483649361483
North America,USA,RFCMc_Cool_5A,Retail Store,RST,RFCMc_Cool_5A.RST.CO2,kgCO2/sqm,52.1611197112057,48.8579430007888,44.7511148838409,40.8742163120461,37.2079728191804,33.7965755948139,30.3265229573221,27.1787904288855,24.2232731086217,21.4558582995434,18.78747809291,16.5389323931949,14.3640442305719,12.3404478870073,10.4606012460298,8.7227943726835,7.09923009775141,5.61445857169896,4.35990778759354,3.3601298089164,2.56312621380152,2.11920184906122,1.78452598018663,1.49288416609209,1.2409931476479,1.00772405416971,0.840179826169838,0.681156788611911,0.541646581189621,0.414694498754393,0.294963690451421
North America,USA,RFCMc_Cool_5A,Hotel,HOT,RFCMc_Cool_5A.HOT.CO2,kgCO2/sqm,136.778769917148,128.110472624725,117.33320874589,107.159333007755,97.5382647668858,88.585971893756,79.4797536925693,71.219377773997,63.463418880197,56.201084346022,49.1986394427958,43.2979370858005,37.5905290891489,32.2801457086416,27.3469946916928,22.7865887747232,18.5259817765915,14.629598952579,11.3373684367932,8.71372050470999,6.62219930822111,5.45723942073356,4.57897277552021,3.8136374122923,3.15261730208156,2.54046541658717,2.10079073210775,1.68347761605523,1.31737066529773,0.984219129998302,0.670017883011059
North America,USA,RFCMc_Cool_5A,Shipping/Distribution Warehouse,SDW,RFCMc_Cool_5A.SDW.CO2,kgCO2/sqm,32.8944399252465,30.8152474131951,28.2301945935529,25.7898714782204,23.4821457081506,21.3348335337317,19.1506005686759,17.169252770229,15.3088952961189,13.5669393993514,11.8873210708976,10.4719685809417,9.10298000457692,7.82922242700463,6.64594844490151,5.55208173560367,4.53012530420015,3.59553230185192,2.80585229833468,2.17653964896177,1.6748638222296,1.39543456488034,1.18477203558426,1.00119739540405,0.842643988996665,0.695812197974608,0.590351081348249,0.490253648506889,0.402438613449155,0.322528320319443,0.247163475532204
North America,USA,RFCMc_Cool_5A,Refrigerated Warehouse Cool,RFW,RFCMc_Cool_5A.RFW.CO2,kgCO2/sqm,142.527628711355,133.505927849938,122.289278542768,111.700617308119,101.687301346717,92.37002650016,82.8925508416234,74.295402171451,66.223235438721,58.664817964953,51.3768857350926,45.2356137250056,39.2955166214074,33.768630694196,28.6343567672956,23.8880246328984,19.4537141185598,15.398477075579,11.9720234275008,9.24141025049085,7.06461843734787,5.85216352654901,4.93809024521369,4.14155241629756,3.45358273822537,2.81647362597674,2.35887355229463,1.92454672067309,1.54351371250586,1.19677970101546,0.869768574726457
North America,USA,RFCMc_Cool_5A,Self Storage,SST,RFCMc_Cool_5A.SST.CO2,kgCO2/sqm,7.68983461048587,7.20349737582484,6.5988359832551,6.02802785042892,5.48823513625431,4.98596425041384,4.47505734115768,4.01160664882727,3.57645641420707,3.16900111181205,2.77612698956911,2.44506643983837,2.12485072404835,1.82691018496192,1.55013437273344,1.29427152818961,1.055228985514,0.836621341603649,0.651909831268905,0.50470933306623,0.387363953619621,0.322003554563282,0.272728159740187,0.229788805956609,0.192702088506777,0.158357136419805,0.133689065749559,0.110275597106049,0.0897350646329375,0.0710435049257924,0.053415156424132
North America,USA,RFCMc_Cool_5A,Inpatient Healthcare,IHC,RFCMc_Cool_5A.IHC.CO2,kgCO2/sqm,271.814758939575,254.61695889105,233.234993897717,213.050143890791,193.9620574676,176.200813521514,158.134183531892,141.745694699438,126.357963321473,111.949576877065,98.056808408941,86.3498842163236,75.0264537650439,64.490715490492,54.70340179593,45.6556100031048,37.2026157451363,29.4722379720471,22.9404912847676,17.7352045933277,13.58565109729,11.2743843590027,9.53191364715122,8.01349727276543,6.70204113553818,5.48753898235724,4.61522957083245,3.78728524850613,3.06093335688303,2.39996462257959,1.7765930377809
North America,USA,RFCMc_Cool_5A,Outpatient Healthcare,OHC,RFCMc_Cool_5A.OHC.CO2,kgCO2/sqm,79.078936434414,74.0726158471872,67.8482748710476,61.9724169209239,56.4158294642985,51.2454890154527,45.9862499614078,41.2155217982735,36.7361165155708,32.5418008774176,28.4975828612004,25.0896693238155,21.7933917286393,18.726413203671,15.8773028579012,13.2434691004696,10.7827823232089,8.53245092714305,6.63104389724312,5.11577253391493,3.90782762024006,3.23501236353209,2.72777498591587,2.28576035999736,1.90399235243124,1.55044788072291,1.29651653176977,1.05549996603202,0.844057199030215,0.65164762497307,0.470182670754253
North America,USA,RFCMc_Cool_5A,Large Multi-Family - Low Rise (>20 Units),MFL,RFCMc_Cool_5A.MFL.CO2,kgCO2/sqm,79.0386866595936,74.0242510597289,68.2285970165126,62.7113986150271,57.4482722273823,52.5130690342843,47.420648505518,42.7693041089383,38.3611308776232,34.1944674888844,30.1307607494338,26.692401432388,23.3269995671466,20.1637256130058,17.1943227800534,14.4200268114239,11.7983026259939,9.37393088942098,7.3068918510012,5.64705828328947,4.31346727894961,3.5749494170633,3.01710090603596,2.52697477434503,2.10025090939153,1.70047380927146,1.41337807410894,1.13739271920875,0.892945525636269,0.667912297201884,0.452803362995284
North America,USA,RFCMc_Cool_5A,Large Multi-Family - High Rise (>20 Units),MFH,RFCMc_Cool_5A.MFH.CO2,kgCO2/sqm,91.4982604000564,85.6934240858258,78.9842297239146,72.5973825910845,66.5046555886258,60.7915406940653,54.8964270718038,49.5119142337115,44.4089024304993,39.5854684733899,34.8812197136327,30.9008888015159,27.0050152639518,23.3431300616867,19.9056749277996,16.6940803895112,13.6591067709666,10.8525932929528,8.45973710122606,6.53827216712823,4.99447380016305,4.13954701568082,3.49376759940149,2.92638530659279,2.43239906664632,1.96960707696808,1.63725785920625,1.31777029606681,1.03479209883968,0.774287994178393,0.525272501222099
North America,USA,RFCMc_Cool_5A,Small Multi-Family - High Rise (<20 Units),MFS,RFCMc_Cool_5A.MFS.CO2,kgCO2/sqm,76.3560563392571,71.5077800490031,65.9041719211017,60.5697924748346,55.4810660629295,50.7093967190601,45.7857196236186,41.2885030761868,37.0263999271716,32.9978039037953,29.0687529382281,25.7443277617124,22.4904425047423,19.4319874092471,16.560979283905,13.8786129240267,11.3437626991782,8.99972541420329,7.00118018186044,5.39634718085003,4.10694630642035,3.39290011549728,2.85353658081747,2.37965136359081,1.96706750330643,1.58053749463489,1.30295501937904,1.03611476867246,0.79976762466915,0.582191140893557,0.374210098009331
North America,USA,RFCMc_Cool_5A,Leisure,LEI,RFCMc_Cool_5A.LEI.CO2,kgCO2/sqm,49.3435813980076,46.2282762967329,42.3550282980899,38.6986323627018,35.2409102796474,32.023539818652,28.7508500321265,25.7821480633938,22.9947288630563,20.3847136480433,17.8681003395121,15.7474430138894,13.6962538763678,11.787751678424,10.0148232693011,8.37585596837131,6.84463359931284,5.44430999726284,4.26111309314126,3.31819852629633,2.56652533915936,2.14784963413447,1.8322088032063,1.55715442045757,1.31958996553459,1.09958829423719,0.941573318371355,0.791594881383076,0.660019462032381,0.540287911255614,0.427366917138132
North America,USA,RFCWc_Cold or very cold_6A,Office,OFF,RFCWc_Cold or very cold_6A.OFF.CO2,kgCO2/sqm,54.9359559021458,51.462821082823,47.144684640118,43.0683082905815,39.2134258402931,35.6265022448573,31.9779052436286,28.6682126643757,25.5606253282975,22.6508189281106,19.8451427505014,17.480902793889,15.19411027022,13.0663939724743,11.0898237202149,9.26260159732831,7.55550018888943,5.99433282245418,4.67523172890861,3.62401224725469,2.78600048464161,2.3192349121359,1.96733899033741,1.66069135138189,1.39583980284855,1.15056833182007,0.974403462950712,0.807198224709854,0.660509808821822,0.52702567020434,0.40113436140717
North America,USA,RFCWc_Cold or very cold_6A,Retail High Street,RHS,RFCWc_Cold or very cold_6A.RHS.CO2,kgCO2/sqm,85.4980673755482,80.0898419736702,73.3658141391374,67.0182453668211,61.0155779572766,55.43016526454,49.7487172327851,44.594997492354,39.7559878817771,35.2249547642357,30.8560690277044,27.1745699628397,23.6136689156,20.3004749487439,17.2226395052728,14.3773629427593,11.7191335099897,9.28814667908277,7.23409568110016,5.59717912030331,4.29226101680158,3.56543250098839,3.01747437033946,2.53997503999429,2.12755889520898,1.74563205707062,1.47131523140719,1.21094998104309,0.982532698606135,0.774676583950723,0.578643717525669
North America,USA,RFCWc_Cold or very cold_6A,Enclosed Retail Mall,ERM,RFCWc_Cold or very cold_6A.ERM.CO2,kgCO2/sqm,104.518678517292,97.9015403573704,89.6744754948719,81.9080204333955,74.5635633101363,67.7296307866909,60.7781959294303,54.472453652471,48.5517693667797,43.0079042505921,37.6624316832875,33.1579988725965,28.8011216249855,24.7473219771948,20.9814910715748,17.5002034553448,14.2477740334316,11.2733832620198,8.76018563596374,6.75736544372562,5.16075606881766,4.27145794414325,3.6010135031447,3.01677767616403,2.51217322523287,2.04487342406964,1.70923794290503,1.39067266396833,1.11119675390838,0.85687809559548,0.617025562716657
North America,USA,RFCWc_Cold or very cold_6A,Strip Shopping Center,SSC,RFCWc_Cold or very cold_6A.SSC.CO2,kgCO2/sqm,174.555602666514,163.497826208558,149.749731192859,136.771352645359,124.498167000554,113.078109515475,101.461696066653,90.92428747476,81.0303421275343,71.7660922832196,62.8333725359731,55.3060986772854,48.0254021745834,41.2511730097596,34.9581630519167,29.1406480906487,23.7055737996774,18.7351247242619,14.5353669329085,11.1884913749238,8.52042715566045,7.03433760614958,5.91397037535127,4.93766475540669,4.09442964632556,3.31353364336656,2.75265943575886,2.22031092547927,1.75328393221739,1.32829675426422,0.927483649361483
North America,USA,RFCWc_Cold or very cold_6A,Retail Store,RST,RFCWc_Cold or very cold_6A.RST.CO2,kgCO2/sqm,44.1479673936526,41.3551207354912,37.882784197791,34.6048538387757,31.5050330345282,28.6206855796413,25.6867447820749,23.0253266856388,20.5264271732373,18.1865689461837,15.9304447977849,14.0292920912499,12.1904170720295,10.4794597781709,8.89004332565315,7.4207219589066,6.04799308089813,4.79261392373963,3.73188715310303,2.88657161856132,2.21270248520869,1.83736299016094,1.55439345389424,1.30780935098948,1.09483467516781,0.897604897506088,0.755945707494238,0.621491211731499,0.503534877348902,0.39619647851068,0.294963690451421
North America,USA,RFCWc_Cold or very cold_6A,Hotel,HOT,RFCWc_Cold or very cold_6A.HOT.CO2,kgCO2/sqm,94.4726221393186,88.4986575827028,81.0712482244965,74.0596782456765,67.4290887851634,61.2594018766085,54.9836336439877,49.2907978658458,43.9455931536548,38.9405814839035,34.1146789738343,30.0480687099428,26.1146718810238,22.4548940691894,19.0550949698384,15.9121820778714,12.9758827865726,10.2905973026513,8.02167784245856,6.2135280724911,4.77210617892528,3.9692461889001,3.36396770885202,2.83651852481851,2.38096069420959,1.95908157033531,1.65606923781906,1.36846791541311,1.1161565474507,0.886557192846115,0.670017883011059
North America,USA,RFCWc_Cold or very cold_6A,Shipping/Distribution Warehouse,SDW,RFCWc_Cold or very cold_6A.SDW.CO2,kgCO2/sqm,54.3289415055237,50.8846594659,46.6023955838566,42.5598833930419,38.7370250592621,35.1798995343535,31.5616129503598,28.2794153679407,25.1976440561368,22.3120106314891,19.529642376224,17.1850431471309,14.9172479628499,12.8072074919277,10.8470574332441,9.03501480672478,7.34209500177209,5.79389690386237,4.48575413333988,3.44326757041714,2.61221752107744,2.14932956488529,1.80035698929617,1.49625680018994,1.23360548394826,0.990371585340143,0.815670191520453,0.649853996940283,0.504384182911436,0.372008952713928,0.247163475532204
North America,USA,RFCWc_Cold or very cold_6A,Refrigerated Warehouse Cool,RFW,RFCWc_Cold or very cold_6A.RFW.CO2,kgCO2/sqm,125.8030928995,117.846520079656,107.954140762487,98.6156074335379,89.7844924543499,81.5672419671176,73.2087044381299,65.6265599525151,58.5074165216378,51.8413676294582,45.4138697126328,39.9976540006149,34.758861905007,29.8844960817173,25.3563893528496,21.1704228888086,17.2596398718246,13.6831758181115,10.6612591769434,8.25303007253747,6.33323658337559,5.26392759865776,4.45777244705845,3.75527617314221,3.14853018083861,2.58664000916683,2.18306552088056,1.80001656852741,1.46396941701822,1.15817182364656,0.869768574726457
North America,USA,RFCWc_Cold or very cold_6A,Self Storage,SST,RFCWc_Cold or very cold_6A.SST.CO2,kgCO2/sqm,10.9882780228127,10.2918742959314,9.42603796411066,8.60867732893055,7.83572878396351,7.11650909056076,6.38492316553213,5.72129149934983,5.09818427344728,4.51473441416766,3.95216386964444,3.47810639630183,3.0195780295862,2.59294628720396,2.19662107619922,1.83024189358339,1.48794830440655,1.17491617958887,0.910421143989475,0.699639471846757,0.531608414887138,0.438016515584991,0.367457310669773,0.305970910136207,0.252865109450688,0.20368534091087,0.168362245894914,0.134835660512402,0.105422935458829,0.078657820814972,0.053415156424132
North America,USA,RFCWc_Cold or very cold_6A,Inpatient Healthcare,IHC,RFCWc_Cold or very cold_6A.IHC.CO2,kgCO2/sqm,223.247288132143,209.142582902344,191.606251940597,175.051729928938,159.396714075724,144.829902642444,130.012630097091,116.571678144434,103.951493316772,92.134514222818,80.7404170990082,71.1390311997317,61.8521661207798,53.2113235524523,45.1842983362112,37.7637889769719,30.831100378347,24.4910627283702,19.134077451192,14.8649829035054,11.4617436094238,9.56616766604725,8.13708745271305,6.89176448603218,5.81617910969277,4.82011014603226,4.10468915706728,3.42565401419149,2.829939487011,2.28784868835308,1.7765930377809
North America,USA,RFCWc_Cold or very cold_6A,Outpatient Healthcare,OHC,RFCWc_Cold or very cold_6A.OHC.CO2,kgCO2/sqm,75.3454997411456,70.5769488689154,64.648226152564,59.0514356424532,53.7587522233131,48.8339714332102,43.8245141798293,39.2803665274535,35.0137056942651,31.0185944850959,27.1664521756468,23.9203937604818,20.7806692606774,17.8593535227953,15.1455585534789,12.6368158466386,10.2929966937201,8.14954232347951,6.3384405386622,4.89513532970298,3.74456043715476,3.10369980441572,2.620553110688,2.19953148547686,1.83589513144195,1.49914186733051,1.25727070977289,1.02770096194191,0.826300437655515,0.643029145653837,0.470182670754253
North America,USA,RFCWc_Cold or very cold_6A,Large Multi-Family - Low Rise (>20 Units),MFL,RFCWc_Cold or very cold_6A.MFL.CO2,kgCO2/sqm,79.6668244952795,74.6123084561201,68.7703296859379,63.2090322565154,57.9038376413544,52.9291873144667,47.7960630120053,43.1075403681407,38.6641325593583,34.4641649839992,30.3679769915665,26.9021348304128,23.509833270784,20.3212752328881,17.3281379301998,14.5316669831622,11.8889873272772,9.44523756055907,7.36167665620861,5.68857602040417,4.34432560839443,3.59990476505749,3.03759736470222,2.54355364941156,2.11341897587866,1.71044645296899,1.42105595841516,1.14286464951616,0.896463586817715,0.66963166529576,0.452803362995284
North America,USA,RFCWc_Cold or very cold_6A,Large Multi-Family - High Rise (>20 Units),MFH,RFCWc_Cold or very cold_6A.MFH.CO2,kgCO2/sqm,90.6543442719482,84.9033568539642,78.2564007174802,71.9288015375605,65.8925940657922,60.23247720848,54.3920499450791,49.0574868484543,44.0018134262508,39.2231243302621,34.562514803322,30.6191076586831,26.7593744149289,23.1314589002913,19.7258915156596,16.544089517887,13.537270005789,10.7567913106547,8.38613258632002,6.48249223163781,4.95301499856655,4.10601899132315,3.46623018475321,2.90411124625179,2.4147074979282,1.95620862462515,1.62694246340034,1.31041864492281,1.03006551113548,0.771977987708249,0.525272501222099
North America,USA,RFCWc_Cold or very cold_6A,Small Multi-Family - High Rise (<20 Units),MFS,RFCWc_Cold or very cold_6A.MFS.CO2,kgCO2/sqm,53.1146117662432,49.7493337216073,45.8597659093361,42.1570746934154,38.6248957820016,35.3127920325792,31.8951768975933,28.7735758990139,25.81517144913,23.0188486043637,20.2916218212577,17.9840769562812,15.7254951512264,13.6025650277793,11.6097453055191,9.7478653139199,7.98837899395276,6.36133945687212,4.97411232933918,3.86016812725978,2.96517118532082,2.46953854697475,2.09515636397418,1.76622388947471,1.47984181810282,1.21154420594113,1.01886908727432,0.833650344907449,0.669597430632409,0.518573578020923,0.374210098009331
North America,USA,RFCWc_Cold or very cold_6A,Leisure,LEI,RFCWc_Cold or very cold_6A.LEI.CO2,kgCO2/sqm,64.973851647841,60.8631085070456,55.7522358555978,50.9275063274118,46.3649332009861,42.119511605354,37.8010944184128,33.883798725596,30.205711351868,26.7617141208757,23.4409636454741,20.6426895529257,17.9360809212092,15.4177521975859,13.0783173557332,10.915648412801,8.89515229893278,7.04738122839927,5.48611567022395,4.24191021939095,3.2500537887387,2.69759801741007,2.2811000056545,1.91815708980095,1.60468331377438,1.31438418356102,1.10587844910899,0.907977180669984,0.734359273270857,0.576369723261455,0.427366917138132
North America,USA,RFCWc_Cool_5A,Office,OFF,RFCWc_Cool_5A.OFF.CO2,kgCO2/sqm,58.6620520430886,54.9516150032463,50.3384415350107,45.9835464380772,41.8652788291691,38.0332783857817,34.1353906961076,30.5995631007522,27.279649605837,24.17103044543,21.1736562135727,18.647879368607,16.2048415587732,13.9317488710061,11.8201292946421,9.86806207080198,8.04432281904622,6.37648856464665,4.96725978102507,3.84421564233165,2.94894665751597,2.45028928910258,2.07435004967359,1.74675068571265,1.46380313346953,1.20177346912782,1.01357212118841,0.834942571372806,0.67823165747489,0.535627204171714,0.40113436140717
North America,USA,RFCWc_Cool_5A,Retail High Street,RHS,RFCWc_Cool_5A.RHS.CO2,kgCO2/sqm,88.5210999066588,82.9203479823295,75.9569525919623,69.383417767763,63.1670623929591,57.3828155166814,51.4991145552201,46.1619283973262,41.1506556831978,36.458323066392,31.9339100884202,28.1213539466592,24.4336889714256,21.0025491600002,17.8151463611442,14.8685812684221,12.1157219653088,9.59819483589341,7.47102201583547,5.7758331328673,4.42446146541762,3.67175870136776,3.10429389976793,2.60979614966157,2.18269847068377,1.78717548214235,1.50309329712897,1.2334593472387,0.996910675706878,0.781655125571028,0.578643717525669
North America,USA,RFCWc_Cool_5A,Enclosed Retail Mall,ERM,RFCWc_Cool_5A.ERM.CO2,kgCO2/sqm,94.3717396392964,88.400825043165,80.9772076902222,73.9692174131506,67.3420131477872,61.1754761242196,54.9029119355694,49.2129825898314,43.8705068297454,38.8680504292247,34.0446117456173,29.9800776575203,26.0486889933274,22.3907796521881,18.992716293451,15.8514079908711,12.9166078040152,10.2326932714172,7.96493219015865,6.15770555679432,4.71701956980694,3.91456947361705,3.30960001372277,2.78242011470987,2.32709486555812,1.90543112874293,1.60257349678302,1.31511900696374,1.06293645458012,0.833454320115047,0.617025562716657
North America,USA,RFCWc_Cool_5A,Strip Shopping Center,SSC,RFCWc_Cool_5A.SSC.CO2,kgCO2/sqm,147.872060655419,138.513667018261,126.878408753893,115.894575278749,105.507559147367,95.8425606089447,86.0113825127512,77.0933854910666,68.71996290146,60.8794628582799,53.3195426552446,46.9490763999236,40.7872929632596,35.054141876892,29.7282551968735,24.8047884217396,20.2049880138093,15.9984082210228,12.4440782215291,9.61155768312838,7.35352729989351,6.09582318213812,5.14763639215831,4.32137151545812,3.6077265878854,2.94684035879946,2.47216250329392,2.02162645472272,1.6263731722259,1.26669893598564,0.927483649361483
North America,USA,RFCWc_Cool_5A,Retail Store,RST,RFCWc_Cool_5A.RST.CO2,kgCO2/sqm,45.6795790740116,42.7891893469183,39.1955778508304,35.803162371041,32.5950771071242,29.6099908229881,26.5735790971942,23.8192082107871,21.2330320386807,18.811451833922,16.4765302074436,14.5089777689499,12.6058781306539,10.8351638770758,9.19023540490016,7.66959646404304,6.24892360487074,4.94969902737577,3.85192527308049,2.97708621593003,2.27968150351739,1.89123288694615,1.59838034586032,1.34318403717016,1.12277099969562,0.918652767294839,0.772045983008244,0.632895524396967,0.510819442579612,0.399732138728536,0.294963690451421
North America,USA,RFCWc_Cool_5A,Hotel,HOT,RFCWc_Cool_5A.HOT.CO2,kgCO2/sqm,121.131690453853,113.45990172182,103.921593470664,94.9173077827288,86.4022787717907,78.4791426271673,70.4197764297984,63.1090143785413,56.244681506666,49.8172258751846,43.6197829295889,38.3974260668349,33.346142420149,28.6462413891862,24.2802060412376,20.2440649691166,16.4732578939532,13.024803735479,10.1110484589568,7.78901542719031,5.93793577374356,4.90689982324499,4.12959882338681,3.45224651095855,2.86721735677912,2.32543852998072,1.93630890320871,1.56697015611016,1.2429509070247,0.948098514640352,0.670017883011059
North America,USA,RFCWc_Cool_5A,Shipping/Distribution Warehouse,SDW,RFCWc_Cool_5A.SDW.CO2,kgCO2/sqm,29.0451047702075,27.2110631467169,24.9308055742863,22.7782130931454,20.7425838316038,18.8484543156086,16.9217572204173,15.1740237556704,13.5330150360287,11.9964475453136,10.514867601125,9.26639476205673,8.05881921694328,6.93524629045202,5.89148833028624,4.9265959195187,4.02513507752152,3.20073692420253,2.50416554502803,1.94905312208054,1.50652827534659,1.26004562122524,1.07422163186428,0.912291685908646,0.772432800686669,0.642913472954746,0.549886936724237,0.461591669608979,0.3841306223367,0.313642294346024,0.247163475532204
North America,USA,RFCWc_Cool_5A,Refrigerated Warehouse Cool,RFW,RFCWc_Cool_5A.RFW.CO2,kgCO2/sqm,122.666735516743,114.909906488556,105.265867932926,96.1617714774749,87.5523550147768,79.5413924364822,71.3926897216226,64.0008892852285,57.0604666094341,50.5617638738529,44.2956234703494,39.0153777905611,33.9081016403953,29.156103114372,24.7416711079673,20.6607901917129,16.8481844485185,13.3615048418267,10.4154511509068,8.0676788315244,6.19608031768751,5.15361553284024,4.36769830154788,3.68283766957877,3.09132358023384,2.54353923979441,2.15009618627681,1.77666339051088,1.44905245063928,1.15093167644124,0.869768574726457
North America,USA,RFCWc_Cool_5A,Self Storage,SST,RFCWc_Cool_5A.SST.CO2,kgCO2/sqm,6.57174563386502,6.15661563241922,5.64048594527602,5.15325288122622,4.69249410265579,4.26376338103942,3.82766108234128,3.43206668227181,3.06062911867887,2.71283152429926,2.37748020157276,2.09489199591305,1.82156077410864,1.56724330136174,1.33099171472217,1.11259111642245,0.908548069717014,0.721947939057025,0.564281027935649,0.438632941224196,0.338468725804251,0.282678092019719,0.240617371050224,0.203964997495726,0.172308344516443,0.142992020382927,0.121935733750584,0.101950356158416,0.0844172728007265,0.0684624442265594,0.053415156424132
North America,USA,RFCWc_Cool_5A,Inpatient Healthcare,IHC,RFCWc_Cool_5A.IHC.CO2,kgCO2/sqm,240.45170570607,225.251310419275,206.352711820034,188.512191634648,171.641053577319,155.942654479531,139.974337801371,125.489257866517,111.888704374086,99.1537517184015,86.8745316002725,76.5272851607147,66.5189923339384,57.2069067206893,48.5563213822486,40.5593676244709,33.0881298082624,26.2555816023489,20.4824518253006,15.8817229490646,12.214111206545,10.1712820111793,8.63118714316868,7.28912426096965,6.12998462503364,5.05653844279376,4.28554169727074,3.55375734466122,2.91176616911378,2.32756435229555,1.7765930377809
North America,USA,RFCWc_Cool_5A,Outpatient Healthcare,OHC,RFCWc_Cool_5A.OHC.CO2,kgCO2/sqm,69.9544985167775,65.5292819314189,60.0274255399573,54.8336023316633,49.921990591538,45.3517925973147,40.7030148207367,36.4860444881528,32.5265820038417,28.8191176489739,25.244328474299,22.2319853284004,19.3183200866385,16.6073382389606,14.0889357243902,11.7608217685638,9.58575691836442,7.59663064430378,5.91592766541375,4.57654001504492,3.50880618277058,2.91408733067332,2.46572705948572,2.07501886980721,1.73756422833833,1.42505710207533,1.20060059807178,0.987559805844039,0.800660061193682,0.630584249334596,0.470182670754253
North America,USA,RFCWc_Cool_5A,Large Multi-Family - Low Rise (>20 Units),MFL,RFCWc_Cool_5A.MFL.CO2,kgCO2/sqm,69.7005492229584,65.2819647713459,60.1749918464226,55.3133864697532,50.6756624507337,46.3268954439026,41.8395927911203,37.7409544457845,33.8565919264157,30.1850413205845,26.6042133176616,23.5744244780631,20.6089237633697,17.8215326738651,15.2049755505447,12.760341296694,10.4501491541386,8.31385862915132,6.49243997212757,5.02983971562943,3.85471554477651,3.2039536640462,2.71239270806402,2.28050687331984,1.90448939393165,1.55221667180337,1.29923570789437,1.05604490929929,0.840644681846207,0.642351513162745,0.452803362995284
North America,USA,RFCWc_Cool_5A,Large Multi-Family - High Rise (>20 Units),MFH,RFCWc_Cool_5A.MFH.CO2,kgCO2/sqm,80.6880689996271,75.57301316919,69.6610628779649,64.0331557507984,58.6644188751714,53.6301853379158,48.4355797241941,43.6909009260981,39.1942727933082,34.9440006668475,30.7987511294172,27.2913973063335,23.8584649075146,20.6317163412683,17.6027291360045,14.7727638314188,12.0984318326504,9.62541237924696,7.51689590223898,5.82375592686307,4.46340493494863,3.71006789031186,3.14102552811501,2.64106447016007,2.20577791598119,1.79797884345953,1.50512221287955,1.22359890470594,0.974246606163978,0.744697835575234,0.525272501222099
North America,USA,RFCWc_Cool_5A,Small Multi-Family - High Rise (<20 Units),MFS,RFCWc_Cool_5A.MFS.CO2,kgCO2/sqm,67.3348620564331,63.0622132945274,58.1239119485395,53.422874224587,48.9383235715623,44.7331863446904,40.3940889858724,36.430819245649,32.6747482933065,29.1244605660789,25.661899082683,22.7321772054375,19.8646201640775,17.1692901963155,14.6391519414428,12.275258338772,10.0413665334335,7.97563277489311,6.2143713901516,4.80007745879784,3.66376493865401,3.03449622727224,2.55917039996754,2.14154876179089,1.7779502755887,1.437312311884,1.19268672781555,0.957527962400321,0.749241909430183,0.557497908393707,0.374210098009331
North America,USA,RFCWc_Cool_5A,Leisure,LEI,RFCWc_Cool_5A.LEI.CO2,kgCO2/sqm,43.6988242503461,40.9430142760797,37.5167253186675,34.2822644677907,31.2235512134056,28.3774538588662,25.4824208321825,22.8562965104554,20.3905355705049,18.0817068270291,15.8555017422738,13.9795607284833,12.1650715209974,10.476803687824,8.90846491050106,7.45862860600857,6.10410385151679,4.86537261195024,3.81871242172837,2.98460684178723,2.3196740666144,1.94931204864753,1.67009504681947,1.42678096142395,1.21663059954125,1.0220163385276,0.882235728790098,0.74956426993104,0.633172185936905,0.527257230213953,0.427366917138132
North America,USA,RFCWc_Mixed mild_4A,Office,OFF,RFCWc_Mixed mild_4A.OFF.CO2,kgCO2/sqm,66.533329703138,62.3215981189787,57.0851668870934,52.1419084438146,47.4672467869236,43.1175281083355,38.6930205590027,34.6794888376469,30.9110420554843,27.3824362981513,23.9801050939557,21.1130859266038,18.3399841613708,15.7597877683342,13.3628801350815,11.1470810007028,9.07694744893731,7.18378226894114,5.58416116944455,4.30938937880364,3.29316605546523,2.72713812784685,2.30040802801602,1.9285487097392,1.60737383744072,1.30994294144536,1.09631485591627,0.893551755843688,0.7156685850584,0.553797712821666,0.40113436140717
North America,USA,RFCWc_Mixed mild_4A,Retail High Street,RHS,RFCWc_Mixed mild_4A.RHS.CO2,kgCO2/sqm,91.5276097062441,85.7353835352855,78.5339288799541,71.7356630472831,65.306787643338,59.3247933345876,53.2399448800381,47.7202950614589,42.5377007675578,37.6849502524277,33.0058600850175,29.0629631738673,25.2492271134483,21.7007861040144,18.4044148027393,15.3571147839044,12.5101428208731,9.90654838889075,7.70665340247483,5.95351069140536,4.55593935729716,3.7775037636863,3.19063890708618,2.67923564403429,2.23753667447546,1.82849184685265,1.5346976761825,1.25584568590793,1.01121006832232,0.788595525170549,0.578643717525669
North America,USA,RFCWc_Mixed mild_4A,Enclosed Retail Mall,ERM,RFCWc_Mixed mild_4A.ERM.CO2,kgCO2/sqm,88.1286197628534,82.5553079535557,75.6260287627816,69.0847000698621,62.8988008746688,57.1428931217447,51.2880185452716,45.976981198126,40.9902605265784,36.3209173491392,31.8186711113201,28.0247940648855,24.3551962978564,20.940866884818,17.7690803283227,14.8369515266888,12.0975794797447,9.59238662882617,7.47563559992468,5.78875206212757,4.44400125460996,3.69498625440131,3.13030166868011,2.63822664240246,2.21322146985938,1.81963629189229,1.53694592853795,1.26863301316258,1.03324327936718,0.819042344243155,0.617025562716657
North America,USA,RFCWc_Mixed mild_4A,Strip Shopping Center,SSC,RFCWc_Mixed mild_4A.SSC.CO2,kgCO2/sqm,87.6896075039842,82.1640268778006,75.2940917010025,68.8087845206655,62.6758628543301,56.9692500801087,51.1645180580237,45.8989657124025,40.9549525163483,36.325598717191,31.8619107992641,28.1005254285534,24.4623549796013,21.077266705046,17.9326440916616,15.0256267464711,12.3097153407515,9.82597756408593,7.72735490022565,6.05491823886211,4.72168420076863,3.97908394521333,3.41923545413119,2.93137467675775,2.5100093507564,2.11979493093875,1.83952559586338,1.57351057684369,1.34013677735654,1.12777031057153,0.927483649361483
North America,USA,RFCWc_Mixed mild_4A,Retail Store,RST,RFCWc_Mixed mild_4A.RST.CO2,kgCO2/sqm,47.2969268026466,44.3035337732123,40.5818586295277,37.0685494190224,33.746139303589,30.6546750655885,27.5100563280922,24.6575293714111,21.9791909958255,19.4713142077252,17.0531842041963,15.0155151316742,13.0445957299771,11.2107794615007,9.50723153632858,7.93240238329749,6.46110175075976,5.11557738859901,3.97868284693869,3.07266760926878,2.35040985099406,1.94811829486295,1.64482952140747,1.38053891574623,1.15227113448884,0.940878847725006,0.789047514380002,0.644938223876652,0.518511780775427,0.403465716955905,0.294963690451421
North America,USA,RFCWc_Mixed mild_4A,Hotel,HOT,RFCWc_Mixed mild_4A.HOT.CO2,kgCO2/sqm,84.9002514700556,79.535918208374,72.866461319108,66.5704082211131,60.616457331298,55.0763747974853,49.4410363294037,44.3291432090874,39.5294060904013,35.0351459854566,30.7017173038739,27.0500965930127,23.5180951489471,20.2317904411888,17.1789341313054,14.3567492982409,11.7200935555946,9.30883615659346,7.27145545018976,5.64782379633321,4.3534961627338,3.63256645045488,3.08905544493572,2.61543140934876,2.20636235642834,1.82753516467648,1.55544464277732,1.29719246781634,1.07062897708349,0.864459783561573,0.670017883011059
North America,USA,RFCWc_Mixed mild_4A,Shipping/Distribution Warehouse,SDW,RFCWc_Mixed mild_4A.SDW.CO2,kgCO2/sqm,48.0630596643533,45.0178300426434,41.2317066440493,37.6575574518603,34.2776131547032,31.1326140251385,27.9335399195182,25.0316157485874,22.3068965827127,19.7555908879289,17.2955861229405,15.2226307315601,13.2175809151699,11.352008447196,9.61896017965297,8.01685970745108,6.52008055931126,5.15125574944039,3.99467360303292,3.07296889792298,2.3382038007972,1.92894576109175,1.62040493542101,1.35153760888377,1.11931691406296,0.904263946703084,0.749803349895558,0.60319851855895,0.474582748523559,0.357544431817603,0.247163475532204
North America,USA,RFCWc_Mixed mild_4A,Refrigerated Warehouse Cool,RFW,RFCWc_Mixed mild_4A.RFW.CO2,kgCO2/sqm,134.013264075131,125.533813751022,114.99134265116,105.039114316699,95.6276500508604,86.8703912555339,77.9625605394657,69.8821446403452,62.2951565690786,55.1910387888285,48.3411487007121,42.5689986664455,36.9859318939975,31.7912401848952,26.9655624792968,22.5045092728596,18.3367235852614,14.5252271073078,11.3047209141801,8.73823160750894,6.69227615753262,5.5526960113643,4.69356322689948,3.94490141076088,3.29828224223417,2.69946665841745,2.26937069838731,1.86114913908991,1.50301817085781,1.17712465351833,0.869768574726457
North America,USA,RFCWc_Mixed mild_4A,Self Storage,SST,RFCWc_Mixed mild_4A.SST.CO2,kgCO2/sqm,9.81665531632306,9.19486820139824,8.42180244373648,7.69201842394415,7.00188793324052,6.35972948276705,5.70652978827327,5.11400335115011,4.55765933786078,4.0367235778966,3.53443000547805,3.11116571598565,2.70176665729865,2.32084663922351,1.9669859403065,1.63986268387674,1.33424435494464,1.05475225251027,0.818596702576912,0.630399364249056,0.480372099758976,0.396808162920167,0.333809068053026,0.278910666279542,0.231494919752884,0.187584548207359,0.156046168252749,0.126111809785671,0.0998505295150436,0.075953179784355,0.053415156424132
North America,USA,RFCWc_Mixed mild_4A,Inpatient Healthcare,IHC,RFCWc_Mixed mild_4A.IHC.CO2,kgCO2/sqm,247.976787243743,232.297145450435,212.802701336272,194.399695319964,176.996634649945,160.803287704846,144.33151306796,129.389739486371,115.360380188241,102.223912870884,89.55754667969,78.8840665064279,68.5602266637419,58.9545444423584,50.0312186439149,41.7821324857057,34.0753373333101,27.0273687520387,21.0722205323711,16.3264373203925,12.5431910774742,10.435954428433,8.84730259389181,7.46292640761876,6.26724077333189,5.1599503835525,4.36464522434328,3.60978876815406,2.94755653819398,2.34493568196747,1.7765930377809
North America,USA,RFCWc_Mixed mild_4A,Outpatient Healthcare,OHC,RFCWc_Mixed mild_4A.OHC.CO2,kgCO2/sqm,83.7523602878633,78.4484054432521,71.8540168299581,65.6288291501437,59.7418931366432,54.264167171208,48.692257427585,43.6379013766082,38.8921878458395,34.4485130229424,30.1638593804034,26.5533395981214,23.0610927043196,19.8117770996961,16.7932823073662,14.0028626619939,11.395883878689,9.0117664610796,6.99731755552079,5.39196073739557,4.11220144805723,3.3993861822012,2.86199268142547,2.39369953565469,1.98923477196892,1.61467148125852,1.34564348254924,1.09029807284099,0.866284674406497,0.662436024547004,0.470182670754253
North America,USA,RFCWc_Mixed mild_4A,Large Multi-Family - Low Rise (>20 Units),MFL,RFCWc_Mixed mild_4A.MFL.CO2,kgCO2/sqm,66.1350306209573,61.9439560306563,57.0999376140365,52.4886529400966,48.0897221273455,43.96487012982,39.708615591061,35.8210133030248,32.1366539266858,28.6541489254546,25.2576952829738,22.3839081779238,19.5710990466339,16.9272287989597,14.4453963945531,12.1266346698215,9.93539272493956,7.9090983234582,6.18146325495419,4.79417127538367,3.67955343638031,3.06229883538023,2.59604801347976,2.18639968204486,1.82974308293929,1.49560863994382,1.25565349112191,1.02498441876438,0.820675000236872,0.632591809839496,0.452803362995284
North America,USA,RFCWc_Mixed mild_4A,Large Multi-Family - High Rise (>20 Units),MFH,RFCWc_Mixed mild_4A.MFH.CO2,kgCO2/sqm,77.3353907916149,72.4342638279908,66.7695712145669,61.3770421231746,56.2328439102904,51.4091589792669,46.4318092722885,41.8855689257591,37.577004930061,33.5044935025648,29.5326122656178,26.1719477952524,22.8825921944725,19.7907971237796,16.8884923677195,14.1768857459712,11.6144033208818,9.24481387231333,7.22448265770249,5.60215550007389,4.2986989694939,3.57686901796225,3.03162592438511,2.55257492218021,2.13549351812312,1.74474997663845,1.46414159694674,1.19439254193781,0.955468996557626,0.735520728876041,0.525272501222099
North America,USA,RFCWc_Mixed mild_4A,Small Multi-Family - High Rise (<20 Units),MFS,RFCWc_Mixed mild_4A.MFS.CO2,kgCO2/sqm,53.4360840259935,50.0502933666737,46.1370171996211,42.4117567109098,38.8580478622832,35.5257556151783,32.0873088515803,28.9466805400623,25.9702435205794,23.1568760535603,20.4130258142596,18.091415609643,15.8190669129125,13.6831967449741,11.6782300492528,9.80500121029277,8.03479017027443,6.39783322528364,5.00215043519659,3.88141633109614,2.98096405168734,2.48231034904871,2.10564616813815,1.77470872851634,1.48658105247093,1.21664806710503,1.0227985223088,0.836450803184572,0.671397925704807,0.519453526839605,0.374210098009331
North America,USA,RFCWc_Mixed mild_4A,Leisure,LEI,RFCWc_Mixed mild_4A.LEI.CO2,kgCO2/sqm,60.9000839406893,57.0487850241493,52.2604784744761,47.7402554957895,43.4656432574198,39.488165942126,35.4423000576386,31.7722394041789,28.3262897468532,25.0996559363736,21.98849032228,19.3668256714625,16.8310411347495,14.4716534638123,12.2798690192119,10.253694122977,8.36071900200937,6.62956760718328,5.16683930072226,4.00116026395832,3.07190356610608,2.55431532459349,2.16410404491112,1.82406780068054,1.53037851564746,1.25840123870019,1.0630550733759,0.877644086939623,0.7149838486916,0.566965604316904,0.427366917138132
North America,USA,RMPAc_Cold or very cold_6A/6B/7,Office,OFF,RMPAc_Cold or very cold_6A/6B/7.OFF.CO2,kgCO2/sqm,61.5870570479464,57.6903365209293,52.8455574409079,48.2720236671215,43.9469973278889,39.9226102740336,35.8290280870129,32.1156833184946,28.6290926757635,25.3644044562994,22.2165462468721,19.563962097685,16.9982709190893,14.6110570030135,12.3934229992254,10.3433517166311,8.42805114639275,6.67648282573549,5.196503332906,4.01707646189273,3.07686025747458,2.55316766207957,2.15835429226252,1.81430771433201,1.51715470430766,1.24196977035951,1.04431972324837,0.856722028954142,0.692143401575095,0.542379453430011,0.40113436140717
North America,USA,RMPAc_Cold or very cold_6A/6B/7,Retail High Street,RHS,RMPAc_Cold or very cold_6A/6B/7.RHS.CO2,kgCO2/sqm,95.954340257539,89.8801908753349,82.3282220718771,75.1990663744324,68.4572803304187,62.1841262852563,55.8031119066534,50.014805900302,44.5799608166709,39.491013894802,34.5841798363958,30.4493715381567,26.4500106963045,22.7288575284071,19.272042978667,16.0764226799291,13.090880941745,10.3605625729929,8.0535927865488,6.21511990909972,4.7495250229362,3.93320087735566,3.31777173129989,2.78147709731296,2.31827945207635,1.88932531360429,1.58123139123317,1.2888069253266,1.03226423490593,0.798814443781635,0.578643717525669
North America,USA,RMPAc_Cold or very cold_6A/6B/7,Enclosed Retail Mall,ERM,RMPAc_Cold or very cold_6A/6B/7.ERM.CO2,kgCO2/sqm,117.301140827714,109.869931700423,100.630735235203,91.9088149209042,83.6608086846236,75.9861341476599,68.1795015958532,61.0979977145072,54.4489234409603,48.223026375457,42.2199290285655,37.1613400423452,32.2684595876142,27.7159427419889,23.4868218862123,19.5772501524461,15.9246918074532,12.5843777147959,9.76199488311327,7.51277847970968,5.7197468287466,4.72104313218635,3.9681175125482,3.31200628968674,2.74532306337249,2.22053387752499,1.84360696580053,1.48585031160056,1.17199198138244,0.886385864474991,0.617025562716657
North America,USA,RMPAc_Cold or very cold_6A/6B/7,Strip Shopping Center,SSC,RMPAc_Cold or very cold_6A/6B/7.SSC.CO2,kgCO2/sqm,194.864168597647,182.513009572862,167.156856509686,152.660450479639,138.951720861522,126.195906290057,113.220768806532,101.45084293378,90.3996435510874,80.051792560652,70.0742493772121,61.6665412990777,53.5342517146406,45.967668866524,38.9385914539534,32.4406257292085,26.3698331847446,20.8180111535727,16.1270249915884,12.3886791849056,9.40854248330396,7.74863116018494,6.49721918903843,5.40671912199728,4.46485427537618,3.59262008335412,2.96614272984614,2.37152760698933,1.84987438994544,1.37517821225073,0.927483649361483
North America,USA,RMPAc_Cold or very cold_6A/6B/7,Retail Store,RST,RMPAc_Cold or very cold_6A/6B/7.RST.CO2,kgCO2/sqm,49.5471911237703,46.4104865156864,42.5106325846466,38.8291203068225,35.3476466023842,32.1081755320266,28.8130051392381,25.823910703017,23.0173442942301,20.3894004858531,17.8555001759268,15.720275731064,13.6549966619023,11.7333846707112,9.94827774541412,8.29805212763383,6.75631155812702,5.34636891926269,4.15504445479528,3.20565286369825,2.44881631857115,2.02726466614809,1.70945565011732,1.43251187678076,1.19331555531327,0.97180265891596,0.812702254033681,0.661693592242625,0.529214361229581,0.408660356133632,0.294963690451421
North America,USA,RMPAc_Cold or very cold_6A/6B/7,Hotel,HOT,RMPAc_Cold or very cold_6A/6B/7.HOT.CO2,kgCO2/sqm,106.26409018364,99.5391676688123,91.1780948926898,83.2851346369019,75.821046102898,68.8757979335181,61.8111334740259,55.4026790657647,49.3855547298718,43.7513874451648,38.3188442593527,33.7410402460386,29.3131952791222,25.1933646418925,21.3661933735602,17.8282002252877,14.522793066074,11.4999534361395,8.94581917277467,6.91037571090009,5.28775969877948,4.38397609377045,3.70261100704458,3.10885875767676,2.5960349732646,2.12112348160939,1.78002094611607,1.45626666367729,1.17223846379816,0.913777293743129,0.670017883011059
North America,USA,RMPAc_Cold or very cold_6A/6B/7,Shipping/Distribution Warehouse,SDW,RMPAc_Cold or very cold_6A/6B/7.SDW.CO2,kgCO2/sqm,61.1796908328472,57.2991081809733,52.4743932649964,47.9198003201694,43.6126856414139,39.6049651807497,35.5283361515868,31.8303698259983,28.3582185468495,25.1070507044567,21.9722290323948,19.3306302929925,16.7755646657057,14.3982371553525,12.1897872591797,10.1482061400866,8.24083759403374,6.49652321695997,5.02267290996873,3.84813051641619,2.91180812260348,2.39028434728662,1.99710605723031,1.65448431351092,1.35856193271465,1.08451664942262,0.887685150051875,0.700864372692465,0.536967331103692,0.38782361524865,0.247163475532204
North America,USA,RMPAc_Cold or very cold_6A/6B/7,Refrigerated Warehouse Cool,RFW,RMPAc_Cold or very cold_6A/6B/7.RFW.CO2,kgCO2/sqm,145.598890103047,136.381591189279,124.92175550383,114.103523199787,103.873110137769,94.3538289465984,84.6708736552854,75.8873315808651,67.6401534932436,59.9178631800364,52.4719224580157,46.1975025124575,40.1286191143353,34.4819056579762,29.2363163598649,24.3870797581655,19.8566296673267,15.7134716791031,12.2127296379234,9.42291447368791,7.19892798566414,5.96018603401126,5.02629487617099,4.21248743808095,3.50960199953574,2.85867982660091,2.39115859896532,1.94741519682628,1.55812107299759,1.20386957690273,0.869768574726457
North America,USA,RMPAc_Cold or very cold_6A/6B/7,Self Storage,SST,RMPAc_Cold or very cold_6A/6B/7.SST.CO2,kgCO2/sqm,12.623830143853,11.8232637396233,10.827922313291,9.88830720296486,8.99974699943173,8.17295199306785,7.3319411099008,6.56904855746173,5.8527417773066,5.18202400561459,4.53530851491577,3.99034519524529,3.4632337057322,2.97278969065094,2.51718522325305,2.09600587930421,1.70251466537091,1.34266161906979,1.03860546397901,0.796296701358626,0.603132859930743,0.495542208994834,0.414429304534583,0.343746244286433,0.282697289122249,0.226161591593617,0.185555141525021,0.147013909090816,0.113201856360733,0.0824334231055185,0.053415156424132
North America,USA,RMPAc_Cold or very cold_6A/6B/7,Inpatient Healthcare,IHC,RMPAc_Cold or very cold_6A/6B/7.IHC.CO2,kgCO2/sqm,250.953089699712,235.083897461374,215.353785938085,196.728306855986,179.114861411979,162.725753864666,146.054852726422,130.932448753574,116.733489197128,103.43821575021,90.6187264596423,79.8162150914379,69.3675708391619,59.6457659815678,50.6145665213062,42.2657575522709,34.4657953192655,27.3326241805157,21.3054844568242,16.5023296969683,12.6733479698817,10.5406370370607,8.93278006593511,7.53166822168877,6.32152800055085,5.20085162983347,4.39593206432277,3.63195018428201,2.96171226034265,2.35180634920305,1.7765930377809
North America,USA,RMPAc_Cold or very cold_6A/6B/7,Outpatient Healthcare,OHC,RMPAc_Cold or very cold_6A/6B/7.OHC.CO2,kgCO2/sqm,84.6961506820961,79.3320890802289,72.6629699446654,66.3672356905105,60.4135863198432,54.873784346115,49.2387312620555,44.1270970175152,39.3276029664446,34.8335704591913,30.5003612304975,26.8489254445013,23.3171028675586,20.0309645843835,16.9782628768221,14.156220964447,11.5196987469519,9.10856345851051,7.07128592885544,5.44773649872591,4.15347441228539,3.43258120922808,2.88909772811721,2.41549767773239,2.0064493408297,1.62764133359147,1.35556459086245,1.09732549427197,0.870773477135721,0.664614724405248,0.470182670754253
North America,USA,RMPAc_Cold or very cold_6A/6B/7,Large Multi-Family - Low Rise (>20 Units),MFL,RMPAc_Cold or very cold_6A/6B/7.MFL.CO2,kgCO2/sqm,89.822191482352,84.1196782252003,77.5287482277749,71.2544833777775,65.2691541414384,59.6567455114148,53.8655462831178,48.5759473727659,43.562887420002,38.8244771364971,34.203151148081,30.2929823568349,26.4657821924336,22.8684458022768,19.4915834050029,16.3366003116316,13.3551248043157,10.5980823231152,8.24740550517838,6.35981063312599,4.84322512107525,4.00336830884225,3.36897218065156,2.81159125352999,2.32631261178095,1.87167835276247,1.54518752378859,1.23133163437593,0.953341552688926,0.697429408063647,0.452803362995284
North America,USA,RMPAc_Cold or very cold_6A/6B/7,Large Multi-Family - High Rise (>20 Units),MFH,RMPAc_Cold or very cold_6A/6B/7.MFH.CO2,kgCO2/sqm,102.210323073496,95.721967707695,88.2227662002233,81.0838682844879,74.27372312297,67.8878893672994,61.2986265470481,55.2800877159685,49.5761966460436,44.1848036931583,38.9266299858991,34.4776153999094,30.1230030381507,26.029931121064,22.1877158964972,18.5979563361467,15.2056147959259,12.068634561079,9.39401972773432,7.24630243813772,5.52072192633991,4.56512757549436,3.84330768016542,3.20911616386364,2.65696308028214,2.13967736765713,1.76819405380414,1.41108685346492,1.09478799420474,0.803609550266795,0.525272501222099
North America,USA,RMPAc_Cold or very cold_6A/6B/7,Small Multi-Family - High Rise (<20 Units),MFS,RMPAc_Cold or very cold_6A/6B/7.MFS.CO2,kgCO2/sqm,59.8852892506211,56.0879854427228,51.6990848916497,47.5210516750189,43.5354206951748,39.7981175621147,35.9417577624544,32.4194136347414,29.081216810038,25.9259092111698,22.8485680491228,20.2447864933496,17.6962537495381,15.3007873022657,13.0521344957448,10.9512311266402,8.96586646608679,7.12995176667419,5.56463597881611,4.30768647739681,3.29779212376402,2.73853143862979,2.31608703128479,1.94492704943746,1.62177998232731,1.31903901091321,1.10162875473335,0.892632105316827,0.707518498711155,0.537106591285205,0.374210098009331
North America,USA,RMPAc_Cold or very cold_6A/6B/7,Leisure,LEI,RMPAc_Cold or very cold_6A/6B/7.LEI.CO2,kgCO2/sqm,73.0834719597675,68.4562550526502,62.7032523636213,57.2723438197294,52.1365290077947,47.3577126448369,42.4967295245113,38.0872648026478,33.9470625329736,30.0703614914609,26.3323919278547,23.1825426796034,20.1358757406408,17.3011441973379,14.6677827630291,12.2333960951,9.95904485041314,7.87911982342628,6.12169686123872,4.72116943813439,3.60469616599044,2.98282985180577,2.51400303004448,2.10545996640975,1.75260134530714,1.42582903250709,1.19112663767425,0.968361053959435,0.772929792754405,0.595090435754369,0.427366917138132
North America,USA,RMPAc_Cool_5A/5B,Office,OFF,RMPAc_Cool_5A/5B.OFF.CO2,kgCO2/sqm,66.1664345551231,61.9780692583671,56.7706892503519,51.8548555361154,47.2061284587687,42.8805416068976,38.480580805844,34.4893157778493,30.7417759810481,27.2327465938165,23.8492912004768,20.9981779835675,18.240461123937,15.6745794157924,13.2909695987748,11.0874635078551,9.02881486071079,7.14615278159223,5.55540622825329,4.28770675061206,3.27712133789655,2.71423367954052,2.289871037834,1.92007475978917,1.60068173522313,1.30490095763146,1.09245806046116,0.890819870838459,0.713923579014884,0.552950751026064,0.40113436140717
North America,USA,RMPAc_Cool_5A/5B,Retail High Street,RHS,RMPAc_Cool_5A/5B.RHS.CO2,kgCO2/sqm,100.471900799108,94.1100435566406,86.2003685710492,78.7335336362113,71.6724164867167,65.1021285362336,58.4188713450724,52.3563967217102,46.664125033713,41.3341353027598,36.1948843841844,31.8642269598816,27.6754325895092,23.7780234640642,20.1574736067358,16.8104897144292,13.6835349534216,10.8238924593832,8.4076508557372,6.48209696258697,4.94708278127965,4.09209266645339,3.44751313379797,2.88581639460976,2.40067895253831,1.95140699348509,1.62871990957185,1.32244448082576,1.05375040197474,0.809243039550005,0.578643717525669
North America,USA,RMPAc_Cool_5A/5B,Enclosed Retail Mall,ERM,RMPAc_Cool_5A/5B.ERM.CO2,kgCO2/sqm,107.112406796534,100.330083022284,91.8976434599395,83.9373120399107,76.4095130198233,69.4049829790098,62.2800173582063,55.8168629362014,49.7483788241592,44.0661205321244,38.587207321967,33.9703289973616,29.5046897098314,25.3496938395951,21.4898553620357,17.9216633137622,14.5880425158895,11.539401131153,8.96346579526599,6.91064859890787,5.27418258294713,4.36268464114707,3.67550369349218,3.07668341147067,2.55948236754032,2.08051722059389,1.73650316975056,1.40998544973841,1.12353289830005,0.862865606666622,0.617025562716657
North America,USA,RMPAc_Cool_5A/5B,Strip Shopping Center,SSC,RMPAc_Cool_5A/5B.SSC.CO2,kgCO2/sqm,165.646019040952,155.155663255538,142.113040388751,129.800636624873,118.157239371911,107.323192711276,96.3028659311182,86.3061757641998,76.9199300566225,68.1310675469357,59.6567229410103,52.5157049278395,45.6086113571415,39.181996170885,33.2119068251716,27.6929128427276,22.5367349032267,17.821340319818,13.8370896333101,10.6619562322814,8.13080152637598,6.72096943557278,5.65809292454176,4.73188562170296,3.93192042629075,3.19109545722081,2.65900204666596,2.15397056082417,1.71090867226661,1.30772936059223,0.927483649361483
North America,USA,RMPAc_Cool_5A/5B,Retail Store,RST,RMPAc_Cool_5A/5B.RST.CO2,kgCO2/sqm,51.8465557037645,48.563412490777,44.4814919515147,40.6281064534611,36.9840984284583,33.5933910501147,30.144383998944,27.0157422116471,24.0781498629572,21.3275191990592,18.6753225008169,16.4404140474389,14.2787164041962,12.2673930074647,10.3989474830944,8.67168026674557,7.0579627767662,5.58219626896077,4.33525423307315,3.34153982632137,2.54936999302843,2.10813799336561,1.77549190634848,1.48561887607788,1.23525555612301,1.00340122067754,0.836873134760038,0.678814558959209,0.540150469570192,0.413968341164097,0.294963690451421
North America,USA,RMPAc_Cool_5A/5B,Hotel,HOT,RMPAc_Cool_5A/5B.HOT.CO2,kgCO2/sqm,136.0193813248,127.399446874447,116.682312348971,106.565199493898,96.9978098692765,88.0954643285674,79.0400522520278,70.8257632686989,63.113077027235,55.89126107777,48.9278847627027,43.060104065702,37.384539286035,32.1037840117287,27.1981564166804,22.663194273003,18.4263583865927,14.5517145663088,11.277852320452,8.66884245006716,6.58899043218385,5.43053017999439,4.55716362872391,3.79609828439978,3.13876618927627,2.53002966944854,2.09280805234905,1.67782324226533,1.31375890403516,0.982466113832202,0.670017883011059
North America,USA,RMPAc_Cool_5A/5B,Shipping/Distribution Warehouse,SDW,RMPAc_Cool_5A/5B.SDW.CO2,kgCO2/sqm,32.7076228766262,30.6403280985011,28.0700676900738,25.6437088012148,23.3491884977037,21.2141638573922,19.0424296977624,17.0724197378199,15.2227077609912,13.4907198338326,11.8207127616014,10.4134593231954,9.05230449081309,7.78583571822478,6.60933276810609,5.52172547681911,4.50561697225959,3.57637197823998,2.79121074944621,2.16549920695266,1.66669411271356,1.38886382945441,1.17940677137241,0.996882597761222,0.839236479270465,0.693244901730983,0.5883872637618,0.488862617045699,0.401550084721975,0.322097061133258,0.247163475532204
North America,USA,RMPAc_Cool_5A/5B,Refrigerated Warehouse Cool,RFW,RMPAc_Cool_5A/5B.RFW.CO2,kgCO2/sqm,141.56373409056,132.603420355296,121.463093448592,110.946481541779,101.001300037457,91.7474235162476,82.3344362510637,73.7957858904759,65.778545288102,58.2715581969309,51.0332158639269,44.9337314330795,39.0340530372017,33.544774169774,28.4454358194456,23.7313995563008,19.3272617979786,15.2996181491659,11.896479410946,9.18444637731987,7.0224662937714,5.81826139299916,4.91040781820212,4.11928993935309,3.43600147184927,2.80322749529705,2.34874110869924,1.91736960406248,1.53892929118631,1.19455459140794,0.869768574726457
North America,USA,RMPAc_Cool_5A/5B,Self Storage,SST,RMPAc_Cool_5A/5B.SST.CO2,kgCO2/sqm,7.63557119244244,7.15268980784743,6.55232506164672,5.98557301826409,5.44961600194268,4.95091418865164,4.44363771842061,3.9834802473193,3.55142213450238,3.14686215727131,2.75677974819473,2.4280716723054,2.11013136835656,1.81430795656019,1.53949887778495,1.28545416182596,1.04811022482562,0.831055978818607,0.647657004805764,0.501502494479767,0.38499095626185,0.320094999825356,0.271169749643296,0.228535517405083,0.191712333416835,0.157611432158133,0.133118649636889,0.109871554101154,0.0894769800195542,0.0709182401403893,0.053415156424132
North America,USA,RMPAc_Cool_5A/5B,Inpatient Healthcare,IHC,RMPAc_Cool_5A/5B.IHC.CO2,kgCO2/sqm,270.292638156423,253.191776734299,231.930335198057,211.859260885014,192.878768042006,175.217638679555,157.252844639296,140.956732598741,125.655737055533,111.328566184434,97.5141069121605,85.8731709940556,74.6135671828691,64.1372155736798,54.4050699089257,45.4082776919697,37.0029303219769,29.3161262734787,22.8211970018033,17.6452508853479,13.5190871260758,11.2208482763686,9.48819932758418,7.97834179195814,6.6742779232867,5.46662153934125,4.59922906346586,3.77595160464047,3.05369393172319,2.39645087169301,1.7765930377809
North America,USA,RMPAc_Cool_5A/5B,Outpatient Healthcare,OHC,RMPAc_Cool_5A/5B.OHC.CO2,kgCO2/sqm,78.6361065707011,73.6579882911971,67.4687111461729,61.6259539036762,56.1006685953271,50.9594544339072,45.7298424633871,40.985989435669,36.5318181674478,32.3611305367809,28.3396949770612,24.9509793764843,21.6732708348593,18.6235696437399,15.7905093062161,13.1715128307411,10.7246879395687,8.4870334261364,6.59633766916218,5.08960234513221,3.88846219626895,3.21943713688846,2.7150572000539,2.27553259295878,1.89591521451049,1.54436237913689,1.29186151189558,1.0522026745004,0.841951036567699,0.650625371126037,0.470182670754253
North America,USA,RMPAc_Cool_5A/5B,Large Multi-Family - Low Rise (>20 Units),MFL,RMPAc_Cool_5A/5B.MFL.CO2,kgCO2/sqm,78.5854854689311,73.5999678895686,67.8377371178467,62.3523561469199,57.1195819681633,52.2128398659057,47.1497870931559,42.5252667867344,38.1425152886018,33.9998808568416,29.9596093280875,26.5410788717867,23.1950851250064,20.0500536269184,17.0977752041399,14.3394784733313,11.7328736512346,9.32248315545877,7.26736463652749,5.61710325299991,4.2912030069193,3.55694414372705,3.00231271951991,2.51501312278843,2.09075015482518,1.69327855093641,1.40783848373297,1.13344472373761,0.890407245937651,0.666671773827773,0.452803362995284
North America,USA,RMPAc_Cool_5A/5B,Large Multi-Family - High Rise (>20 Units),MFH,RMPAc_Cool_5A/5B.MFH.CO2,kgCO2/sqm,90.9736170600747,85.2022573720634,78.5317550902951,72.1817410536303,66.124150949695,60.4439837217903,54.5828673570862,49.2294071299369,44.1558245146435,39.3602074135029,34.6830881659056,30.7257119148613,26.8523059707236,23.2115389457055,19.7939076956342,16.6008344978465,13.5833636428448,10.7930353934226,8.41397885908343,6.50359505801164,4.96869981218396,4.11870341037916,3.47664821903377,2.91253803312208,2.42140062332637,1.96127756583107,1.63084501374851,1.3131999428266,1.03185368745346,0.77285191603092,0.525272501222099
North America,USA,RMPAc_Cool_5A/5B,Small Multi-Family - High Rise (<20 Units),MFS,RMPAc_Cool_5A/5B.MFS.CO2,kgCO2/sqm,75.918237125531,71.0978973572008,65.5265780907308,60.2229361683646,55.1635317893759,50.4193575462922,45.5240514439394,41.052748557601,36.815204309716,32.8098216830999,28.9034105201899,25.5981411985116,22.363005334393,19.3221735327682,16.4677086027053,13.8007984549184,11.2805544312516,8.9500238536262,6.96299454969923,5.36740884600288,4.0854376999221,3.37550595419008,2.83925031607172,2.36809569915903,1.95788921123716,1.57358644858357,1.29760344671608,1.03230077102951,0.797315496023502,0.580992721782018,0.374210098009331
North America,USA,RMPAc_Cool_5A/5B,Leisure,LEI,RMPAc_Cool_5A/5B.LEI.CO2,kgCO2/sqm,49.0696284092365,45.9717704295857,42.1202143765837,38.4842959169214,35.0459386459041,31.8465869188424,28.5922256795656,25.6401497884175,22.8683413999345,20.2729434539902,17.7704243214856,15.6616436387855,13.6219420908234,11.7241283708567,9.96112916499923,8.33134082436623,6.80869399511452,5.41621284040227,4.23964237562455,3.30200855804618,2.55454508170512,2.13821415053353,1.82434105142863,1.55082709798392,1.31459311176426,1.09582354961567,0.938693529287959,0.789555039574836,0.658716502253188,0.539655502469248,0.427366917138132
North America,USA,RMPAc_Mixed mild_4B,Office,OFF,RMPAc_Mixed mild_4B.OFF.CO2,kgCO2/sqm,75.9915034171765,71.1774133485598,65.1920719077081,59.5418325933373,54.1986045630369,49.2267925960482,44.1694955138045,39.5819516939356,35.274544665351,31.2412805332468,27.3523506399303,24.0752926830573,20.9055841200801,17.9563701014291,15.2166586544717,12.6839576991255,10.317755301578,8.15383115086803,6.32543352040191,4.86834488727098,3.70678211656166,3.05980132719798,2.57204062960229,2.14699828887669,1.77988924307791,1.43992001809302,1.19573901453828,0.963976897974965,0.760653018297475,0.575631503307288,0.40113436140717
North America,USA,RMPAc_Mixed mild_4B,Retail High Street,RHS,RMPAc_Mixed mild_4B.RHS.CO2,kgCO2/sqm,104.728616039129,98.0956632746016,89.848936169193,82.0639196974783,74.7019097163756,67.8516444614454,60.8835960484366,54.5627833862973,48.6279489833328,43.0708343274372,37.7125863679551,33.1973882049087,28.8300982548085,24.7666102437053,20.9917792045914,17.5021714980382,14.2419689445878,11.260469539072,8.74126550574551,6.73365868087676,5.13323349536238,4.24180999595966,3.5697632287759,2.98413110956478,2.47832068111265,2.00990405853669,1.67346642660869,1.35413979377459,1.07399595130825,0.819069485068724,0.578643717525669
North America,USA,RMPAc_Mixed mild_4B,Enclosed Retail Mall,ERM,RMPAc_Mixed mild_4B.ERM.CO2,kgCO2/sqm,100.839390549196,94.4565735585983,86.5208393910463,79.0294042532177,71.9450235768425,65.3530891832949,58.6478133610836,52.5653653343098,46.8543399119358,41.5067900192188,36.350607346169,32.0056821561192,27.8030874014211,23.8928378882535,20.2603597825835,16.9023489312138,13.7650921181942,10.896028258015,8.47182611493785,6.53992830002498,4.99985686744809,4.14204990578334,3.49534674410901,2.93179944120486,2.44506366735596,1.99431153879487,1.67056133137134,1.36327684888507,1.09369753165129,0.84838461629805,0.617025562716657
North America,USA,RMPAc_Mixed mild_4B,Strip Shopping Center,SSC,RMPAc_Mixed mild_4B.SSC.CO2,kgCO2/sqm,99.9508937107649,93.6444340269201,85.8036346333135,78.401819143311,71.4021885434701,64.8891131172597,58.2640521599851,52.2543681417158,46.611663418602,41.3280859863415,36.2335864576805,31.9406393810627,27.7883200482221,23.9248486460352,20.3358256864856,17.0179865437884,13.9182605703942,11.0835191715338,8.68831763225614,6.77953101014185,5.25788337178799,4.41033831006534,3.77137162458428,3.21456600867207,2.73365302949924,2.28829322514243,1.96841602456459,1.6648075703154,1.39845321639334,1.15607496665178,0.927483649361483
North America,USA,RMPAc_Mixed mild_4B,Retail Store,RST,RMPAc_Mixed mild_4B.RST.CO2,kgCO2/sqm,54.1185517992093,50.6907129857684,46.4288929096553,42.4056799346236,38.6010721748456,35.0609285982484,31.4599159494349,28.1933877914717,25.1263290560889,22.2544718328487,19.4853867843649,17.1519808242865,14.8950122415214,12.7950452408665,10.844253065886,9.04086124856807,7.35602355272896,5.81521665310292,4.51331904113821,3.47580937678228,2.64872681435954,2.18804871533746,1.84074215749194,1.53809376244154,1.27669636064429,1.03462367646755,0.860756318449804,0.695731741153263,0.550956409465679,0.419213147215657,0.294963690451421
North America,USA,RMPAc_Mixed mild_4B,Hotel,HOT,RMPAc_Mixed mild_4B.HOT.CO2,kgCO2/sqm,96.2485588082144,90.1614909662593,82.5934606867181,75.4491427492392,68.6930183203455,62.4065225736632,56.011937096914,50.2113205605665,44.764916685235,39.6651466255325,34.7478767456967,30.604274565184,26.5964079097908,22.8673406185483,19.4031741390452,16.2007574167077,13.2088660485831,10.4727408572234,8.16086462306821,6.3184816939598,4.84976979052243,4.03170949228001,3.41497145568621,2.87753623390534,2.4133534630552,1.98348702782779,1.67473785339004,1.38169146111068,1.12460315743421,0.890656866875875,0.670017883011059
North America,USA,RMPAc_Mixed mild_4B,Shipping/Distribution Warehouse,SDW,RMPAc_Mixed mild_4B.SDW.CO2,kgCO2/sqm,54.5810967419558,51.1207558044246,46.8185259504592,42.7571656253118,38.9164832890285,35.3427727356607,31.7076159609614,28.4101151962588,25.3139751857533,22.4148875514817,19.6195465584332,17.2640156811124,14.9856469459663,12.8657684524567,10.8964792323126,9.07598799234968,7.37517498178821,5.81975844040932,4.50551647970479,3.45816934349236,2.62324453948831,2.1581983772185,1.80759872379445,1.50208067348105,1.23820475059443,0.993836778672784,0.818320843007979,0.651731533651046,0.505583469448363,0.372591042319021,0.247163475532204
North America,USA,RMPAc_Mixed mild_4B,Refrigerated Warehouse Cool,RFW,RMPAc_Mixed mild_4B.RFW.CO2,kgCO2/sqm,155.698328915578,145.837831553471,133.578309473987,122.005162926973,111.060854626349,100.877302161268,90.5186541451154,81.1221818960272,72.2995020048127,64.0383374299001,56.0728065802694,49.3605471753466,42.8681669999865,36.8274164870752,31.2157812433207,26.0281568463444,21.1815644131595,16.7492899696514,13.0042603264328,10.0197672200393,7.64058725596524,6.3154038306606,5.31634419458614,4.44574791994834,3.69381396646817,2.99746936169754,2.49732372522009,2.0226151704494,1.60615545518916,1.22718370050863,0.869768574726457
North America,USA,RMPAc_Mixed mild_4B,Self Storage,SST,RMPAc_Mixed mild_4B.SST.CO2,kgCO2/sqm,11.3676283497787,10.6470651080758,9.75119133549438,8.90547496984071,8.10571143077233,7.3615406950761,6.60457472063537,5.91792046216021,5.27319651067369,4.66950571215319,4.08741856988074,3.59691517858647,3.12247962693747,2.68104725166717,2.27097279659631,1.89188325223043,1.53771487444771,1.2138230945661,0.940152244010313,0.722058171408366,0.548197810764106,0.451359037858197,0.37835200549584,0.314732529638753,0.259784391916182,0.208898487551557,0.172349969975896,0.13766028622788,0.107227180123134,0.0795335348597812,0.053415156424132
North America,USA,RMPAc_Mixed mild_4B,Inpatient Healthcare,IHC,RMPAc_Mixed mild_4B.IHC.CO2,kgCO2/sqm,282.413312810926,264.540527396261,242.319355444532,221.342283273494,201.505020852972,183.04667729448,164.270961792522,147.239251728059,131.247577202196,116.273685287773,101.83564850715,89.6692467947202,77.9013903222311,66.9521416488643,56.7806919892946,47.3777892497897,38.5930288701023,30.5592464838157,23.7711394820304,18.3615538492508,14.0491372033952,11.6471570470435,9.83629722564842,8.25828550595534,6.89535687233521,5.63318750717194,4.72664138595963,3.86620161072815,3.11134160201273,2.42443093200402,1.7765930377809
North America,USA,RMPAc_Mixed mild_4B,Outpatient Healthcare,OHC,RMPAc_Mixed mild_4B.OHC.CO2,kgCO2/sqm,95.3830468872906,89.3383737005294,81.8230525483593,74.7284927051583,68.0194227157825,61.7767105815846,55.4266615308182,49.6664445997249,44.2579733415971,39.1937216954991,34.3106991686524,30.1959559708658,26.2160029397873,22.5129075164642,19.0728679478558,15.892755125566,12.9217014096942,10.2046325336355,7.90885784431979,6.07930657588,4.62082382321639,3.80846107676283,3.19601844102298,2.66232629908089,2.20137642607715,1.77450388541016,1.46790505907622,1.17689964959499,0.921601891099184,0.689284968338226,0.470182670754253
North America,USA,RMPAc_Mixed mild_4B,Large Multi-Family - Low Rise (>20 Units),MFL,RMPAc_Mixed mild_4B.MFL.CO2,kgCO2/sqm,74.2992509304857,69.5872309076479,64.1411069415104,58.9566452368931,54.0109327180251,49.3733666750434,44.5880649160769,40.2172384305619,36.0749177014543,32.1595415987694,28.3409129332126,25.1099176148027,21.9474797575211,18.9749796799381,16.1846585508522,13.57767758697,11.1140669552096,8.83590664423826,6.89352865512136,5.33379798356841,4.08063451390588,3.38665592287051,2.86245069551811,2.40188357879095,2.00089500174394,1.62522805719515,1.35544677760436,1.096105822396,0.866400993666901,0.654939293328131,0.452803362995284
North America,USA,RMPAc_Mixed mild_4B,Large Multi-Family - High Rise (>20 Units),MFH,RMPAc_Mixed mild_4B.MFH.CO2,kgCO2/sqm,86.8822702928113,81.3719726940779,75.0032043807935,68.9404273248351,63.156846676905,57.7336165321361,52.1376223165242,47.0263208851036,42.1822370619967,37.6035452414621,33.1379911342452,29.359623118349,25.6614270906022,22.1853467767762,18.9223088985889,15.8736713979841,12.9926930314646,10.3285826859583,8.05714056190349,6.23317119579862,4.7677055092706,3.95615790437492,3.34314548262723,2.8045522964657,2.33563103074261,1.89632121193076,1.58083546910553,1.27755877762043,1.00893895851339,0.761652891401344,0.525272501222099
North America,USA,RMPAc_Mixed mild_4B,Small Multi-Family - High Rise (<20 Units),MFS,RMPAc_Mixed mild_4B.MFS.CO2,kgCO2/sqm,60.0326480310374,56.2259415024025,51.8261733441246,47.6377946609334,43.6422946326913,39.8957373499908,36.0298285976815,32.4987625925927,29.152299868163,25.9891792320213,22.9042180898459,20.2939891619195,17.7391458506923,15.3377478521991,13.0835270280944,10.9774214922227,8.98714075689421,7.14668004428699,5.57748828864695,4.31742638281134,3.30503137211738,2.74438586967401,2.32089542361578,1.94881639134887,1.62486916133826,1.32137855572217,1.10342995759562,0.893915799644431,0.708343822669808,0.537509948591526,0.374210098009331
North America,USA,RMPAc_Mixed mild_4B,Leisure,LEI,RMPAc_Mixed mild_4B.LEI.CO2,kgCO2/sqm,69.0403763133494,64.6706502326564,59.2377849926719,54.1090903188604,49.2590682905433,44.7461788117856,40.1556949107558,35.9916037553605,32.0817913994037,28.4208172137994,24.8908545129364,21.9162849851575,19.0391559787579,16.362168795062,13.8753460741105,11.5764257669645,9.42863538884798,7.46445198903136,5.80482437553703,4.48223212833733,3.42788726540687,2.8406259577259,2.3978879509496,2.01207909087543,1.67885600011048,1.37026759235842,1.1486256861135,0.938256343033401,0.753700248903298,0.585757121953397,0.427366917138132
North America,USA,SPNOc_Cool_5A,Office,OFF,SPNOc_Cool_5A.OFF.CO2,kgCO2/sqm,57.2616044085241,53.6403570516188,49.1380728060131,44.8878585616985,40.8685838688119,37.1286951903972,33.3245030313124,29.8736679418972,26.6335569146726,23.5996612313955,20.6743364251213,18.2092729768668,15.8249597230146,13.6065065329485,11.5456450420814,9.64050066180303,7.86059956816106,6.23285590329153,4.85750147653068,3.76145252723914,2.88770358333552,2.40103269848335,2.03413010385071,1.71440541424437,1.4382592177988,1.18252809522771,0.99885063985697,0.824514900376954,0.671570927293082,0.532394330557458,0.40113436140717
North America,USA,SPNOc_Cool_5A,Retail High Street,RHS,SPNOc_Cool_5A.RHS.CO2,kgCO2/sqm,86.2908736603099,80.8321571587127,74.0453539154866,67.6385243498338,61.5798161401682,55.9422581301998,50.2077681969329,45.0059334172786,40.1217468958605,35.5484121307419,31.138738551805,27.4228690747279,23.8287235163027,20.4845976273207,17.3780275648669,14.5061875491,11.8231409318765,9.3694584495545,7.29623086663675,5.64403208086559,4.32693128430035,3.59331710991273,3.04024325154156,2.55828599562695,2.14201954077783,1.7565270402203,1.47964919737101,1.21685318148908,0.986303399215645,0.776506743433994,0.578643717525669
North America,USA,SPNOc_Cool_5A,Enclosed Retail Mall,ERM,SPNOc_Cool_5A.ERM.CO2,kgCO2/sqm,91.9941106798833,86.1746190772277,78.9392654054854,72.1089984652526,65.6498607652504,59.6397077395536,53.5262164083229,47.9805842419074,42.7735942033369,37.8980005992444,33.1968848047957,29.2354277091419,25.4037394560777,21.8385950629846,18.5267069320985,15.4650625233742,12.6046891638313,9.98883897317229,7.77858854055614,6.01719335601048,4.61304331025891,3.83094342905262,3.24131605538379,2.72750549152443,2.28372733639347,1.87275703426752,1.57757990225281,1.29741528714799,1.0516281096051,0.827965665103845,0.617025562716657
North America,USA,SPNOc_Cool_5A,Strip Shopping Center,SSC,SPNOc_Cool_5A.SSC.CO2,kgCO2/sqm,144.555132455404,135.407982542882,124.035362866735,113.2994635974,103.146909924056,93.7000759947566,84.0908136203341,75.3741194055416,67.1897071359072,59.5261879396922,52.1369151536777,45.9102471902029,39.8875515215931,34.283812836151,29.0781455210044,24.2658144279148,19.7698436950794,15.6582175468887,12.1841181870531,9.41553513748225,7.20847447907319,5.97916007355118,5.05237637014078,4.24476247958822,3.54722640770308,2.90125813077924,2.43729501137985,1.9969287544068,1.61059738509366,1.25904194875274,0.927483649361483
North America,USA,SPNOc_Cool_5A,Retail Store,RST,SPNOc_Cool_5A.RST.CO2,kgCO2/sqm,44.5287145199058,41.7116193895905,38.2091348107877,34.9027443131534,31.776009779778,28.8666194107957,25.9072051123756,23.2226796525572,20.7020838199998,18.3419101248925,16.066197517017,14.1485383372999,12.2936975615752,10.5678851376737,8.96466881523578,7.48259028613571,6.09794289556733,4.83166409719654,3.76172772549377,2.90907286562939,2.22935296461371,1.85075464070497,1.56532826388796,1.31660323149987,1.10177943500377,0.902837239383985,0.759948114705187,0.624326237952539,0.505345765391325,0.397075417007049,0.294963690451421
North America,USA,SPNOc_Cool_5A,Hotel,HOT,SPNOc_Cool_5A.HOT.CO2,kgCO2/sqm,118.353389716796,110.858541382766,101.540222513119,92.7436096312272,84.4249693211286,76.6845705943131,68.8110837938387,61.668935502975,54.962920049996,48.6837057996713,42.6291992747325,37.5272896680335,32.5925076834878,28.0010041055882,23.7356660081952,19.7926135797583,16.1087755450594,12.7398557523775,9.89330266771928,7.62482447996209,5.81643770845667,4.80918133763743,4.04980783201648,3.38807781993243,2.81654164568237,2.28725828305687,1.90710345387648,1.54628305200249,1.22973690950224,0.941684925925131,0.670017883011059
North America,USA,SPNOc_Cool_5A,Shipping/Distribution Warehouse,SDW,SPNOc_Cool_5A.SDW.CO2,kgCO2/sqm,28.3616155143682,26.5711029658066,24.3449649408588,22.2434620087244,20.2561462955333,18.4069719782484,16.5260030394675,14.8197502150554,13.2176891346611,11.7175904789932,10.2711742974903,9.05233266583984,7.87341767330735,6.7765115844053,5.75752613641912,4.81553444584725,3.93546884157766,3.13063692303087,2.4505979427775,1.90866053720313,1.47663855854192,1.23600591446535,1.0545922646806,0.896505557973453,0.759966078274418,0.633520757396751,0.54270210947919,0.456502438913603,0.380879849224625,0.312064488560006,0.247163475532204
North America,USA,SPNOc_Cool_5A,Refrigerated Warehouse Cool,RFW,SPNOc_Cool_5A.RFW.CO2,kgCO2/sqm,119.14022858421,111.607990627781,102.243185370631,93.4026887409442,85.0425491494446,77.2635358206093,69.3507704803543,62.1729920852091,55.4335222680564,49.1229828408474,43.0382721406279,37.9109105881111,32.9515104089331,28.3371011527099,24.0504845218817,20.0877613496445,16.3855457164994,12.9998193610521,10.139065649479,7.85927068263812,6.04186239454886,5.02958111412691,4.26641931455125,3.60138812355342,3.02700072126105,2.49507691760339,2.11302560634853,1.75040517624464,1.4322798769406,1.142790885646,0.869768574726457
North America,USA,SPNOc_Cool_5A,Self Storage,SST,SPNOc_Cool_5A.SST.CO2,kgCO2/sqm,6.37321737591577,5.97073095495346,5.47032098745612,4.99792754096726,4.55120205481136,4.13552914969975,3.71270918302633,3.32916336922785,2.96903864911411,2.63183389760586,2.30669634267348,2.03271490286904,1.76770850772013,1.5211367614296,1.29208067003159,1.08033188088232,0.882503356553321,0.701586490803149,0.54872162789174,0.426900394675336,0.329786872567889,0.275695449551123,0.234915768518321,0.199379713305868,0.168687224415876,0.140263785167508,0.119848808134066,0.100472123551798,0.0834730438791819,0.068004150213297,0.053415156424132
North America,USA,SPNOc_Cool_5A,Inpatient Healthcare,IHC,SPNOc_Cool_5A.IHC.CO2,kgCO2/sqm,234.88287133545,220.037135915676,201.579484695739,184.155224508672,167.677728555183,152.345608888384,136.749869433564,122.602759428212,109.319537847355,96.8817206628318,84.8890027370503,74.7831811405341,65.0084045964649,55.9135911648248,47.46484369888,39.6544770990539,32.3575602896603,25.684431006242,20.0460015051003,15.5526181196006,11.9705801183122,9.97541478412281,8.47125383959135,7.16050434328484,6.0284100769845,4.98000984079168,4.22700220660962,3.51229205084088,2.88527999265534,2.31470893574545,1.7765930377809
North America,USA,SPNOc_Cool_5A,Outpatient Healthcare,OHC,SPNOc_Cool_5A.OHC.CO2,kgCO2/sqm,68.3343602250745,64.0123246634006,58.6387528798641,53.5660319916785,48.7689423585534,44.3053058621436,39.7649217970637,35.6462768927093,31.7791356280474,28.1581167521817,24.6666795218433,21.7245739888362,18.8788455263302,16.2310745694275,13.7713926495424,11.4975624053905,9.37321268144422,7.43046607744869,5.78895138471971,4.48079370608443,3.43795580098376,2.85710377297981,2.41919774078103,2.03759953932465,1.70801319417127,1.40279267288559,1.18356973234928,0.975496327955474,0.792954450678936,0.626844229211443,0.470182670754253
North America,USA,SPNOc_Cool_5A,Large Multi-Family - Low Rise (>20 Units),MFL,SPNOc_Cool_5A.MFL.CO2,kgCO2/sqm,68.0424663721743,63.7296814525606,58.7449909806049,53.9997929238017,49.4731155614944,45.2284763628185,40.8486186453544,36.8481189739578,33.0567644622809,29.4731262501271,25.9780383594566,23.0207954324224,20.1263013016684,17.4056521011097,14.8517463816782,12.4656469737263,10.2107705663767,8.12563183903691,6.34782562024929,4.9202461773926,3.77325943124623,3.13807953229718,2.65828861707383,2.23674394921086,1.86972991284347,1.5258920841851,1.27896855063175,1.04160076457825,0.83135812628218,0.63781293167843,0.452803362995284
North America,USA,SPNOc_Cool_5A,Large Multi-Family - High Rise (>20 Units),MFH,SPNOc_Cool_5A.MFH.CO2,kgCO2/sqm,78.7686077477048,73.7760295739465,68.0056382103409,62.5124887280156,57.2723037848895,52.3586126517163,47.2883894776061,42.6573198286863,38.2683613861044,34.1198600687125,30.0738666228135,26.6504947720943,23.2997623589025,20.1502768013479,17.1938173000445,14.4316142116453,11.8213178612155,9.40751371994446,7.34948469913117,5.6968861808747,4.36910816710039,3.63380943113024,3.07839252628579,2.59040280566106,2.16553898759824,1.76750447610073,1.48166016269682,1.20687780051257,0.963496127947196,0.739443796976551,0.525272501222099
North America,USA,SPNOc_Cool_5A,Small Multi-Family - High Rise (<20 Units),MFS,SPNOc_Cool_5A.MFS.CO2,kgCO2/sqm,65.7330557395481,61.5626155968312,56.7424463487147,52.1538649958086,47.7765919954696,43.6720484034619,39.4367492209706,35.568287256952,31.902067553099,28.4367084091798,25.0569769564734,22.1973387309313,19.3983782585791,16.767524911671,14.2979116266233,11.9905661547496,9.81011262846569,7.79379453848069,6.07466535420695,4.69420360469307,3.58507350466445,2.97085791130691,2.50690264104559,2.09927118304989,1.74437055648578,1.41188119985217,1.17310745256207,0.943574062421666,0.740270546293818,0.553113369654987,0.374210098009331
North America,USA,SPNOc_Cool_5A,Leisure,LEI,SPNOc_Cool_5A.LEI.CO2,kgCO2/sqm,42.6965392564821,40.0045613589096,36.6576346004687,33.4980926863199,30.5102275748987,27.730053599079,24.9020774347756,22.3367813162546,19.9281341261263,17.6727841547003,15.4981440526663,13.6656549502135,11.8931942625943,10.2440313179341,8.71201954503115,7.2957654044201,5.97261513830734,4.76257629343616,3.74015960844814,2.9253741891301,2.27584307092834,1.91405964762369,1.64131007324577,1.40363180581472,1.19834909959123,1.00824263575908,0.871699726256492,0.742101300304658,0.628405174486684,0.524943498068134,0.427366917138132
North America,USA,SPNOc_Mixed mild_4A,Office,OFF,SPNOc_Mixed mild_4A.OFF.CO2,kgCO2/sqm,64.7682708213601,60.6689497537709,55.5722781262191,50.7609545472699,46.2110589447064,41.9774336386005,37.6710155660663,33.7646044351502,30.0967369612804,26.6623091894217,23.3507857208484,20.5602868870407,17.8611988132557,15.3498674947373,13.0169329850897,10.8602732142564,8.84539123236745,7.00275436159129,5.44582692158318,4.20507860860975,3.21597814114298,2.66505741835598,2.24971668415768,1.88778223816288,1.57517947749664,1.28568696978521,1.07776058745548,0.880409205666714,0.707273711393464,0.549723149699366,0.40113436140717
North America,USA,SPNOc_Mixed mild_4A,Retail High Street,RHS,SPNOc_Mixed mild_4A.RHS.CO2,kgCO2/sqm,89.0640734908242,83.4287414503809,76.4223527219047,69.8082316334731,63.5534952888331,57.7335353634299,51.8135073042545,46.4433683358172,41.4011550632291,36.679851085269,32.1275035141855,28.2914079198912,24.5809745941297,21.1286502677166,17.9215678329161,14.9568100824186,12.1869540982108,9.65388327365743,7.51357688080317,5.80792157668295,4.44820628148381,3.6908561862663,3.11988774819139,2.62233687417456,2.19260221224686,1.79463718894754,1.50880102606183,1.23750230447278,0.999493136093624,0.782908556924091,0.578643717525669
North America,USA,SPNOc_Mixed mild_4A,Enclosed Retail Mall,ERM,SPNOc_Mixed mild_4A.ERM.CO2,kgCO2/sqm,85.756569983584,80.3343258490084,73.5928685728641,67.2288461834578,61.210619180214,55.6107284652563,49.9145534768059,44.7474747111732,39.8959218396908,35.3531437711907,30.9729333880746,27.2818914607214,23.7117601547121,20.3899780138903,17.3041644723994,14.4515126308218,11.7863927663305,9.34910454226014,7.2897292114792,5.6485695775837,4.34026897858189,3.61155644094582,3.06217794076858,2.58344087808462,2.16995570394784,1.78703886819362,1.51201098225299,1.25097083567481,1.0219614697746,0.81356656853128,0.617025562716657
North America,USA,SPNOc_Mixed mild_4A,Strip Shopping Center,SSC,SPNOc_Mixed mild_4A.SSC.CO2,kgCO2/sqm,85.4014393252607,80.0215842437743,73.3328291299238,67.0185582596726,61.0473794780898,55.4912665899724,49.8396221423826,44.7129376435288,39.8993123767668,35.3920480284052,31.0460804727722,27.3838937146681,23.8416723444177,20.5458586395467,17.4841688207778,14.6538179319711,12.0095329662083,9.59129853930371,7.54802262567559,5.91969295685034,4.6216201569242,3.8986044181924,3.35352075126725,2.87852627380486,2.46827357031364,2.08835023350131,1.81547241151369,1.55647297803456,1.3292539207092,1.12248817195571,0.927483649361483
North America,USA,SPNOc_Mixed mild_4A,Retail Store,RST,SPNOc_Mixed mild_4A.RST.CO2,kgCO2/sqm,46.0238935350857,43.1115756067117,39.490700854229,36.0725485096938,32.8401248187706,29.8323919094181,26.7729441733346,23.9976770047989,21.3918805748714,18.9519288343818,16.5992931152604,14.6168136634656,12.6992759888264,10.9151280525172,9.25772018273917,7.72554477797276,6.29409385654886,4.98501259509979,3.87891048161501,2.99743437937904,2.29473874347447,1.90334312658298,1.60826883339006,1.35113645498217,1.12905123420123,0.923384440496348,0.775665410672474,0.635459274608386,0.512457051631394,0.40052697397174,0.294963690451421
North America,USA,SPNOc_Mixed mild_4A,Hotel,HOT,SPNOc_Mixed mild_4A.HOT.CO2,kgCO2/sqm,82.7824609466449,77.5530024640325,71.0512349185434,64.9134827181953,59.1092312917952,53.7084423796356,48.2147925415823,43.2314271285495,38.5523692167459,34.1711077472634,29.9466339362172,26.3868254809703,22.9436287198359,19.7399511718366,16.7638524570241,14.012625474131,11.4422628462901,9.09163139894129,7.10547630795919,5.52266742739453,4.26088291613839,3.55807945197359,3.02823387759287,2.56651811355533,2.16773423410294,1.79843184838018,1.53318246539574,1.2814234934747,1.06055646104656,0.859570954493869,0.670017883011059
North America,USA,SPNOc_Mixed mild_4A,Shipping/Distribution Warehouse,SDW,SPNOc_Mixed mild_4A.SDW.CO2,kgCO2/sqm,46.846681155836,43.8789184888543,40.189109485675,36.7058823217262,33.4119197154029,30.3469255560557,27.2292320225754,24.4011292892043,21.7457236801022,19.2593201133375,16.8618948912518,14.8416729753088,12.8876291987413,11.0695146357111,9.38055301789927,7.81920804205316,6.36050514329711,5.0265015793583,3.89934148248577,3.00108382916939,2.28501026653714,1.88616325587462,1.58547133525973,1.32344366799293,1.09713038649964,0.887548106265574,0.737016800035966,0.594141418114642,0.46879747755432,0.354736473927512,0.247163475532204
North America,USA,SPNOc_Mixed mild_4A,Refrigerated Warehouse Cool,RFW,SPNOc_Mixed mild_4A.RFW.CO2,kgCO2/sqm,129.966455731809,121.744732682994,111.522693008232,101.872956061032,92.7475470168224,84.2564593012348,75.6193761986884,67.7845591878589,60.4281725929324,53.5399797664099,46.8982875497348,41.3015781919337,35.8882050354686,30.8514025395823,26.1723981110209,21.8469356615182,17.8058270588978,14.1101784914228,10.9875574505745,8.49907488617974,6.51530489673915,5.41036153418587,4.57734152156264,3.8514347853661,3.22446917810659,2.64385419726783,2.22683071902088,1.83101678358734,1.48377096888674,1.16778276911496,0.869768574726457
North America,USA,SPNOc_Mixed mild_4A,Self Storage,SST,SPNOc_Mixed mild_4A.SST.CO2,kgCO2/sqm,9.52721690983285,8.92386312941303,8.17371547243763,7.46556643450699,6.79589536774747,6.17277417494413,5.53893906388759,4.96397850704141,4.42412771956949,3.91863548181499,3.4312327703002,3.02051646072722,2.6232543370356,2.2536269719349,1.9102567326539,1.5928312847914,1.29627323509771,1.02506688077875,0.795912335116216,0.613294244744898,0.467714648411385,0.386628025693969,0.325496585143432,0.272225686705719,0.226215614718708,0.18360699830369,0.153003596725915,0.123956664243666,0.0984739188640616,0.0752850235718698,0.053415156424132
North America,USA,SPNOc_Mixed mild_4A,Inpatient Healthcare,IHC,SPNOc_Mixed mild_4A.IHC.CO2,kgCO2/sqm,241.550335674165,226.279972431339,207.294382915685,189.371742186171,172.422945684866,156.652286301926,140.610466898465,126.058711629393,112.395554309179,99.6019822169169,87.2662404151661,76.8713652350217,66.8170038831024,57.462054411088,48.771650122996,40.7378861048038,33.232257917216,26.3682592507431,20.5685555535577,15.9466493599132,12.2621554710875,10.20992306083,8.66273908178147,7.31449863676506,6.15002344017084,5.07163614726482,4.29709047650839,3.56193769469412,2.91699141110536,2.33010049270383,1.7765930377809
North America,USA,SPNOc_Mixed mild_4A,Outpatient Healthcare,OHC,SPNOc_Mixed mild_4A.OHC.CO2,kgCO2/sqm,81.5818729079345,76.4161489235545,69.9936222580749,63.9306744677942,58.1971628806157,52.8621965717945,47.4355010880127,42.512870891669,37.8908394213604,33.562974972298,29.3899873179042,25.8735643501706,22.4723318609806,19.3076994228524,16.3678721802983,13.6501760250925,11.1111399242535,8.7891570102708,6.82720836409676,5.26369010992028,4.01728371151649,3.32304572813589,2.79965769461453,2.34356913321083,1.94964546835705,1.58484398886165,1.32282735672266,1.07413672004211,0.8559615245479,0.657425547034341,0.470182670754253
North America,USA,SPNOc_Mixed mild_4A,Large Multi-Family - Low Rise (>20 Units),MFL,SPNOc_Mixed mild_4A.MFL.CO2,kgCO2/sqm,64.6114458353726,60.5175886773605,55.7859335752742,51.2816136536656,46.9847217689312,42.9555510844272,38.7980259117318,35.0006016207845,31.4017057575564,27.9999819943725,24.6823135166259,21.8751876454141,19.1276252844622,16.5450830497465,14.1208199795355,11.8558449522514,9.71543171748066,7.73613985306443,6.04857952951505,4.69346759379317,3.60470476690104,3.00176819009374,2.54633266310896,2.14618665812171,1.79780317323229,1.47141941371605,1.23703033701487,1.01171193414315,0.812141738608149,0.628421382713754,0.452803362995284
North America,USA,SPNOc_Mixed mild_4A,Large Multi-Family - High Rise (>20 Units),MFH,SPNOc_Mixed mild_4A.MFH.CO2,kgCO2/sqm,75.5537778749646,70.7663326931017,65.2330327887838,59.9655835657276,54.9407051792657,50.2289057598159,45.3670058233366,40.9262156532143,36.7175889240874,32.7395395170115,28.8597861803028,25.577072419586,22.364013517161,19.3439327226101,16.5089470093603,13.860236181678,11.3571906105975,9.0425638578651,7.06909428424606,5.48439705198923,4.21117423335841,3.50608714844247,2.97349098420033,2.50555158385543,2.09814439503589,1.71646416130418,1.44236450110029,1.17887228322891,0.945490576398322,0.73064401515097,0.525272501222099
North America,USA,SPNOc_Mixed mild_4A,Small Multi-Family - High Rise (<20 Units),MFS,SPNOc_Mixed mild_4A.MFS.CO2,kgCO2/sqm,52.2050510339648,48.8978105594986,45.0753222163947,41.436487596693,37.9652246270541,34.7102414041429,31.3515664445538,28.2838005628931,25.3764167429759,22.6283192695365,19.9481262273855,17.6803772708732,15.4607469575692,13.3744288775761,11.4159773153705,9.58620729781411,7.85706507108484,6.25808545061428,4.89478243594443,3.80004931061287,2.92048748194851,2.43340252187593,2.065476932336,1.74221722582676,1.46077409838229,1.19710354564501,1.0077513012166,0.825726840455671,0.664503182009569,0.516083886087601,0.374210098009331
North America,USA,SPNOc_Mixed mild_4A,Leisure,LEI,SPNOc_Mixed mild_4A.LEI.CO2,kgCO2/sqm,59.3809645221798,55.6264130854714,50.9583923410242,46.551720709803,42.3844898952807,38.5069297546028,34.5626990162163,30.9848330032523,27.6254481522939,24.4798697717532,21.4468589410262,18.891052447009,16.4189686950545,14.1188505890241,11.9821253922111,10.0068495093109,8.16142732471781,6.47376373447038,5.04778024589943,3.91138392947048,3.00547084778051,2.50088480605609,2.12047592258582,1.78898164053311,1.50267004775302,1.23752504134261,1.04708611630256,0.866332791102021,0.707758698453273,0.563458781952545,0.427366917138132
North America,USA,SPSOc_Mixed mild_4A/4B,Office,OFF,SPSOc_Mixed mild_4A/4B.OFF.CO2,kgCO2/sqm,63.2963076833601,59.29073087463,54.310611158113,49.6093140824806,45.1634665854731,41.0266568398135,36.8187189701935,33.0016405873663,29.4176507879363,26.0617623353378,22.8259675808949,20.0992825447159,17.4619178653419,15.0080162746547,12.7284318717608,10.6210911146116,8.65228593787311,6.85178692967205,5.33046368034684,4.11808909783086,3.15160761744293,2.61328548207962,2.20744285955869,1.85378521741407,1.5483311317681,1.26545880826114,1.06228733638788,0.869449033403037,0.700272843201177,0.54632518559664,0.40113436140717
North America,USA,SPSOc_Mixed mild_4A/4B,Retail High Street,RHS,SPSOc_Mixed mild_4A/4B.RHS.CO2,kgCO2/sqm,87.0096182340267,81.505127367819,74.6614130162574,68.200858632243,62.0913447948118,56.4065127350213,50.6239359240087,45.378480875418,40.4533377418381,35.841653028895,31.3950018919266,27.6479727889119,24.0236883271005,20.6515200882913,17.5188997133354,14.6229777266608,11.9174322758584,9.44317430540627,7.35256155964423,5.68650817094456,4.35836275389516,3.61859681788152,3.06088512853996,2.57488639379925,2.15512931391514,1.76640424499287,1.48720462790829,1.22220492171827,0.98972185168542,0.778165934617162,0.578643717525669
North America,USA,SPSOc_Mixed mild_4A/4B,Enclosed Retail Mall,ERM,SPSOc_Mixed mild_4A/4B.ERM.CO2,kgCO2/sqm,83.778409440255,78.4821475325785,71.8973235210226,65.6811649482859,59.8027674364917,54.332986448273,48.7691582874536,43.7221331515176,38.9833028759748,34.546073226759,30.2676341111579,26.6623510817895,23.1751693961016,19.9305666483481,16.9164499268645,14.1300775486696,11.5268799671203,9.1462205097455,7.13469339157793,5.5316650074461,4.25376190048354,3.54198051275185,3.00536645569909,2.53775252944336,2.13387440761456,1.75985438920906,1.49121659280888,1.23624153997414,1.01255305398652,0.809000069315277,0.617025562716657
North America,USA,SPSOc_Mixed mild_4A/4B,Strip Shopping Center,SSC,SPSOc_Mixed mild_4A/4B.SSC.CO2,kgCO2/sqm,83.4932314759951,78.2349035754281,71.6972427829922,65.5256068958029,59.6893128858544,54.2587087198003,48.7347309856946,43.723854720552,39.0189658973952,34.6135175127758,30.3657223386296,26.7862618298336,23.3240567742979,20.1026932065257,17.110164829262,14.3437495965872,11.7591971872909,9.39558899255297,7.39846925931683,5.80692242409258,4.53817218501869,3.83148886847254,3.29871826210446,2.83445357920419,2.43346819867329,2.06212706554284,1.79541336358062,1.54226454699242,1.32017820998566,1.11808315554942,0.927483649361483
North America,USA,SPSOc_Mixed mild_4A/4B,Retail Store,RST,SPSOc_Mixed mild_4A/4B.RST.CO2,kgCO2/sqm,44.9622530070316,42.1175473047439,38.5807345978263,35.2419379056615,32.0845580000573,29.1466524661754,26.1582327143707,23.4473960083957,20.9020956169118,18.5187896729235,16.2207726259568,14.2843183170904,12.4112981003576,10.6685708525199,9.04964128022339,7.55303678234927,6.15481835329436,4.87612865636238,3.79570575373671,2.93469395621603,2.24831206674064,1.86600307074333,1.57777920745342,1.32661640136923,1.1096870998688,0.908795056069803,0.764505463789268,0.627554346306048,0.507407736731705,0.398076222107648,0.294963690451421
North America,USA,SPSOc_Mixed mild_4A/4B,Hotel,HOT,SPSOc_Mixed mild_4A/4B.HOT.CO2,kgCO2/sqm,81.0163387981724,75.8993585479212,69.537434797573,63.5316969387598,57.8522867254207,52.5676611200768,47.1921718956034,42.3159916021641,37.7375735873566,33.450546835912,29.3169354628223,25.8336934367615,22.4645549527225,19.329783963376,16.4176969094052,13.7256449154501,11.2105671408819,8.91049444086986,6.9670587279212,5.41829382067491,4.18364850402539,3.4959613452313,2.97751199740614,2.52572708436683,2.13552048036353,1.77416126498833,1.51461701989383,1.26827302626106,1.05215653033245,0.855493936865769,0.670017883011059
North America,USA,SPSOc_Mixed mild_4A/4B,Shipping/Distribution Warehouse,SDW,SPSOc_Mixed mild_4A/4B.SDW.CO2,kgCO2/sqm,45.8322876164038,42.9291281776488,39.3196401434598,35.9122370074704,32.6899784563245,29.6917040921255,26.6418775310029,23.8753378627534,21.2777359912977,18.8454572704563,16.50021998459,14.5239749199486,12.6124674073038,10.8339301566255,9.18173440761974,7.65437729978524,6.2274279227416,4.9224633846168,3.81983967732704,2.94113559034843,2.24064975119168,1.85048497268474,1.55633861212743,1.30001484880769,1.07862802883294,0.87360800421078,0.726353512680612,0.586588288794811,0.463972876121487,0.352394789720861,0.247163475532204
North America,USA,SPSOc_Mixed mild_4A/4B,Refrigerated Warehouse Cool,RFW,SPSOc_Mixed mild_4A/4B.RFW.CO2,kgCO2/sqm,126.591637605673,118.584845091361,108.630027802705,99.2325522254826,90.3456976827788,82.0765821754967,73.6652878615963,66.0352869699514,58.8712094680787,52.1630863127398,45.6950198007566,40.244618428105,34.9727605208248,30.0676290440421,25.5109421536416,21.2985550231108,17.3630882217026,13.7640505127089,10.7230603666712,8.29963118396913,6.36772048748082,5.29166231919872,4.48041893849335,3.77348870173415,3.16291309597227,2.59747642841785,2.1913546892039,1.80588803744816,1.46771984894761,1.15999214545748,0.869768574726457
North America,USA,SPSOc_Mixed mild_4A/4B,Self Storage,SST,SPSOc_Mixed mild_4A/4B.SST.CO2,kgCO2/sqm,9.28584101610296,8.69785963440699,7.96682442730597,7.27671778791539,6.62410876830984,6.01686361331369,5.39917751195683,4.83886594417338,4.31276961026705,3.82015643034355,3.3451718871798,2.94491991060354,2.55777933079125,2.19756942426953,1.86294765793993,1.55360965513537,1.26460738570295,1.00031089480133,0.776994806043556,0.599029505114319,0.457159022195723,0.378138344759558,0.318564426361367,0.266650777215427,0.221812961365445,0.180289937950521,0.150466257502582,0.122159390040744,0.0973259004299216,0.0747278176195033,0.053415156424132
North America,USA,SPSOc_Mixed mild_4A/4B,Inpatient Healthcare,IHC,SPSOc_Mixed mild_4A/4B.IHC.CO2,kgCO2/sqm,236.191024482784,221.261977297854,202.700744850023,185.178702651377,168.608737767626,153.190576829249,137.507316713031,123.280815510606,109.923050728919,97.4154346105592,85.3554155729661,75.1928818088308,65.3632508661843,56.2173988743565,47.7212384615392,39.8670414006718,32.5291755239268,25.8185977636231,20.1485263463915,15.6299268506229,12.0277870557687,10.0214251899782,8.50882314772915,7.190717946156,6.05227055763023,4.99798687600361,4.24075348988636,3.52203250117684,2.89150175699398,2.31772875147368,1.7765930377809
North America,USA,SPSOc_Mixed mild_4A/4B,Outpatient Healthcare,OHC,SPSOc_Mixed mild_4A/4B.OHC.CO2,kgCO2/sqm,79.7718044463483,74.7213574835424,68.4421543380991,62.514505794417,56.908941836831,51.6930293195285,46.3874346328957,41.574656637146,37.0557692804466,32.8244843863456,28.7446200945857,25.3066687539736,21.9813373296141,18.8873260479681,16.0131032646319,13.356054546119,10.8736789482915,8.60351283196959,6.68534654758961,5.15671938090894,3.93812748008834,3.25938194021221,2.74767370487873,2.30176310325214,1.91663014168589,1.55996948197668,1.3037999483368,1.06065903052946,0.847352578853921,0.653247081217389,0.470182670754253
North America,USA,SPSOc_Mixed mild_4A/4B,Large Multi-Family - Low Rise (>20 Units),MFL,SPSOc_Mixed mild_4A/4B.MFL.CO2,kgCO2/sqm,63.3408589642201,59.3280758588516,54.6901256516923,50.2750085176634,46.0632115508562,42.1138338790483,38.0386436295581,34.3164228850441,30.7887989449468,27.4544423420741,24.2024764080257,21.4509423813448,18.7577922792714,16.2263942728494,13.85014089721,11.6300210511183,9.53199619693266,7.59190189281688,5.93776172762423,4.60948619878567,3.54228504621113,2.95128892308408,2.50487276401208,2.11265118262373,1.77116702516657,1.45124691425352,1.22149963906375,1.00064340361773,0.805025462378466,0.624943473244454,0.452803362995284
North America,USA,SPSOc_Mixed mild_4A/4B,Large Multi-Family - High Rise (>20 Units),MFH,SPSOc_Mixed mild_4A/4B.MFH.CO2,kgCO2/sqm,74.0680095719538,69.3753688149982,63.9516432860185,58.7885038723388,53.863131733481,49.2446387472687,44.4790176421755,40.1261671856624,36.0008827030882,32.1016094849741,28.2986858079057,25.0809787007166,21.9315470963319,18.9712721088502,16.1924268170475,13.5961676618598,11.1426891953347,8.87389834250969,6.93950882952672,5.3861929090237,4.13818336229759,3.44705891779961,2.92500960498673,2.46633667643544,2.06699725711965,1.69287532926568,1.42420358722394,1.16592923132986,0.937169116529983,0.726577101059894,0.525272501222099
North America,USA,SPSOc_Mixed mild_4A/4B,Small Multi-Family - High Rise (<20 Units),MFS,SPSOc_Mixed mild_4A/4B.MFS.CO2,kgCO2/sqm,51.1784364520746,47.9367025608626,44.1899263266358,40.6231661825594,37.2206585932664,34.0301468931033,30.7379972807221,27.730994703902,24.8811974978769,22.1875316502367,19.5604252493531,17.3375936452275,15.1619275973087,13.1169332644265,11.1972727944621,9.40374507102261,7.7088520015917,6.14154340487606,4.80524336235795,3.73219363960001,2.8700533110054,2.39261605321973,2.03197797375008,1.71512107920467,1.43925250184253,1.18080447741788,0.995202736969989,0.816783638620769,0.658753340647266,0.513273788913813,0.374210098009331
North America,USA,SPSOc_Mixed mild_4A/4B,Leisure,LEI,SPSOc_Mixed mild_4A/4B.LEI.CO2,kgCO2/sqm,58.1141015243779,54.4402322255159,49.8725233024732,45.5605473210486,41.4828667754953,37.6886321257719,33.8291595731493,30.3281788775714,27.0409843684402,23.9630018093402,20.9951678185259,18.4942834464546,16.0753226854632,13.8246321739729,11.7338233961451,9.80099452289576,7.99522890170097,6.34383177596255,4.94849146763057,3.83651534780722,2.95006957276249,2.4563266587086,2.08409244070543,1.75972169066732,1.47956269208792,1.22011542782251,1.03376887436411,0.856899785388812,0.701733315998826,0.560534282772863,0.427366917138132
North America,USA,SPSOc_Warm_3A/3B,Office,OFF,SPSOc_Warm_3A/3B.OFF.CO2,kgCO2/sqm,59.8366479664029,56.0514049606724,51.3452254951928,46.902531540451,42.7012357106183,38.7919784666509,34.8155056263816,31.2083923588413,27.8215462268849,24.6502543256724,21.5924501573589,19.0157512311189,16.5234594382357,14.2045390239135,12.0503471736361,10.0589244041851,8.19841682169336,6.49695743068532,5.05931724452966,3.91363145995247,3.00031299459858,2.4916022158481,2.10808368114506,1.77387960011647,1.48522755411319,1.21791512067393,1.02591945323445,0.843688560540191,0.683818204465119,0.538338708746519,0.40113436140717
North America,USA,SPSOc_Warm_3A/3B,Retail High Street,RHS,SPSOc_Warm_3A/3B.RHS.CO2,kgCO2/sqm,84.0746686381428,78.7570945958365,72.1457732814102,65.9046009139081,60.0025487563726,54.5107573935068,48.9245404126314,43.8572060697392,39.0993067620034,34.6442217201887,30.3485661843979,26.7287755119711,23.2275614225124,19.9699024075678,16.9436568936495,14.1460721652558,11.5323993280841,9.14216010752014,7.12253861307337,5.51305964977199,4.2300142663257,3.51536867341935,2.9765952837604,2.50709968112141,2.10159635550615,1.72607128219108,1.45635248847934,1.20035141715306,0.975762809681346,0.771390728694768,0.578643717525669
North America,USA,SPSOc_Warm_3A/3B,Enclosed Retail Mall,ERM,SPSOc_Warm_3A/3B.ERM.CO2,kgCO2/sqm,69.8617254070472,65.4517691389544,59.9688858468801,54.7929734884739,49.898299394675,45.3438616847257,40.7111151740531,36.5086870235149,32.5628787078862,28.8681995085505,25.3057379603118,22.3037828510739,19.4001653561596,16.6985323035744,14.1888144760999,11.8687289990862,9.70116483931573,7.71889804827437,6.04399095760647,4.70922217279874,3.64517041048,3.05250244068238,2.6056883356215,2.21632749941548,1.88003656706508,1.56860711865188,1.34492465076553,1.1326185276816,0.946363305021355,0.776873997980315,0.617025562716657
North America,USA,SPSOc_Warm_3A/3B,Strip Shopping Center,SSC,SPSOc_Warm_3A/3B.SSC.CO2,kgCO2/sqm,114.576223265035,107.338326750852,98.3394751852454,89.8444435479292,81.8109977702697,74.3359692618428,66.7324154435651,59.8351270777005,53.3590192623098,47.2950802860023,41.4481452022079,36.5211484022405,31.7555494558245,27.3214600306324,23.2023538965213,19.394484256592,15.8369421580946,12.5835217101713,9.83455925881123,7.64385310494286,5.89746468900315,4.92474088588892,4.19140158343208,3.55235818530923,3.00041643826255,2.48927891624378,2.12215723607826,1.77370712573882,1.46801338528271,1.18983691593774,0.927483649361483
North America,USA,SPSOc_Warm_3A/3B,Retail Store,RST,SPSOc_Warm_3A/3B.RST.CO2,kgCO2/sqm,43.4185431259161,40.6721509852677,37.2575711876414,34.0341639342268,30.9859036692655,28.1495327006511,25.2643932949422,22.6472436130319,20.1899092795932,17.8889708352169,15.6703736876139,13.800843602193,11.9925553148058,10.310057046916,8.74707798372411,7.30219641748158,5.95230067910065,4.71780273748304,3.67471945264223,2.84346438403718,2.18080398116224,1.81170765564014,1.53344486302502,1.29096229054025,1.08153010631184,0.887580929156308,0.748278012197996,0.61605995097414,0.500065630719794,0.394512633709517,0.294963690451421
North America,USA,SPSOc_Warm_3A/3B,Hotel,HOT,SPSOc_Warm_3A/3B.HOT.CO2,kgCO2/sqm,74.8203391328289,70.0979607455754,64.2266441192263,58.6840456965378,53.4426097847023,48.5655142082287,43.6045620659331,39.1044140677149,34.879066064881,30.9226383503894,27.1077952095299,23.8931674296718,20.7838439649371,17.8908144738905,15.2032963884342,12.7188451043019,10.3977204675008,8.2750205397229,6.48145512437954,5.052125018101,3.91269080610002,3.27803543964211,2.79956691419977,2.38262191838523,2.02250654893108,1.68901396829449,1.44948477849349,1.22213788746259,1.02268746561425,0.841190735990816,0.670017883011059
North America,USA,SPSOc_Warm_3A/3B,Shipping/Distribution Warehouse,SDW,SPSOc_Warm_3A/3B.SDW.CO2,kgCO2/sqm,17.8014219050473,16.6834516897529,15.293483208926,13.9813350827554,12.74048380946,11.5858860317049,10.4114361507811,9.34607649218105,8.34577265605217,7.40913268757661,6.50601128184332,5.74498414330659,5.00888662247431,4.32399427846218,3.68775445898586,3.09958843135308,2.55008815900435,2.04756271511603,1.62295618232565,1.28457828127561,1.01482998775833,0.864582434832081,0.751310367976073,0.652603307992304,0.567350025831318,0.488399390875908,0.431693536763519,0.37787170550189,0.330654051013168,0.287686732163833,0.247163475532204
North America,USA,SPSOc_Warm_3A/3B,Refrigerated Warehouse Cool,RFW,SPSOc_Warm_3A/3B.RFW.CO2,kgCO2/sqm,127.149705390271,119.107371462245,109.108365657516,99.6691755526888,90.7428730820715,82.4370517334962,73.9884204596894,66.3245506976014,59.1286725162528,52.3907726207416,45.8939949578918,40.4193997560946,35.1241405576491,30.1972356545126,25.6203220511493,21.3892365225441,17.4363005468693,13.8212870413302,10.7667982204249,8.33261165903021,6.39212538908964,5.31129069781516,4.49644628254253,3.786378047644,3.17309215306551,2.60514556427921,2.19722108811085,1.81004338542944,1.47037409952052,1.16128042112825,0.869768574726457
North America,USA,SPSOc_Warm_3A/3B,Self Storage,SST,SPSOc_Warm_3A/3B.SST.CO2,kgCO2/sqm,3.31185077355529,3.10433223991663,2.84632516870928,2.60276317453939,2.37243535974146,2.158117988398,1.94011565364238,1.74236273399753,1.5566855286241,1.38282566174543,1.21518753753466,1.07392506588037,0.937290049984224,0.810159780335389,0.69206043155669,0.582884578818709,0.480885894782369,0.387606716316636,0.308790909014604,0.245980929928407,0.195910033981063,0.168020961947205,0.146995309479362,0.128673225342066,0.112848442302321,0.0981935617235276,0.0876677753178209,0.077677323561269,0.0689127444273105,0.0609371160250361,0.053415156424132
North America,USA,SPSOc_Warm_3A/3B,Inpatient Healthcare,IHC,SPSOc_Warm_3A/3B.IHC.CO2,kgCO2/sqm,253.927380132955,237.868765588381,217.903145970481,199.055344217541,181.231656222643,164.646920410062,147.777027382803,132.474115127406,118.105669964827,104.651697743545,91.679188866994,80.7477335307674,70.1743692384546,60.3365202452009,51.1975200472486,42.7490556814233,34.8559893500777,27.6376732519882,21.538590691552,16.6781031677997,12.8034168743816,10.6452488787584,9.01819975399347,7.60036356531629,6.3757785288333,5.24172522629113,4.42719775395414,3.65409661897796,2.97585841302213,2.35867237177001,1.7765930377809
North America,USA,SPSOc_Warm_3A/3B,Outpatient Healthcare,OHC,SPSOc_Warm_3A/3B.OHC.CO2,kgCO2/sqm,90.4772519577833,84.7450119413297,77.6181378632867,70.8902770549652,64.5279811494534,58.6079382949903,52.5861064852956,47.1236199329733,41.994698250064,37.1922043778174,32.5615723709556,28.6595093665501,24.8852695816234,21.3735773669293,18.1113443455397,15.0956031443955,12.27811533737,9.7014845655169,7.52437239811647,5.78938579601642,4.40628815949963,3.63591429490492,3.05512719924204,2.54902019262875,2.11189559945831,1.70708697144253,1.41633542756116,1.14037131805625,0.898269225495522,0.677960150049331,0.470182670754253
North America,USA,SPSOc_Warm_3A/3B,Large Multi-Family - Low Rise (>20 Units),MFL,SPSOc_Warm_3A/3B.MFL.CO2,kgCO2/sqm,51.5918485657142,48.3287504359931,44.5572815453687,40.9670151182413,37.5420837316516,34.3305453663717,31.0166992570272,27.9898794088319,25.121300973608,22.4098828608024,19.7654628463956,17.5279819508261,15.3379774501152,13.2795058399044,11.3471940896335,9.54184634785135,7.83578329932967,6.25814555290551,4.91303879343094,3.8329172717597,2.96509511602366,2.48451136818336,2.12149654891834,1.8025514489571,1.52486479451594,1.2647135009701,1.07788857565149,0.898293628728748,0.73922185200009,0.592783535622244,0.452803362995284
North America,USA,SPSOc_Warm_3A/3B,Large Multi-Family - High Rise (>20 Units),MFH,SPSOc_Warm_3A/3B.MFH.CO2,kgCO2/sqm,61.1135788344327,57.247538936833,52.7791936330537,48.5255326340589,44.4677566001432,40.6628034668748,36.7366385880005,33.1505354949347,29.7519130082376,26.5394902779174,23.4064452773426,20.7555319218413,18.1608674529566,15.7220399777217,13.4326836592261,11.2937512332595,9.27244891527828,7.40330179522017,5.8096517755365,4.52994986923984,3.50177512710196,2.93239110326097,2.5022999080512,2.12442145249292,1.79542500726733,1.48720403435213,1.26585837251953,1.05307861456908,0.864614213264777,0.691117630830563,0.525272501222099
North America,USA,SPSOc_Warm_3A/3B,Small Multi-Family - High Rise (<20 Units),MFS,SPSOc_Warm_3A/3B.MFS.CO2,kgCO2/sqm,42.6355940196008,39.9389648141217,36.8222172467162,33.8552156678606,31.0248472153405,28.3708270767948,25.6322596645774,23.1308911865583,20.7602936503777,18.5195736411753,16.3342209613243,14.4851633817381,12.6753403663166,10.9742163295661,9.37735099094498,7.88540890002428,6.47551582904098,5.17175362099565,4.06015537053282,3.16754131940276,2.45037178379957,2.05321665128888,1.75322065829818,1.4896439476666,1.26016327850822,1.04517385798508,0.890781458523684,0.742363924090011,0.61090676839282,0.489889923343343,0.374210098009331
North America,USA,SPSOc_Warm_3A/3B,Leisure,LEI,SPSOc_Warm_3A/3B.LEI.CO2,kgCO2/sqm,62.5520282430221,58.5955226876059,53.676413089684,49.0327103508271,44.6413277459283,40.5551969532969,36.3988094083841,32.628493034922,29.0884097387798,25.7736333806971,22.5774794848993,19.8841983399716,17.2791433119768,14.8553038152935,12.6036459930212,10.5221217055218,8.57743583598094,6.79899426098907,5.29630833709905,4.09878623228872,3.14414485878475,2.61241756434705,2.2115468115683,1.86222173488748,1.56050968578911,1.28110275568367,1.08042028333246,0.889944390973166,0.72284073316314,0.570779047258591,0.427366917138132
North America,USA,SRMVc_Hot or very hot_2A,Office,OFF,SRMVc_Hot or very hot_2A.OFF.CO2,kgCO2/sqm,50.7553782116774,47.5484899763065,43.561376985531,39.7974910328337,36.2381195077808,32.9261654150744,29.557265730054,26.5012904376322,23.6319272292095,20.9451832940042,18.3545870763803,16.1715870787205,14.0600974814586,12.0954895067016,10.2704408926687,8.58329154946037,7.00705460269678,5.56556455946192,4.34758426263573,3.37695007655311,2.60317934710291,2.172195495046,1.84727551629592,1.56413513824332,1.31958680963079,1.09311757194462,0.930457302518932,0.77606982857931,0.64062638061427,0.517374984970353,0.40113436140717
North America,USA,SRMVc_Hot or very hot_2A,Retail High Street,RHS,SRMVc_Hot or very hot_2A.RHS.CO2,kgCO2/sqm,69.6424389773799,65.2440038987505,59.7754448614699,54.6130547838532,49.7311682244805,45.1886291676165,40.5679858949445,36.3765367582524,32.4410370267517,28.7560103265507,25.2028558534751,22.2087434736139,19.3127117970738,16.6181368703219,14.1149757823777,11.8009516226938,9.63905031213099,7.66196227341235,5.99143094539423,4.66014929812815,3.59887741415903,3.0077578134503,2.56211102834598,2.17376741310336,1.83835505444187,1.52773922808329,1.30464113970899,1.0928896749753,0.907121051632225,0.738074542274363,0.578643717525669
North America,USA,SRMVc_Hot or very hot_2A,Enclosed Retail Mall,ERM,SRMVc_Hot or very hot_2A.ERM.CO2,kgCO2/sqm,60.2334732909713,56.4367072145542,51.7162011553626,47.2599827118622,43.0458972596066,39.124739419697,35.1361613651647,31.5180672910835,28.1209108917746,24.939964915331,21.87285215216,19.2883092159529,16.7884303660545,14.4624506734216,12.3017010130048,10.3042159365091,8.43804458015839,6.73140559122143,5.28938892792497,4.14021543641317,3.22411663880063,2.71385723813772,2.32917119287371,1.99394972478606,1.70441896163704,1.43629277329189,1.24371263092066,1.06092698930946,0.900569954463443,0.754647588759989,0.617025562716657
North America,USA,SRMVc_Hot or very hot_2A,Strip Shopping Center,SSC,SRMVc_Hot or very hot_2A.SSC.CO2,kgCO2/sqm,89.7412197529258,84.0849790138779,77.0525945731386,70.4139331979272,64.1359899870116,58.2944363405822,52.3524432788955,46.9623795542327,41.9014582238301,37.1626368536051,32.5933987669984,28.7430701575022,25.0188700596066,21.5537366194966,18.334754988775,15.3589971364564,12.5788641918963,10.0363949478647,7.88814740425511,6.17616362961687,4.81140340058041,4.05124331923158,3.47815642444484,2.97875949394179,2.54743039313068,2.14798880542174,1.86109210836747,1.58878679068776,1.34989454001087,1.13250636991612,0.927483649361483
North America,USA,SRMVc_Hot or very hot_2A,Retail Store,RST,SRMVc_Hot or very hot_2A.RST.CO2,kgCO2/sqm,35.8738670645759,33.6079693381171,30.7907865746874,28.1313298063475,25.6163772248127,23.276242895831,20.8958724006077,18.7366055478258,16.7091935854636,14.8108153048577,12.9803723181199,11.4379254448553,9.94600582473683,8.55786865977892,7.26834024416339,6.07624760469851,4.96252256912089,3.94400593494169,3.0834150496685,2.39759202309414,1.85086722073795,1.54634605915052,1.31676667031794,1.1167075813164,0.943916557388396,0.783899714541798,0.668968507831311,0.559882627526835,0.464182067269478,0.37709607091572,0.294963690451421
North America,USA,SRMVc_Hot or very hot_2A,Hotel,HOT,SRMVc_Hot or very hot_2A.HOT.CO2,kgCO2/sqm,94.6937635880859,88.7057152948041,81.2607956757785,74.2326957854966,67.5864745824417,61.4022425180011,55.1116790407269,49.4054222924366,44.04761615704,39.0308050757424,34.1935254074253,30.1173280314012,26.174658143592,22.5062523349777,19.0984381436757,15.9481157739466,13.0048941004342,10.3132780041916,8.0390095226093,6.22659700468416,4.7817769312026,3.97702418326564,3.37031874752644,2.84162609186831,2.38499427488708,1.9621205628412,1.65839387290665,1.37011452483597,1.11720832795709,0.887067688445588,0.670017883011059
North America,USA,SRMVc_Hot or very hot_2A,Shipping/Distribution Warehouse,SDW,SRMVc_Hot or very hot_2A.SDW.CO2,kgCO2/sqm,23.9897089615142,22.4776280726986,20.5976631620403,18.8229521028953,17.1446717063836,15.5830511818576,13.9945802230414,12.5536563438126,11.200721987488,9.93389450258955,8.71240165849798,7.68309463733696,6.68750550774468,5.76117257855821,4.90064332780326,4.10513500596489,3.36192302334629,2.68224559594093,2.10795531994326,1.65029128705972,1.28545040504151,1.08223707228624,0.929033950068431,0.795530340624478,0.680223280650178,0.57344069857173,0.496744703352634,0.423949416556611,0.360086433455317,0.301972128810253,0.247163475532204
North America,USA,SRMVc_Hot or very hot_2A,Refrigerated Warehouse Cool,RFW,SRMVc_Hot or very hot_2A.RFW.CO2,kgCO2/sqm,111.116738053107,104.095488554122,95.3659934691006,87.1252378144034,79.3322516849408,72.0809681018107,64.7050062691879,58.0141697273439,51.7319068260876,45.8494755954333,40.1775528279216,35.3980324596097,30.7750789330819,26.4737120795936,22.4779003373671,18.7840090598167,15.3329524402939,12.176914405596,9.5102347706332,7.38510152851919,5.69098656481087,4.74737863923702,4.03598988148519,3.41607453313675,2.8806536816053,2.3848156900902,2.02868281255076,1.6906626214845,1.39411900307073,1.12426900007739,0.869768574726457
North America,USA,SRMVc_Hot or very hot_2A,Self Storage,SST,SRMVc_Hot or very hot_2A.SST.CO2,kgCO2/sqm,4.191884949035,3.92832007196475,3.60063077687543,3.29128786698312,2.99875340691036,2.72655347063615,2.44967334068623,2.19851156230148,1.96268689184478,1.74187117173605,1.5289575546958,1.34954309313723,1.17600586474266,1.01454041245565,0.864544940739696,0.725883011603142,0.596336651825101,0.47786475066786,0.377762469688353,0.297988850790949,0.234394870514768,0.198973553134961,0.172269319007816,0.148998829530833,0.128900109077285,0.110287256863542,0.0969186793613593,0.0842300190141502,0.0730983134189449,0.0629686373724493,0.053415156424132
North America,USA,SRMVc_Hot or very hot_2A,Inpatient Healthcare,IHC,SRMVc_Hot or very hot_2A.IHC.CO2,kgCO2/sqm,211.258431908504,197.917255609721,181.330217512662,165.671840176777,150.864276101159,137.086008758717,123.070838496453,110.357484569353,98.4204672431525,87.243175776019,76.4658744416357,67.3842396319788,58.6000997111,50.4270112136154,42.8345123403743,35.8156968475682,29.2582949513973,23.2614620753327,18.1944660730466,14.1564700944756,10.9374580931922,9.14449521759169,7.79277529430585,6.61486530067396,5.59750450536856,4.65535566684726,3.97866250764062,3.33638552229563,2.77291876411979,2.26017292526569,1.7765930377809
North America,USA,SRMVc_Hot or very hot_2A,Outpatient Healthcare,OHC,SRMVc_Hot or very hot_2A.OHC.CO2,kgCO2/sqm,78.8680654481948,73.8751745072734,67.6675305636825,61.807434827072,56.2657531286592,51.109282315666,45.8641513713798,41.1062208688696,36.6388317620304,32.4557675358738,28.4223982890459,25.0236266099678,21.7361914054168,18.6774401675548,15.835972669174,13.2092042714558,10.755118380517,8.5108235844237,6.61451715154893,5.1033105615631,3.89860600628408,3.2275956022157,2.72171890825039,2.28089000345871,1.90014610316319,1.54755002801189,1.29429985960699,1.05392983001794,0.843054266319478,0.6511608382982,0.470182670754253
North America,USA,SRMVc_Hot or very hot_2A,Large Multi-Family - Low Rise (>20 Units),MFL,SRMVc_Hot or very hot_2A.MFL.CO2,kgCO2/sqm,42.549076206346,39.8629824664484,36.7584117258219,33.8030019308686,30.9836914500392,28.3400403076333,25.6121722094541,23.1205763325228,20.7592404881978,18.527274752103,16.3504600306392,14.508626537497,12.7058743229291,11.0113964107931,9.42076986828796,7.93465664865463,6.53027189149242,5.23160335440543,4.1243480091831,3.23522131352414,2.52085368889303,2.12525020249689,1.82642626440062,1.56387932210252,1.33529521139075,1.12114573342838,0.967356529915193,0.819518848218612,0.688575282723765,0.568031238607842,0.452803362995284
North America,USA,SRMVc_Hot or very hot_2A,Large Multi-Family - High Rise (>20 Units),MFH,SRMVc_Hot or very hot_2A.MFH.CO2,kgCO2/sqm,49.7243989775627,46.5850838622245,42.9566826236823,39.5026100782956,36.2076007210881,33.1178894918173,29.9297514808225,27.0177516196178,24.257990410107,21.6494277720413,19.1053217131655,16.9527178635404,14.8457894297553,12.8654042916039,11.0063932401374,9.26952991917357,7.62818500614092,6.11039368421681,4.81631247246882,3.77716449573468,2.94226247850347,2.47990929027438,2.13066514746711,1.82381897445393,1.55666614087079,1.30638347831015,1.12664560691958,0.953863450484367,0.800825934217376,0.659942638099971,0.525272501222099
North America,USA,SRMVc_Hot or very hot_2A,Small Multi-Family - High Rise (<20 Units),MFS,SRMVc_Hot or very hot_2A.MFS.CO2,kgCO2/sqm,39.9682814438352,37.441849054563,34.5218139279391,31.7420736237801,29.0903428936182,26.603830314811,24.0381066341604,21.6946111593166,19.4736330637124,17.3743353200564,15.3269104159797,13.5945554636547,11.898958799597,10.3052006159046,8.80912087880121,7.41134219504224,6.09043403580947,4.8689583269422,3.82751821418161,2.9912411890302,2.31933555971128,1.94724673552218,1.66618488548969,1.41924372745267,1.20424665106723,1.00282621318985,0.85817823642531,0.719128023156357,0.595967740207489,0.482588831324013,0.374210098009331
North America,USA,SRMVc_Hot or very hot_2A,Leisure,LEI,SRMVc_Hot or very hot_2A.LEI.CO2,kgCO2/sqm,69.0586441699901,64.6877546724713,59.2534429603931,54.1233827983181,49.2720694768789,44.7579784647858,40.1662723713095,36.001072548317,32.0902192251698,28.428270324243,24.8973677891834,21.9220062977494,19.0441112707265,16.3664113531259,13.8789265285681,11.5793941458556,9.43103192972954,7.46632557630574,5.80625609559721,4.48331171509539,3.42868613833275,2.84126847538514,2.39841259191886,2.01250101224371,1.67918920256518,1.37051863475566,1.1488177175068,0.938392364684012,0.753787133454409,0.585799292521053,0.427366917138132
North America,USA,SRMVc_Mixed mild_4A,Office,OFF,SRMVc_Mixed mild_4A.OFF.CO2,kgCO2/sqm,51.9213396803666,48.6401953777623,44.560760076828,40.7097206757256,37.0679312701996,33.6792882916539,30.2323811354798,27.1056441918489,24.1698403681994,21.4208843995058,18.7703024658883,16.5367547151733,14.3763732008912,12.3662743791967,10.4989664400357,8.77275085383195,7.16001586033141,5.68514785886708,4.43896501172666,3.44585561849903,2.65416809024194,2.21320473046728,1.88076117184264,1.59106462799752,1.34085373935843,1.10914056621032,0.942713869327179,0.78475152598038,0.646171860897608,0.520066557275044,0.40113436140717
North America,USA,SRMVc_Mixed mild_4A,Retail High Street,RHS,SRMVc_Mixed mild_4A.RHS.CO2,kgCO2/sqm,71.1332948354614,66.6399122857483,61.0533053878583,55.7794766112828,50.7922064837446,46.1516092339011,41.4312217600127,37.1492932849672,33.1288393049038,29.3642652293737,25.7344100603558,22.6756648295997,19.7171175358116,16.9643757678156,14.4071798218442,12.0432036364829,9.8346341226839,7.81486737982836,6.10827487956921,4.74825532360415,3.66407413673212,3.06019424510356,2.6049274395861,2.20820078730425,1.86554800002308,1.54822701906654,1.32031299072358,1.10399052159507,0.914211776315935,0.741516119415339,0.578643717525669
North America,USA,SRMVc_Mixed mild_4A,Enclosed Retail Mall,ERM,SRMVc_Mixed mild_4A.ERM.CO2,kgCO2/sqm,68.4916727657715,64.1689704282553,58.7945696446329,53.7210661697021,48.9232364724487,44.4589113549154,39.9178268285907,35.7985465261962,31.9308086638577,28.3092311604944,24.8172552936809,21.8746958715591,19.0285283883728,16.3803489504003,13.920287566612,11.6461065305579,9.52142907560241,7.57838275715874,5.93661482210303,4.62825532931662,3.58525654189266,3.00431490377451,2.56634131425019,2.18468424227815,1.85504705066372,1.54977944191953,1.33052268107824,1.12241717645817,0.939847137795117,0.773711289911263,0.617025562716657
North America,USA,SRMVc_Mixed mild_4A,Strip Shopping Center,SSC,SRMVc_Mixed mild_4A.SSC.CO2,kgCO2/sqm,68.7470719641792,64.4278761374839,59.057834986571,53.9884470609993,49.1945092907019,44.7338055662487,40.1964046990768,36.0804658946221,32.2158654827967,28.5972257483827,25.1080825196292,22.167910057249,19.32405134212,16.6780200672941,14.2199542481292,11.9476179933691,9.82466404466155,7.88319389603231,6.2427577383187,4.93545956698376,3.89330684441662,3.31283645737739,2.87521814541119,2.49387066788917,2.16450087298381,1.85948089271129,1.64040198964147,1.4324652970623,1.25004335645602,1.08404227546168,0.927483649361483
North America,USA,SRMVc_Mixed mild_4A,Retail Store,RST,SRMVc_Mixed mild_4A.RST.CO2,kgCO2/sqm,36.7581569087386,34.4359418099778,31.548739853414,28.823184066043,26.2457240203793,23.8474272179977,21.4078942063771,19.1949602203316,17.1171582898077,15.1715970868878,13.2956596641223,11.7148763055859,10.1858760212742,8.76323763562465,7.44165885382168,6.21993754920951,5.07853162285807,4.03470043903566,3.15272014296968,2.44985144382595,1.88953816221868,1.57744833085825,1.34216289988493,1.13713147604844,0.96004584680292,0.796051892364761,0.678264147390497,0.566467010500048,0.46838787683287,0.379137416292719,0.294963690451421
North America,USA,SRMVc_Mixed mild_4A,Hotel,HOT,SRMVc_Mixed mild_4A.HOT.CO2,kgCO2/sqm,67.3681825301083,63.1204063116107,57.8391609112015,52.8535973163556,48.1389291997199,43.7519849724207,39.2896118199374,35.2417316885725,31.4410339702873,27.882229872508,24.4507810045435,21.5592254545985,18.7623910660696,16.1601129630168,13.7426922326075,11.5079299549302,9.42007988789931,7.51071271466324,5.89740181645585,4.61172033650065,3.58680002063939,3.01592794061753,2.58554582020985,2.2105040737833,1.88658053847074,1.58660418399284,1.37114783707686,1.16664945980217,0.987243938003347,0.823987750419897,0.670017883011059
North America,USA,SRMVc_Mixed mild_4A,Shipping/Distribution Warehouse,SDW,SRMVc_Mixed mild_4A.SDW.CO2,kgCO2/sqm,37.9933045905363,35.5893829621569,32.6005955614605,29.779141808054,27.1109945062124,24.6283142594105,22.1029469181553,19.8121514298004,17.6612425829239,15.647227318993,13.7052855296735,12.0688827229758,10.4860849643976,9.01339142000942,7.64531323514239,6.38060598662939,5.1990399919113,4.11848188146468,3.20546933984056,2.4778703897329,1.89784263216525,1.57477200188428,1.33120811468833,1.118962713941,0.935646373242997,0.765882334499244,0.643950258589147,0.528219568738212,0.426689546458596,0.334298831856067,0.247163475532204
North America,USA,SRMVc_Mixed mild_4A,Refrigerated Warehouse Cool,RFW,SRMVc_Mixed mild_4A.RFW.CO2,kgCO2/sqm,100.511875681148,94.1660133149626,86.2762247034288,78.8281627615156,71.7847985559985,65.231029514837,58.5645752583942,52.5173428084834,46.8393825358391,41.522793376933,36.3964634780365,32.0766941210199,27.8984311481894,24.0108208243217,20.3993736935766,17.0608047328277,13.9417117097741,11.0892588816085,8.67909215264833,6.7583794552561,5.22722458122105,4.37438406840373,3.73142512695081,3.17114059641628,2.68722287887966,2.2390804719569,1.91720468257422,1.61169928644664,1.34368075380566,1.09978812774846,0.869768574726457
North America,USA,SRMVc_Mixed mild_4A,Self Storage,SST,SRMVc_Mixed mild_4A.SST.CO2,kgCO2/sqm,7.42054765583432,6.95136037916647,6.36802146972904,5.81734203526782,5.29658430692886,4.8120252555511,4.31913471725671,3.87202692310254,3.45222161318189,3.0591346149638,2.68011461330403,2.360728420617,2.05180463495934,1.76437052508629,1.49735479951159,1.25051457697408,1.01990151341974,0.809002742371377,0.630804808249458,0.48879511630391,0.375587746832225,0.312532184869051,0.264994413429662,0.223569251982512,0.18779034236856,0.154656513846865,0.130858325936187,0.108270498380987,0.0884542971824838,0.0704218674801144,0.053415156424132
North America,USA,SRMVc_Mixed mild_4A,Inpatient Healthcare,IHC,SRMVc_Mixed mild_4A.IHC.CO2,kgCO2/sqm,194.775589716604,182.484148825781,167.202243110883,152.775927532714,139.133479933162,126.439340014403,113.526937614837,101.813919600576,90.8161530174975,80.5183341212504,70.5890325853547,62.2219759664326,54.1290061865453,46.5990079380803,39.6039162741919,33.137368361075,27.0959282362258,21.5709493904686,16.902644252951,13.1823734330148,10.2166457599435,8.56476014571214,7.31939877982333,6.23417130533468,5.29686039660486,4.42884347668015,3.80539515538247,3.21365501012825,2.69452399821787,2.22212298730659,1.7765930377809
North America,USA,SRMVc_Mixed mild_4A,Outpatient Healthcare,OHC,SRMVc_Mixed mild_4A.OHC.CO2,kgCO2/sqm,65.7840419119214,61.6244273334564,56.452792993509,51.5707036497534,46.9538874094857,42.657993222941,38.2882356215893,34.3243683319279,30.6025532399573,27.1176113208042,23.7573814023149,20.9258394374591,18.1870527176182,15.6387843113066,13.2715366044464,11.0831563152139,9.03863910673848,7.16890041974039,5.58907342636983,4.33007597636393,3.32642765113991,2.76740389274204,2.34595425644466,1.97869641711322,1.66149584192128,1.36774542921183,1.15676083031704,0.95650677086823,0.780824770323611,0.620956928194928,0.470182670754253
North America,USA,SRMVc_Mixed mild_4A,Large Multi-Family - Low Rise (>20 Units),MFL,SRMVc_Mixed mild_4A.MFL.CO2,kgCO2/sqm,53.5220770726978,50.1358142455112,46.2219923497216,42.4962123521347,38.9420079184897,35.6092509641774,32.1703246895177,29.0292583994241,26.05240629878,23.2386464915813,20.4944136066759,18.1724796402417,15.8998140514925,13.7636460242466,11.7583997244555,9.88490965302304,8.1144517469534,6.47726651895678,5.08138909292437,3.96049869604492,3.05992084341713,2.56119760066844,2.18448089178415,1.85349730104414,1.56532944394683,1.2953588148827,1.10148223665904,0.915108530279878,0.750032635232603,0.598067046852186,0.452803362995284
North America,USA,SRMVc_Mixed mild_4A,Large Multi-Family - High Rise (>20 Units),MFH,SRMVc_Mixed mild_4A.MFH.CO2,kgCO2/sqm,62.586358659436,58.6263431102885,54.0493813223586,49.6923223827237,45.535909977554,41.6384660890739,37.6168640413267,33.9435899972064,30.4623538357898,27.1718435721991,23.9626405512582,21.2472888256473,18.5895532839155,16.0914428196094,13.7464368551313,11.555511285361,9.48507517483269,7.57049284895705,5.93810440367359,4.62729551875886,3.57412791729808,2.99090331342205,2.55035746658804,2.1632935460559,1.8262998591784,1.51058665454351,1.28386052501296,1.06590851925359,0.872862927538617,0.695148992255639,0.525272501222099
North America,USA,SRMVc_Mixed mild_4A,Small Multi-Family - High Rise (<20 Units),MFS,SRMVc_Mixed mild_4A.MFS.CO2,kgCO2/sqm,43.2450122249748,40.5094970489366,37.3478053142351,34.3380189373028,31.4668359656443,28.7745442884083,25.9964861477106,23.4590474006326,21.0542653403758,18.7812336688462,16.5643677354128,14.6886463495992,12.8527252987668,11.1270706891529,9.50717821041989,7.99372199508581,6.56349796412538,5.24093522587178,4.11330749061614,3.20782175373768,2.48031047986707,2.07742828530468,1.77310628585837,1.50572874262108,1.27293891307586,1.05484929907413,0.898230528153214,0.747672781093083,0.614319985062457,0.491558051194618,0.374210098009331
North America,USA,SRMVc_Mixed mild_4A,Leisure,LEI,SRMVc_Mixed mild_4A.LEI.CO2,kgCO2/sqm,48.3240968074436,45.2737191658949,41.4811952521379,37.9010038913001,34.5153457326424,31.3650299209475,28.1605477183994,25.2537177882784,22.5243924317174,19.9687737050893,17.5046102542522,15.4281504915088,13.4197110994495,11.5509848449738,9.81500682566444,8.21019797148834,6.71088848911885,5.33974965431309,4.1812122833168,3.25794941849579,2.52194218669815,2.11199228832543,1.80292986839451,1.53360801641814,1.3009947480011,1.08557822942181,0.930856513974489,0.784003844322237,0.655170646828827,0.537934474574635,0.427366917138132
North America,USA,SRMVc_Warm_3A,Office,OFF,SRMVc_Warm_3A.OFF.CO2,kgCO2/sqm,48.609914192357,45.5396631656279,41.7224307411878,38.11891422842,34.7111983127949,31.5403580130128,28.3149984252363,25.389230331503,22.6421232638008,20.0698545346824,17.5896369177188,15.4996489005999,13.4781244107789,11.5972232976411,9.84993528203085,8.23467100618321,6.72559343659666,5.34552155368936,4.17943624531443,3.2501582700083,2.50935590890805,2.09673516344937,1.78565918413734,1.51458268485799,1.28045392766399,1.06363395811862,0.907904221826608,0.760094798614074,0.63042224545436,0.512422272818032,0.40113436140717
North America,USA,SRMVc_Warm_3A,Retail High Street,RHS,SRMVc_Warm_3A.RHS.CO2,kgCO2/sqm,68.2723128864544,63.9611364161565,58.6010657031644,53.5410899992477,48.7560530283282,44.3036313948904,39.7746550206408,35.6663581897171,31.8089330969279,28.1970120117413,24.7143469988863,21.7796334903929,18.9410549055233,16.2999364590763,13.8464344769411,11.5783172191917,9.45930491263542,7.52143944915629,5.88404905336777,4.5791781139469,3.53896033353987,2.95956769316892,2.52276189754846,2.14212245954496,1.81336419833196,1.50891054198368,1.29023839792025,1.08268777684903,0.900604535068898,0.734911664649928,0.578643717525669
North America,USA,SRMVc_Warm_3A,Enclosed Retail Mall,ERM,SRMVc_Warm_3A.ERM.CO2,kgCO2/sqm,56.7307805434943,53.157088895469,48.7139304973343,44.5195318136152,40.5530398882021,36.8622649652715,33.1080310214122,29.7025137169289,26.5049531596289,23.5108998416106,20.6239916032081,18.1913003814718,15.8382989093907,13.648979358558,11.6151819479491,9.73505670682175,7.97853000600691,6.37216254006238,5.01486983300184,3.93321464906615,3.07094013546657,2.59066041273048,2.22857613379351,1.91305020024058,1.64053046916238,1.3881577128165,1.20689238529413,1.0348460944093,0.883910644450771,0.746561771994919,0.617025562716657
North America,USA,SRMVc_Warm_3A,Strip Shopping Center,SSC,SRMVc_Warm_3A.SSC.CO2,kgCO2/sqm,95.4970474135119,89.4742378493131,81.9860996630419,74.9172008893255,68.2323976501048,62.012265446641,55.6851845649399,49.9458023762665,44.5568935941524,39.5109593794738,34.6455987771335,30.545738632481,26.5801811176197,22.8904798147306,19.4628828918044,16.2942725584506,13.3339651633556,10.6267239432423,8.33925308603543,6.51631931653325,5.06311190555193,4.25368748048042,3.64346005377093,3.11169827980662,2.65241566551682,2.22708712562919,1.92159726926103,1.63164442825454,1.37727008342566,1.14579345249805,0.927483649361483
North America,USA,SRMVc_Warm_3A,Retail Store,RST,SRMVc_Warm_3A.RST.CO2,kgCO2/sqm,35.2577584828176,33.0310985883959,30.2627000850846,27.6492962858472,25.1778943402582,22.8782833750067,20.539133000439,18.417257486685,16.4249535740465,14.5594489078352,12.7607031215617,11.2449663114357,9.7788817900436,8.41478255596274,7.14758449479708,5.97613494535952,4.88169593287605,3.88081662811039,3.03512832216136,2.36118147534995,1.82392413293905,1.52467626769267,1.29907243229879,1.10247770306957,0.932678846482239,0.775432964535333,0.662491985067704,0.555295110343235,0.461251766325334,0.37567381054102,0.294963690451421
North America,USA,SRMVc_Warm_3A,Hotel,HOT,SRMVc_Warm_3A.HOT.CO2,kgCO2/sqm,61.4660678930172,57.5941770129983,52.7802685467423,48.2358770294638,43.9384094737049,39.9396655495631,35.872167399095,32.1824838192983,28.7181095029079,25.4742236621328,22.3464233982521,19.7107413408626,17.1613985777689,14.7893958318129,12.5858924460929,10.5488840829241,8.64578768199295,6.90538023951356,5.43483107870733,4.26291943817172,3.32869422959119,2.80833856898253,2.41604092399994,2.07418658824377,1.77892701766221,1.50549554402043,1.30910491001447,1.1227025758942,0.95917263270817,0.810362970594051,0.670017883011059
North America,USA,SRMVc_Warm_3A,Shipping/Distribution Warehouse,SDW,SRMVc_Warm_3A.SDW.CO2,kgCO2/sqm,14.4594855242902,13.5543517184686,12.4290020053801,11.3666573999563,10.3620363285795,9.42724802521002,8.47638701306094,7.61384789603846,6.80397943461896,6.0456546709063,5.31446728871375,4.69832261794012,4.10236152580018,3.5478572953359,3.03274324190272,2.5565508105095,2.11166304336979,1.7048071528226,1.36103616344962,1.08707781179291,0.868683532423948,0.747039737683214,0.655332127262071,0.575416673663833,0.506393700882006,0.442473492891129,0.396563159285687,0.352987795380936,0.31475932137987,0.27997201461266,0.247163475532204
North America,USA,SRMVc_Warm_3A,Refrigerated Warehouse Cool,RFW,SRMVc_Warm_3A.RFW.CO2,kgCO2/sqm,101.500553335,95.0917254967058,87.1236521326676,79.6016883773513,72.4884378858035,65.8696404626892,59.1370397291679,53.0298048990938,47.295506271069,41.9261643849397,36.7489695659358,32.3863382145565,28.1666173144188,24.2404330024479,20.5931520542544,17.221456851767,14.0714152903723,11.1906596045918,8.75657850793932,6.81680794657244,5.2704605133623,4.40915787161367,3.75981930656367,3.19397547172271,2.70525618336903,2.25266717855374,1.92759764498479,1.6190609364226,1.34838304679153,1.10207044793041,0.869768574726457
North America,USA,SRMVc_Warm_3A,Self Storage,SST,SRMVc_Warm_3A.SST.CO2,kgCO2/sqm,2.64284021598274,2.47792865888409,2.27289469343908,2.07933999254405,1.89630227578957,1.72598779446675,1.5527449334783,1.39559394880422,1.24803933515619,1.10987576556461,0.976656512286584,0.864397555211083,0.75581596092868,0.654787631773915,0.560936026532022,0.474175776462295,0.393119104021966,0.318991678890618,0.256358056349716,0.206444001586422,0.166653486150442,0.144490500442629,0.127781761099258,0.113221502931498,0.100645808770239,0.0889998168052426,0.0806351478987275,0.0726959006112506,0.0657308340846521,0.0593927336962333,0.053415156424132
North America,USA,SRMVc_Warm_3A,Inpatient Healthcare,IHC,SRMVc_Warm_3A.IHC.CO2,kgCO2/sqm,204.969235526487,192.028596468366,175.939544929717,160.751273310967,146.388271298165,133.023663820404,119.429265872256,107.097600305123,95.5189636699878,84.677243923223,74.2235055522235,65.4145253320794,56.8941084208293,48.9663975603054,41.6018454947755,34.7937533240548,28.4332218988668,22.6164297357872,17.7015582952152,13.7847935882233,10.6624248030835,8.92329139399476,7.61215366197122,6.46960762786071,5.48279068240661,4.56892763275604,3.91255058396528,3.28955644487685,2.74300644242555,2.24565458374653,1.7765930377809
North America,USA,SRMVc_Warm_3A,Outpatient Healthcare,OHC,SRMVc_Warm_3A.OHC.CO2,kgCO2/sqm,73.0329008105156,68.4116313933663,62.6660231979317,57.242095151114,52.1128815441118,47.3402075260988,42.4854723619254,38.081675247119,33.9467944940192,30.0750762836587,26.3419112357963,23.1961105759689,20.153359602352,17.3222716179645,14.6922949159964,12.2610372326333,9.98960927455321,7.91235763277402,6.15719353496368,4.75846624852162,3.64342801037735,3.022360998179,2.55413677250844,2.14611882058151,1.79371373843142,1.46736143512978,1.23296070978137,1.01048145283726,0.815301384841622,0.637690609689573,0.470182670754253
North America,USA,SRMVc_Warm_3A,Large Multi-Family - Low Rise (>20 Units),MFL,SRMVc_Warm_3A.MFL.CO2,kgCO2/sqm,42.8111504105145,40.1083341478932,36.984435617627,34.0106266481698,31.1737642915884,28.5136548567389,25.7688041657404,23.2616966303545,20.8856600733446,18.6397990300288,16.4494323490394,14.5961323527054,12.7821569390265,11.0771298993715,9.47660076556549,7.98123561190016,6.56810772873844,5.26135421166753,4.14720554682781,3.25254351144799,2.53372852570713,2.13566217355446,1.83497787964819,1.57079642730176,1.34078924526196,1.12530656010049,0.970559927808036,0.821801869076629,0.690043102415499,0.568748600306621,0.452803362995284
North America,USA,SRMVc_Warm_3A,Large Multi-Family - High Rise (>20 Units),MFH,SRMVc_Warm_3A.MFH.CO2,kgCO2/sqm,50.7123254611281,47.5099723862808,43.8087122591101,40.2852813736849,36.9241076911993,33.7723545565415,30.5201982143302,27.5497249209924,24.7345472563032,22.0736042550328,19.4784121315747,17.2825836455795,15.1333477452235,13.1131961505156,11.2168558539482,9.44511603423318,7.77081264765873,6.22254382845272,4.90247725492021,3.84246301733787,2.99079603143589,2.51915871578165,2.16290169362834,1.84989399941729,1.57737669336566,1.32206831412203,1.13872127696035,0.962469626644756,0.806359092092127,0.662646836411927,0.525272501222099
North America,USA,SRMVc_Warm_3A,Small Multi-Family - High Rise (<20 Units),MFS,SRMVc_Warm_3A.MFS.CO2,kgCO2/sqm,35.3792096844494,33.1455983952945,30.5640041079307,28.1064440518402,25.7620568757421,23.5637385711507,21.2953899692695,19.22351265685,17.2599525915295,15.4039697599927,13.5938475501678,12.0622777386158,10.5632058193456,9.15416899477265,7.83148939152674,6.59571745437091,5.42790651712708,4.34800351068232,3.42726943415675,2.68791942733659,2.0938896780086,1.76492706582621,1.51644112816604,1.29812119184375,1.10804292219009,0.929967717874393,0.802084875956043,0.679150999935555,0.570265363597845,0.470027410700497,0.374210098009331
North America,USA,SRMVc_Warm_3A,Leisure,LEI,SRMVc_Warm_3A.LEI.CO2,kgCO2/sqm,51.3874604070663,48.1419876963214,44.1069027614944,40.2977306765114,36.6955336855002,33.3437309913612,29.9342975498161,26.8415535287202,23.9376668614399,21.2185966966949,18.596831074768,16.3875657683511,14.2506712575441,12.2624256121051,10.4154184706349,8.7079697694485,7.11276793485834,5.65393424476302,4.42129951431775,3.43898690101802,2.65590635611296,2.21973701438325,1.89090767989686,1.60436062779061,1.35686995498939,1.12767589620465,0.963058539191442,0.806813513865841,0.669740444286628,0.545006118745874,0.427366917138132
North America,USA,SRMWc_Cool_5A,Office,OFF,SRMWc_Cool_5A.OFF.CO2,kgCO2/sqm,82.0230826437629,76.8248620831869,70.3619325375327,64.2608439086327,58.4912639026368,53.1227363467024,47.6619025652077,42.7083050489404,38.0571972674875,33.702107055442,29.5028679381968,25.9643238297955,22.5416948410868,19.357154308862,16.3988331784657,13.6640405193715,11.109031830689,8.77244176872115,6.79815088090471,5.2247968340621,3.97054953269495,3.27194423166567,2.74526366467507,2.28630593783926,1.889904174963,1.52280779951289,1.25914287112798,1.00888776947629,0.789340075783198,0.589555146614373,0.40113436140717
North America,USA,SRMWc_Cool_5A,Retail High Street,RHS,SRMWc_Cool_5A.RHS.CO2,kgCO2/sqm,125.723764470113,117.753703065777,107.844553438419,98.490188720921,89.644102567178,81.412921574942,73.0402140204631,65.4452157096107,58.3140033679291,51.6366536851029,45.1982593873005,39.7728616964449,34.5251884039434,29.642559186761,25.1067760686263,20.9137132373924,16.9963003650242,13.4137732187385,10.3867335957462,7.97442187907951,6.05137381068234,4.98025205243578,4.17273024560422,3.46904304683128,2.86126845279588,2.29842572237465,1.8941670640686,1.51046873813778,1.17385189406137,0.867535889463078,0.578643717525669
North America,USA,SRMWc_Cool_5A,Enclosed Retail Mall,ERM,SRMWc_Cool_5A.ERM.CO2,kgCO2/sqm,134.033246079822,125.536426839399,114.972361026283,104.999747004722,95.5690047280469,86.7938079663013,77.867730859212,69.7707634075522,62.1682344986302,55.0495649700353,48.1856438818939,42.4016704407942,36.8071675709759,31.6018352941328,26.7662728921179,22.2960818693296,18.1197590810867,14.3004553089301,11.0733523789358,8.50160599352871,6.45145970244395,5.30954529268109,4.44865270010764,3.69845735951453,3.05051368600263,2.45047151586652,2.01949456703973,1.61043682546276,1.25157227821559,0.925011215573763,0.617025562716657
North America,USA,SRMWc_Cool_5A,Strip Shopping Center,SSC,SRMWc_Cool_5A.SSC.CO2,kgCO2/sqm,203.202127462872,190.319952576318,174.303589338863,159.183936411487,144.885824626294,131.581596755831,118.048616579279,105.772663918455,94.2463381000963,83.453599872753,73.0470901703602,64.2779078093948,55.7959850647682,47.9040905998488,40.5728106496709,33.7954765788341,27.4636812306533,21.6731685993234,16.7805019266797,12.8814326675546,9.77317034991838,8.04189412574529,6.7366799482671,5.59929579272079,4.61693716149249,3.70720282958787,3.05379120933743,2.43361167902288,1.88953092039869,1.39442603455186,0.927483649361483
North America,USA,SRMWc_Cool_5A,Retail Store,RST,SRMWc_Cool_5A.RST.CO2,kgCO2/sqm,64.877285151796,60.7642596931441,55.6505494438424,50.8231411867798,46.2580348828334,42.0102561947769,37.6894413876682,33.7699707805834,30.089841302982,26.6439319368578,23.3213377539202,20.5215100369516,17.8133986742205,15.2936717541111,12.9529380391033,10.7890683648734,8.76745045521255,6.91865348722826,5.35652110178105,4.11162485801346,3.11921774064468,2.56645524140125,2.1497259865792,1.78658156188178,1.47293374267809,1.1824734360385,0.973851937515442,0.775840792690752,0.602126491224497,0.444049224138455,0.294963690451421
North America,USA,SRMWc_Cool_5A,Hotel,HOT,SRMWc_Cool_5A.HOT.CO2,kgCO2/sqm,167.476849626087,156.853497443757,143.645520619191,131.177020592091,119.386008719168,108.414608359635,97.2545662271486,87.1311383403197,77.6258941082674,68.7256066792838,60.1438246020397,52.9122729896759,45.9176115064248,39.4095198972876,33.3637419487763,27.7747783361992,22.5532305368153,17.7780543308895,13.7432914409295,10.5279037996534,7.96465919491041,6.53695329771115,5.46060167208669,4.52265194252803,3.71254481381776,2.9623276893579,2.42348841547158,1.9120541565189,1.46337514343339,1.05508433727199,0.670017883011059
North America,USA,SRMWc_Cool_5A,Shipping/Distribution Warehouse,SDW,SRMWc_Cool_5A.SDW.CO2,kgCO2/sqm,40.446468896085,37.8863136883813,34.7032816218283,31.6984584051295,28.8569051992808,26.2128727616685,23.5233789471643,21.0837020749821,18.7930032349624,16.6480948463211,14.5799440687371,12.8371895970398,11.1515240260296,9.58311846633647,8.12612733643248,6.77922533668469,5.52086803463637,4.37008323324027,3.39773297625059,2.62284654931925,2.00512213325724,1.66105477814653,1.401661399073,1.17562193022362,0.980391653681042,0.79959445848977,0.669737879372504,0.546485721392315,0.438357148393592,0.339961856991105,0.247163475532204
North America,USA,SRMWc_Cool_5A,Refrigerated Warehouse Cool,RFW,SRMWc_Cool_5A.RFW.CO2,kgCO2/sqm,181.492809645545,169.989550711317,155.687588882077,142.186352937765,129.418719864619,117.538584758423,105.454183134196,94.492256024421,84.1997152371315,74.5622383722542,65.2696478925886,57.4391242249634,49.865111727012,42.8179705174695,36.2714352989302,30.2195512508434,24.5655151854981,19.3948226008454,15.0258699891996,11.5441595105584,8.76860751020536,7.22264816182528,6.05714491564375,5.0415070622411,4.16430070533256,3.3519448979154,2.76847486086292,2.21467973032465,1.72883771197744,1.28672915875154,0.869768574726457
North America,USA,SRMWc_Cool_5A,Self Storage,SST,SRMWc_Cool_5A.SST.CO2,kgCO2/sqm,9.88341869795153,9.25737965336346,8.47902748633786,7.74425302810278,7.04940325931424,6.40285357509125,5.74518714416889,5.14860886892655,4.58846044162429,4.06396239778951,3.55823402125719,3.13207534887281,2.71987672107291,2.33635188040607,1.98007139702221,1.65071119318043,1.34300297269666,1.06159963612369,0.823829197808433,0.6343449208706,0.483291733905012,0.399156366791604,0.335726468979541,0.280452658746532,0.23271267195448,0.188502030739774,0.156747983766596,0.126608926965214,0.10016806575137,0.0761073002023829,0.053415156424132
North America,USA,SRMWc_Cool_5A,Inpatient Healthcare,IHC,SRMWc_Cool_5A.IHC.CO2,kgCO2/sqm,333.346082426262,312.229564464249,285.975471116791,261.19126926951,237.753741290439,215.945392213406,193.762071346058,173.639275533552,154.745271351584,137.053767188349,119.995370528806,105.620888077805,91.7172828584513,78.780854600772,66.7633881313434,55.653952193568,45.2748452974795,35.7830114211697,27.7629306052461,21.3715590573106,16.2764817400851,13.4385661080658,11.2990532644884,9.43464813400293,7.8243615275757,6.33312099331039,5.26204577991545,4.2454447550971,3.35358517288747,2.54200705761304,1.7765930377809
North America,USA,SRMWc_Cool_5A,Outpatient Healthcare,OHC,SRMWc_Cool_5A.OHC.CO2,kgCO2/sqm,96.9802146347299,90.8338233390759,83.1920364158539,75.97809125795,69.15612287181,62.8083600834191,56.3514541421535,50.4943058543202,44.9948223195348,39.8453508303646,34.88015813455,30.6961731624397,26.6492465691362,22.8838364677697,19.3859088531704,16.1522819611609,13.1312321650942,10.3684411963326,8.03403383778461,6.17369538045995,4.69066967851354,3.86463671371217,3.24188806062647,2.69921509313235,2.23050848160402,1.79645264645056,1.48469445883441,1.18879208982941,0.92919825040475,0.692971961939985,0.470182670754253
North America,USA,SRMWc_Cool_5A,Large Multi-Family - Low Rise (>20 Units),MFL,SRMWc_Cool_5A.MFL.CO2,kgCO2/sqm,97.3592229638493,91.1757841588421,84.0290033502129,77.2255938714694,70.7354875987119,64.6497524592237,58.3701482880508,52.6344472576019,47.1986072961827,42.0605797809773,37.0495109489106,32.8095752665873,28.6596054297948,24.7588850936057,21.0972325827087,17.6761717260369,14.4432513422053,11.4536917048072,8.90476887050566,6.85798233031775,5.2134944907559,4.30280775155399,3.61490937062853,3.01052132302304,2.48431635876997,1.99134019325647,1.63731452592037,1.29698937484065,0.995554800119626,0.71806012112629,0.452803362995284
North America,USA,SRMWc_Cool_5A,Large Multi-Family - High Rise (>20 Units),MFH,SRMWc_Cool_5A.MFH.CO2,kgCO2/sqm,112.70682638566,105.548706455607,97.275395155016,89.3995800110744,81.8864533312125,74.8414378689871,67.571994249019,60.9321879610292,54.6395091472744,48.691586265273,42.8906342693315,37.982367353969,33.1782473918192,28.6626655512694,24.4238352431309,20.4635204939593,16.7210023642347,13.2602053712709,10.3095017392388,7.94008498136272,6.03638033572657,4.98214415688088,4.1858139487826,3.48615761426079,2.87700818128458,2.30632532556581,1.89649541295196,1.50252559721292,1.15357658923201,0.832341067247448,0.525272501222099
North America,USA,SRMWc_Cool_5A,Small Multi-Family - High Rise (<20 Units),MFS,SRMWc_Cool_5A.MFS.CO2,kgCO2/sqm,94.0547803607975,88.0771776815935,81.1683010101285,74.5913654229393,68.3173037126596,62.4341523106804,56.3635854462446,50.8188161151467,45.5639259898024,40.5969346425532,35.7526757405356,31.6538802816423,27.6420558588085,23.8711838460463,20.3314214986405,17.0242419198596,13.8989399386391,11.0088976398975,8.54482409702256,6.56617158792384,4.97642594222859,4.09605441049116,3.43105499277067,2.846785991884,2.33809749292409,1.86153166269853,1.51929090568456,1.19029459812067,0.898894265995124,0.630636911321833,0.374210098009331
North America,USA,SRMWc_Cool_5A,Leisure,LEI,SRMWc_Cool_5A.LEI.CO2,kgCO2/sqm,60.4180573258006,56.5974570229667,51.8473179529569,47.3631255660512,43.1225861619883,39.1768132254698,35.1631968434454,31.5223901577301,28.1039080846334,24.9029936968902,21.8166271112367,19.2158596881147,16.7002878307137,14.3597067837916,12.185393001804,10.1753686983401,8.29748243784604,6.58013001035233,5.12906107705608,3.97267364066656,3.05082402624756,2.53736146851837,2.15026055383189,1.8129347305616,1.5215864359596,1.2517770835341,1.05798801793077,0.874054938136593,0.712691260848269,0.565852866442112,0.427366917138132
North America,USA,SRMWc_Mixed mild_4A,Office,OFF,SRMWc_Mixed mild_4A.OFF.CO2,kgCO2/sqm,95.9764831146033,89.8896185710809,82.321841051774,75.1777617232079,68.4218629381782,62.1355771505049,55.7412052427907,49.9407824378557,44.4945604637943,39.394960728341,34.4778550775374,30.3343912867799,26.3266584877903,22.5977157414938,19.1336649596689,15.9313551929818,12.9395637492941,10.2035299401856,7.89173091903798,6.04940952260371,4.58074667181957,3.76271369549648,3.14599625697707,2.60857898468208,2.14441171680189,1.71455963843312,1.40582077572918,1.11278417073556,0.855704453401568,0.621765976279102,0.40113436140717
North America,USA,SRMWc_Mixed mild_4A,Retail High Street,RHS,SRMWc_Mixed mild_4A.RHS.CO2,kgCO2/sqm,132.622145120407,124.212749629032,113.757377459084,103.887371634885,94.5536622387271,85.8687534515563,77.0345167264869,69.0208589499556,61.4965524393991,54.4511268813789,47.6578286578315,41.9333665030505,36.3964254573808,31.2446508295598,26.4588415153744,22.0346442753318,17.9012916604035,14.1212846939181,10.9273854168111,8.38209972266399,6.35304738094925,5.22288212530733,4.37084725417539,3.62837067131235,2.98709368841815,2.39322535046746,1.96668272224391,1.56183377460899,1.20666158366987,0.883460506874687,0.578643717525669
North America,USA,SRMWc_Mixed mild_4A,Enclosed Retail Mall,ERM,SRMWc_Mixed mild_4A.ERM.CO2,kgCO2/sqm,127.69705924761,119.60376990766,109.54141141649,100.042415560706,91.0595569431523,82.7011107530863,74.1989498085899,66.4865225451412,59.2450520096127,52.4644614638816,45.9265208768178,40.4172391951856,35.0884297716299,30.130308498831,25.5243960351763,21.2665027778791,17.2885214008633,13.6506035364738,10.5767617842581,8.12715246374351,6.17437146964687,5.08668871941243,4.26668153258554,3.55211437738269,2.9349427655902,2.363397724832,1.95288868056404,1.56325785923522,1.22143646318812,0.910384398605182,0.617025562716657
North America,USA,SRMWc_Mixed mild_4A,Strip Shopping Center,SSC,SRMWc_Mixed mild_4A.SSC.CO2,kgCO2/sqm,125.858808210489,117.902362748699,108.010141775356,98.6717579250148,89.8407843023688,81.623665345766,73.2652616089396,65.6832384880366,58.5642090107766,51.8982668196899,45.470871785556,40.0547427689921,34.8160345288811,29.9417467278455,25.4137124787847,21.227813018032,17.3170925995721,13.7406857930574,10.7188175226428,8.3106269659105,6.3908642062057,5.32157233753954,4.51543008978133,3.81294506047511,3.20620878014055,2.64432760244651,2.2407595740347,1.85771675301099,1.52167498049,1.21588228191253,0.927483649361483
North America,USA,SRMWc_Mixed mild_4A,Retail Store,RST,SRMWc_Mixed mild_4A.RST.CO2,kgCO2/sqm,68.5325434620409,64.1867272001506,58.7835889547349,53.6829569461983,48.8594727707683,44.3712764576053,39.8059102953682,35.664603786691,31.7761847408084,28.1352422981105,24.6245944849543,21.666300901505,18.8049146743883,16.1425751544859,13.6693595749328,11.3830182640376,9.24697994493319,7.29354396230423,5.64299732889559,4.32764190624655,3.27906609935366,2.69501810783878,2.25470262945983,1.87100479871942,1.53960500387142,1.23270509850548,1.01227594970109,0.803057684007037,0.619511424976002,0.452487231995962,0.294963690451421
North America,USA,SRMWc_Mixed mild_4A,Hotel,HOT,SRMWc_Mixed mild_4A.HOT.CO2,kgCO2/sqm,120.227362603776,112.613167395577,103.146464972317,94.2097761070374,85.7586709792271,77.8950152695224,69.8961522110416,62.6402733901693,55.8274723230229,49.4482687787709,43.2973511730228,38.1141995002121,33.1008367654882,28.4362187528016,24.1029600322674,20.0971190107804,16.3546200753147,12.9320540941227,10.0401729123945,7.73557180810019,5.89838854881432,4.87509277412909,4.10362711531394,3.43135981081701,2.85072257770211,2.31301098383514,1.92680262447766,1.56023657103332,1.23864979382589,0.94601091238162,0.670017883011059
North America,USA,SRMWc_Mixed mild_4A,Shipping/Distribution Warehouse,SDW,SRMWc_Mixed mild_4A.SDW.CO2,kgCO2/sqm,68.3536116694006,64.0161467257256,58.6233916452043,53.532561477895,48.7183465510543,44.2387751666422,39.6821822297998,35.5488340346814,31.6678873306672,28.0339416561504,24.5300402250919,21.5774315693065,18.7215440438098,16.0643207191599,13.5958578969889,11.3139102287802,9.18197671637891,7.23229463509341,5.58491984313732,4.27209212783683,3.2255313601698,2.64260572872175,2.20313640085939,1.82017591898278,1.48941297230701,1.18310283388368,0.963097281903141,0.75428106917404,0.571087529430707,0.404384305424308,0.247163475532204
North America,USA,SRMWc_Mixed mild_4A,Refrigerated Warehouse Cool,RFW,SRMWc_Mixed mild_4A.RFW.CO2,kgCO2/sqm,201.518546821966,188.739917709474,172.852292572819,157.85417006866,143.670985232173,130.473695560055,117.049492272506,104.872212625502,93.4385343871878,82.732547228188,72.4096841236643,63.7109876692676,55.2972418640055,47.4687817437041,40.1964299686202,33.4735715052502,27.1926705639767,21.4487015572992,16.5953617034812,12.7276328156918,9.64435443364886,7.92699405352582,6.63227107132431,5.50402910829043,4.52956658822135,3.62714461982811,2.97898506396862,2.36379048146678,1.82408299550812,1.3329577186247,0.869768574726457
North America,USA,SRMWc_Mixed mild_4A,Self Storage,SST,SRMWc_Mixed mild_4A.SST.CO2,kgCO2/sqm,14.644811188878,13.7155354675852,12.5601701949472,11.4694905151946,10.4380739834893,9.47835281377655,8.50213024068199,7.61658530250929,6.78511586252438,6.00656490437779,5.25587514158586,4.62329653312902,4.01143984387621,3.44214576226044,2.91329248059822,2.42439894650308,1.96764504112018,1.54993740638294,1.1969972863096,0.915731861018261,0.691512524405824,0.566624221293689,0.472470566580959,0.390423591528983,0.319559623787349,0.253934522831153,0.206799659342916,0.162062044348603,0.122813932607802,0.087098771622748,0.053415156424132
North America,USA,SRMWc_Mixed mild_4A,Inpatient Healthcare,IHC,SRMWc_Mixed mild_4A.IHC.CO2,kgCO2/sqm,355.177176651631,332.670311543411,304.687604424141,278.271568939735,253.290874601585,230.046627051268,206.40271893574,184.95500431882,164.816987045202,145.960644419029,127.779094162046,112.458171550319,97.6391295210953,83.850945015415,71.0422282915431,59.2013283605167,48.138843566656,38.0220513441864,29.4739148850538,22.6617246582054,17.2311788598387,14.2064100777286,11.9260281011961,9.93886739343186,8.22255680180746,6.63313047645419,5.49153386511879,4.40799811478227,3.45741699395663,2.59240320720808,1.7765930377809
North America,USA,SRMWc_Mixed mild_4A,Outpatient Healthcare,OHC,SRMWc_Mixed mild_4A.OHC.CO2,kgCO2/sqm,119.958513841517,112.348713868449,102.887476025743,93.955945794802,85.5097190018835,77.6506025264498,69.6563567496337,62.404666328537,55.5957978979694,49.2202766994888,43.0729096632246,37.8927499245186,32.8822811145517,28.220355716436,23.8895983358913,19.8860696550663,16.1457310480857,12.7251407165624,9.83492885081811,7.53165805963768,5.69553530013979,4.67283021500424,3.90180987875747,3.22993063534822,2.64962857057295,2.11222736655327,1.72624194297595,1.35988748694303,1.03848634320864,0.7460163852891,0.470182670754253
North America,USA,SRMWc_Mixed mild_4A,Large Multi-Family - Low Rise (>20 Units),MFL,SRMWc_Mixed mild_4A.MFL.CO2,kgCO2/sqm,91.5501264234012,85.7373564875792,79.0189924942833,72.623416290456,66.5223621986738,60.8014390405847,54.8982684123742,49.5063964197771,44.3964101968859,39.566383926451,34.8557057468942,30.8699348124313,26.9687366826235,23.3018466860914,19.8596934923809,16.6437095838515,13.6045879874957,10.794238774119,8.39811220326013,6.47402115278915,4.92811283622439,4.07201760094884,3.42535558105368,2.85719783202793,2.36253644816923,1.89911194857634,1.56630850044742,1.24638428530061,0.963019334371241,0.702159191937738,0.452803362995284
North America,USA,SRMWc_Mixed mild_4A,Large Multi-Family - High Rise (>20 Units),MFH,SRMWc_Mixed mild_4A.MFH.CO2,kgCO2/sqm,107.05468399272,100.257217946567,92.4007482024789,84.9217472148102,77.7871610377346,71.0971008170277,64.1939200008343,57.8886529423502,51.9130237277212,46.2647803019871,40.7561027982446,36.0951334335718,31.5330636941066,27.2449944050057,23.2197328312225,19.4589541208033,15.9049985902306,12.6185699913563,9.81653426870967,7.56649792980631,5.75870931812278,4.75758965257448,4.00138165327184,3.3369767223178,2.75851860368465,2.21658896674421,1.82740787688928,1.45328779062868,1.12192018897252,0.816869760250229,0.525272501222099
North America,USA,SRMWc_Mixed mild_4A,Small Multi-Family - High Rise (<20 Units),MFS,SRMWc_Mixed mild_4A.MFS.CO2,kgCO2/sqm,73.971089182515,69.2749937129581,63.8472752482516,58.6803347418142,53.751336553984,49.1294434426087,44.3603138969299,40.004258880745,35.8759373721071,31.9737935169636,28.1680701352022,24.9479941585712,21.7962439490312,18.8337896131118,16.0528985410451,13.4547280251364,10.9994433127438,8.72898218069746,6.79316857408094,5.23870910554976,3.98978077672822,3.29814752781686,2.7757138833594,2.316703280729,1.91706986854319,1.54267251288523,1.27380297525228,1.01533847830156,0.786409950769446,0.575662897884972,0.374210098009331
North America,USA,SRMWc_Mixed mild_4A,Leisure,LEI,SRMWc_Mixed mild_4A.LEI.CO2,kgCO2/sqm,86.2406924332852,80.7755375030656,73.9807293839235,67.5663431124329,61.5004887979383,55.8562814199653,50.1150277897542,44.907057567469,40.0171102621216,35.4383813554602,31.0235066695272,27.303254411188,23.7048696420198,20.3567994346557,17.2465652453688,14.3713379613766,11.6851267533321,9.22855020982924,7.15287730339877,5.49872978774778,4.18007550155458,3.44559604638222,2.89186985031243,2.40934413707084,1.99258670566035,1.60663952570179,1.32943511190349,1.06632913425856,0.835507423901553,0.625463317864319,0.427366917138132
North America,USA,SRSOc_Hot or very hot_2A,Office,OFF,SRSOc_Hot or very hot_2A.OFF.CO2,kgCO2/sqm,58.7986284885057,55.0794933655914,50.4555056009207,46.0904016690398,41.9624799322242,38.1214964343258,34.2144712358985,30.6703548805338,27.342658775899,24.2267523263112,21.2223515879302,18.6906537647662,16.2418889352876,13.9634676167376,11.8468979381903,9.8902546380841,8.06224013914235,6.39049611326861,4.97796378645367,3.85228698451681,2.95491929167346,2.45509296036747,2.07827243641607,1.74990510726627,1.46629426353269,1.20365034384496,1.01500781042227,0.835959513530043,0.678881234674109,0.535942485068922,0.40113436140717
North America,USA,SRSOc_Hot or very hot_2A,Retail High Street,RHS,SRSOc_Hot or very hot_2A.RHS.CO2,kgCO2/sqm,80.9526533504324,75.8339097011825,69.4697935229915,63.4619859840917,57.7806185487596,52.4941717709574,47.1168300608669,42.2389693522164,37.6589735361769,33.3704694019183,29.2354335155805,25.7509911046832,22.3806915578417,19.2448402727438,16.3317496637183,13.6387699425572,11.1228254291288,8.82196008468625,6.87785463051858,5.32855599236984,4.09348519580663,3.40556104824417,2.88693303389771,2.43499242804264,2.04465135216313,1.68316760621571,1.42353391773085,1.17710502974037,0.960914056367276,0.764183689603954,0.578643717525669
North America,USA,SRSOc_Hot or very hot_2A,Enclosed Retail Mall,ERM,SRSOc_Hot or very hot_2A.ERM.CO2,kgCO2/sqm,70.0156334989975,65.5958753550019,60.1008054247045,54.9133887230493,50.0078353857532,45.4432746653869,40.8002310897036,36.5884623297085,32.6338837857384,28.9309925351235,25.3606128117643,22.3519853480498,19.4419140706886,16.7342761803439,14.2189800792538,11.8937378186923,9.72135587987502,7.7346831646224,6.05605330881727,4.71831777395752,3.6519009760932,3.05791570119357,2.61010847598745,2.2198822192725,1.88284382327716,1.57072217008453,1.34654252996821,1.1337645205105,0.94709531402189,0.77722928824409,0.617025562716657
North America,USA,SRSOc_Hot or very hot_2A,Strip Shopping Center,SSC,SRSOc_Hot or very hot_2A.SSC.CO2,kgCO2/sqm,102.896521548006,96.4024649798727,88.3284270324161,80.706431347246,73.4985842586726,66.791765794633,59.9696305902984,53.7811778089027,47.9706207759216,42.5298739151892,37.2838294173221,32.8631809779171,28.5873435051906,24.6089462596742,20.9131614149139,17.4966272330118,14.3046943854109,11.3856285508369,8.91917747242977,6.95361058991073,5.38669883028263,4.51394202998645,3.85596814151516,3.2825993500756,2.78738075713059,2.32877293155851,1.99938041348215,1.68674058459231,1.41246304564767,1.16287482283876,0.927483649361483
North America,USA,SRSOc_Hot or very hot_2A,Retail Store,RST,SRSOc_Hot or very hot_2A.RST.CO2,kgCO2/sqm,41.699928484144,39.0629889864988,35.7844912792862,32.6895472697542,29.7627700725687,27.0394376953694,24.2692804616211,21.7564326911458,19.3970311086629,17.187792531322,15.0576136827559,13.262590440693,11.52636831219,9.91092306252839,8.41023378923677,7.02293544423605,5.7268374334839,4.54153824265359,3.54002521309731,2.74189835765671,2.10564712317206,1.7512604844981,1.48408736755252,1.25126851280413,1.05018288104157,0.863963208254245,0.730211964785476,0.603263222549069,0.491891652533948,0.390545285133726,0.294963690451421
North America,USA,SRSOc_Hot or very hot_2A,Hotel,HOT,SRSOc_Hot or very hot_2A.HOT.CO2,kgCO2/sqm,109.182109000075,102.271347924334,93.6792227116993,85.5681459836327,77.8977925493818,70.7606172727173,63.5007257197391,56.9151781267929,50.7317747408509,44.9419111581082,39.3592434161358,34.6549349697814,30.1047295838736,25.8710502896308,21.9381178025918,18.3023546720264,14.9056048827159,11.7992311800155,9.1745151910119,7.08282366338767,5.41536778523995,4.4866087482967,3.7864146108428,3.17625443062992,2.64925911726896,2.16122377653209,1.81069510948406,1.47799410240937,1.18611698058237,0.920513415683518,0.670017883011059
North America,USA,SRSOc_Hot or very hot_2A,Shipping/Distribution Warehouse,SDW,SRSOc_Hot or very hot_2A.SDW.CO2,kgCO2/sqm,27.7666186094637,26.0139993630058,23.8349739487859,21.7779459272256,19.8326885368068,18.0226490030807,16.1814877295977,14.5113449865099,12.9431889376981,11.4748374438081,10.0590323213438,8.86598550146485,7.71202033796454,6.63832849229107,5.64090822319783,4.71885226317343,3.85741182399438,3.06961287126325,2.40396581612748,1.87349763920901,1.45061870697101,1.21507866360552,1.03750434029884,0.882763283048688,0.749113440597641,0.625344130422867,0.53644751229781,0.452072118339836,0.378049958449157,0.310690963590593,0.247163475532204
North America,USA,SRSOc_Hot or very hot_2A,Refrigerated Warehouse Cool,RFW,SRSOc_Hot or very hot_2A.RFW.CO2,kgCO2/sqm,129.281399962036,121.103305754023,110.935509665307,101.336979361113,92.2599945968358,83.8139651144168,75.2227149743089,67.4294736748054,60.1121239846401,53.260483577417,46.6540357165365,41.0870254789975,35.7023785632783,30.692304023678,26.0381288843197,21.7356196420079,17.7159553136401,14.0399178255038,10.9338670747842,8.45858972406503,6.48534667460327,5.38626672994598,4.55766716511696,3.835612476629,3.21197388275892,2.63443995420275,2.21962942460843,1.82591588869867,1.48051274520931,1.16620134709836,0.869768574726457
North America,USA,SRSOc_Hot or very hot_2A,Self Storage,SST,SRSOc_Hot or very hot_2A.SST.CO2,kgCO2/sqm,4.87115829974581,4.56433284421324,4.18285782236452,3.82274049452276,3.48219049420206,3.16531265231492,2.84298642681728,2.55059986939017,2.27606779689627,2.01900818916616,1.77114770690603,1.56228480943367,1.36026381275955,1.17229600953238,0.997680827689294,0.836259434803896,0.685449807613361,0.547532360325073,0.430999655729534,0.338132285730331,0.264100221275217,0.222864977939945,0.191777608136395,0.164687585316936,0.141289934130135,0.119622036181351,0.104059189084556,0.0892878582668585,0.0763290350804406,0.0645367109213495,0.053415156424132
North America,USA,SRSOc_Hot or very hot_2A,Inpatient Healthcare,IHC,SRSOc_Hot or very hot_2A.IHC.CO2,kgCO2/sqm,245.281616308568,229.773620662704,210.492583606741,192.291036598599,175.078488464332,159.062411233298,142.770954278108,127.992749348472,114.116970438616,101.124308957884,88.596602373043,78.039965541976,67.8291415040629,58.3286133651897,49.5029718452442,41.3441890165148,33.721760695612,26.7509467247727,20.8609899337637,16.1671591461884,12.4253283674106,10.3411597869725,8.76989903640009,7.40067771412959,6.21808133503006,5.12291253144583,4.33631363405175,3.58972064486552,2.93473791795429,2.33871399485316,1.7765930377809
North America,USA,SRSOc_Hot or very hot_2A,Outpatient Healthcare,OHC,SRSOc_Hot or very hot_2A.OHC.CO2,kgCO2/sqm,91.5697725932256,85.7679537030803,78.5545724533436,71.7450477621327,65.3055252607476,59.3136239508051,53.2186981545228,47.6899070404976,42.4987296612243,37.6379423271577,32.9511029461117,29.0016760581037,25.1816239288712,21.6273062155327,18.3254756722848,15.2731289076055,12.4214419694044,9.8135356287491,7.60999731518706,5.85395115987608,4.45406525638542,3.67434046690511,3.08650368179188,2.57425346495247,2.13182298145496,1.72210071962113,1.42781998559955,1.14850617826908,0.903465410623145,0.680482187323827,0.470182670754253
North America,USA,SRSOc_Hot or very hot_2A,Large Multi-Family - Low Rise (>20 Units),MFL,SRSOc_Hot or very hot_2A.MFL.CO2,kgCO2/sqm,49.1426556308252,46.0358364627758,42.4449938416575,39.0266753876069,35.7657736132492,32.7080448672765,29.5529081833064,26.6710512642779,23.9398571311832,21.358296469941,18.8405251794298,16.7102035469959,14.6250845311284,12.665198925103,10.8254310279292,9.10654647521649,7.48219159211618,5.98011136161823,4.69942555405854,3.67103409479289,2.8447743867745,2.38720714843622,2.04157813148878,1.73790821084201,1.47352075253316,1.22582883728875,1.04795148393473,0.876957844944146,0.725504463712699,0.58607949082705,0.452803362995284
North America,USA,SRSOc_Hot or very hot_2A,Large Multi-Family - High Rise (>20 Units),MFH,SRSOc_Hot or very hot_2A.MFH.CO2,kgCO2/sqm,57.4298958584597,53.7989056959838,49.6022294406143,45.6071849891985,41.796115975186,38.2224985885271,34.535038958247,31.1669658401629,27.974974773845,24.957862783162,22.0153024689903,19.5255608806075,17.0886483264211,14.7980980979943,12.64793139226,10.6390430200248,8.74063301227079,6.98512738250093,5.48836902067088,4.28647117281117,3.3208079947548,2.78604171090936,2.38209944954166,2.02719546740853,1.71820153880335,1.42871996329797,1.22083180334393,1.02098875248153,0.843982719114496,0.681034482487929,0.525272501222099
North America,USA,SRSOc_Hot or very hot_2A,Small Multi-Family - High Rise (<20 Units),MFS,SRSOc_Hot or very hot_2A.MFS.CO2,kgCO2/sqm,46.1619303231159,43.2402914141675,39.8634790056241,36.6489075554289,33.5823700497381,30.706895555079,27.739819069348,25.0297336574757,22.4613308584962,20.0336427100316,17.6659418017071,15.6625968262731,13.7017601901416,11.8586924948799,10.12858295806,8.51215157999914,6.98461548223973,5.57206592321908,4.36771469351629,3.40061994531849,2.62360899576955,2.19331480268057,1.86828681445386,1.58271697351719,1.33408818521275,1.10115981125001,0.933884740359357,0.773083083798432,0.630656998608731,0.499542375057097,0.374210098009331
North America,USA,SRSOc_Hot or very hot_2A,Leisure,LEI,SRSOc_Hot or very hot_2A.LEI.CO2,kgCO2/sqm,79.6247622806903,74.5809531388313,68.3100027730875,62.3901449596039,56.7919484152648,51.5828911908936,46.2842696667959,41.4778171227988,36.9648689563085,32.7391452554463,28.6646431442726,25.2312103157034,21.9102493866182,18.8203045753353,15.9498593935337,13.2963028438863,10.8171898414019,8.550007412724,6.63436218131929,5.10774409492431,3.89075379390359,3.21290033177728,2.70186463645228,2.25654009676312,1.87191331685929,1.51572141756185,1.25988856847858,1.01706721167032,0.804041109445724,0.610190725375892,0.427366917138132
North America,USA,SRSOc_Mixed mild_4A,Office,OFF,SRSOc_Mixed mild_4A.OFF.CO2,kgCO2/sqm,59.0840290294184,55.3467177297405,50.700131587709,46.3136944968985,42.1655987592266,38.3058435865445,34.3797239539867,30.8182867745011,27.4743275359347,24.3431930119332,21.3241091504375,18.7800384003362,16.3193059544839,14.029749523264,11.9028357342345,9.93662991668519,8.09968153565496,6.41976735357189,5.00033169132868,3.86915347579577,2.96740016283698,2.46513107765174,2.08646895445075,1.75649682676022,1.4714999186172,1.20757240418166,1.01800793597594,0.838084593303984,0.6802386406562,0.536601320040997,0.40113436140717
North America,USA,SRSOc_Mixed mild_4A,Retail High Street,RHS,SRSOc_Mixed mild_4A.RHS.CO2,kgCO2/sqm,81.1304370233848,76.0003709447697,69.6221776295238,63.6010810921588,57.9071467291014,52.609006570201,47.2197704235345,42.3311201076852,37.740993548113,33.4430034367339,29.2988210380967,25.8066711982329,22.428916701276,19.2861290550106,16.3665948213546,13.6676583508886,11.1461486820252,8.84019392753863,6.89178820006337,5.33906258342185,4.10125986613486,3.4118140614817,2.89203886543175,2.43909858740366,2.04789409472447,1.68561076308559,1.4254027766284,1.17842879908685,0.961759621061764,0.76459409562782,0.578643717525669
North America,USA,SRSOc_Mixed mild_4A,Enclosed Retail Mall,ERM,SRSOc_Mixed mild_4A.ERM.CO2,kgCO2/sqm,78.1175588281558,73.1818169847685,67.0452263154002,61.2522057836707,55.7739546932228,50.6765053283065,45.4914106442673,40.7879398600977,36.3716849075612,32.2365004264823,28.2492975019725,24.8894284819915,21.6396215688182,18.6158810842238,15.8069372890695,13.2102351285548,10.7842389346668,8.56563254709565,6.69103141533184,5.19712223757213,4.00620684351134,3.34287688740031,2.8427905054738,2.40700736963118,2.03062149969342,1.68206127225587,1.43170982900759,1.19409109729943,0.985629235061692,0.79593223719759,0.617025562716657
North America,USA,SRSOc_Mixed mild_4A,Strip Shopping Center,SSC,SRSOc_Mixed mild_4A.SSC.CO2,kgCO2/sqm,78.0325626703426,73.1220059447768,67.0167278448123,61.2532667813984,55.8029690166199,50.7315298983734,45.5728926800357,40.8934218273106,36.4997012586293,32.385616971133,28.4187591494706,25.0760341981662,21.84280975073,18.834498205246,16.0398873275496,13.4564351002638,11.0428177952877,8.83553206934021,6.97049627787777,5.48420992153991,4.2993712927287,3.63942604425215,3.14189140324917,2.70833189456718,2.33386657128309,1.98708490736739,1.73801090746907,1.50160464917312,1.29420648449663,1.10547743459115,0.927483649361483
North America,USA,SRSOc_Mixed mild_4A,Retail Store,RST,SRSOc_Mixed mild_4A.RST.CO2,kgCO2/sqm,41.9241839011992,39.2729623489806,35.9767078129841,32.8650011286599,29.9223720730257,27.1842897246316,24.3991289093355,21.8726711834462,19.5004907328126,17.2792865923804,15.1375703799143,13.3328250263177,11.5871992618144,9.96300452160259,8.45418729311214,7.05937513496152,5.75625726556696,4.56453831890061,3.55760094655722,2.75515131794867,2.11545405261598,1.75914800345947,1.49052783737219,1.25644800125044,1.05427325994656,0.867044993851815,0.732569333853889,0.604933018441735,0.492958243520963,0.391062969196134,0.294963690451421
North America,USA,SRSOc_Mixed mild_4A,Hotel,HOT,SRSOc_Mixed mild_4A.HOT.CO2,kgCO2/sqm,75.9622729495038,71.1671687333577,65.2054323368576,59.5774764880052,54.2553211293112,49.3031170398594,44.2657649721325,39.6963135495651,35.4058941122407,31.3885364041327,27.5149437081205,24.2508098424091,21.0936020050713,18.156019123658,15.4271125757786,12.9044001096391,10.5475295627623,8.39213951592184,6.57095273676404,5.11961058311956,3.96262879429586,3.31819957369037,2.83236251119778,2.40899645634548,2.04333521856125,1.70470676731722,1.46148876703902,1.23064067603207,1.02811866693205,0.843826841485973,0.670017883011059
North America,USA,SRSOc_Mixed mild_4A,Shipping/Distribution Warehouse,SDW,SRSOc_Mixed mild_4A.SDW.CO2,kgCO2/sqm,42.9294239899054,40.211137930252,36.8315023253851,33.6410828394503,30.6240179193316,27.8166738587817,24.9610604485119,22.3706942036231,19.9385077858025,17.6611167297708,15.4652243045571,13.6148266522747,11.8250440605293,10.1597641759472,8.61278035811496,7.18268544878419,5.84660429951314,4.62473998680149,3.5923314278508,2.76958327344052,2.11370441741014,1.74838535700125,1.47297025553386,1.23296920588818,1.02568031279644,0.833715976480411,0.695838660407316,0.564973694935065,0.450166439598277,0.345693652889844,0.247163475532204
North America,USA,SRSOc_Mixed mild_4A,Refrigerated Warehouse Cool,RFW,SRSOc_Mixed mild_4A.RFW.CO2,kgCO2/sqm,116.934008289648,109.542276899622,100.352162967857,91.6765771965275,83.4723878704675,75.8384844623713,68.0733240564201,61.0294401296313,54.4156885610084,48.2228661034706,42.2516597578659,37.2199441435978,32.3530567467603,27.8247248030602,23.6180708324364,19.7292684032454,16.0961139986102,12.7735450723014,9.96615593625887,7.72888832513206,5.94538201940059,4.95198386080377,4.20305810165716,3.55043242011604,2.98675965564428,2.46475837271324,2.08983385674088,1.73397775774768,1.4217867762055,1.13769792022445,0.869768574726457
North America,USA,SRSOc_Mixed mild_4A,Self Storage,SST,SRSOc_Mixed mild_4A.SST.CO2,kgCO2/sqm,8.59510189466269,8.05111130684785,7.37476970079704,6.73629452436513,6.13251152163724,5.57069841139682,4.99922551136557,4.48083457483829,3.99409900320599,3.5383414883354,3.09889369477888,2.72858722795889,2.37041120719507,2.03715099711788,1.72756450845011,1.44137013696551,1.17399004752306,0.929467333167251,0.722859004785406,0.558208470471039,0.426952261007644,0.353843645486457,0.298726847749786,0.250697203625584,0.209214002694611,0.1707975925522,0.143205219795633,0.117016177167538,0.0940406459153078,0.0731332758280616,0.053415156424132
North America,USA,SRSOc_Mixed mild_4A,Inpatient Healthcare,IHC,SRSOc_Mixed mild_4A.IHC.CO2,kgCO2/sqm,220.854422941277,206.90211104802,189.555250191635,173.17959039674,157.693718106659,143.284292805236,128.627112481936,115.331382388297,102.847551496597,91.1582481564177,79.8872577866519,70.3896094138805,61.2030836424393,52.6556004749693,44.7153027113962,37.3749677451467,30.5171829129984,24.2456457722874,18.9465396813026,14.7235702777816,11.3571010531646,9.48200573224517,8.06836591970976,6.83649796104739,5.77253367437742,4.78722667066755,4.07953539953536,3.40783684607186,2.81855867632988,2.28232486115163,1.7765930377809
North America,USA,SRSOc_Mixed mild_4A,Outpatient Healthcare,OHC,SRSOc_Mixed mild_4A.OHC.CO2,kgCO2/sqm,74.5919785756587,69.8714168693047,64.0023589160003,58.4618927097211,53.2224731582291,48.3472537817658,43.3882100987807,38.8897932902815,34.6660707626597,30.711165070774,26.8977894854766,23.6843983606275,20.5762710407345,17.6843544870655,14.9978702795353,12.5143747543073,10.1941430452743,8.07225971203795,6.27938427444836,4.85060402599363,3.71160814997495,3.07719693300857,2.59891247257753,2.1821278739078,1.82215103945861,1.48878675214197,1.24934970830394,1.02209027675228,0.822716582718196,0.641289674192312,0.470182670754253
North America,USA,SRSOc_Mixed mild_4A,Large Multi-Family - Low Rise (>20 Units),MFL,SRSOc_Mixed mild_4A.MFL.CO2,kgCO2/sqm,59.7048535391074,55.9240779429778,51.5542805981294,47.3944327628309,43.4261497109376,39.7051136296468,35.8655390899103,32.3585263795951,29.0348594494789,25.8932856983162,22.8293390258818,20.2368907357967,17.6994507807164,15.3144108831035,13.0755456025907,10.9837866626776,9.00706353548784,7.17913987089264,5.62063730423978,4.36915882346907,3.36366015387561,2.80683371669872,2.38622804835864,2.01668358401804,1.69494305255208,1.39351979684884,1.17705584439832,0.968968877497408,0.784660999652465,0.614990830111165,0.452803362995284
North America,USA,SRSOc_Mixed mild_4A,Large Multi-Family - High Rise (>20 Units),MFH,SRSOc_Mixed mild_4A.MFH.CO2,kgCO2/sqm,69.8162250361134,65.3948836378353,60.2847242507926,55.4200855074695,50.7794678110947,46.4279874197329,41.9378849440161,37.8366892802805,33.9499031385021,30.2760616928532,26.692999455883,23.6613201994938,20.6939691801617,17.9048389163461,15.2866492094425,12.8404896421507,10.5288560704242,8.39123262103451,6.56867750183651,5.10516466554176,3.92930728370241,3.27813936438287,2.78627170217988,2.35411639511373,1.97786430209592,1.62537178172292,1.37223297200775,1.12889043611566,0.913355811109398,0.714938918709396,0.525272501222099
North America,USA,SRSOc_Mixed mild_4A,Small Multi-Family - High Rise (<20 Units),MFS,SRSOc_Mixed mild_4A.MFS.CO2,kgCO2/sqm,48.2406001860138,45.1863247815062,41.6562119214053,38.2957054309241,35.0899533265333,32.0839381073264,28.9821623519773,26.1490445453091,23.4640414555142,20.9261411766811,18.4509514373273,16.3566586530715,14.3068040007218,12.3800647608934,10.571411751369,8.88159765902368,7.28471451285718,5.80803806165342,4.54901172270257,3.53801282951214,2.7257271548616,2.2758984759551,1.93611487464254,1.63758074067731,1.37766470839662,1.13416185750448,0.959292836817569,0.791191110374284,0.642299169065981,0.505232206869355,0.374210098009331
North America,USA,SRSOc_Mixed mild_4A,Leisure,LEI,SRSOc_Mixed mild_4A.LEI.CO2,kgCO2/sqm,54.4887526108444,51.0457692888326,46.7651200978798,42.7241321962255,38.9027153278626,35.3469310698752,31.7300088144869,28.449048833332,25.3684395490951,22.4838941953159,19.7025750732561,17.358859910066,15.0919198315842,12.9826749827075,11.023264027667,9.21190465868743,7.51962319424838,5.97200886738685,4.66435935149203,3.62226587358495,2.79152918398847,2.32881576656352,1.97997477625829,1.6759892526373,1.41343697296878,1.1702947893086,0.995659269239778,0.829905598114358,0.684490635635794,0.55216531948158,0.427366917138132
North America,USA,SRSOc_Warm_3A,Office,OFF,SRSOc_Warm_3A.OFF.CO2,kgCO2/sqm,55.6792621155192,52.1587886854125,47.7817963125445,43.6498592078234,39.7424349503709,36.1066218102358,32.4082946596367,29.0534911771294,25.9035476196454,22.9540807398628,20.1101633710915,17.7136989714535,15.3957376084353,13.2390206703697,11.2355098889555,9.3833828425946,7.65301374852108,6.07056776833406,4.7334874092257,3.6679398716571,2.81850606103081,2.34537850290875,1.98868626166255,1.67785903452993,1.4093975759229,1.16078307005488,0.982217085019577,0.812732849818947,0.664045079979092,0.528741560884733,0.40113436140717
North America,USA,SRSOc_Warm_3A,Retail High Street,RHS,SRSOc_Warm_3A.RHS.CO2,kgCO2/sqm,78.2228784794968,73.2779847830899,67.1300156466887,61.3262536957098,55.8378448315421,50.7309437755036,45.5362348883827,40.8240429282147,36.3995993553034,32.2567474147461,28.2621514181749,24.896052528721,21.6402198232443,18.6108727187409,15.7967205797207,13.1952036138003,10.7647091375269,8.54198900977008,6.66391199240026,5.16723280809374,3.97410921859017,3.30954931600817,2.80853567386228,2.3719445088856,1.99486074423015,1.64565421638403,1.39483857146464,1.15677924708038,0.947930854836832,0.757882120780318,0.578643717525669
North America,USA,SRSOc_Warm_3A,Enclosed Retail Mall,ERM,SRSOc_Warm_3A.ERM.CO2,kgCO2/sqm,64.9991887616453,60.8989106928433,55.8010492290116,50.9886024293083,46.43764463729,42.2030309761649,37.8956075548788,33.9882844582668,30.3195607075738,26.884331156228,23.5720346006182,20.7808843148446,18.0811661292636,15.5692485314375,13.2357693898573,11.0786061390617,9.06325377574407,7.22018673477847,5.66289582447275,4.42185785435347,3.43252647783337,2.88147714062677,2.46603944364369,2.10402050275375,1.79134476385131,1.50178467307517,1.29380974958538,1.09641229540838,0.923236382032727,0.765649039594662,0.617025562716657
North America,USA,SRSOc_Warm_3A,Strip Shopping Center,SSC,SRSOc_Warm_3A.SSC.CO2,kgCO2/sqm,107.510989749387,100.723053606148,92.2836362049562,84.3167176152938,76.782689345883,69.7723630605231,62.6415015348005,56.1729988562596,50.0994930771342,44.4125327196581,38.9290857119968,34.3083869232554,29.8390523218046,25.6806181948954,21.8175857032342,18.2464409781103,14.9100616109606,11.8588974772463,9.28083055636273,7.22631465496516,5.58849446432528,4.676242258507,3.98849266901646,3.38917686355886,2.87154783606461,2.39218634573686,2.04788762346597,1.72109971022987,1.43441011947132,1.17352712580524,0.927483649361483
North America,USA,SRSOc_Warm_3A,Retail Store,RST,SRSOc_Warm_3A.RST.CO2,kgCO2/sqm,40.3965127393257,37.8425832979984,34.6672917051304,31.6697755951621,28.8351324572468,26.1975297580342,23.5145762345675,21.0808321504422,18.7957038148097,16.6560113984212,14.5928899345028,12.8543734801568,11.1728070981341,9.6082155754058,8.15476754568569,6.81114093219456,5.55584369406616,4.40785736258367,3.43787165971076,2.66486959582419,2.04864735739883,1.70541670272104,1.44665411453582,1.22116432678415,1.02640880977478,0.846051275856921,0.716510481002102,0.593558046702201,0.485692419962388,0.38753640549708,0.294963690451421
North America,USA,SRSOc_Warm_3A,Hotel,HOT,SRSOc_Warm_3A.HOT.CO2,kgCO2/sqm,69.8751022172083,65.4676689244135,59.9879224387534,54.8149712659534,49.9230974588421,45.3712653833118,40.7411693082213,36.5411454042949,32.5975945207824,28.9050290803566,25.3446056481309,22.344367984175,19.4424116747168,16.7423242504874,14.2340422549575,11.9152841195299,9.74896004254018,7.76782732400292,6.09387846261425,4.75987331092846,3.69643030210952,3.10410140294136,2.65754292421356,2.2684048448133,1.9323063075035,1.62105503065429,1.39750053350206,1.18531587264397,0.999167208257168,0.829774867559771,0.670017883011059
North America,USA,SRSOc_Warm_3A,Shipping/Distribution Warehouse,SDW,SRSOc_Warm_3A.SDW.CO2,kgCO2/sqm,16.5638652564669,15.5247107586469,14.2327335852666,13.0130905138657,11.8597179426375,10.7865180867619,9.69486567998925,8.7046127502735,7.77482927636741,6.90422143479527,6.06476913275144,5.35739360238876,4.67319017805548,4.03658201974662,3.44519643446345,2.89849548955626,2.3877344050902,1.92063647337289,1.52596425195177,1.2114416349548,0.960710310762999,0.821055051370729,0.715768545397225,0.624020228719829,0.544777212761501,0.471392514048344,0.418684362661592,0.368656913565639,0.324768053766679,0.284829885440972,0.247163475532204
North America,USA,SRSOc_Warm_3A,Refrigerated Warehouse Cool,RFW,SRSOc_Warm_3A.RFW.CO2,kgCO2/sqm,117.651535754481,110.214107513314,100.967178845442,92.2379592323725,83.9830503118656,76.3019529069565,68.4887870526968,61.4013567227352,54.7467178971266,48.515610432863,42.5074891463455,37.4446666712793,32.5476914077219,27.9913646005957,23.7587044305913,19.8458608104607,16.1902456713589,12.8471360990744,10.0223912399036,7.77129248697883,5.97676026352103,4.97722076057855,4.2236650240795,3.56700470747842,2.9998472289321,2.47461885160833,2.0973764930506,1.73932043543808,1.42519943993053,1.13935430176369,0.869768574726457
North America,USA,SRSOc_Warm_3A,Self Storage,SST,SRSOc_Warm_3A.SST.CO2,kgCO2/sqm,3.06410863571517,2.87236794494529,2.6339774109077,2.40893368016921,2.1961179208319,1.99809531482729,1.79666791688569,1.61395035065379,1.44239036998953,1.28174924368645,1.12685681469738,0.99633467086796,0.870088152680336,0.752623725321403,0.643503588834068,0.542628486006757,0.448384864524726,0.362197795833258,0.289374433646281,0.231339960454599,0.185076005095661,0.159307367263946,0.139880316304288,0.122951278655311,0.108329669789244,0.0947890145231411,0.0850635142464248,0.0758326465869605,0.0677344472214098,0.0603652138697572,0.053415156424132
North America,USA,SRSOc_Warm_3A,Inpatient Healthcare,IHC,SRSOc_Warm_3A.IHC.CO2,kgCO2/sqm,235.79762825953,220.893635124145,202.363552288984,184.870915725401,168.328758692748,152.936472638632,137.279532298291,123.076906126975,109.741558455804,97.2549327214939,85.2151529068553,75.0696739903113,65.2565392150082,56.1260358670751,47.6441337804109,39.8031176975293,32.4775662875382,25.7782502739217,20.1176944170904,15.6066780720906,12.0105834178115,10.0075886449752,8.49752506389104,7.18163191728803,6.04509508051566,4.99258070641859,4.23661811558635,3.51910329034035,2.88963070802866,2.31682061307656,1.7765930377809
North America,USA,SRSOc_Warm_3A,Outpatient Healthcare,OHC,SRSOc_Warm_3A.OHC.CO2,kgCO2/sqm,84.0174124267917,78.6965773250046,72.0812015466666,65.836201713076,59.9305300585686,54.4353707955762,48.8457280070483,43.7752860668627,39.0144689261973,34.556651755559,30.258361862804,26.6363513148105,23.1329900681501,19.8733332587731,16.8452318672411,14.0459314899201,11.4306557897666,9.03895072928966,7.01809068023705,5.40762468664882,4.12379246181986,3.40870860481646,2.86960480658091,2.3998212807134,1.99406927582185,1.61831390771617,1.34842970605292,1.09227163931594,0.867545300464866,0.663047886101264,0.470182670754253
North America,USA,SRSOc_Warm_3A,Large Multi-Family - Low Rise (>20 Units),MFL,SRSOc_Warm_3A.MFL.CO2,kgCO2/sqm,48.3402572297105,45.2846377802243,41.7529714811452,38.3909861875844,35.1838233803433,32.1764853532275,29.0733446501979,26.2389801197549,23.5527954846039,21.0137783935407,18.5374994379573,16.4422850525596,14.3915283542292,12.4639412458044,10.6544923319579,8.96393463078723,7.36634877039566,5.88902250235929,4.62944212429778,3.61799833737452,2.80535521346431,2.3553285858148,2.01539546149508,1.71672995650053,1.45669954722636,1.21308954202078,1.03814356958655,0.869967869368347,0.721010407620801,0.583883128609915,0.452803362995284
North America,USA,SRSOc_Warm_3A,Large Multi-Family - High Rise (>20 Units),MFH,SRSOc_Warm_3A.MFH.CO2,kgCO2/sqm,57.2618776650685,53.6416084663971,49.45732343552,45.4740748648542,41.6742585205343,38.1111926972063,34.4346207640715,31.0764923135228,27.8939260099155,24.8857224290599,21.951850401336,19.4694600940796,17.0397428365255,14.7559557512064,12.6121376882373,10.6091808163815,8.71637610747664,6.96605383306527,5.47371484212393,4.27536575169594,3.31255381793272,2.77936650007629,2.37661693000474,2.02276084736356,1.71467926293343,1.42605241887985,1.21877807536114,1.01952508671841,0.843041686350085,0.680574575275697,0.525272501222099
North America,USA,SRSOc_Warm_3A,Small Multi-Family - High Rise (<20 Units),MFS,SRSOc_Warm_3A.MFS.CO2,kgCO2/sqm,39.9484732442535,37.4233047835265,34.5047304977964,31.7263808475626,29.0759767304454,26.5907081090224,24.0262680136413,21.6839449473048,19.4640779669734,17.3658304641053,15.3194298497707,13.5879415633752,11.8931931757384,10.3002323205125,8.80490104511094,7.40782164481027,6.0875743120992,4.86670968549256,3.82579058643187,2.98993193558895,2.3183624485346,1.94645977367142,1.6655385338119,1.4187209159812,1.20383139875434,1.00251172788822,0.85793611589688,0.718955466941035,0.595856798859805,0.482534611398985,0.374210098009331
North America,USA,SRSOc_Warm_3A,Leisure,LEI,SRSOc_Warm_3A.LEI.CO2,kgCO2/sqm,58.417663138566,54.7244610467791,50.1327157295244,45.7980490827645,41.6989107913883,37.8847099570175,34.0049279220508,30.4855242153868,27.1810316900283,24.086852038816,21.1034005844197,18.5893559511193,16.1576660308461,13.8951318390131,11.7933207173729,9.85032082895513,8.03505283029787,6.37496565162842,4.97228272355514,3.85445511520204,2.96334464710102,2.46700353786404,2.09281053296052,1.76673286522032,1.48509960191755,1.22428706310724,1.03695990880618,0.85916009170916,0.703177098654999,0.561235041807752,0.427366917138132
North America,USA,SRTVc_Mixed mild_4A,Office,OFF,SRTVc_Mixed mild_4A.OFF.CO2,kgCO2/sqm,57.6159565428845,53.9721417198836,49.4417994221618,45.1650980157166,41.1207753665815,37.3575798541859,33.5296801244466,30.0573395712488,26.797036304018,23.7442335063623,20.8006781949949,18.3202525716916,15.9210803747144,13.6888018746882,11.6150971789144,9.69808001642267,7.90708665163065,6.26919895451235,4.88527337495904,3.78239389323921,2.90319978149032,2.41349598349769,2.04430686683309,1.72258966597815,1.44472253767913,1.18739770916382,1.00257558336931,0.827153390658625,0.673256276961337,0.533212337341186,0.40113436140717
North America,USA,SRTVc_Mixed mild_4A,Retail High Street,RHS,SRTVc_Mixed mild_4A.RHS.CO2,kgCO2/sqm,79.081412044799,74.0818413047168,67.8658923900587,61.9979566539275,56.4488609500422,51.28549149059,46.0333432848224,41.2690473277981,36.7956814707433,32.6070208818305,28.5682555434737,25.1649367768509,21.8731034375958,18.8102600126233,15.9649910227948,13.3347083714015,10.8773392521548,8.63004189929166,6.73119847006167,5.21797009417441,4.0116538104253,3.33974568702215,2.83319219984108,2.39177352680027,2.01052024370112,1.65745244365239,1.40386346146558,1.16317184994314,0.952014163837017,0.75986400888646,0.578643717525669
North America,USA,SRTVc_Mixed mild_4A,Enclosed Retail Mall,ERM,SRTVc_Mixed mild_4A.ERM.CO2,kgCO2/sqm,76.144626903003,71.3345342938446,65.3541628804358,59.7086153359045,54.3698241435367,49.402140602998,44.3490429311864,39.7653084543442,35.4614781525598,31.4315631081592,27.5458624522194,24.271525654722,21.1044491117723,18.1576840218504,15.4202475396902,12.8896496545493,10.5254120723707,8.36328477193567,6.53640538173868,5.08052666629833,3.91992841848285,3.27348486033813,2.78612918291991,2.36143978314492,1.99463557242533,1.65494864651972,1.41097040270739,1.17940073365787,0.976245687332964,0.791377808023568,0.617025562716657
North America,USA,SRTVc_Mixed mild_4A,Strip Shopping Center,SSC,SRTVc_Mixed mild_4A.SSC.CO2,kgCO2/sqm,76.129398542264,71.3400477803993,65.3854646335991,59.7642615444814,54.4484920277117,49.5022298904129,44.4709219405017,39.9069532204295,35.6216816862514,31.6091442454126,27.7401993187661,24.4799819570801,21.3265623274914,18.3925041346029,15.6668718928395,13.1471863287619,10.7931436968432,8.6403398165456,6.82133820676045,5.37173746067487,4.21614388814979,3.57248789246105,3.08723376648063,2.66437569167029,2.29915319621975,1.96093105174712,1.71800487904596,1.48743377345532,1.2851547624358,1.10108406140003,0.927483649361483
North America,USA,SRTVc_Mixed mild_4A,Retail Store,RST,SRTVc_Mixed mild_4A.RST.CO2,kgCO2/sqm,40.8653494714572,38.2815614345951,35.0691467537349,32.0365859711581,29.1688023472253,26.5003628085516,23.7860422383689,21.3238446742581,19.012000360645,16.8472922921418,14.7600503852961,13.0012085222677,11.2999825483812,9.71709901464495,8.24665837888494,6.8873231076084,5.61734989139595,4.45594217912021,3.47461614306979,2.69257672850328,2.06915008956515,1.72190664380265,1.46011880075521,1.23199275835189,1.03496030834804,0.852494171674856,0.721438884627642,0.597048984223015,0.487922274828057,0.388618695090274,0.294963690451421
North America,USA,SRTVc_Mixed mild_4A,Hotel,HOT,SRTVc_Mixed mild_4A.HOT.CO2,kgCO2/sqm,74.2008189653003,69.5178956822229,63.6956334496871,58.199343005784,53.0016988833765,48.1653510611629,43.2458472882135,38.7832976765534,34.5932521276868,30.6698800590668,26.8869096359769,23.6991398212246,20.6157945122323,17.7469360575986,15.0818719767437,12.6181780898798,10.3164462689102,8.21148133395104,6.43290101817109,5.01551285377453,3.88559852600342,3.25624565577647,2.78177469765472,2.36831324485528,2.0112066113075,1.68050033524711,1.44297239319923,1.2175249677626,1.01974093867797,0.839760600115921,0.670017883011059
North America,USA,SRTVc_Mixed mild_4A,Shipping/Distribution Warehouse,SDW,SRTVc_Mixed mild_4A.SDW.CO2,kgCO2/sqm,41.917711666877,39.2638580780188,35.9643311400216,32.8495352661132,29.9039848750349,27.1631842577518,24.3752584357718,21.8462925342465,19.4717570688627,17.2483477974875,15.1045053668116,13.2979683274574,11.550609568981,9.9248023871148,8.41448725958066,7.01829038248703,5.71387882491504,4.5209767828831,3.51303975962202,2.70979348811424,2.06946115452816,1.71280137764358,1.44391453519398,1.20960231309727,1.00722686003988,0.819812720510344,0.68520355795246,0.5574405298337,0.445354590415927,0.343358158156866,0.247163475532204
North America,USA,SRTVc_Mixed mild_4A,Refrigerated Warehouse Cool,RFW,SRTVc_Mixed mild_4A.RFW.CO2,kgCO2/sqm,113.568110387634,106.390741433782,97.4671435734461,89.0431524019533,81.0768870368664,73.6643691263929,66.1244007105274,59.2847915387315,52.8628407571895,46.8496120157573,41.0515724522771,36.1657781060171,31.4400319092476,27.0430229555259,22.9583632167946,19.1823372290805,15.654545396227,12.4283319693022,9.70235796359055,7.52997178689205,5.79818770109183,4.83359838823508,4.10639170162682,3.47269236137475,2.92536627681075,2.41850318827432,2.05445159616571,1.70891543120182,1.40577808213405,1.12992788852377,0.869768574726457
North America,USA,SRTVc_Mixed mild_4A,Self Storage,SST,SRTVc_Mixed mild_4A.SST.CO2,kgCO2/sqm,8.3543639988898,7.8257051779079,7.16842550424282,6.54794503719183,5.96117898369592,5.41519994816717,4.85983337322846,4.35605270596904,3.88303523251845,3.44012273391631,3.01306028535836,2.65319049250515,2.30510926264123,1.98124161918202,1.68038047974861,1.40225217681517,1.14240789640863,0.904776781513996,0.703991477992233,0.543981434998073,0.416424535125592,0.345376404237335,0.291813011854371,0.245137029578878,0.204822986310564,0.167489299759435,0.140674587195797,0.115223653469117,0.0928956618911259,0.0725775426667586,0.053415156424132
North America,USA,SRTVc_Mixed mild_4A,Inpatient Healthcare,IHC,SRTVc_Mixed mild_4A.IHC.CO2,kgCO2/sqm,215.509277330137,201.897379337795,184.973753900595,168.997633785826,153.889591796248,139.831733225438,125.532164455581,112.560828726211,100.381583168091,88.9774799710457,77.981483582801,68.7155625077586,59.7531731445084,51.4142347766607,43.6676674684276,36.5064248331842,29.8159588872684,23.697437134913,18.5276206834946,14.4076849204982,11.1233521138334,9.29400609365104,7.91485681191482,6.71304444406988,5.6750391694999,4.71377206708368,4.023347321248,3.36803712883699,2.7931363957536,2.26998582055909,1.7765930377809
North America,USA,SRTVc_Mixed mild_4A,Outpatient Healthcare,OHC,SRTVc_Mixed mild_4A.OHC.CO2,kgCO2/sqm,72.7866944359972,68.181105054244,62.4549917922885,57.049467213454,51.9376571039873,47.1811768394175,42.3429138633686,37.954058897224,33.8332078555985,29.9746264423174,26.2541280786073,23.1190011668874,20.0865742922703,17.2650922312337,14.6440390790644,12.2210306889346,9.957309719469,7.88710622319478,6.13789742309495,4.74391603899728,3.63266114206598,3.0137014194142,2.54706588545777,2.14043234446883,1.78922297796807,1.46397799285229,1.23037259262747,1.00864821108855,0.814130391946755,0.637122252778399,0.470182670754253
North America,USA,SRTVc_Mixed mild_4A,Large Multi-Family - Low Rise (>20 Units),MFL,SRTVc_Mixed mild_4A.MFL.CO2,kgCO2/sqm,58.4376250473499,54.7377092112137,50.461369083156,46.390488257144,42.5070752026899,38.8656212274538,35.1081639855748,31.6761560457993,28.423572654876,25.3491880010458,22.3507702091986,19.8137668248481,17.3305953076978,14.9965644553964,12.8055819715841,10.7585596529131,8.82411286653598,7.03528315635498,5.51011241283852,4.28539940571709,3.30140541923156,2.75648787506441,2.34487773489814,1.98323674854339,1.66837730840195,1.37340061676815,1.16156619675014,0.957929602999807,0.777563532963475,0.611522113354118,0.452803362995284
North America,USA,SRTVc_Mixed mild_4A,Large Multi-Family - High Rise (>20 Units),MFH,SRTVc_Mixed mild_4A.MFH.CO2,kgCO2/sqm,68.3343838739913,64.0075963162376,59.0067216806336,54.2461170379396,49.7047425770609,45.4463219940029,41.0522438681796,37.0387554782815,33.2350912951795,29.6398178194907,26.1333821681706,23.1665377415553,20.2626458423832,17.5331633086136,14.9709656343781,12.5771191007989,10.3149216192546,8.22301291761394,6.43943456373755,5.00722009299816,3.85650934005407,3.219267155495,2.73791846758093,2.3150051394314,1.94679949141646,1.6018452990202,1.35412006054693,1.11598159492647,0.905056346289168,0.710882754170983,0.525272501222099
North America,USA,SRTVc_Mixed mild_4A,Small Multi-Family - High Rise (<20 Units),MFS,SRTVc_Mixed mild_4A.MFS.CO2,kgCO2/sqm,47.2166991228422,44.2277571564348,40.7731562850994,37.4845337650215,34.3473553086939,31.4056412029238,28.3702149568604,25.5976998471787,22.9701311599616,20.4865186347891,18.0642752195892,16.0147810634407,14.0087744713694,12.1232497528887,10.3532853040841,8.6996177112457,7.13689319597061,5.69180405656471,4.45970931627094,3.47033651269578,2.67542629009719,2.23521981294291,1.90270445955948,1.61055621382602,1.35619999713406,1.11790587051495,0.946777440582179,0.782271546958328,0.636564525522255,0.50242953726519,0.374210098009331
North America,USA,SRTVc_Mixed mild_4A,Leisure,LEI,SRTVc_Mixed mild_4A.LEI.CO2,kgCO2/sqm,53.2252381496005,49.8627237086832,45.6821211977567,41.7355786490273,38.0034753528872,34.5307963422659,30.9984082421945,27.7941303573225,24.7855206034367,21.9683924037286,19.2520778479958,16.9631396381474,14.7491821374368,12.6892342374758,10.7756183364363,9.00659378236851,7.35386406221748,5.84242034136847,4.56533301052257,3.54759518244591,2.7362743440586,2.28437539405482,1.94368746217142,1.64680664184604,1.3903906940147,1.15293119238812,0.982377227059748,0.820497525455897,0.678481179302372,0.549248550255677,0.427366917138132
North America,USA,SRTVc_Warm_3A,Office,OFF,SRTVc_Warm_3A.OFF.CO2,kgCO2/sqm,54.2303209876865,50.8021256239611,46.539862250119,42.5162307963288,38.7112272962452,35.1707154878645,31.5693282759066,28.3024603465574,25.235082587812,22.3629266453011,19.5935535675033,17.2599048957326,15.0027015519901,12.9025161210435,10.9515210323488,9.14794163332107,7.46292868730463,5.92196151901706,4.6199284887934,3.58231090677091,2.75514231447949,2.29441629753703,1.94707361423207,1.64439373888832,1.38296914756348,1.14087128394012,0.966985840924983,0.801944098422258,0.657153707775218,0.525396742110243,0.40113436140717
North America,USA,SRTVc_Warm_3A,Retail High Street,RHS,SRTVc_Warm_3A.RHS.CO2,kgCO2/sqm,76.1833998897224,71.3683935552484,65.3819129242427,59.7305981997122,54.3863531927157,49.4135949406577,44.355335302961,39.7669183357868,35.4586914783378,31.4246596949921,27.5349896215726,24.2573079421943,21.086996088524,18.1372207459109,15.39698784962,12.8638048452511,10.4971520883549,8.33281607791877,6.50407044849572,5.04670448765662,3.88492063668234,3.23781670745231,2.74996317435346,2.3248399353108,1.95766101764012,1.61762708630596,1.37339960777602,1.14159337992451,0.938230801609003,0.753174071470232,0.578643717525669
North America,USA,SRTVc_Warm_3A,Enclosed Retail Mall,ERM,SRTVc_Warm_3A.ERM.CO2,kgCO2/sqm,63.3044869505016,59.3121385989401,54.3484657772175,49.6626947818405,45.2315297403196,41.1083818499054,36.9143407368661,33.109868293285,29.5377146557408,26.1929090580663,22.9678005479171,20.2501204161341,17.6214656597912,15.1756681034636,12.9036120506865,10.8032308073044,8.84092762920369,7.04637478684825,5.53007572265398,4.3217050192303,3.35841535352426,2.82187103235615,2.41736870912434,2.06487902485317,1.76043370435686,1.47849556950595,1.27599507343515,1.08379362085995,0.91517613670541,0.761736892768134,0.617025562716657
North America,USA,SRTVc_Warm_3A,Strip Shopping Center,SSC,SRTVc_Warm_3A.SSC.CO2,kgCO2/sqm,105.048599250707,98.4174842712325,90.1730420775893,82.3901825919738,75.0302123950192,68.1818451356789,61.2157273523123,54.8966659909053,48.9634759460939,43.4079009939495,38.051137638438,33.5371904964662,29.171110586672,25.1087484417999,21.3349632910418,17.8463224463241,14.5870231936713,11.6063498689732,9.08784382878524,7.08079324936948,5.48081149193139,4.58963497827414,3.91777441436176,3.33230455560892,2.82663427150547,2.35834743261684,2.02200301709986,1.70276485975077,1.42269863643607,1.167842802397,0.927483649361483
North America,USA,SRTVc_Warm_3A,Retail Store,RST,SRTVc_Warm_3A.RST.CO2,kgCO2/sqm,39.3432681587776,36.8564162345781,33.7645218854867,30.8457338464486,28.085541012664,25.517213461531,22.9047261999788,20.5349030323228,18.3097923043002,16.2262977030847,14.2173629614358,12.5245076617624,10.8871066728655,9.36360826452231,7.94833422799496,6.63999721010561,5.41766964632631,4.29983452872096,3.35532495355362,2.6026253531342,2.00258784443694,1.66837194942535,1.41640561475448,1.19683818916965,1.00719781603095,0.831577271074006,0.705438792173976,0.585715634252744,0.48068303739546,0.385105035319593,0.294963690451421
North America,USA,SRTVc_Warm_3A,Hotel,HOT,SRTVc_Warm_3A.HOT.CO2,kgCO2/sqm,68.1515775286361,63.8539095828017,58.5106339712979,53.4665130592349,48.6964693945337,44.2579988593568,39.7432134579351,35.6477894538665,31.8024511131717,28.2018475244216,24.7300950005005,21.8045770444268,18.9748927853913,16.3420499484886,13.8962357035118,11.6352253034086,9.52285265305268,7.59105924512514,5.95879940438818,4.65801711249272,3.62105872251677,3.04348153547053,2.60804441538832,2.2285976627679,1.90086952385325,1.59736983440777,1.37938287176244,1.17248258422812,0.990969877183211,0.82579618435043,0.670017883011059
North America,USA,SRTVc_Warm_3A,Shipping/Distribution Warehouse,SDW,SRTVc_Warm_3A.SDW.CO2,kgCO2/sqm,16.1325493309148,15.1208638577811,13.863038827267,12.6756358180581,11.5527515136834,10.5079206379701,9.44512498635122,8.48104841657912,7.57584285216693,6.72824867058699,5.91098646256302,5.22230970697036,4.55619252562872,3.93641247637654,3.36065958601537,2.82841014161475,2.33115052287627,1.87639986448951,1.49216041414905,1.18595189245629,0.941848403632851,0.805884793341711,0.703381432355582,0.614058391978314,0.536910087024114,0.465465240474205,0.414150377106364,0.365445354307068,0.322716653248507,0.283834211028941,0.247163475532204
North America,USA,SRTVc_Warm_3A,Refrigerated Warehouse Cool,RFW,SRTVc_Warm_3A.RFW.CO2,kgCO2/sqm,114.341213085849,107.114607885793,98.1297947717751,89.648015613346,81.6271022281607,74.1637349661797,66.572042897304,59.6855144876525,53.219509575436,47.1650305077772,41.3272168006958,36.4079062488621,31.6497417655674,27.2225696396862,23.1098894224411,19.3079601620375,15.7559679253374,12.5076229012192,9.76294890555927,7.57566031248308,5.83199630965906,4.86078998196036,4.12859470862994,3.49054823547489,2.93946753246689,2.42912739879323,2.06257843836827,1.71467191961597,1.40945506965471,1.13171256311816,0.869768574726457
North America,USA,SRTVc_Warm_3A,Self Storage,SST,SRTVc_Warm_3A.SST.CO2,kgCO2/sqm,2.9777650088571,2.79152324608212,2.55996951009755,2.34137980466827,2.13466738485727,1.94232386578725,1.74667320075005,1.56919578847858,1.40255597356887,1.24652187138264,1.09607159971838,0.96929269822201,0.8466668017727,0.732571134719239,0.626580452762021,0.52859834528535,0.437057535013749,0.353342223792869,0.282607361565942,0.226237258039467,0.181300105865897,0.156270486358328,0.137400583461251,0.120957053393795,0.106754777398602,0.0936024543535483,0.084155871533118,0.0751897357695599,0.0673237845252647,0.0601658932910085,0.053415156424132
North America,USA,SRTVc_Warm_3A,Inpatient Healthcare,IHC,SRTVc_Warm_3A.IHC.CO2,kgCO2/sqm,229.479007840591,214.977425861364,196.947659417232,179.927327962748,163.831812878758,148.855121999083,133.620922558245,119.801770477811,106.826480183571,94.6769961436121,82.9622930833097,73.0907443721477,63.5425664359008,54.6585887254378,46.4056998967718,38.7763930060985,31.6486331265794,25.1302001473296,19.62248056774,15.2332626754334,11.734263383071,9.78534991817639,8.31605839234058,7.03569465572155,5.92984456835571,4.90574831833494,4.1701968869434,3.4720551228472,2.85957844138686,2.30223434742355,1.7765930377809
North America,USA,SRTVc_Warm_3A,Outpatient Healthcare,OHC,SRTVc_Warm_3A.OHC.CO2,kgCO2/sqm,81.7660151518282,76.5885637826158,70.1514565003571,64.0747444202749,58.328216439455,52.981138526692,47.5421231925854,42.6083174903736,37.9757929426331,33.6381032431218,29.4556419443227,25.9312358854481,22.5222818140702,19.3504649304379,16.4039636020213,13.680097649752,11.1352973513778,8.80804300065385,6.84164027856235,5.27457247734954,4.02533644895858,3.32952238524131,2.80494614017316,2.34782215254587,1.95300419012097,1.58737452713175,1.32476305680805,1.0755078350259,0.856837331519455,0.657850631547936,0.470182670754253
North America,USA,SRTVc_Warm_3A,Large Multi-Family - Low Rise (>20 Units),MFL,SRTVc_Warm_3A.MFL.CO2,kgCO2/sqm,47.2070055695023,44.2236970393591,40.7756072592544,37.4931830011608,34.3619173712051,31.425747688548,28.3960424904286,25.6287529044731,23.0061365518598,20.5272050385714,18.1095269692528,16.063895616341,14.0616698639143,12.1796989057425,10.4130704139502,8.76251958653951,7.20274043087801,5.76037493671325,4.53060239847921,3.54309432452846,2.74968231639005,2.31030552250162,1.97841688053352,1.68681926393255,1.43294244749366,1.19509744795347,1.02429155392599,0.860095714320325,0.714663315552649,0.580781139466455,0.452803362995284
North America,USA,SRTVc_Warm_3A,Large Multi-Family - High Rise (>20 Units),MFH,SRTVc_Warm_3A.MFH.CO2,kgCO2/sqm,55.9194744250069,52.3848617630309,48.2995780341628,44.4105741891338,40.7006625149564,37.2218997811765,33.6323165224806,30.353642288474,27.2463763540964,24.3093476738547,21.4448918423337,19.0212355531232,16.6490060551832,14.4192539826057,12.326159227905,10.3705928508932,8.52257240722065,6.81366322556547,5.35663337395181,4.1866375432416,3.2466059971262,2.72603403369542,2.33281362607969,1.98732987291577,1.68653758110277,1.40473972531008,1.20236954814954,1.00783093846504,0.83552318251159,0.676900086701772,0.525272501222099
North America,USA,SRTVc_Warm_3A,Small Multi-Family - High Rise (<20 Units),MFS,SRTVc_Warm_3A.MFS.CO2,kgCO2/sqm,39.0119520873283,36.5465414970013,33.6970349929389,30.9844347217691,28.3967521648969,25.9702971879884,23.46654432249,21.179652107762,19.0123180674618,16.9637253913087,14.9657526520249,13.2752398705221,11.6205975415836,10.0653339528251,8.60538954921065,7.24137189945859,5.9523680937562,4.76039511191204,3.74410926389422,2.92803112817601,2.27235426887944,1.90925263528997,1.63497936973601,1.39400266725341,1.18419848992386,0.987643029837227,0.846488785892711,0.710797100717931,0.590611550857535,0.479971122137589,0.374210098009331
North America,USA,SRTVc_Warm_3A,Leisure,LEI,SRTVc_Warm_3A.LEI.CO2,kgCO2/sqm,56.9767452511755,53.3753102532397,48.8976586446412,44.6706979265308,40.6734132567395,36.9539860408265,33.1706071577253,29.7386520775438,26.5162681582589,23.4989713494659,20.5896514109767,18.1380746752016,15.7668063380383,13.5604906206789,11.510904395934,9.616183331334,7.84602032954872,6.22718228161726,4.85935261440128,3.76930030469031,2.90033176544278,2.41632352617108,2.05142830778072,1.73345287739297,1.4588175160362,1.20448553478319,1.02181300487645,0.84843108100508,0.696323886135535,0.557908744341512,0.427366917138132
North America,USA,SRVCc_Cool_5A,Office,OFF,SRVCc_Cool_5A.OFF.CO2,kgCO2/sqm,41.6477966150769,39.020938860586,35.754975749577,32.6718645601037,29.756277235116,27.0433569047517,24.2837907421116,21.7805502780726,19.4301693351508,17.2293772830045,15.1073426925994,13.3191823168627,11.5895982418964,9.98032928262804,8.48537755614829,7.10338323333132,5.81224056086391,4.63147309403168,3.63378912355647,2.83871372605349,2.20489505459633,1.8518633332694,1.5857116924499,1.353782968058,1.15346614183431,0.967958437946156,0.834718562176354,0.708255179810408,0.597309413862687,0.496350521429814,0.40113436140717
North America,USA,SRVCc_Cool_5A,Retail High Street,RHS,SRVCc_Cool_5A.RHS.CO2,kgCO2/sqm,61.4257354809569,57.5505939275875,52.7326439104593,48.1844371171677,43.8833615921526,39.8812604942906,35.8103474470057,32.117566167285,28.6502833109549,25.403674042898,22.2732478122019,19.635352949315,17.0838698674886,14.7098756898645,12.5045223373052,10.4658037893697,8.56110963040621,6.81924101655922,5.34745724581282,4.17456171857761,3.23955217462116,2.71875964574033,2.32613264449757,1.98399130251797,1.68848384467736,1.41482280970958,1.21826729455896,1.0317084650418,0.868041229136314,0.719106632818745,0.578643717525669
North America,USA,SRVCc_Cool_5A,Enclosed Retail Mall,ERM,SRVCc_Cool_5A.ERM.CO2,kgCO2/sqm,65.4855568002844,61.3543036274611,56.2179309245187,51.3691290196943,46.7837915127789,42.5171879240338,38.1772245417258,34.2403839984111,30.5439452737832,27.0827646549965,23.7454457158709,20.9332099893076,18.2130970767781,15.6822034710862,13.3310963155204,11.1576370099298,9.12705988671886,7.27006959656039,5.70101430171085,4.45060104543446,3.45379587279981,2.89858369340192,2.48000761759125,2.11525384404763,1.8002160303359,1.50846848939622,1.29892244200194,1.10003377026017,0.925549618311239,0.766771799460954,0.617025562716657
North America,USA,SRVCc_Cool_5A,Strip Shopping Center,SSC,SRVCc_Cool_5A.SSC.CO2,kgCO2/sqm,107.574185719893,100.782224843109,92.3378035046974,84.3661611339301,76.8276657546848,69.8131828752197,62.6780932870965,56.2057552749338,50.1286483655197,44.4383160700003,38.9516177923438,34.3281792781509,29.8561946987815,25.6952949344576,21.8299719562443,18.2567098119719,14.9183522238029,11.8653789801648,9.28578346027885,7.23004938609772,5.59125809176414,4.67846498927618,3.99030761621421,3.39063646174108,2.87270051932208,2.39305480382936,2.04855193841574,1.72157026462436,1.43471068858774,1.1736730110069,0.927483649361483
North America,USA,SRVCc_Cool_5A,Retail Store,RST,SRVCc_Cool_5A.RST.CO2,kgCO2/sqm,31.6975471841219,29.6976248763706,27.2111284260649,24.863843791195,22.6441011646782,20.5786562891147,18.4776982456332,16.5718902752022,14.7824598153965,13.1069168164334,11.4913347363168,10.1299432338044,8.81314799860641,7.58795303503819,6.44979193678809,5.39762941650617,4.41463556054171,3.51567436131134,2.75610128384719,2.15078147880941,1.66823228178899,1.39945639789558,1.19682547781263,1.0202497081781,0.867741225867707,0.726507466776123,0.625067105424818,0.528785934860882,0.444318889818164,0.367455214654491,0.294963690451421
North America,USA,SRVCc_Cool_5A,Hotel,HOT,SRVCc_Cool_5A.HOT.CO2,kgCO2/sqm,87.3776840708687,81.8555716657827,74.9899485162141,68.5087119450509,62.3796397073551,56.6766087820213,50.8755201949754,45.6132728594466,40.672362854176,36.0459147446829,31.585028533519,27.8260040578855,24.1901171661487,20.8071535976407,17.6645047580965,14.7593120499116,12.0451053304274,9.56292651241987,7.46562108341527,5.79423415428907,4.4618369423559,3.71970279200251,3.16020569898684,2.67265113541341,2.25155028625392,1.86158079090212,1.58148737146109,1.31563932112101,1.0824120025179,0.870178831020821,0.670017883011059
North America,USA,SRVCc_Cool_5A,Shipping/Distribution Warehouse,SDW,SRVCc_Cool_5A.SDW.CO2,kgCO2/sqm,20.7412878375825,19.4360876938506,17.8133368941072,16.2814392644154,14.8327787919816,13.4848169546605,12.1136783210752,10.8698995866258,9.702071774373,8.60856981452205,7.55419987474675,6.66572116841511,5.80634711994097,5.00675373756255,4.26396086842531,3.5772928576837,2.93576607580833,2.34908114214998,1.85336444053677,1.45831734621866,1.14339347199229,0.967983496849896,0.83574140674882,0.720503570252209,0.620972657346053,0.528799915459189,0.462597356638384,0.399761816891828,0.344636475820789,0.294473287239631,0.247163475532204
North America,USA,SRVCc_Cool_5A,Refrigerated Warehouse Cool,RFW,SRVCc_Cool_5A.RFW.CO2,kgCO2/sqm,79.8226560682236,74.7944187898657,68.5428288678601,62.6412475623141,57.0603344539633,51.8673592671526,46.5850962944584,41.793482817689,37.2944675758712,33.0817900452371,29.0198672345337,25.597034519062,22.286326466092,19.2059213097551,16.3443381168396,13.6989739510079,11.2275147689185,8.9673318626885,7.05760084516874,5.5356959205511,4.3224628605989,3.64670215045608,3.13724418693416,2.69329450754416,2.30985519440346,1.95476297423345,1.69971996356257,1.45764827449887,1.24527985247047,1.05202794697813,0.869768574726457
North America,USA,SRVCc_Cool_5A,Self Storage,SST,SRVCc_Cool_5A.SST.CO2,kgCO2/sqm,4.15979504959552,3.89827386761666,3.57312549152729,3.2661812418568,2.97591510845471,2.70582582394799,2.43109263621877,2.1818783786848,1.94788230438551,1.72877880029092,1.51751612596681,1.3394928530161,1.16730124087276,1.00708779968804,0.858255400277779,0.72066866259726,0.592126811699639,0.474573547522987,0.375247464580741,0.296092414269464,0.232991544861377,0.197844886128291,0.171347717953222,0.148257669002484,0.128314795021312,0.109846267784132,0.0965813508930421,0.0839910790456815,0.0729456892461788,0.0628945592087097,0.053415156424132
North America,USA,SRVCc_Cool_5A,Inpatient Healthcare,IHC,SRVCc_Cool_5A.IHC.CO2,kgCO2/sqm,172.795073583954,161.903496005601,148.36203547894,135.578722547195,123.490003436967,112.241589931691,100.799771701675,90.4207408368553,80.6755019350719,71.5504941843497,62.7520336183628,55.3378950257508,48.166627720327,41.4942155258178,35.2957897918737,29.5657123432295,24.2123274643341,19.3165844630192,15.1799492209576,11.8833773537756,9.25541426023454,7.79166070377409,6.68813264305759,5.72650094067695,4.89593969337117,4.12678059260689,3.57433634967217,3.04998906154634,2.58998150508709,2.17138190361368,1.7765930377809
North America,USA,SRVCc_Cool_5A,Outpatient Healthcare,OHC,SRVCc_Cool_5A.OHC.CO2,kgCO2/sqm,50.2711872358744,47.0995329037306,43.156226102308,39.4336937558738,35.9134288484072,32.6378630116768,29.3059772406976,26.2835777793665,23.4457401054148,20.7885152768514,18.2263817962277,16.0673662984996,13.9790755203654,12.0360525844938,10.2310556783883,8.56244295146506,7.00352403263667,5.57787156057936,4.37327314574005,3.41330326364037,2.64803391029074,2.22178525391927,1.90043515295961,1.62040562254115,1.37854413285543,1.15456310012649,0.993689970061821,0.840998742737926,0.707043404425633,0.585146165031635,0.470182670754253
North America,USA,SRVCc_Cool_5A,Large Multi-Family - Low Rise (>20 Units),MFL,SRVCc_Cool_5A.MFL.CO2,kgCO2/sqm,49.5562436111172,46.4230340761844,42.801689630188,39.3543348295568,36.0657338588374,32.9820317365363,29.8000942604527,26.8937578795422,24.1393640649393,21.5358747592229,18.9967166726058,16.8482993717668,14.7454686537216,12.7689351202197,10.9135396157857,9.18005427959557,7.54190157982324,6.02706217467529,4.7354977911523,3.69837082896814,2.86509259310628,2.40363862475882,2.05507371870119,1.74882432361969,1.48219106932249,1.23239517564749,1.05300687223125,0.880560755763347,0.727820878575671,0.587211583079618,0.452803362995284
North America,USA,SRVCc_Cool_5A,Large Multi-Family - High Rise (>20 Units),MFH,SRVCc_Cool_5A.MFH.CO2,kgCO2/sqm,57.3682366700644,53.7411808787043,49.5490519454432,45.5583363373435,41.7513968194679,38.1816516374682,34.498187565978,31.1337639343972,27.9452315603068,24.9313887710642,21.992016877623,19.5049730567782,17.0707010270592,14.7826327317291,12.6347958460721,10.6280842113197,8.73173123185998,6.97812778588414,5.48299124141039,4.28239571384489,3.31777888324343,2.78359204713172,2.38008747870574,2.0255680539285,1.71690893669247,1.42774102988302,1.22007812781602,1.02045161753671,0.843637379628718,0.680865706090141,0.525272501222099
North America,USA,SRVCc_Cool_5A,Small Multi-Family - High Rise (<20 Units),MFS,SRVCc_Cool_5A.MFS.CO2,kgCO2/sqm,47.8742687796562,44.8433683779905,41.3402722034233,38.0054843657686,34.824266546806,31.8412569852382,28.763219762763,25.951784393993,23.2873301894629,20.768852987587,18.3126063884314,16.234341661014,14.200174971267,12.2881814662666,10.4933704531696,8.81648885838245,7.23182698997782,5.76645184977976,4.51706110040525,3.51379959133105,2.70773050734073,2.26134446056631,1.92416129359394,1.62791190324401,1.36998506224065,1.12834578914611,0.954815077326011,0.787999868243778,0.640247427828575,0.504229467508513,0.374210098009331
North America,USA,SRVCc_Cool_5A,Leisure,LEI,SRVCc_Cool_5A.LEI.CO2,kgCO2/sqm,31.5219084725792,29.5416042941488,27.0794989958037,24.7552399221476,22.5572717404366,20.5120877342663,18.431738924671,16.5446258740775,14.7727487352358,13.1136418843716,11.5139077689751,10.1658707625094,8.86199255869461,7.64881607861717,6.52181970988027,5.47997832072901,4.50662708963712,3.61648420149443,2.86436211490356,2.26498016163616,1.78716450477085,1.52102516332116,1.32038194024984,1.1455382810429,0.994525822411472,0.854677488213441,0.754232200580565,0.658895494933075,0.575257024783779,0.499147339669417,0.427366917138132
North America,USA,SRVCc_Mixed mild_4A,Office,OFF,SRVCc_Mixed mild_4A.OFF.CO2,kgCO2/sqm,45.0893557059316,42.2433169149303,38.7048467834511,35.3644854611793,32.2056259411766,29.2663436431868,26.2765234552527,23.5644163943816,21.017923221788,18.6335004106832,16.3344064647647,14.3970446928235,12.523146739561,10.7796028132096,9.15991457658478,7.662608738476,6.26373507496034,4.98444615723664,3.90351694579449,3.04210166009976,2.35539811768525,1.9729099636797,1.68455103264664,1.43327052640746,1.21623956728978,1.01525338126862,0.87089617186101,0.733880876213814,0.613677963420102,0.504295213756841,0.40113436140717
North America,USA,SRVCc_Mixed mild_4A,Retail High Street,RHS,SRVCc_Mixed mild_4A.RHS.CO2,kgCO2/sqm,61.5977262955411,57.7116312399898,52.8800627716907,48.3189999853088,44.0057670101724,39.9923535453933,35.9099336268544,32.206714305775,28.7296308035049,25.4738446470139,22.3345699316687,19.6892187767372,17.1305236550101,14.7498191288616,12.5382321091119,10.4937509050888,8.58367292431161,6.83688073247408,5.36093680744115,4.18472596551621,3.24707351705194,2.72480891237134,2.33107210890443,1.9879636678178,1.69162092653279,1.4171863593721,1.22007525902946,1.0329891010217,0.86885924216402,0.71950366627622,0.578643717525669
North America,USA,SRVCc_Mixed mild_4A,Enclosed Retail Mall,ERM,SRVCc_Mixed mild_4A.ERM.CO2,kgCO2/sqm,59.3102192483643,55.5722520397507,50.9248504084204,46.5376434852215,42.3888197447576,38.5283871738861,34.6015784959844,31.0395162739795,27.6949701609011,24.5632861137401,21.5436723943001,18.9991551524285,16.5379908409192,14.2480325859278,12.1207455173805,10.1541946250269,8.31692385424608,6.63671484236828,5.21703006506349,4.0856533244841,3.18374175121238,2.68138451635089,2.30265593685276,1.97262589810003,1.68757897217585,1.42360513769866,1.23400740038082,1.05405248064217,0.896178825573442,0.752516296193289,0.617025562716657
North America,USA,SRVCc_Mixed mild_4A,Strip Shopping Center,SSC,SRVCc_Mixed mild_4A.SSC.CO2,kgCO2/sqm,59.8902975589522,56.1351591675729,51.4664086644244,47.0590481316017,42.8911658476209,39.0129995221364,35.0681521762285,31.4897268300914,28.1298168014485,24.9837466679103,21.95026168204,19.3940556349511,16.9215854184269,14.6211077314747,12.4840484971992,10.5084638164505,8.66275313423268,6.97482570899881,5.54861929428516,4.41204532331152,3.50599061886747,3.00132569444851,2.62085734108555,2.28931123603333,2.00295488373147,1.73776842680357,1.54729973016006,1.36651814752043,1.20791926474536,1.06359678962173,0.927483649361483
North America,USA,SRVCc_Mixed mild_4A,Retail Store,RST,SRVCc_Mixed mild_4A.RST.CO2,kgCO2/sqm,31.8306482728011,29.82224921547,27.3252136518903,24.9679799585169,22.7388288653293,20.6646295201981,18.5547664831859,16.6408806705058,14.8438656391197,13.1612207850709,11.5387909965879,10.1716291824978,8.84925265876004,7.61886465801614,6.4758794190612,5.41925726643898,4.43209695224601,3.529325470517,2.76653291260589,2.1586474357002,1.67405293487611,1.40413783379809,1.20064805456846,1.02332386157006,0.870168966042341,0.728336582092483,0.626466261768706,0.529776999665935,0.44495193772136,0.367762472838946,0.294963690451421
North America,USA,SRVCc_Mixed mild_4A,Hotel,HOT,SRVCc_Mixed mild_4A.HOT.CO2,kgCO2/sqm,59.1708860735855,55.4451674128667,50.8129943585387,46.4401634079272,42.3049345075078,38.457151778275,34.54321044283,30.9928203643449,27.659233639342,24.5378114751517,21.5280924073239,18.9919130238569,16.5388134403841,14.2563589064791,12.1360425190777,10.1759356085593,8.34468519530866,6.66998188195813,5.25494911897557,4.12727966672184,3.22832347173078,2.72761235795815,2.35012479393348,2.02117619557625,1.73706330966088,1.47395446301641,1.28497799839486,1.10561275382732,0.948256418177819,0.805064641287887,0.670017883011059
North America,USA,SRVCc_Mixed mild_4A,Shipping/Distribution Warehouse,SDW,SRVCc_Mixed mild_4A.SDW.CO2,kgCO2/sqm,33.285088585489,31.1810170067115,28.5650321299279,26.0955087547505,23.760169349538,21.587163006561,19.3767940885485,17.3717380072949,15.4891199885432,13.7263203090388,12.0266041126743,10.5943158898151,9.20894635885315,7.9199473355842,6.72251461051456,5.61555898198852,4.58137409068977,3.63559799609182,2.83646889087479,2.19962605307315,1.69194730631515,1.40917447250601,1.19599121119851,1.01021996551121,0.849769351050792,0.701180609719814,0.594457573313371,0.493162401111013,0.404296594609992,0.323430116084578,0.247163475532204
North America,USA,SRVCc_Mixed mild_4A,Refrigerated Warehouse Cool,RFW,SRVCc_Mixed mild_4A.RFW.CO2,kgCO2/sqm,84.8479621230133,79.4996804226963,72.8501803838542,66.5729668093803,60.6368317791339,55.1133266968737,49.494850712314,44.3982537829888,39.6128787986326,35.1320667567266,30.8116048863036,27.1709108295225,23.649478105772,20.3730069260789,17.32928560241,14.5155455230214,11.8867793799555,9.48273712666177,7.45145282401166,5.83267952288119,4.54222487375594,3.82345238157349,3.28156771055518,2.80936088842237,2.40151588268266,2.02382224614043,1.75254589396116,1.49506648057775,1.26918093015866,1.06362865160079,0.869768574726457
North America,USA,SRVCc_Mixed mild_4A,Self Storage,SST,SRVCc_Mixed mild_4A.SST.CO2,kgCO2/sqm,6.30022324335054,5.90238556710319,5.4077553677435,4.94081809672633,4.49925231940691,4.08838046377212,3.67044409560807,3.29132826126225,2.93536300542398,2.60205299104172,2.28067079631879,2.0098538602192,1.74790830641727,1.50418448006323,1.27777400163216,1.06847092496706,0.872927333145208,0.694100069129901,0.543000805469922,0.42258661553396,0.326594761013629,0.273128097501227,0.232819424474672,0.197693813044308,0.16735582442584,0.139260677775943,0.119081495074055,0.0999286124770301,0.0831258732960966,0.0678356463725668,0.053415156424132
North America,USA,SRVCc_Mixed mild_4A,Inpatient Healthcare,IHC,SRVCc_Mixed mild_4A.IHC.CO2,kgCO2/sqm,169.900830812461,159.193577580668,145.881286873078,133.314313198531,121.43017834019,110.372128118312,99.1239462695761,88.9205656324956,79.3402509374873,70.3696708698904,61.720111643759,54.4314467248691,47.3815428445844,40.822051667153,34.7285254085043,29.0954213114118,23.8326348019983,19.0197452370337,14.9531166200421,11.7123345088375,9.12884592567065,7.68986430108857,6.60501187181652,5.65965440830507,4.84314922019605,4.08700703526685,3.5439121196777,3.02843865819074,2.57621607058902,2.16470066765863,1.7765930377809
North America,USA,SRVCc_Mixed mild_4A,Outpatient Healthcare,OHC,SRVCc_Mixed mild_4A.OHC.CO2,kgCO2/sqm,57.3827726118005,53.7582059184919,49.2517947534793,44.9976846441568,40.9747257719011,37.2314090071363,33.4237298193362,29.9697315981587,26.7266505947289,23.6899739579867,20.7619677173437,18.2946447231279,15.9081459411964,13.6876592550151,11.6249087209829,9.71801803218937,7.93648543152454,6.30724973137836,4.93063461636118,3.83358099800991,2.95903115143631,2.47191417046717,2.10467526267533,1.78465750449438,1.50825818473738,1.2522926518814,1.06844683262828,0.893951292143413,0.740867126344855,0.601562956455979,0.470182670754253
North America,USA,SRVCc_Mixed mild_4A,Large Multi-Family - Low Rise (>20 Units),MFL,SRVCc_Mixed mild_4A.MFL.CO2,kgCO2/sqm,47.6247628548731,44.6147979213659,41.1358988330436,37.8241455182496,34.6649014613802,31.7024965695199,28.6457204053845,25.8537045845516,23.2076546786675,20.706573462235,18.2672930004154,16.2033835599621,14.183267556915,12.2844808465427,10.5020672084287,8.83676840970233,7.26305234409274,5.80779905236288,4.5670382732232,3.57070663534052,2.77020534685814,2.32690264154342,1.9920485143019,1.69784542005436,1.44170016816692,1.20172998037289,1.0293979046709,0.863734945427089,0.717003081771834,0.581924644134768,0.452803362995284
North America,USA,SRVCc_Mixed mild_4A,Large Multi-Family - High Rise (>20 Units),MFH,SRVCc_Mixed mild_4A.MFH.CO2,kgCO2/sqm,55.6902992583249,52.1703098857517,48.1019276654709,44.229013286008,40.534450142846,37.0700796378857,33.4953470912329,30.2302372861373,27.1358266355928,24.2109489389191,21.3583438448371,18.94471463093,16.5822994469745,14.3617722352153,12.2773369669344,10.3298610982221,8.48948622716367,6.7876470913427,5.33664521824498,4.17148985784046,3.23534738095589,2.71692911163651,2.32533552324243,1.98128109470036,1.68173323138744,1.40110122090579,1.19956828333841,1.00583451273007,0.834239623057199,0.676272777778291,0.525272501222099
North America,USA,SRVCc_Mixed mild_4A,Small Multi-Family - High Rise (<20 Units),MFS,SRVCc_Mixed mild_4A.MFS.CO2,kgCO2/sqm,38.4800733550213,36.0486010693645,33.2383202505789,30.5630610433326,28.010999960364,25.6179470336445,23.1486602842167,20.8932489291215,18.7557499366913,16.7353577406777,14.7648886585188,13.0976471073954,11.465782224007,9.93192805472801,8.49208092747218,7.14684004729933,5.87558038695371,4.70001584530005,3.69771996669231,2.89287578466656,2.24622483006241,1.8881215743964,1.61762389481817,1.37996442508347,1.1730483663169,0.979198645840197,0.839987500442944,0.706163717422366,0.587632615638129,0.47851523893778,0.374210098009331
North America,USA,SRVCc_Mixed mild_4A,Leisure,LEI,SRVCc_Mixed mild_4A.LEI.CO2,kgCO2/sqm,42.4440666114786,39.7681678264714,36.4412321727665,33.3005621186499,30.3305434462727,27.566975375854,24.7558906381552,22.2059169652942,19.8116565609323,17.5697777350524,15.4081267006558,13.5865830069969,11.8247091800424,10.1853966418992,8.66253553467231,7.25474064247063,5.93949351779488,4.73668220284241,3.72037238558963,2.91045365796534,2.26480217190087,1.90517967138569,1.63405922297962,1.39780060153446,1.1937440434692,1.00477308050209,0.869045738175549,0.740221400183746,0.627204378308982,0.524360675738896,0.427366917138132
North America,USA,SRVCc_Warm_3A,Office,OFF,SRVCc_Warm_3A.OFF.CO2,kgCO2/sqm,41.8669620179556,39.2261463743505,35.9428294683457,32.8433360731606,29.9122566856448,27.1849211700342,24.4106919680896,21.8941504591945,19.5312806951625,17.3187946670577,15.1854845808788,13.3878227602312,11.6490484873218,10.0312286281618,8.52833342990719,7.13899583793856,5.84099263934555,4.65395112842261,3.65096593362069,2.85166587864746,2.21447939227166,1.85957182608345,1.59200598037076,1.35884489560003,1.15746367978639,0.970970275033288,0.83702242510371,0.709887075683189,0.598351796010889,0.496856455411662,0.40113436140717
North America,USA,SRVCc_Warm_3A,Retail High Street,RHS,SRVCc_Warm_3A.RHS.CO2,kgCO2/sqm,58.7811704739707,55.0744521509013,50.4659021502972,46.1153716662833,42.0012315147792,38.1730716228335,34.2790905188729,30.7468066412099,27.4302204680808,24.324716863628,21.3303466945566,18.8071012626339,16.3665119421783,14.0956974194396,11.98619417467,10.0360833740354,8.21417193115283,6.54800923273162,5.14019282254699,4.0182742340328,3.12390251596882,2.62574491766336,2.25018245637135,1.92291142280289,1.6402474495013,1.37848039953555,1.19046767290996,1.01201715125085,0.85546329796271,0.713001767330555,0.578643717525669
North America,USA,SRVCc_Warm_3A,Enclosed Retail Mall,ERM,SRVCc_Warm_3A.ERM.CO2,kgCO2/sqm,48.8441293587723,45.7727113418627,41.9540280025894,38.3491418075548,34.9401306326897,31.7680851091451,28.5414995750421,25.6146194085153,22.8664681763637,20.2932217381515,17.8120614003552,15.7212789871195,13.6989861238955,11.8173700877398,10.0694179349176,8.4535397035554,6.94388853959819,5.56329209686767,4.39676356411378,3.46713237395233,2.72604843682665,2.31327085586689,2.00207663781473,1.73089710343823,1.49667935483659,1.27977697288481,1.12398804434061,0.976122439355316,0.84640059817488,0.728355774219173,0.617025562716657
North America,USA,SRVCc_Warm_3A,Strip Shopping Center,SSC,SRVCc_Warm_3A.SSC.CO2,kgCO2/sqm,84.0377955168268,78.7447862094425,72.1640061445186,65.9516651094231,60.0768777056254,54.6104558812,49.0500446414878,44.0061190417375,39.2701990302654,34.8356944227309,30.5598828305718,26.9568139184127,23.4717738202006,20.2291636846006,17.216898026584,14.4322368469229,11.8306379705287,9.45144055067802,7.44114877430554,5.83910486010391,4.56198655345741,3.85064229296566,3.31435778740964,2.84703103750954,2.44340094988297,2.06961062888337,1.80113781136647,1.54631934669632,1.32276823481285,1.11934025840384,0.927483649361483
North America,USA,SRVCc_Warm_3A,Retail Store,RST,SRVCc_Warm_3A.RST.CO2,kgCO2/sqm,30.3562633853551,28.4417628197583,26.0614709244108,23.8144447556153,21.6895129532773,19.7122884545308,17.7010676451268,15.8766615553664,14.1636621982832,12.5596858804213,11.0131093988433,9.70986637212322,8.44931479329894,7.27645100672754,6.18690364886531,5.17968165210458,4.2386739509913,3.37810965921572,2.65097986983286,2.071514805305,1.60957650548041,1.35228071966995,1.15830467889944,0.989270907174518,0.843276448034817,0.708075140156894,0.610967553312787,0.518798795163255,0.437939551340724,0.364358918230948,0.294963690451421
North America,USA,SRVCc_Warm_3A,Hotel,HOT,SRVCc_Warm_3A.HOT.CO2,kgCO2/sqm,53.4452833882482,50.0842086281829,45.9053960674531,41.9605432547351,38.2300378811459,34.7588457190022,31.2279700322152,28.0250640782587,25.0177424787973,22.2018204495304,19.4866689002688,17.1987107131296,14.985701131685,12.92663521085,11.0138386360081,9.2455715004799,7.59354940653346,6.08275281943572,4.80621228123827,3.78891020375517,2.97793673728148,2.52623127054054,2.18568920625136,1.88893549724101,1.63262933544531,1.39527150353751,1.22479056191876,1.06298017008617,0.921024629088375,0.791847331771779,0.670017883011059
North America,USA,SRVCc_Warm_3A,Shipping/Distribution Warehouse,SDW,SRVCc_Warm_3A.SDW.CO2,kgCO2/sqm,12.4522661817035,11.674965257549,10.7085497216862,9.79624102406015,8.93350351256321,8.13073622288245,7.31416618789738,6.57344426538299,5.8779542732337,5.22672841485576,4.59880730059306,4.06968130957955,3.55788835178588,3.08169726488222,2.63933324400123,2.23039390860505,1.84833805087602,1.49894279275399,1.20372289706735,0.968455935925288,0.780905681927818,0.676441752438632,0.597686092365097,0.529057171937417,0.469782377220739,0.414889679120314,0.375463304245987,0.338042129149356,0.305212697767031,0.275338434398366,0.247163475532204
North America,USA,SRVCc_Warm_3A,Refrigerated Warehouse Cool,RFW,SRVCc_Warm_3A.RFW.CO2,kgCO2/sqm,86.0952708099552,80.6675523184529,73.9192887933791,67.5488412174292,61.5245381464422,55.918993720629,50.2170678116686,45.0447723068538,40.1883212545797,35.640956747703,31.2563240563218,27.561555612707,23.9878198631206,20.6626840147525,17.5737550021917,14.718223092144,12.050412493516,9.61066355662254,7.54920905800498,5.90639249141026,4.59677101782798,3.86732276405132,3.31738960533728,2.8381692044837,2.42426657119699,2.04096313842129,1.7656575813218,1.50435388575927,1.27511330950087,1.06650801048814,0.869768574726457
North America,USA,SRVCc_Warm_3A,Self Storage,SST,SRVCc_Warm_3A.SST.CO2,kgCO2/sqm,2.24102199487999,2.10170085534066,1.92848336705402,1.76496382987713,1.61032928681927,1.46644363055958,1.32008401068451,1.18731918419375,1.06266159633633,0.945937782087188,0.833391041871937,0.73855205000007,0.646819780203038,0.561468685402709,0.482180654776242,0.408883566815323,0.340404994601626,0.277780412540115,0.224866063664887,0.182697503067944,0.149081545211928,0.130357736652172,0.116241802956927,0.103940956396453,0.0933167159134369,0.0834779095849114,0.0764112417028794,0.0697039799521813,0.063819728887397,0.0584651534764028,0.053415156424132
North America,USA,SRVCc_Warm_3A,Inpatient Healthcare,IHC,SRVCc_Warm_3A.IHC.CO2,kgCO2/sqm,175.564206933753,164.496272796694,150.735548773891,137.745248281228,125.460788481821,114.030240526103,102.403156233952,91.8560679731445,81.9530340426689,72.6802740537149,63.7393487055457,56.2051602892464,48.917775735018,42.1373237598231,35.8385330398185,30.0156741063354,24.5756071533441,19.600592220869,15.3969765298632,12.0470265302813,9.37651142586328,7.88905675373313,6.76766035302432,5.79045789823855,4.94644819295549,4.16483485852929,3.60344543158797,3.07060790569492,2.60315190119846,2.17777432980654,1.7765930377809
North America,USA,SRVCc_Warm_3A,Outpatient Healthcare,OHC,SRVCc_Warm_3A.OHC.CO2,kgCO2/sqm,62.5555502411613,58.601547169598,53.6855489011479,49.0447832973358,44.6561782353741,40.5726319143645,36.4188732783643,32.6509416243758,29.1130974256297,25.8004176586413,22.6062853254076,19.9147076767805,17.3113003421991,14.8889939203763,12.6387602683127,10.5585525418154,8.61509668318176,6.83777996982915,5.33604449254104,4.13927981867296,3.18524225441154,2.65385127669318,2.25323407406669,1.90412994497499,1.60260872829693,1.32337852265736,1.1228229816701,0.932467565028158,0.765469600032051,0.613504092916662,0.470182670754253
North America,USA,SRVCc_Warm_3A,Large Multi-Family - Low Rise (>20 Units),MFL,SRVCc_Warm_3A.MFL.CO2,kgCO2/sqm,37.5373255465776,35.1710233502978,32.4360657228211,29.8325107594074,27.3488518745035,25.0199392935483,22.6168361642699,20.4218759853861,18.3416677962284,16.3754276219209,14.4577724858458,12.8352175558863,11.2470911024726,9.75434840869465,8.35309311179856,7.04390835651417,5.80672192257331,4.66266571712398,3.68723410194066,2.90396193929864,2.27464299409302,1.92613788244684,1.66289027849495,1.43160073079279,1.2302305867886,1.04157656756817,0.906096660582032,0.775859719966225,0.660505575017071,0.554312841642535,0.452803362995284
North America,USA,SRVCc_Warm_3A,Large Multi-Family - High Rise (>20 Units),MFH,SRVCc_Warm_3A.MFH.CO2,kgCO2/sqm,44.4651697467778,41.6614373745026,38.4209006209921,35.3360573810217,32.3932739832623,29.6338430003182,26.7865067437461,24.185790352126,21.72103878735,19.3913231504205,17.1191738905641,15.1966765062173,13.3149719818742,11.5462836796775,9.88599496257861,8.33479677434602,6.86890638180313,5.51336209673106,4.35761402671288,3.42954764442493,2.68389398195821,2.27096487046858,1.95905380928453,1.68500851055601,1.44641346025268,1.22288521365775,1.06236074573179,0.908048449084009,0.771370153734185,0.645546831281683,0.525272501222099
North America,USA,SRVCc_Warm_3A,Small Multi-Family - High Rise (<20 Units),MFS,SRVCc_Warm_3A.MFS.CO2,kgCO2/sqm,31.0209115796066,29.0653961042922,26.805223260237,24.6536417632535,22.6011425547977,20.6765259103673,18.6905980920741,16.8766799018048,15.1575929178308,13.5326892622081,11.9479363507639,10.6070546662218,9.29462472329684,8.06102005398008,6.90302069859151,5.82110856875905,4.79869595331882,3.85324629016808,3.04714822644623,2.39985100555977,1.87978094088549,1.59177582466588,1.37422763315566,1.18308962444268,1.01667705318042,0.86077310538972,0.748812319010847,0.641184327441465,0.54585549921979,0.458097674455769,0.374210098009331
North America,USA,SRVCc_Warm_3A,Leisure,LEI,SRVCc_Warm_3A.LEI.CO2,kgCO2/sqm,44.6818460689276,41.8634308232069,38.3593049495114,35.0513650483851,31.9231652998731,29.0124115651296,26.0516104592978,23.3658270073805,20.8440500015805,18.4827703084469,16.2059912817488,14.2874334701756,12.4317234998482,10.7051023451576,9.10113474153551,7.61836169748021,6.23306544903986,4.9661932613542,3.89575550811414,3.04270108672842,2.36266266302494,1.98388692463187,1.69832679451946,1.44948520740681,1.23456074260165,1.03552532092982,0.892569237158049,0.756883806808334,0.637847578957536,0.529526494141496,0.427366917138132
North America,USA,AKGD_Cold or very cold_7/8,Office,OFF,AKGD_Cold or very cold_7/8.OFF.CO2,kgCO2/sqm,59.6253789230846,55.8535909145442,51.16414000028,46.7372380130782,42.5508760787708,38.6555146521005,34.693176553197,31.0988851041782,27.724077830789,24.5640585806468,21.5171236607356,18.9495838497123,16.4661511390649,14.1554735423402,12.0089389667077,10.0245948941136,8.17070065830971,6.47528926244767,5.04275930161594,3.90114596337546,2.99107397317954,2.48417145405423,2.10201617153842,1.76900004989958,1.48137404435448,1.21501179774216,1.02369859670233,0.842115460610599,0.682813378537622,0.537851003173818,0.40113436140717
North America,USA,AKGD_Cold or very cold_7/8,Retail High Street,RHS,AKGD_Cold or very cold_7/8.RHS.CO2,kgCO2/sqm,92.870363434673,86.9926219068062,79.6848463056186,72.7862121323686,66.2624219998787,60.1921106324988,54.0174265997165,48.4162856911294,43.157176532706,38.2327809056552,33.4846095156094,29.4835004030262,25.6134590481083,22.0126295112872,18.6675911932192,15.5753013999823,12.6862972689484,10.044263849861,7.81189002035931,6.03286423424698,4.61465941520337,3.82473114232673,3.22920192142387,2.71024839509269,2.26202826356384,1.84694437368876,1.54881268016973,1.26584377063665,1.01759639799645,0.791695214864003,0.578643717525669
North America,USA,AKGD_Cold or very cold_7/8,Enclosed Retail Mall,ERM,AKGD_Cold or very cold_7/8.ERM.CO2,kgCO2/sqm,113.531076871905,106.339970123718,97.3992921114609,88.9591770568386,80.9776639155955,73.5509581255231,65.9965578842839,59.1438574049721,52.7096147321214,46.6848764110276,40.8757391492713,35.980593181502,31.2458017022975,26.8403766834298,22.7478987294475,18.9646452648189,15.4301010859504,12.1977125471116,9.46652090935506,7.2899766916387,5.55487789626242,4.58844231777792,3.85984372614659,3.22493145797314,2.6765577676316,2.16872452124055,1.80397611865283,1.45777858253749,1.15406101548409,0.877682832682885,0.617025562716657
North America,USA,AKGD_Cold or very cold_7/8,Strip Shopping Center,SSC,AKGD_Cold or very cold_7/8.SSC.CO2,kgCO2/sqm,188.874352977482,176.904664664509,162.022792810729,147.974114343408,134.688784572623,122.326938668759,109.752543732697,98.3461369427816,87.6362584747041,77.6080051896446,67.9386226000963,59.7905901021114,51.9094696824641,44.576583910004,37.7646024929249,31.4673291570787,25.5840355791941,20.2036838932618,15.6575808006902,12.0346953676465,9.14660143438566,7.53795716666649,6.32519557759717,5.26837606118056,4.35560110424113,3.51030623001349,2.90317789156535,2.32692770544975,1.82138596617291,1.36135097844722,0.927483649361483
North America,USA,AKGD_Cold or very cold_7/8,Retail Store,RST,AKGD_Cold or very cold_7/8.RST.CO2,kgCO2/sqm,47.954742166759,44.9194551440699,41.1456933442618,37.5832136603439,34.2143047973029,31.0795740117221,27.8909448035384,24.9984953428936,22.282672317368,19.7396965722608,17.2877236616826,15.2215364181283,13.2230330395499,11.363551619312,9.63616171128471,8.0392920573017,6.54739985587564,5.18304422498461,4.0302382905364,3.11154292837815,2.37917682103068,1.97125499865209,1.66372155110788,1.39573206970863,1.16426956968419,0.949918744917245,0.795962458118922,0.649836287912523,0.52164044516934,0.404984255658249,0.294963690451421
North America,USA,AKGD_Cold or very cold_7/8,Hotel,HOT,AKGD_Cold or very cold_7/8.HOT.CO2,kgCO2/sqm,102.786310427252,96.2828757182812,88.1971779609354,80.5641752652405,73.3459192428338,66.6294153860872,59.7974282588315,53.6000386624977,47.7810905381203,42.3324866330609,37.07886626276,32.6518339147425,28.369821656565,24.3856791624074,20.6845571927833,17.2630891550707,14.0665468009968,11.143265510302,8.67325260188339,6.70484722190821,5.13567266721409,4.26165550891152,3.60273143287589,3.02853463305341,2.5326008893146,2.07333078297363,1.74346258542131,1.43037126980422,1.15569764355088,0.905748987555075,0.670017883011059
North America,USA,AKGD_Cold or very cold_7/8,Shipping/Distribution Warehouse,SDW,AKGD_Cold or very cold_7/8.SDW.CO2,kgCO2/sqm,59.1591284026987,55.4072284077493,50.7425041916203,46.3389445255374,42.1746565844814,38.2998347535731,34.3583894073335,30.7830500619394,27.4260375884616,24.2826805965514,21.2518116599248,18.6978100611608,16.22747207996,13.9289783035731,11.7937620493089,9.819881094418,7.97576213592941,6.28929036361114,4.86431389604734,3.72872009589734,2.82344676460505,2.31921705852407,1.9390768175311,1.60781663475685,1.32170723351041,1.05674947091701,0.866445032706325,0.685819354422488,0.527357245849127,0.383159233086002,0.247163475532204
North America,USA,AKGD_Cold or very cold_7/8,Refrigerated Warehouse Cool,RFW,AKGD_Cold or very cold_7/8.RFW.CO2,kgCO2/sqm,139.760310672795,130.914850759168,119.917321209489,109.535511844624,99.7178082541776,90.5825484594376,81.2902174114761,72.8610159669092,64.9465408200057,57.5357787251764,50.3902178844083,44.3689169990921,38.5448610233899,33.1259440511569,28.0919693158377,23.4383578431803,19.0906725783201,15.1146554996169,11.7551383913077,9.07786835454975,6.9436006572228,5.75483132477701,4.85861466980584,4.07763738585508,3.40310734959504,2.77844430660904,2.32978355289919,1.9039413932515,1.53035195027558,1.19039146539114,0.869768574726457
North America,USA,AKGD_Cold or very cold_7/8,Self Storage,SST,AKGD_Cold or very cold_7/8.SST.CO2,kgCO2/sqm,12.1414398226741,11.3715951953506,10.4144500474077,9.51089271523036,8.65643105517393,7.86136434967107,7.05262730236796,6.31901079083638,5.63019232018314,4.98521337745028,4.36331562694393,3.83926530267332,3.33238174366035,2.86075854286341,2.42263792031698,2.01762135533801,1.63923038696225,1.29318671980701,1.00079873529431,0.767788583892559,0.582037414806817,0.478575560630023,0.400575368047102,0.332604773868617,0.273898575496372,0.219532438265962,0.180484262805652,0.143422052146874,0.110907538678024,0.081319845630273,0.053415156424132
North America,USA,AKGD_Cold or very cold_7/8,Inpatient Healthcare,IHC,AKGD_Cold or very cold_7/8.IHC.CO2,kgCO2/sqm,242.781530784061,227.432756968233,208.349679859846,190.335009588732,173.299184061055,157.447545174278,141.323353908968,126.696877989792,112.963562810367,100.104298022879,87.7052144022276,77.2569634047436,67.1509747128433,57.747989255251,49.0129613017614,40.9379453480382,33.3937771075671,26.494533040578,20.6650489064177,16.0194100544702,12.3159969511864,10.2532266960419,8.69809820510407,7.34293478751937,6.17248021990697,5.08855560190854,4.31003277822561,3.57110511889538,2.92284715195976,2.33294265408605,1.7765930377809
North America,USA,AKGD_Cold or very cold_7/8,Outpatient Healthcare,OHC,AKGD_Cold or very cold_7/8.OHC.CO2,kgCO2/sqm,81.9382663856494,76.7498449290515,70.299098575296,64.2095110362705,58.4508071971725,53.092399788915,47.6418601604691,42.6976006121781,38.0552605788868,33.7083800957908,29.5170569144432,25.9851832736078,22.5690062422464,19.3904688496411,16.4377244153507,13.7080870814899,11.1578948094088,8.8257094256774,6.8551402502176,5.28475211444393,4.03286917980136,3.33558081134635,2.80989308365125,2.3518005325875,1.95614602197695,1.58974165555399,1.32657375880107,1.0767904100759,0.857656583138473,0.658248266172108,0.470182670754253
North America,USA,AKGD_Cold or very cold_7/8,Large Multi-Family - Low Rise (>20 Units),MFL,AKGD_Cold or very cold_7/8.MFL.CO2,kgCO2/sqm,86.8269639505828,81.3155712221437,74.9455371646333,68.8815551778824,63.0968250873207,57.6725171168398,52.0754107399719,46.9630934762969,42.1180469284012,37.5384451277184,33.0720035256125,29.2928845878325,25.5939535717743,22.1171824134444,18.8534960313156,15.8042526372126,12.9227016981715,10.258061881012,7.98616832512436,6.16183645899126,4.69607952231254,3.88437062850754,3.27123637520702,2.73253614774928,2.26352168749385,1.82412455919936,1.50857611598408,1.20523915056497,0.936565945313501,0.689230731977849,0.452803362995284
North America,USA,AKGD_Cold or very cold_7/8,Large Multi-Family - High Rise (>20 Units),MFH,AKGD_Cold or very cold_7/8.MFH.CO2,kgCO2/sqm,98.8019985976792,92.5311227952619,85.2832828390029,78.3836696594172,71.8017899539052,65.6299993969689,59.261598400766,53.4447916147724,47.9320860871825,42.7214042266027,37.6394763100835,33.3395857617114,29.1309332220873,25.1750546988945,21.4616245427084,17.9921881301853,14.7135525933228,11.6817190487161,9.09675313769151,7.02102398562417,5.35328224422823,4.42971792726287,3.73209231027215,3.11915790556348,2.58551213312139,2.08556503168266,1.72653325976073,1.38139573642474,1.07569872215182,0.794280126015673,0.525272501222099
North America,USA,AKGD_Cold or very cold_7/8,Small Multi-Family - High Rise (<20 Units),MFS,AKGD_Cold or very cold_7/8.MFS.CO2,kgCO2/sqm,57.8883432381575,54.2184612617109,49.976834085266,45.9389984064834,42.0871087401172,38.4752140636873,34.7482577706381,31.3441089632002,28.1179282358829,25.0684997273854,22.094421424121,19.5780120227292,17.1149975113688,14.799913023859,12.6267157177144,10.5963099881291,8.67756596525581,6.90325698011389,5.39046672473345,4.17569525689156,3.1996887865103,2.65919458000508,2.25092566211091,1.89222027621932,1.57991668995834,1.28733445510696,1.0772195891356,0.875236004036068,0.696334045476905,0.531640457796727,0.374210098009331
North America,USA,AKGD_Cold or very cold_7/8,Leisure,LEI,AKGD_Cold or very cold_7/8.LEI.CO2,kgCO2/sqm,70.691617676077,66.2167297243084,60.6531170957262,55.4009952051708,50.4342524987523,45.8127557771654,41.1117972451724,36.8474930308476,32.8435870920634,29.0945078655005,25.4795930473664,22.4334374999128,19.4870674783897,16.7456558946549,14.1989852735058,11.8447391275112,9.64526000491275,7.63380654796993,5.93423831991515,4.57981655461359,3.50009781778414,2.89870347366437,2.44531052963822,2.05021678972175,1.70897434875881,1.39295944933377,1.16598350678108,0.95055141300981,0.76155379009307,0.589568942188996,0.427366917138132
North America,USA,AKMS_Cold or very cold_7/8,Office,OFF,AKMS_Cold or very cold_7/8.OFF.CO2,kgCO2/sqm,36.126280716058,33.8510692782237,31.0223068098301,28.3519186510453,25.826628646866,23.4768754655126,21.086720731795,18.9185784615506,16.8828330560519,14.9766517103823,13.1386848987742,11.5898979754614,10.0918459917437,8.69800304900373,7.40317417550196,6.20618157667561,5.08787870273751,4.06517557335548,3.2010473284635,2.51240530540504,1.96343325377914,1.65766039306441,1.4271373446216,1.22625593579898,1.05275467428772,0.892080100656494,0.776676482470924,0.667142217231665,0.571048290854421,0.483604337552553,0.40113436140717
North America,USA,AKMS_Cold or very cold_7/8,Retail High Street,RHS,AKMS_Cold or very cold_7/8.RHS.CO2,kgCO2/sqm,55.9271599038557,52.4022036771082,48.0196378587659,43.8824393498214,39.9700395716943,36.3295967670397,32.6265603496738,29.2674850264381,26.1135304867158,23.160307901775,20.3127692293691,17.9132532905634,15.5923403502593,13.4328771555788,11.4268152026874,9.57232974940577,7.83975728896224,6.25529630037786,4.91651336931109,3.84960901624113,2.9990935786381,2.52536356329817,2.16821712780434,1.85699410866325,1.58819080452074,1.33925972524465,1.16046636312107,0.990766315082956,0.841889213595408,0.706413405695882,0.578643717525669
North America,USA,AKMS_Cold or very cold_7/8,Enclosed Retail Mall,ERM,AKMS_Cold or very cold_7/8.ERM.CO2,kgCO2/sqm,68.3691810330677,64.0542797718164,58.6895780391851,53.6252305931566,48.8360594230124,44.3797909649467,39.8469016239365,35.7350552869846,31.8742974375364,28.2592557074225,24.7735817249224,21.8363326685565,18.9953015949274,16.3519012622797,13.8962794917178,11.6262026151262,9.50535951413972,7.56581976434985,5.92701468814276,4.62101636006034,3.57989984729921,3.00000662049199,2.56282343130226,2.18185512660889,1.85281282325433,1.54809612357375,1.32923505010101,1.12150510844732,0.93926454951341,0.773428522972429,0.617025562716657
North America,USA,AKMS_Cold or very cold_7/8,Strip Shopping Center,SSC,AKMS_Cold or very cold_7/8.SSC.CO2,kgCO2/sqm,117.121875485706,109.721855155661,100.521435613595,91.8361212135725,83.6227318733827,75.9802679584004,68.2063998565861,61.154617058979,54.5334489613775,48.3336819963633,42.355779659166,37.3184215794564,32.4460765522498,27.9126666275073,23.7012953990983,19.8081321444955,16.1709035930397,12.8446088042654,10.0340715180897,7.79429507972642,6.00878878562788,5.01427665016724,4.26451106062515,3.61115353767313,3.0468486818159,2.52426203706691,2.14891708822696,1.79266193930831,1.48012087303171,1.19571344547884,0.927483649361483
North America,USA,AKMS_Cold or very cold_7/8,Retail Store,RST,AKMS_Cold or very cold_7/8.RST.CO2,kgCO2/sqm,28.8786695143609,27.0582718096001,24.7949776738784,22.6583988952048,20.6379132159314,18.7578746283258,16.8455107403241,15.1107791251804,13.4819783016513,11.9568417412367,10.4862836605061,9.24709853973958,8.0485064671857,6.9332920956475,5.89729892587675,4.93958460390883,4.04482996656308,3.22656472825589,2.53517532705032,1.98419253163562,1.54495974379905,1.30031073906608,1.11586914330864,0.95514383687386,0.816325398738351,0.687769599401254,0.595435112077266,0.50779669671135,0.43091190257323,0.36094795582134,0.294963690451421
North America,USA,AKMS_Cold or very cold_7/8,Hotel,HOT,AKMS_Cold or very cold_7/8.HOT.CO2,kgCO2/sqm,61.1257102492715,57.2754955744757,52.4885370587923,47.969586641533,43.6961778187199,39.7198202677017,35.6750934006674,32.0060659656232,28.5610864335845,25.3353610052238,22.2250712659207,19.6041446825228,17.0690740357229,14.7103505943506,12.5191831946072,10.493578719794,8.6011365210147,6.87047249075011,5.40815598070494,4.24280511318969,3.3138100254915,2.79636749865592,2.40626607369208,2.06632555859044,1.77271895480063,1.5008182465964,1.30552707634562,1.12016828796918,0.957553842848161,0.809577269494833,0.670017883011059
North America,USA,AKMS_Cold or very cold_7/8,Shipping/Distribution Warehouse,SDW,AKMS_Cold or very cold_7/8.SDW.CO2,kgCO2/sqm,34.9546504214634,32.7442502038143,29.9960673000896,27.4017472869114,24.9483921911853,22.665573611287,20.3435043496041,18.2371233485467,16.2593677814967,14.4074855382545,12.6218746834333,11.1172061961646,9.6618274230993,8.30768921301109,7.04974457709144,5.88684927119906,4.80040215035329,3.80683153876728,2.96731867907275,2.29829317562342,1.7649590325988,1.46789635673674,1.24393994197111,1.04878080097898,0.880221861871352,0.724124232165695,0.612007978479096,0.505593884518951,0.412237270603015,0.327284228351024,0.247163475532204
North America,USA,AKMS_Cold or very cold_7/8,Refrigerated Warehouse Cool,RFW,AKMS_Cold or very cold_7/8.RFW.CO2,kgCO2/sqm,69.8195035229539,65.4283325524414,59.9688049555211,54.8149406737831,49.9411166528242,45.4060796948306,40.7930675117854,36.6085406415704,32.6795404707163,29.0005996696785,25.4533133060071,22.4641457657658,19.5728969464994,16.8827721669582,14.3837451022409,12.0735426021657,9.91521171712418,7.94138888091811,6.27361647055197,4.94453346294911,3.88501429183556,3.29487093759014,2.84996014753204,2.46225788994441,2.12739947185351,1.81729663407045,1.5945669968852,1.38316524415277,1.19770342160147,1.02893609611215,0.869768574726457
North America,USA,AKMS_Cold or very cold_7/8,Self Storage,SST,AKMS_Cold or very cold_7/8.SST.CO2,kgCO2/sqm,6.36284781625069,5.9610217968028,5.46143290421172,4.98981456299651,4.54382206601048,4.12883119885528,3.70670499706876,3.32378850695199,2.964254681085,2.62760321663679,2.30299914885451,2.02946725901833,1.76489568754438,1.51872851727476,1.290048262133,1.07864691134126,0.881142984937207,0.700522968387162,0.547908926824523,0.426287578430846,0.329333400623553,0.275330731054895,0.23461796150459,0.199140214010003,0.168498085492656,0.140121283550162,0.119739803502078,0.100394912270283,0.0834237247634016,0.0679802125272277,0.053415156424132
North America,USA,AKMS_Cold or very cold_7/8,Inpatient Healthcare,IHC,AKMS_Cold or very cold_7/8.IHC.CO2,kgCO2/sqm,144.893776911644,135.779136751239,124.446936336842,113.749193370545,103.632722740162,94.2194636655725,84.6443534304284,75.9586390914339,67.8033149220984,60.1670325277057,52.8040218483464,46.5994839946805,40.5981935009209,35.0143709814245,29.8272050525713,25.0319773952441,20.551985726428,16.454972648773,12.9932205348113,10.2344772658843,8.03526068957694,6.81031537245718,5.8868255374923,5.08208197569117,4.38702500658733,3.74335255609672,3.28103840125426,2.8422372435735,2.45727892894638,2.10697295065522,1.7765930377809
North America,USA,AKMS_Cold or very cold_7/8,Outpatient Healthcare,OHC,AKMS_Cold or very cold_7/8.OHC.CO2,kgCO2/sqm,48.9013511524847,45.8169369590921,41.9820955187929,38.3619558685354,34.9385200498683,31.7530525618731,28.5128142866558,25.5735495306725,22.8137699697755,20.2296352823375,17.7379763417932,15.6383471427795,13.6074972955156,11.7179195250911,9.96257121370732,8.33985567184093,6.82381667892442,5.43737848006604,4.26591398268584,3.33234921821281,2.58812951201156,2.17360533379254,1.86109435099002,1.58876736710716,1.35355856643136,1.13573839939793,0.979290276827286,0.830799003994907,0.700528267179818,0.581983956877223,0.470182670754253
North America,USA,AKMS_Cold or very cold_7/8,Large Multi-Family - Low Rise (>20 Units),MFL,AKMS_Cold or very cold_7/8.MFL.CO2,kgCO2/sqm,50.9468952331967,47.724950511889,44.0010464793853,40.4560596285116,37.074322652429,33.90328743622,30.6312347565964,27.6425884319834,24.8101878177191,22.1329654577041,19.5218962321928,17.3126339072736,15.1502492163452,13.1177385547527,11.2097966553044,9.42721752482113,7.74267093293776,6.18492997414481,4.85678737744794,3.79028808849857,2.93341069696678,2.45888795571146,2.10045139199482,1.78552875088659,1.51134421371155,1.25447388567975,1.07000515136361,0.892675212695561,0.735609610937591,0.591018139368477,0.452803362995284
North America,USA,AKMS_Cold or very cold_7/8,Large Multi-Family - High Rise (>20 Units),MFH,AKMS_Cold or very cold_7/8.MFH.CO2,kgCO2/sqm,57.9734087472101,54.3077379237299,50.070977972166,46.0377756695534,42.1903060081624,38.5825559448505,34.8598762969767,31.459633716344,28.2371549992349,25.1912256795374,22.220560101464,19.7070382547628,17.2468500279893,14.9344220768393,12.7637184929291,10.7356426336682,8.81910035042458,7.046827367147,5.53577302349677,4.32239549379869,3.34750898110798,2.80763498631409,2.39983455293133,2.04154077789249,1.72959555688198,1.43734905722702,1.22747529596878,1.02572348501866,0.847026814672663,0.682522211241773,0.525272501222099
North America,USA,AKMS_Cold or very cold_7/8,Small Multi-Family - High Rise (<20 Units),MFS,AKMS_Cold or very cold_7/8.MFS.CO2,kgCO2/sqm,33.9667682018259,31.8232824741088,29.3458547602589,26.9874565327721,24.7376646927109,22.6280478879653,20.451226487918,18.4629488183365,16.5786178266525,14.7975233588715,13.0604390501459,11.5906676319927,10.1520828256843,8.79990022436759,7.53059035578576,6.34468145441689,5.22399134651491,4.1876621101468,3.30407938398586,2.59456193343332,2.02450111053801,1.70881204342542,1.47035244058445,1.26084164976104,1.07843298262634,0.907543060658125,0.784820253962608,0.666846723840204,0.562354591043194,0.466161210192072,0.374210098009331
North America,USA,AKMS_Cold or very cold_7/8,Leisure,LEI,AKMS_Cold or very cold_7/8.LEI.CO2,kgCO2/sqm,42.0394050643393,39.3892777785267,36.0943837401474,32.9839613830751,30.0425468695143,27.3055946384912,24.5215833717545,21.9961684171919,19.6249670614115,17.4046797018004,15.2638474622715,13.4598470001044,11.7149417259841,10.0914173566583,8.58322287808656,7.18898641534929,5.88640639542506,4.69517931938631,3.68865755083832,2.88653912565952,2.24710588927112,1.89094690203764,1.62243760636158,1.38845438445933,1.18636308885141,0.999212099437551,0.864791942985545,0.737208308245072,0.625279749844537,0.523426531822221,0.427366917138132
North America,USA,HIMS_Hot or very hot_1A,Office,OFF,HIMS_Hot or very hot_1A.OFF.CO2,kgCO2/sqm,77.7526213099649,72.8263717127834,66.7015827201126,60.9197031229998,55.4519876135805,50.3643414851237,45.1892185939584,40.4947933604115,36.0870315950486,31.9597997562363,27.9802648810355,24.6268574437241,21.3833004456233,18.3653751130472,15.5618333804253,12.9701251067493,10.5487945039511,8.33445486264286,6.46345889825711,4.97242275441496,3.78379768721675,3.12174342409349,2.62261879081836,2.18767373787168,1.81201172008405,1.4641218314935,1.21425185539093,0.977090103722653,0.769029148052493,0.579696968824648,0.40113436140717
North America,USA,HIMS_Hot or very hot_1A,Retail High Street,RHS,HIMS_Hot or very hot_1A.RHS.CO2,kgCO2/sqm,107.605276936396,100.789119554279,92.314614784933,84.3145732683762,76.7492218387273,69.7097497145536,62.5492412177527,56.0538453635221,49.9550886312645,44.2444844057041,38.7382396485339,34.0983300361273,29.6104139164139,25.4346908580275,21.5555975843498,17.9696056175566,14.6193550593528,11.5555055334876,8.96672014960123,6.90366247898139,5.25903295574569,4.34298800838216,3.65237906001679,3.05057156427926,2.53079046403026,2.04943600045677,1.70370583624515,1.37555928327422,1.08767776388614,0.825710134017251,0.578643717525669
North America,USA,HIMS_Hot or very hot_1A,Enclosed Retail Mall,ERM,HIMS_Hot or very hot_1A.ERM.CO2,kgCO2/sqm,93.0673834731893,87.1795388255662,79.8592020507203,72.9487099679523,66.4137062370657,60.3329607458966,54.1476631854619,48.5368945997979,43.2687456750992,38.3358856134502,33.5795526967451,29.5715661663083,25.6948726830031,22.0878537600275,18.7370657296667,15.6394606679795,12.7454906917186,10.0989159398919,7.86270493244812,6.08062121830657,4.65997867840406,3.86869261531124,3.2721397524179,2.75229420836195,2.30330364117435,1.88750627279254,1.58886212730731,1.30540682878165,1.05673274922978,0.83044326955598,0.617025562716657
North America,USA,HIMS_Hot or very hot_1A,Strip Shopping Center,SSC,HIMS_Hot or very hot_1A.SSC.CO2,kgCO2/sqm,133.897110514686,125.428733284675,114.900029324195,104.96079734641,95.5616232674847,86.8158003491273,77.9196021379914,69.8497382442691,62.2726578238071,55.1778171265812,48.3368721321443,42.5722597987932,36.9964838083367,31.8085757123108,26.9891997339794,22.5339721011394,18.3716290166971,14.565109873068,11.3488092553907,8.78567146049276,6.74238777063648,5.60429577260362,4.74628490734353,3.99860074923936,3.35282598390205,2.75479237781418,2.32525806893525,1.91756959557688,1.55990630128103,1.23443835982738,0.927483649361483
North America,USA,HIMS_Hot or very hot_1A,Retail Store,RST,HIMS_Hot or very hot_1A.RST.CO2,kgCO2/sqm,55.429095490423,51.9177926663262,47.5522020760185,43.4310284007046,39.5337827311863,35.9074406495596,32.2187474024302,28.8726829664147,25.7309448085431,22.7891610995699,19.9526519519459,17.5624301873574,15.2505069640464,13.0994081343705,11.1011163691988,9.25381399422358,7.52795239993052,5.94962858936195,4.6160312382695,3.55325938324639,2.70603829285883,2.23414320148138,1.87838012049621,1.5683625782238,1.30060044438505,1.0526335632547,0.8745327310825,0.705489991372963,0.557189543574518,0.422238481412442,0.294963690451421
North America,USA,HIMS_Hot or very hot_1A,Hotel,HOT,HIMS_Hot or very hot_1A.HOT.CO2,kgCO2/sqm,143.324027438791,134.238885254287,122.943359570745,112.280238022152,102.196507620851,92.8137129512671,83.2695909247621,74.611986416517,66.4830555607489,58.8714866898827,51.5323051368249,45.3478472100525,39.3659788678251,33.8002274360748,28.6298488836697,23.8501401615263,19.3846472204665,15.3008934257785,11.8503446811911,9.10052961360062,6.9084304260685,5.68744943522032,4.76694831735417,3.96480917062312,3.27200163466896,2.63041232011111,2.1695943660575,1.7322133133668,1.34850085056573,0.999328577733429,0.670017883011059
North America,USA,HIMS_Hot or very hot_1A,Shipping/Distribution Warehouse,SDW,HIMS_Hot or very hot_1A.SDW.CO2,kgCO2/sqm,36.6669407293375,34.3474906437132,31.4637264183664,28.7414158934865,26.1670247757998,23.771583575454,21.3349552649646,19.1246561733114,17.0493282382568,15.1060835745269,13.2323797913669,11.6534786386411,10.1262989031124,8.70535442334901,7.38534921786744,6.16508259135903,5.02503571326377,3.9824473974845,3.10151725698165,2.39948544895425,1.83983932069768,1.5281210881973,1.29311580668465,1.08832850949285,0.91145373241662,0.747655042163321,0.630007544602979,0.518343522234216,0.420381169348091,0.331236977471839,0.247163475532204
North America,USA,HIMS_Hot or very hot_1A,Refrigerated Warehouse Cool,RFW,HIMS_Hot or very hot_1A.RFW.CO2,kgCO2/sqm,172.086591840489,161.182382497951,147.625216942807,134.827078262148,122.724338974586,111.462879856236,100.007791707452,89.6167235165962,79.8601823439667,70.7245916501159,61.9159268618059,54.4931895469553,47.3136051950011,40.6334545129515,34.4278400084528,28.691116967233,23.3315233738612,18.4301024190399,14.2886696166138,10.9882744723955,8.35726353662537,6.89181235742689,5.78700445399394,4.8242574765478,3.99273296623062,3.22268181504374,2.66959686185821,2.14464144958811,1.68410038850709,1.26501530626511,0.869768574726457
North America,USA,HIMS_Hot or very hot_1A,Self Storage,SST,HIMS_Hot or very hot_1A.SST.CO2,kgCO2/sqm,6.47187216168703,6.06310275745139,5.55488117869998,5.07511347070032,4.62141441075133,4.19925267577125,3.76983231057534,3.38029918439277,3.01455276507392,2.67208410476509,2.34187101507481,2.06361260910744,1.79446935203889,1.54404851649483,1.31141676262485,1.09636248531229,0.895445774041793,0.711704719493759,0.556453571414126,0.43273065721975,0.334101151955511,0.279165338946077,0.237749069843524,0.201658281778304,0.170486670154551,0.141619528997082,0.120885865537102,0.101206702712631,0.0839422602161218,0.0682318905771409,0.053415156424132
North America,USA,HIMS_Hot or very hot_1A,Inpatient Healthcare,IHC,HIMS_Hot or very hot_1A.IHC.CO2,kgCO2/sqm,325.457561441075,304.843436191324,279.213965955904,255.019416361411,232.13950130277,210.850004607673,189.194457247188,169.550412049946,151.105923740982,133.835326224219,117.182773661702,103.150281080382,89.5774628756746,76.948811084317,65.2172576420723,54.3721313628555,44.2399585339162,34.973949207565,27.1446777931216,20.9053662814489,15.9315082730693,13.1611107865183,11.0725000690556,9.25245185157754,7.68047630842214,6.2247145580166,5.17912178365176,4.18670717759176,3.31606623357189,2.5237967434827,1.7765930377809
North America,USA,HIMS_Hot or very hot_1A,Outpatient Healthcare,OHC,HIMS_Hot or very hot_1A.OHC.CO2,kgCO2/sqm,121.501461619584,113.793396620594,104.209986212883,95.1631235089758,86.6078309459063,78.6472300310758,70.5497548958963,63.2044237024093,56.3076326411282,49.8497846064551,43.623036879067,38.375985956255,33.300817173984,28.5786925299331,24.1920122620889,20.1367861843551,16.3481487427828,12.8833884726555,9.95585542305421,7.62284259334401,5.76301005813608,4.72709882539375,3.94612233608166,3.2655671443552,2.6777716635059,2.13343102041675,1.74246138335315,1.37137620768942,1.04582482454895,0.749578214404859,0.470182670754253
North America,USA,HIMS_Hot or very hot_1A,Large Multi-Family - Low Rise (>20 Units),MFL,HIMS_Hot or very hot_1A.MFL.CO2,kgCO2/sqm,64.6804858335399,60.5822233471138,55.84547659335,51.3363096514937,47.0347939562106,43.0012875512806,38.839288538129,35.0377779050151,31.4350093326051,28.0296250337034,24.7083864706682,21.8982399001783,19.1477209352047,16.5623996717521,14.1355278942574,11.8681155667794,9.72539907059125,7.74397732465905,6.0546010468258,4.69803089874228,3.60809647312741,3.0045110867669,2.54858547354062,2.14800887840392,1.79925050411174,1.47251552871421,1.23787423000828,1.01231336592601,0.812528416378092,0.628610362207276,0.452803362995284
North America,USA,HIMS_Hot or very hot_1A,Large Multi-Family - High Rise (>20 Units),MFH,HIMS_Hot or very hot_1A.MFH.CO2,kgCO2/sqm,75.5879697141309,70.7983428074041,65.2625212788123,59.9926715844185,54.9655032705114,50.251556599332,45.3874410076182,40.944627089555,36.7340824135421,32.7542201378126,28.8726987277372,25.5884889753253,22.3739658241768,19.3525087244965,16.5162310572744,13.8663131644352,11.3621269104746,9.04644534070617,7.07207642151274,5.48665701422892,4.21285396506278,3.50744555928239,2.97460668139031,2.50645403264554,2.09886118104348,1.71700700876535,1.44278243641707,1.17917014040351,0.945682077332128,0.730737606643145,0.525272501222099
North America,USA,HIMS_Hot or very hot_1A,Small Multi-Family - High Rise (<20 Units),MFS,HIMS_Hot or very hot_1A.MFS.CO2,kgCO2/sqm,60.7573205392731,56.9043738531048,52.4511616031378,48.2119065813942,44.1678731163502,40.3758063104814,36.4629382697761,32.8889803193514,29.5018680301619,26.3003248901018,23.1778906492974,20.5359552065878,17.9500781510213,15.5195103121646,13.2379074124422,11.1062189609902,9.0917622367734,7.22894540276703,5.64069263639891,4.36532472769981,3.34063212998976,2.77317645288271,2.34454185799337,1.96794317259914,1.64006094764328,1.33288383420002,1.11228780910851,0.900228677543968,0.712402553215312,0.539493555880217,0.374210098009331
North America,USA,HIMS_Hot or very hot_1A,Leisure,LEI,HIMS_Hot or very hot_1A.LEI.CO2,kgCO2/sqm,104.523916220716,97.8943657840739,89.6518687810934,81.8708455804861,74.5126118921961,67.6658604341113,60.7013862340156,54.383815789625,48.4520256194934,42.8977614476624,37.5422619649293,33.029379841988,28.6643300634839,24.602926390844,20.8300316255682,17.3422138894899,14.0836836347055,11.1037135689767,8.58580174417874,6.57922470753943,4.97962044920946,4.08865419941148,3.41695215403375,2.83162043082432,2.32606945438196,1.85789310291807,1.52162804437894,1.20246520796343,0.922465063370577,0.66766935992337,0.427366917138132
North America,USA,HIOA_Hot or very hot_1A,Office,OFF,HIOA_Hot or very hot_1A.OFF.CO2,kgCO2/sqm,111.730001756947,104.639849908584,95.8246887721964,87.5030632630186,79.6336014217809,72.3111580721516,64.8628129551492,58.1063165393609,51.7624032618624,45.822245364195,40.0946617340085,35.2682380072101,30.5999175756767,26.2563396767353,22.221315424435,18.4911745039393,15.0062512757802,11.8192417686476,9.12639293233214,6.98040490174452,5.26966490553566,4.31679697531839,3.59842707315103,2.97242824579754,2.4317530937913,1.93104924435006,1.57142149143886,1.23008417208868,0.930630451704516,0.658132301940656,0.40113436140717
North America,USA,HIOA_Hot or very hot_1A,Retail High Street,RHS,HIOA_Hot or very hot_1A.RHS.CO2,kgCO2/sqm,155.3834068545,145.524425054286,133.266787267634,121.695419517292,110.752793360682,100.570806111176,90.213750222847,80.81872221483,71.9973983726005,63.7375035415726,55.7731969968195,49.0619692685148,42.5705869742585,36.5307649268138,30.919992193359,25.7331651360669,20.8873176258341,16.4557244244583,12.7112703936056,9.72723600484649,7.348421721565,6.02344197741632,5.02453589715736,4.15407343347146,3.40225505250294,2.70601747614162,2.20594871222342,1.73131312032363,1.31491741506729,0.936003908477997,0.578643717525669
North America,USA,HIOA_Hot or very hot_1A,Enclosed Retail Mall,ERM,HIOA_Hot or very hot_1A.ERM.CO2,kgCO2/sqm,134.390501310136,125.870929715442,115.278575979385,105.279257794678,95.8232623517004,87.0245678103893,78.074588903951,69.9559398009855,62.3330532233647,55.1953216803302,48.3130207302823,42.5135592566492,36.904075709043,31.6848048558093,26.836294028536,22.3541329535516,18.1666270186583,14.3370961073767,11.101351803822,8.52271892557568,6.46708285609246,5.32211068548254,4.45891283811891,3.70670866225715,3.05702995783661,2.45538102502307,2.02325002784657,1.61309693206819,1.25327143542535,0.92583592403064,0.617025562716657
North America,USA,HIOA_Hot or very hot_1A,Strip Shopping Center,SSC,HIOA_Hot or very hot_1A.SSC.CO2,kgCO2/sqm,189.469507071092,177.461915445209,162.532918534299,148.439753406841,135.112354202144,122.711363175935,110.097150058024,98.6546236470764,87.9108311902471,77.8508223563151,68.1508206207741,59.9769864964392,52.0709096564123,44.7148035078903,37.8812512147414,31.5640368816453,25.6621132181982,20.2647240666119,15.7042252468054,12.0698675551182,9.17262815998692,7.55888994617268,6.34228801633638,5.28212196659548,4.36645660901193,3.51848501712199,2.90943414111169,2.33135919644365,1.82421660456045,1.36272486628005,0.927483649361483
North America,USA,HIOA_Hot or very hot_1A,Retail Store,RST,HIOA_Hot or very hot_1A.RST.CO2,kgCO2/sqm,80.0403283312603,74.9616209148128,68.6472816456353,62.6864641491643,57.0495335063078,51.8044346506515,46.4691517970532,41.6294432562571,37.085269859016,32.8303082425427,28.7276145227084,25.2704256640709,21.9264869015386,18.8151626646164,15.9248567820373,13.2529401909012,10.7566741273348,8.47380499190155,6.54490535070072,5.00772454560006,3.78231385028963,3.09977029867209,2.58519873124759,2.13679297701799,1.74950495228875,1.39084855000195,1.13324558536416,0.88874413992696,0.674244103379939,0.479052462386604,0.294963690451421
North America,USA,HIOA_Hot or very hot_1A,Hotel,HOT,HIOA_Hot or very hot_1A.HOT.CO2,kgCO2/sqm,204.527646270425,191.544656552416,175.402950585605,160.164972509335,145.754964888039,132.346619234498,118.707731078308,106.335707830851,94.7191779433111,83.8419766423865,73.3540264587921,64.5162172045026,55.9679156364672,48.0142598604842,40.6256059219047,33.7952329971411,27.4138855440977,21.5780568415215,16.6471005655838,12.7175175140554,9.58493019350388,7.84010514529451,6.52467646999477,5.37839124044883,4.38834475210727,3.47149091482815,2.8129657494701,2.18793274562555,1.6395940561425,1.14061452055221,0.670017883011059
North America,USA,HIOA_Hot or very hot_1A,Shipping/Distribution Warehouse,SDW,HIOA_Hot or very hot_1A.SDW.CO2,kgCO2/sqm,52.6218708391167,49.2863062464936,45.1392103882307,41.2242985506386,37.5221072799832,34.0772610635865,30.5731843135735,27.3945880441733,24.4100916667112,21.6155421589141,18.9209982948714,16.6504054449,14.4541923494024,12.4107544999924,10.5124758292111,8.75762963606887,7.1181461981308,5.61881638183089,4.35196463820092,3.34238376544801,2.53756549348733,2.08928841882741,1.75133102929298,1.45682964650158,1.20246881873461,0.966912505230289,0.797725494177464,0.63714322444396,0.496265109531192,0.368068252912743,0.247163475532204
North America,USA,HIOA_Hot or very hot_1A,Refrigerated Warehouse Cool,RFW,HIOA_Hot or very hot_1A.RFW.CO2,kgCO2/sqm,248.820201653491,233.029093178904,213.396062927543,194.862229814977,177.335450667039,161.026985107207,144.438112511214,129.390117758534,115.261023648727,102.031169094921,89.274757619415,78.5253996022398,68.128167511154,58.4541984288365,49.4674366459598,41.159707677554,33.3981248654494,26.3000522270914,20.3025688177991,15.5230478003477,11.7129064338853,9.59068942502256,7.9907438536704,6.596526127574,5.39234035589475,4.27717823112375,3.4762192420714,2.71599650614682,2.04905646271228,1.4421515706769,0.869768574726457
North America,USA,HIOA_Hot or very hot_1A,Self Storage,SST,HIOA_Hot or very hot_1A.SST.CO2,kgCO2/sqm,9.34135008046925,8.74983351778631,8.01440303245812,7.32014719388113,6.66361442588856,6.05271826833825,5.43131838925064,4.8676380025507,4.33837856550056,3.84280359664664,3.36496325501994,2.96230480228366,2.57283657731176,2.21046094368967,1.87382729646898,1.56262942894743,1.2718895614211,1.006004013521,0.781345258455016,0.602309958427558,0.459586493000606,0.380090711411237,0.320158610611024,0.267932835688421,0.222825436822676,0.181052760259765,0.15104976782787,0.122572708072931,0.0975899095162046,0.0748559579262971,0.053415156424132
North America,USA,HIOA_Hot or very hot_1A,Inpatient Healthcare,IHC,HIOA_Hot or very hot_1A.IHC.CO2,kgCO2/sqm,469.18287653032,439.415381339096,402.405558087164,367.467808850551,334.428436418683,303.685681981284,272.414337982616,244.047671249952,217.413205300527,192.473877422134,168.427027394758,148.163632738203,128.564023453552,110.327822454656,93.387061862264,77.7263321221698,63.0951313165113,49.714699951017,38.4089668017024,29.3991896139699,22.2167701538932,18.2162223324579,15.2001977020088,12.5719864194452,10.3020004823914,8.19983119896342,6.68995981195125,5.25687950145161,3.99964448418076,2.85558050132179,1.7765930377809
North America,USA,HIOA_Hot or very hot_1A,Outpatient Healthcare,OHC,HIOA_Hot or very hot_1A.OHC.CO2,kgCO2/sqm,175.157722601064,164.032475276645,150.200493967307,137.142925679517,124.794853146478,113.305114276853,101.617821344839,91.0161169977657,81.0618020936167,71.7410248844642,62.7538006585354,55.1805978835517,47.8554769973975,41.0399137440149,34.7085059368272,28.8554944382042,23.3872571353831,18.3864800363267,14.1610967226814,10.7937996455331,8.10945578765163,6.6142986150133,5.48709527678353,4.50483256534215,3.65645231667,2.87079154656833,2.3064950714814,1.77089834802028,1.30102171170246,0.873441403634791,0.470182670754253
North America,USA,HIOA_Hot or very hot_1A,Large Multi-Family - Low Rise (>20 Units),MFL,HIOA_Hot or very hot_1A.MFL.CO2,kgCO2/sqm,92.533971539229,86.6584240692418,79.8675021853394,73.4028541778668,67.2359091019377,61.4532003488605,55.4862758649344,50.0361720083607,44.8709982693227,39.9888080318704,35.2272548368522,31.1984378376429,27.2551070238336,23.5486148557759,20.0692866332742,16.8185703094038,13.7466263990817,10.9059255984743,8.48392101776344,6.53904991010946,4.97644588509054,4.11110487740794,3.45745895009934,2.88316513463805,2.38316144026847,1.91473198646659,1.5783342829197,1.25495490722664,0.968529633407391,0.704852218540129,0.452803362995284
North America,USA,HIOA_Hot or very hot_1A,Large Multi-Family - High Rise (>20 Units),MFH,HIOA_Hot or very hot_1A.MFH.CO2,kgCO2/sqm,108.138566804156,101.271939983474,93.3355346385512,85.7804386034797,78.5732616252745,71.8151334299194,64.8417162449509,58.4722962873706,52.4358680717656,46.730156629657,41.1654311221149,36.4570387546463,31.8485522659853,27.5168540435071,23.4506374717541,19.6515947425558,16.061479514316,12.7416131688189,9.9110681517503,7.63813883260142,5.81195688732599,4.80065133618529,4.03674930346186,3.36558438881494,2.78124075177759,2.23379725523478,1.84065644488649,1.46272987621663,1.1279907770306,0.819836614685048,0.525272501222099
North America,USA,HIOA_Hot or very hot_1A,Small Multi-Family - High Rise (<20 Units),MFS,HIOA_Hot or very hot_1A.MFS.CO2,kgCO2/sqm,86.9213658049794,81.3989345432969,75.016142216476,68.9400149390432,63.1436988595028,57.708526774123,52.1002101918039,46.9776536860994,42.1229032012824,37.5341291116321,33.0587418642903,29.2720538905005,25.5657144433981,22.0819798085203,18.8117567282463,15.7564061347054,12.8690838602867,10.1991071497769,7.92266331526135,6.0946775727047,4.62598493402296,3.81265030312214,3.19828802939716,2.65850886224811,2.18855503295,1.7482778549028,1.43209741317971,1.12815290710041,0.858941587754395,0.611110997277392,0.374210098009331
North America,USA,HIOA_Hot or very hot_1A,Leisure,LEI,HIOA_Hot or very hot_1A.LEI.CO2,kgCO2/sqm,149.158734551469,139.686546377709,127.909807761715,116.792415014663,106.27909668515,96.4965754101788,86.5458538966978,77.519417395136,69.0441771453304,61.1083395790953,53.4564935980251,47.0085648760064,40.7718564770035,34.9689924359947,29.5783449828943,24.5950107089274,19.9392784631009,15.681548246774,12.0839989351948,9.21703601548595,6.93154883452962,5.65855150911366,4.69883512542779,3.86252317949756,3.14020059879546,2.47127824245293,1.99082848327495,1.53481408629724,1.13475467297648,0.77070693369419,0.427366917138132
North America,Canada,Alberta,Office,OFF,AB.OFF.CO2,kgCO2/sqm,95.4510119653395,89.6486123559369,81.90528627309,74.6150494387825,67.7407932527565,61.3607767673669,54.9053851646538,49.0637046352296,43.5978743389393,38.4985028431055,33.6044370803425,29.4861264601153,25.522921866016,21.8516757595434,18.4571881869532,15.3345771438977,12.4332947790807,9.79458614638408,7.57486010420898,5.81225611410542,4.4123440232531,3.62821439383438,3.03661060741145,2.52288409164445,2.0806225677935,1.67352827339905,1.37990320834187,1.10314339830069,0.861272840552435,0.642430105428326,0.43764141571492
North America,Canada,Alberta,Retail High Street,RHS,AB.RHS.CO2,kgCO2/sqm,137.516635975266,129.151346391203,117.987833123024,107.477536287115,97.5669566059155,88.3689197514916,79.0622149792597,70.6402942954398,62.7602349538321,55.4084973743932,48.3527480112128,42.4154008351415,36.7016692167942,31.4088526439334,26.5150374216578,22.0131851894842,17.8304213709598,14.0262087474954,10.8260411633823,8.28490408358721,6.2666580439256,5.13618240227861,4.28327027529645,3.54263340767383,2.90502725023045,2.31812150607747,1.89480376450683,1.49580057409004,1.14709703872093,0.831592596435535,0.536349798918206
North America,Canada,Alberta,Enclosed Retail Mall,ERM,AB.ERM.CO2,kgCO2/sqm,118.641803586504,111.424691004175,101.793424655158,92.7257175810404,84.1754135423585,76.2398523346202,68.2105384134789,60.9445676274383,54.1460850582081,47.8034094994765,41.7160963233992,36.5936791518868,31.664185206646,27.0978336535896,22.8757185598617,18.991767614457,15.3831086337692,12.1010428409764,9.34011394487882,7.14776038583995,5.40652850848483,4.43121619020115,3.6953704335891,3.05638960662056,2.50629801980666,1.99994796602762,1.63473265957452,1.29049461294043,0.989652347131785,0.717452436140461,0.462733159851001
North America,Canada,Alberta,Strip Shopping Center,SSC,AB.SSC.CO2,kgCO2/sqm,64.7137110471842,60.7771041840957,55.5236861755408,50.577664135113,45.9138619321956,41.585374000702,37.205748225534,33.2424914331482,29.5342282135681,26.0745869997145,22.7542343582178,19.9601886283019,17.2713737490796,14.7806365383216,12.4776646690155,10.359145971522,8.3907865275105,6.60056882235078,5.09460760629754,3.89877839227634,2.94901555008264,2.41702701283699,2.01565660013951,1.66712160361121,1.36707164716727,1.09088070874234,0.891672359767921,0.703906152512961,0.539810371162792,0.391337692440252,0.252399905373273
North America,Canada,Alberta,Hotel,HOT,AB.HOT.CO2,kgCO2/sqm,134.128625982897,125.969803360508,115.081821099705,104.830932982668,95.164960168289,86.1939436343947,77.1169412577832,68.9028852698082,61.2173167337753,54.0470302452755,47.1654265728937,41.3746213688042,35.8019125799961,30.6397300689348,25.8667010011351,21.4759607326229,17.3964333326744,13.6861139586947,10.5649309538121,8.08651266537381,6.11807974019337,5.01550580698476,4.18364473551755,3.46128781412093,2.83941866192393,2.26699856642261,1.85412889446706,1.46497365678349,1.12487660882275,0.817159254233315,0.52920345888691
North America,Canada,Alberta,Shipping/Distribution Warehouse,SDW,AB.SDW.CO2,kgCO2/sqm,99.8631462599126,93.7906650374713,85.6869139340258,78.0573418149763,70.8631128031981,64.186128638989,57.430260906705,51.3166703734115,45.5964246003543,40.2596950161795,35.1378274361507,30.8278237147618,26.6801456680167,22.8380157656933,19.2855265488248,16.0175687726636,12.9812417584397,10.2197103744966,7.89666377008326,6.05201666664014,4.58694351466457,3.76631536577096,3.14717447131121,2.60953576483361,2.14668849822323,1.72064537384631,1.4133530785848,1.12371105757023,0.870582262750994,0.641553155973277,0.427232261762915
North America,Canada,Alberta,Refrigerated Warehouse Cool,RFW,AB.RFW.CO2,kgCO2/sqm,92.3550344258841,86.745050967819,79.2585050283111,72.2100232278562,65.5637275422547,59.3952818379605,53.153960566694,47.5059988020019,42.2214235209249,37.2911547245809,32.5593834196035,28.5776420694887,24.7458632003125,21.1963610435803,17.9144396984906,14.8953790551792,12.0903075038465,9.53910235139652,7.3929857071965,5.68883227185278,4.33534333605103,3.57721660467434,3.00523127464241,2.50854068981056,2.08094521208408,1.68735076648183,1.40346274277957,1.13588069729751,0.902030924909905,0.690445338495879,0.492447744564337
North America,Canada,Alberta,Inpatient Healthcare,IHC,AB.IHC.CO2,kgCO2/sqm,242.889714052921,228.125183145331,208.421856078287,189.871439990198,172.379509968555,156.145200556837,139.719094935913,124.854611526465,110.946500093662,97.9708636108662,85.5176390689022,75.0383669517473,64.9537708084788,55.6120793950592,46.9746155775508,39.0289568223582,31.6464812897228,24.9321393301578,19.2839220472651,14.7988774378667,11.2367226873037,9.24146091140848,7.73609193000731,6.42888602715989,5.30352680034035,4.26765255925039,3.52050712975345,2.81627628658465,2.200823100678,1.64396549965969,1.12286920462015
North America,Canada,Alberta,Outpatient Healthcare,OHC,AB.OHC.CO2,kgCO2/sqm,82.8382450109128,77.802758705685,71.0828815734888,64.7562080914461,58.7905343678941,53.253775819371,47.6516046146045,42.5820292172526,37.838627270398,33.4132486234447,29.1660400917637,25.5920537887136,22.1526728770536,18.9666617891053,16.0208295755939,13.3109394952246,10.7931246946099,8.50317879672678,6.57683782761849,5.04720028949999,3.83231702799787,3.15182718306149,2.63841670374425,2.192590320021,1.80878327524735,1.45549534570907,1.20067921902053,0.960499237096931,0.750597133972987,0.560679225883665,0.382957815444034
North America,Canada,Alberta,Large Multi-Family - High Rise (>20 Units),MFH,AB.MFH.CO2,kgCO2/sqm,68.8601602331079,64.6606854156308,59.7555080211705,55.0698689638188,50.5838366618312,46.3640599602491,41.9827833270646,37.9698989680998,34.1519986322568,30.5290473521905,26.978409905825,23.9697795926167,21.0100330042639,18.2161478898477,15.5819498163293,13.1098338584519,10.7623413706257,8.58140744087378,6.71512986509106,5.21215718891237,4.00105353399064,3.33328693276991,2.82915814854802,2.38498777217607,1.9972873248973,1.6324047882381,1.3711753987975,1.11876011722225,0.894571581548283,0.687362065812284,0.488245551044516
North America,Canada,Alberta,Large Multi-Family - Low Rise (>20 Units),MFL,AB.MFL.CO2,kgCO2/sqm,56.9018672597036,53.4315875604018,49.3781431957335,45.5061166196218,41.7990371621596,38.3119807897429,34.6914672688881,31.3753785359338,28.2204168787538,25.2265534017187,22.292447213387,19.8062342576195,17.360416876386,15.0516608494681,12.8748638698967,10.8320051325997,8.8921302961408,7.08989285672607,5.54767496853983,4.30567786332048,3.30486975990388,2.75305388272709,2.33646181782457,1.96941700694967,1.6490367093938,1.34751222963543,1.13164260630445,0.923056612694335,0.73779608418069,0.566566345412361,0.402024342179342
North America,Canada,Alberta,Leisure,LEI,AB.LEI.CO2,kgCO2/sqm,100.447963218453,94.3402885640332,86.189571681233,78.5157819157947,71.2798583149206,64.5641772853946,57.7691555133068,51.6201332965391,45.8667354933414,40.4990765702806,35.3475248970982,31.012542288622,26.8408261230489,22.9764289246374,19.4033510417808,16.1164536187947,13.0625293878278,10.2849933818272,7.94848342040037,6.09314555316876,4.61958148118394,3.7941973322502,3.17146816931237,2.63071354521358,2.16518381929256,1.73667153623596,1.42759830990284,1.13627765104795,0.881681832997856,0.651325374188047,0.435762370280571
North America,Canada,Manitoba,Office,OFF,MB.OFF.CO2,kgCO2/sqm,31.1390091844651,29.2640982817256,26.762021990277,24.4063509844319,22.1850944803953,20.1235400764672,18.0376299509793,16.1500263296792,14.3838699969729,12.7361263291351,11.1547224488406,9.82398585665212,8.54336818060943,7.35709012066482,6.26024016418303,5.25124080465041,4.31375867589345,3.46112116079042,2.74386815552948,2.17432354283128,1.72197440821418,1.46860109883785,1.27743805183417,1.11143923922617,0.968532681810404,0.836989599226715,0.742111467272272,0.652682951448324,0.574528088581064,0.503814132685191,0.43764141571492
North America,Canada,Manitoba,Retail High Street,RHS,MB.RHS.CO2,kgCO2/sqm,40.0358321358813,37.6236265740978,34.4045283559264,31.3737908986271,28.5159872102727,25.8636515756522,23.179980581617,20.7514449391554,18.4791598281626,16.3592209904587,14.324632984224,12.6125461835897,10.9649409154381,9.43871023970899,8.02753514781454,6.72938606598657,5.52324896274826,4.42627045933695,3.50347370885225,2.77071425856211,2.18873508462004,1.86275239115336,1.61680760278183,1.40323838280589,1.21937898334858,1.05013949844352,0.928072067261739,0.813015952895253,0.712464190881728,0.621485682271799,0.536349798918206
North America,Canada,Manitoba,Enclosed Retail Mall,ERM,MB.ERM.CO2,kgCO2/sqm,34.5407179211524,32.4595993972608,29.6823381894266,27.0675843046979,24.6020281814118,22.3137386142881,19.9984146194342,17.903207398487,15.9428045576304,14.1138377172584,12.3585068883501,10.8814123936852,9.45994902508387,8.14320099112147,6.92571659811449,5.8057448412433,4.76515596786124,3.81874314138873,3.02260476842154,2.39042014464182,1.88832046516238,1.60708049432839,1.39489283377256,1.21063703614626,1.05201324053603,0.90600270453951,0.800689626657186,0.701425527988061,0.614674988211686,0.536183725881551,0.462733159851001
North America,Canada,Manitoba,Strip Shopping Center,SSC,MB.SSC.CO2,kgCO2/sqm,18.8403915933559,17.7052360348695,16.1903662851418,14.7641368934716,13.4192880989519,12.1711301532481,10.908226156055,9.76538585372019,8.69607521325297,7.69845693668643,6.7410037572819,5.93531585110102,5.1599721955003,4.44174599515717,3.77766359897154,3.16676991340544,2.59917598246977,2.08295080439386,1.64869351004812,1.30386553344099,1.02999298099766,0.876589360542756,0.760850636603214,0.660347474261596,0.573825403928745,0.494183293385187,0.436739796358465,0.382595742538942,0.335277266297283,0.292463850480846,0.252399905373273
North America,Canada,Manitoba,Hotel,HOT,MB.HOT.CO2,kgCO2/sqm,41.4271442378467,38.9295358041235,35.5964671029869,32.4584279766055,29.4994452484993,26.7532050627355,23.9745201056024,21.4600034332651,19.1072692604597,16.9122751007945,14.8056535739929,13.0329512387206,11.3270133707474,9.74674729894141,8.28561029353225,6.94150092475759,5.69266117038478,4.55684471877714,3.60137683364431,2.84267441958393,2.24009057842312,1.9025666387767,1.64791430424977,1.42678377812612,1.23641493312423,1.06118361307648,0.934794448557215,0.815664832845407,0.711553088469433,0.617353533509568,0.52920345888691
North America,Canada,Manitoba,Shipping/Distribution Warehouse,SDW,MB.SDW.CO2,kgCO2/sqm,29.3106885231075,27.5467961955377,25.1928746481022,22.9766893310201,20.8869594674252,18.9474753081282,16.9850775958038,15.2092441200695,13.547666708579,11.9974904259332,10.5097257715357,9.25778571318528,8.05299689360919,6.93696158481495,5.90505909819198,4.95580533567886,4.07383407414747,3.27168354587925,2.59690104231734,2.06108071555987,1.6355164038008,1.39714601736439,1.21730225442507,1.06113268310459,0.926688011724864,0.802933952918543,0.713673813269208,0.629540603153823,0.556013502334049,0.489486712141201,0.427232261762915
North America,Canada,Manitoba,Refrigerated Warehouse Cool,RFW,MB.RFW.CO2,kgCO2/sqm,33.3874674122443,31.3785917333066,28.6977388984366,26.1737521936251,23.7937840782755,21.584928981851,19.3499779164858,17.3275026080517,15.435152151936,13.6696750966762,11.9752778914226,10.5494584718365,9.17733902890137,7.90629988800242,6.73107860265995,5.64998495150718,4.64551852851778,3.73195897508106,2.96345732745164,2.35321802549461,1.86854796805718,1.5970708124471,1.39224892183022,1.21438928226362,1.06127186898612,0.920329865316103,0.818672569778576,0.722854272397229,0.639115144860372,0.563348586591854,0.492447744564337
North America,Canada,Manitoba,Inpatient Healthcare,IHC,MB.IHC.CO2,kgCO2/sqm,79.1897585983893,74.4222686556018,68.0600337685258,62.0700756257294,56.4219042764281,51.1798205737434,45.8758055774618,41.0760408167105,36.5850900513891,32.3952368945107,28.3740713640457,24.9902981348816,21.7339663901738,18.7175197356305,15.928469264681,13.3628037219493,10.978990915772,8.81091947719989,6.98710135121891,5.53887348660944,4.38864818962886,3.7443750657927,3.25828908555172,2.83619027090034,2.47281003014192,2.13832463014522,1.89707021148332,1.66967297934492,1.47094219050841,1.29113200696544,1.12286920462015
North America,Canada,Manitoba,Outpatient Healthcare,OHC,MB.OHC.CO2,kgCO2/sqm,27.0078980112724,25.3819316688622,23.2120729144575,21.1691802288909,19.2428549255678,17.455026997885,15.6460772219888,14.0091034588296,12.4774516090169,11.0484899762751,9.67705975025281,8.52301402661304,7.41243259274407,6.38366466815026,5.43245087484005,4.55742316247442,3.74441685601865,3.00498977187927,2.38297128351117,1.88904894864437,1.49676125815671,1.27703003119064,1.11124899066952,0.967290959497854,0.843359069119361,0.729281848412258,0.647001325661405,0.569446836768638,0.501669121927803,0.440344334676648,0.382957815444034
North America,Canada,Manitoba,Large Multi-Family - High Rise (>20 Units),MFH,MB.MFH.CO2,kgCO2/sqm,20.0498154225707,18.8483232536327,17.4449258092266,16.1043394553215,14.820861659953,13.613561013568,12.360054374401,11.2119467319682,10.1196250596937,9.0830793532336,8.06722302072465,7.20643782313157,6.35963852024088,5.56029307068295,4.80663493619623,4.09934936045354,3.42771922493619,2.80374238224559,2.2697904025753,1.83978189459684,1.4932786720737,1.30222708183533,1.15799314480634,1.03091362841916,0.919990460274287,0.815595618196956,0.740856495008718,0.668639135144866,0.604497598003857,0.545213849128851,0.488245551044516
North America,Canada,Manitoba,Large Multi-Family - Low Rise (>20 Units),MFL,MB.MFL.CO2,kgCO2/sqm,16.7363402990904,15.7330694554883,14.5612035254732,13.4417861568251,12.3700556172561,11.3619345746939,10.3152305712467,9.35653691285378,8.44442569485367,7.57888856341184,6.73062748768994,6.01185402109901,5.30475906622822,4.63728906164522,4.00796891131713,3.41737080790195,2.85654573548829,2.33551214947024,1.88965118846178,1.53058517895382,1.24124781217022,1.08171577770061,0.961277453240261,0.855163425278676,0.762540282692493,0.675368427572363,0.612959711885582,0.552656720799618,0.499097208935071,0.449594050875958,0.402024342179342
North America,Canada,Manitoba,Leisure,LEI,MB.LEI.CO2,kgCO2/sqm,26.7084111023226,25.1039589514419,22.9628109738944,20.9469490966324,19.0461122246766,17.2819401817773,15.4969257672295,13.8816118417624,12.3702262486328,10.9601721132071,9.60688814998398,8.46811233697188,7.37222571015652,6.35707006620582,5.41844238565884,4.55499271971794,3.7527438151441,3.02310055954738,2.40931239215495,1.92192545684462,1.53482837349789,1.31800454970412,1.15441706323433,1.01236383204164,0.890071763076835,0.777503970401195,0.696312153412225,0.619783837131087,0.552902932205984,0.492389572094503,0.435762370280571
North America,Canada,Quebec,Office,OFF,QC.OFF.CO2,kgCO2/sqm,24.4730179169581,23.0051944052155,21.0463779071109,19.202178653025,17.4632093412181,15.8492670357992,14.2162572105859,12.7384968689363,11.3558147442702,10.0658351012677,8.82779131280511,7.78598903030919,6.78342366482853,5.85471455907478,4.99601660568111,4.20609481201546,3.47216217104708,2.80465237640382,2.24313192044412,1.79724888019763,1.44311541479547,1.24475542861841,1.09509838915143,0.965141835103254,0.853263662838866,0.750281686926664,0.676003835840797,0.605992360652912,0.5448067623901,0.489446474644886,0.43764141571492
North America,Canada,Quebec,Retail High Street,RHS,QC.RHS.CO2,kgCO2/sqm,29.1268513696225,27.3808495786447,25.0508030256863,22.8570956931672,20.7885612211546,18.8687485643519,16.9262547585935,15.1684329342975,13.523708315359,11.9892549229799,10.5165801397574,9.27733806703506,8.08476899473341,6.98005323771556,5.95861697338276,5.0189911563558,4.14596541767796,3.35195081877116,2.68401239570265,2.15362670518275,1.73237874186103,1.49642606202401,1.31840639082284,1.1638207922804,1.03073974569529,0.908240880577877,0.819886074984165,0.736606198289784,0.663824856872189,0.597972824404452,0.536349798918206
North America,Canada,Quebec,Enclosed Retail Mall,ERM,QC.ERM.CO2,kgCO2/sqm,25.1290482404586,23.6226937541248,21.6124575123568,19.7198472646932,17.9352292888392,16.2789203300291,14.6030433211395,13.0864911590017,11.6675130563881,10.3436709139434,9.07312796371228,8.0039779401871,6.97509481898568,6.02200671489185,5.14076758487924,4.33011001724814,3.57691134074177,2.89187913776335,2.31561853746895,1.85803088290277,1.49460126748795,1.29103424958934,1.13744865090598,1.00408068353603,0.889265662952799,0.783580367557383,0.7073526921432,0.635503386759813,0.572711641223065,0.515898123015605,0.462733159851001
North America,Canada,Quebec,Strip Shopping Center,SSC,QC.SSC.CO2,kgCO2/sqm,13.7067535857047,12.8851056840681,11.7886131885582,10.7562803261963,9.78285233936685,8.87941108910677,7.96529635698515,7.1380860867282,6.36409803075715,5.64200231669641,4.9489788892976,4.36580614919296,3.80459717399219,3.28473093539555,2.80405504629776,2.36187819122625,1.95104254949551,1.57738862059819,1.26306465680125,1.01347139067424,0.815237054993426,0.704200499776005,0.620426536857806,0.547680372837833,0.485053997974254,0.427407473213118,0.385828741169018,0.346638210959898,0.312388167939853,0.28139897619033,0.252399905373273
North America,Canada,Quebec,Hotel,HOT,QC.HOT.CO2,kgCO2/sqm,30.4318734283906,28.6057384376261,26.1687538008093,23.8743657079044,21.7108953160274,19.7029723651943,17.6713273082598,15.8328298007178,14.1126201237658,12.5077425995844,10.9674790296639,9.67136162433261,8.42405928874106,7.26864231885956,6.2003269753287,5.217576790555,4.30448331179927,3.47402720932897,2.77543358110686,2.22070570335549,1.78012445676966,1.53334266820475,1.34715273855822,1.18547239434246,1.04628355900883,0.91816257707411,0.825752705027806,0.738650677043633,0.662529017304087,0.593654688924989,0.52920345888691
North America,Canada,Quebec,Shipping/Distribution Warehouse,SDW,QC.SDW.CO2,kgCO2/sqm,22.333787020247,20.9959691527334,19.2106457201951,17.5297878420961,15.9448396533107,14.473844785023,12.9854712138693,11.6385966249654,10.3783791419562,9.2026534492339,8.07426363416473,7.12473414591934,6.2109663471613,5.36451333325303,4.58187055933835,3.86191241651661,3.19298444746311,2.5845962298947,2.07280983803793,1.66641881534961,1.34365107542081,1.16285990292325,1.02645804003143,0.908011783642098,0.806042700409216,0.712181874291479,0.644482838577563,0.580672304349138,0.524905936025115,0.474448928419129,0.427232261762915
North America,Canada,Quebec,Refrigerated Warehouse Cool,RFW,QC.RFW.CO2,kgCO2/sqm,31.3781721962983,29.4920027607949,26.9749019111853,24.6050854869306,22.3704907015436,20.2965570012088,18.1981213271971,16.2991829554379,14.5224211433412,12.8647830447634,11.2738830932833,9.93515564590201,8.64684807054591,7.45344660522487,6.350010244475,5.33495200911452,4.3918404537823,3.53408299010709,2.81252299807259,2.23955836329592,1.78449294624356,1.52959817166004,1.33728722188148,1.17029161360294,1.02652692572535,0.894193948484289,0.798746088893392,0.708780569484924,0.630156399471945,0.55901781785751,0.492447744564337
North America,Canada,Quebec,Inpatient Healthcare,IHC,QC.IHC.CO2,kgCO2/sqm,68.9270415664007,64.7862885234131,59.2604366002819,54.0579217119861,49.1522621337597,44.5993056925352,39.9925594802794,35.8237744849859,31.9232066242094,28.2841539115211,24.7916130553376,21.8526725513019,19.0244200027519,16.4045171159706,13.9821167830446,11.7537350704776,9.683299631799,7.80024407962875,6.216186106641,4.95834308876675,3.95932705396651,3.39975043607022,2.97756559121671,2.61095612330304,2.29534605264976,2.00483229079766,1.79529331322316,1.59778984866556,1.42518432070739,1.2690120846669,1.12286920462015
North America,Canada,Quebec,Outpatient Healthcare,OHC,QC.OHC.CO2,kgCO2/sqm,23.5077684512849,22.0955525555144,20.2109446490526,18.4366117808618,16.7635222815152,15.2107232151867,13.6395789906486,12.21780271583,10.8875026766019,9.64639314095637,8.45525190105965,7.45291767502999,6.48833389887847,5.59480838222073,4.76864168728314,4.00864560839098,3.30251756662809,2.6602959813787,2.12004839209932,1.69105736419095,1.3503400333509,1.15949479662931,1.01550742460643,0.890474196893306,0.782834462281114,0.683753896942301,0.612290017826074,0.54493088550826,0.486063267046158,0.432800270696277,0.382957815444034
North America,Canada,Quebec,Large Multi-Family - High Rise (>20 Units),MFH,QC.MFH.CO2,kgCO2/sqm,18.9028923099689,17.7718453633324,16.4507311393286,15.1887453008132,13.9805196635122,12.8440047988559,11.663993065553,10.5832006334795,9.55492335951026,8.57915182587035,7.62285661828591,6.81254050086323,6.01539026492366,5.26291159431406,4.55344152546421,3.88762512522005,3.25537363521038,2.66798145659891,2.16533585318192,1.7605393654889,1.43435212768032,1.25450216829177,1.11872487544249,0.999096214760654,0.894676632273981,0.796402610662557,0.726045550282322,0.658062398598229,0.59768157247929,0.541873715479679,0.488245551044516
North America,Canada,Quebec,Large Multi-Family - Low Rise (>20 Units),MFL,QC.MFL.CO2,kgCO2/sqm,15.5910758202349,14.6581483239074,13.5684466196344,12.5275160974945,11.5309288893702,10.5934912610067,9.62017587806772,8.72870008150369,7.88054064339425,7.07568979562575,6.28690370994216,5.61852633718228,4.96100864879315,4.34033764632122,3.75514165863943,3.20595275968099,2.68444938497303,2.19994755577487,1.78534769700652,1.45145724718155,1.18240648495837,1.03405988199379,0.9220659720569,0.823392024674952,0.737263062524837,0.656203176187997,0.598170186147494,0.542095279900937,0.492291040470516,0.446258747592769,0.402024342179342
North America,Canada,Quebec,Leisure,LEI,QC.LEI.CO2,kgCO2/sqm,26.5209423323439,24.9279387671875,22.8020689742566,20.8005913012837,18.9133178714441,17.161734097291,15.3894566724583,13.785668837026,12.2850677521885,10.8850750733395,9.54144748251355,8.41079741666628,7.32273050076246,6.31481851091947,5.38288841836733,4.52559990688266,3.72907545806854,3.00463857983579,2.39523010456889,1.91132092402162,1.52698597611154,1.31170930106411,1.14928909487828,1.00824948605747,0.886830033477131,0.77506546950703,0.694452997608786,0.618470749958492,0.552067074455867,0.491985508081785,0.435762370280571
North America,Canada,Ontario,Office,OFF,ON.OFF.CO2,kgCO2/sqm,32.6146409295814,30.6496142356437,28.0272780511449,25.5583839816416,23.230364917836,21.0697238821449,18.8835564905374,16.9052270147162,15.0541820747332,13.3272411905892,11.6698286521401,10.2751314841685,8.93296214989479,7.6896667747291,6.54009777890009,5.48260183455916,4.50006052798013,3.60644180989488,2.85471472804506,2.257795500734,1.7837046395611,1.51815318550089,1.31780207030506,1.14382468425431,0.994049460455454,0.856183885988894,0.756745527777307,0.663018716259746,0.581107414996946,0.506994660750176,0.43764141571492
North America,Canada,Ontario,Retail High Street,RHS,ON.RHS.CO2,kgCO2/sqm,37.881205000539,35.6005810001315,32.5570789154242,29.6916628441089,26.9897473094746,24.4820919084236,21.9448104365789,19.6487471326092,17.5004111690409,15.496111258096,13.5725064412125,11.95381095764,10.3960796526155,8.95310216994508,7.6189041918208,6.39156685414596,5.25122240381918,4.21408214411379,3.34162232974482,2.64883361582548,2.09860037996134,1.79039946781026,1.55787053411502,1.35595113862814,1.18212094532039,1.02211317599674,0.906704308016423,0.797924301878047,0.702857461238746,0.616841669904747,0.536349798918206
North America,Canada,Ontario,Enclosed Retail Mall,ERM,ON.ERM.CO2,kgCO2/sqm,32.6818239220336,30.7142267452115,28.0884602407581,25.616336571388,23.2852721885663,21.121804783738,18.9327776315583,16.9518602712706,15.0983939497608,13.3691940265926,11.7096134002618,10.3130918065913,8.96916675911929,7.72424500936439,6.57317224392383,5.51429297220436,4.5304663876087,3.63567871256876,2.88296828448573,2.28526821757492,1.81055719055488,1.54465836438532,1.34404516668747,1.16984019803212,1.01986905086465,0.881823132232484,0.782254697112208,0.688405280051648,0.606386829304016,0.532177126976644,0.462733159851001
North America,Canada,Ontario,Strip Shopping Center,SSC,ON.SSC.CO2,kgCO2/sqm,17.8264494120183,16.7532145882972,15.3209783131408,13.9725472207571,12.7010575573998,11.5209844274935,10.3269696172136,9.24646923887489,8.23548760896042,7.29228765086871,6.38706185468824,5.62532280359528,4.89227277770143,4.21322455056239,3.5853666785039,3.00779616665692,2.4711634841502,1.98309747958296,1.57252815517403,1.24650993685905,0.987576649393572,0.842540926028359,0.733115545465893,0.638094653472064,0.556292209562537,0.480994435763173,0.426684380243022,0.375493789119081,0.330756452347645,0.290278432896351,0.252399905373273
North America,Canada,Ontario,Hotel,HOT,ON.HOT.CO2,kgCO2/sqm,36.9392932468589,34.7157547117882,31.7484334147635,28.9547405252551,26.3204556502857,23.8755684545363,21.401796747337,19.1632053642654,17.0686436125611,15.1145125997205,13.2390568315519,11.6608783226765,10.1421380202904,8.73527917929604,7.43447702284993,6.2378607172408,5.12605981182956,4.11487983068574,3.26425823887426,2.58881046590225,2.05234991694637,1.75186346911918,1.52515488212812,1.32828965718835,1.1588105438801,1.00280787051602,0.890287759705437,0.784230586120184,0.691543328803264,0.607680567286426,0.52920345888691
North America,Canada,Ontario,Shipping/Distribution Warehouse,SDW,ON.SDW.CO2,kgCO2/sqm,33.7972488406627,31.7593654349578,29.0398016697142,26.4793691472421,24.0650348112606,21.8242843288861,19.5570610574696,17.5053816465839,15.5857060625102,13.7947359035359,12.0758719721029,10.6294640309988,9.23753148249932,7.94813881355673,6.75594758911172,5.65924318136951,4.64027248225673,3.71352132807067,2.93392268422179,2.3148716598076,1.82320307242341,1.54780584588209,1.34002637182625,1.15959847784673,1.00427008250886,0.861292907038349,0.758167702319703,0.660965809617414,0.576017507338299,0.499156896489333,0.427232261762915
North America,Canada,Ontario,Refrigerated Warehouse Cool,RFW,ON.RFW.CO2,kgCO2/sqm,33.4046807215514,31.3947538379398,28.7124981661201,26.1871907092836,23.8059772039715,21.5959662576228,19.3598456868321,17.3363120573086,15.4429713718498,13.6765704775732,11.9812866279741,10.554721105454,9.18188365971438,7.9101794093218,6.73434315406312,5.65268378811233,4.64769174782881,3.73365414685412,2.96475035760274,2.35419172956042,1.86926805392501,1.59764883972075,1.39271976988368,1.21476705990642,1.06156952333301,0.920553767516676,0.818843276738985,0.722974839549036,0.639191892992827,0.563385687591832,0.492447744564337
North America,Canada,Ontario,Inpatient Healthcare,IHC,ON.IHC.CO2,kgCO2/sqm,83.1847377617486,78.1732772556293,71.485462650908,65.1889756050684,59.2517658807689,53.7414248499463,48.1659832660699,43.1205963169987,38.399826548122,33.9955626956306,29.7686188559313,26.2116851018761,22.7887144969535,19.617904813143,16.6861280391024,13.9891676482865,11.4833660890798,9.20434620246488,7.28719637763396,5.76485719402818,4.55577050100262,3.8785274750066,3.36756662940664,2.92386741562952,2.54189162813573,2.190289340124,1.93668901677566,1.69765500480328,1.48875440688785,1.29974265348355,1.12286920462015
North America,Canada,Ontario,Outpatient Healthcare,OHC,ON.OHC.CO2,kgCO2/sqm,28.370397300459,26.6612240862406,24.3803254200552,22.2328901585618,20.2079874748873,18.3286696034622,16.4271489986475,14.7064050721634,13.0963727812566,11.5942857557604,10.1526742375217,8.93957161209805,7.77215750919392,6.69074362349419,5.69085260846189,4.77104640542744,3.91643547914894,3.13916910338542,2.48531956705895,1.96612135081101,1.55375880961891,1.32278310141264,1.14851841554962,0.997193505290099,0.866919549490751,0.747004564229715,0.660513434696748,0.578990188119928,0.50774403024733,0.443281020772025,0.382957815444034
North America,Canada,Ontario,Large Multi-Family - High Rise (>20 Units),MFH,ON.MFH.CO2,kgCO2/sqm,21.0313401880278,19.769561737004,18.2957471759497,16.8878953257049,15.5400175230599,14.2721391474045,12.9557363389583,11.7500210458175,10.6028908494714,9.51433524359623,8.44750712533326,7.54353101848671,6.65424256505147,5.8147890178281,5.02331520042099,4.28054073940981,3.57521077225486,2.91992515791685,2.35918150993705,1.90759681954021,1.54370739046765,1.34306956208323,1.19159851769818,1.05814263717789,0.941653768666823,0.832020792658635,0.75353154609893,0.677690595303071,0.610330681129346,0.548072300458828,0.488245551044516
North America,Canada,Ontario,Large Multi-Family - Low Rise (>20 Units),MFL,ON.MFL.CO2,kgCO2/sqm,17.3214507425549,16.2822418009165,15.0683985395089,13.9088825958903,12.7987616680775,11.7545287888253,10.6703308710171,9.67729591096893,8.73251201780686,7.83597053845424,6.95732395926231,6.2128033562197,5.48037960008736,4.78900019694669,4.13713721144809,3.52538333272466,2.94446898276234,2.40477148737831,1.94293937059527,1.5710112814869,1.27130958016757,1.10606295932156,0.981310421666053,0.871395290179705,0.775454300174834,0.685159867841095,0.620515613708268,0.55805251319687,0.502574449626731,0.451298042241399,0.402024342179342
North America,Canada,Ontario,Leisure,LEI,ON.LEI.CO2,kgCO2/sqm,31.4841647441684,29.588060682554,27.0577020336427,24.6754035705617,22.4290389710294,20.3441816731088,18.2346933473856,16.3257530943657,14.5396329160696,12.8732638867351,11.273984520394,9.92820587368567,8.63311266505807,7.4334254455862,6.32417718508062,5.30377254559575,4.35569353585201,3.49341818553565,2.76805767134092,2.19207517967705,1.73461289164937,1.47837556308555,1.28505169402881,1.11717650468019,0.972654595104935,0.839624608026735,0.743674015870941,0.653234639882366,0.574196349208925,0.502683074209522,0.435762370280571
North America,Canada,Saskatchewan,Office,OFF,SAS.OFF.CO2,kgCO2/sqm,148.173315769646,139.151202205973,127.111154642411,115.77561261621,105.086876205224,95.1666299029849,85.1291833191127,76.0459921073668,67.5472079882954,59.6182282840678,52.0084771341847,45.6049426299493,39.4425814809355,33.734184692973,28.4561179564527,23.6007902744409,19.0896051204153,14.9866941614638,11.5352565182697,8.79459499252292,6.61788075133862,5.39864267028803,4.47876177529461,3.67997174394114,2.9923021655549,2.35931388443093,1.90275817292943,1.47242613719616,1.09634317383431,0.75606602269238,0.43764141571492
North America,Canada,Saskatchewan,Retail High Street,RHS,SAS.RHS.CO2,kgCO2/sqm,172.789940398625,162.270534960925,148.232345248898,135.015579400393,122.552961729895,110.986371245457,99.2831301556809,88.6925107459194,78.7832854579592,69.5384281828413,60.6657779927639,53.1995257438918,46.0144714966235,39.3587206253836,33.2047165179369,27.5436083907216,22.2837559952914,17.4999341615944,13.4757028486695,10.2802066322487,7.7422492607932,6.32066887287878,5.24812638928688,4.31677076622828,3.51497692366973,2.7769391768089,2.24461439500616,1.74286531761302,1.30436837985066,0.90761951509904,0.536349798918206
North America,Canada,Saskatchewan,Enclosed Retail Mall,ERM,SAS.ERM.CO2,kgCO2/sqm,149.073674069402,139.998108593739,127.886729234344,116.484029286613,105.731966982655,95.7529477411789,85.6560338598031,76.5190288788324,67.9698933362785,59.9939380400983,52.3391025819923,45.8976300535537,39.6987597225771,33.9565432846447,28.6472064076319,23.7631131214068,19.2252012508396,15.0979824139246,11.6260965753227,8.86919787880284,6.67958759754708,5.45312608640522,4.5277953162475,3.72427281792244,3.03252911061702,2.39579066234493,1.93653006627982,1.5036485093132,1.12533742575351,0.783044287536426,0.462733159851001
North America,Canada,Saskatchewan,Strip Shopping Center,SSC,SAS.SSC.CO2,kgCO2/sqm,81.3129131287648,76.3626046874942,69.7563977641873,63.5367432472435,57.671981990539,52.2288805860975,46.721473014438,41.7376521157267,37.0744872743337,32.72396620369,28.5486014083594,25.035070938302,21.6538689395875,18.5217508825335,15.6257489496174,12.9616980662219,10.4864734095489,8.23526313486795,6.34150722290329,4.83774429752882,3.64341141684386,2.97443241076648,2.469706536135,2.0314215370486,1.65410678760928,1.3067949067336,1.05628912706172,0.820171914170834,0.613820414047368,0.42711506592896,0.252399905373273
North America,Canada,Saskatchewan,Hotel,HOT,SAS.HOT.CO2,kgCO2/sqm,132.527931208714,124.46686188861,113.709331810736,103.5812626605,94.0311007671499,85.1675686745324,76.1993205873856,68.0836796692246,60.4901942362458,53.4058171019536,46.6066639883263,40.8852401591961,35.3792996667457,30.2789668135102,25.5631248393484,21.2249913476457,17.1943419897342,13.5284770656336,10.4446898909934,7.99596627583731,6.0511177362563,4.96175407222171,4.13985977789162,3.42615763154814,2.81173928028532,2.24617752173034,1.83825456521587,1.4537619132197,1.11773967005303,0.813709169434303,0.52920345888691
North America,Canada,Saskatchewan,Shipping/Distribution Warehouse,SDW,SAS.SDW.CO2,kgCO2/sqm,106.375329083622,99.9051534435,91.2706775081345,83.1414351340617,75.4760470338157,68.3617787954726,61.1634608051636,54.6494835538193,48.5546117048013,42.8683730012805,37.4110678842608,32.8187966090676,28.3994819207084,24.3057261082853,20.5205799133764,17.0385994803818,13.8034195986762,10.8610320580132,8.38584621549495,6.42039085777186,4.85936822605448,3.98499610960427,3.32530690079572,2.75245756056512,2.25929784547986,1.80535262210098,1.4779353686971,1.16932432815594,0.899617810826511,0.655589300359347,0.427232261762915
North America,Canada,Saskatchewan,Refrigerated Warehouse Cool,RFW,SAS.RFW.CO2,kgCO2/sqm,107.691345899392,101.144784702964,92.4083719293413,84.1831574000102,76.4272733121899,69.2290154934528,61.9457156487501,55.3548357283318,49.188009081996,43.434639819614,37.9129068863376,33.266420205633,28.7949320014786,24.6528461540608,20.8230133055159,17.29992533121,14.0265515844911,11.0494268246767,8.54501944969085,6.55636033224886,4.97690858998475,4.09221381704922,3.42473645379076,2.84512417264999,2.34614231589822,1.88683790903677,1.55555523521215,1.2433007965123,0.970410179784152,0.723500719159971,0.492447744564337
North America,Canada,Saskatchewan,Inpatient Healthcare,IHC,SAS.IHC.CO2,kgCO2/sqm,251.225488062731,235.951897308312,215.569227787281,196.379219961973,178.284193284346,161.490148171291,144.497693990856,129.120704515692,114.733061351068,101.310043535145,88.427449674405,77.5868672865605,67.1545687340422,57.4907892008041,48.5555180208104,40.3359043493268,32.6988916500604,25.753048811065,19.9100890982993,15.270406584306,11.5854338476486,9.52137830780815,7.96410636329304,6.61182987602673,5.44766987732919,4.37608017830815,3.60317424613907,2.87466253367624,2.23798940475154,1.66193215243014,1.12286920462015
North America,Canada,Saskatchewan,Outpatient Healthcare,OHC,SAS.OHC.CO2,kgCO2/sqm,85.6811850360706,80.4720823861526,73.5205135297134,66.9757054212572,60.8043438251312,55.076685784015,49.2813597520988,44.0369926670591,39.1300450252127,34.5520856704623,30.158439480984,26.4612272568814,22.9032614249803,19.6074012448683,16.560000962261,13.7566777591012,11.1520523158211,8.78315236817392,6.79039392567552,5.2080166794193,3.95124598574038,3.24729382707393,2.71618169088747,2.25498385296562,1.85794369183719,1.49247490125953,1.22887308004178,0.980412036865748,0.76327281031852,0.566806805184537,0.382957815444034
North America,Canada,Saskatchewan,Large Multi-Family - High Rise (>20 Units),MFH,SAS.MFH.CO2,kgCO2/sqm,82.723942240708,77.6729393698387,71.7731385189251,66.1373918222087,60.7417261685297,55.6663047978824,50.396636133556,45.5700586926715,40.9780022105657,36.6204246295605,32.3498239676945,28.7311332956715,25.1712385077332,21.8108369463129,18.6425021877841,15.669114956506,12.8456211124645,10.2224589269198,7.97775600504809,6.17002536439212,4.71334606428741,3.91017634273095,3.30382529954924,2.76959043835352,2.3032759210971,1.86440610515595,1.55020719853825,1.2466096375809,0.976962363452121,0.727736947336227,0.488245551044516
North America,Canada,Saskatchewan,Large Multi-Family - Low Rise (>20 Units),MFL,SAS.MFL.CO2,kgCO2/sqm,69.0157868713237,64.8014575050424,59.8789293226466,55.1767160370684,50.6748155637825,46.4401125007669,42.0433382421886,38.0162593495865,34.1848541853225,30.5490876583637,26.9858907564651,23.9666181968417,20.9964022755234,18.1926345199225,15.549118656551,13.0682582321053,10.7124621007895,8.5238136850825,6.65093463827388,5.14264558756268,3.92725796878097,3.25712931706614,2.75121730852353,2.30547579508803,1.91640395841754,1.55023074478462,1.28807732439178,1.03476918947605,0.809787645226188,0.601845179776722,0.402024342179342
North America,Canada,Saskatchewan,Leisure,LEI,SAS.LEI.CO2,kgCO2/sqm,106.75661508984,100.263675509625,91.5988210028171,83.4409776143829,75.7486204726134,68.6093221910396,61.3856784462819,54.8487831481698,48.7324677858128,43.0262232579682,37.5497177708716,32.9412895636238,28.5064264542613,24.3982676306602,20.5998042020289,17.1055731597171,13.8590109840657,10.9062712771816,8.42237701848245,6.45000662313024,4.88349186451422,4.00604345530398,3.3440332699927,2.76916848091054,2.27427368801057,1.81873135468519,1.49016215314939,1.1804653301458,0.909809907663766,0.664922834662567,0.435762370280571
North America,Canada,Newfoundland,Office,OFF,NF.OFF.CO2,kgCO2/sqm,23.0764360209023,21.6939007817606,19.8489018333336,18.1118602637068,16.473934222786,14.9537704610446,13.4156471027796,12.0237524158556,10.7214114010203,9.50638636568133,8.34027943834521,7.35901135247101,6.4147003121918,5.53995409417275,4.73115101202555,3.987127832691,3.29584054155717,2.66711657972958,2.13822341808406,1.71824852958774,1.38469208267092,1.19785785585039,1.05689667816556,0.93449128399408,0.829113822460817,0.732115641442429,0.662153724500513,0.596210284558863,0.538579891633847,0.48643632802114,0.43764141571492
North America,Canada,Newfoundland,Retail High Street,RHS,NF.RHS.CO2,kgCO2/sqm,34.6849771241104,32.5995445086045,29.8165261278128,27.1963519425688,24.7256848009174,22.4326516832852,20.1125280964255,18.0129775784492,16.048510885698,14.2157526560235,12.4567830828908,10.9766266189533,9.55221660261033,8.2327389924195,7.01273079351199,5.89043737129161,4.84769139071888,3.89931668096515,3.10152793881468,2.46803281668862,1.96489230075904,1.6830693285314,1.47044180979521,1.28580405584,1.12685143821478,0.980538227083857,0.875006838585898,0.775536968640056,0.688606597791169,0.609952625604425,0.536349798918206
North America,Canada,Newfoundland,Enclosed Retail Mall,ERM,NF.ERM.CO2,kgCO2/sqm,29.9242939894286,28.1250972231098,25.7240617573287,23.4635193230005,21.3319633576542,19.3536602757755,17.3519850243671,15.5406081068974,13.845774097465,12.2645709189223,10.7470285421019,9.47003080850869,8.24112804931087,7.10275520914623,6.05019911597113,5.08194596738884,4.18232198414962,3.36411635220523,2.67582802564404,2.12928321439803,1.69520120065486,1.45205981285062,1.26861646335273,1.1093211462149,0.972185554538245,0.845954548856661,0.754907860740775,0.669090718042401,0.594091966721792,0.526233637776367,0.462733159851001
North America,Canada,Newfoundland,Strip Shopping Center,SSC,NF.SSC.CO2,kgCO2/sqm,16.322342176052,15.3409621216963,14.0313064130884,12.7982832670912,11.6356163769023,10.5565419686048,9.46471910420025,8.47669533103493,7.55224041679908,6.68976595577579,5.86201556841921,5.16547135009565,4.49516075416957,3.87423011407977,3.30010860871152,2.77197052766664,2.28126653680889,1.83497255574831,1.4595425594422,1.16142720785347,0.924655200357195,0.792032625191248,0.691972616374216,0.605084261571765,0.530283029748133,0.461429753921815,0.411767924040423,0.364958573477673,0.324050163666432,0.2870365296962,0.252399905373273
North America,Canada,Newfoundland,Hotel,HOT,NF.HOT.CO2,kgCO2/sqm,31.6679453544804,29.766324321913,27.228603252632,24.8393731702966,22.586472469452,20.4955489975348,18.3799228305115,16.4654282579056,14.6741111216252,13.0028935664541,11.3989608807154,10.0492665092042,8.75040505190404,7.54722718037548,6.43475141218367,5.41137776753173,4.46054019381269,3.59575593686119,2.86828488824581,2.29062649770053,1.83183316133738,1.57485027564547,1.38096390467142,1.21260025977751,1.06765784417976,0.934240788380262,0.838011015012555,0.747308493440134,0.66804023018099,0.596318877645704,0.52920345888691
North America,Canada,Newfoundland,Shipping/Distribution Warehouse,SDW,NF.SDW.CO2,kgCO2/sqm,21.756703751147,20.4541279523638,18.7158352051254,17.079256081485,15.5360601030413,14.1038155785105,12.6546501574084,11.3432562179905,10.1162365806896,8.97148297069784,7.87281827171736,6.94830219097601,6.0586057313363,5.23445078655807,4.47242513183386,3.77143281012161,3.12012637687918,2.52776489949639,2.02946047079402,1.6337749863563,1.31950990075044,1.14348130100792,1.01067266552299,0.895346632902458,0.796063716095467,0.704675460994651,0.638759817570186,0.576630241032349,0.522332923341484,0.473205102146565,0.427232261762915
North America,Canada,Newfoundland,Refrigerated Warehouse Cool,RFW,NF.RFW.CO2,kgCO2/sqm,41.8355259959233,39.310733330328,35.9413871602358,32.769193287224,29.7780046810865,27.0018741294116,24.1929456740765,21.6510607388264,19.2727191607834,17.0538344547104,14.9242842384961,13.132287625277,11.4077821508142,9.81031629751494,8.33327612385258,6.97453732788309,5.71210507078018,4.56392627391143,3.59805897621049,2.83109876558467,2.22195633876272,1.88075875319412,1.62333475597776,1.39979742203948,1.20735658258325,1.03021802648876,0.902453229060812,0.782026994130143,0.67678208662038,0.581557253834852,0.492447744564337
North America,Canada,Newfoundland,Inpatient Healthcare,IHC,NF.IHC.CO2,kgCO2/sqm,70.0951340900273,65.8830464594587,60.2619982365535,54.9698573188647,49.9796857692184,45.3482935298101,40.6621848591487,36.4215823574099,32.4538176856207,28.7520733992621,25.1993649940847,22.2097940596408,19.3328179511413,16.6677808363608,14.203648739451,11.9368777076494,9.83077396018782,7.91527817557395,6.30393093393521,5.02441849699874,4.00819197026879,3.43897527800844,3.00951726774808,2.63659205607345,2.3155448308754,2.02002625971128,1.8068774613162,1.60597151705412,1.4303924371784,1.27152975282238,1.12286920462015
North America,Canada,Newfoundland,Outpatient Healthcare,OHC,NF.OHC.CO2,kgCO2/sqm,23.9061498115039,22.4696050466957,20.5525301646951,18.7476300779163,17.0457175243611,15.4661677004186,13.8679566780966,12.4216868333539,11.0684691258486,9.80597844625433,8.59431688838245,7.57471500647236,6.59351391816898,5.68459524148403,4.84419580679,4.07110693866647,3.35281411621863,2.69952869512977,2.14997402122767,1.71359257478091,1.36700555549897,1.17287254331431,1.02640463702786,0.899217406494419,0.78972331447521,0.688935844331315,0.61624082530146,0.54772126736207,0.487839510350463,0.433658928759806,0.382957815444034
North America,Canada,Newfoundland,Large Multi-Family - High Rise (>20 Units),MFH,NF.MFH.CO2,kgCO2/sqm,27.7617717097504,26.0866030850323,24.1299300182767,22.2608306959133,20.4713544189069,18.7880873817079,17.0403980940913,15.4396603197431,13.91670158493,12.4715079411936,11.0551602533478,9.85501896827876,8.67437737917089,7.5598978577653,6.50911742548698,5.52299147657874,4.58657777408388,3.71660420584178,2.97214691633619,2.37261178864241,1.88950308286738,1.62313128457867,1.42203453823526,1.24485517394168,1.09020163908355,0.944650158556706,0.840445872053083,0.739757529231149,0.650328822713004,0.567673039647139,0.488245551044516
North America,Canada,Newfoundland,Large Multi-Family - Low Rise (>20 Units),MFL,NF.MFL.CO2,kgCO2/sqm,22.9969889172922,21.609182459389,19.9881614600817,18.4396916094867,16.9571860892367,15.5626704386146,14.1147836742771,12.7886400324548,11.5269330400322,10.3296511413005,9.15626689876822,8.16200052985538,7.18388883551248,6.26058962002728,5.39006240966978,4.57309870822082,3.79731950341976,3.07658314386986,2.45983172030324,1.96314218727589,1.56290702775175,1.3422292425941,1.17562908120098,1.02884346072936,0.900719538607914,0.78013628409135,0.693807433600094,0.610391393959683,0.536303487466864,0.467826662012253,0.402024342179342
North America,Canada,Newfoundland,Leisure,LEI,NF.LEI.CO2,kgCO2/sqm,24.2665607533574,22.8112306831807,20.8690867340996,19.0405844595432,17.3164164581855,15.7162112905916,14.0971008972,12.6319185748621,11.2610052072642,9.98200528025758,8.75449915358029,7.72156421503645,6.72753222683815,5.80672786770525,4.95533875806402,4.17214041697413,3.44445467455308,2.7826264176065,2.22588536662871,1.78379747863587,1.43267823512152,1.23600659831105,1.08762337103098,0.958772947659363,0.847847031164489,0.74574159067232,0.672095958640554,0.602680389068845,0.54201557459949,0.487126488272215,0.435762370280571
North America,Canada,Prince Edward Island,Office,OFF,PE.OFF.CO2,kgCO2/sqm,17.5034347635721,16.4612387854383,15.0704239770539,13.7609906357091,12.5262735131365,11.3803290816766,10.2208461748592,9.17159476800293,8.18985156942617,7.27392974023055,6.39488382853422,5.65517490566872,4.94332529748276,4.28391571102395,3.67421601191226,3.11334932064285,2.59223650256964,2.1182857736321,1.71959045627325,1.40300095655115,1.15155623556659,1.01071506620083,0.904454358844592,0.812181550242193,0.73274490118861,0.659624801764299,0.606885438314396,0.557175321750453,0.513731826044689,0.474424464652249,0.43764141571492
North America,Canada,Prince Edward Island,Retail High Street,RHS,PE.RHS.CO2,kgCO2/sqm,26.3084920833506,24.7346055086548,22.63424741792,20.6567886677028,18.7921636417611,17.0615999149159,15.3105908735098,13.7260494461969,12.2434564670858,10.8602645332393,9.53276127282794,8.4156796803951,7.34067021477366,6.34485376841612,5.42410739138025,4.57710685203475,3.79014117045918,3.07439796573307,2.47230275470676,1.99420077220387,1.61447807230976,1.40178484543109,1.24131377834335,1.10196672873292,0.982004381816037,0.87158105910237,0.791935984823303,0.716865569346689,0.651258777453674,0.591898225618634,0.536349798918206
North America,Canada,Prince Edward Island,Enclosed Retail Mall,ERM,PE.ERM.CO2,kgCO2/sqm,22.6975225817143,21.3396596545257,19.5275860076172,17.8215431642926,16.2128470634802,14.7198116913,13.2091372242046,11.8420818751503,10.5629820500348,9.36963998946134,8.22434305891038,7.26058639092911,6.33312724411846,5.47399148647665,4.67962206315159,3.94887649979469,3.26992571569027,2.65242177435794,2.13296708249211,1.72048694072491,1.39288304277705,1.20938300390133,1.07093737739426,0.950716393416637,0.847219466664817,0.751952286284398,0.683238888867164,0.618472255906947,0.56187031780317,0.510657292690586,0.462733159851001
North America,Canada,Prince Edward Island,Strip Shopping Center,SSC,PE.SSC.CO2,kgCO2/sqm,12.3804668627533,11.639814357014,10.6514105496094,9.7208417259778,8.84337112553463,8.02898819525453,7.20498394047523,6.45931738644559,5.76162657274624,5.11071272152437,4.48600530486021,3.9603198495977,3.45443304224643,2.98581353807817,2.55252112535542,2.15393263625165,1.78359584492197,1.44677551328615,1.16343659045024,0.938447422213588,0.759754386969299,0.659663456673453,0.584147660396871,0.518572578227257,0.4621197090899,0.410155792518762,0.372675757563907,0.337348503221971,0.306474718801729,0.278540341467592,0.252399905373273
North America,Canada,Prince Edward Island,Hotel,HOT,PE.HOT.CO2,kgCO2/sqm,24.0200789717458,22.5855077518021,20.6710665735194,18.8686460831893,17.1690716403997,15.5916918236296,13.9956764454899,12.5513935060596,11.2000348675666,9.93927861495174,8.72928165431592,7.71108051542974,6.73122741461429,5.82355742285063,4.98431254040521,4.21228575235244,3.49497973041763,2.84259180178386,2.29379211361627,1.85801017397478,1.51189930068477,1.31803299108996,1.17176630441834,1.04475380544342,0.935410137906824,0.83476113096921,0.762165981351707,0.693740556519059,0.633941065885027,0.579834918319102,0.52920345888691
North America,Canada,Prince Edward Island,Shipping/Distribution Warehouse,SDW,PE.SDW.CO2,kgCO2/sqm,16.5024202365403,15.5207198307305,14.2106366117929,12.9772109705993,11.8141645515753,10.7347379014992,9.64255863384327,8.65421234051769,7.72945565687589,6.86669965869839,6.0386790691515,5.34190747820896,4.67137807309358,4.05024474289146,3.4759358272959,2.94762534637243,2.45676117522947,2.01032151062341,1.63476896287081,1.33655629762062,1.09970700074339,0.967041133649296,0.866948462288147,0.780031744558733,0.70520609540231,0.636330343831828,0.586652302861424,0.539827672343217,0.49890590881798,0.461880192503694,0.427232261762915
North America,Canada,Prince Edward Island,Refrigerated Warehouse Cool,RFW,PE.RFW.CO2,kgCO2/sqm,31.3934657397919,29.5063623383606,26.9880151073885,24.6170252319294,22.3813239524211,20.3063633117826,18.2068885649364,16.3070099045133,14.5293683013632,12.8709093976786,11.2792216875159,9.93983134856239,8.65088584781238,7.45689345132365,6.35291070701713,5.3373498498938,4.39377129830856,3.5355891027771,2.81367181916802,2.24042347210299,1.78513272238087,1.53011173271285,1.33770555719725,1.17062725846402,1.02679138328078,0.894392879322148,0.798897757249377,0.708887690024454,0.630224588039338,0.559050781057479,0.492447744564337
North America,Canada,Prince Edward Island,Inpatient Healthcare,IHC,PE.IHC.CO2,kgCO2/sqm,53.1670317581673,49.988731412379,45.7472765620816,41.7540041556429,37.988587727295,34.4938941579672,30.9579134009965,27.7580966878271,24.7641542691476,21.9709419295065,19.2901870775149,17.034356912505,14.8634870345593,12.852539227592,10.9931876227396,9.28275807186498,7.69356267615578,6.24819366948755,5.03232497337635,4.06684771425134,3.30003719068464,2.87052532661277,2.54647068619973,2.26507380342436,2.0228223128675,1.7998338901905,1.63899894109615,1.48740203995738,1.3549159429844,1.23504347856621,1.12286920462015
North America,Canada,Prince Edward Island,Outpatient Healthcare,OHC,PE.OHC.CO2,kgCO2/sqm,18.1327711651323,17.0488025673295,15.6022420266262,14.2403248318626,12.9561185826361,11.7642431536463,10.5582866089571,9.46697979133783,8.4458870019861,7.4932537912266,6.57897453444798,5.80961708083682,5.06923558079153,4.38339596923261,3.74925868431392,3.16591170001804,2.62391197774371,2.13096466471145,1.71628910159718,1.38701026796804,1.12548730362248,0.979001030336627,0.868481250591614,0.772510023437985,0.68988944641085,0.613838594836749,0.558985366607855,0.507282801563492,0.462098031988621,0.421215178565803,0.382957815444034
North America,Canada,Prince Edward Island,Large Multi-Family - High Rise (>20 Units),MFH,PE.MFH.CO2,kgCO2/sqm,18.6622125132679,17.5459483725543,16.2421011375411,14.9966094788505,13.8041753744831,12.6825147815462,11.5179258248946,10.4512593712465,9.43642170154944,8.47340352111894,7.52960711077784,6.72988184100802,5.94315037439038,5.2005066148619,4.50030933381904,3.84319516707134,3.21920721651869,2.6394922652786,2.14341624982205,1.74391046021511,1.42198649604463,1.24448717917608,1.110484498225,0.992419386500117,0.889364570018109,0.792374991809379,0.722937499597379,0.655842889047994,0.596251241518533,0.541172794311726,0.488245551044516
North America,Canada,Prince Edward Island,Large Multi-Family - Low Rise (>20 Units),MFL,PE.MFL.CO2,kgCO2/sqm,15.3769342450582,14.4571595492119,13.3828209135125,12.3565658635035,11.3740289569966,10.4498077148345,9.49021453762689,8.61130713821287,7.77510540518726,6.98160167995452,6.20393622909858,5.54498191897181,4.89673418886162,4.28481366474101,3.70786801387389,3.1664218087935,2.6522708059095,2.17459968533264,1.76584502808678,1.43666190491517,1.1714043324187,1.02514918166079,0.914734208520491,0.817451407554223,0.732536727392013,0.652619657100592,0.595404840329001,0.540120501470334,0.491018422954801,0.445635112518128,0.402024342179342
North America,Canada,Prince Edward Island,Leisure,LEI,PE.LEI.CO2,kgCO2/sqm,18.4061422092181,17.3087037712899,15.84416767368,14.4653267350787,13.1651624102216,11.9584762463911,10.7375339891195,9.63266614363399,8.5988848348422,7.63441381155476,6.70877334427278,5.92985553815664,5.18027375273636,4.48591161576664,3.84389427983665,3.25329838571815,2.70456355172401,2.20549067240672,1.78566218000065,1.45229159200278,1.187518835619,1.03921226358491,0.927319119549767,0.83015531441094,0.746508060074269,0.669512169304226,0.613977312275295,0.561632269868925,0.515886015742284,0.474495135149134,0.435762370280571
North America,Canada,Nova Scotia,Office,OFF,NS.OFF.CO2,kgCO2/sqm,56.7706016009302,53.3303874049243,48.7394074470212,44.4170618765803,40.3413491869844,36.5586687855481,32.7312988476963,29.2677951873675,26.027131282078,23.0037389975743,20.1020714726488,17.6603453570761,15.3105808416845,13.1339170779458,11.1213420880284,9.26996135556098,7.54980530807142,5.98532793519003,4.66926327994631,3.62422404154833,2.79422304673469,2.32931644528935,1.97855746943995,1.67397154441294,1.41175686167483,1.17039265635203,0.996303799135793,0.832214268686236,0.688810404358614,0.559059622829069,0.43764141571492
North America,Canada,Nova Scotia,Retail High Street,RHS,NS.RHS.CO2,kgCO2/sqm,85.3289050383117,80.1506834200781,73.2403254271101,66.7343167895319,60.5995407678884,54.9058379012683,49.1448681988086,43.9315912029843,39.0537333325987,34.502913413829,30.1353139998332,26.4600198939767,22.9231466883822,19.646825298248,16.6174908651751,13.8307865536895,11.2416020656459,8.88674562592269,6.9058008182743,5.33280435123525,4.0834841491707,3.38370521771383,2.85574166426952,2.39727793738423,2.00259154246465,1.6392893540947,1.37725023892061,1.1302621429799,0.914410179092982,0.719108879924154,0.536349798918206
North America,Canada,Nova Scotia,Enclosed Retail Mall,ERM,NS.ERM.CO2,kgCO2/sqm,73.6170945428572,69.1496092251654,63.1877317410361,57.5747046811648,52.2819567409234,47.369742503055,42.3994941323055,37.9017649594375,33.6934169928303,29.7672194158525,25.9990944312287,22.8282524575485,19.7768324370357,16.9502022180963,14.3366587856413,11.9324433012223,9.69863707624354,7.66699622628625,5.95794580400136,4.60085081283041,3.52300593261786,2.91927508979233,2.46377712211488,2.0682397891158,1.72772603663617,1.41428885451307,1.1882158924021,0.975128123355209,0.788902899609631,0.620407661111035,0.462733159851001
North America,Canada,Nova Scotia,Strip Shopping Center,SSC,NS.SSC.CO2,kgCO2/sqm,40.1547788415585,37.7179686682721,34.4660354951106,31.4043843715444,28.5174309495946,25.8380413653027,23.1269967994394,20.673689977875,18.3782274506347,16.2366651359195,14.1813242352156,12.4517740677537,10.787363147474,9.24556484623436,7.81999570125889,6.50860543703035,5.29016567795102,4.18199794161068,3.24978862036438,2.50955498881659,1.92163959960974,1.59233186715945,1.34387843024448,1.12813079406317,0.942396019983364,0.771430284279859,0.648117759492053,0.53188806728466,0.430310672514344,0.338404178787837,0.252399905373273
North America,Canada,Nova Scotia,Hotel,HOT,NS.HOT.CO2,kgCO2/sqm,77.906671013271,73.1812835765668,66.8752346565827,60.938174842293,55.3398834448002,50.1440934655695,44.8869191184192,40.1295418881007,35.6782514648431,31.5253996063718,27.5397456654937,24.1858551072267,20.9582805762176,17.9684726697675,15.2040527729417,12.6610450544355,10.2982841003603,8.14935926556226,6.34164758441189,4.90620926382065,3.76614180002785,3.12755836058352,2.64576508744537,2.22739389846807,1.86722272977496,1.53569122664163,1.29656736635557,1.07117831744657,0.874202553653913,0.695980304105001,0.52920345888691
North America,Canada,Nova Scotia,Shipping/Distribution Warehouse,SDW,NS.SDW.CO2,kgCO2/sqm,53.5239132978358,50.2813363897429,45.9541042033583,41.8800735945138,38.0385070238485,34.4731382934266,30.865647401256,27.6011189881368,24.5466283815979,21.6969273318144,18.9619580609446,16.6605069689062,14.4457343637845,12.3941180239717,10.4971637018576,8.75214316849765,7.13080857706966,5.65620905695004,4.41575116173962,3.43074851091209,2.64843034519977,2.21023222020604,1.87962403984447,1.59253630903708,1.34538562981582,1.11788758637173,0.953799981297304,0.799137250437907,0.663971812326554,0.541675099382583,0.427232261762915
North America,Canada,Nova Scotia,Refrigerated Warehouse Cool,RFW,NS.RFW.CO2,kgCO2/sqm,99.4335085921941,93.3912477030668,85.3278257584063,77.7362229971916,70.577796813073,63.9340413538335,57.2117948987862,51.1286292835605,45.4368509075305,40.1266801122481,35.0303020380387,30.7417474976804,26.6147108013916,22.7917016574584,19.2568917720354,16.0051973270618,12.9839809094883,10.2361925732095,7.92470685142666,6.08923982582496,4.63145776250988,3.81491355480569,3.1988538792931,2.66389078766174,2.20334692853143,1.77942405199936,1.47366102875162,1.18546044132839,0.933591368239124,0.705702048591556,0.492447744564337
North America,Canada,Nova Scotia,Inpatient Healthcare,IHC,NS.IHC.CO2,kgCO2/sqm,172.441833218279,161.979504767812,148.017484529403,134.872431210666,122.4774341556,110.973602554382,99.3338617970361,88.8007057726741,78.9452467102482,69.7505508823515,60.9260425900859,53.5003012984928,46.3542322630759,39.7345946693168,33.6139814237351,27.9835897660213,22.7522766763342,17.9944112656826,13.9920149319902,10.8138570811099,8.28967035109857,6.87580328178681,5.80908028048461,4.88277807734804,4.08533466858408,3.35130142286207,2.82186496920247,2.32283831997831,1.88672061213218,1.4921244574384,1.12286920462015
North America,Canada,Nova Scotia,Outpatient Healthcare,OHC,NS.OHC.CO2,kgCO2/sqm,58.8117898938872,55.2435822777524,50.4817945755996,45.9986358228917,41.7712859453527,37.8478706436313,33.8781031280318,30.285739561355,26.92450651906,23.7886287040523,20.7790044271829,18.2464337133543,15.8092460377503,13.5515993398922,11.4641463506559,9.54388486297725,7.75973028425401,6.13704641658462,4.77201747983454,3.68809748033546,2.82721623796051,2.34501275249307,1.98120376335903,1.66528569677159,1.39331529763343,1.14297111944387,0.962405273594972,0.79221078019457,0.643471564633206,0.508893395811426,0.382957815444034
North America,Canada,Nova Scotia,Large Multi-Family - High Rise (>20 Units),MFH,NS.MFH.CO2,kgCO2/sqm,76.3639634587629,71.7035971651881,66.2600775855467,61.0601906292395,56.0818172276268,51.3989209224454,46.5368001022076,42.0835025306393,37.8465884376337,33.8260190181871,29.8856998604484,26.5468730044924,23.2622948518917,20.1617814350335,17.2384806781547,14.4950505149464,11.8899212213607,9.46963025249237,7.39852910612154,5.73060549551276,4.38658346972685,3.64552962476686,3.08607281273149,2.5931548311702,2.16290434151795,1.75797602336644,1.46807676349387,1.18795895796713,0.939165777755013,0.709215061340396,0.488245551044516
North America,Canada,Nova Scotia,Large Multi-Family - Low Rise (>20 Units),MFL,NS.MFL.CO2,kgCO2/sqm,62.6541494556323,58.8305585416724,54.3644306252089,50.0981907489215,46.0136913543245,42.1716157243051,38.1824955951711,34.5287939204156,31.0526237636664,27.7539532874131,24.521124024528,21.7817882673109,19.0869607817997,16.5431489475982,14.1447309888672,11.8938876035332,9.75651297047516,7.77078867870379,6.0715566814092,4.70311112134765,3.60041015703888,2.9924135812653,2.53340803352529,2.12899417484992,1.77599577100573,1.44377290684508,1.20592547035909,0.976103214214321,0.771981202469068,0.583318463414908,0.402024342179342
North America,Canada,Nova Scotia,Leisure,LEI,NS.LEI.CO2,kgCO2/sqm,59.6984409336775,56.0793109000912,51.2495670229424,46.7024284500933,42.4147494386206,38.4353424981486,34.4089218445141,30.7652911272509,27.3560894321911,24.1754590421228,21.122883973067,18.554170568849,16.0822014282699,13.792335521225,11.6750921823331,9.7274263595902,7.91780984758571,6.27196841898082,4.88745895283659,3.78807017107023,2.91490316544481,2.42581808287733,2.05681712197195,1.7363905420361,1.46053881319708,1.20662193629721,1.02347920861604,0.850855844484659,0.699993949628523,0.563495195899742,0.435762370280571
North America,Canada,New Brunswick,Office,OFF,NB.OFF.CO2,kgCO2/sqm,28.8306222939814,27.0966829525517,24.782733788001,22.6041819290664,20.5499381598676,18.6433887445084,16.7143148754594,14.9686371607397,13.3352753066271,11.8114228579155,10.3489222138979,9.11824158427222,7.93391150939978,6.83682780531159,5.82244824817622,4.88931394167952,4.0223195994077,3.23379053957036,2.57046664414503,2.04374518276052,1.62540745832347,1.39108488408599,1.21429508178502,1.06077745521885,0.928615813996634,0.806963246052462,0.719218849560455,0.636514321251276,0.564235797908341,0.49883871160583,0.43764141571492
North America,Canada,New Brunswick,Retail High Street,RHS,NB.RHS.CO2,kgCO2/sqm,43.3337918314091,40.7201821941944,37.2323094111082,33.9485243341811,30.8521119141598,27.9783228451025,25.0705821101305,22.4392789326499,19.9772722286278,17.6803317587483,15.475868380874,13.6208330419381,11.8356630400984,10.1820016499186,8.65300226512076,7.2464658552227,5.93962384856752,4.75105450200925,3.75120999519447,2.9572697144074,2.32669891987335,1.97349871060934,1.70701907085786,1.47561815694535,1.27640764772206,1.09303772446473,0.960778426343027,0.836115846133073,0.727168640969028,0.628593995984572,0.536349798918206
North America,Canada,New Brunswick,Enclosed Retail Mall,ERM,NB.ERM.CO2,kgCO2/sqm,37.386016482,35.1311375793049,32.1219924331129,29.2889229549797,26.6175083180986,24.1381608859708,21.6295218205047,19.3593779026784,17.2352936874435,15.2536195565672,13.3517295834991,11.7513069381427,10.2111602698888,8.78447201169443,7.46533528755516,6.25185289470194,5.12438135954845,4.09894898212562,3.23633803506974,2.55136994968482,2.00734808773387,1.70262633856492,1.47272233564208,1.27308233148226,1.10121444117197,0.943012938753887,0.828906877629278,0.721354847644219,0.627361180443867,0.542316388692572,0.462733159851001
North America,Canada,New Brunswick,Strip Shopping Center,SSC,NB.SSC.CO2,kgCO2/sqm,20.3923726265455,19.1624386796209,17.521086781698,15.9757761572617,14.5186409007811,13.1662695741659,11.7979209930026,10.5596606741882,9.40106928406012,8.32015612176391,7.28276159099954,6.40980378444146,5.56972378357573,4.79153018819697,4.07200106593918,3.41010157892833,2.79511710520825,2.2357903538867,1.76527529185622,1.39165633619172,1.09491713876393,0.928705275580865,0.803303092168406,0.694408544444869,0.600662422457438,0.514370693865757,0.452131024161424,0.39346628053321,0.342197007514837,0.295808939286857,0.252399905373273
North America,Canada,New Brunswick,Hotel,HOT,NB.HOT.CO2,kgCO2/sqm,39.5644531293514,37.1805979294926,33.9993333856157,31.004215821237,28.1799995560103,25.5588365031872,22.906706371661,20.5067130165988,18.2611337992965,16.1661103478512,14.1554346098155,12.4634697594881,10.8352285979455,9.32693552783463,7.93234580711588,6.64945371535752,5.45749219646796,4.37340634950682,3.46145511827372,2.73730770169603,2.16216845900827,1.84001700094183,1.5969627720957,1.38590360548263,1.20420508343993,1.03695464985165,0.916321862511187,0.802617988822533,0.703247999577634,0.613338750440165,0.52920345888691
North America,Canada,New Brunswick,Shipping/Distribution Warehouse,SDW,NB.SDW.CO2,kgCO2/sqm,27.18181038195,25.5479271428197,23.3675032572635,21.3146636435349,19.3789589834086,17.5824260483173,15.7646684218685,14.1197241664068,12.5806146410015,11.1446953355404,9.76658755957439,8.60692274003704,7.49093383967766,6.45715680192114,5.50131150969003,4.62202325155216,3.80505838408989,3.06203099919125,2.4369838773257,1.9406566143796,1.54645885905903,1.32565775174878,1.15906951655104,1.01441054782915,0.889875228000209,0.775242560632934,0.692561410646635,0.614629305770853,0.546521578460314,0.484898198308198,0.427232261762915
North America,Canada,New Brunswick,Refrigerated Warehouse Cool,RFW,NB.RFW.CO2,kgCO2/sqm,51.8709388182691,48.7332905608373,44.546086089225,40.6038896809729,36.886634856215,33.4366402065307,29.9458864534678,26.7869970340076,23.8313486714262,21.0738629474211,18.4273963222326,16.2004193797656,14.0573160388011,12.072089283665,10.2365197376185,8.54796745624787,6.97909868313985,5.55221668593397,4.35189957283463,3.39877126207005,2.64176863762088,2.21775045015246,1.89784063446999,1.62004296186901,1.38088999188201,1.16075370527614,1.00197591751018,0.852318018337622,0.721526486362968,0.603187252125965,0.492447744564337
North America,Canada,New Brunswick,Inpatient Healthcare,IHC,NB.IHC.CO2,kgCO2/sqm,87.5735895163822,82.2941049252367,75.2486110794906,68.6153738632607,62.3606289210302,56.5555825620572,50.6819539272582,45.366728431325,40.3934813663831,35.7536676601442,31.3006574364619,27.5534909321406,23.9474522249481,20.6070605673283,17.5184858326126,14.6772859850121,12.0374685696806,9.6365616165866,7.61687834326679,6.01312106481878,4.73936971880039,4.02590622530566,3.48761805407701,3.02018881675601,2.61778411221895,2.24737734965886,1.98021391540806,1.72839583135314,1.50832276354608,1.30920224001309,1.12286920462015
North America,Canada,New Brunswick,Outpatient Healthcare,OHC,NB.OHC.CO2,kgCO2/sqm,29.867227985054,28.0666443753366,25.6637581613505,23.4014732726053,21.2682742772276,19.2884462945592,17.2852281268002,15.4724549773187,13.7763145686076,12.1938925788536,10.675180461365,9.39719840192704,8.16734838909298,7.02809807688738,5.97473066029457,5.00573117005999,4.10541374538857,3.28657743029674,2.59775856247405,2.05079246764319,1.61637585804785,1.37304705381705,1.18946230388812,1.030044199925,0.892802902416937,0.766474596295393,0.675357728252136,0.589474436625489,0.514417875328158,0.446507240332996,0.382957815444034
North America,Canada,New Brunswick,Large Multi-Family - High Rise (>20 Units),MFH,NB.MFH.CO2,kgCO2/sqm,35.9486373398659,33.770622828681,31.2266029191894,28.7964443149243,26.4698097055893,24.2812658305895,22.0089616736797,19.9277203886605,17.947605565941,16.0685990700666,14.2270974018208,12.6667021700916,11.131659980522,9.68264014202764,8.31644034828653,7.03430278023146,5.81679989579827,4.68568089797347,3.7177551885402,2.93825383636919,2.3101273563649,1.96379706251709,1.70233584289703,1.47197143610253,1.27089457843172,1.08165199590348,0.946168054296844,0.815255459267646,0.698982376284253,0.591515287721088,0.488245551044516
North America,Canada,New Brunswick,Large Multi-Family - Low Rise (>20 Units),MFL,NB.MFL.CO2,kgCO2/sqm,29.6562495221414,27.859424283016,25.7606507630338,23.7558108995722,21.8363765859774,20.0308647992843,18.1562521926476,16.4392632330112,14.8057018992564,13.2555532299389,11.7363454108893,10.4490456610558,9.18266174342056,7.98724481464004,6.86015302600618,5.80241115583891,4.79799180958426,3.86483771290192,3.06631532685875,2.42323985774663,1.90504610520791,1.61932945370548,1.40362835710892,1.21358160664016,1.04769659025871,0.89157465128273,0.779802684418035,0.671802001383149,0.575878668888078,0.487220133275033,0.402024342179342
North America,Canada,New Brunswick,Leisure,LEI,NB.LEI.CO2,kgCO2/sqm,30.3175085970942,28.4926514045565,26.0573719947155,23.7645893499574,21.6026327994144,19.5961148489778,17.5658913914675,15.7286803325544,14.0096743348957,12.4059197888429,10.8667339848425,9.5715235094647,8.32509394654373,7.17048545454739,6.10291764143381,5.12085511471926,4.20840055325824,3.37852554437661,2.68042074184588,2.12608102285722,1.68580806341254,1.43919895503471,1.25313930774034,1.0915720958276,0.952480654853038,0.824449322787776,0.732104112538786,0.645063032303533,0.568994637039137,0.500168501972758,0.435762370280571
North America,Canada,British Columbia,Office,OFF,BC.OFF.CO2,kgCO2/sqm,20.8648628820837,19.617386856636,17.9526249829583,16.3852741828002,14.9073563622218,13.5356966794609,12.1478318646674,10.8919107114651,9.71679477447608,8.62046496023924,7.56827446716839,6.68286599654959,5.83080425521905,5.04151158156012,4.31172009001503,3.64038018321204,3.01662442063088,2.44932020530299,1.9720943664986,1.59314662624823,1.2921751508878,1.12359267132918,0.996401924430125,0.885954255328253,0.790871068177888,0.703348593591563,0.640221223229859,0.580719766750651,0.528719259656364,0.481669576113654,0.43764141571492
North America,Canada,British Columbia,Retail High Street,RHS,BC.RHS.CO2,kgCO2/sqm,24.0861644297282,22.6479938393696,20.728749286502,18.9218064839311,17.2179677718726,15.6366302748098,14.0366104593484,12.5887037825876,11.2339545558577,9.97003503836408,8.75700216901791,7.73624634131266,6.75393476774032,5.84398741221149,5.00263684608947,4.22867302602197,3.50956726766564,2.85554248351941,2.30536584498934,1.8684905189763,1.52151124597195,1.32715852158678,1.18052484861474,1.05319367251541,0.94357565933705,0.84267412185036,0.769896829422401,0.701299723709538,0.641350194851943,0.587108293784129,0.536349798918206
North America,Canada,British Columbia,Enclosed Retail Mall,ERM,BC.ERM.CO2,kgCO2/sqm,20.7802202923145,19.5394456653385,17.8836268354135,16.3246957900582,14.8547172933802,13.4904261194438,12.1100168668888,10.8608424790952,9.69203922466153,8.60159885662783,7.55506069483898,6.67440860819131,5.82692411334459,5.04187149288834,4.31600041623405,3.64826692441111,3.02786195641741,2.4636052798991,1.98894308195158,1.61203103597955,1.31267636907383,1.14499950881997,1.01849202625585,0.90863767824859,0.814065274722161,0.727012967870899,0.66422471558011,0.60504289888666,0.553321736735009,0.506524802480425,0.462733159851001
North America,Canada,British Columbia,Strip Shopping Center,SSC,BC.SSC.CO2,kgCO2/sqm,11.3346656139897,10.657879453821,9.75470554658915,8.90437952184992,8.10257306911649,7.35841424696932,6.6054637455757,5.92409589768826,5.28656684981538,4.69178119452427,4.12094219718489,3.64058651355889,3.1783222436425,2.75011172339364,2.35418204521857,1.98996377695151,1.65156106713677,1.34378469812678,1.08487804470086,0.879289655988845,0.716005292222091,0.624545186629073,0.555541105230464,0.495620551771958,0.444035604393906,0.396552527929581,0.362304390316424,0.330023399392723,0.301811856400914,0.276286255898414,0.252399905373273
North America,Canada,British Columbia,Hotel,HOT,BC.HOT.CO2,kgCO2/sqm,25.7278561420542,24.1889921733255,22.1353718939328,20.201916161302,18.3787833423656,16.68672864945,14.9746835973735,13.4254018710706,11.9758000048846,10.6233872814685,9.32542403007505,8.23320007927537,7.18211205343924,6.20845481955429,5.30819717282284,4.48004434882129,3.71059046855253,3.01077420077084,2.42207699673535,1.95461388593678,1.58334089182771,1.37538057975791,1.21848036398952,1.08223410759358,0.964941199551473,0.85697505042526,0.779102262725514,0.705702337119837,0.641555447648117,0.583515804988071,0.52920345888691
North America,Canada,British Columbia,Shipping/Distribution Warehouse,SDW,BC.SDW.CO2,kgCO2/sqm,19.0846994442358,17.9453010662414,16.4247692564742,14.9932091118154,13.6433337368785,12.390510607763,11.1228863115096,9.97577446674771,8.90246711233972,7.90112008313328,6.94008827435302,6.13138898498313,5.35314736252418,4.6322366806479,3.96567217377319,3.35249517855223,2.78277977749308,2.26462512795424,1.82874472979141,1.48262790527694,1.20773171180086,1.05375472158301,0.937583406257996,0.836704597799319,0.749859137843661,0.669919352591338,0.612261151607987,0.557914726011246,0.510419389644481,0.467445952063208,0.427232261762915
North America,Canada,British Columbia,Refrigerated Warehouse Cool,RFW,BC.RFW.CO2,kgCO2/sqm,29.469129415793,27.6995438781122,25.3380247184273,23.1146863521154,21.0182115920192,19.0724674753239,17.103735848892,15.3221706213146,13.6552302354682,12.1000505412488,10.6074839175695,9.35150304692737,8.14282560230197,7.0231881328741,5.98795503611205,5.03563742381954,4.15081947622613,3.34607989451812,2.66911943569669,2.13156967361355,1.70463179329548,1.46549203297325,1.28506779904169,1.12839416850593,0.993515558075324,0.869362065671007,0.779813826390179,0.695409064528116,0.621644644668353,0.554903129920802,0.492447744564337
North America,Canada,British Columbia,Inpatient Healthcare,IHC,BC.IHC.CO2,kgCO2/sqm,50.7514629238931,47.72067966522,43.6760869728605,39.868157626978,36.2775085909004,32.9450171294983,29.5731547768989,26.5218538078299,23.6668717190574,21.0033030578635,18.4469723017758,16.2958438511302,14.2257323553573,12.3081203349898,10.5350683566136,8.90402638954465,7.38859163635702,6.01030773885818,4.85087216386549,3.93020640064923,3.19898648920191,2.78940991512026,2.4803958912063,2.21205971508358,1.98105204365904,1.76841336738575,1.61504338403265,1.47048267546181,1.34414576547005,1.22983704105514,1.12286920462015
North America,Canada,British Columbia,Outpatient Healthcare,OHC,BC.OHC.CO2,kgCO2/sqm,17.308934372724,16.2752769075,14.8958567796224,13.5971513759439,12.3725500553051,11.2359941280489,10.0860106435822,9.0453555534177,8.07165558965563,7.16323773334703,6.29139367717761,5.55774504846007,4.85172748836948,4.19772031890794,3.5930157731658,3.0367441557448,2.51990071561766,2.04983297462337,1.65440409197136,1.34040834964919,1.09102366731499,0.951336382792462,0.845946249148454,0.754429414071186,0.675643574335311,0.603122533942116,0.550815254039948,0.501512402981658,0.458424831551855,0.419439507875678,0.382957815444034
North America,Canada,British Columbia,Large Multi-Family - High Rise (>20 Units),MFH,BC.MFH.CO2,kgCO2/sqm,17.802759444748,16.7392838142704,15.4970959577155,14.3105040224647,13.1744605317777,12.1058436491348,10.9963284996734,9.98010506479939,9.01325941308517,8.09578268939507,7.19661873176019,6.43471274154036,5.68518607310966,4.97766218913012,4.31057747525614,3.68453846057366,3.09005911207452,2.53775907771779,2.06514266547222,1.68452964030592,1.37782956970867,1.2087242558038,1.08105860713482,0.968576834631806,0.870395515412962,0.777992607290031,0.711838837661878,0.647917154027001,0.591143615743244,0.538669847006448,0.488245551044516
North America,Canada,British Columbia,Large Multi-Family - Low Rise (>20 Units),MFL,BC.MFL.CO2,kgCO2/sqm,14.4328906515182,13.5711001048083,12.5644895898724,11.602931390234,10.6823352685478,9.8163784933064,8.91727968950227,8.09378009588561,7.31029393137359,6.56681402018143,5.83817391181899,5.22076119352452,4.6133800943728,4.04003607283541,3.49946204951425,2.99214952700477,2.5104114710789,2.06285354411216,1.67986747031725,1.37143660679509,1.12290131934589,0.985866340127628,0.882412113242235,0.791262184233761,0.711700668820089,0.63682170551645,0.583213807355997,0.531414686522754,0.485408085906769,0.442885815953762,0.402024342179342
North America,Canada,British Columbia,Leisure,LEI,BC.LEI.CO2,kgCO2/sqm,21.804678031109,20.4996934045613,18.758186066789,17.1185804496152,15.5725306692487,14.1376375231333,12.6857921889658,11.3719731145696,10.1426843740252,8.99581379373365,7.89511735576854,6.96889158565163,6.07754982787572,5.25187078959359,4.48843593583766,3.7861472828341,3.13363640143512,2.54017948164146,2.04095354837546,1.6445363305662,1.32969008072841,1.15333595476407,1.02028171888581,0.904742416105021,0.805275897355806,0.71371863975514,0.647681099829799,0.585436628289995,0.531038899639156,0.481820227332298,0.435762370280571
North America,Canada,Territories,Office,OFF,TERR.OFF.CO2,kgCO2/sqm,28.6035509603721,26.8834787053306,24.588035224454,22.4269062165425,20.389091151122,18.49778926191,16.584143057112,14.8524263057879,13.2321271750318,11.7204616541119,10.269657280136,9.04881895248677,7.87396049352842,6.78565065720834,5.77938354588527,4.85371193068968,3.99365132892137,3.21142848772218,2.55340948938374,2.03090045448554,1.61590836344269,1.38345977135787,1.20808383596821,1.05579395834274,0.924689272719978,0.804009614628367,0.716966949216081,0.634923845912582,0.563223366162786,0.498349289531733,0.43764141571492
North America,Canada,Territories,Retail High Street,RHS,TERR.RHS.CO2,kgCO2/sqm,33.0196194242532,31.0358890303533,28.3885926815238,25.8961989547096,23.5460211231834,21.3648144728968,19.157838499357,17.160678703797,15.2920149755905,13.5486365619977,11.8754482852706,10.4674759809111,9.11253148556498,7.85740206064657,6.69689113021171,5.62932962955279,4.63743620686489,3.73531176392856,2.97642952340545,2.37382864395006,1.89522524701897,1.62714619639399,1.42488808056693,1.2492547267683,1.09805389849478,0.95887607908626,0.858491237438869,0.763872306660819,0.6811813496269,0.606363168465024,0.536349798918206
North America,Canada,Territories,Enclosed Retail Mall,ERM,TERR.ERM.CO2,kgCO2/sqm,28.487514797395,26.7760611242264,24.4921191762167,22.341818706024,20.3142143023543,18.432388957009,16.5283312543472,14.8052914307268,13.193110959333,11.6890197789784,10.2454847951355,9.03076359137428,7.8617918698992,6.77893511114606,5.77770999469246,4.85667654314358,4.00092535494226,3.22262191397758,2.56789998097725,2.04800902615299,1.63509629154578,1.40381240473207,1.22931520676363,1.07778839172167,0.947340618309222,0.827265636858734,0.740659106810005,0.65902708809953,0.587685870266345,0.523136851224727,0.462733159851001
North America,Canada,Territories,Strip Shopping Center,SSC,TERR.SSC.CO2,kgCO2/sqm,15.5386444349427,14.605124249578,13.3593377324818,12.1864465669222,11.0804805285569,10.0540303401867,9.01545341146212,8.07561350766917,7.19624234145437,6.37582897035183,5.58844625189206,4.92587104984051,4.28825011085411,3.69760096971603,3.15147817892316,2.64909629626013,2.1823229208776,1.7577937712605,1.40067271689668,1.11709583244708,0.891870704479514,0.765715857126584,0.670535567325616,0.587884577302727,0.516731246350484,0.451235801922945,0.403995876441821,0.359469320781561,0.320555929236188,0.285347373395305,0.252399905373273
North America,Canada,Territories,Hotel,HOT,TERR.HOT.CO2,kgCO2/sqm,35.2702075455421,33.1485988985003,30.3173034552134,27.6516770682295,25.1381512258143,22.8053408275549,20.4449700212831,18.3089985683005,16.310454241729,14.4459031269613,12.6564206816911,11.1505879208935,9.70146864217108,8.35910203365816,7.11793033383025,5.97616847041793,4.91533395934241,3.95050777896682,3.1388797832819,2.4943954115654,1.98252690939646,1.69581514975127,1.47949917818951,1.29165851028727,1.12994853916851,0.981097230522165,0.873735187410895,0.772539812106944,0.684101458782923,0.604083074935457,0.52920345888691
North America,Canada,Territories,Shipping/Distribution Warehouse,SDW,TERR.SDW.CO2,kgCO2/sqm,26.1631325449701,24.5914592437592,22.4940547755699,20.5193768210529,18.65737391871,16.9292437921459,15.180697102186,13.5983839317139,12.1178758447306,10.7366290205769,9.41099255782094,8.29548185817593,7.22198412153458,6.22756803920074,5.30811645911875,4.46230701185422,3.67644799851294,2.96171130561717,2.36046278925579,1.88303313629556,1.5038444203599,1.29145029272195,1.1312048876124,0.992053794391121,0.872260144180781,0.761992103948209,0.682459030326587,0.607494182406587,0.541979649876644,0.482702573647496,0.427232261762915
North America,Canada,Territories,Refrigerated Warehouse Cool,RFW,TERR.RFW.CO2,kgCO2/sqm,48.9066159739467,45.9499968244661,42.004376440079,38.2896281842653,34.7868433286506,31.5358988600659,28.2465469169406,25.2699121311435,22.4847922480461,19.8864018527231,17.3926252211455,15.2941354819104,13.2746801901315,11.4039926691853,9.67432776580099,8.0831978492546,6.60484620591586,5.26028929868589,4.12922543464923,3.23108861869357,2.51776186182968,2.11820774041796,1.81675537560516,1.55498546033574,1.32963061087358,1.12219526214294,0.972578284934279,0.831555017104122,0.708309606433813,0.596798048294287,0.492447744564337
North America,Canada,Territories,Inpatient Healthcare,IHC,TERR.IHC.CO2,kgCO2/sqm,69.5749626662314,65.3946415380909,59.8159858429965,54.5637569171881,49.611219982619,45.0147565352307,40.3639893141119,36.1553683667667,32.2175275752798,28.5437009105791,25.0177861360375,22.0507617914743,19.1954831110797,16.5505450339742,14.1049967997721,11.8553211833087,9.76510113905446,7.86405154047222,6.26485667327421,4.99499399638537,3.98643159378106,3.42150779023117,2.99528864395517,2.62517594015815,2.3065499721497,2.01326012750596,1.80171884358247,1.60232808127432,1.42807317452992,1.27040859246685,1.12286920462015
North America,Canada,Territories,Outpatient Healthcare,OHC,TERR.OHC.CO2,kgCO2/sqm,23.7287438310979,22.3030331245435,20.4004163377286,18.6091283521257,16.920051193749,15.3524139361437,13.76625621821,12.3308937758207,10.9878816949217,9.73491240157493,8.53238888953587,7.52047658782878,6.54667547062944,5.64461162933305,4.81055027518819,4.04329184829957,3.33041620913221,2.68205770190065,2.13664763072621,1.70355726307313,1.35958411566547,1.16691520568945,1.02155192340628,0.895323906883073,0.78665559168644,0.686628235219145,0.614481463685794,0.546478662968607,0.487048519063455,0.433276553752326,0.382957815444034
North America,Canada,Territories,Large Multi-Family - High Rise (>20 Units),MFH,TERR.MFH.CO2,kgCO2/sqm,32.8927651520206,30.9024455204944,28.5776617585626,26.3569270697198,24.2307949826437,22.2308533768833,20.1543697037623,18.2524836666196,16.4430093109182,14.7259300640635,13.0431235891866,11.6171986255549,10.2144418535355,8.89029427957956,7.64182956269819,6.47018283632768,5.35760076679461,4.3239582747902,3.4394455539379,2.72711933385999,2.1531229450325,1.83663837649649,1.59770911518066,1.38719683489353,1.20344818895357,1.03051397515819,0.906705640846623,0.787074707920056,0.680821696982115,0.582615805785428,0.488245551044516
North America,Canada,Territories,Large Multi-Family - Low Rise (>20 Units),MFL,TERR.MFL.CO2,kgCO2/sqm,27.768058061572,26.0872075253069,24.1238977277005,22.2484587110127,20.4529128086733,18.7639363913711,17.0103192133931,15.404151985371,13.8760276112942,12.4259320953934,11.0047803763811,9.80056839865151,8.61592225682031,7.49766259413923,6.44331807799284,5.4538473431727,4.51425747097733,3.64133308764107,2.89435071474557,2.2927820571046,1.80803472170546,1.5407594316881,1.33898059644434,1.16120026729204,1.00602217168668,0.85997700316586,0.755419271922401,0.654389409894999,0.564657375107263,0.481721236475212,0.402024342179342
North America,Canada,Territories,Leisure,LEI,TERR.LEI.CO2,kgCO2/sqm,29.8919395139129,28.0930715255024,25.6924748151887,23.432345463202,21.3011790097339,19.3232374349239,17.3219279615196,15.5108820477095,13.8163577453591,12.235443509462,10.7181784421709,9.44141406195601,8.21273586745627,7.07457104892007,6.02220729556966,5.05413108163444,4.15467149202741,3.33661537565642,2.64845282410802,2.1020078862406,1.66800519488127,1.42490823774653,1.24149840994113,1.08223220178246,0.945121669706742,0.818913730966352,0.727883680352397,0.642082219530067,0.56709717317661,0.499251244386556,0.435762370280571
