ZIP Code,Country,NUTS 0,NUTS 1,NUTS 2,NUTS 3,NUTS 3 Name,CDD_2015,CDD_45_pa,CDD_85_pa,HDD_2015,HDD_45_pa,HDD_85_pa
,Cyprus,CY,,,,Cyprus,579.495416666774,2.58694444445,4.02636904761667,552.708065476299,-2.78835317459998,-3.9382936508
CY1010,Cyprus,CY,CY0,CY00,CY000,Κύπρος,579.495416666774,2.58694444445,4.02636904761667,552.708065476299,-2.78835317459998,-3.9382936508
CY1011,Cyprus,CY,CY0,CY00,CY000,Κύπρος,579.495416666774,2.58694444445,4.02636904761667,552.708065476299,-2.78835317459998,-3.9382936508
CY1015,Cyprus,CY,CY0,CY00,CY000,Κύπρος,579.495416666774,2.58694444445,4.02636904761667,552.708065476299,-2.78835317459998,-3.9382936508
CY1016,Cyprus,CY,CY0,CY00,CY000,Κύπρος,579.495416666774,2.58694444445,4.02636904761667,552.708065476299,-2.78835317459998,-3.9382936508
CY1017,Cyprus,CY,CY0,CY00,CY000,Κύπρος,579.495416666774,2.58694444445,4.02636904761667,552.708065476299,-2.78835317459998,-3.9382936508
CY1020,Cyprus,CY,CY0,CY00,CY000,Κύπρος,579.495416666774,2.58694444445,4.02636904761667,552.708065476299,-2.78835317459998,-3.9382936508
CY1021,Cyprus,CY,CY0,CY00,CY000,Κύπρος,579.495416666774,2.58694444445,4.02636904761667,552.708065476299,-2.78835317459998,-3.9382936508
CY1022,Cyprus,CY,CY0,CY00,CY000,Κύπρος,579.495416666774,2.58694444445,4.02636904761667,552.708065476299,-2.78835317459998,-3.9382936508
CY1025,Cyprus,CY,CY0,CY00,CY000,Κύπρος,579.495416666774,2.58694444445,4.02636904761667,552.708065476299,-2.78835317459998,-3.9382936508
CY1026,Cyprus,CY,CY0,CY00,CY000,Κύπρος,579.495416666774,2.58694444445,4.02636904761667,552.708065476299,-2.78835317459998,-3.9382936508
CY1027,Cyprus,CY,CY0,CY00,CY000,Κύπρος,579.495416666774,2.58694444445,4.02636904761667,552.708065476299,-2.78835317459998,-3.9382936508
CY1028,Cyprus,CY,CY0,CY00,CY000,Κύπρος,579.495416666774,2.58694444445,4.02636904761667,552.708065476299,-2.78835317459998,-3.9382936508
CY1035,Cyprus,CY,CY0,CY00,CY000,Κύπρος,579.495416666774,2.58694444445,4.02636904761667,552.708065476299,-2.78835317459998,-3.9382936508
CY1036,Cyprus,CY,CY0,CY00,CY000,Κύπρος,579.495416666774,2.58694444445,4.02636904761667,552.708065476299,-2.78835317459998,-3.9382936508
CY1037,Cyprus,CY,CY0,CY00,CY000,Κύπρος,579.495416666774,2.58694444445,4.02636904761667,552.708065476299,-2.78835317459998,-3.9382936508
CY1040,Cyprus,CY,CY0,CY00,CY000,Κύπρος,579.495416666774,2.58694444445,4.02636904761667,552.708065476299,-2.78835317459998,-3.9382936508
CY1041,Cyprus,CY,CY0,CY00,CY000,Κύπρος,579.495416666774,2.58694444445,4.02636904761667,552.708065476299,-2.78835317459998,-3.9382936508
CY1042,Cyprus,CY,CY0,CY00,CY000,Κύπρος,579.495416666774,2.58694444445,4.02636904761667,552.708065476299,-2.78835317459998,-3.9382936508
CY1045,Cyprus,CY,CY0,CY00,CY000,Κύπρος,579.495416666774,2.58694444445,4.02636904761667,552.708065476299,-2.78835317459998,-3.9382936508
CY1046,Cyprus,CY,CY0,CY00,CY000,Κύπρος,579.495416666774,2.58694444445,4.02636904761667,552.708065476299,-2.78835317459998,-3.9382936508
CY1047,Cyprus,CY,CY0,CY00,CY000,Κύπρος,579.495416666774,2.58694444445,4.02636904761667,552.708065476299,-2.78835317459998,-3.9382936508
CY1048,Cyprus,CY,CY0,CY00,CY000,Κύπρος,579.495416666774,2.58694444445,4.02636904761667,552.708065476299,-2.78835317459998,-3.9382936508
CY1049,Cyprus,CY,CY0,CY00,CY000,Κύπρος,579.495416666774,2.58694444445,4.02636904761667,552.708065476299,-2.78835317459998,-3.9382936508
CY1055,Cyprus,CY,CY0,CY00,CY000,Κύπρος,579.495416666774,2.58694444445,4.02636904761667,552.708065476299,-2.78835317459998,-3.9382936508
CY1056,Cyprus,CY,CY0,CY00,CY000,Κύπρος,579.495416666774,2.58694444445,4.02636904761667,552.708065476299,-2.78835317459998,-3.9382936508
CY1057,Cyprus,CY,CY0,CY00,CY000,Κύπρος,579.495416666774,2.58694444445,4.02636904761667,552.708065476299,-2.78835317459998,-3.9382936508
CY1060,Cyprus,CY,CY0,CY00,CY000,Κύπρος,579.495416666774,2.58694444445,4.02636904761667,552.708065476299,-2.78835317459998,-3.9382936508
CY1061,Cyprus,CY,CY0,CY00,CY000,Κύπρος,579.495416666774,2.58694444445,4.02636904761667,552.708065476299,-2.78835317459998,-3.9382936508
CY1066,Cyprus,CY,CY0,CY00,CY000,Κύπρος,579.495416666774,2.58694444445,4.02636904761667,552.708065476299,-2.78835317459998,-3.9382936508
CY1070,Cyprus,CY,CY0,CY00,CY000,Κύπρος,579.495416666774,2.58694444445,4.02636904761667,552.708065476299,-2.78835317459998,-3.9382936508
CY1071,Cyprus,CY,CY0,CY00,CY000,Κύπρος,579.495416666774,2.58694444445,4.02636904761667,552.708065476299,-2.78835317459998,-3.9382936508
CY1075,Cyprus,CY,CY0,CY00,CY000,Κύπρος,579.495416666774,2.58694444445,4.02636904761667,552.708065476299,-2.78835317459998,-3.9382936508
CY1076,Cyprus,CY,CY0,CY00,CY000,Κύπρος,579.495416666774,2.58694444445,4.02636904761667,552.708065476299,-2.78835317459998,-3.9382936508
CY1077,Cyprus,CY,CY0,CY00,CY000,Κύπρος,579.495416666774,2.58694444445,4.02636904761667,552.708065476299,-2.78835317459998,-3.9382936508
CY1080,Cyprus,CY,CY0,CY00,CY000,Κύπρος,579.495416666774,2.58694444445,4.02636904761667,552.708065476299,-2.78835317459998,-3.9382936508
CY1081,Cyprus,CY,CY0,CY00,CY000,Κύπρος,579.495416666774,2.58694444445,4.02636904761667,552.708065476299,-2.78835317459998,-3.9382936508
CY1082,Cyprus,CY,CY0,CY00,CY000,Κύπρος,579.495416666774,2.58694444445,4.02636904761667,552.708065476299,-2.78835317459998,-3.9382936508
CY1085,Cyprus,CY,CY0,CY00,CY000,Κύπρος,579.495416666774,2.58694444445,4.02636904761667,552.708065476299,-2.78835317459998,-3.9382936508
CY1086,Cyprus,CY,CY0,CY00,CY000,Κύπρος,579.495416666774,2.58694444445,4.02636904761667,552.708065476299,-2.78835317459998,-3.9382936508
CY1087,Cyprus,CY,CY0,CY00,CY000,Κύπρος,579.495416666774,2.58694444445,4.02636904761667,552.708065476299,-2.78835317459998,-3.9382936508
CY1090,Cyprus,CY,CY0,CY00,CY000,Κύπρος,579.495416666774,2.58694444445,4.02636904761667,552.708065476299,-2.78835317459998,-3.9382936508
CY1095,Cyprus,CY,CY0,CY00,CY000,Κύπρος,579.495416666774,2.58694444445,4.02636904761667,552.708065476299,-2.78835317459998,-3.9382936508
CY1096,Cyprus,CY,CY0,CY00,CY000,Κύπρος,579.495416666774,2.58694444445,4.02636904761667,552.708065476299,-2.78835317459998,-3.9382936508
CY1097,Cyprus,CY,CY0,CY00,CY000,Κύπρος,579.495416666774,2.58694444445,4.02636904761667,552.708065476299,-2.78835317459998,-3.9382936508
CY1100,Cyprus,CY,CY0,CY00,CY000,Κύπρος,579.495416666774,2.58694444445,4.02636904761667,552.708065476299,-2.78835317459998,-3.9382936508
CY1101,Cyprus,CY,CY0,CY00,CY000,Κύπρος,579.495416666774,2.58694444445,4.02636904761667,552.708065476299,-2.78835317459998,-3.9382936508
CY1102,Cyprus,CY,CY0,CY00,CY000,Κύπρος,579.495416666774,2.58694444445,4.02636904761667,552.708065476299,-2.78835317459998,-3.9382936508
CY1105,Cyprus,CY,CY0,CY00,CY000,Κύπρος,579.495416666774,2.58694444445,4.02636904761667,552.708065476299,-2.78835317459998,-3.9382936508
CY1106,Cyprus,CY,CY0,CY00,CY000,Κύπρος,579.495416666774,2.58694444445,4.02636904761667,552.708065476299,-2.78835317459998,-3.9382936508
CY1107,Cyprus,CY,CY0,CY00,CY000,Κύπρος,579.495416666774,2.58694444445,4.02636904761667,552.708065476299,-2.78835317459998,-3.9382936508
CY1120,Cyprus,CY,CY0,CY00,CY000,Κύπρος,579.495416666774,2.58694444445,4.02636904761667,552.708065476299,-2.78835317459998,-3.9382936508
CY1130,Cyprus,CY,CY0,CY00,CY000,Κύπρος,579.495416666774,2.58694444445,4.02636904761667,552.708065476299,-2.78835317459998,-3.9382936508
CY1140,Cyprus,CY,CY0,CY00,CY000,Κύπρος,579.495416666774,2.58694444445,4.02636904761667,552.708065476299,-2.78835317459998,-3.9382936508
CY1150,Cyprus,CY,CY0,CY00,CY000,Κύπρος,579.495416666774,2.58694444445,4.02636904761667,552.708065476299,-2.78835317459998,-3.9382936508
CY1160,Cyprus,CY,CY0,CY00,CY000,Κύπρος,579.495416666774,2.58694444445,4.02636904761667,552.708065476299,-2.78835317459998,-3.9382936508
CY2000,Cyprus,CY,CY0,CY00,CY000,Κύπρος,579.495416666774,2.58694444445,4.02636904761667,552.708065476299,-2.78835317459998,-3.9382936508
CY2001,Cyprus,CY,CY0,CY00,CY000,Κύπρος,579.495416666774,2.58694444445,4.02636904761667,552.708065476299,-2.78835317459998,-3.9382936508
CY2002,Cyprus,CY,CY0,CY00,CY000,Κύπρος,579.495416666774,2.58694444445,4.02636904761667,552.708065476299,-2.78835317459998,-3.9382936508
CY2003,Cyprus,CY,CY0,CY00,CY000,Κύπρος,579.495416666774,2.58694444445,4.02636904761667,552.708065476299,-2.78835317459998,-3.9382936508
CY2006,Cyprus,CY,CY0,CY00,CY000,Κύπρος,579.495416666774,2.58694444445,4.02636904761667,552.708065476299,-2.78835317459998,-3.9382936508
CY2007,Cyprus,CY,CY0,CY00,CY000,Κύπρος,579.495416666774,2.58694444445,4.02636904761667,552.708065476299,-2.78835317459998,-3.9382936508
CY2008,Cyprus,CY,CY0,CY00,CY000,Κύπρος,579.495416666774,2.58694444445,4.02636904761667,552.708065476299,-2.78835317459998,-3.9382936508
CY2011,Cyprus,CY,CY0,CY00,CY000,Κύπρος,579.495416666774,2.58694444445,4.02636904761667,552.708065476299,-2.78835317459998,-3.9382936508
CY2012,Cyprus,CY,CY0,CY00,CY000,Κύπρος,579.495416666774,2.58694444445,4.02636904761667,552.708065476299,-2.78835317459998,-3.9382936508
CY2013,Cyprus,CY,CY0,CY00,CY000,Κύπρος,579.495416666774,2.58694444445,4.02636904761667,552.708065476299,-2.78835317459998,-3.9382936508
CY2014,Cyprus,CY,CY0,CY00,CY000,Κύπρος,579.495416666774,2.58694444445,4.02636904761667,552.708065476299,-2.78835317459998,-3.9382936508
CY2015,Cyprus,CY,CY0,CY00,CY000,Κύπρος,579.495416666774,2.58694444445,4.02636904761667,552.708065476299,-2.78835317459998,-3.9382936508
CY2018,Cyprus,CY,CY0,CY00,CY000,Κύπρος,579.495416666774,2.58694444445,4.02636904761667,552.708065476299,-2.78835317459998,-3.9382936508
CY2019,Cyprus,CY,CY0,CY00,CY000,Κύπρος,579.495416666774,2.58694444445,4.02636904761667,552.708065476299,-2.78835317459998,-3.9382936508
CY2020,Cyprus,CY,CY0,CY00,CY000,Κύπρος,579.495416666774,2.58694444445,4.02636904761667,552.708065476299,-2.78835317459998,-3.9382936508
CY2021,Cyprus,CY,CY0,CY00,CY000,Κύπρος,579.495416666774,2.58694444445,4.02636904761667,552.708065476299,-2.78835317459998,-3.9382936508
CY2023,Cyprus,CY,CY0,CY00,CY000,Κύπρος,579.495416666774,2.58694444445,4.02636904761667,552.708065476299,-2.78835317459998,-3.9382936508
CY2024,Cyprus,CY,CY0,CY00,CY000,Κύπρος,579.495416666774,2.58694444445,4.02636904761667,552.708065476299,-2.78835317459998,-3.9382936508
CY2025,Cyprus,CY,CY0,CY00,CY000,Κύπρος,579.495416666774,2.58694444445,4.02636904761667,552.708065476299,-2.78835317459998,-3.9382936508
CY2027,Cyprus,CY,CY0,CY00,CY000,Κύπρος,579.495416666774,2.58694444445,4.02636904761667,552.708065476299,-2.78835317459998,-3.9382936508
CY2028,Cyprus,CY,CY0,CY00,CY000,Κύπρος,579.495416666774,2.58694444445,4.02636904761667,552.708065476299,-2.78835317459998,-3.9382936508
CY2029,Cyprus,CY,CY0,CY00,CY000,Κύπρος,579.495416666774,2.58694444445,4.02636904761667,552.708065476299,-2.78835317459998,-3.9382936508
CY2030,Cyprus,CY,CY0,CY00,CY000,Κύπρος,579.495416666774,2.58694444445,4.02636904761667,552.708065476299,-2.78835317459998,-3.9382936508
CY2031,Cyprus,CY,CY0,CY00,CY000,Κύπρος,579.495416666774,2.58694444445,4.02636904761667,552.708065476299,-2.78835317459998,-3.9382936508
CY2032,Cyprus,CY,CY0,CY00,CY000,Κύπρος,579.495416666774,2.58694444445,4.02636904761667,552.708065476299,-2.78835317459998,-3.9382936508
CY2033,Cyprus,CY,CY0,CY00,CY000,Κύπρος,579.495416666774,2.58694444445,4.02636904761667,552.708065476299,-2.78835317459998,-3.9382936508
CY2034,Cyprus,CY,CY0,CY00,CY000,Κύπρος,579.495416666774,2.58694444445,4.02636904761667,552.708065476299,-2.78835317459998,-3.9382936508
CY2035,Cyprus,CY,CY0,CY00,CY000,Κύπρος,579.495416666774,2.58694444445,4.02636904761667,552.708065476299,-2.78835317459998,-3.9382936508
CY2036,Cyprus,CY,CY0,CY00,CY000,Κύπρος,579.495416666774,2.58694444445,4.02636904761667,552.708065476299,-2.78835317459998,-3.9382936508
CY2037,Cyprus,CY,CY0,CY00,CY000,Κύπρος,579.495416666774,2.58694444445,4.02636904761667,552.708065476299,-2.78835317459998,-3.9382936508
CY2038,Cyprus,CY,CY0,CY00,CY000,Κύπρος,579.495416666774,2.58694444445,4.02636904761667,552.708065476299,-2.78835317459998,-3.9382936508
CY2039,Cyprus,CY,CY0,CY00,CY000,Κύπρος,579.495416666774,2.58694444445,4.02636904761667,552.708065476299,-2.78835317459998,-3.9382936508
CY2040,Cyprus,CY,CY0,CY00,CY000,Κύπρος,579.495416666774,2.58694444445,4.02636904761667,552.708065476299,-2.78835317459998,-3.9382936508
CY2042,Cyprus,CY,CY0,CY00,CY000,Κύπρος,579.495416666774,2.58694444445,4.02636904761667,552.708065476299,-2.78835317459998,-3.9382936508
CY2043,Cyprus,CY,CY0,CY00,CY000,Κύπρος,579.495416666774,2.58694444445,4.02636904761667,552.708065476299,-2.78835317459998,-3.9382936508
CY2044,Cyprus,CY,CY0,CY00,CY000,Κύπρος,579.495416666774,2.58694444445,4.02636904761667,552.708065476299,-2.78835317459998,-3.9382936508
CY2045,Cyprus,CY,CY0,CY00,CY000,Κύπρος,579.495416666774,2.58694444445,4.02636904761667,552.708065476299,-2.78835317459998,-3.9382936508
CY2046,Cyprus,CY,CY0,CY00,CY000,Κύπρος,579.495416666774,2.58694444445,4.02636904761667,552.708065476299,-2.78835317459998,-3.9382936508
CY2047,Cyprus,CY,CY0,CY00,CY000,Κύπρος,579.495416666774,2.58694444445,4.02636904761667,552.708065476299,-2.78835317459998,-3.9382936508
CY2048,Cyprus,CY,CY0,CY00,CY000,Κύπρος,579.495416666774,2.58694444445,4.02636904761667,552.708065476299,-2.78835317459998,-3.9382936508
CY2049,Cyprus,CY,CY0,CY00,CY000,Κύπρος,579.495416666774,2.58694444445,4.02636904761667,552.708065476299,-2.78835317459998,-3.9382936508
CY2050,Cyprus,CY,CY0,CY00,CY000,Κύπρος,579.495416666774,2.58694444445,4.02636904761667,552.708065476299,-2.78835317459998,-3.9382936508
CY2051,Cyprus,CY,CY0,CY00,CY000,Κύπρος,579.495416666774,2.58694444445,4.02636904761667,552.708065476299,-2.78835317459998,-3.9382936508
CY2052,Cyprus,CY,CY0,CY00,CY000,Κύπρος,579.495416666774,2.58694444445,4.02636904761667,552.708065476299,-2.78835317459998,-3.9382936508
CY2054,Cyprus,CY,CY0,CY00,CY000,Κύπρος,579.495416666774,2.58694444445,4.02636904761667,552.708065476299,-2.78835317459998,-3.9382936508
CY2055,Cyprus,CY,CY0,CY00,CY000,Κύπρος,579.495416666774,2.58694444445,4.02636904761667,552.708065476299,-2.78835317459998,-3.9382936508
CY2057,Cyprus,CY,CY0,CY00,CY000,Κύπρος,579.495416666774,2.58694444445,4.02636904761667,552.708065476299,-2.78835317459998,-3.9382936508
CY2058,Cyprus,CY,CY0,CY00,CY000,Κύπρος,579.495416666774,2.58694444445,4.02636904761667,552.708065476299,-2.78835317459998,-3.9382936508
CY2059,Cyprus,CY,CY0,CY00,CY000,Κύπρος,579.495416666774,2.58694444445,4.02636904761667,552.708065476299,-2.78835317459998,-3.9382936508
CY2060,Cyprus,CY,CY0,CY00,CY000,Κύπρος,579.495416666774,2.58694444445,4.02636904761667,552.708065476299,-2.78835317459998,-3.9382936508
CY2062,Cyprus,CY,CY0,CY00,CY000,Κύπρος,579.495416666774,2.58694444445,4.02636904761667,552.708065476299,-2.78835317459998,-3.9382936508
CY2063,Cyprus,CY,CY0,CY00,CY000,Κύπρος,579.495416666774,2.58694444445,4.02636904761667,552.708065476299,-2.78835317459998,-3.9382936508
CY2064,Cyprus,CY,CY0,CY00,CY000,Κύπρος,579.495416666774,2.58694444445,4.02636904761667,552.708065476299,-2.78835317459998,-3.9382936508
CY2066,Cyprus,CY,CY0,CY00,CY000,Κύπρος,579.495416666774,2.58694444445,4.02636904761667,552.708065476299,-2.78835317459998,-3.9382936508
CY2100,Cyprus,CY,CY0,CY00,CY000,Κύπρος,579.495416666774,2.58694444445,4.02636904761667,552.708065476299,-2.78835317459998,-3.9382936508
CY2101,Cyprus,CY,CY0,CY00,CY000,Κύπρος,579.495416666774,2.58694444445,4.02636904761667,552.708065476299,-2.78835317459998,-3.9382936508
CY2102,Cyprus,CY,CY0,CY00,CY000,Κύπρος,579.495416666774,2.58694444445,4.02636904761667,552.708065476299,-2.78835317459998,-3.9382936508
CY2103,Cyprus,CY,CY0,CY00,CY000,Κύπρος,579.495416666774,2.58694444445,4.02636904761667,552.708065476299,-2.78835317459998,-3.9382936508
CY2107,Cyprus,CY,CY0,CY00,CY000,Κύπρος,579.495416666774,2.58694444445,4.02636904761667,552.708065476299,-2.78835317459998,-3.9382936508
CY2108,Cyprus,CY,CY0,CY00,CY000,Κύπρος,579.495416666774,2.58694444445,4.02636904761667,552.708065476299,-2.78835317459998,-3.9382936508
CY2109,Cyprus,CY,CY0,CY00,CY000,Κύπρος,579.495416666774,2.58694444445,4.02636904761667,552.708065476299,-2.78835317459998,-3.9382936508
CY2112,Cyprus,CY,CY0,CY00,CY000,Κύπρος,579.495416666774,2.58694444445,4.02636904761667,552.708065476299,-2.78835317459998,-3.9382936508
CY2113,Cyprus,CY,CY0,CY00,CY000,Κύπρος,579.495416666774,2.58694444445,4.02636904761667,552.708065476299,-2.78835317459998,-3.9382936508
CY2114,Cyprus,CY,CY0,CY00,CY000,Κύπρος,579.495416666774,2.58694444445,4.02636904761667,552.708065476299,-2.78835317459998,-3.9382936508
CY2115,Cyprus,CY,CY0,CY00,CY000,Κύπρος,579.495416666774,2.58694444445,4.02636904761667,552.708065476299,-2.78835317459998,-3.9382936508
CY2116,Cyprus,CY,CY0,CY00,CY000,Κύπρος,579.495416666774,2.58694444445,4.02636904761667,552.708065476299,-2.78835317459998,-3.9382936508
CY2120,Cyprus,CY,CY0,CY00,CY000,Κύπρος,579.495416666774,2.58694444445,4.02636904761667,552.708065476299,-2.78835317459998,-3.9382936508
CY2121,Cyprus,CY,CY0,CY00,CY000,Κύπρος,579.495416666774,2.58694444445,4.02636904761667,552.708065476299,-2.78835317459998,-3.9382936508
CY2122,Cyprus,CY,CY0,CY00,CY000,Κύπρος,579.495416666774,2.58694444445,4.02636904761667,552.708065476299,-2.78835317459998,-3.9382936508
CY2123,Cyprus,CY,CY0,CY00,CY000,Κύπρος,579.495416666774,2.58694444445,4.02636904761667,552.708065476299,-2.78835317459998,-3.9382936508
CY2200,Cyprus,CY,CY0,CY00,CY000,Κύπρος,579.495416666774,2.58694444445,4.02636904761667,552.708065476299,-2.78835317459998,-3.9382936508
CY2201,Cyprus,CY,CY0,CY00,CY000,Κύπρος,579.495416666774,2.58694444445,4.02636904761667,552.708065476299,-2.78835317459998,-3.9382936508
CY2202,Cyprus,CY,CY0,CY00,CY000,Κύπρος,579.495416666774,2.58694444445,4.02636904761667,552.708065476299,-2.78835317459998,-3.9382936508
CY2220,Cyprus,CY,CY0,CY00,CY000,Κύπρος,579.495416666774,2.58694444445,4.02636904761667,552.708065476299,-2.78835317459998,-3.9382936508
CY2221,Cyprus,CY,CY0,CY00,CY000,Κύπρος,579.495416666774,2.58694444445,4.02636904761667,552.708065476299,-2.78835317459998,-3.9382936508
CY2222,Cyprus,CY,CY0,CY00,CY000,Κύπρος,579.495416666774,2.58694444445,4.02636904761667,552.708065476299,-2.78835317459998,-3.9382936508
CY2223,Cyprus,CY,CY0,CY00,CY000,Κύπρος,579.495416666774,2.58694444445,4.02636904761667,552.708065476299,-2.78835317459998,-3.9382936508
CY2224,Cyprus,CY,CY0,CY00,CY000,Κύπρος,579.495416666774,2.58694444445,4.02636904761667,552.708065476299,-2.78835317459998,-3.9382936508
CY2230,Cyprus,CY,CY0,CY00,CY000,Κύπρος,579.495416666774,2.58694444445,4.02636904761667,552.708065476299,-2.78835317459998,-3.9382936508
CY2231,Cyprus,CY,CY0,CY00,CY000,Κύπρος,579.495416666774,2.58694444445,4.02636904761667,552.708065476299,-2.78835317459998,-3.9382936508
CY2232,Cyprus,CY,CY0,CY00,CY000,Κύπρος,579.495416666774,2.58694444445,4.02636904761667,552.708065476299,-2.78835317459998,-3.9382936508
CY2234,Cyprus,CY,CY0,CY00,CY000,Κύπρος,579.495416666774,2.58694444445,4.02636904761667,552.708065476299,-2.78835317459998,-3.9382936508
CY2235,Cyprus,CY,CY0,CY00,CY000,Κύπρος,579.495416666774,2.58694444445,4.02636904761667,552.708065476299,-2.78835317459998,-3.9382936508
CY2236,Cyprus,CY,CY0,CY00,CY000,Κύπρος,579.495416666774,2.58694444445,4.02636904761667,552.708065476299,-2.78835317459998,-3.9382936508
CY2237,Cyprus,CY,CY0,CY00,CY000,Κύπρος,579.495416666774,2.58694444445,4.02636904761667,552.708065476299,-2.78835317459998,-3.9382936508
CY2238,Cyprus,CY,CY0,CY00,CY000,Κύπρος,579.495416666774,2.58694444445,4.02636904761667,552.708065476299,-2.78835317459998,-3.9382936508
CY2300,Cyprus,CY,CY0,CY00,CY000,Κύπρος,579.495416666774,2.58694444445,4.02636904761667,552.708065476299,-2.78835317459998,-3.9382936508
CY2301,Cyprus,CY,CY0,CY00,CY000,Κύπρος,579.495416666774,2.58694444445,4.02636904761667,552.708065476299,-2.78835317459998,-3.9382936508
CY2302,Cyprus,CY,CY0,CY00,CY000,Κύπρος,579.495416666774,2.58694444445,4.02636904761667,552.708065476299,-2.78835317459998,-3.9382936508
CY2303,Cyprus,CY,CY0,CY00,CY000,Κύπρος,579.495416666774,2.58694444445,4.02636904761667,552.708065476299,-2.78835317459998,-3.9382936508
CY2304,Cyprus,CY,CY0,CY00,CY000,Κύπρος,579.495416666774,2.58694444445,4.02636904761667,552.708065476299,-2.78835317459998,-3.9382936508
CY2305,Cyprus,CY,CY0,CY00,CY000,Κύπρος,579.495416666774,2.58694444445,4.02636904761667,552.708065476299,-2.78835317459998,-3.9382936508
CY2306,Cyprus,CY,CY0,CY00,CY000,Κύπρος,579.495416666774,2.58694444445,4.02636904761667,552.708065476299,-2.78835317459998,-3.9382936508
CY2310,Cyprus,CY,CY0,CY00,CY000,Κύπρος,579.495416666774,2.58694444445,4.02636904761667,552.708065476299,-2.78835317459998,-3.9382936508
CY2311,Cyprus,CY,CY0,CY00,CY000,Κύπρος,579.495416666774,2.58694444445,4.02636904761667,552.708065476299,-2.78835317459998,-3.9382936508
CY2312,Cyprus,CY,CY0,CY00,CY000,Κύπρος,579.495416666774,2.58694444445,4.02636904761667,552.708065476299,-2.78835317459998,-3.9382936508
CY2313,Cyprus,CY,CY0,CY00,CY000,Κύπρος,579.495416666774,2.58694444445,4.02636904761667,552.708065476299,-2.78835317459998,-3.9382936508
CY2314,Cyprus,CY,CY0,CY00,CY000,Κύπρος,579.495416666774,2.58694444445,4.02636904761667,552.708065476299,-2.78835317459998,-3.9382936508
CY2320,Cyprus,CY,CY0,CY00,CY000,Κύπρος,579.495416666774,2.58694444445,4.02636904761667,552.708065476299,-2.78835317459998,-3.9382936508
CY2321,Cyprus,CY,CY0,CY00,CY000,Κύπρος,579.495416666774,2.58694444445,4.02636904761667,552.708065476299,-2.78835317459998,-3.9382936508
CY2322,Cyprus,CY,CY0,CY00,CY000,Κύπρος,579.495416666774,2.58694444445,4.02636904761667,552.708065476299,-2.78835317459998,-3.9382936508
CY2323,Cyprus,CY,CY0,CY00,CY000,Κύπρος,579.495416666774,2.58694444445,4.02636904761667,552.708065476299,-2.78835317459998,-3.9382936508
CY2324,Cyprus,CY,CY0,CY00,CY000,Κύπρος,579.495416666774,2.58694444445,4.02636904761667,552.708065476299,-2.78835317459998,-3.9382936508
CY2325,Cyprus,CY,CY0,CY00,CY000,Κύπρος,579.495416666774,2.58694444445,4.02636904761667,552.708065476299,-2.78835317459998,-3.9382936508
CY2326,Cyprus,CY,CY0,CY00,CY000,Κύπρος,579.495416666774,2.58694444445,4.02636904761667,552.708065476299,-2.78835317459998,-3.9382936508
CY2328,Cyprus,CY,CY0,CY00,CY000,Κύπρος,579.495416666774,2.58694444445,4.02636904761667,552.708065476299,-2.78835317459998,-3.9382936508
CY2330,Cyprus,CY,CY0,CY00,CY000,Κύπρος,579.495416666774,2.58694444445,4.02636904761667,552.708065476299,-2.78835317459998,-3.9382936508
CY2331,Cyprus,CY,CY0,CY00,CY000,Κύπρος,579.495416666774,2.58694444445,4.02636904761667,552.708065476299,-2.78835317459998,-3.9382936508
CY2332,Cyprus,CY,CY0,CY00,CY000,Κύπρος,579.495416666774,2.58694444445,4.02636904761667,552.708065476299,-2.78835317459998,-3.9382936508
CY2333,Cyprus,CY,CY0,CY00,CY000,Κύπρος,579.495416666774,2.58694444445,4.02636904761667,552.708065476299,-2.78835317459998,-3.9382936508
CY2334,Cyprus,CY,CY0,CY00,CY000,Κύπρος,579.495416666774,2.58694444445,4.02636904761667,552.708065476299,-2.78835317459998,-3.9382936508
CY2335,Cyprus,CY,CY0,CY00,CY000,Κύπρος,579.495416666774,2.58694444445,4.02636904761667,552.708065476299,-2.78835317459998,-3.9382936508
CY2360,Cyprus,CY,CY0,CY00,CY000,Κύπρος,579.495416666774,2.58694444445,4.02636904761667,552.708065476299,-2.78835317459998,-3.9382936508
CY2361,Cyprus,CY,CY0,CY00,CY000,Κύπρος,579.495416666774,2.58694444445,4.02636904761667,552.708065476299,-2.78835317459998,-3.9382936508
CY2362,Cyprus,CY,CY0,CY00,CY000,Κύπρος,579.495416666774,2.58694444445,4.02636904761667,552.708065476299,-2.78835317459998,-3.9382936508
CY2363,Cyprus,CY,CY0,CY00,CY000,Κύπρος,579.495416666774,2.58694444445,4.02636904761667,552.708065476299,-2.78835317459998,-3.9382936508
CY2364,Cyprus,CY,CY0,CY00,CY000,Κύπρος,579.495416666774,2.58694444445,4.02636904761667,552.708065476299,-2.78835317459998,-3.9382936508
CY2365,Cyprus,CY,CY0,CY00,CY000,Κύπρος,579.495416666774,2.58694444445,4.02636904761667,552.708065476299,-2.78835317459998,-3.9382936508
CY2368,Cyprus,CY,CY0,CY00,CY000,Κύπρος,579.495416666774,2.58694444445,4.02636904761667,552.708065476299,-2.78835317459998,-3.9382936508
CY2369,Cyprus,CY,CY0,CY00,CY000,Κύπρος,579.495416666774,2.58694444445,4.02636904761667,552.708065476299,-2.78835317459998,-3.9382936508
CY2370,Cyprus,CY,CY0,CY00,CY000,Κύπρος,579.495416666774,2.58694444445,4.02636904761667,552.708065476299,-2.78835317459998,-3.9382936508
CY2373,Cyprus,CY,CY0,CY00,CY000,Κύπρος,579.495416666774,2.58694444445,4.02636904761667,552.708065476299,-2.78835317459998,-3.9382936508
CY2376,Cyprus,CY,CY0,CY00,CY000,Κύπρος,579.495416666774,2.58694444445,4.02636904761667,552.708065476299,-2.78835317459998,-3.9382936508
CY2385,Cyprus,CY,CY0,CY00,CY000,Κύπρος,579.495416666774,2.58694444445,4.02636904761667,552.708065476299,-2.78835317459998,-3.9382936508
CY2400,Cyprus,CY,CY0,CY00,CY000,Κύπρος,579.495416666774,2.58694444445,4.02636904761667,552.708065476299,-2.78835317459998,-3.9382936508
CY2401,Cyprus,CY,CY0,CY00,CY000,Κύπρος,579.495416666774,2.58694444445,4.02636904761667,552.708065476299,-2.78835317459998,-3.9382936508
CY2402,Cyprus,CY,CY0,CY00,CY000,Κύπρος,579.495416666774,2.58694444445,4.02636904761667,552.708065476299,-2.78835317459998,-3.9382936508
CY2404,Cyprus,CY,CY0,CY00,CY000,Κύπρος,579.495416666774,2.58694444445,4.02636904761667,552.708065476299,-2.78835317459998,-3.9382936508
CY2406,Cyprus,CY,CY0,CY00,CY000,Κύπρος,579.495416666774,2.58694444445,4.02636904761667,552.708065476299,-2.78835317459998,-3.9382936508
CY2407,Cyprus,CY,CY0,CY00,CY000,Κύπρος,579.495416666774,2.58694444445,4.02636904761667,552.708065476299,-2.78835317459998,-3.9382936508
CY2408,Cyprus,CY,CY0,CY00,CY000,Κύπρος,579.495416666774,2.58694444445,4.02636904761667,552.708065476299,-2.78835317459998,-3.9382936508
CY2409,Cyprus,CY,CY0,CY00,CY000,Κύπρος,579.495416666774,2.58694444445,4.02636904761667,552.708065476299,-2.78835317459998,-3.9382936508
CY2410,Cyprus,CY,CY0,CY00,CY000,Κύπρος,579.495416666774,2.58694444445,4.02636904761667,552.708065476299,-2.78835317459998,-3.9382936508
CY2411,Cyprus,CY,CY0,CY00,CY000,Κύπρος,579.495416666774,2.58694444445,4.02636904761667,552.708065476299,-2.78835317459998,-3.9382936508
CY2412,Cyprus,CY,CY0,CY00,CY000,Κύπρος,579.495416666774,2.58694444445,4.02636904761667,552.708065476299,-2.78835317459998,-3.9382936508
CY2413,Cyprus,CY,CY0,CY00,CY000,Κύπρος,579.495416666774,2.58694444445,4.02636904761667,552.708065476299,-2.78835317459998,-3.9382936508
CY2414,Cyprus,CY,CY0,CY00,CY000,Κύπρος,579.495416666774,2.58694444445,4.02636904761667,552.708065476299,-2.78835317459998,-3.9382936508
CY2415,Cyprus,CY,CY0,CY00,CY000,Κύπρος,579.495416666774,2.58694444445,4.02636904761667,552.708065476299,-2.78835317459998,-3.9382936508
CY2416,Cyprus,CY,CY0,CY00,CY000,Κύπρος,579.495416666774,2.58694444445,4.02636904761667,552.708065476299,-2.78835317459998,-3.9382936508
CY2417,Cyprus,CY,CY0,CY00,CY000,Κύπρος,579.495416666774,2.58694444445,4.02636904761667,552.708065476299,-2.78835317459998,-3.9382936508
CY2450,Cyprus,CY,CY0,CY00,CY000,Κύπρος,579.495416666774,2.58694444445,4.02636904761667,552.708065476299,-2.78835317459998,-3.9382936508
CY2460,Cyprus,CY,CY0,CY00,CY000,Κύπρος,579.495416666774,2.58694444445,4.02636904761667,552.708065476299,-2.78835317459998,-3.9382936508
CY2470,Cyprus,CY,CY0,CY00,CY000,Κύπρος,579.495416666774,2.58694444445,4.02636904761667,552.708065476299,-2.78835317459998,-3.9382936508
CY2480,Cyprus,CY,CY0,CY00,CY000,Κύπρος,579.495416666774,2.58694444445,4.02636904761667,552.708065476299,-2.78835317459998,-3.9382936508
CY2540,Cyprus,CY,CY0,CY00,CY000,Κύπρος,579.495416666774,2.58694444445,4.02636904761667,552.708065476299,-2.78835317459998,-3.9382936508
CY2546,Cyprus,CY,CY0,CY00,CY000,Κύπρος,579.495416666774,2.58694444445,4.02636904761667,552.708065476299,-2.78835317459998,-3.9382936508
CY2547,Cyprus,CY,CY0,CY00,CY000,Κύπρος,579.495416666774,2.58694444445,4.02636904761667,552.708065476299,-2.78835317459998,-3.9382936508
CY2548,Cyprus,CY,CY0,CY00,CY000,Κύπρος,579.495416666774,2.58694444445,4.02636904761667,552.708065476299,-2.78835317459998,-3.9382936508
CY2549,Cyprus,CY,CY0,CY00,CY000,Κύπρος,579.495416666774,2.58694444445,4.02636904761667,552.708065476299,-2.78835317459998,-3.9382936508
CY2560,Cyprus,CY,CY0,CY00,CY000,Κύπρος,579.495416666774,2.58694444445,4.02636904761667,552.708065476299,-2.78835317459998,-3.9382936508
CY2562,Cyprus,CY,CY0,CY00,CY000,Κύπρος,579.495416666774,2.58694444445,4.02636904761667,552.708065476299,-2.78835317459998,-3.9382936508
CY2563,Cyprus,CY,CY0,CY00,CY000,Κύπρος,579.495416666774,2.58694444445,4.02636904761667,552.708065476299,-2.78835317459998,-3.9382936508
CY2564,Cyprus,CY,CY0,CY00,CY000,Κύπρος,579.495416666774,2.58694444445,4.02636904761667,552.708065476299,-2.78835317459998,-3.9382936508
CY2565,Cyprus,CY,CY0,CY00,CY000,Κύπρος,579.495416666774,2.58694444445,4.02636904761667,552.708065476299,-2.78835317459998,-3.9382936508
CY2566,Cyprus,CY,CY0,CY00,CY000,Κύπρος,579.495416666774,2.58694444445,4.02636904761667,552.708065476299,-2.78835317459998,-3.9382936508
CY2567,Cyprus,CY,CY0,CY00,CY000,Κύπρος,579.495416666774,2.58694444445,4.02636904761667,552.708065476299,-2.78835317459998,-3.9382936508
CY2568,Cyprus,CY,CY0,CY00,CY000,Κύπρος,579.495416666774,2.58694444445,4.02636904761667,552.708065476299,-2.78835317459998,-3.9382936508
CY2571,Cyprus,CY,CY0,CY00,CY000,Κύπρος,579.495416666774,2.58694444445,4.02636904761667,552.708065476299,-2.78835317459998,-3.9382936508
CY2572,Cyprus,CY,CY0,CY00,CY000,Κύπρος,579.495416666774,2.58694444445,4.02636904761667,552.708065476299,-2.78835317459998,-3.9382936508
CY2573,Cyprus,CY,CY0,CY00,CY000,Κύπρος,579.495416666774,2.58694444445,4.02636904761667,552.708065476299,-2.78835317459998,-3.9382936508
CY2574,Cyprus,CY,CY0,CY00,CY000,Κύπρος,579.495416666774,2.58694444445,4.02636904761667,552.708065476299,-2.78835317459998,-3.9382936508
CY2600,Cyprus,CY,CY0,CY00,CY000,Κύπρος,579.495416666774,2.58694444445,4.02636904761667,552.708065476299,-2.78835317459998,-3.9382936508
CY2610,Cyprus,CY,CY0,CY00,CY000,Κύπρος,579.495416666774,2.58694444445,4.02636904761667,552.708065476299,-2.78835317459998,-3.9382936508
CY2611,Cyprus,CY,CY0,CY00,CY000,Κύπρος,579.495416666774,2.58694444445,4.02636904761667,552.708065476299,-2.78835317459998,-3.9382936508
CY2612,Cyprus,CY,CY0,CY00,CY000,Κύπρος,579.495416666774,2.58694444445,4.02636904761667,552.708065476299,-2.78835317459998,-3.9382936508
CY2613,Cyprus,CY,CY0,CY00,CY000,Κύπρος,579.495416666774,2.58694444445,4.02636904761667,552.708065476299,-2.78835317459998,-3.9382936508
CY2614,Cyprus,CY,CY0,CY00,CY000,Κύπρος,579.495416666774,2.58694444445,4.02636904761667,552.708065476299,-2.78835317459998,-3.9382936508
CY2615,Cyprus,CY,CY0,CY00,CY000,Κύπρος,579.495416666774,2.58694444445,4.02636904761667,552.708065476299,-2.78835317459998,-3.9382936508
CY2616,Cyprus,CY,CY0,CY00,CY000,Κύπρος,579.495416666774,2.58694444445,4.02636904761667,552.708065476299,-2.78835317459998,-3.9382936508
CY2617,Cyprus,CY,CY0,CY00,CY000,Κύπρος,579.495416666774,2.58694444445,4.02636904761667,552.708065476299,-2.78835317459998,-3.9382936508
CY2618,Cyprus,CY,CY0,CY00,CY000,Κύπρος,579.495416666774,2.58694444445,4.02636904761667,552.708065476299,-2.78835317459998,-3.9382936508
CY2619,Cyprus,CY,CY0,CY00,CY000,Κύπρος,579.495416666774,2.58694444445,4.02636904761667,552.708065476299,-2.78835317459998,-3.9382936508
CY2620,Cyprus,CY,CY0,CY00,CY000,Κύπρος,579.495416666774,2.58694444445,4.02636904761667,552.708065476299,-2.78835317459998,-3.9382936508
CY2622,Cyprus,CY,CY0,CY00,CY000,Κύπρος,579.495416666774,2.58694444445,4.02636904761667,552.708065476299,-2.78835317459998,-3.9382936508
CY2623,Cyprus,CY,CY0,CY00,CY000,Κύπρος,579.495416666774,2.58694444445,4.02636904761667,552.708065476299,-2.78835317459998,-3.9382936508
CY2630,Cyprus,CY,CY0,CY00,CY000,Κύπρος,579.495416666774,2.58694444445,4.02636904761667,552.708065476299,-2.78835317459998,-3.9382936508
CY2640,Cyprus,CY,CY0,CY00,CY000,Κύπρος,579.495416666774,2.58694444445,4.02636904761667,552.708065476299,-2.78835317459998,-3.9382936508
CY2641,Cyprus,CY,CY0,CY00,CY000,Κύπρος,579.495416666774,2.58694444445,4.02636904761667,552.708065476299,-2.78835317459998,-3.9382936508
CY2642,Cyprus,CY,CY0,CY00,CY000,Κύπρος,579.495416666774,2.58694444445,4.02636904761667,552.708065476299,-2.78835317459998,-3.9382936508
CY2643,Cyprus,CY,CY0,CY00,CY000,Κύπρος,579.495416666774,2.58694444445,4.02636904761667,552.708065476299,-2.78835317459998,-3.9382936508
CY2644,Cyprus,CY,CY0,CY00,CY000,Κύπρος,579.495416666774,2.58694444445,4.02636904761667,552.708065476299,-2.78835317459998,-3.9382936508
CY2645,Cyprus,CY,CY0,CY00,CY000,Κύπρος,579.495416666774,2.58694444445,4.02636904761667,552.708065476299,-2.78835317459998,-3.9382936508
CY2646,Cyprus,CY,CY0,CY00,CY000,Κύπρος,579.495416666774,2.58694444445,4.02636904761667,552.708065476299,-2.78835317459998,-3.9382936508
CY2647,Cyprus,CY,CY0,CY00,CY000,Κύπρος,579.495416666774,2.58694444445,4.02636904761667,552.708065476299,-2.78835317459998,-3.9382936508
CY2650,Cyprus,CY,CY0,CY00,CY000,Κύπρος,579.495416666774,2.58694444445,4.02636904761667,552.708065476299,-2.78835317459998,-3.9382936508
CY2651,Cyprus,CY,CY0,CY00,CY000,Κύπρος,579.495416666774,2.58694444445,4.02636904761667,552.708065476299,-2.78835317459998,-3.9382936508
CY2660,Cyprus,CY,CY0,CY00,CY000,Κύπρος,579.495416666774,2.58694444445,4.02636904761667,552.708065476299,-2.78835317459998,-3.9382936508
CY2671,Cyprus,CY,CY0,CY00,CY000,Κύπρος,579.495416666774,2.58694444445,4.02636904761667,552.708065476299,-2.78835317459998,-3.9382936508
CY2673,Cyprus,CY,CY0,CY00,CY000,Κύπρος,579.495416666774,2.58694444445,4.02636904761667,552.708065476299,-2.78835317459998,-3.9382936508
CY2674,Cyprus,CY,CY0,CY00,CY000,Κύπρος,579.495416666774,2.58694444445,4.02636904761667,552.708065476299,-2.78835317459998,-3.9382936508
CY2675,Cyprus,CY,CY0,CY00,CY000,Κύπρος,579.495416666774,2.58694444445,4.02636904761667,552.708065476299,-2.78835317459998,-3.9382936508
CY2679,Cyprus,CY,CY0,CY00,CY000,Κύπρος,579.495416666774,2.58694444445,4.02636904761667,552.708065476299,-2.78835317459998,-3.9382936508
CY2681,Cyprus,CY,CY0,CY00,CY000,Κύπρος,579.495416666774,2.58694444445,4.02636904761667,552.708065476299,-2.78835317459998,-3.9382936508
CY2682,Cyprus,CY,CY0,CY00,CY000,Κύπρος,579.495416666774,2.58694444445,4.02636904761667,552.708065476299,-2.78835317459998,-3.9382936508
CY2720,Cyprus,CY,CY0,CY00,CY000,Κύπρος,579.495416666774,2.58694444445,4.02636904761667,552.708065476299,-2.78835317459998,-3.9382936508
CY2722,Cyprus,CY,CY0,CY00,CY000,Κύπρος,579.495416666774,2.58694444445,4.02636904761667,552.708065476299,-2.78835317459998,-3.9382936508
CY2724,Cyprus,CY,CY0,CY00,CY000,Κύπρος,579.495416666774,2.58694444445,4.02636904761667,552.708065476299,-2.78835317459998,-3.9382936508
CY2728,Cyprus,CY,CY0,CY00,CY000,Κύπρος,579.495416666774,2.58694444445,4.02636904761667,552.708065476299,-2.78835317459998,-3.9382936508
CY2731,Cyprus,CY,CY0,CY00,CY000,Κύπρος,579.495416666774,2.58694444445,4.02636904761667,552.708065476299,-2.78835317459998,-3.9382936508
CY2740,Cyprus,CY,CY0,CY00,CY000,Κύπρος,579.495416666774,2.58694444445,4.02636904761667,552.708065476299,-2.78835317459998,-3.9382936508
CY2745,Cyprus,CY,CY0,CY00,CY000,Κύπρος,579.495416666774,2.58694444445,4.02636904761667,552.708065476299,-2.78835317459998,-3.9382936508
CY2750,Cyprus,CY,CY0,CY00,CY000,Κύπρος,579.495416666774,2.58694444445,4.02636904761667,552.708065476299,-2.78835317459998,-3.9382936508
CY2751,Cyprus,CY,CY0,CY00,CY000,Κύπρος,579.495416666774,2.58694444445,4.02636904761667,552.708065476299,-2.78835317459998,-3.9382936508
CY2752,Cyprus,CY,CY0,CY00,CY000,Κύπρος,579.495416666774,2.58694444445,4.02636904761667,552.708065476299,-2.78835317459998,-3.9382936508
CY2753,Cyprus,CY,CY0,CY00,CY000,Κύπρος,579.495416666774,2.58694444445,4.02636904761667,552.708065476299,-2.78835317459998,-3.9382936508
CY2754,Cyprus,CY,CY0,CY00,CY000,Κύπρος,579.495416666774,2.58694444445,4.02636904761667,552.708065476299,-2.78835317459998,-3.9382936508
CY2755,Cyprus,CY,CY0,CY00,CY000,Κύπρος,579.495416666774,2.58694444445,4.02636904761667,552.708065476299,-2.78835317459998,-3.9382936508
CY2756,Cyprus,CY,CY0,CY00,CY000,Κύπρος,579.495416666774,2.58694444445,4.02636904761667,552.708065476299,-2.78835317459998,-3.9382936508
CY2757,Cyprus,CY,CY0,CY00,CY000,Κύπρος,579.495416666774,2.58694444445,4.02636904761667,552.708065476299,-2.78835317459998,-3.9382936508
CY2758,Cyprus,CY,CY0,CY00,CY000,Κύπρος,579.495416666774,2.58694444445,4.02636904761667,552.708065476299,-2.78835317459998,-3.9382936508
CY2770,Cyprus,CY,CY0,CY00,CY000,Κύπρος,579.495416666774,2.58694444445,4.02636904761667,552.708065476299,-2.78835317459998,-3.9382936508
CY2771,Cyprus,CY,CY0,CY00,CY000,Κύπρος,579.495416666774,2.58694444445,4.02636904761667,552.708065476299,-2.78835317459998,-3.9382936508
CY2772,Cyprus,CY,CY0,CY00,CY000,Κύπρος,579.495416666774,2.58694444445,4.02636904761667,552.708065476299,-2.78835317459998,-3.9382936508
CY2773,Cyprus,CY,CY0,CY00,CY000,Κύπρος,579.495416666774,2.58694444445,4.02636904761667,552.708065476299,-2.78835317459998,-3.9382936508
CY2774,Cyprus,CY,CY0,CY00,CY000,Κύπρος,579.495416666774,2.58694444445,4.02636904761667,552.708065476299,-2.78835317459998,-3.9382936508
CY2775,Cyprus,CY,CY0,CY00,CY000,Κύπρος,579.495416666774,2.58694444445,4.02636904761667,552.708065476299,-2.78835317459998,-3.9382936508
CY2776,Cyprus,CY,CY0,CY00,CY000,Κύπρος,579.495416666774,2.58694444445,4.02636904761667,552.708065476299,-2.78835317459998,-3.9382936508
CY2777,Cyprus,CY,CY0,CY00,CY000,Κύπρος,579.495416666774,2.58694444445,4.02636904761667,552.708065476299,-2.78835317459998,-3.9382936508
CY2779,Cyprus,CY,CY0,CY00,CY000,Κύπρος,579.495416666774,2.58694444445,4.02636904761667,552.708065476299,-2.78835317459998,-3.9382936508
CY2780,Cyprus,CY,CY0,CY00,CY000,Κύπρος,579.495416666774,2.58694444445,4.02636904761667,552.708065476299,-2.78835317459998,-3.9382936508
CY2781,Cyprus,CY,CY0,CY00,CY000,Κύπρος,579.495416666774,2.58694444445,4.02636904761667,552.708065476299,-2.78835317459998,-3.9382936508
CY2800,Cyprus,CY,CY0,CY00,CY000,Κύπρος,579.495416666774,2.58694444445,4.02636904761667,552.708065476299,-2.78835317459998,-3.9382936508
CY2820,Cyprus,CY,CY0,CY00,CY000,Κύπρος,579.495416666774,2.58694444445,4.02636904761667,552.708065476299,-2.78835317459998,-3.9382936508
CY2821,Cyprus,CY,CY0,CY00,CY000,Κύπρος,579.495416666774,2.58694444445,4.02636904761667,552.708065476299,-2.78835317459998,-3.9382936508
CY2823,Cyprus,CY,CY0,CY00,CY000,Κύπρος,579.495416666774,2.58694444445,4.02636904761667,552.708065476299,-2.78835317459998,-3.9382936508
CY2826,Cyprus,CY,CY0,CY00,CY000,Κύπρος,579.495416666774,2.58694444445,4.02636904761667,552.708065476299,-2.78835317459998,-3.9382936508
CY2827,Cyprus,CY,CY0,CY00,CY000,Κύπρος,579.495416666774,2.58694444445,4.02636904761667,552.708065476299,-2.78835317459998,-3.9382936508
CY2831,Cyprus,CY,CY0,CY00,CY000,Κύπρος,579.495416666774,2.58694444445,4.02636904761667,552.708065476299,-2.78835317459998,-3.9382936508
CY2832,Cyprus,CY,CY0,CY00,CY000,Κύπρος,579.495416666774,2.58694444445,4.02636904761667,552.708065476299,-2.78835317459998,-3.9382936508
CY2834,Cyprus,CY,CY0,CY00,CY000,Κύπρος,579.495416666774,2.58694444445,4.02636904761667,552.708065476299,-2.78835317459998,-3.9382936508
CY2835,Cyprus,CY,CY0,CY00,CY000,Κύπρος,579.495416666774,2.58694444445,4.02636904761667,552.708065476299,-2.78835317459998,-3.9382936508
CY2836,Cyprus,CY,CY0,CY00,CY000,Κύπρος,579.495416666774,2.58694444445,4.02636904761667,552.708065476299,-2.78835317459998,-3.9382936508
CY2839,Cyprus,CY,CY0,CY00,CY000,Κύπρος,579.495416666774,2.58694444445,4.02636904761667,552.708065476299,-2.78835317459998,-3.9382936508
CY2840,Cyprus,CY,CY0,CY00,CY000,Κύπρος,579.495416666774,2.58694444445,4.02636904761667,552.708065476299,-2.78835317459998,-3.9382936508
CY2841,Cyprus,CY,CY0,CY00,CY000,Κύπρος,579.495416666774,2.58694444445,4.02636904761667,552.708065476299,-2.78835317459998,-3.9382936508
CY2842,Cyprus,CY,CY0,CY00,CY000,Κύπρος,579.495416666774,2.58694444445,4.02636904761667,552.708065476299,-2.78835317459998,-3.9382936508
CY2843,Cyprus,CY,CY0,CY00,CY000,Κύπρος,579.495416666774,2.58694444445,4.02636904761667,552.708065476299,-2.78835317459998,-3.9382936508
CY2844,Cyprus,CY,CY0,CY00,CY000,Κύπρος,579.495416666774,2.58694444445,4.02636904761667,552.708065476299,-2.78835317459998,-3.9382936508
CY2845,Cyprus,CY,CY0,CY00,CY000,Κύπρος,579.495416666774,2.58694444445,4.02636904761667,552.708065476299,-2.78835317459998,-3.9382936508
CY2850,Cyprus,CY,CY0,CY00,CY000,Κύπρος,579.495416666774,2.58694444445,4.02636904761667,552.708065476299,-2.78835317459998,-3.9382936508
CY2861,Cyprus,CY,CY0,CY00,CY000,Κύπρος,579.495416666774,2.58694444445,4.02636904761667,552.708065476299,-2.78835317459998,-3.9382936508
CY2862,Cyprus,CY,CY0,CY00,CY000,Κύπρος,579.495416666774,2.58694444445,4.02636904761667,552.708065476299,-2.78835317459998,-3.9382936508
CY2863,Cyprus,CY,CY0,CY00,CY000,Κύπρος,579.495416666774,2.58694444445,4.02636904761667,552.708065476299,-2.78835317459998,-3.9382936508
CY2864,Cyprus,CY,CY0,CY00,CY000,Κύπρος,579.495416666774,2.58694444445,4.02636904761667,552.708065476299,-2.78835317459998,-3.9382936508
CY2866,Cyprus,CY,CY0,CY00,CY000,Κύπρος,579.495416666774,2.58694444445,4.02636904761667,552.708065476299,-2.78835317459998,-3.9382936508
CY2867,Cyprus,CY,CY0,CY00,CY000,Κύπρος,579.495416666774,2.58694444445,4.02636904761667,552.708065476299,-2.78835317459998,-3.9382936508
CY2869,Cyprus,CY,CY0,CY00,CY000,Κύπρος,579.495416666774,2.58694444445,4.02636904761667,552.708065476299,-2.78835317459998,-3.9382936508
CY2900,Cyprus,CY,CY0,CY00,CY000,Κύπρος,579.495416666774,2.58694444445,4.02636904761667,552.708065476299,-2.78835317459998,-3.9382936508
CY2920,Cyprus,CY,CY0,CY00,CY000,Κύπρος,579.495416666774,2.58694444445,4.02636904761667,552.708065476299,-2.78835317459998,-3.9382936508
CY2940,Cyprus,CY,CY0,CY00,CY000,Κύπρος,579.495416666774,2.58694444445,4.02636904761667,552.708065476299,-2.78835317459998,-3.9382936508
CY2950,Cyprus,CY,CY0,CY00,CY000,Κύπρος,579.495416666774,2.58694444445,4.02636904761667,552.708065476299,-2.78835317459998,-3.9382936508
CY2951,Cyprus,CY,CY0,CY00,CY000,Κύπρος,579.495416666774,2.58694444445,4.02636904761667,552.708065476299,-2.78835317459998,-3.9382936508
CY2953,Cyprus,CY,CY0,CY00,CY000,Κύπρος,579.495416666774,2.58694444445,4.02636904761667,552.708065476299,-2.78835317459998,-3.9382936508
CY2955,Cyprus,CY,CY0,CY00,CY000,Κύπρος,579.495416666774,2.58694444445,4.02636904761667,552.708065476299,-2.78835317459998,-3.9382936508
CY2958,Cyprus,CY,CY0,CY00,CY000,Κύπρος,579.495416666774,2.58694444445,4.02636904761667,552.708065476299,-2.78835317459998,-3.9382936508
CY2959,Cyprus,CY,CY0,CY00,CY000,Κύπρος,579.495416666774,2.58694444445,4.02636904761667,552.708065476299,-2.78835317459998,-3.9382936508
CY2960,Cyprus,CY,CY0,CY00,CY000,Κύπρος,579.495416666774,2.58694444445,4.02636904761667,552.708065476299,-2.78835317459998,-3.9382936508
CY2961,Cyprus,CY,CY0,CY00,CY000,Κύπρος,579.495416666774,2.58694444445,4.02636904761667,552.708065476299,-2.78835317459998,-3.9382936508
CY2962,Cyprus,CY,CY0,CY00,CY000,Κύπρος,579.495416666774,2.58694444445,4.02636904761667,552.708065476299,-2.78835317459998,-3.9382936508
CY2964,Cyprus,CY,CY0,CY00,CY000,Κύπρος,579.495416666774,2.58694444445,4.02636904761667,552.708065476299,-2.78835317459998,-3.9382936508
CY3010,Cyprus,CY,CY0,CY00,CY000,Κύπρος,579.495416666774,2.58694444445,4.02636904761667,552.708065476299,-2.78835317459998,-3.9382936508
CY3011,Cyprus,CY,CY0,CY00,CY000,Κύπρος,579.495416666774,2.58694444445,4.02636904761667,552.708065476299,-2.78835317459998,-3.9382936508
CY3012,Cyprus,CY,CY0,CY00,CY000,Κύπρος,579.495416666774,2.58694444445,4.02636904761667,552.708065476299,-2.78835317459998,-3.9382936508
CY3013,Cyprus,CY,CY0,CY00,CY000,Κύπρος,579.495416666774,2.58694444445,4.02636904761667,552.708065476299,-2.78835317459998,-3.9382936508
CY3015,Cyprus,CY,CY0,CY00,CY000,Κύπρος,579.495416666774,2.58694444445,4.02636904761667,552.708065476299,-2.78835317459998,-3.9382936508
CY3016,Cyprus,CY,CY0,CY00,CY000,Κύπρος,579.495416666774,2.58694444445,4.02636904761667,552.708065476299,-2.78835317459998,-3.9382936508
CY3017,Cyprus,CY,CY0,CY00,CY000,Κύπρος,579.495416666774,2.58694444445,4.02636904761667,552.708065476299,-2.78835317459998,-3.9382936508
CY3020,Cyprus,CY,CY0,CY00,CY000,Κύπρος,579.495416666774,2.58694444445,4.02636904761667,552.708065476299,-2.78835317459998,-3.9382936508
CY3021,Cyprus,CY,CY0,CY00,CY000,Κύπρος,579.495416666774,2.58694444445,4.02636904761667,552.708065476299,-2.78835317459998,-3.9382936508
CY3022,Cyprus,CY,CY0,CY00,CY000,Κύπρος,579.495416666774,2.58694444445,4.02636904761667,552.708065476299,-2.78835317459998,-3.9382936508
CY3025,Cyprus,CY,CY0,CY00,CY000,Κύπρος,579.495416666774,2.58694444445,4.02636904761667,552.708065476299,-2.78835317459998,-3.9382936508
CY3026,Cyprus,CY,CY0,CY00,CY000,Κύπρος,579.495416666774,2.58694444445,4.02636904761667,552.708065476299,-2.78835317459998,-3.9382936508
CY3027,Cyprus,CY,CY0,CY00,CY000,Κύπρος,579.495416666774,2.58694444445,4.02636904761667,552.708065476299,-2.78835317459998,-3.9382936508
CY3030,Cyprus,CY,CY0,CY00,CY000,Κύπρος,579.495416666774,2.58694444445,4.02636904761667,552.708065476299,-2.78835317459998,-3.9382936508
CY3031,Cyprus,CY,CY0,CY00,CY000,Κύπρος,579.495416666774,2.58694444445,4.02636904761667,552.708065476299,-2.78835317459998,-3.9382936508
CY3032,Cyprus,CY,CY0,CY00,CY000,Κύπρος,579.495416666774,2.58694444445,4.02636904761667,552.708065476299,-2.78835317459998,-3.9382936508
CY3033,Cyprus,CY,CY0,CY00,CY000,Κύπρος,579.495416666774,2.58694444445,4.02636904761667,552.708065476299,-2.78835317459998,-3.9382936508
CY3035,Cyprus,CY,CY0,CY00,CY000,Κύπρος,579.495416666774,2.58694444445,4.02636904761667,552.708065476299,-2.78835317459998,-3.9382936508
CY3036,Cyprus,CY,CY0,CY00,CY000,Κύπρος,579.495416666774,2.58694444445,4.02636904761667,552.708065476299,-2.78835317459998,-3.9382936508
CY3040,Cyprus,CY,CY0,CY00,CY000,Κύπρος,579.495416666774,2.58694444445,4.02636904761667,552.708065476299,-2.78835317459998,-3.9382936508
CY3041,Cyprus,CY,CY0,CY00,CY000,Κύπρος,579.495416666774,2.58694444445,4.02636904761667,552.708065476299,-2.78835317459998,-3.9382936508
CY3042,Cyprus,CY,CY0,CY00,CY000,Κύπρος,579.495416666774,2.58694444445,4.02636904761667,552.708065476299,-2.78835317459998,-3.9382936508
CY3045,Cyprus,CY,CY0,CY00,CY000,Κύπρος,579.495416666774,2.58694444445,4.02636904761667,552.708065476299,-2.78835317459998,-3.9382936508
CY3046,Cyprus,CY,CY0,CY00,CY000,Κύπρος,579.495416666774,2.58694444445,4.02636904761667,552.708065476299,-2.78835317459998,-3.9382936508
CY3047,Cyprus,CY,CY0,CY00,CY000,Κύπρος,579.495416666774,2.58694444445,4.02636904761667,552.708065476299,-2.78835317459998,-3.9382936508
CY3048,Cyprus,CY,CY0,CY00,CY000,Κύπρος,579.495416666774,2.58694444445,4.02636904761667,552.708065476299,-2.78835317459998,-3.9382936508
CY3050,Cyprus,CY,CY0,CY00,CY000,Κύπρος,579.495416666774,2.58694444445,4.02636904761667,552.708065476299,-2.78835317459998,-3.9382936508
CY3051,Cyprus,CY,CY0,CY00,CY000,Κύπρος,579.495416666774,2.58694444445,4.02636904761667,552.708065476299,-2.78835317459998,-3.9382936508
CY3052,Cyprus,CY,CY0,CY00,CY000,Κύπρος,579.495416666774,2.58694444445,4.02636904761667,552.708065476299,-2.78835317459998,-3.9382936508
CY3055,Cyprus,CY,CY0,CY00,CY000,Κύπρος,579.495416666774,2.58694444445,4.02636904761667,552.708065476299,-2.78835317459998,-3.9382936508
CY3056,Cyprus,CY,CY0,CY00,CY000,Κύπρος,579.495416666774,2.58694444445,4.02636904761667,552.708065476299,-2.78835317459998,-3.9382936508
CY3060,Cyprus,CY,CY0,CY00,CY000,Κύπρος,579.495416666774,2.58694444445,4.02636904761667,552.708065476299,-2.78835317459998,-3.9382936508
CY3061,Cyprus,CY,CY0,CY00,CY000,Κύπρος,579.495416666774,2.58694444445,4.02636904761667,552.708065476299,-2.78835317459998,-3.9382936508
CY3065,Cyprus,CY,CY0,CY00,CY000,Κύπρος,579.495416666774,2.58694444445,4.02636904761667,552.708065476299,-2.78835317459998,-3.9382936508
CY3067,Cyprus,CY,CY0,CY00,CY000,Κύπρος,579.495416666774,2.58694444445,4.02636904761667,552.708065476299,-2.78835317459998,-3.9382936508
CY3070,Cyprus,CY,CY0,CY00,CY000,Κύπρος,579.495416666774,2.58694444445,4.02636904761667,552.708065476299,-2.78835317459998,-3.9382936508
CY3071,Cyprus,CY,CY0,CY00,CY000,Κύπρος,579.495416666774,2.58694444445,4.02636904761667,552.708065476299,-2.78835317459998,-3.9382936508
CY3075,Cyprus,CY,CY0,CY00,CY000,Κύπρος,579.495416666774,2.58694444445,4.02636904761667,552.708065476299,-2.78835317459998,-3.9382936508
CY3076,Cyprus,CY,CY0,CY00,CY000,Κύπρος,579.495416666774,2.58694444445,4.02636904761667,552.708065476299,-2.78835317459998,-3.9382936508
CY3077,Cyprus,CY,CY0,CY00,CY000,Κύπρος,579.495416666774,2.58694444445,4.02636904761667,552.708065476299,-2.78835317459998,-3.9382936508
CY3080,Cyprus,CY,CY0,CY00,CY000,Κύπρος,579.495416666774,2.58694444445,4.02636904761667,552.708065476299,-2.78835317459998,-3.9382936508
CY3081,Cyprus,CY,CY0,CY00,CY000,Κύπρος,579.495416666774,2.58694444445,4.02636904761667,552.708065476299,-2.78835317459998,-3.9382936508
CY3082,Cyprus,CY,CY0,CY00,CY000,Κύπρος,579.495416666774,2.58694444445,4.02636904761667,552.708065476299,-2.78835317459998,-3.9382936508
CY3083,Cyprus,CY,CY0,CY00,CY000,Κύπρος,579.495416666774,2.58694444445,4.02636904761667,552.708065476299,-2.78835317459998,-3.9382936508
CY3085,Cyprus,CY,CY0,CY00,CY000,Κύπρος,579.495416666774,2.58694444445,4.02636904761667,552.708065476299,-2.78835317459998,-3.9382936508
CY3086,Cyprus,CY,CY0,CY00,CY000,Κύπρος,579.495416666774,2.58694444445,4.02636904761667,552.708065476299,-2.78835317459998,-3.9382936508
CY3087,Cyprus,CY,CY0,CY00,CY000,Κύπρος,579.495416666774,2.58694444445,4.02636904761667,552.708065476299,-2.78835317459998,-3.9382936508
CY3090,Cyprus,CY,CY0,CY00,CY000,Κύπρος,579.495416666774,2.58694444445,4.02636904761667,552.708065476299,-2.78835317459998,-3.9382936508
CY3091,Cyprus,CY,CY0,CY00,CY000,Κύπρος,579.495416666774,2.58694444445,4.02636904761667,552.708065476299,-2.78835317459998,-3.9382936508
CY3095,Cyprus,CY,CY0,CY00,CY000,Κύπρος,579.495416666774,2.58694444445,4.02636904761667,552.708065476299,-2.78835317459998,-3.9382936508
CY3096,Cyprus,CY,CY0,CY00,CY000,Κύπρος,579.495416666774,2.58694444445,4.02636904761667,552.708065476299,-2.78835317459998,-3.9382936508
CY3100,Cyprus,CY,CY0,CY00,CY000,Κύπρος,579.495416666774,2.58694444445,4.02636904761667,552.708065476299,-2.78835317459998,-3.9382936508
CY3101,Cyprus,CY,CY0,CY00,CY000,Κύπρος,579.495416666774,2.58694444445,4.02636904761667,552.708065476299,-2.78835317459998,-3.9382936508
CY3105,Cyprus,CY,CY0,CY00,CY000,Κύπρος,579.495416666774,2.58694444445,4.02636904761667,552.708065476299,-2.78835317459998,-3.9382936508
CY3106,Cyprus,CY,CY0,CY00,CY000,Κύπρος,579.495416666774,2.58694444445,4.02636904761667,552.708065476299,-2.78835317459998,-3.9382936508
CY3107,Cyprus,CY,CY0,CY00,CY000,Κύπρος,579.495416666774,2.58694444445,4.02636904761667,552.708065476299,-2.78835317459998,-3.9382936508
CY3110,Cyprus,CY,CY0,CY00,CY000,Κύπρος,579.495416666774,2.58694444445,4.02636904761667,552.708065476299,-2.78835317459998,-3.9382936508
CY3111,Cyprus,CY,CY0,CY00,CY000,Κύπρος,579.495416666774,2.58694444445,4.02636904761667,552.708065476299,-2.78835317459998,-3.9382936508
CY3112,Cyprus,CY,CY0,CY00,CY000,Κύπρος,579.495416666774,2.58694444445,4.02636904761667,552.708065476299,-2.78835317459998,-3.9382936508
CY3113,Cyprus,CY,CY0,CY00,CY000,Κύπρος,579.495416666774,2.58694444445,4.02636904761667,552.708065476299,-2.78835317459998,-3.9382936508
CY3115,Cyprus,CY,CY0,CY00,CY000,Κύπρος,579.495416666774,2.58694444445,4.02636904761667,552.708065476299,-2.78835317459998,-3.9382936508
CY3116,Cyprus,CY,CY0,CY00,CY000,Κύπρος,579.495416666774,2.58694444445,4.02636904761667,552.708065476299,-2.78835317459998,-3.9382936508
CY3117,Cyprus,CY,CY0,CY00,CY000,Κύπρος,579.495416666774,2.58694444445,4.02636904761667,552.708065476299,-2.78835317459998,-3.9382936508
CY3118,Cyprus,CY,CY0,CY00,CY000,Κύπρος,579.495416666774,2.58694444445,4.02636904761667,552.708065476299,-2.78835317459998,-3.9382936508
CY3119,Cyprus,CY,CY0,CY00,CY000,Κύπρος,579.495416666774,2.58694444445,4.02636904761667,552.708065476299,-2.78835317459998,-3.9382936508
CY3120,Cyprus,CY,CY0,CY00,CY000,Κύπρος,579.495416666774,2.58694444445,4.02636904761667,552.708065476299,-2.78835317459998,-3.9382936508
CY4000,Cyprus,CY,CY0,CY00,CY000,Κύπρος,579.495416666774,2.58694444445,4.02636904761667,552.708065476299,-2.78835317459998,-3.9382936508
CY4001,Cyprus,CY,CY0,CY00,CY000,Κύπρος,579.495416666774,2.58694444445,4.02636904761667,552.708065476299,-2.78835317459998,-3.9382936508
CY4002,Cyprus,CY,CY0,CY00,CY000,Κύπρος,579.495416666774,2.58694444445,4.02636904761667,552.708065476299,-2.78835317459998,-3.9382936508
CY4003,Cyprus,CY,CY0,CY00,CY000,Κύπρος,579.495416666774,2.58694444445,4.02636904761667,552.708065476299,-2.78835317459998,-3.9382936508
CY4004,Cyprus,CY,CY0,CY00,CY000,Κύπρος,579.495416666774,2.58694444445,4.02636904761667,552.708065476299,-2.78835317459998,-3.9382936508
CY4005,Cyprus,CY,CY0,CY00,CY000,Κύπρος,579.495416666774,2.58694444445,4.02636904761667,552.708065476299,-2.78835317459998,-3.9382936508
CY4006,Cyprus,CY,CY0,CY00,CY000,Κύπρος,579.495416666774,2.58694444445,4.02636904761667,552.708065476299,-2.78835317459998,-3.9382936508
CY4007,Cyprus,CY,CY0,CY00,CY000,Κύπρος,579.495416666774,2.58694444445,4.02636904761667,552.708065476299,-2.78835317459998,-3.9382936508
CY4008,Cyprus,CY,CY0,CY00,CY000,Κύπρος,579.495416666774,2.58694444445,4.02636904761667,552.708065476299,-2.78835317459998,-3.9382936508
CY4041,Cyprus,CY,CY0,CY00,CY000,Κύπρος,579.495416666774,2.58694444445,4.02636904761667,552.708065476299,-2.78835317459998,-3.9382936508
CY4042,Cyprus,CY,CY0,CY00,CY000,Κύπρος,579.495416666774,2.58694444445,4.02636904761667,552.708065476299,-2.78835317459998,-3.9382936508
CY4043,Cyprus,CY,CY0,CY00,CY000,Κύπρος,579.495416666774,2.58694444445,4.02636904761667,552.708065476299,-2.78835317459998,-3.9382936508
CY4044,Cyprus,CY,CY0,CY00,CY000,Κύπρος,579.495416666774,2.58694444445,4.02636904761667,552.708065476299,-2.78835317459998,-3.9382936508
CY4045,Cyprus,CY,CY0,CY00,CY000,Κύπρος,579.495416666774,2.58694444445,4.02636904761667,552.708065476299,-2.78835317459998,-3.9382936508
CY4046,Cyprus,CY,CY0,CY00,CY000,Κύπρος,579.495416666774,2.58694444445,4.02636904761667,552.708065476299,-2.78835317459998,-3.9382936508
CY4047,Cyprus,CY,CY0,CY00,CY000,Κύπρος,579.495416666774,2.58694444445,4.02636904761667,552.708065476299,-2.78835317459998,-3.9382936508
CY4048,Cyprus,CY,CY0,CY00,CY000,Κύπρος,579.495416666774,2.58694444445,4.02636904761667,552.708065476299,-2.78835317459998,-3.9382936508
CY4100,Cyprus,CY,CY0,CY00,CY000,Κύπρος,579.495416666774,2.58694444445,4.02636904761667,552.708065476299,-2.78835317459998,-3.9382936508
CY4101,Cyprus,CY,CY0,CY00,CY000,Κύπρος,579.495416666774,2.58694444445,4.02636904761667,552.708065476299,-2.78835317459998,-3.9382936508
CY4102,Cyprus,CY,CY0,CY00,CY000,Κύπρος,579.495416666774,2.58694444445,4.02636904761667,552.708065476299,-2.78835317459998,-3.9382936508
CY4103,Cyprus,CY,CY0,CY00,CY000,Κύπρος,579.495416666774,2.58694444445,4.02636904761667,552.708065476299,-2.78835317459998,-3.9382936508
CY4104,Cyprus,CY,CY0,CY00,CY000,Κύπρος,579.495416666774,2.58694444445,4.02636904761667,552.708065476299,-2.78835317459998,-3.9382936508
CY4105,Cyprus,CY,CY0,CY00,CY000,Κύπρος,579.495416666774,2.58694444445,4.02636904761667,552.708065476299,-2.78835317459998,-3.9382936508
CY4106,Cyprus,CY,CY0,CY00,CY000,Κύπρος,579.495416666774,2.58694444445,4.02636904761667,552.708065476299,-2.78835317459998,-3.9382936508
CY4107,Cyprus,CY,CY0,CY00,CY000,Κύπρος,579.495416666774,2.58694444445,4.02636904761667,552.708065476299,-2.78835317459998,-3.9382936508
CY4108,Cyprus,CY,CY0,CY00,CY000,Κύπρος,579.495416666774,2.58694444445,4.02636904761667,552.708065476299,-2.78835317459998,-3.9382936508
CY4130,Cyprus,CY,CY0,CY00,CY000,Κύπρος,579.495416666774,2.58694444445,4.02636904761667,552.708065476299,-2.78835317459998,-3.9382936508
CY4131,Cyprus,CY,CY0,CY00,CY000,Κύπρος,579.495416666774,2.58694444445,4.02636904761667,552.708065476299,-2.78835317459998,-3.9382936508
CY4150,Cyprus,CY,CY0,CY00,CY000,Κύπρος,579.495416666774,2.58694444445,4.02636904761667,552.708065476299,-2.78835317459998,-3.9382936508
CY4151,Cyprus,CY,CY0,CY00,CY000,Κύπρος,579.495416666774,2.58694444445,4.02636904761667,552.708065476299,-2.78835317459998,-3.9382936508
CY4152,Cyprus,CY,CY0,CY00,CY000,Κύπρος,579.495416666774,2.58694444445,4.02636904761667,552.708065476299,-2.78835317459998,-3.9382936508
CY4153,Cyprus,CY,CY0,CY00,CY000,Κύπρος,579.495416666774,2.58694444445,4.02636904761667,552.708065476299,-2.78835317459998,-3.9382936508
CY4154,Cyprus,CY,CY0,CY00,CY000,Κύπρος,579.495416666774,2.58694444445,4.02636904761667,552.708065476299,-2.78835317459998,-3.9382936508
CY4155,Cyprus,CY,CY0,CY00,CY000,Κύπρος,579.495416666774,2.58694444445,4.02636904761667,552.708065476299,-2.78835317459998,-3.9382936508
CY4156,Cyprus,CY,CY0,CY00,CY000,Κύπρος,579.495416666774,2.58694444445,4.02636904761667,552.708065476299,-2.78835317459998,-3.9382936508
CY4157,Cyprus,CY,CY0,CY00,CY000,Κύπρος,579.495416666774,2.58694444445,4.02636904761667,552.708065476299,-2.78835317459998,-3.9382936508
CY4158,Cyprus,CY,CY0,CY00,CY000,Κύπρος,579.495416666774,2.58694444445,4.02636904761667,552.708065476299,-2.78835317459998,-3.9382936508
CY4159,Cyprus,CY,CY0,CY00,CY000,Κύπρος,579.495416666774,2.58694444445,4.02636904761667,552.708065476299,-2.78835317459998,-3.9382936508
CY4170,Cyprus,CY,CY0,CY00,CY000,Κύπρος,579.495416666774,2.58694444445,4.02636904761667,552.708065476299,-2.78835317459998,-3.9382936508
CY4180,Cyprus,CY,CY0,CY00,CY000,Κύπρος,579.495416666774,2.58694444445,4.02636904761667,552.708065476299,-2.78835317459998,-3.9382936508
CY4181,Cyprus,CY,CY0,CY00,CY000,Κύπρος,579.495416666774,2.58694444445,4.02636904761667,552.708065476299,-2.78835317459998,-3.9382936508
CY4182,Cyprus,CY,CY0,CY00,CY000,Κύπρος,579.495416666774,2.58694444445,4.02636904761667,552.708065476299,-2.78835317459998,-3.9382936508
CY4183,Cyprus,CY,CY0,CY00,CY000,Κύπρος,579.495416666774,2.58694444445,4.02636904761667,552.708065476299,-2.78835317459998,-3.9382936508
CY4184,Cyprus,CY,CY0,CY00,CY000,Κύπρος,579.495416666774,2.58694444445,4.02636904761667,552.708065476299,-2.78835317459998,-3.9382936508
CY4185,Cyprus,CY,CY0,CY00,CY000,Κύπρος,579.495416666774,2.58694444445,4.02636904761667,552.708065476299,-2.78835317459998,-3.9382936508
CY4186,Cyprus,CY,CY0,CY00,CY000,Κύπρος,579.495416666774,2.58694444445,4.02636904761667,552.708065476299,-2.78835317459998,-3.9382936508
CY4187,Cyprus,CY,CY0,CY00,CY000,Κύπρος,579.495416666774,2.58694444445,4.02636904761667,552.708065476299,-2.78835317459998,-3.9382936508
CY4188,Cyprus,CY,CY0,CY00,CY000,Κύπρος,579.495416666774,2.58694444445,4.02636904761667,552.708065476299,-2.78835317459998,-3.9382936508
CY4189,Cyprus,CY,CY0,CY00,CY000,Κύπρος,579.495416666774,2.58694444445,4.02636904761667,552.708065476299,-2.78835317459998,-3.9382936508
CY4190,Cyprus,CY,CY0,CY00,CY000,Κύπρος,579.495416666774,2.58694444445,4.02636904761667,552.708065476299,-2.78835317459998,-3.9382936508
CY4191,Cyprus,CY,CY0,CY00,CY000,Κύπρος,579.495416666774,2.58694444445,4.02636904761667,552.708065476299,-2.78835317459998,-3.9382936508
CY4192,Cyprus,CY,CY0,CY00,CY000,Κύπρος,579.495416666774,2.58694444445,4.02636904761667,552.708065476299,-2.78835317459998,-3.9382936508
CY4193,Cyprus,CY,CY0,CY00,CY000,Κύπρος,579.495416666774,2.58694444445,4.02636904761667,552.708065476299,-2.78835317459998,-3.9382936508
CY4194,Cyprus,CY,CY0,CY00,CY000,Κύπρος,579.495416666774,2.58694444445,4.02636904761667,552.708065476299,-2.78835317459998,-3.9382936508
CY4500,Cyprus,CY,CY0,CY00,CY000,Κύπρος,579.495416666774,2.58694444445,4.02636904761667,552.708065476299,-2.78835317459998,-3.9382936508
CY4501,Cyprus,CY,CY0,CY00,CY000,Κύπρος,579.495416666774,2.58694444445,4.02636904761667,552.708065476299,-2.78835317459998,-3.9382936508
CY4502,Cyprus,CY,CY0,CY00,CY000,Κύπρος,579.495416666774,2.58694444445,4.02636904761667,552.708065476299,-2.78835317459998,-3.9382936508
CY4504,Cyprus,CY,CY0,CY00,CY000,Κύπρος,579.495416666774,2.58694444445,4.02636904761667,552.708065476299,-2.78835317459998,-3.9382936508
CY4505,Cyprus,CY,CY0,CY00,CY000,Κύπρος,579.495416666774,2.58694444445,4.02636904761667,552.708065476299,-2.78835317459998,-3.9382936508
CY4506,Cyprus,CY,CY0,CY00,CY000,Κύπρος,579.495416666774,2.58694444445,4.02636904761667,552.708065476299,-2.78835317459998,-3.9382936508
CY4510,Cyprus,CY,CY0,CY00,CY000,Κύπρος,579.495416666774,2.58694444445,4.02636904761667,552.708065476299,-2.78835317459998,-3.9382936508
CY4520,Cyprus,CY,CY0,CY00,CY000,Κύπρος,579.495416666774,2.58694444445,4.02636904761667,552.708065476299,-2.78835317459998,-3.9382936508
CY4521,Cyprus,CY,CY0,CY00,CY000,Κύπρος,579.495416666774,2.58694444445,4.02636904761667,552.708065476299,-2.78835317459998,-3.9382936508
CY4522,Cyprus,CY,CY0,CY00,CY000,Κύπρος,579.495416666774,2.58694444445,4.02636904761667,552.708065476299,-2.78835317459998,-3.9382936508
CY4523,Cyprus,CY,CY0,CY00,CY000,Κύπρος,579.495416666774,2.58694444445,4.02636904761667,552.708065476299,-2.78835317459998,-3.9382936508
CY4524,Cyprus,CY,CY0,CY00,CY000,Κύπρος,579.495416666774,2.58694444445,4.02636904761667,552.708065476299,-2.78835317459998,-3.9382936508
CY4525,Cyprus,CY,CY0,CY00,CY000,Κύπρος,579.495416666774,2.58694444445,4.02636904761667,552.708065476299,-2.78835317459998,-3.9382936508
CY4527,Cyprus,CY,CY0,CY00,CY000,Κύπρος,579.495416666774,2.58694444445,4.02636904761667,552.708065476299,-2.78835317459998,-3.9382936508
CY4528,Cyprus,CY,CY0,CY00,CY000,Κύπρος,579.495416666774,2.58694444445,4.02636904761667,552.708065476299,-2.78835317459998,-3.9382936508
CY4529,Cyprus,CY,CY0,CY00,CY000,Κύπρος,579.495416666774,2.58694444445,4.02636904761667,552.708065476299,-2.78835317459998,-3.9382936508
CY4530,Cyprus,CY,CY0,CY00,CY000,Κύπρος,579.495416666774,2.58694444445,4.02636904761667,552.708065476299,-2.78835317459998,-3.9382936508
CY4540,Cyprus,CY,CY0,CY00,CY000,Κύπρος,579.495416666774,2.58694444445,4.02636904761667,552.708065476299,-2.78835317459998,-3.9382936508
CY4541,Cyprus,CY,CY0,CY00,CY000,Κύπρος,579.495416666774,2.58694444445,4.02636904761667,552.708065476299,-2.78835317459998,-3.9382936508
CY4542,Cyprus,CY,CY0,CY00,CY000,Κύπρος,579.495416666774,2.58694444445,4.02636904761667,552.708065476299,-2.78835317459998,-3.9382936508
CY4543,Cyprus,CY,CY0,CY00,CY000,Κύπρος,579.495416666774,2.58694444445,4.02636904761667,552.708065476299,-2.78835317459998,-3.9382936508
CY4544,Cyprus,CY,CY0,CY00,CY000,Κύπρος,579.495416666774,2.58694444445,4.02636904761667,552.708065476299,-2.78835317459998,-3.9382936508
CY4545,Cyprus,CY,CY0,CY00,CY000,Κύπρος,579.495416666774,2.58694444445,4.02636904761667,552.708065476299,-2.78835317459998,-3.9382936508
CY4546,Cyprus,CY,CY0,CY00,CY000,Κύπρος,579.495416666774,2.58694444445,4.02636904761667,552.708065476299,-2.78835317459998,-3.9382936508
CY4547,Cyprus,CY,CY0,CY00,CY000,Κύπρος,579.495416666774,2.58694444445,4.02636904761667,552.708065476299,-2.78835317459998,-3.9382936508
CY4549,Cyprus,CY,CY0,CY00,CY000,Κύπρος,579.495416666774,2.58694444445,4.02636904761667,552.708065476299,-2.78835317459998,-3.9382936508
CY4550,Cyprus,CY,CY0,CY00,CY000,Κύπρος,579.495416666774,2.58694444445,4.02636904761667,552.708065476299,-2.78835317459998,-3.9382936508
CY4551,Cyprus,CY,CY0,CY00,CY000,Κύπρος,579.495416666774,2.58694444445,4.02636904761667,552.708065476299,-2.78835317459998,-3.9382936508
CY4560,Cyprus,CY,CY0,CY00,CY000,Κύπρος,579.495416666774,2.58694444445,4.02636904761667,552.708065476299,-2.78835317459998,-3.9382936508
CY4561,Cyprus,CY,CY0,CY00,CY000,Κύπρος,579.495416666774,2.58694444445,4.02636904761667,552.708065476299,-2.78835317459998,-3.9382936508
CY4562,Cyprus,CY,CY0,CY00,CY000,Κύπρος,579.495416666774,2.58694444445,4.02636904761667,552.708065476299,-2.78835317459998,-3.9382936508
CY4563,Cyprus,CY,CY0,CY00,CY000,Κύπρος,579.495416666774,2.58694444445,4.02636904761667,552.708065476299,-2.78835317459998,-3.9382936508
CY4564,Cyprus,CY,CY0,CY00,CY000,Κύπρος,579.495416666774,2.58694444445,4.02636904761667,552.708065476299,-2.78835317459998,-3.9382936508
CY4565,Cyprus,CY,CY0,CY00,CY000,Κύπρος,579.495416666774,2.58694444445,4.02636904761667,552.708065476299,-2.78835317459998,-3.9382936508
CY4566,Cyprus,CY,CY0,CY00,CY000,Κύπρος,579.495416666774,2.58694444445,4.02636904761667,552.708065476299,-2.78835317459998,-3.9382936508
CY4600,Cyprus,CY,CY0,CY00,CY000,Κύπρος,579.495416666774,2.58694444445,4.02636904761667,552.708065476299,-2.78835317459998,-3.9382936508
CY4601,Cyprus,CY,CY0,CY00,CY000,Κύπρος,579.495416666774,2.58694444445,4.02636904761667,552.708065476299,-2.78835317459998,-3.9382936508
CY4602,Cyprus,CY,CY0,CY00,CY000,Κύπρος,579.495416666774,2.58694444445,4.02636904761667,552.708065476299,-2.78835317459998,-3.9382936508
CY4603,Cyprus,CY,CY0,CY00,CY000,Κύπρος,579.495416666774,2.58694444445,4.02636904761667,552.708065476299,-2.78835317459998,-3.9382936508
CY4604,Cyprus,CY,CY0,CY00,CY000,Κύπρος,579.495416666774,2.58694444445,4.02636904761667,552.708065476299,-2.78835317459998,-3.9382936508
CY4605,Cyprus,CY,CY0,CY00,CY000,Κύπρος,579.495416666774,2.58694444445,4.02636904761667,552.708065476299,-2.78835317459998,-3.9382936508
CY4606,Cyprus,CY,CY0,CY00,CY000,Κύπρος,579.495416666774,2.58694444445,4.02636904761667,552.708065476299,-2.78835317459998,-3.9382936508
CY4607,Cyprus,CY,CY0,CY00,CY000,Κύπρος,579.495416666774,2.58694444445,4.02636904761667,552.708065476299,-2.78835317459998,-3.9382936508
CY4620,Cyprus,CY,CY0,CY00,CY000,Κύπρος,579.495416666774,2.58694444445,4.02636904761667,552.708065476299,-2.78835317459998,-3.9382936508
CY4630,Cyprus,CY,CY0,CY00,CY000,Κύπρος,579.495416666774,2.58694444445,4.02636904761667,552.708065476299,-2.78835317459998,-3.9382936508
CY4631,Cyprus,CY,CY0,CY00,CY000,Κύπρος,579.495416666774,2.58694444445,4.02636904761667,552.708065476299,-2.78835317459998,-3.9382936508
CY4632,Cyprus,CY,CY0,CY00,CY000,Κύπρος,579.495416666774,2.58694444445,4.02636904761667,552.708065476299,-2.78835317459998,-3.9382936508
CY4633,Cyprus,CY,CY0,CY00,CY000,Κύπρος,579.495416666774,2.58694444445,4.02636904761667,552.708065476299,-2.78835317459998,-3.9382936508
CY4640,Cyprus,CY,CY0,CY00,CY000,Κύπρος,579.495416666774,2.58694444445,4.02636904761667,552.708065476299,-2.78835317459998,-3.9382936508
CY4645,Cyprus,CY,CY0,CY00,CY000,Κύπρος,579.495416666774,2.58694444445,4.02636904761667,552.708065476299,-2.78835317459998,-3.9382936508
CY4651,Cyprus,CY,CY0,CY00,CY000,Κύπρος,579.495416666774,2.58694444445,4.02636904761667,552.708065476299,-2.78835317459998,-3.9382936508
CY4652,Cyprus,CY,CY0,CY00,CY000,Κύπρος,579.495416666774,2.58694444445,4.02636904761667,552.708065476299,-2.78835317459998,-3.9382936508
CY4700,Cyprus,CY,CY0,CY00,CY000,Κύπρος,579.495416666774,2.58694444445,4.02636904761667,552.708065476299,-2.78835317459998,-3.9382936508
CY4710,Cyprus,CY,CY0,CY00,CY000,Κύπρος,579.495416666774,2.58694444445,4.02636904761667,552.708065476299,-2.78835317459998,-3.9382936508
CY4711,Cyprus,CY,CY0,CY00,CY000,Κύπρος,579.495416666774,2.58694444445,4.02636904761667,552.708065476299,-2.78835317459998,-3.9382936508
CY4712,Cyprus,CY,CY0,CY00,CY000,Κύπρος,579.495416666774,2.58694444445,4.02636904761667,552.708065476299,-2.78835317459998,-3.9382936508
CY4713,Cyprus,CY,CY0,CY00,CY000,Κύπρος,579.495416666774,2.58694444445,4.02636904761667,552.708065476299,-2.78835317459998,-3.9382936508
CY4715,Cyprus,CY,CY0,CY00,CY000,Κύπρος,579.495416666774,2.58694444445,4.02636904761667,552.708065476299,-2.78835317459998,-3.9382936508
CY4716,Cyprus,CY,CY0,CY00,CY000,Κύπρος,579.495416666774,2.58694444445,4.02636904761667,552.708065476299,-2.78835317459998,-3.9382936508
CY4717,Cyprus,CY,CY0,CY00,CY000,Κύπρος,579.495416666774,2.58694444445,4.02636904761667,552.708065476299,-2.78835317459998,-3.9382936508
CY4730,Cyprus,CY,CY0,CY00,CY000,Κύπρος,579.495416666774,2.58694444445,4.02636904761667,552.708065476299,-2.78835317459998,-3.9382936508
CY4740,Cyprus,CY,CY0,CY00,CY000,Κύπρος,579.495416666774,2.58694444445,4.02636904761667,552.708065476299,-2.78835317459998,-3.9382936508
CY4741,Cyprus,CY,CY0,CY00,CY000,Κύπρος,579.495416666774,2.58694444445,4.02636904761667,552.708065476299,-2.78835317459998,-3.9382936508
CY4742,Cyprus,CY,CY0,CY00,CY000,Κύπρος,579.495416666774,2.58694444445,4.02636904761667,552.708065476299,-2.78835317459998,-3.9382936508
CY4743,Cyprus,CY,CY0,CY00,CY000,Κύπρος,579.495416666774,2.58694444445,4.02636904761667,552.708065476299,-2.78835317459998,-3.9382936508
CY4744,Cyprus,CY,CY0,CY00,CY000,Κύπρος,579.495416666774,2.58694444445,4.02636904761667,552.708065476299,-2.78835317459998,-3.9382936508
CY4746,Cyprus,CY,CY0,CY00,CY000,Κύπρος,579.495416666774,2.58694444445,4.02636904761667,552.708065476299,-2.78835317459998,-3.9382936508
CY4747,Cyprus,CY,CY0,CY00,CY000,Κύπρος,579.495416666774,2.58694444445,4.02636904761667,552.708065476299,-2.78835317459998,-3.9382936508
CY4750,Cyprus,CY,CY0,CY00,CY000,Κύπρος,579.495416666774,2.58694444445,4.02636904761667,552.708065476299,-2.78835317459998,-3.9382936508
CY4760,Cyprus,CY,CY0,CY00,CY000,Κύπρος,579.495416666774,2.58694444445,4.02636904761667,552.708065476299,-2.78835317459998,-3.9382936508
CY4770,Cyprus,CY,CY0,CY00,CY000,Κύπρος,579.495416666774,2.58694444445,4.02636904761667,552.708065476299,-2.78835317459998,-3.9382936508
CY4771,Cyprus,CY,CY0,CY00,CY000,Κύπρος,579.495416666774,2.58694444445,4.02636904761667,552.708065476299,-2.78835317459998,-3.9382936508
CY4772,Cyprus,CY,CY0,CY00,CY000,Κύπρος,579.495416666774,2.58694444445,4.02636904761667,552.708065476299,-2.78835317459998,-3.9382936508
CY4774,Cyprus,CY,CY0,CY00,CY000,Κύπρος,579.495416666774,2.58694444445,4.02636904761667,552.708065476299,-2.78835317459998,-3.9382936508
CY4775,Cyprus,CY,CY0,CY00,CY000,Κύπρος,579.495416666774,2.58694444445,4.02636904761667,552.708065476299,-2.78835317459998,-3.9382936508
CY4776,Cyprus,CY,CY0,CY00,CY000,Κύπρος,579.495416666774,2.58694444445,4.02636904761667,552.708065476299,-2.78835317459998,-3.9382936508
CY4777,Cyprus,CY,CY0,CY00,CY000,Κύπρος,579.495416666774,2.58694444445,4.02636904761667,552.708065476299,-2.78835317459998,-3.9382936508
CY4778,Cyprus,CY,CY0,CY00,CY000,Κύπρος,579.495416666774,2.58694444445,4.02636904761667,552.708065476299,-2.78835317459998,-3.9382936508
CY4779,Cyprus,CY,CY0,CY00,CY000,Κύπρος,579.495416666774,2.58694444445,4.02636904761667,552.708065476299,-2.78835317459998,-3.9382936508
CY4780,Cyprus,CY,CY0,CY00,CY000,Κύπρος,579.495416666774,2.58694444445,4.02636904761667,552.708065476299,-2.78835317459998,-3.9382936508
CY4810,Cyprus,CY,CY0,CY00,CY000,Κύπρος,579.495416666774,2.58694444445,4.02636904761667,552.708065476299,-2.78835317459998,-3.9382936508
CY4811,Cyprus,CY,CY0,CY00,CY000,Κύπρος,579.495416666774,2.58694444445,4.02636904761667,552.708065476299,-2.78835317459998,-3.9382936508
CY4814,Cyprus,CY,CY0,CY00,CY000,Κύπρος,579.495416666774,2.58694444445,4.02636904761667,552.708065476299,-2.78835317459998,-3.9382936508
CY4815,Cyprus,CY,CY0,CY00,CY000,Κύπρος,579.495416666774,2.58694444445,4.02636904761667,552.708065476299,-2.78835317459998,-3.9382936508
CY4820,Cyprus,CY,CY0,CY00,CY000,Κύπρος,579.495416666774,2.58694444445,4.02636904761667,552.708065476299,-2.78835317459998,-3.9382936508
CY4840,Cyprus,CY,CY0,CY00,CY000,Κύπρος,579.495416666774,2.58694444445,4.02636904761667,552.708065476299,-2.78835317459998,-3.9382936508
CY4842,Cyprus,CY,CY0,CY00,CY000,Κύπρος,579.495416666774,2.58694444445,4.02636904761667,552.708065476299,-2.78835317459998,-3.9382936508
CY4843,Cyprus,CY,CY0,CY00,CY000,Κύπρος,579.495416666774,2.58694444445,4.02636904761667,552.708065476299,-2.78835317459998,-3.9382936508
CY4844,Cyprus,CY,CY0,CY00,CY000,Κύπρος,579.495416666774,2.58694444445,4.02636904761667,552.708065476299,-2.78835317459998,-3.9382936508
CY4845,Cyprus,CY,CY0,CY00,CY000,Κύπρος,579.495416666774,2.58694444445,4.02636904761667,552.708065476299,-2.78835317459998,-3.9382936508
CY4846,Cyprus,CY,CY0,CY00,CY000,Κύπρος,579.495416666774,2.58694444445,4.02636904761667,552.708065476299,-2.78835317459998,-3.9382936508
CY4860,Cyprus,CY,CY0,CY00,CY000,Κύπρος,579.495416666774,2.58694444445,4.02636904761667,552.708065476299,-2.78835317459998,-3.9382936508
CY4870,Cyprus,CY,CY0,CY00,CY000,Κύπρος,579.495416666774,2.58694444445,4.02636904761667,552.708065476299,-2.78835317459998,-3.9382936508
CY4871,Cyprus,CY,CY0,CY00,CY000,Κύπρος,579.495416666774,2.58694444445,4.02636904761667,552.708065476299,-2.78835317459998,-3.9382936508
CY4872,Cyprus,CY,CY0,CY00,CY000,Κύπρος,579.495416666774,2.58694444445,4.02636904761667,552.708065476299,-2.78835317459998,-3.9382936508
CY4873,Cyprus,CY,CY0,CY00,CY000,Κύπρος,579.495416666774,2.58694444445,4.02636904761667,552.708065476299,-2.78835317459998,-3.9382936508
CY4874,Cyprus,CY,CY0,CY00,CY000,Κύπρος,579.495416666774,2.58694444445,4.02636904761667,552.708065476299,-2.78835317459998,-3.9382936508
CY4875,Cyprus,CY,CY0,CY00,CY000,Κύπρος,579.495416666774,2.58694444445,4.02636904761667,552.708065476299,-2.78835317459998,-3.9382936508
CY4876,Cyprus,CY,CY0,CY00,CY000,Κύπρος,579.495416666774,2.58694444445,4.02636904761667,552.708065476299,-2.78835317459998,-3.9382936508
CY4878,Cyprus,CY,CY0,CY00,CY000,Κύπρος,579.495416666774,2.58694444445,4.02636904761667,552.708065476299,-2.78835317459998,-3.9382936508
CY4879,Cyprus,CY,CY0,CY00,CY000,Κύπρος,579.495416666774,2.58694444445,4.02636904761667,552.708065476299,-2.78835317459998,-3.9382936508
CY5280,Cyprus,CY,CY0,CY00,CY000,Κύπρος,579.495416666774,2.58694444445,4.02636904761667,552.708065476299,-2.78835317459998,-3.9382936508
CY5281,Cyprus,CY,CY0,CY00,CY000,Κύπρος,579.495416666774,2.58694444445,4.02636904761667,552.708065476299,-2.78835317459998,-3.9382936508
CY5282,Cyprus,CY,CY0,CY00,CY000,Κύπρος,579.495416666774,2.58694444445,4.02636904761667,552.708065476299,-2.78835317459998,-3.9382936508
CY5283,Cyprus,CY,CY0,CY00,CY000,Κύπρος,579.495416666774,2.58694444445,4.02636904761667,552.708065476299,-2.78835317459998,-3.9382936508
CY5284,Cyprus,CY,CY0,CY00,CY000,Κύπρος,579.495416666774,2.58694444445,4.02636904761667,552.708065476299,-2.78835317459998,-3.9382936508
CY5285,Cyprus,CY,CY0,CY00,CY000,Κύπρος,579.495416666774,2.58694444445,4.02636904761667,552.708065476299,-2.78835317459998,-3.9382936508
CY5286,Cyprus,CY,CY0,CY00,CY000,Κύπρος,579.495416666774,2.58694444445,4.02636904761667,552.708065476299,-2.78835317459998,-3.9382936508
CY5288,Cyprus,CY,CY0,CY00,CY000,Κύπρος,579.495416666774,2.58694444445,4.02636904761667,552.708065476299,-2.78835317459998,-3.9382936508
CY5289,Cyprus,CY,CY0,CY00,CY000,Κύπρος,579.495416666774,2.58694444445,4.02636904761667,552.708065476299,-2.78835317459998,-3.9382936508
CY5290,Cyprus,CY,CY0,CY00,CY000,Κύπρος,579.495416666774,2.58694444445,4.02636904761667,552.708065476299,-2.78835317459998,-3.9382936508
CY5291,Cyprus,CY,CY0,CY00,CY000,Κύπρος,579.495416666774,2.58694444445,4.02636904761667,552.708065476299,-2.78835317459998,-3.9382936508
CY5292,Cyprus,CY,CY0,CY00,CY000,Κύπρος,579.495416666774,2.58694444445,4.02636904761667,552.708065476299,-2.78835317459998,-3.9382936508
CY5295,Cyprus,CY,CY0,CY00,CY000,Κύπρος,579.495416666774,2.58694444445,4.02636904761667,552.708065476299,-2.78835317459998,-3.9382936508
CY5296,Cyprus,CY,CY0,CY00,CY000,Κύπρος,579.495416666774,2.58694444445,4.02636904761667,552.708065476299,-2.78835317459998,-3.9382936508
CY5297,Cyprus,CY,CY0,CY00,CY000,Κύπρος,579.495416666774,2.58694444445,4.02636904761667,552.708065476299,-2.78835317459998,-3.9382936508
CY5320,Cyprus,CY,CY0,CY00,CY000,Κύπρος,579.495416666774,2.58694444445,4.02636904761667,552.708065476299,-2.78835317459998,-3.9382936508
CY5330,Cyprus,CY,CY0,CY00,CY000,Κύπρος,579.495416666774,2.58694444445,4.02636904761667,552.708065476299,-2.78835317459998,-3.9382936508
CY5350,Cyprus,CY,CY0,CY00,CY000,Κύπρος,579.495416666774,2.58694444445,4.02636904761667,552.708065476299,-2.78835317459998,-3.9382936508
CY5370,Cyprus,CY,CY0,CY00,CY000,Κύπρος,579.495416666774,2.58694444445,4.02636904761667,552.708065476299,-2.78835317459998,-3.9382936508
CY5380,Cyprus,CY,CY0,CY00,CY000,Κύπρος,579.495416666774,2.58694444445,4.02636904761667,552.708065476299,-2.78835317459998,-3.9382936508
CY5390,Cyprus,CY,CY0,CY00,CY000,Κύπρος,579.495416666774,2.58694444445,4.02636904761667,552.708065476299,-2.78835317459998,-3.9382936508
CY5500,Cyprus,CY,CY0,CY00,CY000,Κύπρος,579.495416666774,2.58694444445,4.02636904761667,552.708065476299,-2.78835317459998,-3.9382936508
CY5510,Cyprus,CY,CY0,CY00,CY000,Κύπρος,579.495416666774,2.58694444445,4.02636904761667,552.708065476299,-2.78835317459998,-3.9382936508
CY6010,Cyprus,CY,CY0,CY00,CY000,Κύπρος,579.495416666774,2.58694444445,4.02636904761667,552.708065476299,-2.78835317459998,-3.9382936508
CY6011,Cyprus,CY,CY0,CY00,CY000,Κύπρος,579.495416666774,2.58694444445,4.02636904761667,552.708065476299,-2.78835317459998,-3.9382936508
CY6012,Cyprus,CY,CY0,CY00,CY000,Κύπρος,579.495416666774,2.58694444445,4.02636904761667,552.708065476299,-2.78835317459998,-3.9382936508
CY6013,Cyprus,CY,CY0,CY00,CY000,Κύπρος,579.495416666774,2.58694444445,4.02636904761667,552.708065476299,-2.78835317459998,-3.9382936508
CY6015,Cyprus,CY,CY0,CY00,CY000,Κύπρος,579.495416666774,2.58694444445,4.02636904761667,552.708065476299,-2.78835317459998,-3.9382936508
CY6016,Cyprus,CY,CY0,CY00,CY000,Κύπρος,579.495416666774,2.58694444445,4.02636904761667,552.708065476299,-2.78835317459998,-3.9382936508
CY6017,Cyprus,CY,CY0,CY00,CY000,Κύπρος,579.495416666774,2.58694444445,4.02636904761667,552.708065476299,-2.78835317459998,-3.9382936508
CY6018,Cyprus,CY,CY0,CY00,CY000,Κύπρος,579.495416666774,2.58694444445,4.02636904761667,552.708065476299,-2.78835317459998,-3.9382936508
CY6019,Cyprus,CY,CY0,CY00,CY000,Κύπρος,579.495416666774,2.58694444445,4.02636904761667,552.708065476299,-2.78835317459998,-3.9382936508
CY6020,Cyprus,CY,CY0,CY00,CY000,Κύπρος,579.495416666774,2.58694444445,4.02636904761667,552.708065476299,-2.78835317459998,-3.9382936508
CY6021,Cyprus,CY,CY0,CY00,CY000,Κύπρος,579.495416666774,2.58694444445,4.02636904761667,552.708065476299,-2.78835317459998,-3.9382936508
CY6022,Cyprus,CY,CY0,CY00,CY000,Κύπρος,579.495416666774,2.58694444445,4.02636904761667,552.708065476299,-2.78835317459998,-3.9382936508
CY6023,Cyprus,CY,CY0,CY00,CY000,Κύπρος,579.495416666774,2.58694444445,4.02636904761667,552.708065476299,-2.78835317459998,-3.9382936508
CY6025,Cyprus,CY,CY0,CY00,CY000,Κύπρος,579.495416666774,2.58694444445,4.02636904761667,552.708065476299,-2.78835317459998,-3.9382936508
CY6026,Cyprus,CY,CY0,CY00,CY000,Κύπρος,579.495416666774,2.58694444445,4.02636904761667,552.708065476299,-2.78835317459998,-3.9382936508
CY6027,Cyprus,CY,CY0,CY00,CY000,Κύπρος,579.495416666774,2.58694444445,4.02636904761667,552.708065476299,-2.78835317459998,-3.9382936508
CY6028,Cyprus,CY,CY0,CY00,CY000,Κύπρος,579.495416666774,2.58694444445,4.02636904761667,552.708065476299,-2.78835317459998,-3.9382936508
CY6030,Cyprus,CY,CY0,CY00,CY000,Κύπρος,579.495416666774,2.58694444445,4.02636904761667,552.708065476299,-2.78835317459998,-3.9382936508
CY6031,Cyprus,CY,CY0,CY00,CY000,Κύπρος,579.495416666774,2.58694444445,4.02636904761667,552.708065476299,-2.78835317459998,-3.9382936508
CY6035,Cyprus,CY,CY0,CY00,CY000,Κύπρος,579.495416666774,2.58694444445,4.02636904761667,552.708065476299,-2.78835317459998,-3.9382936508
CY6036,Cyprus,CY,CY0,CY00,CY000,Κύπρος,579.495416666774,2.58694444445,4.02636904761667,552.708065476299,-2.78835317459998,-3.9382936508
CY6037,Cyprus,CY,CY0,CY00,CY000,Κύπρος,579.495416666774,2.58694444445,4.02636904761667,552.708065476299,-2.78835317459998,-3.9382936508
CY6040,Cyprus,CY,CY0,CY00,CY000,Κύπρος,579.495416666774,2.58694444445,4.02636904761667,552.708065476299,-2.78835317459998,-3.9382936508
CY6041,Cyprus,CY,CY0,CY00,CY000,Κύπρος,579.495416666774,2.58694444445,4.02636904761667,552.708065476299,-2.78835317459998,-3.9382936508
CY6042,Cyprus,CY,CY0,CY00,CY000,Κύπρος,579.495416666774,2.58694444445,4.02636904761667,552.708065476299,-2.78835317459998,-3.9382936508
CY6043,Cyprus,CY,CY0,CY00,CY000,Κύπρος,579.495416666774,2.58694444445,4.02636904761667,552.708065476299,-2.78835317459998,-3.9382936508
CY6045,Cyprus,CY,CY0,CY00,CY000,Κύπρος,579.495416666774,2.58694444445,4.02636904761667,552.708065476299,-2.78835317459998,-3.9382936508
CY6046,Cyprus,CY,CY0,CY00,CY000,Κύπρος,579.495416666774,2.58694444445,4.02636904761667,552.708065476299,-2.78835317459998,-3.9382936508
CY6047,Cyprus,CY,CY0,CY00,CY000,Κύπρος,579.495416666774,2.58694444445,4.02636904761667,552.708065476299,-2.78835317459998,-3.9382936508
CY6050,Cyprus,CY,CY0,CY00,CY000,Κύπρος,579.495416666774,2.58694444445,4.02636904761667,552.708065476299,-2.78835317459998,-3.9382936508
CY6051,Cyprus,CY,CY0,CY00,CY000,Κύπρος,579.495416666774,2.58694444445,4.02636904761667,552.708065476299,-2.78835317459998,-3.9382936508
CY6052,Cyprus,CY,CY0,CY00,CY000,Κύπρος,579.495416666774,2.58694444445,4.02636904761667,552.708065476299,-2.78835317459998,-3.9382936508
CY6053,Cyprus,CY,CY0,CY00,CY000,Κύπρος,579.495416666774,2.58694444445,4.02636904761667,552.708065476299,-2.78835317459998,-3.9382936508
CY6055,Cyprus,CY,CY0,CY00,CY000,Κύπρος,579.495416666774,2.58694444445,4.02636904761667,552.708065476299,-2.78835317459998,-3.9382936508
CY6056,Cyprus,CY,CY0,CY00,CY000,Κύπρος,579.495416666774,2.58694444445,4.02636904761667,552.708065476299,-2.78835317459998,-3.9382936508
CY6057,Cyprus,CY,CY0,CY00,CY000,Κύπρος,579.495416666774,2.58694444445,4.02636904761667,552.708065476299,-2.78835317459998,-3.9382936508
CY6058,Cyprus,CY,CY0,CY00,CY000,Κύπρος,579.495416666774,2.58694444445,4.02636904761667,552.708065476299,-2.78835317459998,-3.9382936508
CY6059,Cyprus,CY,CY0,CY00,CY000,Κύπρος,579.495416666774,2.58694444445,4.02636904761667,552.708065476299,-2.78835317459998,-3.9382936508
CY6060,Cyprus,CY,CY0,CY00,CY000,Κύπρος,579.495416666774,2.58694444445,4.02636904761667,552.708065476299,-2.78835317459998,-3.9382936508
CY7000,Cyprus,CY,CY0,CY00,CY000,Κύπρος,579.495416666774,2.58694444445,4.02636904761667,552.708065476299,-2.78835317459998,-3.9382936508
CY7020,Cyprus,CY,CY0,CY00,CY000,Κύπρος,579.495416666774,2.58694444445,4.02636904761667,552.708065476299,-2.78835317459998,-3.9382936508
CY7040,Cyprus,CY,CY0,CY00,CY000,Κύπρος,579.495416666774,2.58694444445,4.02636904761667,552.708065476299,-2.78835317459998,-3.9382936508
CY7060,Cyprus,CY,CY0,CY00,CY000,Κύπρος,579.495416666774,2.58694444445,4.02636904761667,552.708065476299,-2.78835317459998,-3.9382936508
CY7080,Cyprus,CY,CY0,CY00,CY000,Κύπρος,579.495416666774,2.58694444445,4.02636904761667,552.708065476299,-2.78835317459998,-3.9382936508
CY7100,Cyprus,CY,CY0,CY00,CY000,Κύπρος,579.495416666774,2.58694444445,4.02636904761667,552.708065476299,-2.78835317459998,-3.9382936508
CY7101,Cyprus,CY,CY0,CY00,CY000,Κύπρος,579.495416666774,2.58694444445,4.02636904761667,552.708065476299,-2.78835317459998,-3.9382936508
CY7102,Cyprus,CY,CY0,CY00,CY000,Κύπρος,579.495416666774,2.58694444445,4.02636904761667,552.708065476299,-2.78835317459998,-3.9382936508
CY7103,Cyprus,CY,CY0,CY00,CY000,Κύπρος,579.495416666774,2.58694444445,4.02636904761667,552.708065476299,-2.78835317459998,-3.9382936508
CY7104,Cyprus,CY,CY0,CY00,CY000,Κύπρος,579.495416666774,2.58694444445,4.02636904761667,552.708065476299,-2.78835317459998,-3.9382936508
CY7120,Cyprus,CY,CY0,CY00,CY000,Κύπρος,579.495416666774,2.58694444445,4.02636904761667,552.708065476299,-2.78835317459998,-3.9382936508
CY7130,Cyprus,CY,CY0,CY00,CY000,Κύπρος,579.495416666774,2.58694444445,4.02636904761667,552.708065476299,-2.78835317459998,-3.9382936508
CY7499,Cyprus,CY,CY0,CY00,CY000,Κύπρος,579.495416666774,2.58694444445,4.02636904761667,552.708065476299,-2.78835317459998,-3.9382936508
CY7501,Cyprus,CY,CY0,CY00,CY000,Κύπρος,579.495416666774,2.58694444445,4.02636904761667,552.708065476299,-2.78835317459998,-3.9382936508
CY7503,Cyprus,CY,CY0,CY00,CY000,Κύπρος,579.495416666774,2.58694444445,4.02636904761667,552.708065476299,-2.78835317459998,-3.9382936508
CY7504,Cyprus,CY,CY0,CY00,CY000,Κύπρος,579.495416666774,2.58694444445,4.02636904761667,552.708065476299,-2.78835317459998,-3.9382936508
CY7505,Cyprus,CY,CY0,CY00,CY000,Κύπρος,579.495416666774,2.58694444445,4.02636904761667,552.708065476299,-2.78835317459998,-3.9382936508
CY7510,Cyprus,CY,CY0,CY00,CY000,Κύπρος,579.495416666774,2.58694444445,4.02636904761667,552.708065476299,-2.78835317459998,-3.9382936508
CY7520,Cyprus,CY,CY0,CY00,CY000,Κύπρος,579.495416666774,2.58694444445,4.02636904761667,552.708065476299,-2.78835317459998,-3.9382936508
CY7530,Cyprus,CY,CY0,CY00,CY000,Κύπρος,579.495416666774,2.58694444445,4.02636904761667,552.708065476299,-2.78835317459998,-3.9382936508
CY7550,Cyprus,CY,CY0,CY00,CY000,Κύπρος,579.495416666774,2.58694444445,4.02636904761667,552.708065476299,-2.78835317459998,-3.9382936508
CY7560,Cyprus,CY,CY0,CY00,CY000,Κύπρος,579.495416666774,2.58694444445,4.02636904761667,552.708065476299,-2.78835317459998,-3.9382936508
CY7561,Cyprus,CY,CY0,CY00,CY000,Κύπρος,579.495416666774,2.58694444445,4.02636904761667,552.708065476299,-2.78835317459998,-3.9382936508
CY7562,Cyprus,CY,CY0,CY00,CY000,Κύπρος,579.495416666774,2.58694444445,4.02636904761667,552.708065476299,-2.78835317459998,-3.9382936508
CY7570,Cyprus,CY,CY0,CY00,CY000,Κύπρος,579.495416666774,2.58694444445,4.02636904761667,552.708065476299,-2.78835317459998,-3.9382936508
CY7571,Cyprus,CY,CY0,CY00,CY000,Κύπρος,579.495416666774,2.58694444445,4.02636904761667,552.708065476299,-2.78835317459998,-3.9382936508
CY7572,Cyprus,CY,CY0,CY00,CY000,Κύπρος,579.495416666774,2.58694444445,4.02636904761667,552.708065476299,-2.78835317459998,-3.9382936508
CY7573,Cyprus,CY,CY0,CY00,CY000,Κύπρος,579.495416666774,2.58694444445,4.02636904761667,552.708065476299,-2.78835317459998,-3.9382936508
CY7574,Cyprus,CY,CY0,CY00,CY000,Κύπρος,579.495416666774,2.58694444445,4.02636904761667,552.708065476299,-2.78835317459998,-3.9382936508
CY7575,Cyprus,CY,CY0,CY00,CY000,Κύπρος,579.495416666774,2.58694444445,4.02636904761667,552.708065476299,-2.78835317459998,-3.9382936508
CY7576,Cyprus,CY,CY0,CY00,CY000,Κύπρος,579.495416666774,2.58694444445,4.02636904761667,552.708065476299,-2.78835317459998,-3.9382936508
CY7577,Cyprus,CY,CY0,CY00,CY000,Κύπρος,579.495416666774,2.58694444445,4.02636904761667,552.708065476299,-2.78835317459998,-3.9382936508
CY7578,Cyprus,CY,CY0,CY00,CY000,Κύπρος,579.495416666774,2.58694444445,4.02636904761667,552.708065476299,-2.78835317459998,-3.9382936508
CY7600,Cyprus,CY,CY0,CY00,CY000,Κύπρος,579.495416666774,2.58694444445,4.02636904761667,552.708065476299,-2.78835317459998,-3.9382936508
CY7621,Cyprus,CY,CY0,CY00,CY000,Κύπρος,579.495416666774,2.58694444445,4.02636904761667,552.708065476299,-2.78835317459998,-3.9382936508
CY7640,Cyprus,CY,CY0,CY00,CY000,Κύπρος,579.495416666774,2.58694444445,4.02636904761667,552.708065476299,-2.78835317459998,-3.9382936508
CY7641,Cyprus,CY,CY0,CY00,CY000,Κύπρος,579.495416666774,2.58694444445,4.02636904761667,552.708065476299,-2.78835317459998,-3.9382936508
CY7642,Cyprus,CY,CY0,CY00,CY000,Κύπρος,579.495416666774,2.58694444445,4.02636904761667,552.708065476299,-2.78835317459998,-3.9382936508
CY7643,Cyprus,CY,CY0,CY00,CY000,Κύπρος,579.495416666774,2.58694444445,4.02636904761667,552.708065476299,-2.78835317459998,-3.9382936508
CY7647,Cyprus,CY,CY0,CY00,CY000,Κύπρος,579.495416666774,2.58694444445,4.02636904761667,552.708065476299,-2.78835317459998,-3.9382936508
CY7648,Cyprus,CY,CY0,CY00,CY000,Κύπρος,579.495416666774,2.58694444445,4.02636904761667,552.708065476299,-2.78835317459998,-3.9382936508
CY7649,Cyprus,CY,CY0,CY00,CY000,Κύπρος,579.495416666774,2.58694444445,4.02636904761667,552.708065476299,-2.78835317459998,-3.9382936508
CY7700,Cyprus,CY,CY0,CY00,CY000,Κύπρος,579.495416666774,2.58694444445,4.02636904761667,552.708065476299,-2.78835317459998,-3.9382936508
CY7710,Cyprus,CY,CY0,CY00,CY000,Κύπρος,579.495416666774,2.58694444445,4.02636904761667,552.708065476299,-2.78835317459998,-3.9382936508
CY7711,Cyprus,CY,CY0,CY00,CY000,Κύπρος,579.495416666774,2.58694444445,4.02636904761667,552.708065476299,-2.78835317459998,-3.9382936508
CY7712,Cyprus,CY,CY0,CY00,CY000,Κύπρος,579.495416666774,2.58694444445,4.02636904761667,552.708065476299,-2.78835317459998,-3.9382936508
CY7713,Cyprus,CY,CY0,CY00,CY000,Κύπρος,579.495416666774,2.58694444445,4.02636904761667,552.708065476299,-2.78835317459998,-3.9382936508
CY7714,Cyprus,CY,CY0,CY00,CY000,Κύπρος,579.495416666774,2.58694444445,4.02636904761667,552.708065476299,-2.78835317459998,-3.9382936508
CY7715,Cyprus,CY,CY0,CY00,CY000,Κύπρος,579.495416666774,2.58694444445,4.02636904761667,552.708065476299,-2.78835317459998,-3.9382936508
CY7716,Cyprus,CY,CY0,CY00,CY000,Κύπρος,579.495416666774,2.58694444445,4.02636904761667,552.708065476299,-2.78835317459998,-3.9382936508
CY7718,Cyprus,CY,CY0,CY00,CY000,Κύπρος,579.495416666774,2.58694444445,4.02636904761667,552.708065476299,-2.78835317459998,-3.9382936508
CY7719,Cyprus,CY,CY0,CY00,CY000,Κύπρος,579.495416666774,2.58694444445,4.02636904761667,552.708065476299,-2.78835317459998,-3.9382936508
CY7730,Cyprus,CY,CY0,CY00,CY000,Κύπρος,579.495416666774,2.58694444445,4.02636904761667,552.708065476299,-2.78835317459998,-3.9382936508
CY7731,Cyprus,CY,CY0,CY00,CY000,Κύπρος,579.495416666774,2.58694444445,4.02636904761667,552.708065476299,-2.78835317459998,-3.9382936508
CY7733,Cyprus,CY,CY0,CY00,CY000,Κύπρος,579.495416666774,2.58694444445,4.02636904761667,552.708065476299,-2.78835317459998,-3.9382936508
CY7735,Cyprus,CY,CY0,CY00,CY000,Κύπρος,579.495416666774,2.58694444445,4.02636904761667,552.708065476299,-2.78835317459998,-3.9382936508
CY7736,Cyprus,CY,CY0,CY00,CY000,Κύπρος,579.495416666774,2.58694444445,4.02636904761667,552.708065476299,-2.78835317459998,-3.9382936508
CY7737,Cyprus,CY,CY0,CY00,CY000,Κύπρος,579.495416666774,2.58694444445,4.02636904761667,552.708065476299,-2.78835317459998,-3.9382936508
CY7739,Cyprus,CY,CY0,CY00,CY000,Κύπρος,579.495416666774,2.58694444445,4.02636904761667,552.708065476299,-2.78835317459998,-3.9382936508
CY7740,Cyprus,CY,CY0,CY00,CY000,Κύπρος,579.495416666774,2.58694444445,4.02636904761667,552.708065476299,-2.78835317459998,-3.9382936508
CY7741,Cyprus,CY,CY0,CY00,CY000,Κύπρος,579.495416666774,2.58694444445,4.02636904761667,552.708065476299,-2.78835317459998,-3.9382936508
CY7743,Cyprus,CY,CY0,CY00,CY000,Κύπρος,579.495416666774,2.58694444445,4.02636904761667,552.708065476299,-2.78835317459998,-3.9382936508
CY8010,Cyprus,CY,CY0,CY00,CY000,Κύπρος,579.495416666774,2.58694444445,4.02636904761667,552.708065476299,-2.78835317459998,-3.9382936508
CY8011,Cyprus,CY,CY0,CY00,CY000,Κύπρος,579.495416666774,2.58694444445,4.02636904761667,552.708065476299,-2.78835317459998,-3.9382936508
CY8015,Cyprus,CY,CY0,CY00,CY000,Κύπρος,579.495416666774,2.58694444445,4.02636904761667,552.708065476299,-2.78835317459998,-3.9382936508
CY8016,Cyprus,CY,CY0,CY00,CY000,Κύπρος,579.495416666774,2.58694444445,4.02636904761667,552.708065476299,-2.78835317459998,-3.9382936508
CY8020,Cyprus,CY,CY0,CY00,CY000,Κύπρος,579.495416666774,2.58694444445,4.02636904761667,552.708065476299,-2.78835317459998,-3.9382936508
CY8021,Cyprus,CY,CY0,CY00,CY000,Κύπρος,579.495416666774,2.58694444445,4.02636904761667,552.708065476299,-2.78835317459998,-3.9382936508
CY8025,Cyprus,CY,CY0,CY00,CY000,Κύπρος,579.495416666774,2.58694444445,4.02636904761667,552.708065476299,-2.78835317459998,-3.9382936508
CY8026,Cyprus,CY,CY0,CY00,CY000,Κύπρος,579.495416666774,2.58694444445,4.02636904761667,552.708065476299,-2.78835317459998,-3.9382936508
CY8027,Cyprus,CY,CY0,CY00,CY000,Κύπρος,579.495416666774,2.58694444445,4.02636904761667,552.708065476299,-2.78835317459998,-3.9382936508
CY8028,Cyprus,CY,CY0,CY00,CY000,Κύπρος,579.495416666774,2.58694444445,4.02636904761667,552.708065476299,-2.78835317459998,-3.9382936508
CY8035,Cyprus,CY,CY0,CY00,CY000,Κύπρος,579.495416666774,2.58694444445,4.02636904761667,552.708065476299,-2.78835317459998,-3.9382936508
CY8036,Cyprus,CY,CY0,CY00,CY000,Κύπρος,579.495416666774,2.58694444445,4.02636904761667,552.708065476299,-2.78835317459998,-3.9382936508
CY8040,Cyprus,CY,CY0,CY00,CY000,Κύπρος,579.495416666774,2.58694444445,4.02636904761667,552.708065476299,-2.78835317459998,-3.9382936508
CY8041,Cyprus,CY,CY0,CY00,CY000,Κύπρος,579.495416666774,2.58694444445,4.02636904761667,552.708065476299,-2.78835317459998,-3.9382936508
CY8042,Cyprus,CY,CY0,CY00,CY000,Κύπρος,579.495416666774,2.58694444445,4.02636904761667,552.708065476299,-2.78835317459998,-3.9382936508
CY8045,Cyprus,CY,CY0,CY00,CY000,Κύπρος,579.495416666774,2.58694444445,4.02636904761667,552.708065476299,-2.78835317459998,-3.9382936508
CY8046,Cyprus,CY,CY0,CY00,CY000,Κύπρος,579.495416666774,2.58694444445,4.02636904761667,552.708065476299,-2.78835317459998,-3.9382936508
CY8047,Cyprus,CY,CY0,CY00,CY000,Κύπρος,579.495416666774,2.58694444445,4.02636904761667,552.708065476299,-2.78835317459998,-3.9382936508
CY8048,Cyprus,CY,CY0,CY00,CY000,Κύπρος,579.495416666774,2.58694444445,4.02636904761667,552.708065476299,-2.78835317459998,-3.9382936508
CY8049,Cyprus,CY,CY0,CY00,CY000,Κύπρος,579.495416666774,2.58694444445,4.02636904761667,552.708065476299,-2.78835317459998,-3.9382936508
CY8200,Cyprus,CY,CY0,CY00,CY000,Κύπρος,579.495416666774,2.58694444445,4.02636904761667,552.708065476299,-2.78835317459998,-3.9382936508
CY8201,Cyprus,CY,CY0,CY00,CY000,Κύπρος,579.495416666774,2.58694444445,4.02636904761667,552.708065476299,-2.78835317459998,-3.9382936508
CY8202,Cyprus,CY,CY0,CY00,CY000,Κύπρος,579.495416666774,2.58694444445,4.02636904761667,552.708065476299,-2.78835317459998,-3.9382936508
CY8203,Cyprus,CY,CY0,CY00,CY000,Κύπρος,579.495416666774,2.58694444445,4.02636904761667,552.708065476299,-2.78835317459998,-3.9382936508
CY8204,Cyprus,CY,CY0,CY00,CY000,Κύπρος,579.495416666774,2.58694444445,4.02636904761667,552.708065476299,-2.78835317459998,-3.9382936508
CY8220,Cyprus,CY,CY0,CY00,CY000,Κύπρος,579.495416666774,2.58694444445,4.02636904761667,552.708065476299,-2.78835317459998,-3.9382936508
CY8240,Cyprus,CY,CY0,CY00,CY000,Κύπρος,579.495416666774,2.58694444445,4.02636904761667,552.708065476299,-2.78835317459998,-3.9382936508
CY8250,Cyprus,CY,CY0,CY00,CY000,Κύπρος,579.495416666774,2.58694444445,4.02636904761667,552.708065476299,-2.78835317459998,-3.9382936508
CY8260,Cyprus,CY,CY0,CY00,CY000,Κύπρος,579.495416666774,2.58694444445,4.02636904761667,552.708065476299,-2.78835317459998,-3.9382936508
CY8270,Cyprus,CY,CY0,CY00,CY000,Κύπρος,579.495416666774,2.58694444445,4.02636904761667,552.708065476299,-2.78835317459998,-3.9382936508
CY8280,Cyprus,CY,CY0,CY00,CY000,Κύπρος,579.495416666774,2.58694444445,4.02636904761667,552.708065476299,-2.78835317459998,-3.9382936508
CY8290,Cyprus,CY,CY0,CY00,CY000,Κύπρος,579.495416666774,2.58694444445,4.02636904761667,552.708065476299,-2.78835317459998,-3.9382936508
CY8300,Cyprus,CY,CY0,CY00,CY000,Κύπρος,579.495416666774,2.58694444445,4.02636904761667,552.708065476299,-2.78835317459998,-3.9382936508
CY8310,Cyprus,CY,CY0,CY00,CY000,Κύπρος,579.495416666774,2.58694444445,4.02636904761667,552.708065476299,-2.78835317459998,-3.9382936508
CY8500,Cyprus,CY,CY0,CY00,CY000,Κύπρος,579.495416666774,2.58694444445,4.02636904761667,552.708065476299,-2.78835317459998,-3.9382936508
CY8501,Cyprus,CY,CY0,CY00,CY000,Κύπρος,579.495416666774,2.58694444445,4.02636904761667,552.708065476299,-2.78835317459998,-3.9382936508
CY8502,Cyprus,CY,CY0,CY00,CY000,Κύπρος,579.495416666774,2.58694444445,4.02636904761667,552.708065476299,-2.78835317459998,-3.9382936508
CY8503,Cyprus,CY,CY0,CY00,CY000,Κύπρος,579.495416666774,2.58694444445,4.02636904761667,552.708065476299,-2.78835317459998,-3.9382936508
CY8504,Cyprus,CY,CY0,CY00,CY000,Κύπρος,579.495416666774,2.58694444445,4.02636904761667,552.708065476299,-2.78835317459998,-3.9382936508
CY8505,Cyprus,CY,CY0,CY00,CY000,Κύπρος,579.495416666774,2.58694444445,4.02636904761667,552.708065476299,-2.78835317459998,-3.9382936508
CY8506,Cyprus,CY,CY0,CY00,CY000,Κύπρος,579.495416666774,2.58694444445,4.02636904761667,552.708065476299,-2.78835317459998,-3.9382936508
CY8507,Cyprus,CY,CY0,CY00,CY000,Κύπρος,579.495416666774,2.58694444445,4.02636904761667,552.708065476299,-2.78835317459998,-3.9382936508
CY8520,Cyprus,CY,CY0,CY00,CY000,Κύπρος,579.495416666774,2.58694444445,4.02636904761667,552.708065476299,-2.78835317459998,-3.9382936508
CY8521,Cyprus,CY,CY0,CY00,CY000,Κύπρος,579.495416666774,2.58694444445,4.02636904761667,552.708065476299,-2.78835317459998,-3.9382936508
CY8522,Cyprus,CY,CY0,CY00,CY000,Κύπρος,579.495416666774,2.58694444445,4.02636904761667,552.708065476299,-2.78835317459998,-3.9382936508
CY8523,Cyprus,CY,CY0,CY00,CY000,Κύπρος,579.495416666774,2.58694444445,4.02636904761667,552.708065476299,-2.78835317459998,-3.9382936508
CY8524,Cyprus,CY,CY0,CY00,CY000,Κύπρος,579.495416666774,2.58694444445,4.02636904761667,552.708065476299,-2.78835317459998,-3.9382936508
CY8525,Cyprus,CY,CY0,CY00,CY000,Κύπρος,579.495416666774,2.58694444445,4.02636904761667,552.708065476299,-2.78835317459998,-3.9382936508
CY8526,Cyprus,CY,CY0,CY00,CY000,Κύπρος,579.495416666774,2.58694444445,4.02636904761667,552.708065476299,-2.78835317459998,-3.9382936508
CY8540,Cyprus,CY,CY0,CY00,CY000,Κύπρος,579.495416666774,2.58694444445,4.02636904761667,552.708065476299,-2.78835317459998,-3.9382936508
CY8541,Cyprus,CY,CY0,CY00,CY000,Κύπρος,579.495416666774,2.58694444445,4.02636904761667,552.708065476299,-2.78835317459998,-3.9382936508
CY8543,Cyprus,CY,CY0,CY00,CY000,Κύπρος,579.495416666774,2.58694444445,4.02636904761667,552.708065476299,-2.78835317459998,-3.9382936508
CY8544,Cyprus,CY,CY0,CY00,CY000,Κύπρος,579.495416666774,2.58694444445,4.02636904761667,552.708065476299,-2.78835317459998,-3.9382936508
CY8546,Cyprus,CY,CY0,CY00,CY000,Κύπρος,579.495416666774,2.58694444445,4.02636904761667,552.708065476299,-2.78835317459998,-3.9382936508
CY8547,Cyprus,CY,CY0,CY00,CY000,Κύπρος,579.495416666774,2.58694444445,4.02636904761667,552.708065476299,-2.78835317459998,-3.9382936508
CY8549,Cyprus,CY,CY0,CY00,CY000,Κύπρος,579.495416666774,2.58694444445,4.02636904761667,552.708065476299,-2.78835317459998,-3.9382936508
CY8550,Cyprus,CY,CY0,CY00,CY000,Κύπρος,579.495416666774,2.58694444445,4.02636904761667,552.708065476299,-2.78835317459998,-3.9382936508
CY8551,Cyprus,CY,CY0,CY00,CY000,Κύπρος,579.495416666774,2.58694444445,4.02636904761667,552.708065476299,-2.78835317459998,-3.9382936508
CY8552,Cyprus,CY,CY0,CY00,CY000,Κύπρος,579.495416666774,2.58694444445,4.02636904761667,552.708065476299,-2.78835317459998,-3.9382936508
CY8560,Cyprus,CY,CY0,CY00,CY000,Κύπρος,579.495416666774,2.58694444445,4.02636904761667,552.708065476299,-2.78835317459998,-3.9382936508
CY8570,Cyprus,CY,CY0,CY00,CY000,Κύπρος,579.495416666774,2.58694444445,4.02636904761667,552.708065476299,-2.78835317459998,-3.9382936508
CY8573,Cyprus,CY,CY0,CY00,CY000,Κύπρος,579.495416666774,2.58694444445,4.02636904761667,552.708065476299,-2.78835317459998,-3.9382936508
CY8574,Cyprus,CY,CY0,CY00,CY000,Κύπρος,579.495416666774,2.58694444445,4.02636904761667,552.708065476299,-2.78835317459998,-3.9382936508
CY8577,Cyprus,CY,CY0,CY00,CY000,Κύπρος,579.495416666774,2.58694444445,4.02636904761667,552.708065476299,-2.78835317459998,-3.9382936508
CY8600,Cyprus,CY,CY0,CY00,CY000,Κύπρος,579.495416666774,2.58694444445,4.02636904761667,552.708065476299,-2.78835317459998,-3.9382936508
CY8601,Cyprus,CY,CY0,CY00,CY000,Κύπρος,579.495416666774,2.58694444445,4.02636904761667,552.708065476299,-2.78835317459998,-3.9382936508
CY8603,Cyprus,CY,CY0,CY00,CY000,Κύπρος,579.495416666774,2.58694444445,4.02636904761667,552.708065476299,-2.78835317459998,-3.9382936508
CY8605,Cyprus,CY,CY0,CY00,CY000,Κύπρος,579.495416666774,2.58694444445,4.02636904761667,552.708065476299,-2.78835317459998,-3.9382936508
CY8606,Cyprus,CY,CY0,CY00,CY000,Κύπρος,579.495416666774,2.58694444445,4.02636904761667,552.708065476299,-2.78835317459998,-3.9382936508
CY8608,Cyprus,CY,CY0,CY00,CY000,Κύπρος,579.495416666774,2.58694444445,4.02636904761667,552.708065476299,-2.78835317459998,-3.9382936508
CY8609,Cyprus,CY,CY0,CY00,CY000,Κύπρος,579.495416666774,2.58694444445,4.02636904761667,552.708065476299,-2.78835317459998,-3.9382936508
CY8620,Cyprus,CY,CY0,CY00,CY000,Κύπρος,579.495416666774,2.58694444445,4.02636904761667,552.708065476299,-2.78835317459998,-3.9382936508
CY8621,Cyprus,CY,CY0,CY00,CY000,Κύπρος,579.495416666774,2.58694444445,4.02636904761667,552.708065476299,-2.78835317459998,-3.9382936508
CY8623,Cyprus,CY,CY0,CY00,CY000,Κύπρος,579.495416666774,2.58694444445,4.02636904761667,552.708065476299,-2.78835317459998,-3.9382936508
CY8625,Cyprus,CY,CY0,CY00,CY000,Κύπρος,579.495416666774,2.58694444445,4.02636904761667,552.708065476299,-2.78835317459998,-3.9382936508
CY8626,Cyprus,CY,CY0,CY00,CY000,Κύπρος,579.495416666774,2.58694444445,4.02636904761667,552.708065476299,-2.78835317459998,-3.9382936508
CY8627,Cyprus,CY,CY0,CY00,CY000,Κύπρος,579.495416666774,2.58694444445,4.02636904761667,552.708065476299,-2.78835317459998,-3.9382936508
CY8628,Cyprus,CY,CY0,CY00,CY000,Κύπρος,579.495416666774,2.58694444445,4.02636904761667,552.708065476299,-2.78835317459998,-3.9382936508
CY8629,Cyprus,CY,CY0,CY00,CY000,Κύπρος,579.495416666774,2.58694444445,4.02636904761667,552.708065476299,-2.78835317459998,-3.9382936508
CY8630,Cyprus,CY,CY0,CY00,CY000,Κύπρος,579.495416666774,2.58694444445,4.02636904761667,552.708065476299,-2.78835317459998,-3.9382936508
CY8631,Cyprus,CY,CY0,CY00,CY000,Κύπρος,579.495416666774,2.58694444445,4.02636904761667,552.708065476299,-2.78835317459998,-3.9382936508
CY8640,Cyprus,CY,CY0,CY00,CY000,Κύπρος,579.495416666774,2.58694444445,4.02636904761667,552.708065476299,-2.78835317459998,-3.9382936508
CY8641,Cyprus,CY,CY0,CY00,CY000,Κύπρος,579.495416666774,2.58694444445,4.02636904761667,552.708065476299,-2.78835317459998,-3.9382936508
CY8642,Cyprus,CY,CY0,CY00,CY000,Κύπρος,579.495416666774,2.58694444445,4.02636904761667,552.708065476299,-2.78835317459998,-3.9382936508
CY8643,Cyprus,CY,CY0,CY00,CY000,Κύπρος,579.495416666774,2.58694444445,4.02636904761667,552.708065476299,-2.78835317459998,-3.9382936508
CY8645,Cyprus,CY,CY0,CY00,CY000,Κύπρος,579.495416666774,2.58694444445,4.02636904761667,552.708065476299,-2.78835317459998,-3.9382936508
CY8646,Cyprus,CY,CY0,CY00,CY000,Κύπρος,579.495416666774,2.58694444445,4.02636904761667,552.708065476299,-2.78835317459998,-3.9382936508
CY8650,Cyprus,CY,CY0,CY00,CY000,Κύπρος,579.495416666774,2.58694444445,4.02636904761667,552.708065476299,-2.78835317459998,-3.9382936508
CY8651,Cyprus,CY,CY0,CY00,CY000,Κύπρος,579.495416666774,2.58694444445,4.02636904761667,552.708065476299,-2.78835317459998,-3.9382936508
CY8700,Cyprus,CY,CY0,CY00,CY000,Κύπρος,579.495416666774,2.58694444445,4.02636904761667,552.708065476299,-2.78835317459998,-3.9382936508
CY8702,Cyprus,CY,CY0,CY00,CY000,Κύπρος,579.495416666774,2.58694444445,4.02636904761667,552.708065476299,-2.78835317459998,-3.9382936508
CY8703,Cyprus,CY,CY0,CY00,CY000,Κύπρος,579.495416666774,2.58694444445,4.02636904761667,552.708065476299,-2.78835317459998,-3.9382936508
CY8704,Cyprus,CY,CY0,CY00,CY000,Κύπρος,579.495416666774,2.58694444445,4.02636904761667,552.708065476299,-2.78835317459998,-3.9382936508
CY8720,Cyprus,CY,CY0,CY00,CY000,Κύπρος,579.495416666774,2.58694444445,4.02636904761667,552.708065476299,-2.78835317459998,-3.9382936508
CY8721,Cyprus,CY,CY0,CY00,CY000,Κύπρος,579.495416666774,2.58694444445,4.02636904761667,552.708065476299,-2.78835317459998,-3.9382936508
CY8723,Cyprus,CY,CY0,CY00,CY000,Κύπρος,579.495416666774,2.58694444445,4.02636904761667,552.708065476299,-2.78835317459998,-3.9382936508
CY8724,Cyprus,CY,CY0,CY00,CY000,Κύπρος,579.495416666774,2.58694444445,4.02636904761667,552.708065476299,-2.78835317459998,-3.9382936508
CY8725,Cyprus,CY,CY0,CY00,CY000,Κύπρος,579.495416666774,2.58694444445,4.02636904761667,552.708065476299,-2.78835317459998,-3.9382936508
CY8726,Cyprus,CY,CY0,CY00,CY000,Κύπρος,579.495416666774,2.58694444445,4.02636904761667,552.708065476299,-2.78835317459998,-3.9382936508
CY8728,Cyprus,CY,CY0,CY00,CY000,Κύπρος,579.495416666774,2.58694444445,4.02636904761667,552.708065476299,-2.78835317459998,-3.9382936508
CY8729,Cyprus,CY,CY0,CY00,CY000,Κύπρος,579.495416666774,2.58694444445,4.02636904761667,552.708065476299,-2.78835317459998,-3.9382936508
CY8730,Cyprus,CY,CY0,CY00,CY000,Κύπρος,579.495416666774,2.58694444445,4.02636904761667,552.708065476299,-2.78835317459998,-3.9382936508
CY8740,Cyprus,CY,CY0,CY00,CY000,Κύπρος,579.495416666774,2.58694444445,4.02636904761667,552.708065476299,-2.78835317459998,-3.9382936508
CY8741,Cyprus,CY,CY0,CY00,CY000,Κύπρος,579.495416666774,2.58694444445,4.02636904761667,552.708065476299,-2.78835317459998,-3.9382936508
CY8742,Cyprus,CY,CY0,CY00,CY000,Κύπρος,579.495416666774,2.58694444445,4.02636904761667,552.708065476299,-2.78835317459998,-3.9382936508
CY8743,Cyprus,CY,CY0,CY00,CY000,Κύπρος,579.495416666774,2.58694444445,4.02636904761667,552.708065476299,-2.78835317459998,-3.9382936508
CY8744,Cyprus,CY,CY0,CY00,CY000,Κύπρος,579.495416666774,2.58694444445,4.02636904761667,552.708065476299,-2.78835317459998,-3.9382936508
CY8746,Cyprus,CY,CY0,CY00,CY000,Κύπρος,579.495416666774,2.58694444445,4.02636904761667,552.708065476299,-2.78835317459998,-3.9382936508
CY8747,Cyprus,CY,CY0,CY00,CY000,Κύπρος,579.495416666774,2.58694444445,4.02636904761667,552.708065476299,-2.78835317459998,-3.9382936508
CY8749,Cyprus,CY,CY0,CY00,CY000,Κύπρος,579.495416666774,2.58694444445,4.02636904761667,552.708065476299,-2.78835317459998,-3.9382936508
CY8800,Cyprus,CY,CY0,CY00,CY000,Κύπρος,579.495416666774,2.58694444445,4.02636904761667,552.708065476299,-2.78835317459998,-3.9382936508
CY8805,Cyprus,CY,CY0,CY00,CY000,Κύπρος,579.495416666774,2.58694444445,4.02636904761667,552.708065476299,-2.78835317459998,-3.9382936508
CY8808,Cyprus,CY,CY0,CY00,CY000,Κύπρος,579.495416666774,2.58694444445,4.02636904761667,552.708065476299,-2.78835317459998,-3.9382936508
CY8810,Cyprus,CY,CY0,CY00,CY000,Κύπρος,579.495416666774,2.58694444445,4.02636904761667,552.708065476299,-2.78835317459998,-3.9382936508
CY8811,Cyprus,CY,CY0,CY00,CY000,Κύπρος,579.495416666774,2.58694444445,4.02636904761667,552.708065476299,-2.78835317459998,-3.9382936508
CY8812,Cyprus,CY,CY0,CY00,CY000,Κύπρος,579.495416666774,2.58694444445,4.02636904761667,552.708065476299,-2.78835317459998,-3.9382936508
CY8820,Cyprus,CY,CY0,CY00,CY000,Κύπρος,579.495416666774,2.58694444445,4.02636904761667,552.708065476299,-2.78835317459998,-3.9382936508
CY8850,Cyprus,CY,CY0,CY00,CY000,Κύπρος,579.495416666774,2.58694444445,4.02636904761667,552.708065476299,-2.78835317459998,-3.9382936508
CY8851,Cyprus,CY,CY0,CY00,CY000,Κύπρος,579.495416666774,2.58694444445,4.02636904761667,552.708065476299,-2.78835317459998,-3.9382936508
CY8852,Cyprus,CY,CY0,CY00,CY000,Κύπρος,579.495416666774,2.58694444445,4.02636904761667,552.708065476299,-2.78835317459998,-3.9382936508
CY8855,Cyprus,CY,CY0,CY00,CY000,Κύπρος,579.495416666774,2.58694444445,4.02636904761667,552.708065476299,-2.78835317459998,-3.9382936508
CY8870,Cyprus,CY,CY0,CY00,CY000,Κύπρος,579.495416666774,2.58694444445,4.02636904761667,552.708065476299,-2.78835317459998,-3.9382936508
CY8872,Cyprus,CY,CY0,CY00,CY000,Κύπρος,579.495416666774,2.58694444445,4.02636904761667,552.708065476299,-2.78835317459998,-3.9382936508
CY8873,Cyprus,CY,CY0,CY00,CY000,Κύπρος,579.495416666774,2.58694444445,4.02636904761667,552.708065476299,-2.78835317459998,-3.9382936508
CY8875,Cyprus,CY,CY0,CY00,CY000,Κύπρος,579.495416666774,2.58694444445,4.02636904761667,552.708065476299,-2.78835317459998,-3.9382936508
CY8876,Cyprus,CY,CY0,CY00,CY000,Κύπρος,579.495416666774,2.58694444445,4.02636904761667,552.708065476299,-2.78835317459998,-3.9382936508
CY8879,Cyprus,CY,CY0,CY00,CY000,Κύπρος,579.495416666774,2.58694444445,4.02636904761667,552.708065476299,-2.78835317459998,-3.9382936508
CY8880,Cyprus,CY,CY0,CY00,CY000,Κύπρος,579.495416666774,2.58694444445,4.02636904761667,552.708065476299,-2.78835317459998,-3.9382936508
CY8881,Cyprus,CY,CY0,CY00,CY000,Κύπρος,579.495416666774,2.58694444445,4.02636904761667,552.708065476299,-2.78835317459998,-3.9382936508
CY8882,Cyprus,CY,CY0,CY00,CY000,Κύπρος,579.495416666774,2.58694444445,4.02636904761667,552.708065476299,-2.78835317459998,-3.9382936508
CY8884,Cyprus,CY,CY0,CY00,CY000,Κύπρος,579.495416666774,2.58694444445,4.02636904761667,552.708065476299,-2.78835317459998,-3.9382936508
CY99010,Cyprus,CY,CY0,CY00,CY000,Κύπρος,579.495416666774,2.58694444445,4.02636904761667,552.708065476299,-2.78835317459998,-3.9382936508
CY99040,Cyprus,CY,CY0,CY00,CY000,Κύπρος,579.495416666774,2.58694444445,4.02636904761667,552.708065476299,-2.78835317459998,-3.9382936508
CY99050,Cyprus,CY,CY0,CY00,CY000,Κύπρος,579.495416666774,2.58694444445,4.02636904761667,552.708065476299,-2.78835317459998,-3.9382936508
CY99100,Cyprus,CY,CY0,CY00,CY000,Κύπρος,579.495416666774,2.58694444445,4.02636904761667,552.708065476299,-2.78835317459998,-3.9382936508
CY99150,Cyprus,CY,CY0,CY00,CY000,Κύπρος,579.495416666774,2.58694444445,4.02636904761667,552.708065476299,-2.78835317459998,-3.9382936508
CY99300,Cyprus,CY,CY0,CY00,CY000,Κύπρος,579.495416666774,2.58694444445,4.02636904761667,552.708065476299,-2.78835317459998,-3.9382936508
CY99320,Cyprus,CY,CY0,CY00,CY000,Κύπρος,579.495416666774,2.58694444445,4.02636904761667,552.708065476299,-2.78835317459998,-3.9382936508
CY99350,Cyprus,CY,CY0,CY00,CY000,Κύπρος,579.495416666774,2.58694444445,4.02636904761667,552.708065476299,-2.78835317459998,-3.9382936508
CY99360,Cyprus,CY,CY0,CY00,CY000,Κύπρος,579.495416666774,2.58694444445,4.02636904761667,552.708065476299,-2.78835317459998,-3.9382936508
CY99370,Cyprus,CY,CY0,CY00,CY000,Κύπρος,579.495416666774,2.58694444445,4.02636904761667,552.708065476299,-2.78835317459998,-3.9382936508
CY99380,Cyprus,CY,CY0,CY00,CY000,Κύπρος,579.495416666774,2.58694444445,4.02636904761667,552.708065476299,-2.78835317459998,-3.9382936508
CY99390,Cyprus,CY,CY0,CY00,CY000,Κύπρος,579.495416666774,2.58694444445,4.02636904761667,552.708065476299,-2.78835317459998,-3.9382936508
CY99410,Cyprus,CY,CY0,CY00,CY000,Κύπρος,579.495416666774,2.58694444445,4.02636904761667,552.708065476299,-2.78835317459998,-3.9382936508
CY99420,Cyprus,CY,CY0,CY00,CY000,Κύπρος,579.495416666774,2.58694444445,4.02636904761667,552.708065476299,-2.78835317459998,-3.9382936508
CY99440,Cyprus,CY,CY0,CY00,CY000,Κύπρος,579.495416666774,2.58694444445,4.02636904761667,552.708065476299,-2.78835317459998,-3.9382936508
CY99450,Cyprus,CY,CY0,CY00,CY000,Κύπρος,579.495416666774,2.58694444445,4.02636904761667,552.708065476299,-2.78835317459998,-3.9382936508
CY99500,Cyprus,CY,CY0,CY00,CY000,Κύπρος,579.495416666774,2.58694444445,4.02636904761667,552.708065476299,-2.78835317459998,-3.9382936508
CY99520,Cyprus,CY,CY0,CY00,CY000,Κύπρος,579.495416666774,2.58694444445,4.02636904761667,552.708065476299,-2.78835317459998,-3.9382936508
CY99555,Cyprus,CY,CY0,CY00,CY000,Κύπρος,579.495416666774,2.58694444445,4.02636904761667,552.708065476299,-2.78835317459998,-3.9382936508
CY99610,Cyprus,CY,CY0,CY00,CY000,Κύπρος,579.495416666774,2.58694444445,4.02636904761667,552.708065476299,-2.78835317459998,-3.9382936508
CY99620,Cyprus,CY,CY0,CY00,CY000,Κύπρος,579.495416666774,2.58694444445,4.02636904761667,552.708065476299,-2.78835317459998,-3.9382936508
CY99650,Cyprus,CY,CY0,CY00,CY000,Κύπρος,579.495416666774,2.58694444445,4.02636904761667,552.708065476299,-2.78835317459998,-3.9382936508
CY99655,Cyprus,CY,CY0,CY00,CY000,Κύπρος,579.495416666774,2.58694444445,4.02636904761667,552.708065476299,-2.78835317459998,-3.9382936508
CY99660,Cyprus,CY,CY0,CY00,CY000,Κύπρος,579.495416666774,2.58694444445,4.02636904761667,552.708065476299,-2.78835317459998,-3.9382936508
CY99665,Cyprus,CY,CY0,CY00,CY000,Κύπρος,579.495416666774,2.58694444445,4.02636904761667,552.708065476299,-2.78835317459998,-3.9382936508
CY99670,Cyprus,CY,CY0,CY00,CY000,Κύπρος,579.495416666774,2.58694444445,4.02636904761667,552.708065476299,-2.78835317459998,-3.9382936508
CY99675,Cyprus,CY,CY0,CY00,CY000,Κύπρος,579.495416666774,2.58694444445,4.02636904761667,552.708065476299,-2.78835317459998,-3.9382936508
CY99680,Cyprus,CY,CY0,CY00,CY000,Κύπρος,579.495416666774,2.58694444445,4.02636904761667,552.708065476299,-2.78835317459998,-3.9382936508
CY99690,Cyprus,CY,CY0,CY00,CY000,Κύπρος,579.495416666774,2.58694444445,4.02636904761667,552.708065476299,-2.78835317459998,-3.9382936508
CY99700,Cyprus,CY,CY0,CY00,CY000,Κύπρος,579.495416666774,2.58694444445,4.02636904761667,552.708065476299,-2.78835317459998,-3.9382936508
CY99750,Cyprus,CY,CY0,CY00,CY000,Κύπρος,579.495416666774,2.58694444445,4.02636904761667,552.708065476299,-2.78835317459998,-3.9382936508
CY99790,Cyprus,CY,CY0,CY00,CY000,Κύπρος,579.495416666774,2.58694444445,4.02636904761667,552.708065476299,-2.78835317459998,-3.9382936508
CY99800,Cyprus,CY,CY0,CY00,CY000,Κύπρος,579.495416666774,2.58694444445,4.02636904761667,552.708065476299,-2.78835317459998,-3.9382936508
CY99850,Cyprus,CY,CY0,CY00,CY000,Κύπρος,579.495416666774,2.58694444445,4.02636904761667,552.708065476299,-2.78835317459998,-3.9382936508
CY99860,Cyprus,CY,CY0,CY00,CY000,Κύπρος,579.495416666774,2.58694444445,4.02636904761667,552.708065476299,-2.78835317459998,-3.9382936508
CY99870,Cyprus,CY,CY0,CY00,CY000,Κύπρος,579.495416666774,2.58694444445,4.02636904761667,552.708065476299,-2.78835317459998,-3.9382936508
CY99880,Cyprus,CY,CY0,CY00,CY000,Κύπρος,579.495416666774,2.58694444445,4.02636904761667,552.708065476299,-2.78835317459998,-3.9382936508
CY99890,Cyprus,CY,CY0,CY00,CY000,Κύπρος,579.495416666774,2.58694444445,4.02636904761667,552.708065476299,-2.78835317459998,-3.9382936508
CY99900,Cyprus,CY,CY0,CY00,CY000,Κύπρος,579.495416666774,2.58694444445,4.02636904761667,552.708065476299,-2.78835317459998,-3.9382936508
CY99910,Cyprus,CY,CY0,CY00,CY000,Κύπρος,579.495416666774,2.58694444445,4.02636904761667,552.708065476299,-2.78835317459998,-3.9382936508
CY99920,Cyprus,CY,CY0,CY00,CY000,Κύπρος,579.495416666774,2.58694444445,4.02636904761667,552.708065476299,-2.78835317459998,-3.9382936508
CY99950,Cyprus,CY,CY0,CY00,CY000,Κύπρος,579.495416666774,2.58694444445,4.02636904761667,552.708065476299,-2.78835317459998,-3.9382936508
CY99970,Cyprus,CY,CY0,CY00,CY000,Κύπρος,579.495416666774,2.58694444445,4.02636904761667,552.708065476299,-2.78835317459998,-3.9382936508
