ZIP Code,Country,NUTS 0,NUTS 1,NUTS 2,NUTS 3,NUTS 3 Name,CDD_2024,CDD_45_pa,CDD_85_pa,HDD_2024,HDD_45_pa,HDD_85_pa
,Estonia,EE,,,,Estonia,1.85,0.154420766693133,0.270073114454666,3667.81,-5.98146005305666,-7.95528029920999
EE10111,Estonia,EE,EE0,EE00,EE001,Põhja-Eesti,1.2,0.120049751243833,0.216567164178333,3707.45,-5.80139303483332,-7.69552238806665
EE10112,Estonia,EE,EE0,EE00,EE001,Põhja-Eesti,1.2,0.120049751243833,0.216567164178333,3707.45,-5.80139303483332,-7.69552238806665
EE10113,Estonia,EE,EE0,EE00,EE001,Põhja-Eesti,1.2,0.120049751243833,0.216567164178333,3707.45,-5.80139303483332,-7.69552238806665
EE10114,Estonia,EE,EE0,EE00,EE001,Põhja-Eesti,1.2,0.120049751243833,0.216567164178333,3707.45,-5.80139303483332,-7.69552238806665
EE10115,Estonia,EE,EE0,EE00,EE001,Põhja-Eesti,1.2,0.120049751243833,0.216567164178333,3707.45,-5.80139303483332,-7.69552238806665
EE10116,Estonia,EE,EE0,EE00,EE001,Põhja-Eesti,1.2,0.120049751243833,0.216567164178333,3707.45,-5.80139303483332,-7.69552238806665
EE10117,Estonia,EE,EE0,EE00,EE001,Põhja-Eesti,1.2,0.120049751243833,0.216567164178333,3707.45,-5.80139303483332,-7.69552238806665
EE10118,Estonia,EE,EE0,EE00,EE001,Põhja-Eesti,1.2,0.120049751243833,0.216567164178333,3707.45,-5.80139303483332,-7.69552238806665
EE10119,Estonia,EE,EE0,EE00,EE001,Põhja-Eesti,1.2,0.120049751243833,0.216567164178333,3707.45,-5.80139303483332,-7.69552238806665
EE10120,Estonia,EE,EE0,EE00,EE001,Põhja-Eesti,1.2,0.120049751243833,0.216567164178333,3707.45,-5.80139303483332,-7.69552238806665
EE10121,Estonia,EE,EE0,EE00,EE001,Põhja-Eesti,1.2,0.120049751243833,0.216567164178333,3707.45,-5.80139303483332,-7.69552238806665
EE10122,Estonia,EE,EE0,EE00,EE001,Põhja-Eesti,1.2,0.120049751243833,0.216567164178333,3707.45,-5.80139303483332,-7.69552238806665
EE10123,Estonia,EE,EE0,EE00,EE001,Põhja-Eesti,1.2,0.120049751243833,0.216567164178333,3707.45,-5.80139303483332,-7.69552238806665
EE10124,Estonia,EE,EE0,EE00,EE001,Põhja-Eesti,1.2,0.120049751243833,0.216567164178333,3707.45,-5.80139303483332,-7.69552238806665
EE10125,Estonia,EE,EE0,EE00,EE001,Põhja-Eesti,1.2,0.120049751243833,0.216567164178333,3707.45,-5.80139303483332,-7.69552238806665
EE10126,Estonia,EE,EE0,EE00,EE001,Põhja-Eesti,1.2,0.120049751243833,0.216567164178333,3707.45,-5.80139303483332,-7.69552238806665
EE10127,Estonia,EE,EE0,EE00,EE001,Põhja-Eesti,1.2,0.120049751243833,0.216567164178333,3707.45,-5.80139303483332,-7.69552238806665
EE10128,Estonia,EE,EE0,EE00,EE001,Põhja-Eesti,1.2,0.120049751243833,0.216567164178333,3707.45,-5.80139303483332,-7.69552238806665
EE10129,Estonia,EE,EE0,EE00,EE001,Põhja-Eesti,1.2,0.120049751243833,0.216567164178333,3707.45,-5.80139303483332,-7.69552238806665
EE10130,Estonia,EE,EE0,EE00,EE001,Põhja-Eesti,1.2,0.120049751243833,0.216567164178333,3707.45,-5.80139303483332,-7.69552238806665
EE10131,Estonia,EE,EE0,EE00,EE001,Põhja-Eesti,1.2,0.120049751243833,0.216567164178333,3707.45,-5.80139303483332,-7.69552238806665
EE10132,Estonia,EE,EE0,EE00,EE001,Põhja-Eesti,1.2,0.120049751243833,0.216567164178333,3707.45,-5.80139303483332,-7.69552238806665
EE10133,Estonia,EE,EE0,EE00,EE001,Põhja-Eesti,1.2,0.120049751243833,0.216567164178333,3707.45,-5.80139303483332,-7.69552238806665
EE10134,Estonia,EE,EE0,EE00,EE001,Põhja-Eesti,1.2,0.120049751243833,0.216567164178333,3707.45,-5.80139303483332,-7.69552238806665
EE10135,Estonia,EE,EE0,EE00,EE001,Põhja-Eesti,1.2,0.120049751243833,0.216567164178333,3707.45,-5.80139303483332,-7.69552238806665
EE10136,Estonia,EE,EE0,EE00,EE001,Põhja-Eesti,1.2,0.120049751243833,0.216567164178333,3707.45,-5.80139303483332,-7.69552238806665
EE10137,Estonia,EE,EE0,EE00,EE001,Põhja-Eesti,1.2,0.120049751243833,0.216567164178333,3707.45,-5.80139303483332,-7.69552238806665
EE10138,Estonia,EE,EE0,EE00,EE001,Põhja-Eesti,1.2,0.120049751243833,0.216567164178333,3707.45,-5.80139303483332,-7.69552238806665
EE10139,Estonia,EE,EE0,EE00,EE001,Põhja-Eesti,1.2,0.120049751243833,0.216567164178333,3707.45,-5.80139303483332,-7.69552238806665
EE10140,Estonia,EE,EE0,EE00,EE001,Põhja-Eesti,1.2,0.120049751243833,0.216567164178333,3707.45,-5.80139303483332,-7.69552238806665
EE10141,Estonia,EE,EE0,EE00,EE001,Põhja-Eesti,1.2,0.120049751243833,0.216567164178333,3707.45,-5.80139303483332,-7.69552238806665
EE10142,Estonia,EE,EE0,EE00,EE001,Põhja-Eesti,1.2,0.120049751243833,0.216567164178333,3707.45,-5.80139303483332,-7.69552238806665
EE10143,Estonia,EE,EE0,EE00,EE001,Põhja-Eesti,1.2,0.120049751243833,0.216567164178333,3707.45,-5.80139303483332,-7.69552238806665
EE10144,Estonia,EE,EE0,EE00,EE001,Põhja-Eesti,1.2,0.120049751243833,0.216567164178333,3707.45,-5.80139303483332,-7.69552238806665
EE10145,Estonia,EE,EE0,EE00,EE001,Põhja-Eesti,1.2,0.120049751243833,0.216567164178333,3707.45,-5.80139303483332,-7.69552238806665
EE10146,Estonia,EE,EE0,EE00,EE001,Põhja-Eesti,1.2,0.120049751243833,0.216567164178333,3707.45,-5.80139303483332,-7.69552238806665
EE10147,Estonia,EE,EE0,EE00,EE001,Põhja-Eesti,1.2,0.120049751243833,0.216567164178333,3707.45,-5.80139303483332,-7.69552238806665
EE10148,Estonia,EE,EE0,EE00,EE001,Põhja-Eesti,1.2,0.120049751243833,0.216567164178333,3707.45,-5.80139303483332,-7.69552238806665
EE10149,Estonia,EE,EE0,EE00,EE001,Põhja-Eesti,1.2,0.120049751243833,0.216567164178333,3707.45,-5.80139303483332,-7.69552238806665
EE10150,Estonia,EE,EE0,EE00,EE001,Põhja-Eesti,1.2,0.120049751243833,0.216567164178333,3707.45,-5.80139303483332,-7.69552238806665
EE10151,Estonia,EE,EE0,EE00,EE001,Põhja-Eesti,1.2,0.120049751243833,0.216567164178333,3707.45,-5.80139303483332,-7.69552238806665
EE10152,Estonia,EE,EE0,EE00,EE001,Põhja-Eesti,1.2,0.120049751243833,0.216567164178333,3707.45,-5.80139303483332,-7.69552238806665
EE10153,Estonia,EE,EE0,EE00,EE001,Põhja-Eesti,1.2,0.120049751243833,0.216567164178333,3707.45,-5.80139303483332,-7.69552238806665
EE10155,Estonia,EE,EE0,EE00,EE001,Põhja-Eesti,1.2,0.120049751243833,0.216567164178333,3707.45,-5.80139303483332,-7.69552238806665
EE10311,Estonia,EE,EE0,EE00,EE001,Põhja-Eesti,1.2,0.120049751243833,0.216567164178333,3707.45,-5.80139303483332,-7.69552238806665
EE10312,Estonia,EE,EE0,EE00,EE001,Põhja-Eesti,1.2,0.120049751243833,0.216567164178333,3707.45,-5.80139303483332,-7.69552238806665
EE10313,Estonia,EE,EE0,EE00,EE001,Põhja-Eesti,1.2,0.120049751243833,0.216567164178333,3707.45,-5.80139303483332,-7.69552238806665
EE10314,Estonia,EE,EE0,EE00,EE001,Põhja-Eesti,1.2,0.120049751243833,0.216567164178333,3707.45,-5.80139303483332,-7.69552238806665
EE10315,Estonia,EE,EE0,EE00,EE001,Põhja-Eesti,1.2,0.120049751243833,0.216567164178333,3707.45,-5.80139303483332,-7.69552238806665
EE10316,Estonia,EE,EE0,EE00,EE001,Põhja-Eesti,1.2,0.120049751243833,0.216567164178333,3707.45,-5.80139303483332,-7.69552238806665
EE10317,Estonia,EE,EE0,EE00,EE001,Põhja-Eesti,1.2,0.120049751243833,0.216567164178333,3707.45,-5.80139303483332,-7.69552238806665
EE10318,Estonia,EE,EE0,EE00,EE001,Põhja-Eesti,1.2,0.120049751243833,0.216567164178333,3707.45,-5.80139303483332,-7.69552238806665
EE10319,Estonia,EE,EE0,EE00,EE001,Põhja-Eesti,1.2,0.120049751243833,0.216567164178333,3707.45,-5.80139303483332,-7.69552238806665
EE10320,Estonia,EE,EE0,EE00,EE001,Põhja-Eesti,1.2,0.120049751243833,0.216567164178333,3707.45,-5.80139303483332,-7.69552238806665
EE10321,Estonia,EE,EE0,EE00,EE001,Põhja-Eesti,1.2,0.120049751243833,0.216567164178333,3707.45,-5.80139303483332,-7.69552238806665
EE10411,Estonia,EE,EE0,EE00,EE001,Põhja-Eesti,1.2,0.120049751243833,0.216567164178333,3707.45,-5.80139303483332,-7.69552238806665
EE10412,Estonia,EE,EE0,EE00,EE001,Põhja-Eesti,1.2,0.120049751243833,0.216567164178333,3707.45,-5.80139303483332,-7.69552238806665
EE10413,Estonia,EE,EE0,EE00,EE001,Põhja-Eesti,1.2,0.120049751243833,0.216567164178333,3707.45,-5.80139303483332,-7.69552238806665
EE10414,Estonia,EE,EE0,EE00,EE001,Põhja-Eesti,1.2,0.120049751243833,0.216567164178333,3707.45,-5.80139303483332,-7.69552238806665
EE10415,Estonia,EE,EE0,EE00,EE001,Põhja-Eesti,1.2,0.120049751243833,0.216567164178333,3707.45,-5.80139303483332,-7.69552238806665
EE10416,Estonia,EE,EE0,EE00,EE001,Põhja-Eesti,1.2,0.120049751243833,0.216567164178333,3707.45,-5.80139303483332,-7.69552238806665
EE10611,Estonia,EE,EE0,EE00,EE001,Põhja-Eesti,1.2,0.120049751243833,0.216567164178333,3707.45,-5.80139303483332,-7.69552238806665
EE10612,Estonia,EE,EE0,EE00,EE001,Põhja-Eesti,1.2,0.120049751243833,0.216567164178333,3707.45,-5.80139303483332,-7.69552238806665
EE10613,Estonia,EE,EE0,EE00,EE001,Põhja-Eesti,1.2,0.120049751243833,0.216567164178333,3707.45,-5.80139303483332,-7.69552238806665
EE10614,Estonia,EE,EE0,EE00,EE001,Põhja-Eesti,1.2,0.120049751243833,0.216567164178333,3707.45,-5.80139303483332,-7.69552238806665
EE10615,Estonia,EE,EE0,EE00,EE001,Põhja-Eesti,1.2,0.120049751243833,0.216567164178333,3707.45,-5.80139303483332,-7.69552238806665
EE10616,Estonia,EE,EE0,EE00,EE001,Põhja-Eesti,1.2,0.120049751243833,0.216567164178333,3707.45,-5.80139303483332,-7.69552238806665
EE10617,Estonia,EE,EE0,EE00,EE001,Põhja-Eesti,1.2,0.120049751243833,0.216567164178333,3707.45,-5.80139303483332,-7.69552238806665
EE10618,Estonia,EE,EE0,EE00,EE001,Põhja-Eesti,1.2,0.120049751243833,0.216567164178333,3707.45,-5.80139303483332,-7.69552238806665
EE10619,Estonia,EE,EE0,EE00,EE001,Põhja-Eesti,1.2,0.120049751243833,0.216567164178333,3707.45,-5.80139303483332,-7.69552238806665
EE10620,Estonia,EE,EE0,EE00,EE001,Põhja-Eesti,1.2,0.120049751243833,0.216567164178333,3707.45,-5.80139303483332,-7.69552238806665
EE10621,Estonia,EE,EE0,EE00,EE001,Põhja-Eesti,1.2,0.120049751243833,0.216567164178333,3707.45,-5.80139303483332,-7.69552238806665
EE10911,Estonia,EE,EE0,EE00,EE001,Põhja-Eesti,1.2,0.120049751243833,0.216567164178333,3707.45,-5.80139303483332,-7.69552238806665
EE10912,Estonia,EE,EE0,EE00,EE001,Põhja-Eesti,1.2,0.120049751243833,0.216567164178333,3707.45,-5.80139303483332,-7.69552238806665
EE10913,Estonia,EE,EE0,EE00,EE001,Põhja-Eesti,1.2,0.120049751243833,0.216567164178333,3707.45,-5.80139303483332,-7.69552238806665
EE10914,Estonia,EE,EE0,EE00,EE001,Põhja-Eesti,1.2,0.120049751243833,0.216567164178333,3707.45,-5.80139303483332,-7.69552238806665
EE10915,Estonia,EE,EE0,EE00,EE001,Põhja-Eesti,1.2,0.120049751243833,0.216567164178333,3707.45,-5.80139303483332,-7.69552238806665
EE10916,Estonia,EE,EE0,EE00,EE001,Põhja-Eesti,1.2,0.120049751243833,0.216567164178333,3707.45,-5.80139303483332,-7.69552238806665
EE10917,Estonia,EE,EE0,EE00,EE001,Põhja-Eesti,1.2,0.120049751243833,0.216567164178333,3707.45,-5.80139303483332,-7.69552238806665
EE10918,Estonia,EE,EE0,EE00,EE001,Põhja-Eesti,1.2,0.120049751243833,0.216567164178333,3707.45,-5.80139303483332,-7.69552238806665
EE10919,Estonia,EE,EE0,EE00,EE001,Põhja-Eesti,1.2,0.120049751243833,0.216567164178333,3707.45,-5.80139303483332,-7.69552238806665
EE10920,Estonia,EE,EE0,EE00,EE001,Põhja-Eesti,1.2,0.120049751243833,0.216567164178333,3707.45,-5.80139303483332,-7.69552238806665
EE10921,Estonia,EE,EE0,EE00,EE001,Põhja-Eesti,1.2,0.120049751243833,0.216567164178333,3707.45,-5.80139303483332,-7.69552238806665
EE10922,Estonia,EE,EE0,EE00,EE001,Põhja-Eesti,1.2,0.120049751243833,0.216567164178333,3707.45,-5.80139303483332,-7.69552238806665
EE11101,Estonia,EE,EE0,EE00,EE001,Põhja-Eesti,1.2,0.120049751243833,0.216567164178333,3707.45,-5.80139303483332,-7.69552238806665
EE11211,Estonia,EE,EE0,EE00,EE001,Põhja-Eesti,1.2,0.120049751243833,0.216567164178333,3707.45,-5.80139303483332,-7.69552238806665
EE11212,Estonia,EE,EE0,EE00,EE001,Põhja-Eesti,1.2,0.120049751243833,0.216567164178333,3707.45,-5.80139303483332,-7.69552238806665
EE11213,Estonia,EE,EE0,EE00,EE001,Põhja-Eesti,1.2,0.120049751243833,0.216567164178333,3707.45,-5.80139303483332,-7.69552238806665
EE11214,Estonia,EE,EE0,EE00,EE001,Põhja-Eesti,1.2,0.120049751243833,0.216567164178333,3707.45,-5.80139303483332,-7.69552238806665
EE11215,Estonia,EE,EE0,EE00,EE001,Põhja-Eesti,1.2,0.120049751243833,0.216567164178333,3707.45,-5.80139303483332,-7.69552238806665
EE11216,Estonia,EE,EE0,EE00,EE001,Põhja-Eesti,1.2,0.120049751243833,0.216567164178333,3707.45,-5.80139303483332,-7.69552238806665
EE11217,Estonia,EE,EE0,EE00,EE001,Põhja-Eesti,1.2,0.120049751243833,0.216567164178333,3707.45,-5.80139303483332,-7.69552238806665
EE11218,Estonia,EE,EE0,EE00,EE001,Põhja-Eesti,1.2,0.120049751243833,0.216567164178333,3707.45,-5.80139303483332,-7.69552238806665
EE11311,Estonia,EE,EE0,EE00,EE001,Põhja-Eesti,1.2,0.120049751243833,0.216567164178333,3707.45,-5.80139303483332,-7.69552238806665
EE11312,Estonia,EE,EE0,EE00,EE001,Põhja-Eesti,1.2,0.120049751243833,0.216567164178333,3707.45,-5.80139303483332,-7.69552238806665
EE11313,Estonia,EE,EE0,EE00,EE001,Põhja-Eesti,1.2,0.120049751243833,0.216567164178333,3707.45,-5.80139303483332,-7.69552238806665
EE11314,Estonia,EE,EE0,EE00,EE001,Põhja-Eesti,1.2,0.120049751243833,0.216567164178333,3707.45,-5.80139303483332,-7.69552238806665
EE11315,Estonia,EE,EE0,EE00,EE001,Põhja-Eesti,1.2,0.120049751243833,0.216567164178333,3707.45,-5.80139303483332,-7.69552238806665
EE11316,Estonia,EE,EE0,EE00,EE001,Põhja-Eesti,1.2,0.120049751243833,0.216567164178333,3707.45,-5.80139303483332,-7.69552238806665
EE11317,Estonia,EE,EE0,EE00,EE001,Põhja-Eesti,1.2,0.120049751243833,0.216567164178333,3707.45,-5.80139303483332,-7.69552238806665
EE11411,Estonia,EE,EE0,EE00,EE001,Põhja-Eesti,1.2,0.120049751243833,0.216567164178333,3707.45,-5.80139303483332,-7.69552238806665
EE11412,Estonia,EE,EE0,EE00,EE001,Põhja-Eesti,1.2,0.120049751243833,0.216567164178333,3707.45,-5.80139303483332,-7.69552238806665
EE11413,Estonia,EE,EE0,EE00,EE001,Põhja-Eesti,1.2,0.120049751243833,0.216567164178333,3707.45,-5.80139303483332,-7.69552238806665
EE11414,Estonia,EE,EE0,EE00,EE001,Põhja-Eesti,1.2,0.120049751243833,0.216567164178333,3707.45,-5.80139303483332,-7.69552238806665
EE11415,Estonia,EE,EE0,EE00,EE001,Põhja-Eesti,1.2,0.120049751243833,0.216567164178333,3707.45,-5.80139303483332,-7.69552238806665
EE11416,Estonia,EE,EE0,EE00,EE001,Põhja-Eesti,1.2,0.120049751243833,0.216567164178333,3707.45,-5.80139303483332,-7.69552238806665
EE11611,Estonia,EE,EE0,EE00,EE001,Põhja-Eesti,1.2,0.120049751243833,0.216567164178333,3707.45,-5.80139303483332,-7.69552238806665
EE11612,Estonia,EE,EE0,EE00,EE001,Põhja-Eesti,1.2,0.120049751243833,0.216567164178333,3707.45,-5.80139303483332,-7.69552238806665
EE11613,Estonia,EE,EE0,EE00,EE001,Põhja-Eesti,1.2,0.120049751243833,0.216567164178333,3707.45,-5.80139303483332,-7.69552238806665
EE11614,Estonia,EE,EE0,EE00,EE001,Põhja-Eesti,1.2,0.120049751243833,0.216567164178333,3707.45,-5.80139303483332,-7.69552238806665
EE11615,Estonia,EE,EE0,EE00,EE001,Põhja-Eesti,1.2,0.120049751243833,0.216567164178333,3707.45,-5.80139303483332,-7.69552238806665
EE11616,Estonia,EE,EE0,EE00,EE001,Põhja-Eesti,1.2,0.120049751243833,0.216567164178333,3707.45,-5.80139303483332,-7.69552238806665
EE11617,Estonia,EE,EE0,EE00,EE001,Põhja-Eesti,1.2,0.120049751243833,0.216567164178333,3707.45,-5.80139303483332,-7.69552238806665
EE11618,Estonia,EE,EE0,EE00,EE001,Põhja-Eesti,1.2,0.120049751243833,0.216567164178333,3707.45,-5.80139303483332,-7.69552238806665
EE11619,Estonia,EE,EE0,EE00,EE001,Põhja-Eesti,1.2,0.120049751243833,0.216567164178333,3707.45,-5.80139303483332,-7.69552238806665
EE11620,Estonia,EE,EE0,EE00,EE001,Põhja-Eesti,1.2,0.120049751243833,0.216567164178333,3707.45,-5.80139303483332,-7.69552238806665
EE11621,Estonia,EE,EE0,EE00,EE001,Põhja-Eesti,1.2,0.120049751243833,0.216567164178333,3707.45,-5.80139303483332,-7.69552238806665
EE11622,Estonia,EE,EE0,EE00,EE001,Põhja-Eesti,1.2,0.120049751243833,0.216567164178333,3707.45,-5.80139303483332,-7.69552238806665
EE11623,Estonia,EE,EE0,EE00,EE001,Põhja-Eesti,1.2,0.120049751243833,0.216567164178333,3707.45,-5.80139303483332,-7.69552238806665
EE11624,Estonia,EE,EE0,EE00,EE001,Põhja-Eesti,1.2,0.120049751243833,0.216567164178333,3707.45,-5.80139303483332,-7.69552238806665
EE11625,Estonia,EE,EE0,EE00,EE001,Põhja-Eesti,1.2,0.120049751243833,0.216567164178333,3707.45,-5.80139303483332,-7.69552238806665
EE11711,Estonia,EE,EE0,EE00,EE001,Põhja-Eesti,1.2,0.120049751243833,0.216567164178333,3707.45,-5.80139303483332,-7.69552238806665
EE11712,Estonia,EE,EE0,EE00,EE001,Põhja-Eesti,1.2,0.120049751243833,0.216567164178333,3707.45,-5.80139303483332,-7.69552238806665
EE11713,Estonia,EE,EE0,EE00,EE001,Põhja-Eesti,1.2,0.120049751243833,0.216567164178333,3707.45,-5.80139303483332,-7.69552238806665
EE11911,Estonia,EE,EE0,EE00,EE001,Põhja-Eesti,1.2,0.120049751243833,0.216567164178333,3707.45,-5.80139303483332,-7.69552238806665
EE11912,Estonia,EE,EE0,EE00,EE001,Põhja-Eesti,1.2,0.120049751243833,0.216567164178333,3707.45,-5.80139303483332,-7.69552238806665
EE11913,Estonia,EE,EE0,EE00,EE001,Põhja-Eesti,1.2,0.120049751243833,0.216567164178333,3707.45,-5.80139303483332,-7.69552238806665
EE11914,Estonia,EE,EE0,EE00,EE001,Põhja-Eesti,1.2,0.120049751243833,0.216567164178333,3707.45,-5.80139303483332,-7.69552238806665
EE12011,Estonia,EE,EE0,EE00,EE001,Põhja-Eesti,1.2,0.120049751243833,0.216567164178333,3707.45,-5.80139303483332,-7.69552238806665
EE12012,Estonia,EE,EE0,EE00,EE001,Põhja-Eesti,1.2,0.120049751243833,0.216567164178333,3707.45,-5.80139303483332,-7.69552238806665
EE12013,Estonia,EE,EE0,EE00,EE001,Põhja-Eesti,1.2,0.120049751243833,0.216567164178333,3707.45,-5.80139303483332,-7.69552238806665
EE12014,Estonia,EE,EE0,EE00,EE001,Põhja-Eesti,1.2,0.120049751243833,0.216567164178333,3707.45,-5.80139303483332,-7.69552238806665
EE12015,Estonia,EE,EE0,EE00,EE001,Põhja-Eesti,1.2,0.120049751243833,0.216567164178333,3707.45,-5.80139303483332,-7.69552238806665
EE12111,Estonia,EE,EE0,EE00,EE001,Põhja-Eesti,1.2,0.120049751243833,0.216567164178333,3707.45,-5.80139303483332,-7.69552238806665
EE12112,Estonia,EE,EE0,EE00,EE001,Põhja-Eesti,1.2,0.120049751243833,0.216567164178333,3707.45,-5.80139303483332,-7.69552238806665
EE12113,Estonia,EE,EE0,EE00,EE001,Põhja-Eesti,1.2,0.120049751243833,0.216567164178333,3707.45,-5.80139303483332,-7.69552238806665
EE12611,Estonia,EE,EE0,EE00,EE001,Põhja-Eesti,1.2,0.120049751243833,0.216567164178333,3707.45,-5.80139303483332,-7.69552238806665
EE12612,Estonia,EE,EE0,EE00,EE001,Põhja-Eesti,1.2,0.120049751243833,0.216567164178333,3707.45,-5.80139303483332,-7.69552238806665
EE12613,Estonia,EE,EE0,EE00,EE001,Põhja-Eesti,1.2,0.120049751243833,0.216567164178333,3707.45,-5.80139303483332,-7.69552238806665
EE12614,Estonia,EE,EE0,EE00,EE001,Põhja-Eesti,1.2,0.120049751243833,0.216567164178333,3707.45,-5.80139303483332,-7.69552238806665
EE12615,Estonia,EE,EE0,EE00,EE001,Põhja-Eesti,1.2,0.120049751243833,0.216567164178333,3707.45,-5.80139303483332,-7.69552238806665
EE12616,Estonia,EE,EE0,EE00,EE001,Põhja-Eesti,1.2,0.120049751243833,0.216567164178333,3707.45,-5.80139303483332,-7.69552238806665
EE12617,Estonia,EE,EE0,EE00,EE001,Põhja-Eesti,1.2,0.120049751243833,0.216567164178333,3707.45,-5.80139303483332,-7.69552238806665
EE12618,Estonia,EE,EE0,EE00,EE001,Põhja-Eesti,1.2,0.120049751243833,0.216567164178333,3707.45,-5.80139303483332,-7.69552238806665
EE12911,Estonia,EE,EE0,EE00,EE001,Põhja-Eesti,1.2,0.120049751243833,0.216567164178333,3707.45,-5.80139303483332,-7.69552238806665
EE12912,Estonia,EE,EE0,EE00,EE001,Põhja-Eesti,1.2,0.120049751243833,0.216567164178333,3707.45,-5.80139303483332,-7.69552238806665
EE12913,Estonia,EE,EE0,EE00,EE001,Põhja-Eesti,1.2,0.120049751243833,0.216567164178333,3707.45,-5.80139303483332,-7.69552238806665
EE12914,Estonia,EE,EE0,EE00,EE001,Põhja-Eesti,1.2,0.120049751243833,0.216567164178333,3707.45,-5.80139303483332,-7.69552238806665
EE12915,Estonia,EE,EE0,EE00,EE001,Põhja-Eesti,1.2,0.120049751243833,0.216567164178333,3707.45,-5.80139303483332,-7.69552238806665
EE12916,Estonia,EE,EE0,EE00,EE001,Põhja-Eesti,1.2,0.120049751243833,0.216567164178333,3707.45,-5.80139303483332,-7.69552238806665
EE12917,Estonia,EE,EE0,EE00,EE001,Põhja-Eesti,1.2,0.120049751243833,0.216567164178333,3707.45,-5.80139303483332,-7.69552238806665
EE12918,Estonia,EE,EE0,EE00,EE001,Põhja-Eesti,1.2,0.120049751243833,0.216567164178333,3707.45,-5.80139303483332,-7.69552238806665
EE13411,Estonia,EE,EE0,EE00,EE001,Põhja-Eesti,1.2,0.120049751243833,0.216567164178333,3707.45,-5.80139303483332,-7.69552238806665
EE13412,Estonia,EE,EE0,EE00,EE001,Põhja-Eesti,1.2,0.120049751243833,0.216567164178333,3707.45,-5.80139303483332,-7.69552238806665
EE13413,Estonia,EE,EE0,EE00,EE001,Põhja-Eesti,1.2,0.120049751243833,0.216567164178333,3707.45,-5.80139303483332,-7.69552238806665
EE13414,Estonia,EE,EE0,EE00,EE001,Põhja-Eesti,1.2,0.120049751243833,0.216567164178333,3707.45,-5.80139303483332,-7.69552238806665
EE13415,Estonia,EE,EE0,EE00,EE001,Põhja-Eesti,1.2,0.120049751243833,0.216567164178333,3707.45,-5.80139303483332,-7.69552238806665
EE13416,Estonia,EE,EE0,EE00,EE001,Põhja-Eesti,1.2,0.120049751243833,0.216567164178333,3707.45,-5.80139303483332,-7.69552238806665
EE13417,Estonia,EE,EE0,EE00,EE001,Põhja-Eesti,1.2,0.120049751243833,0.216567164178333,3707.45,-5.80139303483332,-7.69552238806665
EE13418,Estonia,EE,EE0,EE00,EE001,Põhja-Eesti,1.2,0.120049751243833,0.216567164178333,3707.45,-5.80139303483332,-7.69552238806665
EE13419,Estonia,EE,EE0,EE00,EE001,Põhja-Eesti,1.2,0.120049751243833,0.216567164178333,3707.45,-5.80139303483332,-7.69552238806665
EE13420,Estonia,EE,EE0,EE00,EE001,Põhja-Eesti,1.2,0.120049751243833,0.216567164178333,3707.45,-5.80139303483332,-7.69552238806665
EE13421,Estonia,EE,EE0,EE00,EE001,Põhja-Eesti,1.2,0.120049751243833,0.216567164178333,3707.45,-5.80139303483332,-7.69552238806665
EE13422,Estonia,EE,EE0,EE00,EE001,Põhja-Eesti,1.2,0.120049751243833,0.216567164178333,3707.45,-5.80139303483332,-7.69552238806665
EE13423,Estonia,EE,EE0,EE00,EE001,Põhja-Eesti,1.2,0.120049751243833,0.216567164178333,3707.45,-5.80139303483332,-7.69552238806665
EE13424,Estonia,EE,EE0,EE00,EE001,Põhja-Eesti,1.2,0.120049751243833,0.216567164178333,3707.45,-5.80139303483332,-7.69552238806665
EE13425,Estonia,EE,EE0,EE00,EE001,Põhja-Eesti,1.2,0.120049751243833,0.216567164178333,3707.45,-5.80139303483332,-7.69552238806665
EE13426,Estonia,EE,EE0,EE00,EE001,Põhja-Eesti,1.2,0.120049751243833,0.216567164178333,3707.45,-5.80139303483332,-7.69552238806665
EE13511,Estonia,EE,EE0,EE00,EE001,Põhja-Eesti,1.2,0.120049751243833,0.216567164178333,3707.45,-5.80139303483332,-7.69552238806665
EE13512,Estonia,EE,EE0,EE00,EE001,Põhja-Eesti,1.2,0.120049751243833,0.216567164178333,3707.45,-5.80139303483332,-7.69552238806665
EE13513,Estonia,EE,EE0,EE00,EE001,Põhja-Eesti,1.2,0.120049751243833,0.216567164178333,3707.45,-5.80139303483332,-7.69552238806665
EE13514,Estonia,EE,EE0,EE00,EE001,Põhja-Eesti,1.2,0.120049751243833,0.216567164178333,3707.45,-5.80139303483332,-7.69552238806665
EE13515,Estonia,EE,EE0,EE00,EE001,Põhja-Eesti,1.2,0.120049751243833,0.216567164178333,3707.45,-5.80139303483332,-7.69552238806665
EE13516,Estonia,EE,EE0,EE00,EE001,Põhja-Eesti,1.2,0.120049751243833,0.216567164178333,3707.45,-5.80139303483332,-7.69552238806665
EE13517,Estonia,EE,EE0,EE00,EE001,Põhja-Eesti,1.2,0.120049751243833,0.216567164178333,3707.45,-5.80139303483332,-7.69552238806665
EE13518,Estonia,EE,EE0,EE00,EE001,Põhja-Eesti,1.2,0.120049751243833,0.216567164178333,3707.45,-5.80139303483332,-7.69552238806665
EE13519,Estonia,EE,EE0,EE00,EE001,Põhja-Eesti,1.2,0.120049751243833,0.216567164178333,3707.45,-5.80139303483332,-7.69552238806665
EE13520,Estonia,EE,EE0,EE00,EE001,Põhja-Eesti,1.2,0.120049751243833,0.216567164178333,3707.45,-5.80139303483332,-7.69552238806665
EE13521,Estonia,EE,EE0,EE00,EE001,Põhja-Eesti,1.2,0.120049751243833,0.216567164178333,3707.45,-5.80139303483332,-7.69552238806665
EE13522,Estonia,EE,EE0,EE00,EE001,Põhja-Eesti,1.2,0.120049751243833,0.216567164178333,3707.45,-5.80139303483332,-7.69552238806665
EE13611,Estonia,EE,EE0,EE00,EE001,Põhja-Eesti,1.2,0.120049751243833,0.216567164178333,3707.45,-5.80139303483332,-7.69552238806665
EE13612,Estonia,EE,EE0,EE00,EE001,Põhja-Eesti,1.2,0.120049751243833,0.216567164178333,3707.45,-5.80139303483332,-7.69552238806665
EE13613,Estonia,EE,EE0,EE00,EE001,Põhja-Eesti,1.2,0.120049751243833,0.216567164178333,3707.45,-5.80139303483332,-7.69552238806665
EE13614,Estonia,EE,EE0,EE00,EE001,Põhja-Eesti,1.2,0.120049751243833,0.216567164178333,3707.45,-5.80139303483332,-7.69552238806665
EE13615,Estonia,EE,EE0,EE00,EE001,Põhja-Eesti,1.2,0.120049751243833,0.216567164178333,3707.45,-5.80139303483332,-7.69552238806665
EE13616,Estonia,EE,EE0,EE00,EE001,Põhja-Eesti,1.2,0.120049751243833,0.216567164178333,3707.45,-5.80139303483332,-7.69552238806665
EE13617,Estonia,EE,EE0,EE00,EE001,Põhja-Eesti,1.2,0.120049751243833,0.216567164178333,3707.45,-5.80139303483332,-7.69552238806665
EE13618,Estonia,EE,EE0,EE00,EE001,Põhja-Eesti,1.2,0.120049751243833,0.216567164178333,3707.45,-5.80139303483332,-7.69552238806665
EE13619,Estonia,EE,EE0,EE00,EE001,Põhja-Eesti,1.2,0.120049751243833,0.216567164178333,3707.45,-5.80139303483332,-7.69552238806665
EE13620,Estonia,EE,EE0,EE00,EE001,Põhja-Eesti,1.2,0.120049751243833,0.216567164178333,3707.45,-5.80139303483332,-7.69552238806665
EE13621,Estonia,EE,EE0,EE00,EE001,Põhja-Eesti,1.2,0.120049751243833,0.216567164178333,3707.45,-5.80139303483332,-7.69552238806665
EE13622,Estonia,EE,EE0,EE00,EE001,Põhja-Eesti,1.2,0.120049751243833,0.216567164178333,3707.45,-5.80139303483332,-7.69552238806665
EE13623,Estonia,EE,EE0,EE00,EE001,Põhja-Eesti,1.2,0.120049751243833,0.216567164178333,3707.45,-5.80139303483332,-7.69552238806665
EE13624,Estonia,EE,EE0,EE00,EE001,Põhja-Eesti,1.2,0.120049751243833,0.216567164178333,3707.45,-5.80139303483332,-7.69552238806665
EE13625,Estonia,EE,EE0,EE00,EE001,Põhja-Eesti,1.2,0.120049751243833,0.216567164178333,3707.45,-5.80139303483332,-7.69552238806665
EE13626,Estonia,EE,EE0,EE00,EE001,Põhja-Eesti,1.2,0.120049751243833,0.216567164178333,3707.45,-5.80139303483332,-7.69552238806665
EE13627,Estonia,EE,EE0,EE00,EE001,Põhja-Eesti,1.2,0.120049751243833,0.216567164178333,3707.45,-5.80139303483332,-7.69552238806665
EE13628,Estonia,EE,EE0,EE00,EE001,Põhja-Eesti,1.2,0.120049751243833,0.216567164178333,3707.45,-5.80139303483332,-7.69552238806665
EE13629,Estonia,EE,EE0,EE00,EE001,Põhja-Eesti,1.2,0.120049751243833,0.216567164178333,3707.45,-5.80139303483332,-7.69552238806665
EE13811,Estonia,EE,EE0,EE00,EE001,Põhja-Eesti,1.2,0.120049751243833,0.216567164178333,3707.45,-5.80139303483332,-7.69552238806665
EE13812,Estonia,EE,EE0,EE00,EE001,Põhja-Eesti,1.2,0.120049751243833,0.216567164178333,3707.45,-5.80139303483332,-7.69552238806665
EE13816,Estonia,EE,EE0,EE00,EE001,Põhja-Eesti,1.2,0.120049751243833,0.216567164178333,3707.45,-5.80139303483332,-7.69552238806665
EE13817,Estonia,EE,EE0,EE00,EE001,Põhja-Eesti,1.2,0.120049751243833,0.216567164178333,3707.45,-5.80139303483332,-7.69552238806665
EE13911,Estonia,EE,EE0,EE00,EE001,Põhja-Eesti,1.2,0.120049751243833,0.216567164178333,3707.45,-5.80139303483332,-7.69552238806665
EE13912,Estonia,EE,EE0,EE00,EE001,Põhja-Eesti,1.2,0.120049751243833,0.216567164178333,3707.45,-5.80139303483332,-7.69552238806665
EE13913,Estonia,EE,EE0,EE00,EE001,Põhja-Eesti,1.2,0.120049751243833,0.216567164178333,3707.45,-5.80139303483332,-7.69552238806665
EE13914,Estonia,EE,EE0,EE00,EE001,Põhja-Eesti,1.2,0.120049751243833,0.216567164178333,3707.45,-5.80139303483332,-7.69552238806665
EE13915,Estonia,EE,EE0,EE00,EE001,Põhja-Eesti,1.2,0.120049751243833,0.216567164178333,3707.45,-5.80139303483332,-7.69552238806665
EE13916,Estonia,EE,EE0,EE00,EE001,Põhja-Eesti,1.2,0.120049751243833,0.216567164178333,3707.45,-5.80139303483332,-7.69552238806665
EE13917,Estonia,EE,EE0,EE00,EE001,Põhja-Eesti,1.2,0.120049751243833,0.216567164178333,3707.45,-5.80139303483332,-7.69552238806665
EE13918,Estonia,EE,EE0,EE00,EE001,Põhja-Eesti,1.2,0.120049751243833,0.216567164178333,3707.45,-5.80139303483332,-7.69552238806665
EE13919,Estonia,EE,EE0,EE00,EE001,Põhja-Eesti,1.2,0.120049751243833,0.216567164178333,3707.45,-5.80139303483332,-7.69552238806665
EE15049,Estonia,EE,EE0,EE00,EE001,Põhja-Eesti,1.2,0.120049751243833,0.216567164178333,3707.45,-5.80139303483332,-7.69552238806665
EE15060,Estonia,EE,EE0,EE00,EE001,Põhja-Eesti,1.2,0.120049751243833,0.216567164178333,3707.45,-5.80139303483332,-7.69552238806665
EE41591,Estonia,EE,EE0,EE00,EE001,Põhja-Eesti,1.2,0.120049751243833,0.216567164178333,3707.45,-5.80139303483332,-7.69552238806665
EE42221,Estonia,EE,EE0,EE00,EE001,Põhja-Eesti,1.2,0.120049751243833,0.216567164178333,3707.45,-5.80139303483332,-7.69552238806665
EE43614,Estonia,EE,EE0,EE00,EE001,Põhja-Eesti,1.2,0.120049751243833,0.216567164178333,3707.45,-5.80139303483332,-7.69552238806665
EE64601,Estonia,EE,EE0,EE00,EE001,Põhja-Eesti,1.2,0.120049751243833,0.216567164178333,3707.45,-5.80139303483332,-7.69552238806665
EE64603,Estonia,EE,EE0,EE00,EE001,Põhja-Eesti,1.2,0.120049751243833,0.216567164178333,3707.45,-5.80139303483332,-7.69552238806665
EE68401,Estonia,EE,EE0,EE00,EE001,Põhja-Eesti,1.2,0.120049751243833,0.216567164178333,3707.45,-5.80139303483332,-7.69552238806665
EE71033,Estonia,EE,EE0,EE00,EE001,Põhja-Eesti,1.2,0.120049751243833,0.216567164178333,3707.45,-5.80139303483332,-7.69552238806665
EE74001,Estonia,EE,EE0,EE00,EE001,Põhja-Eesti,1.2,0.120049751243833,0.216567164178333,3707.45,-5.80139303483332,-7.69552238806665
EE74003,Estonia,EE,EE0,EE00,EE001,Põhja-Eesti,1.2,0.120049751243833,0.216567164178333,3707.45,-5.80139303483332,-7.69552238806665
EE74004,Estonia,EE,EE0,EE00,EE001,Põhja-Eesti,1.2,0.120049751243833,0.216567164178333,3707.45,-5.80139303483332,-7.69552238806665
EE74008,Estonia,EE,EE0,EE00,EE001,Põhja-Eesti,1.2,0.120049751243833,0.216567164178333,3707.45,-5.80139303483332,-7.69552238806665
EE74009,Estonia,EE,EE0,EE00,EE001,Põhja-Eesti,1.2,0.120049751243833,0.216567164178333,3707.45,-5.80139303483332,-7.69552238806665
EE74010,Estonia,EE,EE0,EE00,EE001,Põhja-Eesti,1.2,0.120049751243833,0.216567164178333,3707.45,-5.80139303483332,-7.69552238806665
EE74011,Estonia,EE,EE0,EE00,EE001,Põhja-Eesti,1.2,0.120049751243833,0.216567164178333,3707.45,-5.80139303483332,-7.69552238806665
EE74012,Estonia,EE,EE0,EE00,EE001,Põhja-Eesti,1.2,0.120049751243833,0.216567164178333,3707.45,-5.80139303483332,-7.69552238806665
EE74013,Estonia,EE,EE0,EE00,EE001,Põhja-Eesti,1.2,0.120049751243833,0.216567164178333,3707.45,-5.80139303483332,-7.69552238806665
EE74014,Estonia,EE,EE0,EE00,EE001,Põhja-Eesti,1.2,0.120049751243833,0.216567164178333,3707.45,-5.80139303483332,-7.69552238806665
EE74015,Estonia,EE,EE0,EE00,EE001,Põhja-Eesti,1.2,0.120049751243833,0.216567164178333,3707.45,-5.80139303483332,-7.69552238806665
EE74016,Estonia,EE,EE0,EE00,EE001,Põhja-Eesti,1.2,0.120049751243833,0.216567164178333,3707.45,-5.80139303483332,-7.69552238806665
EE74017,Estonia,EE,EE0,EE00,EE001,Põhja-Eesti,1.2,0.120049751243833,0.216567164178333,3707.45,-5.80139303483332,-7.69552238806665
EE74018,Estonia,EE,EE0,EE00,EE001,Põhja-Eesti,1.2,0.120049751243833,0.216567164178333,3707.45,-5.80139303483332,-7.69552238806665
EE74019,Estonia,EE,EE0,EE00,EE001,Põhja-Eesti,1.2,0.120049751243833,0.216567164178333,3707.45,-5.80139303483332,-7.69552238806665
EE74020,Estonia,EE,EE0,EE00,EE001,Põhja-Eesti,1.2,0.120049751243833,0.216567164178333,3707.45,-5.80139303483332,-7.69552238806665
EE74021,Estonia,EE,EE0,EE00,EE001,Põhja-Eesti,1.2,0.120049751243833,0.216567164178333,3707.45,-5.80139303483332,-7.69552238806665
EE74111,Estonia,EE,EE0,EE00,EE001,Põhja-Eesti,1.2,0.120049751243833,0.216567164178333,3707.45,-5.80139303483332,-7.69552238806665
EE74112,Estonia,EE,EE0,EE00,EE001,Põhja-Eesti,1.2,0.120049751243833,0.216567164178333,3707.45,-5.80139303483332,-7.69552238806665
EE74113,Estonia,EE,EE0,EE00,EE001,Põhja-Eesti,1.2,0.120049751243833,0.216567164178333,3707.45,-5.80139303483332,-7.69552238806665
EE74114,Estonia,EE,EE0,EE00,EE001,Põhja-Eesti,1.2,0.120049751243833,0.216567164178333,3707.45,-5.80139303483332,-7.69552238806665
EE74115,Estonia,EE,EE0,EE00,EE001,Põhja-Eesti,1.2,0.120049751243833,0.216567164178333,3707.45,-5.80139303483332,-7.69552238806665
EE74116,Estonia,EE,EE0,EE00,EE001,Põhja-Eesti,1.2,0.120049751243833,0.216567164178333,3707.45,-5.80139303483332,-7.69552238806665
EE74117,Estonia,EE,EE0,EE00,EE001,Põhja-Eesti,1.2,0.120049751243833,0.216567164178333,3707.45,-5.80139303483332,-7.69552238806665
EE74120,Estonia,EE,EE0,EE00,EE001,Põhja-Eesti,1.2,0.120049751243833,0.216567164178333,3707.45,-5.80139303483332,-7.69552238806665
EE74121,Estonia,EE,EE0,EE00,EE001,Põhja-Eesti,1.2,0.120049751243833,0.216567164178333,3707.45,-5.80139303483332,-7.69552238806665
EE74201,Estonia,EE,EE0,EE00,EE001,Põhja-Eesti,1.2,0.120049751243833,0.216567164178333,3707.45,-5.80139303483332,-7.69552238806665
EE74202,Estonia,EE,EE0,EE00,EE001,Põhja-Eesti,1.2,0.120049751243833,0.216567164178333,3707.45,-5.80139303483332,-7.69552238806665
EE74203,Estonia,EE,EE0,EE00,EE001,Põhja-Eesti,1.2,0.120049751243833,0.216567164178333,3707.45,-5.80139303483332,-7.69552238806665
EE74204,Estonia,EE,EE0,EE00,EE001,Põhja-Eesti,1.2,0.120049751243833,0.216567164178333,3707.45,-5.80139303483332,-7.69552238806665
EE74205,Estonia,EE,EE0,EE00,EE001,Põhja-Eesti,1.2,0.120049751243833,0.216567164178333,3707.45,-5.80139303483332,-7.69552238806665
EE74206,Estonia,EE,EE0,EE00,EE001,Põhja-Eesti,1.2,0.120049751243833,0.216567164178333,3707.45,-5.80139303483332,-7.69552238806665
EE74207,Estonia,EE,EE0,EE00,EE001,Põhja-Eesti,1.2,0.120049751243833,0.216567164178333,3707.45,-5.80139303483332,-7.69552238806665
EE74208,Estonia,EE,EE0,EE00,EE001,Põhja-Eesti,1.2,0.120049751243833,0.216567164178333,3707.45,-5.80139303483332,-7.69552238806665
EE74209,Estonia,EE,EE0,EE00,EE001,Põhja-Eesti,1.2,0.120049751243833,0.216567164178333,3707.45,-5.80139303483332,-7.69552238806665
EE74210,Estonia,EE,EE0,EE00,EE001,Põhja-Eesti,1.2,0.120049751243833,0.216567164178333,3707.45,-5.80139303483332,-7.69552238806665
EE74211,Estonia,EE,EE0,EE00,EE001,Põhja-Eesti,1.2,0.120049751243833,0.216567164178333,3707.45,-5.80139303483332,-7.69552238806665
EE74213,Estonia,EE,EE0,EE00,EE001,Põhja-Eesti,1.2,0.120049751243833,0.216567164178333,3707.45,-5.80139303483332,-7.69552238806665
EE74214,Estonia,EE,EE0,EE00,EE001,Põhja-Eesti,1.2,0.120049751243833,0.216567164178333,3707.45,-5.80139303483332,-7.69552238806665
EE74217,Estonia,EE,EE0,EE00,EE001,Põhja-Eesti,1.2,0.120049751243833,0.216567164178333,3707.45,-5.80139303483332,-7.69552238806665
EE74218,Estonia,EE,EE0,EE00,EE001,Põhja-Eesti,1.2,0.120049751243833,0.216567164178333,3707.45,-5.80139303483332,-7.69552238806665
EE74220,Estonia,EE,EE0,EE00,EE001,Põhja-Eesti,1.2,0.120049751243833,0.216567164178333,3707.45,-5.80139303483332,-7.69552238806665
EE74221,Estonia,EE,EE0,EE00,EE001,Põhja-Eesti,1.2,0.120049751243833,0.216567164178333,3707.45,-5.80139303483332,-7.69552238806665
EE74222,Estonia,EE,EE0,EE00,EE001,Põhja-Eesti,1.2,0.120049751243833,0.216567164178333,3707.45,-5.80139303483332,-7.69552238806665
EE74223,Estonia,EE,EE0,EE00,EE001,Põhja-Eesti,1.2,0.120049751243833,0.216567164178333,3707.45,-5.80139303483332,-7.69552238806665
EE74224,Estonia,EE,EE0,EE00,EE001,Põhja-Eesti,1.2,0.120049751243833,0.216567164178333,3707.45,-5.80139303483332,-7.69552238806665
EE74226,Estonia,EE,EE0,EE00,EE001,Põhja-Eesti,1.2,0.120049751243833,0.216567164178333,3707.45,-5.80139303483332,-7.69552238806665
EE74228,Estonia,EE,EE0,EE00,EE001,Põhja-Eesti,1.2,0.120049751243833,0.216567164178333,3707.45,-5.80139303483332,-7.69552238806665
EE74229,Estonia,EE,EE0,EE00,EE001,Põhja-Eesti,1.2,0.120049751243833,0.216567164178333,3707.45,-5.80139303483332,-7.69552238806665
EE74230,Estonia,EE,EE0,EE00,EE001,Põhja-Eesti,1.2,0.120049751243833,0.216567164178333,3707.45,-5.80139303483332,-7.69552238806665
EE74305,Estonia,EE,EE0,EE00,EE001,Põhja-Eesti,1.2,0.120049751243833,0.216567164178333,3707.45,-5.80139303483332,-7.69552238806665
EE74306,Estonia,EE,EE0,EE00,EE001,Põhja-Eesti,1.2,0.120049751243833,0.216567164178333,3707.45,-5.80139303483332,-7.69552238806665
EE74307,Estonia,EE,EE0,EE00,EE001,Põhja-Eesti,1.2,0.120049751243833,0.216567164178333,3707.45,-5.80139303483332,-7.69552238806665
EE74309,Estonia,EE,EE0,EE00,EE001,Põhja-Eesti,1.2,0.120049751243833,0.216567164178333,3707.45,-5.80139303483332,-7.69552238806665
EE74310,Estonia,EE,EE0,EE00,EE001,Põhja-Eesti,1.2,0.120049751243833,0.216567164178333,3707.45,-5.80139303483332,-7.69552238806665
EE74313,Estonia,EE,EE0,EE00,EE001,Põhja-Eesti,1.2,0.120049751243833,0.216567164178333,3707.45,-5.80139303483332,-7.69552238806665
EE74314,Estonia,EE,EE0,EE00,EE001,Põhja-Eesti,1.2,0.120049751243833,0.216567164178333,3707.45,-5.80139303483332,-7.69552238806665
EE74315,Estonia,EE,EE0,EE00,EE001,Põhja-Eesti,1.2,0.120049751243833,0.216567164178333,3707.45,-5.80139303483332,-7.69552238806665
EE74316,Estonia,EE,EE0,EE00,EE001,Põhja-Eesti,1.2,0.120049751243833,0.216567164178333,3707.45,-5.80139303483332,-7.69552238806665
EE74401,Estonia,EE,EE0,EE00,EE001,Põhja-Eesti,1.2,0.120049751243833,0.216567164178333,3707.45,-5.80139303483332,-7.69552238806665
EE74402,Estonia,EE,EE0,EE00,EE001,Põhja-Eesti,1.2,0.120049751243833,0.216567164178333,3707.45,-5.80139303483332,-7.69552238806665
EE74404,Estonia,EE,EE0,EE00,EE001,Põhja-Eesti,1.2,0.120049751243833,0.216567164178333,3707.45,-5.80139303483332,-7.69552238806665
EE74409,Estonia,EE,EE0,EE00,EE001,Põhja-Eesti,1.2,0.120049751243833,0.216567164178333,3707.45,-5.80139303483332,-7.69552238806665
EE74411,Estonia,EE,EE0,EE00,EE001,Põhja-Eesti,1.2,0.120049751243833,0.216567164178333,3707.45,-5.80139303483332,-7.69552238806665
EE74413,Estonia,EE,EE0,EE00,EE001,Põhja-Eesti,1.2,0.120049751243833,0.216567164178333,3707.45,-5.80139303483332,-7.69552238806665
EE74415,Estonia,EE,EE0,EE00,EE001,Põhja-Eesti,1.2,0.120049751243833,0.216567164178333,3707.45,-5.80139303483332,-7.69552238806665
EE74416,Estonia,EE,EE0,EE00,EE001,Põhja-Eesti,1.2,0.120049751243833,0.216567164178333,3707.45,-5.80139303483332,-7.69552238806665
EE74417,Estonia,EE,EE0,EE00,EE001,Põhja-Eesti,1.2,0.120049751243833,0.216567164178333,3707.45,-5.80139303483332,-7.69552238806665
EE74501,Estonia,EE,EE0,EE00,EE001,Põhja-Eesti,1.2,0.120049751243833,0.216567164178333,3707.45,-5.80139303483332,-7.69552238806665
EE74502,Estonia,EE,EE0,EE00,EE001,Põhja-Eesti,1.2,0.120049751243833,0.216567164178333,3707.45,-5.80139303483332,-7.69552238806665
EE74601,Estonia,EE,EE0,EE00,EE001,Põhja-Eesti,1.2,0.120049751243833,0.216567164178333,3707.45,-5.80139303483332,-7.69552238806665
EE74602,Estonia,EE,EE0,EE00,EE001,Põhja-Eesti,1.2,0.120049751243833,0.216567164178333,3707.45,-5.80139303483332,-7.69552238806665
EE74604,Estonia,EE,EE0,EE00,EE001,Põhja-Eesti,1.2,0.120049751243833,0.216567164178333,3707.45,-5.80139303483332,-7.69552238806665
EE74605,Estonia,EE,EE0,EE00,EE001,Põhja-Eesti,1.2,0.120049751243833,0.216567164178333,3707.45,-5.80139303483332,-7.69552238806665
EE74606,Estonia,EE,EE0,EE00,EE001,Põhja-Eesti,1.2,0.120049751243833,0.216567164178333,3707.45,-5.80139303483332,-7.69552238806665
EE74609,Estonia,EE,EE0,EE00,EE001,Põhja-Eesti,1.2,0.120049751243833,0.216567164178333,3707.45,-5.80139303483332,-7.69552238806665
EE74611,Estonia,EE,EE0,EE00,EE001,Põhja-Eesti,1.2,0.120049751243833,0.216567164178333,3707.45,-5.80139303483332,-7.69552238806665
EE74619,Estonia,EE,EE0,EE00,EE001,Põhja-Eesti,1.2,0.120049751243833,0.216567164178333,3707.45,-5.80139303483332,-7.69552238806665
EE74620,Estonia,EE,EE0,EE00,EE001,Põhja-Eesti,1.2,0.120049751243833,0.216567164178333,3707.45,-5.80139303483332,-7.69552238806665
EE74621,Estonia,EE,EE0,EE00,EE001,Põhja-Eesti,1.2,0.120049751243833,0.216567164178333,3707.45,-5.80139303483332,-7.69552238806665
EE74623,Estonia,EE,EE0,EE00,EE001,Põhja-Eesti,1.2,0.120049751243833,0.216567164178333,3707.45,-5.80139303483332,-7.69552238806665
EE74624,Estonia,EE,EE0,EE00,EE001,Põhja-Eesti,1.2,0.120049751243833,0.216567164178333,3707.45,-5.80139303483332,-7.69552238806665
EE74629,Estonia,EE,EE0,EE00,EE001,Põhja-Eesti,1.2,0.120049751243833,0.216567164178333,3707.45,-5.80139303483332,-7.69552238806665
EE74630,Estonia,EE,EE0,EE00,EE001,Põhja-Eesti,1.2,0.120049751243833,0.216567164178333,3707.45,-5.80139303483332,-7.69552238806665
EE74631,Estonia,EE,EE0,EE00,EE001,Põhja-Eesti,1.2,0.120049751243833,0.216567164178333,3707.45,-5.80139303483332,-7.69552238806665
EE74632,Estonia,EE,EE0,EE00,EE001,Põhja-Eesti,1.2,0.120049751243833,0.216567164178333,3707.45,-5.80139303483332,-7.69552238806665
EE74633,Estonia,EE,EE0,EE00,EE001,Põhja-Eesti,1.2,0.120049751243833,0.216567164178333,3707.45,-5.80139303483332,-7.69552238806665
EE74635,Estonia,EE,EE0,EE00,EE001,Põhja-Eesti,1.2,0.120049751243833,0.216567164178333,3707.45,-5.80139303483332,-7.69552238806665
EE74638,Estonia,EE,EE0,EE00,EE001,Põhja-Eesti,1.2,0.120049751243833,0.216567164178333,3707.45,-5.80139303483332,-7.69552238806665
EE74702,Estonia,EE,EE0,EE00,EE001,Põhja-Eesti,1.2,0.120049751243833,0.216567164178333,3707.45,-5.80139303483332,-7.69552238806665
EE74708,Estonia,EE,EE0,EE00,EE001,Põhja-Eesti,1.2,0.120049751243833,0.216567164178333,3707.45,-5.80139303483332,-7.69552238806665
EE74709,Estonia,EE,EE0,EE00,EE001,Põhja-Eesti,1.2,0.120049751243833,0.216567164178333,3707.45,-5.80139303483332,-7.69552238806665
EE74712,Estonia,EE,EE0,EE00,EE001,Põhja-Eesti,1.2,0.120049751243833,0.216567164178333,3707.45,-5.80139303483332,-7.69552238806665
EE74717,Estonia,EE,EE0,EE00,EE001,Põhja-Eesti,1.2,0.120049751243833,0.216567164178333,3707.45,-5.80139303483332,-7.69552238806665
EE74805,Estonia,EE,EE0,EE00,EE001,Põhja-Eesti,1.2,0.120049751243833,0.216567164178333,3707.45,-5.80139303483332,-7.69552238806665
EE74806,Estonia,EE,EE0,EE00,EE001,Põhja-Eesti,1.2,0.120049751243833,0.216567164178333,3707.45,-5.80139303483332,-7.69552238806665
EE74807,Estonia,EE,EE0,EE00,EE001,Põhja-Eesti,1.2,0.120049751243833,0.216567164178333,3707.45,-5.80139303483332,-7.69552238806665
EE74808,Estonia,EE,EE0,EE00,EE001,Põhja-Eesti,1.2,0.120049751243833,0.216567164178333,3707.45,-5.80139303483332,-7.69552238806665
EE74809,Estonia,EE,EE0,EE00,EE001,Põhja-Eesti,1.2,0.120049751243833,0.216567164178333,3707.45,-5.80139303483332,-7.69552238806665
EE74816,Estonia,EE,EE0,EE00,EE001,Põhja-Eesti,1.2,0.120049751243833,0.216567164178333,3707.45,-5.80139303483332,-7.69552238806665
EE75001,Estonia,EE,EE0,EE00,EE001,Põhja-Eesti,1.2,0.120049751243833,0.216567164178333,3707.45,-5.80139303483332,-7.69552238806665
EE75002,Estonia,EE,EE0,EE00,EE001,Põhja-Eesti,1.2,0.120049751243833,0.216567164178333,3707.45,-5.80139303483332,-7.69552238806665
EE75006,Estonia,EE,EE0,EE00,EE001,Põhja-Eesti,1.2,0.120049751243833,0.216567164178333,3707.45,-5.80139303483332,-7.69552238806665
EE75011,Estonia,EE,EE0,EE00,EE001,Põhja-Eesti,1.2,0.120049751243833,0.216567164178333,3707.45,-5.80139303483332,-7.69552238806665
EE75013,Estonia,EE,EE0,EE00,EE001,Põhja-Eesti,1.2,0.120049751243833,0.216567164178333,3707.45,-5.80139303483332,-7.69552238806665
EE75015,Estonia,EE,EE0,EE00,EE001,Põhja-Eesti,1.2,0.120049751243833,0.216567164178333,3707.45,-5.80139303483332,-7.69552238806665
EE75016,Estonia,EE,EE0,EE00,EE001,Põhja-Eesti,1.2,0.120049751243833,0.216567164178333,3707.45,-5.80139303483332,-7.69552238806665
EE75024,Estonia,EE,EE0,EE00,EE001,Põhja-Eesti,1.2,0.120049751243833,0.216567164178333,3707.45,-5.80139303483332,-7.69552238806665
EE75029,Estonia,EE,EE0,EE00,EE001,Põhja-Eesti,1.2,0.120049751243833,0.216567164178333,3707.45,-5.80139303483332,-7.69552238806665
EE75031,Estonia,EE,EE0,EE00,EE001,Põhja-Eesti,1.2,0.120049751243833,0.216567164178333,3707.45,-5.80139303483332,-7.69552238806665
EE75034,Estonia,EE,EE0,EE00,EE001,Põhja-Eesti,1.2,0.120049751243833,0.216567164178333,3707.45,-5.80139303483332,-7.69552238806665
EE75038,Estonia,EE,EE0,EE00,EE001,Põhja-Eesti,1.2,0.120049751243833,0.216567164178333,3707.45,-5.80139303483332,-7.69552238806665
EE75101,Estonia,EE,EE0,EE00,EE001,Põhja-Eesti,1.2,0.120049751243833,0.216567164178333,3707.45,-5.80139303483332,-7.69552238806665
EE75102,Estonia,EE,EE0,EE00,EE001,Põhja-Eesti,1.2,0.120049751243833,0.216567164178333,3707.45,-5.80139303483332,-7.69552238806665
EE75103,Estonia,EE,EE0,EE00,EE001,Põhja-Eesti,1.2,0.120049751243833,0.216567164178333,3707.45,-5.80139303483332,-7.69552238806665
EE75104,Estonia,EE,EE0,EE00,EE001,Põhja-Eesti,1.2,0.120049751243833,0.216567164178333,3707.45,-5.80139303483332,-7.69552238806665
EE75107,Estonia,EE,EE0,EE00,EE001,Põhja-Eesti,1.2,0.120049751243833,0.216567164178333,3707.45,-5.80139303483332,-7.69552238806665
EE75109,Estonia,EE,EE0,EE00,EE001,Põhja-Eesti,1.2,0.120049751243833,0.216567164178333,3707.45,-5.80139303483332,-7.69552238806665
EE75111,Estonia,EE,EE0,EE00,EE001,Põhja-Eesti,1.2,0.120049751243833,0.216567164178333,3707.45,-5.80139303483332,-7.69552238806665
EE75112,Estonia,EE,EE0,EE00,EE001,Põhja-Eesti,1.2,0.120049751243833,0.216567164178333,3707.45,-5.80139303483332,-7.69552238806665
EE75113,Estonia,EE,EE0,EE00,EE001,Põhja-Eesti,1.2,0.120049751243833,0.216567164178333,3707.45,-5.80139303483332,-7.69552238806665
EE75114,Estonia,EE,EE0,EE00,EE001,Põhja-Eesti,1.2,0.120049751243833,0.216567164178333,3707.45,-5.80139303483332,-7.69552238806665
EE75115,Estonia,EE,EE0,EE00,EE001,Põhja-Eesti,1.2,0.120049751243833,0.216567164178333,3707.45,-5.80139303483332,-7.69552238806665
EE75117,Estonia,EE,EE0,EE00,EE001,Põhja-Eesti,1.2,0.120049751243833,0.216567164178333,3707.45,-5.80139303483332,-7.69552238806665
EE75118,Estonia,EE,EE0,EE00,EE001,Põhja-Eesti,1.2,0.120049751243833,0.216567164178333,3707.45,-5.80139303483332,-7.69552238806665
EE75121,Estonia,EE,EE0,EE00,EE001,Põhja-Eesti,1.2,0.120049751243833,0.216567164178333,3707.45,-5.80139303483332,-7.69552238806665
EE75122,Estonia,EE,EE0,EE00,EE001,Põhja-Eesti,1.2,0.120049751243833,0.216567164178333,3707.45,-5.80139303483332,-7.69552238806665
EE75123,Estonia,EE,EE0,EE00,EE001,Põhja-Eesti,1.2,0.120049751243833,0.216567164178333,3707.45,-5.80139303483332,-7.69552238806665
EE75126,Estonia,EE,EE0,EE00,EE001,Põhja-Eesti,1.2,0.120049751243833,0.216567164178333,3707.45,-5.80139303483332,-7.69552238806665
EE75201,Estonia,EE,EE0,EE00,EE001,Põhja-Eesti,1.2,0.120049751243833,0.216567164178333,3707.45,-5.80139303483332,-7.69552238806665
EE75202,Estonia,EE,EE0,EE00,EE001,Põhja-Eesti,1.2,0.120049751243833,0.216567164178333,3707.45,-5.80139303483332,-7.69552238806665
EE75203,Estonia,EE,EE0,EE00,EE001,Põhja-Eesti,1.2,0.120049751243833,0.216567164178333,3707.45,-5.80139303483332,-7.69552238806665
EE75204,Estonia,EE,EE0,EE00,EE001,Põhja-Eesti,1.2,0.120049751243833,0.216567164178333,3707.45,-5.80139303483332,-7.69552238806665
EE75205,Estonia,EE,EE0,EE00,EE001,Põhja-Eesti,1.2,0.120049751243833,0.216567164178333,3707.45,-5.80139303483332,-7.69552238806665
EE75206,Estonia,EE,EE0,EE00,EE001,Põhja-Eesti,1.2,0.120049751243833,0.216567164178333,3707.45,-5.80139303483332,-7.69552238806665
EE75207,Estonia,EE,EE0,EE00,EE001,Põhja-Eesti,1.2,0.120049751243833,0.216567164178333,3707.45,-5.80139303483332,-7.69552238806665
EE75208,Estonia,EE,EE0,EE00,EE001,Põhja-Eesti,1.2,0.120049751243833,0.216567164178333,3707.45,-5.80139303483332,-7.69552238806665
EE75210,Estonia,EE,EE0,EE00,EE001,Põhja-Eesti,1.2,0.120049751243833,0.216567164178333,3707.45,-5.80139303483332,-7.69552238806665
EE75211,Estonia,EE,EE0,EE00,EE001,Põhja-Eesti,1.2,0.120049751243833,0.216567164178333,3707.45,-5.80139303483332,-7.69552238806665
EE75212,Estonia,EE,EE0,EE00,EE001,Põhja-Eesti,1.2,0.120049751243833,0.216567164178333,3707.45,-5.80139303483332,-7.69552238806665
EE75213,Estonia,EE,EE0,EE00,EE001,Põhja-Eesti,1.2,0.120049751243833,0.216567164178333,3707.45,-5.80139303483332,-7.69552238806665
EE75214,Estonia,EE,EE0,EE00,EE001,Põhja-Eesti,1.2,0.120049751243833,0.216567164178333,3707.45,-5.80139303483332,-7.69552238806665
EE75217,Estonia,EE,EE0,EE00,EE001,Põhja-Eesti,1.2,0.120049751243833,0.216567164178333,3707.45,-5.80139303483332,-7.69552238806665
EE75218,Estonia,EE,EE0,EE00,EE001,Põhja-Eesti,1.2,0.120049751243833,0.216567164178333,3707.45,-5.80139303483332,-7.69552238806665
EE75220,Estonia,EE,EE0,EE00,EE001,Põhja-Eesti,1.2,0.120049751243833,0.216567164178333,3707.45,-5.80139303483332,-7.69552238806665
EE75223,Estonia,EE,EE0,EE00,EE001,Põhja-Eesti,1.2,0.120049751243833,0.216567164178333,3707.45,-5.80139303483332,-7.69552238806665
EE75224,Estonia,EE,EE0,EE00,EE001,Põhja-Eesti,1.2,0.120049751243833,0.216567164178333,3707.45,-5.80139303483332,-7.69552238806665
EE75225,Estonia,EE,EE0,EE00,EE001,Põhja-Eesti,1.2,0.120049751243833,0.216567164178333,3707.45,-5.80139303483332,-7.69552238806665
EE75226,Estonia,EE,EE0,EE00,EE001,Põhja-Eesti,1.2,0.120049751243833,0.216567164178333,3707.45,-5.80139303483332,-7.69552238806665
EE75301,Estonia,EE,EE0,EE00,EE001,Põhja-Eesti,1.2,0.120049751243833,0.216567164178333,3707.45,-5.80139303483332,-7.69552238806665
EE75302,Estonia,EE,EE0,EE00,EE001,Põhja-Eesti,1.2,0.120049751243833,0.216567164178333,3707.45,-5.80139303483332,-7.69552238806665
EE75303,Estonia,EE,EE0,EE00,EE001,Põhja-Eesti,1.2,0.120049751243833,0.216567164178333,3707.45,-5.80139303483332,-7.69552238806665
EE75304,Estonia,EE,EE0,EE00,EE001,Põhja-Eesti,1.2,0.120049751243833,0.216567164178333,3707.45,-5.80139303483332,-7.69552238806665
EE75305,Estonia,EE,EE0,EE00,EE001,Põhja-Eesti,1.2,0.120049751243833,0.216567164178333,3707.45,-5.80139303483332,-7.69552238806665
EE75306,Estonia,EE,EE0,EE00,EE001,Põhja-Eesti,1.2,0.120049751243833,0.216567164178333,3707.45,-5.80139303483332,-7.69552238806665
EE75307,Estonia,EE,EE0,EE00,EE001,Põhja-Eesti,1.2,0.120049751243833,0.216567164178333,3707.45,-5.80139303483332,-7.69552238806665
EE75308,Estonia,EE,EE0,EE00,EE001,Põhja-Eesti,1.2,0.120049751243833,0.216567164178333,3707.45,-5.80139303483332,-7.69552238806665
EE75309,Estonia,EE,EE0,EE00,EE001,Põhja-Eesti,1.2,0.120049751243833,0.216567164178333,3707.45,-5.80139303483332,-7.69552238806665
EE75310,Estonia,EE,EE0,EE00,EE001,Põhja-Eesti,1.2,0.120049751243833,0.216567164178333,3707.45,-5.80139303483332,-7.69552238806665
EE75311,Estonia,EE,EE0,EE00,EE001,Põhja-Eesti,1.2,0.120049751243833,0.216567164178333,3707.45,-5.80139303483332,-7.69552238806665
EE75312,Estonia,EE,EE0,EE00,EE001,Põhja-Eesti,1.2,0.120049751243833,0.216567164178333,3707.45,-5.80139303483332,-7.69552238806665
EE75313,Estonia,EE,EE0,EE00,EE001,Põhja-Eesti,1.2,0.120049751243833,0.216567164178333,3707.45,-5.80139303483332,-7.69552238806665
EE75314,Estonia,EE,EE0,EE00,EE001,Põhja-Eesti,1.2,0.120049751243833,0.216567164178333,3707.45,-5.80139303483332,-7.69552238806665
EE75315,Estonia,EE,EE0,EE00,EE001,Põhja-Eesti,1.2,0.120049751243833,0.216567164178333,3707.45,-5.80139303483332,-7.69552238806665
EE75316,Estonia,EE,EE0,EE00,EE001,Põhja-Eesti,1.2,0.120049751243833,0.216567164178333,3707.45,-5.80139303483332,-7.69552238806665
EE75317,Estonia,EE,EE0,EE00,EE001,Põhja-Eesti,1.2,0.120049751243833,0.216567164178333,3707.45,-5.80139303483332,-7.69552238806665
EE75318,Estonia,EE,EE0,EE00,EE001,Põhja-Eesti,1.2,0.120049751243833,0.216567164178333,3707.45,-5.80139303483332,-7.69552238806665
EE75319,Estonia,EE,EE0,EE00,EE001,Põhja-Eesti,1.2,0.120049751243833,0.216567164178333,3707.45,-5.80139303483332,-7.69552238806665
EE75320,Estonia,EE,EE0,EE00,EE001,Põhja-Eesti,1.2,0.120049751243833,0.216567164178333,3707.45,-5.80139303483332,-7.69552238806665
EE75321,Estonia,EE,EE0,EE00,EE001,Põhja-Eesti,1.2,0.120049751243833,0.216567164178333,3707.45,-5.80139303483332,-7.69552238806665
EE75322,Estonia,EE,EE0,EE00,EE001,Põhja-Eesti,1.2,0.120049751243833,0.216567164178333,3707.45,-5.80139303483332,-7.69552238806665
EE75323,Estonia,EE,EE0,EE00,EE001,Põhja-Eesti,1.2,0.120049751243833,0.216567164178333,3707.45,-5.80139303483332,-7.69552238806665
EE75324,Estonia,EE,EE0,EE00,EE001,Põhja-Eesti,1.2,0.120049751243833,0.216567164178333,3707.45,-5.80139303483332,-7.69552238806665
EE75325,Estonia,EE,EE0,EE00,EE001,Põhja-Eesti,1.2,0.120049751243833,0.216567164178333,3707.45,-5.80139303483332,-7.69552238806665
EE75326,Estonia,EE,EE0,EE00,EE001,Põhja-Eesti,1.2,0.120049751243833,0.216567164178333,3707.45,-5.80139303483332,-7.69552238806665
EE75328,Estonia,EE,EE0,EE00,EE001,Põhja-Eesti,1.2,0.120049751243833,0.216567164178333,3707.45,-5.80139303483332,-7.69552238806665
EE75401,Estonia,EE,EE0,EE00,EE001,Põhja-Eesti,1.2,0.120049751243833,0.216567164178333,3707.45,-5.80139303483332,-7.69552238806665
EE75402,Estonia,EE,EE0,EE00,EE001,Põhja-Eesti,1.2,0.120049751243833,0.216567164178333,3707.45,-5.80139303483332,-7.69552238806665
EE75403,Estonia,EE,EE0,EE00,EE001,Põhja-Eesti,1.2,0.120049751243833,0.216567164178333,3707.45,-5.80139303483332,-7.69552238806665
EE75404,Estonia,EE,EE0,EE00,EE001,Põhja-Eesti,1.2,0.120049751243833,0.216567164178333,3707.45,-5.80139303483332,-7.69552238806665
EE75406,Estonia,EE,EE0,EE00,EE001,Põhja-Eesti,1.2,0.120049751243833,0.216567164178333,3707.45,-5.80139303483332,-7.69552238806665
EE75407,Estonia,EE,EE0,EE00,EE001,Põhja-Eesti,1.2,0.120049751243833,0.216567164178333,3707.45,-5.80139303483332,-7.69552238806665
EE75408,Estonia,EE,EE0,EE00,EE001,Põhja-Eesti,1.2,0.120049751243833,0.216567164178333,3707.45,-5.80139303483332,-7.69552238806665
EE75409,Estonia,EE,EE0,EE00,EE001,Põhja-Eesti,1.2,0.120049751243833,0.216567164178333,3707.45,-5.80139303483332,-7.69552238806665
EE75413,Estonia,EE,EE0,EE00,EE001,Põhja-Eesti,1.2,0.120049751243833,0.216567164178333,3707.45,-5.80139303483332,-7.69552238806665
EE75415,Estonia,EE,EE0,EE00,EE001,Põhja-Eesti,1.2,0.120049751243833,0.216567164178333,3707.45,-5.80139303483332,-7.69552238806665
EE75416,Estonia,EE,EE0,EE00,EE001,Põhja-Eesti,1.2,0.120049751243833,0.216567164178333,3707.45,-5.80139303483332,-7.69552238806665
EE75417,Estonia,EE,EE0,EE00,EE001,Põhja-Eesti,1.2,0.120049751243833,0.216567164178333,3707.45,-5.80139303483332,-7.69552238806665
EE75501,Estonia,EE,EE0,EE00,EE001,Põhja-Eesti,1.2,0.120049751243833,0.216567164178333,3707.45,-5.80139303483332,-7.69552238806665
EE75503,Estonia,EE,EE0,EE00,EE001,Põhja-Eesti,1.2,0.120049751243833,0.216567164178333,3707.45,-5.80139303483332,-7.69552238806665
EE75504,Estonia,EE,EE0,EE00,EE001,Põhja-Eesti,1.2,0.120049751243833,0.216567164178333,3707.45,-5.80139303483332,-7.69552238806665
EE75505,Estonia,EE,EE0,EE00,EE001,Põhja-Eesti,1.2,0.120049751243833,0.216567164178333,3707.45,-5.80139303483332,-7.69552238806665
EE75506,Estonia,EE,EE0,EE00,EE001,Põhja-Eesti,1.2,0.120049751243833,0.216567164178333,3707.45,-5.80139303483332,-7.69552238806665
EE75507,Estonia,EE,EE0,EE00,EE001,Põhja-Eesti,1.2,0.120049751243833,0.216567164178333,3707.45,-5.80139303483332,-7.69552238806665
EE75508,Estonia,EE,EE0,EE00,EE001,Põhja-Eesti,1.2,0.120049751243833,0.216567164178333,3707.45,-5.80139303483332,-7.69552238806665
EE75509,Estonia,EE,EE0,EE00,EE001,Põhja-Eesti,1.2,0.120049751243833,0.216567164178333,3707.45,-5.80139303483332,-7.69552238806665
EE75510,Estonia,EE,EE0,EE00,EE001,Põhja-Eesti,1.2,0.120049751243833,0.216567164178333,3707.45,-5.80139303483332,-7.69552238806665
EE75511,Estonia,EE,EE0,EE00,EE001,Põhja-Eesti,1.2,0.120049751243833,0.216567164178333,3707.45,-5.80139303483332,-7.69552238806665
EE75512,Estonia,EE,EE0,EE00,EE001,Põhja-Eesti,1.2,0.120049751243833,0.216567164178333,3707.45,-5.80139303483332,-7.69552238806665
EE75513,Estonia,EE,EE0,EE00,EE001,Põhja-Eesti,1.2,0.120049751243833,0.216567164178333,3707.45,-5.80139303483332,-7.69552238806665
EE75514,Estonia,EE,EE0,EE00,EE001,Põhja-Eesti,1.2,0.120049751243833,0.216567164178333,3707.45,-5.80139303483332,-7.69552238806665
EE75516,Estonia,EE,EE0,EE00,EE001,Põhja-Eesti,1.2,0.120049751243833,0.216567164178333,3707.45,-5.80139303483332,-7.69552238806665
EE75517,Estonia,EE,EE0,EE00,EE001,Põhja-Eesti,1.2,0.120049751243833,0.216567164178333,3707.45,-5.80139303483332,-7.69552238806665
EE75518,Estonia,EE,EE0,EE00,EE001,Põhja-Eesti,1.2,0.120049751243833,0.216567164178333,3707.45,-5.80139303483332,-7.69552238806665
EE76001,Estonia,EE,EE0,EE00,EE001,Põhja-Eesti,1.2,0.120049751243833,0.216567164178333,3707.45,-5.80139303483332,-7.69552238806665
EE76005,Estonia,EE,EE0,EE00,EE001,Põhja-Eesti,1.2,0.120049751243833,0.216567164178333,3707.45,-5.80139303483332,-7.69552238806665
EE76007,Estonia,EE,EE0,EE00,EE001,Põhja-Eesti,1.2,0.120049751243833,0.216567164178333,3707.45,-5.80139303483332,-7.69552238806665
EE76009,Estonia,EE,EE0,EE00,EE001,Põhja-Eesti,1.2,0.120049751243833,0.216567164178333,3707.45,-5.80139303483332,-7.69552238806665
EE76010,Estonia,EE,EE0,EE00,EE001,Põhja-Eesti,1.2,0.120049751243833,0.216567164178333,3707.45,-5.80139303483332,-7.69552238806665
EE76014,Estonia,EE,EE0,EE00,EE001,Põhja-Eesti,1.2,0.120049751243833,0.216567164178333,3707.45,-5.80139303483332,-7.69552238806665
EE76017,Estonia,EE,EE0,EE00,EE001,Põhja-Eesti,1.2,0.120049751243833,0.216567164178333,3707.45,-5.80139303483332,-7.69552238806665
EE76018,Estonia,EE,EE0,EE00,EE001,Põhja-Eesti,1.2,0.120049751243833,0.216567164178333,3707.45,-5.80139303483332,-7.69552238806665
EE76019,Estonia,EE,EE0,EE00,EE001,Põhja-Eesti,1.2,0.120049751243833,0.216567164178333,3707.45,-5.80139303483332,-7.69552238806665
EE76021,Estonia,EE,EE0,EE00,EE001,Põhja-Eesti,1.2,0.120049751243833,0.216567164178333,3707.45,-5.80139303483332,-7.69552238806665
EE76022,Estonia,EE,EE0,EE00,EE001,Põhja-Eesti,1.2,0.120049751243833,0.216567164178333,3707.45,-5.80139303483332,-7.69552238806665
EE76023,Estonia,EE,EE0,EE00,EE001,Põhja-Eesti,1.2,0.120049751243833,0.216567164178333,3707.45,-5.80139303483332,-7.69552238806665
EE76101,Estonia,EE,EE0,EE00,EE001,Põhja-Eesti,1.2,0.120049751243833,0.216567164178333,3707.45,-5.80139303483332,-7.69552238806665
EE76102,Estonia,EE,EE0,EE00,EE001,Põhja-Eesti,1.2,0.120049751243833,0.216567164178333,3707.45,-5.80139303483332,-7.69552238806665
EE76103,Estonia,EE,EE0,EE00,EE001,Põhja-Eesti,1.2,0.120049751243833,0.216567164178333,3707.45,-5.80139303483332,-7.69552238806665
EE76104,Estonia,EE,EE0,EE00,EE001,Põhja-Eesti,1.2,0.120049751243833,0.216567164178333,3707.45,-5.80139303483332,-7.69552238806665
EE76105,Estonia,EE,EE0,EE00,EE001,Põhja-Eesti,1.2,0.120049751243833,0.216567164178333,3707.45,-5.80139303483332,-7.69552238806665
EE76107,Estonia,EE,EE0,EE00,EE001,Põhja-Eesti,1.2,0.120049751243833,0.216567164178333,3707.45,-5.80139303483332,-7.69552238806665
EE76201,Estonia,EE,EE0,EE00,EE001,Põhja-Eesti,1.2,0.120049751243833,0.216567164178333,3707.45,-5.80139303483332,-7.69552238806665
EE76202,Estonia,EE,EE0,EE00,EE001,Põhja-Eesti,1.2,0.120049751243833,0.216567164178333,3707.45,-5.80139303483332,-7.69552238806665
EE76203,Estonia,EE,EE0,EE00,EE001,Põhja-Eesti,1.2,0.120049751243833,0.216567164178333,3707.45,-5.80139303483332,-7.69552238806665
EE76204,Estonia,EE,EE0,EE00,EE001,Põhja-Eesti,1.2,0.120049751243833,0.216567164178333,3707.45,-5.80139303483332,-7.69552238806665
EE76207,Estonia,EE,EE0,EE00,EE001,Põhja-Eesti,1.2,0.120049751243833,0.216567164178333,3707.45,-5.80139303483332,-7.69552238806665
EE76210,Estonia,EE,EE0,EE00,EE001,Põhja-Eesti,1.2,0.120049751243833,0.216567164178333,3707.45,-5.80139303483332,-7.69552238806665
EE76211,Estonia,EE,EE0,EE00,EE001,Põhja-Eesti,1.2,0.120049751243833,0.216567164178333,3707.45,-5.80139303483332,-7.69552238806665
EE76212,Estonia,EE,EE0,EE00,EE001,Põhja-Eesti,1.2,0.120049751243833,0.216567164178333,3707.45,-5.80139303483332,-7.69552238806665
EE76214,Estonia,EE,EE0,EE00,EE001,Põhja-Eesti,1.2,0.120049751243833,0.216567164178333,3707.45,-5.80139303483332,-7.69552238806665
EE76218,Estonia,EE,EE0,EE00,EE001,Põhja-Eesti,1.2,0.120049751243833,0.216567164178333,3707.45,-5.80139303483332,-7.69552238806665
EE76301,Estonia,EE,EE0,EE00,EE001,Põhja-Eesti,1.2,0.120049751243833,0.216567164178333,3707.45,-5.80139303483332,-7.69552238806665
EE76302,Estonia,EE,EE0,EE00,EE001,Põhja-Eesti,1.2,0.120049751243833,0.216567164178333,3707.45,-5.80139303483332,-7.69552238806665
EE76304,Estonia,EE,EE0,EE00,EE001,Põhja-Eesti,1.2,0.120049751243833,0.216567164178333,3707.45,-5.80139303483332,-7.69552238806665
EE76305,Estonia,EE,EE0,EE00,EE001,Põhja-Eesti,1.2,0.120049751243833,0.216567164178333,3707.45,-5.80139303483332,-7.69552238806665
EE76307,Estonia,EE,EE0,EE00,EE001,Põhja-Eesti,1.2,0.120049751243833,0.216567164178333,3707.45,-5.80139303483332,-7.69552238806665
EE76308,Estonia,EE,EE0,EE00,EE001,Põhja-Eesti,1.2,0.120049751243833,0.216567164178333,3707.45,-5.80139303483332,-7.69552238806665
EE76309,Estonia,EE,EE0,EE00,EE001,Põhja-Eesti,1.2,0.120049751243833,0.216567164178333,3707.45,-5.80139303483332,-7.69552238806665
EE76311,Estonia,EE,EE0,EE00,EE001,Põhja-Eesti,1.2,0.120049751243833,0.216567164178333,3707.45,-5.80139303483332,-7.69552238806665
EE76312,Estonia,EE,EE0,EE00,EE001,Põhja-Eesti,1.2,0.120049751243833,0.216567164178333,3707.45,-5.80139303483332,-7.69552238806665
EE76315,Estonia,EE,EE0,EE00,EE001,Põhja-Eesti,1.2,0.120049751243833,0.216567164178333,3707.45,-5.80139303483332,-7.69552238806665
EE76401,Estonia,EE,EE0,EE00,EE001,Põhja-Eesti,1.2,0.120049751243833,0.216567164178333,3707.45,-5.80139303483332,-7.69552238806665
EE76402,Estonia,EE,EE0,EE00,EE001,Põhja-Eesti,1.2,0.120049751243833,0.216567164178333,3707.45,-5.80139303483332,-7.69552238806665
EE76403,Estonia,EE,EE0,EE00,EE001,Põhja-Eesti,1.2,0.120049751243833,0.216567164178333,3707.45,-5.80139303483332,-7.69552238806665
EE76404,Estonia,EE,EE0,EE00,EE001,Põhja-Eesti,1.2,0.120049751243833,0.216567164178333,3707.45,-5.80139303483332,-7.69552238806665
EE76405,Estonia,EE,EE0,EE00,EE001,Põhja-Eesti,1.2,0.120049751243833,0.216567164178333,3707.45,-5.80139303483332,-7.69552238806665
EE76406,Estonia,EE,EE0,EE00,EE001,Põhja-Eesti,1.2,0.120049751243833,0.216567164178333,3707.45,-5.80139303483332,-7.69552238806665
EE76407,Estonia,EE,EE0,EE00,EE001,Põhja-Eesti,1.2,0.120049751243833,0.216567164178333,3707.45,-5.80139303483332,-7.69552238806665
EE76409,Estonia,EE,EE0,EE00,EE001,Põhja-Eesti,1.2,0.120049751243833,0.216567164178333,3707.45,-5.80139303483332,-7.69552238806665
EE76410,Estonia,EE,EE0,EE00,EE001,Põhja-Eesti,1.2,0.120049751243833,0.216567164178333,3707.45,-5.80139303483332,-7.69552238806665
EE76411,Estonia,EE,EE0,EE00,EE001,Põhja-Eesti,1.2,0.120049751243833,0.216567164178333,3707.45,-5.80139303483332,-7.69552238806665
EE76413,Estonia,EE,EE0,EE00,EE001,Põhja-Eesti,1.2,0.120049751243833,0.216567164178333,3707.45,-5.80139303483332,-7.69552238806665
EE76414,Estonia,EE,EE0,EE00,EE001,Põhja-Eesti,1.2,0.120049751243833,0.216567164178333,3707.45,-5.80139303483332,-7.69552238806665
EE76505,Estonia,EE,EE0,EE00,EE001,Põhja-Eesti,1.2,0.120049751243833,0.216567164178333,3707.45,-5.80139303483332,-7.69552238806665
EE76506,Estonia,EE,EE0,EE00,EE001,Põhja-Eesti,1.2,0.120049751243833,0.216567164178333,3707.45,-5.80139303483332,-7.69552238806665
EE76603,Estonia,EE,EE0,EE00,EE001,Põhja-Eesti,1.2,0.120049751243833,0.216567164178333,3707.45,-5.80139303483332,-7.69552238806665
EE76605,Estonia,EE,EE0,EE00,EE001,Põhja-Eesti,1.2,0.120049751243833,0.216567164178333,3707.45,-5.80139303483332,-7.69552238806665
EE76606,Estonia,EE,EE0,EE00,EE001,Põhja-Eesti,1.2,0.120049751243833,0.216567164178333,3707.45,-5.80139303483332,-7.69552238806665
EE76607,Estonia,EE,EE0,EE00,EE001,Põhja-Eesti,1.2,0.120049751243833,0.216567164178333,3707.45,-5.80139303483332,-7.69552238806665
EE76608,Estonia,EE,EE0,EE00,EE001,Põhja-Eesti,1.2,0.120049751243833,0.216567164178333,3707.45,-5.80139303483332,-7.69552238806665
EE76609,Estonia,EE,EE0,EE00,EE001,Põhja-Eesti,1.2,0.120049751243833,0.216567164178333,3707.45,-5.80139303483332,-7.69552238806665
EE76610,Estonia,EE,EE0,EE00,EE001,Põhja-Eesti,1.2,0.120049751243833,0.216567164178333,3707.45,-5.80139303483332,-7.69552238806665
EE76611,Estonia,EE,EE0,EE00,EE001,Põhja-Eesti,1.2,0.120049751243833,0.216567164178333,3707.45,-5.80139303483332,-7.69552238806665
EE76612,Estonia,EE,EE0,EE00,EE001,Põhja-Eesti,1.2,0.120049751243833,0.216567164178333,3707.45,-5.80139303483332,-7.69552238806665
EE76613,Estonia,EE,EE0,EE00,EE001,Põhja-Eesti,1.2,0.120049751243833,0.216567164178333,3707.45,-5.80139303483332,-7.69552238806665
EE76614,Estonia,EE,EE0,EE00,EE001,Põhja-Eesti,1.2,0.120049751243833,0.216567164178333,3707.45,-5.80139303483332,-7.69552238806665
EE76615,Estonia,EE,EE0,EE00,EE001,Põhja-Eesti,1.2,0.120049751243833,0.216567164178333,3707.45,-5.80139303483332,-7.69552238806665
EE76616,Estonia,EE,EE0,EE00,EE001,Põhja-Eesti,1.2,0.120049751243833,0.216567164178333,3707.45,-5.80139303483332,-7.69552238806665
EE76617,Estonia,EE,EE0,EE00,EE001,Põhja-Eesti,1.2,0.120049751243833,0.216567164178333,3707.45,-5.80139303483332,-7.69552238806665
EE76618,Estonia,EE,EE0,EE00,EE001,Põhja-Eesti,1.2,0.120049751243833,0.216567164178333,3707.45,-5.80139303483332,-7.69552238806665
EE76619,Estonia,EE,EE0,EE00,EE001,Põhja-Eesti,1.2,0.120049751243833,0.216567164178333,3707.45,-5.80139303483332,-7.69552238806665
EE76620,Estonia,EE,EE0,EE00,EE001,Põhja-Eesti,1.2,0.120049751243833,0.216567164178333,3707.45,-5.80139303483332,-7.69552238806665
EE76624,Estonia,EE,EE0,EE00,EE001,Põhja-Eesti,1.2,0.120049751243833,0.216567164178333,3707.45,-5.80139303483332,-7.69552238806665
EE76626,Estonia,EE,EE0,EE00,EE001,Põhja-Eesti,1.2,0.120049751243833,0.216567164178333,3707.45,-5.80139303483332,-7.69552238806665
EE76701,Estonia,EE,EE0,EE00,EE001,Põhja-Eesti,1.2,0.120049751243833,0.216567164178333,3707.45,-5.80139303483332,-7.69552238806665
EE76702,Estonia,EE,EE0,EE00,EE001,Põhja-Eesti,1.2,0.120049751243833,0.216567164178333,3707.45,-5.80139303483332,-7.69552238806665
EE76703,Estonia,EE,EE0,EE00,EE001,Põhja-Eesti,1.2,0.120049751243833,0.216567164178333,3707.45,-5.80139303483332,-7.69552238806665
EE76704,Estonia,EE,EE0,EE00,EE001,Põhja-Eesti,1.2,0.120049751243833,0.216567164178333,3707.45,-5.80139303483332,-7.69552238806665
EE76705,Estonia,EE,EE0,EE00,EE001,Põhja-Eesti,1.2,0.120049751243833,0.216567164178333,3707.45,-5.80139303483332,-7.69552238806665
EE76706,Estonia,EE,EE0,EE00,EE001,Põhja-Eesti,1.2,0.120049751243833,0.216567164178333,3707.45,-5.80139303483332,-7.69552238806665
EE76708,Estonia,EE,EE0,EE00,EE001,Põhja-Eesti,1.2,0.120049751243833,0.216567164178333,3707.45,-5.80139303483332,-7.69552238806665
EE76709,Estonia,EE,EE0,EE00,EE001,Põhja-Eesti,1.2,0.120049751243833,0.216567164178333,3707.45,-5.80139303483332,-7.69552238806665
EE76710,Estonia,EE,EE0,EE00,EE001,Põhja-Eesti,1.2,0.120049751243833,0.216567164178333,3707.45,-5.80139303483332,-7.69552238806665
EE76712,Estonia,EE,EE0,EE00,EE001,Põhja-Eesti,1.2,0.120049751243833,0.216567164178333,3707.45,-5.80139303483332,-7.69552238806665
EE76713,Estonia,EE,EE0,EE00,EE001,Põhja-Eesti,1.2,0.120049751243833,0.216567164178333,3707.45,-5.80139303483332,-7.69552238806665
EE76714,Estonia,EE,EE0,EE00,EE001,Põhja-Eesti,1.2,0.120049751243833,0.216567164178333,3707.45,-5.80139303483332,-7.69552238806665
EE76715,Estonia,EE,EE0,EE00,EE001,Põhja-Eesti,1.2,0.120049751243833,0.216567164178333,3707.45,-5.80139303483332,-7.69552238806665
EE76805,Estonia,EE,EE0,EE00,EE001,Põhja-Eesti,1.2,0.120049751243833,0.216567164178333,3707.45,-5.80139303483332,-7.69552238806665
EE76806,Estonia,EE,EE0,EE00,EE001,Põhja-Eesti,1.2,0.120049751243833,0.216567164178333,3707.45,-5.80139303483332,-7.69552238806665
EE76901,Estonia,EE,EE0,EE00,EE001,Põhja-Eesti,1.2,0.120049751243833,0.216567164178333,3707.45,-5.80139303483332,-7.69552238806665
EE76902,Estonia,EE,EE0,EE00,EE001,Põhja-Eesti,1.2,0.120049751243833,0.216567164178333,3707.45,-5.80139303483332,-7.69552238806665
EE76903,Estonia,EE,EE0,EE00,EE001,Põhja-Eesti,1.2,0.120049751243833,0.216567164178333,3707.45,-5.80139303483332,-7.69552238806665
EE76904,Estonia,EE,EE0,EE00,EE001,Põhja-Eesti,1.2,0.120049751243833,0.216567164178333,3707.45,-5.80139303483332,-7.69552238806665
EE76905,Estonia,EE,EE0,EE00,EE001,Põhja-Eesti,1.2,0.120049751243833,0.216567164178333,3707.45,-5.80139303483332,-7.69552238806665
EE76906,Estonia,EE,EE0,EE00,EE001,Põhja-Eesti,1.2,0.120049751243833,0.216567164178333,3707.45,-5.80139303483332,-7.69552238806665
EE76907,Estonia,EE,EE0,EE00,EE001,Põhja-Eesti,1.2,0.120049751243833,0.216567164178333,3707.45,-5.80139303483332,-7.69552238806665
EE76908,Estonia,EE,EE0,EE00,EE001,Põhja-Eesti,1.2,0.120049751243833,0.216567164178333,3707.45,-5.80139303483332,-7.69552238806665
EE76909,Estonia,EE,EE0,EE00,EE001,Põhja-Eesti,1.2,0.120049751243833,0.216567164178333,3707.45,-5.80139303483332,-7.69552238806665
EE76910,Estonia,EE,EE0,EE00,EE001,Põhja-Eesti,1.2,0.120049751243833,0.216567164178333,3707.45,-5.80139303483332,-7.69552238806665
EE76911,Estonia,EE,EE0,EE00,EE001,Põhja-Eesti,1.2,0.120049751243833,0.216567164178333,3707.45,-5.80139303483332,-7.69552238806665
EE76912,Estonia,EE,EE0,EE00,EE001,Põhja-Eesti,1.2,0.120049751243833,0.216567164178333,3707.45,-5.80139303483332,-7.69552238806665
EE76913,Estonia,EE,EE0,EE00,EE001,Põhja-Eesti,1.2,0.120049751243833,0.216567164178333,3707.45,-5.80139303483332,-7.69552238806665
EE76914,Estonia,EE,EE0,EE00,EE001,Põhja-Eesti,1.2,0.120049751243833,0.216567164178333,3707.45,-5.80139303483332,-7.69552238806665
EE76915,Estonia,EE,EE0,EE00,EE001,Põhja-Eesti,1.2,0.120049751243833,0.216567164178333,3707.45,-5.80139303483332,-7.69552238806665
EE76916,Estonia,EE,EE0,EE00,EE001,Põhja-Eesti,1.2,0.120049751243833,0.216567164178333,3707.45,-5.80139303483332,-7.69552238806665
EE76917,Estonia,EE,EE0,EE00,EE001,Põhja-Eesti,1.2,0.120049751243833,0.216567164178333,3707.45,-5.80139303483332,-7.69552238806665
EE76918,Estonia,EE,EE0,EE00,EE001,Põhja-Eesti,1.2,0.120049751243833,0.216567164178333,3707.45,-5.80139303483332,-7.69552238806665
EE76919,Estonia,EE,EE0,EE00,EE001,Põhja-Eesti,1.2,0.120049751243833,0.216567164178333,3707.45,-5.80139303483332,-7.69552238806665
EE76921,Estonia,EE,EE0,EE00,EE001,Põhja-Eesti,1.2,0.120049751243833,0.216567164178333,3707.45,-5.80139303483332,-7.69552238806665
EE76922,Estonia,EE,EE0,EE00,EE001,Põhja-Eesti,1.2,0.120049751243833,0.216567164178333,3707.45,-5.80139303483332,-7.69552238806665
EE80094,Estonia,EE,EE0,EE00,EE001,Põhja-Eesti,1.2,0.120049751243833,0.216567164178333,3707.45,-5.80139303483332,-7.69552238806665
EE9016,Estonia,EE,EE0,EE00,EE001,Põhja-Eesti,1.2,0.120049751243833,0.216567164178333,3707.45,-5.80139303483332,-7.69552238806665
EE94284,Estonia,EE,EE0,EE00,EE001,Põhja-Eesti,1.2,0.120049751243833,0.216567164178333,3707.45,-5.80139303483332,-7.69552238806665
EE80010,Estonia,EE,EE0,EE00,EE004,Lääne-Eesti,1.25,0.1379856850715,0.254652351738333,3476.84,-5.44995910019998,-7.23347648261665
EE80011,Estonia,EE,EE0,EE00,EE004,Lääne-Eesti,1.25,0.1379856850715,0.254652351738333,3476.84,-5.44995910019998,-7.23347648261665
EE80012,Estonia,EE,EE0,EE00,EE004,Lääne-Eesti,1.25,0.1379856850715,0.254652351738333,3476.84,-5.44995910019998,-7.23347648261665
EE80013,Estonia,EE,EE0,EE00,EE004,Lääne-Eesti,1.25,0.1379856850715,0.254652351738333,3476.84,-5.44995910019998,-7.23347648261665
EE80014,Estonia,EE,EE0,EE00,EE004,Lääne-Eesti,1.25,0.1379856850715,0.254652351738333,3476.84,-5.44995910019998,-7.23347648261665
EE80015,Estonia,EE,EE0,EE00,EE004,Lääne-Eesti,1.25,0.1379856850715,0.254652351738333,3476.84,-5.44995910019998,-7.23347648261665
EE80016,Estonia,EE,EE0,EE00,EE004,Lääne-Eesti,1.25,0.1379856850715,0.254652351738333,3476.84,-5.44995910019998,-7.23347648261665
EE80017,Estonia,EE,EE0,EE00,EE004,Lääne-Eesti,1.25,0.1379856850715,0.254652351738333,3476.84,-5.44995910019998,-7.23347648261665
EE80019,Estonia,EE,EE0,EE00,EE004,Lääne-Eesti,1.25,0.1379856850715,0.254652351738333,3476.84,-5.44995910019998,-7.23347648261665
EE80020,Estonia,EE,EE0,EE00,EE004,Lääne-Eesti,1.25,0.1379856850715,0.254652351738333,3476.84,-5.44995910019998,-7.23347648261665
EE80021,Estonia,EE,EE0,EE00,EE004,Lääne-Eesti,1.25,0.1379856850715,0.254652351738333,3476.84,-5.44995910019998,-7.23347648261665
EE80022,Estonia,EE,EE0,EE00,EE004,Lääne-Eesti,1.25,0.1379856850715,0.254652351738333,3476.84,-5.44995910019998,-7.23347648261665
EE80023,Estonia,EE,EE0,EE00,EE004,Lääne-Eesti,1.25,0.1379856850715,0.254652351738333,3476.84,-5.44995910019998,-7.23347648261665
EE80024,Estonia,EE,EE0,EE00,EE004,Lääne-Eesti,1.25,0.1379856850715,0.254652351738333,3476.84,-5.44995910019998,-7.23347648261665
EE80025,Estonia,EE,EE0,EE00,EE004,Lääne-Eesti,1.25,0.1379856850715,0.254652351738333,3476.84,-5.44995910019998,-7.23347648261665
EE80026,Estonia,EE,EE0,EE00,EE004,Lääne-Eesti,1.25,0.1379856850715,0.254652351738333,3476.84,-5.44995910019998,-7.23347648261665
EE80027,Estonia,EE,EE0,EE00,EE004,Lääne-Eesti,1.25,0.1379856850715,0.254652351738333,3476.84,-5.44995910019998,-7.23347648261665
EE80028,Estonia,EE,EE0,EE00,EE004,Lääne-Eesti,1.25,0.1379856850715,0.254652351738333,3476.84,-5.44995910019998,-7.23347648261665
EE80029,Estonia,EE,EE0,EE00,EE004,Lääne-Eesti,1.25,0.1379856850715,0.254652351738333,3476.84,-5.44995910019998,-7.23347648261665
EE80031,Estonia,EE,EE0,EE00,EE004,Lääne-Eesti,1.25,0.1379856850715,0.254652351738333,3476.84,-5.44995910019998,-7.23347648261665
EE80032,Estonia,EE,EE0,EE00,EE004,Lääne-Eesti,1.25,0.1379856850715,0.254652351738333,3476.84,-5.44995910019998,-7.23347648261665
EE80033,Estonia,EE,EE0,EE00,EE004,Lääne-Eesti,1.25,0.1379856850715,0.254652351738333,3476.84,-5.44995910019998,-7.23347648261665
EE80034,Estonia,EE,EE0,EE00,EE004,Lääne-Eesti,1.25,0.1379856850715,0.254652351738333,3476.84,-5.44995910019998,-7.23347648261665
EE80035,Estonia,EE,EE0,EE00,EE004,Lääne-Eesti,1.25,0.1379856850715,0.254652351738333,3476.84,-5.44995910019998,-7.23347648261665
EE80036,Estonia,EE,EE0,EE00,EE004,Lääne-Eesti,1.25,0.1379856850715,0.254652351738333,3476.84,-5.44995910019998,-7.23347648261665
EE80037,Estonia,EE,EE0,EE00,EE004,Lääne-Eesti,1.25,0.1379856850715,0.254652351738333,3476.84,-5.44995910019998,-7.23347648261665
EE80038,Estonia,EE,EE0,EE00,EE004,Lääne-Eesti,1.25,0.1379856850715,0.254652351738333,3476.84,-5.44995910019998,-7.23347648261665
EE80039,Estonia,EE,EE0,EE00,EE004,Lääne-Eesti,1.25,0.1379856850715,0.254652351738333,3476.84,-5.44995910019998,-7.23347648261665
EE80040,Estonia,EE,EE0,EE00,EE004,Lääne-Eesti,1.25,0.1379856850715,0.254652351738333,3476.84,-5.44995910019998,-7.23347648261665
EE80042,Estonia,EE,EE0,EE00,EE004,Lääne-Eesti,1.25,0.1379856850715,0.254652351738333,3476.84,-5.44995910019998,-7.23347648261665
EE80043,Estonia,EE,EE0,EE00,EE004,Lääne-Eesti,1.25,0.1379856850715,0.254652351738333,3476.84,-5.44995910019998,-7.23347648261665
EE80044,Estonia,EE,EE0,EE00,EE004,Lääne-Eesti,1.25,0.1379856850715,0.254652351738333,3476.84,-5.44995910019998,-7.23347648261665
EE80045,Estonia,EE,EE0,EE00,EE004,Lääne-Eesti,1.25,0.1379856850715,0.254652351738333,3476.84,-5.44995910019998,-7.23347648261665
EE80098,Estonia,EE,EE0,EE00,EE004,Lääne-Eesti,1.25,0.1379856850715,0.254652351738333,3476.84,-5.44995910019998,-7.23347648261665
EE85001,Estonia,EE,EE0,EE00,EE004,Lääne-Eesti,1.25,0.1379856850715,0.254652351738333,3476.84,-5.44995910019998,-7.23347648261665
EE85002,Estonia,EE,EE0,EE00,EE004,Lääne-Eesti,1.25,0.1379856850715,0.254652351738333,3476.84,-5.44995910019998,-7.23347648261665
EE85003,Estonia,EE,EE0,EE00,EE004,Lääne-Eesti,1.25,0.1379856850715,0.254652351738333,3476.84,-5.44995910019998,-7.23347648261665
EE85004,Estonia,EE,EE0,EE00,EE004,Lääne-Eesti,1.25,0.1379856850715,0.254652351738333,3476.84,-5.44995910019998,-7.23347648261665
EE85005,Estonia,EE,EE0,EE00,EE004,Lääne-Eesti,1.25,0.1379856850715,0.254652351738333,3476.84,-5.44995910019998,-7.23347648261665
EE85006,Estonia,EE,EE0,EE00,EE004,Lääne-Eesti,1.25,0.1379856850715,0.254652351738333,3476.84,-5.44995910019998,-7.23347648261665
EE85007,Estonia,EE,EE0,EE00,EE004,Lääne-Eesti,1.25,0.1379856850715,0.254652351738333,3476.84,-5.44995910019998,-7.23347648261665
EE85008,Estonia,EE,EE0,EE00,EE004,Lääne-Eesti,1.25,0.1379856850715,0.254652351738333,3476.84,-5.44995910019998,-7.23347648261665
EE85009,Estonia,EE,EE0,EE00,EE004,Lääne-Eesti,1.25,0.1379856850715,0.254652351738333,3476.84,-5.44995910019998,-7.23347648261665
EE85011,Estonia,EE,EE0,EE00,EE004,Lääne-Eesti,1.25,0.1379856850715,0.254652351738333,3476.84,-5.44995910019998,-7.23347648261665
EE86001,Estonia,EE,EE0,EE00,EE004,Lääne-Eesti,1.25,0.1379856850715,0.254652351738333,3476.84,-5.44995910019998,-7.23347648261665
EE86002,Estonia,EE,EE0,EE00,EE004,Lääne-Eesti,1.25,0.1379856850715,0.254652351738333,3476.84,-5.44995910019998,-7.23347648261665
EE86003,Estonia,EE,EE0,EE00,EE004,Lääne-Eesti,1.25,0.1379856850715,0.254652351738333,3476.84,-5.44995910019998,-7.23347648261665
EE86005,Estonia,EE,EE0,EE00,EE004,Lääne-Eesti,1.25,0.1379856850715,0.254652351738333,3476.84,-5.44995910019998,-7.23347648261665
EE86006,Estonia,EE,EE0,EE00,EE004,Lääne-Eesti,1.25,0.1379856850715,0.254652351738333,3476.84,-5.44995910019998,-7.23347648261665
EE86008,Estonia,EE,EE0,EE00,EE004,Lääne-Eesti,1.25,0.1379856850715,0.254652351738333,3476.84,-5.44995910019998,-7.23347648261665
EE86009,Estonia,EE,EE0,EE00,EE004,Lääne-Eesti,1.25,0.1379856850715,0.254652351738333,3476.84,-5.44995910019998,-7.23347648261665
EE86010,Estonia,EE,EE0,EE00,EE004,Lääne-Eesti,1.25,0.1379856850715,0.254652351738333,3476.84,-5.44995910019998,-7.23347648261665
EE86012,Estonia,EE,EE0,EE00,EE004,Lääne-Eesti,1.25,0.1379856850715,0.254652351738333,3476.84,-5.44995910019998,-7.23347648261665
EE86013,Estonia,EE,EE0,EE00,EE004,Lääne-Eesti,1.25,0.1379856850715,0.254652351738333,3476.84,-5.44995910019998,-7.23347648261665
EE86014,Estonia,EE,EE0,EE00,EE004,Lääne-Eesti,1.25,0.1379856850715,0.254652351738333,3476.84,-5.44995910019998,-7.23347648261665
EE86015,Estonia,EE,EE0,EE00,EE004,Lääne-Eesti,1.25,0.1379856850715,0.254652351738333,3476.84,-5.44995910019998,-7.23347648261665
EE86016,Estonia,EE,EE0,EE00,EE004,Lääne-Eesti,1.25,0.1379856850715,0.254652351738333,3476.84,-5.44995910019998,-7.23347648261665
EE86101,Estonia,EE,EE0,EE00,EE004,Lääne-Eesti,1.25,0.1379856850715,0.254652351738333,3476.84,-5.44995910019998,-7.23347648261665
EE86201,Estonia,EE,EE0,EE00,EE004,Lääne-Eesti,1.25,0.1379856850715,0.254652351738333,3476.84,-5.44995910019998,-7.23347648261665
EE86203,Estonia,EE,EE0,EE00,EE004,Lääne-Eesti,1.25,0.1379856850715,0.254652351738333,3476.84,-5.44995910019998,-7.23347648261665
EE86204,Estonia,EE,EE0,EE00,EE004,Lääne-Eesti,1.25,0.1379856850715,0.254652351738333,3476.84,-5.44995910019998,-7.23347648261665
EE86208,Estonia,EE,EE0,EE00,EE004,Lääne-Eesti,1.25,0.1379856850715,0.254652351738333,3476.84,-5.44995910019998,-7.23347648261665
EE86210,Estonia,EE,EE0,EE00,EE004,Lääne-Eesti,1.25,0.1379856850715,0.254652351738333,3476.84,-5.44995910019998,-7.23347648261665
EE86211,Estonia,EE,EE0,EE00,EE004,Lääne-Eesti,1.25,0.1379856850715,0.254652351738333,3476.84,-5.44995910019998,-7.23347648261665
EE86212,Estonia,EE,EE0,EE00,EE004,Lääne-Eesti,1.25,0.1379856850715,0.254652351738333,3476.84,-5.44995910019998,-7.23347648261665
EE86213,Estonia,EE,EE0,EE00,EE004,Lääne-Eesti,1.25,0.1379856850715,0.254652351738333,3476.84,-5.44995910019998,-7.23347648261665
EE86215,Estonia,EE,EE0,EE00,EE004,Lääne-Eesti,1.25,0.1379856850715,0.254652351738333,3476.84,-5.44995910019998,-7.23347648261665
EE86301,Estonia,EE,EE0,EE00,EE004,Lääne-Eesti,1.25,0.1379856850715,0.254652351738333,3476.84,-5.44995910019998,-7.23347648261665
EE86303,Estonia,EE,EE0,EE00,EE004,Lääne-Eesti,1.25,0.1379856850715,0.254652351738333,3476.84,-5.44995910019998,-7.23347648261665
EE86304,Estonia,EE,EE0,EE00,EE004,Lääne-Eesti,1.25,0.1379856850715,0.254652351738333,3476.84,-5.44995910019998,-7.23347648261665
EE86305,Estonia,EE,EE0,EE00,EE004,Lääne-Eesti,1.25,0.1379856850715,0.254652351738333,3476.84,-5.44995910019998,-7.23347648261665
EE86306,Estonia,EE,EE0,EE00,EE004,Lääne-Eesti,1.25,0.1379856850715,0.254652351738333,3476.84,-5.44995910019998,-7.23347648261665
EE86402,Estonia,EE,EE0,EE00,EE004,Lääne-Eesti,1.25,0.1379856850715,0.254652351738333,3476.84,-5.44995910019998,-7.23347648261665
EE86404,Estonia,EE,EE0,EE00,EE004,Lääne-Eesti,1.25,0.1379856850715,0.254652351738333,3476.84,-5.44995910019998,-7.23347648261665
EE86409,Estonia,EE,EE0,EE00,EE004,Lääne-Eesti,1.25,0.1379856850715,0.254652351738333,3476.84,-5.44995910019998,-7.23347648261665
EE86410,Estonia,EE,EE0,EE00,EE004,Lääne-Eesti,1.25,0.1379856850715,0.254652351738333,3476.84,-5.44995910019998,-7.23347648261665
EE86501,Estonia,EE,EE0,EE00,EE004,Lääne-Eesti,1.25,0.1379856850715,0.254652351738333,3476.84,-5.44995910019998,-7.23347648261665
EE86502,Estonia,EE,EE0,EE00,EE004,Lääne-Eesti,1.25,0.1379856850715,0.254652351738333,3476.84,-5.44995910019998,-7.23347648261665
EE86503,Estonia,EE,EE0,EE00,EE004,Lääne-Eesti,1.25,0.1379856850715,0.254652351738333,3476.84,-5.44995910019998,-7.23347648261665
EE86505,Estonia,EE,EE0,EE00,EE004,Lääne-Eesti,1.25,0.1379856850715,0.254652351738333,3476.84,-5.44995910019998,-7.23347648261665
EE86506,Estonia,EE,EE0,EE00,EE004,Lääne-Eesti,1.25,0.1379856850715,0.254652351738333,3476.84,-5.44995910019998,-7.23347648261665
EE86507,Estonia,EE,EE0,EE00,EE004,Lääne-Eesti,1.25,0.1379856850715,0.254652351738333,3476.84,-5.44995910019998,-7.23347648261665
EE86508,Estonia,EE,EE0,EE00,EE004,Lääne-Eesti,1.25,0.1379856850715,0.254652351738333,3476.84,-5.44995910019998,-7.23347648261665
EE86509,Estonia,EE,EE0,EE00,EE004,Lääne-Eesti,1.25,0.1379856850715,0.254652351738333,3476.84,-5.44995910019998,-7.23347648261665
EE86601,Estonia,EE,EE0,EE00,EE004,Lääne-Eesti,1.25,0.1379856850715,0.254652351738333,3476.84,-5.44995910019998,-7.23347648261665
EE86602,Estonia,EE,EE0,EE00,EE004,Lääne-Eesti,1.25,0.1379856850715,0.254652351738333,3476.84,-5.44995910019998,-7.23347648261665
EE86604,Estonia,EE,EE0,EE00,EE004,Lääne-Eesti,1.25,0.1379856850715,0.254652351738333,3476.84,-5.44995910019998,-7.23347648261665
EE86703,Estonia,EE,EE0,EE00,EE004,Lääne-Eesti,1.25,0.1379856850715,0.254652351738333,3476.84,-5.44995910019998,-7.23347648261665
EE86704,Estonia,EE,EE0,EE00,EE004,Lääne-Eesti,1.25,0.1379856850715,0.254652351738333,3476.84,-5.44995910019998,-7.23347648261665
EE86705,Estonia,EE,EE0,EE00,EE004,Lääne-Eesti,1.25,0.1379856850715,0.254652351738333,3476.84,-5.44995910019998,-7.23347648261665
EE86801,Estonia,EE,EE0,EE00,EE004,Lääne-Eesti,1.25,0.1379856850715,0.254652351738333,3476.84,-5.44995910019998,-7.23347648261665
EE86802,Estonia,EE,EE0,EE00,EE004,Lääne-Eesti,1.25,0.1379856850715,0.254652351738333,3476.84,-5.44995910019998,-7.23347648261665
EE86806,Estonia,EE,EE0,EE00,EE004,Lääne-Eesti,1.25,0.1379856850715,0.254652351738333,3476.84,-5.44995910019998,-7.23347648261665
EE86807,Estonia,EE,EE0,EE00,EE004,Lääne-Eesti,1.25,0.1379856850715,0.254652351738333,3476.84,-5.44995910019998,-7.23347648261665
EE86809,Estonia,EE,EE0,EE00,EE004,Lääne-Eesti,1.25,0.1379856850715,0.254652351738333,3476.84,-5.44995910019998,-7.23347648261665
EE86811,Estonia,EE,EE0,EE00,EE004,Lääne-Eesti,1.25,0.1379856850715,0.254652351738333,3476.84,-5.44995910019998,-7.23347648261665
EE86814,Estonia,EE,EE0,EE00,EE004,Lääne-Eesti,1.25,0.1379856850715,0.254652351738333,3476.84,-5.44995910019998,-7.23347648261665
EE86817,Estonia,EE,EE0,EE00,EE004,Lääne-Eesti,1.25,0.1379856850715,0.254652351738333,3476.84,-5.44995910019998,-7.23347648261665
EE86818,Estonia,EE,EE0,EE00,EE004,Lääne-Eesti,1.25,0.1379856850715,0.254652351738333,3476.84,-5.44995910019998,-7.23347648261665
EE86820,Estonia,EE,EE0,EE00,EE004,Lääne-Eesti,1.25,0.1379856850715,0.254652351738333,3476.84,-5.44995910019998,-7.23347648261665
EE87001,Estonia,EE,EE0,EE00,EE004,Lääne-Eesti,1.25,0.1379856850715,0.254652351738333,3476.84,-5.44995910019998,-7.23347648261665
EE87201,Estonia,EE,EE0,EE00,EE004,Lääne-Eesti,1.25,0.1379856850715,0.254652351738333,3476.84,-5.44995910019998,-7.23347648261665
EE87202,Estonia,EE,EE0,EE00,EE004,Lääne-Eesti,1.25,0.1379856850715,0.254652351738333,3476.84,-5.44995910019998,-7.23347648261665
EE87209,Estonia,EE,EE0,EE00,EE004,Lääne-Eesti,1.25,0.1379856850715,0.254652351738333,3476.84,-5.44995910019998,-7.23347648261665
EE87211,Estonia,EE,EE0,EE00,EE004,Lääne-Eesti,1.25,0.1379856850715,0.254652351738333,3476.84,-5.44995910019998,-7.23347648261665
EE87212,Estonia,EE,EE0,EE00,EE004,Lääne-Eesti,1.25,0.1379856850715,0.254652351738333,3476.84,-5.44995910019998,-7.23347648261665
EE87216,Estonia,EE,EE0,EE00,EE004,Lääne-Eesti,1.25,0.1379856850715,0.254652351738333,3476.84,-5.44995910019998,-7.23347648261665
EE87217,Estonia,EE,EE0,EE00,EE004,Lääne-Eesti,1.25,0.1379856850715,0.254652351738333,3476.84,-5.44995910019998,-7.23347648261665
EE87219,Estonia,EE,EE0,EE00,EE004,Lääne-Eesti,1.25,0.1379856850715,0.254652351738333,3476.84,-5.44995910019998,-7.23347648261665
EE87222,Estonia,EE,EE0,EE00,EE004,Lääne-Eesti,1.25,0.1379856850715,0.254652351738333,3476.84,-5.44995910019998,-7.23347648261665
EE87228,Estonia,EE,EE0,EE00,EE004,Lääne-Eesti,1.25,0.1379856850715,0.254652351738333,3476.84,-5.44995910019998,-7.23347648261665
EE87238,Estonia,EE,EE0,EE00,EE004,Lääne-Eesti,1.25,0.1379856850715,0.254652351738333,3476.84,-5.44995910019998,-7.23347648261665
EE87239,Estonia,EE,EE0,EE00,EE004,Lääne-Eesti,1.25,0.1379856850715,0.254652351738333,3476.84,-5.44995910019998,-7.23347648261665
EE87301,Estonia,EE,EE0,EE00,EE004,Lääne-Eesti,1.25,0.1379856850715,0.254652351738333,3476.84,-5.44995910019998,-7.23347648261665
EE87303,Estonia,EE,EE0,EE00,EE004,Lääne-Eesti,1.25,0.1379856850715,0.254652351738333,3476.84,-5.44995910019998,-7.23347648261665
EE87304,Estonia,EE,EE0,EE00,EE004,Lääne-Eesti,1.25,0.1379856850715,0.254652351738333,3476.84,-5.44995910019998,-7.23347648261665
EE87305,Estonia,EE,EE0,EE00,EE004,Lääne-Eesti,1.25,0.1379856850715,0.254652351738333,3476.84,-5.44995910019998,-7.23347648261665
EE87307,Estonia,EE,EE0,EE00,EE004,Lääne-Eesti,1.25,0.1379856850715,0.254652351738333,3476.84,-5.44995910019998,-7.23347648261665
EE87308,Estonia,EE,EE0,EE00,EE004,Lääne-Eesti,1.25,0.1379856850715,0.254652351738333,3476.84,-5.44995910019998,-7.23347648261665
EE87401,Estonia,EE,EE0,EE00,EE004,Lääne-Eesti,1.25,0.1379856850715,0.254652351738333,3476.84,-5.44995910019998,-7.23347648261665
EE87402,Estonia,EE,EE0,EE00,EE004,Lääne-Eesti,1.25,0.1379856850715,0.254652351738333,3476.84,-5.44995910019998,-7.23347648261665
EE87403,Estonia,EE,EE0,EE00,EE004,Lääne-Eesti,1.25,0.1379856850715,0.254652351738333,3476.84,-5.44995910019998,-7.23347648261665
EE87407,Estonia,EE,EE0,EE00,EE004,Lääne-Eesti,1.25,0.1379856850715,0.254652351738333,3476.84,-5.44995910019998,-7.23347648261665
EE87501,Estonia,EE,EE0,EE00,EE004,Lääne-Eesti,1.25,0.1379856850715,0.254652351738333,3476.84,-5.44995910019998,-7.23347648261665
EE87601,Estonia,EE,EE0,EE00,EE004,Lääne-Eesti,1.25,0.1379856850715,0.254652351738333,3476.84,-5.44995910019998,-7.23347648261665
EE87602,Estonia,EE,EE0,EE00,EE004,Lääne-Eesti,1.25,0.1379856850715,0.254652351738333,3476.84,-5.44995910019998,-7.23347648261665
EE87603,Estonia,EE,EE0,EE00,EE004,Lääne-Eesti,1.25,0.1379856850715,0.254652351738333,3476.84,-5.44995910019998,-7.23347648261665
EE87604,Estonia,EE,EE0,EE00,EE004,Lääne-Eesti,1.25,0.1379856850715,0.254652351738333,3476.84,-5.44995910019998,-7.23347648261665
EE87605,Estonia,EE,EE0,EE00,EE004,Lääne-Eesti,1.25,0.1379856850715,0.254652351738333,3476.84,-5.44995910019998,-7.23347648261665
EE87606,Estonia,EE,EE0,EE00,EE004,Lääne-Eesti,1.25,0.1379856850715,0.254652351738333,3476.84,-5.44995910019998,-7.23347648261665
EE87607,Estonia,EE,EE0,EE00,EE004,Lääne-Eesti,1.25,0.1379856850715,0.254652351738333,3476.84,-5.44995910019998,-7.23347648261665
EE87608,Estonia,EE,EE0,EE00,EE004,Lääne-Eesti,1.25,0.1379856850715,0.254652351738333,3476.84,-5.44995910019998,-7.23347648261665
EE87609,Estonia,EE,EE0,EE00,EE004,Lääne-Eesti,1.25,0.1379856850715,0.254652351738333,3476.84,-5.44995910019998,-7.23347648261665
EE87610,Estonia,EE,EE0,EE00,EE004,Lääne-Eesti,1.25,0.1379856850715,0.254652351738333,3476.84,-5.44995910019998,-7.23347648261665
EE87612,Estonia,EE,EE0,EE00,EE004,Lääne-Eesti,1.25,0.1379856850715,0.254652351738333,3476.84,-5.44995910019998,-7.23347648261665
EE87616,Estonia,EE,EE0,EE00,EE004,Lääne-Eesti,1.25,0.1379856850715,0.254652351738333,3476.84,-5.44995910019998,-7.23347648261665
EE87618,Estonia,EE,EE0,EE00,EE004,Lääne-Eesti,1.25,0.1379856850715,0.254652351738333,3476.84,-5.44995910019998,-7.23347648261665
EE87620,Estonia,EE,EE0,EE00,EE004,Lääne-Eesti,1.25,0.1379856850715,0.254652351738333,3476.84,-5.44995910019998,-7.23347648261665
EE87621,Estonia,EE,EE0,EE00,EE004,Lääne-Eesti,1.25,0.1379856850715,0.254652351738333,3476.84,-5.44995910019998,-7.23347648261665
EE87624,Estonia,EE,EE0,EE00,EE004,Lääne-Eesti,1.25,0.1379856850715,0.254652351738333,3476.84,-5.44995910019998,-7.23347648261665
EE87626,Estonia,EE,EE0,EE00,EE004,Lääne-Eesti,1.25,0.1379856850715,0.254652351738333,3476.84,-5.44995910019998,-7.23347648261665
EE87627,Estonia,EE,EE0,EE00,EE004,Lääne-Eesti,1.25,0.1379856850715,0.254652351738333,3476.84,-5.44995910019998,-7.23347648261665
EE87628,Estonia,EE,EE0,EE00,EE004,Lääne-Eesti,1.25,0.1379856850715,0.254652351738333,3476.84,-5.44995910019998,-7.23347648261665
EE87629,Estonia,EE,EE0,EE00,EE004,Lääne-Eesti,1.25,0.1379856850715,0.254652351738333,3476.84,-5.44995910019998,-7.23347648261665
EE87630,Estonia,EE,EE0,EE00,EE004,Lääne-Eesti,1.25,0.1379856850715,0.254652351738333,3476.84,-5.44995910019998,-7.23347648261665
EE87632,Estonia,EE,EE0,EE00,EE004,Lääne-Eesti,1.25,0.1379856850715,0.254652351738333,3476.84,-5.44995910019998,-7.23347648261665
EE87633,Estonia,EE,EE0,EE00,EE004,Lääne-Eesti,1.25,0.1379856850715,0.254652351738333,3476.84,-5.44995910019998,-7.23347648261665
EE87635,Estonia,EE,EE0,EE00,EE004,Lääne-Eesti,1.25,0.1379856850715,0.254652351738333,3476.84,-5.44995910019998,-7.23347648261665
EE87636,Estonia,EE,EE0,EE00,EE004,Lääne-Eesti,1.25,0.1379856850715,0.254652351738333,3476.84,-5.44995910019998,-7.23347648261665
EE87701,Estonia,EE,EE0,EE00,EE004,Lääne-Eesti,1.25,0.1379856850715,0.254652351738333,3476.84,-5.44995910019998,-7.23347648261665
EE88101,Estonia,EE,EE0,EE00,EE004,Lääne-Eesti,1.25,0.1379856850715,0.254652351738333,3476.84,-5.44995910019998,-7.23347648261665
EE88103,Estonia,EE,EE0,EE00,EE004,Lääne-Eesti,1.25,0.1379856850715,0.254652351738333,3476.84,-5.44995910019998,-7.23347648261665
EE88110,Estonia,EE,EE0,EE00,EE004,Lääne-Eesti,1.25,0.1379856850715,0.254652351738333,3476.84,-5.44995910019998,-7.23347648261665
EE88203,Estonia,EE,EE0,EE00,EE004,Lääne-Eesti,1.25,0.1379856850715,0.254652351738333,3476.84,-5.44995910019998,-7.23347648261665
EE88301,Estonia,EE,EE0,EE00,EE004,Lääne-Eesti,1.25,0.1379856850715,0.254652351738333,3476.84,-5.44995910019998,-7.23347648261665
EE88302,Estonia,EE,EE0,EE00,EE004,Lääne-Eesti,1.25,0.1379856850715,0.254652351738333,3476.84,-5.44995910019998,-7.23347648261665
EE88303,Estonia,EE,EE0,EE00,EE004,Lääne-Eesti,1.25,0.1379856850715,0.254652351738333,3476.84,-5.44995910019998,-7.23347648261665
EE88304,Estonia,EE,EE0,EE00,EE004,Lääne-Eesti,1.25,0.1379856850715,0.254652351738333,3476.84,-5.44995910019998,-7.23347648261665
EE88305,Estonia,EE,EE0,EE00,EE004,Lääne-Eesti,1.25,0.1379856850715,0.254652351738333,3476.84,-5.44995910019998,-7.23347648261665
EE88306,Estonia,EE,EE0,EE00,EE004,Lääne-Eesti,1.25,0.1379856850715,0.254652351738333,3476.84,-5.44995910019998,-7.23347648261665
EE88307,Estonia,EE,EE0,EE00,EE004,Lääne-Eesti,1.25,0.1379856850715,0.254652351738333,3476.84,-5.44995910019998,-7.23347648261665
EE88308,Estonia,EE,EE0,EE00,EE004,Lääne-Eesti,1.25,0.1379856850715,0.254652351738333,3476.84,-5.44995910019998,-7.23347648261665
EE88310,Estonia,EE,EE0,EE00,EE004,Lääne-Eesti,1.25,0.1379856850715,0.254652351738333,3476.84,-5.44995910019998,-7.23347648261665
EE88311,Estonia,EE,EE0,EE00,EE004,Lääne-Eesti,1.25,0.1379856850715,0.254652351738333,3476.84,-5.44995910019998,-7.23347648261665
EE88312,Estonia,EE,EE0,EE00,EE004,Lääne-Eesti,1.25,0.1379856850715,0.254652351738333,3476.84,-5.44995910019998,-7.23347648261665
EE88314,Estonia,EE,EE0,EE00,EE004,Lääne-Eesti,1.25,0.1379856850715,0.254652351738333,3476.84,-5.44995910019998,-7.23347648261665
EE88315,Estonia,EE,EE0,EE00,EE004,Lääne-Eesti,1.25,0.1379856850715,0.254652351738333,3476.84,-5.44995910019998,-7.23347648261665
EE88317,Estonia,EE,EE0,EE00,EE004,Lääne-Eesti,1.25,0.1379856850715,0.254652351738333,3476.84,-5.44995910019998,-7.23347648261665
EE88318,Estonia,EE,EE0,EE00,EE004,Lääne-Eesti,1.25,0.1379856850715,0.254652351738333,3476.84,-5.44995910019998,-7.23347648261665
EE88319,Estonia,EE,EE0,EE00,EE004,Lääne-Eesti,1.25,0.1379856850715,0.254652351738333,3476.84,-5.44995910019998,-7.23347648261665
EE88322,Estonia,EE,EE0,EE00,EE004,Lääne-Eesti,1.25,0.1379856850715,0.254652351738333,3476.84,-5.44995910019998,-7.23347648261665
EE88323,Estonia,EE,EE0,EE00,EE004,Lääne-Eesti,1.25,0.1379856850715,0.254652351738333,3476.84,-5.44995910019998,-7.23347648261665
EE88324,Estonia,EE,EE0,EE00,EE004,Lääne-Eesti,1.25,0.1379856850715,0.254652351738333,3476.84,-5.44995910019998,-7.23347648261665
EE88326,Estonia,EE,EE0,EE00,EE004,Lääne-Eesti,1.25,0.1379856850715,0.254652351738333,3476.84,-5.44995910019998,-7.23347648261665
EE88401,Estonia,EE,EE0,EE00,EE004,Lääne-Eesti,1.25,0.1379856850715,0.254652351738333,3476.84,-5.44995910019998,-7.23347648261665
EE88402,Estonia,EE,EE0,EE00,EE004,Lääne-Eesti,1.25,0.1379856850715,0.254652351738333,3476.84,-5.44995910019998,-7.23347648261665
EE88404,Estonia,EE,EE0,EE00,EE004,Lääne-Eesti,1.25,0.1379856850715,0.254652351738333,3476.84,-5.44995910019998,-7.23347648261665
EE88412,Estonia,EE,EE0,EE00,EE004,Lääne-Eesti,1.25,0.1379856850715,0.254652351738333,3476.84,-5.44995910019998,-7.23347648261665
EE88413,Estonia,EE,EE0,EE00,EE004,Lääne-Eesti,1.25,0.1379856850715,0.254652351738333,3476.84,-5.44995910019998,-7.23347648261665
EE88424,Estonia,EE,EE0,EE00,EE004,Lääne-Eesti,1.25,0.1379856850715,0.254652351738333,3476.84,-5.44995910019998,-7.23347648261665
EE88425,Estonia,EE,EE0,EE00,EE004,Lääne-Eesti,1.25,0.1379856850715,0.254652351738333,3476.84,-5.44995910019998,-7.23347648261665
EE88433,Estonia,EE,EE0,EE00,EE004,Lääne-Eesti,1.25,0.1379856850715,0.254652351738333,3476.84,-5.44995910019998,-7.23347648261665
EE90101,Estonia,EE,EE0,EE00,EE004,Lääne-Eesti,1.25,0.1379856850715,0.254652351738333,3476.84,-5.44995910019998,-7.23347648261665
EE90102,Estonia,EE,EE0,EE00,EE004,Lääne-Eesti,1.25,0.1379856850715,0.254652351738333,3476.84,-5.44995910019998,-7.23347648261665
EE90105,Estonia,EE,EE0,EE00,EE004,Lääne-Eesti,1.25,0.1379856850715,0.254652351738333,3476.84,-5.44995910019998,-7.23347648261665
EE90107,Estonia,EE,EE0,EE00,EE004,Lääne-Eesti,1.25,0.1379856850715,0.254652351738333,3476.84,-5.44995910019998,-7.23347648261665
EE90130,Estonia,EE,EE0,EE00,EE004,Lääne-Eesti,1.25,0.1379856850715,0.254652351738333,3476.84,-5.44995910019998,-7.23347648261665
EE90131,Estonia,EE,EE0,EE00,EE004,Lääne-Eesti,1.25,0.1379856850715,0.254652351738333,3476.84,-5.44995910019998,-7.23347648261665
EE90201,Estonia,EE,EE0,EE00,EE004,Lääne-Eesti,1.25,0.1379856850715,0.254652351738333,3476.84,-5.44995910019998,-7.23347648261665
EE90202,Estonia,EE,EE0,EE00,EE004,Lääne-Eesti,1.25,0.1379856850715,0.254652351738333,3476.84,-5.44995910019998,-7.23347648261665
EE90211,Estonia,EE,EE0,EE00,EE004,Lääne-Eesti,1.25,0.1379856850715,0.254652351738333,3476.84,-5.44995910019998,-7.23347648261665
EE90212,Estonia,EE,EE0,EE00,EE004,Lääne-Eesti,1.25,0.1379856850715,0.254652351738333,3476.84,-5.44995910019998,-7.23347648261665
EE90219,Estonia,EE,EE0,EE00,EE004,Lääne-Eesti,1.25,0.1379856850715,0.254652351738333,3476.84,-5.44995910019998,-7.23347648261665
EE90226,Estonia,EE,EE0,EE00,EE004,Lääne-Eesti,1.25,0.1379856850715,0.254652351738333,3476.84,-5.44995910019998,-7.23347648261665
EE90227,Estonia,EE,EE0,EE00,EE004,Lääne-Eesti,1.25,0.1379856850715,0.254652351738333,3476.84,-5.44995910019998,-7.23347648261665
EE90228,Estonia,EE,EE0,EE00,EE004,Lääne-Eesti,1.25,0.1379856850715,0.254652351738333,3476.84,-5.44995910019998,-7.23347648261665
EE90302,Estonia,EE,EE0,EE00,EE004,Lääne-Eesti,1.25,0.1379856850715,0.254652351738333,3476.84,-5.44995910019998,-7.23347648261665
EE90303,Estonia,EE,EE0,EE00,EE004,Lääne-Eesti,1.25,0.1379856850715,0.254652351738333,3476.84,-5.44995910019998,-7.23347648261665
EE90304,Estonia,EE,EE0,EE00,EE004,Lääne-Eesti,1.25,0.1379856850715,0.254652351738333,3476.84,-5.44995910019998,-7.23347648261665
EE90401,Estonia,EE,EE0,EE00,EE004,Lääne-Eesti,1.25,0.1379856850715,0.254652351738333,3476.84,-5.44995910019998,-7.23347648261665
EE90403,Estonia,EE,EE0,EE00,EE004,Lääne-Eesti,1.25,0.1379856850715,0.254652351738333,3476.84,-5.44995910019998,-7.23347648261665
EE90404,Estonia,EE,EE0,EE00,EE004,Lääne-Eesti,1.25,0.1379856850715,0.254652351738333,3476.84,-5.44995910019998,-7.23347648261665
EE90407,Estonia,EE,EE0,EE00,EE004,Lääne-Eesti,1.25,0.1379856850715,0.254652351738333,3476.84,-5.44995910019998,-7.23347648261665
EE90412,Estonia,EE,EE0,EE00,EE004,Lääne-Eesti,1.25,0.1379856850715,0.254652351738333,3476.84,-5.44995910019998,-7.23347648261665
EE90415,Estonia,EE,EE0,EE00,EE004,Lääne-Eesti,1.25,0.1379856850715,0.254652351738333,3476.84,-5.44995910019998,-7.23347648261665
EE90422,Estonia,EE,EE0,EE00,EE004,Lääne-Eesti,1.25,0.1379856850715,0.254652351738333,3476.84,-5.44995910019998,-7.23347648261665
EE90430,Estonia,EE,EE0,EE00,EE004,Lääne-Eesti,1.25,0.1379856850715,0.254652351738333,3476.84,-5.44995910019998,-7.23347648261665
EE90439,Estonia,EE,EE0,EE00,EE004,Lääne-Eesti,1.25,0.1379856850715,0.254652351738333,3476.84,-5.44995910019998,-7.23347648261665
EE90440,Estonia,EE,EE0,EE00,EE004,Lääne-Eesti,1.25,0.1379856850715,0.254652351738333,3476.84,-5.44995910019998,-7.23347648261665
EE90441,Estonia,EE,EE0,EE00,EE004,Lääne-Eesti,1.25,0.1379856850715,0.254652351738333,3476.84,-5.44995910019998,-7.23347648261665
EE90444,Estonia,EE,EE0,EE00,EE004,Lääne-Eesti,1.25,0.1379856850715,0.254652351738333,3476.84,-5.44995910019998,-7.23347648261665
EE90448,Estonia,EE,EE0,EE00,EE004,Lääne-Eesti,1.25,0.1379856850715,0.254652351738333,3476.84,-5.44995910019998,-7.23347648261665
EE90453,Estonia,EE,EE0,EE00,EE004,Lääne-Eesti,1.25,0.1379856850715,0.254652351738333,3476.84,-5.44995910019998,-7.23347648261665
EE90481,Estonia,EE,EE0,EE00,EE004,Lääne-Eesti,1.25,0.1379856850715,0.254652351738333,3476.84,-5.44995910019998,-7.23347648261665
EE90502,Estonia,EE,EE0,EE00,EE004,Lääne-Eesti,1.25,0.1379856850715,0.254652351738333,3476.84,-5.44995910019998,-7.23347648261665
EE90503,Estonia,EE,EE0,EE00,EE004,Lääne-Eesti,1.25,0.1379856850715,0.254652351738333,3476.84,-5.44995910019998,-7.23347648261665
EE90504,Estonia,EE,EE0,EE00,EE004,Lääne-Eesti,1.25,0.1379856850715,0.254652351738333,3476.84,-5.44995910019998,-7.23347648261665
EE90505,Estonia,EE,EE0,EE00,EE004,Lääne-Eesti,1.25,0.1379856850715,0.254652351738333,3476.84,-5.44995910019998,-7.23347648261665
EE90506,Estonia,EE,EE0,EE00,EE004,Lääne-Eesti,1.25,0.1379856850715,0.254652351738333,3476.84,-5.44995910019998,-7.23347648261665
EE90507,Estonia,EE,EE0,EE00,EE004,Lääne-Eesti,1.25,0.1379856850715,0.254652351738333,3476.84,-5.44995910019998,-7.23347648261665
EE90508,Estonia,EE,EE0,EE00,EE004,Lääne-Eesti,1.25,0.1379856850715,0.254652351738333,3476.84,-5.44995910019998,-7.23347648261665
EE90509,Estonia,EE,EE0,EE00,EE004,Lääne-Eesti,1.25,0.1379856850715,0.254652351738333,3476.84,-5.44995910019998,-7.23347648261665
EE90510,Estonia,EE,EE0,EE00,EE004,Lääne-Eesti,1.25,0.1379856850715,0.254652351738333,3476.84,-5.44995910019998,-7.23347648261665
EE90602,Estonia,EE,EE0,EE00,EE004,Lääne-Eesti,1.25,0.1379856850715,0.254652351738333,3476.84,-5.44995910019998,-7.23347648261665
EE90606,Estonia,EE,EE0,EE00,EE004,Lääne-Eesti,1.25,0.1379856850715,0.254652351738333,3476.84,-5.44995910019998,-7.23347648261665
EE90612,Estonia,EE,EE0,EE00,EE004,Lääne-Eesti,1.25,0.1379856850715,0.254652351738333,3476.84,-5.44995910019998,-7.23347648261665
EE90613,Estonia,EE,EE0,EE00,EE004,Lääne-Eesti,1.25,0.1379856850715,0.254652351738333,3476.84,-5.44995910019998,-7.23347648261665
EE90615,Estonia,EE,EE0,EE00,EE004,Lääne-Eesti,1.25,0.1379856850715,0.254652351738333,3476.84,-5.44995910019998,-7.23347648261665
EE90640,Estonia,EE,EE0,EE00,EE004,Lääne-Eesti,1.25,0.1379856850715,0.254652351738333,3476.84,-5.44995910019998,-7.23347648261665
EE90641,Estonia,EE,EE0,EE00,EE004,Lääne-Eesti,1.25,0.1379856850715,0.254652351738333,3476.84,-5.44995910019998,-7.23347648261665
EE90642,Estonia,EE,EE0,EE00,EE004,Lääne-Eesti,1.25,0.1379856850715,0.254652351738333,3476.84,-5.44995910019998,-7.23347648261665
EE90644,Estonia,EE,EE0,EE00,EE004,Lääne-Eesti,1.25,0.1379856850715,0.254652351738333,3476.84,-5.44995910019998,-7.23347648261665
EE90645,Estonia,EE,EE0,EE00,EE004,Lääne-Eesti,1.25,0.1379856850715,0.254652351738333,3476.84,-5.44995910019998,-7.23347648261665
EE90647,Estonia,EE,EE0,EE00,EE004,Lääne-Eesti,1.25,0.1379856850715,0.254652351738333,3476.84,-5.44995910019998,-7.23347648261665
EE90701,Estonia,EE,EE0,EE00,EE004,Lääne-Eesti,1.25,0.1379856850715,0.254652351738333,3476.84,-5.44995910019998,-7.23347648261665
EE90702,Estonia,EE,EE0,EE00,EE004,Lääne-Eesti,1.25,0.1379856850715,0.254652351738333,3476.84,-5.44995910019998,-7.23347648261665
EE90704,Estonia,EE,EE0,EE00,EE004,Lääne-Eesti,1.25,0.1379856850715,0.254652351738333,3476.84,-5.44995910019998,-7.23347648261665
EE90717,Estonia,EE,EE0,EE00,EE004,Lääne-Eesti,1.25,0.1379856850715,0.254652351738333,3476.84,-5.44995910019998,-7.23347648261665
EE90718,Estonia,EE,EE0,EE00,EE004,Lääne-Eesti,1.25,0.1379856850715,0.254652351738333,3476.84,-5.44995910019998,-7.23347648261665
EE90720,Estonia,EE,EE0,EE00,EE004,Lääne-Eesti,1.25,0.1379856850715,0.254652351738333,3476.84,-5.44995910019998,-7.23347648261665
EE90801,Estonia,EE,EE0,EE00,EE004,Lääne-Eesti,1.25,0.1379856850715,0.254652351738333,3476.84,-5.44995910019998,-7.23347648261665
EE90802,Estonia,EE,EE0,EE00,EE004,Lääne-Eesti,1.25,0.1379856850715,0.254652351738333,3476.84,-5.44995910019998,-7.23347648261665
EE90804,Estonia,EE,EE0,EE00,EE004,Lääne-Eesti,1.25,0.1379856850715,0.254652351738333,3476.84,-5.44995910019998,-7.23347648261665
EE90806,Estonia,EE,EE0,EE00,EE004,Lääne-Eesti,1.25,0.1379856850715,0.254652351738333,3476.84,-5.44995910019998,-7.23347648261665
EE90811,Estonia,EE,EE0,EE00,EE004,Lääne-Eesti,1.25,0.1379856850715,0.254652351738333,3476.84,-5.44995910019998,-7.23347648261665
EE90814,Estonia,EE,EE0,EE00,EE004,Lääne-Eesti,1.25,0.1379856850715,0.254652351738333,3476.84,-5.44995910019998,-7.23347648261665
EE90815,Estonia,EE,EE0,EE00,EE004,Lääne-Eesti,1.25,0.1379856850715,0.254652351738333,3476.84,-5.44995910019998,-7.23347648261665
EE90818,Estonia,EE,EE0,EE00,EE004,Lääne-Eesti,1.25,0.1379856850715,0.254652351738333,3476.84,-5.44995910019998,-7.23347648261665
EE90819,Estonia,EE,EE0,EE00,EE004,Lääne-Eesti,1.25,0.1379856850715,0.254652351738333,3476.84,-5.44995910019998,-7.23347648261665
EE90820,Estonia,EE,EE0,EE00,EE004,Lääne-Eesti,1.25,0.1379856850715,0.254652351738333,3476.84,-5.44995910019998,-7.23347648261665
EE90901,Estonia,EE,EE0,EE00,EE004,Lääne-Eesti,1.25,0.1379856850715,0.254652351738333,3476.84,-5.44995910019998,-7.23347648261665
EE90903,Estonia,EE,EE0,EE00,EE004,Lääne-Eesti,1.25,0.1379856850715,0.254652351738333,3476.84,-5.44995910019998,-7.23347648261665
EE90904,Estonia,EE,EE0,EE00,EE004,Lääne-Eesti,1.25,0.1379856850715,0.254652351738333,3476.84,-5.44995910019998,-7.23347648261665
EE90911,Estonia,EE,EE0,EE00,EE004,Lääne-Eesti,1.25,0.1379856850715,0.254652351738333,3476.84,-5.44995910019998,-7.23347648261665
EE91001,Estonia,EE,EE0,EE00,EE004,Lääne-Eesti,1.25,0.1379856850715,0.254652351738333,3476.84,-5.44995910019998,-7.23347648261665
EE91002,Estonia,EE,EE0,EE00,EE004,Lääne-Eesti,1.25,0.1379856850715,0.254652351738333,3476.84,-5.44995910019998,-7.23347648261665
EE91004,Estonia,EE,EE0,EE00,EE004,Lääne-Eesti,1.25,0.1379856850715,0.254652351738333,3476.84,-5.44995910019998,-7.23347648261665
EE91005,Estonia,EE,EE0,EE00,EE004,Lääne-Eesti,1.25,0.1379856850715,0.254652351738333,3476.84,-5.44995910019998,-7.23347648261665
EE91006,Estonia,EE,EE0,EE00,EE004,Lääne-Eesti,1.25,0.1379856850715,0.254652351738333,3476.84,-5.44995910019998,-7.23347648261665
EE91011,Estonia,EE,EE0,EE00,EE004,Lääne-Eesti,1.25,0.1379856850715,0.254652351738333,3476.84,-5.44995910019998,-7.23347648261665
EE91013,Estonia,EE,EE0,EE00,EE004,Lääne-Eesti,1.25,0.1379856850715,0.254652351738333,3476.84,-5.44995910019998,-7.23347648261665
EE91017,Estonia,EE,EE0,EE00,EE004,Lääne-Eesti,1.25,0.1379856850715,0.254652351738333,3476.84,-5.44995910019998,-7.23347648261665
EE91112,Estonia,EE,EE0,EE00,EE004,Lääne-Eesti,1.25,0.1379856850715,0.254652351738333,3476.84,-5.44995910019998,-7.23347648261665
EE91204,Estonia,EE,EE0,EE00,EE004,Lääne-Eesti,1.25,0.1379856850715,0.254652351738333,3476.84,-5.44995910019998,-7.23347648261665
EE91207,Estonia,EE,EE0,EE00,EE004,Lääne-Eesti,1.25,0.1379856850715,0.254652351738333,3476.84,-5.44995910019998,-7.23347648261665
EE91211,Estonia,EE,EE0,EE00,EE004,Lääne-Eesti,1.25,0.1379856850715,0.254652351738333,3476.84,-5.44995910019998,-7.23347648261665
EE91214,Estonia,EE,EE0,EE00,EE004,Lääne-Eesti,1.25,0.1379856850715,0.254652351738333,3476.84,-5.44995910019998,-7.23347648261665
EE91220,Estonia,EE,EE0,EE00,EE004,Lääne-Eesti,1.25,0.1379856850715,0.254652351738333,3476.84,-5.44995910019998,-7.23347648261665
EE92001,Estonia,EE,EE0,EE00,EE004,Lääne-Eesti,1.25,0.1379856850715,0.254652351738333,3476.84,-5.44995910019998,-7.23347648261665
EE92002,Estonia,EE,EE0,EE00,EE004,Lääne-Eesti,1.25,0.1379856850715,0.254652351738333,3476.84,-5.44995910019998,-7.23347648261665
EE92003,Estonia,EE,EE0,EE00,EE004,Lääne-Eesti,1.25,0.1379856850715,0.254652351738333,3476.84,-5.44995910019998,-7.23347648261665
EE92011,Estonia,EE,EE0,EE00,EE004,Lääne-Eesti,1.25,0.1379856850715,0.254652351738333,3476.84,-5.44995910019998,-7.23347648261665
EE92015,Estonia,EE,EE0,EE00,EE004,Lääne-Eesti,1.25,0.1379856850715,0.254652351738333,3476.84,-5.44995910019998,-7.23347648261665
EE92016,Estonia,EE,EE0,EE00,EE004,Lääne-Eesti,1.25,0.1379856850715,0.254652351738333,3476.84,-5.44995910019998,-7.23347648261665
EE92020,Estonia,EE,EE0,EE00,EE004,Lääne-Eesti,1.25,0.1379856850715,0.254652351738333,3476.84,-5.44995910019998,-7.23347648261665
EE92021,Estonia,EE,EE0,EE00,EE004,Lääne-Eesti,1.25,0.1379856850715,0.254652351738333,3476.84,-5.44995910019998,-7.23347648261665
EE92024,Estonia,EE,EE0,EE00,EE004,Lääne-Eesti,1.25,0.1379856850715,0.254652351738333,3476.84,-5.44995910019998,-7.23347648261665
EE92027,Estonia,EE,EE0,EE00,EE004,Lääne-Eesti,1.25,0.1379856850715,0.254652351738333,3476.84,-5.44995910019998,-7.23347648261665
EE92028,Estonia,EE,EE0,EE00,EE004,Lääne-Eesti,1.25,0.1379856850715,0.254652351738333,3476.84,-5.44995910019998,-7.23347648261665
EE92041,Estonia,EE,EE0,EE00,EE004,Lääne-Eesti,1.25,0.1379856850715,0.254652351738333,3476.84,-5.44995910019998,-7.23347648261665
EE92042,Estonia,EE,EE0,EE00,EE004,Lääne-Eesti,1.25,0.1379856850715,0.254652351738333,3476.84,-5.44995910019998,-7.23347648261665
EE92045,Estonia,EE,EE0,EE00,EE004,Lääne-Eesti,1.25,0.1379856850715,0.254652351738333,3476.84,-5.44995910019998,-7.23347648261665
EE92046,Estonia,EE,EE0,EE00,EE004,Lääne-Eesti,1.25,0.1379856850715,0.254652351738333,3476.84,-5.44995910019998,-7.23347648261665
EE92050,Estonia,EE,EE0,EE00,EE004,Lääne-Eesti,1.25,0.1379856850715,0.254652351738333,3476.84,-5.44995910019998,-7.23347648261665
EE92052,Estonia,EE,EE0,EE00,EE004,Lääne-Eesti,1.25,0.1379856850715,0.254652351738333,3476.84,-5.44995910019998,-7.23347648261665
EE92053,Estonia,EE,EE0,EE00,EE004,Lääne-Eesti,1.25,0.1379856850715,0.254652351738333,3476.84,-5.44995910019998,-7.23347648261665
EE92054,Estonia,EE,EE0,EE00,EE004,Lääne-Eesti,1.25,0.1379856850715,0.254652351738333,3476.84,-5.44995910019998,-7.23347648261665
EE92055,Estonia,EE,EE0,EE00,EE004,Lääne-Eesti,1.25,0.1379856850715,0.254652351738333,3476.84,-5.44995910019998,-7.23347648261665
EE92056,Estonia,EE,EE0,EE00,EE004,Lääne-Eesti,1.25,0.1379856850715,0.254652351738333,3476.84,-5.44995910019998,-7.23347648261665
EE92057,Estonia,EE,EE0,EE00,EE004,Lääne-Eesti,1.25,0.1379856850715,0.254652351738333,3476.84,-5.44995910019998,-7.23347648261665
EE92058,Estonia,EE,EE0,EE00,EE004,Lääne-Eesti,1.25,0.1379856850715,0.254652351738333,3476.84,-5.44995910019998,-7.23347648261665
EE92059,Estonia,EE,EE0,EE00,EE004,Lääne-Eesti,1.25,0.1379856850715,0.254652351738333,3476.84,-5.44995910019998,-7.23347648261665
EE92060,Estonia,EE,EE0,EE00,EE004,Lääne-Eesti,1.25,0.1379856850715,0.254652351738333,3476.84,-5.44995910019998,-7.23347648261665
EE92101,Estonia,EE,EE0,EE00,EE004,Lääne-Eesti,1.25,0.1379856850715,0.254652351738333,3476.84,-5.44995910019998,-7.23347648261665
EE92115,Estonia,EE,EE0,EE00,EE004,Lääne-Eesti,1.25,0.1379856850715,0.254652351738333,3476.84,-5.44995910019998,-7.23347648261665
EE92118,Estonia,EE,EE0,EE00,EE004,Lääne-Eesti,1.25,0.1379856850715,0.254652351738333,3476.84,-5.44995910019998,-7.23347648261665
EE92121,Estonia,EE,EE0,EE00,EE004,Lääne-Eesti,1.25,0.1379856850715,0.254652351738333,3476.84,-5.44995910019998,-7.23347648261665
EE92122,Estonia,EE,EE0,EE00,EE004,Lääne-Eesti,1.25,0.1379856850715,0.254652351738333,3476.84,-5.44995910019998,-7.23347648261665
EE92127,Estonia,EE,EE0,EE00,EE004,Lääne-Eesti,1.25,0.1379856850715,0.254652351738333,3476.84,-5.44995910019998,-7.23347648261665
EE92128,Estonia,EE,EE0,EE00,EE004,Lääne-Eesti,1.25,0.1379856850715,0.254652351738333,3476.84,-5.44995910019998,-7.23347648261665
EE92130,Estonia,EE,EE0,EE00,EE004,Lääne-Eesti,1.25,0.1379856850715,0.254652351738333,3476.84,-5.44995910019998,-7.23347648261665
EE92131,Estonia,EE,EE0,EE00,EE004,Lääne-Eesti,1.25,0.1379856850715,0.254652351738333,3476.84,-5.44995910019998,-7.23347648261665
EE92132,Estonia,EE,EE0,EE00,EE004,Lääne-Eesti,1.25,0.1379856850715,0.254652351738333,3476.84,-5.44995910019998,-7.23347648261665
EE92134,Estonia,EE,EE0,EE00,EE004,Lääne-Eesti,1.25,0.1379856850715,0.254652351738333,3476.84,-5.44995910019998,-7.23347648261665
EE92135,Estonia,EE,EE0,EE00,EE004,Lääne-Eesti,1.25,0.1379856850715,0.254652351738333,3476.84,-5.44995910019998,-7.23347648261665
EE92136,Estonia,EE,EE0,EE00,EE004,Lääne-Eesti,1.25,0.1379856850715,0.254652351738333,3476.84,-5.44995910019998,-7.23347648261665
EE92137,Estonia,EE,EE0,EE00,EE004,Lääne-Eesti,1.25,0.1379856850715,0.254652351738333,3476.84,-5.44995910019998,-7.23347648261665
EE92138,Estonia,EE,EE0,EE00,EE004,Lääne-Eesti,1.25,0.1379856850715,0.254652351738333,3476.84,-5.44995910019998,-7.23347648261665
EE92201,Estonia,EE,EE0,EE00,EE004,Lääne-Eesti,1.25,0.1379856850715,0.254652351738333,3476.84,-5.44995910019998,-7.23347648261665
EE92202,Estonia,EE,EE0,EE00,EE004,Lääne-Eesti,1.25,0.1379856850715,0.254652351738333,3476.84,-5.44995910019998,-7.23347648261665
EE92213,Estonia,EE,EE0,EE00,EE004,Lääne-Eesti,1.25,0.1379856850715,0.254652351738333,3476.84,-5.44995910019998,-7.23347648261665
EE92216,Estonia,EE,EE0,EE00,EE004,Lääne-Eesti,1.25,0.1379856850715,0.254652351738333,3476.84,-5.44995910019998,-7.23347648261665
EE92219,Estonia,EE,EE0,EE00,EE004,Lääne-Eesti,1.25,0.1379856850715,0.254652351738333,3476.84,-5.44995910019998,-7.23347648261665
EE92224,Estonia,EE,EE0,EE00,EE004,Lääne-Eesti,1.25,0.1379856850715,0.254652351738333,3476.84,-5.44995910019998,-7.23347648261665
EE92226,Estonia,EE,EE0,EE00,EE004,Lääne-Eesti,1.25,0.1379856850715,0.254652351738333,3476.84,-5.44995910019998,-7.23347648261665
EE92246,Estonia,EE,EE0,EE00,EE004,Lääne-Eesti,1.25,0.1379856850715,0.254652351738333,3476.84,-5.44995910019998,-7.23347648261665
EE92253,Estonia,EE,EE0,EE00,EE004,Lääne-Eesti,1.25,0.1379856850715,0.254652351738333,3476.84,-5.44995910019998,-7.23347648261665
EE92256,Estonia,EE,EE0,EE00,EE004,Lääne-Eesti,1.25,0.1379856850715,0.254652351738333,3476.84,-5.44995910019998,-7.23347648261665
EE92257,Estonia,EE,EE0,EE00,EE004,Lääne-Eesti,1.25,0.1379856850715,0.254652351738333,3476.84,-5.44995910019998,-7.23347648261665
EE92261,Estonia,EE,EE0,EE00,EE004,Lääne-Eesti,1.25,0.1379856850715,0.254652351738333,3476.84,-5.44995910019998,-7.23347648261665
EE92263,Estonia,EE,EE0,EE00,EE004,Lääne-Eesti,1.25,0.1379856850715,0.254652351738333,3476.84,-5.44995910019998,-7.23347648261665
EE92264,Estonia,EE,EE0,EE00,EE004,Lääne-Eesti,1.25,0.1379856850715,0.254652351738333,3476.84,-5.44995910019998,-7.23347648261665
EE92265,Estonia,EE,EE0,EE00,EE004,Lääne-Eesti,1.25,0.1379856850715,0.254652351738333,3476.84,-5.44995910019998,-7.23347648261665
EE92266,Estonia,EE,EE0,EE00,EE004,Lääne-Eesti,1.25,0.1379856850715,0.254652351738333,3476.84,-5.44995910019998,-7.23347648261665
EE92267,Estonia,EE,EE0,EE00,EE004,Lääne-Eesti,1.25,0.1379856850715,0.254652351738333,3476.84,-5.44995910019998,-7.23347648261665
EE92302,Estonia,EE,EE0,EE00,EE004,Lääne-Eesti,1.25,0.1379856850715,0.254652351738333,3476.84,-5.44995910019998,-7.23347648261665
EE92311,Estonia,EE,EE0,EE00,EE004,Lääne-Eesti,1.25,0.1379856850715,0.254652351738333,3476.84,-5.44995910019998,-7.23347648261665
EE92312,Estonia,EE,EE0,EE00,EE004,Lääne-Eesti,1.25,0.1379856850715,0.254652351738333,3476.84,-5.44995910019998,-7.23347648261665
EE92313,Estonia,EE,EE0,EE00,EE004,Lääne-Eesti,1.25,0.1379856850715,0.254652351738333,3476.84,-5.44995910019998,-7.23347648261665
EE92314,Estonia,EE,EE0,EE00,EE004,Lääne-Eesti,1.25,0.1379856850715,0.254652351738333,3476.84,-5.44995910019998,-7.23347648261665
EE92315,Estonia,EE,EE0,EE00,EE004,Lääne-Eesti,1.25,0.1379856850715,0.254652351738333,3476.84,-5.44995910019998,-7.23347648261665
EE92316,Estonia,EE,EE0,EE00,EE004,Lääne-Eesti,1.25,0.1379856850715,0.254652351738333,3476.84,-5.44995910019998,-7.23347648261665
EE92319,Estonia,EE,EE0,EE00,EE004,Lääne-Eesti,1.25,0.1379856850715,0.254652351738333,3476.84,-5.44995910019998,-7.23347648261665
EE92321,Estonia,EE,EE0,EE00,EE004,Lääne-Eesti,1.25,0.1379856850715,0.254652351738333,3476.84,-5.44995910019998,-7.23347648261665
EE92334,Estonia,EE,EE0,EE00,EE004,Lääne-Eesti,1.25,0.1379856850715,0.254652351738333,3476.84,-5.44995910019998,-7.23347648261665
EE92336,Estonia,EE,EE0,EE00,EE004,Lääne-Eesti,1.25,0.1379856850715,0.254652351738333,3476.84,-5.44995910019998,-7.23347648261665
EE92337,Estonia,EE,EE0,EE00,EE004,Lääne-Eesti,1.25,0.1379856850715,0.254652351738333,3476.84,-5.44995910019998,-7.23347648261665
EE92341,Estonia,EE,EE0,EE00,EE004,Lääne-Eesti,1.25,0.1379856850715,0.254652351738333,3476.84,-5.44995910019998,-7.23347648261665
EE92342,Estonia,EE,EE0,EE00,EE004,Lääne-Eesti,1.25,0.1379856850715,0.254652351738333,3476.84,-5.44995910019998,-7.23347648261665
EE92344,Estonia,EE,EE0,EE00,EE004,Lääne-Eesti,1.25,0.1379856850715,0.254652351738333,3476.84,-5.44995910019998,-7.23347648261665
EE92345,Estonia,EE,EE0,EE00,EE004,Lääne-Eesti,1.25,0.1379856850715,0.254652351738333,3476.84,-5.44995910019998,-7.23347648261665
EE92348,Estonia,EE,EE0,EE00,EE004,Lääne-Eesti,1.25,0.1379856850715,0.254652351738333,3476.84,-5.44995910019998,-7.23347648261665
EE92350,Estonia,EE,EE0,EE00,EE004,Lääne-Eesti,1.25,0.1379856850715,0.254652351738333,3476.84,-5.44995910019998,-7.23347648261665
EE92363,Estonia,EE,EE0,EE00,EE004,Lääne-Eesti,1.25,0.1379856850715,0.254652351738333,3476.84,-5.44995910019998,-7.23347648261665
EE92364,Estonia,EE,EE0,EE00,EE004,Lääne-Eesti,1.25,0.1379856850715,0.254652351738333,3476.84,-5.44995910019998,-7.23347648261665
EE92365,Estonia,EE,EE0,EE00,EE004,Lääne-Eesti,1.25,0.1379856850715,0.254652351738333,3476.84,-5.44995910019998,-7.23347648261665
EE92368,Estonia,EE,EE0,EE00,EE004,Lääne-Eesti,1.25,0.1379856850715,0.254652351738333,3476.84,-5.44995910019998,-7.23347648261665
EE92369,Estonia,EE,EE0,EE00,EE004,Lääne-Eesti,1.25,0.1379856850715,0.254652351738333,3476.84,-5.44995910019998,-7.23347648261665
EE92411,Estonia,EE,EE0,EE00,EE004,Lääne-Eesti,1.25,0.1379856850715,0.254652351738333,3476.84,-5.44995910019998,-7.23347648261665
EE92412,Estonia,EE,EE0,EE00,EE004,Lääne-Eesti,1.25,0.1379856850715,0.254652351738333,3476.84,-5.44995910019998,-7.23347648261665
EE92413,Estonia,EE,EE0,EE00,EE004,Lääne-Eesti,1.25,0.1379856850715,0.254652351738333,3476.84,-5.44995910019998,-7.23347648261665
EE92414,Estonia,EE,EE0,EE00,EE004,Lääne-Eesti,1.25,0.1379856850715,0.254652351738333,3476.84,-5.44995910019998,-7.23347648261665
EE92420,Estonia,EE,EE0,EE00,EE004,Lääne-Eesti,1.25,0.1379856850715,0.254652351738333,3476.84,-5.44995910019998,-7.23347648261665
EE92421,Estonia,EE,EE0,EE00,EE004,Lääne-Eesti,1.25,0.1379856850715,0.254652351738333,3476.84,-5.44995910019998,-7.23347648261665
EE92422,Estonia,EE,EE0,EE00,EE004,Lääne-Eesti,1.25,0.1379856850715,0.254652351738333,3476.84,-5.44995910019998,-7.23347648261665
EE93111,Estonia,EE,EE0,EE00,EE004,Lääne-Eesti,1.25,0.1379856850715,0.254652351738333,3476.84,-5.44995910019998,-7.23347648261665
EE93122,Estonia,EE,EE0,EE00,EE004,Lääne-Eesti,1.25,0.1379856850715,0.254652351738333,3476.84,-5.44995910019998,-7.23347648261665
EE93201,Estonia,EE,EE0,EE00,EE004,Lääne-Eesti,1.25,0.1379856850715,0.254652351738333,3476.84,-5.44995910019998,-7.23347648261665
EE93211,Estonia,EE,EE0,EE00,EE004,Lääne-Eesti,1.25,0.1379856850715,0.254652351738333,3476.84,-5.44995910019998,-7.23347648261665
EE93213,Estonia,EE,EE0,EE00,EE004,Lääne-Eesti,1.25,0.1379856850715,0.254652351738333,3476.84,-5.44995910019998,-7.23347648261665
EE93216,Estonia,EE,EE0,EE00,EE004,Lääne-Eesti,1.25,0.1379856850715,0.254652351738333,3476.84,-5.44995910019998,-7.23347648261665
EE93222,Estonia,EE,EE0,EE00,EE004,Lääne-Eesti,1.25,0.1379856850715,0.254652351738333,3476.84,-5.44995910019998,-7.23347648261665
EE93224,Estonia,EE,EE0,EE00,EE004,Lääne-Eesti,1.25,0.1379856850715,0.254652351738333,3476.84,-5.44995910019998,-7.23347648261665
EE93231,Estonia,EE,EE0,EE00,EE004,Lääne-Eesti,1.25,0.1379856850715,0.254652351738333,3476.84,-5.44995910019998,-7.23347648261665
EE93232,Estonia,EE,EE0,EE00,EE004,Lääne-Eesti,1.25,0.1379856850715,0.254652351738333,3476.84,-5.44995910019998,-7.23347648261665
EE93235,Estonia,EE,EE0,EE00,EE004,Lääne-Eesti,1.25,0.1379856850715,0.254652351738333,3476.84,-5.44995910019998,-7.23347648261665
EE93237,Estonia,EE,EE0,EE00,EE004,Lääne-Eesti,1.25,0.1379856850715,0.254652351738333,3476.84,-5.44995910019998,-7.23347648261665
EE93239,Estonia,EE,EE0,EE00,EE004,Lääne-Eesti,1.25,0.1379856850715,0.254652351738333,3476.84,-5.44995910019998,-7.23347648261665
EE93244,Estonia,EE,EE0,EE00,EE004,Lääne-Eesti,1.25,0.1379856850715,0.254652351738333,3476.84,-5.44995910019998,-7.23347648261665
EE93246,Estonia,EE,EE0,EE00,EE004,Lääne-Eesti,1.25,0.1379856850715,0.254652351738333,3476.84,-5.44995910019998,-7.23347648261665
EE93247,Estonia,EE,EE0,EE00,EE004,Lääne-Eesti,1.25,0.1379856850715,0.254652351738333,3476.84,-5.44995910019998,-7.23347648261665
EE93249,Estonia,EE,EE0,EE00,EE004,Lääne-Eesti,1.25,0.1379856850715,0.254652351738333,3476.84,-5.44995910019998,-7.23347648261665
EE93271,Estonia,EE,EE0,EE00,EE004,Lääne-Eesti,1.25,0.1379856850715,0.254652351738333,3476.84,-5.44995910019998,-7.23347648261665
EE93401,Estonia,EE,EE0,EE00,EE004,Lääne-Eesti,1.25,0.1379856850715,0.254652351738333,3476.84,-5.44995910019998,-7.23347648261665
EE93411,Estonia,EE,EE0,EE00,EE004,Lääne-Eesti,1.25,0.1379856850715,0.254652351738333,3476.84,-5.44995910019998,-7.23347648261665
EE93412,Estonia,EE,EE0,EE00,EE004,Lääne-Eesti,1.25,0.1379856850715,0.254652351738333,3476.84,-5.44995910019998,-7.23347648261665
EE93414,Estonia,EE,EE0,EE00,EE004,Lääne-Eesti,1.25,0.1379856850715,0.254652351738333,3476.84,-5.44995910019998,-7.23347648261665
EE93436,Estonia,EE,EE0,EE00,EE004,Lääne-Eesti,1.25,0.1379856850715,0.254652351738333,3476.84,-5.44995910019998,-7.23347648261665
EE93438,Estonia,EE,EE0,EE00,EE004,Lääne-Eesti,1.25,0.1379856850715,0.254652351738333,3476.84,-5.44995910019998,-7.23347648261665
EE93439,Estonia,EE,EE0,EE00,EE004,Lääne-Eesti,1.25,0.1379856850715,0.254652351738333,3476.84,-5.44995910019998,-7.23347648261665
EE93440,Estonia,EE,EE0,EE00,EE004,Lääne-Eesti,1.25,0.1379856850715,0.254652351738333,3476.84,-5.44995910019998,-7.23347648261665
EE93444,Estonia,EE,EE0,EE00,EE004,Lääne-Eesti,1.25,0.1379856850715,0.254652351738333,3476.84,-5.44995910019998,-7.23347648261665
EE93445,Estonia,EE,EE0,EE00,EE004,Lääne-Eesti,1.25,0.1379856850715,0.254652351738333,3476.84,-5.44995910019998,-7.23347648261665
EE93448,Estonia,EE,EE0,EE00,EE004,Lääne-Eesti,1.25,0.1379856850715,0.254652351738333,3476.84,-5.44995910019998,-7.23347648261665
EE93452,Estonia,EE,EE0,EE00,EE004,Lääne-Eesti,1.25,0.1379856850715,0.254652351738333,3476.84,-5.44995910019998,-7.23347648261665
EE93453,Estonia,EE,EE0,EE00,EE004,Lääne-Eesti,1.25,0.1379856850715,0.254652351738333,3476.84,-5.44995910019998,-7.23347648261665
EE93454,Estonia,EE,EE0,EE00,EE004,Lääne-Eesti,1.25,0.1379856850715,0.254652351738333,3476.84,-5.44995910019998,-7.23347648261665
EE93470,Estonia,EE,EE0,EE00,EE004,Lääne-Eesti,1.25,0.1379856850715,0.254652351738333,3476.84,-5.44995910019998,-7.23347648261665
EE93501,Estonia,EE,EE0,EE00,EE004,Lääne-Eesti,1.25,0.1379856850715,0.254652351738333,3476.84,-5.44995910019998,-7.23347648261665
EE93511,Estonia,EE,EE0,EE00,EE004,Lääne-Eesti,1.25,0.1379856850715,0.254652351738333,3476.84,-5.44995910019998,-7.23347648261665
EE93512,Estonia,EE,EE0,EE00,EE004,Lääne-Eesti,1.25,0.1379856850715,0.254652351738333,3476.84,-5.44995910019998,-7.23347648261665
EE93520,Estonia,EE,EE0,EE00,EE004,Lääne-Eesti,1.25,0.1379856850715,0.254652351738333,3476.84,-5.44995910019998,-7.23347648261665
EE93521,Estonia,EE,EE0,EE00,EE004,Lääne-Eesti,1.25,0.1379856850715,0.254652351738333,3476.84,-5.44995910019998,-7.23347648261665
EE93522,Estonia,EE,EE0,EE00,EE004,Lääne-Eesti,1.25,0.1379856850715,0.254652351738333,3476.84,-5.44995910019998,-7.23347648261665
EE93524,Estonia,EE,EE0,EE00,EE004,Lääne-Eesti,1.25,0.1379856850715,0.254652351738333,3476.84,-5.44995910019998,-7.23347648261665
EE93525,Estonia,EE,EE0,EE00,EE004,Lääne-Eesti,1.25,0.1379856850715,0.254652351738333,3476.84,-5.44995910019998,-7.23347648261665
EE93528,Estonia,EE,EE0,EE00,EE004,Lääne-Eesti,1.25,0.1379856850715,0.254652351738333,3476.84,-5.44995910019998,-7.23347648261665
EE93529,Estonia,EE,EE0,EE00,EE004,Lääne-Eesti,1.25,0.1379856850715,0.254652351738333,3476.84,-5.44995910019998,-7.23347648261665
EE93551,Estonia,EE,EE0,EE00,EE004,Lääne-Eesti,1.25,0.1379856850715,0.254652351738333,3476.84,-5.44995910019998,-7.23347648261665
EE93601,Estonia,EE,EE0,EE00,EE004,Lääne-Eesti,1.25,0.1379856850715,0.254652351738333,3476.84,-5.44995910019998,-7.23347648261665
EE93701,Estonia,EE,EE0,EE00,EE004,Lääne-Eesti,1.25,0.1379856850715,0.254652351738333,3476.84,-5.44995910019998,-7.23347648261665
EE93714,Estonia,EE,EE0,EE00,EE004,Lääne-Eesti,1.25,0.1379856850715,0.254652351738333,3476.84,-5.44995910019998,-7.23347648261665
EE93716,Estonia,EE,EE0,EE00,EE004,Lääne-Eesti,1.25,0.1379856850715,0.254652351738333,3476.84,-5.44995910019998,-7.23347648261665
EE93725,Estonia,EE,EE0,EE00,EE004,Lääne-Eesti,1.25,0.1379856850715,0.254652351738333,3476.84,-5.44995910019998,-7.23347648261665
EE93731,Estonia,EE,EE0,EE00,EE004,Lääne-Eesti,1.25,0.1379856850715,0.254652351738333,3476.84,-5.44995910019998,-7.23347648261665
EE93732,Estonia,EE,EE0,EE00,EE004,Lääne-Eesti,1.25,0.1379856850715,0.254652351738333,3476.84,-5.44995910019998,-7.23347648261665
EE93741,Estonia,EE,EE0,EE00,EE004,Lääne-Eesti,1.25,0.1379856850715,0.254652351738333,3476.84,-5.44995910019998,-7.23347648261665
EE93742,Estonia,EE,EE0,EE00,EE004,Lääne-Eesti,1.25,0.1379856850715,0.254652351738333,3476.84,-5.44995910019998,-7.23347648261665
EE93745,Estonia,EE,EE0,EE00,EE004,Lääne-Eesti,1.25,0.1379856850715,0.254652351738333,3476.84,-5.44995910019998,-7.23347648261665
EE93754,Estonia,EE,EE0,EE00,EE004,Lääne-Eesti,1.25,0.1379856850715,0.254652351738333,3476.84,-5.44995910019998,-7.23347648261665
EE93801,Estonia,EE,EE0,EE00,EE004,Lääne-Eesti,1.25,0.1379856850715,0.254652351738333,3476.84,-5.44995910019998,-7.23347648261665
EE93811,Estonia,EE,EE0,EE00,EE004,Lääne-Eesti,1.25,0.1379856850715,0.254652351738333,3476.84,-5.44995910019998,-7.23347648261665
EE93812,Estonia,EE,EE0,EE00,EE004,Lääne-Eesti,1.25,0.1379856850715,0.254652351738333,3476.84,-5.44995910019998,-7.23347648261665
EE93813,Estonia,EE,EE0,EE00,EE004,Lääne-Eesti,1.25,0.1379856850715,0.254652351738333,3476.84,-5.44995910019998,-7.23347648261665
EE93814,Estonia,EE,EE0,EE00,EE004,Lääne-Eesti,1.25,0.1379856850715,0.254652351738333,3476.84,-5.44995910019998,-7.23347648261665
EE93815,Estonia,EE,EE0,EE00,EE004,Lääne-Eesti,1.25,0.1379856850715,0.254652351738333,3476.84,-5.44995910019998,-7.23347648261665
EE93816,Estonia,EE,EE0,EE00,EE004,Lääne-Eesti,1.25,0.1379856850715,0.254652351738333,3476.84,-5.44995910019998,-7.23347648261665
EE93817,Estonia,EE,EE0,EE00,EE004,Lääne-Eesti,1.25,0.1379856850715,0.254652351738333,3476.84,-5.44995910019998,-7.23347648261665
EE93818,Estonia,EE,EE0,EE00,EE004,Lääne-Eesti,1.25,0.1379856850715,0.254652351738333,3476.84,-5.44995910019998,-7.23347648261665
EE93832,Estonia,EE,EE0,EE00,EE004,Lääne-Eesti,1.25,0.1379856850715,0.254652351738333,3476.84,-5.44995910019998,-7.23347648261665
EE93840,Estonia,EE,EE0,EE00,EE004,Lääne-Eesti,1.25,0.1379856850715,0.254652351738333,3476.84,-5.44995910019998,-7.23347648261665
EE93841,Estonia,EE,EE0,EE00,EE004,Lääne-Eesti,1.25,0.1379856850715,0.254652351738333,3476.84,-5.44995910019998,-7.23347648261665
EE93846,Estonia,EE,EE0,EE00,EE004,Lääne-Eesti,1.25,0.1379856850715,0.254652351738333,3476.84,-5.44995910019998,-7.23347648261665
EE93851,Estonia,EE,EE0,EE00,EE004,Lääne-Eesti,1.25,0.1379856850715,0.254652351738333,3476.84,-5.44995910019998,-7.23347648261665
EE93853,Estonia,EE,EE0,EE00,EE004,Lääne-Eesti,1.25,0.1379856850715,0.254652351738333,3476.84,-5.44995910019998,-7.23347648261665
EE93854,Estonia,EE,EE0,EE00,EE004,Lääne-Eesti,1.25,0.1379856850715,0.254652351738333,3476.84,-5.44995910019998,-7.23347648261665
EE93856,Estonia,EE,EE0,EE00,EE004,Lääne-Eesti,1.25,0.1379856850715,0.254652351738333,3476.84,-5.44995910019998,-7.23347648261665
EE93857,Estonia,EE,EE0,EE00,EE004,Lääne-Eesti,1.25,0.1379856850715,0.254652351738333,3476.84,-5.44995910019998,-7.23347648261665
EE93859,Estonia,EE,EE0,EE00,EE004,Lääne-Eesti,1.25,0.1379856850715,0.254652351738333,3476.84,-5.44995910019998,-7.23347648261665
EE93860,Estonia,EE,EE0,EE00,EE004,Lääne-Eesti,1.25,0.1379856850715,0.254652351738333,3476.84,-5.44995910019998,-7.23347648261665
EE93861,Estonia,EE,EE0,EE00,EE004,Lääne-Eesti,1.25,0.1379856850715,0.254652351738333,3476.84,-5.44995910019998,-7.23347648261665
EE93871,Estonia,EE,EE0,EE00,EE004,Lääne-Eesti,1.25,0.1379856850715,0.254652351738333,3476.84,-5.44995910019998,-7.23347648261665
EE93872,Estonia,EE,EE0,EE00,EE004,Lääne-Eesti,1.25,0.1379856850715,0.254652351738333,3476.84,-5.44995910019998,-7.23347648261665
EE93873,Estonia,EE,EE0,EE00,EE004,Lääne-Eesti,1.25,0.1379856850715,0.254652351738333,3476.84,-5.44995910019998,-7.23347648261665
EE93874,Estonia,EE,EE0,EE00,EE004,Lääne-Eesti,1.25,0.1379856850715,0.254652351738333,3476.84,-5.44995910019998,-7.23347648261665
EE93875,Estonia,EE,EE0,EE00,EE004,Lääne-Eesti,1.25,0.1379856850715,0.254652351738333,3476.84,-5.44995910019998,-7.23347648261665
EE93876,Estonia,EE,EE0,EE00,EE004,Lääne-Eesti,1.25,0.1379856850715,0.254652351738333,3476.84,-5.44995910019998,-7.23347648261665
EE93889,Estonia,EE,EE0,EE00,EE004,Lääne-Eesti,1.25,0.1379856850715,0.254652351738333,3476.84,-5.44995910019998,-7.23347648261665
EE93890,Estonia,EE,EE0,EE00,EE004,Lääne-Eesti,1.25,0.1379856850715,0.254652351738333,3476.84,-5.44995910019998,-7.23347648261665
EE94102,Estonia,EE,EE0,EE00,EE004,Lääne-Eesti,1.25,0.1379856850715,0.254652351738333,3476.84,-5.44995910019998,-7.23347648261665
EE94114,Estonia,EE,EE0,EE00,EE004,Lääne-Eesti,1.25,0.1379856850715,0.254652351738333,3476.84,-5.44995910019998,-7.23347648261665
EE94129,Estonia,EE,EE0,EE00,EE004,Lääne-Eesti,1.25,0.1379856850715,0.254652351738333,3476.84,-5.44995910019998,-7.23347648261665
EE94142,Estonia,EE,EE0,EE00,EE004,Lääne-Eesti,1.25,0.1379856850715,0.254652351738333,3476.84,-5.44995910019998,-7.23347648261665
EE94145,Estonia,EE,EE0,EE00,EE004,Lääne-Eesti,1.25,0.1379856850715,0.254652351738333,3476.84,-5.44995910019998,-7.23347648261665
EE94146,Estonia,EE,EE0,EE00,EE004,Lääne-Eesti,1.25,0.1379856850715,0.254652351738333,3476.84,-5.44995910019998,-7.23347648261665
EE94147,Estonia,EE,EE0,EE00,EE004,Lääne-Eesti,1.25,0.1379856850715,0.254652351738333,3476.84,-5.44995910019998,-7.23347648261665
EE94149,Estonia,EE,EE0,EE00,EE004,Lääne-Eesti,1.25,0.1379856850715,0.254652351738333,3476.84,-5.44995910019998,-7.23347648261665
EE94151,Estonia,EE,EE0,EE00,EE004,Lääne-Eesti,1.25,0.1379856850715,0.254652351738333,3476.84,-5.44995910019998,-7.23347648261665
EE94171,Estonia,EE,EE0,EE00,EE004,Lääne-Eesti,1.25,0.1379856850715,0.254652351738333,3476.84,-5.44995910019998,-7.23347648261665
EE94202,Estonia,EE,EE0,EE00,EE004,Lääne-Eesti,1.25,0.1379856850715,0.254652351738333,3476.84,-5.44995910019998,-7.23347648261665
EE94223,Estonia,EE,EE0,EE00,EE004,Lääne-Eesti,1.25,0.1379856850715,0.254652351738333,3476.84,-5.44995910019998,-7.23347648261665
EE94241,Estonia,EE,EE0,EE00,EE004,Lääne-Eesti,1.25,0.1379856850715,0.254652351738333,3476.84,-5.44995910019998,-7.23347648261665
EE94244,Estonia,EE,EE0,EE00,EE004,Lääne-Eesti,1.25,0.1379856850715,0.254652351738333,3476.84,-5.44995910019998,-7.23347648261665
EE94245,Estonia,EE,EE0,EE00,EE004,Lääne-Eesti,1.25,0.1379856850715,0.254652351738333,3476.84,-5.44995910019998,-7.23347648261665
EE94247,Estonia,EE,EE0,EE00,EE004,Lääne-Eesti,1.25,0.1379856850715,0.254652351738333,3476.84,-5.44995910019998,-7.23347648261665
EE94250,Estonia,EE,EE0,EE00,EE004,Lääne-Eesti,1.25,0.1379856850715,0.254652351738333,3476.84,-5.44995910019998,-7.23347648261665
EE94256,Estonia,EE,EE0,EE00,EE004,Lääne-Eesti,1.25,0.1379856850715,0.254652351738333,3476.84,-5.44995910019998,-7.23347648261665
EE94257,Estonia,EE,EE0,EE00,EE004,Lääne-Eesti,1.25,0.1379856850715,0.254652351738333,3476.84,-5.44995910019998,-7.23347648261665
EE94302,Estonia,EE,EE0,EE00,EE004,Lääne-Eesti,1.25,0.1379856850715,0.254652351738333,3476.84,-5.44995910019998,-7.23347648261665
EE94313,Estonia,EE,EE0,EE00,EE004,Lääne-Eesti,1.25,0.1379856850715,0.254652351738333,3476.84,-5.44995910019998,-7.23347648261665
EE94323,Estonia,EE,EE0,EE00,EE004,Lääne-Eesti,1.25,0.1379856850715,0.254652351738333,3476.84,-5.44995910019998,-7.23347648261665
EE94331,Estonia,EE,EE0,EE00,EE004,Lääne-Eesti,1.25,0.1379856850715,0.254652351738333,3476.84,-5.44995910019998,-7.23347648261665
EE94332,Estonia,EE,EE0,EE00,EE004,Lääne-Eesti,1.25,0.1379856850715,0.254652351738333,3476.84,-5.44995910019998,-7.23347648261665
EE94337,Estonia,EE,EE0,EE00,EE004,Lääne-Eesti,1.25,0.1379856850715,0.254652351738333,3476.84,-5.44995910019998,-7.23347648261665
EE94339,Estonia,EE,EE0,EE00,EE004,Lääne-Eesti,1.25,0.1379856850715,0.254652351738333,3476.84,-5.44995910019998,-7.23347648261665
EE94513,Estonia,EE,EE0,EE00,EE004,Lääne-Eesti,1.25,0.1379856850715,0.254652351738333,3476.84,-5.44995910019998,-7.23347648261665
EE94521,Estonia,EE,EE0,EE00,EE004,Lääne-Eesti,1.25,0.1379856850715,0.254652351738333,3476.84,-5.44995910019998,-7.23347648261665
EE94544,Estonia,EE,EE0,EE00,EE004,Lääne-Eesti,1.25,0.1379856850715,0.254652351738333,3476.84,-5.44995910019998,-7.23347648261665
EE94553,Estonia,EE,EE0,EE00,EE004,Lääne-Eesti,1.25,0.1379856850715,0.254652351738333,3476.84,-5.44995910019998,-7.23347648261665
EE94601,Estonia,EE,EE0,EE00,EE004,Lääne-Eesti,1.25,0.1379856850715,0.254652351738333,3476.84,-5.44995910019998,-7.23347648261665
EE94613,Estonia,EE,EE0,EE00,EE004,Lääne-Eesti,1.25,0.1379856850715,0.254652351738333,3476.84,-5.44995910019998,-7.23347648261665
EE94621,Estonia,EE,EE0,EE00,EE004,Lääne-Eesti,1.25,0.1379856850715,0.254652351738333,3476.84,-5.44995910019998,-7.23347648261665
EE94624,Estonia,EE,EE0,EE00,EE004,Lääne-Eesti,1.25,0.1379856850715,0.254652351738333,3476.84,-5.44995910019998,-7.23347648261665
EE94626,Estonia,EE,EE0,EE00,EE004,Lääne-Eesti,1.25,0.1379856850715,0.254652351738333,3476.84,-5.44995910019998,-7.23347648261665
EE94630,Estonia,EE,EE0,EE00,EE004,Lääne-Eesti,1.25,0.1379856850715,0.254652351738333,3476.84,-5.44995910019998,-7.23347648261665
EE94631,Estonia,EE,EE0,EE00,EE004,Lääne-Eesti,1.25,0.1379856850715,0.254652351738333,3476.84,-5.44995910019998,-7.23347648261665
EE94636,Estonia,EE,EE0,EE00,EE004,Lääne-Eesti,1.25,0.1379856850715,0.254652351738333,3476.84,-5.44995910019998,-7.23347648261665
EE94638,Estonia,EE,EE0,EE00,EE004,Lääne-Eesti,1.25,0.1379856850715,0.254652351738333,3476.84,-5.44995910019998,-7.23347648261665
EE94639,Estonia,EE,EE0,EE00,EE004,Lääne-Eesti,1.25,0.1379856850715,0.254652351738333,3476.84,-5.44995910019998,-7.23347648261665
EE94640,Estonia,EE,EE0,EE00,EE004,Lääne-Eesti,1.25,0.1379856850715,0.254652351738333,3476.84,-5.44995910019998,-7.23347648261665
EE94701,Estonia,EE,EE0,EE00,EE004,Lääne-Eesti,1.25,0.1379856850715,0.254652351738333,3476.84,-5.44995910019998,-7.23347648261665
EE94702,Estonia,EE,EE0,EE00,EE004,Lääne-Eesti,1.25,0.1379856850715,0.254652351738333,3476.84,-5.44995910019998,-7.23347648261665
EE44001,Estonia,EE,EE0,EE00,EE006,Kesk-Eesti,0.01,0.134873737373667,0.236111111111665,3801.91,-6.0581060606,-8.04568181818332
EE44004,Estonia,EE,EE0,EE00,EE006,Kesk-Eesti,0.01,0.134873737373667,0.236111111111665,3801.91,-6.0581060606,-8.04568181818332
EE44006,Estonia,EE,EE0,EE00,EE006,Kesk-Eesti,0.01,0.134873737373667,0.236111111111665,3801.91,-6.0581060606,-8.04568181818332
EE44008,Estonia,EE,EE0,EE00,EE006,Kesk-Eesti,0.01,0.134873737373667,0.236111111111665,3801.91,-6.0581060606,-8.04568181818332
EE44009,Estonia,EE,EE0,EE00,EE006,Kesk-Eesti,0.01,0.134873737373667,0.236111111111665,3801.91,-6.0581060606,-8.04568181818332
EE44010,Estonia,EE,EE0,EE00,EE006,Kesk-Eesti,0.01,0.134873737373667,0.236111111111665,3801.91,-6.0581060606,-8.04568181818332
EE44011,Estonia,EE,EE0,EE00,EE006,Kesk-Eesti,0.01,0.134873737373667,0.236111111111665,3801.91,-6.0581060606,-8.04568181818332
EE44014,Estonia,EE,EE0,EE00,EE006,Kesk-Eesti,0.01,0.134873737373667,0.236111111111665,3801.91,-6.0581060606,-8.04568181818332
EE44016,Estonia,EE,EE0,EE00,EE006,Kesk-Eesti,0.01,0.134873737373667,0.236111111111665,3801.91,-6.0581060606,-8.04568181818332
EE44019,Estonia,EE,EE0,EE00,EE006,Kesk-Eesti,0.01,0.134873737373667,0.236111111111665,3801.91,-6.0581060606,-8.04568181818332
EE44020,Estonia,EE,EE0,EE00,EE006,Kesk-Eesti,0.01,0.134873737373667,0.236111111111665,3801.91,-6.0581060606,-8.04568181818332
EE44022,Estonia,EE,EE0,EE00,EE006,Kesk-Eesti,0.01,0.134873737373667,0.236111111111665,3801.91,-6.0581060606,-8.04568181818332
EE44023,Estonia,EE,EE0,EE00,EE006,Kesk-Eesti,0.01,0.134873737373667,0.236111111111665,3801.91,-6.0581060606,-8.04568181818332
EE44024,Estonia,EE,EE0,EE00,EE006,Kesk-Eesti,0.01,0.134873737373667,0.236111111111665,3801.91,-6.0581060606,-8.04568181818332
EE44029,Estonia,EE,EE0,EE00,EE006,Kesk-Eesti,0.01,0.134873737373667,0.236111111111665,3801.91,-6.0581060606,-8.04568181818332
EE44031,Estonia,EE,EE0,EE00,EE006,Kesk-Eesti,0.01,0.134873737373667,0.236111111111665,3801.91,-6.0581060606,-8.04568181818332
EE44034,Estonia,EE,EE0,EE00,EE006,Kesk-Eesti,0.01,0.134873737373667,0.236111111111665,3801.91,-6.0581060606,-8.04568181818332
EE44035,Estonia,EE,EE0,EE00,EE006,Kesk-Eesti,0.01,0.134873737373667,0.236111111111665,3801.91,-6.0581060606,-8.04568181818332
EE44105,Estonia,EE,EE0,EE00,EE006,Kesk-Eesti,0.01,0.134873737373667,0.236111111111665,3801.91,-6.0581060606,-8.04568181818332
EE44106,Estonia,EE,EE0,EE00,EE006,Kesk-Eesti,0.01,0.134873737373667,0.236111111111665,3801.91,-6.0581060606,-8.04568181818332
EE44107,Estonia,EE,EE0,EE00,EE006,Kesk-Eesti,0.01,0.134873737373667,0.236111111111665,3801.91,-6.0581060606,-8.04568181818332
EE44108,Estonia,EE,EE0,EE00,EE006,Kesk-Eesti,0.01,0.134873737373667,0.236111111111665,3801.91,-6.0581060606,-8.04568181818332
EE44109,Estonia,EE,EE0,EE00,EE006,Kesk-Eesti,0.01,0.134873737373667,0.236111111111665,3801.91,-6.0581060606,-8.04568181818332
EE44201,Estonia,EE,EE0,EE00,EE006,Kesk-Eesti,0.01,0.134873737373667,0.236111111111665,3801.91,-6.0581060606,-8.04568181818332
EE44202,Estonia,EE,EE0,EE00,EE006,Kesk-Eesti,0.01,0.134873737373667,0.236111111111665,3801.91,-6.0581060606,-8.04568181818332
EE44203,Estonia,EE,EE0,EE00,EE006,Kesk-Eesti,0.01,0.134873737373667,0.236111111111665,3801.91,-6.0581060606,-8.04568181818332
EE44204,Estonia,EE,EE0,EE00,EE006,Kesk-Eesti,0.01,0.134873737373667,0.236111111111665,3801.91,-6.0581060606,-8.04568181818332
EE44205,Estonia,EE,EE0,EE00,EE006,Kesk-Eesti,0.01,0.134873737373667,0.236111111111665,3801.91,-6.0581060606,-8.04568181818332
EE44206,Estonia,EE,EE0,EE00,EE006,Kesk-Eesti,0.01,0.134873737373667,0.236111111111665,3801.91,-6.0581060606,-8.04568181818332
EE44207,Estonia,EE,EE0,EE00,EE006,Kesk-Eesti,0.01,0.134873737373667,0.236111111111665,3801.91,-6.0581060606,-8.04568181818332
EE44208,Estonia,EE,EE0,EE00,EE006,Kesk-Eesti,0.01,0.134873737373667,0.236111111111665,3801.91,-6.0581060606,-8.04568181818332
EE44209,Estonia,EE,EE0,EE00,EE006,Kesk-Eesti,0.01,0.134873737373667,0.236111111111665,3801.91,-6.0581060606,-8.04568181818332
EE44212,Estonia,EE,EE0,EE00,EE006,Kesk-Eesti,0.01,0.134873737373667,0.236111111111665,3801.91,-6.0581060606,-8.04568181818332
EE44213,Estonia,EE,EE0,EE00,EE006,Kesk-Eesti,0.01,0.134873737373667,0.236111111111665,3801.91,-6.0581060606,-8.04568181818332
EE44220,Estonia,EE,EE0,EE00,EE006,Kesk-Eesti,0.01,0.134873737373667,0.236111111111665,3801.91,-6.0581060606,-8.04568181818332
EE44224,Estonia,EE,EE0,EE00,EE006,Kesk-Eesti,0.01,0.134873737373667,0.236111111111665,3801.91,-6.0581060606,-8.04568181818332
EE44225,Estonia,EE,EE0,EE00,EE006,Kesk-Eesti,0.01,0.134873737373667,0.236111111111665,3801.91,-6.0581060606,-8.04568181818332
EE44226,Estonia,EE,EE0,EE00,EE006,Kesk-Eesti,0.01,0.134873737373667,0.236111111111665,3801.91,-6.0581060606,-8.04568181818332
EE44230,Estonia,EE,EE0,EE00,EE006,Kesk-Eesti,0.01,0.134873737373667,0.236111111111665,3801.91,-6.0581060606,-8.04568181818332
EE44305,Estonia,EE,EE0,EE00,EE006,Kesk-Eesti,0.01,0.134873737373667,0.236111111111665,3801.91,-6.0581060606,-8.04568181818332
EE44306,Estonia,EE,EE0,EE00,EE006,Kesk-Eesti,0.01,0.134873737373667,0.236111111111665,3801.91,-6.0581060606,-8.04568181818332
EE44307,Estonia,EE,EE0,EE00,EE006,Kesk-Eesti,0.01,0.134873737373667,0.236111111111665,3801.91,-6.0581060606,-8.04568181818332
EE44308,Estonia,EE,EE0,EE00,EE006,Kesk-Eesti,0.01,0.134873737373667,0.236111111111665,3801.91,-6.0581060606,-8.04568181818332
EE44309,Estonia,EE,EE0,EE00,EE006,Kesk-Eesti,0.01,0.134873737373667,0.236111111111665,3801.91,-6.0581060606,-8.04568181818332
EE44310,Estonia,EE,EE0,EE00,EE006,Kesk-Eesti,0.01,0.134873737373667,0.236111111111665,3801.91,-6.0581060606,-8.04568181818332
EE44311,Estonia,EE,EE0,EE00,EE006,Kesk-Eesti,0.01,0.134873737373667,0.236111111111665,3801.91,-6.0581060606,-8.04568181818332
EE44312,Estonia,EE,EE0,EE00,EE006,Kesk-Eesti,0.01,0.134873737373667,0.236111111111665,3801.91,-6.0581060606,-8.04568181818332
EE44313,Estonia,EE,EE0,EE00,EE006,Kesk-Eesti,0.01,0.134873737373667,0.236111111111665,3801.91,-6.0581060606,-8.04568181818332
EE44314,Estonia,EE,EE0,EE00,EE006,Kesk-Eesti,0.01,0.134873737373667,0.236111111111665,3801.91,-6.0581060606,-8.04568181818332
EE44315,Estonia,EE,EE0,EE00,EE006,Kesk-Eesti,0.01,0.134873737373667,0.236111111111665,3801.91,-6.0581060606,-8.04568181818332
EE44316,Estonia,EE,EE0,EE00,EE006,Kesk-Eesti,0.01,0.134873737373667,0.236111111111665,3801.91,-6.0581060606,-8.04568181818332
EE44317,Estonia,EE,EE0,EE00,EE006,Kesk-Eesti,0.01,0.134873737373667,0.236111111111665,3801.91,-6.0581060606,-8.04568181818332
EE44401,Estonia,EE,EE0,EE00,EE006,Kesk-Eesti,0.01,0.134873737373667,0.236111111111665,3801.91,-6.0581060606,-8.04568181818332
EE44402,Estonia,EE,EE0,EE00,EE006,Kesk-Eesti,0.01,0.134873737373667,0.236111111111665,3801.91,-6.0581060606,-8.04568181818332
EE44403,Estonia,EE,EE0,EE00,EE006,Kesk-Eesti,0.01,0.134873737373667,0.236111111111665,3801.91,-6.0581060606,-8.04568181818332
EE44406,Estonia,EE,EE0,EE00,EE006,Kesk-Eesti,0.01,0.134873737373667,0.236111111111665,3801.91,-6.0581060606,-8.04568181818332
EE44408,Estonia,EE,EE0,EE00,EE006,Kesk-Eesti,0.01,0.134873737373667,0.236111111111665,3801.91,-6.0581060606,-8.04568181818332
EE44409,Estonia,EE,EE0,EE00,EE006,Kesk-Eesti,0.01,0.134873737373667,0.236111111111665,3801.91,-6.0581060606,-8.04568181818332
EE44410,Estonia,EE,EE0,EE00,EE006,Kesk-Eesti,0.01,0.134873737373667,0.236111111111665,3801.91,-6.0581060606,-8.04568181818332
EE44412,Estonia,EE,EE0,EE00,EE006,Kesk-Eesti,0.01,0.134873737373667,0.236111111111665,3801.91,-6.0581060606,-8.04568181818332
EE44415,Estonia,EE,EE0,EE00,EE006,Kesk-Eesti,0.01,0.134873737373667,0.236111111111665,3801.91,-6.0581060606,-8.04568181818332
EE44417,Estonia,EE,EE0,EE00,EE006,Kesk-Eesti,0.01,0.134873737373667,0.236111111111665,3801.91,-6.0581060606,-8.04568181818332
EE44418,Estonia,EE,EE0,EE00,EE006,Kesk-Eesti,0.01,0.134873737373667,0.236111111111665,3801.91,-6.0581060606,-8.04568181818332
EE44419,Estonia,EE,EE0,EE00,EE006,Kesk-Eesti,0.01,0.134873737373667,0.236111111111665,3801.91,-6.0581060606,-8.04568181818332
EE44420,Estonia,EE,EE0,EE00,EE006,Kesk-Eesti,0.01,0.134873737373667,0.236111111111665,3801.91,-6.0581060606,-8.04568181818332
EE45001,Estonia,EE,EE0,EE00,EE006,Kesk-Eesti,0.01,0.134873737373667,0.236111111111665,3801.91,-6.0581060606,-8.04568181818332
EE45003,Estonia,EE,EE0,EE00,EE006,Kesk-Eesti,0.01,0.134873737373667,0.236111111111665,3801.91,-6.0581060606,-8.04568181818332
EE45005,Estonia,EE,EE0,EE00,EE006,Kesk-Eesti,0.01,0.134873737373667,0.236111111111665,3801.91,-6.0581060606,-8.04568181818332
EE45011,Estonia,EE,EE0,EE00,EE006,Kesk-Eesti,0.01,0.134873737373667,0.236111111111665,3801.91,-6.0581060606,-8.04568181818332
EE45106,Estonia,EE,EE0,EE00,EE006,Kesk-Eesti,0.01,0.134873737373667,0.236111111111665,3801.91,-6.0581060606,-8.04568181818332
EE45107,Estonia,EE,EE0,EE00,EE006,Kesk-Eesti,0.01,0.134873737373667,0.236111111111665,3801.91,-6.0581060606,-8.04568181818332
EE45108,Estonia,EE,EE0,EE00,EE006,Kesk-Eesti,0.01,0.134873737373667,0.236111111111665,3801.91,-6.0581060606,-8.04568181818332
EE45109,Estonia,EE,EE0,EE00,EE006,Kesk-Eesti,0.01,0.134873737373667,0.236111111111665,3801.91,-6.0581060606,-8.04568181818332
EE45201,Estonia,EE,EE0,EE00,EE006,Kesk-Eesti,0.01,0.134873737373667,0.236111111111665,3801.91,-6.0581060606,-8.04568181818332
EE45202,Estonia,EE,EE0,EE00,EE006,Kesk-Eesti,0.01,0.134873737373667,0.236111111111665,3801.91,-6.0581060606,-8.04568181818332
EE45203,Estonia,EE,EE0,EE00,EE006,Kesk-Eesti,0.01,0.134873737373667,0.236111111111665,3801.91,-6.0581060606,-8.04568181818332
EE45204,Estonia,EE,EE0,EE00,EE006,Kesk-Eesti,0.01,0.134873737373667,0.236111111111665,3801.91,-6.0581060606,-8.04568181818332
EE45206,Estonia,EE,EE0,EE00,EE006,Kesk-Eesti,0.01,0.134873737373667,0.236111111111665,3801.91,-6.0581060606,-8.04568181818332
EE45208,Estonia,EE,EE0,EE00,EE006,Kesk-Eesti,0.01,0.134873737373667,0.236111111111665,3801.91,-6.0581060606,-8.04568181818332
EE45210,Estonia,EE,EE0,EE00,EE006,Kesk-Eesti,0.01,0.134873737373667,0.236111111111665,3801.91,-6.0581060606,-8.04568181818332
EE45212,Estonia,EE,EE0,EE00,EE006,Kesk-Eesti,0.01,0.134873737373667,0.236111111111665,3801.91,-6.0581060606,-8.04568181818332
EE45213,Estonia,EE,EE0,EE00,EE006,Kesk-Eesti,0.01,0.134873737373667,0.236111111111665,3801.91,-6.0581060606,-8.04568181818332
EE45216,Estonia,EE,EE0,EE00,EE006,Kesk-Eesti,0.01,0.134873737373667,0.236111111111665,3801.91,-6.0581060606,-8.04568181818332
EE45217,Estonia,EE,EE0,EE00,EE006,Kesk-Eesti,0.01,0.134873737373667,0.236111111111665,3801.91,-6.0581060606,-8.04568181818332
EE45218,Estonia,EE,EE0,EE00,EE006,Kesk-Eesti,0.01,0.134873737373667,0.236111111111665,3801.91,-6.0581060606,-8.04568181818332
EE45220,Estonia,EE,EE0,EE00,EE006,Kesk-Eesti,0.01,0.134873737373667,0.236111111111665,3801.91,-6.0581060606,-8.04568181818332
EE45221,Estonia,EE,EE0,EE00,EE006,Kesk-Eesti,0.01,0.134873737373667,0.236111111111665,3801.91,-6.0581060606,-8.04568181818332
EE45223,Estonia,EE,EE0,EE00,EE006,Kesk-Eesti,0.01,0.134873737373667,0.236111111111665,3801.91,-6.0581060606,-8.04568181818332
EE45225,Estonia,EE,EE0,EE00,EE006,Kesk-Eesti,0.01,0.134873737373667,0.236111111111665,3801.91,-6.0581060606,-8.04568181818332
EE45228,Estonia,EE,EE0,EE00,EE006,Kesk-Eesti,0.01,0.134873737373667,0.236111111111665,3801.91,-6.0581060606,-8.04568181818332
EE45229,Estonia,EE,EE0,EE00,EE006,Kesk-Eesti,0.01,0.134873737373667,0.236111111111665,3801.91,-6.0581060606,-8.04568181818332
EE45230,Estonia,EE,EE0,EE00,EE006,Kesk-Eesti,0.01,0.134873737373667,0.236111111111665,3801.91,-6.0581060606,-8.04568181818332
EE45234,Estonia,EE,EE0,EE00,EE006,Kesk-Eesti,0.01,0.134873737373667,0.236111111111665,3801.91,-6.0581060606,-8.04568181818332
EE45235,Estonia,EE,EE0,EE00,EE006,Kesk-Eesti,0.01,0.134873737373667,0.236111111111665,3801.91,-6.0581060606,-8.04568181818332
EE45236,Estonia,EE,EE0,EE00,EE006,Kesk-Eesti,0.01,0.134873737373667,0.236111111111665,3801.91,-6.0581060606,-8.04568181818332
EE45238,Estonia,EE,EE0,EE00,EE006,Kesk-Eesti,0.01,0.134873737373667,0.236111111111665,3801.91,-6.0581060606,-8.04568181818332
EE45301,Estonia,EE,EE0,EE00,EE006,Kesk-Eesti,0.01,0.134873737373667,0.236111111111665,3801.91,-6.0581060606,-8.04568181818332
EE45302,Estonia,EE,EE0,EE00,EE006,Kesk-Eesti,0.01,0.134873737373667,0.236111111111665,3801.91,-6.0581060606,-8.04568181818332
EE45303,Estonia,EE,EE0,EE00,EE006,Kesk-Eesti,0.01,0.134873737373667,0.236111111111665,3801.91,-6.0581060606,-8.04568181818332
EE45304,Estonia,EE,EE0,EE00,EE006,Kesk-Eesti,0.01,0.134873737373667,0.236111111111665,3801.91,-6.0581060606,-8.04568181818332
EE45310,Estonia,EE,EE0,EE00,EE006,Kesk-Eesti,0.01,0.134873737373667,0.236111111111665,3801.91,-6.0581060606,-8.04568181818332
EE45311,Estonia,EE,EE0,EE00,EE006,Kesk-Eesti,0.01,0.134873737373667,0.236111111111665,3801.91,-6.0581060606,-8.04568181818332
EE45313,Estonia,EE,EE0,EE00,EE006,Kesk-Eesti,0.01,0.134873737373667,0.236111111111665,3801.91,-6.0581060606,-8.04568181818332
EE45314,Estonia,EE,EE0,EE00,EE006,Kesk-Eesti,0.01,0.134873737373667,0.236111111111665,3801.91,-6.0581060606,-8.04568181818332
EE45316,Estonia,EE,EE0,EE00,EE006,Kesk-Eesti,0.01,0.134873737373667,0.236111111111665,3801.91,-6.0581060606,-8.04568181818332
EE45317,Estonia,EE,EE0,EE00,EE006,Kesk-Eesti,0.01,0.134873737373667,0.236111111111665,3801.91,-6.0581060606,-8.04568181818332
EE45319,Estonia,EE,EE0,EE00,EE006,Kesk-Eesti,0.01,0.134873737373667,0.236111111111665,3801.91,-6.0581060606,-8.04568181818332
EE45404,Estonia,EE,EE0,EE00,EE006,Kesk-Eesti,0.01,0.134873737373667,0.236111111111665,3801.91,-6.0581060606,-8.04568181818332
EE45412,Estonia,EE,EE0,EE00,EE006,Kesk-Eesti,0.01,0.134873737373667,0.236111111111665,3801.91,-6.0581060606,-8.04568181818332
EE45419,Estonia,EE,EE0,EE00,EE006,Kesk-Eesti,0.01,0.134873737373667,0.236111111111665,3801.91,-6.0581060606,-8.04568181818332
EE45421,Estonia,EE,EE0,EE00,EE006,Kesk-Eesti,0.01,0.134873737373667,0.236111111111665,3801.91,-6.0581060606,-8.04568181818332
EE45501,Estonia,EE,EE0,EE00,EE006,Kesk-Eesti,0.01,0.134873737373667,0.236111111111665,3801.91,-6.0581060606,-8.04568181818332
EE45601,Estonia,EE,EE0,EE00,EE006,Kesk-Eesti,0.01,0.134873737373667,0.236111111111665,3801.91,-6.0581060606,-8.04568181818332
EE46001,Estonia,EE,EE0,EE00,EE006,Kesk-Eesti,0.01,0.134873737373667,0.236111111111665,3801.91,-6.0581060606,-8.04568181818332
EE46004,Estonia,EE,EE0,EE00,EE006,Kesk-Eesti,0.01,0.134873737373667,0.236111111111665,3801.91,-6.0581060606,-8.04568181818332
EE46006,Estonia,EE,EE0,EE00,EE006,Kesk-Eesti,0.01,0.134873737373667,0.236111111111665,3801.91,-6.0581060606,-8.04568181818332
EE46010,Estonia,EE,EE0,EE00,EE006,Kesk-Eesti,0.01,0.134873737373667,0.236111111111665,3801.91,-6.0581060606,-8.04568181818332
EE46013,Estonia,EE,EE0,EE00,EE006,Kesk-Eesti,0.01,0.134873737373667,0.236111111111665,3801.91,-6.0581060606,-8.04568181818332
EE46015,Estonia,EE,EE0,EE00,EE006,Kesk-Eesti,0.01,0.134873737373667,0.236111111111665,3801.91,-6.0581060606,-8.04568181818332
EE46018,Estonia,EE,EE0,EE00,EE006,Kesk-Eesti,0.01,0.134873737373667,0.236111111111665,3801.91,-6.0581060606,-8.04568181818332
EE46028,Estonia,EE,EE0,EE00,EE006,Kesk-Eesti,0.01,0.134873737373667,0.236111111111665,3801.91,-6.0581060606,-8.04568181818332
EE46105,Estonia,EE,EE0,EE00,EE006,Kesk-Eesti,0.01,0.134873737373667,0.236111111111665,3801.91,-6.0581060606,-8.04568181818332
EE46106,Estonia,EE,EE0,EE00,EE006,Kesk-Eesti,0.01,0.134873737373667,0.236111111111665,3801.91,-6.0581060606,-8.04568181818332
EE46107,Estonia,EE,EE0,EE00,EE006,Kesk-Eesti,0.01,0.134873737373667,0.236111111111665,3801.91,-6.0581060606,-8.04568181818332
EE46108,Estonia,EE,EE0,EE00,EE006,Kesk-Eesti,0.01,0.134873737373667,0.236111111111665,3801.91,-6.0581060606,-8.04568181818332
EE46201,Estonia,EE,EE0,EE00,EE006,Kesk-Eesti,0.01,0.134873737373667,0.236111111111665,3801.91,-6.0581060606,-8.04568181818332
EE46202,Estonia,EE,EE0,EE00,EE006,Kesk-Eesti,0.01,0.134873737373667,0.236111111111665,3801.91,-6.0581060606,-8.04568181818332
EE46206,Estonia,EE,EE0,EE00,EE006,Kesk-Eesti,0.01,0.134873737373667,0.236111111111665,3801.91,-6.0581060606,-8.04568181818332
EE46207,Estonia,EE,EE0,EE00,EE006,Kesk-Eesti,0.01,0.134873737373667,0.236111111111665,3801.91,-6.0581060606,-8.04568181818332
EE46209,Estonia,EE,EE0,EE00,EE006,Kesk-Eesti,0.01,0.134873737373667,0.236111111111665,3801.91,-6.0581060606,-8.04568181818332
EE46213,Estonia,EE,EE0,EE00,EE006,Kesk-Eesti,0.01,0.134873737373667,0.236111111111665,3801.91,-6.0581060606,-8.04568181818332
EE46220,Estonia,EE,EE0,EE00,EE006,Kesk-Eesti,0.01,0.134873737373667,0.236111111111665,3801.91,-6.0581060606,-8.04568181818332
EE46227,Estonia,EE,EE0,EE00,EE006,Kesk-Eesti,0.01,0.134873737373667,0.236111111111665,3801.91,-6.0581060606,-8.04568181818332
EE46230,Estonia,EE,EE0,EE00,EE006,Kesk-Eesti,0.01,0.134873737373667,0.236111111111665,3801.91,-6.0581060606,-8.04568181818332
EE46232,Estonia,EE,EE0,EE00,EE006,Kesk-Eesti,0.01,0.134873737373667,0.236111111111665,3801.91,-6.0581060606,-8.04568181818332
EE46234,Estonia,EE,EE0,EE00,EE006,Kesk-Eesti,0.01,0.134873737373667,0.236111111111665,3801.91,-6.0581060606,-8.04568181818332
EE46235,Estonia,EE,EE0,EE00,EE006,Kesk-Eesti,0.01,0.134873737373667,0.236111111111665,3801.91,-6.0581060606,-8.04568181818332
EE46301,Estonia,EE,EE0,EE00,EE006,Kesk-Eesti,0.01,0.134873737373667,0.236111111111665,3801.91,-6.0581060606,-8.04568181818332
EE46303,Estonia,EE,EE0,EE00,EE006,Kesk-Eesti,0.01,0.134873737373667,0.236111111111665,3801.91,-6.0581060606,-8.04568181818332
EE46304,Estonia,EE,EE0,EE00,EE006,Kesk-Eesti,0.01,0.134873737373667,0.236111111111665,3801.91,-6.0581060606,-8.04568181818332
EE46309,Estonia,EE,EE0,EE00,EE006,Kesk-Eesti,0.01,0.134873737373667,0.236111111111665,3801.91,-6.0581060606,-8.04568181818332
EE46313,Estonia,EE,EE0,EE00,EE006,Kesk-Eesti,0.01,0.134873737373667,0.236111111111665,3801.91,-6.0581060606,-8.04568181818332
EE46314,Estonia,EE,EE0,EE00,EE006,Kesk-Eesti,0.01,0.134873737373667,0.236111111111665,3801.91,-6.0581060606,-8.04568181818332
EE46316,Estonia,EE,EE0,EE00,EE006,Kesk-Eesti,0.01,0.134873737373667,0.236111111111665,3801.91,-6.0581060606,-8.04568181818332
EE46321,Estonia,EE,EE0,EE00,EE006,Kesk-Eesti,0.01,0.134873737373667,0.236111111111665,3801.91,-6.0581060606,-8.04568181818332
EE46324,Estonia,EE,EE0,EE00,EE006,Kesk-Eesti,0.01,0.134873737373667,0.236111111111665,3801.91,-6.0581060606,-8.04568181818332
EE46328,Estonia,EE,EE0,EE00,EE006,Kesk-Eesti,0.01,0.134873737373667,0.236111111111665,3801.91,-6.0581060606,-8.04568181818332
EE46331,Estonia,EE,EE0,EE00,EE006,Kesk-Eesti,0.01,0.134873737373667,0.236111111111665,3801.91,-6.0581060606,-8.04568181818332
EE46401,Estonia,EE,EE0,EE00,EE006,Kesk-Eesti,0.01,0.134873737373667,0.236111111111665,3801.91,-6.0581060606,-8.04568181818332
EE46501,Estonia,EE,EE0,EE00,EE006,Kesk-Eesti,0.01,0.134873737373667,0.236111111111665,3801.91,-6.0581060606,-8.04568181818332
EE46502,Estonia,EE,EE0,EE00,EE006,Kesk-Eesti,0.01,0.134873737373667,0.236111111111665,3801.91,-6.0581060606,-8.04568181818332
EE46504,Estonia,EE,EE0,EE00,EE006,Kesk-Eesti,0.01,0.134873737373667,0.236111111111665,3801.91,-6.0581060606,-8.04568181818332
EE46505,Estonia,EE,EE0,EE00,EE006,Kesk-Eesti,0.01,0.134873737373667,0.236111111111665,3801.91,-6.0581060606,-8.04568181818332
EE46507,Estonia,EE,EE0,EE00,EE006,Kesk-Eesti,0.01,0.134873737373667,0.236111111111665,3801.91,-6.0581060606,-8.04568181818332
EE46511,Estonia,EE,EE0,EE00,EE006,Kesk-Eesti,0.01,0.134873737373667,0.236111111111665,3801.91,-6.0581060606,-8.04568181818332
EE46514,Estonia,EE,EE0,EE00,EE006,Kesk-Eesti,0.01,0.134873737373667,0.236111111111665,3801.91,-6.0581060606,-8.04568181818332
EE46515,Estonia,EE,EE0,EE00,EE006,Kesk-Eesti,0.01,0.134873737373667,0.236111111111665,3801.91,-6.0581060606,-8.04568181818332
EE46601,Estonia,EE,EE0,EE00,EE006,Kesk-Eesti,0.01,0.134873737373667,0.236111111111665,3801.91,-6.0581060606,-8.04568181818332
EE46602,Estonia,EE,EE0,EE00,EE006,Kesk-Eesti,0.01,0.134873737373667,0.236111111111665,3801.91,-6.0581060606,-8.04568181818332
EE46603,Estonia,EE,EE0,EE00,EE006,Kesk-Eesti,0.01,0.134873737373667,0.236111111111665,3801.91,-6.0581060606,-8.04568181818332
EE46604,Estonia,EE,EE0,EE00,EE006,Kesk-Eesti,0.01,0.134873737373667,0.236111111111665,3801.91,-6.0581060606,-8.04568181818332
EE46606,Estonia,EE,EE0,EE00,EE006,Kesk-Eesti,0.01,0.134873737373667,0.236111111111665,3801.91,-6.0581060606,-8.04568181818332
EE46607,Estonia,EE,EE0,EE00,EE006,Kesk-Eesti,0.01,0.134873737373667,0.236111111111665,3801.91,-6.0581060606,-8.04568181818332
EE46608,Estonia,EE,EE0,EE00,EE006,Kesk-Eesti,0.01,0.134873737373667,0.236111111111665,3801.91,-6.0581060606,-8.04568181818332
EE46609,Estonia,EE,EE0,EE00,EE006,Kesk-Eesti,0.01,0.134873737373667,0.236111111111665,3801.91,-6.0581060606,-8.04568181818332
EE46610,Estonia,EE,EE0,EE00,EE006,Kesk-Eesti,0.01,0.134873737373667,0.236111111111665,3801.91,-6.0581060606,-8.04568181818332
EE46615,Estonia,EE,EE0,EE00,EE006,Kesk-Eesti,0.01,0.134873737373667,0.236111111111665,3801.91,-6.0581060606,-8.04568181818332
EE46616,Estonia,EE,EE0,EE00,EE006,Kesk-Eesti,0.01,0.134873737373667,0.236111111111665,3801.91,-6.0581060606,-8.04568181818332
EE46621,Estonia,EE,EE0,EE00,EE006,Kesk-Eesti,0.01,0.134873737373667,0.236111111111665,3801.91,-6.0581060606,-8.04568181818332
EE46622,Estonia,EE,EE0,EE00,EE006,Kesk-Eesti,0.01,0.134873737373667,0.236111111111665,3801.91,-6.0581060606,-8.04568181818332
EE46623,Estonia,EE,EE0,EE00,EE006,Kesk-Eesti,0.01,0.134873737373667,0.236111111111665,3801.91,-6.0581060606,-8.04568181818332
EE46624,Estonia,EE,EE0,EE00,EE006,Kesk-Eesti,0.01,0.134873737373667,0.236111111111665,3801.91,-6.0581060606,-8.04568181818332
EE46625,Estonia,EE,EE0,EE00,EE006,Kesk-Eesti,0.01,0.134873737373667,0.236111111111665,3801.91,-6.0581060606,-8.04568181818332
EE46626,Estonia,EE,EE0,EE00,EE006,Kesk-Eesti,0.01,0.134873737373667,0.236111111111665,3801.91,-6.0581060606,-8.04568181818332
EE46627,Estonia,EE,EE0,EE00,EE006,Kesk-Eesti,0.01,0.134873737373667,0.236111111111665,3801.91,-6.0581060606,-8.04568181818332
EE46630,Estonia,EE,EE0,EE00,EE006,Kesk-Eesti,0.01,0.134873737373667,0.236111111111665,3801.91,-6.0581060606,-8.04568181818332
EE46633,Estonia,EE,EE0,EE00,EE006,Kesk-Eesti,0.01,0.134873737373667,0.236111111111665,3801.91,-6.0581060606,-8.04568181818332
EE46635,Estonia,EE,EE0,EE00,EE006,Kesk-Eesti,0.01,0.134873737373667,0.236111111111665,3801.91,-6.0581060606,-8.04568181818332
EE46642,Estonia,EE,EE0,EE00,EE006,Kesk-Eesti,0.01,0.134873737373667,0.236111111111665,3801.91,-6.0581060606,-8.04568181818332
EE46703,Estonia,EE,EE0,EE00,EE006,Kesk-Eesti,0.01,0.134873737373667,0.236111111111665,3801.91,-6.0581060606,-8.04568181818332
EE46704,Estonia,EE,EE0,EE00,EE006,Kesk-Eesti,0.01,0.134873737373667,0.236111111111665,3801.91,-6.0581060606,-8.04568181818332
EE46707,Estonia,EE,EE0,EE00,EE006,Kesk-Eesti,0.01,0.134873737373667,0.236111111111665,3801.91,-6.0581060606,-8.04568181818332
EE46709,Estonia,EE,EE0,EE00,EE006,Kesk-Eesti,0.01,0.134873737373667,0.236111111111665,3801.91,-6.0581060606,-8.04568181818332
EE46713,Estonia,EE,EE0,EE00,EE006,Kesk-Eesti,0.01,0.134873737373667,0.236111111111665,3801.91,-6.0581060606,-8.04568181818332
EE46714,Estonia,EE,EE0,EE00,EE006,Kesk-Eesti,0.01,0.134873737373667,0.236111111111665,3801.91,-6.0581060606,-8.04568181818332
EE72001,Estonia,EE,EE0,EE00,EE006,Kesk-Eesti,0.01,0.134873737373667,0.236111111111665,3801.91,-6.0581060606,-8.04568181818332
EE72003,Estonia,EE,EE0,EE00,EE006,Kesk-Eesti,0.01,0.134873737373667,0.236111111111665,3801.91,-6.0581060606,-8.04568181818332
EE72004,Estonia,EE,EE0,EE00,EE006,Kesk-Eesti,0.01,0.134873737373667,0.236111111111665,3801.91,-6.0581060606,-8.04568181818332
EE72009,Estonia,EE,EE0,EE00,EE006,Kesk-Eesti,0.01,0.134873737373667,0.236111111111665,3801.91,-6.0581060606,-8.04568181818332
EE72010,Estonia,EE,EE0,EE00,EE006,Kesk-Eesti,0.01,0.134873737373667,0.236111111111665,3801.91,-6.0581060606,-8.04568181818332
EE72011,Estonia,EE,EE0,EE00,EE006,Kesk-Eesti,0.01,0.134873737373667,0.236111111111665,3801.91,-6.0581060606,-8.04568181818332
EE72101,Estonia,EE,EE0,EE00,EE006,Kesk-Eesti,0.01,0.134873737373667,0.236111111111665,3801.91,-6.0581060606,-8.04568181818332
EE72102,Estonia,EE,EE0,EE00,EE006,Kesk-Eesti,0.01,0.134873737373667,0.236111111111665,3801.91,-6.0581060606,-8.04568181818332
EE72103,Estonia,EE,EE0,EE00,EE006,Kesk-Eesti,0.01,0.134873737373667,0.236111111111665,3801.91,-6.0581060606,-8.04568181818332
EE72210,Estonia,EE,EE0,EE00,EE006,Kesk-Eesti,0.01,0.134873737373667,0.236111111111665,3801.91,-6.0581060606,-8.04568181818332
EE72211,Estonia,EE,EE0,EE00,EE006,Kesk-Eesti,0.01,0.134873737373667,0.236111111111665,3801.91,-6.0581060606,-8.04568181818332
EE72212,Estonia,EE,EE0,EE00,EE006,Kesk-Eesti,0.01,0.134873737373667,0.236111111111665,3801.91,-6.0581060606,-8.04568181818332
EE72213,Estonia,EE,EE0,EE00,EE006,Kesk-Eesti,0.01,0.134873737373667,0.236111111111665,3801.91,-6.0581060606,-8.04568181818332
EE72214,Estonia,EE,EE0,EE00,EE006,Kesk-Eesti,0.01,0.134873737373667,0.236111111111665,3801.91,-6.0581060606,-8.04568181818332
EE72215,Estonia,EE,EE0,EE00,EE006,Kesk-Eesti,0.01,0.134873737373667,0.236111111111665,3801.91,-6.0581060606,-8.04568181818332
EE72230,Estonia,EE,EE0,EE00,EE006,Kesk-Eesti,0.01,0.134873737373667,0.236111111111665,3801.91,-6.0581060606,-8.04568181818332
EE72231,Estonia,EE,EE0,EE00,EE006,Kesk-Eesti,0.01,0.134873737373667,0.236111111111665,3801.91,-6.0581060606,-8.04568181818332
EE72232,Estonia,EE,EE0,EE00,EE006,Kesk-Eesti,0.01,0.134873737373667,0.236111111111665,3801.91,-6.0581060606,-8.04568181818332
EE72240,Estonia,EE,EE0,EE00,EE006,Kesk-Eesti,0.01,0.134873737373667,0.236111111111665,3801.91,-6.0581060606,-8.04568181818332
EE72243,Estonia,EE,EE0,EE00,EE006,Kesk-Eesti,0.01,0.134873737373667,0.236111111111665,3801.91,-6.0581060606,-8.04568181818332
EE72245,Estonia,EE,EE0,EE00,EE006,Kesk-Eesti,0.01,0.134873737373667,0.236111111111665,3801.91,-6.0581060606,-8.04568181818332
EE72301,Estonia,EE,EE0,EE00,EE006,Kesk-Eesti,0.01,0.134873737373667,0.236111111111665,3801.91,-6.0581060606,-8.04568181818332
EE72304,Estonia,EE,EE0,EE00,EE006,Kesk-Eesti,0.01,0.134873737373667,0.236111111111665,3801.91,-6.0581060606,-8.04568181818332
EE72305,Estonia,EE,EE0,EE00,EE006,Kesk-Eesti,0.01,0.134873737373667,0.236111111111665,3801.91,-6.0581060606,-8.04568181818332
EE72306,Estonia,EE,EE0,EE00,EE006,Kesk-Eesti,0.01,0.134873737373667,0.236111111111665,3801.91,-6.0581060606,-8.04568181818332
EE72309,Estonia,EE,EE0,EE00,EE006,Kesk-Eesti,0.01,0.134873737373667,0.236111111111665,3801.91,-6.0581060606,-8.04568181818332
EE72311,Estonia,EE,EE0,EE00,EE006,Kesk-Eesti,0.01,0.134873737373667,0.236111111111665,3801.91,-6.0581060606,-8.04568181818332
EE72401,Estonia,EE,EE0,EE00,EE006,Kesk-Eesti,0.01,0.134873737373667,0.236111111111665,3801.91,-6.0581060606,-8.04568181818332
EE72402,Estonia,EE,EE0,EE00,EE006,Kesk-Eesti,0.01,0.134873737373667,0.236111111111665,3801.91,-6.0581060606,-8.04568181818332
EE72403,Estonia,EE,EE0,EE00,EE006,Kesk-Eesti,0.01,0.134873737373667,0.236111111111665,3801.91,-6.0581060606,-8.04568181818332
EE72404,Estonia,EE,EE0,EE00,EE006,Kesk-Eesti,0.01,0.134873737373667,0.236111111111665,3801.91,-6.0581060606,-8.04568181818332
EE72405,Estonia,EE,EE0,EE00,EE006,Kesk-Eesti,0.01,0.134873737373667,0.236111111111665,3801.91,-6.0581060606,-8.04568181818332
EE72406,Estonia,EE,EE0,EE00,EE006,Kesk-Eesti,0.01,0.134873737373667,0.236111111111665,3801.91,-6.0581060606,-8.04568181818332
EE72408,Estonia,EE,EE0,EE00,EE006,Kesk-Eesti,0.01,0.134873737373667,0.236111111111665,3801.91,-6.0581060606,-8.04568181818332
EE72501,Estonia,EE,EE0,EE00,EE006,Kesk-Eesti,0.01,0.134873737373667,0.236111111111665,3801.91,-6.0581060606,-8.04568181818332
EE72504,Estonia,EE,EE0,EE00,EE006,Kesk-Eesti,0.01,0.134873737373667,0.236111111111665,3801.91,-6.0581060606,-8.04568181818332
EE72506,Estonia,EE,EE0,EE00,EE006,Kesk-Eesti,0.01,0.134873737373667,0.236111111111665,3801.91,-6.0581060606,-8.04568181818332
EE72601,Estonia,EE,EE0,EE00,EE006,Kesk-Eesti,0.01,0.134873737373667,0.236111111111665,3801.91,-6.0581060606,-8.04568181818332
EE72602,Estonia,EE,EE0,EE00,EE006,Kesk-Eesti,0.01,0.134873737373667,0.236111111111665,3801.91,-6.0581060606,-8.04568181818332
EE72603,Estonia,EE,EE0,EE00,EE006,Kesk-Eesti,0.01,0.134873737373667,0.236111111111665,3801.91,-6.0581060606,-8.04568181818332
EE72604,Estonia,EE,EE0,EE00,EE006,Kesk-Eesti,0.01,0.134873737373667,0.236111111111665,3801.91,-6.0581060606,-8.04568181818332
EE72605,Estonia,EE,EE0,EE00,EE006,Kesk-Eesti,0.01,0.134873737373667,0.236111111111665,3801.91,-6.0581060606,-8.04568181818332
EE72606,Estonia,EE,EE0,EE00,EE006,Kesk-Eesti,0.01,0.134873737373667,0.236111111111665,3801.91,-6.0581060606,-8.04568181818332
EE72607,Estonia,EE,EE0,EE00,EE006,Kesk-Eesti,0.01,0.134873737373667,0.236111111111665,3801.91,-6.0581060606,-8.04568181818332
EE72608,Estonia,EE,EE0,EE00,EE006,Kesk-Eesti,0.01,0.134873737373667,0.236111111111665,3801.91,-6.0581060606,-8.04568181818332
EE72609,Estonia,EE,EE0,EE00,EE006,Kesk-Eesti,0.01,0.134873737373667,0.236111111111665,3801.91,-6.0581060606,-8.04568181818332
EE72612,Estonia,EE,EE0,EE00,EE006,Kesk-Eesti,0.01,0.134873737373667,0.236111111111665,3801.91,-6.0581060606,-8.04568181818332
EE72613,Estonia,EE,EE0,EE00,EE006,Kesk-Eesti,0.01,0.134873737373667,0.236111111111665,3801.91,-6.0581060606,-8.04568181818332
EE72614,Estonia,EE,EE0,EE00,EE006,Kesk-Eesti,0.01,0.134873737373667,0.236111111111665,3801.91,-6.0581060606,-8.04568181818332
EE72615,Estonia,EE,EE0,EE00,EE006,Kesk-Eesti,0.01,0.134873737373667,0.236111111111665,3801.91,-6.0581060606,-8.04568181818332
EE72711,Estonia,EE,EE0,EE00,EE006,Kesk-Eesti,0.01,0.134873737373667,0.236111111111665,3801.91,-6.0581060606,-8.04568181818332
EE72712,Estonia,EE,EE0,EE00,EE006,Kesk-Eesti,0.01,0.134873737373667,0.236111111111665,3801.91,-6.0581060606,-8.04568181818332
EE72713,Estonia,EE,EE0,EE00,EE006,Kesk-Eesti,0.01,0.134873737373667,0.236111111111665,3801.91,-6.0581060606,-8.04568181818332
EE72714,Estonia,EE,EE0,EE00,EE006,Kesk-Eesti,0.01,0.134873737373667,0.236111111111665,3801.91,-6.0581060606,-8.04568181818332
EE72715,Estonia,EE,EE0,EE00,EE006,Kesk-Eesti,0.01,0.134873737373667,0.236111111111665,3801.91,-6.0581060606,-8.04568181818332
EE72716,Estonia,EE,EE0,EE00,EE006,Kesk-Eesti,0.01,0.134873737373667,0.236111111111665,3801.91,-6.0581060606,-8.04568181818332
EE72717,Estonia,EE,EE0,EE00,EE006,Kesk-Eesti,0.01,0.134873737373667,0.236111111111665,3801.91,-6.0581060606,-8.04568181818332
EE72718,Estonia,EE,EE0,EE00,EE006,Kesk-Eesti,0.01,0.134873737373667,0.236111111111665,3801.91,-6.0581060606,-8.04568181818332
EE72719,Estonia,EE,EE0,EE00,EE006,Kesk-Eesti,0.01,0.134873737373667,0.236111111111665,3801.91,-6.0581060606,-8.04568181818332
EE72720,Estonia,EE,EE0,EE00,EE006,Kesk-Eesti,0.01,0.134873737373667,0.236111111111665,3801.91,-6.0581060606,-8.04568181818332
EE72751,Estonia,EE,EE0,EE00,EE006,Kesk-Eesti,0.01,0.134873737373667,0.236111111111665,3801.91,-6.0581060606,-8.04568181818332
EE72752,Estonia,EE,EE0,EE00,EE006,Kesk-Eesti,0.01,0.134873737373667,0.236111111111665,3801.91,-6.0581060606,-8.04568181818332
EE72753,Estonia,EE,EE0,EE00,EE006,Kesk-Eesti,0.01,0.134873737373667,0.236111111111665,3801.91,-6.0581060606,-8.04568181818332
EE72754,Estonia,EE,EE0,EE00,EE006,Kesk-Eesti,0.01,0.134873737373667,0.236111111111665,3801.91,-6.0581060606,-8.04568181818332
EE72758,Estonia,EE,EE0,EE00,EE006,Kesk-Eesti,0.01,0.134873737373667,0.236111111111665,3801.91,-6.0581060606,-8.04568181818332
EE72759,Estonia,EE,EE0,EE00,EE006,Kesk-Eesti,0.01,0.134873737373667,0.236111111111665,3801.91,-6.0581060606,-8.04568181818332
EE72763,Estonia,EE,EE0,EE00,EE006,Kesk-Eesti,0.01,0.134873737373667,0.236111111111665,3801.91,-6.0581060606,-8.04568181818332
EE72801,Estonia,EE,EE0,EE00,EE006,Kesk-Eesti,0.01,0.134873737373667,0.236111111111665,3801.91,-6.0581060606,-8.04568181818332
EE72802,Estonia,EE,EE0,EE00,EE006,Kesk-Eesti,0.01,0.134873737373667,0.236111111111665,3801.91,-6.0581060606,-8.04568181818332
EE72803,Estonia,EE,EE0,EE00,EE006,Kesk-Eesti,0.01,0.134873737373667,0.236111111111665,3801.91,-6.0581060606,-8.04568181818332
EE72806,Estonia,EE,EE0,EE00,EE006,Kesk-Eesti,0.01,0.134873737373667,0.236111111111665,3801.91,-6.0581060606,-8.04568181818332
EE72811,Estonia,EE,EE0,EE00,EE006,Kesk-Eesti,0.01,0.134873737373667,0.236111111111665,3801.91,-6.0581060606,-8.04568181818332
EE73001,Estonia,EE,EE0,EE00,EE006,Kesk-Eesti,0.01,0.134873737373667,0.236111111111665,3801.91,-6.0581060606,-8.04568181818332
EE73002,Estonia,EE,EE0,EE00,EE006,Kesk-Eesti,0.01,0.134873737373667,0.236111111111665,3801.91,-6.0581060606,-8.04568181818332
EE73003,Estonia,EE,EE0,EE00,EE006,Kesk-Eesti,0.01,0.134873737373667,0.236111111111665,3801.91,-6.0581060606,-8.04568181818332
EE73004,Estonia,EE,EE0,EE00,EE006,Kesk-Eesti,0.01,0.134873737373667,0.236111111111665,3801.91,-6.0581060606,-8.04568181818332
EE73007,Estonia,EE,EE0,EE00,EE006,Kesk-Eesti,0.01,0.134873737373667,0.236111111111665,3801.91,-6.0581060606,-8.04568181818332
EE73008,Estonia,EE,EE0,EE00,EE006,Kesk-Eesti,0.01,0.134873737373667,0.236111111111665,3801.91,-6.0581060606,-8.04568181818332
EE73009,Estonia,EE,EE0,EE00,EE006,Kesk-Eesti,0.01,0.134873737373667,0.236111111111665,3801.91,-6.0581060606,-8.04568181818332
EE73012,Estonia,EE,EE0,EE00,EE006,Kesk-Eesti,0.01,0.134873737373667,0.236111111111665,3801.91,-6.0581060606,-8.04568181818332
EE73013,Estonia,EE,EE0,EE00,EE006,Kesk-Eesti,0.01,0.134873737373667,0.236111111111665,3801.91,-6.0581060606,-8.04568181818332
EE73020,Estonia,EE,EE0,EE00,EE006,Kesk-Eesti,0.01,0.134873737373667,0.236111111111665,3801.91,-6.0581060606,-8.04568181818332
EE73021,Estonia,EE,EE0,EE00,EE006,Kesk-Eesti,0.01,0.134873737373667,0.236111111111665,3801.91,-6.0581060606,-8.04568181818332
EE73101,Estonia,EE,EE0,EE00,EE006,Kesk-Eesti,0.01,0.134873737373667,0.236111111111665,3801.91,-6.0581060606,-8.04568181818332
EE73102,Estonia,EE,EE0,EE00,EE006,Kesk-Eesti,0.01,0.134873737373667,0.236111111111665,3801.91,-6.0581060606,-8.04568181818332
EE73103,Estonia,EE,EE0,EE00,EE006,Kesk-Eesti,0.01,0.134873737373667,0.236111111111665,3801.91,-6.0581060606,-8.04568181818332
EE73104,Estonia,EE,EE0,EE00,EE006,Kesk-Eesti,0.01,0.134873737373667,0.236111111111665,3801.91,-6.0581060606,-8.04568181818332
EE73105,Estonia,EE,EE0,EE00,EE006,Kesk-Eesti,0.01,0.134873737373667,0.236111111111665,3801.91,-6.0581060606,-8.04568181818332
EE73110,Estonia,EE,EE0,EE00,EE006,Kesk-Eesti,0.01,0.134873737373667,0.236111111111665,3801.91,-6.0581060606,-8.04568181818332
EE73201,Estonia,EE,EE0,EE00,EE006,Kesk-Eesti,0.01,0.134873737373667,0.236111111111665,3801.91,-6.0581060606,-8.04568181818332
EE73202,Estonia,EE,EE0,EE00,EE006,Kesk-Eesti,0.01,0.134873737373667,0.236111111111665,3801.91,-6.0581060606,-8.04568181818332
EE73203,Estonia,EE,EE0,EE00,EE006,Kesk-Eesti,0.01,0.134873737373667,0.236111111111665,3801.91,-6.0581060606,-8.04568181818332
EE73204,Estonia,EE,EE0,EE00,EE006,Kesk-Eesti,0.01,0.134873737373667,0.236111111111665,3801.91,-6.0581060606,-8.04568181818332
EE73206,Estonia,EE,EE0,EE00,EE006,Kesk-Eesti,0.01,0.134873737373667,0.236111111111665,3801.91,-6.0581060606,-8.04568181818332
EE73208,Estonia,EE,EE0,EE00,EE006,Kesk-Eesti,0.01,0.134873737373667,0.236111111111665,3801.91,-6.0581060606,-8.04568181818332
EE73211,Estonia,EE,EE0,EE00,EE006,Kesk-Eesti,0.01,0.134873737373667,0.236111111111665,3801.91,-6.0581060606,-8.04568181818332
EE73301,Estonia,EE,EE0,EE00,EE006,Kesk-Eesti,0.01,0.134873737373667,0.236111111111665,3801.91,-6.0581060606,-8.04568181818332
EE73303,Estonia,EE,EE0,EE00,EE006,Kesk-Eesti,0.01,0.134873737373667,0.236111111111665,3801.91,-6.0581060606,-8.04568181818332
EE73306,Estonia,EE,EE0,EE00,EE006,Kesk-Eesti,0.01,0.134873737373667,0.236111111111665,3801.91,-6.0581060606,-8.04568181818332
EE73308,Estonia,EE,EE0,EE00,EE006,Kesk-Eesti,0.01,0.134873737373667,0.236111111111665,3801.91,-6.0581060606,-8.04568181818332
EE73310,Estonia,EE,EE0,EE00,EE006,Kesk-Eesti,0.01,0.134873737373667,0.236111111111665,3801.91,-6.0581060606,-8.04568181818332
EE73401,Estonia,EE,EE0,EE00,EE006,Kesk-Eesti,0.01,0.134873737373667,0.236111111111665,3801.91,-6.0581060606,-8.04568181818332
EE73402,Estonia,EE,EE0,EE00,EE006,Kesk-Eesti,0.01,0.134873737373667,0.236111111111665,3801.91,-6.0581060606,-8.04568181818332
EE73403,Estonia,EE,EE0,EE00,EE006,Kesk-Eesti,0.01,0.134873737373667,0.236111111111665,3801.91,-6.0581060606,-8.04568181818332
EE73405,Estonia,EE,EE0,EE00,EE006,Kesk-Eesti,0.01,0.134873737373667,0.236111111111665,3801.91,-6.0581060606,-8.04568181818332
EE73407,Estonia,EE,EE0,EE00,EE006,Kesk-Eesti,0.01,0.134873737373667,0.236111111111665,3801.91,-6.0581060606,-8.04568181818332
EE73501,Estonia,EE,EE0,EE00,EE006,Kesk-Eesti,0.01,0.134873737373667,0.236111111111665,3801.91,-6.0581060606,-8.04568181818332
EE73502,Estonia,EE,EE0,EE00,EE006,Kesk-Eesti,0.01,0.134873737373667,0.236111111111665,3801.91,-6.0581060606,-8.04568181818332
EE73503,Estonia,EE,EE0,EE00,EE006,Kesk-Eesti,0.01,0.134873737373667,0.236111111111665,3801.91,-6.0581060606,-8.04568181818332
EE73504,Estonia,EE,EE0,EE00,EE006,Kesk-Eesti,0.01,0.134873737373667,0.236111111111665,3801.91,-6.0581060606,-8.04568181818332
EE73505,Estonia,EE,EE0,EE00,EE006,Kesk-Eesti,0.01,0.134873737373667,0.236111111111665,3801.91,-6.0581060606,-8.04568181818332
EE73506,Estonia,EE,EE0,EE00,EE006,Kesk-Eesti,0.01,0.134873737373667,0.236111111111665,3801.91,-6.0581060606,-8.04568181818332
EE73510,Estonia,EE,EE0,EE00,EE006,Kesk-Eesti,0.01,0.134873737373667,0.236111111111665,3801.91,-6.0581060606,-8.04568181818332
EE73512,Estonia,EE,EE0,EE00,EE006,Kesk-Eesti,0.01,0.134873737373667,0.236111111111665,3801.91,-6.0581060606,-8.04568181818332
EE73513,Estonia,EE,EE0,EE00,EE006,Kesk-Eesti,0.01,0.134873737373667,0.236111111111665,3801.91,-6.0581060606,-8.04568181818332
EE73514,Estonia,EE,EE0,EE00,EE006,Kesk-Eesti,0.01,0.134873737373667,0.236111111111665,3801.91,-6.0581060606,-8.04568181818332
EE73601,Estonia,EE,EE0,EE00,EE006,Kesk-Eesti,0.01,0.134873737373667,0.236111111111665,3801.91,-6.0581060606,-8.04568181818332
EE73602,Estonia,EE,EE0,EE00,EE006,Kesk-Eesti,0.01,0.134873737373667,0.236111111111665,3801.91,-6.0581060606,-8.04568181818332
EE73603,Estonia,EE,EE0,EE00,EE006,Kesk-Eesti,0.01,0.134873737373667,0.236111111111665,3801.91,-6.0581060606,-8.04568181818332
EE73604,Estonia,EE,EE0,EE00,EE006,Kesk-Eesti,0.01,0.134873737373667,0.236111111111665,3801.91,-6.0581060606,-8.04568181818332
EE73610,Estonia,EE,EE0,EE00,EE006,Kesk-Eesti,0.01,0.134873737373667,0.236111111111665,3801.91,-6.0581060606,-8.04568181818332
EE73612,Estonia,EE,EE0,EE00,EE006,Kesk-Eesti,0.01,0.134873737373667,0.236111111111665,3801.91,-6.0581060606,-8.04568181818332
EE73613,Estonia,EE,EE0,EE00,EE006,Kesk-Eesti,0.01,0.134873737373667,0.236111111111665,3801.91,-6.0581060606,-8.04568181818332
EE78001,Estonia,EE,EE0,EE00,EE006,Kesk-Eesti,0.01,0.134873737373667,0.236111111111665,3801.91,-6.0581060606,-8.04568181818332
EE78003,Estonia,EE,EE0,EE00,EE006,Kesk-Eesti,0.01,0.134873737373667,0.236111111111665,3801.91,-6.0581060606,-8.04568181818332
EE78004,Estonia,EE,EE0,EE00,EE006,Kesk-Eesti,0.01,0.134873737373667,0.236111111111665,3801.91,-6.0581060606,-8.04568181818332
EE78013,Estonia,EE,EE0,EE00,EE006,Kesk-Eesti,0.01,0.134873737373667,0.236111111111665,3801.91,-6.0581060606,-8.04568181818332
EE78020,Estonia,EE,EE0,EE00,EE006,Kesk-Eesti,0.01,0.134873737373667,0.236111111111665,3801.91,-6.0581060606,-8.04568181818332
EE78021,Estonia,EE,EE0,EE00,EE006,Kesk-Eesti,0.01,0.134873737373667,0.236111111111665,3801.91,-6.0581060606,-8.04568181818332
EE78023,Estonia,EE,EE0,EE00,EE006,Kesk-Eesti,0.01,0.134873737373667,0.236111111111665,3801.91,-6.0581060606,-8.04568181818332
EE78024,Estonia,EE,EE0,EE00,EE006,Kesk-Eesti,0.01,0.134873737373667,0.236111111111665,3801.91,-6.0581060606,-8.04568181818332
EE78025,Estonia,EE,EE0,EE00,EE006,Kesk-Eesti,0.01,0.134873737373667,0.236111111111665,3801.91,-6.0581060606,-8.04568181818332
EE78027,Estonia,EE,EE0,EE00,EE006,Kesk-Eesti,0.01,0.134873737373667,0.236111111111665,3801.91,-6.0581060606,-8.04568181818332
EE78028,Estonia,EE,EE0,EE00,EE006,Kesk-Eesti,0.01,0.134873737373667,0.236111111111665,3801.91,-6.0581060606,-8.04568181818332
EE78033,Estonia,EE,EE0,EE00,EE006,Kesk-Eesti,0.01,0.134873737373667,0.236111111111665,3801.91,-6.0581060606,-8.04568181818332
EE78034,Estonia,EE,EE0,EE00,EE006,Kesk-Eesti,0.01,0.134873737373667,0.236111111111665,3801.91,-6.0581060606,-8.04568181818332
EE78101,Estonia,EE,EE0,EE00,EE006,Kesk-Eesti,0.01,0.134873737373667,0.236111111111665,3801.91,-6.0581060606,-8.04568181818332
EE78102,Estonia,EE,EE0,EE00,EE006,Kesk-Eesti,0.01,0.134873737373667,0.236111111111665,3801.91,-6.0581060606,-8.04568181818332
EE78113,Estonia,EE,EE0,EE00,EE006,Kesk-Eesti,0.01,0.134873737373667,0.236111111111665,3801.91,-6.0581060606,-8.04568181818332
EE78202,Estonia,EE,EE0,EE00,EE006,Kesk-Eesti,0.01,0.134873737373667,0.236111111111665,3801.91,-6.0581060606,-8.04568181818332
EE78203,Estonia,EE,EE0,EE00,EE006,Kesk-Eesti,0.01,0.134873737373667,0.236111111111665,3801.91,-6.0581060606,-8.04568181818332
EE78205,Estonia,EE,EE0,EE00,EE006,Kesk-Eesti,0.01,0.134873737373667,0.236111111111665,3801.91,-6.0581060606,-8.04568181818332
EE78214,Estonia,EE,EE0,EE00,EE006,Kesk-Eesti,0.01,0.134873737373667,0.236111111111665,3801.91,-6.0581060606,-8.04568181818332
EE78218,Estonia,EE,EE0,EE00,EE006,Kesk-Eesti,0.01,0.134873737373667,0.236111111111665,3801.91,-6.0581060606,-8.04568181818332
EE78227,Estonia,EE,EE0,EE00,EE006,Kesk-Eesti,0.01,0.134873737373667,0.236111111111665,3801.91,-6.0581060606,-8.04568181818332
EE78228,Estonia,EE,EE0,EE00,EE006,Kesk-Eesti,0.01,0.134873737373667,0.236111111111665,3801.91,-6.0581060606,-8.04568181818332
EE78230,Estonia,EE,EE0,EE00,EE006,Kesk-Eesti,0.01,0.134873737373667,0.236111111111665,3801.91,-6.0581060606,-8.04568181818332
EE78232,Estonia,EE,EE0,EE00,EE006,Kesk-Eesti,0.01,0.134873737373667,0.236111111111665,3801.91,-6.0581060606,-8.04568181818332
EE78242,Estonia,EE,EE0,EE00,EE006,Kesk-Eesti,0.01,0.134873737373667,0.236111111111665,3801.91,-6.0581060606,-8.04568181818332
EE78250,Estonia,EE,EE0,EE00,EE006,Kesk-Eesti,0.01,0.134873737373667,0.236111111111665,3801.91,-6.0581060606,-8.04568181818332
EE78251,Estonia,EE,EE0,EE00,EE006,Kesk-Eesti,0.01,0.134873737373667,0.236111111111665,3801.91,-6.0581060606,-8.04568181818332
EE78301,Estonia,EE,EE0,EE00,EE006,Kesk-Eesti,0.01,0.134873737373667,0.236111111111665,3801.91,-6.0581060606,-8.04568181818332
EE78313,Estonia,EE,EE0,EE00,EE006,Kesk-Eesti,0.01,0.134873737373667,0.236111111111665,3801.91,-6.0581060606,-8.04568181818332
EE78315,Estonia,EE,EE0,EE00,EE006,Kesk-Eesti,0.01,0.134873737373667,0.236111111111665,3801.91,-6.0581060606,-8.04568181818332
EE78316,Estonia,EE,EE0,EE00,EE006,Kesk-Eesti,0.01,0.134873737373667,0.236111111111665,3801.91,-6.0581060606,-8.04568181818332
EE78318,Estonia,EE,EE0,EE00,EE006,Kesk-Eesti,0.01,0.134873737373667,0.236111111111665,3801.91,-6.0581060606,-8.04568181818332
EE78401,Estonia,EE,EE0,EE00,EE006,Kesk-Eesti,0.01,0.134873737373667,0.236111111111665,3801.91,-6.0581060606,-8.04568181818332
EE78402,Estonia,EE,EE0,EE00,EE006,Kesk-Eesti,0.01,0.134873737373667,0.236111111111665,3801.91,-6.0581060606,-8.04568181818332
EE78409,Estonia,EE,EE0,EE00,EE006,Kesk-Eesti,0.01,0.134873737373667,0.236111111111665,3801.91,-6.0581060606,-8.04568181818332
EE78410,Estonia,EE,EE0,EE00,EE006,Kesk-Eesti,0.01,0.134873737373667,0.236111111111665,3801.91,-6.0581060606,-8.04568181818332
EE78411,Estonia,EE,EE0,EE00,EE006,Kesk-Eesti,0.01,0.134873737373667,0.236111111111665,3801.91,-6.0581060606,-8.04568181818332
EE78412,Estonia,EE,EE0,EE00,EE006,Kesk-Eesti,0.01,0.134873737373667,0.236111111111665,3801.91,-6.0581060606,-8.04568181818332
EE78415,Estonia,EE,EE0,EE00,EE006,Kesk-Eesti,0.01,0.134873737373667,0.236111111111665,3801.91,-6.0581060606,-8.04568181818332
EE78416,Estonia,EE,EE0,EE00,EE006,Kesk-Eesti,0.01,0.134873737373667,0.236111111111665,3801.91,-6.0581060606,-8.04568181818332
EE78421,Estonia,EE,EE0,EE00,EE006,Kesk-Eesti,0.01,0.134873737373667,0.236111111111665,3801.91,-6.0581060606,-8.04568181818332
EE78422,Estonia,EE,EE0,EE00,EE006,Kesk-Eesti,0.01,0.134873737373667,0.236111111111665,3801.91,-6.0581060606,-8.04568181818332
EE78423,Estonia,EE,EE0,EE00,EE006,Kesk-Eesti,0.01,0.134873737373667,0.236111111111665,3801.91,-6.0581060606,-8.04568181818332
EE79001,Estonia,EE,EE0,EE00,EE006,Kesk-Eesti,0.01,0.134873737373667,0.236111111111665,3801.91,-6.0581060606,-8.04568181818332
EE79002,Estonia,EE,EE0,EE00,EE006,Kesk-Eesti,0.01,0.134873737373667,0.236111111111665,3801.91,-6.0581060606,-8.04568181818332
EE79003,Estonia,EE,EE0,EE00,EE006,Kesk-Eesti,0.01,0.134873737373667,0.236111111111665,3801.91,-6.0581060606,-8.04568181818332
EE79005,Estonia,EE,EE0,EE00,EE006,Kesk-Eesti,0.01,0.134873737373667,0.236111111111665,3801.91,-6.0581060606,-8.04568181818332
EE79014,Estonia,EE,EE0,EE00,EE006,Kesk-Eesti,0.01,0.134873737373667,0.236111111111665,3801.91,-6.0581060606,-8.04568181818332
EE79015,Estonia,EE,EE0,EE00,EE006,Kesk-Eesti,0.01,0.134873737373667,0.236111111111665,3801.91,-6.0581060606,-8.04568181818332
EE79016,Estonia,EE,EE0,EE00,EE006,Kesk-Eesti,0.01,0.134873737373667,0.236111111111665,3801.91,-6.0581060606,-8.04568181818332
EE79018,Estonia,EE,EE0,EE00,EE006,Kesk-Eesti,0.01,0.134873737373667,0.236111111111665,3801.91,-6.0581060606,-8.04568181818332
EE79020,Estonia,EE,EE0,EE00,EE006,Kesk-Eesti,0.01,0.134873737373667,0.236111111111665,3801.91,-6.0581060606,-8.04568181818332
EE79052,Estonia,EE,EE0,EE00,EE006,Kesk-Eesti,0.01,0.134873737373667,0.236111111111665,3801.91,-6.0581060606,-8.04568181818332
EE79060,Estonia,EE,EE0,EE00,EE006,Kesk-Eesti,0.01,0.134873737373667,0.236111111111665,3801.91,-6.0581060606,-8.04568181818332
EE79062,Estonia,EE,EE0,EE00,EE006,Kesk-Eesti,0.01,0.134873737373667,0.236111111111665,3801.91,-6.0581060606,-8.04568181818332
EE79068,Estonia,EE,EE0,EE00,EE006,Kesk-Eesti,0.01,0.134873737373667,0.236111111111665,3801.91,-6.0581060606,-8.04568181818332
EE79069,Estonia,EE,EE0,EE00,EE006,Kesk-Eesti,0.01,0.134873737373667,0.236111111111665,3801.91,-6.0581060606,-8.04568181818332
EE79101,Estonia,EE,EE0,EE00,EE006,Kesk-Eesti,0.01,0.134873737373667,0.236111111111665,3801.91,-6.0581060606,-8.04568181818332
EE79110,Estonia,EE,EE0,EE00,EE006,Kesk-Eesti,0.01,0.134873737373667,0.236111111111665,3801.91,-6.0581060606,-8.04568181818332
EE79111,Estonia,EE,EE0,EE00,EE006,Kesk-Eesti,0.01,0.134873737373667,0.236111111111665,3801.91,-6.0581060606,-8.04568181818332
EE79201,Estonia,EE,EE0,EE00,EE006,Kesk-Eesti,0.01,0.134873737373667,0.236111111111665,3801.91,-6.0581060606,-8.04568181818332
EE79212,Estonia,EE,EE0,EE00,EE006,Kesk-Eesti,0.01,0.134873737373667,0.236111111111665,3801.91,-6.0581060606,-8.04568181818332
EE79214,Estonia,EE,EE0,EE00,EE006,Kesk-Eesti,0.01,0.134873737373667,0.236111111111665,3801.91,-6.0581060606,-8.04568181818332
EE79215,Estonia,EE,EE0,EE00,EE006,Kesk-Eesti,0.01,0.134873737373667,0.236111111111665,3801.91,-6.0581060606,-8.04568181818332
EE79301,Estonia,EE,EE0,EE00,EE006,Kesk-Eesti,0.01,0.134873737373667,0.236111111111665,3801.91,-6.0581060606,-8.04568181818332
EE79302,Estonia,EE,EE0,EE00,EE006,Kesk-Eesti,0.01,0.134873737373667,0.236111111111665,3801.91,-6.0581060606,-8.04568181818332
EE79312,Estonia,EE,EE0,EE00,EE006,Kesk-Eesti,0.01,0.134873737373667,0.236111111111665,3801.91,-6.0581060606,-8.04568181818332
EE79314,Estonia,EE,EE0,EE00,EE006,Kesk-Eesti,0.01,0.134873737373667,0.236111111111665,3801.91,-6.0581060606,-8.04568181818332
EE79321,Estonia,EE,EE0,EE00,EE006,Kesk-Eesti,0.01,0.134873737373667,0.236111111111665,3801.91,-6.0581060606,-8.04568181818332
EE79322,Estonia,EE,EE0,EE00,EE006,Kesk-Eesti,0.01,0.134873737373667,0.236111111111665,3801.91,-6.0581060606,-8.04568181818332
EE79323,Estonia,EE,EE0,EE00,EE006,Kesk-Eesti,0.01,0.134873737373667,0.236111111111665,3801.91,-6.0581060606,-8.04568181818332
EE79401,Estonia,EE,EE0,EE00,EE006,Kesk-Eesti,0.01,0.134873737373667,0.236111111111665,3801.91,-6.0581060606,-8.04568181818332
EE79403,Estonia,EE,EE0,EE00,EE006,Kesk-Eesti,0.01,0.134873737373667,0.236111111111665,3801.91,-6.0581060606,-8.04568181818332
EE79406,Estonia,EE,EE0,EE00,EE006,Kesk-Eesti,0.01,0.134873737373667,0.236111111111665,3801.91,-6.0581060606,-8.04568181818332
EE79408,Estonia,EE,EE0,EE00,EE006,Kesk-Eesti,0.01,0.134873737373667,0.236111111111665,3801.91,-6.0581060606,-8.04568181818332
EE79409,Estonia,EE,EE0,EE00,EE006,Kesk-Eesti,0.01,0.134873737373667,0.236111111111665,3801.91,-6.0581060606,-8.04568181818332
EE79411,Estonia,EE,EE0,EE00,EE006,Kesk-Eesti,0.01,0.134873737373667,0.236111111111665,3801.91,-6.0581060606,-8.04568181818332
EE79412,Estonia,EE,EE0,EE00,EE006,Kesk-Eesti,0.01,0.134873737373667,0.236111111111665,3801.91,-6.0581060606,-8.04568181818332
EE79511,Estonia,EE,EE0,EE00,EE006,Kesk-Eesti,0.01,0.134873737373667,0.236111111111665,3801.91,-6.0581060606,-8.04568181818332
EE79512,Estonia,EE,EE0,EE00,EE006,Kesk-Eesti,0.01,0.134873737373667,0.236111111111665,3801.91,-6.0581060606,-8.04568181818332
EE79513,Estonia,EE,EE0,EE00,EE006,Kesk-Eesti,0.01,0.134873737373667,0.236111111111665,3801.91,-6.0581060606,-8.04568181818332
EE79514,Estonia,EE,EE0,EE00,EE006,Kesk-Eesti,0.01,0.134873737373667,0.236111111111665,3801.91,-6.0581060606,-8.04568181818332
EE79515,Estonia,EE,EE0,EE00,EE006,Kesk-Eesti,0.01,0.134873737373667,0.236111111111665,3801.91,-6.0581060606,-8.04568181818332
EE79516,Estonia,EE,EE0,EE00,EE006,Kesk-Eesti,0.01,0.134873737373667,0.236111111111665,3801.91,-6.0581060606,-8.04568181818332
EE79517,Estonia,EE,EE0,EE00,EE006,Kesk-Eesti,0.01,0.134873737373667,0.236111111111665,3801.91,-6.0581060606,-8.04568181818332
EE79518,Estonia,EE,EE0,EE00,EE006,Kesk-Eesti,0.01,0.134873737373667,0.236111111111665,3801.91,-6.0581060606,-8.04568181818332
EE79520,Estonia,EE,EE0,EE00,EE006,Kesk-Eesti,0.01,0.134873737373667,0.236111111111665,3801.91,-6.0581060606,-8.04568181818332
EE79521,Estonia,EE,EE0,EE00,EE006,Kesk-Eesti,0.01,0.134873737373667,0.236111111111665,3801.91,-6.0581060606,-8.04568181818332
EE79525,Estonia,EE,EE0,EE00,EE006,Kesk-Eesti,0.01,0.134873737373667,0.236111111111665,3801.91,-6.0581060606,-8.04568181818332
EE79526,Estonia,EE,EE0,EE00,EE006,Kesk-Eesti,0.01,0.134873737373667,0.236111111111665,3801.91,-6.0581060606,-8.04568181818332
EE79529,Estonia,EE,EE0,EE00,EE006,Kesk-Eesti,0.01,0.134873737373667,0.236111111111665,3801.91,-6.0581060606,-8.04568181818332
EE79530,Estonia,EE,EE0,EE00,EE006,Kesk-Eesti,0.01,0.134873737373667,0.236111111111665,3801.91,-6.0581060606,-8.04568181818332
EE79531,Estonia,EE,EE0,EE00,EE006,Kesk-Eesti,0.01,0.134873737373667,0.236111111111665,3801.91,-6.0581060606,-8.04568181818332
EE79532,Estonia,EE,EE0,EE00,EE006,Kesk-Eesti,0.01,0.134873737373667,0.236111111111665,3801.91,-6.0581060606,-8.04568181818332
EE79540,Estonia,EE,EE0,EE00,EE006,Kesk-Eesti,0.01,0.134873737373667,0.236111111111665,3801.91,-6.0581060606,-8.04568181818332
EE79541,Estonia,EE,EE0,EE00,EE006,Kesk-Eesti,0.01,0.134873737373667,0.236111111111665,3801.91,-6.0581060606,-8.04568181818332
EE79542,Estonia,EE,EE0,EE00,EE006,Kesk-Eesti,0.01,0.134873737373667,0.236111111111665,3801.91,-6.0581060606,-8.04568181818332
EE79543,Estonia,EE,EE0,EE00,EE006,Kesk-Eesti,0.01,0.134873737373667,0.236111111111665,3801.91,-6.0581060606,-8.04568181818332
EE79601,Estonia,EE,EE0,EE00,EE006,Kesk-Eesti,0.01,0.134873737373667,0.236111111111665,3801.91,-6.0581060606,-8.04568181818332
EE79602,Estonia,EE,EE0,EE00,EE006,Kesk-Eesti,0.01,0.134873737373667,0.236111111111665,3801.91,-6.0581060606,-8.04568181818332
EE79603,Estonia,EE,EE0,EE00,EE006,Kesk-Eesti,0.01,0.134873737373667,0.236111111111665,3801.91,-6.0581060606,-8.04568181818332
EE79606,Estonia,EE,EE0,EE00,EE006,Kesk-Eesti,0.01,0.134873737373667,0.236111111111665,3801.91,-6.0581060606,-8.04568181818332
EE79614,Estonia,EE,EE0,EE00,EE006,Kesk-Eesti,0.01,0.134873737373667,0.236111111111665,3801.91,-6.0581060606,-8.04568181818332
EE79617,Estonia,EE,EE0,EE00,EE006,Kesk-Eesti,0.01,0.134873737373667,0.236111111111665,3801.91,-6.0581060606,-8.04568181818332
EE79620,Estonia,EE,EE0,EE00,EE006,Kesk-Eesti,0.01,0.134873737373667,0.236111111111665,3801.91,-6.0581060606,-8.04568181818332
EE79631,Estonia,EE,EE0,EE00,EE006,Kesk-Eesti,0.01,0.134873737373667,0.236111111111665,3801.91,-6.0581060606,-8.04568181818332
EE79633,Estonia,EE,EE0,EE00,EE006,Kesk-Eesti,0.01,0.134873737373667,0.236111111111665,3801.91,-6.0581060606,-8.04568181818332
EE79640,Estonia,EE,EE0,EE00,EE006,Kesk-Eesti,0.01,0.134873737373667,0.236111111111665,3801.91,-6.0581060606,-8.04568181818332
EE79641,Estonia,EE,EE0,EE00,EE006,Kesk-Eesti,0.01,0.134873737373667,0.236111111111665,3801.91,-6.0581060606,-8.04568181818332
EE79701,Estonia,EE,EE0,EE00,EE006,Kesk-Eesti,0.01,0.134873737373667,0.236111111111665,3801.91,-6.0581060606,-8.04568181818332
EE79702,Estonia,EE,EE0,EE00,EE006,Kesk-Eesti,0.01,0.134873737373667,0.236111111111665,3801.91,-6.0581060606,-8.04568181818332
EE79705,Estonia,EE,EE0,EE00,EE006,Kesk-Eesti,0.01,0.134873737373667,0.236111111111665,3801.91,-6.0581060606,-8.04568181818332
EE79710,Estonia,EE,EE0,EE00,EE006,Kesk-Eesti,0.01,0.134873737373667,0.236111111111665,3801.91,-6.0581060606,-8.04568181818332
EE79743,Estonia,EE,EE0,EE00,EE006,Kesk-Eesti,0.01,0.134873737373667,0.236111111111665,3801.91,-6.0581060606,-8.04568181818332
EE79744,Estonia,EE,EE0,EE00,EE006,Kesk-Eesti,0.01,0.134873737373667,0.236111111111665,3801.91,-6.0581060606,-8.04568181818332
EE79745,Estonia,EE,EE0,EE00,EE006,Kesk-Eesti,0.01,0.134873737373667,0.236111111111665,3801.91,-6.0581060606,-8.04568181818332
EE79801,Estonia,EE,EE0,EE00,EE006,Kesk-Eesti,0.01,0.134873737373667,0.236111111111665,3801.91,-6.0581060606,-8.04568181818332
EE79804,Estonia,EE,EE0,EE00,EE006,Kesk-Eesti,0.01,0.134873737373667,0.236111111111665,3801.91,-6.0581060606,-8.04568181818332
EE79805,Estonia,EE,EE0,EE00,EE006,Kesk-Eesti,0.01,0.134873737373667,0.236111111111665,3801.91,-6.0581060606,-8.04568181818332
EE79806,Estonia,EE,EE0,EE00,EE006,Kesk-Eesti,0.01,0.134873737373667,0.236111111111665,3801.91,-6.0581060606,-8.04568181818332
EE79807,Estonia,EE,EE0,EE00,EE006,Kesk-Eesti,0.01,0.134873737373667,0.236111111111665,3801.91,-6.0581060606,-8.04568181818332
EE79808,Estonia,EE,EE0,EE00,EE006,Kesk-Eesti,0.01,0.134873737373667,0.236111111111665,3801.91,-6.0581060606,-8.04568181818332
EE79812,Estonia,EE,EE0,EE00,EE006,Kesk-Eesti,0.01,0.134873737373667,0.236111111111665,3801.91,-6.0581060606,-8.04568181818332
EE79813,Estonia,EE,EE0,EE00,EE006,Kesk-Eesti,0.01,0.134873737373667,0.236111111111665,3801.91,-6.0581060606,-8.04568181818332
EE79814,Estonia,EE,EE0,EE00,EE006,Kesk-Eesti,0.01,0.134873737373667,0.236111111111665,3801.91,-6.0581060606,-8.04568181818332
EE79831,Estonia,EE,EE0,EE00,EE006,Kesk-Eesti,0.01,0.134873737373667,0.236111111111665,3801.91,-6.0581060606,-8.04568181818332
EE20103,Estonia,EE,EE0,EE00,EE007,Kirde-Eesti,0.14,0.167592592593333,0.289391534391667,3868.53,-6.43304232805,-8.54066137566667
EE20104,Estonia,EE,EE0,EE00,EE007,Kirde-Eesti,0.14,0.167592592593333,0.289391534391667,3868.53,-6.43304232805,-8.54066137566667
EE20105,Estonia,EE,EE0,EE00,EE007,Kirde-Eesti,0.14,0.167592592593333,0.289391534391667,3868.53,-6.43304232805,-8.54066137566667
EE20203,Estonia,EE,EE0,EE00,EE007,Kirde-Eesti,0.14,0.167592592593333,0.289391534391667,3868.53,-6.43304232805,-8.54066137566667
EE20204,Estonia,EE,EE0,EE00,EE007,Kirde-Eesti,0.14,0.167592592593333,0.289391534391667,3868.53,-6.43304232805,-8.54066137566667
EE20205,Estonia,EE,EE0,EE00,EE007,Kirde-Eesti,0.14,0.167592592593333,0.289391534391667,3868.53,-6.43304232805,-8.54066137566667
EE20206,Estonia,EE,EE0,EE00,EE007,Kirde-Eesti,0.14,0.167592592593333,0.289391534391667,3868.53,-6.43304232805,-8.54066137566667
EE20207,Estonia,EE,EE0,EE00,EE007,Kirde-Eesti,0.14,0.167592592593333,0.289391534391667,3868.53,-6.43304232805,-8.54066137566667
EE20303,Estonia,EE,EE0,EE00,EE007,Kirde-Eesti,0.14,0.167592592593333,0.289391534391667,3868.53,-6.43304232805,-8.54066137566667
EE20304,Estonia,EE,EE0,EE00,EE007,Kirde-Eesti,0.14,0.167592592593333,0.289391534391667,3868.53,-6.43304232805,-8.54066137566667
EE20305,Estonia,EE,EE0,EE00,EE007,Kirde-Eesti,0.14,0.167592592593333,0.289391534391667,3868.53,-6.43304232805,-8.54066137566667
EE20306,Estonia,EE,EE0,EE00,EE007,Kirde-Eesti,0.14,0.167592592593333,0.289391534391667,3868.53,-6.43304232805,-8.54066137566667
EE20307,Estonia,EE,EE0,EE00,EE007,Kirde-Eesti,0.14,0.167592592593333,0.289391534391667,3868.53,-6.43304232805,-8.54066137566667
EE20308,Estonia,EE,EE0,EE00,EE007,Kirde-Eesti,0.14,0.167592592593333,0.289391534391667,3868.53,-6.43304232805,-8.54066137566667
EE20309,Estonia,EE,EE0,EE00,EE007,Kirde-Eesti,0.14,0.167592592593333,0.289391534391667,3868.53,-6.43304232805,-8.54066137566667
EE20603,Estonia,EE,EE0,EE00,EE007,Kirde-Eesti,0.14,0.167592592593333,0.289391534391667,3868.53,-6.43304232805,-8.54066137566667
EE20604,Estonia,EE,EE0,EE00,EE007,Kirde-Eesti,0.14,0.167592592593333,0.289391534391667,3868.53,-6.43304232805,-8.54066137566667
EE20605,Estonia,EE,EE0,EE00,EE007,Kirde-Eesti,0.14,0.167592592593333,0.289391534391667,3868.53,-6.43304232805,-8.54066137566667
EE20606,Estonia,EE,EE0,EE00,EE007,Kirde-Eesti,0.14,0.167592592593333,0.289391534391667,3868.53,-6.43304232805,-8.54066137566667
EE20607,Estonia,EE,EE0,EE00,EE007,Kirde-Eesti,0.14,0.167592592593333,0.289391534391667,3868.53,-6.43304232805,-8.54066137566667
EE20608,Estonia,EE,EE0,EE00,EE007,Kirde-Eesti,0.14,0.167592592593333,0.289391534391667,3868.53,-6.43304232805,-8.54066137566667
EE20609,Estonia,EE,EE0,EE00,EE007,Kirde-Eesti,0.14,0.167592592593333,0.289391534391667,3868.53,-6.43304232805,-8.54066137566667
EE21003,Estonia,EE,EE0,EE00,EE007,Kirde-Eesti,0.14,0.167592592593333,0.289391534391667,3868.53,-6.43304232805,-8.54066137566667
EE21004,Estonia,EE,EE0,EE00,EE007,Kirde-Eesti,0.14,0.167592592593333,0.289391534391667,3868.53,-6.43304232805,-8.54066137566667
EE21005,Estonia,EE,EE0,EE00,EE007,Kirde-Eesti,0.14,0.167592592593333,0.289391534391667,3868.53,-6.43304232805,-8.54066137566667
EE21006,Estonia,EE,EE0,EE00,EE007,Kirde-Eesti,0.14,0.167592592593333,0.289391534391667,3868.53,-6.43304232805,-8.54066137566667
EE21007,Estonia,EE,EE0,EE00,EE007,Kirde-Eesti,0.14,0.167592592593333,0.289391534391667,3868.53,-6.43304232805,-8.54066137566667
EE21008,Estonia,EE,EE0,EE00,EE007,Kirde-Eesti,0.14,0.167592592593333,0.289391534391667,3868.53,-6.43304232805,-8.54066137566667
EE21020,Estonia,EE,EE0,EE00,EE007,Kirde-Eesti,0.14,0.167592592593333,0.289391534391667,3868.53,-6.43304232805,-8.54066137566667
EE29021,Estonia,EE,EE0,EE00,EE007,Kirde-Eesti,0.14,0.167592592593333,0.289391534391667,3868.53,-6.43304232805,-8.54066137566667
EE29022,Estonia,EE,EE0,EE00,EE007,Kirde-Eesti,0.14,0.167592592593333,0.289391534391667,3868.53,-6.43304232805,-8.54066137566667
EE29023,Estonia,EE,EE0,EE00,EE007,Kirde-Eesti,0.14,0.167592592593333,0.289391534391667,3868.53,-6.43304232805,-8.54066137566667
EE29024,Estonia,EE,EE0,EE00,EE007,Kirde-Eesti,0.14,0.167592592593333,0.289391534391667,3868.53,-6.43304232805,-8.54066137566667
EE29025,Estonia,EE,EE0,EE00,EE007,Kirde-Eesti,0.14,0.167592592593333,0.289391534391667,3868.53,-6.43304232805,-8.54066137566667
EE30103,Estonia,EE,EE0,EE00,EE007,Kirde-Eesti,0.14,0.167592592593333,0.289391534391667,3868.53,-6.43304232805,-8.54066137566667
EE30221,Estonia,EE,EE0,EE00,EE007,Kirde-Eesti,0.14,0.167592592593333,0.289391534391667,3868.53,-6.43304232805,-8.54066137566667
EE30321,Estonia,EE,EE0,EE00,EE007,Kirde-Eesti,0.14,0.167592592593333,0.289391534391667,3868.53,-6.43304232805,-8.54066137566667
EE30322,Estonia,EE,EE0,EE00,EE007,Kirde-Eesti,0.14,0.167592592593333,0.289391534391667,3868.53,-6.43304232805,-8.54066137566667
EE30323,Estonia,EE,EE0,EE00,EE007,Kirde-Eesti,0.14,0.167592592593333,0.289391534391667,3868.53,-6.43304232805,-8.54066137566667
EE30324,Estonia,EE,EE0,EE00,EE007,Kirde-Eesti,0.14,0.167592592593333,0.289391534391667,3868.53,-6.43304232805,-8.54066137566667
EE30325,Estonia,EE,EE0,EE00,EE007,Kirde-Eesti,0.14,0.167592592593333,0.289391534391667,3868.53,-6.43304232805,-8.54066137566667
EE30326,Estonia,EE,EE0,EE00,EE007,Kirde-Eesti,0.14,0.167592592593333,0.289391534391667,3868.53,-6.43304232805,-8.54066137566667
EE30327,Estonia,EE,EE0,EE00,EE007,Kirde-Eesti,0.14,0.167592592593333,0.289391534391667,3868.53,-6.43304232805,-8.54066137566667
EE30328,Estonia,EE,EE0,EE00,EE007,Kirde-Eesti,0.14,0.167592592593333,0.289391534391667,3868.53,-6.43304232805,-8.54066137566667
EE30333,Estonia,EE,EE0,EE00,EE007,Kirde-Eesti,0.14,0.167592592593333,0.289391534391667,3868.53,-6.43304232805,-8.54066137566667
EE30503,Estonia,EE,EE0,EE00,EE007,Kirde-Eesti,0.14,0.167592592593333,0.289391534391667,3868.53,-6.43304232805,-8.54066137566667
EE30504,Estonia,EE,EE0,EE00,EE007,Kirde-Eesti,0.14,0.167592592593333,0.289391534391667,3868.53,-6.43304232805,-8.54066137566667
EE30505,Estonia,EE,EE0,EE00,EE007,Kirde-Eesti,0.14,0.167592592593333,0.289391534391667,3868.53,-6.43304232805,-8.54066137566667
EE30506,Estonia,EE,EE0,EE00,EE007,Kirde-Eesti,0.14,0.167592592593333,0.289391534391667,3868.53,-6.43304232805,-8.54066137566667
EE30601,Estonia,EE,EE0,EE00,EE007,Kirde-Eesti,0.14,0.167592592593333,0.289391534391667,3868.53,-6.43304232805,-8.54066137566667
EE30621,Estonia,EE,EE0,EE00,EE007,Kirde-Eesti,0.14,0.167592592593333,0.289391534391667,3868.53,-6.43304232805,-8.54066137566667
EE30623,Estonia,EE,EE0,EE00,EE007,Kirde-Eesti,0.14,0.167592592593333,0.289391534391667,3868.53,-6.43304232805,-8.54066137566667
EE30624,Estonia,EE,EE0,EE00,EE007,Kirde-Eesti,0.14,0.167592592593333,0.289391534391667,3868.53,-6.43304232805,-8.54066137566667
EE30626,Estonia,EE,EE0,EE00,EE007,Kirde-Eesti,0.14,0.167592592593333,0.289391534391667,3868.53,-6.43304232805,-8.54066137566667
EE30721,Estonia,EE,EE0,EE00,EE007,Kirde-Eesti,0.14,0.167592592593333,0.289391534391667,3868.53,-6.43304232805,-8.54066137566667
EE30722,Estonia,EE,EE0,EE00,EE007,Kirde-Eesti,0.14,0.167592592593333,0.289391534391667,3868.53,-6.43304232805,-8.54066137566667
EE31021,Estonia,EE,EE0,EE00,EE007,Kirde-Eesti,0.14,0.167592592593333,0.289391534391667,3868.53,-6.43304232805,-8.54066137566667
EE31022,Estonia,EE,EE0,EE00,EE007,Kirde-Eesti,0.14,0.167592592593333,0.289391534391667,3868.53,-6.43304232805,-8.54066137566667
EE31023,Estonia,EE,EE0,EE00,EE007,Kirde-Eesti,0.14,0.167592592593333,0.289391534391667,3868.53,-6.43304232805,-8.54066137566667
EE31025,Estonia,EE,EE0,EE00,EE007,Kirde-Eesti,0.14,0.167592592593333,0.289391534391667,3868.53,-6.43304232805,-8.54066137566667
EE31026,Estonia,EE,EE0,EE00,EE007,Kirde-Eesti,0.14,0.167592592593333,0.289391534391667,3868.53,-6.43304232805,-8.54066137566667
EE31027,Estonia,EE,EE0,EE00,EE007,Kirde-Eesti,0.14,0.167592592593333,0.289391534391667,3868.53,-6.43304232805,-8.54066137566667
EE31221,Estonia,EE,EE0,EE00,EE007,Kirde-Eesti,0.14,0.167592592593333,0.289391534391667,3868.53,-6.43304232805,-8.54066137566667
EE32101,Estonia,EE,EE0,EE00,EE007,Kirde-Eesti,0.14,0.167592592593333,0.289391534391667,3868.53,-6.43304232805,-8.54066137566667
EE40101,Estonia,EE,EE0,EE00,EE007,Kirde-Eesti,0.14,0.167592592593333,0.289391534391667,3868.53,-6.43304232805,-8.54066137566667
EE40102,Estonia,EE,EE0,EE00,EE007,Kirde-Eesti,0.14,0.167592592593333,0.289391534391667,3868.53,-6.43304232805,-8.54066137566667
EE40103,Estonia,EE,EE0,EE00,EE007,Kirde-Eesti,0.14,0.167592592593333,0.289391534391667,3868.53,-6.43304232805,-8.54066137566667
EE40104,Estonia,EE,EE0,EE00,EE007,Kirde-Eesti,0.14,0.167592592593333,0.289391534391667,3868.53,-6.43304232805,-8.54066137566667
EE40105,Estonia,EE,EE0,EE00,EE007,Kirde-Eesti,0.14,0.167592592593333,0.289391534391667,3868.53,-6.43304232805,-8.54066137566667
EE40106,Estonia,EE,EE0,EE00,EE007,Kirde-Eesti,0.14,0.167592592593333,0.289391534391667,3868.53,-6.43304232805,-8.54066137566667
EE40107,Estonia,EE,EE0,EE00,EE007,Kirde-Eesti,0.14,0.167592592593333,0.289391534391667,3868.53,-6.43304232805,-8.54066137566667
EE40108,Estonia,EE,EE0,EE00,EE007,Kirde-Eesti,0.14,0.167592592593333,0.289391534391667,3868.53,-6.43304232805,-8.54066137566667
EE40109,Estonia,EE,EE0,EE00,EE007,Kirde-Eesti,0.14,0.167592592593333,0.289391534391667,3868.53,-6.43304232805,-8.54066137566667
EE40110,Estonia,EE,EE0,EE00,EE007,Kirde-Eesti,0.14,0.167592592593333,0.289391534391667,3868.53,-6.43304232805,-8.54066137566667
EE40111,Estonia,EE,EE0,EE00,EE007,Kirde-Eesti,0.14,0.167592592593333,0.289391534391667,3868.53,-6.43304232805,-8.54066137566667
EE40112,Estonia,EE,EE0,EE00,EE007,Kirde-Eesti,0.14,0.167592592593333,0.289391534391667,3868.53,-6.43304232805,-8.54066137566667
EE40113,Estonia,EE,EE0,EE00,EE007,Kirde-Eesti,0.14,0.167592592593333,0.289391534391667,3868.53,-6.43304232805,-8.54066137566667
EE40114,Estonia,EE,EE0,EE00,EE007,Kirde-Eesti,0.14,0.167592592593333,0.289391534391667,3868.53,-6.43304232805,-8.54066137566667
EE40115,Estonia,EE,EE0,EE00,EE007,Kirde-Eesti,0.14,0.167592592593333,0.289391534391667,3868.53,-6.43304232805,-8.54066137566667
EE40116,Estonia,EE,EE0,EE00,EE007,Kirde-Eesti,0.14,0.167592592593333,0.289391534391667,3868.53,-6.43304232805,-8.54066137566667
EE40117,Estonia,EE,EE0,EE00,EE007,Kirde-Eesti,0.14,0.167592592593333,0.289391534391667,3868.53,-6.43304232805,-8.54066137566667
EE40118,Estonia,EE,EE0,EE00,EE007,Kirde-Eesti,0.14,0.167592592593333,0.289391534391667,3868.53,-6.43304232805,-8.54066137566667
EE40119,Estonia,EE,EE0,EE00,EE007,Kirde-Eesti,0.14,0.167592592593333,0.289391534391667,3868.53,-6.43304232805,-8.54066137566667
EE40231,Estonia,EE,EE0,EE00,EE007,Kirde-Eesti,0.14,0.167592592593333,0.289391534391667,3868.53,-6.43304232805,-8.54066137566667
EE40232,Estonia,EE,EE0,EE00,EE007,Kirde-Eesti,0.14,0.167592592593333,0.289391534391667,3868.53,-6.43304232805,-8.54066137566667
EE40233,Estonia,EE,EE0,EE00,EE007,Kirde-Eesti,0.14,0.167592592593333,0.289391534391667,3868.53,-6.43304232805,-8.54066137566667
EE40241,Estonia,EE,EE0,EE00,EE007,Kirde-Eesti,0.14,0.167592592593333,0.289391534391667,3868.53,-6.43304232805,-8.54066137566667
EE41001,Estonia,EE,EE0,EE00,EE007,Kirde-Eesti,0.14,0.167592592593333,0.289391534391667,3868.53,-6.43304232805,-8.54066137566667
EE41007,Estonia,EE,EE0,EE00,EE007,Kirde-Eesti,0.14,0.167592592593333,0.289391534391667,3868.53,-6.43304232805,-8.54066137566667
EE41008,Estonia,EE,EE0,EE00,EE007,Kirde-Eesti,0.14,0.167592592593333,0.289391534391667,3868.53,-6.43304232805,-8.54066137566667
EE41009,Estonia,EE,EE0,EE00,EE007,Kirde-Eesti,0.14,0.167592592593333,0.289391534391667,3868.53,-6.43304232805,-8.54066137566667
EE41010,Estonia,EE,EE0,EE00,EE007,Kirde-Eesti,0.14,0.167592592593333,0.289391534391667,3868.53,-6.43304232805,-8.54066137566667
EE41013,Estonia,EE,EE0,EE00,EE007,Kirde-Eesti,0.14,0.167592592593333,0.289391534391667,3868.53,-6.43304232805,-8.54066137566667
EE41101,Estonia,EE,EE0,EE00,EE007,Kirde-Eesti,0.14,0.167592592593333,0.289391534391667,3868.53,-6.43304232805,-8.54066137566667
EE41102,Estonia,EE,EE0,EE00,EE007,Kirde-Eesti,0.14,0.167592592593333,0.289391534391667,3868.53,-6.43304232805,-8.54066137566667
EE41104,Estonia,EE,EE0,EE00,EE007,Kirde-Eesti,0.14,0.167592592593333,0.289391534391667,3868.53,-6.43304232805,-8.54066137566667
EE41105,Estonia,EE,EE0,EE00,EE007,Kirde-Eesti,0.14,0.167592592593333,0.289391534391667,3868.53,-6.43304232805,-8.54066137566667
EE41107,Estonia,EE,EE0,EE00,EE007,Kirde-Eesti,0.14,0.167592592593333,0.289391534391667,3868.53,-6.43304232805,-8.54066137566667
EE41110,Estonia,EE,EE0,EE00,EE007,Kirde-Eesti,0.14,0.167592592593333,0.289391534391667,3868.53,-6.43304232805,-8.54066137566667
EE41111,Estonia,EE,EE0,EE00,EE007,Kirde-Eesti,0.14,0.167592592593333,0.289391534391667,3868.53,-6.43304232805,-8.54066137566667
EE41112,Estonia,EE,EE0,EE00,EE007,Kirde-Eesti,0.14,0.167592592593333,0.289391534391667,3868.53,-6.43304232805,-8.54066137566667
EE41113,Estonia,EE,EE0,EE00,EE007,Kirde-Eesti,0.14,0.167592592593333,0.289391534391667,3868.53,-6.43304232805,-8.54066137566667
EE41201,Estonia,EE,EE0,EE00,EE007,Kirde-Eesti,0.14,0.167592592593333,0.289391534391667,3868.53,-6.43304232805,-8.54066137566667
EE41202,Estonia,EE,EE0,EE00,EE007,Kirde-Eesti,0.14,0.167592592593333,0.289391534391667,3868.53,-6.43304232805,-8.54066137566667
EE41203,Estonia,EE,EE0,EE00,EE007,Kirde-Eesti,0.14,0.167592592593333,0.289391534391667,3868.53,-6.43304232805,-8.54066137566667
EE41204,Estonia,EE,EE0,EE00,EE007,Kirde-Eesti,0.14,0.167592592593333,0.289391534391667,3868.53,-6.43304232805,-8.54066137566667
EE41205,Estonia,EE,EE0,EE00,EE007,Kirde-Eesti,0.14,0.167592592593333,0.289391534391667,3868.53,-6.43304232805,-8.54066137566667
EE41208,Estonia,EE,EE0,EE00,EE007,Kirde-Eesti,0.14,0.167592592593333,0.289391534391667,3868.53,-6.43304232805,-8.54066137566667
EE41210,Estonia,EE,EE0,EE00,EE007,Kirde-Eesti,0.14,0.167592592593333,0.289391534391667,3868.53,-6.43304232805,-8.54066137566667
EE41211,Estonia,EE,EE0,EE00,EE007,Kirde-Eesti,0.14,0.167592592593333,0.289391534391667,3868.53,-6.43304232805,-8.54066137566667
EE41213,Estonia,EE,EE0,EE00,EE007,Kirde-Eesti,0.14,0.167592592593333,0.289391534391667,3868.53,-6.43304232805,-8.54066137566667
EE41214,Estonia,EE,EE0,EE00,EE007,Kirde-Eesti,0.14,0.167592592593333,0.289391534391667,3868.53,-6.43304232805,-8.54066137566667
EE41215,Estonia,EE,EE0,EE00,EE007,Kirde-Eesti,0.14,0.167592592593333,0.289391534391667,3868.53,-6.43304232805,-8.54066137566667
EE41301,Estonia,EE,EE0,EE00,EE007,Kirde-Eesti,0.14,0.167592592593333,0.289391534391667,3868.53,-6.43304232805,-8.54066137566667
EE41302,Estonia,EE,EE0,EE00,EE007,Kirde-Eesti,0.14,0.167592592593333,0.289391534391667,3868.53,-6.43304232805,-8.54066137566667
EE41303,Estonia,EE,EE0,EE00,EE007,Kirde-Eesti,0.14,0.167592592593333,0.289391534391667,3868.53,-6.43304232805,-8.54066137566667
EE41304,Estonia,EE,EE0,EE00,EE007,Kirde-Eesti,0.14,0.167592592593333,0.289391534391667,3868.53,-6.43304232805,-8.54066137566667
EE41305,Estonia,EE,EE0,EE00,EE007,Kirde-Eesti,0.14,0.167592592593333,0.289391534391667,3868.53,-6.43304232805,-8.54066137566667
EE41306,Estonia,EE,EE0,EE00,EE007,Kirde-Eesti,0.14,0.167592592593333,0.289391534391667,3868.53,-6.43304232805,-8.54066137566667
EE41307,Estonia,EE,EE0,EE00,EE007,Kirde-Eesti,0.14,0.167592592593333,0.289391534391667,3868.53,-6.43304232805,-8.54066137566667
EE41308,Estonia,EE,EE0,EE00,EE007,Kirde-Eesti,0.14,0.167592592593333,0.289391534391667,3868.53,-6.43304232805,-8.54066137566667
EE41309,Estonia,EE,EE0,EE00,EE007,Kirde-Eesti,0.14,0.167592592593333,0.289391534391667,3868.53,-6.43304232805,-8.54066137566667
EE41310,Estonia,EE,EE0,EE00,EE007,Kirde-Eesti,0.14,0.167592592593333,0.289391534391667,3868.53,-6.43304232805,-8.54066137566667
EE41311,Estonia,EE,EE0,EE00,EE007,Kirde-Eesti,0.14,0.167592592593333,0.289391534391667,3868.53,-6.43304232805,-8.54066137566667
EE41312,Estonia,EE,EE0,EE00,EE007,Kirde-Eesti,0.14,0.167592592593333,0.289391534391667,3868.53,-6.43304232805,-8.54066137566667
EE41314,Estonia,EE,EE0,EE00,EE007,Kirde-Eesti,0.14,0.167592592593333,0.289391534391667,3868.53,-6.43304232805,-8.54066137566667
EE41315,Estonia,EE,EE0,EE00,EE007,Kirde-Eesti,0.14,0.167592592593333,0.289391534391667,3868.53,-6.43304232805,-8.54066137566667
EE41317,Estonia,EE,EE0,EE00,EE007,Kirde-Eesti,0.14,0.167592592593333,0.289391534391667,3868.53,-6.43304232805,-8.54066137566667
EE41318,Estonia,EE,EE0,EE00,EE007,Kirde-Eesti,0.14,0.167592592593333,0.289391534391667,3868.53,-6.43304232805,-8.54066137566667
EE41319,Estonia,EE,EE0,EE00,EE007,Kirde-Eesti,0.14,0.167592592593333,0.289391534391667,3868.53,-6.43304232805,-8.54066137566667
EE41320,Estonia,EE,EE0,EE00,EE007,Kirde-Eesti,0.14,0.167592592593333,0.289391534391667,3868.53,-6.43304232805,-8.54066137566667
EE41323,Estonia,EE,EE0,EE00,EE007,Kirde-Eesti,0.14,0.167592592593333,0.289391534391667,3868.53,-6.43304232805,-8.54066137566667
EE41324,Estonia,EE,EE0,EE00,EE007,Kirde-Eesti,0.14,0.167592592593333,0.289391534391667,3868.53,-6.43304232805,-8.54066137566667
EE41531,Estonia,EE,EE0,EE00,EE007,Kirde-Eesti,0.14,0.167592592593333,0.289391534391667,3868.53,-6.43304232805,-8.54066137566667
EE41532,Estonia,EE,EE0,EE00,EE007,Kirde-Eesti,0.14,0.167592592593333,0.289391534391667,3868.53,-6.43304232805,-8.54066137566667
EE41533,Estonia,EE,EE0,EE00,EE007,Kirde-Eesti,0.14,0.167592592593333,0.289391534391667,3868.53,-6.43304232805,-8.54066137566667
EE41534,Estonia,EE,EE0,EE00,EE007,Kirde-Eesti,0.14,0.167592592593333,0.289391534391667,3868.53,-6.43304232805,-8.54066137566667
EE41535,Estonia,EE,EE0,EE00,EE007,Kirde-Eesti,0.14,0.167592592593333,0.289391534391667,3868.53,-6.43304232805,-8.54066137566667
EE41536,Estonia,EE,EE0,EE00,EE007,Kirde-Eesti,0.14,0.167592592593333,0.289391534391667,3868.53,-6.43304232805,-8.54066137566667
EE41537,Estonia,EE,EE0,EE00,EE007,Kirde-Eesti,0.14,0.167592592593333,0.289391534391667,3868.53,-6.43304232805,-8.54066137566667
EE41538,Estonia,EE,EE0,EE00,EE007,Kirde-Eesti,0.14,0.167592592593333,0.289391534391667,3868.53,-6.43304232805,-8.54066137566667
EE41541,Estonia,EE,EE0,EE00,EE007,Kirde-Eesti,0.14,0.167592592593333,0.289391534391667,3868.53,-6.43304232805,-8.54066137566667
EE41542,Estonia,EE,EE0,EE00,EE007,Kirde-Eesti,0.14,0.167592592593333,0.289391534391667,3868.53,-6.43304232805,-8.54066137566667
EE41543,Estonia,EE,EE0,EE00,EE007,Kirde-Eesti,0.14,0.167592592593333,0.289391534391667,3868.53,-6.43304232805,-8.54066137566667
EE41544,Estonia,EE,EE0,EE00,EE007,Kirde-Eesti,0.14,0.167592592593333,0.289391534391667,3868.53,-6.43304232805,-8.54066137566667
EE41545,Estonia,EE,EE0,EE00,EE007,Kirde-Eesti,0.14,0.167592592593333,0.289391534391667,3868.53,-6.43304232805,-8.54066137566667
EE41546,Estonia,EE,EE0,EE00,EE007,Kirde-Eesti,0.14,0.167592592593333,0.289391534391667,3868.53,-6.43304232805,-8.54066137566667
EE41547,Estonia,EE,EE0,EE00,EE007,Kirde-Eesti,0.14,0.167592592593333,0.289391534391667,3868.53,-6.43304232805,-8.54066137566667
EE41548,Estonia,EE,EE0,EE00,EE007,Kirde-Eesti,0.14,0.167592592593333,0.289391534391667,3868.53,-6.43304232805,-8.54066137566667
EE41549,Estonia,EE,EE0,EE00,EE007,Kirde-Eesti,0.14,0.167592592593333,0.289391534391667,3868.53,-6.43304232805,-8.54066137566667
EE41550,Estonia,EE,EE0,EE00,EE007,Kirde-Eesti,0.14,0.167592592593333,0.289391534391667,3868.53,-6.43304232805,-8.54066137566667
EE41551,Estonia,EE,EE0,EE00,EE007,Kirde-Eesti,0.14,0.167592592593333,0.289391534391667,3868.53,-6.43304232805,-8.54066137566667
EE41552,Estonia,EE,EE0,EE00,EE007,Kirde-Eesti,0.14,0.167592592593333,0.289391534391667,3868.53,-6.43304232805,-8.54066137566667
EE41553,Estonia,EE,EE0,EE00,EE007,Kirde-Eesti,0.14,0.167592592593333,0.289391534391667,3868.53,-6.43304232805,-8.54066137566667
EE41554,Estonia,EE,EE0,EE00,EE007,Kirde-Eesti,0.14,0.167592592593333,0.289391534391667,3868.53,-6.43304232805,-8.54066137566667
EE41556,Estonia,EE,EE0,EE00,EE007,Kirde-Eesti,0.14,0.167592592593333,0.289391534391667,3868.53,-6.43304232805,-8.54066137566667
EE41557,Estonia,EE,EE0,EE00,EE007,Kirde-Eesti,0.14,0.167592592593333,0.289391534391667,3868.53,-6.43304232805,-8.54066137566667
EE41596,Estonia,EE,EE0,EE00,EE007,Kirde-Eesti,0.14,0.167592592593333,0.289391534391667,3868.53,-6.43304232805,-8.54066137566667
EE41701,Estonia,EE,EE0,EE00,EE007,Kirde-Eesti,0.14,0.167592592593333,0.289391534391667,3868.53,-6.43304232805,-8.54066137566667
EE41702,Estonia,EE,EE0,EE00,EE007,Kirde-Eesti,0.14,0.167592592593333,0.289391534391667,3868.53,-6.43304232805,-8.54066137566667
EE41712,Estonia,EE,EE0,EE00,EE007,Kirde-Eesti,0.14,0.167592592593333,0.289391534391667,3868.53,-6.43304232805,-8.54066137566667
EE41713,Estonia,EE,EE0,EE00,EE007,Kirde-Eesti,0.14,0.167592592593333,0.289391534391667,3868.53,-6.43304232805,-8.54066137566667
EE41714,Estonia,EE,EE0,EE00,EE007,Kirde-Eesti,0.14,0.167592592593333,0.289391534391667,3868.53,-6.43304232805,-8.54066137566667
EE41716,Estonia,EE,EE0,EE00,EE007,Kirde-Eesti,0.14,0.167592592593333,0.289391534391667,3868.53,-6.43304232805,-8.54066137566667
EE41717,Estonia,EE,EE0,EE00,EE007,Kirde-Eesti,0.14,0.167592592593333,0.289391534391667,3868.53,-6.43304232805,-8.54066137566667
EE41718,Estonia,EE,EE0,EE00,EE007,Kirde-Eesti,0.14,0.167592592593333,0.289391534391667,3868.53,-6.43304232805,-8.54066137566667
EE42001,Estonia,EE,EE0,EE00,EE007,Kirde-Eesti,0.14,0.167592592593333,0.289391534391667,3868.53,-6.43304232805,-8.54066137566667
EE42002,Estonia,EE,EE0,EE00,EE007,Kirde-Eesti,0.14,0.167592592593333,0.289391534391667,3868.53,-6.43304232805,-8.54066137566667
EE42003,Estonia,EE,EE0,EE00,EE007,Kirde-Eesti,0.14,0.167592592593333,0.289391534391667,3868.53,-6.43304232805,-8.54066137566667
EE42004,Estonia,EE,EE0,EE00,EE007,Kirde-Eesti,0.14,0.167592592593333,0.289391534391667,3868.53,-6.43304232805,-8.54066137566667
EE42005,Estonia,EE,EE0,EE00,EE007,Kirde-Eesti,0.14,0.167592592593333,0.289391534391667,3868.53,-6.43304232805,-8.54066137566667
EE42006,Estonia,EE,EE0,EE00,EE007,Kirde-Eesti,0.14,0.167592592593333,0.289391534391667,3868.53,-6.43304232805,-8.54066137566667
EE42007,Estonia,EE,EE0,EE00,EE007,Kirde-Eesti,0.14,0.167592592593333,0.289391534391667,3868.53,-6.43304232805,-8.54066137566667
EE42101,Estonia,EE,EE0,EE00,EE007,Kirde-Eesti,0.14,0.167592592593333,0.289391534391667,3868.53,-6.43304232805,-8.54066137566667
EE42102,Estonia,EE,EE0,EE00,EE007,Kirde-Eesti,0.14,0.167592592593333,0.289391534391667,3868.53,-6.43304232805,-8.54066137566667
EE42103,Estonia,EE,EE0,EE00,EE007,Kirde-Eesti,0.14,0.167592592593333,0.289391534391667,3868.53,-6.43304232805,-8.54066137566667
EE42104,Estonia,EE,EE0,EE00,EE007,Kirde-Eesti,0.14,0.167592592593333,0.289391534391667,3868.53,-6.43304232805,-8.54066137566667
EE42109,Estonia,EE,EE0,EE00,EE007,Kirde-Eesti,0.14,0.167592592593333,0.289391534391667,3868.53,-6.43304232805,-8.54066137566667
EE42111,Estonia,EE,EE0,EE00,EE007,Kirde-Eesti,0.14,0.167592592593333,0.289391534391667,3868.53,-6.43304232805,-8.54066137566667
EE42112,Estonia,EE,EE0,EE00,EE007,Kirde-Eesti,0.14,0.167592592593333,0.289391534391667,3868.53,-6.43304232805,-8.54066137566667
EE42114,Estonia,EE,EE0,EE00,EE007,Kirde-Eesti,0.14,0.167592592593333,0.289391534391667,3868.53,-6.43304232805,-8.54066137566667
EE42117,Estonia,EE,EE0,EE00,EE007,Kirde-Eesti,0.14,0.167592592593333,0.289391534391667,3868.53,-6.43304232805,-8.54066137566667
EE42130,Estonia,EE,EE0,EE00,EE007,Kirde-Eesti,0.14,0.167592592593333,0.289391534391667,3868.53,-6.43304232805,-8.54066137566667
EE42202,Estonia,EE,EE0,EE00,EE007,Kirde-Eesti,0.14,0.167592592593333,0.289391534391667,3868.53,-6.43304232805,-8.54066137566667
EE42203,Estonia,EE,EE0,EE00,EE007,Kirde-Eesti,0.14,0.167592592593333,0.289391534391667,3868.53,-6.43304232805,-8.54066137566667
EE42204,Estonia,EE,EE0,EE00,EE007,Kirde-Eesti,0.14,0.167592592593333,0.289391534391667,3868.53,-6.43304232805,-8.54066137566667
EE42205,Estonia,EE,EE0,EE00,EE007,Kirde-Eesti,0.14,0.167592592593333,0.289391534391667,3868.53,-6.43304232805,-8.54066137566667
EE42206,Estonia,EE,EE0,EE00,EE007,Kirde-Eesti,0.14,0.167592592593333,0.289391534391667,3868.53,-6.43304232805,-8.54066137566667
EE42207,Estonia,EE,EE0,EE00,EE007,Kirde-Eesti,0.14,0.167592592593333,0.289391534391667,3868.53,-6.43304232805,-8.54066137566667
EE42208,Estonia,EE,EE0,EE00,EE007,Kirde-Eesti,0.14,0.167592592593333,0.289391534391667,3868.53,-6.43304232805,-8.54066137566667
EE42209,Estonia,EE,EE0,EE00,EE007,Kirde-Eesti,0.14,0.167592592593333,0.289391534391667,3868.53,-6.43304232805,-8.54066137566667
EE42211,Estonia,EE,EE0,EE00,EE007,Kirde-Eesti,0.14,0.167592592593333,0.289391534391667,3868.53,-6.43304232805,-8.54066137566667
EE42213,Estonia,EE,EE0,EE00,EE007,Kirde-Eesti,0.14,0.167592592593333,0.289391534391667,3868.53,-6.43304232805,-8.54066137566667
EE42301,Estonia,EE,EE0,EE00,EE007,Kirde-Eesti,0.14,0.167592592593333,0.289391534391667,3868.53,-6.43304232805,-8.54066137566667
EE42306,Estonia,EE,EE0,EE00,EE007,Kirde-Eesti,0.14,0.167592592593333,0.289391534391667,3868.53,-6.43304232805,-8.54066137566667
EE42308,Estonia,EE,EE0,EE00,EE007,Kirde-Eesti,0.14,0.167592592593333,0.289391534391667,3868.53,-6.43304232805,-8.54066137566667
EE42310,Estonia,EE,EE0,EE00,EE007,Kirde-Eesti,0.14,0.167592592593333,0.289391534391667,3868.53,-6.43304232805,-8.54066137566667
EE42313,Estonia,EE,EE0,EE00,EE007,Kirde-Eesti,0.14,0.167592592593333,0.289391534391667,3868.53,-6.43304232805,-8.54066137566667
EE42314,Estonia,EE,EE0,EE00,EE007,Kirde-Eesti,0.14,0.167592592593333,0.289391534391667,3868.53,-6.43304232805,-8.54066137566667
EE42316,Estonia,EE,EE0,EE00,EE007,Kirde-Eesti,0.14,0.167592592593333,0.289391534391667,3868.53,-6.43304232805,-8.54066137566667
EE42317,Estonia,EE,EE0,EE00,EE007,Kirde-Eesti,0.14,0.167592592593333,0.289391534391667,3868.53,-6.43304232805,-8.54066137566667
EE42318,Estonia,EE,EE0,EE00,EE007,Kirde-Eesti,0.14,0.167592592593333,0.289391534391667,3868.53,-6.43304232805,-8.54066137566667
EE42319,Estonia,EE,EE0,EE00,EE007,Kirde-Eesti,0.14,0.167592592593333,0.289391534391667,3868.53,-6.43304232805,-8.54066137566667
EE42320,Estonia,EE,EE0,EE00,EE007,Kirde-Eesti,0.14,0.167592592593333,0.289391534391667,3868.53,-6.43304232805,-8.54066137566667
EE42322,Estonia,EE,EE0,EE00,EE007,Kirde-Eesti,0.14,0.167592592593333,0.289391534391667,3868.53,-6.43304232805,-8.54066137566667
EE42323,Estonia,EE,EE0,EE00,EE007,Kirde-Eesti,0.14,0.167592592593333,0.289391534391667,3868.53,-6.43304232805,-8.54066137566667
EE43001,Estonia,EE,EE0,EE00,EE007,Kirde-Eesti,0.14,0.167592592593333,0.289391534391667,3868.53,-6.43304232805,-8.54066137566667
EE43003,Estonia,EE,EE0,EE00,EE007,Kirde-Eesti,0.14,0.167592592593333,0.289391534391667,3868.53,-6.43304232805,-8.54066137566667
EE43004,Estonia,EE,EE0,EE00,EE007,Kirde-Eesti,0.14,0.167592592593333,0.289391534391667,3868.53,-6.43304232805,-8.54066137566667
EE43005,Estonia,EE,EE0,EE00,EE007,Kirde-Eesti,0.14,0.167592592593333,0.289391534391667,3868.53,-6.43304232805,-8.54066137566667
EE43121,Estonia,EE,EE0,EE00,EE007,Kirde-Eesti,0.14,0.167592592593333,0.289391534391667,3868.53,-6.43304232805,-8.54066137566667
EE43122,Estonia,EE,EE0,EE00,EE007,Kirde-Eesti,0.14,0.167592592593333,0.289391534391667,3868.53,-6.43304232805,-8.54066137566667
EE43124,Estonia,EE,EE0,EE00,EE007,Kirde-Eesti,0.14,0.167592592593333,0.289391534391667,3868.53,-6.43304232805,-8.54066137566667
EE43125,Estonia,EE,EE0,EE00,EE007,Kirde-Eesti,0.14,0.167592592593333,0.289391534391667,3868.53,-6.43304232805,-8.54066137566667
EE43131,Estonia,EE,EE0,EE00,EE007,Kirde-Eesti,0.14,0.167592592593333,0.289391534391667,3868.53,-6.43304232805,-8.54066137566667
EE43132,Estonia,EE,EE0,EE00,EE007,Kirde-Eesti,0.14,0.167592592593333,0.289391534391667,3868.53,-6.43304232805,-8.54066137566667
EE43133,Estonia,EE,EE0,EE00,EE007,Kirde-Eesti,0.14,0.167592592593333,0.289391534391667,3868.53,-6.43304232805,-8.54066137566667
EE43134,Estonia,EE,EE0,EE00,EE007,Kirde-Eesti,0.14,0.167592592593333,0.289391534391667,3868.53,-6.43304232805,-8.54066137566667
EE43137,Estonia,EE,EE0,EE00,EE007,Kirde-Eesti,0.14,0.167592592593333,0.289391534391667,3868.53,-6.43304232805,-8.54066137566667
EE43221,Estonia,EE,EE0,EE00,EE007,Kirde-Eesti,0.14,0.167592592593333,0.289391534391667,3868.53,-6.43304232805,-8.54066137566667
EE43222,Estonia,EE,EE0,EE00,EE007,Kirde-Eesti,0.14,0.167592592593333,0.289391534391667,3868.53,-6.43304232805,-8.54066137566667
EE43225,Estonia,EE,EE0,EE00,EE007,Kirde-Eesti,0.14,0.167592592593333,0.289391534391667,3868.53,-6.43304232805,-8.54066137566667
EE43301,Estonia,EE,EE0,EE00,EE007,Kirde-Eesti,0.14,0.167592592593333,0.289391534391667,3868.53,-6.43304232805,-8.54066137566667
EE43302,Estonia,EE,EE0,EE00,EE007,Kirde-Eesti,0.14,0.167592592593333,0.289391534391667,3868.53,-6.43304232805,-8.54066137566667
EE43304,Estonia,EE,EE0,EE00,EE007,Kirde-Eesti,0.14,0.167592592593333,0.289391534391667,3868.53,-6.43304232805,-8.54066137566667
EE43305,Estonia,EE,EE0,EE00,EE007,Kirde-Eesti,0.14,0.167592592593333,0.289391534391667,3868.53,-6.43304232805,-8.54066137566667
EE43306,Estonia,EE,EE0,EE00,EE007,Kirde-Eesti,0.14,0.167592592593333,0.289391534391667,3868.53,-6.43304232805,-8.54066137566667
EE43307,Estonia,EE,EE0,EE00,EE007,Kirde-Eesti,0.14,0.167592592593333,0.289391534391667,3868.53,-6.43304232805,-8.54066137566667
EE43308,Estonia,EE,EE0,EE00,EE007,Kirde-Eesti,0.14,0.167592592593333,0.289391534391667,3868.53,-6.43304232805,-8.54066137566667
EE43309,Estonia,EE,EE0,EE00,EE007,Kirde-Eesti,0.14,0.167592592593333,0.289391534391667,3868.53,-6.43304232805,-8.54066137566667
EE43310,Estonia,EE,EE0,EE00,EE007,Kirde-Eesti,0.14,0.167592592593333,0.289391534391667,3868.53,-6.43304232805,-8.54066137566667
EE43311,Estonia,EE,EE0,EE00,EE007,Kirde-Eesti,0.14,0.167592592593333,0.289391534391667,3868.53,-6.43304232805,-8.54066137566667
EE43321,Estonia,EE,EE0,EE00,EE007,Kirde-Eesti,0.14,0.167592592593333,0.289391534391667,3868.53,-6.43304232805,-8.54066137566667
EE43401,Estonia,EE,EE0,EE00,EE007,Kirde-Eesti,0.14,0.167592592593333,0.289391534391667,3868.53,-6.43304232805,-8.54066137566667
EE43402,Estonia,EE,EE0,EE00,EE007,Kirde-Eesti,0.14,0.167592592593333,0.289391534391667,3868.53,-6.43304232805,-8.54066137566667
EE43403,Estonia,EE,EE0,EE00,EE007,Kirde-Eesti,0.14,0.167592592593333,0.289391534391667,3868.53,-6.43304232805,-8.54066137566667
EE43404,Estonia,EE,EE0,EE00,EE007,Kirde-Eesti,0.14,0.167592592593333,0.289391534391667,3868.53,-6.43304232805,-8.54066137566667
EE43405,Estonia,EE,EE0,EE00,EE007,Kirde-Eesti,0.14,0.167592592593333,0.289391534391667,3868.53,-6.43304232805,-8.54066137566667
EE43406,Estonia,EE,EE0,EE00,EE007,Kirde-Eesti,0.14,0.167592592593333,0.289391534391667,3868.53,-6.43304232805,-8.54066137566667
EE43408,Estonia,EE,EE0,EE00,EE007,Kirde-Eesti,0.14,0.167592592593333,0.289391534391667,3868.53,-6.43304232805,-8.54066137566667
EE48001,Estonia,EE,EE0,EE00,EE008,Lõuna-Eesti,3.72,0.211602067183333,0.353643410853333,3670.17,-6.1647997416,-8.26105943151667
EE48004,Estonia,EE,EE0,EE00,EE008,Lõuna-Eesti,3.72,0.211602067183333,0.353643410853333,3670.17,-6.1647997416,-8.26105943151667
EE48005,Estonia,EE,EE0,EE00,EE008,Lõuna-Eesti,3.72,0.211602067183333,0.353643410853333,3670.17,-6.1647997416,-8.26105943151667
EE48006,Estonia,EE,EE0,EE00,EE008,Lõuna-Eesti,3.72,0.211602067183333,0.353643410853333,3670.17,-6.1647997416,-8.26105943151667
EE48008,Estonia,EE,EE0,EE00,EE008,Lõuna-Eesti,3.72,0.211602067183333,0.353643410853333,3670.17,-6.1647997416,-8.26105943151667
EE48011,Estonia,EE,EE0,EE00,EE008,Lõuna-Eesti,3.72,0.211602067183333,0.353643410853333,3670.17,-6.1647997416,-8.26105943151667
EE48013,Estonia,EE,EE0,EE00,EE008,Lõuna-Eesti,3.72,0.211602067183333,0.353643410853333,3670.17,-6.1647997416,-8.26105943151667
EE48014,Estonia,EE,EE0,EE00,EE008,Lõuna-Eesti,3.72,0.211602067183333,0.353643410853333,3670.17,-6.1647997416,-8.26105943151667
EE48015,Estonia,EE,EE0,EE00,EE008,Lõuna-Eesti,3.72,0.211602067183333,0.353643410853333,3670.17,-6.1647997416,-8.26105943151667
EE48016,Estonia,EE,EE0,EE00,EE008,Lõuna-Eesti,3.72,0.211602067183333,0.353643410853333,3670.17,-6.1647997416,-8.26105943151667
EE48017,Estonia,EE,EE0,EE00,EE008,Lõuna-Eesti,3.72,0.211602067183333,0.353643410853333,3670.17,-6.1647997416,-8.26105943151667
EE48018,Estonia,EE,EE0,EE00,EE008,Lõuna-Eesti,3.72,0.211602067183333,0.353643410853333,3670.17,-6.1647997416,-8.26105943151667
EE48020,Estonia,EE,EE0,EE00,EE008,Lõuna-Eesti,3.72,0.211602067183333,0.353643410853333,3670.17,-6.1647997416,-8.26105943151667
EE48021,Estonia,EE,EE0,EE00,EE008,Lõuna-Eesti,3.72,0.211602067183333,0.353643410853333,3670.17,-6.1647997416,-8.26105943151667
EE48022,Estonia,EE,EE0,EE00,EE008,Lõuna-Eesti,3.72,0.211602067183333,0.353643410853333,3670.17,-6.1647997416,-8.26105943151667
EE48024,Estonia,EE,EE0,EE00,EE008,Lõuna-Eesti,3.72,0.211602067183333,0.353643410853333,3670.17,-6.1647997416,-8.26105943151667
EE48025,Estonia,EE,EE0,EE00,EE008,Lõuna-Eesti,3.72,0.211602067183333,0.353643410853333,3670.17,-6.1647997416,-8.26105943151667
EE48028,Estonia,EE,EE0,EE00,EE008,Lõuna-Eesti,3.72,0.211602067183333,0.353643410853333,3670.17,-6.1647997416,-8.26105943151667
EE48029,Estonia,EE,EE0,EE00,EE008,Lõuna-Eesti,3.72,0.211602067183333,0.353643410853333,3670.17,-6.1647997416,-8.26105943151667
EE48031,Estonia,EE,EE0,EE00,EE008,Lõuna-Eesti,3.72,0.211602067183333,0.353643410853333,3670.17,-6.1647997416,-8.26105943151667
EE48103,Estonia,EE,EE0,EE00,EE008,Lõuna-Eesti,3.72,0.211602067183333,0.353643410853333,3670.17,-6.1647997416,-8.26105943151667
EE48104,Estonia,EE,EE0,EE00,EE008,Lõuna-Eesti,3.72,0.211602067183333,0.353643410853333,3670.17,-6.1647997416,-8.26105943151667
EE48105,Estonia,EE,EE0,EE00,EE008,Lõuna-Eesti,3.72,0.211602067183333,0.353643410853333,3670.17,-6.1647997416,-8.26105943151667
EE48106,Estonia,EE,EE0,EE00,EE008,Lõuna-Eesti,3.72,0.211602067183333,0.353643410853333,3670.17,-6.1647997416,-8.26105943151667
EE48202,Estonia,EE,EE0,EE00,EE008,Lõuna-Eesti,3.72,0.211602067183333,0.353643410853333,3670.17,-6.1647997416,-8.26105943151667
EE48204,Estonia,EE,EE0,EE00,EE008,Lõuna-Eesti,3.72,0.211602067183333,0.353643410853333,3670.17,-6.1647997416,-8.26105943151667
EE48222,Estonia,EE,EE0,EE00,EE008,Lõuna-Eesti,3.72,0.211602067183333,0.353643410853333,3670.17,-6.1647997416,-8.26105943151667
EE48303,Estonia,EE,EE0,EE00,EE008,Lõuna-Eesti,3.72,0.211602067183333,0.353643410853333,3670.17,-6.1647997416,-8.26105943151667
EE48304,Estonia,EE,EE0,EE00,EE008,Lõuna-Eesti,3.72,0.211602067183333,0.353643410853333,3670.17,-6.1647997416,-8.26105943151667
EE48305,Estonia,EE,EE0,EE00,EE008,Lõuna-Eesti,3.72,0.211602067183333,0.353643410853333,3670.17,-6.1647997416,-8.26105943151667
EE48306,Estonia,EE,EE0,EE00,EE008,Lõuna-Eesti,3.72,0.211602067183333,0.353643410853333,3670.17,-6.1647997416,-8.26105943151667
EE48307,Estonia,EE,EE0,EE00,EE008,Lõuna-Eesti,3.72,0.211602067183333,0.353643410853333,3670.17,-6.1647997416,-8.26105943151667
EE48308,Estonia,EE,EE0,EE00,EE008,Lõuna-Eesti,3.72,0.211602067183333,0.353643410853333,3670.17,-6.1647997416,-8.26105943151667
EE48309,Estonia,EE,EE0,EE00,EE008,Lõuna-Eesti,3.72,0.211602067183333,0.353643410853333,3670.17,-6.1647997416,-8.26105943151667
EE48409,Estonia,EE,EE0,EE00,EE008,Lõuna-Eesti,3.72,0.211602067183333,0.353643410853333,3670.17,-6.1647997416,-8.26105943151667
EE48410,Estonia,EE,EE0,EE00,EE008,Lõuna-Eesti,3.72,0.211602067183333,0.353643410853333,3670.17,-6.1647997416,-8.26105943151667
EE48413,Estonia,EE,EE0,EE00,EE008,Lõuna-Eesti,3.72,0.211602067183333,0.353643410853333,3670.17,-6.1647997416,-8.26105943151667
EE48415,Estonia,EE,EE0,EE00,EE008,Lõuna-Eesti,3.72,0.211602067183333,0.353643410853333,3670.17,-6.1647997416,-8.26105943151667
EE48416,Estonia,EE,EE0,EE00,EE008,Lõuna-Eesti,3.72,0.211602067183333,0.353643410853333,3670.17,-6.1647997416,-8.26105943151667
EE48418,Estonia,EE,EE0,EE00,EE008,Lõuna-Eesti,3.72,0.211602067183333,0.353643410853333,3670.17,-6.1647997416,-8.26105943151667
EE48419,Estonia,EE,EE0,EE00,EE008,Lõuna-Eesti,3.72,0.211602067183333,0.353643410853333,3670.17,-6.1647997416,-8.26105943151667
EE48422,Estonia,EE,EE0,EE00,EE008,Lõuna-Eesti,3.72,0.211602067183333,0.353643410853333,3670.17,-6.1647997416,-8.26105943151667
EE48424,Estonia,EE,EE0,EE00,EE008,Lõuna-Eesti,3.72,0.211602067183333,0.353643410853333,3670.17,-6.1647997416,-8.26105943151667
EE48427,Estonia,EE,EE0,EE00,EE008,Lõuna-Eesti,3.72,0.211602067183333,0.353643410853333,3670.17,-6.1647997416,-8.26105943151667
EE48429,Estonia,EE,EE0,EE00,EE008,Lõuna-Eesti,3.72,0.211602067183333,0.353643410853333,3670.17,-6.1647997416,-8.26105943151667
EE48432,Estonia,EE,EE0,EE00,EE008,Lõuna-Eesti,3.72,0.211602067183333,0.353643410853333,3670.17,-6.1647997416,-8.26105943151667
EE48433,Estonia,EE,EE0,EE00,EE008,Lõuna-Eesti,3.72,0.211602067183333,0.353643410853333,3670.17,-6.1647997416,-8.26105943151667
EE48434,Estonia,EE,EE0,EE00,EE008,Lõuna-Eesti,3.72,0.211602067183333,0.353643410853333,3670.17,-6.1647997416,-8.26105943151667
EE48435,Estonia,EE,EE0,EE00,EE008,Lõuna-Eesti,3.72,0.211602067183333,0.353643410853333,3670.17,-6.1647997416,-8.26105943151667
EE48436,Estonia,EE,EE0,EE00,EE008,Lõuna-Eesti,3.72,0.211602067183333,0.353643410853333,3670.17,-6.1647997416,-8.26105943151667
EE48438,Estonia,EE,EE0,EE00,EE008,Lõuna-Eesti,3.72,0.211602067183333,0.353643410853333,3670.17,-6.1647997416,-8.26105943151667
EE48439,Estonia,EE,EE0,EE00,EE008,Lõuna-Eesti,3.72,0.211602067183333,0.353643410853333,3670.17,-6.1647997416,-8.26105943151667
EE48440,Estonia,EE,EE0,EE00,EE008,Lõuna-Eesti,3.72,0.211602067183333,0.353643410853333,3670.17,-6.1647997416,-8.26105943151667
EE48444,Estonia,EE,EE0,EE00,EE008,Lõuna-Eesti,3.72,0.211602067183333,0.353643410853333,3670.17,-6.1647997416,-8.26105943151667
EE48445,Estonia,EE,EE0,EE00,EE008,Lõuna-Eesti,3.72,0.211602067183333,0.353643410853333,3670.17,-6.1647997416,-8.26105943151667
EE48446,Estonia,EE,EE0,EE00,EE008,Lõuna-Eesti,3.72,0.211602067183333,0.353643410853333,3670.17,-6.1647997416,-8.26105943151667
EE48501,Estonia,EE,EE0,EE00,EE008,Lõuna-Eesti,3.72,0.211602067183333,0.353643410853333,3670.17,-6.1647997416,-8.26105943151667
EE48502,Estonia,EE,EE0,EE00,EE008,Lõuna-Eesti,3.72,0.211602067183333,0.353643410853333,3670.17,-6.1647997416,-8.26105943151667
EE48506,Estonia,EE,EE0,EE00,EE008,Lõuna-Eesti,3.72,0.211602067183333,0.353643410853333,3670.17,-6.1647997416,-8.26105943151667
EE48507,Estonia,EE,EE0,EE00,EE008,Lõuna-Eesti,3.72,0.211602067183333,0.353643410853333,3670.17,-6.1647997416,-8.26105943151667
EE48508,Estonia,EE,EE0,EE00,EE008,Lõuna-Eesti,3.72,0.211602067183333,0.353643410853333,3670.17,-6.1647997416,-8.26105943151667
EE48511,Estonia,EE,EE0,EE00,EE008,Lõuna-Eesti,3.72,0.211602067183333,0.353643410853333,3670.17,-6.1647997416,-8.26105943151667
EE48512,Estonia,EE,EE0,EE00,EE008,Lõuna-Eesti,3.72,0.211602067183333,0.353643410853333,3670.17,-6.1647997416,-8.26105943151667
EE48514,Estonia,EE,EE0,EE00,EE008,Lõuna-Eesti,3.72,0.211602067183333,0.353643410853333,3670.17,-6.1647997416,-8.26105943151667
EE48522,Estonia,EE,EE0,EE00,EE008,Lõuna-Eesti,3.72,0.211602067183333,0.353643410853333,3670.17,-6.1647997416,-8.26105943151667
EE48524,Estonia,EE,EE0,EE00,EE008,Lõuna-Eesti,3.72,0.211602067183333,0.353643410853333,3670.17,-6.1647997416,-8.26105943151667
EE48525,Estonia,EE,EE0,EE00,EE008,Lõuna-Eesti,3.72,0.211602067183333,0.353643410853333,3670.17,-6.1647997416,-8.26105943151667
EE48526,Estonia,EE,EE0,EE00,EE008,Lõuna-Eesti,3.72,0.211602067183333,0.353643410853333,3670.17,-6.1647997416,-8.26105943151667
EE49002,Estonia,EE,EE0,EE00,EE008,Lõuna-Eesti,3.72,0.211602067183333,0.353643410853333,3670.17,-6.1647997416,-8.26105943151667
EE49005,Estonia,EE,EE0,EE00,EE008,Lõuna-Eesti,3.72,0.211602067183333,0.353643410853333,3670.17,-6.1647997416,-8.26105943151667
EE49008,Estonia,EE,EE0,EE00,EE008,Lõuna-Eesti,3.72,0.211602067183333,0.353643410853333,3670.17,-6.1647997416,-8.26105943151667
EE49009,Estonia,EE,EE0,EE00,EE008,Lõuna-Eesti,3.72,0.211602067183333,0.353643410853333,3670.17,-6.1647997416,-8.26105943151667
EE49014,Estonia,EE,EE0,EE00,EE008,Lõuna-Eesti,3.72,0.211602067183333,0.353643410853333,3670.17,-6.1647997416,-8.26105943151667
EE49113,Estonia,EE,EE0,EE00,EE008,Lõuna-Eesti,3.72,0.211602067183333,0.353643410853333,3670.17,-6.1647997416,-8.26105943151667
EE49115,Estonia,EE,EE0,EE00,EE008,Lõuna-Eesti,3.72,0.211602067183333,0.353643410853333,3670.17,-6.1647997416,-8.26105943151667
EE49120,Estonia,EE,EE0,EE00,EE008,Lõuna-Eesti,3.72,0.211602067183333,0.353643410853333,3670.17,-6.1647997416,-8.26105943151667
EE49121,Estonia,EE,EE0,EE00,EE008,Lõuna-Eesti,3.72,0.211602067183333,0.353643410853333,3670.17,-6.1647997416,-8.26105943151667
EE49122,Estonia,EE,EE0,EE00,EE008,Lõuna-Eesti,3.72,0.211602067183333,0.353643410853333,3670.17,-6.1647997416,-8.26105943151667
EE49124,Estonia,EE,EE0,EE00,EE008,Lõuna-Eesti,3.72,0.211602067183333,0.353643410853333,3670.17,-6.1647997416,-8.26105943151667
EE49125,Estonia,EE,EE0,EE00,EE008,Lõuna-Eesti,3.72,0.211602067183333,0.353643410853333,3670.17,-6.1647997416,-8.26105943151667
EE49127,Estonia,EE,EE0,EE00,EE008,Lõuna-Eesti,3.72,0.211602067183333,0.353643410853333,3670.17,-6.1647997416,-8.26105943151667
EE49201,Estonia,EE,EE0,EE00,EE008,Lõuna-Eesti,3.72,0.211602067183333,0.353643410853333,3670.17,-6.1647997416,-8.26105943151667
EE49204,Estonia,EE,EE0,EE00,EE008,Lõuna-Eesti,3.72,0.211602067183333,0.353643410853333,3670.17,-6.1647997416,-8.26105943151667
EE49211,Estonia,EE,EE0,EE00,EE008,Lõuna-Eesti,3.72,0.211602067183333,0.353643410853333,3670.17,-6.1647997416,-8.26105943151667
EE49212,Estonia,EE,EE0,EE00,EE008,Lõuna-Eesti,3.72,0.211602067183333,0.353643410853333,3670.17,-6.1647997416,-8.26105943151667
EE49213,Estonia,EE,EE0,EE00,EE008,Lõuna-Eesti,3.72,0.211602067183333,0.353643410853333,3670.17,-6.1647997416,-8.26105943151667
EE49225,Estonia,EE,EE0,EE00,EE008,Lõuna-Eesti,3.72,0.211602067183333,0.353643410853333,3670.17,-6.1647997416,-8.26105943151667
EE49226,Estonia,EE,EE0,EE00,EE008,Lõuna-Eesti,3.72,0.211602067183333,0.353643410853333,3670.17,-6.1647997416,-8.26105943151667
EE49311,Estonia,EE,EE0,EE00,EE008,Lõuna-Eesti,3.72,0.211602067183333,0.353643410853333,3670.17,-6.1647997416,-8.26105943151667
EE49315,Estonia,EE,EE0,EE00,EE008,Lõuna-Eesti,3.72,0.211602067183333,0.353643410853333,3670.17,-6.1647997416,-8.26105943151667
EE49320,Estonia,EE,EE0,EE00,EE008,Lõuna-Eesti,3.72,0.211602067183333,0.353643410853333,3670.17,-6.1647997416,-8.26105943151667
EE49323,Estonia,EE,EE0,EE00,EE008,Lõuna-Eesti,3.72,0.211602067183333,0.353643410853333,3670.17,-6.1647997416,-8.26105943151667
EE49407,Estonia,EE,EE0,EE00,EE008,Lõuna-Eesti,3.72,0.211602067183333,0.353643410853333,3670.17,-6.1647997416,-8.26105943151667
EE49413,Estonia,EE,EE0,EE00,EE008,Lõuna-Eesti,3.72,0.211602067183333,0.353643410853333,3670.17,-6.1647997416,-8.26105943151667
EE49416,Estonia,EE,EE0,EE00,EE008,Lõuna-Eesti,3.72,0.211602067183333,0.353643410853333,3670.17,-6.1647997416,-8.26105943151667
EE49417,Estonia,EE,EE0,EE00,EE008,Lõuna-Eesti,3.72,0.211602067183333,0.353643410853333,3670.17,-6.1647997416,-8.26105943151667
EE49418,Estonia,EE,EE0,EE00,EE008,Lõuna-Eesti,3.72,0.211602067183333,0.353643410853333,3670.17,-6.1647997416,-8.26105943151667
EE49423,Estonia,EE,EE0,EE00,EE008,Lõuna-Eesti,3.72,0.211602067183333,0.353643410853333,3670.17,-6.1647997416,-8.26105943151667
EE49502,Estonia,EE,EE0,EE00,EE008,Lõuna-Eesti,3.72,0.211602067183333,0.353643410853333,3670.17,-6.1647997416,-8.26105943151667
EE49503,Estonia,EE,EE0,EE00,EE008,Lõuna-Eesti,3.72,0.211602067183333,0.353643410853333,3670.17,-6.1647997416,-8.26105943151667
EE49504,Estonia,EE,EE0,EE00,EE008,Lõuna-Eesti,3.72,0.211602067183333,0.353643410853333,3670.17,-6.1647997416,-8.26105943151667
EE49506,Estonia,EE,EE0,EE00,EE008,Lõuna-Eesti,3.72,0.211602067183333,0.353643410853333,3670.17,-6.1647997416,-8.26105943151667
EE49507,Estonia,EE,EE0,EE00,EE008,Lõuna-Eesti,3.72,0.211602067183333,0.353643410853333,3670.17,-6.1647997416,-8.26105943151667
EE49508,Estonia,EE,EE0,EE00,EE008,Lõuna-Eesti,3.72,0.211602067183333,0.353643410853333,3670.17,-6.1647997416,-8.26105943151667
EE49509,Estonia,EE,EE0,EE00,EE008,Lõuna-Eesti,3.72,0.211602067183333,0.353643410853333,3670.17,-6.1647997416,-8.26105943151667
EE49603,Estonia,EE,EE0,EE00,EE008,Lõuna-Eesti,3.72,0.211602067183333,0.353643410853333,3670.17,-6.1647997416,-8.26105943151667
EE49604,Estonia,EE,EE0,EE00,EE008,Lõuna-Eesti,3.72,0.211602067183333,0.353643410853333,3670.17,-6.1647997416,-8.26105943151667
EE50050,Estonia,EE,EE0,EE00,EE008,Lõuna-Eesti,3.72,0.211602067183333,0.353643410853333,3670.17,-6.1647997416,-8.26105943151667
EE50091,Estonia,EE,EE0,EE00,EE008,Lõuna-Eesti,3.72,0.211602067183333,0.353643410853333,3670.17,-6.1647997416,-8.26105943151667
EE50093,Estonia,EE,EE0,EE00,EE008,Lõuna-Eesti,3.72,0.211602067183333,0.353643410853333,3670.17,-6.1647997416,-8.26105943151667
EE50099,Estonia,EE,EE0,EE00,EE008,Lõuna-Eesti,3.72,0.211602067183333,0.353643410853333,3670.17,-6.1647997416,-8.26105943151667
EE50103,Estonia,EE,EE0,EE00,EE008,Lõuna-Eesti,3.72,0.211602067183333,0.353643410853333,3670.17,-6.1647997416,-8.26105943151667
EE50104,Estonia,EE,EE0,EE00,EE008,Lõuna-Eesti,3.72,0.211602067183333,0.353643410853333,3670.17,-6.1647997416,-8.26105943151667
EE50105,Estonia,EE,EE0,EE00,EE008,Lõuna-Eesti,3.72,0.211602067183333,0.353643410853333,3670.17,-6.1647997416,-8.26105943151667
EE50106,Estonia,EE,EE0,EE00,EE008,Lõuna-Eesti,3.72,0.211602067183333,0.353643410853333,3670.17,-6.1647997416,-8.26105943151667
EE50107,Estonia,EE,EE0,EE00,EE008,Lõuna-Eesti,3.72,0.211602067183333,0.353643410853333,3670.17,-6.1647997416,-8.26105943151667
EE50108,Estonia,EE,EE0,EE00,EE008,Lõuna-Eesti,3.72,0.211602067183333,0.353643410853333,3670.17,-6.1647997416,-8.26105943151667
EE50109,Estonia,EE,EE0,EE00,EE008,Lõuna-Eesti,3.72,0.211602067183333,0.353643410853333,3670.17,-6.1647997416,-8.26105943151667
EE50110,Estonia,EE,EE0,EE00,EE008,Lõuna-Eesti,3.72,0.211602067183333,0.353643410853333,3670.17,-6.1647997416,-8.26105943151667
EE50111,Estonia,EE,EE0,EE00,EE008,Lõuna-Eesti,3.72,0.211602067183333,0.353643410853333,3670.17,-6.1647997416,-8.26105943151667
EE50112,Estonia,EE,EE0,EE00,EE008,Lõuna-Eesti,3.72,0.211602067183333,0.353643410853333,3670.17,-6.1647997416,-8.26105943151667
EE50113,Estonia,EE,EE0,EE00,EE008,Lõuna-Eesti,3.72,0.211602067183333,0.353643410853333,3670.17,-6.1647997416,-8.26105943151667
EE50114,Estonia,EE,EE0,EE00,EE008,Lõuna-Eesti,3.72,0.211602067183333,0.353643410853333,3670.17,-6.1647997416,-8.26105943151667
EE50115,Estonia,EE,EE0,EE00,EE008,Lõuna-Eesti,3.72,0.211602067183333,0.353643410853333,3670.17,-6.1647997416,-8.26105943151667
EE50303,Estonia,EE,EE0,EE00,EE008,Lõuna-Eesti,3.72,0.211602067183333,0.353643410853333,3670.17,-6.1647997416,-8.26105943151667
EE50304,Estonia,EE,EE0,EE00,EE008,Lõuna-Eesti,3.72,0.211602067183333,0.353643410853333,3670.17,-6.1647997416,-8.26105943151667
EE50403,Estonia,EE,EE0,EE00,EE008,Lõuna-Eesti,3.72,0.211602067183333,0.353643410853333,3670.17,-6.1647997416,-8.26105943151667
EE50404,Estonia,EE,EE0,EE00,EE008,Lõuna-Eesti,3.72,0.211602067183333,0.353643410853333,3670.17,-6.1647997416,-8.26105943151667
EE50405,Estonia,EE,EE0,EE00,EE008,Lõuna-Eesti,3.72,0.211602067183333,0.353643410853333,3670.17,-6.1647997416,-8.26105943151667
EE50406,Estonia,EE,EE0,EE00,EE008,Lõuna-Eesti,3.72,0.211602067183333,0.353643410853333,3670.17,-6.1647997416,-8.26105943151667
EE50407,Estonia,EE,EE0,EE00,EE008,Lõuna-Eesti,3.72,0.211602067183333,0.353643410853333,3670.17,-6.1647997416,-8.26105943151667
EE50408,Estonia,EE,EE0,EE00,EE008,Lõuna-Eesti,3.72,0.211602067183333,0.353643410853333,3670.17,-6.1647997416,-8.26105943151667
EE50409,Estonia,EE,EE0,EE00,EE008,Lõuna-Eesti,3.72,0.211602067183333,0.353643410853333,3670.17,-6.1647997416,-8.26105943151667
EE50410,Estonia,EE,EE0,EE00,EE008,Lõuna-Eesti,3.72,0.211602067183333,0.353643410853333,3670.17,-6.1647997416,-8.26105943151667
EE50411,Estonia,EE,EE0,EE00,EE008,Lõuna-Eesti,3.72,0.211602067183333,0.353643410853333,3670.17,-6.1647997416,-8.26105943151667
EE50412,Estonia,EE,EE0,EE00,EE008,Lõuna-Eesti,3.72,0.211602067183333,0.353643410853333,3670.17,-6.1647997416,-8.26105943151667
EE50413,Estonia,EE,EE0,EE00,EE008,Lõuna-Eesti,3.72,0.211602067183333,0.353643410853333,3670.17,-6.1647997416,-8.26105943151667
EE50414,Estonia,EE,EE0,EE00,EE008,Lõuna-Eesti,3.72,0.211602067183333,0.353643410853333,3670.17,-6.1647997416,-8.26105943151667
EE50415,Estonia,EE,EE0,EE00,EE008,Lõuna-Eesti,3.72,0.211602067183333,0.353643410853333,3670.17,-6.1647997416,-8.26105943151667
EE50416,Estonia,EE,EE0,EE00,EE008,Lõuna-Eesti,3.72,0.211602067183333,0.353643410853333,3670.17,-6.1647997416,-8.26105943151667
EE50417,Estonia,EE,EE0,EE00,EE008,Lõuna-Eesti,3.72,0.211602067183333,0.353643410853333,3670.17,-6.1647997416,-8.26105943151667
EE50601,Estonia,EE,EE0,EE00,EE008,Lõuna-Eesti,3.72,0.211602067183333,0.353643410853333,3670.17,-6.1647997416,-8.26105943151667
EE50603,Estonia,EE,EE0,EE00,EE008,Lõuna-Eesti,3.72,0.211602067183333,0.353643410853333,3670.17,-6.1647997416,-8.26105943151667
EE50604,Estonia,EE,EE0,EE00,EE008,Lõuna-Eesti,3.72,0.211602067183333,0.353643410853333,3670.17,-6.1647997416,-8.26105943151667
EE50605,Estonia,EE,EE0,EE00,EE008,Lõuna-Eesti,3.72,0.211602067183333,0.353643410853333,3670.17,-6.1647997416,-8.26105943151667
EE50606,Estonia,EE,EE0,EE00,EE008,Lõuna-Eesti,3.72,0.211602067183333,0.353643410853333,3670.17,-6.1647997416,-8.26105943151667
EE50607,Estonia,EE,EE0,EE00,EE008,Lõuna-Eesti,3.72,0.211602067183333,0.353643410853333,3670.17,-6.1647997416,-8.26105943151667
EE50703,Estonia,EE,EE0,EE00,EE008,Lõuna-Eesti,3.72,0.211602067183333,0.353643410853333,3670.17,-6.1647997416,-8.26105943151667
EE50704,Estonia,EE,EE0,EE00,EE008,Lõuna-Eesti,3.72,0.211602067183333,0.353643410853333,3670.17,-6.1647997416,-8.26105943151667
EE50705,Estonia,EE,EE0,EE00,EE008,Lõuna-Eesti,3.72,0.211602067183333,0.353643410853333,3670.17,-6.1647997416,-8.26105943151667
EE50706,Estonia,EE,EE0,EE00,EE008,Lõuna-Eesti,3.72,0.211602067183333,0.353643410853333,3670.17,-6.1647997416,-8.26105943151667
EE50707,Estonia,EE,EE0,EE00,EE008,Lõuna-Eesti,3.72,0.211602067183333,0.353643410853333,3670.17,-6.1647997416,-8.26105943151667
EE50708,Estonia,EE,EE0,EE00,EE008,Lõuna-Eesti,3.72,0.211602067183333,0.353643410853333,3670.17,-6.1647997416,-8.26105943151667
EE51003,Estonia,EE,EE0,EE00,EE008,Lõuna-Eesti,3.72,0.211602067183333,0.353643410853333,3670.17,-6.1647997416,-8.26105943151667
EE51004,Estonia,EE,EE0,EE00,EE008,Lõuna-Eesti,3.72,0.211602067183333,0.353643410853333,3670.17,-6.1647997416,-8.26105943151667
EE51005,Estonia,EE,EE0,EE00,EE008,Lõuna-Eesti,3.72,0.211602067183333,0.353643410853333,3670.17,-6.1647997416,-8.26105943151667
EE51006,Estonia,EE,EE0,EE00,EE008,Lõuna-Eesti,3.72,0.211602067183333,0.353643410853333,3670.17,-6.1647997416,-8.26105943151667
EE51007,Estonia,EE,EE0,EE00,EE008,Lõuna-Eesti,3.72,0.211602067183333,0.353643410853333,3670.17,-6.1647997416,-8.26105943151667
EE51008,Estonia,EE,EE0,EE00,EE008,Lõuna-Eesti,3.72,0.211602067183333,0.353643410853333,3670.17,-6.1647997416,-8.26105943151667
EE51009,Estonia,EE,EE0,EE00,EE008,Lõuna-Eesti,3.72,0.211602067183333,0.353643410853333,3670.17,-6.1647997416,-8.26105943151667
EE51010,Estonia,EE,EE0,EE00,EE008,Lõuna-Eesti,3.72,0.211602067183333,0.353643410853333,3670.17,-6.1647997416,-8.26105943151667
EE51011,Estonia,EE,EE0,EE00,EE008,Lõuna-Eesti,3.72,0.211602067183333,0.353643410853333,3670.17,-6.1647997416,-8.26105943151667
EE51013,Estonia,EE,EE0,EE00,EE008,Lõuna-Eesti,3.72,0.211602067183333,0.353643410853333,3670.17,-6.1647997416,-8.26105943151667
EE51014,Estonia,EE,EE0,EE00,EE008,Lõuna-Eesti,3.72,0.211602067183333,0.353643410853333,3670.17,-6.1647997416,-8.26105943151667
EE51017,Estonia,EE,EE0,EE00,EE008,Lõuna-Eesti,3.72,0.211602067183333,0.353643410853333,3670.17,-6.1647997416,-8.26105943151667
EE60103,Estonia,EE,EE0,EE00,EE008,Lõuna-Eesti,3.72,0.211602067183333,0.353643410853333,3670.17,-6.1647997416,-8.26105943151667
EE60104,Estonia,EE,EE0,EE00,EE008,Lõuna-Eesti,3.72,0.211602067183333,0.353643410853333,3670.17,-6.1647997416,-8.26105943151667
EE60201,Estonia,EE,EE0,EE00,EE008,Lõuna-Eesti,3.72,0.211602067183333,0.353643410853333,3670.17,-6.1647997416,-8.26105943151667
EE60202,Estonia,EE,EE0,EE00,EE008,Lõuna-Eesti,3.72,0.211602067183333,0.353643410853333,3670.17,-6.1647997416,-8.26105943151667
EE60203,Estonia,EE,EE0,EE00,EE008,Lõuna-Eesti,3.72,0.211602067183333,0.353643410853333,3670.17,-6.1647997416,-8.26105943151667
EE60207,Estonia,EE,EE0,EE00,EE008,Lõuna-Eesti,3.72,0.211602067183333,0.353643410853333,3670.17,-6.1647997416,-8.26105943151667
EE60211,Estonia,EE,EE0,EE00,EE008,Lõuna-Eesti,3.72,0.211602067183333,0.353643410853333,3670.17,-6.1647997416,-8.26105943151667
EE60217,Estonia,EE,EE0,EE00,EE008,Lõuna-Eesti,3.72,0.211602067183333,0.353643410853333,3670.17,-6.1647997416,-8.26105943151667
EE60219,Estonia,EE,EE0,EE00,EE008,Lõuna-Eesti,3.72,0.211602067183333,0.353643410853333,3670.17,-6.1647997416,-8.26105943151667
EE60223,Estonia,EE,EE0,EE00,EE008,Lõuna-Eesti,3.72,0.211602067183333,0.353643410853333,3670.17,-6.1647997416,-8.26105943151667
EE60224,Estonia,EE,EE0,EE00,EE008,Lõuna-Eesti,3.72,0.211602067183333,0.353643410853333,3670.17,-6.1647997416,-8.26105943151667
EE60228,Estonia,EE,EE0,EE00,EE008,Lõuna-Eesti,3.72,0.211602067183333,0.353643410853333,3670.17,-6.1647997416,-8.26105943151667
EE60302,Estonia,EE,EE0,EE00,EE008,Lõuna-Eesti,3.72,0.211602067183333,0.353643410853333,3670.17,-6.1647997416,-8.26105943151667
EE60305,Estonia,EE,EE0,EE00,EE008,Lõuna-Eesti,3.72,0.211602067183333,0.353643410853333,3670.17,-6.1647997416,-8.26105943151667
EE60306,Estonia,EE,EE0,EE00,EE008,Lõuna-Eesti,3.72,0.211602067183333,0.353643410853333,3670.17,-6.1647997416,-8.26105943151667
EE60403,Estonia,EE,EE0,EE00,EE008,Lõuna-Eesti,3.72,0.211602067183333,0.353643410853333,3670.17,-6.1647997416,-8.26105943151667
EE60405,Estonia,EE,EE0,EE00,EE008,Lõuna-Eesti,3.72,0.211602067183333,0.353643410853333,3670.17,-6.1647997416,-8.26105943151667
EE60409,Estonia,EE,EE0,EE00,EE008,Lõuna-Eesti,3.72,0.211602067183333,0.353643410853333,3670.17,-6.1647997416,-8.26105943151667
EE60410,Estonia,EE,EE0,EE00,EE008,Lõuna-Eesti,3.72,0.211602067183333,0.353643410853333,3670.17,-6.1647997416,-8.26105943151667
EE60411,Estonia,EE,EE0,EE00,EE008,Lõuna-Eesti,3.72,0.211602067183333,0.353643410853333,3670.17,-6.1647997416,-8.26105943151667
EE60421,Estonia,EE,EE0,EE00,EE008,Lõuna-Eesti,3.72,0.211602067183333,0.353643410853333,3670.17,-6.1647997416,-8.26105943151667
EE60426,Estonia,EE,EE0,EE00,EE008,Lõuna-Eesti,3.72,0.211602067183333,0.353643410853333,3670.17,-6.1647997416,-8.26105943151667
EE60431,Estonia,EE,EE0,EE00,EE008,Lõuna-Eesti,3.72,0.211602067183333,0.353643410853333,3670.17,-6.1647997416,-8.26105943151667
EE60432,Estonia,EE,EE0,EE00,EE008,Lõuna-Eesti,3.72,0.211602067183333,0.353643410853333,3670.17,-6.1647997416,-8.26105943151667
EE60502,Estonia,EE,EE0,EE00,EE008,Lõuna-Eesti,3.72,0.211602067183333,0.353643410853333,3670.17,-6.1647997416,-8.26105943151667
EE60503,Estonia,EE,EE0,EE00,EE008,Lõuna-Eesti,3.72,0.211602067183333,0.353643410853333,3670.17,-6.1647997416,-8.26105943151667
EE60505,Estonia,EE,EE0,EE00,EE008,Lõuna-Eesti,3.72,0.211602067183333,0.353643410853333,3670.17,-6.1647997416,-8.26105943151667
EE60506,Estonia,EE,EE0,EE00,EE008,Lõuna-Eesti,3.72,0.211602067183333,0.353643410853333,3670.17,-6.1647997416,-8.26105943151667
EE60508,Estonia,EE,EE0,EE00,EE008,Lõuna-Eesti,3.72,0.211602067183333,0.353643410853333,3670.17,-6.1647997416,-8.26105943151667
EE60510,Estonia,EE,EE0,EE00,EE008,Lõuna-Eesti,3.72,0.211602067183333,0.353643410853333,3670.17,-6.1647997416,-8.26105943151667
EE60512,Estonia,EE,EE0,EE00,EE008,Lõuna-Eesti,3.72,0.211602067183333,0.353643410853333,3670.17,-6.1647997416,-8.26105943151667
EE60513,Estonia,EE,EE0,EE00,EE008,Lõuna-Eesti,3.72,0.211602067183333,0.353643410853333,3670.17,-6.1647997416,-8.26105943151667
EE60515,Estonia,EE,EE0,EE00,EE008,Lõuna-Eesti,3.72,0.211602067183333,0.353643410853333,3670.17,-6.1647997416,-8.26105943151667
EE60516,Estonia,EE,EE0,EE00,EE008,Lõuna-Eesti,3.72,0.211602067183333,0.353643410853333,3670.17,-6.1647997416,-8.26105943151667
EE60517,Estonia,EE,EE0,EE00,EE008,Lõuna-Eesti,3.72,0.211602067183333,0.353643410853333,3670.17,-6.1647997416,-8.26105943151667
EE60519,Estonia,EE,EE0,EE00,EE008,Lõuna-Eesti,3.72,0.211602067183333,0.353643410853333,3670.17,-6.1647997416,-8.26105943151667
EE60521,Estonia,EE,EE0,EE00,EE008,Lõuna-Eesti,3.72,0.211602067183333,0.353643410853333,3670.17,-6.1647997416,-8.26105943151667
EE60522,Estonia,EE,EE0,EE00,EE008,Lõuna-Eesti,3.72,0.211602067183333,0.353643410853333,3670.17,-6.1647997416,-8.26105943151667
EE60532,Estonia,EE,EE0,EE00,EE008,Lõuna-Eesti,3.72,0.211602067183333,0.353643410853333,3670.17,-6.1647997416,-8.26105943151667
EE60533,Estonia,EE,EE0,EE00,EE008,Lõuna-Eesti,3.72,0.211602067183333,0.353643410853333,3670.17,-6.1647997416,-8.26105943151667
EE60534,Estonia,EE,EE0,EE00,EE008,Lõuna-Eesti,3.72,0.211602067183333,0.353643410853333,3670.17,-6.1647997416,-8.26105943151667
EE60535,Estonia,EE,EE0,EE00,EE008,Lõuna-Eesti,3.72,0.211602067183333,0.353643410853333,3670.17,-6.1647997416,-8.26105943151667
EE60536,Estonia,EE,EE0,EE00,EE008,Lõuna-Eesti,3.72,0.211602067183333,0.353643410853333,3670.17,-6.1647997416,-8.26105943151667
EE60537,Estonia,EE,EE0,EE00,EE008,Lõuna-Eesti,3.72,0.211602067183333,0.353643410853333,3670.17,-6.1647997416,-8.26105943151667
EE60540,Estonia,EE,EE0,EE00,EE008,Lõuna-Eesti,3.72,0.211602067183333,0.353643410853333,3670.17,-6.1647997416,-8.26105943151667
EE60541,Estonia,EE,EE0,EE00,EE008,Lõuna-Eesti,3.72,0.211602067183333,0.353643410853333,3670.17,-6.1647997416,-8.26105943151667
EE60542,Estonia,EE,EE0,EE00,EE008,Lõuna-Eesti,3.72,0.211602067183333,0.353643410853333,3670.17,-6.1647997416,-8.26105943151667
EE60543,Estonia,EE,EE0,EE00,EE008,Lõuna-Eesti,3.72,0.211602067183333,0.353643410853333,3670.17,-6.1647997416,-8.26105943151667
EE60549,Estonia,EE,EE0,EE00,EE008,Lõuna-Eesti,3.72,0.211602067183333,0.353643410853333,3670.17,-6.1647997416,-8.26105943151667
EE60602,Estonia,EE,EE0,EE00,EE008,Lõuna-Eesti,3.72,0.211602067183333,0.353643410853333,3670.17,-6.1647997416,-8.26105943151667
EE60603,Estonia,EE,EE0,EE00,EE008,Lõuna-Eesti,3.72,0.211602067183333,0.353643410853333,3670.17,-6.1647997416,-8.26105943151667
EE60604,Estonia,EE,EE0,EE00,EE008,Lõuna-Eesti,3.72,0.211602067183333,0.353643410853333,3670.17,-6.1647997416,-8.26105943151667
EE60605,Estonia,EE,EE0,EE00,EE008,Lõuna-Eesti,3.72,0.211602067183333,0.353643410853333,3670.17,-6.1647997416,-8.26105943151667
EE60608,Estonia,EE,EE0,EE00,EE008,Lõuna-Eesti,3.72,0.211602067183333,0.353643410853333,3670.17,-6.1647997416,-8.26105943151667
EE61001,Estonia,EE,EE0,EE00,EE008,Lõuna-Eesti,3.72,0.211602067183333,0.353643410853333,3670.17,-6.1647997416,-8.26105943151667
EE61002,Estonia,EE,EE0,EE00,EE008,Lõuna-Eesti,3.72,0.211602067183333,0.353643410853333,3670.17,-6.1647997416,-8.26105943151667
EE61003,Estonia,EE,EE0,EE00,EE008,Lõuna-Eesti,3.72,0.211602067183333,0.353643410853333,3670.17,-6.1647997416,-8.26105943151667
EE61004,Estonia,EE,EE0,EE00,EE008,Lõuna-Eesti,3.72,0.211602067183333,0.353643410853333,3670.17,-6.1647997416,-8.26105943151667
EE61005,Estonia,EE,EE0,EE00,EE008,Lõuna-Eesti,3.72,0.211602067183333,0.353643410853333,3670.17,-6.1647997416,-8.26105943151667
EE61006,Estonia,EE,EE0,EE00,EE008,Lõuna-Eesti,3.72,0.211602067183333,0.353643410853333,3670.17,-6.1647997416,-8.26105943151667
EE61007,Estonia,EE,EE0,EE00,EE008,Lõuna-Eesti,3.72,0.211602067183333,0.353643410853333,3670.17,-6.1647997416,-8.26105943151667
EE61008,Estonia,EE,EE0,EE00,EE008,Lõuna-Eesti,3.72,0.211602067183333,0.353643410853333,3670.17,-6.1647997416,-8.26105943151667
EE61009,Estonia,EE,EE0,EE00,EE008,Lõuna-Eesti,3.72,0.211602067183333,0.353643410853333,3670.17,-6.1647997416,-8.26105943151667
EE61011,Estonia,EE,EE0,EE00,EE008,Lõuna-Eesti,3.72,0.211602067183333,0.353643410853333,3670.17,-6.1647997416,-8.26105943151667
EE61014,Estonia,EE,EE0,EE00,EE008,Lõuna-Eesti,3.72,0.211602067183333,0.353643410853333,3670.17,-6.1647997416,-8.26105943151667
EE61015,Estonia,EE,EE0,EE00,EE008,Lõuna-Eesti,3.72,0.211602067183333,0.353643410853333,3670.17,-6.1647997416,-8.26105943151667
EE61016,Estonia,EE,EE0,EE00,EE008,Lõuna-Eesti,3.72,0.211602067183333,0.353643410853333,3670.17,-6.1647997416,-8.26105943151667
EE61017,Estonia,EE,EE0,EE00,EE008,Lõuna-Eesti,3.72,0.211602067183333,0.353643410853333,3670.17,-6.1647997416,-8.26105943151667
EE61102,Estonia,EE,EE0,EE00,EE008,Lõuna-Eesti,3.72,0.211602067183333,0.353643410853333,3670.17,-6.1647997416,-8.26105943151667
EE61103,Estonia,EE,EE0,EE00,EE008,Lõuna-Eesti,3.72,0.211602067183333,0.353643410853333,3670.17,-6.1647997416,-8.26105943151667
EE61104,Estonia,EE,EE0,EE00,EE008,Lõuna-Eesti,3.72,0.211602067183333,0.353643410853333,3670.17,-6.1647997416,-8.26105943151667
EE61109,Estonia,EE,EE0,EE00,EE008,Lõuna-Eesti,3.72,0.211602067183333,0.353643410853333,3670.17,-6.1647997416,-8.26105943151667
EE61110,Estonia,EE,EE0,EE00,EE008,Lõuna-Eesti,3.72,0.211602067183333,0.353643410853333,3670.17,-6.1647997416,-8.26105943151667
EE61112,Estonia,EE,EE0,EE00,EE008,Lõuna-Eesti,3.72,0.211602067183333,0.353643410853333,3670.17,-6.1647997416,-8.26105943151667
EE61113,Estonia,EE,EE0,EE00,EE008,Lõuna-Eesti,3.72,0.211602067183333,0.353643410853333,3670.17,-6.1647997416,-8.26105943151667
EE61114,Estonia,EE,EE0,EE00,EE008,Lõuna-Eesti,3.72,0.211602067183333,0.353643410853333,3670.17,-6.1647997416,-8.26105943151667
EE61115,Estonia,EE,EE0,EE00,EE008,Lõuna-Eesti,3.72,0.211602067183333,0.353643410853333,3670.17,-6.1647997416,-8.26105943151667
EE61118,Estonia,EE,EE0,EE00,EE008,Lõuna-Eesti,3.72,0.211602067183333,0.353643410853333,3670.17,-6.1647997416,-8.26105943151667
EE61119,Estonia,EE,EE0,EE00,EE008,Lõuna-Eesti,3.72,0.211602067183333,0.353643410853333,3670.17,-6.1647997416,-8.26105943151667
EE61120,Estonia,EE,EE0,EE00,EE008,Lõuna-Eesti,3.72,0.211602067183333,0.353643410853333,3670.17,-6.1647997416,-8.26105943151667
EE61206,Estonia,EE,EE0,EE00,EE008,Lõuna-Eesti,3.72,0.211602067183333,0.353643410853333,3670.17,-6.1647997416,-8.26105943151667
EE61210,Estonia,EE,EE0,EE00,EE008,Lõuna-Eesti,3.72,0.211602067183333,0.353643410853333,3670.17,-6.1647997416,-8.26105943151667
EE61301,Estonia,EE,EE0,EE00,EE008,Lõuna-Eesti,3.72,0.211602067183333,0.353643410853333,3670.17,-6.1647997416,-8.26105943151667
EE61302,Estonia,EE,EE0,EE00,EE008,Lõuna-Eesti,3.72,0.211602067183333,0.353643410853333,3670.17,-6.1647997416,-8.26105943151667
EE61305,Estonia,EE,EE0,EE00,EE008,Lõuna-Eesti,3.72,0.211602067183333,0.353643410853333,3670.17,-6.1647997416,-8.26105943151667
EE61307,Estonia,EE,EE0,EE00,EE008,Lõuna-Eesti,3.72,0.211602067183333,0.353643410853333,3670.17,-6.1647997416,-8.26105943151667
EE61312,Estonia,EE,EE0,EE00,EE008,Lõuna-Eesti,3.72,0.211602067183333,0.353643410853333,3670.17,-6.1647997416,-8.26105943151667
EE61316,Estonia,EE,EE0,EE00,EE008,Lõuna-Eesti,3.72,0.211602067183333,0.353643410853333,3670.17,-6.1647997416,-8.26105943151667
EE61317,Estonia,EE,EE0,EE00,EE008,Lõuna-Eesti,3.72,0.211602067183333,0.353643410853333,3670.17,-6.1647997416,-8.26105943151667
EE61319,Estonia,EE,EE0,EE00,EE008,Lõuna-Eesti,3.72,0.211602067183333,0.353643410853333,3670.17,-6.1647997416,-8.26105943151667
EE61401,Estonia,EE,EE0,EE00,EE008,Lõuna-Eesti,3.72,0.211602067183333,0.353643410853333,3670.17,-6.1647997416,-8.26105943151667
EE61402,Estonia,EE,EE0,EE00,EE008,Lõuna-Eesti,3.72,0.211602067183333,0.353643410853333,3670.17,-6.1647997416,-8.26105943151667
EE61403,Estonia,EE,EE0,EE00,EE008,Lõuna-Eesti,3.72,0.211602067183333,0.353643410853333,3670.17,-6.1647997416,-8.26105943151667
EE61404,Estonia,EE,EE0,EE00,EE008,Lõuna-Eesti,3.72,0.211602067183333,0.353643410853333,3670.17,-6.1647997416,-8.26105943151667
EE61405,Estonia,EE,EE0,EE00,EE008,Lõuna-Eesti,3.72,0.211602067183333,0.353643410853333,3670.17,-6.1647997416,-8.26105943151667
EE61406,Estonia,EE,EE0,EE00,EE008,Lõuna-Eesti,3.72,0.211602067183333,0.353643410853333,3670.17,-6.1647997416,-8.26105943151667
EE61407,Estonia,EE,EE0,EE00,EE008,Lõuna-Eesti,3.72,0.211602067183333,0.353643410853333,3670.17,-6.1647997416,-8.26105943151667
EE61408,Estonia,EE,EE0,EE00,EE008,Lõuna-Eesti,3.72,0.211602067183333,0.353643410853333,3670.17,-6.1647997416,-8.26105943151667
EE61409,Estonia,EE,EE0,EE00,EE008,Lõuna-Eesti,3.72,0.211602067183333,0.353643410853333,3670.17,-6.1647997416,-8.26105943151667
EE61410,Estonia,EE,EE0,EE00,EE008,Lõuna-Eesti,3.72,0.211602067183333,0.353643410853333,3670.17,-6.1647997416,-8.26105943151667
EE61411,Estonia,EE,EE0,EE00,EE008,Lõuna-Eesti,3.72,0.211602067183333,0.353643410853333,3670.17,-6.1647997416,-8.26105943151667
EE61412,Estonia,EE,EE0,EE00,EE008,Lõuna-Eesti,3.72,0.211602067183333,0.353643410853333,3670.17,-6.1647997416,-8.26105943151667
EE61503,Estonia,EE,EE0,EE00,EE008,Lõuna-Eesti,3.72,0.211602067183333,0.353643410853333,3670.17,-6.1647997416,-8.26105943151667
EE61504,Estonia,EE,EE0,EE00,EE008,Lõuna-Eesti,3.72,0.211602067183333,0.353643410853333,3670.17,-6.1647997416,-8.26105943151667
EE61505,Estonia,EE,EE0,EE00,EE008,Lõuna-Eesti,3.72,0.211602067183333,0.353643410853333,3670.17,-6.1647997416,-8.26105943151667
EE61506,Estonia,EE,EE0,EE00,EE008,Lõuna-Eesti,3.72,0.211602067183333,0.353643410853333,3670.17,-6.1647997416,-8.26105943151667
EE61507,Estonia,EE,EE0,EE00,EE008,Lõuna-Eesti,3.72,0.211602067183333,0.353643410853333,3670.17,-6.1647997416,-8.26105943151667
EE61508,Estonia,EE,EE0,EE00,EE008,Lõuna-Eesti,3.72,0.211602067183333,0.353643410853333,3670.17,-6.1647997416,-8.26105943151667
EE61509,Estonia,EE,EE0,EE00,EE008,Lõuna-Eesti,3.72,0.211602067183333,0.353643410853333,3670.17,-6.1647997416,-8.26105943151667
EE61601,Estonia,EE,EE0,EE00,EE008,Lõuna-Eesti,3.72,0.211602067183333,0.353643410853333,3670.17,-6.1647997416,-8.26105943151667
EE61602,Estonia,EE,EE0,EE00,EE008,Lõuna-Eesti,3.72,0.211602067183333,0.353643410853333,3670.17,-6.1647997416,-8.26105943151667
EE61608,Estonia,EE,EE0,EE00,EE008,Lõuna-Eesti,3.72,0.211602067183333,0.353643410853333,3670.17,-6.1647997416,-8.26105943151667
EE61614,Estonia,EE,EE0,EE00,EE008,Lõuna-Eesti,3.72,0.211602067183333,0.353643410853333,3670.17,-6.1647997416,-8.26105943151667
EE61615,Estonia,EE,EE0,EE00,EE008,Lõuna-Eesti,3.72,0.211602067183333,0.353643410853333,3670.17,-6.1647997416,-8.26105943151667
EE61616,Estonia,EE,EE0,EE00,EE008,Lõuna-Eesti,3.72,0.211602067183333,0.353643410853333,3670.17,-6.1647997416,-8.26105943151667
EE61618,Estonia,EE,EE0,EE00,EE008,Lõuna-Eesti,3.72,0.211602067183333,0.353643410853333,3670.17,-6.1647997416,-8.26105943151667
EE61620,Estonia,EE,EE0,EE00,EE008,Lõuna-Eesti,3.72,0.211602067183333,0.353643410853333,3670.17,-6.1647997416,-8.26105943151667
EE61621,Estonia,EE,EE0,EE00,EE008,Lõuna-Eesti,3.72,0.211602067183333,0.353643410853333,3670.17,-6.1647997416,-8.26105943151667
EE61622,Estonia,EE,EE0,EE00,EE008,Lõuna-Eesti,3.72,0.211602067183333,0.353643410853333,3670.17,-6.1647997416,-8.26105943151667
EE61702,Estonia,EE,EE0,EE00,EE008,Lõuna-Eesti,3.72,0.211602067183333,0.353643410853333,3670.17,-6.1647997416,-8.26105943151667
EE61703,Estonia,EE,EE0,EE00,EE008,Lõuna-Eesti,3.72,0.211602067183333,0.353643410853333,3670.17,-6.1647997416,-8.26105943151667
EE61704,Estonia,EE,EE0,EE00,EE008,Lõuna-Eesti,3.72,0.211602067183333,0.353643410853333,3670.17,-6.1647997416,-8.26105943151667
EE61705,Estonia,EE,EE0,EE00,EE008,Lõuna-Eesti,3.72,0.211602067183333,0.353643410853333,3670.17,-6.1647997416,-8.26105943151667
EE61706,Estonia,EE,EE0,EE00,EE008,Lõuna-Eesti,3.72,0.211602067183333,0.353643410853333,3670.17,-6.1647997416,-8.26105943151667
EE61707,Estonia,EE,EE0,EE00,EE008,Lõuna-Eesti,3.72,0.211602067183333,0.353643410853333,3670.17,-6.1647997416,-8.26105943151667
EE61708,Estonia,EE,EE0,EE00,EE008,Lõuna-Eesti,3.72,0.211602067183333,0.353643410853333,3670.17,-6.1647997416,-8.26105943151667
EE61709,Estonia,EE,EE0,EE00,EE008,Lõuna-Eesti,3.72,0.211602067183333,0.353643410853333,3670.17,-6.1647997416,-8.26105943151667
EE61711,Estonia,EE,EE0,EE00,EE008,Lõuna-Eesti,3.72,0.211602067183333,0.353643410853333,3670.17,-6.1647997416,-8.26105943151667
EE61712,Estonia,EE,EE0,EE00,EE008,Lõuna-Eesti,3.72,0.211602067183333,0.353643410853333,3670.17,-6.1647997416,-8.26105943151667
EE61713,Estonia,EE,EE0,EE00,EE008,Lõuna-Eesti,3.72,0.211602067183333,0.353643410853333,3670.17,-6.1647997416,-8.26105943151667
EE61714,Estonia,EE,EE0,EE00,EE008,Lõuna-Eesti,3.72,0.211602067183333,0.353643410853333,3670.17,-6.1647997416,-8.26105943151667
EE61715,Estonia,EE,EE0,EE00,EE008,Lõuna-Eesti,3.72,0.211602067183333,0.353643410853333,3670.17,-6.1647997416,-8.26105943151667
EE62008,Estonia,EE,EE0,EE00,EE008,Lõuna-Eesti,3.72,0.211602067183333,0.353643410853333,3670.17,-6.1647997416,-8.26105943151667
EE62009,Estonia,EE,EE0,EE00,EE008,Lõuna-Eesti,3.72,0.211602067183333,0.353643410853333,3670.17,-6.1647997416,-8.26105943151667
EE62011,Estonia,EE,EE0,EE00,EE008,Lõuna-Eesti,3.72,0.211602067183333,0.353643410853333,3670.17,-6.1647997416,-8.26105943151667
EE62014,Estonia,EE,EE0,EE00,EE008,Lõuna-Eesti,3.72,0.211602067183333,0.353643410853333,3670.17,-6.1647997416,-8.26105943151667
EE62015,Estonia,EE,EE0,EE00,EE008,Lõuna-Eesti,3.72,0.211602067183333,0.353643410853333,3670.17,-6.1647997416,-8.26105943151667
EE62016,Estonia,EE,EE0,EE00,EE008,Lõuna-Eesti,3.72,0.211602067183333,0.353643410853333,3670.17,-6.1647997416,-8.26105943151667
EE62017,Estonia,EE,EE0,EE00,EE008,Lõuna-Eesti,3.72,0.211602067183333,0.353643410853333,3670.17,-6.1647997416,-8.26105943151667
EE62019,Estonia,EE,EE0,EE00,EE008,Lõuna-Eesti,3.72,0.211602067183333,0.353643410853333,3670.17,-6.1647997416,-8.26105943151667
EE62020,Estonia,EE,EE0,EE00,EE008,Lõuna-Eesti,3.72,0.211602067183333,0.353643410853333,3670.17,-6.1647997416,-8.26105943151667
EE62025,Estonia,EE,EE0,EE00,EE008,Lõuna-Eesti,3.72,0.211602067183333,0.353643410853333,3670.17,-6.1647997416,-8.26105943151667
EE62026,Estonia,EE,EE0,EE00,EE008,Lõuna-Eesti,3.72,0.211602067183333,0.353643410853333,3670.17,-6.1647997416,-8.26105943151667
EE62027,Estonia,EE,EE0,EE00,EE008,Lõuna-Eesti,3.72,0.211602067183333,0.353643410853333,3670.17,-6.1647997416,-8.26105943151667
EE62028,Estonia,EE,EE0,EE00,EE008,Lõuna-Eesti,3.72,0.211602067183333,0.353643410853333,3670.17,-6.1647997416,-8.26105943151667
EE62029,Estonia,EE,EE0,EE00,EE008,Lõuna-Eesti,3.72,0.211602067183333,0.353643410853333,3670.17,-6.1647997416,-8.26105943151667
EE62031,Estonia,EE,EE0,EE00,EE008,Lõuna-Eesti,3.72,0.211602067183333,0.353643410853333,3670.17,-6.1647997416,-8.26105943151667
EE62033,Estonia,EE,EE0,EE00,EE008,Lõuna-Eesti,3.72,0.211602067183333,0.353643410853333,3670.17,-6.1647997416,-8.26105943151667
EE62034,Estonia,EE,EE0,EE00,EE008,Lõuna-Eesti,3.72,0.211602067183333,0.353643410853333,3670.17,-6.1647997416,-8.26105943151667
EE62104,Estonia,EE,EE0,EE00,EE008,Lõuna-Eesti,3.72,0.211602067183333,0.353643410853333,3670.17,-6.1647997416,-8.26105943151667
EE62105,Estonia,EE,EE0,EE00,EE008,Lõuna-Eesti,3.72,0.211602067183333,0.353643410853333,3670.17,-6.1647997416,-8.26105943151667
EE62107,Estonia,EE,EE0,EE00,EE008,Lõuna-Eesti,3.72,0.211602067183333,0.353643410853333,3670.17,-6.1647997416,-8.26105943151667
EE62109,Estonia,EE,EE0,EE00,EE008,Lõuna-Eesti,3.72,0.211602067183333,0.353643410853333,3670.17,-6.1647997416,-8.26105943151667
EE62111,Estonia,EE,EE0,EE00,EE008,Lõuna-Eesti,3.72,0.211602067183333,0.353643410853333,3670.17,-6.1647997416,-8.26105943151667
EE62117,Estonia,EE,EE0,EE00,EE008,Lõuna-Eesti,3.72,0.211602067183333,0.353643410853333,3670.17,-6.1647997416,-8.26105943151667
EE62119,Estonia,EE,EE0,EE00,EE008,Lõuna-Eesti,3.72,0.211602067183333,0.353643410853333,3670.17,-6.1647997416,-8.26105943151667
EE62120,Estonia,EE,EE0,EE00,EE008,Lõuna-Eesti,3.72,0.211602067183333,0.353643410853333,3670.17,-6.1647997416,-8.26105943151667
EE62122,Estonia,EE,EE0,EE00,EE008,Lõuna-Eesti,3.72,0.211602067183333,0.353643410853333,3670.17,-6.1647997416,-8.26105943151667
EE62202,Estonia,EE,EE0,EE00,EE008,Lõuna-Eesti,3.72,0.211602067183333,0.353643410853333,3670.17,-6.1647997416,-8.26105943151667
EE62203,Estonia,EE,EE0,EE00,EE008,Lõuna-Eesti,3.72,0.211602067183333,0.353643410853333,3670.17,-6.1647997416,-8.26105943151667
EE62207,Estonia,EE,EE0,EE00,EE008,Lõuna-Eesti,3.72,0.211602067183333,0.353643410853333,3670.17,-6.1647997416,-8.26105943151667
EE62210,Estonia,EE,EE0,EE00,EE008,Lõuna-Eesti,3.72,0.211602067183333,0.353643410853333,3670.17,-6.1647997416,-8.26105943151667
EE62211,Estonia,EE,EE0,EE00,EE008,Lõuna-Eesti,3.72,0.211602067183333,0.353643410853333,3670.17,-6.1647997416,-8.26105943151667
EE62212,Estonia,EE,EE0,EE00,EE008,Lõuna-Eesti,3.72,0.211602067183333,0.353643410853333,3670.17,-6.1647997416,-8.26105943151667
EE62213,Estonia,EE,EE0,EE00,EE008,Lõuna-Eesti,3.72,0.211602067183333,0.353643410853333,3670.17,-6.1647997416,-8.26105943151667
EE62215,Estonia,EE,EE0,EE00,EE008,Lõuna-Eesti,3.72,0.211602067183333,0.353643410853333,3670.17,-6.1647997416,-8.26105943151667
EE62216,Estonia,EE,EE0,EE00,EE008,Lõuna-Eesti,3.72,0.211602067183333,0.353643410853333,3670.17,-6.1647997416,-8.26105943151667
EE62220,Estonia,EE,EE0,EE00,EE008,Lõuna-Eesti,3.72,0.211602067183333,0.353643410853333,3670.17,-6.1647997416,-8.26105943151667
EE62222,Estonia,EE,EE0,EE00,EE008,Lõuna-Eesti,3.72,0.211602067183333,0.353643410853333,3670.17,-6.1647997416,-8.26105943151667
EE62306,Estonia,EE,EE0,EE00,EE008,Lõuna-Eesti,3.72,0.211602067183333,0.353643410853333,3670.17,-6.1647997416,-8.26105943151667
EE62309,Estonia,EE,EE0,EE00,EE008,Lõuna-Eesti,3.72,0.211602067183333,0.353643410853333,3670.17,-6.1647997416,-8.26105943151667
EE62310,Estonia,EE,EE0,EE00,EE008,Lõuna-Eesti,3.72,0.211602067183333,0.353643410853333,3670.17,-6.1647997416,-8.26105943151667
EE62313,Estonia,EE,EE0,EE00,EE008,Lõuna-Eesti,3.72,0.211602067183333,0.353643410853333,3670.17,-6.1647997416,-8.26105943151667
EE62314,Estonia,EE,EE0,EE00,EE008,Lõuna-Eesti,3.72,0.211602067183333,0.353643410853333,3670.17,-6.1647997416,-8.26105943151667
EE62318,Estonia,EE,EE0,EE00,EE008,Lõuna-Eesti,3.72,0.211602067183333,0.353643410853333,3670.17,-6.1647997416,-8.26105943151667
EE62401,Estonia,EE,EE0,EE00,EE008,Lõuna-Eesti,3.72,0.211602067183333,0.353643410853333,3670.17,-6.1647997416,-8.26105943151667
EE62404,Estonia,EE,EE0,EE00,EE008,Lõuna-Eesti,3.72,0.211602067183333,0.353643410853333,3670.17,-6.1647997416,-8.26105943151667
EE62406,Estonia,EE,EE0,EE00,EE008,Lõuna-Eesti,3.72,0.211602067183333,0.353643410853333,3670.17,-6.1647997416,-8.26105943151667
EE62408,Estonia,EE,EE0,EE00,EE008,Lõuna-Eesti,3.72,0.211602067183333,0.353643410853333,3670.17,-6.1647997416,-8.26105943151667
EE62412,Estonia,EE,EE0,EE00,EE008,Lõuna-Eesti,3.72,0.211602067183333,0.353643410853333,3670.17,-6.1647997416,-8.26105943151667
EE63002,Estonia,EE,EE0,EE00,EE008,Lõuna-Eesti,3.72,0.211602067183333,0.353643410853333,3670.17,-6.1647997416,-8.26105943151667
EE63003,Estonia,EE,EE0,EE00,EE008,Lõuna-Eesti,3.72,0.211602067183333,0.353643410853333,3670.17,-6.1647997416,-8.26105943151667
EE63010,Estonia,EE,EE0,EE00,EE008,Lõuna-Eesti,3.72,0.211602067183333,0.353643410853333,3670.17,-6.1647997416,-8.26105943151667
EE63011,Estonia,EE,EE0,EE00,EE008,Lõuna-Eesti,3.72,0.211602067183333,0.353643410853333,3670.17,-6.1647997416,-8.26105943151667
EE63101,Estonia,EE,EE0,EE00,EE008,Lõuna-Eesti,3.72,0.211602067183333,0.353643410853333,3670.17,-6.1647997416,-8.26105943151667
EE63103,Estonia,EE,EE0,EE00,EE008,Lõuna-Eesti,3.72,0.211602067183333,0.353643410853333,3670.17,-6.1647997416,-8.26105943151667
EE63105,Estonia,EE,EE0,EE00,EE008,Lõuna-Eesti,3.72,0.211602067183333,0.353643410853333,3670.17,-6.1647997416,-8.26105943151667
EE63106,Estonia,EE,EE0,EE00,EE008,Lõuna-Eesti,3.72,0.211602067183333,0.353643410853333,3670.17,-6.1647997416,-8.26105943151667
EE63107,Estonia,EE,EE0,EE00,EE008,Lõuna-Eesti,3.72,0.211602067183333,0.353643410853333,3670.17,-6.1647997416,-8.26105943151667
EE63110,Estonia,EE,EE0,EE00,EE008,Lõuna-Eesti,3.72,0.211602067183333,0.353643410853333,3670.17,-6.1647997416,-8.26105943151667
EE63112,Estonia,EE,EE0,EE00,EE008,Lõuna-Eesti,3.72,0.211602067183333,0.353643410853333,3670.17,-6.1647997416,-8.26105943151667
EE63116,Estonia,EE,EE0,EE00,EE008,Lõuna-Eesti,3.72,0.211602067183333,0.353643410853333,3670.17,-6.1647997416,-8.26105943151667
EE63118,Estonia,EE,EE0,EE00,EE008,Lõuna-Eesti,3.72,0.211602067183333,0.353643410853333,3670.17,-6.1647997416,-8.26105943151667
EE63119,Estonia,EE,EE0,EE00,EE008,Lõuna-Eesti,3.72,0.211602067183333,0.353643410853333,3670.17,-6.1647997416,-8.26105943151667
EE63121,Estonia,EE,EE0,EE00,EE008,Lõuna-Eesti,3.72,0.211602067183333,0.353643410853333,3670.17,-6.1647997416,-8.26105943151667
EE63123,Estonia,EE,EE0,EE00,EE008,Lõuna-Eesti,3.72,0.211602067183333,0.353643410853333,3670.17,-6.1647997416,-8.26105943151667
EE63124,Estonia,EE,EE0,EE00,EE008,Lõuna-Eesti,3.72,0.211602067183333,0.353643410853333,3670.17,-6.1647997416,-8.26105943151667
EE63203,Estonia,EE,EE0,EE00,EE008,Lõuna-Eesti,3.72,0.211602067183333,0.353643410853333,3670.17,-6.1647997416,-8.26105943151667
EE63204,Estonia,EE,EE0,EE00,EE008,Lõuna-Eesti,3.72,0.211602067183333,0.353643410853333,3670.17,-6.1647997416,-8.26105943151667
EE63209,Estonia,EE,EE0,EE00,EE008,Lõuna-Eesti,3.72,0.211602067183333,0.353643410853333,3670.17,-6.1647997416,-8.26105943151667
EE63210,Estonia,EE,EE0,EE00,EE008,Lõuna-Eesti,3.72,0.211602067183333,0.353643410853333,3670.17,-6.1647997416,-8.26105943151667
EE63211,Estonia,EE,EE0,EE00,EE008,Lõuna-Eesti,3.72,0.211602067183333,0.353643410853333,3670.17,-6.1647997416,-8.26105943151667
EE63212,Estonia,EE,EE0,EE00,EE008,Lõuna-Eesti,3.72,0.211602067183333,0.353643410853333,3670.17,-6.1647997416,-8.26105943151667
EE63214,Estonia,EE,EE0,EE00,EE008,Lõuna-Eesti,3.72,0.211602067183333,0.353643410853333,3670.17,-6.1647997416,-8.26105943151667
EE63216,Estonia,EE,EE0,EE00,EE008,Lõuna-Eesti,3.72,0.211602067183333,0.353643410853333,3670.17,-6.1647997416,-8.26105943151667
EE63217,Estonia,EE,EE0,EE00,EE008,Lõuna-Eesti,3.72,0.211602067183333,0.353643410853333,3670.17,-6.1647997416,-8.26105943151667
EE63219,Estonia,EE,EE0,EE00,EE008,Lõuna-Eesti,3.72,0.211602067183333,0.353643410853333,3670.17,-6.1647997416,-8.26105943151667
EE63220,Estonia,EE,EE0,EE00,EE008,Lõuna-Eesti,3.72,0.211602067183333,0.353643410853333,3670.17,-6.1647997416,-8.26105943151667
EE63221,Estonia,EE,EE0,EE00,EE008,Lõuna-Eesti,3.72,0.211602067183333,0.353643410853333,3670.17,-6.1647997416,-8.26105943151667
EE63222,Estonia,EE,EE0,EE00,EE008,Lõuna-Eesti,3.72,0.211602067183333,0.353643410853333,3670.17,-6.1647997416,-8.26105943151667
EE63224,Estonia,EE,EE0,EE00,EE008,Lõuna-Eesti,3.72,0.211602067183333,0.353643410853333,3670.17,-6.1647997416,-8.26105943151667
EE63228,Estonia,EE,EE0,EE00,EE008,Lõuna-Eesti,3.72,0.211602067183333,0.353643410853333,3670.17,-6.1647997416,-8.26105943151667
EE63303,Estonia,EE,EE0,EE00,EE008,Lõuna-Eesti,3.72,0.211602067183333,0.353643410853333,3670.17,-6.1647997416,-8.26105943151667
EE63304,Estonia,EE,EE0,EE00,EE008,Lõuna-Eesti,3.72,0.211602067183333,0.353643410853333,3670.17,-6.1647997416,-8.26105943151667
EE63305,Estonia,EE,EE0,EE00,EE008,Lõuna-Eesti,3.72,0.211602067183333,0.353643410853333,3670.17,-6.1647997416,-8.26105943151667
EE63306,Estonia,EE,EE0,EE00,EE008,Lõuna-Eesti,3.72,0.211602067183333,0.353643410853333,3670.17,-6.1647997416,-8.26105943151667
EE63307,Estonia,EE,EE0,EE00,EE008,Lõuna-Eesti,3.72,0.211602067183333,0.353643410853333,3670.17,-6.1647997416,-8.26105943151667
EE63308,Estonia,EE,EE0,EE00,EE008,Lõuna-Eesti,3.72,0.211602067183333,0.353643410853333,3670.17,-6.1647997416,-8.26105943151667
EE63309,Estonia,EE,EE0,EE00,EE008,Lõuna-Eesti,3.72,0.211602067183333,0.353643410853333,3670.17,-6.1647997416,-8.26105943151667
EE63404,Estonia,EE,EE0,EE00,EE008,Lõuna-Eesti,3.72,0.211602067183333,0.353643410853333,3670.17,-6.1647997416,-8.26105943151667
EE63408,Estonia,EE,EE0,EE00,EE008,Lõuna-Eesti,3.72,0.211602067183333,0.353643410853333,3670.17,-6.1647997416,-8.26105943151667
EE63409,Estonia,EE,EE0,EE00,EE008,Lõuna-Eesti,3.72,0.211602067183333,0.353643410853333,3670.17,-6.1647997416,-8.26105943151667
EE63413,Estonia,EE,EE0,EE00,EE008,Lõuna-Eesti,3.72,0.211602067183333,0.353643410853333,3670.17,-6.1647997416,-8.26105943151667
EE63414,Estonia,EE,EE0,EE00,EE008,Lõuna-Eesti,3.72,0.211602067183333,0.353643410853333,3670.17,-6.1647997416,-8.26105943151667
EE63415,Estonia,EE,EE0,EE00,EE008,Lõuna-Eesti,3.72,0.211602067183333,0.353643410853333,3670.17,-6.1647997416,-8.26105943151667
EE63416,Estonia,EE,EE0,EE00,EE008,Lõuna-Eesti,3.72,0.211602067183333,0.353643410853333,3670.17,-6.1647997416,-8.26105943151667
EE63417,Estonia,EE,EE0,EE00,EE008,Lõuna-Eesti,3.72,0.211602067183333,0.353643410853333,3670.17,-6.1647997416,-8.26105943151667
EE63418,Estonia,EE,EE0,EE00,EE008,Lõuna-Eesti,3.72,0.211602067183333,0.353643410853333,3670.17,-6.1647997416,-8.26105943151667
EE63503,Estonia,EE,EE0,EE00,EE008,Lõuna-Eesti,3.72,0.211602067183333,0.353643410853333,3670.17,-6.1647997416,-8.26105943151667
EE63506,Estonia,EE,EE0,EE00,EE008,Lõuna-Eesti,3.72,0.211602067183333,0.353643410853333,3670.17,-6.1647997416,-8.26105943151667
EE63507,Estonia,EE,EE0,EE00,EE008,Lõuna-Eesti,3.72,0.211602067183333,0.353643410853333,3670.17,-6.1647997416,-8.26105943151667
EE63511,Estonia,EE,EE0,EE00,EE008,Lõuna-Eesti,3.72,0.211602067183333,0.353643410853333,3670.17,-6.1647997416,-8.26105943151667
EE63514,Estonia,EE,EE0,EE00,EE008,Lõuna-Eesti,3.72,0.211602067183333,0.353643410853333,3670.17,-6.1647997416,-8.26105943151667
EE63601,Estonia,EE,EE0,EE00,EE008,Lõuna-Eesti,3.72,0.211602067183333,0.353643410853333,3670.17,-6.1647997416,-8.26105943151667
EE63602,Estonia,EE,EE0,EE00,EE008,Lõuna-Eesti,3.72,0.211602067183333,0.353643410853333,3670.17,-6.1647997416,-8.26105943151667
EE63605,Estonia,EE,EE0,EE00,EE008,Lõuna-Eesti,3.72,0.211602067183333,0.353643410853333,3670.17,-6.1647997416,-8.26105943151667
EE63606,Estonia,EE,EE0,EE00,EE008,Lõuna-Eesti,3.72,0.211602067183333,0.353643410853333,3670.17,-6.1647997416,-8.26105943151667
EE63610,Estonia,EE,EE0,EE00,EE008,Lõuna-Eesti,3.72,0.211602067183333,0.353643410853333,3670.17,-6.1647997416,-8.26105943151667
EE63704,Estonia,EE,EE0,EE00,EE008,Lõuna-Eesti,3.72,0.211602067183333,0.353643410853333,3670.17,-6.1647997416,-8.26105943151667
EE63705,Estonia,EE,EE0,EE00,EE008,Lõuna-Eesti,3.72,0.211602067183333,0.353643410853333,3670.17,-6.1647997416,-8.26105943151667
EE63710,Estonia,EE,EE0,EE00,EE008,Lõuna-Eesti,3.72,0.211602067183333,0.353643410853333,3670.17,-6.1647997416,-8.26105943151667
EE64001,Estonia,EE,EE0,EE00,EE008,Lõuna-Eesti,3.72,0.211602067183333,0.353643410853333,3670.17,-6.1647997416,-8.26105943151667
EE64004,Estonia,EE,EE0,EE00,EE008,Lõuna-Eesti,3.72,0.211602067183333,0.353643410853333,3670.17,-6.1647997416,-8.26105943151667
EE64008,Estonia,EE,EE0,EE00,EE008,Lõuna-Eesti,3.72,0.211602067183333,0.353643410853333,3670.17,-6.1647997416,-8.26105943151667
EE64012,Estonia,EE,EE0,EE00,EE008,Lõuna-Eesti,3.72,0.211602067183333,0.353643410853333,3670.17,-6.1647997416,-8.26105943151667
EE64015,Estonia,EE,EE0,EE00,EE008,Lõuna-Eesti,3.72,0.211602067183333,0.353643410853333,3670.17,-6.1647997416,-8.26105943151667
EE64024,Estonia,EE,EE0,EE00,EE008,Lõuna-Eesti,3.72,0.211602067183333,0.353643410853333,3670.17,-6.1647997416,-8.26105943151667
EE64025,Estonia,EE,EE0,EE00,EE008,Lõuna-Eesti,3.72,0.211602067183333,0.353643410853333,3670.17,-6.1647997416,-8.26105943151667
EE64026,Estonia,EE,EE0,EE00,EE008,Lõuna-Eesti,3.72,0.211602067183333,0.353643410853333,3670.17,-6.1647997416,-8.26105943151667
EE64031,Estonia,EE,EE0,EE00,EE008,Lõuna-Eesti,3.72,0.211602067183333,0.353643410853333,3670.17,-6.1647997416,-8.26105943151667
EE64036,Estonia,EE,EE0,EE00,EE008,Lõuna-Eesti,3.72,0.211602067183333,0.353643410853333,3670.17,-6.1647997416,-8.26105943151667
EE64115,Estonia,EE,EE0,EE00,EE008,Lõuna-Eesti,3.72,0.211602067183333,0.353643410853333,3670.17,-6.1647997416,-8.26105943151667
EE64126,Estonia,EE,EE0,EE00,EE008,Lõuna-Eesti,3.72,0.211602067183333,0.353643410853333,3670.17,-6.1647997416,-8.26105943151667
EE64128,Estonia,EE,EE0,EE00,EE008,Lõuna-Eesti,3.72,0.211602067183333,0.353643410853333,3670.17,-6.1647997416,-8.26105943151667
EE64203,Estonia,EE,EE0,EE00,EE008,Lõuna-Eesti,3.72,0.211602067183333,0.353643410853333,3670.17,-6.1647997416,-8.26105943151667
EE64206,Estonia,EE,EE0,EE00,EE008,Lõuna-Eesti,3.72,0.211602067183333,0.353643410853333,3670.17,-6.1647997416,-8.26105943151667
EE64207,Estonia,EE,EE0,EE00,EE008,Lõuna-Eesti,3.72,0.211602067183333,0.353643410853333,3670.17,-6.1647997416,-8.26105943151667
EE64214,Estonia,EE,EE0,EE00,EE008,Lõuna-Eesti,3.72,0.211602067183333,0.353643410853333,3670.17,-6.1647997416,-8.26105943151667
EE64217,Estonia,EE,EE0,EE00,EE008,Lõuna-Eesti,3.72,0.211602067183333,0.353643410853333,3670.17,-6.1647997416,-8.26105943151667
EE64218,Estonia,EE,EE0,EE00,EE008,Lõuna-Eesti,3.72,0.211602067183333,0.353643410853333,3670.17,-6.1647997416,-8.26105943151667
EE64219,Estonia,EE,EE0,EE00,EE008,Lõuna-Eesti,3.72,0.211602067183333,0.353643410853333,3670.17,-6.1647997416,-8.26105943151667
EE64223,Estonia,EE,EE0,EE00,EE008,Lõuna-Eesti,3.72,0.211602067183333,0.353643410853333,3670.17,-6.1647997416,-8.26105943151667
EE64225,Estonia,EE,EE0,EE00,EE008,Lõuna-Eesti,3.72,0.211602067183333,0.353643410853333,3670.17,-6.1647997416,-8.26105943151667
EE64226,Estonia,EE,EE0,EE00,EE008,Lõuna-Eesti,3.72,0.211602067183333,0.353643410853333,3670.17,-6.1647997416,-8.26105943151667
EE64231,Estonia,EE,EE0,EE00,EE008,Lõuna-Eesti,3.72,0.211602067183333,0.353643410853333,3670.17,-6.1647997416,-8.26105943151667
EE64232,Estonia,EE,EE0,EE00,EE008,Lõuna-Eesti,3.72,0.211602067183333,0.353643410853333,3670.17,-6.1647997416,-8.26105943151667
EE64233,Estonia,EE,EE0,EE00,EE008,Lõuna-Eesti,3.72,0.211602067183333,0.353643410853333,3670.17,-6.1647997416,-8.26105943151667
EE64301,Estonia,EE,EE0,EE00,EE008,Lõuna-Eesti,3.72,0.211602067183333,0.353643410853333,3670.17,-6.1647997416,-8.26105943151667
EE64304,Estonia,EE,EE0,EE00,EE008,Lõuna-Eesti,3.72,0.211602067183333,0.353643410853333,3670.17,-6.1647997416,-8.26105943151667
EE64305,Estonia,EE,EE0,EE00,EE008,Lõuna-Eesti,3.72,0.211602067183333,0.353643410853333,3670.17,-6.1647997416,-8.26105943151667
EE64307,Estonia,EE,EE0,EE00,EE008,Lõuna-Eesti,3.72,0.211602067183333,0.353643410853333,3670.17,-6.1647997416,-8.26105943151667
EE64308,Estonia,EE,EE0,EE00,EE008,Lõuna-Eesti,3.72,0.211602067183333,0.353643410853333,3670.17,-6.1647997416,-8.26105943151667
EE64312,Estonia,EE,EE0,EE00,EE008,Lõuna-Eesti,3.72,0.211602067183333,0.353643410853333,3670.17,-6.1647997416,-8.26105943151667
EE64314,Estonia,EE,EE0,EE00,EE008,Lõuna-Eesti,3.72,0.211602067183333,0.353643410853333,3670.17,-6.1647997416,-8.26105943151667
EE64315,Estonia,EE,EE0,EE00,EE008,Lõuna-Eesti,3.72,0.211602067183333,0.353643410853333,3670.17,-6.1647997416,-8.26105943151667
EE64318,Estonia,EE,EE0,EE00,EE008,Lõuna-Eesti,3.72,0.211602067183333,0.353643410853333,3670.17,-6.1647997416,-8.26105943151667
EE64319,Estonia,EE,EE0,EE00,EE008,Lõuna-Eesti,3.72,0.211602067183333,0.353643410853333,3670.17,-6.1647997416,-8.26105943151667
EE64401,Estonia,EE,EE0,EE00,EE008,Lõuna-Eesti,3.72,0.211602067183333,0.353643410853333,3670.17,-6.1647997416,-8.26105943151667
EE64408,Estonia,EE,EE0,EE00,EE008,Lõuna-Eesti,3.72,0.211602067183333,0.353643410853333,3670.17,-6.1647997416,-8.26105943151667
EE64412,Estonia,EE,EE0,EE00,EE008,Lõuna-Eesti,3.72,0.211602067183333,0.353643410853333,3670.17,-6.1647997416,-8.26105943151667
EE64416,Estonia,EE,EE0,EE00,EE008,Lõuna-Eesti,3.72,0.211602067183333,0.353643410853333,3670.17,-6.1647997416,-8.26105943151667
EE64417,Estonia,EE,EE0,EE00,EE008,Lõuna-Eesti,3.72,0.211602067183333,0.353643410853333,3670.17,-6.1647997416,-8.26105943151667
EE64418,Estonia,EE,EE0,EE00,EE008,Lõuna-Eesti,3.72,0.211602067183333,0.353643410853333,3670.17,-6.1647997416,-8.26105943151667
EE64419,Estonia,EE,EE0,EE00,EE008,Lõuna-Eesti,3.72,0.211602067183333,0.353643410853333,3670.17,-6.1647997416,-8.26105943151667
EE64420,Estonia,EE,EE0,EE00,EE008,Lõuna-Eesti,3.72,0.211602067183333,0.353643410853333,3670.17,-6.1647997416,-8.26105943151667
EE64423,Estonia,EE,EE0,EE00,EE008,Lõuna-Eesti,3.72,0.211602067183333,0.353643410853333,3670.17,-6.1647997416,-8.26105943151667
EE64428,Estonia,EE,EE0,EE00,EE008,Lõuna-Eesti,3.72,0.211602067183333,0.353643410853333,3670.17,-6.1647997416,-8.26105943151667
EE64503,Estonia,EE,EE0,EE00,EE008,Lõuna-Eesti,3.72,0.211602067183333,0.353643410853333,3670.17,-6.1647997416,-8.26105943151667
EE64504,Estonia,EE,EE0,EE00,EE008,Lõuna-Eesti,3.72,0.211602067183333,0.353643410853333,3670.17,-6.1647997416,-8.26105943151667
EE64505,Estonia,EE,EE0,EE00,EE008,Lõuna-Eesti,3.72,0.211602067183333,0.353643410853333,3670.17,-6.1647997416,-8.26105943151667
EE64506,Estonia,EE,EE0,EE00,EE008,Lõuna-Eesti,3.72,0.211602067183333,0.353643410853333,3670.17,-6.1647997416,-8.26105943151667
EE65001,Estonia,EE,EE0,EE00,EE008,Lõuna-Eesti,3.72,0.211602067183333,0.353643410853333,3670.17,-6.1647997416,-8.26105943151667
EE65003,Estonia,EE,EE0,EE00,EE008,Lõuna-Eesti,3.72,0.211602067183333,0.353643410853333,3670.17,-6.1647997416,-8.26105943151667
EE65006,Estonia,EE,EE0,EE00,EE008,Lõuna-Eesti,3.72,0.211602067183333,0.353643410853333,3670.17,-6.1647997416,-8.26105943151667
EE65015,Estonia,EE,EE0,EE00,EE008,Lõuna-Eesti,3.72,0.211602067183333,0.353643410853333,3670.17,-6.1647997416,-8.26105943151667
EE65018,Estonia,EE,EE0,EE00,EE008,Lõuna-Eesti,3.72,0.211602067183333,0.353643410853333,3670.17,-6.1647997416,-8.26105943151667
EE65019,Estonia,EE,EE0,EE00,EE008,Lõuna-Eesti,3.72,0.211602067183333,0.353643410853333,3670.17,-6.1647997416,-8.26105943151667
EE65022,Estonia,EE,EE0,EE00,EE008,Lõuna-Eesti,3.72,0.211602067183333,0.353643410853333,3670.17,-6.1647997416,-8.26105943151667
EE65027,Estonia,EE,EE0,EE00,EE008,Lõuna-Eesti,3.72,0.211602067183333,0.353643410853333,3670.17,-6.1647997416,-8.26105943151667
EE65037,Estonia,EE,EE0,EE00,EE008,Lõuna-Eesti,3.72,0.211602067183333,0.353643410853333,3670.17,-6.1647997416,-8.26105943151667
EE65045,Estonia,EE,EE0,EE00,EE008,Lõuna-Eesti,3.72,0.211602067183333,0.353643410853333,3670.17,-6.1647997416,-8.26105943151667
EE65163,Estonia,EE,EE0,EE00,EE008,Lõuna-Eesti,3.72,0.211602067183333,0.353643410853333,3670.17,-6.1647997416,-8.26105943151667
EE65164,Estonia,EE,EE0,EE00,EE008,Lõuna-Eesti,3.72,0.211602067183333,0.353643410853333,3670.17,-6.1647997416,-8.26105943151667
EE65174,Estonia,EE,EE0,EE00,EE008,Lõuna-Eesti,3.72,0.211602067183333,0.353643410853333,3670.17,-6.1647997416,-8.26105943151667
EE65178,Estonia,EE,EE0,EE00,EE008,Lõuna-Eesti,3.72,0.211602067183333,0.353643410853333,3670.17,-6.1647997416,-8.26105943151667
EE65196,Estonia,EE,EE0,EE00,EE008,Lõuna-Eesti,3.72,0.211602067183333,0.353643410853333,3670.17,-6.1647997416,-8.26105943151667
EE65201,Estonia,EE,EE0,EE00,EE008,Lõuna-Eesti,3.72,0.211602067183333,0.353643410853333,3670.17,-6.1647997416,-8.26105943151667
EE65207,Estonia,EE,EE0,EE00,EE008,Lõuna-Eesti,3.72,0.211602067183333,0.353643410853333,3670.17,-6.1647997416,-8.26105943151667
EE65208,Estonia,EE,EE0,EE00,EE008,Lõuna-Eesti,3.72,0.211602067183333,0.353643410853333,3670.17,-6.1647997416,-8.26105943151667
EE65210,Estonia,EE,EE0,EE00,EE008,Lõuna-Eesti,3.72,0.211602067183333,0.353643410853333,3670.17,-6.1647997416,-8.26105943151667
EE65223,Estonia,EE,EE0,EE00,EE008,Lõuna-Eesti,3.72,0.211602067183333,0.353643410853333,3670.17,-6.1647997416,-8.26105943151667
EE65248,Estonia,EE,EE0,EE00,EE008,Lõuna-Eesti,3.72,0.211602067183333,0.353643410853333,3670.17,-6.1647997416,-8.26105943151667
EE65250,Estonia,EE,EE0,EE00,EE008,Lõuna-Eesti,3.72,0.211602067183333,0.353643410853333,3670.17,-6.1647997416,-8.26105943151667
EE65254,Estonia,EE,EE0,EE00,EE008,Lõuna-Eesti,3.72,0.211602067183333,0.353643410853333,3670.17,-6.1647997416,-8.26105943151667
EE65255,Estonia,EE,EE0,EE00,EE008,Lõuna-Eesti,3.72,0.211602067183333,0.353643410853333,3670.17,-6.1647997416,-8.26105943151667
EE65256,Estonia,EE,EE0,EE00,EE008,Lõuna-Eesti,3.72,0.211602067183333,0.353643410853333,3670.17,-6.1647997416,-8.26105943151667
EE65410,Estonia,EE,EE0,EE00,EE008,Lõuna-Eesti,3.72,0.211602067183333,0.353643410853333,3670.17,-6.1647997416,-8.26105943151667
EE65502,Estonia,EE,EE0,EE00,EE008,Lõuna-Eesti,3.72,0.211602067183333,0.353643410853333,3670.17,-6.1647997416,-8.26105943151667
EE65504,Estonia,EE,EE0,EE00,EE008,Lõuna-Eesti,3.72,0.211602067183333,0.353643410853333,3670.17,-6.1647997416,-8.26105943151667
EE65505,Estonia,EE,EE0,EE00,EE008,Lõuna-Eesti,3.72,0.211602067183333,0.353643410853333,3670.17,-6.1647997416,-8.26105943151667
EE65508,Estonia,EE,EE0,EE00,EE008,Lõuna-Eesti,3.72,0.211602067183333,0.353643410853333,3670.17,-6.1647997416,-8.26105943151667
EE65509,Estonia,EE,EE0,EE00,EE008,Lõuna-Eesti,3.72,0.211602067183333,0.353643410853333,3670.17,-6.1647997416,-8.26105943151667
EE65518,Estonia,EE,EE0,EE00,EE008,Lõuna-Eesti,3.72,0.211602067183333,0.353643410853333,3670.17,-6.1647997416,-8.26105943151667
EE65522,Estonia,EE,EE0,EE00,EE008,Lõuna-Eesti,3.72,0.211602067183333,0.353643410853333,3670.17,-6.1647997416,-8.26105943151667
EE65524,Estonia,EE,EE0,EE00,EE008,Lõuna-Eesti,3.72,0.211602067183333,0.353643410853333,3670.17,-6.1647997416,-8.26105943151667
EE65525,Estonia,EE,EE0,EE00,EE008,Lõuna-Eesti,3.72,0.211602067183333,0.353643410853333,3670.17,-6.1647997416,-8.26105943151667
EE65526,Estonia,EE,EE0,EE00,EE008,Lõuna-Eesti,3.72,0.211602067183333,0.353643410853333,3670.17,-6.1647997416,-8.26105943151667
EE65534,Estonia,EE,EE0,EE00,EE008,Lõuna-Eesti,3.72,0.211602067183333,0.353643410853333,3670.17,-6.1647997416,-8.26105943151667
EE65535,Estonia,EE,EE0,EE00,EE008,Lõuna-Eesti,3.72,0.211602067183333,0.353643410853333,3670.17,-6.1647997416,-8.26105943151667
EE65537,Estonia,EE,EE0,EE00,EE008,Lõuna-Eesti,3.72,0.211602067183333,0.353643410853333,3670.17,-6.1647997416,-8.26105943151667
EE65538,Estonia,EE,EE0,EE00,EE008,Lõuna-Eesti,3.72,0.211602067183333,0.353643410853333,3670.17,-6.1647997416,-8.26105943151667
EE65540,Estonia,EE,EE0,EE00,EE008,Lõuna-Eesti,3.72,0.211602067183333,0.353643410853333,3670.17,-6.1647997416,-8.26105943151667
EE65541,Estonia,EE,EE0,EE00,EE008,Lõuna-Eesti,3.72,0.211602067183333,0.353643410853333,3670.17,-6.1647997416,-8.26105943151667
EE65542,Estonia,EE,EE0,EE00,EE008,Lõuna-Eesti,3.72,0.211602067183333,0.353643410853333,3670.17,-6.1647997416,-8.26105943151667
EE65543,Estonia,EE,EE0,EE00,EE008,Lõuna-Eesti,3.72,0.211602067183333,0.353643410853333,3670.17,-6.1647997416,-8.26105943151667
EE65545,Estonia,EE,EE0,EE00,EE008,Lõuna-Eesti,3.72,0.211602067183333,0.353643410853333,3670.17,-6.1647997416,-8.26105943151667
EE65547,Estonia,EE,EE0,EE00,EE008,Lõuna-Eesti,3.72,0.211602067183333,0.353643410853333,3670.17,-6.1647997416,-8.26105943151667
EE65548,Estonia,EE,EE0,EE00,EE008,Lõuna-Eesti,3.72,0.211602067183333,0.353643410853333,3670.17,-6.1647997416,-8.26105943151667
EE65550,Estonia,EE,EE0,EE00,EE008,Lõuna-Eesti,3.72,0.211602067183333,0.353643410853333,3670.17,-6.1647997416,-8.26105943151667
EE65551,Estonia,EE,EE0,EE00,EE008,Lõuna-Eesti,3.72,0.211602067183333,0.353643410853333,3670.17,-6.1647997416,-8.26105943151667
EE65553,Estonia,EE,EE0,EE00,EE008,Lõuna-Eesti,3.72,0.211602067183333,0.353643410853333,3670.17,-6.1647997416,-8.26105943151667
EE65555,Estonia,EE,EE0,EE00,EE008,Lõuna-Eesti,3.72,0.211602067183333,0.353643410853333,3670.17,-6.1647997416,-8.26105943151667
EE65566,Estonia,EE,EE0,EE00,EE008,Lõuna-Eesti,3.72,0.211602067183333,0.353643410853333,3670.17,-6.1647997416,-8.26105943151667
EE65603,Estonia,EE,EE0,EE00,EE008,Lõuna-Eesti,3.72,0.211602067183333,0.353643410853333,3670.17,-6.1647997416,-8.26105943151667
EE65604,Estonia,EE,EE0,EE00,EE008,Lõuna-Eesti,3.72,0.211602067183333,0.353643410853333,3670.17,-6.1647997416,-8.26105943151667
EE65605,Estonia,EE,EE0,EE00,EE008,Lõuna-Eesti,3.72,0.211602067183333,0.353643410853333,3670.17,-6.1647997416,-8.26105943151667
EE65606,Estonia,EE,EE0,EE00,EE008,Lõuna-Eesti,3.72,0.211602067183333,0.353643410853333,3670.17,-6.1647997416,-8.26105943151667
EE65607,Estonia,EE,EE0,EE00,EE008,Lõuna-Eesti,3.72,0.211602067183333,0.353643410853333,3670.17,-6.1647997416,-8.26105943151667
EE65608,Estonia,EE,EE0,EE00,EE008,Lõuna-Eesti,3.72,0.211602067183333,0.353643410853333,3670.17,-6.1647997416,-8.26105943151667
EE65609,Estonia,EE,EE0,EE00,EE008,Lõuna-Eesti,3.72,0.211602067183333,0.353643410853333,3670.17,-6.1647997416,-8.26105943151667
EE65610,Estonia,EE,EE0,EE00,EE008,Lõuna-Eesti,3.72,0.211602067183333,0.353643410853333,3670.17,-6.1647997416,-8.26105943151667
EE65620,Estonia,EE,EE0,EE00,EE008,Lõuna-Eesti,3.72,0.211602067183333,0.353643410853333,3670.17,-6.1647997416,-8.26105943151667
EE66002,Estonia,EE,EE0,EE00,EE008,Lõuna-Eesti,3.72,0.211602067183333,0.353643410853333,3670.17,-6.1647997416,-8.26105943151667
EE66003,Estonia,EE,EE0,EE00,EE008,Lõuna-Eesti,3.72,0.211602067183333,0.353643410853333,3670.17,-6.1647997416,-8.26105943151667
EE66004,Estonia,EE,EE0,EE00,EE008,Lõuna-Eesti,3.72,0.211602067183333,0.353643410853333,3670.17,-6.1647997416,-8.26105943151667
EE66009,Estonia,EE,EE0,EE00,EE008,Lõuna-Eesti,3.72,0.211602067183333,0.353643410853333,3670.17,-6.1647997416,-8.26105943151667
EE66013,Estonia,EE,EE0,EE00,EE008,Lõuna-Eesti,3.72,0.211602067183333,0.353643410853333,3670.17,-6.1647997416,-8.26105943151667
EE66014,Estonia,EE,EE0,EE00,EE008,Lõuna-Eesti,3.72,0.211602067183333,0.353643410853333,3670.17,-6.1647997416,-8.26105943151667
EE66015,Estonia,EE,EE0,EE00,EE008,Lõuna-Eesti,3.72,0.211602067183333,0.353643410853333,3670.17,-6.1647997416,-8.26105943151667
EE66016,Estonia,EE,EE0,EE00,EE008,Lõuna-Eesti,3.72,0.211602067183333,0.353643410853333,3670.17,-6.1647997416,-8.26105943151667
EE66101,Estonia,EE,EE0,EE00,EE008,Lõuna-Eesti,3.72,0.211602067183333,0.353643410853333,3670.17,-6.1647997416,-8.26105943151667
EE66103,Estonia,EE,EE0,EE00,EE008,Lõuna-Eesti,3.72,0.211602067183333,0.353643410853333,3670.17,-6.1647997416,-8.26105943151667
EE66105,Estonia,EE,EE0,EE00,EE008,Lõuna-Eesti,3.72,0.211602067183333,0.353643410853333,3670.17,-6.1647997416,-8.26105943151667
EE66107,Estonia,EE,EE0,EE00,EE008,Lõuna-Eesti,3.72,0.211602067183333,0.353643410853333,3670.17,-6.1647997416,-8.26105943151667
EE66116,Estonia,EE,EE0,EE00,EE008,Lõuna-Eesti,3.72,0.211602067183333,0.353643410853333,3670.17,-6.1647997416,-8.26105943151667
EE66201,Estonia,EE,EE0,EE00,EE008,Lõuna-Eesti,3.72,0.211602067183333,0.353643410853333,3670.17,-6.1647997416,-8.26105943151667
EE66206,Estonia,EE,EE0,EE00,EE008,Lõuna-Eesti,3.72,0.211602067183333,0.353643410853333,3670.17,-6.1647997416,-8.26105943151667
EE66208,Estonia,EE,EE0,EE00,EE008,Lõuna-Eesti,3.72,0.211602067183333,0.353643410853333,3670.17,-6.1647997416,-8.26105943151667
EE66221,Estonia,EE,EE0,EE00,EE008,Lõuna-Eesti,3.72,0.211602067183333,0.353643410853333,3670.17,-6.1647997416,-8.26105943151667
EE66224,Estonia,EE,EE0,EE00,EE008,Lõuna-Eesti,3.72,0.211602067183333,0.353643410853333,3670.17,-6.1647997416,-8.26105943151667
EE66261,Estonia,EE,EE0,EE00,EE008,Lõuna-Eesti,3.72,0.211602067183333,0.353643410853333,3670.17,-6.1647997416,-8.26105943151667
EE66262,Estonia,EE,EE0,EE00,EE008,Lõuna-Eesti,3.72,0.211602067183333,0.353643410853333,3670.17,-6.1647997416,-8.26105943151667
EE66277,Estonia,EE,EE0,EE00,EE008,Lõuna-Eesti,3.72,0.211602067183333,0.353643410853333,3670.17,-6.1647997416,-8.26105943151667
EE66282,Estonia,EE,EE0,EE00,EE008,Lõuna-Eesti,3.72,0.211602067183333,0.353643410853333,3670.17,-6.1647997416,-8.26105943151667
EE66284,Estonia,EE,EE0,EE00,EE008,Lõuna-Eesti,3.72,0.211602067183333,0.353643410853333,3670.17,-6.1647997416,-8.26105943151667
EE66288,Estonia,EE,EE0,EE00,EE008,Lõuna-Eesti,3.72,0.211602067183333,0.353643410853333,3670.17,-6.1647997416,-8.26105943151667
EE66298,Estonia,EE,EE0,EE00,EE008,Lõuna-Eesti,3.72,0.211602067183333,0.353643410853333,3670.17,-6.1647997416,-8.26105943151667
EE66403,Estonia,EE,EE0,EE00,EE008,Lõuna-Eesti,3.72,0.211602067183333,0.353643410853333,3670.17,-6.1647997416,-8.26105943151667
EE66404,Estonia,EE,EE0,EE00,EE008,Lõuna-Eesti,3.72,0.211602067183333,0.353643410853333,3670.17,-6.1647997416,-8.26105943151667
EE66407,Estonia,EE,EE0,EE00,EE008,Lõuna-Eesti,3.72,0.211602067183333,0.353643410853333,3670.17,-6.1647997416,-8.26105943151667
EE66408,Estonia,EE,EE0,EE00,EE008,Lõuna-Eesti,3.72,0.211602067183333,0.353643410853333,3670.17,-6.1647997416,-8.26105943151667
EE66409,Estonia,EE,EE0,EE00,EE008,Lõuna-Eesti,3.72,0.211602067183333,0.353643410853333,3670.17,-6.1647997416,-8.26105943151667
EE66410,Estonia,EE,EE0,EE00,EE008,Lõuna-Eesti,3.72,0.211602067183333,0.353643410853333,3670.17,-6.1647997416,-8.26105943151667
EE66411,Estonia,EE,EE0,EE00,EE008,Lõuna-Eesti,3.72,0.211602067183333,0.353643410853333,3670.17,-6.1647997416,-8.26105943151667
EE66416,Estonia,EE,EE0,EE00,EE008,Lõuna-Eesti,3.72,0.211602067183333,0.353643410853333,3670.17,-6.1647997416,-8.26105943151667
EE66417,Estonia,EE,EE0,EE00,EE008,Lõuna-Eesti,3.72,0.211602067183333,0.353643410853333,3670.17,-6.1647997416,-8.26105943151667
EE66419,Estonia,EE,EE0,EE00,EE008,Lõuna-Eesti,3.72,0.211602067183333,0.353643410853333,3670.17,-6.1647997416,-8.26105943151667
EE66422,Estonia,EE,EE0,EE00,EE008,Lõuna-Eesti,3.72,0.211602067183333,0.353643410853333,3670.17,-6.1647997416,-8.26105943151667
EE66504,Estonia,EE,EE0,EE00,EE008,Lõuna-Eesti,3.72,0.211602067183333,0.353643410853333,3670.17,-6.1647997416,-8.26105943151667
EE66505,Estonia,EE,EE0,EE00,EE008,Lõuna-Eesti,3.72,0.211602067183333,0.353643410853333,3670.17,-6.1647997416,-8.26105943151667
EE66506,Estonia,EE,EE0,EE00,EE008,Lõuna-Eesti,3.72,0.211602067183333,0.353643410853333,3670.17,-6.1647997416,-8.26105943151667
EE66508,Estonia,EE,EE0,EE00,EE008,Lõuna-Eesti,3.72,0.211602067183333,0.353643410853333,3670.17,-6.1647997416,-8.26105943151667
EE66509,Estonia,EE,EE0,EE00,EE008,Lõuna-Eesti,3.72,0.211602067183333,0.353643410853333,3670.17,-6.1647997416,-8.26105943151667
EE66515,Estonia,EE,EE0,EE00,EE008,Lõuna-Eesti,3.72,0.211602067183333,0.353643410853333,3670.17,-6.1647997416,-8.26105943151667
EE66517,Estonia,EE,EE0,EE00,EE008,Lõuna-Eesti,3.72,0.211602067183333,0.353643410853333,3670.17,-6.1647997416,-8.26105943151667
EE66519,Estonia,EE,EE0,EE00,EE008,Lõuna-Eesti,3.72,0.211602067183333,0.353643410853333,3670.17,-6.1647997416,-8.26105943151667
EE66604,Estonia,EE,EE0,EE00,EE008,Lõuna-Eesti,3.72,0.211602067183333,0.353643410853333,3670.17,-6.1647997416,-8.26105943151667
EE66613,Estonia,EE,EE0,EE00,EE008,Lõuna-Eesti,3.72,0.211602067183333,0.353643410853333,3670.17,-6.1647997416,-8.26105943151667
EE66614,Estonia,EE,EE0,EE00,EE008,Lõuna-Eesti,3.72,0.211602067183333,0.353643410853333,3670.17,-6.1647997416,-8.26105943151667
EE66615,Estonia,EE,EE0,EE00,EE008,Lõuna-Eesti,3.72,0.211602067183333,0.353643410853333,3670.17,-6.1647997416,-8.26105943151667
EE66620,Estonia,EE,EE0,EE00,EE008,Lõuna-Eesti,3.72,0.211602067183333,0.353643410853333,3670.17,-6.1647997416,-8.26105943151667
EE66624,Estonia,EE,EE0,EE00,EE008,Lõuna-Eesti,3.72,0.211602067183333,0.353643410853333,3670.17,-6.1647997416,-8.26105943151667
EE66627,Estonia,EE,EE0,EE00,EE008,Lõuna-Eesti,3.72,0.211602067183333,0.353643410853333,3670.17,-6.1647997416,-8.26105943151667
EE66628,Estonia,EE,EE0,EE00,EE008,Lõuna-Eesti,3.72,0.211602067183333,0.353643410853333,3670.17,-6.1647997416,-8.26105943151667
EE66629,Estonia,EE,EE0,EE00,EE008,Lõuna-Eesti,3.72,0.211602067183333,0.353643410853333,3670.17,-6.1647997416,-8.26105943151667
EE66635,Estonia,EE,EE0,EE00,EE008,Lõuna-Eesti,3.72,0.211602067183333,0.353643410853333,3670.17,-6.1647997416,-8.26105943151667
EE66636,Estonia,EE,EE0,EE00,EE008,Lõuna-Eesti,3.72,0.211602067183333,0.353643410853333,3670.17,-6.1647997416,-8.26105943151667
EE66641,Estonia,EE,EE0,EE00,EE008,Lõuna-Eesti,3.72,0.211602067183333,0.353643410853333,3670.17,-6.1647997416,-8.26105943151667
EE66642,Estonia,EE,EE0,EE00,EE008,Lõuna-Eesti,3.72,0.211602067183333,0.353643410853333,3670.17,-6.1647997416,-8.26105943151667
EE66710,Estonia,EE,EE0,EE00,EE008,Lõuna-Eesti,3.72,0.211602067183333,0.353643410853333,3670.17,-6.1647997416,-8.26105943151667
EE66712,Estonia,EE,EE0,EE00,EE008,Lõuna-Eesti,3.72,0.211602067183333,0.353643410853333,3670.17,-6.1647997416,-8.26105943151667
EE67004,Estonia,EE,EE0,EE00,EE008,Lõuna-Eesti,3.72,0.211602067183333,0.353643410853333,3670.17,-6.1647997416,-8.26105943151667
EE67005,Estonia,EE,EE0,EE00,EE008,Lõuna-Eesti,3.72,0.211602067183333,0.353643410853333,3670.17,-6.1647997416,-8.26105943151667
EE67006,Estonia,EE,EE0,EE00,EE008,Lõuna-Eesti,3.72,0.211602067183333,0.353643410853333,3670.17,-6.1647997416,-8.26105943151667
EE67007,Estonia,EE,EE0,EE00,EE008,Lõuna-Eesti,3.72,0.211602067183333,0.353643410853333,3670.17,-6.1647997416,-8.26105943151667
EE67009,Estonia,EE,EE0,EE00,EE008,Lõuna-Eesti,3.72,0.211602067183333,0.353643410853333,3670.17,-6.1647997416,-8.26105943151667
EE67010,Estonia,EE,EE0,EE00,EE008,Lõuna-Eesti,3.72,0.211602067183333,0.353643410853333,3670.17,-6.1647997416,-8.26105943151667
EE67011,Estonia,EE,EE0,EE00,EE008,Lõuna-Eesti,3.72,0.211602067183333,0.353643410853333,3670.17,-6.1647997416,-8.26105943151667
EE67012,Estonia,EE,EE0,EE00,EE008,Lõuna-Eesti,3.72,0.211602067183333,0.353643410853333,3670.17,-6.1647997416,-8.26105943151667
EE67013,Estonia,EE,EE0,EE00,EE008,Lõuna-Eesti,3.72,0.211602067183333,0.353643410853333,3670.17,-6.1647997416,-8.26105943151667
EE67102,Estonia,EE,EE0,EE00,EE008,Lõuna-Eesti,3.72,0.211602067183333,0.353643410853333,3670.17,-6.1647997416,-8.26105943151667
EE67103,Estonia,EE,EE0,EE00,EE008,Lõuna-Eesti,3.72,0.211602067183333,0.353643410853333,3670.17,-6.1647997416,-8.26105943151667
EE67104,Estonia,EE,EE0,EE00,EE008,Lõuna-Eesti,3.72,0.211602067183333,0.353643410853333,3670.17,-6.1647997416,-8.26105943151667
EE67106,Estonia,EE,EE0,EE00,EE008,Lõuna-Eesti,3.72,0.211602067183333,0.353643410853333,3670.17,-6.1647997416,-8.26105943151667
EE67108,Estonia,EE,EE0,EE00,EE008,Lõuna-Eesti,3.72,0.211602067183333,0.353643410853333,3670.17,-6.1647997416,-8.26105943151667
EE67111,Estonia,EE,EE0,EE00,EE008,Lõuna-Eesti,3.72,0.211602067183333,0.353643410853333,3670.17,-6.1647997416,-8.26105943151667
EE67204,Estonia,EE,EE0,EE00,EE008,Lõuna-Eesti,3.72,0.211602067183333,0.353643410853333,3670.17,-6.1647997416,-8.26105943151667
EE67205,Estonia,EE,EE0,EE00,EE008,Lõuna-Eesti,3.72,0.211602067183333,0.353643410853333,3670.17,-6.1647997416,-8.26105943151667
EE67208,Estonia,EE,EE0,EE00,EE008,Lõuna-Eesti,3.72,0.211602067183333,0.353643410853333,3670.17,-6.1647997416,-8.26105943151667
EE67209,Estonia,EE,EE0,EE00,EE008,Lõuna-Eesti,3.72,0.211602067183333,0.353643410853333,3670.17,-6.1647997416,-8.26105943151667
EE67210,Estonia,EE,EE0,EE00,EE008,Lõuna-Eesti,3.72,0.211602067183333,0.353643410853333,3670.17,-6.1647997416,-8.26105943151667
EE67211,Estonia,EE,EE0,EE00,EE008,Lõuna-Eesti,3.72,0.211602067183333,0.353643410853333,3670.17,-6.1647997416,-8.26105943151667
EE67212,Estonia,EE,EE0,EE00,EE008,Lõuna-Eesti,3.72,0.211602067183333,0.353643410853333,3670.17,-6.1647997416,-8.26105943151667
EE67214,Estonia,EE,EE0,EE00,EE008,Lõuna-Eesti,3.72,0.211602067183333,0.353643410853333,3670.17,-6.1647997416,-8.26105943151667
EE67215,Estonia,EE,EE0,EE00,EE008,Lõuna-Eesti,3.72,0.211602067183333,0.353643410853333,3670.17,-6.1647997416,-8.26105943151667
EE67216,Estonia,EE,EE0,EE00,EE008,Lõuna-Eesti,3.72,0.211602067183333,0.353643410853333,3670.17,-6.1647997416,-8.26105943151667
EE67217,Estonia,EE,EE0,EE00,EE008,Lõuna-Eesti,3.72,0.211602067183333,0.353643410853333,3670.17,-6.1647997416,-8.26105943151667
EE67301,Estonia,EE,EE0,EE00,EE008,Lõuna-Eesti,3.72,0.211602067183333,0.353643410853333,3670.17,-6.1647997416,-8.26105943151667
EE67303,Estonia,EE,EE0,EE00,EE008,Lõuna-Eesti,3.72,0.211602067183333,0.353643410853333,3670.17,-6.1647997416,-8.26105943151667
EE67304,Estonia,EE,EE0,EE00,EE008,Lõuna-Eesti,3.72,0.211602067183333,0.353643410853333,3670.17,-6.1647997416,-8.26105943151667
EE67305,Estonia,EE,EE0,EE00,EE008,Lõuna-Eesti,3.72,0.211602067183333,0.353643410853333,3670.17,-6.1647997416,-8.26105943151667
EE67306,Estonia,EE,EE0,EE00,EE008,Lõuna-Eesti,3.72,0.211602067183333,0.353643410853333,3670.17,-6.1647997416,-8.26105943151667
EE67307,Estonia,EE,EE0,EE00,EE008,Lõuna-Eesti,3.72,0.211602067183333,0.353643410853333,3670.17,-6.1647997416,-8.26105943151667
EE67310,Estonia,EE,EE0,EE00,EE008,Lõuna-Eesti,3.72,0.211602067183333,0.353643410853333,3670.17,-6.1647997416,-8.26105943151667
EE67403,Estonia,EE,EE0,EE00,EE008,Lõuna-Eesti,3.72,0.211602067183333,0.353643410853333,3670.17,-6.1647997416,-8.26105943151667
EE67404,Estonia,EE,EE0,EE00,EE008,Lõuna-Eesti,3.72,0.211602067183333,0.353643410853333,3670.17,-6.1647997416,-8.26105943151667
EE67405,Estonia,EE,EE0,EE00,EE008,Lõuna-Eesti,3.72,0.211602067183333,0.353643410853333,3670.17,-6.1647997416,-8.26105943151667
EE67407,Estonia,EE,EE0,EE00,EE008,Lõuna-Eesti,3.72,0.211602067183333,0.353643410853333,3670.17,-6.1647997416,-8.26105943151667
EE67408,Estonia,EE,EE0,EE00,EE008,Lõuna-Eesti,3.72,0.211602067183333,0.353643410853333,3670.17,-6.1647997416,-8.26105943151667
EE67410,Estonia,EE,EE0,EE00,EE008,Lõuna-Eesti,3.72,0.211602067183333,0.353643410853333,3670.17,-6.1647997416,-8.26105943151667
EE67412,Estonia,EE,EE0,EE00,EE008,Lõuna-Eesti,3.72,0.211602067183333,0.353643410853333,3670.17,-6.1647997416,-8.26105943151667
EE67414,Estonia,EE,EE0,EE00,EE008,Lõuna-Eesti,3.72,0.211602067183333,0.353643410853333,3670.17,-6.1647997416,-8.26105943151667
EE67416,Estonia,EE,EE0,EE00,EE008,Lõuna-Eesti,3.72,0.211602067183333,0.353643410853333,3670.17,-6.1647997416,-8.26105943151667
EE67417,Estonia,EE,EE0,EE00,EE008,Lõuna-Eesti,3.72,0.211602067183333,0.353643410853333,3670.17,-6.1647997416,-8.26105943151667
EE67418,Estonia,EE,EE0,EE00,EE008,Lõuna-Eesti,3.72,0.211602067183333,0.353643410853333,3670.17,-6.1647997416,-8.26105943151667
EE67505,Estonia,EE,EE0,EE00,EE008,Lõuna-Eesti,3.72,0.211602067183333,0.353643410853333,3670.17,-6.1647997416,-8.26105943151667
EE67508,Estonia,EE,EE0,EE00,EE008,Lõuna-Eesti,3.72,0.211602067183333,0.353643410853333,3670.17,-6.1647997416,-8.26105943151667
EE67509,Estonia,EE,EE0,EE00,EE008,Lõuna-Eesti,3.72,0.211602067183333,0.353643410853333,3670.17,-6.1647997416,-8.26105943151667
EE67511,Estonia,EE,EE0,EE00,EE008,Lõuna-Eesti,3.72,0.211602067183333,0.353643410853333,3670.17,-6.1647997416,-8.26105943151667
EE67514,Estonia,EE,EE0,EE00,EE008,Lõuna-Eesti,3.72,0.211602067183333,0.353643410853333,3670.17,-6.1647997416,-8.26105943151667
EE67515,Estonia,EE,EE0,EE00,EE008,Lõuna-Eesti,3.72,0.211602067183333,0.353643410853333,3670.17,-6.1647997416,-8.26105943151667
EE67516,Estonia,EE,EE0,EE00,EE008,Lõuna-Eesti,3.72,0.211602067183333,0.353643410853333,3670.17,-6.1647997416,-8.26105943151667
EE68004,Estonia,EE,EE0,EE00,EE008,Lõuna-Eesti,3.72,0.211602067183333,0.353643410853333,3670.17,-6.1647997416,-8.26105943151667
EE68006,Estonia,EE,EE0,EE00,EE008,Lõuna-Eesti,3.72,0.211602067183333,0.353643410853333,3670.17,-6.1647997416,-8.26105943151667
EE68007,Estonia,EE,EE0,EE00,EE008,Lõuna-Eesti,3.72,0.211602067183333,0.353643410853333,3670.17,-6.1647997416,-8.26105943151667
EE68009,Estonia,EE,EE0,EE00,EE008,Lõuna-Eesti,3.72,0.211602067183333,0.353643410853333,3670.17,-6.1647997416,-8.26105943151667
EE68011,Estonia,EE,EE0,EE00,EE008,Lõuna-Eesti,3.72,0.211602067183333,0.353643410853333,3670.17,-6.1647997416,-8.26105943151667
EE68012,Estonia,EE,EE0,EE00,EE008,Lõuna-Eesti,3.72,0.211602067183333,0.353643410853333,3670.17,-6.1647997416,-8.26105943151667
EE68013,Estonia,EE,EE0,EE00,EE008,Lõuna-Eesti,3.72,0.211602067183333,0.353643410853333,3670.17,-6.1647997416,-8.26105943151667
EE68014,Estonia,EE,EE0,EE00,EE008,Lõuna-Eesti,3.72,0.211602067183333,0.353643410853333,3670.17,-6.1647997416,-8.26105943151667
EE68015,Estonia,EE,EE0,EE00,EE008,Lõuna-Eesti,3.72,0.211602067183333,0.353643410853333,3670.17,-6.1647997416,-8.26105943151667
EE68016,Estonia,EE,EE0,EE00,EE008,Lõuna-Eesti,3.72,0.211602067183333,0.353643410853333,3670.17,-6.1647997416,-8.26105943151667
EE68103,Estonia,EE,EE0,EE00,EE008,Lõuna-Eesti,3.72,0.211602067183333,0.353643410853333,3670.17,-6.1647997416,-8.26105943151667
EE68104,Estonia,EE,EE0,EE00,EE008,Lõuna-Eesti,3.72,0.211602067183333,0.353643410853333,3670.17,-6.1647997416,-8.26105943151667
EE68112,Estonia,EE,EE0,EE00,EE008,Lõuna-Eesti,3.72,0.211602067183333,0.353643410853333,3670.17,-6.1647997416,-8.26105943151667
EE68203,Estonia,EE,EE0,EE00,EE008,Lõuna-Eesti,3.72,0.211602067183333,0.353643410853333,3670.17,-6.1647997416,-8.26105943151667
EE68204,Estonia,EE,EE0,EE00,EE008,Lõuna-Eesti,3.72,0.211602067183333,0.353643410853333,3670.17,-6.1647997416,-8.26105943151667
EE68205,Estonia,EE,EE0,EE00,EE008,Lõuna-Eesti,3.72,0.211602067183333,0.353643410853333,3670.17,-6.1647997416,-8.26105943151667
EE68206,Estonia,EE,EE0,EE00,EE008,Lõuna-Eesti,3.72,0.211602067183333,0.353643410853333,3670.17,-6.1647997416,-8.26105943151667
EE68207,Estonia,EE,EE0,EE00,EE008,Lõuna-Eesti,3.72,0.211602067183333,0.353643410853333,3670.17,-6.1647997416,-8.26105943151667
EE68208,Estonia,EE,EE0,EE00,EE008,Lõuna-Eesti,3.72,0.211602067183333,0.353643410853333,3670.17,-6.1647997416,-8.26105943151667
EE68209,Estonia,EE,EE0,EE00,EE008,Lõuna-Eesti,3.72,0.211602067183333,0.353643410853333,3670.17,-6.1647997416,-8.26105943151667
EE68217,Estonia,EE,EE0,EE00,EE008,Lõuna-Eesti,3.72,0.211602067183333,0.353643410853333,3670.17,-6.1647997416,-8.26105943151667
EE68218,Estonia,EE,EE0,EE00,EE008,Lõuna-Eesti,3.72,0.211602067183333,0.353643410853333,3670.17,-6.1647997416,-8.26105943151667
EE68219,Estonia,EE,EE0,EE00,EE008,Lõuna-Eesti,3.72,0.211602067183333,0.353643410853333,3670.17,-6.1647997416,-8.26105943151667
EE68221,Estonia,EE,EE0,EE00,EE008,Lõuna-Eesti,3.72,0.211602067183333,0.353643410853333,3670.17,-6.1647997416,-8.26105943151667
EE68222,Estonia,EE,EE0,EE00,EE008,Lõuna-Eesti,3.72,0.211602067183333,0.353643410853333,3670.17,-6.1647997416,-8.26105943151667
EE68223,Estonia,EE,EE0,EE00,EE008,Lõuna-Eesti,3.72,0.211602067183333,0.353643410853333,3670.17,-6.1647997416,-8.26105943151667
EE68224,Estonia,EE,EE0,EE00,EE008,Lõuna-Eesti,3.72,0.211602067183333,0.353643410853333,3670.17,-6.1647997416,-8.26105943151667
EE68229,Estonia,EE,EE0,EE00,EE008,Lõuna-Eesti,3.72,0.211602067183333,0.353643410853333,3670.17,-6.1647997416,-8.26105943151667
EE68304,Estonia,EE,EE0,EE00,EE008,Lõuna-Eesti,3.72,0.211602067183333,0.353643410853333,3670.17,-6.1647997416,-8.26105943151667
EE68305,Estonia,EE,EE0,EE00,EE008,Lõuna-Eesti,3.72,0.211602067183333,0.353643410853333,3670.17,-6.1647997416,-8.26105943151667
EE68307,Estonia,EE,EE0,EE00,EE008,Lõuna-Eesti,3.72,0.211602067183333,0.353643410853333,3670.17,-6.1647997416,-8.26105943151667
EE68310,Estonia,EE,EE0,EE00,EE008,Lõuna-Eesti,3.72,0.211602067183333,0.353643410853333,3670.17,-6.1647997416,-8.26105943151667
EE68312,Estonia,EE,EE0,EE00,EE008,Lõuna-Eesti,3.72,0.211602067183333,0.353643410853333,3670.17,-6.1647997416,-8.26105943151667
EE68314,Estonia,EE,EE0,EE00,EE008,Lõuna-Eesti,3.72,0.211602067183333,0.353643410853333,3670.17,-6.1647997416,-8.26105943151667
EE68315,Estonia,EE,EE0,EE00,EE008,Lõuna-Eesti,3.72,0.211602067183333,0.353643410853333,3670.17,-6.1647997416,-8.26105943151667
EE68316,Estonia,EE,EE0,EE00,EE008,Lõuna-Eesti,3.72,0.211602067183333,0.353643410853333,3670.17,-6.1647997416,-8.26105943151667
EE68404,Estonia,EE,EE0,EE00,EE008,Lõuna-Eesti,3.72,0.211602067183333,0.353643410853333,3670.17,-6.1647997416,-8.26105943151667
EE68405,Estonia,EE,EE0,EE00,EE008,Lõuna-Eesti,3.72,0.211602067183333,0.353643410853333,3670.17,-6.1647997416,-8.26105943151667
EE68411,Estonia,EE,EE0,EE00,EE008,Lõuna-Eesti,3.72,0.211602067183333,0.353643410853333,3670.17,-6.1647997416,-8.26105943151667
EE68506,Estonia,EE,EE0,EE00,EE008,Lõuna-Eesti,3.72,0.211602067183333,0.353643410853333,3670.17,-6.1647997416,-8.26105943151667
EE68507,Estonia,EE,EE0,EE00,EE008,Lõuna-Eesti,3.72,0.211602067183333,0.353643410853333,3670.17,-6.1647997416,-8.26105943151667
EE68511,Estonia,EE,EE0,EE00,EE008,Lõuna-Eesti,3.72,0.211602067183333,0.353643410853333,3670.17,-6.1647997416,-8.26105943151667
EE68604,Estonia,EE,EE0,EE00,EE008,Lõuna-Eesti,3.72,0.211602067183333,0.353643410853333,3670.17,-6.1647997416,-8.26105943151667
EE68605,Estonia,EE,EE0,EE00,EE008,Lõuna-Eesti,3.72,0.211602067183333,0.353643410853333,3670.17,-6.1647997416,-8.26105943151667
EE68606,Estonia,EE,EE0,EE00,EE008,Lõuna-Eesti,3.72,0.211602067183333,0.353643410853333,3670.17,-6.1647997416,-8.26105943151667
EE68608,Estonia,EE,EE0,EE00,EE008,Lõuna-Eesti,3.72,0.211602067183333,0.353643410853333,3670.17,-6.1647997416,-8.26105943151667
EE68611,Estonia,EE,EE0,EE00,EE008,Lõuna-Eesti,3.72,0.211602067183333,0.353643410853333,3670.17,-6.1647997416,-8.26105943151667
EE68614,Estonia,EE,EE0,EE00,EE008,Lõuna-Eesti,3.72,0.211602067183333,0.353643410853333,3670.17,-6.1647997416,-8.26105943151667
EE68615,Estonia,EE,EE0,EE00,EE008,Lõuna-Eesti,3.72,0.211602067183333,0.353643410853333,3670.17,-6.1647997416,-8.26105943151667
EE68616,Estonia,EE,EE0,EE00,EE008,Lõuna-Eesti,3.72,0.211602067183333,0.353643410853333,3670.17,-6.1647997416,-8.26105943151667
EE68617,Estonia,EE,EE0,EE00,EE008,Lõuna-Eesti,3.72,0.211602067183333,0.353643410853333,3670.17,-6.1647997416,-8.26105943151667
EE68618,Estonia,EE,EE0,EE00,EE008,Lõuna-Eesti,3.72,0.211602067183333,0.353643410853333,3670.17,-6.1647997416,-8.26105943151667
EE68619,Estonia,EE,EE0,EE00,EE008,Lõuna-Eesti,3.72,0.211602067183333,0.353643410853333,3670.17,-6.1647997416,-8.26105943151667
EE68704,Estonia,EE,EE0,EE00,EE008,Lõuna-Eesti,3.72,0.211602067183333,0.353643410853333,3670.17,-6.1647997416,-8.26105943151667
EE68706,Estonia,EE,EE0,EE00,EE008,Lõuna-Eesti,3.72,0.211602067183333,0.353643410853333,3670.17,-6.1647997416,-8.26105943151667
EE68709,Estonia,EE,EE0,EE00,EE008,Lõuna-Eesti,3.72,0.211602067183333,0.353643410853333,3670.17,-6.1647997416,-8.26105943151667
EE68712,Estonia,EE,EE0,EE00,EE008,Lõuna-Eesti,3.72,0.211602067183333,0.353643410853333,3670.17,-6.1647997416,-8.26105943151667
EE68716,Estonia,EE,EE0,EE00,EE008,Lõuna-Eesti,3.72,0.211602067183333,0.353643410853333,3670.17,-6.1647997416,-8.26105943151667
EE69002,Estonia,EE,EE0,EE00,EE008,Lõuna-Eesti,3.72,0.211602067183333,0.353643410853333,3670.17,-6.1647997416,-8.26105943151667
EE69004,Estonia,EE,EE0,EE00,EE008,Lõuna-Eesti,3.72,0.211602067183333,0.353643410853333,3670.17,-6.1647997416,-8.26105943151667
EE69102,Estonia,EE,EE0,EE00,EE008,Lõuna-Eesti,3.72,0.211602067183333,0.353643410853333,3670.17,-6.1647997416,-8.26105943151667
EE69103,Estonia,EE,EE0,EE00,EE008,Lõuna-Eesti,3.72,0.211602067183333,0.353643410853333,3670.17,-6.1647997416,-8.26105943151667
EE69104,Estonia,EE,EE0,EE00,EE008,Lõuna-Eesti,3.72,0.211602067183333,0.353643410853333,3670.17,-6.1647997416,-8.26105943151667
EE69105,Estonia,EE,EE0,EE00,EE008,Lõuna-Eesti,3.72,0.211602067183333,0.353643410853333,3670.17,-6.1647997416,-8.26105943151667
EE69106,Estonia,EE,EE0,EE00,EE008,Lõuna-Eesti,3.72,0.211602067183333,0.353643410853333,3670.17,-6.1647997416,-8.26105943151667
EE69107,Estonia,EE,EE0,EE00,EE008,Lõuna-Eesti,3.72,0.211602067183333,0.353643410853333,3670.17,-6.1647997416,-8.26105943151667
EE69108,Estonia,EE,EE0,EE00,EE008,Lõuna-Eesti,3.72,0.211602067183333,0.353643410853333,3670.17,-6.1647997416,-8.26105943151667
EE69111,Estonia,EE,EE0,EE00,EE008,Lõuna-Eesti,3.72,0.211602067183333,0.353643410853333,3670.17,-6.1647997416,-8.26105943151667
EE69112,Estonia,EE,EE0,EE00,EE008,Lõuna-Eesti,3.72,0.211602067183333,0.353643410853333,3670.17,-6.1647997416,-8.26105943151667
EE69114,Estonia,EE,EE0,EE00,EE008,Lõuna-Eesti,3.72,0.211602067183333,0.353643410853333,3670.17,-6.1647997416,-8.26105943151667
EE69115,Estonia,EE,EE0,EE00,EE008,Lõuna-Eesti,3.72,0.211602067183333,0.353643410853333,3670.17,-6.1647997416,-8.26105943151667
EE69302,Estonia,EE,EE0,EE00,EE008,Lõuna-Eesti,3.72,0.211602067183333,0.353643410853333,3670.17,-6.1647997416,-8.26105943151667
EE69303,Estonia,EE,EE0,EE00,EE008,Lõuna-Eesti,3.72,0.211602067183333,0.353643410853333,3670.17,-6.1647997416,-8.26105943151667
EE69306,Estonia,EE,EE0,EE00,EE008,Lõuna-Eesti,3.72,0.211602067183333,0.353643410853333,3670.17,-6.1647997416,-8.26105943151667
EE69307,Estonia,EE,EE0,EE00,EE008,Lõuna-Eesti,3.72,0.211602067183333,0.353643410853333,3670.17,-6.1647997416,-8.26105943151667
EE69309,Estonia,EE,EE0,EE00,EE008,Lõuna-Eesti,3.72,0.211602067183333,0.353643410853333,3670.17,-6.1647997416,-8.26105943151667
EE69402,Estonia,EE,EE0,EE00,EE008,Lõuna-Eesti,3.72,0.211602067183333,0.353643410853333,3670.17,-6.1647997416,-8.26105943151667
EE69403,Estonia,EE,EE0,EE00,EE008,Lõuna-Eesti,3.72,0.211602067183333,0.353643410853333,3670.17,-6.1647997416,-8.26105943151667
EE69404,Estonia,EE,EE0,EE00,EE008,Lõuna-Eesti,3.72,0.211602067183333,0.353643410853333,3670.17,-6.1647997416,-8.26105943151667
EE69406,Estonia,EE,EE0,EE00,EE008,Lõuna-Eesti,3.72,0.211602067183333,0.353643410853333,3670.17,-6.1647997416,-8.26105943151667
EE69408,Estonia,EE,EE0,EE00,EE008,Lõuna-Eesti,3.72,0.211602067183333,0.353643410853333,3670.17,-6.1647997416,-8.26105943151667
EE69409,Estonia,EE,EE0,EE00,EE008,Lõuna-Eesti,3.72,0.211602067183333,0.353643410853333,3670.17,-6.1647997416,-8.26105943151667
EE69410,Estonia,EE,EE0,EE00,EE008,Lõuna-Eesti,3.72,0.211602067183333,0.353643410853333,3670.17,-6.1647997416,-8.26105943151667
EE69411,Estonia,EE,EE0,EE00,EE008,Lõuna-Eesti,3.72,0.211602067183333,0.353643410853333,3670.17,-6.1647997416,-8.26105943151667
EE69501,Estonia,EE,EE0,EE00,EE008,Lõuna-Eesti,3.72,0.211602067183333,0.353643410853333,3670.17,-6.1647997416,-8.26105943151667
EE69503,Estonia,EE,EE0,EE00,EE008,Lõuna-Eesti,3.72,0.211602067183333,0.353643410853333,3670.17,-6.1647997416,-8.26105943151667
EE69602,Estonia,EE,EE0,EE00,EE008,Lõuna-Eesti,3.72,0.211602067183333,0.353643410853333,3670.17,-6.1647997416,-8.26105943151667
EE69603,Estonia,EE,EE0,EE00,EE008,Lõuna-Eesti,3.72,0.211602067183333,0.353643410853333,3670.17,-6.1647997416,-8.26105943151667
EE69604,Estonia,EE,EE0,EE00,EE008,Lõuna-Eesti,3.72,0.211602067183333,0.353643410853333,3670.17,-6.1647997416,-8.26105943151667
EE69605,Estonia,EE,EE0,EE00,EE008,Lõuna-Eesti,3.72,0.211602067183333,0.353643410853333,3670.17,-6.1647997416,-8.26105943151667
EE69607,Estonia,EE,EE0,EE00,EE008,Lõuna-Eesti,3.72,0.211602067183333,0.353643410853333,3670.17,-6.1647997416,-8.26105943151667
EE69609,Estonia,EE,EE0,EE00,EE008,Lõuna-Eesti,3.72,0.211602067183333,0.353643410853333,3670.17,-6.1647997416,-8.26105943151667
EE69611,Estonia,EE,EE0,EE00,EE008,Lõuna-Eesti,3.72,0.211602067183333,0.353643410853333,3670.17,-6.1647997416,-8.26105943151667
EE69612,Estonia,EE,EE0,EE00,EE008,Lõuna-Eesti,3.72,0.211602067183333,0.353643410853333,3670.17,-6.1647997416,-8.26105943151667
EE69617,Estonia,EE,EE0,EE00,EE008,Lõuna-Eesti,3.72,0.211602067183333,0.353643410853333,3670.17,-6.1647997416,-8.26105943151667
EE69620,Estonia,EE,EE0,EE00,EE008,Lõuna-Eesti,3.72,0.211602067183333,0.353643410853333,3670.17,-6.1647997416,-8.26105943151667
EE69701,Estonia,EE,EE0,EE00,EE008,Lõuna-Eesti,3.72,0.211602067183333,0.353643410853333,3670.17,-6.1647997416,-8.26105943151667
EE69703,Estonia,EE,EE0,EE00,EE008,Lõuna-Eesti,3.72,0.211602067183333,0.353643410853333,3670.17,-6.1647997416,-8.26105943151667
EE69705,Estonia,EE,EE0,EE00,EE008,Lõuna-Eesti,3.72,0.211602067183333,0.353643410853333,3670.17,-6.1647997416,-8.26105943151667
EE69707,Estonia,EE,EE0,EE00,EE008,Lõuna-Eesti,3.72,0.211602067183333,0.353643410853333,3670.17,-6.1647997416,-8.26105943151667
EE69710,Estonia,EE,EE0,EE00,EE008,Lõuna-Eesti,3.72,0.211602067183333,0.353643410853333,3670.17,-6.1647997416,-8.26105943151667
EE69711,Estonia,EE,EE0,EE00,EE008,Lõuna-Eesti,3.72,0.211602067183333,0.353643410853333,3670.17,-6.1647997416,-8.26105943151667
EE69712,Estonia,EE,EE0,EE00,EE008,Lõuna-Eesti,3.72,0.211602067183333,0.353643410853333,3670.17,-6.1647997416,-8.26105943151667
EE69715,Estonia,EE,EE0,EE00,EE008,Lõuna-Eesti,3.72,0.211602067183333,0.353643410853333,3670.17,-6.1647997416,-8.26105943151667
EE69716,Estonia,EE,EE0,EE00,EE008,Lõuna-Eesti,3.72,0.211602067183333,0.353643410853333,3670.17,-6.1647997416,-8.26105943151667
EE69717,Estonia,EE,EE0,EE00,EE008,Lõuna-Eesti,3.72,0.211602067183333,0.353643410853333,3670.17,-6.1647997416,-8.26105943151667
EE69720,Estonia,EE,EE0,EE00,EE008,Lõuna-Eesti,3.72,0.211602067183333,0.353643410853333,3670.17,-6.1647997416,-8.26105943151667
EE69731,Estonia,EE,EE0,EE00,EE008,Lõuna-Eesti,3.72,0.211602067183333,0.353643410853333,3670.17,-6.1647997416,-8.26105943151667
EE69732,Estonia,EE,EE0,EE00,EE008,Lõuna-Eesti,3.72,0.211602067183333,0.353643410853333,3670.17,-6.1647997416,-8.26105943151667
EE70101,Estonia,EE,EE0,EE00,EE008,Lõuna-Eesti,3.72,0.211602067183333,0.353643410853333,3670.17,-6.1647997416,-8.26105943151667
EE70102,Estonia,EE,EE0,EE00,EE008,Lõuna-Eesti,3.72,0.211602067183333,0.353643410853333,3670.17,-6.1647997416,-8.26105943151667
EE70103,Estonia,EE,EE0,EE00,EE008,Lõuna-Eesti,3.72,0.211602067183333,0.353643410853333,3670.17,-6.1647997416,-8.26105943151667
EE70105,Estonia,EE,EE0,EE00,EE008,Lõuna-Eesti,3.72,0.211602067183333,0.353643410853333,3670.17,-6.1647997416,-8.26105943151667
EE70108,Estonia,EE,EE0,EE00,EE008,Lõuna-Eesti,3.72,0.211602067183333,0.353643410853333,3670.17,-6.1647997416,-8.26105943151667
EE70109,Estonia,EE,EE0,EE00,EE008,Lõuna-Eesti,3.72,0.211602067183333,0.353643410853333,3670.17,-6.1647997416,-8.26105943151667
EE70116,Estonia,EE,EE0,EE00,EE008,Lõuna-Eesti,3.72,0.211602067183333,0.353643410853333,3670.17,-6.1647997416,-8.26105943151667
EE70118,Estonia,EE,EE0,EE00,EE008,Lõuna-Eesti,3.72,0.211602067183333,0.353643410853333,3670.17,-6.1647997416,-8.26105943151667
EE70121,Estonia,EE,EE0,EE00,EE008,Lõuna-Eesti,3.72,0.211602067183333,0.353643410853333,3670.17,-6.1647997416,-8.26105943151667
EE70122,Estonia,EE,EE0,EE00,EE008,Lõuna-Eesti,3.72,0.211602067183333,0.353643410853333,3670.17,-6.1647997416,-8.26105943151667
EE70180,Estonia,EE,EE0,EE00,EE008,Lõuna-Eesti,3.72,0.211602067183333,0.353643410853333,3670.17,-6.1647997416,-8.26105943151667
EE70181,Estonia,EE,EE0,EE00,EE008,Lõuna-Eesti,3.72,0.211602067183333,0.353643410853333,3670.17,-6.1647997416,-8.26105943151667
EE70201,Estonia,EE,EE0,EE00,EE008,Lõuna-Eesti,3.72,0.211602067183333,0.353643410853333,3670.17,-6.1647997416,-8.26105943151667
EE70211,Estonia,EE,EE0,EE00,EE008,Lõuna-Eesti,3.72,0.211602067183333,0.353643410853333,3670.17,-6.1647997416,-8.26105943151667
EE70301,Estonia,EE,EE0,EE00,EE008,Lõuna-Eesti,3.72,0.211602067183333,0.353643410853333,3670.17,-6.1647997416,-8.26105943151667
EE70303,Estonia,EE,EE0,EE00,EE008,Lõuna-Eesti,3.72,0.211602067183333,0.353643410853333,3670.17,-6.1647997416,-8.26105943151667
EE70306,Estonia,EE,EE0,EE00,EE008,Lõuna-Eesti,3.72,0.211602067183333,0.353643410853333,3670.17,-6.1647997416,-8.26105943151667
EE70307,Estonia,EE,EE0,EE00,EE008,Lõuna-Eesti,3.72,0.211602067183333,0.353643410853333,3670.17,-6.1647997416,-8.26105943151667
EE70309,Estonia,EE,EE0,EE00,EE008,Lõuna-Eesti,3.72,0.211602067183333,0.353643410853333,3670.17,-6.1647997416,-8.26105943151667
EE70310,Estonia,EE,EE0,EE00,EE008,Lõuna-Eesti,3.72,0.211602067183333,0.353643410853333,3670.17,-6.1647997416,-8.26105943151667
EE70311,Estonia,EE,EE0,EE00,EE008,Lõuna-Eesti,3.72,0.211602067183333,0.353643410853333,3670.17,-6.1647997416,-8.26105943151667
EE70314,Estonia,EE,EE0,EE00,EE008,Lõuna-Eesti,3.72,0.211602067183333,0.353643410853333,3670.17,-6.1647997416,-8.26105943151667
EE70317,Estonia,EE,EE0,EE00,EE008,Lõuna-Eesti,3.72,0.211602067183333,0.353643410853333,3670.17,-6.1647997416,-8.26105943151667
EE70401,Estonia,EE,EE0,EE00,EE008,Lõuna-Eesti,3.72,0.211602067183333,0.353643410853333,3670.17,-6.1647997416,-8.26105943151667
EE70403,Estonia,EE,EE0,EE00,EE008,Lõuna-Eesti,3.72,0.211602067183333,0.353643410853333,3670.17,-6.1647997416,-8.26105943151667
EE70404,Estonia,EE,EE0,EE00,EE008,Lõuna-Eesti,3.72,0.211602067183333,0.353643410853333,3670.17,-6.1647997416,-8.26105943151667
EE70405,Estonia,EE,EE0,EE00,EE008,Lõuna-Eesti,3.72,0.211602067183333,0.353643410853333,3670.17,-6.1647997416,-8.26105943151667
EE70406,Estonia,EE,EE0,EE00,EE008,Lõuna-Eesti,3.72,0.211602067183333,0.353643410853333,3670.17,-6.1647997416,-8.26105943151667
EE70407,Estonia,EE,EE0,EE00,EE008,Lõuna-Eesti,3.72,0.211602067183333,0.353643410853333,3670.17,-6.1647997416,-8.26105943151667
EE70408,Estonia,EE,EE0,EE00,EE008,Lõuna-Eesti,3.72,0.211602067183333,0.353643410853333,3670.17,-6.1647997416,-8.26105943151667
EE70409,Estonia,EE,EE0,EE00,EE008,Lõuna-Eesti,3.72,0.211602067183333,0.353643410853333,3670.17,-6.1647997416,-8.26105943151667
EE70411,Estonia,EE,EE0,EE00,EE008,Lõuna-Eesti,3.72,0.211602067183333,0.353643410853333,3670.17,-6.1647997416,-8.26105943151667
EE70413,Estonia,EE,EE0,EE00,EE008,Lõuna-Eesti,3.72,0.211602067183333,0.353643410853333,3670.17,-6.1647997416,-8.26105943151667
EE70501,Estonia,EE,EE0,EE00,EE008,Lõuna-Eesti,3.72,0.211602067183333,0.353643410853333,3670.17,-6.1647997416,-8.26105943151667
EE70503,Estonia,EE,EE0,EE00,EE008,Lõuna-Eesti,3.72,0.211602067183333,0.353643410853333,3670.17,-6.1647997416,-8.26105943151667
EE70504,Estonia,EE,EE0,EE00,EE008,Lõuna-Eesti,3.72,0.211602067183333,0.353643410853333,3670.17,-6.1647997416,-8.26105943151667
EE70506,Estonia,EE,EE0,EE00,EE008,Lõuna-Eesti,3.72,0.211602067183333,0.353643410853333,3670.17,-6.1647997416,-8.26105943151667
EE70601,Estonia,EE,EE0,EE00,EE008,Lõuna-Eesti,3.72,0.211602067183333,0.353643410853333,3670.17,-6.1647997416,-8.26105943151667
EE70602,Estonia,EE,EE0,EE00,EE008,Lõuna-Eesti,3.72,0.211602067183333,0.353643410853333,3670.17,-6.1647997416,-8.26105943151667
EE70603,Estonia,EE,EE0,EE00,EE008,Lõuna-Eesti,3.72,0.211602067183333,0.353643410853333,3670.17,-6.1647997416,-8.26105943151667
EE70604,Estonia,EE,EE0,EE00,EE008,Lõuna-Eesti,3.72,0.211602067183333,0.353643410853333,3670.17,-6.1647997416,-8.26105943151667
EE70605,Estonia,EE,EE0,EE00,EE008,Lõuna-Eesti,3.72,0.211602067183333,0.353643410853333,3670.17,-6.1647997416,-8.26105943151667
EE70607,Estonia,EE,EE0,EE00,EE008,Lõuna-Eesti,3.72,0.211602067183333,0.353643410853333,3670.17,-6.1647997416,-8.26105943151667
EE70609,Estonia,EE,EE0,EE00,EE008,Lõuna-Eesti,3.72,0.211602067183333,0.353643410853333,3670.17,-6.1647997416,-8.26105943151667
EE71002,Estonia,EE,EE0,EE00,EE008,Lõuna-Eesti,3.72,0.211602067183333,0.353643410853333,3670.17,-6.1647997416,-8.26105943151667
EE71003,Estonia,EE,EE0,EE00,EE008,Lõuna-Eesti,3.72,0.211602067183333,0.353643410853333,3670.17,-6.1647997416,-8.26105943151667
EE71004,Estonia,EE,EE0,EE00,EE008,Lõuna-Eesti,3.72,0.211602067183333,0.353643410853333,3670.17,-6.1647997416,-8.26105943151667
EE71005,Estonia,EE,EE0,EE00,EE008,Lõuna-Eesti,3.72,0.211602067183333,0.353643410853333,3670.17,-6.1647997416,-8.26105943151667
EE71007,Estonia,EE,EE0,EE00,EE008,Lõuna-Eesti,3.72,0.211602067183333,0.353643410853333,3670.17,-6.1647997416,-8.26105943151667
EE71008,Estonia,EE,EE0,EE00,EE008,Lõuna-Eesti,3.72,0.211602067183333,0.353643410853333,3670.17,-6.1647997416,-8.26105943151667
EE71009,Estonia,EE,EE0,EE00,EE008,Lõuna-Eesti,3.72,0.211602067183333,0.353643410853333,3670.17,-6.1647997416,-8.26105943151667
EE71010,Estonia,EE,EE0,EE00,EE008,Lõuna-Eesti,3.72,0.211602067183333,0.353643410853333,3670.17,-6.1647997416,-8.26105943151667
EE71011,Estonia,EE,EE0,EE00,EE008,Lõuna-Eesti,3.72,0.211602067183333,0.353643410853333,3670.17,-6.1647997416,-8.26105943151667
EE71012,Estonia,EE,EE0,EE00,EE008,Lõuna-Eesti,3.72,0.211602067183333,0.353643410853333,3670.17,-6.1647997416,-8.26105943151667
EE71013,Estonia,EE,EE0,EE00,EE008,Lõuna-Eesti,3.72,0.211602067183333,0.353643410853333,3670.17,-6.1647997416,-8.26105943151667
EE71014,Estonia,EE,EE0,EE00,EE008,Lõuna-Eesti,3.72,0.211602067183333,0.353643410853333,3670.17,-6.1647997416,-8.26105943151667
EE71015,Estonia,EE,EE0,EE00,EE008,Lõuna-Eesti,3.72,0.211602067183333,0.353643410853333,3670.17,-6.1647997416,-8.26105943151667
EE71016,Estonia,EE,EE0,EE00,EE008,Lõuna-Eesti,3.72,0.211602067183333,0.353643410853333,3670.17,-6.1647997416,-8.26105943151667
EE71017,Estonia,EE,EE0,EE00,EE008,Lõuna-Eesti,3.72,0.211602067183333,0.353643410853333,3670.17,-6.1647997416,-8.26105943151667
EE71018,Estonia,EE,EE0,EE00,EE008,Lõuna-Eesti,3.72,0.211602067183333,0.353643410853333,3670.17,-6.1647997416,-8.26105943151667
EE71020,Estonia,EE,EE0,EE00,EE008,Lõuna-Eesti,3.72,0.211602067183333,0.353643410853333,3670.17,-6.1647997416,-8.26105943151667
EE71023,Estonia,EE,EE0,EE00,EE008,Lõuna-Eesti,3.72,0.211602067183333,0.353643410853333,3670.17,-6.1647997416,-8.26105943151667
EE71024,Estonia,EE,EE0,EE00,EE008,Lõuna-Eesti,3.72,0.211602067183333,0.353643410853333,3670.17,-6.1647997416,-8.26105943151667
EE71052,Estonia,EE,EE0,EE00,EE008,Lõuna-Eesti,3.72,0.211602067183333,0.353643410853333,3670.17,-6.1647997416,-8.26105943151667
EE71053,Estonia,EE,EE0,EE00,EE008,Lõuna-Eesti,3.72,0.211602067183333,0.353643410853333,3670.17,-6.1647997416,-8.26105943151667
EE71054,Estonia,EE,EE0,EE00,EE008,Lõuna-Eesti,3.72,0.211602067183333,0.353643410853333,3670.17,-6.1647997416,-8.26105943151667
EE71055,Estonia,EE,EE0,EE00,EE008,Lõuna-Eesti,3.72,0.211602067183333,0.353643410853333,3670.17,-6.1647997416,-8.26105943151667
EE71056,Estonia,EE,EE0,EE00,EE008,Lõuna-Eesti,3.72,0.211602067183333,0.353643410853333,3670.17,-6.1647997416,-8.26105943151667
EE71058,Estonia,EE,EE0,EE00,EE008,Lõuna-Eesti,3.72,0.211602067183333,0.353643410853333,3670.17,-6.1647997416,-8.26105943151667
EE71063,Estonia,EE,EE0,EE00,EE008,Lõuna-Eesti,3.72,0.211602067183333,0.353643410853333,3670.17,-6.1647997416,-8.26105943151667
EE71064,Estonia,EE,EE0,EE00,EE008,Lõuna-Eesti,3.72,0.211602067183333,0.353643410853333,3670.17,-6.1647997416,-8.26105943151667
EE71065,Estonia,EE,EE0,EE00,EE008,Lõuna-Eesti,3.72,0.211602067183333,0.353643410853333,3670.17,-6.1647997416,-8.26105943151667
EE71066,Estonia,EE,EE0,EE00,EE008,Lõuna-Eesti,3.72,0.211602067183333,0.353643410853333,3670.17,-6.1647997416,-8.26105943151667
EE71067,Estonia,EE,EE0,EE00,EE008,Lõuna-Eesti,3.72,0.211602067183333,0.353643410853333,3670.17,-6.1647997416,-8.26105943151667
EE71068,Estonia,EE,EE0,EE00,EE008,Lõuna-Eesti,3.72,0.211602067183333,0.353643410853333,3670.17,-6.1647997416,-8.26105943151667
EE71070,Estonia,EE,EE0,EE00,EE008,Lõuna-Eesti,3.72,0.211602067183333,0.353643410853333,3670.17,-6.1647997416,-8.26105943151667
EE71072,Estonia,EE,EE0,EE00,EE008,Lõuna-Eesti,3.72,0.211602067183333,0.353643410853333,3670.17,-6.1647997416,-8.26105943151667
EE71073,Estonia,EE,EE0,EE00,EE008,Lõuna-Eesti,3.72,0.211602067183333,0.353643410853333,3670.17,-6.1647997416,-8.26105943151667
EE71074,Estonia,EE,EE0,EE00,EE008,Lõuna-Eesti,3.72,0.211602067183333,0.353643410853333,3670.17,-6.1647997416,-8.26105943151667
EE71104,Estonia,EE,EE0,EE00,EE008,Lõuna-Eesti,3.72,0.211602067183333,0.353643410853333,3670.17,-6.1647997416,-8.26105943151667
EE71105,Estonia,EE,EE0,EE00,EE008,Lõuna-Eesti,3.72,0.211602067183333,0.353643410853333,3670.17,-6.1647997416,-8.26105943151667
EE71122,Estonia,EE,EE0,EE00,EE008,Lõuna-Eesti,3.72,0.211602067183333,0.353643410853333,3670.17,-6.1647997416,-8.26105943151667
EE71123,Estonia,EE,EE0,EE00,EE008,Lõuna-Eesti,3.72,0.211602067183333,0.353643410853333,3670.17,-6.1647997416,-8.26105943151667
EE71125,Estonia,EE,EE0,EE00,EE008,Lõuna-Eesti,3.72,0.211602067183333,0.353643410853333,3670.17,-6.1647997416,-8.26105943151667
EE71201,Estonia,EE,EE0,EE00,EE008,Lõuna-Eesti,3.72,0.211602067183333,0.353643410853333,3670.17,-6.1647997416,-8.26105943151667
EE71204,Estonia,EE,EE0,EE00,EE008,Lõuna-Eesti,3.72,0.211602067183333,0.353643410853333,3670.17,-6.1647997416,-8.26105943151667
EE71205,Estonia,EE,EE0,EE00,EE008,Lõuna-Eesti,3.72,0.211602067183333,0.353643410853333,3670.17,-6.1647997416,-8.26105943151667
EE71209,Estonia,EE,EE0,EE00,EE008,Lõuna-Eesti,3.72,0.211602067183333,0.353643410853333,3670.17,-6.1647997416,-8.26105943151667
EE71401,Estonia,EE,EE0,EE00,EE008,Lõuna-Eesti,3.72,0.211602067183333,0.353643410853333,3670.17,-6.1647997416,-8.26105943151667
EE71402,Estonia,EE,EE0,EE00,EE008,Lõuna-Eesti,3.72,0.211602067183333,0.353643410853333,3670.17,-6.1647997416,-8.26105943151667
EE71405,Estonia,EE,EE0,EE00,EE008,Lõuna-Eesti,3.72,0.211602067183333,0.353643410853333,3670.17,-6.1647997416,-8.26105943151667
EE71410,Estonia,EE,EE0,EE00,EE008,Lõuna-Eesti,3.72,0.211602067183333,0.353643410853333,3670.17,-6.1647997416,-8.26105943151667
EE71411,Estonia,EE,EE0,EE00,EE008,Lõuna-Eesti,3.72,0.211602067183333,0.353643410853333,3670.17,-6.1647997416,-8.26105943151667
EE71412,Estonia,EE,EE0,EE00,EE008,Lõuna-Eesti,3.72,0.211602067183333,0.353643410853333,3670.17,-6.1647997416,-8.26105943151667
EE71502,Estonia,EE,EE0,EE00,EE008,Lõuna-Eesti,3.72,0.211602067183333,0.353643410853333,3670.17,-6.1647997416,-8.26105943151667
EE71503,Estonia,EE,EE0,EE00,EE008,Lõuna-Eesti,3.72,0.211602067183333,0.353643410853333,3670.17,-6.1647997416,-8.26105943151667
EE71504,Estonia,EE,EE0,EE00,EE008,Lõuna-Eesti,3.72,0.211602067183333,0.353643410853333,3670.17,-6.1647997416,-8.26105943151667
EE71507,Estonia,EE,EE0,EE00,EE008,Lõuna-Eesti,3.72,0.211602067183333,0.353643410853333,3670.17,-6.1647997416,-8.26105943151667
EE71508,Estonia,EE,EE0,EE00,EE008,Lõuna-Eesti,3.72,0.211602067183333,0.353643410853333,3670.17,-6.1647997416,-8.26105943151667
EE71511,Estonia,EE,EE0,EE00,EE008,Lõuna-Eesti,3.72,0.211602067183333,0.353643410853333,3670.17,-6.1647997416,-8.26105943151667
EE71513,Estonia,EE,EE0,EE00,EE008,Lõuna-Eesti,3.72,0.211602067183333,0.353643410853333,3670.17,-6.1647997416,-8.26105943151667
