ZIP Code,Country,NUTS 0,NUTS 1,NUTS 2,NUTS 3,NUTS 3 Name,CDD_2015,CDD_45_pa,CDD_85_pa,HDD_2015,HDD_45_pa,HDD_85_pa
,Italy,IT,,,,Italy,228.932203212771,1.8816908606665,2.64281731474032,1343.73224421536,-3.13719745575408,-4.7313187496412
IT24010,Italy,IT,ITC,ITC4,ITC46,Bergamo,129.89879032246,1.21747311828,1.68123655913332,1978.61701612888,-3.85553763441665,-5.75150537635
IT24011,Italy,IT,ITC,ITC4,ITC46,Bergamo,129.89879032246,1.21747311828,1.68123655913332,1978.61701612888,-3.85553763441665,-5.75150537635
IT24012,Italy,IT,ITC,ITC4,ITC46,Bergamo,129.89879032246,1.21747311828,1.68123655913332,1978.61701612888,-3.85553763441665,-5.75150537635
IT24013,Italy,IT,ITC,ITC4,ITC46,Bergamo,129.89879032246,1.21747311828,1.68123655913332,1978.61701612888,-3.85553763441665,-5.75150537635
IT24014,Italy,IT,ITC,ITC4,ITC46,Bergamo,129.89879032246,1.21747311828,1.68123655913332,1978.61701612888,-3.85553763441665,-5.75150537635
IT24015,Italy,IT,ITC,ITC4,ITC46,Bergamo,129.89879032246,1.21747311828,1.68123655913332,1978.61701612888,-3.85553763441665,-5.75150537635
IT24016,Italy,IT,ITC,ITC4,ITC46,Bergamo,129.89879032246,1.21747311828,1.68123655913332,1978.61701612888,-3.85553763441665,-5.75150537635
IT24017,Italy,IT,ITC,ITC4,ITC46,Bergamo,129.89879032246,1.21747311828,1.68123655913332,1978.61701612888,-3.85553763441665,-5.75150537635
IT24018,Italy,IT,ITC,ITC4,ITC46,Bergamo,129.89879032246,1.21747311828,1.68123655913332,1978.61701612888,-3.85553763441665,-5.75150537635
IT24019,Italy,IT,ITC,ITC4,ITC46,Bergamo,129.89879032246,1.21747311828,1.68123655913332,1978.61701612888,-3.85553763441665,-5.75150537635
IT24020,Italy,IT,ITC,ITC4,ITC46,Bergamo,129.89879032246,1.21747311828,1.68123655913332,1978.61701612888,-3.85553763441665,-5.75150537635
IT24021,Italy,IT,ITC,ITC4,ITC46,Bergamo,129.89879032246,1.21747311828,1.68123655913332,1978.61701612888,-3.85553763441665,-5.75150537635
IT24022,Italy,IT,ITC,ITC4,ITC46,Bergamo,129.89879032246,1.21747311828,1.68123655913332,1978.61701612888,-3.85553763441665,-5.75150537635
IT24023,Italy,IT,ITC,ITC4,ITC46,Bergamo,129.89879032246,1.21747311828,1.68123655913332,1978.61701612888,-3.85553763441665,-5.75150537635
IT24024,Italy,IT,ITC,ITC4,ITC46,Bergamo,129.89879032246,1.21747311828,1.68123655913332,1978.61701612888,-3.85553763441665,-5.75150537635
IT24025,Italy,IT,ITC,ITC4,ITC46,Bergamo,129.89879032246,1.21747311828,1.68123655913332,1978.61701612888,-3.85553763441665,-5.75150537635
IT24026,Italy,IT,ITC,ITC4,ITC46,Bergamo,129.89879032246,1.21747311828,1.68123655913332,1978.61701612888,-3.85553763441665,-5.75150537635
IT24027,Italy,IT,ITC,ITC4,ITC46,Bergamo,129.89879032246,1.21747311828,1.68123655913332,1978.61701612888,-3.85553763441665,-5.75150537635
IT24028,Italy,IT,ITC,ITC4,ITC46,Bergamo,129.89879032246,1.21747311828,1.68123655913332,1978.61701612888,-3.85553763441665,-5.75150537635
IT24029,Italy,IT,ITC,ITC4,ITC46,Bergamo,129.89879032246,1.21747311828,1.68123655913332,1978.61701612888,-3.85553763441665,-5.75150537635
IT24030,Italy,IT,ITC,ITC4,ITC46,Bergamo,129.89879032246,1.21747311828,1.68123655913332,1978.61701612888,-3.85553763441665,-5.75150537635
IT24031,Italy,IT,ITC,ITC4,ITC46,Bergamo,129.89879032246,1.21747311828,1.68123655913332,1978.61701612888,-3.85553763441665,-5.75150537635
IT24033,Italy,IT,ITC,ITC4,ITC46,Bergamo,129.89879032246,1.21747311828,1.68123655913332,1978.61701612888,-3.85553763441665,-5.75150537635
IT24034,Italy,IT,ITC,ITC4,ITC46,Bergamo,129.89879032246,1.21747311828,1.68123655913332,1978.61701612888,-3.85553763441665,-5.75150537635
IT24035,Italy,IT,ITC,ITC4,ITC46,Bergamo,129.89879032246,1.21747311828,1.68123655913332,1978.61701612888,-3.85553763441665,-5.75150537635
IT24036,Italy,IT,ITC,ITC4,ITC46,Bergamo,129.89879032246,1.21747311828,1.68123655913332,1978.61701612888,-3.85553763441665,-5.75150537635
IT24037,Italy,IT,ITC,ITC4,ITC46,Bergamo,129.89879032246,1.21747311828,1.68123655913332,1978.61701612888,-3.85553763441665,-5.75150537635
IT24038,Italy,IT,ITC,ITC4,ITC46,Bergamo,129.89879032246,1.21747311828,1.68123655913332,1978.61701612888,-3.85553763441665,-5.75150537635
IT24039,Italy,IT,ITC,ITC4,ITC46,Bergamo,129.89879032246,1.21747311828,1.68123655913332,1978.61701612888,-3.85553763441665,-5.75150537635
IT24040,Italy,IT,ITC,ITC4,ITC46,Bergamo,129.89879032246,1.21747311828,1.68123655913332,1978.61701612888,-3.85553763441665,-5.75150537635
IT24041,Italy,IT,ITC,ITC4,ITC46,Bergamo,129.89879032246,1.21747311828,1.68123655913332,1978.61701612888,-3.85553763441665,-5.75150537635
IT24042,Italy,IT,ITC,ITC4,ITC46,Bergamo,129.89879032246,1.21747311828,1.68123655913332,1978.61701612888,-3.85553763441665,-5.75150537635
IT24043,Italy,IT,ITC,ITC4,ITC46,Bergamo,129.89879032246,1.21747311828,1.68123655913332,1978.61701612888,-3.85553763441665,-5.75150537635
IT24044,Italy,IT,ITC,ITC4,ITC46,Bergamo,129.89879032246,1.21747311828,1.68123655913332,1978.61701612888,-3.85553763441665,-5.75150537635
IT24045,Italy,IT,ITC,ITC4,ITC46,Bergamo,129.89879032246,1.21747311828,1.68123655913332,1978.61701612888,-3.85553763441665,-5.75150537635
IT24046,Italy,IT,ITC,ITC4,ITC46,Bergamo,129.89879032246,1.21747311828,1.68123655913332,1978.61701612888,-3.85553763441665,-5.75150537635
IT24047,Italy,IT,ITC,ITC4,ITC46,Bergamo,129.89879032246,1.21747311828,1.68123655913332,1978.61701612888,-3.85553763441665,-5.75150537635
IT24048,Italy,IT,ITC,ITC4,ITC46,Bergamo,129.89879032246,1.21747311828,1.68123655913332,1978.61701612888,-3.85553763441665,-5.75150537635
IT24049,Italy,IT,ITC,ITC4,ITC46,Bergamo,129.89879032246,1.21747311828,1.68123655913332,1978.61701612888,-3.85553763441665,-5.75150537635
IT24050,Italy,IT,ITC,ITC4,ITC46,Bergamo,129.89879032246,1.21747311828,1.68123655913332,1978.61701612888,-3.85553763441665,-5.75150537635
IT24051,Italy,IT,ITC,ITC4,ITC46,Bergamo,129.89879032246,1.21747311828,1.68123655913332,1978.61701612888,-3.85553763441665,-5.75150537635
IT24052,Italy,IT,ITC,ITC4,ITC46,Bergamo,129.89879032246,1.21747311828,1.68123655913332,1978.61701612888,-3.85553763441665,-5.75150537635
IT24053,Italy,IT,ITC,ITC4,ITC46,Bergamo,129.89879032246,1.21747311828,1.68123655913332,1978.61701612888,-3.85553763441665,-5.75150537635
IT24054,Italy,IT,ITC,ITC4,ITC46,Bergamo,129.89879032246,1.21747311828,1.68123655913332,1978.61701612888,-3.85553763441665,-5.75150537635
IT24055,Italy,IT,ITC,ITC4,ITC46,Bergamo,129.89879032246,1.21747311828,1.68123655913332,1978.61701612888,-3.85553763441665,-5.75150537635
IT24056,Italy,IT,ITC,ITC4,ITC46,Bergamo,129.89879032246,1.21747311828,1.68123655913332,1978.61701612888,-3.85553763441665,-5.75150537635
IT24057,Italy,IT,ITC,ITC4,ITC46,Bergamo,129.89879032246,1.21747311828,1.68123655913332,1978.61701612888,-3.85553763441665,-5.75150537635
IT24058,Italy,IT,ITC,ITC4,ITC46,Bergamo,129.89879032246,1.21747311828,1.68123655913332,1978.61701612888,-3.85553763441665,-5.75150537635
IT24059,Italy,IT,ITC,ITC4,ITC46,Bergamo,129.89879032246,1.21747311828,1.68123655913332,1978.61701612888,-3.85553763441665,-5.75150537635
IT24060,Italy,IT,ITC,ITC4,ITC46,Bergamo,129.89879032246,1.21747311828,1.68123655913332,1978.61701612888,-3.85553763441665,-5.75150537635
IT24061,Italy,IT,ITC,ITC4,ITC46,Bergamo,129.89879032246,1.21747311828,1.68123655913332,1978.61701612888,-3.85553763441665,-5.75150537635
IT24062,Italy,IT,ITC,ITC4,ITC46,Bergamo,129.89879032246,1.21747311828,1.68123655913332,1978.61701612888,-3.85553763441665,-5.75150537635
IT24063,Italy,IT,ITC,ITC4,ITC46,Bergamo,129.89879032246,1.21747311828,1.68123655913332,1978.61701612888,-3.85553763441665,-5.75150537635
IT24064,Italy,IT,ITC,ITC4,ITC46,Bergamo,129.89879032246,1.21747311828,1.68123655913332,1978.61701612888,-3.85553763441665,-5.75150537635
IT24065,Italy,IT,ITC,ITC4,ITC46,Bergamo,129.89879032246,1.21747311828,1.68123655913332,1978.61701612888,-3.85553763441665,-5.75150537635
IT24066,Italy,IT,ITC,ITC4,ITC46,Bergamo,129.89879032246,1.21747311828,1.68123655913332,1978.61701612888,-3.85553763441665,-5.75150537635
IT24067,Italy,IT,ITC,ITC4,ITC46,Bergamo,129.89879032246,1.21747311828,1.68123655913332,1978.61701612888,-3.85553763441665,-5.75150537635
IT24068,Italy,IT,ITC,ITC4,ITC46,Bergamo,129.89879032246,1.21747311828,1.68123655913332,1978.61701612888,-3.85553763441665,-5.75150537635
IT24069,Italy,IT,ITC,ITC4,ITC46,Bergamo,129.89879032246,1.21747311828,1.68123655913332,1978.61701612888,-3.85553763441665,-5.75150537635
IT24100,Italy,IT,ITC,ITC4,ITC46,Bergamo,129.89879032246,1.21747311828,1.68123655913332,1978.61701612888,-3.85553763441665,-5.75150537635
IT24121,Italy,IT,ITC,ITC4,ITC46,Bergamo,129.89879032246,1.21747311828,1.68123655913332,1978.61701612888,-3.85553763441665,-5.75150537635
IT24122,Italy,IT,ITC,ITC4,ITC46,Bergamo,129.89879032246,1.21747311828,1.68123655913332,1978.61701612888,-3.85553763441665,-5.75150537635
IT24123,Italy,IT,ITC,ITC4,ITC46,Bergamo,129.89879032246,1.21747311828,1.68123655913332,1978.61701612888,-3.85553763441665,-5.75150537635
IT24124,Italy,IT,ITC,ITC4,ITC46,Bergamo,129.89879032246,1.21747311828,1.68123655913332,1978.61701612888,-3.85553763441665,-5.75150537635
IT24125,Italy,IT,ITC,ITC4,ITC46,Bergamo,129.89879032246,1.21747311828,1.68123655913332,1978.61701612888,-3.85553763441665,-5.75150537635
IT24126,Italy,IT,ITC,ITC4,ITC46,Bergamo,129.89879032246,1.21747311828,1.68123655913332,1978.61701612888,-3.85553763441665,-5.75150537635
IT24127,Italy,IT,ITC,ITC4,ITC46,Bergamo,129.89879032246,1.21747311828,1.68123655913332,1978.61701612888,-3.85553763441665,-5.75150537635
IT24128,Italy,IT,ITC,ITC4,ITC46,Bergamo,129.89879032246,1.21747311828,1.68123655913332,1978.61701612888,-3.85553763441665,-5.75150537635
IT24129,Italy,IT,ITC,ITC4,ITC46,Bergamo,129.89879032246,1.21747311828,1.68123655913332,1978.61701612888,-3.85553763441665,-5.75150537635
IT93100,Italy,IT,ITG,ITG1,ITG16,Enna,254.103333333774,2.10444444445,3.16820987655,801.09657407415,-2.87462962963332,-4.33172839506667
IT94010,Italy,IT,ITG,ITG1,ITG16,Enna,254.103333333774,2.10444444445,3.16820987655,801.09657407415,-2.87462962963332,-4.33172839506667
IT94011,Italy,IT,ITG,ITG1,ITG16,Enna,254.103333333774,2.10444444445,3.16820987655,801.09657407415,-2.87462962963332,-4.33172839506667
IT94012,Italy,IT,ITG,ITG1,ITG16,Enna,254.103333333774,2.10444444445,3.16820987655,801.09657407415,-2.87462962963332,-4.33172839506667
IT94013,Italy,IT,ITG,ITG1,ITG16,Enna,254.103333333774,2.10444444445,3.16820987655,801.09657407415,-2.87462962963332,-4.33172839506667
IT94014,Italy,IT,ITG,ITG1,ITG16,Enna,254.103333333774,2.10444444445,3.16820987655,801.09657407415,-2.87462962963332,-4.33172839506667
IT94015,Italy,IT,ITG,ITG1,ITG16,Enna,254.103333333774,2.10444444445,3.16820987655,801.09657407415,-2.87462962963332,-4.33172839506667
IT94016,Italy,IT,ITG,ITG1,ITG16,Enna,254.103333333774,2.10444444445,3.16820987655,801.09657407415,-2.87462962963332,-4.33172839506667
IT94017,Italy,IT,ITG,ITG1,ITG16,Enna,254.103333333774,2.10444444445,3.16820987655,801.09657407415,-2.87462962963332,-4.33172839506667
IT94018,Italy,IT,ITG,ITG1,ITG16,Enna,254.103333333774,2.10444444445,3.16820987655,801.09657407415,-2.87462962963332,-4.33172839506667
IT94019,Italy,IT,ITG,ITG1,ITG16,Enna,254.103333333774,2.10444444445,3.16820987655,801.09657407415,-2.87462962963332,-4.33172839506667
IT94100,Italy,IT,ITG,ITG1,ITG16,Enna,254.103333333774,2.10444444445,3.16820987655,801.09657407415,-2.87462962963332,-4.33172839506667
IT87010,Italy,IT,ITF,ITF6,ITF61,Cosenza,217.57114864855,2.0559009009,3.05635135134998,986.473817566225,-3.09628378378333,-4.61457207206665
IT87011,Italy,IT,ITF,ITF6,ITF61,Cosenza,217.57114864855,2.0559009009,3.05635135134998,986.473817566225,-3.09628378378333,-4.61457207206665
IT87012,Italy,IT,ITF,ITF6,ITF61,Cosenza,217.57114864855,2.0559009009,3.05635135134998,986.473817566225,-3.09628378378333,-4.61457207206665
IT87013,Italy,IT,ITF,ITF6,ITF61,Cosenza,217.57114864855,2.0559009009,3.05635135134998,986.473817566225,-3.09628378378333,-4.61457207206665
IT87014,Italy,IT,ITF,ITF6,ITF61,Cosenza,217.57114864855,2.0559009009,3.05635135134998,986.473817566225,-3.09628378378333,-4.61457207206665
IT87015,Italy,IT,ITF,ITF6,ITF61,Cosenza,217.57114864855,2.0559009009,3.05635135134998,986.473817566225,-3.09628378378333,-4.61457207206665
IT87016,Italy,IT,ITF,ITF6,ITF61,Cosenza,217.57114864855,2.0559009009,3.05635135134998,986.473817566225,-3.09628378378333,-4.61457207206665
IT87017,Italy,IT,ITF,ITF6,ITF61,Cosenza,217.57114864855,2.0559009009,3.05635135134998,986.473817566225,-3.09628378378333,-4.61457207206665
IT87018,Italy,IT,ITF,ITF6,ITF61,Cosenza,217.57114864855,2.0559009009,3.05635135134998,986.473817566225,-3.09628378378333,-4.61457207206665
IT87019,Italy,IT,ITF,ITF6,ITF61,Cosenza,217.57114864855,2.0559009009,3.05635135134998,986.473817566225,-3.09628378378333,-4.61457207206665
IT87020,Italy,IT,ITF,ITF6,ITF61,Cosenza,217.57114864855,2.0559009009,3.05635135134998,986.473817566225,-3.09628378378333,-4.61457207206665
IT87021,Italy,IT,ITF,ITF6,ITF61,Cosenza,217.57114864855,2.0559009009,3.05635135134998,986.473817566225,-3.09628378378333,-4.61457207206665
IT87022,Italy,IT,ITF,ITF6,ITF61,Cosenza,217.57114864855,2.0559009009,3.05635135134998,986.473817566225,-3.09628378378333,-4.61457207206665
IT87023,Italy,IT,ITF,ITF6,ITF61,Cosenza,217.57114864855,2.0559009009,3.05635135134998,986.473817566225,-3.09628378378333,-4.61457207206665
IT87024,Italy,IT,ITF,ITF6,ITF61,Cosenza,217.57114864855,2.0559009009,3.05635135134998,986.473817566225,-3.09628378378333,-4.61457207206665
IT87026,Italy,IT,ITF,ITF6,ITF61,Cosenza,217.57114864855,2.0559009009,3.05635135134998,986.473817566225,-3.09628378378333,-4.61457207206665
IT87027,Italy,IT,ITF,ITF6,ITF61,Cosenza,217.57114864855,2.0559009009,3.05635135134998,986.473817566225,-3.09628378378333,-4.61457207206665
IT87028,Italy,IT,ITF,ITF6,ITF61,Cosenza,217.57114864855,2.0559009009,3.05635135134998,986.473817566225,-3.09628378378333,-4.61457207206665
IT87029,Italy,IT,ITF,ITF6,ITF61,Cosenza,217.57114864855,2.0559009009,3.05635135134998,986.473817566225,-3.09628378378333,-4.61457207206665
IT87030,Italy,IT,ITF,ITF6,ITF61,Cosenza,217.57114864855,2.0559009009,3.05635135134998,986.473817566225,-3.09628378378333,-4.61457207206665
IT87031,Italy,IT,ITF,ITF6,ITF61,Cosenza,217.57114864855,2.0559009009,3.05635135134998,986.473817566225,-3.09628378378333,-4.61457207206665
IT87032,Italy,IT,ITF,ITF6,ITF61,Cosenza,217.57114864855,2.0559009009,3.05635135134998,986.473817566225,-3.09628378378333,-4.61457207206665
IT87033,Italy,IT,ITF,ITF6,ITF61,Cosenza,217.57114864855,2.0559009009,3.05635135134998,986.473817566225,-3.09628378378333,-4.61457207206665
IT87034,Italy,IT,ITF,ITF6,ITF61,Cosenza,217.57114864855,2.0559009009,3.05635135134998,986.473817566225,-3.09628378378333,-4.61457207206665
IT87035,Italy,IT,ITF,ITF6,ITF61,Cosenza,217.57114864855,2.0559009009,3.05635135134998,986.473817566225,-3.09628378378333,-4.61457207206665
IT87036,Italy,IT,ITF,ITF6,ITF61,Cosenza,217.57114864855,2.0559009009,3.05635135134998,986.473817566225,-3.09628378378333,-4.61457207206665
IT87037,Italy,IT,ITF,ITF6,ITF61,Cosenza,217.57114864855,2.0559009009,3.05635135134998,986.473817566225,-3.09628378378333,-4.61457207206665
IT87038,Italy,IT,ITF,ITF6,ITF61,Cosenza,217.57114864855,2.0559009009,3.05635135134998,986.473817566225,-3.09628378378333,-4.61457207206665
IT87040,Italy,IT,ITF,ITF6,ITF61,Cosenza,217.57114864855,2.0559009009,3.05635135134998,986.473817566225,-3.09628378378333,-4.61457207206665
IT87041,Italy,IT,ITF,ITF6,ITF61,Cosenza,217.57114864855,2.0559009009,3.05635135134998,986.473817566225,-3.09628378378333,-4.61457207206665
IT87042,Italy,IT,ITF,ITF6,ITF61,Cosenza,217.57114864855,2.0559009009,3.05635135134998,986.473817566225,-3.09628378378333,-4.61457207206665
IT87043,Italy,IT,ITF,ITF6,ITF61,Cosenza,217.57114864855,2.0559009009,3.05635135134998,986.473817566225,-3.09628378378333,-4.61457207206665
IT87044,Italy,IT,ITF,ITF6,ITF61,Cosenza,217.57114864855,2.0559009009,3.05635135134998,986.473817566225,-3.09628378378333,-4.61457207206665
IT87045,Italy,IT,ITF,ITF6,ITF61,Cosenza,217.57114864855,2.0559009009,3.05635135134998,986.473817566225,-3.09628378378333,-4.61457207206665
IT87046,Italy,IT,ITF,ITF6,ITF61,Cosenza,217.57114864855,2.0559009009,3.05635135134998,986.473817566225,-3.09628378378333,-4.61457207206665
IT87047,Italy,IT,ITF,ITF6,ITF61,Cosenza,217.57114864855,2.0559009009,3.05635135134998,986.473817566225,-3.09628378378333,-4.61457207206665
IT87048,Italy,IT,ITF,ITF6,ITF61,Cosenza,217.57114864855,2.0559009009,3.05635135134998,986.473817566225,-3.09628378378333,-4.61457207206665
IT87050,Italy,IT,ITF,ITF6,ITF61,Cosenza,217.57114864855,2.0559009009,3.05635135134998,986.473817566225,-3.09628378378333,-4.61457207206665
IT87051,Italy,IT,ITF,ITF6,ITF61,Cosenza,217.57114864855,2.0559009009,3.05635135134998,986.473817566225,-3.09628378378333,-4.61457207206665
IT87052,Italy,IT,ITF,ITF6,ITF61,Cosenza,217.57114864855,2.0559009009,3.05635135134998,986.473817566225,-3.09628378378333,-4.61457207206665
IT87053,Italy,IT,ITF,ITF6,ITF61,Cosenza,217.57114864855,2.0559009009,3.05635135134998,986.473817566225,-3.09628378378333,-4.61457207206665
IT87054,Italy,IT,ITF,ITF6,ITF61,Cosenza,217.57114864855,2.0559009009,3.05635135134998,986.473817566225,-3.09628378378333,-4.61457207206665
IT87055,Italy,IT,ITF,ITF6,ITF61,Cosenza,217.57114864855,2.0559009009,3.05635135134998,986.473817566225,-3.09628378378333,-4.61457207206665
IT87056,Italy,IT,ITF,ITF6,ITF61,Cosenza,217.57114864855,2.0559009009,3.05635135134998,986.473817566225,-3.09628378378333,-4.61457207206665
IT87057,Italy,IT,ITF,ITF6,ITF61,Cosenza,217.57114864855,2.0559009009,3.05635135134998,986.473817566225,-3.09628378378333,-4.61457207206665
IT87058,Italy,IT,ITF,ITF6,ITF61,Cosenza,217.57114864855,2.0559009009,3.05635135134998,986.473817566225,-3.09628378378333,-4.61457207206665
IT87060,Italy,IT,ITF,ITF6,ITF61,Cosenza,217.57114864855,2.0559009009,3.05635135134998,986.473817566225,-3.09628378378333,-4.61457207206665
IT87061,Italy,IT,ITF,ITF6,ITF61,Cosenza,217.57114864855,2.0559009009,3.05635135134998,986.473817566225,-3.09628378378333,-4.61457207206665
IT87062,Italy,IT,ITF,ITF6,ITF61,Cosenza,217.57114864855,2.0559009009,3.05635135134998,986.473817566225,-3.09628378378333,-4.61457207206665
IT87064,Italy,IT,ITF,ITF6,ITF61,Cosenza,217.57114864855,2.0559009009,3.05635135134998,986.473817566225,-3.09628378378333,-4.61457207206665
IT87066,Italy,IT,ITF,ITF6,ITF61,Cosenza,217.57114864855,2.0559009009,3.05635135134998,986.473817566225,-3.09628378378333,-4.61457207206665
IT87067,Italy,IT,ITF,ITF6,ITF61,Cosenza,217.57114864855,2.0559009009,3.05635135134998,986.473817566225,-3.09628378378333,-4.61457207206665
IT87069,Italy,IT,ITF,ITF6,ITF61,Cosenza,217.57114864855,2.0559009009,3.05635135134998,986.473817566225,-3.09628378378333,-4.61457207206665
IT87070,Italy,IT,ITF,ITF6,ITF61,Cosenza,217.57114864855,2.0559009009,3.05635135134998,986.473817566225,-3.09628378378333,-4.61457207206665
IT87071,Italy,IT,ITF,ITF6,ITF61,Cosenza,217.57114864855,2.0559009009,3.05635135134998,986.473817566225,-3.09628378378333,-4.61457207206665
IT87072,Italy,IT,ITF,ITF6,ITF61,Cosenza,217.57114864855,2.0559009009,3.05635135134998,986.473817566225,-3.09628378378333,-4.61457207206665
IT87073,Italy,IT,ITF,ITF6,ITF61,Cosenza,217.57114864855,2.0559009009,3.05635135134998,986.473817566225,-3.09628378378333,-4.61457207206665
IT87074,Italy,IT,ITF,ITF6,ITF61,Cosenza,217.57114864855,2.0559009009,3.05635135134998,986.473817566225,-3.09628378378333,-4.61457207206665
IT87075,Italy,IT,ITF,ITF6,ITF61,Cosenza,217.57114864855,2.0559009009,3.05635135134998,986.473817566225,-3.09628378378333,-4.61457207206665
IT87076,Italy,IT,ITF,ITF6,ITF61,Cosenza,217.57114864855,2.0559009009,3.05635135134998,986.473817566225,-3.09628378378333,-4.61457207206665
IT87100,Italy,IT,ITF,ITF6,ITF61,Cosenza,217.57114864855,2.0559009009,3.05635135134998,986.473817566225,-3.09628378378333,-4.61457207206665
IT83010,Italy,IT,ITF,ITF3,ITF34,Avellino,212.234137931275,2.06045977011665,2.92252873563333,1169.75482759,-3.15333333333332,-4.81890804598332
IT83011,Italy,IT,ITF,ITF3,ITF34,Avellino,212.234137931275,2.06045977011665,2.92252873563333,1169.75482759,-3.15333333333332,-4.81890804598332
IT83012,Italy,IT,ITF,ITF3,ITF34,Avellino,212.234137931275,2.06045977011665,2.92252873563333,1169.75482759,-3.15333333333332,-4.81890804598332
IT83013,Italy,IT,ITF,ITF3,ITF34,Avellino,212.234137931275,2.06045977011665,2.92252873563333,1169.75482759,-3.15333333333332,-4.81890804598332
IT83014,Italy,IT,ITF,ITF3,ITF34,Avellino,212.234137931275,2.06045977011665,2.92252873563333,1169.75482759,-3.15333333333332,-4.81890804598332
IT83015,Italy,IT,ITF,ITF3,ITF34,Avellino,212.234137931275,2.06045977011665,2.92252873563333,1169.75482759,-3.15333333333332,-4.81890804598332
IT83016,Italy,IT,ITF,ITF3,ITF34,Avellino,212.234137931275,2.06045977011665,2.92252873563333,1169.75482759,-3.15333333333332,-4.81890804598332
IT83017,Italy,IT,ITF,ITF3,ITF34,Avellino,212.234137931275,2.06045977011665,2.92252873563333,1169.75482759,-3.15333333333332,-4.81890804598332
IT83018,Italy,IT,ITF,ITF3,ITF34,Avellino,212.234137931275,2.06045977011665,2.92252873563333,1169.75482759,-3.15333333333332,-4.81890804598332
IT83020,Italy,IT,ITF,ITF3,ITF34,Avellino,212.234137931275,2.06045977011665,2.92252873563333,1169.75482759,-3.15333333333332,-4.81890804598332
IT83021,Italy,IT,ITF,ITF3,ITF34,Avellino,212.234137931275,2.06045977011665,2.92252873563333,1169.75482759,-3.15333333333332,-4.81890804598332
IT83022,Italy,IT,ITF,ITF3,ITF34,Avellino,212.234137931275,2.06045977011665,2.92252873563333,1169.75482759,-3.15333333333332,-4.81890804598332
IT83023,Italy,IT,ITF,ITF3,ITF34,Avellino,212.234137931275,2.06045977011665,2.92252873563333,1169.75482759,-3.15333333333332,-4.81890804598332
IT83024,Italy,IT,ITF,ITF3,ITF34,Avellino,212.234137931275,2.06045977011665,2.92252873563333,1169.75482759,-3.15333333333332,-4.81890804598332
IT83025,Italy,IT,ITF,ITF3,ITF34,Avellino,212.234137931275,2.06045977011665,2.92252873563333,1169.75482759,-3.15333333333332,-4.81890804598332
IT83026,Italy,IT,ITF,ITF3,ITF34,Avellino,212.234137931275,2.06045977011665,2.92252873563333,1169.75482759,-3.15333333333332,-4.81890804598332
IT83027,Italy,IT,ITF,ITF3,ITF34,Avellino,212.234137931275,2.06045977011665,2.92252873563333,1169.75482759,-3.15333333333332,-4.81890804598332
IT83028,Italy,IT,ITF,ITF3,ITF34,Avellino,212.234137931275,2.06045977011665,2.92252873563333,1169.75482759,-3.15333333333332,-4.81890804598332
IT83029,Italy,IT,ITF,ITF3,ITF34,Avellino,212.234137931275,2.06045977011665,2.92252873563333,1169.75482759,-3.15333333333332,-4.81890804598332
IT83030,Italy,IT,ITF,ITF3,ITF34,Avellino,212.234137931275,2.06045977011665,2.92252873563333,1169.75482759,-3.15333333333332,-4.81890804598332
IT83031,Italy,IT,ITF,ITF3,ITF34,Avellino,212.234137931275,2.06045977011665,2.92252873563333,1169.75482759,-3.15333333333332,-4.81890804598332
IT83032,Italy,IT,ITF,ITF3,ITF34,Avellino,212.234137931275,2.06045977011665,2.92252873563333,1169.75482759,-3.15333333333332,-4.81890804598332
IT83034,Italy,IT,ITF,ITF3,ITF34,Avellino,212.234137931275,2.06045977011665,2.92252873563333,1169.75482759,-3.15333333333332,-4.81890804598332
IT83035,Italy,IT,ITF,ITF3,ITF34,Avellino,212.234137931275,2.06045977011665,2.92252873563333,1169.75482759,-3.15333333333332,-4.81890804598332
IT83036,Italy,IT,ITF,ITF3,ITF34,Avellino,212.234137931275,2.06045977011665,2.92252873563333,1169.75482759,-3.15333333333332,-4.81890804598332
IT83037,Italy,IT,ITF,ITF3,ITF34,Avellino,212.234137931275,2.06045977011665,2.92252873563333,1169.75482759,-3.15333333333332,-4.81890804598332
IT83038,Italy,IT,ITF,ITF3,ITF34,Avellino,212.234137931275,2.06045977011665,2.92252873563333,1169.75482759,-3.15333333333332,-4.81890804598332
IT83039,Italy,IT,ITF,ITF3,ITF34,Avellino,212.234137931275,2.06045977011665,2.92252873563333,1169.75482759,-3.15333333333332,-4.81890804598332
IT83040,Italy,IT,ITF,ITF3,ITF34,Avellino,212.234137931275,2.06045977011665,2.92252873563333,1169.75482759,-3.15333333333332,-4.81890804598332
IT83041,Italy,IT,ITF,ITF3,ITF34,Avellino,212.234137931275,2.06045977011665,2.92252873563333,1169.75482759,-3.15333333333332,-4.81890804598332
IT83042,Italy,IT,ITF,ITF3,ITF34,Avellino,212.234137931275,2.06045977011665,2.92252873563333,1169.75482759,-3.15333333333332,-4.81890804598332
IT83043,Italy,IT,ITF,ITF3,ITF34,Avellino,212.234137931275,2.06045977011665,2.92252873563333,1169.75482759,-3.15333333333332,-4.81890804598332
IT83044,Italy,IT,ITF,ITF3,ITF34,Avellino,212.234137931275,2.06045977011665,2.92252873563333,1169.75482759,-3.15333333333332,-4.81890804598332
IT83045,Italy,IT,ITF,ITF3,ITF34,Avellino,212.234137931275,2.06045977011665,2.92252873563333,1169.75482759,-3.15333333333332,-4.81890804598332
IT83046,Italy,IT,ITF,ITF3,ITF34,Avellino,212.234137931275,2.06045977011665,2.92252873563333,1169.75482759,-3.15333333333332,-4.81890804598332
IT83047,Italy,IT,ITF,ITF3,ITF34,Avellino,212.234137931275,2.06045977011665,2.92252873563333,1169.75482759,-3.15333333333332,-4.81890804598332
IT83048,Italy,IT,ITF,ITF3,ITF34,Avellino,212.234137931275,2.06045977011665,2.92252873563333,1169.75482759,-3.15333333333332,-4.81890804598332
IT83049,Italy,IT,ITF,ITF3,ITF34,Avellino,212.234137931275,2.06045977011665,2.92252873563333,1169.75482759,-3.15333333333332,-4.81890804598332
IT83050,Italy,IT,ITF,ITF3,ITF34,Avellino,212.234137931275,2.06045977011665,2.92252873563333,1169.75482759,-3.15333333333332,-4.81890804598332
IT83051,Italy,IT,ITF,ITF3,ITF34,Avellino,212.234137931275,2.06045977011665,2.92252873563333,1169.75482759,-3.15333333333332,-4.81890804598332
IT83052,Italy,IT,ITF,ITF3,ITF34,Avellino,212.234137931275,2.06045977011665,2.92252873563333,1169.75482759,-3.15333333333332,-4.81890804598332
IT83053,Italy,IT,ITF,ITF3,ITF34,Avellino,212.234137931275,2.06045977011665,2.92252873563333,1169.75482759,-3.15333333333332,-4.81890804598332
IT83054,Italy,IT,ITF,ITF3,ITF34,Avellino,212.234137931275,2.06045977011665,2.92252873563333,1169.75482759,-3.15333333333332,-4.81890804598332
IT83055,Italy,IT,ITF,ITF3,ITF34,Avellino,212.234137931275,2.06045977011665,2.92252873563333,1169.75482759,-3.15333333333332,-4.81890804598332
IT83056,Italy,IT,ITF,ITF3,ITF34,Avellino,212.234137931275,2.06045977011665,2.92252873563333,1169.75482759,-3.15333333333332,-4.81890804598332
IT83057,Italy,IT,ITF,ITF3,ITF34,Avellino,212.234137931275,2.06045977011665,2.92252873563333,1169.75482759,-3.15333333333332,-4.81890804598332
IT83058,Italy,IT,ITF,ITF3,ITF34,Avellino,212.234137931275,2.06045977011665,2.92252873563333,1169.75482759,-3.15333333333332,-4.81890804598332
IT83059,Italy,IT,ITF,ITF3,ITF34,Avellino,212.234137931275,2.06045977011665,2.92252873563333,1169.75482759,-3.15333333333332,-4.81890804598332
IT83100,Italy,IT,ITF,ITF3,ITF34,Avellino,212.234137931275,2.06045977011665,2.92252873563333,1169.75482759,-3.15333333333332,-4.81890804598332
IT88020,Italy,IT,ITF,ITF6,ITF63,Catanzaro,256.76275,2.3645,3.5235,876.364125,-3.06825,-4.55008333333333
IT88021,Italy,IT,ITF,ITF6,ITF63,Catanzaro,256.76275,2.3645,3.5235,876.364125,-3.06825,-4.55008333333333
IT88022,Italy,IT,ITF,ITF6,ITF63,Catanzaro,256.76275,2.3645,3.5235,876.364125,-3.06825,-4.55008333333333
IT88024,Italy,IT,ITF,ITF6,ITF63,Catanzaro,256.76275,2.3645,3.5235,876.364125,-3.06825,-4.55008333333333
IT88025,Italy,IT,ITF,ITF6,ITF63,Catanzaro,256.76275,2.3645,3.5235,876.364125,-3.06825,-4.55008333333333
IT88040,Italy,IT,ITF,ITF6,ITF63,Catanzaro,256.76275,2.3645,3.5235,876.364125,-3.06825,-4.55008333333333
IT88041,Italy,IT,ITF,ITF6,ITF63,Catanzaro,256.76275,2.3645,3.5235,876.364125,-3.06825,-4.55008333333333
IT88042,Italy,IT,ITF,ITF6,ITF63,Catanzaro,256.76275,2.3645,3.5235,876.364125,-3.06825,-4.55008333333333
IT88044,Italy,IT,ITF,ITF6,ITF63,Catanzaro,256.76275,2.3645,3.5235,876.364125,-3.06825,-4.55008333333333
IT88045,Italy,IT,ITF,ITF6,ITF63,Catanzaro,256.76275,2.3645,3.5235,876.364125,-3.06825,-4.55008333333333
IT88046,Italy,IT,ITF,ITF6,ITF63,Catanzaro,256.76275,2.3645,3.5235,876.364125,-3.06825,-4.55008333333333
IT88047,Italy,IT,ITF,ITF6,ITF63,Catanzaro,256.76275,2.3645,3.5235,876.364125,-3.06825,-4.55008333333333
IT88049,Italy,IT,ITF,ITF6,ITF63,Catanzaro,256.76275,2.3645,3.5235,876.364125,-3.06825,-4.55008333333333
IT88050,Italy,IT,ITF,ITF6,ITF63,Catanzaro,256.76275,2.3645,3.5235,876.364125,-3.06825,-4.55008333333333
IT88051,Italy,IT,ITF,ITF6,ITF63,Catanzaro,256.76275,2.3645,3.5235,876.364125,-3.06825,-4.55008333333333
IT88054,Italy,IT,ITF,ITF6,ITF63,Catanzaro,256.76275,2.3645,3.5235,876.364125,-3.06825,-4.55008333333333
IT88055,Italy,IT,ITF,ITF6,ITF63,Catanzaro,256.76275,2.3645,3.5235,876.364125,-3.06825,-4.55008333333333
IT88056,Italy,IT,ITF,ITF6,ITF63,Catanzaro,256.76275,2.3645,3.5235,876.364125,-3.06825,-4.55008333333333
IT88060,Italy,IT,ITF,ITF6,ITF63,Catanzaro,256.76275,2.3645,3.5235,876.364125,-3.06825,-4.55008333333333
IT88062,Italy,IT,ITF,ITF6,ITF63,Catanzaro,256.76275,2.3645,3.5235,876.364125,-3.06825,-4.55008333333333
IT88064,Italy,IT,ITF,ITF6,ITF63,Catanzaro,256.76275,2.3645,3.5235,876.364125,-3.06825,-4.55008333333333
IT88065,Italy,IT,ITF,ITF6,ITF63,Catanzaro,256.76275,2.3645,3.5235,876.364125,-3.06825,-4.55008333333333
IT88067,Italy,IT,ITF,ITF6,ITF63,Catanzaro,256.76275,2.3645,3.5235,876.364125,-3.06825,-4.55008333333333
IT88068,Italy,IT,ITF,ITF6,ITF63,Catanzaro,256.76275,2.3645,3.5235,876.364125,-3.06825,-4.55008333333333
IT88069,Italy,IT,ITF,ITF6,ITF63,Catanzaro,256.76275,2.3645,3.5235,876.364125,-3.06825,-4.55008333333333
IT88070,Italy,IT,ITF,ITF6,ITF63,Catanzaro,256.76275,2.3645,3.5235,876.364125,-3.06825,-4.55008333333333
IT88100,Italy,IT,ITF,ITF6,ITF63,Catanzaro,256.76275,2.3645,3.5235,876.364125,-3.06825,-4.55008333333333
IT84010,Italy,IT,ITF,ITF3,ITF35,Salerno,246.987980769125,2.16891025641665,3.06471153846667,945.365000000025,-2.97871794871667,-4.49365384615
IT84011,Italy,IT,ITF,ITF3,ITF35,Salerno,246.987980769125,2.16891025641665,3.06471153846667,945.365000000025,-2.97871794871667,-4.49365384615
IT84012,Italy,IT,ITF,ITF3,ITF35,Salerno,246.987980769125,2.16891025641665,3.06471153846667,945.365000000025,-2.97871794871667,-4.49365384615
IT84013,Italy,IT,ITF,ITF3,ITF35,Salerno,246.987980769125,2.16891025641665,3.06471153846667,945.365000000025,-2.97871794871667,-4.49365384615
IT84014,Italy,IT,ITF,ITF3,ITF35,Salerno,246.987980769125,2.16891025641665,3.06471153846667,945.365000000025,-2.97871794871667,-4.49365384615
IT84015,Italy,IT,ITF,ITF3,ITF35,Salerno,246.987980769125,2.16891025641665,3.06471153846667,945.365000000025,-2.97871794871667,-4.49365384615
IT84016,Italy,IT,ITF,ITF3,ITF35,Salerno,246.987980769125,2.16891025641665,3.06471153846667,945.365000000025,-2.97871794871667,-4.49365384615
IT84017,Italy,IT,ITF,ITF3,ITF35,Salerno,246.987980769125,2.16891025641665,3.06471153846667,945.365000000025,-2.97871794871667,-4.49365384615
IT84018,Italy,IT,ITF,ITF3,ITF35,Salerno,246.987980769125,2.16891025641665,3.06471153846667,945.365000000025,-2.97871794871667,-4.49365384615
IT84019,Italy,IT,ITF,ITF3,ITF35,Salerno,246.987980769125,2.16891025641665,3.06471153846667,945.365000000025,-2.97871794871667,-4.49365384615
IT84020,Italy,IT,ITF,ITF3,ITF35,Salerno,246.987980769125,2.16891025641665,3.06471153846667,945.365000000025,-2.97871794871667,-4.49365384615
IT84021,Italy,IT,ITF,ITF3,ITF35,Salerno,246.987980769125,2.16891025641665,3.06471153846667,945.365000000025,-2.97871794871667,-4.49365384615
IT84022,Italy,IT,ITF,ITF3,ITF35,Salerno,246.987980769125,2.16891025641665,3.06471153846667,945.365000000025,-2.97871794871667,-4.49365384615
IT84023,Italy,IT,ITF,ITF3,ITF35,Salerno,246.987980769125,2.16891025641665,3.06471153846667,945.365000000025,-2.97871794871667,-4.49365384615
IT84024,Italy,IT,ITF,ITF3,ITF35,Salerno,246.987980769125,2.16891025641665,3.06471153846667,945.365000000025,-2.97871794871667,-4.49365384615
IT84025,Italy,IT,ITF,ITF3,ITF35,Salerno,246.987980769125,2.16891025641665,3.06471153846667,945.365000000025,-2.97871794871667,-4.49365384615
IT84026,Italy,IT,ITF,ITF3,ITF35,Salerno,246.987980769125,2.16891025641665,3.06471153846667,945.365000000025,-2.97871794871667,-4.49365384615
IT84027,Italy,IT,ITF,ITF3,ITF35,Salerno,246.987980769125,2.16891025641665,3.06471153846667,945.365000000025,-2.97871794871667,-4.49365384615
IT84028,Italy,IT,ITF,ITF3,ITF35,Salerno,246.987980769125,2.16891025641665,3.06471153846667,945.365000000025,-2.97871794871667,-4.49365384615
IT84029,Italy,IT,ITF,ITF3,ITF35,Salerno,246.987980769125,2.16891025641665,3.06471153846667,945.365000000025,-2.97871794871667,-4.49365384615
IT84030,Italy,IT,ITF,ITF3,ITF35,Salerno,246.987980769125,2.16891025641665,3.06471153846667,945.365000000025,-2.97871794871667,-4.49365384615
IT84031,Italy,IT,ITF,ITF3,ITF35,Salerno,246.987980769125,2.16891025641665,3.06471153846667,945.365000000025,-2.97871794871667,-4.49365384615
IT84032,Italy,IT,ITF,ITF3,ITF35,Salerno,246.987980769125,2.16891025641665,3.06471153846667,945.365000000025,-2.97871794871667,-4.49365384615
IT84033,Italy,IT,ITF,ITF3,ITF35,Salerno,246.987980769125,2.16891025641665,3.06471153846667,945.365000000025,-2.97871794871667,-4.49365384615
IT84034,Italy,IT,ITF,ITF3,ITF35,Salerno,246.987980769125,2.16891025641665,3.06471153846667,945.365000000025,-2.97871794871667,-4.49365384615
IT84035,Italy,IT,ITF,ITF3,ITF35,Salerno,246.987980769125,2.16891025641665,3.06471153846667,945.365000000025,-2.97871794871667,-4.49365384615
IT84036,Italy,IT,ITF,ITF3,ITF35,Salerno,246.987980769125,2.16891025641665,3.06471153846667,945.365000000025,-2.97871794871667,-4.49365384615
IT84037,Italy,IT,ITF,ITF3,ITF35,Salerno,246.987980769125,2.16891025641665,3.06471153846667,945.365000000025,-2.97871794871667,-4.49365384615
IT84038,Italy,IT,ITF,ITF3,ITF35,Salerno,246.987980769125,2.16891025641665,3.06471153846667,945.365000000025,-2.97871794871667,-4.49365384615
IT84039,Italy,IT,ITF,ITF3,ITF35,Salerno,246.987980769125,2.16891025641665,3.06471153846667,945.365000000025,-2.97871794871667,-4.49365384615
IT84040,Italy,IT,ITF,ITF3,ITF35,Salerno,246.987980769125,2.16891025641665,3.06471153846667,945.365000000025,-2.97871794871667,-4.49365384615
IT84042,Italy,IT,ITF,ITF3,ITF35,Salerno,246.987980769125,2.16891025641665,3.06471153846667,945.365000000025,-2.97871794871667,-4.49365384615
IT84043,Italy,IT,ITF,ITF3,ITF35,Salerno,246.987980769125,2.16891025641665,3.06471153846667,945.365000000025,-2.97871794871667,-4.49365384615
IT84044,Italy,IT,ITF,ITF3,ITF35,Salerno,246.987980769125,2.16891025641665,3.06471153846667,945.365000000025,-2.97871794871667,-4.49365384615
IT84045,Italy,IT,ITF,ITF3,ITF35,Salerno,246.987980769125,2.16891025641665,3.06471153846667,945.365000000025,-2.97871794871667,-4.49365384615
IT84046,Italy,IT,ITF,ITF3,ITF35,Salerno,246.987980769125,2.16891025641665,3.06471153846667,945.365000000025,-2.97871794871667,-4.49365384615
IT84047,Italy,IT,ITF,ITF3,ITF35,Salerno,246.987980769125,2.16891025641665,3.06471153846667,945.365000000025,-2.97871794871667,-4.49365384615
IT84048,Italy,IT,ITF,ITF3,ITF35,Salerno,246.987980769125,2.16891025641665,3.06471153846667,945.365000000025,-2.97871794871667,-4.49365384615
IT84049,Italy,IT,ITF,ITF3,ITF35,Salerno,246.987980769125,2.16891025641665,3.06471153846667,945.365000000025,-2.97871794871667,-4.49365384615
IT84050,Italy,IT,ITF,ITF3,ITF35,Salerno,246.987980769125,2.16891025641665,3.06471153846667,945.365000000025,-2.97871794871667,-4.49365384615
IT84051,Italy,IT,ITF,ITF3,ITF35,Salerno,246.987980769125,2.16891025641665,3.06471153846667,945.365000000025,-2.97871794871667,-4.49365384615
IT84052,Italy,IT,ITF,ITF3,ITF35,Salerno,246.987980769125,2.16891025641665,3.06471153846667,945.365000000025,-2.97871794871667,-4.49365384615
IT84053,Italy,IT,ITF,ITF3,ITF35,Salerno,246.987980769125,2.16891025641665,3.06471153846667,945.365000000025,-2.97871794871667,-4.49365384615
IT84055,Italy,IT,ITF,ITF3,ITF35,Salerno,246.987980769125,2.16891025641665,3.06471153846667,945.365000000025,-2.97871794871667,-4.49365384615
IT84056,Italy,IT,ITF,ITF3,ITF35,Salerno,246.987980769125,2.16891025641665,3.06471153846667,945.365000000025,-2.97871794871667,-4.49365384615
IT84057,Italy,IT,ITF,ITF3,ITF35,Salerno,246.987980769125,2.16891025641665,3.06471153846667,945.365000000025,-2.97871794871667,-4.49365384615
IT84059,Italy,IT,ITF,ITF3,ITF35,Salerno,246.987980769125,2.16891025641665,3.06471153846667,945.365000000025,-2.97871794871667,-4.49365384615
IT84060,Italy,IT,ITF,ITF3,ITF35,Salerno,246.987980769125,2.16891025641665,3.06471153846667,945.365000000025,-2.97871794871667,-4.49365384615
IT84061,Italy,IT,ITF,ITF3,ITF35,Salerno,246.987980769125,2.16891025641665,3.06471153846667,945.365000000025,-2.97871794871667,-4.49365384615
IT84062,Italy,IT,ITF,ITF3,ITF35,Salerno,246.987980769125,2.16891025641665,3.06471153846667,945.365000000025,-2.97871794871667,-4.49365384615
IT84065,Italy,IT,ITF,ITF3,ITF35,Salerno,246.987980769125,2.16891025641665,3.06471153846667,945.365000000025,-2.97871794871667,-4.49365384615
IT84066,Italy,IT,ITF,ITF3,ITF35,Salerno,246.987980769125,2.16891025641665,3.06471153846667,945.365000000025,-2.97871794871667,-4.49365384615
IT84067,Italy,IT,ITF,ITF3,ITF35,Salerno,246.987980769125,2.16891025641665,3.06471153846667,945.365000000025,-2.97871794871667,-4.49365384615
IT84068,Italy,IT,ITF,ITF3,ITF35,Salerno,246.987980769125,2.16891025641665,3.06471153846667,945.365000000025,-2.97871794871667,-4.49365384615
IT84069,Italy,IT,ITF,ITF3,ITF35,Salerno,246.987980769125,2.16891025641665,3.06471153846667,945.365000000025,-2.97871794871667,-4.49365384615
IT84070,Italy,IT,ITF,ITF3,ITF35,Salerno,246.987980769125,2.16891025641665,3.06471153846667,945.365000000025,-2.97871794871667,-4.49365384615
IT84073,Italy,IT,ITF,ITF3,ITF35,Salerno,246.987980769125,2.16891025641665,3.06471153846667,945.365000000025,-2.97871794871667,-4.49365384615
IT84074,Italy,IT,ITF,ITF3,ITF35,Salerno,246.987980769125,2.16891025641665,3.06471153846667,945.365000000025,-2.97871794871667,-4.49365384615
IT84075,Italy,IT,ITF,ITF3,ITF35,Salerno,246.987980769125,2.16891025641665,3.06471153846667,945.365000000025,-2.97871794871667,-4.49365384615
IT84076,Italy,IT,ITF,ITF3,ITF35,Salerno,246.987980769125,2.16891025641665,3.06471153846667,945.365000000025,-2.97871794871667,-4.49365384615
IT84077,Italy,IT,ITF,ITF3,ITF35,Salerno,246.987980769125,2.16891025641665,3.06471153846667,945.365000000025,-2.97871794871667,-4.49365384615
IT84078,Italy,IT,ITF,ITF3,ITF35,Salerno,246.987980769125,2.16891025641665,3.06471153846667,945.365000000025,-2.97871794871667,-4.49365384615
IT84079,Italy,IT,ITF,ITF3,ITF35,Salerno,246.987980769125,2.16891025641665,3.06471153846667,945.365000000025,-2.97871794871667,-4.49365384615
IT84080,Italy,IT,ITF,ITF3,ITF35,Salerno,246.987980769125,2.16891025641665,3.06471153846667,945.365000000025,-2.97871794871667,-4.49365384615
IT84081,Italy,IT,ITF,ITF3,ITF35,Salerno,246.987980769125,2.16891025641665,3.06471153846667,945.365000000025,-2.97871794871667,-4.49365384615
IT84082,Italy,IT,ITF,ITF3,ITF35,Salerno,246.987980769125,2.16891025641665,3.06471153846667,945.365000000025,-2.97871794871667,-4.49365384615
IT84083,Italy,IT,ITF,ITF3,ITF35,Salerno,246.987980769125,2.16891025641665,3.06471153846667,945.365000000025,-2.97871794871667,-4.49365384615
IT84084,Italy,IT,ITF,ITF3,ITF35,Salerno,246.987980769125,2.16891025641665,3.06471153846667,945.365000000025,-2.97871794871667,-4.49365384615
IT84085,Italy,IT,ITF,ITF3,ITF35,Salerno,246.987980769125,2.16891025641665,3.06471153846667,945.365000000025,-2.97871794871667,-4.49365384615
IT84086,Italy,IT,ITF,ITF3,ITF35,Salerno,246.987980769125,2.16891025641665,3.06471153846667,945.365000000025,-2.97871794871667,-4.49365384615
IT84087,Italy,IT,ITF,ITF3,ITF35,Salerno,246.987980769125,2.16891025641665,3.06471153846667,945.365000000025,-2.97871794871667,-4.49365384615
IT84088,Italy,IT,ITF,ITF3,ITF35,Salerno,246.987980769125,2.16891025641665,3.06471153846667,945.365000000025,-2.97871794871667,-4.49365384615
IT84090,Italy,IT,ITF,ITF3,ITF35,Salerno,246.987980769125,2.16891025641665,3.06471153846667,945.365000000025,-2.97871794871667,-4.49365384615
IT84091,Italy,IT,ITF,ITF3,ITF35,Salerno,246.987980769125,2.16891025641665,3.06471153846667,945.365000000025,-2.97871794871667,-4.49365384615
IT84092,Italy,IT,ITF,ITF3,ITF35,Salerno,246.987980769125,2.16891025641665,3.06471153846667,945.365000000025,-2.97871794871667,-4.49365384615
IT84095,Italy,IT,ITF,ITF3,ITF35,Salerno,246.987980769125,2.16891025641665,3.06471153846667,945.365000000025,-2.97871794871667,-4.49365384615
IT84096,Italy,IT,ITF,ITF3,ITF35,Salerno,246.987980769125,2.16891025641665,3.06471153846667,945.365000000025,-2.97871794871667,-4.49365384615
IT84098,Italy,IT,ITF,ITF3,ITF35,Salerno,246.987980769125,2.16891025641665,3.06471153846667,945.365000000025,-2.97871794871667,-4.49365384615
IT84099,Italy,IT,ITF,ITF3,ITF35,Salerno,246.987980769125,2.16891025641665,3.06471153846667,945.365000000025,-2.97871794871667,-4.49365384615
IT84100,Italy,IT,ITF,ITF3,ITF35,Salerno,246.987980769125,2.16891025641665,3.06471153846667,945.365000000025,-2.97871794871667,-4.49365384615
IT84121,Italy,IT,ITF,ITF3,ITF35,Salerno,246.987980769125,2.16891025641665,3.06471153846667,945.365000000025,-2.97871794871667,-4.49365384615
IT84122,Italy,IT,ITF,ITF3,ITF35,Salerno,246.987980769125,2.16891025641665,3.06471153846667,945.365000000025,-2.97871794871667,-4.49365384615
IT84123,Italy,IT,ITF,ITF3,ITF35,Salerno,246.987980769125,2.16891025641665,3.06471153846667,945.365000000025,-2.97871794871667,-4.49365384615
IT84124,Italy,IT,ITF,ITF3,ITF35,Salerno,246.987980769125,2.16891025641665,3.06471153846667,945.365000000025,-2.97871794871667,-4.49365384615
IT84125,Italy,IT,ITF,ITF3,ITF35,Salerno,246.987980769125,2.16891025641665,3.06471153846667,945.365000000025,-2.97871794871667,-4.49365384615
IT84126,Italy,IT,ITF,ITF3,ITF35,Salerno,246.987980769125,2.16891025641665,3.06471153846667,945.365000000025,-2.97871794871667,-4.49365384615
IT84127,Italy,IT,ITF,ITF3,ITF35,Salerno,246.987980769125,2.16891025641665,3.06471153846667,945.365000000025,-2.97871794871667,-4.49365384615
IT84128,Italy,IT,ITF,ITF3,ITF35,Salerno,246.987980769125,2.16891025641665,3.06471153846667,945.365000000025,-2.97871794871667,-4.49365384615
IT84129,Italy,IT,ITF,ITF3,ITF35,Salerno,246.987980769125,2.16891025641665,3.06471153846667,945.365000000025,-2.97871794871667,-4.49365384615
IT84131,Italy,IT,ITF,ITF3,ITF35,Salerno,246.987980769125,2.16891025641665,3.06471153846667,945.365000000025,-2.97871794871667,-4.49365384615
IT84132,Italy,IT,ITF,ITF3,ITF35,Salerno,246.987980769125,2.16891025641665,3.06471153846667,945.365000000025,-2.97871794871667,-4.49365384615
IT84133,Italy,IT,ITF,ITF3,ITF35,Salerno,246.987980769125,2.16891025641665,3.06471153846667,945.365000000025,-2.97871794871667,-4.49365384615
IT84134,Italy,IT,ITF,ITF3,ITF35,Salerno,246.987980769125,2.16891025641665,3.06471153846667,945.365000000025,-2.97871794871667,-4.49365384615
IT84135,Italy,IT,ITF,ITF3,ITF35,Salerno,246.987980769125,2.16891025641665,3.06471153846667,945.365000000025,-2.97871794871667,-4.49365384615
IT86010,Italy,IT,ITF,ITF2,ITF22,Campobasso,273.547578125,2.29651041666667,3.29109374999998,1143.56875,-3.24375,-4.99973958333333
IT86011,Italy,IT,ITF,ITF2,ITF22,Campobasso,273.547578125,2.29651041666667,3.29109374999998,1143.56875,-3.24375,-4.99973958333333
IT86012,Italy,IT,ITF,ITF2,ITF22,Campobasso,273.547578125,2.29651041666667,3.29109374999998,1143.56875,-3.24375,-4.99973958333333
IT86013,Italy,IT,ITF,ITF2,ITF22,Campobasso,273.547578125,2.29651041666667,3.29109374999998,1143.56875,-3.24375,-4.99973958333333
IT86014,Italy,IT,ITF,ITF2,ITF22,Campobasso,273.547578125,2.29651041666667,3.29109374999998,1143.56875,-3.24375,-4.99973958333333
IT86015,Italy,IT,ITF,ITF2,ITF22,Campobasso,273.547578125,2.29651041666667,3.29109374999998,1143.56875,-3.24375,-4.99973958333333
IT86016,Italy,IT,ITF,ITF2,ITF22,Campobasso,273.547578125,2.29651041666667,3.29109374999998,1143.56875,-3.24375,-4.99973958333333
IT86017,Italy,IT,ITF,ITF2,ITF22,Campobasso,273.547578125,2.29651041666667,3.29109374999998,1143.56875,-3.24375,-4.99973958333333
IT86018,Italy,IT,ITF,ITF2,ITF22,Campobasso,273.547578125,2.29651041666667,3.29109374999998,1143.56875,-3.24375,-4.99973958333333
IT86019,Italy,IT,ITF,ITF2,ITF22,Campobasso,273.547578125,2.29651041666667,3.29109374999998,1143.56875,-3.24375,-4.99973958333333
IT86020,Italy,IT,ITF,ITF2,ITF22,Campobasso,273.547578125,2.29651041666667,3.29109374999998,1143.56875,-3.24375,-4.99973958333333
IT86021,Italy,IT,ITF,ITF2,ITF22,Campobasso,273.547578125,2.29651041666667,3.29109374999998,1143.56875,-3.24375,-4.99973958333333
IT86022,Italy,IT,ITF,ITF2,ITF22,Campobasso,273.547578125,2.29651041666667,3.29109374999998,1143.56875,-3.24375,-4.99973958333333
IT86023,Italy,IT,ITF,ITF2,ITF22,Campobasso,273.547578125,2.29651041666667,3.29109374999998,1143.56875,-3.24375,-4.99973958333333
IT86024,Italy,IT,ITF,ITF2,ITF22,Campobasso,273.547578125,2.29651041666667,3.29109374999998,1143.56875,-3.24375,-4.99973958333333
IT86025,Italy,IT,ITF,ITF2,ITF22,Campobasso,273.547578125,2.29651041666667,3.29109374999998,1143.56875,-3.24375,-4.99973958333333
IT86026,Italy,IT,ITF,ITF2,ITF22,Campobasso,273.547578125,2.29651041666667,3.29109374999998,1143.56875,-3.24375,-4.99973958333333
IT86027,Italy,IT,ITF,ITF2,ITF22,Campobasso,273.547578125,2.29651041666667,3.29109374999998,1143.56875,-3.24375,-4.99973958333333
IT86028,Italy,IT,ITF,ITF2,ITF22,Campobasso,273.547578125,2.29651041666667,3.29109374999998,1143.56875,-3.24375,-4.99973958333333
IT86029,Italy,IT,ITF,ITF2,ITF22,Campobasso,273.547578125,2.29651041666667,3.29109374999998,1143.56875,-3.24375,-4.99973958333333
IT86030,Italy,IT,ITF,ITF2,ITF22,Campobasso,273.547578125,2.29651041666667,3.29109374999998,1143.56875,-3.24375,-4.99973958333333
IT86031,Italy,IT,ITF,ITF2,ITF22,Campobasso,273.547578125,2.29651041666667,3.29109374999998,1143.56875,-3.24375,-4.99973958333333
IT86032,Italy,IT,ITF,ITF2,ITF22,Campobasso,273.547578125,2.29651041666667,3.29109374999998,1143.56875,-3.24375,-4.99973958333333
IT86033,Italy,IT,ITF,ITF2,ITF22,Campobasso,273.547578125,2.29651041666667,3.29109374999998,1143.56875,-3.24375,-4.99973958333333
IT86034,Italy,IT,ITF,ITF2,ITF22,Campobasso,273.547578125,2.29651041666667,3.29109374999998,1143.56875,-3.24375,-4.99973958333333
IT86035,Italy,IT,ITF,ITF2,ITF22,Campobasso,273.547578125,2.29651041666667,3.29109374999998,1143.56875,-3.24375,-4.99973958333333
IT86036,Italy,IT,ITF,ITF2,ITF22,Campobasso,273.547578125,2.29651041666667,3.29109374999998,1143.56875,-3.24375,-4.99973958333333
IT86037,Italy,IT,ITF,ITF2,ITF22,Campobasso,273.547578125,2.29651041666667,3.29109374999998,1143.56875,-3.24375,-4.99973958333333
IT86038,Italy,IT,ITF,ITF2,ITF22,Campobasso,273.547578125,2.29651041666667,3.29109374999998,1143.56875,-3.24375,-4.99973958333333
IT86039,Italy,IT,ITF,ITF2,ITF22,Campobasso,273.547578125,2.29651041666667,3.29109374999998,1143.56875,-3.24375,-4.99973958333333
IT86040,Italy,IT,ITF,ITF2,ITF22,Campobasso,273.547578125,2.29651041666667,3.29109374999998,1143.56875,-3.24375,-4.99973958333333
IT86041,Italy,IT,ITF,ITF2,ITF22,Campobasso,273.547578125,2.29651041666667,3.29109374999998,1143.56875,-3.24375,-4.99973958333333
IT86042,Italy,IT,ITF,ITF2,ITF22,Campobasso,273.547578125,2.29651041666667,3.29109374999998,1143.56875,-3.24375,-4.99973958333333
IT86043,Italy,IT,ITF,ITF2,ITF22,Campobasso,273.547578125,2.29651041666667,3.29109374999998,1143.56875,-3.24375,-4.99973958333333
IT86044,Italy,IT,ITF,ITF2,ITF22,Campobasso,273.547578125,2.29651041666667,3.29109374999998,1143.56875,-3.24375,-4.99973958333333
IT86045,Italy,IT,ITF,ITF2,ITF22,Campobasso,273.547578125,2.29651041666667,3.29109374999998,1143.56875,-3.24375,-4.99973958333333
IT86046,Italy,IT,ITF,ITF2,ITF22,Campobasso,273.547578125,2.29651041666667,3.29109374999998,1143.56875,-3.24375,-4.99973958333333
IT86047,Italy,IT,ITF,ITF2,ITF22,Campobasso,273.547578125,2.29651041666667,3.29109374999998,1143.56875,-3.24375,-4.99973958333333
IT86048,Italy,IT,ITF,ITF2,ITF22,Campobasso,273.547578125,2.29651041666667,3.29109374999998,1143.56875,-3.24375,-4.99973958333333
IT86049,Italy,IT,ITF,ITF2,ITF22,Campobasso,273.547578125,2.29651041666667,3.29109374999998,1143.56875,-3.24375,-4.99973958333333
IT86100,Italy,IT,ITF,ITF2,ITF22,Campobasso,273.547578125,2.29651041666667,3.29109374999998,1143.56875,-3.24375,-4.99973958333333
IT61011,Italy,IT,ITI,ITI3,ITI31,Pesaro e Urbino,213.864166666124,1.82475308641667,2.50567901234998,1346.7140740719,-3.01580246913333,-4.60506172839998
IT61012,Italy,IT,ITI,ITI3,ITI31,Pesaro e Urbino,213.864166666124,1.82475308641667,2.50567901234998,1346.7140740719,-3.01580246913333,-4.60506172839998
IT61013,Italy,IT,ITI,ITI3,ITI31,Pesaro e Urbino,213.864166666124,1.82475308641667,2.50567901234998,1346.7140740719,-3.01580246913333,-4.60506172839998
IT61014,Italy,IT,ITI,ITI3,ITI31,Pesaro e Urbino,213.864166666124,1.82475308641667,2.50567901234998,1346.7140740719,-3.01580246913333,-4.60506172839998
IT61020,Italy,IT,ITI,ITI3,ITI31,Pesaro e Urbino,213.864166666124,1.82475308641667,2.50567901234998,1346.7140740719,-3.01580246913333,-4.60506172839998
IT61021,Italy,IT,ITI,ITI3,ITI31,Pesaro e Urbino,213.864166666124,1.82475308641667,2.50567901234998,1346.7140740719,-3.01580246913333,-4.60506172839998
IT61022,Italy,IT,ITI,ITI3,ITI31,Pesaro e Urbino,213.864166666124,1.82475308641667,2.50567901234998,1346.7140740719,-3.01580246913333,-4.60506172839998
IT61023,Italy,IT,ITI,ITI3,ITI31,Pesaro e Urbino,213.864166666124,1.82475308641667,2.50567901234998,1346.7140740719,-3.01580246913333,-4.60506172839998
IT61024,Italy,IT,ITI,ITI3,ITI31,Pesaro e Urbino,213.864166666124,1.82475308641667,2.50567901234998,1346.7140740719,-3.01580246913333,-4.60506172839998
IT61025,Italy,IT,ITI,ITI3,ITI31,Pesaro e Urbino,213.864166666124,1.82475308641667,2.50567901234998,1346.7140740719,-3.01580246913333,-4.60506172839998
IT61026,Italy,IT,ITI,ITI3,ITI31,Pesaro e Urbino,213.864166666124,1.82475308641667,2.50567901234998,1346.7140740719,-3.01580246913333,-4.60506172839998
IT61028,Italy,IT,ITI,ITI3,ITI31,Pesaro e Urbino,213.864166666124,1.82475308641667,2.50567901234998,1346.7140740719,-3.01580246913333,-4.60506172839998
IT61029,Italy,IT,ITI,ITI3,ITI31,Pesaro e Urbino,213.864166666124,1.82475308641667,2.50567901234998,1346.7140740719,-3.01580246913333,-4.60506172839998
IT61030,Italy,IT,ITI,ITI3,ITI31,Pesaro e Urbino,213.864166666124,1.82475308641667,2.50567901234998,1346.7140740719,-3.01580246913333,-4.60506172839998
IT61032,Italy,IT,ITI,ITI3,ITI31,Pesaro e Urbino,213.864166666124,1.82475308641667,2.50567901234998,1346.7140740719,-3.01580246913333,-4.60506172839998
IT61033,Italy,IT,ITI,ITI3,ITI31,Pesaro e Urbino,213.864166666124,1.82475308641667,2.50567901234998,1346.7140740719,-3.01580246913333,-4.60506172839998
IT61034,Italy,IT,ITI,ITI3,ITI31,Pesaro e Urbino,213.864166666124,1.82475308641667,2.50567901234998,1346.7140740719,-3.01580246913333,-4.60506172839998
IT61037,Italy,IT,ITI,ITI3,ITI31,Pesaro e Urbino,213.864166666124,1.82475308641667,2.50567901234998,1346.7140740719,-3.01580246913333,-4.60506172839998
IT61038,Italy,IT,ITI,ITI3,ITI31,Pesaro e Urbino,213.864166666124,1.82475308641667,2.50567901234998,1346.7140740719,-3.01580246913333,-4.60506172839998
IT61039,Italy,IT,ITI,ITI3,ITI31,Pesaro e Urbino,213.864166666124,1.82475308641667,2.50567901234998,1346.7140740719,-3.01580246913333,-4.60506172839998
IT61040,Italy,IT,ITI,ITI3,ITI31,Pesaro e Urbino,213.864166666124,1.82475308641667,2.50567901234998,1346.7140740719,-3.01580246913333,-4.60506172839998
IT61041,Italy,IT,ITI,ITI3,ITI31,Pesaro e Urbino,213.864166666124,1.82475308641667,2.50567901234998,1346.7140740719,-3.01580246913333,-4.60506172839998
IT61042,Italy,IT,ITI,ITI3,ITI31,Pesaro e Urbino,213.864166666124,1.82475308641667,2.50567901234998,1346.7140740719,-3.01580246913333,-4.60506172839998
IT61043,Italy,IT,ITI,ITI3,ITI31,Pesaro e Urbino,213.864166666124,1.82475308641667,2.50567901234998,1346.7140740719,-3.01580246913333,-4.60506172839998
IT61044,Italy,IT,ITI,ITI3,ITI31,Pesaro e Urbino,213.864166666124,1.82475308641667,2.50567901234998,1346.7140740719,-3.01580246913333,-4.60506172839998
IT61045,Italy,IT,ITI,ITI3,ITI31,Pesaro e Urbino,213.864166666124,1.82475308641667,2.50567901234998,1346.7140740719,-3.01580246913333,-4.60506172839998
IT61046,Italy,IT,ITI,ITI3,ITI31,Pesaro e Urbino,213.864166666124,1.82475308641667,2.50567901234998,1346.7140740719,-3.01580246913333,-4.60506172839998
IT61047,Italy,IT,ITI,ITI3,ITI31,Pesaro e Urbino,213.864166666124,1.82475308641667,2.50567901234998,1346.7140740719,-3.01580246913333,-4.60506172839998
IT61048,Italy,IT,ITI,ITI3,ITI31,Pesaro e Urbino,213.864166666124,1.82475308641667,2.50567901234998,1346.7140740719,-3.01580246913333,-4.60506172839998
IT61049,Italy,IT,ITI,ITI3,ITI31,Pesaro e Urbino,213.864166666124,1.82475308641667,2.50567901234998,1346.7140740719,-3.01580246913333,-4.60506172839998
IT61100,Italy,IT,ITI,ITI3,ITI31,Pesaro e Urbino,213.864166666124,1.82475308641667,2.50567901234998,1346.7140740719,-3.01580246913333,-4.60506172839998
IT53011,Italy,IT,ITI,ITI1,ITI19,Siena,240.591363636,1.95666666666667,2.65079545454998,1242.99471591373,-2.85003787878332,-4.38022727273332
IT53012,Italy,IT,ITI,ITI1,ITI19,Siena,240.591363636,1.95666666666667,2.65079545454998,1242.99471591373,-2.85003787878332,-4.38022727273332
IT53013,Italy,IT,ITI,ITI1,ITI19,Siena,240.591363636,1.95666666666667,2.65079545454998,1242.99471591373,-2.85003787878332,-4.38022727273332
IT53014,Italy,IT,ITI,ITI1,ITI19,Siena,240.591363636,1.95666666666667,2.65079545454998,1242.99471591373,-2.85003787878332,-4.38022727273332
IT53015,Italy,IT,ITI,ITI1,ITI19,Siena,240.591363636,1.95666666666667,2.65079545454998,1242.99471591373,-2.85003787878332,-4.38022727273332
IT53016,Italy,IT,ITI,ITI1,ITI19,Siena,240.591363636,1.95666666666667,2.65079545454998,1242.99471591373,-2.85003787878332,-4.38022727273332
IT53017,Italy,IT,ITI,ITI1,ITI19,Siena,240.591363636,1.95666666666667,2.65079545454998,1242.99471591373,-2.85003787878332,-4.38022727273332
IT53018,Italy,IT,ITI,ITI1,ITI19,Siena,240.591363636,1.95666666666667,2.65079545454998,1242.99471591373,-2.85003787878332,-4.38022727273332
IT53019,Italy,IT,ITI,ITI1,ITI19,Siena,240.591363636,1.95666666666667,2.65079545454998,1242.99471591373,-2.85003787878332,-4.38022727273332
IT53020,Italy,IT,ITI,ITI1,ITI19,Siena,240.591363636,1.95666666666667,2.65079545454998,1242.99471591373,-2.85003787878332,-4.38022727273332
IT53021,Italy,IT,ITI,ITI1,ITI19,Siena,240.591363636,1.95666666666667,2.65079545454998,1242.99471591373,-2.85003787878332,-4.38022727273332
IT53022,Italy,IT,ITI,ITI1,ITI19,Siena,240.591363636,1.95666666666667,2.65079545454998,1242.99471591373,-2.85003787878332,-4.38022727273332
IT53023,Italy,IT,ITI,ITI1,ITI19,Siena,240.591363636,1.95666666666667,2.65079545454998,1242.99471591373,-2.85003787878332,-4.38022727273332
IT53024,Italy,IT,ITI,ITI1,ITI19,Siena,240.591363636,1.95666666666667,2.65079545454998,1242.99471591373,-2.85003787878332,-4.38022727273332
IT53025,Italy,IT,ITI,ITI1,ITI19,Siena,240.591363636,1.95666666666667,2.65079545454998,1242.99471591373,-2.85003787878332,-4.38022727273332
IT53026,Italy,IT,ITI,ITI1,ITI19,Siena,240.591363636,1.95666666666667,2.65079545454998,1242.99471591373,-2.85003787878332,-4.38022727273332
IT53027,Italy,IT,ITI,ITI1,ITI19,Siena,240.591363636,1.95666666666667,2.65079545454998,1242.99471591373,-2.85003787878332,-4.38022727273332
IT53030,Italy,IT,ITI,ITI1,ITI19,Siena,240.591363636,1.95666666666667,2.65079545454998,1242.99471591373,-2.85003787878332,-4.38022727273332
IT53031,Italy,IT,ITI,ITI1,ITI19,Siena,240.591363636,1.95666666666667,2.65079545454998,1242.99471591373,-2.85003787878332,-4.38022727273332
IT53034,Italy,IT,ITI,ITI1,ITI19,Siena,240.591363636,1.95666666666667,2.65079545454998,1242.99471591373,-2.85003787878332,-4.38022727273332
IT53035,Italy,IT,ITI,ITI1,ITI19,Siena,240.591363636,1.95666666666667,2.65079545454998,1242.99471591373,-2.85003787878332,-4.38022727273332
IT53036,Italy,IT,ITI,ITI1,ITI19,Siena,240.591363636,1.95666666666667,2.65079545454998,1242.99471591373,-2.85003787878332,-4.38022727273332
IT53037,Italy,IT,ITI,ITI1,ITI19,Siena,240.591363636,1.95666666666667,2.65079545454998,1242.99471591373,-2.85003787878332,-4.38022727273332
IT53040,Italy,IT,ITI,ITI1,ITI19,Siena,240.591363636,1.95666666666667,2.65079545454998,1242.99471591373,-2.85003787878332,-4.38022727273332
IT53041,Italy,IT,ITI,ITI1,ITI19,Siena,240.591363636,1.95666666666667,2.65079545454998,1242.99471591373,-2.85003787878332,-4.38022727273332
IT53042,Italy,IT,ITI,ITI1,ITI19,Siena,240.591363636,1.95666666666667,2.65079545454998,1242.99471591373,-2.85003787878332,-4.38022727273332
IT53043,Italy,IT,ITI,ITI1,ITI19,Siena,240.591363636,1.95666666666667,2.65079545454998,1242.99471591373,-2.85003787878332,-4.38022727273332
IT53045,Italy,IT,ITI,ITI1,ITI19,Siena,240.591363636,1.95666666666667,2.65079545454998,1242.99471591373,-2.85003787878332,-4.38022727273332
IT53047,Italy,IT,ITI,ITI1,ITI19,Siena,240.591363636,1.95666666666667,2.65079545454998,1242.99471591373,-2.85003787878332,-4.38022727273332
IT53048,Italy,IT,ITI,ITI1,ITI19,Siena,240.591363636,1.95666666666667,2.65079545454998,1242.99471591373,-2.85003787878332,-4.38022727273332
IT53049,Italy,IT,ITI,ITI1,ITI19,Siena,240.591363636,1.95666666666667,2.65079545454998,1242.99471591373,-2.85003787878332,-4.38022727273332
IT53100,Italy,IT,ITI,ITI1,ITI19,Siena,240.591363636,1.95666666666667,2.65079545454998,1242.99471591373,-2.85003787878332,-4.38022727273332
IT58010,Italy,IT,ITI,ITI1,ITI1A,Grosseto,271.258563830275,2.13109929078333,2.89312056738333,1075.92829786945,-2.80553191489998,-4.35659574468333
IT58011,Italy,IT,ITI,ITI1,ITI1A,Grosseto,271.258563830275,2.13109929078333,2.89312056738333,1075.92829786945,-2.80553191489998,-4.35659574468333
IT58012,Italy,IT,ITI,ITI1,ITI1A,Grosseto,271.258563830275,2.13109929078333,2.89312056738333,1075.92829786945,-2.80553191489998,-4.35659574468333
IT58014,Italy,IT,ITI,ITI1,ITI1A,Grosseto,271.258563830275,2.13109929078333,2.89312056738333,1075.92829786945,-2.80553191489998,-4.35659574468333
IT58015,Italy,IT,ITI,ITI1,ITI1A,Grosseto,271.258563830275,2.13109929078333,2.89312056738333,1075.92829786945,-2.80553191489998,-4.35659574468333
IT58017,Italy,IT,ITI,ITI1,ITI1A,Grosseto,271.258563830275,2.13109929078333,2.89312056738333,1075.92829786945,-2.80553191489998,-4.35659574468333
IT58018,Italy,IT,ITI,ITI1,ITI1A,Grosseto,271.258563830275,2.13109929078333,2.89312056738333,1075.92829786945,-2.80553191489998,-4.35659574468333
IT58019,Italy,IT,ITI,ITI1,ITI1A,Grosseto,271.258563830275,2.13109929078333,2.89312056738333,1075.92829786945,-2.80553191489998,-4.35659574468333
IT58020,Italy,IT,ITI,ITI1,ITI1A,Grosseto,271.258563830275,2.13109929078333,2.89312056738333,1075.92829786945,-2.80553191489998,-4.35659574468333
IT58022,Italy,IT,ITI,ITI1,ITI1A,Grosseto,271.258563830275,2.13109929078333,2.89312056738333,1075.92829786945,-2.80553191489998,-4.35659574468333
IT58023,Italy,IT,ITI,ITI1,ITI1A,Grosseto,271.258563830275,2.13109929078333,2.89312056738333,1075.92829786945,-2.80553191489998,-4.35659574468333
IT58024,Italy,IT,ITI,ITI1,ITI1A,Grosseto,271.258563830275,2.13109929078333,2.89312056738333,1075.92829786945,-2.80553191489998,-4.35659574468333
IT58025,Italy,IT,ITI,ITI1,ITI1A,Grosseto,271.258563830275,2.13109929078333,2.89312056738333,1075.92829786945,-2.80553191489998,-4.35659574468333
IT58026,Italy,IT,ITI,ITI1,ITI1A,Grosseto,271.258563830275,2.13109929078333,2.89312056738333,1075.92829786945,-2.80553191489998,-4.35659574468333
IT58027,Italy,IT,ITI,ITI1,ITI1A,Grosseto,271.258563830275,2.13109929078333,2.89312056738333,1075.92829786945,-2.80553191489998,-4.35659574468333
IT58031,Italy,IT,ITI,ITI1,ITI1A,Grosseto,271.258563830275,2.13109929078333,2.89312056738333,1075.92829786945,-2.80553191489998,-4.35659574468333
IT58033,Italy,IT,ITI,ITI1,ITI1A,Grosseto,271.258563830275,2.13109929078333,2.89312056738333,1075.92829786945,-2.80553191489998,-4.35659574468333
IT58034,Italy,IT,ITI,ITI1,ITI1A,Grosseto,271.258563830275,2.13109929078333,2.89312056738333,1075.92829786945,-2.80553191489998,-4.35659574468333
IT58036,Italy,IT,ITI,ITI1,ITI1A,Grosseto,271.258563830275,2.13109929078333,2.89312056738333,1075.92829786945,-2.80553191489998,-4.35659574468333
IT58037,Italy,IT,ITI,ITI1,ITI1A,Grosseto,271.258563830275,2.13109929078333,2.89312056738333,1075.92829786945,-2.80553191489998,-4.35659574468333
IT58038,Italy,IT,ITI,ITI1,ITI1A,Grosseto,271.258563830275,2.13109929078333,2.89312056738333,1075.92829786945,-2.80553191489998,-4.35659574468333
IT58042,Italy,IT,ITI,ITI1,ITI1A,Grosseto,271.258563830275,2.13109929078333,2.89312056738333,1075.92829786945,-2.80553191489998,-4.35659574468333
IT58043,Italy,IT,ITI,ITI1,ITI1A,Grosseto,271.258563830275,2.13109929078333,2.89312056738333,1075.92829786945,-2.80553191489998,-4.35659574468333
IT58044,Italy,IT,ITI,ITI1,ITI1A,Grosseto,271.258563830275,2.13109929078333,2.89312056738333,1075.92829786945,-2.80553191489998,-4.35659574468333
IT58045,Italy,IT,ITI,ITI1,ITI1A,Grosseto,271.258563830275,2.13109929078333,2.89312056738333,1075.92829786945,-2.80553191489998,-4.35659574468333
IT58051,Italy,IT,ITI,ITI1,ITI1A,Grosseto,271.258563830275,2.13109929078333,2.89312056738333,1075.92829786945,-2.80553191489998,-4.35659574468333
IT58053,Italy,IT,ITI,ITI1,ITI1A,Grosseto,271.258563830275,2.13109929078333,2.89312056738333,1075.92829786945,-2.80553191489998,-4.35659574468333
IT58054,Italy,IT,ITI,ITI1,ITI1A,Grosseto,271.258563830275,2.13109929078333,2.89312056738333,1075.92829786945,-2.80553191489998,-4.35659574468333
IT58055,Italy,IT,ITI,ITI1,ITI1A,Grosseto,271.258563830275,2.13109929078333,2.89312056738333,1075.92829786945,-2.80553191489998,-4.35659574468333
IT58100,Italy,IT,ITI,ITI1,ITI1A,Grosseto,271.258563830275,2.13109929078333,2.89312056738333,1075.92829786945,-2.80553191489998,-4.35659574468333
IT63811,Italy,IT,ITI,ITI3,ITI35,Fermo,209.621249999999,1.62416666666667,2.25875,1283.83187499999,-3.01374999999998,-4.65124999999998
IT63812,Italy,IT,ITI,ITI3,ITI35,Fermo,209.621249999999,1.62416666666667,2.25875,1283.83187499999,-3.01374999999998,-4.65124999999998
IT63813,Italy,IT,ITI,ITI3,ITI35,Fermo,209.621249999999,1.62416666666667,2.25875,1283.83187499999,-3.01374999999998,-4.65124999999998
IT63814,Italy,IT,ITI,ITI3,ITI35,Fermo,209.621249999999,1.62416666666667,2.25875,1283.83187499999,-3.01374999999998,-4.65124999999998
IT63815,Italy,IT,ITI,ITI3,ITI35,Fermo,209.621249999999,1.62416666666667,2.25875,1283.83187499999,-3.01374999999998,-4.65124999999998
IT63816,Italy,IT,ITI,ITI3,ITI35,Fermo,209.621249999999,1.62416666666667,2.25875,1283.83187499999,-3.01374999999998,-4.65124999999998
IT63821,Italy,IT,ITI,ITI3,ITI35,Fermo,209.621249999999,1.62416666666667,2.25875,1283.83187499999,-3.01374999999998,-4.65124999999998
IT63822,Italy,IT,ITI,ITI3,ITI35,Fermo,209.621249999999,1.62416666666667,2.25875,1283.83187499999,-3.01374999999998,-4.65124999999998
IT63823,Italy,IT,ITI,ITI3,ITI35,Fermo,209.621249999999,1.62416666666667,2.25875,1283.83187499999,-3.01374999999998,-4.65124999999998
IT63824,Italy,IT,ITI,ITI3,ITI35,Fermo,209.621249999999,1.62416666666667,2.25875,1283.83187499999,-3.01374999999998,-4.65124999999998
IT63825,Italy,IT,ITI,ITI3,ITI35,Fermo,209.621249999999,1.62416666666667,2.25875,1283.83187499999,-3.01374999999998,-4.65124999999998
IT63826,Italy,IT,ITI,ITI3,ITI35,Fermo,209.621249999999,1.62416666666667,2.25875,1283.83187499999,-3.01374999999998,-4.65124999999998
IT63827,Italy,IT,ITI,ITI3,ITI35,Fermo,209.621249999999,1.62416666666667,2.25875,1283.83187499999,-3.01374999999998,-4.65124999999998
IT63828,Italy,IT,ITI,ITI3,ITI35,Fermo,209.621249999999,1.62416666666667,2.25875,1283.83187499999,-3.01374999999998,-4.65124999999998
IT63831,Italy,IT,ITI,ITI3,ITI35,Fermo,209.621249999999,1.62416666666667,2.25875,1283.83187499999,-3.01374999999998,-4.65124999999998
IT63832,Italy,IT,ITI,ITI3,ITI35,Fermo,209.621249999999,1.62416666666667,2.25875,1283.83187499999,-3.01374999999998,-4.65124999999998
IT63833,Italy,IT,ITI,ITI3,ITI35,Fermo,209.621249999999,1.62416666666667,2.25875,1283.83187499999,-3.01374999999998,-4.65124999999998
IT63834,Italy,IT,ITI,ITI3,ITI35,Fermo,209.621249999999,1.62416666666667,2.25875,1283.83187499999,-3.01374999999998,-4.65124999999998
IT63835,Italy,IT,ITI,ITI3,ITI35,Fermo,209.621249999999,1.62416666666667,2.25875,1283.83187499999,-3.01374999999998,-4.65124999999998
IT63836,Italy,IT,ITI,ITI3,ITI35,Fermo,209.621249999999,1.62416666666667,2.25875,1283.83187499999,-3.01374999999998,-4.65124999999998
IT63837,Italy,IT,ITI,ITI3,ITI35,Fermo,209.621249999999,1.62416666666667,2.25875,1283.83187499999,-3.01374999999998,-4.65124999999998
IT63838,Italy,IT,ITI,ITI3,ITI35,Fermo,209.621249999999,1.62416666666667,2.25875,1283.83187499999,-3.01374999999998,-4.65124999999998
IT63839,Italy,IT,ITI,ITI3,ITI35,Fermo,209.621249999999,1.62416666666667,2.25875,1283.83187499999,-3.01374999999998,-4.65124999999998
IT63841,Italy,IT,ITI,ITI3,ITI35,Fermo,209.621249999999,1.62416666666667,2.25875,1283.83187499999,-3.01374999999998,-4.65124999999998
IT63842,Italy,IT,ITI,ITI3,ITI35,Fermo,209.621249999999,1.62416666666667,2.25875,1283.83187499999,-3.01374999999998,-4.65124999999998
IT63843,Italy,IT,ITI,ITI3,ITI35,Fermo,209.621249999999,1.62416666666667,2.25875,1283.83187499999,-3.01374999999998,-4.65124999999998
IT63844,Italy,IT,ITI,ITI3,ITI35,Fermo,209.621249999999,1.62416666666667,2.25875,1283.83187499999,-3.01374999999998,-4.65124999999998
IT63845,Italy,IT,ITI,ITI3,ITI35,Fermo,209.621249999999,1.62416666666667,2.25875,1283.83187499999,-3.01374999999998,-4.65124999999998
IT63846,Italy,IT,ITI,ITI3,ITI35,Fermo,209.621249999999,1.62416666666667,2.25875,1283.83187499999,-3.01374999999998,-4.65124999999998
IT63847,Italy,IT,ITI,ITI3,ITI35,Fermo,209.621249999999,1.62416666666667,2.25875,1283.83187499999,-3.01374999999998,-4.65124999999998
IT63848,Italy,IT,ITI,ITI3,ITI35,Fermo,209.621249999999,1.62416666666667,2.25875,1283.83187499999,-3.01374999999998,-4.65124999999998
IT63851,Italy,IT,ITI,ITI3,ITI35,Fermo,209.621249999999,1.62416666666667,2.25875,1283.83187499999,-3.01374999999998,-4.65124999999998
IT63852,Italy,IT,ITI,ITI3,ITI35,Fermo,209.621249999999,1.62416666666667,2.25875,1283.83187499999,-3.01374999999998,-4.65124999999998
IT63853,Italy,IT,ITI,ITI3,ITI35,Fermo,209.621249999999,1.62416666666667,2.25875,1283.83187499999,-3.01374999999998,-4.65124999999998
IT63854,Italy,IT,ITI,ITI3,ITI35,Fermo,209.621249999999,1.62416666666667,2.25875,1283.83187499999,-3.01374999999998,-4.65124999999998
IT63855,Italy,IT,ITI,ITI3,ITI35,Fermo,209.621249999999,1.62416666666667,2.25875,1283.83187499999,-3.01374999999998,-4.65124999999998
IT63856,Italy,IT,ITI,ITI3,ITI35,Fermo,209.621249999999,1.62416666666667,2.25875,1283.83187499999,-3.01374999999998,-4.65124999999998
IT63857,Italy,IT,ITI,ITI3,ITI35,Fermo,209.621249999999,1.62416666666667,2.25875,1283.83187499999,-3.01374999999998,-4.65124999999998
IT63858,Italy,IT,ITI,ITI3,ITI35,Fermo,209.621249999999,1.62416666666667,2.25875,1283.83187499999,-3.01374999999998,-4.65124999999998
IT40010,Italy,IT,ITH,ITH5,ITH55,Bologna,284.502151162725,2.06701550388333,2.80740310078332,1508.3194767445,-2.928875969,-4.39697674418332
IT40011,Italy,IT,ITH,ITH5,ITH55,Bologna,284.502151162725,2.06701550388333,2.80740310078332,1508.3194767445,-2.928875969,-4.39697674418332
IT40012,Italy,IT,ITH,ITH5,ITH55,Bologna,284.502151162725,2.06701550388333,2.80740310078332,1508.3194767445,-2.928875969,-4.39697674418332
IT40013,Italy,IT,ITH,ITH5,ITH55,Bologna,284.502151162725,2.06701550388333,2.80740310078332,1508.3194767445,-2.928875969,-4.39697674418332
IT40014,Italy,IT,ITH,ITH5,ITH55,Bologna,284.502151162725,2.06701550388333,2.80740310078332,1508.3194767445,-2.928875969,-4.39697674418332
IT40015,Italy,IT,ITH,ITH5,ITH55,Bologna,284.502151162725,2.06701550388333,2.80740310078332,1508.3194767445,-2.928875969,-4.39697674418332
IT40016,Italy,IT,ITH,ITH5,ITH55,Bologna,284.502151162725,2.06701550388333,2.80740310078332,1508.3194767445,-2.928875969,-4.39697674418332
IT40017,Italy,IT,ITH,ITH5,ITH55,Bologna,284.502151162725,2.06701550388333,2.80740310078332,1508.3194767445,-2.928875969,-4.39697674418332
IT40018,Italy,IT,ITH,ITH5,ITH55,Bologna,284.502151162725,2.06701550388333,2.80740310078332,1508.3194767445,-2.928875969,-4.39697674418332
IT40019,Italy,IT,ITH,ITH5,ITH55,Bologna,284.502151162725,2.06701550388333,2.80740310078332,1508.3194767445,-2.928875969,-4.39697674418332
IT40020,Italy,IT,ITH,ITH5,ITH55,Bologna,284.502151162725,2.06701550388333,2.80740310078332,1508.3194767445,-2.928875969,-4.39697674418332
IT40021,Italy,IT,ITH,ITH5,ITH55,Bologna,284.502151162725,2.06701550388333,2.80740310078332,1508.3194767445,-2.928875969,-4.39697674418332
IT40022,Italy,IT,ITH,ITH5,ITH55,Bologna,284.502151162725,2.06701550388333,2.80740310078332,1508.3194767445,-2.928875969,-4.39697674418332
IT40023,Italy,IT,ITH,ITH5,ITH55,Bologna,284.502151162725,2.06701550388333,2.80740310078332,1508.3194767445,-2.928875969,-4.39697674418332
IT40024,Italy,IT,ITH,ITH5,ITH55,Bologna,284.502151162725,2.06701550388333,2.80740310078332,1508.3194767445,-2.928875969,-4.39697674418332
IT40025,Italy,IT,ITH,ITH5,ITH55,Bologna,284.502151162725,2.06701550388333,2.80740310078332,1508.3194767445,-2.928875969,-4.39697674418332
IT40026,Italy,IT,ITH,ITH5,ITH55,Bologna,284.502151162725,2.06701550388333,2.80740310078332,1508.3194767445,-2.928875969,-4.39697674418332
IT40027,Italy,IT,ITH,ITH5,ITH55,Bologna,284.502151162725,2.06701550388333,2.80740310078332,1508.3194767445,-2.928875969,-4.39697674418332
IT40030,Italy,IT,ITH,ITH5,ITH55,Bologna,284.502151162725,2.06701550388333,2.80740310078332,1508.3194767445,-2.928875969,-4.39697674418332
IT40032,Italy,IT,ITH,ITH5,ITH55,Bologna,284.502151162725,2.06701550388333,2.80740310078332,1508.3194767445,-2.928875969,-4.39697674418332
IT40033,Italy,IT,ITH,ITH5,ITH55,Bologna,284.502151162725,2.06701550388333,2.80740310078332,1508.3194767445,-2.928875969,-4.39697674418332
IT40034,Italy,IT,ITH,ITH5,ITH55,Bologna,284.502151162725,2.06701550388333,2.80740310078332,1508.3194767445,-2.928875969,-4.39697674418332
IT40035,Italy,IT,ITH,ITH5,ITH55,Bologna,284.502151162725,2.06701550388333,2.80740310078332,1508.3194767445,-2.928875969,-4.39697674418332
IT40036,Italy,IT,ITH,ITH5,ITH55,Bologna,284.502151162725,2.06701550388333,2.80740310078332,1508.3194767445,-2.928875969,-4.39697674418332
IT40037,Italy,IT,ITH,ITH5,ITH55,Bologna,284.502151162725,2.06701550388333,2.80740310078332,1508.3194767445,-2.928875969,-4.39697674418332
IT40038,Italy,IT,ITH,ITH5,ITH55,Bologna,284.502151162725,2.06701550388333,2.80740310078332,1508.3194767445,-2.928875969,-4.39697674418332
IT40041,Italy,IT,ITH,ITH5,ITH55,Bologna,284.502151162725,2.06701550388333,2.80740310078332,1508.3194767445,-2.928875969,-4.39697674418332
IT40042,Italy,IT,ITH,ITH5,ITH55,Bologna,284.502151162725,2.06701550388333,2.80740310078332,1508.3194767445,-2.928875969,-4.39697674418332
IT40043,Italy,IT,ITH,ITH5,ITH55,Bologna,284.502151162725,2.06701550388333,2.80740310078332,1508.3194767445,-2.928875969,-4.39697674418332
IT40046,Italy,IT,ITH,ITH5,ITH55,Bologna,284.502151162725,2.06701550388333,2.80740310078332,1508.3194767445,-2.928875969,-4.39697674418332
IT40048,Italy,IT,ITH,ITH5,ITH55,Bologna,284.502151162725,2.06701550388333,2.80740310078332,1508.3194767445,-2.928875969,-4.39697674418332
IT40050,Italy,IT,ITH,ITH5,ITH55,Bologna,284.502151162725,2.06701550388333,2.80740310078332,1508.3194767445,-2.928875969,-4.39697674418332
IT40051,Italy,IT,ITH,ITH5,ITH55,Bologna,284.502151162725,2.06701550388333,2.80740310078332,1508.3194767445,-2.928875969,-4.39697674418332
IT40052,Italy,IT,ITH,ITH5,ITH55,Bologna,284.502151162725,2.06701550388333,2.80740310078332,1508.3194767445,-2.928875969,-4.39697674418332
IT40053,Italy,IT,ITH,ITH5,ITH55,Bologna,284.502151162725,2.06701550388333,2.80740310078332,1508.3194767445,-2.928875969,-4.39697674418332
IT40054,Italy,IT,ITH,ITH5,ITH55,Bologna,284.502151162725,2.06701550388333,2.80740310078332,1508.3194767445,-2.928875969,-4.39697674418332
IT40055,Italy,IT,ITH,ITH5,ITH55,Bologna,284.502151162725,2.06701550388333,2.80740310078332,1508.3194767445,-2.928875969,-4.39697674418332
IT40056,Italy,IT,ITH,ITH5,ITH55,Bologna,284.502151162725,2.06701550388333,2.80740310078332,1508.3194767445,-2.928875969,-4.39697674418332
IT40057,Italy,IT,ITH,ITH5,ITH55,Bologna,284.502151162725,2.06701550388333,2.80740310078332,1508.3194767445,-2.928875969,-4.39697674418332
IT40059,Italy,IT,ITH,ITH5,ITH55,Bologna,284.502151162725,2.06701550388333,2.80740310078332,1508.3194767445,-2.928875969,-4.39697674418332
IT40060,Italy,IT,ITH,ITH5,ITH55,Bologna,284.502151162725,2.06701550388333,2.80740310078332,1508.3194767445,-2.928875969,-4.39697674418332
IT40061,Italy,IT,ITH,ITH5,ITH55,Bologna,284.502151162725,2.06701550388333,2.80740310078332,1508.3194767445,-2.928875969,-4.39697674418332
IT40062,Italy,IT,ITH,ITH5,ITH55,Bologna,284.502151162725,2.06701550388333,2.80740310078332,1508.3194767445,-2.928875969,-4.39697674418332
IT40063,Italy,IT,ITH,ITH5,ITH55,Bologna,284.502151162725,2.06701550388333,2.80740310078332,1508.3194767445,-2.928875969,-4.39697674418332
IT40064,Italy,IT,ITH,ITH5,ITH55,Bologna,284.502151162725,2.06701550388333,2.80740310078332,1508.3194767445,-2.928875969,-4.39697674418332
IT40065,Italy,IT,ITH,ITH5,ITH55,Bologna,284.502151162725,2.06701550388333,2.80740310078332,1508.3194767445,-2.928875969,-4.39697674418332
IT40066,Italy,IT,ITH,ITH5,ITH55,Bologna,284.502151162725,2.06701550388333,2.80740310078332,1508.3194767445,-2.928875969,-4.39697674418332
IT40067,Italy,IT,ITH,ITH5,ITH55,Bologna,284.502151162725,2.06701550388333,2.80740310078332,1508.3194767445,-2.928875969,-4.39697674418332
IT40068,Italy,IT,ITH,ITH5,ITH55,Bologna,284.502151162725,2.06701550388333,2.80740310078332,1508.3194767445,-2.928875969,-4.39697674418332
IT40069,Italy,IT,ITH,ITH5,ITH55,Bologna,284.502151162725,2.06701550388333,2.80740310078332,1508.3194767445,-2.928875969,-4.39697674418332
IT40100,Italy,IT,ITH,ITH5,ITH55,Bologna,284.502151162725,2.06701550388333,2.80740310078332,1508.3194767445,-2.928875969,-4.39697674418332
IT40121,Italy,IT,ITH,ITH5,ITH55,Bologna,284.502151162725,2.06701550388333,2.80740310078332,1508.3194767445,-2.928875969,-4.39697674418332
IT40122,Italy,IT,ITH,ITH5,ITH55,Bologna,284.502151162725,2.06701550388333,2.80740310078332,1508.3194767445,-2.928875969,-4.39697674418332
IT40123,Italy,IT,ITH,ITH5,ITH55,Bologna,284.502151162725,2.06701550388333,2.80740310078332,1508.3194767445,-2.928875969,-4.39697674418332
IT40124,Italy,IT,ITH,ITH5,ITH55,Bologna,284.502151162725,2.06701550388333,2.80740310078332,1508.3194767445,-2.928875969,-4.39697674418332
IT40125,Italy,IT,ITH,ITH5,ITH55,Bologna,284.502151162725,2.06701550388333,2.80740310078332,1508.3194767445,-2.928875969,-4.39697674418332
IT40126,Italy,IT,ITH,ITH5,ITH55,Bologna,284.502151162725,2.06701550388333,2.80740310078332,1508.3194767445,-2.928875969,-4.39697674418332
IT40127,Italy,IT,ITH,ITH5,ITH55,Bologna,284.502151162725,2.06701550388333,2.80740310078332,1508.3194767445,-2.928875969,-4.39697674418332
IT40128,Italy,IT,ITH,ITH5,ITH55,Bologna,284.502151162725,2.06701550388333,2.80740310078332,1508.3194767445,-2.928875969,-4.39697674418332
IT40129,Italy,IT,ITH,ITH5,ITH55,Bologna,284.502151162725,2.06701550388333,2.80740310078332,1508.3194767445,-2.928875969,-4.39697674418332
IT40131,Italy,IT,ITH,ITH5,ITH55,Bologna,284.502151162725,2.06701550388333,2.80740310078332,1508.3194767445,-2.928875969,-4.39697674418332
IT40132,Italy,IT,ITH,ITH5,ITH55,Bologna,284.502151162725,2.06701550388333,2.80740310078332,1508.3194767445,-2.928875969,-4.39697674418332
IT40133,Italy,IT,ITH,ITH5,ITH55,Bologna,284.502151162725,2.06701550388333,2.80740310078332,1508.3194767445,-2.928875969,-4.39697674418332
IT40134,Italy,IT,ITH,ITH5,ITH55,Bologna,284.502151162725,2.06701550388333,2.80740310078332,1508.3194767445,-2.928875969,-4.39697674418332
IT40135,Italy,IT,ITH,ITH5,ITH55,Bologna,284.502151162725,2.06701550388333,2.80740310078332,1508.3194767445,-2.928875969,-4.39697674418332
IT40136,Italy,IT,ITH,ITH5,ITH55,Bologna,284.502151162725,2.06701550388333,2.80740310078332,1508.3194767445,-2.928875969,-4.39697674418332
IT40137,Italy,IT,ITH,ITH5,ITH55,Bologna,284.502151162725,2.06701550388333,2.80740310078332,1508.3194767445,-2.928875969,-4.39697674418332
IT40138,Italy,IT,ITH,ITH5,ITH55,Bologna,284.502151162725,2.06701550388333,2.80740310078332,1508.3194767445,-2.928875969,-4.39697674418332
IT40139,Italy,IT,ITH,ITH5,ITH55,Bologna,284.502151162725,2.06701550388333,2.80740310078332,1508.3194767445,-2.928875969,-4.39697674418332
IT40141,Italy,IT,ITH,ITH5,ITH55,Bologna,284.502151162725,2.06701550388333,2.80740310078332,1508.3194767445,-2.928875969,-4.39697674418332
IT50010,Italy,IT,ITI,ITI1,ITI14,Firenze,234.5037804877,1.9062601626,2.59020325203333,1378.21207317325,-2.89731707316665,-4.42113821138333
IT50012,Italy,IT,ITI,ITI1,ITI14,Firenze,234.5037804877,1.9062601626,2.59020325203333,1378.21207317325,-2.89731707316665,-4.42113821138333
IT50013,Italy,IT,ITI,ITI1,ITI14,Firenze,234.5037804877,1.9062601626,2.59020325203333,1378.21207317325,-2.89731707316665,-4.42113821138333
IT50014,Italy,IT,ITI,ITI1,ITI14,Firenze,234.5037804877,1.9062601626,2.59020325203333,1378.21207317325,-2.89731707316665,-4.42113821138333
IT50018,Italy,IT,ITI,ITI1,ITI14,Firenze,234.5037804877,1.9062601626,2.59020325203333,1378.21207317325,-2.89731707316665,-4.42113821138333
IT50019,Italy,IT,ITI,ITI1,ITI14,Firenze,234.5037804877,1.9062601626,2.59020325203333,1378.21207317325,-2.89731707316665,-4.42113821138333
IT50020,Italy,IT,ITI,ITI1,ITI14,Firenze,234.5037804877,1.9062601626,2.59020325203333,1378.21207317325,-2.89731707316665,-4.42113821138333
IT50021,Italy,IT,ITI,ITI1,ITI14,Firenze,234.5037804877,1.9062601626,2.59020325203333,1378.21207317325,-2.89731707316665,-4.42113821138333
IT50022,Italy,IT,ITI,ITI1,ITI14,Firenze,234.5037804877,1.9062601626,2.59020325203333,1378.21207317325,-2.89731707316665,-4.42113821138333
IT50023,Italy,IT,ITI,ITI1,ITI14,Firenze,234.5037804877,1.9062601626,2.59020325203333,1378.21207317325,-2.89731707316665,-4.42113821138333
IT50025,Italy,IT,ITI,ITI1,ITI14,Firenze,234.5037804877,1.9062601626,2.59020325203333,1378.21207317325,-2.89731707316665,-4.42113821138333
IT50026,Italy,IT,ITI,ITI1,ITI14,Firenze,234.5037804877,1.9062601626,2.59020325203333,1378.21207317325,-2.89731707316665,-4.42113821138333
IT50027,Italy,IT,ITI,ITI1,ITI14,Firenze,234.5037804877,1.9062601626,2.59020325203333,1378.21207317325,-2.89731707316665,-4.42113821138333
IT50028,Italy,IT,ITI,ITI1,ITI14,Firenze,234.5037804877,1.9062601626,2.59020325203333,1378.21207317325,-2.89731707316665,-4.42113821138333
IT50031,Italy,IT,ITI,ITI1,ITI14,Firenze,234.5037804877,1.9062601626,2.59020325203333,1378.21207317325,-2.89731707316665,-4.42113821138333
IT50032,Italy,IT,ITI,ITI1,ITI14,Firenze,234.5037804877,1.9062601626,2.59020325203333,1378.21207317325,-2.89731707316665,-4.42113821138333
IT50033,Italy,IT,ITI,ITI1,ITI14,Firenze,234.5037804877,1.9062601626,2.59020325203333,1378.21207317325,-2.89731707316665,-4.42113821138333
IT50034,Italy,IT,ITI,ITI1,ITI14,Firenze,234.5037804877,1.9062601626,2.59020325203333,1378.21207317325,-2.89731707316665,-4.42113821138333
IT50035,Italy,IT,ITI,ITI1,ITI14,Firenze,234.5037804877,1.9062601626,2.59020325203333,1378.21207317325,-2.89731707316665,-4.42113821138333
IT50036,Italy,IT,ITI,ITI1,ITI14,Firenze,234.5037804877,1.9062601626,2.59020325203333,1378.21207317325,-2.89731707316665,-4.42113821138333
IT50037,Italy,IT,ITI,ITI1,ITI14,Firenze,234.5037804877,1.9062601626,2.59020325203333,1378.21207317325,-2.89731707316665,-4.42113821138333
IT50038,Italy,IT,ITI,ITI1,ITI14,Firenze,234.5037804877,1.9062601626,2.59020325203333,1378.21207317325,-2.89731707316665,-4.42113821138333
IT50039,Italy,IT,ITI,ITI1,ITI14,Firenze,234.5037804877,1.9062601626,2.59020325203333,1378.21207317325,-2.89731707316665,-4.42113821138333
IT50041,Italy,IT,ITI,ITI1,ITI14,Firenze,234.5037804877,1.9062601626,2.59020325203333,1378.21207317325,-2.89731707316665,-4.42113821138333
IT50050,Italy,IT,ITI,ITI1,ITI14,Firenze,234.5037804877,1.9062601626,2.59020325203333,1378.21207317325,-2.89731707316665,-4.42113821138333
IT50051,Italy,IT,ITI,ITI1,ITI14,Firenze,234.5037804877,1.9062601626,2.59020325203333,1378.21207317325,-2.89731707316665,-4.42113821138333
IT50052,Italy,IT,ITI,ITI1,ITI14,Firenze,234.5037804877,1.9062601626,2.59020325203333,1378.21207317325,-2.89731707316665,-4.42113821138333
IT50053,Italy,IT,ITI,ITI1,ITI14,Firenze,234.5037804877,1.9062601626,2.59020325203333,1378.21207317325,-2.89731707316665,-4.42113821138333
IT50055,Italy,IT,ITI,ITI1,ITI14,Firenze,234.5037804877,1.9062601626,2.59020325203333,1378.21207317325,-2.89731707316665,-4.42113821138333
IT50056,Italy,IT,ITI,ITI1,ITI14,Firenze,234.5037804877,1.9062601626,2.59020325203333,1378.21207317325,-2.89731707316665,-4.42113821138333
IT50058,Italy,IT,ITI,ITI1,ITI14,Firenze,234.5037804877,1.9062601626,2.59020325203333,1378.21207317325,-2.89731707316665,-4.42113821138333
IT50059,Italy,IT,ITI,ITI1,ITI14,Firenze,234.5037804877,1.9062601626,2.59020325203333,1378.21207317325,-2.89731707316665,-4.42113821138333
IT50060,Italy,IT,ITI,ITI1,ITI14,Firenze,234.5037804877,1.9062601626,2.59020325203333,1378.21207317325,-2.89731707316665,-4.42113821138333
IT50061,Italy,IT,ITI,ITI1,ITI14,Firenze,234.5037804877,1.9062601626,2.59020325203333,1378.21207317325,-2.89731707316665,-4.42113821138333
IT50062,Italy,IT,ITI,ITI1,ITI14,Firenze,234.5037804877,1.9062601626,2.59020325203333,1378.21207317325,-2.89731707316665,-4.42113821138333
IT50063,Italy,IT,ITI,ITI1,ITI14,Firenze,234.5037804877,1.9062601626,2.59020325203333,1378.21207317325,-2.89731707316665,-4.42113821138333
IT50064,Italy,IT,ITI,ITI1,ITI14,Firenze,234.5037804877,1.9062601626,2.59020325203333,1378.21207317325,-2.89731707316665,-4.42113821138333
IT50065,Italy,IT,ITI,ITI1,ITI14,Firenze,234.5037804877,1.9062601626,2.59020325203333,1378.21207317325,-2.89731707316665,-4.42113821138333
IT50066,Italy,IT,ITI,ITI1,ITI14,Firenze,234.5037804877,1.9062601626,2.59020325203333,1378.21207317325,-2.89731707316665,-4.42113821138333
IT50067,Italy,IT,ITI,ITI1,ITI14,Firenze,234.5037804877,1.9062601626,2.59020325203333,1378.21207317325,-2.89731707316665,-4.42113821138333
IT50068,Italy,IT,ITI,ITI1,ITI14,Firenze,234.5037804877,1.9062601626,2.59020325203333,1378.21207317325,-2.89731707316665,-4.42113821138333
IT50100,Italy,IT,ITI,ITI1,ITI14,Firenze,234.5037804877,1.9062601626,2.59020325203333,1378.21207317325,-2.89731707316665,-4.42113821138333
IT50121,Italy,IT,ITI,ITI1,ITI14,Firenze,234.5037804877,1.9062601626,2.59020325203333,1378.21207317325,-2.89731707316665,-4.42113821138333
IT50122,Italy,IT,ITI,ITI1,ITI14,Firenze,234.5037804877,1.9062601626,2.59020325203333,1378.21207317325,-2.89731707316665,-4.42113821138333
IT50123,Italy,IT,ITI,ITI1,ITI14,Firenze,234.5037804877,1.9062601626,2.59020325203333,1378.21207317325,-2.89731707316665,-4.42113821138333
IT50124,Italy,IT,ITI,ITI1,ITI14,Firenze,234.5037804877,1.9062601626,2.59020325203333,1378.21207317325,-2.89731707316665,-4.42113821138333
IT50125,Italy,IT,ITI,ITI1,ITI14,Firenze,234.5037804877,1.9062601626,2.59020325203333,1378.21207317325,-2.89731707316665,-4.42113821138333
IT50126,Italy,IT,ITI,ITI1,ITI14,Firenze,234.5037804877,1.9062601626,2.59020325203333,1378.21207317325,-2.89731707316665,-4.42113821138333
IT50127,Italy,IT,ITI,ITI1,ITI14,Firenze,234.5037804877,1.9062601626,2.59020325203333,1378.21207317325,-2.89731707316665,-4.42113821138333
IT50129,Italy,IT,ITI,ITI1,ITI14,Firenze,234.5037804877,1.9062601626,2.59020325203333,1378.21207317325,-2.89731707316665,-4.42113821138333
IT50131,Italy,IT,ITI,ITI1,ITI14,Firenze,234.5037804877,1.9062601626,2.59020325203333,1378.21207317325,-2.89731707316665,-4.42113821138333
IT50132,Italy,IT,ITI,ITI1,ITI14,Firenze,234.5037804877,1.9062601626,2.59020325203333,1378.21207317325,-2.89731707316665,-4.42113821138333
IT50133,Italy,IT,ITI,ITI1,ITI14,Firenze,234.5037804877,1.9062601626,2.59020325203333,1378.21207317325,-2.89731707316665,-4.42113821138333
IT50134,Italy,IT,ITI,ITI1,ITI14,Firenze,234.5037804877,1.9062601626,2.59020325203333,1378.21207317325,-2.89731707316665,-4.42113821138333
IT50135,Italy,IT,ITI,ITI1,ITI14,Firenze,234.5037804877,1.9062601626,2.59020325203333,1378.21207317325,-2.89731707316665,-4.42113821138333
IT50136,Italy,IT,ITI,ITI1,ITI14,Firenze,234.5037804877,1.9062601626,2.59020325203333,1378.21207317325,-2.89731707316665,-4.42113821138333
IT50137,Italy,IT,ITI,ITI1,ITI14,Firenze,234.5037804877,1.9062601626,2.59020325203333,1378.21207317325,-2.89731707316665,-4.42113821138333
IT50139,Italy,IT,ITI,ITI1,ITI14,Firenze,234.5037804877,1.9062601626,2.59020325203333,1378.21207317325,-2.89731707316665,-4.42113821138333
IT50141,Italy,IT,ITI,ITI1,ITI14,Firenze,234.5037804877,1.9062601626,2.59020325203333,1378.21207317325,-2.89731707316665,-4.42113821138333
IT50142,Italy,IT,ITI,ITI1,ITI14,Firenze,234.5037804877,1.9062601626,2.59020325203333,1378.21207317325,-2.89731707316665,-4.42113821138333
IT50143,Italy,IT,ITI,ITI1,ITI14,Firenze,234.5037804877,1.9062601626,2.59020325203333,1378.21207317325,-2.89731707316665,-4.42113821138333
IT50144,Italy,IT,ITI,ITI1,ITI14,Firenze,234.5037804877,1.9062601626,2.59020325203333,1378.21207317325,-2.89731707316665,-4.42113821138333
IT50145,Italy,IT,ITI,ITI1,ITI14,Firenze,234.5037804877,1.9062601626,2.59020325203333,1378.21207317325,-2.89731707316665,-4.42113821138333
IT29010,Italy,IT,ITH,ITH5,ITH51,Piacenza,186.664416666678,1.58227777777833,2.16694444445,1744.81608333323,-3.40327777778332,-4.95777777778333
IT29011,Italy,IT,ITH,ITH5,ITH51,Piacenza,186.664416666678,1.58227777777833,2.16694444445,1744.81608333323,-3.40327777778332,-4.95777777778333
IT29012,Italy,IT,ITH,ITH5,ITH51,Piacenza,186.664416666678,1.58227777777833,2.16694444445,1744.81608333323,-3.40327777778332,-4.95777777778333
IT29013,Italy,IT,ITH,ITH5,ITH51,Piacenza,186.664416666678,1.58227777777833,2.16694444445,1744.81608333323,-3.40327777778332,-4.95777777778333
IT29014,Italy,IT,ITH,ITH5,ITH51,Piacenza,186.664416666678,1.58227777777833,2.16694444445,1744.81608333323,-3.40327777778332,-4.95777777778333
IT29015,Italy,IT,ITH,ITH5,ITH51,Piacenza,186.664416666678,1.58227777777833,2.16694444445,1744.81608333323,-3.40327777778332,-4.95777777778333
IT29016,Italy,IT,ITH,ITH5,ITH51,Piacenza,186.664416666678,1.58227777777833,2.16694444445,1744.81608333323,-3.40327777778332,-4.95777777778333
IT29017,Italy,IT,ITH,ITH5,ITH51,Piacenza,186.664416666678,1.58227777777833,2.16694444445,1744.81608333323,-3.40327777778332,-4.95777777778333
IT29018,Italy,IT,ITH,ITH5,ITH51,Piacenza,186.664416666678,1.58227777777833,2.16694444445,1744.81608333323,-3.40327777778332,-4.95777777778333
IT29019,Italy,IT,ITH,ITH5,ITH51,Piacenza,186.664416666678,1.58227777777833,2.16694444445,1744.81608333323,-3.40327777778332,-4.95777777778333
IT29020,Italy,IT,ITH,ITH5,ITH51,Piacenza,186.664416666678,1.58227777777833,2.16694444445,1744.81608333323,-3.40327777778332,-4.95777777778333
IT29021,Italy,IT,ITH,ITH5,ITH51,Piacenza,186.664416666678,1.58227777777833,2.16694444445,1744.81608333323,-3.40327777778332,-4.95777777778333
IT29022,Italy,IT,ITH,ITH5,ITH51,Piacenza,186.664416666678,1.58227777777833,2.16694444445,1744.81608333323,-3.40327777778332,-4.95777777778333
IT29023,Italy,IT,ITH,ITH5,ITH51,Piacenza,186.664416666678,1.58227777777833,2.16694444445,1744.81608333323,-3.40327777778332,-4.95777777778333
IT29024,Italy,IT,ITH,ITH5,ITH51,Piacenza,186.664416666678,1.58227777777833,2.16694444445,1744.81608333323,-3.40327777778332,-4.95777777778333
IT29025,Italy,IT,ITH,ITH5,ITH51,Piacenza,186.664416666678,1.58227777777833,2.16694444445,1744.81608333323,-3.40327777778332,-4.95777777778333
IT29026,Italy,IT,ITH,ITH5,ITH51,Piacenza,186.664416666678,1.58227777777833,2.16694444445,1744.81608333323,-3.40327777778332,-4.95777777778333
IT29027,Italy,IT,ITH,ITH5,ITH51,Piacenza,186.664416666678,1.58227777777833,2.16694444445,1744.81608333323,-3.40327777778332,-4.95777777778333
IT29028,Italy,IT,ITH,ITH5,ITH51,Piacenza,186.664416666678,1.58227777777833,2.16694444445,1744.81608333323,-3.40327777778332,-4.95777777778333
IT29029,Italy,IT,ITH,ITH5,ITH51,Piacenza,186.664416666678,1.58227777777833,2.16694444445,1744.81608333323,-3.40327777778332,-4.95777777778333
IT29100,Italy,IT,ITH,ITH5,ITH51,Piacenza,186.664416666678,1.58227777777833,2.16694444445,1744.81608333323,-3.40327777778332,-4.95777777778333
IT22010,Italy,IT,ITC,ITC4,ITC42,Como,112.294999999995,1.20047619047667,1.68642857143333,1865.33839285442,-3.80535714285,-5.65738095238333
IT22011,Italy,IT,ITC,ITC4,ITC42,Como,112.294999999995,1.20047619047667,1.68642857143333,1865.33839285442,-3.80535714285,-5.65738095238333
IT22012,Italy,IT,ITC,ITC4,ITC42,Como,112.294999999995,1.20047619047667,1.68642857143333,1865.33839285442,-3.80535714285,-5.65738095238333
IT22013,Italy,IT,ITC,ITC4,ITC42,Como,112.294999999995,1.20047619047667,1.68642857143333,1865.33839285442,-3.80535714285,-5.65738095238333
IT22014,Italy,IT,ITC,ITC4,ITC42,Como,112.294999999995,1.20047619047667,1.68642857143333,1865.33839285442,-3.80535714285,-5.65738095238333
IT22015,Italy,IT,ITC,ITC4,ITC42,Como,112.294999999995,1.20047619047667,1.68642857143333,1865.33839285442,-3.80535714285,-5.65738095238333
IT22016,Italy,IT,ITC,ITC4,ITC42,Como,112.294999999995,1.20047619047667,1.68642857143333,1865.33839285442,-3.80535714285,-5.65738095238333
IT22017,Italy,IT,ITC,ITC4,ITC42,Como,112.294999999995,1.20047619047667,1.68642857143333,1865.33839285442,-3.80535714285,-5.65738095238333
IT22018,Italy,IT,ITC,ITC4,ITC42,Como,112.294999999995,1.20047619047667,1.68642857143333,1865.33839285442,-3.80535714285,-5.65738095238333
IT22019,Italy,IT,ITC,ITC4,ITC42,Como,112.294999999995,1.20047619047667,1.68642857143333,1865.33839285442,-3.80535714285,-5.65738095238333
IT22020,Italy,IT,ITC,ITC4,ITC42,Como,112.294999999995,1.20047619047667,1.68642857143333,1865.33839285442,-3.80535714285,-5.65738095238333
IT22021,Italy,IT,ITC,ITC4,ITC42,Como,112.294999999995,1.20047619047667,1.68642857143333,1865.33839285442,-3.80535714285,-5.65738095238333
IT22022,Italy,IT,ITC,ITC4,ITC42,Como,112.294999999995,1.20047619047667,1.68642857143333,1865.33839285442,-3.80535714285,-5.65738095238333
IT22023,Italy,IT,ITC,ITC4,ITC42,Como,112.294999999995,1.20047619047667,1.68642857143333,1865.33839285442,-3.80535714285,-5.65738095238333
IT22024,Italy,IT,ITC,ITC4,ITC42,Como,112.294999999995,1.20047619047667,1.68642857143333,1865.33839285442,-3.80535714285,-5.65738095238333
IT22025,Italy,IT,ITC,ITC4,ITC42,Como,112.294999999995,1.20047619047667,1.68642857143333,1865.33839285442,-3.80535714285,-5.65738095238333
IT22026,Italy,IT,ITC,ITC4,ITC42,Como,112.294999999995,1.20047619047667,1.68642857143333,1865.33839285442,-3.80535714285,-5.65738095238333
IT22027,Italy,IT,ITC,ITC4,ITC42,Como,112.294999999995,1.20047619047667,1.68642857143333,1865.33839285442,-3.80535714285,-5.65738095238333
IT22028,Italy,IT,ITC,ITC4,ITC42,Como,112.294999999995,1.20047619047667,1.68642857143333,1865.33839285442,-3.80535714285,-5.65738095238333
IT22029,Italy,IT,ITC,ITC4,ITC42,Como,112.294999999995,1.20047619047667,1.68642857143333,1865.33839285442,-3.80535714285,-5.65738095238333
IT22030,Italy,IT,ITC,ITC4,ITC42,Como,112.294999999995,1.20047619047667,1.68642857143333,1865.33839285442,-3.80535714285,-5.65738095238333
IT22031,Italy,IT,ITC,ITC4,ITC42,Como,112.294999999995,1.20047619047667,1.68642857143333,1865.33839285442,-3.80535714285,-5.65738095238333
IT22032,Italy,IT,ITC,ITC4,ITC42,Como,112.294999999995,1.20047619047667,1.68642857143333,1865.33839285442,-3.80535714285,-5.65738095238333
IT22033,Italy,IT,ITC,ITC4,ITC42,Como,112.294999999995,1.20047619047667,1.68642857143333,1865.33839285442,-3.80535714285,-5.65738095238333
IT22034,Italy,IT,ITC,ITC4,ITC42,Como,112.294999999995,1.20047619047667,1.68642857143333,1865.33839285442,-3.80535714285,-5.65738095238333
IT22035,Italy,IT,ITC,ITC4,ITC42,Como,112.294999999995,1.20047619047667,1.68642857143333,1865.33839285442,-3.80535714285,-5.65738095238333
IT22036,Italy,IT,ITC,ITC4,ITC42,Como,112.294999999995,1.20047619047667,1.68642857143333,1865.33839285442,-3.80535714285,-5.65738095238333
IT22037,Italy,IT,ITC,ITC4,ITC42,Como,112.294999999995,1.20047619047667,1.68642857143333,1865.33839285442,-3.80535714285,-5.65738095238333
IT22038,Italy,IT,ITC,ITC4,ITC42,Como,112.294999999995,1.20047619047667,1.68642857143333,1865.33839285442,-3.80535714285,-5.65738095238333
IT22039,Italy,IT,ITC,ITC4,ITC42,Como,112.294999999995,1.20047619047667,1.68642857143333,1865.33839285442,-3.80535714285,-5.65738095238333
IT22040,Italy,IT,ITC,ITC4,ITC42,Como,112.294999999995,1.20047619047667,1.68642857143333,1865.33839285442,-3.80535714285,-5.65738095238333
IT22041,Italy,IT,ITC,ITC4,ITC42,Como,112.294999999995,1.20047619047667,1.68642857143333,1865.33839285442,-3.80535714285,-5.65738095238333
IT22044,Italy,IT,ITC,ITC4,ITC42,Como,112.294999999995,1.20047619047667,1.68642857143333,1865.33839285442,-3.80535714285,-5.65738095238333
IT22045,Italy,IT,ITC,ITC4,ITC42,Como,112.294999999995,1.20047619047667,1.68642857143333,1865.33839285442,-3.80535714285,-5.65738095238333
IT22046,Italy,IT,ITC,ITC4,ITC42,Como,112.294999999995,1.20047619047667,1.68642857143333,1865.33839285442,-3.80535714285,-5.65738095238333
IT22060,Italy,IT,ITC,ITC4,ITC42,Como,112.294999999995,1.20047619047667,1.68642857143333,1865.33839285442,-3.80535714285,-5.65738095238333
IT22063,Italy,IT,ITC,ITC4,ITC42,Como,112.294999999995,1.20047619047667,1.68642857143333,1865.33839285442,-3.80535714285,-5.65738095238333
IT22066,Italy,IT,ITC,ITC4,ITC42,Como,112.294999999995,1.20047619047667,1.68642857143333,1865.33839285442,-3.80535714285,-5.65738095238333
IT22069,Italy,IT,ITC,ITC4,ITC42,Como,112.294999999995,1.20047619047667,1.68642857143333,1865.33839285442,-3.80535714285,-5.65738095238333
IT22070,Italy,IT,ITC,ITC4,ITC42,Como,112.294999999995,1.20047619047667,1.68642857143333,1865.33839285442,-3.80535714285,-5.65738095238333
IT22071,Italy,IT,ITC,ITC4,ITC42,Como,112.294999999995,1.20047619047667,1.68642857143333,1865.33839285442,-3.80535714285,-5.65738095238333
IT22072,Italy,IT,ITC,ITC4,ITC42,Como,112.294999999995,1.20047619047667,1.68642857143333,1865.33839285442,-3.80535714285,-5.65738095238333
IT22073,Italy,IT,ITC,ITC4,ITC42,Como,112.294999999995,1.20047619047667,1.68642857143333,1865.33839285442,-3.80535714285,-5.65738095238333
IT22074,Italy,IT,ITC,ITC4,ITC42,Como,112.294999999995,1.20047619047667,1.68642857143333,1865.33839285442,-3.80535714285,-5.65738095238333
IT22075,Italy,IT,ITC,ITC4,ITC42,Como,112.294999999995,1.20047619047667,1.68642857143333,1865.33839285442,-3.80535714285,-5.65738095238333
IT22076,Italy,IT,ITC,ITC4,ITC42,Como,112.294999999995,1.20047619047667,1.68642857143333,1865.33839285442,-3.80535714285,-5.65738095238333
IT22077,Italy,IT,ITC,ITC4,ITC42,Como,112.294999999995,1.20047619047667,1.68642857143333,1865.33839285442,-3.80535714285,-5.65738095238333
IT22078,Italy,IT,ITC,ITC4,ITC42,Como,112.294999999995,1.20047619047667,1.68642857143333,1865.33839285442,-3.80535714285,-5.65738095238333
IT22079,Italy,IT,ITC,ITC4,ITC42,Como,112.294999999995,1.20047619047667,1.68642857143333,1865.33839285442,-3.80535714285,-5.65738095238333
IT22100,Italy,IT,ITC,ITC4,ITC42,Como,112.294999999995,1.20047619047667,1.68642857143333,1865.33839285442,-3.80535714285,-5.65738095238333
IT18010,Italy,IT,ITC,ITC3,ITC31,Imperia,85.7041071428475,1.17273809523833,1.73666666666667,1399.76071428147,-3.49761904761667,-5.24690476189998
IT18011,Italy,IT,ITC,ITC3,ITC31,Imperia,85.7041071428475,1.17273809523833,1.73666666666667,1399.76071428147,-3.49761904761667,-5.24690476189998
IT18012,Italy,IT,ITC,ITC3,ITC31,Imperia,85.7041071428475,1.17273809523833,1.73666666666667,1399.76071428147,-3.49761904761667,-5.24690476189998
IT18013,Italy,IT,ITC,ITC3,ITC31,Imperia,85.7041071428475,1.17273809523833,1.73666666666667,1399.76071428147,-3.49761904761667,-5.24690476189998
IT18014,Italy,IT,ITC,ITC3,ITC31,Imperia,85.7041071428475,1.17273809523833,1.73666666666667,1399.76071428147,-3.49761904761667,-5.24690476189998
IT18015,Italy,IT,ITC,ITC3,ITC31,Imperia,85.7041071428475,1.17273809523833,1.73666666666667,1399.76071428147,-3.49761904761667,-5.24690476189998
IT18016,Italy,IT,ITC,ITC3,ITC31,Imperia,85.7041071428475,1.17273809523833,1.73666666666667,1399.76071428147,-3.49761904761667,-5.24690476189998
IT18017,Italy,IT,ITC,ITC3,ITC31,Imperia,85.7041071428475,1.17273809523833,1.73666666666667,1399.76071428147,-3.49761904761667,-5.24690476189998
IT18018,Italy,IT,ITC,ITC3,ITC31,Imperia,85.7041071428475,1.17273809523833,1.73666666666667,1399.76071428147,-3.49761904761667,-5.24690476189998
IT18019,Italy,IT,ITC,ITC3,ITC31,Imperia,85.7041071428475,1.17273809523833,1.73666666666667,1399.76071428147,-3.49761904761667,-5.24690476189998
IT18020,Italy,IT,ITC,ITC3,ITC31,Imperia,85.7041071428475,1.17273809523833,1.73666666666667,1399.76071428147,-3.49761904761667,-5.24690476189998
IT18021,Italy,IT,ITC,ITC3,ITC31,Imperia,85.7041071428475,1.17273809523833,1.73666666666667,1399.76071428147,-3.49761904761667,-5.24690476189998
IT18022,Italy,IT,ITC,ITC3,ITC31,Imperia,85.7041071428475,1.17273809523833,1.73666666666667,1399.76071428147,-3.49761904761667,-5.24690476189998
IT18023,Italy,IT,ITC,ITC3,ITC31,Imperia,85.7041071428475,1.17273809523833,1.73666666666667,1399.76071428147,-3.49761904761667,-5.24690476189998
IT18024,Italy,IT,ITC,ITC3,ITC31,Imperia,85.7041071428475,1.17273809523833,1.73666666666667,1399.76071428147,-3.49761904761667,-5.24690476189998
IT18025,Italy,IT,ITC,ITC3,ITC31,Imperia,85.7041071428475,1.17273809523833,1.73666666666667,1399.76071428147,-3.49761904761667,-5.24690476189998
IT18026,Italy,IT,ITC,ITC3,ITC31,Imperia,85.7041071428475,1.17273809523833,1.73666666666667,1399.76071428147,-3.49761904761667,-5.24690476189998
IT18027,Italy,IT,ITC,ITC3,ITC31,Imperia,85.7041071428475,1.17273809523833,1.73666666666667,1399.76071428147,-3.49761904761667,-5.24690476189998
IT18030,Italy,IT,ITC,ITC3,ITC31,Imperia,85.7041071428475,1.17273809523833,1.73666666666667,1399.76071428147,-3.49761904761667,-5.24690476189998
IT18031,Italy,IT,ITC,ITC3,ITC31,Imperia,85.7041071428475,1.17273809523833,1.73666666666667,1399.76071428147,-3.49761904761667,-5.24690476189998
IT18032,Italy,IT,ITC,ITC3,ITC31,Imperia,85.7041071428475,1.17273809523833,1.73666666666667,1399.76071428147,-3.49761904761667,-5.24690476189998
IT18033,Italy,IT,ITC,ITC3,ITC31,Imperia,85.7041071428475,1.17273809523833,1.73666666666667,1399.76071428147,-3.49761904761667,-5.24690476189998
IT18034,Italy,IT,ITC,ITC3,ITC31,Imperia,85.7041071428475,1.17273809523833,1.73666666666667,1399.76071428147,-3.49761904761667,-5.24690476189998
IT18035,Italy,IT,ITC,ITC3,ITC31,Imperia,85.7041071428475,1.17273809523833,1.73666666666667,1399.76071428147,-3.49761904761667,-5.24690476189998
IT18036,Italy,IT,ITC,ITC3,ITC31,Imperia,85.7041071428475,1.17273809523833,1.73666666666667,1399.76071428147,-3.49761904761667,-5.24690476189998
IT18037,Italy,IT,ITC,ITC3,ITC31,Imperia,85.7041071428475,1.17273809523833,1.73666666666667,1399.76071428147,-3.49761904761667,-5.24690476189998
IT18038,Italy,IT,ITC,ITC3,ITC31,Imperia,85.7041071428475,1.17273809523833,1.73666666666667,1399.76071428147,-3.49761904761667,-5.24690476189998
IT18039,Italy,IT,ITC,ITC3,ITC31,Imperia,85.7041071428475,1.17273809523833,1.73666666666667,1399.76071428147,-3.49761904761667,-5.24690476189998
IT18100,Italy,IT,ITC,ITC3,ITC31,Imperia,85.7041071428475,1.17273809523833,1.73666666666667,1399.76071428147,-3.49761904761667,-5.24690476189998
IT25010,Italy,IT,ITC,ITC4,ITC47,Brescia,155.738362069212,1.34396551724166,1.82235632183332,2038.75392241484,-3.75497126436667,-5.67376436781667
IT25011,Italy,IT,ITC,ITC4,ITC47,Brescia,155.738362069212,1.34396551724166,1.82235632183332,2038.75392241484,-3.75497126436667,-5.67376436781667
IT25012,Italy,IT,ITC,ITC4,ITC47,Brescia,155.738362069212,1.34396551724166,1.82235632183332,2038.75392241484,-3.75497126436667,-5.67376436781667
IT25013,Italy,IT,ITC,ITC4,ITC47,Brescia,155.738362069212,1.34396551724166,1.82235632183332,2038.75392241484,-3.75497126436667,-5.67376436781667
IT25014,Italy,IT,ITC,ITC4,ITC47,Brescia,155.738362069212,1.34396551724166,1.82235632183332,2038.75392241484,-3.75497126436667,-5.67376436781667
IT25015,Italy,IT,ITC,ITC4,ITC47,Brescia,155.738362069212,1.34396551724166,1.82235632183332,2038.75392241484,-3.75497126436667,-5.67376436781667
IT25016,Italy,IT,ITC,ITC4,ITC47,Brescia,155.738362069212,1.34396551724166,1.82235632183332,2038.75392241484,-3.75497126436667,-5.67376436781667
IT25017,Italy,IT,ITC,ITC4,ITC47,Brescia,155.738362069212,1.34396551724166,1.82235632183332,2038.75392241484,-3.75497126436667,-5.67376436781667
IT25018,Italy,IT,ITC,ITC4,ITC47,Brescia,155.738362069212,1.34396551724166,1.82235632183332,2038.75392241484,-3.75497126436667,-5.67376436781667
IT25019,Italy,IT,ITC,ITC4,ITC47,Brescia,155.738362069212,1.34396551724166,1.82235632183332,2038.75392241484,-3.75497126436667,-5.67376436781667
IT25020,Italy,IT,ITC,ITC4,ITC47,Brescia,155.738362069212,1.34396551724166,1.82235632183332,2038.75392241484,-3.75497126436667,-5.67376436781667
IT25021,Italy,IT,ITC,ITC4,ITC47,Brescia,155.738362069212,1.34396551724166,1.82235632183332,2038.75392241484,-3.75497126436667,-5.67376436781667
IT25022,Italy,IT,ITC,ITC4,ITC47,Brescia,155.738362069212,1.34396551724166,1.82235632183332,2038.75392241484,-3.75497126436667,-5.67376436781667
IT25023,Italy,IT,ITC,ITC4,ITC47,Brescia,155.738362069212,1.34396551724166,1.82235632183332,2038.75392241484,-3.75497126436667,-5.67376436781667
IT25024,Italy,IT,ITC,ITC4,ITC47,Brescia,155.738362069212,1.34396551724166,1.82235632183332,2038.75392241484,-3.75497126436667,-5.67376436781667
IT25025,Italy,IT,ITC,ITC4,ITC47,Brescia,155.738362069212,1.34396551724166,1.82235632183332,2038.75392241484,-3.75497126436667,-5.67376436781667
IT25026,Italy,IT,ITC,ITC4,ITC47,Brescia,155.738362069212,1.34396551724166,1.82235632183332,2038.75392241484,-3.75497126436667,-5.67376436781667
IT25027,Italy,IT,ITC,ITC4,ITC47,Brescia,155.738362069212,1.34396551724166,1.82235632183332,2038.75392241484,-3.75497126436667,-5.67376436781667
IT25028,Italy,IT,ITC,ITC4,ITC47,Brescia,155.738362069212,1.34396551724166,1.82235632183332,2038.75392241484,-3.75497126436667,-5.67376436781667
IT25029,Italy,IT,ITC,ITC4,ITC47,Brescia,155.738362069212,1.34396551724166,1.82235632183332,2038.75392241484,-3.75497126436667,-5.67376436781667
IT25030,Italy,IT,ITC,ITC4,ITC47,Brescia,155.738362069212,1.34396551724166,1.82235632183332,2038.75392241484,-3.75497126436667,-5.67376436781667
IT25031,Italy,IT,ITC,ITC4,ITC47,Brescia,155.738362069212,1.34396551724166,1.82235632183332,2038.75392241484,-3.75497126436667,-5.67376436781667
IT25032,Italy,IT,ITC,ITC4,ITC47,Brescia,155.738362069212,1.34396551724166,1.82235632183332,2038.75392241484,-3.75497126436667,-5.67376436781667
IT25033,Italy,IT,ITC,ITC4,ITC47,Brescia,155.738362069212,1.34396551724166,1.82235632183332,2038.75392241484,-3.75497126436667,-5.67376436781667
IT25034,Italy,IT,ITC,ITC4,ITC47,Brescia,155.738362069212,1.34396551724166,1.82235632183332,2038.75392241484,-3.75497126436667,-5.67376436781667
IT25035,Italy,IT,ITC,ITC4,ITC47,Brescia,155.738362069212,1.34396551724166,1.82235632183332,2038.75392241484,-3.75497126436667,-5.67376436781667
IT25036,Italy,IT,ITC,ITC4,ITC47,Brescia,155.738362069212,1.34396551724166,1.82235632183332,2038.75392241484,-3.75497126436667,-5.67376436781667
IT25037,Italy,IT,ITC,ITC4,ITC47,Brescia,155.738362069212,1.34396551724166,1.82235632183332,2038.75392241484,-3.75497126436667,-5.67376436781667
IT25038,Italy,IT,ITC,ITC4,ITC47,Brescia,155.738362069212,1.34396551724166,1.82235632183332,2038.75392241484,-3.75497126436667,-5.67376436781667
IT25039,Italy,IT,ITC,ITC4,ITC47,Brescia,155.738362069212,1.34396551724166,1.82235632183332,2038.75392241484,-3.75497126436667,-5.67376436781667
IT25040,Italy,IT,ITC,ITC4,ITC47,Brescia,155.738362069212,1.34396551724166,1.82235632183332,2038.75392241484,-3.75497126436667,-5.67376436781667
IT25041,Italy,IT,ITC,ITC4,ITC47,Brescia,155.738362069212,1.34396551724166,1.82235632183332,2038.75392241484,-3.75497126436667,-5.67376436781667
IT25042,Italy,IT,ITC,ITC4,ITC47,Brescia,155.738362069212,1.34396551724166,1.82235632183332,2038.75392241484,-3.75497126436667,-5.67376436781667
IT25043,Italy,IT,ITC,ITC4,ITC47,Brescia,155.738362069212,1.34396551724166,1.82235632183332,2038.75392241484,-3.75497126436667,-5.67376436781667
IT25044,Italy,IT,ITC,ITC4,ITC47,Brescia,155.738362069212,1.34396551724166,1.82235632183332,2038.75392241484,-3.75497126436667,-5.67376436781667
IT25045,Italy,IT,ITC,ITC4,ITC47,Brescia,155.738362069212,1.34396551724166,1.82235632183332,2038.75392241484,-3.75497126436667,-5.67376436781667
IT25046,Italy,IT,ITC,ITC4,ITC47,Brescia,155.738362069212,1.34396551724166,1.82235632183332,2038.75392241484,-3.75497126436667,-5.67376436781667
IT25047,Italy,IT,ITC,ITC4,ITC47,Brescia,155.738362069212,1.34396551724166,1.82235632183332,2038.75392241484,-3.75497126436667,-5.67376436781667
IT25048,Italy,IT,ITC,ITC4,ITC47,Brescia,155.738362069212,1.34396551724166,1.82235632183332,2038.75392241484,-3.75497126436667,-5.67376436781667
IT25049,Italy,IT,ITC,ITC4,ITC47,Brescia,155.738362069212,1.34396551724166,1.82235632183332,2038.75392241484,-3.75497126436667,-5.67376436781667
IT25050,Italy,IT,ITC,ITC4,ITC47,Brescia,155.738362069212,1.34396551724166,1.82235632183332,2038.75392241484,-3.75497126436667,-5.67376436781667
IT25051,Italy,IT,ITC,ITC4,ITC47,Brescia,155.738362069212,1.34396551724166,1.82235632183332,2038.75392241484,-3.75497126436667,-5.67376436781667
IT25052,Italy,IT,ITC,ITC4,ITC47,Brescia,155.738362069212,1.34396551724166,1.82235632183332,2038.75392241484,-3.75497126436667,-5.67376436781667
IT25053,Italy,IT,ITC,ITC4,ITC47,Brescia,155.738362069212,1.34396551724166,1.82235632183332,2038.75392241484,-3.75497126436667,-5.67376436781667
IT25054,Italy,IT,ITC,ITC4,ITC47,Brescia,155.738362069212,1.34396551724166,1.82235632183332,2038.75392241484,-3.75497126436667,-5.67376436781667
IT25055,Italy,IT,ITC,ITC4,ITC47,Brescia,155.738362069212,1.34396551724166,1.82235632183332,2038.75392241484,-3.75497126436667,-5.67376436781667
IT25056,Italy,IT,ITC,ITC4,ITC47,Brescia,155.738362069212,1.34396551724166,1.82235632183332,2038.75392241484,-3.75497126436667,-5.67376436781667
IT25057,Italy,IT,ITC,ITC4,ITC47,Brescia,155.738362069212,1.34396551724166,1.82235632183332,2038.75392241484,-3.75497126436667,-5.67376436781667
IT25058,Italy,IT,ITC,ITC4,ITC47,Brescia,155.738362069212,1.34396551724166,1.82235632183332,2038.75392241484,-3.75497126436667,-5.67376436781667
IT25059,Italy,IT,ITC,ITC4,ITC47,Brescia,155.738362069212,1.34396551724166,1.82235632183332,2038.75392241484,-3.75497126436667,-5.67376436781667
IT25060,Italy,IT,ITC,ITC4,ITC47,Brescia,155.738362069212,1.34396551724166,1.82235632183332,2038.75392241484,-3.75497126436667,-5.67376436781667
IT25061,Italy,IT,ITC,ITC4,ITC47,Brescia,155.738362069212,1.34396551724166,1.82235632183332,2038.75392241484,-3.75497126436667,-5.67376436781667
IT25062,Italy,IT,ITC,ITC4,ITC47,Brescia,155.738362069212,1.34396551724166,1.82235632183332,2038.75392241484,-3.75497126436667,-5.67376436781667
IT25063,Italy,IT,ITC,ITC4,ITC47,Brescia,155.738362069212,1.34396551724166,1.82235632183332,2038.75392241484,-3.75497126436667,-5.67376436781667
IT25064,Italy,IT,ITC,ITC4,ITC47,Brescia,155.738362069212,1.34396551724166,1.82235632183332,2038.75392241484,-3.75497126436667,-5.67376436781667
IT25065,Italy,IT,ITC,ITC4,ITC47,Brescia,155.738362069212,1.34396551724166,1.82235632183332,2038.75392241484,-3.75497126436667,-5.67376436781667
IT25068,Italy,IT,ITC,ITC4,ITC47,Brescia,155.738362069212,1.34396551724166,1.82235632183332,2038.75392241484,-3.75497126436667,-5.67376436781667
IT25069,Italy,IT,ITC,ITC4,ITC47,Brescia,155.738362069212,1.34396551724166,1.82235632183332,2038.75392241484,-3.75497126436667,-5.67376436781667
IT25070,Italy,IT,ITC,ITC4,ITC47,Brescia,155.738362069212,1.34396551724166,1.82235632183332,2038.75392241484,-3.75497126436667,-5.67376436781667
IT25071,Italy,IT,ITC,ITC4,ITC47,Brescia,155.738362069212,1.34396551724166,1.82235632183332,2038.75392241484,-3.75497126436667,-5.67376436781667
IT25072,Italy,IT,ITC,ITC4,ITC47,Brescia,155.738362069212,1.34396551724166,1.82235632183332,2038.75392241484,-3.75497126436667,-5.67376436781667
IT25073,Italy,IT,ITC,ITC4,ITC47,Brescia,155.738362069212,1.34396551724166,1.82235632183332,2038.75392241484,-3.75497126436667,-5.67376436781667
IT25074,Italy,IT,ITC,ITC4,ITC47,Brescia,155.738362069212,1.34396551724166,1.82235632183332,2038.75392241484,-3.75497126436667,-5.67376436781667
IT25075,Italy,IT,ITC,ITC4,ITC47,Brescia,155.738362069212,1.34396551724166,1.82235632183332,2038.75392241484,-3.75497126436667,-5.67376436781667
IT25076,Italy,IT,ITC,ITC4,ITC47,Brescia,155.738362069212,1.34396551724166,1.82235632183332,2038.75392241484,-3.75497126436667,-5.67376436781667
IT25077,Italy,IT,ITC,ITC4,ITC47,Brescia,155.738362069212,1.34396551724166,1.82235632183332,2038.75392241484,-3.75497126436667,-5.67376436781667
IT25078,Italy,IT,ITC,ITC4,ITC47,Brescia,155.738362069212,1.34396551724166,1.82235632183332,2038.75392241484,-3.75497126436667,-5.67376436781667
IT25079,Italy,IT,ITC,ITC4,ITC47,Brescia,155.738362069212,1.34396551724166,1.82235632183332,2038.75392241484,-3.75497126436667,-5.67376436781667
IT25080,Italy,IT,ITC,ITC4,ITC47,Brescia,155.738362069212,1.34396551724166,1.82235632183332,2038.75392241484,-3.75497126436667,-5.67376436781667
IT25081,Italy,IT,ITC,ITC4,ITC47,Brescia,155.738362069212,1.34396551724166,1.82235632183332,2038.75392241484,-3.75497126436667,-5.67376436781667
IT25082,Italy,IT,ITC,ITC4,ITC47,Brescia,155.738362069212,1.34396551724166,1.82235632183332,2038.75392241484,-3.75497126436667,-5.67376436781667
IT25083,Italy,IT,ITC,ITC4,ITC47,Brescia,155.738362069212,1.34396551724166,1.82235632183332,2038.75392241484,-3.75497126436667,-5.67376436781667
IT25084,Italy,IT,ITC,ITC4,ITC47,Brescia,155.738362069212,1.34396551724166,1.82235632183332,2038.75392241484,-3.75497126436667,-5.67376436781667
IT25085,Italy,IT,ITC,ITC4,ITC47,Brescia,155.738362069212,1.34396551724166,1.82235632183332,2038.75392241484,-3.75497126436667,-5.67376436781667
IT25086,Italy,IT,ITC,ITC4,ITC47,Brescia,155.738362069212,1.34396551724166,1.82235632183332,2038.75392241484,-3.75497126436667,-5.67376436781667
IT25087,Italy,IT,ITC,ITC4,ITC47,Brescia,155.738362069212,1.34396551724166,1.82235632183332,2038.75392241484,-3.75497126436667,-5.67376436781667
IT25088,Italy,IT,ITC,ITC4,ITC47,Brescia,155.738362069212,1.34396551724166,1.82235632183332,2038.75392241484,-3.75497126436667,-5.67376436781667
IT25089,Italy,IT,ITC,ITC4,ITC47,Brescia,155.738362069212,1.34396551724166,1.82235632183332,2038.75392241484,-3.75497126436667,-5.67376436781667
IT25100,Italy,IT,ITC,ITC4,ITC47,Brescia,155.738362069212,1.34396551724166,1.82235632183332,2038.75392241484,-3.75497126436667,-5.67376436781667
IT25121,Italy,IT,ITC,ITC4,ITC47,Brescia,155.738362069212,1.34396551724166,1.82235632183332,2038.75392241484,-3.75497126436667,-5.67376436781667
IT25122,Italy,IT,ITC,ITC4,ITC47,Brescia,155.738362069212,1.34396551724166,1.82235632183332,2038.75392241484,-3.75497126436667,-5.67376436781667
IT25123,Italy,IT,ITC,ITC4,ITC47,Brescia,155.738362069212,1.34396551724166,1.82235632183332,2038.75392241484,-3.75497126436667,-5.67376436781667
IT25124,Italy,IT,ITC,ITC4,ITC47,Brescia,155.738362069212,1.34396551724166,1.82235632183332,2038.75392241484,-3.75497126436667,-5.67376436781667
IT25125,Italy,IT,ITC,ITC4,ITC47,Brescia,155.738362069212,1.34396551724166,1.82235632183332,2038.75392241484,-3.75497126436667,-5.67376436781667
IT25126,Italy,IT,ITC,ITC4,ITC47,Brescia,155.738362069212,1.34396551724166,1.82235632183332,2038.75392241484,-3.75497126436667,-5.67376436781667
IT25127,Italy,IT,ITC,ITC4,ITC47,Brescia,155.738362069212,1.34396551724166,1.82235632183332,2038.75392241484,-3.75497126436667,-5.67376436781667
IT25128,Italy,IT,ITC,ITC4,ITC47,Brescia,155.738362069212,1.34396551724166,1.82235632183332,2038.75392241484,-3.75497126436667,-5.67376436781667
IT25129,Italy,IT,ITC,ITC4,ITC47,Brescia,155.738362069212,1.34396551724166,1.82235632183332,2038.75392241484,-3.75497126436667,-5.67376436781667
IT25131,Italy,IT,ITC,ITC4,ITC47,Brescia,155.738362069212,1.34396551724166,1.82235632183332,2038.75392241484,-3.75497126436667,-5.67376436781667
IT25132,Italy,IT,ITC,ITC4,ITC47,Brescia,155.738362069212,1.34396551724166,1.82235632183332,2038.75392241484,-3.75497126436667,-5.67376436781667
IT25133,Italy,IT,ITC,ITC4,ITC47,Brescia,155.738362069212,1.34396551724166,1.82235632183332,2038.75392241484,-3.75497126436667,-5.67376436781667
IT25134,Italy,IT,ITC,ITC4,ITC47,Brescia,155.738362069212,1.34396551724166,1.82235632183332,2038.75392241484,-3.75497126436667,-5.67376436781667
IT25135,Italy,IT,ITC,ITC4,ITC47,Brescia,155.738362069212,1.34396551724166,1.82235632183332,2038.75392241484,-3.75497126436667,-5.67376436781667
IT25136,Italy,IT,ITC,ITC4,ITC47,Brescia,155.738362069212,1.34396551724166,1.82235632183332,2038.75392241484,-3.75497126436667,-5.67376436781667
IT8010,Italy,IT,ITG,ITG2,ITG26,Nuoro,204.200062499999,1.75320833333333,2.531,901.712562499999,-2.705125,-4.182125
IT8011,Italy,IT,ITG,ITG2,ITG26,Nuoro,204.200062499999,1.75320833333333,2.531,901.712562499999,-2.705125,-4.182125
IT8012,Italy,IT,ITG,ITG2,ITG26,Nuoro,204.200062499999,1.75320833333333,2.531,901.712562499999,-2.705125,-4.182125
IT8015,Italy,IT,ITG,ITG2,ITG26,Nuoro,204.200062499999,1.75320833333333,2.531,901.712562499999,-2.705125,-4.182125
IT8016,Italy,IT,ITG,ITG2,ITG26,Nuoro,204.200062499999,1.75320833333333,2.531,901.712562499999,-2.705125,-4.182125
IT8017,Italy,IT,ITG,ITG2,ITG26,Nuoro,204.200062499999,1.75320833333333,2.531,901.712562499999,-2.705125,-4.182125
IT8018,Italy,IT,ITG,ITG2,ITG26,Nuoro,204.200062499999,1.75320833333333,2.531,901.712562499999,-2.705125,-4.182125
IT8021,Italy,IT,ITG,ITG2,ITG26,Nuoro,204.200062499999,1.75320833333333,2.531,901.712562499999,-2.705125,-4.182125
IT8022,Italy,IT,ITG,ITG2,ITG26,Nuoro,204.200062499999,1.75320833333333,2.531,901.712562499999,-2.705125,-4.182125
IT8023,Italy,IT,ITG,ITG2,ITG26,Nuoro,204.200062499999,1.75320833333333,2.531,901.712562499999,-2.705125,-4.182125
IT8024,Italy,IT,ITG,ITG2,ITG26,Nuoro,204.200062499999,1.75320833333333,2.531,901.712562499999,-2.705125,-4.182125
IT8025,Italy,IT,ITG,ITG2,ITG26,Nuoro,204.200062499999,1.75320833333333,2.531,901.712562499999,-2.705125,-4.182125
IT8026,Italy,IT,ITG,ITG2,ITG26,Nuoro,204.200062499999,1.75320833333333,2.531,901.712562499999,-2.705125,-4.182125
IT8027,Italy,IT,ITG,ITG2,ITG26,Nuoro,204.200062499999,1.75320833333333,2.531,901.712562499999,-2.705125,-4.182125
IT8028,Italy,IT,ITG,ITG2,ITG26,Nuoro,204.200062499999,1.75320833333333,2.531,901.712562499999,-2.705125,-4.182125
IT8029,Italy,IT,ITG,ITG2,ITG26,Nuoro,204.200062499999,1.75320833333333,2.531,901.712562499999,-2.705125,-4.182125
IT8031,Italy,IT,ITG,ITG2,ITG26,Nuoro,204.200062499999,1.75320833333333,2.531,901.712562499999,-2.705125,-4.182125
IT8032,Italy,IT,ITG,ITG2,ITG26,Nuoro,204.200062499999,1.75320833333333,2.531,901.712562499999,-2.705125,-4.182125
IT8036,Italy,IT,ITG,ITG2,ITG26,Nuoro,204.200062499999,1.75320833333333,2.531,901.712562499999,-2.705125,-4.182125
IT8037,Italy,IT,ITG,ITG2,ITG26,Nuoro,204.200062499999,1.75320833333333,2.531,901.712562499999,-2.705125,-4.182125
IT8038,Italy,IT,ITG,ITG2,ITG26,Nuoro,204.200062499999,1.75320833333333,2.531,901.712562499999,-2.705125,-4.182125
IT8039,Italy,IT,ITG,ITG2,ITG26,Nuoro,204.200062499999,1.75320833333333,2.531,901.712562499999,-2.705125,-4.182125
IT8100,Italy,IT,ITG,ITG2,ITG26,Nuoro,204.200062499999,1.75320833333333,2.531,901.712562499999,-2.705125,-4.182125
IT98020,Italy,IT,ITG,ITG1,ITG13,Messina,247.0626515154,2.09085858586667,3.13146464646665,833.65848484825,-2.87050505049998,-4.26348484848332
IT98021,Italy,IT,ITG,ITG1,ITG13,Messina,247.0626515154,2.09085858586667,3.13146464646665,833.65848484825,-2.87050505049998,-4.26348484848332
IT98022,Italy,IT,ITG,ITG1,ITG13,Messina,247.0626515154,2.09085858586667,3.13146464646665,833.65848484825,-2.87050505049998,-4.26348484848332
IT98023,Italy,IT,ITG,ITG1,ITG13,Messina,247.0626515154,2.09085858586667,3.13146464646665,833.65848484825,-2.87050505049998,-4.26348484848332
IT98025,Italy,IT,ITG,ITG1,ITG13,Messina,247.0626515154,2.09085858586667,3.13146464646665,833.65848484825,-2.87050505049998,-4.26348484848332
IT98026,Italy,IT,ITG,ITG1,ITG13,Messina,247.0626515154,2.09085858586667,3.13146464646665,833.65848484825,-2.87050505049998,-4.26348484848332
IT98027,Italy,IT,ITG,ITG1,ITG13,Messina,247.0626515154,2.09085858586667,3.13146464646665,833.65848484825,-2.87050505049998,-4.26348484848332
IT98028,Italy,IT,ITG,ITG1,ITG13,Messina,247.0626515154,2.09085858586667,3.13146464646665,833.65848484825,-2.87050505049998,-4.26348484848332
IT98029,Italy,IT,ITG,ITG1,ITG13,Messina,247.0626515154,2.09085858586667,3.13146464646665,833.65848484825,-2.87050505049998,-4.26348484848332
IT98030,Italy,IT,ITG,ITG1,ITG13,Messina,247.0626515154,2.09085858586667,3.13146464646665,833.65848484825,-2.87050505049998,-4.26348484848332
IT98031,Italy,IT,ITG,ITG1,ITG13,Messina,247.0626515154,2.09085858586667,3.13146464646665,833.65848484825,-2.87050505049998,-4.26348484848332
IT98032,Italy,IT,ITG,ITG1,ITG13,Messina,247.0626515154,2.09085858586667,3.13146464646665,833.65848484825,-2.87050505049998,-4.26348484848332
IT98033,Italy,IT,ITG,ITG1,ITG13,Messina,247.0626515154,2.09085858586667,3.13146464646665,833.65848484825,-2.87050505049998,-4.26348484848332
IT98034,Italy,IT,ITG,ITG1,ITG13,Messina,247.0626515154,2.09085858586667,3.13146464646665,833.65848484825,-2.87050505049998,-4.26348484848332
IT98035,Italy,IT,ITG,ITG1,ITG13,Messina,247.0626515154,2.09085858586667,3.13146464646665,833.65848484825,-2.87050505049998,-4.26348484848332
IT98036,Italy,IT,ITG,ITG1,ITG13,Messina,247.0626515154,2.09085858586667,3.13146464646665,833.65848484825,-2.87050505049998,-4.26348484848332
IT98037,Italy,IT,ITG,ITG1,ITG13,Messina,247.0626515154,2.09085858586667,3.13146464646665,833.65848484825,-2.87050505049998,-4.26348484848332
IT98038,Italy,IT,ITG,ITG1,ITG13,Messina,247.0626515154,2.09085858586667,3.13146464646665,833.65848484825,-2.87050505049998,-4.26348484848332
IT98039,Italy,IT,ITG,ITG1,ITG13,Messina,247.0626515154,2.09085858586667,3.13146464646665,833.65848484825,-2.87050505049998,-4.26348484848332
IT98040,Italy,IT,ITG,ITG1,ITG13,Messina,247.0626515154,2.09085858586667,3.13146464646665,833.65848484825,-2.87050505049998,-4.26348484848332
IT98041,Italy,IT,ITG,ITG1,ITG13,Messina,247.0626515154,2.09085858586667,3.13146464646665,833.65848484825,-2.87050505049998,-4.26348484848332
IT98042,Italy,IT,ITG,ITG1,ITG13,Messina,247.0626515154,2.09085858586667,3.13146464646665,833.65848484825,-2.87050505049998,-4.26348484848332
IT98043,Italy,IT,ITG,ITG1,ITG13,Messina,247.0626515154,2.09085858586667,3.13146464646665,833.65848484825,-2.87050505049998,-4.26348484848332
IT98044,Italy,IT,ITG,ITG1,ITG13,Messina,247.0626515154,2.09085858586667,3.13146464646665,833.65848484825,-2.87050505049998,-4.26348484848332
IT98045,Italy,IT,ITG,ITG1,ITG13,Messina,247.0626515154,2.09085858586667,3.13146464646665,833.65848484825,-2.87050505049998,-4.26348484848332
IT98046,Italy,IT,ITG,ITG1,ITG13,Messina,247.0626515154,2.09085858586667,3.13146464646665,833.65848484825,-2.87050505049998,-4.26348484848332
IT98047,Italy,IT,ITG,ITG1,ITG13,Messina,247.0626515154,2.09085858586667,3.13146464646665,833.65848484825,-2.87050505049998,-4.26348484848332
IT98048,Italy,IT,ITG,ITG1,ITG13,Messina,247.0626515154,2.09085858586667,3.13146464646665,833.65848484825,-2.87050505049998,-4.26348484848332
IT98049,Italy,IT,ITG,ITG1,ITG13,Messina,247.0626515154,2.09085858586667,3.13146464646665,833.65848484825,-2.87050505049998,-4.26348484848332
IT98050,Italy,IT,ITG,ITG1,ITG13,Messina,247.0626515154,2.09085858586667,3.13146464646665,833.65848484825,-2.87050505049998,-4.26348484848332
IT98051,Italy,IT,ITG,ITG1,ITG13,Messina,247.0626515154,2.09085858586667,3.13146464646665,833.65848484825,-2.87050505049998,-4.26348484848332
IT98053,Italy,IT,ITG,ITG1,ITG13,Messina,247.0626515154,2.09085858586667,3.13146464646665,833.65848484825,-2.87050505049998,-4.26348484848332
IT98054,Italy,IT,ITG,ITG1,ITG13,Messina,247.0626515154,2.09085858586667,3.13146464646665,833.65848484825,-2.87050505049998,-4.26348484848332
IT98055,Italy,IT,ITG,ITG1,ITG13,Messina,247.0626515154,2.09085858586667,3.13146464646665,833.65848484825,-2.87050505049998,-4.26348484848332
IT98056,Italy,IT,ITG,ITG1,ITG13,Messina,247.0626515154,2.09085858586667,3.13146464646665,833.65848484825,-2.87050505049998,-4.26348484848332
IT98057,Italy,IT,ITG,ITG1,ITG13,Messina,247.0626515154,2.09085858586667,3.13146464646665,833.65848484825,-2.87050505049998,-4.26348484848332
IT98058,Italy,IT,ITG,ITG1,ITG13,Messina,247.0626515154,2.09085858586667,3.13146464646665,833.65848484825,-2.87050505049998,-4.26348484848332
IT98059,Italy,IT,ITG,ITG1,ITG13,Messina,247.0626515154,2.09085858586667,3.13146464646665,833.65848484825,-2.87050505049998,-4.26348484848332
IT98060,Italy,IT,ITG,ITG1,ITG13,Messina,247.0626515154,2.09085858586667,3.13146464646665,833.65848484825,-2.87050505049998,-4.26348484848332
IT98061,Italy,IT,ITG,ITG1,ITG13,Messina,247.0626515154,2.09085858586667,3.13146464646665,833.65848484825,-2.87050505049998,-4.26348484848332
IT98062,Italy,IT,ITG,ITG1,ITG13,Messina,247.0626515154,2.09085858586667,3.13146464646665,833.65848484825,-2.87050505049998,-4.26348484848332
IT98063,Italy,IT,ITG,ITG1,ITG13,Messina,247.0626515154,2.09085858586667,3.13146464646665,833.65848484825,-2.87050505049998,-4.26348484848332
IT98064,Italy,IT,ITG,ITG1,ITG13,Messina,247.0626515154,2.09085858586667,3.13146464646665,833.65848484825,-2.87050505049998,-4.26348484848332
IT98065,Italy,IT,ITG,ITG1,ITG13,Messina,247.0626515154,2.09085858586667,3.13146464646665,833.65848484825,-2.87050505049998,-4.26348484848332
IT98066,Italy,IT,ITG,ITG1,ITG13,Messina,247.0626515154,2.09085858586667,3.13146464646665,833.65848484825,-2.87050505049998,-4.26348484848332
IT98067,Italy,IT,ITG,ITG1,ITG13,Messina,247.0626515154,2.09085858586667,3.13146464646665,833.65848484825,-2.87050505049998,-4.26348484848332
IT98068,Italy,IT,ITG,ITG1,ITG13,Messina,247.0626515154,2.09085858586667,3.13146464646665,833.65848484825,-2.87050505049998,-4.26348484848332
IT98069,Italy,IT,ITG,ITG1,ITG13,Messina,247.0626515154,2.09085858586667,3.13146464646665,833.65848484825,-2.87050505049998,-4.26348484848332
IT98070,Italy,IT,ITG,ITG1,ITG13,Messina,247.0626515154,2.09085858586667,3.13146464646665,833.65848484825,-2.87050505049998,-4.26348484848332
IT98071,Italy,IT,ITG,ITG1,ITG13,Messina,247.0626515154,2.09085858586667,3.13146464646665,833.65848484825,-2.87050505049998,-4.26348484848332
IT98072,Italy,IT,ITG,ITG1,ITG13,Messina,247.0626515154,2.09085858586667,3.13146464646665,833.65848484825,-2.87050505049998,-4.26348484848332
IT98073,Italy,IT,ITG,ITG1,ITG13,Messina,247.0626515154,2.09085858586667,3.13146464646665,833.65848484825,-2.87050505049998,-4.26348484848332
IT98074,Italy,IT,ITG,ITG1,ITG13,Messina,247.0626515154,2.09085858586667,3.13146464646665,833.65848484825,-2.87050505049998,-4.26348484848332
IT98075,Italy,IT,ITG,ITG1,ITG13,Messina,247.0626515154,2.09085858586667,3.13146464646665,833.65848484825,-2.87050505049998,-4.26348484848332
IT98076,Italy,IT,ITG,ITG1,ITG13,Messina,247.0626515154,2.09085858586667,3.13146464646665,833.65848484825,-2.87050505049998,-4.26348484848332
IT98077,Italy,IT,ITG,ITG1,ITG13,Messina,247.0626515154,2.09085858586667,3.13146464646665,833.65848484825,-2.87050505049998,-4.26348484848332
IT98078,Italy,IT,ITG,ITG1,ITG13,Messina,247.0626515154,2.09085858586667,3.13146464646665,833.65848484825,-2.87050505049998,-4.26348484848332
IT98079,Italy,IT,ITG,ITG1,ITG13,Messina,247.0626515154,2.09085858586667,3.13146464646665,833.65848484825,-2.87050505049998,-4.26348484848332
IT98100,Italy,IT,ITG,ITG1,ITG13,Messina,247.0626515154,2.09085858586667,3.13146464646665,833.65848484825,-2.87050505049998,-4.26348484848332
IT98121,Italy,IT,ITG,ITG1,ITG13,Messina,247.0626515154,2.09085858586667,3.13146464646665,833.65848484825,-2.87050505049998,-4.26348484848332
IT98122,Italy,IT,ITG,ITG1,ITG13,Messina,247.0626515154,2.09085858586667,3.13146464646665,833.65848484825,-2.87050505049998,-4.26348484848332
IT98123,Italy,IT,ITG,ITG1,ITG13,Messina,247.0626515154,2.09085858586667,3.13146464646665,833.65848484825,-2.87050505049998,-4.26348484848332
IT98124,Italy,IT,ITG,ITG1,ITG13,Messina,247.0626515154,2.09085858586667,3.13146464646665,833.65848484825,-2.87050505049998,-4.26348484848332
IT98125,Italy,IT,ITG,ITG1,ITG13,Messina,247.0626515154,2.09085858586667,3.13146464646665,833.65848484825,-2.87050505049998,-4.26348484848332
IT98126,Italy,IT,ITG,ITG1,ITG13,Messina,247.0626515154,2.09085858586667,3.13146464646665,833.65848484825,-2.87050505049998,-4.26348484848332
IT98127,Italy,IT,ITG,ITG1,ITG13,Messina,247.0626515154,2.09085858586667,3.13146464646665,833.65848484825,-2.87050505049998,-4.26348484848332
IT98128,Italy,IT,ITG,ITG1,ITG13,Messina,247.0626515154,2.09085858586667,3.13146464646665,833.65848484825,-2.87050505049998,-4.26348484848332
IT98129,Italy,IT,ITG,ITG1,ITG13,Messina,247.0626515154,2.09085858586667,3.13146464646665,833.65848484825,-2.87050505049998,-4.26348484848332
IT98131,Italy,IT,ITG,ITG1,ITG13,Messina,247.0626515154,2.09085858586667,3.13146464646665,833.65848484825,-2.87050505049998,-4.26348484848332
IT98132,Italy,IT,ITG,ITG1,ITG13,Messina,247.0626515154,2.09085858586667,3.13146464646665,833.65848484825,-2.87050505049998,-4.26348484848332
IT98133,Italy,IT,ITG,ITG1,ITG13,Messina,247.0626515154,2.09085858586667,3.13146464646665,833.65848484825,-2.87050505049998,-4.26348484848332
IT98134,Italy,IT,ITG,ITG1,ITG13,Messina,247.0626515154,2.09085858586667,3.13146464646665,833.65848484825,-2.87050505049998,-4.26348484848332
IT98135,Italy,IT,ITG,ITG1,ITG13,Messina,247.0626515154,2.09085858586667,3.13146464646665,833.65848484825,-2.87050505049998,-4.26348484848332
IT98136,Italy,IT,ITG,ITG1,ITG13,Messina,247.0626515154,2.09085858586667,3.13146464646665,833.65848484825,-2.87050505049998,-4.26348484848332
IT98137,Italy,IT,ITG,ITG1,ITG13,Messina,247.0626515154,2.09085858586667,3.13146464646665,833.65848484825,-2.87050505049998,-4.26348484848332
IT98138,Italy,IT,ITG,ITG1,ITG13,Messina,247.0626515154,2.09085858586667,3.13146464646665,833.65848484825,-2.87050505049998,-4.26348484848332
IT98139,Italy,IT,ITG,ITG1,ITG13,Messina,247.0626515154,2.09085858586667,3.13146464646665,833.65848484825,-2.87050505049998,-4.26348484848332
IT98141,Italy,IT,ITG,ITG1,ITG13,Messina,247.0626515154,2.09085858586667,3.13146464646665,833.65848484825,-2.87050505049998,-4.26348484848332
IT98142,Italy,IT,ITG,ITG1,ITG13,Messina,247.0626515154,2.09085858586667,3.13146464646665,833.65848484825,-2.87050505049998,-4.26348484848332
IT98143,Italy,IT,ITG,ITG1,ITG13,Messina,247.0626515154,2.09085858586667,3.13146464646665,833.65848484825,-2.87050505049998,-4.26348484848332
IT98144,Italy,IT,ITG,ITG1,ITG13,Messina,247.0626515154,2.09085858586667,3.13146464646665,833.65848484825,-2.87050505049998,-4.26348484848332
IT98145,Italy,IT,ITG,ITG1,ITG13,Messina,247.0626515154,2.09085858586667,3.13146464646665,833.65848484825,-2.87050505049998,-4.26348484848332
IT98146,Italy,IT,ITG,ITG1,ITG13,Messina,247.0626515154,2.09085858586667,3.13146464646665,833.65848484825,-2.87050505049998,-4.26348484848332
IT98147,Italy,IT,ITG,ITG1,ITG13,Messina,247.0626515154,2.09085858586667,3.13146464646665,833.65848484825,-2.87050505049998,-4.26348484848332
IT98148,Italy,IT,ITG,ITG1,ITG13,Messina,247.0626515154,2.09085858586667,3.13146464646665,833.65848484825,-2.87050505049998,-4.26348484848332
IT98149,Italy,IT,ITG,ITG1,ITG13,Messina,247.0626515154,2.09085858586667,3.13146464646665,833.65848484825,-2.87050505049998,-4.26348484848332
IT98151,Italy,IT,ITG,ITG1,ITG13,Messina,247.0626515154,2.09085858586667,3.13146464646665,833.65848484825,-2.87050505049998,-4.26348484848332
IT98152,Italy,IT,ITG,ITG1,ITG13,Messina,247.0626515154,2.09085858586667,3.13146464646665,833.65848484825,-2.87050505049998,-4.26348484848332
IT98153,Italy,IT,ITG,ITG1,ITG13,Messina,247.0626515154,2.09085858586667,3.13146464646665,833.65848484825,-2.87050505049998,-4.26348484848332
IT98154,Italy,IT,ITG,ITG1,ITG13,Messina,247.0626515154,2.09085858586667,3.13146464646665,833.65848484825,-2.87050505049998,-4.26348484848332
IT98155,Italy,IT,ITG,ITG1,ITG13,Messina,247.0626515154,2.09085858586667,3.13146464646665,833.65848484825,-2.87050505049998,-4.26348484848332
IT98156,Italy,IT,ITG,ITG1,ITG13,Messina,247.0626515154,2.09085858586667,3.13146464646665,833.65848484825,-2.87050505049998,-4.26348484848332
IT98157,Italy,IT,ITG,ITG1,ITG13,Messina,247.0626515154,2.09085858586667,3.13146464646665,833.65848484825,-2.87050505049998,-4.26348484848332
IT98158,Italy,IT,ITG,ITG1,ITG13,Messina,247.0626515154,2.09085858586667,3.13146464646665,833.65848484825,-2.87050505049998,-4.26348484848332
IT98159,Italy,IT,ITG,ITG1,ITG13,Messina,247.0626515154,2.09085858586667,3.13146464646665,833.65848484825,-2.87050505049998,-4.26348484848332
IT98161,Italy,IT,ITG,ITG1,ITG13,Messina,247.0626515154,2.09085858586667,3.13146464646665,833.65848484825,-2.87050505049998,-4.26348484848332
IT98162,Italy,IT,ITG,ITG1,ITG13,Messina,247.0626515154,2.09085858586667,3.13146464646665,833.65848484825,-2.87050505049998,-4.26348484848332
IT98163,Italy,IT,ITG,ITG1,ITG13,Messina,247.0626515154,2.09085858586667,3.13146464646665,833.65848484825,-2.87050505049998,-4.26348484848332
IT98164,Italy,IT,ITG,ITG1,ITG13,Messina,247.0626515154,2.09085858586667,3.13146464646665,833.65848484825,-2.87050505049998,-4.26348484848332
IT98165,Italy,IT,ITG,ITG1,ITG13,Messina,247.0626515154,2.09085858586667,3.13146464646665,833.65848484825,-2.87050505049998,-4.26348484848332
IT98166,Italy,IT,ITG,ITG1,ITG13,Messina,247.0626515154,2.09085858586667,3.13146464646665,833.65848484825,-2.87050505049998,-4.26348484848332
IT98167,Italy,IT,ITG,ITG1,ITG13,Messina,247.0626515154,2.09085858586667,3.13146464646665,833.65848484825,-2.87050505049998,-4.26348484848332
IT98168,Italy,IT,ITG,ITG1,ITG13,Messina,247.0626515154,2.09085858586667,3.13146464646665,833.65848484825,-2.87050505049998,-4.26348484848332
IT89812,Italy,IT,ITF,ITF6,ITF64,Vibo Valentia,291.557499999975,2.56705128204998,3.805,708.8665384619,-2.74846153846667,-4.06141025641667
IT89813,Italy,IT,ITF,ITF6,ITF64,Vibo Valentia,291.557499999975,2.56705128204998,3.805,708.8665384619,-2.74846153846667,-4.06141025641667
IT89814,Italy,IT,ITF,ITF6,ITF64,Vibo Valentia,291.557499999975,2.56705128204998,3.805,708.8665384619,-2.74846153846667,-4.06141025641667
IT89815,Italy,IT,ITF,ITF6,ITF64,Vibo Valentia,291.557499999975,2.56705128204998,3.805,708.8665384619,-2.74846153846667,-4.06141025641667
IT89816,Italy,IT,ITF,ITF6,ITF64,Vibo Valentia,291.557499999975,2.56705128204998,3.805,708.8665384619,-2.74846153846667,-4.06141025641667
IT89817,Italy,IT,ITF,ITF6,ITF64,Vibo Valentia,291.557499999975,2.56705128204998,3.805,708.8665384619,-2.74846153846667,-4.06141025641667
IT89818,Italy,IT,ITF,ITF6,ITF64,Vibo Valentia,291.557499999975,2.56705128204998,3.805,708.8665384619,-2.74846153846667,-4.06141025641667
IT89819,Italy,IT,ITF,ITF6,ITF64,Vibo Valentia,291.557499999975,2.56705128204998,3.805,708.8665384619,-2.74846153846667,-4.06141025641667
IT89821,Italy,IT,ITF,ITF6,ITF64,Vibo Valentia,291.557499999975,2.56705128204998,3.805,708.8665384619,-2.74846153846667,-4.06141025641667
IT89822,Italy,IT,ITF,ITF6,ITF64,Vibo Valentia,291.557499999975,2.56705128204998,3.805,708.8665384619,-2.74846153846667,-4.06141025641667
IT89823,Italy,IT,ITF,ITF6,ITF64,Vibo Valentia,291.557499999975,2.56705128204998,3.805,708.8665384619,-2.74846153846667,-4.06141025641667
IT89824,Italy,IT,ITF,ITF6,ITF64,Vibo Valentia,291.557499999975,2.56705128204998,3.805,708.8665384619,-2.74846153846667,-4.06141025641667
IT89831,Italy,IT,ITF,ITF6,ITF64,Vibo Valentia,291.557499999975,2.56705128204998,3.805,708.8665384619,-2.74846153846667,-4.06141025641667
IT89832,Italy,IT,ITF,ITF6,ITF64,Vibo Valentia,291.557499999975,2.56705128204998,3.805,708.8665384619,-2.74846153846667,-4.06141025641667
IT89833,Italy,IT,ITF,ITF6,ITF64,Vibo Valentia,291.557499999975,2.56705128204998,3.805,708.8665384619,-2.74846153846667,-4.06141025641667
IT89834,Italy,IT,ITF,ITF6,ITF64,Vibo Valentia,291.557499999975,2.56705128204998,3.805,708.8665384619,-2.74846153846667,-4.06141025641667
IT89841,Italy,IT,ITF,ITF6,ITF64,Vibo Valentia,291.557499999975,2.56705128204998,3.805,708.8665384619,-2.74846153846667,-4.06141025641667
IT89842,Italy,IT,ITF,ITF6,ITF64,Vibo Valentia,291.557499999975,2.56705128204998,3.805,708.8665384619,-2.74846153846667,-4.06141025641667
IT89843,Italy,IT,ITF,ITF6,ITF64,Vibo Valentia,291.557499999975,2.56705128204998,3.805,708.8665384619,-2.74846153846667,-4.06141025641667
IT89844,Italy,IT,ITF,ITF6,ITF64,Vibo Valentia,291.557499999975,2.56705128204998,3.805,708.8665384619,-2.74846153846667,-4.06141025641667
IT89851,Italy,IT,ITF,ITF6,ITF64,Vibo Valentia,291.557499999975,2.56705128204998,3.805,708.8665384619,-2.74846153846667,-4.06141025641667
IT89852,Italy,IT,ITF,ITF6,ITF64,Vibo Valentia,291.557499999975,2.56705128204998,3.805,708.8665384619,-2.74846153846667,-4.06141025641667
IT89853,Italy,IT,ITF,ITF6,ITF64,Vibo Valentia,291.557499999975,2.56705128204998,3.805,708.8665384619,-2.74846153846667,-4.06141025641667
IT89861,Italy,IT,ITF,ITF6,ITF64,Vibo Valentia,291.557499999975,2.56705128204998,3.805,708.8665384619,-2.74846153846667,-4.06141025641667
IT89862,Italy,IT,ITF,ITF6,ITF64,Vibo Valentia,291.557499999975,2.56705128204998,3.805,708.8665384619,-2.74846153846667,-4.06141025641667
IT89863,Italy,IT,ITF,ITF6,ITF64,Vibo Valentia,291.557499999975,2.56705128204998,3.805,708.8665384619,-2.74846153846667,-4.06141025641667
IT89864,Italy,IT,ITF,ITF6,ITF64,Vibo Valentia,291.557499999975,2.56705128204998,3.805,708.8665384619,-2.74846153846667,-4.06141025641667
IT89866,Italy,IT,ITF,ITF6,ITF64,Vibo Valentia,291.557499999975,2.56705128204998,3.805,708.8665384619,-2.74846153846667,-4.06141025641667
IT89867,Italy,IT,ITF,ITF6,ITF64,Vibo Valentia,291.557499999975,2.56705128204998,3.805,708.8665384619,-2.74846153846667,-4.06141025641667
IT89868,Italy,IT,ITF,ITF6,ITF64,Vibo Valentia,291.557499999975,2.56705128204998,3.805,708.8665384619,-2.74846153846667,-4.06141025641667
IT89900,Italy,IT,ITF,ITF6,ITF64,Vibo Valentia,291.557499999975,2.56705128204998,3.805,708.8665384619,-2.74846153846667,-4.06141025641667
IT73010,Italy,IT,ITF,ITF4,ITF45,Lecce,376.827499999825,3.05304597701667,4.36522988504998,588.443793103524,-2.46689655171667,-3.55729885056667
IT73011,Italy,IT,ITF,ITF4,ITF45,Lecce,376.827499999825,3.05304597701667,4.36522988504998,588.443793103524,-2.46689655171667,-3.55729885056667
IT73012,Italy,IT,ITF,ITF4,ITF45,Lecce,376.827499999825,3.05304597701667,4.36522988504998,588.443793103524,-2.46689655171667,-3.55729885056667
IT73013,Italy,IT,ITF,ITF4,ITF45,Lecce,376.827499999825,3.05304597701667,4.36522988504998,588.443793103524,-2.46689655171667,-3.55729885056667
IT73014,Italy,IT,ITF,ITF4,ITF45,Lecce,376.827499999825,3.05304597701667,4.36522988504998,588.443793103524,-2.46689655171667,-3.55729885056667
IT73015,Italy,IT,ITF,ITF4,ITF45,Lecce,376.827499999825,3.05304597701667,4.36522988504998,588.443793103524,-2.46689655171667,-3.55729885056667
IT73016,Italy,IT,ITF,ITF4,ITF45,Lecce,376.827499999825,3.05304597701667,4.36522988504998,588.443793103524,-2.46689655171667,-3.55729885056667
IT73017,Italy,IT,ITF,ITF4,ITF45,Lecce,376.827499999825,3.05304597701667,4.36522988504998,588.443793103524,-2.46689655171667,-3.55729885056667
IT73018,Italy,IT,ITF,ITF4,ITF45,Lecce,376.827499999825,3.05304597701667,4.36522988504998,588.443793103524,-2.46689655171667,-3.55729885056667
IT73019,Italy,IT,ITF,ITF4,ITF45,Lecce,376.827499999825,3.05304597701667,4.36522988504998,588.443793103524,-2.46689655171667,-3.55729885056667
IT73020,Italy,IT,ITF,ITF4,ITF45,Lecce,376.827499999825,3.05304597701667,4.36522988504998,588.443793103524,-2.46689655171667,-3.55729885056667
IT73021,Italy,IT,ITF,ITF4,ITF45,Lecce,376.827499999825,3.05304597701667,4.36522988504998,588.443793103524,-2.46689655171667,-3.55729885056667
IT73022,Italy,IT,ITF,ITF4,ITF45,Lecce,376.827499999825,3.05304597701667,4.36522988504998,588.443793103524,-2.46689655171667,-3.55729885056667
IT73023,Italy,IT,ITF,ITF4,ITF45,Lecce,376.827499999825,3.05304597701667,4.36522988504998,588.443793103524,-2.46689655171667,-3.55729885056667
IT73024,Italy,IT,ITF,ITF4,ITF45,Lecce,376.827499999825,3.05304597701667,4.36522988504998,588.443793103524,-2.46689655171667,-3.55729885056667
IT73025,Italy,IT,ITF,ITF4,ITF45,Lecce,376.827499999825,3.05304597701667,4.36522988504998,588.443793103524,-2.46689655171667,-3.55729885056667
IT73026,Italy,IT,ITF,ITF4,ITF45,Lecce,376.827499999825,3.05304597701667,4.36522988504998,588.443793103524,-2.46689655171667,-3.55729885056667
IT73027,Italy,IT,ITF,ITF4,ITF45,Lecce,376.827499999825,3.05304597701667,4.36522988504998,588.443793103524,-2.46689655171667,-3.55729885056667
IT73028,Italy,IT,ITF,ITF4,ITF45,Lecce,376.827499999825,3.05304597701667,4.36522988504998,588.443793103524,-2.46689655171667,-3.55729885056667
IT73029,Italy,IT,ITF,ITF4,ITF45,Lecce,376.827499999825,3.05304597701667,4.36522988504998,588.443793103524,-2.46689655171667,-3.55729885056667
IT73030,Italy,IT,ITF,ITF4,ITF45,Lecce,376.827499999825,3.05304597701667,4.36522988504998,588.443793103524,-2.46689655171667,-3.55729885056667
IT73031,Italy,IT,ITF,ITF4,ITF45,Lecce,376.827499999825,3.05304597701667,4.36522988504998,588.443793103524,-2.46689655171667,-3.55729885056667
IT73032,Italy,IT,ITF,ITF4,ITF45,Lecce,376.827499999825,3.05304597701667,4.36522988504998,588.443793103524,-2.46689655171667,-3.55729885056667
IT73033,Italy,IT,ITF,ITF4,ITF45,Lecce,376.827499999825,3.05304597701667,4.36522988504998,588.443793103524,-2.46689655171667,-3.55729885056667
IT73034,Italy,IT,ITF,ITF4,ITF45,Lecce,376.827499999825,3.05304597701667,4.36522988504998,588.443793103524,-2.46689655171667,-3.55729885056667
IT73035,Italy,IT,ITF,ITF4,ITF45,Lecce,376.827499999825,3.05304597701667,4.36522988504998,588.443793103524,-2.46689655171667,-3.55729885056667
IT73036,Italy,IT,ITF,ITF4,ITF45,Lecce,376.827499999825,3.05304597701667,4.36522988504998,588.443793103524,-2.46689655171667,-3.55729885056667
IT73037,Italy,IT,ITF,ITF4,ITF45,Lecce,376.827499999825,3.05304597701667,4.36522988504998,588.443793103524,-2.46689655171667,-3.55729885056667
IT73038,Italy,IT,ITF,ITF4,ITF45,Lecce,376.827499999825,3.05304597701667,4.36522988504998,588.443793103524,-2.46689655171667,-3.55729885056667
IT73039,Italy,IT,ITF,ITF4,ITF45,Lecce,376.827499999825,3.05304597701667,4.36522988504998,588.443793103524,-2.46689655171667,-3.55729885056667
IT73040,Italy,IT,ITF,ITF4,ITF45,Lecce,376.827499999825,3.05304597701667,4.36522988504998,588.443793103524,-2.46689655171667,-3.55729885056667
IT73041,Italy,IT,ITF,ITF4,ITF45,Lecce,376.827499999825,3.05304597701667,4.36522988504998,588.443793103524,-2.46689655171667,-3.55729885056667
IT73042,Italy,IT,ITF,ITF4,ITF45,Lecce,376.827499999825,3.05304597701667,4.36522988504998,588.443793103524,-2.46689655171667,-3.55729885056667
IT73043,Italy,IT,ITF,ITF4,ITF45,Lecce,376.827499999825,3.05304597701667,4.36522988504998,588.443793103524,-2.46689655171667,-3.55729885056667
IT73044,Italy,IT,ITF,ITF4,ITF45,Lecce,376.827499999825,3.05304597701667,4.36522988504998,588.443793103524,-2.46689655171667,-3.55729885056667
IT73045,Italy,IT,ITF,ITF4,ITF45,Lecce,376.827499999825,3.05304597701667,4.36522988504998,588.443793103524,-2.46689655171667,-3.55729885056667
IT73046,Italy,IT,ITF,ITF4,ITF45,Lecce,376.827499999825,3.05304597701667,4.36522988504998,588.443793103524,-2.46689655171667,-3.55729885056667
IT73047,Italy,IT,ITF,ITF4,ITF45,Lecce,376.827499999825,3.05304597701667,4.36522988504998,588.443793103524,-2.46689655171667,-3.55729885056667
IT73048,Italy,IT,ITF,ITF4,ITF45,Lecce,376.827499999825,3.05304597701667,4.36522988504998,588.443793103524,-2.46689655171667,-3.55729885056667
IT73049,Italy,IT,ITF,ITF4,ITF45,Lecce,376.827499999825,3.05304597701667,4.36522988504998,588.443793103524,-2.46689655171667,-3.55729885056667
IT73050,Italy,IT,ITF,ITF4,ITF45,Lecce,376.827499999825,3.05304597701667,4.36522988504998,588.443793103524,-2.46689655171667,-3.55729885056667
IT73051,Italy,IT,ITF,ITF4,ITF45,Lecce,376.827499999825,3.05304597701667,4.36522988504998,588.443793103524,-2.46689655171667,-3.55729885056667
IT73052,Italy,IT,ITF,ITF4,ITF45,Lecce,376.827499999825,3.05304597701667,4.36522988504998,588.443793103524,-2.46689655171667,-3.55729885056667
IT73053,Italy,IT,ITF,ITF4,ITF45,Lecce,376.827499999825,3.05304597701667,4.36522988504998,588.443793103524,-2.46689655171667,-3.55729885056667
IT73054,Italy,IT,ITF,ITF4,ITF45,Lecce,376.827499999825,3.05304597701667,4.36522988504998,588.443793103524,-2.46689655171667,-3.55729885056667
IT73055,Italy,IT,ITF,ITF4,ITF45,Lecce,376.827499999825,3.05304597701667,4.36522988504998,588.443793103524,-2.46689655171667,-3.55729885056667
IT73056,Italy,IT,ITF,ITF4,ITF45,Lecce,376.827499999825,3.05304597701667,4.36522988504998,588.443793103524,-2.46689655171667,-3.55729885056667
IT73057,Italy,IT,ITF,ITF4,ITF45,Lecce,376.827499999825,3.05304597701667,4.36522988504998,588.443793103524,-2.46689655171667,-3.55729885056667
IT73058,Italy,IT,ITF,ITF4,ITF45,Lecce,376.827499999825,3.05304597701667,4.36522988504998,588.443793103524,-2.46689655171667,-3.55729885056667
IT73059,Italy,IT,ITF,ITF4,ITF45,Lecce,376.827499999825,3.05304597701667,4.36522988504998,588.443793103524,-2.46689655171667,-3.55729885056667
IT73100,Italy,IT,ITF,ITF4,ITF45,Lecce,376.827499999825,3.05304597701667,4.36522988504998,588.443793103524,-2.46689655171667,-3.55729885056667
IT80010,Italy,IT,ITF,ITF3,ITF33,Napoli,391.581363636574,2.66151515151667,3.70227272726667,750.556818181424,-2.50151515151665,-3.78409090908333
IT80011,Italy,IT,ITF,ITF3,ITF33,Napoli,391.581363636574,2.66151515151667,3.70227272726667,750.556818181424,-2.50151515151665,-3.78409090908333
IT80012,Italy,IT,ITF,ITF3,ITF33,Napoli,391.581363636574,2.66151515151667,3.70227272726667,750.556818181424,-2.50151515151665,-3.78409090908333
IT80013,Italy,IT,ITF,ITF3,ITF33,Napoli,391.581363636574,2.66151515151667,3.70227272726667,750.556818181424,-2.50151515151665,-3.78409090908333
IT80014,Italy,IT,ITF,ITF3,ITF33,Napoli,391.581363636574,2.66151515151667,3.70227272726667,750.556818181424,-2.50151515151665,-3.78409090908333
IT80016,Italy,IT,ITF,ITF3,ITF33,Napoli,391.581363636574,2.66151515151667,3.70227272726667,750.556818181424,-2.50151515151665,-3.78409090908333
IT80017,Italy,IT,ITF,ITF3,ITF33,Napoli,391.581363636574,2.66151515151667,3.70227272726667,750.556818181424,-2.50151515151665,-3.78409090908333
IT80018,Italy,IT,ITF,ITF3,ITF33,Napoli,391.581363636574,2.66151515151667,3.70227272726667,750.556818181424,-2.50151515151665,-3.78409090908333
IT80019,Italy,IT,ITF,ITF3,ITF33,Napoli,391.581363636574,2.66151515151667,3.70227272726667,750.556818181424,-2.50151515151665,-3.78409090908333
IT80020,Italy,IT,ITF,ITF3,ITF33,Napoli,391.581363636574,2.66151515151667,3.70227272726667,750.556818181424,-2.50151515151665,-3.78409090908333
IT80021,Italy,IT,ITF,ITF3,ITF33,Napoli,391.581363636574,2.66151515151667,3.70227272726667,750.556818181424,-2.50151515151665,-3.78409090908333
IT80022,Italy,IT,ITF,ITF3,ITF33,Napoli,391.581363636574,2.66151515151667,3.70227272726667,750.556818181424,-2.50151515151665,-3.78409090908333
IT80023,Italy,IT,ITF,ITF3,ITF33,Napoli,391.581363636574,2.66151515151667,3.70227272726667,750.556818181424,-2.50151515151665,-3.78409090908333
IT80024,Italy,IT,ITF,ITF3,ITF33,Napoli,391.581363636574,2.66151515151667,3.70227272726667,750.556818181424,-2.50151515151665,-3.78409090908333
IT80025,Italy,IT,ITF,ITF3,ITF33,Napoli,391.581363636574,2.66151515151667,3.70227272726667,750.556818181424,-2.50151515151665,-3.78409090908333
IT80026,Italy,IT,ITF,ITF3,ITF33,Napoli,391.581363636574,2.66151515151667,3.70227272726667,750.556818181424,-2.50151515151665,-3.78409090908333
IT80027,Italy,IT,ITF,ITF3,ITF33,Napoli,391.581363636574,2.66151515151667,3.70227272726667,750.556818181424,-2.50151515151665,-3.78409090908333
IT80028,Italy,IT,ITF,ITF3,ITF33,Napoli,391.581363636574,2.66151515151667,3.70227272726667,750.556818181424,-2.50151515151665,-3.78409090908333
IT80029,Italy,IT,ITF,ITF3,ITF33,Napoli,391.581363636574,2.66151515151667,3.70227272726667,750.556818181424,-2.50151515151665,-3.78409090908333
IT80030,Italy,IT,ITF,ITF3,ITF33,Napoli,391.581363636574,2.66151515151667,3.70227272726667,750.556818181424,-2.50151515151665,-3.78409090908333
IT80031,Italy,IT,ITF,ITF3,ITF33,Napoli,391.581363636574,2.66151515151667,3.70227272726667,750.556818181424,-2.50151515151665,-3.78409090908333
IT80032,Italy,IT,ITF,ITF3,ITF33,Napoli,391.581363636574,2.66151515151667,3.70227272726667,750.556818181424,-2.50151515151665,-3.78409090908333
IT80033,Italy,IT,ITF,ITF3,ITF33,Napoli,391.581363636574,2.66151515151667,3.70227272726667,750.556818181424,-2.50151515151665,-3.78409090908333
IT80034,Italy,IT,ITF,ITF3,ITF33,Napoli,391.581363636574,2.66151515151667,3.70227272726667,750.556818181424,-2.50151515151665,-3.78409090908333
IT80035,Italy,IT,ITF,ITF3,ITF33,Napoli,391.581363636574,2.66151515151667,3.70227272726667,750.556818181424,-2.50151515151665,-3.78409090908333
IT80036,Italy,IT,ITF,ITF3,ITF33,Napoli,391.581363636574,2.66151515151667,3.70227272726667,750.556818181424,-2.50151515151665,-3.78409090908333
IT80038,Italy,IT,ITF,ITF3,ITF33,Napoli,391.581363636574,2.66151515151667,3.70227272726667,750.556818181424,-2.50151515151665,-3.78409090908333
IT80039,Italy,IT,ITF,ITF3,ITF33,Napoli,391.581363636574,2.66151515151667,3.70227272726667,750.556818181424,-2.50151515151665,-3.78409090908333
IT80040,Italy,IT,ITF,ITF3,ITF33,Napoli,391.581363636574,2.66151515151667,3.70227272726667,750.556818181424,-2.50151515151665,-3.78409090908333
IT80041,Italy,IT,ITF,ITF3,ITF33,Napoli,391.581363636574,2.66151515151667,3.70227272726667,750.556818181424,-2.50151515151665,-3.78409090908333
IT80042,Italy,IT,ITF,ITF3,ITF33,Napoli,391.581363636574,2.66151515151667,3.70227272726667,750.556818181424,-2.50151515151665,-3.78409090908333
IT80044,Italy,IT,ITF,ITF3,ITF33,Napoli,391.581363636574,2.66151515151667,3.70227272726667,750.556818181424,-2.50151515151665,-3.78409090908333
IT80045,Italy,IT,ITF,ITF3,ITF33,Napoli,391.581363636574,2.66151515151667,3.70227272726667,750.556818181424,-2.50151515151665,-3.78409090908333
IT80046,Italy,IT,ITF,ITF3,ITF33,Napoli,391.581363636574,2.66151515151667,3.70227272726667,750.556818181424,-2.50151515151665,-3.78409090908333
IT80047,Italy,IT,ITF,ITF3,ITF33,Napoli,391.581363636574,2.66151515151667,3.70227272726667,750.556818181424,-2.50151515151665,-3.78409090908333
IT80048,Italy,IT,ITF,ITF3,ITF33,Napoli,391.581363636574,2.66151515151667,3.70227272726667,750.556818181424,-2.50151515151665,-3.78409090908333
IT80049,Italy,IT,ITF,ITF3,ITF33,Napoli,391.581363636574,2.66151515151667,3.70227272726667,750.556818181424,-2.50151515151665,-3.78409090908333
IT80050,Italy,IT,ITF,ITF3,ITF33,Napoli,391.581363636574,2.66151515151667,3.70227272726667,750.556818181424,-2.50151515151665,-3.78409090908333
IT80051,Italy,IT,ITF,ITF3,ITF33,Napoli,391.581363636574,2.66151515151667,3.70227272726667,750.556818181424,-2.50151515151665,-3.78409090908333
IT80053,Italy,IT,ITF,ITF3,ITF33,Napoli,391.581363636574,2.66151515151667,3.70227272726667,750.556818181424,-2.50151515151665,-3.78409090908333
IT80054,Italy,IT,ITF,ITF3,ITF33,Napoli,391.581363636574,2.66151515151667,3.70227272726667,750.556818181424,-2.50151515151665,-3.78409090908333
IT80055,Italy,IT,ITF,ITF3,ITF33,Napoli,391.581363636574,2.66151515151667,3.70227272726667,750.556818181424,-2.50151515151665,-3.78409090908333
IT80056,Italy,IT,ITF,ITF3,ITF33,Napoli,391.581363636574,2.66151515151667,3.70227272726667,750.556818181424,-2.50151515151665,-3.78409090908333
IT80057,Italy,IT,ITF,ITF3,ITF33,Napoli,391.581363636574,2.66151515151667,3.70227272726667,750.556818181424,-2.50151515151665,-3.78409090908333
IT80058,Italy,IT,ITF,ITF3,ITF33,Napoli,391.581363636574,2.66151515151667,3.70227272726667,750.556818181424,-2.50151515151665,-3.78409090908333
IT80059,Italy,IT,ITF,ITF3,ITF33,Napoli,391.581363636574,2.66151515151667,3.70227272726667,750.556818181424,-2.50151515151665,-3.78409090908333
IT80060,Italy,IT,ITF,ITF3,ITF33,Napoli,391.581363636574,2.66151515151667,3.70227272726667,750.556818181424,-2.50151515151665,-3.78409090908333
IT80061,Italy,IT,ITF,ITF3,ITF33,Napoli,391.581363636574,2.66151515151667,3.70227272726667,750.556818181424,-2.50151515151665,-3.78409090908333
IT80062,Italy,IT,ITF,ITF3,ITF33,Napoli,391.581363636574,2.66151515151667,3.70227272726667,750.556818181424,-2.50151515151665,-3.78409090908333
IT80063,Italy,IT,ITF,ITF3,ITF33,Napoli,391.581363636574,2.66151515151667,3.70227272726667,750.556818181424,-2.50151515151665,-3.78409090908333
IT80065,Italy,IT,ITF,ITF3,ITF33,Napoli,391.581363636574,2.66151515151667,3.70227272726667,750.556818181424,-2.50151515151665,-3.78409090908333
IT80066,Italy,IT,ITF,ITF3,ITF33,Napoli,391.581363636574,2.66151515151667,3.70227272726667,750.556818181424,-2.50151515151665,-3.78409090908333
IT80067,Italy,IT,ITF,ITF3,ITF33,Napoli,391.581363636574,2.66151515151667,3.70227272726667,750.556818181424,-2.50151515151665,-3.78409090908333
IT80069,Italy,IT,ITF,ITF3,ITF33,Napoli,391.581363636574,2.66151515151667,3.70227272726667,750.556818181424,-2.50151515151665,-3.78409090908333
IT80070,Italy,IT,ITF,ITF3,ITF33,Napoli,391.581363636574,2.66151515151667,3.70227272726667,750.556818181424,-2.50151515151665,-3.78409090908333
IT80071,Italy,IT,ITF,ITF3,ITF33,Napoli,391.581363636574,2.66151515151667,3.70227272726667,750.556818181424,-2.50151515151665,-3.78409090908333
IT80073,Italy,IT,ITF,ITF3,ITF33,Napoli,391.581363636574,2.66151515151667,3.70227272726667,750.556818181424,-2.50151515151665,-3.78409090908333
IT80074,Italy,IT,ITF,ITF3,ITF33,Napoli,391.581363636574,2.66151515151667,3.70227272726667,750.556818181424,-2.50151515151665,-3.78409090908333
IT80075,Italy,IT,ITF,ITF3,ITF33,Napoli,391.581363636574,2.66151515151667,3.70227272726667,750.556818181424,-2.50151515151665,-3.78409090908333
IT80076,Italy,IT,ITF,ITF3,ITF33,Napoli,391.581363636574,2.66151515151667,3.70227272726667,750.556818181424,-2.50151515151665,-3.78409090908333
IT80077,Italy,IT,ITF,ITF3,ITF33,Napoli,391.581363636574,2.66151515151667,3.70227272726667,750.556818181424,-2.50151515151665,-3.78409090908333
IT80078,Italy,IT,ITF,ITF3,ITF33,Napoli,391.581363636574,2.66151515151667,3.70227272726667,750.556818181424,-2.50151515151665,-3.78409090908333
IT80079,Italy,IT,ITF,ITF3,ITF33,Napoli,391.581363636574,2.66151515151667,3.70227272726667,750.556818181424,-2.50151515151665,-3.78409090908333
IT80100,Italy,IT,ITF,ITF3,ITF33,Napoli,391.581363636574,2.66151515151667,3.70227272726667,750.556818181424,-2.50151515151665,-3.78409090908333
IT80121,Italy,IT,ITF,ITF3,ITF33,Napoli,391.581363636574,2.66151515151667,3.70227272726667,750.556818181424,-2.50151515151665,-3.78409090908333
IT80122,Italy,IT,ITF,ITF3,ITF33,Napoli,391.581363636574,2.66151515151667,3.70227272726667,750.556818181424,-2.50151515151665,-3.78409090908333
IT80123,Italy,IT,ITF,ITF3,ITF33,Napoli,391.581363636574,2.66151515151667,3.70227272726667,750.556818181424,-2.50151515151665,-3.78409090908333
IT80124,Italy,IT,ITF,ITF3,ITF33,Napoli,391.581363636574,2.66151515151667,3.70227272726667,750.556818181424,-2.50151515151665,-3.78409090908333
IT80125,Italy,IT,ITF,ITF3,ITF33,Napoli,391.581363636574,2.66151515151667,3.70227272726667,750.556818181424,-2.50151515151665,-3.78409090908333
IT80126,Italy,IT,ITF,ITF3,ITF33,Napoli,391.581363636574,2.66151515151667,3.70227272726667,750.556818181424,-2.50151515151665,-3.78409090908333
IT80127,Italy,IT,ITF,ITF3,ITF33,Napoli,391.581363636574,2.66151515151667,3.70227272726667,750.556818181424,-2.50151515151665,-3.78409090908333
IT80128,Italy,IT,ITF,ITF3,ITF33,Napoli,391.581363636574,2.66151515151667,3.70227272726667,750.556818181424,-2.50151515151665,-3.78409090908333
IT80129,Italy,IT,ITF,ITF3,ITF33,Napoli,391.581363636574,2.66151515151667,3.70227272726667,750.556818181424,-2.50151515151665,-3.78409090908333
IT80131,Italy,IT,ITF,ITF3,ITF33,Napoli,391.581363636574,2.66151515151667,3.70227272726667,750.556818181424,-2.50151515151665,-3.78409090908333
IT80132,Italy,IT,ITF,ITF3,ITF33,Napoli,391.581363636574,2.66151515151667,3.70227272726667,750.556818181424,-2.50151515151665,-3.78409090908333
IT80133,Italy,IT,ITF,ITF3,ITF33,Napoli,391.581363636574,2.66151515151667,3.70227272726667,750.556818181424,-2.50151515151665,-3.78409090908333
IT80134,Italy,IT,ITF,ITF3,ITF33,Napoli,391.581363636574,2.66151515151667,3.70227272726667,750.556818181424,-2.50151515151665,-3.78409090908333
IT80135,Italy,IT,ITF,ITF3,ITF33,Napoli,391.581363636574,2.66151515151667,3.70227272726667,750.556818181424,-2.50151515151665,-3.78409090908333
IT80136,Italy,IT,ITF,ITF3,ITF33,Napoli,391.581363636574,2.66151515151667,3.70227272726667,750.556818181424,-2.50151515151665,-3.78409090908333
IT80137,Italy,IT,ITF,ITF3,ITF33,Napoli,391.581363636574,2.66151515151667,3.70227272726667,750.556818181424,-2.50151515151665,-3.78409090908333
IT80138,Italy,IT,ITF,ITF3,ITF33,Napoli,391.581363636574,2.66151515151667,3.70227272726667,750.556818181424,-2.50151515151665,-3.78409090908333
IT80139,Italy,IT,ITF,ITF3,ITF33,Napoli,391.581363636574,2.66151515151667,3.70227272726667,750.556818181424,-2.50151515151665,-3.78409090908333
IT80141,Italy,IT,ITF,ITF3,ITF33,Napoli,391.581363636574,2.66151515151667,3.70227272726667,750.556818181424,-2.50151515151665,-3.78409090908333
IT80142,Italy,IT,ITF,ITF3,ITF33,Napoli,391.581363636574,2.66151515151667,3.70227272726667,750.556818181424,-2.50151515151665,-3.78409090908333
IT80143,Italy,IT,ITF,ITF3,ITF33,Napoli,391.581363636574,2.66151515151667,3.70227272726667,750.556818181424,-2.50151515151665,-3.78409090908333
IT80144,Italy,IT,ITF,ITF3,ITF33,Napoli,391.581363636574,2.66151515151667,3.70227272726667,750.556818181424,-2.50151515151665,-3.78409090908333
IT80145,Italy,IT,ITF,ITF3,ITF33,Napoli,391.581363636574,2.66151515151667,3.70227272726667,750.556818181424,-2.50151515151665,-3.78409090908333
IT80146,Italy,IT,ITF,ITF3,ITF33,Napoli,391.581363636574,2.66151515151667,3.70227272726667,750.556818181424,-2.50151515151665,-3.78409090908333
IT80147,Italy,IT,ITF,ITF3,ITF33,Napoli,391.581363636574,2.66151515151667,3.70227272726667,750.556818181424,-2.50151515151665,-3.78409090908333
IT66010,Italy,IT,ITF,ITF1,ITF14,Chieti,208.52325,1.74683333333333,2.51427777778333,1307.88241666678,-3.24705555554998,-5.00511111111667
IT66011,Italy,IT,ITF,ITF1,ITF14,Chieti,208.52325,1.74683333333333,2.51427777778333,1307.88241666678,-3.24705555554998,-5.00511111111667
IT66012,Italy,IT,ITF,ITF1,ITF14,Chieti,208.52325,1.74683333333333,2.51427777778333,1307.88241666678,-3.24705555554998,-5.00511111111667
IT66014,Italy,IT,ITF,ITF1,ITF14,Chieti,208.52325,1.74683333333333,2.51427777778333,1307.88241666678,-3.24705555554998,-5.00511111111667
IT66015,Italy,IT,ITF,ITF1,ITF14,Chieti,208.52325,1.74683333333333,2.51427777778333,1307.88241666678,-3.24705555554998,-5.00511111111667
IT66016,Italy,IT,ITF,ITF1,ITF14,Chieti,208.52325,1.74683333333333,2.51427777778333,1307.88241666678,-3.24705555554998,-5.00511111111667
IT66017,Italy,IT,ITF,ITF1,ITF14,Chieti,208.52325,1.74683333333333,2.51427777778333,1307.88241666678,-3.24705555554998,-5.00511111111667
IT66018,Italy,IT,ITF,ITF1,ITF14,Chieti,208.52325,1.74683333333333,2.51427777778333,1307.88241666678,-3.24705555554998,-5.00511111111667
IT66019,Italy,IT,ITF,ITF1,ITF14,Chieti,208.52325,1.74683333333333,2.51427777778333,1307.88241666678,-3.24705555554998,-5.00511111111667
IT66020,Italy,IT,ITF,ITF1,ITF14,Chieti,208.52325,1.74683333333333,2.51427777778333,1307.88241666678,-3.24705555554998,-5.00511111111667
IT66021,Italy,IT,ITF,ITF1,ITF14,Chieti,208.52325,1.74683333333333,2.51427777778333,1307.88241666678,-3.24705555554998,-5.00511111111667
IT66022,Italy,IT,ITF,ITF1,ITF14,Chieti,208.52325,1.74683333333333,2.51427777778333,1307.88241666678,-3.24705555554998,-5.00511111111667
IT66023,Italy,IT,ITF,ITF1,ITF14,Chieti,208.52325,1.74683333333333,2.51427777778333,1307.88241666678,-3.24705555554998,-5.00511111111667
IT66026,Italy,IT,ITF,ITF1,ITF14,Chieti,208.52325,1.74683333333333,2.51427777778333,1307.88241666678,-3.24705555554998,-5.00511111111667
IT66030,Italy,IT,ITF,ITF1,ITF14,Chieti,208.52325,1.74683333333333,2.51427777778333,1307.88241666678,-3.24705555554998,-5.00511111111667
IT66031,Italy,IT,ITF,ITF1,ITF14,Chieti,208.52325,1.74683333333333,2.51427777778333,1307.88241666678,-3.24705555554998,-5.00511111111667
IT66032,Italy,IT,ITF,ITF1,ITF14,Chieti,208.52325,1.74683333333333,2.51427777778333,1307.88241666678,-3.24705555554998,-5.00511111111667
IT66033,Italy,IT,ITF,ITF1,ITF14,Chieti,208.52325,1.74683333333333,2.51427777778333,1307.88241666678,-3.24705555554998,-5.00511111111667
IT66034,Italy,IT,ITF,ITF1,ITF14,Chieti,208.52325,1.74683333333333,2.51427777778333,1307.88241666678,-3.24705555554998,-5.00511111111667
IT66036,Italy,IT,ITF,ITF1,ITF14,Chieti,208.52325,1.74683333333333,2.51427777778333,1307.88241666678,-3.24705555554998,-5.00511111111667
IT66037,Italy,IT,ITF,ITF1,ITF14,Chieti,208.52325,1.74683333333333,2.51427777778333,1307.88241666678,-3.24705555554998,-5.00511111111667
IT66038,Italy,IT,ITF,ITF1,ITF14,Chieti,208.52325,1.74683333333333,2.51427777778333,1307.88241666678,-3.24705555554998,-5.00511111111667
IT66040,Italy,IT,ITF,ITF1,ITF14,Chieti,208.52325,1.74683333333333,2.51427777778333,1307.88241666678,-3.24705555554998,-5.00511111111667
IT66041,Italy,IT,ITF,ITF1,ITF14,Chieti,208.52325,1.74683333333333,2.51427777778333,1307.88241666678,-3.24705555554998,-5.00511111111667
IT66042,Italy,IT,ITF,ITF1,ITF14,Chieti,208.52325,1.74683333333333,2.51427777778333,1307.88241666678,-3.24705555554998,-5.00511111111667
IT66043,Italy,IT,ITF,ITF1,ITF14,Chieti,208.52325,1.74683333333333,2.51427777778333,1307.88241666678,-3.24705555554998,-5.00511111111667
IT66044,Italy,IT,ITF,ITF1,ITF14,Chieti,208.52325,1.74683333333333,2.51427777778333,1307.88241666678,-3.24705555554998,-5.00511111111667
IT66045,Italy,IT,ITF,ITF1,ITF14,Chieti,208.52325,1.74683333333333,2.51427777778333,1307.88241666678,-3.24705555554998,-5.00511111111667
IT66046,Italy,IT,ITF,ITF1,ITF14,Chieti,208.52325,1.74683333333333,2.51427777778333,1307.88241666678,-3.24705555554998,-5.00511111111667
IT66047,Italy,IT,ITF,ITF1,ITF14,Chieti,208.52325,1.74683333333333,2.51427777778333,1307.88241666678,-3.24705555554998,-5.00511111111667
IT66050,Italy,IT,ITF,ITF1,ITF14,Chieti,208.52325,1.74683333333333,2.51427777778333,1307.88241666678,-3.24705555554998,-5.00511111111667
IT66051,Italy,IT,ITF,ITF1,ITF14,Chieti,208.52325,1.74683333333333,2.51427777778333,1307.88241666678,-3.24705555554998,-5.00511111111667
IT66052,Italy,IT,ITF,ITF1,ITF14,Chieti,208.52325,1.74683333333333,2.51427777778333,1307.88241666678,-3.24705555554998,-5.00511111111667
IT66054,Italy,IT,ITF,ITF1,ITF14,Chieti,208.52325,1.74683333333333,2.51427777778333,1307.88241666678,-3.24705555554998,-5.00511111111667
IT66100,Italy,IT,ITF,ITF1,ITF14,Chieti,208.52325,1.74683333333333,2.51427777778333,1307.88241666678,-3.24705555554998,-5.00511111111667
IT62010,Italy,IT,ITI,ITI3,ITI33,Macerata,172.124705882692,1.525098039215,2.1187254902,1416.02720587945,-3.06813725489998,-4.76416666666667
IT62011,Italy,IT,ITI,ITI3,ITI33,Macerata,172.124705882692,1.525098039215,2.1187254902,1416.02720587945,-3.06813725489998,-4.76416666666667
IT62012,Italy,IT,ITI,ITI3,ITI33,Macerata,172.124705882692,1.525098039215,2.1187254902,1416.02720587945,-3.06813725489998,-4.76416666666667
IT62014,Italy,IT,ITI,ITI3,ITI33,Macerata,172.124705882692,1.525098039215,2.1187254902,1416.02720587945,-3.06813725489998,-4.76416666666667
IT62015,Italy,IT,ITI,ITI3,ITI33,Macerata,172.124705882692,1.525098039215,2.1187254902,1416.02720587945,-3.06813725489998,-4.76416666666667
IT62017,Italy,IT,ITI,ITI3,ITI33,Macerata,172.124705882692,1.525098039215,2.1187254902,1416.02720587945,-3.06813725489998,-4.76416666666667
IT62018,Italy,IT,ITI,ITI3,ITI33,Macerata,172.124705882692,1.525098039215,2.1187254902,1416.02720587945,-3.06813725489998,-4.76416666666667
IT62019,Italy,IT,ITI,ITI3,ITI33,Macerata,172.124705882692,1.525098039215,2.1187254902,1416.02720587945,-3.06813725489998,-4.76416666666667
IT62020,Italy,IT,ITI,ITI3,ITI33,Macerata,172.124705882692,1.525098039215,2.1187254902,1416.02720587945,-3.06813725489998,-4.76416666666667
IT62021,Italy,IT,ITI,ITI3,ITI33,Macerata,172.124705882692,1.525098039215,2.1187254902,1416.02720587945,-3.06813725489998,-4.76416666666667
IT62022,Italy,IT,ITI,ITI3,ITI33,Macerata,172.124705882692,1.525098039215,2.1187254902,1416.02720587945,-3.06813725489998,-4.76416666666667
IT62024,Italy,IT,ITI,ITI3,ITI33,Macerata,172.124705882692,1.525098039215,2.1187254902,1416.02720587945,-3.06813725489998,-4.76416666666667
IT62025,Italy,IT,ITI,ITI3,ITI33,Macerata,172.124705882692,1.525098039215,2.1187254902,1416.02720587945,-3.06813725489998,-4.76416666666667
IT62026,Italy,IT,ITI,ITI3,ITI33,Macerata,172.124705882692,1.525098039215,2.1187254902,1416.02720587945,-3.06813725489998,-4.76416666666667
IT62027,Italy,IT,ITI,ITI3,ITI33,Macerata,172.124705882692,1.525098039215,2.1187254902,1416.02720587945,-3.06813725489998,-4.76416666666667
IT62028,Italy,IT,ITI,ITI3,ITI33,Macerata,172.124705882692,1.525098039215,2.1187254902,1416.02720587945,-3.06813725489998,-4.76416666666667
IT62029,Italy,IT,ITI,ITI3,ITI33,Macerata,172.124705882692,1.525098039215,2.1187254902,1416.02720587945,-3.06813725489998,-4.76416666666667
IT62032,Italy,IT,ITI,ITI3,ITI33,Macerata,172.124705882692,1.525098039215,2.1187254902,1416.02720587945,-3.06813725489998,-4.76416666666667
IT62034,Italy,IT,ITI,ITI3,ITI33,Macerata,172.124705882692,1.525098039215,2.1187254902,1416.02720587945,-3.06813725489998,-4.76416666666667
IT62035,Italy,IT,ITI,ITI3,ITI33,Macerata,172.124705882692,1.525098039215,2.1187254902,1416.02720587945,-3.06813725489998,-4.76416666666667
IT62036,Italy,IT,ITI,ITI3,ITI33,Macerata,172.124705882692,1.525098039215,2.1187254902,1416.02720587945,-3.06813725489998,-4.76416666666667
IT62038,Italy,IT,ITI,ITI3,ITI33,Macerata,172.124705882692,1.525098039215,2.1187254902,1416.02720587945,-3.06813725489998,-4.76416666666667
IT62039,Italy,IT,ITI,ITI3,ITI33,Macerata,172.124705882692,1.525098039215,2.1187254902,1416.02720587945,-3.06813725489998,-4.76416666666667
IT62100,Italy,IT,ITI,ITI3,ITI33,Macerata,172.124705882692,1.525098039215,2.1187254902,1416.02720587945,-3.06813725489998,-4.76416666666667
IT3010,Italy,IT,ITI,ITI4,ITI45,Frosinone,225.537132353275,1.95906862744998,2.69651960785,1211.48169117473,-3.17906862745,-4.91117647058333
IT3011,Italy,IT,ITI,ITI4,ITI45,Frosinone,225.537132353275,1.95906862744998,2.69651960785,1211.48169117473,-3.17906862745,-4.91117647058333
IT3012,Italy,IT,ITI,ITI4,ITI45,Frosinone,225.537132353275,1.95906862744998,2.69651960785,1211.48169117473,-3.17906862745,-4.91117647058333
IT3013,Italy,IT,ITI,ITI4,ITI45,Frosinone,225.537132353275,1.95906862744998,2.69651960785,1211.48169117473,-3.17906862745,-4.91117647058333
IT3014,Italy,IT,ITI,ITI4,ITI45,Frosinone,225.537132353275,1.95906862744998,2.69651960785,1211.48169117473,-3.17906862745,-4.91117647058333
IT3016,Italy,IT,ITI,ITI4,ITI45,Frosinone,225.537132353275,1.95906862744998,2.69651960785,1211.48169117473,-3.17906862745,-4.91117647058333
IT3017,Italy,IT,ITI,ITI4,ITI45,Frosinone,225.537132353275,1.95906862744998,2.69651960785,1211.48169117473,-3.17906862745,-4.91117647058333
IT3018,Italy,IT,ITI,ITI4,ITI45,Frosinone,225.537132353275,1.95906862744998,2.69651960785,1211.48169117473,-3.17906862745,-4.91117647058333
IT3019,Italy,IT,ITI,ITI4,ITI45,Frosinone,225.537132353275,1.95906862744998,2.69651960785,1211.48169117473,-3.17906862745,-4.91117647058333
IT3020,Italy,IT,ITI,ITI4,ITI45,Frosinone,225.537132353275,1.95906862744998,2.69651960785,1211.48169117473,-3.17906862745,-4.91117647058333
IT3021,Italy,IT,ITI,ITI4,ITI45,Frosinone,225.537132353275,1.95906862744998,2.69651960785,1211.48169117473,-3.17906862745,-4.91117647058333
IT3022,Italy,IT,ITI,ITI4,ITI45,Frosinone,225.537132353275,1.95906862744998,2.69651960785,1211.48169117473,-3.17906862745,-4.91117647058333
IT3023,Italy,IT,ITI,ITI4,ITI45,Frosinone,225.537132353275,1.95906862744998,2.69651960785,1211.48169117473,-3.17906862745,-4.91117647058333
IT3024,Italy,IT,ITI,ITI4,ITI45,Frosinone,225.537132353275,1.95906862744998,2.69651960785,1211.48169117473,-3.17906862745,-4.91117647058333
IT3025,Italy,IT,ITI,ITI4,ITI45,Frosinone,225.537132353275,1.95906862744998,2.69651960785,1211.48169117473,-3.17906862745,-4.91117647058333
IT3026,Italy,IT,ITI,ITI4,ITI45,Frosinone,225.537132353275,1.95906862744998,2.69651960785,1211.48169117473,-3.17906862745,-4.91117647058333
IT3027,Italy,IT,ITI,ITI4,ITI45,Frosinone,225.537132353275,1.95906862744998,2.69651960785,1211.48169117473,-3.17906862745,-4.91117647058333
IT3028,Italy,IT,ITI,ITI4,ITI45,Frosinone,225.537132353275,1.95906862744998,2.69651960785,1211.48169117473,-3.17906862745,-4.91117647058333
IT3029,Italy,IT,ITI,ITI4,ITI45,Frosinone,225.537132353275,1.95906862744998,2.69651960785,1211.48169117473,-3.17906862745,-4.91117647058333
IT3030,Italy,IT,ITI,ITI4,ITI45,Frosinone,225.537132353275,1.95906862744998,2.69651960785,1211.48169117473,-3.17906862745,-4.91117647058333
IT3031,Italy,IT,ITI,ITI4,ITI45,Frosinone,225.537132353275,1.95906862744998,2.69651960785,1211.48169117473,-3.17906862745,-4.91117647058333
IT3032,Italy,IT,ITI,ITI4,ITI45,Frosinone,225.537132353275,1.95906862744998,2.69651960785,1211.48169117473,-3.17906862745,-4.91117647058333
IT3033,Italy,IT,ITI,ITI4,ITI45,Frosinone,225.537132353275,1.95906862744998,2.69651960785,1211.48169117473,-3.17906862745,-4.91117647058333
IT3034,Italy,IT,ITI,ITI4,ITI45,Frosinone,225.537132353275,1.95906862744998,2.69651960785,1211.48169117473,-3.17906862745,-4.91117647058333
IT3035,Italy,IT,ITI,ITI4,ITI45,Frosinone,225.537132353275,1.95906862744998,2.69651960785,1211.48169117473,-3.17906862745,-4.91117647058333
IT3036,Italy,IT,ITI,ITI4,ITI45,Frosinone,225.537132353275,1.95906862744998,2.69651960785,1211.48169117473,-3.17906862745,-4.91117647058333
IT3037,Italy,IT,ITI,ITI4,ITI45,Frosinone,225.537132353275,1.95906862744998,2.69651960785,1211.48169117473,-3.17906862745,-4.91117647058333
IT3038,Italy,IT,ITI,ITI4,ITI45,Frosinone,225.537132353275,1.95906862744998,2.69651960785,1211.48169117473,-3.17906862745,-4.91117647058333
IT3039,Italy,IT,ITI,ITI4,ITI45,Frosinone,225.537132353275,1.95906862744998,2.69651960785,1211.48169117473,-3.17906862745,-4.91117647058333
IT3040,Italy,IT,ITI,ITI4,ITI45,Frosinone,225.537132353275,1.95906862744998,2.69651960785,1211.48169117473,-3.17906862745,-4.91117647058333
IT3041,Italy,IT,ITI,ITI4,ITI45,Frosinone,225.537132353275,1.95906862744998,2.69651960785,1211.48169117473,-3.17906862745,-4.91117647058333
IT3042,Italy,IT,ITI,ITI4,ITI45,Frosinone,225.537132353275,1.95906862744998,2.69651960785,1211.48169117473,-3.17906862745,-4.91117647058333
IT3043,Italy,IT,ITI,ITI4,ITI45,Frosinone,225.537132353275,1.95906862744998,2.69651960785,1211.48169117473,-3.17906862745,-4.91117647058333
IT3044,Italy,IT,ITI,ITI4,ITI45,Frosinone,225.537132353275,1.95906862744998,2.69651960785,1211.48169117473,-3.17906862745,-4.91117647058333
IT3045,Italy,IT,ITI,ITI4,ITI45,Frosinone,225.537132353275,1.95906862744998,2.69651960785,1211.48169117473,-3.17906862745,-4.91117647058333
IT3046,Italy,IT,ITI,ITI4,ITI45,Frosinone,225.537132353275,1.95906862744998,2.69651960785,1211.48169117473,-3.17906862745,-4.91117647058333
IT3047,Italy,IT,ITI,ITI4,ITI45,Frosinone,225.537132353275,1.95906862744998,2.69651960785,1211.48169117473,-3.17906862745,-4.91117647058333
IT3048,Italy,IT,ITI,ITI4,ITI45,Frosinone,225.537132353275,1.95906862744998,2.69651960785,1211.48169117473,-3.17906862745,-4.91117647058333
IT3049,Italy,IT,ITI,ITI4,ITI45,Frosinone,225.537132353275,1.95906862744998,2.69651960785,1211.48169117473,-3.17906862745,-4.91117647058333
IT3100,Italy,IT,ITI,ITI4,ITI45,Frosinone,225.537132353275,1.95906862744998,2.69651960785,1211.48169117473,-3.17906862745,-4.91117647058333
IT57014,Italy,IT,ITI,ITI1,ITI16,Livorno,286.9375,2.33333333333333,3.195625,1016.9025,-2.67166666666667,-4.11624999999998
IT57016,Italy,IT,ITI,ITI1,ITI16,Livorno,286.9375,2.33333333333333,3.195625,1016.9025,-2.67166666666667,-4.11624999999998
IT57017,Italy,IT,ITI,ITI1,ITI16,Livorno,286.9375,2.33333333333333,3.195625,1016.9025,-2.67166666666667,-4.11624999999998
IT57020,Italy,IT,ITI,ITI1,ITI16,Livorno,286.9375,2.33333333333333,3.195625,1016.9025,-2.67166666666667,-4.11624999999998
IT57021,Italy,IT,ITI,ITI1,ITI16,Livorno,286.9375,2.33333333333333,3.195625,1016.9025,-2.67166666666667,-4.11624999999998
IT57022,Italy,IT,ITI,ITI1,ITI16,Livorno,286.9375,2.33333333333333,3.195625,1016.9025,-2.67166666666667,-4.11624999999998
IT57023,Italy,IT,ITI,ITI1,ITI16,Livorno,286.9375,2.33333333333333,3.195625,1016.9025,-2.67166666666667,-4.11624999999998
IT57025,Italy,IT,ITI,ITI1,ITI16,Livorno,286.9375,2.33333333333333,3.195625,1016.9025,-2.67166666666667,-4.11624999999998
IT57027,Italy,IT,ITI,ITI1,ITI16,Livorno,286.9375,2.33333333333333,3.195625,1016.9025,-2.67166666666667,-4.11624999999998
IT57028,Italy,IT,ITI,ITI1,ITI16,Livorno,286.9375,2.33333333333333,3.195625,1016.9025,-2.67166666666667,-4.11624999999998
IT57030,Italy,IT,ITI,ITI1,ITI16,Livorno,286.9375,2.33333333333333,3.195625,1016.9025,-2.67166666666667,-4.11624999999998
IT57031,Italy,IT,ITI,ITI1,ITI16,Livorno,286.9375,2.33333333333333,3.195625,1016.9025,-2.67166666666667,-4.11624999999998
IT57032,Italy,IT,ITI,ITI1,ITI16,Livorno,286.9375,2.33333333333333,3.195625,1016.9025,-2.67166666666667,-4.11624999999998
IT57033,Italy,IT,ITI,ITI1,ITI16,Livorno,286.9375,2.33333333333333,3.195625,1016.9025,-2.67166666666667,-4.11624999999998
IT57034,Italy,IT,ITI,ITI1,ITI16,Livorno,286.9375,2.33333333333333,3.195625,1016.9025,-2.67166666666667,-4.11624999999998
IT57036,Italy,IT,ITI,ITI1,ITI16,Livorno,286.9375,2.33333333333333,3.195625,1016.9025,-2.67166666666667,-4.11624999999998
IT57037,Italy,IT,ITI,ITI1,ITI16,Livorno,286.9375,2.33333333333333,3.195625,1016.9025,-2.67166666666667,-4.11624999999998
IT57038,Italy,IT,ITI,ITI1,ITI16,Livorno,286.9375,2.33333333333333,3.195625,1016.9025,-2.67166666666667,-4.11624999999998
IT57039,Italy,IT,ITI,ITI1,ITI16,Livorno,286.9375,2.33333333333333,3.195625,1016.9025,-2.67166666666667,-4.11624999999998
IT57100,Italy,IT,ITI,ITI1,ITI16,Livorno,286.9375,2.33333333333333,3.195625,1016.9025,-2.67166666666667,-4.11624999999998
IT57121,Italy,IT,ITI,ITI1,ITI16,Livorno,286.9375,2.33333333333333,3.195625,1016.9025,-2.67166666666667,-4.11624999999998
IT57122,Italy,IT,ITI,ITI1,ITI16,Livorno,286.9375,2.33333333333333,3.195625,1016.9025,-2.67166666666667,-4.11624999999998
IT57123,Italy,IT,ITI,ITI1,ITI16,Livorno,286.9375,2.33333333333333,3.195625,1016.9025,-2.67166666666667,-4.11624999999998
IT57124,Italy,IT,ITI,ITI1,ITI16,Livorno,286.9375,2.33333333333333,3.195625,1016.9025,-2.67166666666667,-4.11624999999998
IT57125,Italy,IT,ITI,ITI1,ITI16,Livorno,286.9375,2.33333333333333,3.195625,1016.9025,-2.67166666666667,-4.11624999999998
IT57126,Italy,IT,ITI,ITI1,ITI16,Livorno,286.9375,2.33333333333333,3.195625,1016.9025,-2.67166666666667,-4.11624999999998
IT57127,Italy,IT,ITI,ITI1,ITI16,Livorno,286.9375,2.33333333333333,3.195625,1016.9025,-2.67166666666667,-4.11624999999998
IT57128,Italy,IT,ITI,ITI1,ITI16,Livorno,286.9375,2.33333333333333,3.195625,1016.9025,-2.67166666666667,-4.11624999999998
IT59011,Italy,IT,ITI,ITI1,ITI15,Prato,270.644375,2.04458333333333,2.775,1343.25875,-2.9675,-4.5
IT59013,Italy,IT,ITI,ITI1,ITI15,Prato,270.644375,2.04458333333333,2.775,1343.25875,-2.9675,-4.5
IT59015,Italy,IT,ITI,ITI1,ITI15,Prato,270.644375,2.04458333333333,2.775,1343.25875,-2.9675,-4.5
IT59016,Italy,IT,ITI,ITI1,ITI15,Prato,270.644375,2.04458333333333,2.775,1343.25875,-2.9675,-4.5
IT59021,Italy,IT,ITI,ITI1,ITI15,Prato,270.644375,2.04458333333333,2.775,1343.25875,-2.9675,-4.5
IT59024,Italy,IT,ITI,ITI1,ITI15,Prato,270.644375,2.04458333333333,2.775,1343.25875,-2.9675,-4.5
IT59025,Italy,IT,ITI,ITI1,ITI15,Prato,270.644375,2.04458333333333,2.775,1343.25875,-2.9675,-4.5
IT59026,Italy,IT,ITI,ITI1,ITI15,Prato,270.644375,2.04458333333333,2.775,1343.25875,-2.9675,-4.5
IT59100,Italy,IT,ITI,ITI1,ITI15,Prato,270.644375,2.04458333333333,2.775,1343.25875,-2.9675,-4.5
IT32010,Italy,IT,ITH,ITH3,ITH33,Belluno,37.7427272727125,0.484242424241667,0.69571969697,2535.12892045169,-4.12147727273333,-6.33621212121667
IT32012,Italy,IT,ITH,ITH3,ITH33,Belluno,37.7427272727125,0.484242424241667,0.69571969697,2535.12892045169,-4.12147727273333,-6.33621212121667
IT32013,Italy,IT,ITH,ITH3,ITH33,Belluno,37.7427272727125,0.484242424241667,0.69571969697,2535.12892045169,-4.12147727273333,-6.33621212121667
IT32014,Italy,IT,ITH,ITH3,ITH33,Belluno,37.7427272727125,0.484242424241667,0.69571969697,2535.12892045169,-4.12147727273333,-6.33621212121667
IT32015,Italy,IT,ITH,ITH3,ITH33,Belluno,37.7427272727125,0.484242424241667,0.69571969697,2535.12892045169,-4.12147727273333,-6.33621212121667
IT32016,Italy,IT,ITH,ITH3,ITH33,Belluno,37.7427272727125,0.484242424241667,0.69571969697,2535.12892045169,-4.12147727273333,-6.33621212121667
IT32020,Italy,IT,ITH,ITH3,ITH33,Belluno,37.7427272727125,0.484242424241667,0.69571969697,2535.12892045169,-4.12147727273333,-6.33621212121667
IT32021,Italy,IT,ITH,ITH3,ITH33,Belluno,37.7427272727125,0.484242424241667,0.69571969697,2535.12892045169,-4.12147727273333,-6.33621212121667
IT32022,Italy,IT,ITH,ITH3,ITH33,Belluno,37.7427272727125,0.484242424241667,0.69571969697,2535.12892045169,-4.12147727273333,-6.33621212121667
IT32023,Italy,IT,ITH,ITH3,ITH33,Belluno,37.7427272727125,0.484242424241667,0.69571969697,2535.12892045169,-4.12147727273333,-6.33621212121667
IT32026,Italy,IT,ITH,ITH3,ITH33,Belluno,37.7427272727125,0.484242424241667,0.69571969697,2535.12892045169,-4.12147727273333,-6.33621212121667
IT32027,Italy,IT,ITH,ITH3,ITH33,Belluno,37.7427272727125,0.484242424241667,0.69571969697,2535.12892045169,-4.12147727273333,-6.33621212121667
IT32028,Italy,IT,ITH,ITH3,ITH33,Belluno,37.7427272727125,0.484242424241667,0.69571969697,2535.12892045169,-4.12147727273333,-6.33621212121667
IT32030,Italy,IT,ITH,ITH3,ITH33,Belluno,37.7427272727125,0.484242424241667,0.69571969697,2535.12892045169,-4.12147727273333,-6.33621212121667
IT32031,Italy,IT,ITH,ITH3,ITH33,Belluno,37.7427272727125,0.484242424241667,0.69571969697,2535.12892045169,-4.12147727273333,-6.33621212121667
IT32032,Italy,IT,ITH,ITH3,ITH33,Belluno,37.7427272727125,0.484242424241667,0.69571969697,2535.12892045169,-4.12147727273333,-6.33621212121667
IT32033,Italy,IT,ITH,ITH3,ITH33,Belluno,37.7427272727125,0.484242424241667,0.69571969697,2535.12892045169,-4.12147727273333,-6.33621212121667
IT32034,Italy,IT,ITH,ITH3,ITH33,Belluno,37.7427272727125,0.484242424241667,0.69571969697,2535.12892045169,-4.12147727273333,-6.33621212121667
IT32035,Italy,IT,ITH,ITH3,ITH33,Belluno,37.7427272727125,0.484242424241667,0.69571969697,2535.12892045169,-4.12147727273333,-6.33621212121667
IT32036,Italy,IT,ITH,ITH3,ITH33,Belluno,37.7427272727125,0.484242424241667,0.69571969697,2535.12892045169,-4.12147727273333,-6.33621212121667
IT32037,Italy,IT,ITH,ITH3,ITH33,Belluno,37.7427272727125,0.484242424241667,0.69571969697,2535.12892045169,-4.12147727273333,-6.33621212121667
IT32038,Italy,IT,ITH,ITH3,ITH33,Belluno,37.7427272727125,0.484242424241667,0.69571969697,2535.12892045169,-4.12147727273333,-6.33621212121667
IT32040,Italy,IT,ITH,ITH3,ITH33,Belluno,37.7427272727125,0.484242424241667,0.69571969697,2535.12892045169,-4.12147727273333,-6.33621212121667
IT32041,Italy,IT,ITH,ITH3,ITH33,Belluno,37.7427272727125,0.484242424241667,0.69571969697,2535.12892045169,-4.12147727273333,-6.33621212121667
IT32042,Italy,IT,ITH,ITH3,ITH33,Belluno,37.7427272727125,0.484242424241667,0.69571969697,2535.12892045169,-4.12147727273333,-6.33621212121667
IT32043,Italy,IT,ITH,ITH3,ITH33,Belluno,37.7427272727125,0.484242424241667,0.69571969697,2535.12892045169,-4.12147727273333,-6.33621212121667
IT32044,Italy,IT,ITH,ITH3,ITH33,Belluno,37.7427272727125,0.484242424241667,0.69571969697,2535.12892045169,-4.12147727273333,-6.33621212121667
IT32045,Italy,IT,ITH,ITH3,ITH33,Belluno,37.7427272727125,0.484242424241667,0.69571969697,2535.12892045169,-4.12147727273333,-6.33621212121667
IT32046,Italy,IT,ITH,ITH3,ITH33,Belluno,37.7427272727125,0.484242424241667,0.69571969697,2535.12892045169,-4.12147727273333,-6.33621212121667
IT32047,Italy,IT,ITH,ITH3,ITH33,Belluno,37.7427272727125,0.484242424241667,0.69571969697,2535.12892045169,-4.12147727273333,-6.33621212121667
IT32100,Italy,IT,ITH,ITH3,ITH33,Belluno,37.7427272727125,0.484242424241667,0.69571969697,2535.12892045169,-4.12147727273333,-6.33621212121667
IT33010,Italy,IT,ITH,ITH4,ITH42,Udine,127.650409090626,1.18887878787833,1.542545454545,2040.26113636713,-3.91257575758333,-5.90206060606665
IT33011,Italy,IT,ITH,ITH4,ITH42,Udine,127.650409090626,1.18887878787833,1.542545454545,2040.26113636713,-3.91257575758333,-5.90206060606665
IT33013,Italy,IT,ITH,ITH4,ITH42,Udine,127.650409090626,1.18887878787833,1.542545454545,2040.26113636713,-3.91257575758333,-5.90206060606665
IT33015,Italy,IT,ITH,ITH4,ITH42,Udine,127.650409090626,1.18887878787833,1.542545454545,2040.26113636713,-3.91257575758333,-5.90206060606665
IT33016,Italy,IT,ITH,ITH4,ITH42,Udine,127.650409090626,1.18887878787833,1.542545454545,2040.26113636713,-3.91257575758333,-5.90206060606665
IT33017,Italy,IT,ITH,ITH4,ITH42,Udine,127.650409090626,1.18887878787833,1.542545454545,2040.26113636713,-3.91257575758333,-5.90206060606665
IT33018,Italy,IT,ITH,ITH4,ITH42,Udine,127.650409090626,1.18887878787833,1.542545454545,2040.26113636713,-3.91257575758333,-5.90206060606665
IT33019,Italy,IT,ITH,ITH4,ITH42,Udine,127.650409090626,1.18887878787833,1.542545454545,2040.26113636713,-3.91257575758333,-5.90206060606665
IT33020,Italy,IT,ITH,ITH4,ITH42,Udine,127.650409090626,1.18887878787833,1.542545454545,2040.26113636713,-3.91257575758333,-5.90206060606665
IT33021,Italy,IT,ITH,ITH4,ITH42,Udine,127.650409090626,1.18887878787833,1.542545454545,2040.26113636713,-3.91257575758333,-5.90206060606665
IT33022,Italy,IT,ITH,ITH4,ITH42,Udine,127.650409090626,1.18887878787833,1.542545454545,2040.26113636713,-3.91257575758333,-5.90206060606665
IT33023,Italy,IT,ITH,ITH4,ITH42,Udine,127.650409090626,1.18887878787833,1.542545454545,2040.26113636713,-3.91257575758333,-5.90206060606665
IT33024,Italy,IT,ITH,ITH4,ITH42,Udine,127.650409090626,1.18887878787833,1.542545454545,2040.26113636713,-3.91257575758333,-5.90206060606665
IT33025,Italy,IT,ITH,ITH4,ITH42,Udine,127.650409090626,1.18887878787833,1.542545454545,2040.26113636713,-3.91257575758333,-5.90206060606665
IT33026,Italy,IT,ITH,ITH4,ITH42,Udine,127.650409090626,1.18887878787833,1.542545454545,2040.26113636713,-3.91257575758333,-5.90206060606665
IT33027,Italy,IT,ITH,ITH4,ITH42,Udine,127.650409090626,1.18887878787833,1.542545454545,2040.26113636713,-3.91257575758333,-5.90206060606665
IT33028,Italy,IT,ITH,ITH4,ITH42,Udine,127.650409090626,1.18887878787833,1.542545454545,2040.26113636713,-3.91257575758333,-5.90206060606665
IT33029,Italy,IT,ITH,ITH4,ITH42,Udine,127.650409090626,1.18887878787833,1.542545454545,2040.26113636713,-3.91257575758333,-5.90206060606665
IT33030,Italy,IT,ITH,ITH4,ITH42,Udine,127.650409090626,1.18887878787833,1.542545454545,2040.26113636713,-3.91257575758333,-5.90206060606665
IT33031,Italy,IT,ITH,ITH4,ITH42,Udine,127.650409090626,1.18887878787833,1.542545454545,2040.26113636713,-3.91257575758333,-5.90206060606665
IT33032,Italy,IT,ITH,ITH4,ITH42,Udine,127.650409090626,1.18887878787833,1.542545454545,2040.26113636713,-3.91257575758333,-5.90206060606665
IT33033,Italy,IT,ITH,ITH4,ITH42,Udine,127.650409090626,1.18887878787833,1.542545454545,2040.26113636713,-3.91257575758333,-5.90206060606665
IT33034,Italy,IT,ITH,ITH4,ITH42,Udine,127.650409090626,1.18887878787833,1.542545454545,2040.26113636713,-3.91257575758333,-5.90206060606665
IT33035,Italy,IT,ITH,ITH4,ITH42,Udine,127.650409090626,1.18887878787833,1.542545454545,2040.26113636713,-3.91257575758333,-5.90206060606665
IT33036,Italy,IT,ITH,ITH4,ITH42,Udine,127.650409090626,1.18887878787833,1.542545454545,2040.26113636713,-3.91257575758333,-5.90206060606665
IT33037,Italy,IT,ITH,ITH4,ITH42,Udine,127.650409090626,1.18887878787833,1.542545454545,2040.26113636713,-3.91257575758333,-5.90206060606665
IT33038,Italy,IT,ITH,ITH4,ITH42,Udine,127.650409090626,1.18887878787833,1.542545454545,2040.26113636713,-3.91257575758333,-5.90206060606665
IT33039,Italy,IT,ITH,ITH4,ITH42,Udine,127.650409090626,1.18887878787833,1.542545454545,2040.26113636713,-3.91257575758333,-5.90206060606665
IT33040,Italy,IT,ITH,ITH4,ITH42,Udine,127.650409090626,1.18887878787833,1.542545454545,2040.26113636713,-3.91257575758333,-5.90206060606665
IT33041,Italy,IT,ITH,ITH4,ITH42,Udine,127.650409090626,1.18887878787833,1.542545454545,2040.26113636713,-3.91257575758333,-5.90206060606665
IT33042,Italy,IT,ITH,ITH4,ITH42,Udine,127.650409090626,1.18887878787833,1.542545454545,2040.26113636713,-3.91257575758333,-5.90206060606665
IT33043,Italy,IT,ITH,ITH4,ITH42,Udine,127.650409090626,1.18887878787833,1.542545454545,2040.26113636713,-3.91257575758333,-5.90206060606665
IT33044,Italy,IT,ITH,ITH4,ITH42,Udine,127.650409090626,1.18887878787833,1.542545454545,2040.26113636713,-3.91257575758333,-5.90206060606665
IT33045,Italy,IT,ITH,ITH4,ITH42,Udine,127.650409090626,1.18887878787833,1.542545454545,2040.26113636713,-3.91257575758333,-5.90206060606665
IT33046,Italy,IT,ITH,ITH4,ITH42,Udine,127.650409090626,1.18887878787833,1.542545454545,2040.26113636713,-3.91257575758333,-5.90206060606665
IT33047,Italy,IT,ITH,ITH4,ITH42,Udine,127.650409090626,1.18887878787833,1.542545454545,2040.26113636713,-3.91257575758333,-5.90206060606665
IT33048,Italy,IT,ITH,ITH4,ITH42,Udine,127.650409090626,1.18887878787833,1.542545454545,2040.26113636713,-3.91257575758333,-5.90206060606665
IT33049,Italy,IT,ITH,ITH4,ITH42,Udine,127.650409090626,1.18887878787833,1.542545454545,2040.26113636713,-3.91257575758333,-5.90206060606665
IT33050,Italy,IT,ITH,ITH4,ITH42,Udine,127.650409090626,1.18887878787833,1.542545454545,2040.26113636713,-3.91257575758333,-5.90206060606665
IT33051,Italy,IT,ITH,ITH4,ITH42,Udine,127.650409090626,1.18887878787833,1.542545454545,2040.26113636713,-3.91257575758333,-5.90206060606665
IT33052,Italy,IT,ITH,ITH4,ITH42,Udine,127.650409090626,1.18887878787833,1.542545454545,2040.26113636713,-3.91257575758333,-5.90206060606665
IT33053,Italy,IT,ITH,ITH4,ITH42,Udine,127.650409090626,1.18887878787833,1.542545454545,2040.26113636713,-3.91257575758333,-5.90206060606665
IT33054,Italy,IT,ITH,ITH4,ITH42,Udine,127.650409090626,1.18887878787833,1.542545454545,2040.26113636713,-3.91257575758333,-5.90206060606665
IT33055,Italy,IT,ITH,ITH4,ITH42,Udine,127.650409090626,1.18887878787833,1.542545454545,2040.26113636713,-3.91257575758333,-5.90206060606665
IT33056,Italy,IT,ITH,ITH4,ITH42,Udine,127.650409090626,1.18887878787833,1.542545454545,2040.26113636713,-3.91257575758333,-5.90206060606665
IT33057,Italy,IT,ITH,ITH4,ITH42,Udine,127.650409090626,1.18887878787833,1.542545454545,2040.26113636713,-3.91257575758333,-5.90206060606665
IT33058,Italy,IT,ITH,ITH4,ITH42,Udine,127.650409090626,1.18887878787833,1.542545454545,2040.26113636713,-3.91257575758333,-5.90206060606665
IT33059,Italy,IT,ITH,ITH4,ITH42,Udine,127.650409090626,1.18887878787833,1.542545454545,2040.26113636713,-3.91257575758333,-5.90206060606665
IT33061,Italy,IT,ITH,ITH4,ITH42,Udine,127.650409090626,1.18887878787833,1.542545454545,2040.26113636713,-3.91257575758333,-5.90206060606665
IT33100,Italy,IT,ITH,ITH4,ITH42,Udine,127.650409090626,1.18887878787833,1.542545454545,2040.26113636713,-3.91257575758333,-5.90206060606665
IT47814,Italy,IT,ITH,ITH5,ITH59,Rimini,220.612,1.76933333333333,2.4375,1377.01075,-2.94816666666665,-4.48883333333332
IT47822,Italy,IT,ITH,ITH5,ITH59,Rimini,220.612,1.76933333333333,2.4375,1377.01075,-2.94816666666665,-4.48883333333332
IT47824,Italy,IT,ITH,ITH5,ITH59,Rimini,220.612,1.76933333333333,2.4375,1377.01075,-2.94816666666665,-4.48883333333332
IT47826,Italy,IT,ITH,ITH5,ITH59,Rimini,220.612,1.76933333333333,2.4375,1377.01075,-2.94816666666665,-4.48883333333332
IT47832,Italy,IT,ITH,ITH5,ITH59,Rimini,220.612,1.76933333333333,2.4375,1377.01075,-2.94816666666665,-4.48883333333332
IT47833,Italy,IT,ITH,ITH5,ITH59,Rimini,220.612,1.76933333333333,2.4375,1377.01075,-2.94816666666665,-4.48883333333332
IT47834,Italy,IT,ITH,ITH5,ITH59,Rimini,220.612,1.76933333333333,2.4375,1377.01075,-2.94816666666665,-4.48883333333332
IT47835,Italy,IT,ITH,ITH5,ITH59,Rimini,220.612,1.76933333333333,2.4375,1377.01075,-2.94816666666665,-4.48883333333332
IT47836,Italy,IT,ITH,ITH5,ITH59,Rimini,220.612,1.76933333333333,2.4375,1377.01075,-2.94816666666665,-4.48883333333332
IT47837,Italy,IT,ITH,ITH5,ITH59,Rimini,220.612,1.76933333333333,2.4375,1377.01075,-2.94816666666665,-4.48883333333332
IT47838,Italy,IT,ITH,ITH5,ITH59,Rimini,220.612,1.76933333333333,2.4375,1377.01075,-2.94816666666665,-4.48883333333332
IT47841,Italy,IT,ITH,ITH5,ITH59,Rimini,220.612,1.76933333333333,2.4375,1377.01075,-2.94816666666665,-4.48883333333332
IT47842,Italy,IT,ITH,ITH5,ITH59,Rimini,220.612,1.76933333333333,2.4375,1377.01075,-2.94816666666665,-4.48883333333332
IT47843,Italy,IT,ITH,ITH5,ITH59,Rimini,220.612,1.76933333333333,2.4375,1377.01075,-2.94816666666665,-4.48883333333332
IT47853,Italy,IT,ITH,ITH5,ITH59,Rimini,220.612,1.76933333333333,2.4375,1377.01075,-2.94816666666665,-4.48883333333332
IT47854,Italy,IT,ITH,ITH5,ITH59,Rimini,220.612,1.76933333333333,2.4375,1377.01075,-2.94816666666665,-4.48883333333332
IT47855,Italy,IT,ITH,ITH5,ITH59,Rimini,220.612,1.76933333333333,2.4375,1377.01075,-2.94816666666665,-4.48883333333332
IT47861,Italy,IT,ITH,ITH5,ITH59,Rimini,220.612,1.76933333333333,2.4375,1377.01075,-2.94816666666665,-4.48883333333332
IT47862,Italy,IT,ITH,ITH5,ITH59,Rimini,220.612,1.76933333333333,2.4375,1377.01075,-2.94816666666665,-4.48883333333332
IT47863,Italy,IT,ITH,ITH5,ITH59,Rimini,220.612,1.76933333333333,2.4375,1377.01075,-2.94816666666665,-4.48883333333332
IT47864,Italy,IT,ITH,ITH5,ITH59,Rimini,220.612,1.76933333333333,2.4375,1377.01075,-2.94816666666665,-4.48883333333332
IT47865,Italy,IT,ITH,ITH5,ITH59,Rimini,220.612,1.76933333333333,2.4375,1377.01075,-2.94816666666665,-4.48883333333332
IT47866,Italy,IT,ITH,ITH5,ITH59,Rimini,220.612,1.76933333333333,2.4375,1377.01075,-2.94816666666665,-4.48883333333332
IT47867,Italy,IT,ITH,ITH5,ITH59,Rimini,220.612,1.76933333333333,2.4375,1377.01075,-2.94816666666665,-4.48883333333332
IT47900,Italy,IT,ITH,ITH5,ITH59,Rimini,220.612,1.76933333333333,2.4375,1377.01075,-2.94816666666665,-4.48883333333332
IT61010,Italy,IT,ITH,ITH5,ITH59,Rimini,220.612,1.76933333333333,2.4375,1377.01075,-2.94816666666665,-4.48883333333332
IT12010,Italy,IT,ITC,ITC1,ITC16,Cuneo,88.0342405063874,0.935738396625,1.37470464135,1804.47389240248,-3.65664556961665,-5.38367088608332
IT12011,Italy,IT,ITC,ITC1,ITC16,Cuneo,88.0342405063874,0.935738396625,1.37470464135,1804.47389240248,-3.65664556961665,-5.38367088608332
IT12012,Italy,IT,ITC,ITC1,ITC16,Cuneo,88.0342405063874,0.935738396625,1.37470464135,1804.47389240248,-3.65664556961665,-5.38367088608332
IT12013,Italy,IT,ITC,ITC1,ITC16,Cuneo,88.0342405063874,0.935738396625,1.37470464135,1804.47389240248,-3.65664556961665,-5.38367088608332
IT12014,Italy,IT,ITC,ITC1,ITC16,Cuneo,88.0342405063874,0.935738396625,1.37470464135,1804.47389240248,-3.65664556961665,-5.38367088608332
IT12015,Italy,IT,ITC,ITC1,ITC16,Cuneo,88.0342405063874,0.935738396625,1.37470464135,1804.47389240248,-3.65664556961665,-5.38367088608332
IT12016,Italy,IT,ITC,ITC1,ITC16,Cuneo,88.0342405063874,0.935738396625,1.37470464135,1804.47389240248,-3.65664556961665,-5.38367088608332
IT12017,Italy,IT,ITC,ITC1,ITC16,Cuneo,88.0342405063874,0.935738396625,1.37470464135,1804.47389240248,-3.65664556961665,-5.38367088608332
IT12018,Italy,IT,ITC,ITC1,ITC16,Cuneo,88.0342405063874,0.935738396625,1.37470464135,1804.47389240248,-3.65664556961665,-5.38367088608332
IT12019,Italy,IT,ITC,ITC1,ITC16,Cuneo,88.0342405063874,0.935738396625,1.37470464135,1804.47389240248,-3.65664556961665,-5.38367088608332
IT12020,Italy,IT,ITC,ITC1,ITC16,Cuneo,88.0342405063874,0.935738396625,1.37470464135,1804.47389240248,-3.65664556961665,-5.38367088608332
IT12021,Italy,IT,ITC,ITC1,ITC16,Cuneo,88.0342405063874,0.935738396625,1.37470464135,1804.47389240248,-3.65664556961665,-5.38367088608332
IT12022,Italy,IT,ITC,ITC1,ITC16,Cuneo,88.0342405063874,0.935738396625,1.37470464135,1804.47389240248,-3.65664556961665,-5.38367088608332
IT12023,Italy,IT,ITC,ITC1,ITC16,Cuneo,88.0342405063874,0.935738396625,1.37470464135,1804.47389240248,-3.65664556961665,-5.38367088608332
IT12024,Italy,IT,ITC,ITC1,ITC16,Cuneo,88.0342405063874,0.935738396625,1.37470464135,1804.47389240248,-3.65664556961665,-5.38367088608332
IT12025,Italy,IT,ITC,ITC1,ITC16,Cuneo,88.0342405063874,0.935738396625,1.37470464135,1804.47389240248,-3.65664556961665,-5.38367088608332
IT12026,Italy,IT,ITC,ITC1,ITC16,Cuneo,88.0342405063874,0.935738396625,1.37470464135,1804.47389240248,-3.65664556961665,-5.38367088608332
IT12027,Italy,IT,ITC,ITC1,ITC16,Cuneo,88.0342405063874,0.935738396625,1.37470464135,1804.47389240248,-3.65664556961665,-5.38367088608332
IT12028,Italy,IT,ITC,ITC1,ITC16,Cuneo,88.0342405063874,0.935738396625,1.37470464135,1804.47389240248,-3.65664556961665,-5.38367088608332
IT12029,Italy,IT,ITC,ITC1,ITC16,Cuneo,88.0342405063874,0.935738396625,1.37470464135,1804.47389240248,-3.65664556961665,-5.38367088608332
IT12030,Italy,IT,ITC,ITC1,ITC16,Cuneo,88.0342405063874,0.935738396625,1.37470464135,1804.47389240248,-3.65664556961665,-5.38367088608332
IT12031,Italy,IT,ITC,ITC1,ITC16,Cuneo,88.0342405063874,0.935738396625,1.37470464135,1804.47389240248,-3.65664556961665,-5.38367088608332
IT12032,Italy,IT,ITC,ITC1,ITC16,Cuneo,88.0342405063874,0.935738396625,1.37470464135,1804.47389240248,-3.65664556961665,-5.38367088608332
IT12033,Italy,IT,ITC,ITC1,ITC16,Cuneo,88.0342405063874,0.935738396625,1.37470464135,1804.47389240248,-3.65664556961665,-5.38367088608332
IT12034,Italy,IT,ITC,ITC1,ITC16,Cuneo,88.0342405063874,0.935738396625,1.37470464135,1804.47389240248,-3.65664556961665,-5.38367088608332
IT12035,Italy,IT,ITC,ITC1,ITC16,Cuneo,88.0342405063874,0.935738396625,1.37470464135,1804.47389240248,-3.65664556961665,-5.38367088608332
IT12036,Italy,IT,ITC,ITC1,ITC16,Cuneo,88.0342405063874,0.935738396625,1.37470464135,1804.47389240248,-3.65664556961665,-5.38367088608332
IT12037,Italy,IT,ITC,ITC1,ITC16,Cuneo,88.0342405063874,0.935738396625,1.37470464135,1804.47389240248,-3.65664556961665,-5.38367088608332
IT12038,Italy,IT,ITC,ITC1,ITC16,Cuneo,88.0342405063874,0.935738396625,1.37470464135,1804.47389240248,-3.65664556961665,-5.38367088608332
IT12039,Italy,IT,ITC,ITC1,ITC16,Cuneo,88.0342405063874,0.935738396625,1.37470464135,1804.47389240248,-3.65664556961665,-5.38367088608332
IT12040,Italy,IT,ITC,ITC1,ITC16,Cuneo,88.0342405063874,0.935738396625,1.37470464135,1804.47389240248,-3.65664556961665,-5.38367088608332
IT12041,Italy,IT,ITC,ITC1,ITC16,Cuneo,88.0342405063874,0.935738396625,1.37470464135,1804.47389240248,-3.65664556961665,-5.38367088608332
IT12042,Italy,IT,ITC,ITC1,ITC16,Cuneo,88.0342405063874,0.935738396625,1.37470464135,1804.47389240248,-3.65664556961665,-5.38367088608332
IT12043,Italy,IT,ITC,ITC1,ITC16,Cuneo,88.0342405063874,0.935738396625,1.37470464135,1804.47389240248,-3.65664556961665,-5.38367088608332
IT12044,Italy,IT,ITC,ITC1,ITC16,Cuneo,88.0342405063874,0.935738396625,1.37470464135,1804.47389240248,-3.65664556961665,-5.38367088608332
IT12045,Italy,IT,ITC,ITC1,ITC16,Cuneo,88.0342405063874,0.935738396625,1.37470464135,1804.47389240248,-3.65664556961665,-5.38367088608332
IT12046,Italy,IT,ITC,ITC1,ITC16,Cuneo,88.0342405063874,0.935738396625,1.37470464135,1804.47389240248,-3.65664556961665,-5.38367088608332
IT12047,Italy,IT,ITC,ITC1,ITC16,Cuneo,88.0342405063874,0.935738396625,1.37470464135,1804.47389240248,-3.65664556961665,-5.38367088608332
IT12048,Italy,IT,ITC,ITC1,ITC16,Cuneo,88.0342405063874,0.935738396625,1.37470464135,1804.47389240248,-3.65664556961665,-5.38367088608332
IT12049,Italy,IT,ITC,ITC1,ITC16,Cuneo,88.0342405063874,0.935738396625,1.37470464135,1804.47389240248,-3.65664556961665,-5.38367088608332
IT12050,Italy,IT,ITC,ITC1,ITC16,Cuneo,88.0342405063874,0.935738396625,1.37470464135,1804.47389240248,-3.65664556961665,-5.38367088608332
IT12051,Italy,IT,ITC,ITC1,ITC16,Cuneo,88.0342405063874,0.935738396625,1.37470464135,1804.47389240248,-3.65664556961665,-5.38367088608332
IT12052,Italy,IT,ITC,ITC1,ITC16,Cuneo,88.0342405063874,0.935738396625,1.37470464135,1804.47389240248,-3.65664556961665,-5.38367088608332
IT12053,Italy,IT,ITC,ITC1,ITC16,Cuneo,88.0342405063874,0.935738396625,1.37470464135,1804.47389240248,-3.65664556961665,-5.38367088608332
IT12054,Italy,IT,ITC,ITC1,ITC16,Cuneo,88.0342405063874,0.935738396625,1.37470464135,1804.47389240248,-3.65664556961665,-5.38367088608332
IT12055,Italy,IT,ITC,ITC1,ITC16,Cuneo,88.0342405063874,0.935738396625,1.37470464135,1804.47389240248,-3.65664556961665,-5.38367088608332
IT12056,Italy,IT,ITC,ITC1,ITC16,Cuneo,88.0342405063874,0.935738396625,1.37470464135,1804.47389240248,-3.65664556961665,-5.38367088608332
IT12058,Italy,IT,ITC,ITC1,ITC16,Cuneo,88.0342405063874,0.935738396625,1.37470464135,1804.47389240248,-3.65664556961665,-5.38367088608332
IT12060,Italy,IT,ITC,ITC1,ITC16,Cuneo,88.0342405063874,0.935738396625,1.37470464135,1804.47389240248,-3.65664556961665,-5.38367088608332
IT12061,Italy,IT,ITC,ITC1,ITC16,Cuneo,88.0342405063874,0.935738396625,1.37470464135,1804.47389240248,-3.65664556961665,-5.38367088608332
IT12062,Italy,IT,ITC,ITC1,ITC16,Cuneo,88.0342405063874,0.935738396625,1.37470464135,1804.47389240248,-3.65664556961665,-5.38367088608332
IT12063,Italy,IT,ITC,ITC1,ITC16,Cuneo,88.0342405063874,0.935738396625,1.37470464135,1804.47389240248,-3.65664556961665,-5.38367088608332
IT12064,Italy,IT,ITC,ITC1,ITC16,Cuneo,88.0342405063874,0.935738396625,1.37470464135,1804.47389240248,-3.65664556961665,-5.38367088608332
IT12065,Italy,IT,ITC,ITC1,ITC16,Cuneo,88.0342405063874,0.935738396625,1.37470464135,1804.47389240248,-3.65664556961665,-5.38367088608332
IT12066,Italy,IT,ITC,ITC1,ITC16,Cuneo,88.0342405063874,0.935738396625,1.37470464135,1804.47389240248,-3.65664556961665,-5.38367088608332
IT12068,Italy,IT,ITC,ITC1,ITC16,Cuneo,88.0342405063874,0.935738396625,1.37470464135,1804.47389240248,-3.65664556961665,-5.38367088608332
IT12069,Italy,IT,ITC,ITC1,ITC16,Cuneo,88.0342405063874,0.935738396625,1.37470464135,1804.47389240248,-3.65664556961665,-5.38367088608332
IT12070,Italy,IT,ITC,ITC1,ITC16,Cuneo,88.0342405063874,0.935738396625,1.37470464135,1804.47389240248,-3.65664556961665,-5.38367088608332
IT12071,Italy,IT,ITC,ITC1,ITC16,Cuneo,88.0342405063874,0.935738396625,1.37470464135,1804.47389240248,-3.65664556961665,-5.38367088608332
IT12072,Italy,IT,ITC,ITC1,ITC16,Cuneo,88.0342405063874,0.935738396625,1.37470464135,1804.47389240248,-3.65664556961665,-5.38367088608332
IT12073,Italy,IT,ITC,ITC1,ITC16,Cuneo,88.0342405063874,0.935738396625,1.37470464135,1804.47389240248,-3.65664556961665,-5.38367088608332
IT12074,Italy,IT,ITC,ITC1,ITC16,Cuneo,88.0342405063874,0.935738396625,1.37470464135,1804.47389240248,-3.65664556961665,-5.38367088608332
IT12075,Italy,IT,ITC,ITC1,ITC16,Cuneo,88.0342405063874,0.935738396625,1.37470464135,1804.47389240248,-3.65664556961665,-5.38367088608332
IT12076,Italy,IT,ITC,ITC1,ITC16,Cuneo,88.0342405063874,0.935738396625,1.37470464135,1804.47389240248,-3.65664556961665,-5.38367088608332
IT12077,Italy,IT,ITC,ITC1,ITC16,Cuneo,88.0342405063874,0.935738396625,1.37470464135,1804.47389240248,-3.65664556961665,-5.38367088608332
IT12078,Italy,IT,ITC,ITC1,ITC16,Cuneo,88.0342405063874,0.935738396625,1.37470464135,1804.47389240248,-3.65664556961665,-5.38367088608332
IT12079,Italy,IT,ITC,ITC1,ITC16,Cuneo,88.0342405063874,0.935738396625,1.37470464135,1804.47389240248,-3.65664556961665,-5.38367088608332
IT12080,Italy,IT,ITC,ITC1,ITC16,Cuneo,88.0342405063874,0.935738396625,1.37470464135,1804.47389240248,-3.65664556961665,-5.38367088608332
IT12081,Italy,IT,ITC,ITC1,ITC16,Cuneo,88.0342405063874,0.935738396625,1.37470464135,1804.47389240248,-3.65664556961665,-5.38367088608332
IT12082,Italy,IT,ITC,ITC1,ITC16,Cuneo,88.0342405063874,0.935738396625,1.37470464135,1804.47389240248,-3.65664556961665,-5.38367088608332
IT12083,Italy,IT,ITC,ITC1,ITC16,Cuneo,88.0342405063874,0.935738396625,1.37470464135,1804.47389240248,-3.65664556961665,-5.38367088608332
IT12084,Italy,IT,ITC,ITC1,ITC16,Cuneo,88.0342405063874,0.935738396625,1.37470464135,1804.47389240248,-3.65664556961665,-5.38367088608332
IT12087,Italy,IT,ITC,ITC1,ITC16,Cuneo,88.0342405063874,0.935738396625,1.37470464135,1804.47389240248,-3.65664556961665,-5.38367088608332
IT12088,Italy,IT,ITC,ITC1,ITC16,Cuneo,88.0342405063874,0.935738396625,1.37470464135,1804.47389240248,-3.65664556961665,-5.38367088608332
IT12089,Italy,IT,ITC,ITC1,ITC16,Cuneo,88.0342405063874,0.935738396625,1.37470464135,1804.47389240248,-3.65664556961665,-5.38367088608332
IT12100,Italy,IT,ITC,ITC1,ITC16,Cuneo,88.0342405063874,0.935738396625,1.37470464135,1804.47389240248,-3.65664556961665,-5.38367088608332
IT16010,Italy,IT,ITC,ITC3,ITC33,Genova,93.6421052632049,1.27719298245667,1.8901754386,1609.62644736413,-3.51605263158332,-5.27298245613333
IT16011,Italy,IT,ITC,ITC3,ITC33,Genova,93.6421052632049,1.27719298245667,1.8901754386,1609.62644736413,-3.51605263158332,-5.27298245613333
IT16012,Italy,IT,ITC,ITC3,ITC33,Genova,93.6421052632049,1.27719298245667,1.8901754386,1609.62644736413,-3.51605263158332,-5.27298245613333
IT16013,Italy,IT,ITC,ITC3,ITC33,Genova,93.6421052632049,1.27719298245667,1.8901754386,1609.62644736413,-3.51605263158332,-5.27298245613333
IT16014,Italy,IT,ITC,ITC3,ITC33,Genova,93.6421052632049,1.27719298245667,1.8901754386,1609.62644736413,-3.51605263158332,-5.27298245613333
IT16015,Italy,IT,ITC,ITC3,ITC33,Genova,93.6421052632049,1.27719298245667,1.8901754386,1609.62644736413,-3.51605263158332,-5.27298245613333
IT16016,Italy,IT,ITC,ITC3,ITC33,Genova,93.6421052632049,1.27719298245667,1.8901754386,1609.62644736413,-3.51605263158332,-5.27298245613333
IT16017,Italy,IT,ITC,ITC3,ITC33,Genova,93.6421052632049,1.27719298245667,1.8901754386,1609.62644736413,-3.51605263158332,-5.27298245613333
IT16018,Italy,IT,ITC,ITC3,ITC33,Genova,93.6421052632049,1.27719298245667,1.8901754386,1609.62644736413,-3.51605263158332,-5.27298245613333
IT16019,Italy,IT,ITC,ITC3,ITC33,Genova,93.6421052632049,1.27719298245667,1.8901754386,1609.62644736413,-3.51605263158332,-5.27298245613333
IT16020,Italy,IT,ITC,ITC3,ITC33,Genova,93.6421052632049,1.27719298245667,1.8901754386,1609.62644736413,-3.51605263158332,-5.27298245613333
IT16021,Italy,IT,ITC,ITC3,ITC33,Genova,93.6421052632049,1.27719298245667,1.8901754386,1609.62644736413,-3.51605263158332,-5.27298245613333
IT16022,Italy,IT,ITC,ITC3,ITC33,Genova,93.6421052632049,1.27719298245667,1.8901754386,1609.62644736413,-3.51605263158332,-5.27298245613333
IT16023,Italy,IT,ITC,ITC3,ITC33,Genova,93.6421052632049,1.27719298245667,1.8901754386,1609.62644736413,-3.51605263158332,-5.27298245613333
IT16024,Italy,IT,ITC,ITC3,ITC33,Genova,93.6421052632049,1.27719298245667,1.8901754386,1609.62644736413,-3.51605263158332,-5.27298245613333
IT16025,Italy,IT,ITC,ITC3,ITC33,Genova,93.6421052632049,1.27719298245667,1.8901754386,1609.62644736413,-3.51605263158332,-5.27298245613333
IT16026,Italy,IT,ITC,ITC3,ITC33,Genova,93.6421052632049,1.27719298245667,1.8901754386,1609.62644736413,-3.51605263158332,-5.27298245613333
IT16027,Italy,IT,ITC,ITC3,ITC33,Genova,93.6421052632049,1.27719298245667,1.8901754386,1609.62644736413,-3.51605263158332,-5.27298245613333
IT16028,Italy,IT,ITC,ITC3,ITC33,Genova,93.6421052632049,1.27719298245667,1.8901754386,1609.62644736413,-3.51605263158332,-5.27298245613333
IT16029,Italy,IT,ITC,ITC3,ITC33,Genova,93.6421052632049,1.27719298245667,1.8901754386,1609.62644736413,-3.51605263158332,-5.27298245613333
IT16030,Italy,IT,ITC,ITC3,ITC33,Genova,93.6421052632049,1.27719298245667,1.8901754386,1609.62644736413,-3.51605263158332,-5.27298245613333
IT16031,Italy,IT,ITC,ITC3,ITC33,Genova,93.6421052632049,1.27719298245667,1.8901754386,1609.62644736413,-3.51605263158332,-5.27298245613333
IT16032,Italy,IT,ITC,ITC3,ITC33,Genova,93.6421052632049,1.27719298245667,1.8901754386,1609.62644736413,-3.51605263158332,-5.27298245613333
IT16033,Italy,IT,ITC,ITC3,ITC33,Genova,93.6421052632049,1.27719298245667,1.8901754386,1609.62644736413,-3.51605263158332,-5.27298245613333
IT16034,Italy,IT,ITC,ITC3,ITC33,Genova,93.6421052632049,1.27719298245667,1.8901754386,1609.62644736413,-3.51605263158332,-5.27298245613333
IT16035,Italy,IT,ITC,ITC3,ITC33,Genova,93.6421052632049,1.27719298245667,1.8901754386,1609.62644736413,-3.51605263158332,-5.27298245613333
IT16036,Italy,IT,ITC,ITC3,ITC33,Genova,93.6421052632049,1.27719298245667,1.8901754386,1609.62644736413,-3.51605263158332,-5.27298245613333
IT16038,Italy,IT,ITC,ITC3,ITC33,Genova,93.6421052632049,1.27719298245667,1.8901754386,1609.62644736413,-3.51605263158332,-5.27298245613333
IT16039,Italy,IT,ITC,ITC3,ITC33,Genova,93.6421052632049,1.27719298245667,1.8901754386,1609.62644736413,-3.51605263158332,-5.27298245613333
IT16040,Italy,IT,ITC,ITC3,ITC33,Genova,93.6421052632049,1.27719298245667,1.8901754386,1609.62644736413,-3.51605263158332,-5.27298245613333
IT16041,Italy,IT,ITC,ITC3,ITC33,Genova,93.6421052632049,1.27719298245667,1.8901754386,1609.62644736413,-3.51605263158332,-5.27298245613333
IT16042,Italy,IT,ITC,ITC3,ITC33,Genova,93.6421052632049,1.27719298245667,1.8901754386,1609.62644736413,-3.51605263158332,-5.27298245613333
IT16043,Italy,IT,ITC,ITC3,ITC33,Genova,93.6421052632049,1.27719298245667,1.8901754386,1609.62644736413,-3.51605263158332,-5.27298245613333
IT16044,Italy,IT,ITC,ITC3,ITC33,Genova,93.6421052632049,1.27719298245667,1.8901754386,1609.62644736413,-3.51605263158332,-5.27298245613333
IT16045,Italy,IT,ITC,ITC3,ITC33,Genova,93.6421052632049,1.27719298245667,1.8901754386,1609.62644736413,-3.51605263158332,-5.27298245613333
IT16046,Italy,IT,ITC,ITC3,ITC33,Genova,93.6421052632049,1.27719298245667,1.8901754386,1609.62644736413,-3.51605263158332,-5.27298245613333
IT16047,Italy,IT,ITC,ITC3,ITC33,Genova,93.6421052632049,1.27719298245667,1.8901754386,1609.62644736413,-3.51605263158332,-5.27298245613333
IT16048,Italy,IT,ITC,ITC3,ITC33,Genova,93.6421052632049,1.27719298245667,1.8901754386,1609.62644736413,-3.51605263158332,-5.27298245613333
IT16049,Italy,IT,ITC,ITC3,ITC33,Genova,93.6421052632049,1.27719298245667,1.8901754386,1609.62644736413,-3.51605263158332,-5.27298245613333
IT16100,Italy,IT,ITC,ITC3,ITC33,Genova,93.6421052632049,1.27719298245667,1.8901754386,1609.62644736413,-3.51605263158332,-5.27298245613333
IT16121,Italy,IT,ITC,ITC3,ITC33,Genova,93.6421052632049,1.27719298245667,1.8901754386,1609.62644736413,-3.51605263158332,-5.27298245613333
IT16122,Italy,IT,ITC,ITC3,ITC33,Genova,93.6421052632049,1.27719298245667,1.8901754386,1609.62644736413,-3.51605263158332,-5.27298245613333
IT16123,Italy,IT,ITC,ITC3,ITC33,Genova,93.6421052632049,1.27719298245667,1.8901754386,1609.62644736413,-3.51605263158332,-5.27298245613333
IT16124,Italy,IT,ITC,ITC3,ITC33,Genova,93.6421052632049,1.27719298245667,1.8901754386,1609.62644736413,-3.51605263158332,-5.27298245613333
IT16125,Italy,IT,ITC,ITC3,ITC33,Genova,93.6421052632049,1.27719298245667,1.8901754386,1609.62644736413,-3.51605263158332,-5.27298245613333
IT16126,Italy,IT,ITC,ITC3,ITC33,Genova,93.6421052632049,1.27719298245667,1.8901754386,1609.62644736413,-3.51605263158332,-5.27298245613333
IT16127,Italy,IT,ITC,ITC3,ITC33,Genova,93.6421052632049,1.27719298245667,1.8901754386,1609.62644736413,-3.51605263158332,-5.27298245613333
IT16128,Italy,IT,ITC,ITC3,ITC33,Genova,93.6421052632049,1.27719298245667,1.8901754386,1609.62644736413,-3.51605263158332,-5.27298245613333
IT16129,Italy,IT,ITC,ITC3,ITC33,Genova,93.6421052632049,1.27719298245667,1.8901754386,1609.62644736413,-3.51605263158332,-5.27298245613333
IT16131,Italy,IT,ITC,ITC3,ITC33,Genova,93.6421052632049,1.27719298245667,1.8901754386,1609.62644736413,-3.51605263158332,-5.27298245613333
IT16132,Italy,IT,ITC,ITC3,ITC33,Genova,93.6421052632049,1.27719298245667,1.8901754386,1609.62644736413,-3.51605263158332,-5.27298245613333
IT16133,Italy,IT,ITC,ITC3,ITC33,Genova,93.6421052632049,1.27719298245667,1.8901754386,1609.62644736413,-3.51605263158332,-5.27298245613333
IT16134,Italy,IT,ITC,ITC3,ITC33,Genova,93.6421052632049,1.27719298245667,1.8901754386,1609.62644736413,-3.51605263158332,-5.27298245613333
IT16135,Italy,IT,ITC,ITC3,ITC33,Genova,93.6421052632049,1.27719298245667,1.8901754386,1609.62644736413,-3.51605263158332,-5.27298245613333
IT16136,Italy,IT,ITC,ITC3,ITC33,Genova,93.6421052632049,1.27719298245667,1.8901754386,1609.62644736413,-3.51605263158332,-5.27298245613333
IT16137,Italy,IT,ITC,ITC3,ITC33,Genova,93.6421052632049,1.27719298245667,1.8901754386,1609.62644736413,-3.51605263158332,-5.27298245613333
IT16138,Italy,IT,ITC,ITC3,ITC33,Genova,93.6421052632049,1.27719298245667,1.8901754386,1609.62644736413,-3.51605263158332,-5.27298245613333
IT16139,Italy,IT,ITC,ITC3,ITC33,Genova,93.6421052632049,1.27719298245667,1.8901754386,1609.62644736413,-3.51605263158332,-5.27298245613333
IT16141,Italy,IT,ITC,ITC3,ITC33,Genova,93.6421052632049,1.27719298245667,1.8901754386,1609.62644736413,-3.51605263158332,-5.27298245613333
IT16142,Italy,IT,ITC,ITC3,ITC33,Genova,93.6421052632049,1.27719298245667,1.8901754386,1609.62644736413,-3.51605263158332,-5.27298245613333
IT16143,Italy,IT,ITC,ITC3,ITC33,Genova,93.6421052632049,1.27719298245667,1.8901754386,1609.62644736413,-3.51605263158332,-5.27298245613333
IT16144,Italy,IT,ITC,ITC3,ITC33,Genova,93.6421052632049,1.27719298245667,1.8901754386,1609.62644736413,-3.51605263158332,-5.27298245613333
IT16145,Italy,IT,ITC,ITC3,ITC33,Genova,93.6421052632049,1.27719298245667,1.8901754386,1609.62644736413,-3.51605263158332,-5.27298245613333
IT16146,Italy,IT,ITC,ITC3,ITC33,Genova,93.6421052632049,1.27719298245667,1.8901754386,1609.62644736413,-3.51605263158332,-5.27298245613333
IT16147,Italy,IT,ITC,ITC3,ITC33,Genova,93.6421052632049,1.27719298245667,1.8901754386,1609.62644736413,-3.51605263158332,-5.27298245613333
IT16148,Italy,IT,ITC,ITC3,ITC33,Genova,93.6421052632049,1.27719298245667,1.8901754386,1609.62644736413,-3.51605263158332,-5.27298245613333
IT16149,Italy,IT,ITC,ITC3,ITC33,Genova,93.6421052632049,1.27719298245667,1.8901754386,1609.62644736413,-3.51605263158332,-5.27298245613333
IT16151,Italy,IT,ITC,ITC3,ITC33,Genova,93.6421052632049,1.27719298245667,1.8901754386,1609.62644736413,-3.51605263158332,-5.27298245613333
IT16152,Italy,IT,ITC,ITC3,ITC33,Genova,93.6421052632049,1.27719298245667,1.8901754386,1609.62644736413,-3.51605263158332,-5.27298245613333
IT16153,Italy,IT,ITC,ITC3,ITC33,Genova,93.6421052632049,1.27719298245667,1.8901754386,1609.62644736413,-3.51605263158332,-5.27298245613333
IT16154,Italy,IT,ITC,ITC3,ITC33,Genova,93.6421052632049,1.27719298245667,1.8901754386,1609.62644736413,-3.51605263158332,-5.27298245613333
IT16155,Italy,IT,ITC,ITC3,ITC33,Genova,93.6421052632049,1.27719298245667,1.8901754386,1609.62644736413,-3.51605263158332,-5.27298245613333
IT16156,Italy,IT,ITC,ITC3,ITC33,Genova,93.6421052632049,1.27719298245667,1.8901754386,1609.62644736413,-3.51605263158332,-5.27298245613333
IT16157,Italy,IT,ITC,ITC3,ITC33,Genova,93.6421052632049,1.27719298245667,1.8901754386,1609.62644736413,-3.51605263158332,-5.27298245613333
IT16158,Italy,IT,ITC,ITC3,ITC33,Genova,93.6421052632049,1.27719298245667,1.8901754386,1609.62644736413,-3.51605263158332,-5.27298245613333
IT16159,Italy,IT,ITC,ITC3,ITC33,Genova,93.6421052632049,1.27719298245667,1.8901754386,1609.62644736413,-3.51605263158332,-5.27298245613333
IT16161,Italy,IT,ITC,ITC3,ITC33,Genova,93.6421052632049,1.27719298245667,1.8901754386,1609.62644736413,-3.51605263158332,-5.27298245613333
IT16162,Italy,IT,ITC,ITC3,ITC33,Genova,93.6421052632049,1.27719298245667,1.8901754386,1609.62644736413,-3.51605263158332,-5.27298245613333
IT16163,Italy,IT,ITC,ITC3,ITC33,Genova,93.6421052632049,1.27719298245667,1.8901754386,1609.62644736413,-3.51605263158332,-5.27298245613333
IT16164,Italy,IT,ITC,ITC3,ITC33,Genova,93.6421052632049,1.27719298245667,1.8901754386,1609.62644736413,-3.51605263158332,-5.27298245613333
IT16165,Italy,IT,ITC,ITC3,ITC33,Genova,93.6421052632049,1.27719298245667,1.8901754386,1609.62644736413,-3.51605263158332,-5.27298245613333
IT16166,Italy,IT,ITC,ITC3,ITC33,Genova,93.6421052632049,1.27719298245667,1.8901754386,1609.62644736413,-3.51605263158332,-5.27298245613333
IT16167,Italy,IT,ITC,ITC3,ITC33,Genova,93.6421052632049,1.27719298245667,1.8901754386,1609.62644736413,-3.51605263158332,-5.27298245613333
IT97010,Italy,IT,ITG,ITG1,ITG18,Ragusa,363.610468749999,2.73739583333333,4.0625,509.64453125,-2.1515625,-3.20083333333333
IT97011,Italy,IT,ITG,ITG1,ITG18,Ragusa,363.610468749999,2.73739583333333,4.0625,509.64453125,-2.1515625,-3.20083333333333
IT97012,Italy,IT,ITG,ITG1,ITG18,Ragusa,363.610468749999,2.73739583333333,4.0625,509.64453125,-2.1515625,-3.20083333333333
IT97013,Italy,IT,ITG,ITG1,ITG18,Ragusa,363.610468749999,2.73739583333333,4.0625,509.64453125,-2.1515625,-3.20083333333333
IT97014,Italy,IT,ITG,ITG1,ITG18,Ragusa,363.610468749999,2.73739583333333,4.0625,509.64453125,-2.1515625,-3.20083333333333
IT97015,Italy,IT,ITG,ITG1,ITG18,Ragusa,363.610468749999,2.73739583333333,4.0625,509.64453125,-2.1515625,-3.20083333333333
IT97016,Italy,IT,ITG,ITG1,ITG18,Ragusa,363.610468749999,2.73739583333333,4.0625,509.64453125,-2.1515625,-3.20083333333333
IT97017,Italy,IT,ITG,ITG1,ITG18,Ragusa,363.610468749999,2.73739583333333,4.0625,509.64453125,-2.1515625,-3.20083333333333
IT97018,Italy,IT,ITG,ITG1,ITG18,Ragusa,363.610468749999,2.73739583333333,4.0625,509.64453125,-2.1515625,-3.20083333333333
IT97019,Italy,IT,ITG,ITG1,ITG18,Ragusa,363.610468749999,2.73739583333333,4.0625,509.64453125,-2.1515625,-3.20083333333333
IT97100,Italy,IT,ITG,ITG1,ITG18,Ragusa,363.610468749999,2.73739583333333,4.0625,509.64453125,-2.1515625,-3.20083333333333
IT75010,Italy,IT,ITF,ITF5,ITF52,Matera,309.437499999875,2.17938596491667,3.17280701754998,865.909934211,-2.87249999999998,-4.29460526315
IT75011,Italy,IT,ITF,ITF5,ITF52,Matera,309.437499999875,2.17938596491667,3.17280701754998,865.909934211,-2.87249999999998,-4.29460526315
IT75012,Italy,IT,ITF,ITF5,ITF52,Matera,309.437499999875,2.17938596491667,3.17280701754998,865.909934211,-2.87249999999998,-4.29460526315
IT75013,Italy,IT,ITF,ITF5,ITF52,Matera,309.437499999875,2.17938596491667,3.17280701754998,865.909934211,-2.87249999999998,-4.29460526315
IT75014,Italy,IT,ITF,ITF5,ITF52,Matera,309.437499999875,2.17938596491667,3.17280701754998,865.909934211,-2.87249999999998,-4.29460526315
IT75015,Italy,IT,ITF,ITF5,ITF52,Matera,309.437499999875,2.17938596491667,3.17280701754998,865.909934211,-2.87249999999998,-4.29460526315
IT75016,Italy,IT,ITF,ITF5,ITF52,Matera,309.437499999875,2.17938596491667,3.17280701754998,865.909934211,-2.87249999999998,-4.29460526315
IT75017,Italy,IT,ITF,ITF5,ITF52,Matera,309.437499999875,2.17938596491667,3.17280701754998,865.909934211,-2.87249999999998,-4.29460526315
IT75018,Italy,IT,ITF,ITF5,ITF52,Matera,309.437499999875,2.17938596491667,3.17280701754998,865.909934211,-2.87249999999998,-4.29460526315
IT75019,Italy,IT,ITF,ITF5,ITF52,Matera,309.437499999875,2.17938596491667,3.17280701754998,865.909934211,-2.87249999999998,-4.29460526315
IT75020,Italy,IT,ITF,ITF5,ITF52,Matera,309.437499999875,2.17938596491667,3.17280701754998,865.909934211,-2.87249999999998,-4.29460526315
IT75021,Italy,IT,ITF,ITF5,ITF52,Matera,309.437499999875,2.17938596491667,3.17280701754998,865.909934211,-2.87249999999998,-4.29460526315
IT75022,Italy,IT,ITF,ITF5,ITF52,Matera,309.437499999875,2.17938596491667,3.17280701754998,865.909934211,-2.87249999999998,-4.29460526315
IT75023,Italy,IT,ITF,ITF5,ITF52,Matera,309.437499999875,2.17938596491667,3.17280701754998,865.909934211,-2.87249999999998,-4.29460526315
IT75024,Italy,IT,ITF,ITF5,ITF52,Matera,309.437499999875,2.17938596491667,3.17280701754998,865.909934211,-2.87249999999998,-4.29460526315
IT75025,Italy,IT,ITF,ITF5,ITF52,Matera,309.437499999875,2.17938596491667,3.17280701754998,865.909934211,-2.87249999999998,-4.29460526315
IT75026,Italy,IT,ITF,ITF5,ITF52,Matera,309.437499999875,2.17938596491667,3.17280701754998,865.909934211,-2.87249999999998,-4.29460526315
IT75027,Italy,IT,ITF,ITF5,ITF52,Matera,309.437499999875,2.17938596491667,3.17280701754998,865.909934211,-2.87249999999998,-4.29460526315
IT75028,Italy,IT,ITF,ITF5,ITF52,Matera,309.437499999875,2.17938596491667,3.17280701754998,865.909934211,-2.87249999999998,-4.29460526315
IT75029,Italy,IT,ITF,ITF5,ITF52,Matera,309.437499999875,2.17938596491667,3.17280701754998,865.909934211,-2.87249999999998,-4.29460526315
IT75100,Italy,IT,ITF,ITF5,ITF52,Matera,309.437499999875,2.17938596491667,3.17280701754998,865.909934211,-2.87249999999998,-4.29460526315
IT71010,Italy,IT,ITF,ITF4,ITF46,Foggia,342.809178082525,2.38164383561667,3.43095890411665,986.71171232905,-3.01337899543333,-4.57821917808332
IT71011,Italy,IT,ITF,ITF4,ITF46,Foggia,342.809178082525,2.38164383561667,3.43095890411665,986.71171232905,-3.01337899543333,-4.57821917808332
IT71012,Italy,IT,ITF,ITF4,ITF46,Foggia,342.809178082525,2.38164383561667,3.43095890411665,986.71171232905,-3.01337899543333,-4.57821917808332
IT71013,Italy,IT,ITF,ITF4,ITF46,Foggia,342.809178082525,2.38164383561667,3.43095890411665,986.71171232905,-3.01337899543333,-4.57821917808332
IT71014,Italy,IT,ITF,ITF4,ITF46,Foggia,342.809178082525,2.38164383561667,3.43095890411665,986.71171232905,-3.01337899543333,-4.57821917808332
IT71015,Italy,IT,ITF,ITF4,ITF46,Foggia,342.809178082525,2.38164383561667,3.43095890411665,986.71171232905,-3.01337899543333,-4.57821917808332
IT71016,Italy,IT,ITF,ITF4,ITF46,Foggia,342.809178082525,2.38164383561667,3.43095890411665,986.71171232905,-3.01337899543333,-4.57821917808332
IT71017,Italy,IT,ITF,ITF4,ITF46,Foggia,342.809178082525,2.38164383561667,3.43095890411665,986.71171232905,-3.01337899543333,-4.57821917808332
IT71018,Italy,IT,ITF,ITF4,ITF46,Foggia,342.809178082525,2.38164383561667,3.43095890411665,986.71171232905,-3.01337899543333,-4.57821917808332
IT71019,Italy,IT,ITF,ITF4,ITF46,Foggia,342.809178082525,2.38164383561667,3.43095890411665,986.71171232905,-3.01337899543333,-4.57821917808332
IT71020,Italy,IT,ITF,ITF4,ITF46,Foggia,342.809178082525,2.38164383561667,3.43095890411665,986.71171232905,-3.01337899543333,-4.57821917808332
IT71021,Italy,IT,ITF,ITF4,ITF46,Foggia,342.809178082525,2.38164383561667,3.43095890411665,986.71171232905,-3.01337899543333,-4.57821917808332
IT71022,Italy,IT,ITF,ITF4,ITF46,Foggia,342.809178082525,2.38164383561667,3.43095890411665,986.71171232905,-3.01337899543333,-4.57821917808332
IT71023,Italy,IT,ITF,ITF4,ITF46,Foggia,342.809178082525,2.38164383561667,3.43095890411665,986.71171232905,-3.01337899543333,-4.57821917808332
IT71024,Italy,IT,ITF,ITF4,ITF46,Foggia,342.809178082525,2.38164383561667,3.43095890411665,986.71171232905,-3.01337899543333,-4.57821917808332
IT71025,Italy,IT,ITF,ITF4,ITF46,Foggia,342.809178082525,2.38164383561667,3.43095890411665,986.71171232905,-3.01337899543333,-4.57821917808332
IT71026,Italy,IT,ITF,ITF4,ITF46,Foggia,342.809178082525,2.38164383561667,3.43095890411665,986.71171232905,-3.01337899543333,-4.57821917808332
IT71027,Italy,IT,ITF,ITF4,ITF46,Foggia,342.809178082525,2.38164383561667,3.43095890411665,986.71171232905,-3.01337899543333,-4.57821917808332
IT71028,Italy,IT,ITF,ITF4,ITF46,Foggia,342.809178082525,2.38164383561667,3.43095890411665,986.71171232905,-3.01337899543333,-4.57821917808332
IT71029,Italy,IT,ITF,ITF4,ITF46,Foggia,342.809178082525,2.38164383561667,3.43095890411665,986.71171232905,-3.01337899543333,-4.57821917808332
IT71030,Italy,IT,ITF,ITF4,ITF46,Foggia,342.809178082525,2.38164383561667,3.43095890411665,986.71171232905,-3.01337899543333,-4.57821917808332
IT71031,Italy,IT,ITF,ITF4,ITF46,Foggia,342.809178082525,2.38164383561667,3.43095890411665,986.71171232905,-3.01337899543333,-4.57821917808332
IT71032,Italy,IT,ITF,ITF4,ITF46,Foggia,342.809178082525,2.38164383561667,3.43095890411665,986.71171232905,-3.01337899543333,-4.57821917808332
IT71033,Italy,IT,ITF,ITF4,ITF46,Foggia,342.809178082525,2.38164383561667,3.43095890411665,986.71171232905,-3.01337899543333,-4.57821917808332
IT71034,Italy,IT,ITF,ITF4,ITF46,Foggia,342.809178082525,2.38164383561667,3.43095890411665,986.71171232905,-3.01337899543333,-4.57821917808332
IT71035,Italy,IT,ITF,ITF4,ITF46,Foggia,342.809178082525,2.38164383561667,3.43095890411665,986.71171232905,-3.01337899543333,-4.57821917808332
IT71036,Italy,IT,ITF,ITF4,ITF46,Foggia,342.809178082525,2.38164383561667,3.43095890411665,986.71171232905,-3.01337899543333,-4.57821917808332
IT71037,Italy,IT,ITF,ITF4,ITF46,Foggia,342.809178082525,2.38164383561667,3.43095890411665,986.71171232905,-3.01337899543333,-4.57821917808332
IT71038,Italy,IT,ITF,ITF4,ITF46,Foggia,342.809178082525,2.38164383561667,3.43095890411665,986.71171232905,-3.01337899543333,-4.57821917808332
IT71039,Italy,IT,ITF,ITF4,ITF46,Foggia,342.809178082525,2.38164383561667,3.43095890411665,986.71171232905,-3.01337899543333,-4.57821917808332
IT71040,Italy,IT,ITF,ITF4,ITF46,Foggia,342.809178082525,2.38164383561667,3.43095890411665,986.71171232905,-3.01337899543333,-4.57821917808332
IT71041,Italy,IT,ITF,ITF4,ITF46,Foggia,342.809178082525,2.38164383561667,3.43095890411665,986.71171232905,-3.01337899543333,-4.57821917808332
IT71042,Italy,IT,ITF,ITF4,ITF46,Foggia,342.809178082525,2.38164383561667,3.43095890411665,986.71171232905,-3.01337899543333,-4.57821917808332
IT71043,Italy,IT,ITF,ITF4,ITF46,Foggia,342.809178082525,2.38164383561667,3.43095890411665,986.71171232905,-3.01337899543333,-4.57821917808332
IT71045,Italy,IT,ITF,ITF4,ITF46,Foggia,342.809178082525,2.38164383561667,3.43095890411665,986.71171232905,-3.01337899543333,-4.57821917808332
IT71047,Italy,IT,ITF,ITF4,ITF46,Foggia,342.809178082525,2.38164383561667,3.43095890411665,986.71171232905,-3.01337899543333,-4.57821917808332
IT71048,Italy,IT,ITF,ITF4,ITF46,Foggia,342.809178082525,2.38164383561667,3.43095890411665,986.71171232905,-3.01337899543333,-4.57821917808332
IT71100,Italy,IT,ITF,ITF4,ITF46,Foggia,342.809178082525,2.38164383561667,3.43095890411665,986.71171232905,-3.01337899543333,-4.57821917808332
IT70010,Italy,IT,ITF,ITF4,ITF47,Bari,273.083782051525,2.13329059828333,3.11538461538333,939.980256409999,-2.94,-4.40145299145
IT70013,Italy,IT,ITF,ITF4,ITF47,Bari,273.083782051525,2.13329059828333,3.11538461538333,939.980256409999,-2.94,-4.40145299145
IT70014,Italy,IT,ITF,ITF4,ITF47,Bari,273.083782051525,2.13329059828333,3.11538461538333,939.980256409999,-2.94,-4.40145299145
IT70015,Italy,IT,ITF,ITF4,ITF47,Bari,273.083782051525,2.13329059828333,3.11538461538333,939.980256409999,-2.94,-4.40145299145
IT70016,Italy,IT,ITF,ITF4,ITF47,Bari,273.083782051525,2.13329059828333,3.11538461538333,939.980256409999,-2.94,-4.40145299145
IT70017,Italy,IT,ITF,ITF4,ITF47,Bari,273.083782051525,2.13329059828333,3.11538461538333,939.980256409999,-2.94,-4.40145299145
IT70018,Italy,IT,ITF,ITF4,ITF47,Bari,273.083782051525,2.13329059828333,3.11538461538333,939.980256409999,-2.94,-4.40145299145
IT70019,Italy,IT,ITF,ITF4,ITF47,Bari,273.083782051525,2.13329059828333,3.11538461538333,939.980256409999,-2.94,-4.40145299145
IT70020,Italy,IT,ITF,ITF4,ITF47,Bari,273.083782051525,2.13329059828333,3.11538461538333,939.980256409999,-2.94,-4.40145299145
IT70021,Italy,IT,ITF,ITF4,ITF47,Bari,273.083782051525,2.13329059828333,3.11538461538333,939.980256409999,-2.94,-4.40145299145
IT70022,Italy,IT,ITF,ITF4,ITF47,Bari,273.083782051525,2.13329059828333,3.11538461538333,939.980256409999,-2.94,-4.40145299145
IT70023,Italy,IT,ITF,ITF4,ITF47,Bari,273.083782051525,2.13329059828333,3.11538461538333,939.980256409999,-2.94,-4.40145299145
IT70024,Italy,IT,ITF,ITF4,ITF47,Bari,273.083782051525,2.13329059828333,3.11538461538333,939.980256409999,-2.94,-4.40145299145
IT70025,Italy,IT,ITF,ITF4,ITF47,Bari,273.083782051525,2.13329059828333,3.11538461538333,939.980256409999,-2.94,-4.40145299145
IT70026,Italy,IT,ITF,ITF4,ITF47,Bari,273.083782051525,2.13329059828333,3.11538461538333,939.980256409999,-2.94,-4.40145299145
IT70027,Italy,IT,ITF,ITF4,ITF47,Bari,273.083782051525,2.13329059828333,3.11538461538333,939.980256409999,-2.94,-4.40145299145
IT70028,Italy,IT,ITF,ITF4,ITF47,Bari,273.083782051525,2.13329059828333,3.11538461538333,939.980256409999,-2.94,-4.40145299145
IT70029,Italy,IT,ITF,ITF4,ITF47,Bari,273.083782051525,2.13329059828333,3.11538461538333,939.980256409999,-2.94,-4.40145299145
IT70032,Italy,IT,ITF,ITF4,ITF47,Bari,273.083782051525,2.13329059828333,3.11538461538333,939.980256409999,-2.94,-4.40145299145
IT70033,Italy,IT,ITF,ITF4,ITF47,Bari,273.083782051525,2.13329059828333,3.11538461538333,939.980256409999,-2.94,-4.40145299145
IT70037,Italy,IT,ITF,ITF4,ITF47,Bari,273.083782051525,2.13329059828333,3.11538461538333,939.980256409999,-2.94,-4.40145299145
IT70038,Italy,IT,ITF,ITF4,ITF47,Bari,273.083782051525,2.13329059828333,3.11538461538333,939.980256409999,-2.94,-4.40145299145
IT70042,Italy,IT,ITF,ITF4,ITF47,Bari,273.083782051525,2.13329059828333,3.11538461538333,939.980256409999,-2.94,-4.40145299145
IT70043,Italy,IT,ITF,ITF4,ITF47,Bari,273.083782051525,2.13329059828333,3.11538461538333,939.980256409999,-2.94,-4.40145299145
IT70044,Italy,IT,ITF,ITF4,ITF47,Bari,273.083782051525,2.13329059828333,3.11538461538333,939.980256409999,-2.94,-4.40145299145
IT70054,Italy,IT,ITF,ITF4,ITF47,Bari,273.083782051525,2.13329059828333,3.11538461538333,939.980256409999,-2.94,-4.40145299145
IT70056,Italy,IT,ITF,ITF4,ITF47,Bari,273.083782051525,2.13329059828333,3.11538461538333,939.980256409999,-2.94,-4.40145299145
IT70100,Italy,IT,ITF,ITF4,ITF47,Bari,273.083782051525,2.13329059828333,3.11538461538333,939.980256409999,-2.94,-4.40145299145
IT70121,Italy,IT,ITF,ITF4,ITF47,Bari,273.083782051525,2.13329059828333,3.11538461538333,939.980256409999,-2.94,-4.40145299145
IT70122,Italy,IT,ITF,ITF4,ITF47,Bari,273.083782051525,2.13329059828333,3.11538461538333,939.980256409999,-2.94,-4.40145299145
IT70123,Italy,IT,ITF,ITF4,ITF47,Bari,273.083782051525,2.13329059828333,3.11538461538333,939.980256409999,-2.94,-4.40145299145
IT70124,Italy,IT,ITF,ITF4,ITF47,Bari,273.083782051525,2.13329059828333,3.11538461538333,939.980256409999,-2.94,-4.40145299145
IT70125,Italy,IT,ITF,ITF4,ITF47,Bari,273.083782051525,2.13329059828333,3.11538461538333,939.980256409999,-2.94,-4.40145299145
IT70126,Italy,IT,ITF,ITF4,ITF47,Bari,273.083782051525,2.13329059828333,3.11538461538333,939.980256409999,-2.94,-4.40145299145
IT70127,Italy,IT,ITF,ITF4,ITF47,Bari,273.083782051525,2.13329059828333,3.11538461538333,939.980256409999,-2.94,-4.40145299145
IT70128,Italy,IT,ITF,ITF4,ITF47,Bari,273.083782051525,2.13329059828333,3.11538461538333,939.980256409999,-2.94,-4.40145299145
IT70129,Italy,IT,ITF,ITF4,ITF47,Bari,273.083782051525,2.13329059828333,3.11538461538333,939.980256409999,-2.94,-4.40145299145
IT70131,Italy,IT,ITF,ITF4,ITF47,Bari,273.083782051525,2.13329059828333,3.11538461538333,939.980256409999,-2.94,-4.40145299145
IT00010,Italy,IT,ITI,ITI4,ITI43,Roma,296.392413793125,2.31632183908332,3.1523275862,1025.58443965698,-2.72864942528332,-4.22583333333333
IT00011,Italy,IT,ITI,ITI4,ITI43,Roma,296.392413793125,2.31632183908332,3.1523275862,1025.58443965698,-2.72864942528332,-4.22583333333333
IT00012,Italy,IT,ITI,ITI4,ITI43,Roma,296.392413793125,2.31632183908332,3.1523275862,1025.58443965698,-2.72864942528332,-4.22583333333333
IT00013,Italy,IT,ITI,ITI4,ITI43,Roma,296.392413793125,2.31632183908332,3.1523275862,1025.58443965698,-2.72864942528332,-4.22583333333333
IT00015,Italy,IT,ITI,ITI4,ITI43,Roma,296.392413793125,2.31632183908332,3.1523275862,1025.58443965698,-2.72864942528332,-4.22583333333333
IT00017,Italy,IT,ITI,ITI4,ITI43,Roma,296.392413793125,2.31632183908332,3.1523275862,1025.58443965698,-2.72864942528332,-4.22583333333333
IT00018,Italy,IT,ITI,ITI4,ITI43,Roma,296.392413793125,2.31632183908332,3.1523275862,1025.58443965698,-2.72864942528332,-4.22583333333333
IT00019,Italy,IT,ITI,ITI4,ITI43,Roma,296.392413793125,2.31632183908332,3.1523275862,1025.58443965698,-2.72864942528332,-4.22583333333333
IT00020,Italy,IT,ITI,ITI4,ITI43,Roma,296.392413793125,2.31632183908332,3.1523275862,1025.58443965698,-2.72864942528332,-4.22583333333333
IT00021,Italy,IT,ITI,ITI4,ITI43,Roma,296.392413793125,2.31632183908332,3.1523275862,1025.58443965698,-2.72864942528332,-4.22583333333333
IT00022,Italy,IT,ITI,ITI4,ITI43,Roma,296.392413793125,2.31632183908332,3.1523275862,1025.58443965698,-2.72864942528332,-4.22583333333333
IT00023,Italy,IT,ITI,ITI4,ITI43,Roma,296.392413793125,2.31632183908332,3.1523275862,1025.58443965698,-2.72864942528332,-4.22583333333333
IT00024,Italy,IT,ITI,ITI4,ITI43,Roma,296.392413793125,2.31632183908332,3.1523275862,1025.58443965698,-2.72864942528332,-4.22583333333333
IT00025,Italy,IT,ITI,ITI4,ITI43,Roma,296.392413793125,2.31632183908332,3.1523275862,1025.58443965698,-2.72864942528332,-4.22583333333333
IT00026,Italy,IT,ITI,ITI4,ITI43,Roma,296.392413793125,2.31632183908332,3.1523275862,1025.58443965698,-2.72864942528332,-4.22583333333333
IT00027,Italy,IT,ITI,ITI4,ITI43,Roma,296.392413793125,2.31632183908332,3.1523275862,1025.58443965698,-2.72864942528332,-4.22583333333333
IT00028,Italy,IT,ITI,ITI4,ITI43,Roma,296.392413793125,2.31632183908332,3.1523275862,1025.58443965698,-2.72864942528332,-4.22583333333333
IT00029,Italy,IT,ITI,ITI4,ITI43,Roma,296.392413793125,2.31632183908332,3.1523275862,1025.58443965698,-2.72864942528332,-4.22583333333333
IT00030,Italy,IT,ITI,ITI4,ITI43,Roma,296.392413793125,2.31632183908332,3.1523275862,1025.58443965698,-2.72864942528332,-4.22583333333333
IT00031,Italy,IT,ITI,ITI4,ITI43,Roma,296.392413793125,2.31632183908332,3.1523275862,1025.58443965698,-2.72864942528332,-4.22583333333333
IT00032,Italy,IT,ITI,ITI4,ITI43,Roma,296.392413793125,2.31632183908332,3.1523275862,1025.58443965698,-2.72864942528332,-4.22583333333333
IT00033,Italy,IT,ITI,ITI4,ITI43,Roma,296.392413793125,2.31632183908332,3.1523275862,1025.58443965698,-2.72864942528332,-4.22583333333333
IT00034,Italy,IT,ITI,ITI4,ITI43,Roma,296.392413793125,2.31632183908332,3.1523275862,1025.58443965698,-2.72864942528332,-4.22583333333333
IT00035,Italy,IT,ITI,ITI4,ITI43,Roma,296.392413793125,2.31632183908332,3.1523275862,1025.58443965698,-2.72864942528332,-4.22583333333333
IT00036,Italy,IT,ITI,ITI4,ITI43,Roma,296.392413793125,2.31632183908332,3.1523275862,1025.58443965698,-2.72864942528332,-4.22583333333333
IT00037,Italy,IT,ITI,ITI4,ITI43,Roma,296.392413793125,2.31632183908332,3.1523275862,1025.58443965698,-2.72864942528332,-4.22583333333333
IT00038,Italy,IT,ITI,ITI4,ITI43,Roma,296.392413793125,2.31632183908332,3.1523275862,1025.58443965698,-2.72864942528332,-4.22583333333333
IT00039,Italy,IT,ITI,ITI4,ITI43,Roma,296.392413793125,2.31632183908332,3.1523275862,1025.58443965698,-2.72864942528332,-4.22583333333333
IT00040,Italy,IT,ITI,ITI4,ITI43,Roma,296.392413793125,2.31632183908332,3.1523275862,1025.58443965698,-2.72864942528332,-4.22583333333333
IT00041,Italy,IT,ITI,ITI4,ITI43,Roma,296.392413793125,2.31632183908332,3.1523275862,1025.58443965698,-2.72864942528332,-4.22583333333333
IT00042,Italy,IT,ITI,ITI4,ITI43,Roma,296.392413793125,2.31632183908332,3.1523275862,1025.58443965698,-2.72864942528332,-4.22583333333333
IT00043,Italy,IT,ITI,ITI4,ITI43,Roma,296.392413793125,2.31632183908332,3.1523275862,1025.58443965698,-2.72864942528332,-4.22583333333333
IT00044,Italy,IT,ITI,ITI4,ITI43,Roma,296.392413793125,2.31632183908332,3.1523275862,1025.58443965698,-2.72864942528332,-4.22583333333333
IT00045,Italy,IT,ITI,ITI4,ITI43,Roma,296.392413793125,2.31632183908332,3.1523275862,1025.58443965698,-2.72864942528332,-4.22583333333333
IT00046,Italy,IT,ITI,ITI4,ITI43,Roma,296.392413793125,2.31632183908332,3.1523275862,1025.58443965698,-2.72864942528332,-4.22583333333333
IT00047,Italy,IT,ITI,ITI4,ITI43,Roma,296.392413793125,2.31632183908332,3.1523275862,1025.58443965698,-2.72864942528332,-4.22583333333333
IT00048,Italy,IT,ITI,ITI4,ITI43,Roma,296.392413793125,2.31632183908332,3.1523275862,1025.58443965698,-2.72864942528332,-4.22583333333333
IT00049,Italy,IT,ITI,ITI4,ITI43,Roma,296.392413793125,2.31632183908332,3.1523275862,1025.58443965698,-2.72864942528332,-4.22583333333333
IT00050,Italy,IT,ITI,ITI4,ITI43,Roma,296.392413793125,2.31632183908332,3.1523275862,1025.58443965698,-2.72864942528332,-4.22583333333333
IT00051,Italy,IT,ITI,ITI4,ITI43,Roma,296.392413793125,2.31632183908332,3.1523275862,1025.58443965698,-2.72864942528332,-4.22583333333333
IT00052,Italy,IT,ITI,ITI4,ITI43,Roma,296.392413793125,2.31632183908332,3.1523275862,1025.58443965698,-2.72864942528332,-4.22583333333333
IT00053,Italy,IT,ITI,ITI4,ITI43,Roma,296.392413793125,2.31632183908332,3.1523275862,1025.58443965698,-2.72864942528332,-4.22583333333333
IT00054,Italy,IT,ITI,ITI4,ITI43,Roma,296.392413793125,2.31632183908332,3.1523275862,1025.58443965698,-2.72864942528332,-4.22583333333333
IT00055,Italy,IT,ITI,ITI4,ITI43,Roma,296.392413793125,2.31632183908332,3.1523275862,1025.58443965698,-2.72864942528332,-4.22583333333333
IT00057,Italy,IT,ITI,ITI4,ITI43,Roma,296.392413793125,2.31632183908332,3.1523275862,1025.58443965698,-2.72864942528332,-4.22583333333333
IT00058,Italy,IT,ITI,ITI4,ITI43,Roma,296.392413793125,2.31632183908332,3.1523275862,1025.58443965698,-2.72864942528332,-4.22583333333333
IT00059,Italy,IT,ITI,ITI4,ITI43,Roma,296.392413793125,2.31632183908332,3.1523275862,1025.58443965698,-2.72864942528332,-4.22583333333333
IT00060,Italy,IT,ITI,ITI4,ITI43,Roma,296.392413793125,2.31632183908332,3.1523275862,1025.58443965698,-2.72864942528332,-4.22583333333333
IT00061,Italy,IT,ITI,ITI4,ITI43,Roma,296.392413793125,2.31632183908332,3.1523275862,1025.58443965698,-2.72864942528332,-4.22583333333333
IT00062,Italy,IT,ITI,ITI4,ITI43,Roma,296.392413793125,2.31632183908332,3.1523275862,1025.58443965698,-2.72864942528332,-4.22583333333333
IT00063,Italy,IT,ITI,ITI4,ITI43,Roma,296.392413793125,2.31632183908332,3.1523275862,1025.58443965698,-2.72864942528332,-4.22583333333333
IT00065,Italy,IT,ITI,ITI4,ITI43,Roma,296.392413793125,2.31632183908332,3.1523275862,1025.58443965698,-2.72864942528332,-4.22583333333333
IT00066,Italy,IT,ITI,ITI4,ITI43,Roma,296.392413793125,2.31632183908332,3.1523275862,1025.58443965698,-2.72864942528332,-4.22583333333333
IT00067,Italy,IT,ITI,ITI4,ITI43,Roma,296.392413793125,2.31632183908332,3.1523275862,1025.58443965698,-2.72864942528332,-4.22583333333333
IT00068,Italy,IT,ITI,ITI4,ITI43,Roma,296.392413793125,2.31632183908332,3.1523275862,1025.58443965698,-2.72864942528332,-4.22583333333333
IT00069,Italy,IT,ITI,ITI4,ITI43,Roma,296.392413793125,2.31632183908332,3.1523275862,1025.58443965698,-2.72864942528332,-4.22583333333333
IT00071,Italy,IT,ITI,ITI4,ITI43,Roma,296.392413793125,2.31632183908332,3.1523275862,1025.58443965698,-2.72864942528332,-4.22583333333333
IT00072,Italy,IT,ITI,ITI4,ITI43,Roma,296.392413793125,2.31632183908332,3.1523275862,1025.58443965698,-2.72864942528332,-4.22583333333333
IT00073,Italy,IT,ITI,ITI4,ITI43,Roma,296.392413793125,2.31632183908332,3.1523275862,1025.58443965698,-2.72864942528332,-4.22583333333333
IT00074,Italy,IT,ITI,ITI4,ITI43,Roma,296.392413793125,2.31632183908332,3.1523275862,1025.58443965698,-2.72864942528332,-4.22583333333333
IT00075,Italy,IT,ITI,ITI4,ITI43,Roma,296.392413793125,2.31632183908332,3.1523275862,1025.58443965698,-2.72864942528332,-4.22583333333333
IT00076,Italy,IT,ITI,ITI4,ITI43,Roma,296.392413793125,2.31632183908332,3.1523275862,1025.58443965698,-2.72864942528332,-4.22583333333333
IT00077,Italy,IT,ITI,ITI4,ITI43,Roma,296.392413793125,2.31632183908332,3.1523275862,1025.58443965698,-2.72864942528332,-4.22583333333333
IT00078,Italy,IT,ITI,ITI4,ITI43,Roma,296.392413793125,2.31632183908332,3.1523275862,1025.58443965698,-2.72864942528332,-4.22583333333333
IT00079,Italy,IT,ITI,ITI4,ITI43,Roma,296.392413793125,2.31632183908332,3.1523275862,1025.58443965698,-2.72864942528332,-4.22583333333333
IT00119,Italy,IT,ITI,ITI4,ITI43,Roma,296.392413793125,2.31632183908332,3.1523275862,1025.58443965698,-2.72864942528332,-4.22583333333333
IT00120,Italy,IT,ITI,ITI4,ITI43,Roma,296.392413793125,2.31632183908332,3.1523275862,1025.58443965698,-2.72864942528332,-4.22583333333333
IT00121,Italy,IT,ITI,ITI4,ITI43,Roma,296.392413793125,2.31632183908332,3.1523275862,1025.58443965698,-2.72864942528332,-4.22583333333333
IT00122,Italy,IT,ITI,ITI4,ITI43,Roma,296.392413793125,2.31632183908332,3.1523275862,1025.58443965698,-2.72864942528332,-4.22583333333333
IT00123,Italy,IT,ITI,ITI4,ITI43,Roma,296.392413793125,2.31632183908332,3.1523275862,1025.58443965698,-2.72864942528332,-4.22583333333333
IT00124,Italy,IT,ITI,ITI4,ITI43,Roma,296.392413793125,2.31632183908332,3.1523275862,1025.58443965698,-2.72864942528332,-4.22583333333333
IT00125,Italy,IT,ITI,ITI4,ITI43,Roma,296.392413793125,2.31632183908332,3.1523275862,1025.58443965698,-2.72864942528332,-4.22583333333333
IT00126,Italy,IT,ITI,ITI4,ITI43,Roma,296.392413793125,2.31632183908332,3.1523275862,1025.58443965698,-2.72864942528332,-4.22583333333333
IT00127,Italy,IT,ITI,ITI4,ITI43,Roma,296.392413793125,2.31632183908332,3.1523275862,1025.58443965698,-2.72864942528332,-4.22583333333333
IT00128,Italy,IT,ITI,ITI4,ITI43,Roma,296.392413793125,2.31632183908332,3.1523275862,1025.58443965698,-2.72864942528332,-4.22583333333333
IT00131,Italy,IT,ITI,ITI4,ITI43,Roma,296.392413793125,2.31632183908332,3.1523275862,1025.58443965698,-2.72864942528332,-4.22583333333333
IT00132,Italy,IT,ITI,ITI4,ITI43,Roma,296.392413793125,2.31632183908332,3.1523275862,1025.58443965698,-2.72864942528332,-4.22583333333333
IT00133,Italy,IT,ITI,ITI4,ITI43,Roma,296.392413793125,2.31632183908332,3.1523275862,1025.58443965698,-2.72864942528332,-4.22583333333333
IT00134,Italy,IT,ITI,ITI4,ITI43,Roma,296.392413793125,2.31632183908332,3.1523275862,1025.58443965698,-2.72864942528332,-4.22583333333333
IT00135,Italy,IT,ITI,ITI4,ITI43,Roma,296.392413793125,2.31632183908332,3.1523275862,1025.58443965698,-2.72864942528332,-4.22583333333333
IT00136,Italy,IT,ITI,ITI4,ITI43,Roma,296.392413793125,2.31632183908332,3.1523275862,1025.58443965698,-2.72864942528332,-4.22583333333333
IT00137,Italy,IT,ITI,ITI4,ITI43,Roma,296.392413793125,2.31632183908332,3.1523275862,1025.58443965698,-2.72864942528332,-4.22583333333333
IT00138,Italy,IT,ITI,ITI4,ITI43,Roma,296.392413793125,2.31632183908332,3.1523275862,1025.58443965698,-2.72864942528332,-4.22583333333333
IT00139,Italy,IT,ITI,ITI4,ITI43,Roma,296.392413793125,2.31632183908332,3.1523275862,1025.58443965698,-2.72864942528332,-4.22583333333333
IT00141,Italy,IT,ITI,ITI4,ITI43,Roma,296.392413793125,2.31632183908332,3.1523275862,1025.58443965698,-2.72864942528332,-4.22583333333333
IT00142,Italy,IT,ITI,ITI4,ITI43,Roma,296.392413793125,2.31632183908332,3.1523275862,1025.58443965698,-2.72864942528332,-4.22583333333333
IT00143,Italy,IT,ITI,ITI4,ITI43,Roma,296.392413793125,2.31632183908332,3.1523275862,1025.58443965698,-2.72864942528332,-4.22583333333333
IT00144,Italy,IT,ITI,ITI4,ITI43,Roma,296.392413793125,2.31632183908332,3.1523275862,1025.58443965698,-2.72864942528332,-4.22583333333333
IT00145,Italy,IT,ITI,ITI4,ITI43,Roma,296.392413793125,2.31632183908332,3.1523275862,1025.58443965698,-2.72864942528332,-4.22583333333333
IT00146,Italy,IT,ITI,ITI4,ITI43,Roma,296.392413793125,2.31632183908332,3.1523275862,1025.58443965698,-2.72864942528332,-4.22583333333333
IT00147,Italy,IT,ITI,ITI4,ITI43,Roma,296.392413793125,2.31632183908332,3.1523275862,1025.58443965698,-2.72864942528332,-4.22583333333333
IT00148,Italy,IT,ITI,ITI4,ITI43,Roma,296.392413793125,2.31632183908332,3.1523275862,1025.58443965698,-2.72864942528332,-4.22583333333333
IT00149,Italy,IT,ITI,ITI4,ITI43,Roma,296.392413793125,2.31632183908332,3.1523275862,1025.58443965698,-2.72864942528332,-4.22583333333333
IT00151,Italy,IT,ITI,ITI4,ITI43,Roma,296.392413793125,2.31632183908332,3.1523275862,1025.58443965698,-2.72864942528332,-4.22583333333333
IT00152,Italy,IT,ITI,ITI4,ITI43,Roma,296.392413793125,2.31632183908332,3.1523275862,1025.58443965698,-2.72864942528332,-4.22583333333333
IT00153,Italy,IT,ITI,ITI4,ITI43,Roma,296.392413793125,2.31632183908332,3.1523275862,1025.58443965698,-2.72864942528332,-4.22583333333333
IT00154,Italy,IT,ITI,ITI4,ITI43,Roma,296.392413793125,2.31632183908332,3.1523275862,1025.58443965698,-2.72864942528332,-4.22583333333333
IT00155,Italy,IT,ITI,ITI4,ITI43,Roma,296.392413793125,2.31632183908332,3.1523275862,1025.58443965698,-2.72864942528332,-4.22583333333333
IT00156,Italy,IT,ITI,ITI4,ITI43,Roma,296.392413793125,2.31632183908332,3.1523275862,1025.58443965698,-2.72864942528332,-4.22583333333333
IT00157,Italy,IT,ITI,ITI4,ITI43,Roma,296.392413793125,2.31632183908332,3.1523275862,1025.58443965698,-2.72864942528332,-4.22583333333333
IT00158,Italy,IT,ITI,ITI4,ITI43,Roma,296.392413793125,2.31632183908332,3.1523275862,1025.58443965698,-2.72864942528332,-4.22583333333333
IT00159,Italy,IT,ITI,ITI4,ITI43,Roma,296.392413793125,2.31632183908332,3.1523275862,1025.58443965698,-2.72864942528332,-4.22583333333333
IT00161,Italy,IT,ITI,ITI4,ITI43,Roma,296.392413793125,2.31632183908332,3.1523275862,1025.58443965698,-2.72864942528332,-4.22583333333333
IT00162,Italy,IT,ITI,ITI4,ITI43,Roma,296.392413793125,2.31632183908332,3.1523275862,1025.58443965698,-2.72864942528332,-4.22583333333333
IT00163,Italy,IT,ITI,ITI4,ITI43,Roma,296.392413793125,2.31632183908332,3.1523275862,1025.58443965698,-2.72864942528332,-4.22583333333333
IT00164,Italy,IT,ITI,ITI4,ITI43,Roma,296.392413793125,2.31632183908332,3.1523275862,1025.58443965698,-2.72864942528332,-4.22583333333333
IT00165,Italy,IT,ITI,ITI4,ITI43,Roma,296.392413793125,2.31632183908332,3.1523275862,1025.58443965698,-2.72864942528332,-4.22583333333333
IT00166,Italy,IT,ITI,ITI4,ITI43,Roma,296.392413793125,2.31632183908332,3.1523275862,1025.58443965698,-2.72864942528332,-4.22583333333333
IT00167,Italy,IT,ITI,ITI4,ITI43,Roma,296.392413793125,2.31632183908332,3.1523275862,1025.58443965698,-2.72864942528332,-4.22583333333333
IT00168,Italy,IT,ITI,ITI4,ITI43,Roma,296.392413793125,2.31632183908332,3.1523275862,1025.58443965698,-2.72864942528332,-4.22583333333333
IT00169,Italy,IT,ITI,ITI4,ITI43,Roma,296.392413793125,2.31632183908332,3.1523275862,1025.58443965698,-2.72864942528332,-4.22583333333333
IT00171,Italy,IT,ITI,ITI4,ITI43,Roma,296.392413793125,2.31632183908332,3.1523275862,1025.58443965698,-2.72864942528332,-4.22583333333333
IT00172,Italy,IT,ITI,ITI4,ITI43,Roma,296.392413793125,2.31632183908332,3.1523275862,1025.58443965698,-2.72864942528332,-4.22583333333333
IT00173,Italy,IT,ITI,ITI4,ITI43,Roma,296.392413793125,2.31632183908332,3.1523275862,1025.58443965698,-2.72864942528332,-4.22583333333333
IT00174,Italy,IT,ITI,ITI4,ITI43,Roma,296.392413793125,2.31632183908332,3.1523275862,1025.58443965698,-2.72864942528332,-4.22583333333333
IT00175,Italy,IT,ITI,ITI4,ITI43,Roma,296.392413793125,2.31632183908332,3.1523275862,1025.58443965698,-2.72864942528332,-4.22583333333333
IT00176,Italy,IT,ITI,ITI4,ITI43,Roma,296.392413793125,2.31632183908332,3.1523275862,1025.58443965698,-2.72864942528332,-4.22583333333333
IT00177,Italy,IT,ITI,ITI4,ITI43,Roma,296.392413793125,2.31632183908332,3.1523275862,1025.58443965698,-2.72864942528332,-4.22583333333333
IT00178,Italy,IT,ITI,ITI4,ITI43,Roma,296.392413793125,2.31632183908332,3.1523275862,1025.58443965698,-2.72864942528332,-4.22583333333333
IT00179,Italy,IT,ITI,ITI4,ITI43,Roma,296.392413793125,2.31632183908332,3.1523275862,1025.58443965698,-2.72864942528332,-4.22583333333333
IT00181,Italy,IT,ITI,ITI4,ITI43,Roma,296.392413793125,2.31632183908332,3.1523275862,1025.58443965698,-2.72864942528332,-4.22583333333333
IT00182,Italy,IT,ITI,ITI4,ITI43,Roma,296.392413793125,2.31632183908332,3.1523275862,1025.58443965698,-2.72864942528332,-4.22583333333333
IT00183,Italy,IT,ITI,ITI4,ITI43,Roma,296.392413793125,2.31632183908332,3.1523275862,1025.58443965698,-2.72864942528332,-4.22583333333333
IT00184,Italy,IT,ITI,ITI4,ITI43,Roma,296.392413793125,2.31632183908332,3.1523275862,1025.58443965698,-2.72864942528332,-4.22583333333333
IT00185,Italy,IT,ITI,ITI4,ITI43,Roma,296.392413793125,2.31632183908332,3.1523275862,1025.58443965698,-2.72864942528332,-4.22583333333333
IT00186,Italy,IT,ITI,ITI4,ITI43,Roma,296.392413793125,2.31632183908332,3.1523275862,1025.58443965698,-2.72864942528332,-4.22583333333333
IT00187,Italy,IT,ITI,ITI4,ITI43,Roma,296.392413793125,2.31632183908332,3.1523275862,1025.58443965698,-2.72864942528332,-4.22583333333333
IT00188,Italy,IT,ITI,ITI4,ITI43,Roma,296.392413793125,2.31632183908332,3.1523275862,1025.58443965698,-2.72864942528332,-4.22583333333333
IT00189,Italy,IT,ITI,ITI4,ITI43,Roma,296.392413793125,2.31632183908332,3.1523275862,1025.58443965698,-2.72864942528332,-4.22583333333333
IT00191,Italy,IT,ITI,ITI4,ITI43,Roma,296.392413793125,2.31632183908332,3.1523275862,1025.58443965698,-2.72864942528332,-4.22583333333333
IT00192,Italy,IT,ITI,ITI4,ITI43,Roma,296.392413793125,2.31632183908332,3.1523275862,1025.58443965698,-2.72864942528332,-4.22583333333333
IT00193,Italy,IT,ITI,ITI4,ITI43,Roma,296.392413793125,2.31632183908332,3.1523275862,1025.58443965698,-2.72864942528332,-4.22583333333333
IT00194,Italy,IT,ITI,ITI4,ITI43,Roma,296.392413793125,2.31632183908332,3.1523275862,1025.58443965698,-2.72864942528332,-4.22583333333333
IT00195,Italy,IT,ITI,ITI4,ITI43,Roma,296.392413793125,2.31632183908332,3.1523275862,1025.58443965698,-2.72864942528332,-4.22583333333333
IT00196,Italy,IT,ITI,ITI4,ITI43,Roma,296.392413793125,2.31632183908332,3.1523275862,1025.58443965698,-2.72864942528332,-4.22583333333333
IT00197,Italy,IT,ITI,ITI4,ITI43,Roma,296.392413793125,2.31632183908332,3.1523275862,1025.58443965698,-2.72864942528332,-4.22583333333333
IT00198,Italy,IT,ITI,ITI4,ITI43,Roma,296.392413793125,2.31632183908332,3.1523275862,1025.58443965698,-2.72864942528332,-4.22583333333333
IT00199,Italy,IT,ITI,ITI4,ITI43,Roma,296.392413793125,2.31632183908332,3.1523275862,1025.58443965698,-2.72864942528332,-4.22583333333333
IT04010,Italy,IT,ITI,ITI4,ITI44,Latina,317.69711538505,2.37756410256667,3.25641025641665,916.880288461849,-2.71185897436665,-4.19891025641667
IT04011,Italy,IT,ITI,ITI4,ITI44,Latina,317.69711538505,2.37756410256667,3.25641025641665,916.880288461849,-2.71185897436665,-4.19891025641667
IT04012,Italy,IT,ITI,ITI4,ITI44,Latina,317.69711538505,2.37756410256667,3.25641025641665,916.880288461849,-2.71185897436665,-4.19891025641667
IT04013,Italy,IT,ITI,ITI4,ITI44,Latina,317.69711538505,2.37756410256667,3.25641025641665,916.880288461849,-2.71185897436665,-4.19891025641667
IT04014,Italy,IT,ITI,ITI4,ITI44,Latina,317.69711538505,2.37756410256667,3.25641025641665,916.880288461849,-2.71185897436665,-4.19891025641667
IT04015,Italy,IT,ITI,ITI4,ITI44,Latina,317.69711538505,2.37756410256667,3.25641025641665,916.880288461849,-2.71185897436665,-4.19891025641667
IT04016,Italy,IT,ITI,ITI4,ITI44,Latina,317.69711538505,2.37756410256667,3.25641025641665,916.880288461849,-2.71185897436665,-4.19891025641667
IT04017,Italy,IT,ITI,ITI4,ITI44,Latina,317.69711538505,2.37756410256667,3.25641025641665,916.880288461849,-2.71185897436665,-4.19891025641667
IT04018,Italy,IT,ITI,ITI4,ITI44,Latina,317.69711538505,2.37756410256667,3.25641025641665,916.880288461849,-2.71185897436665,-4.19891025641667
IT04019,Italy,IT,ITI,ITI4,ITI44,Latina,317.69711538505,2.37756410256667,3.25641025641665,916.880288461849,-2.71185897436665,-4.19891025641667
IT04020,Italy,IT,ITI,ITI4,ITI44,Latina,317.69711538505,2.37756410256667,3.25641025641665,916.880288461849,-2.71185897436665,-4.19891025641667
IT04021,Italy,IT,ITI,ITI4,ITI44,Latina,317.69711538505,2.37756410256667,3.25641025641665,916.880288461849,-2.71185897436665,-4.19891025641667
IT04022,Italy,IT,ITI,ITI4,ITI44,Latina,317.69711538505,2.37756410256667,3.25641025641665,916.880288461849,-2.71185897436665,-4.19891025641667
IT04023,Italy,IT,ITI,ITI4,ITI44,Latina,317.69711538505,2.37756410256667,3.25641025641665,916.880288461849,-2.71185897436665,-4.19891025641667
IT04024,Italy,IT,ITI,ITI4,ITI44,Latina,317.69711538505,2.37756410256667,3.25641025641665,916.880288461849,-2.71185897436665,-4.19891025641667
IT04025,Italy,IT,ITI,ITI4,ITI44,Latina,317.69711538505,2.37756410256667,3.25641025641665,916.880288461849,-2.71185897436665,-4.19891025641667
IT04026,Italy,IT,ITI,ITI4,ITI44,Latina,317.69711538505,2.37756410256667,3.25641025641665,916.880288461849,-2.71185897436665,-4.19891025641667
IT04027,Italy,IT,ITI,ITI4,ITI44,Latina,317.69711538505,2.37756410256667,3.25641025641665,916.880288461849,-2.71185897436665,-4.19891025641667
IT04028,Italy,IT,ITI,ITI4,ITI44,Latina,317.69711538505,2.37756410256667,3.25641025641665,916.880288461849,-2.71185897436665,-4.19891025641667
IT04029,Italy,IT,ITI,ITI4,ITI44,Latina,317.69711538505,2.37756410256667,3.25641025641665,916.880288461849,-2.71185897436665,-4.19891025641667
IT04100,Italy,IT,ITI,ITI4,ITI44,Latina,317.69711538505,2.37756410256667,3.25641025641665,916.880288461849,-2.71185897436665,-4.19891025641667
IT54011,Italy,IT,ITI,ITI1,ITI11,Massa-Carrara,93.8293181818575,1.08681818181833,1.59318181818167,1802.19022726915,-3.46530303029998,-5.28909090908333
IT54012,Italy,IT,ITI,ITI1,ITI11,Massa-Carrara,93.8293181818575,1.08681818181833,1.59318181818167,1802.19022726915,-3.46530303029998,-5.28909090908333
IT54013,Italy,IT,ITI,ITI1,ITI11,Massa-Carrara,93.8293181818575,1.08681818181833,1.59318181818167,1802.19022726915,-3.46530303029998,-5.28909090908333
IT54014,Italy,IT,ITI,ITI1,ITI11,Massa-Carrara,93.8293181818575,1.08681818181833,1.59318181818167,1802.19022726915,-3.46530303029998,-5.28909090908333
IT54015,Italy,IT,ITI,ITI1,ITI11,Massa-Carrara,93.8293181818575,1.08681818181833,1.59318181818167,1802.19022726915,-3.46530303029998,-5.28909090908333
IT54016,Italy,IT,ITI,ITI1,ITI11,Massa-Carrara,93.8293181818575,1.08681818181833,1.59318181818167,1802.19022726915,-3.46530303029998,-5.28909090908333
IT54021,Italy,IT,ITI,ITI1,ITI11,Massa-Carrara,93.8293181818575,1.08681818181833,1.59318181818167,1802.19022726915,-3.46530303029998,-5.28909090908333
IT54023,Italy,IT,ITI,ITI1,ITI11,Massa-Carrara,93.8293181818575,1.08681818181833,1.59318181818167,1802.19022726915,-3.46530303029998,-5.28909090908333
IT54026,Italy,IT,ITI,ITI1,ITI11,Massa-Carrara,93.8293181818575,1.08681818181833,1.59318181818167,1802.19022726915,-3.46530303029998,-5.28909090908333
IT54027,Italy,IT,ITI,ITI1,ITI11,Massa-Carrara,93.8293181818575,1.08681818181833,1.59318181818167,1802.19022726915,-3.46530303029998,-5.28909090908333
IT54028,Italy,IT,ITI,ITI1,ITI11,Massa-Carrara,93.8293181818575,1.08681818181833,1.59318181818167,1802.19022726915,-3.46530303029998,-5.28909090908333
IT54029,Italy,IT,ITI,ITI1,ITI11,Massa-Carrara,93.8293181818575,1.08681818181833,1.59318181818167,1802.19022726915,-3.46530303029998,-5.28909090908333
IT54033,Italy,IT,ITI,ITI1,ITI11,Massa-Carrara,93.8293181818575,1.08681818181833,1.59318181818167,1802.19022726915,-3.46530303029998,-5.28909090908333
IT54035,Italy,IT,ITI,ITI1,ITI11,Massa-Carrara,93.8293181818575,1.08681818181833,1.59318181818167,1802.19022726915,-3.46530303029998,-5.28909090908333
IT54038,Italy,IT,ITI,ITI1,ITI11,Massa-Carrara,93.8293181818575,1.08681818181833,1.59318181818167,1802.19022726915,-3.46530303029998,-5.28909090908333
IT54100,Italy,IT,ITI,ITI1,ITI11,Massa-Carrara,93.8293181818575,1.08681818181833,1.59318181818167,1802.19022726915,-3.46530303029998,-5.28909090908333
IT42010,Italy,IT,ITH,ITH5,ITH53,Reggio nell’Emilia,234.933365385125,1.72557692308333,2.33596153846667,1678.45913462014,-3.11314102563333,-4.62243589743332
IT42011,Italy,IT,ITH,ITH5,ITH53,Reggio nell’Emilia,234.933365385125,1.72557692308333,2.33596153846667,1678.45913462014,-3.11314102563333,-4.62243589743332
IT42012,Italy,IT,ITH,ITH5,ITH53,Reggio nell’Emilia,234.933365385125,1.72557692308333,2.33596153846667,1678.45913462014,-3.11314102563333,-4.62243589743332
IT42013,Italy,IT,ITH,ITH5,ITH53,Reggio nell’Emilia,234.933365385125,1.72557692308333,2.33596153846667,1678.45913462014,-3.11314102563333,-4.62243589743332
IT42014,Italy,IT,ITH,ITH5,ITH53,Reggio nell’Emilia,234.933365385125,1.72557692308333,2.33596153846667,1678.45913462014,-3.11314102563333,-4.62243589743332
IT42015,Italy,IT,ITH,ITH5,ITH53,Reggio nell’Emilia,234.933365385125,1.72557692308333,2.33596153846667,1678.45913462014,-3.11314102563333,-4.62243589743332
IT42016,Italy,IT,ITH,ITH5,ITH53,Reggio nell’Emilia,234.933365385125,1.72557692308333,2.33596153846667,1678.45913462014,-3.11314102563333,-4.62243589743332
IT42017,Italy,IT,ITH,ITH5,ITH53,Reggio nell’Emilia,234.933365385125,1.72557692308333,2.33596153846667,1678.45913462014,-3.11314102563333,-4.62243589743332
IT42018,Italy,IT,ITH,ITH5,ITH53,Reggio nell’Emilia,234.933365385125,1.72557692308333,2.33596153846667,1678.45913462014,-3.11314102563333,-4.62243589743332
IT42019,Italy,IT,ITH,ITH5,ITH53,Reggio nell’Emilia,234.933365385125,1.72557692308333,2.33596153846667,1678.45913462014,-3.11314102563333,-4.62243589743332
IT42020,Italy,IT,ITH,ITH5,ITH53,Reggio nell’Emilia,234.933365385125,1.72557692308333,2.33596153846667,1678.45913462014,-3.11314102563333,-4.62243589743332
IT42021,Italy,IT,ITH,ITH5,ITH53,Reggio nell’Emilia,234.933365385125,1.72557692308333,2.33596153846667,1678.45913462014,-3.11314102563333,-4.62243589743332
IT42022,Italy,IT,ITH,ITH5,ITH53,Reggio nell’Emilia,234.933365385125,1.72557692308333,2.33596153846667,1678.45913462014,-3.11314102563333,-4.62243589743332
IT42023,Italy,IT,ITH,ITH5,ITH53,Reggio nell’Emilia,234.933365385125,1.72557692308333,2.33596153846667,1678.45913462014,-3.11314102563333,-4.62243589743332
IT42024,Italy,IT,ITH,ITH5,ITH53,Reggio nell’Emilia,234.933365385125,1.72557692308333,2.33596153846667,1678.45913462014,-3.11314102563333,-4.62243589743332
IT42025,Italy,IT,ITH,ITH5,ITH53,Reggio nell’Emilia,234.933365385125,1.72557692308333,2.33596153846667,1678.45913462014,-3.11314102563333,-4.62243589743332
IT42026,Italy,IT,ITH,ITH5,ITH53,Reggio nell’Emilia,234.933365385125,1.72557692308333,2.33596153846667,1678.45913462014,-3.11314102563333,-4.62243589743332
IT42027,Italy,IT,ITH,ITH5,ITH53,Reggio nell’Emilia,234.933365385125,1.72557692308333,2.33596153846667,1678.45913462014,-3.11314102563333,-4.62243589743332
IT42028,Italy,IT,ITH,ITH5,ITH53,Reggio nell’Emilia,234.933365385125,1.72557692308333,2.33596153846667,1678.45913462014,-3.11314102563333,-4.62243589743332
IT42030,Italy,IT,ITH,ITH5,ITH53,Reggio nell’Emilia,234.933365385125,1.72557692308333,2.33596153846667,1678.45913462014,-3.11314102563333,-4.62243589743332
IT42031,Italy,IT,ITH,ITH5,ITH53,Reggio nell’Emilia,234.933365385125,1.72557692308333,2.33596153846667,1678.45913462014,-3.11314102563333,-4.62243589743332
IT42032,Italy,IT,ITH,ITH5,ITH53,Reggio nell’Emilia,234.933365385125,1.72557692308333,2.33596153846667,1678.45913462014,-3.11314102563333,-4.62243589743332
IT42033,Italy,IT,ITH,ITH5,ITH53,Reggio nell’Emilia,234.933365385125,1.72557692308333,2.33596153846667,1678.45913462014,-3.11314102563333,-4.62243589743332
IT42034,Italy,IT,ITH,ITH5,ITH53,Reggio nell’Emilia,234.933365385125,1.72557692308333,2.33596153846667,1678.45913462014,-3.11314102563333,-4.62243589743332
IT42035,Italy,IT,ITH,ITH5,ITH53,Reggio nell’Emilia,234.933365385125,1.72557692308333,2.33596153846667,1678.45913462014,-3.11314102563333,-4.62243589743332
IT42040,Italy,IT,ITH,ITH5,ITH53,Reggio nell’Emilia,234.933365385125,1.72557692308333,2.33596153846667,1678.45913462014,-3.11314102563333,-4.62243589743332
IT42041,Italy,IT,ITH,ITH5,ITH53,Reggio nell’Emilia,234.933365385125,1.72557692308333,2.33596153846667,1678.45913462014,-3.11314102563333,-4.62243589743332
IT42042,Italy,IT,ITH,ITH5,ITH53,Reggio nell’Emilia,234.933365385125,1.72557692308333,2.33596153846667,1678.45913462014,-3.11314102563333,-4.62243589743332
IT42043,Italy,IT,ITH,ITH5,ITH53,Reggio nell’Emilia,234.933365385125,1.72557692308333,2.33596153846667,1678.45913462014,-3.11314102563333,-4.62243589743332
IT42044,Italy,IT,ITH,ITH5,ITH53,Reggio nell’Emilia,234.933365385125,1.72557692308333,2.33596153846667,1678.45913462014,-3.11314102563333,-4.62243589743332
IT42045,Italy,IT,ITH,ITH5,ITH53,Reggio nell’Emilia,234.933365385125,1.72557692308333,2.33596153846667,1678.45913462014,-3.11314102563333,-4.62243589743332
IT42046,Italy,IT,ITH,ITH5,ITH53,Reggio nell’Emilia,234.933365385125,1.72557692308333,2.33596153846667,1678.45913462014,-3.11314102563333,-4.62243589743332
IT42047,Italy,IT,ITH,ITH5,ITH53,Reggio nell’Emilia,234.933365385125,1.72557692308333,2.33596153846667,1678.45913462014,-3.11314102563333,-4.62243589743332
IT42048,Italy,IT,ITH,ITH5,ITH53,Reggio nell’Emilia,234.933365385125,1.72557692308333,2.33596153846667,1678.45913462014,-3.11314102563333,-4.62243589743332
IT42049,Italy,IT,ITH,ITH5,ITH53,Reggio nell’Emilia,234.933365385125,1.72557692308333,2.33596153846667,1678.45913462014,-3.11314102563333,-4.62243589743332
IT42100,Italy,IT,ITH,ITH5,ITH53,Reggio nell’Emilia,234.933365385125,1.72557692308333,2.33596153846667,1678.45913462014,-3.11314102563333,-4.62243589743332
IT45010,Italy,IT,ITH,ITH3,ITH37,Rovigo,352.14228260845,2.57340579709998,3.415,1369.93250000275,-2.87369565216665,-4.21224637681667
IT45011,Italy,IT,ITH,ITH3,ITH37,Rovigo,352.14228260845,2.57340579709998,3.415,1369.93250000275,-2.87369565216665,-4.21224637681667
IT45012,Italy,IT,ITH,ITH3,ITH37,Rovigo,352.14228260845,2.57340579709998,3.415,1369.93250000275,-2.87369565216665,-4.21224637681667
IT45014,Italy,IT,ITH,ITH3,ITH37,Rovigo,352.14228260845,2.57340579709998,3.415,1369.93250000275,-2.87369565216665,-4.21224637681667
IT45015,Italy,IT,ITH,ITH3,ITH37,Rovigo,352.14228260845,2.57340579709998,3.415,1369.93250000275,-2.87369565216665,-4.21224637681667
IT45017,Italy,IT,ITH,ITH3,ITH37,Rovigo,352.14228260845,2.57340579709998,3.415,1369.93250000275,-2.87369565216665,-4.21224637681667
IT45018,Italy,IT,ITH,ITH3,ITH37,Rovigo,352.14228260845,2.57340579709998,3.415,1369.93250000275,-2.87369565216665,-4.21224637681667
IT45019,Italy,IT,ITH,ITH3,ITH37,Rovigo,352.14228260845,2.57340579709998,3.415,1369.93250000275,-2.87369565216665,-4.21224637681667
IT45020,Italy,IT,ITH,ITH3,ITH37,Rovigo,352.14228260845,2.57340579709998,3.415,1369.93250000275,-2.87369565216665,-4.21224637681667
IT45021,Italy,IT,ITH,ITH3,ITH37,Rovigo,352.14228260845,2.57340579709998,3.415,1369.93250000275,-2.87369565216665,-4.21224637681667
IT45022,Italy,IT,ITH,ITH3,ITH37,Rovigo,352.14228260845,2.57340579709998,3.415,1369.93250000275,-2.87369565216665,-4.21224637681667
IT45023,Italy,IT,ITH,ITH3,ITH37,Rovigo,352.14228260845,2.57340579709998,3.415,1369.93250000275,-2.87369565216665,-4.21224637681667
IT45024,Italy,IT,ITH,ITH3,ITH37,Rovigo,352.14228260845,2.57340579709998,3.415,1369.93250000275,-2.87369565216665,-4.21224637681667
IT45025,Italy,IT,ITH,ITH3,ITH37,Rovigo,352.14228260845,2.57340579709998,3.415,1369.93250000275,-2.87369565216665,-4.21224637681667
IT45026,Italy,IT,ITH,ITH3,ITH37,Rovigo,352.14228260845,2.57340579709998,3.415,1369.93250000275,-2.87369565216665,-4.21224637681667
IT45027,Italy,IT,ITH,ITH3,ITH37,Rovigo,352.14228260845,2.57340579709998,3.415,1369.93250000275,-2.87369565216665,-4.21224637681667
IT45030,Italy,IT,ITH,ITH3,ITH37,Rovigo,352.14228260845,2.57340579709998,3.415,1369.93250000275,-2.87369565216665,-4.21224637681667
IT45031,Italy,IT,ITH,ITH3,ITH37,Rovigo,352.14228260845,2.57340579709998,3.415,1369.93250000275,-2.87369565216665,-4.21224637681667
IT45032,Italy,IT,ITH,ITH3,ITH37,Rovigo,352.14228260845,2.57340579709998,3.415,1369.93250000275,-2.87369565216665,-4.21224637681667
IT45033,Italy,IT,ITH,ITH3,ITH37,Rovigo,352.14228260845,2.57340579709998,3.415,1369.93250000275,-2.87369565216665,-4.21224637681667
IT45034,Italy,IT,ITH,ITH3,ITH37,Rovigo,352.14228260845,2.57340579709998,3.415,1369.93250000275,-2.87369565216665,-4.21224637681667
IT45035,Italy,IT,ITH,ITH3,ITH37,Rovigo,352.14228260845,2.57340579709998,3.415,1369.93250000275,-2.87369565216665,-4.21224637681667
IT45036,Italy,IT,ITH,ITH3,ITH37,Rovigo,352.14228260845,2.57340579709998,3.415,1369.93250000275,-2.87369565216665,-4.21224637681667
IT45037,Italy,IT,ITH,ITH3,ITH37,Rovigo,352.14228260845,2.57340579709998,3.415,1369.93250000275,-2.87369565216665,-4.21224637681667
IT45038,Italy,IT,ITH,ITH3,ITH37,Rovigo,352.14228260845,2.57340579709998,3.415,1369.93250000275,-2.87369565216665,-4.21224637681667
IT45039,Italy,IT,ITH,ITH3,ITH37,Rovigo,352.14228260845,2.57340579709998,3.415,1369.93250000275,-2.87369565216665,-4.21224637681667
IT45100,Italy,IT,ITH,ITH3,ITH37,Rovigo,352.14228260845,2.57340579709998,3.415,1369.93250000275,-2.87369565216665,-4.21224637681667
IT44011,Italy,IT,ITH,ITH5,ITH56,Ferrara,356.188583333774,2.45394444445,3.27416666666665,1410.36216667,-2.78433333333333,-4.115
IT44012,Italy,IT,ITH,ITH5,ITH56,Ferrara,356.188583333774,2.45394444445,3.27416666666665,1410.36216667,-2.78433333333333,-4.115
IT44015,Italy,IT,ITH,ITH5,ITH56,Ferrara,356.188583333774,2.45394444445,3.27416666666665,1410.36216667,-2.78433333333333,-4.115
IT44019,Italy,IT,ITH,ITH5,ITH56,Ferrara,356.188583333774,2.45394444445,3.27416666666665,1410.36216667,-2.78433333333333,-4.115
IT44020,Italy,IT,ITH,ITH5,ITH56,Ferrara,356.188583333774,2.45394444445,3.27416666666665,1410.36216667,-2.78433333333333,-4.115
IT44021,Italy,IT,ITH,ITH5,ITH56,Ferrara,356.188583333774,2.45394444445,3.27416666666665,1410.36216667,-2.78433333333333,-4.115
IT44022,Italy,IT,ITH,ITH5,ITH56,Ferrara,356.188583333774,2.45394444445,3.27416666666665,1410.36216667,-2.78433333333333,-4.115
IT44023,Italy,IT,ITH,ITH5,ITH56,Ferrara,356.188583333774,2.45394444445,3.27416666666665,1410.36216667,-2.78433333333333,-4.115
IT44026,Italy,IT,ITH,ITH5,ITH56,Ferrara,356.188583333774,2.45394444445,3.27416666666665,1410.36216667,-2.78433333333333,-4.115
IT44027,Italy,IT,ITH,ITH5,ITH56,Ferrara,356.188583333774,2.45394444445,3.27416666666665,1410.36216667,-2.78433333333333,-4.115
IT44028,Italy,IT,ITH,ITH5,ITH56,Ferrara,356.188583333774,2.45394444445,3.27416666666665,1410.36216667,-2.78433333333333,-4.115
IT44029,Italy,IT,ITH,ITH5,ITH56,Ferrara,356.188583333774,2.45394444445,3.27416666666665,1410.36216667,-2.78433333333333,-4.115
IT44030,Italy,IT,ITH,ITH5,ITH56,Ferrara,356.188583333774,2.45394444445,3.27416666666665,1410.36216667,-2.78433333333333,-4.115
IT44033,Italy,IT,ITH,ITH5,ITH56,Ferrara,356.188583333774,2.45394444445,3.27416666666665,1410.36216667,-2.78433333333333,-4.115
IT44034,Italy,IT,ITH,ITH5,ITH56,Ferrara,356.188583333774,2.45394444445,3.27416666666665,1410.36216667,-2.78433333333333,-4.115
IT44035,Italy,IT,ITH,ITH5,ITH56,Ferrara,356.188583333774,2.45394444445,3.27416666666665,1410.36216667,-2.78433333333333,-4.115
IT44037,Italy,IT,ITH,ITH5,ITH56,Ferrara,356.188583333774,2.45394444445,3.27416666666665,1410.36216667,-2.78433333333333,-4.115
IT44039,Italy,IT,ITH,ITH5,ITH56,Ferrara,356.188583333774,2.45394444445,3.27416666666665,1410.36216667,-2.78433333333333,-4.115
IT44041,Italy,IT,ITH,ITH5,ITH56,Ferrara,356.188583333774,2.45394444445,3.27416666666665,1410.36216667,-2.78433333333333,-4.115
IT44042,Italy,IT,ITH,ITH5,ITH56,Ferrara,356.188583333774,2.45394444445,3.27416666666665,1410.36216667,-2.78433333333333,-4.115
IT44043,Italy,IT,ITH,ITH5,ITH56,Ferrara,356.188583333774,2.45394444445,3.27416666666665,1410.36216667,-2.78433333333333,-4.115
IT44045,Italy,IT,ITH,ITH5,ITH56,Ferrara,356.188583333774,2.45394444445,3.27416666666665,1410.36216667,-2.78433333333333,-4.115
IT44047,Italy,IT,ITH,ITH5,ITH56,Ferrara,356.188583333774,2.45394444445,3.27416666666665,1410.36216667,-2.78433333333333,-4.115
IT44049,Italy,IT,ITH,ITH5,ITH56,Ferrara,356.188583333774,2.45394444445,3.27416666666665,1410.36216667,-2.78433333333333,-4.115
IT44100,Italy,IT,ITH,ITH5,ITH56,Ferrara,356.188583333774,2.45394444445,3.27416666666665,1410.36216667,-2.78433333333333,-4.115
IT19010,Italy,IT,ITC,ITC3,ITC34,La Spezia,135.972954545,1.47833333333333,2.10909090908333,1637.58727272373,-3.39878787878333,-5.15212121211665
IT19011,Italy,IT,ITC,ITC3,ITC34,La Spezia,135.972954545,1.47833333333333,2.10909090908333,1637.58727272373,-3.39878787878333,-5.15212121211665
IT19012,Italy,IT,ITC,ITC3,ITC34,La Spezia,135.972954545,1.47833333333333,2.10909090908333,1637.58727272373,-3.39878787878333,-5.15212121211665
IT19013,Italy,IT,ITC,ITC3,ITC34,La Spezia,135.972954545,1.47833333333333,2.10909090908333,1637.58727272373,-3.39878787878333,-5.15212121211665
IT19014,Italy,IT,ITC,ITC3,ITC34,La Spezia,135.972954545,1.47833333333333,2.10909090908333,1637.58727272373,-3.39878787878333,-5.15212121211665
IT19015,Italy,IT,ITC,ITC3,ITC34,La Spezia,135.972954545,1.47833333333333,2.10909090908333,1637.58727272373,-3.39878787878333,-5.15212121211665
IT19016,Italy,IT,ITC,ITC3,ITC34,La Spezia,135.972954545,1.47833333333333,2.10909090908333,1637.58727272373,-3.39878787878333,-5.15212121211665
IT19017,Italy,IT,ITC,ITC3,ITC34,La Spezia,135.972954545,1.47833333333333,2.10909090908333,1637.58727272373,-3.39878787878333,-5.15212121211665
IT19018,Italy,IT,ITC,ITC3,ITC34,La Spezia,135.972954545,1.47833333333333,2.10909090908333,1637.58727272373,-3.39878787878333,-5.15212121211665
IT19020,Italy,IT,ITC,ITC3,ITC34,La Spezia,135.972954545,1.47833333333333,2.10909090908333,1637.58727272373,-3.39878787878333,-5.15212121211665
IT19021,Italy,IT,ITC,ITC3,ITC34,La Spezia,135.972954545,1.47833333333333,2.10909090908333,1637.58727272373,-3.39878787878333,-5.15212121211665
IT19025,Italy,IT,ITC,ITC3,ITC34,La Spezia,135.972954545,1.47833333333333,2.10909090908333,1637.58727272373,-3.39878787878333,-5.15212121211665
IT19028,Italy,IT,ITC,ITC3,ITC34,La Spezia,135.972954545,1.47833333333333,2.10909090908333,1637.58727272373,-3.39878787878333,-5.15212121211665
IT19030,Italy,IT,ITC,ITC3,ITC34,La Spezia,135.972954545,1.47833333333333,2.10909090908333,1637.58727272373,-3.39878787878333,-5.15212121211665
IT19031,Italy,IT,ITC,ITC3,ITC34,La Spezia,135.972954545,1.47833333333333,2.10909090908333,1637.58727272373,-3.39878787878333,-5.15212121211665
IT19032,Italy,IT,ITC,ITC3,ITC34,La Spezia,135.972954545,1.47833333333333,2.10909090908333,1637.58727272373,-3.39878787878333,-5.15212121211665
IT19033,Italy,IT,ITC,ITC3,ITC34,La Spezia,135.972954545,1.47833333333333,2.10909090908333,1637.58727272373,-3.39878787878333,-5.15212121211665
IT19034,Italy,IT,ITC,ITC3,ITC34,La Spezia,135.972954545,1.47833333333333,2.10909090908333,1637.58727272373,-3.39878787878333,-5.15212121211665
IT19037,Italy,IT,ITC,ITC3,ITC34,La Spezia,135.972954545,1.47833333333333,2.10909090908333,1637.58727272373,-3.39878787878333,-5.15212121211665
IT19038,Italy,IT,ITC,ITC3,ITC34,La Spezia,135.972954545,1.47833333333333,2.10909090908333,1637.58727272373,-3.39878787878333,-5.15212121211665
IT19100,Italy,IT,ITC,ITC3,ITC34,La Spezia,135.972954545,1.47833333333333,2.10909090908333,1637.58727272373,-3.39878787878333,-5.15212121211665
IT19121,Italy,IT,ITC,ITC3,ITC34,La Spezia,135.972954545,1.47833333333333,2.10909090908333,1637.58727272373,-3.39878787878333,-5.15212121211665
IT19122,Italy,IT,ITC,ITC3,ITC34,La Spezia,135.972954545,1.47833333333333,2.10909090908333,1637.58727272373,-3.39878787878333,-5.15212121211665
IT19123,Italy,IT,ITC,ITC3,ITC34,La Spezia,135.972954545,1.47833333333333,2.10909090908333,1637.58727272373,-3.39878787878333,-5.15212121211665
IT19124,Italy,IT,ITC,ITC3,ITC34,La Spezia,135.972954545,1.47833333333333,2.10909090908333,1637.58727272373,-3.39878787878333,-5.15212121211665
IT19125,Italy,IT,ITC,ITC3,ITC34,La Spezia,135.972954545,1.47833333333333,2.10909090908333,1637.58727272373,-3.39878787878333,-5.15212121211665
IT19126,Italy,IT,ITC,ITC3,ITC34,La Spezia,135.972954545,1.47833333333333,2.10909090908333,1637.58727272373,-3.39878787878333,-5.15212121211665
IT19131,Italy,IT,ITC,ITC3,ITC34,La Spezia,135.972954545,1.47833333333333,2.10909090908333,1637.58727272373,-3.39878787878333,-5.15212121211665
IT19132,Italy,IT,ITC,ITC3,ITC34,La Spezia,135.972954545,1.47833333333333,2.10909090908333,1637.58727272373,-3.39878787878333,-5.15212121211665
IT19133,Italy,IT,ITC,ITC3,ITC34,La Spezia,135.972954545,1.47833333333333,2.10909090908333,1637.58727272373,-3.39878787878333,-5.15212121211665
IT19134,Italy,IT,ITC,ITC3,ITC34,La Spezia,135.972954545,1.47833333333333,2.10909090908333,1637.58727272373,-3.39878787878333,-5.15212121211665
IT19135,Italy,IT,ITC,ITC3,ITC34,La Spezia,135.972954545,1.47833333333333,2.10909090908333,1637.58727272373,-3.39878787878333,-5.15212121211665
IT19136,Italy,IT,ITC,ITC3,ITC34,La Spezia,135.972954545,1.47833333333333,2.10909090908333,1637.58727272373,-3.39878787878333,-5.15212121211665
IT19137,Italy,IT,ITC,ITC3,ITC34,La Spezia,135.972954545,1.47833333333333,2.10909090908333,1637.58727272373,-3.39878787878333,-5.15212121211665
IT19138,Italy,IT,ITC,ITC3,ITC34,La Spezia,135.972954545,1.47833333333333,2.10909090908333,1637.58727272373,-3.39878787878333,-5.15212121211665
IT19139,Italy,IT,ITC,ITC3,ITC34,La Spezia,135.972954545,1.47833333333333,2.10909090908333,1637.58727272373,-3.39878787878333,-5.15212121211665
IT54010,Italy,IT,ITC,ITC3,ITC34,La Spezia,135.972954545,1.47833333333333,2.10909090908333,1637.58727272373,-3.39878787878333,-5.15212121211665
IT14010,Italy,IT,ITC,ITC1,ITC17,Asti,222.055,1.9775,2.771875,1392.78671875,-3.32760416666667,-4.8534375
IT14011,Italy,IT,ITC,ITC1,ITC17,Asti,222.055,1.9775,2.771875,1392.78671875,-3.32760416666667,-4.8534375
IT14012,Italy,IT,ITC,ITC1,ITC17,Asti,222.055,1.9775,2.771875,1392.78671875,-3.32760416666667,-4.8534375
IT14013,Italy,IT,ITC,ITC1,ITC17,Asti,222.055,1.9775,2.771875,1392.78671875,-3.32760416666667,-4.8534375
IT14014,Italy,IT,ITC,ITC1,ITC17,Asti,222.055,1.9775,2.771875,1392.78671875,-3.32760416666667,-4.8534375
IT14015,Italy,IT,ITC,ITC1,ITC17,Asti,222.055,1.9775,2.771875,1392.78671875,-3.32760416666667,-4.8534375
IT14016,Italy,IT,ITC,ITC1,ITC17,Asti,222.055,1.9775,2.771875,1392.78671875,-3.32760416666667,-4.8534375
IT14017,Italy,IT,ITC,ITC1,ITC17,Asti,222.055,1.9775,2.771875,1392.78671875,-3.32760416666667,-4.8534375
IT14018,Italy,IT,ITC,ITC1,ITC17,Asti,222.055,1.9775,2.771875,1392.78671875,-3.32760416666667,-4.8534375
IT14019,Italy,IT,ITC,ITC1,ITC17,Asti,222.055,1.9775,2.771875,1392.78671875,-3.32760416666667,-4.8534375
IT14020,Italy,IT,ITC,ITC1,ITC17,Asti,222.055,1.9775,2.771875,1392.78671875,-3.32760416666667,-4.8534375
IT14021,Italy,IT,ITC,ITC1,ITC17,Asti,222.055,1.9775,2.771875,1392.78671875,-3.32760416666667,-4.8534375
IT14022,Italy,IT,ITC,ITC1,ITC17,Asti,222.055,1.9775,2.771875,1392.78671875,-3.32760416666667,-4.8534375
IT14023,Italy,IT,ITC,ITC1,ITC17,Asti,222.055,1.9775,2.771875,1392.78671875,-3.32760416666667,-4.8534375
IT14024,Italy,IT,ITC,ITC1,ITC17,Asti,222.055,1.9775,2.771875,1392.78671875,-3.32760416666667,-4.8534375
IT14025,Italy,IT,ITC,ITC1,ITC17,Asti,222.055,1.9775,2.771875,1392.78671875,-3.32760416666667,-4.8534375
IT14026,Italy,IT,ITC,ITC1,ITC17,Asti,222.055,1.9775,2.771875,1392.78671875,-3.32760416666667,-4.8534375
IT14030,Italy,IT,ITC,ITC1,ITC17,Asti,222.055,1.9775,2.771875,1392.78671875,-3.32760416666667,-4.8534375
IT14031,Italy,IT,ITC,ITC1,ITC17,Asti,222.055,1.9775,2.771875,1392.78671875,-3.32760416666667,-4.8534375
IT14032,Italy,IT,ITC,ITC1,ITC17,Asti,222.055,1.9775,2.771875,1392.78671875,-3.32760416666667,-4.8534375
IT14033,Italy,IT,ITC,ITC1,ITC17,Asti,222.055,1.9775,2.771875,1392.78671875,-3.32760416666667,-4.8534375
IT14034,Italy,IT,ITC,ITC1,ITC17,Asti,222.055,1.9775,2.771875,1392.78671875,-3.32760416666667,-4.8534375
IT14035,Italy,IT,ITC,ITC1,ITC17,Asti,222.055,1.9775,2.771875,1392.78671875,-3.32760416666667,-4.8534375
IT14036,Italy,IT,ITC,ITC1,ITC17,Asti,222.055,1.9775,2.771875,1392.78671875,-3.32760416666667,-4.8534375
IT14037,Italy,IT,ITC,ITC1,ITC17,Asti,222.055,1.9775,2.771875,1392.78671875,-3.32760416666667,-4.8534375
IT14039,Italy,IT,ITC,ITC1,ITC17,Asti,222.055,1.9775,2.771875,1392.78671875,-3.32760416666667,-4.8534375
IT14040,Italy,IT,ITC,ITC1,ITC17,Asti,222.055,1.9775,2.771875,1392.78671875,-3.32760416666667,-4.8534375
IT14041,Italy,IT,ITC,ITC1,ITC17,Asti,222.055,1.9775,2.771875,1392.78671875,-3.32760416666667,-4.8534375
IT14042,Italy,IT,ITC,ITC1,ITC17,Asti,222.055,1.9775,2.771875,1392.78671875,-3.32760416666667,-4.8534375
IT14043,Italy,IT,ITC,ITC1,ITC17,Asti,222.055,1.9775,2.771875,1392.78671875,-3.32760416666667,-4.8534375
IT14044,Italy,IT,ITC,ITC1,ITC17,Asti,222.055,1.9775,2.771875,1392.78671875,-3.32760416666667,-4.8534375
IT14045,Italy,IT,ITC,ITC1,ITC17,Asti,222.055,1.9775,2.771875,1392.78671875,-3.32760416666667,-4.8534375
IT14046,Italy,IT,ITC,ITC1,ITC17,Asti,222.055,1.9775,2.771875,1392.78671875,-3.32760416666667,-4.8534375
IT14047,Italy,IT,ITC,ITC1,ITC17,Asti,222.055,1.9775,2.771875,1392.78671875,-3.32760416666667,-4.8534375
IT14048,Italy,IT,ITC,ITC1,ITC17,Asti,222.055,1.9775,2.771875,1392.78671875,-3.32760416666667,-4.8534375
IT14049,Italy,IT,ITC,ITC1,ITC17,Asti,222.055,1.9775,2.771875,1392.78671875,-3.32760416666667,-4.8534375
IT14050,Italy,IT,ITC,ITC1,ITC17,Asti,222.055,1.9775,2.771875,1392.78671875,-3.32760416666667,-4.8534375
IT14051,Italy,IT,ITC,ITC1,ITC17,Asti,222.055,1.9775,2.771875,1392.78671875,-3.32760416666667,-4.8534375
IT14052,Italy,IT,ITC,ITC1,ITC17,Asti,222.055,1.9775,2.771875,1392.78671875,-3.32760416666667,-4.8534375
IT14053,Italy,IT,ITC,ITC1,ITC17,Asti,222.055,1.9775,2.771875,1392.78671875,-3.32760416666667,-4.8534375
IT14054,Italy,IT,ITC,ITC1,ITC17,Asti,222.055,1.9775,2.771875,1392.78671875,-3.32760416666667,-4.8534375
IT14055,Italy,IT,ITC,ITC1,ITC17,Asti,222.055,1.9775,2.771875,1392.78671875,-3.32760416666667,-4.8534375
IT14057,Italy,IT,ITC,ITC1,ITC17,Asti,222.055,1.9775,2.771875,1392.78671875,-3.32760416666667,-4.8534375
IT14058,Italy,IT,ITC,ITC1,ITC17,Asti,222.055,1.9775,2.771875,1392.78671875,-3.32760416666667,-4.8534375
IT14059,Italy,IT,ITC,ITC1,ITC17,Asti,222.055,1.9775,2.771875,1392.78671875,-3.32760416666667,-4.8534375
IT14100,Italy,IT,ITC,ITC1,ITC17,Asti,222.055,1.9775,2.771875,1392.78671875,-3.32760416666667,-4.8534375
IT15041,Italy,IT,ITC,ITC1,ITC17,Asti,222.055,1.9775,2.771875,1392.78671875,-3.32760416666667,-4.8534375
IT26811,Italy,IT,ITC,ITC4,ITC49,Lodi,333.664375,2.43791666666667,3.27104166666665,1507.475,-3.44166666666667,-5.00395833333333
IT26812,Italy,IT,ITC,ITC4,ITC49,Lodi,333.664375,2.43791666666667,3.27104166666665,1507.475,-3.44166666666667,-5.00395833333333
IT26813,Italy,IT,ITC,ITC4,ITC49,Lodi,333.664375,2.43791666666667,3.27104166666665,1507.475,-3.44166666666667,-5.00395833333333
IT26814,Italy,IT,ITC,ITC4,ITC49,Lodi,333.664375,2.43791666666667,3.27104166666665,1507.475,-3.44166666666667,-5.00395833333333
IT26815,Italy,IT,ITC,ITC4,ITC49,Lodi,333.664375,2.43791666666667,3.27104166666665,1507.475,-3.44166666666667,-5.00395833333333
IT26816,Italy,IT,ITC,ITC4,ITC49,Lodi,333.664375,2.43791666666667,3.27104166666665,1507.475,-3.44166666666667,-5.00395833333333
IT26817,Italy,IT,ITC,ITC4,ITC49,Lodi,333.664375,2.43791666666667,3.27104166666665,1507.475,-3.44166666666667,-5.00395833333333
IT26818,Italy,IT,ITC,ITC4,ITC49,Lodi,333.664375,2.43791666666667,3.27104166666665,1507.475,-3.44166666666667,-5.00395833333333
IT26821,Italy,IT,ITC,ITC4,ITC49,Lodi,333.664375,2.43791666666667,3.27104166666665,1507.475,-3.44166666666667,-5.00395833333333
IT26822,Italy,IT,ITC,ITC4,ITC49,Lodi,333.664375,2.43791666666667,3.27104166666665,1507.475,-3.44166666666667,-5.00395833333333
IT26823,Italy,IT,ITC,ITC4,ITC49,Lodi,333.664375,2.43791666666667,3.27104166666665,1507.475,-3.44166666666667,-5.00395833333333
IT26824,Italy,IT,ITC,ITC4,ITC49,Lodi,333.664375,2.43791666666667,3.27104166666665,1507.475,-3.44166666666667,-5.00395833333333
IT26825,Italy,IT,ITC,ITC4,ITC49,Lodi,333.664375,2.43791666666667,3.27104166666665,1507.475,-3.44166666666667,-5.00395833333333
IT26826,Italy,IT,ITC,ITC4,ITC49,Lodi,333.664375,2.43791666666667,3.27104166666665,1507.475,-3.44166666666667,-5.00395833333333
IT26827,Italy,IT,ITC,ITC4,ITC49,Lodi,333.664375,2.43791666666667,3.27104166666665,1507.475,-3.44166666666667,-5.00395833333333
IT26828,Italy,IT,ITC,ITC4,ITC49,Lodi,333.664375,2.43791666666667,3.27104166666665,1507.475,-3.44166666666667,-5.00395833333333
IT26831,Italy,IT,ITC,ITC4,ITC49,Lodi,333.664375,2.43791666666667,3.27104166666665,1507.475,-3.44166666666667,-5.00395833333333
IT26832,Italy,IT,ITC,ITC4,ITC49,Lodi,333.664375,2.43791666666667,3.27104166666665,1507.475,-3.44166666666667,-5.00395833333333
IT26833,Italy,IT,ITC,ITC4,ITC49,Lodi,333.664375,2.43791666666667,3.27104166666665,1507.475,-3.44166666666667,-5.00395833333333
IT26834,Italy,IT,ITC,ITC4,ITC49,Lodi,333.664375,2.43791666666667,3.27104166666665,1507.475,-3.44166666666667,-5.00395833333333
IT26835,Italy,IT,ITC,ITC4,ITC49,Lodi,333.664375,2.43791666666667,3.27104166666665,1507.475,-3.44166666666667,-5.00395833333333
IT26836,Italy,IT,ITC,ITC4,ITC49,Lodi,333.664375,2.43791666666667,3.27104166666665,1507.475,-3.44166666666667,-5.00395833333333
IT26837,Italy,IT,ITC,ITC4,ITC49,Lodi,333.664375,2.43791666666667,3.27104166666665,1507.475,-3.44166666666667,-5.00395833333333
IT26838,Italy,IT,ITC,ITC4,ITC49,Lodi,333.664375,2.43791666666667,3.27104166666665,1507.475,-3.44166666666667,-5.00395833333333
IT26839,Italy,IT,ITC,ITC4,ITC49,Lodi,333.664375,2.43791666666667,3.27104166666665,1507.475,-3.44166666666667,-5.00395833333333
IT26841,Italy,IT,ITC,ITC4,ITC49,Lodi,333.664375,2.43791666666667,3.27104166666665,1507.475,-3.44166666666667,-5.00395833333333
IT26842,Italy,IT,ITC,ITC4,ITC49,Lodi,333.664375,2.43791666666667,3.27104166666665,1507.475,-3.44166666666667,-5.00395833333333
IT26843,Italy,IT,ITC,ITC4,ITC49,Lodi,333.664375,2.43791666666667,3.27104166666665,1507.475,-3.44166666666667,-5.00395833333333
IT26844,Italy,IT,ITC,ITC4,ITC49,Lodi,333.664375,2.43791666666667,3.27104166666665,1507.475,-3.44166666666667,-5.00395833333333
IT26845,Italy,IT,ITC,ITC4,ITC49,Lodi,333.664375,2.43791666666667,3.27104166666665,1507.475,-3.44166666666667,-5.00395833333333
IT26846,Italy,IT,ITC,ITC4,ITC49,Lodi,333.664375,2.43791666666667,3.27104166666665,1507.475,-3.44166666666667,-5.00395833333333
IT26847,Italy,IT,ITC,ITC4,ITC49,Lodi,333.664375,2.43791666666667,3.27104166666665,1507.475,-3.44166666666667,-5.00395833333333
IT26848,Italy,IT,ITC,ITC4,ITC49,Lodi,333.664375,2.43791666666667,3.27104166666665,1507.475,-3.44166666666667,-5.00395833333333
IT26849,Italy,IT,ITC,ITC4,ITC49,Lodi,333.664375,2.43791666666667,3.27104166666665,1507.475,-3.44166666666667,-5.00395833333333
IT26851,Italy,IT,ITC,ITC4,ITC49,Lodi,333.664375,2.43791666666667,3.27104166666665,1507.475,-3.44166666666667,-5.00395833333333
IT26852,Italy,IT,ITC,ITC4,ITC49,Lodi,333.664375,2.43791666666667,3.27104166666665,1507.475,-3.44166666666667,-5.00395833333333
IT26853,Italy,IT,ITC,ITC4,ITC49,Lodi,333.664375,2.43791666666667,3.27104166666665,1507.475,-3.44166666666667,-5.00395833333333
IT26854,Italy,IT,ITC,ITC4,ITC49,Lodi,333.664375,2.43791666666667,3.27104166666665,1507.475,-3.44166666666667,-5.00395833333333
IT26855,Italy,IT,ITC,ITC4,ITC49,Lodi,333.664375,2.43791666666667,3.27104166666665,1507.475,-3.44166666666667,-5.00395833333333
IT26856,Italy,IT,ITC,ITC4,ITC49,Lodi,333.664375,2.43791666666667,3.27104166666665,1507.475,-3.44166666666667,-5.00395833333333
IT26857,Italy,IT,ITC,ITC4,ITC49,Lodi,333.664375,2.43791666666667,3.27104166666665,1507.475,-3.44166666666667,-5.00395833333333
IT26858,Italy,IT,ITC,ITC4,ITC49,Lodi,333.664375,2.43791666666667,3.27104166666665,1507.475,-3.44166666666667,-5.00395833333333
IT26859,Italy,IT,ITC,ITC4,ITC49,Lodi,333.664375,2.43791666666667,3.27104166666665,1507.475,-3.44166666666667,-5.00395833333333
IT26861,Italy,IT,ITC,ITC4,ITC49,Lodi,333.664375,2.43791666666667,3.27104166666665,1507.475,-3.44166666666667,-5.00395833333333
IT26862,Italy,IT,ITC,ITC4,ITC49,Lodi,333.664375,2.43791666666667,3.27104166666665,1507.475,-3.44166666666667,-5.00395833333333
IT26863,Italy,IT,ITC,ITC4,ITC49,Lodi,333.664375,2.43791666666667,3.27104166666665,1507.475,-3.44166666666667,-5.00395833333333
IT26864,Italy,IT,ITC,ITC4,ITC49,Lodi,333.664375,2.43791666666667,3.27104166666665,1507.475,-3.44166666666667,-5.00395833333333
IT26865,Italy,IT,ITC,ITC4,ITC49,Lodi,333.664375,2.43791666666667,3.27104166666665,1507.475,-3.44166666666667,-5.00395833333333
IT26866,Italy,IT,ITC,ITC4,ITC49,Lodi,333.664375,2.43791666666667,3.27104166666665,1507.475,-3.44166666666667,-5.00395833333333
IT26867,Italy,IT,ITC,ITC4,ITC49,Lodi,333.664375,2.43791666666667,3.27104166666665,1507.475,-3.44166666666667,-5.00395833333333
IT26900,Italy,IT,ITC,ITC4,ITC49,Lodi,333.664375,2.43791666666667,3.27104166666665,1507.475,-3.44166666666667,-5.00395833333333
IT13811,Italy,IT,ITC,ITC1,ITC13,Biella,131.375227273169,1.33439393939333,1.91121212121667,1828.96227273084,-3.83969696969998,-5.64166666666667
IT13812,Italy,IT,ITC,ITC1,ITC13,Biella,131.375227273169,1.33439393939333,1.91121212121667,1828.96227273084,-3.83969696969998,-5.64166666666667
IT13814,Italy,IT,ITC,ITC1,ITC13,Biella,131.375227273169,1.33439393939333,1.91121212121667,1828.96227273084,-3.83969696969998,-5.64166666666667
IT13815,Italy,IT,ITC,ITC1,ITC13,Biella,131.375227273169,1.33439393939333,1.91121212121667,1828.96227273084,-3.83969696969998,-5.64166666666667
IT13816,Italy,IT,ITC,ITC1,ITC13,Biella,131.375227273169,1.33439393939333,1.91121212121667,1828.96227273084,-3.83969696969998,-5.64166666666667
IT13817,Italy,IT,ITC,ITC1,ITC13,Biella,131.375227273169,1.33439393939333,1.91121212121667,1828.96227273084,-3.83969696969998,-5.64166666666667
IT13818,Italy,IT,ITC,ITC1,ITC13,Biella,131.375227273169,1.33439393939333,1.91121212121667,1828.96227273084,-3.83969696969998,-5.64166666666667
IT13821,Italy,IT,ITC,ITC1,ITC13,Biella,131.375227273169,1.33439393939333,1.91121212121667,1828.96227273084,-3.83969696969998,-5.64166666666667
IT13822,Italy,IT,ITC,ITC1,ITC13,Biella,131.375227273169,1.33439393939333,1.91121212121667,1828.96227273084,-3.83969696969998,-5.64166666666667
IT13823,Italy,IT,ITC,ITC1,ITC13,Biella,131.375227273169,1.33439393939333,1.91121212121667,1828.96227273084,-3.83969696969998,-5.64166666666667
IT13824,Italy,IT,ITC,ITC1,ITC13,Biella,131.375227273169,1.33439393939333,1.91121212121667,1828.96227273084,-3.83969696969998,-5.64166666666667
IT13825,Italy,IT,ITC,ITC1,ITC13,Biella,131.375227273169,1.33439393939333,1.91121212121667,1828.96227273084,-3.83969696969998,-5.64166666666667
IT13831,Italy,IT,ITC,ITC1,ITC13,Biella,131.375227273169,1.33439393939333,1.91121212121667,1828.96227273084,-3.83969696969998,-5.64166666666667
IT13833,Italy,IT,ITC,ITC1,ITC13,Biella,131.375227273169,1.33439393939333,1.91121212121667,1828.96227273084,-3.83969696969998,-5.64166666666667
IT13834,Italy,IT,ITC,ITC1,ITC13,Biella,131.375227273169,1.33439393939333,1.91121212121667,1828.96227273084,-3.83969696969998,-5.64166666666667
IT13835,Italy,IT,ITC,ITC1,ITC13,Biella,131.375227273169,1.33439393939333,1.91121212121667,1828.96227273084,-3.83969696969998,-5.64166666666667
IT13836,Italy,IT,ITC,ITC1,ITC13,Biella,131.375227273169,1.33439393939333,1.91121212121667,1828.96227273084,-3.83969696969998,-5.64166666666667
IT13841,Italy,IT,ITC,ITC1,ITC13,Biella,131.375227273169,1.33439393939333,1.91121212121667,1828.96227273084,-3.83969696969998,-5.64166666666667
IT13843,Italy,IT,ITC,ITC1,ITC13,Biella,131.375227273169,1.33439393939333,1.91121212121667,1828.96227273084,-3.83969696969998,-5.64166666666667
IT13844,Italy,IT,ITC,ITC1,ITC13,Biella,131.375227273169,1.33439393939333,1.91121212121667,1828.96227273084,-3.83969696969998,-5.64166666666667
IT13845,Italy,IT,ITC,ITC1,ITC13,Biella,131.375227273169,1.33439393939333,1.91121212121667,1828.96227273084,-3.83969696969998,-5.64166666666667
IT13847,Italy,IT,ITC,ITC1,ITC13,Biella,131.375227273169,1.33439393939333,1.91121212121667,1828.96227273084,-3.83969696969998,-5.64166666666667
IT13848,Italy,IT,ITC,ITC1,ITC13,Biella,131.375227273169,1.33439393939333,1.91121212121667,1828.96227273084,-3.83969696969998,-5.64166666666667
IT13851,Italy,IT,ITC,ITC1,ITC13,Biella,131.375227273169,1.33439393939333,1.91121212121667,1828.96227273084,-3.83969696969998,-5.64166666666667
IT13852,Italy,IT,ITC,ITC1,ITC13,Biella,131.375227273169,1.33439393939333,1.91121212121667,1828.96227273084,-3.83969696969998,-5.64166666666667
IT13853,Italy,IT,ITC,ITC1,ITC13,Biella,131.375227273169,1.33439393939333,1.91121212121667,1828.96227273084,-3.83969696969998,-5.64166666666667
IT13854,Italy,IT,ITC,ITC1,ITC13,Biella,131.375227273169,1.33439393939333,1.91121212121667,1828.96227273084,-3.83969696969998,-5.64166666666667
IT13855,Italy,IT,ITC,ITC1,ITC13,Biella,131.375227273169,1.33439393939333,1.91121212121667,1828.96227273084,-3.83969696969998,-5.64166666666667
IT13856,Italy,IT,ITC,ITC1,ITC13,Biella,131.375227273169,1.33439393939333,1.91121212121667,1828.96227273084,-3.83969696969998,-5.64166666666667
IT13861,Italy,IT,ITC,ITC1,ITC13,Biella,131.375227273169,1.33439393939333,1.91121212121667,1828.96227273084,-3.83969696969998,-5.64166666666667
IT13862,Italy,IT,ITC,ITC1,ITC13,Biella,131.375227273169,1.33439393939333,1.91121212121667,1828.96227273084,-3.83969696969998,-5.64166666666667
IT13863,Italy,IT,ITC,ITC1,ITC13,Biella,131.375227273169,1.33439393939333,1.91121212121667,1828.96227273084,-3.83969696969998,-5.64166666666667
IT13864,Italy,IT,ITC,ITC1,ITC13,Biella,131.375227273169,1.33439393939333,1.91121212121667,1828.96227273084,-3.83969696969998,-5.64166666666667
IT13865,Italy,IT,ITC,ITC1,ITC13,Biella,131.375227273169,1.33439393939333,1.91121212121667,1828.96227273084,-3.83969696969998,-5.64166666666667
IT13866,Italy,IT,ITC,ITC1,ITC13,Biella,131.375227273169,1.33439393939333,1.91121212121667,1828.96227273084,-3.83969696969998,-5.64166666666667
IT13867,Italy,IT,ITC,ITC1,ITC13,Biella,131.375227273169,1.33439393939333,1.91121212121667,1828.96227273084,-3.83969696969998,-5.64166666666667
IT13868,Italy,IT,ITC,ITC1,ITC13,Biella,131.375227273169,1.33439393939333,1.91121212121667,1828.96227273084,-3.83969696969998,-5.64166666666667
IT13871,Italy,IT,ITC,ITC1,ITC13,Biella,131.375227273169,1.33439393939333,1.91121212121667,1828.96227273084,-3.83969696969998,-5.64166666666667
IT13872,Italy,IT,ITC,ITC1,ITC13,Biella,131.375227273169,1.33439393939333,1.91121212121667,1828.96227273084,-3.83969696969998,-5.64166666666667
IT13873,Italy,IT,ITC,ITC1,ITC13,Biella,131.375227273169,1.33439393939333,1.91121212121667,1828.96227273084,-3.83969696969998,-5.64166666666667
IT13874,Italy,IT,ITC,ITC1,ITC13,Biella,131.375227273169,1.33439393939333,1.91121212121667,1828.96227273084,-3.83969696969998,-5.64166666666667
IT13875,Italy,IT,ITC,ITC1,ITC13,Biella,131.375227273169,1.33439393939333,1.91121212121667,1828.96227273084,-3.83969696969998,-5.64166666666667
IT13876,Italy,IT,ITC,ITC1,ITC13,Biella,131.375227273169,1.33439393939333,1.91121212121667,1828.96227273084,-3.83969696969998,-5.64166666666667
IT13877,Italy,IT,ITC,ITC1,ITC13,Biella,131.375227273169,1.33439393939333,1.91121212121667,1828.96227273084,-3.83969696969998,-5.64166666666667
IT13878,Italy,IT,ITC,ITC1,ITC13,Biella,131.375227273169,1.33439393939333,1.91121212121667,1828.96227273084,-3.83969696969998,-5.64166666666667
IT13881,Italy,IT,ITC,ITC1,ITC13,Biella,131.375227273169,1.33439393939333,1.91121212121667,1828.96227273084,-3.83969696969998,-5.64166666666667
IT13882,Italy,IT,ITC,ITC1,ITC13,Biella,131.375227273169,1.33439393939333,1.91121212121667,1828.96227273084,-3.83969696969998,-5.64166666666667
IT13883,Italy,IT,ITC,ITC1,ITC13,Biella,131.375227273169,1.33439393939333,1.91121212121667,1828.96227273084,-3.83969696969998,-5.64166666666667
IT13884,Italy,IT,ITC,ITC1,ITC13,Biella,131.375227273169,1.33439393939333,1.91121212121667,1828.96227273084,-3.83969696969998,-5.64166666666667
IT13885,Italy,IT,ITC,ITC1,ITC13,Biella,131.375227273169,1.33439393939333,1.91121212121667,1828.96227273084,-3.83969696969998,-5.64166666666667
IT13886,Italy,IT,ITC,ITC1,ITC13,Biella,131.375227273169,1.33439393939333,1.91121212121667,1828.96227273084,-3.83969696969998,-5.64166666666667
IT13887,Italy,IT,ITC,ITC1,ITC13,Biella,131.375227273169,1.33439393939333,1.91121212121667,1828.96227273084,-3.83969696969998,-5.64166666666667
IT13888,Italy,IT,ITC,ITC1,ITC13,Biella,131.375227273169,1.33439393939333,1.91121212121667,1828.96227273084,-3.83969696969998,-5.64166666666667
IT13891,Italy,IT,ITC,ITC1,ITC13,Biella,131.375227273169,1.33439393939333,1.91121212121667,1828.96227273084,-3.83969696969998,-5.64166666666667
IT13893,Italy,IT,ITC,ITC1,ITC13,Biella,131.375227273169,1.33439393939333,1.91121212121667,1828.96227273084,-3.83969696969998,-5.64166666666667
IT13894,Italy,IT,ITC,ITC1,ITC13,Biella,131.375227273169,1.33439393939333,1.91121212121667,1828.96227273084,-3.83969696969998,-5.64166666666667
IT13895,Italy,IT,ITC,ITC1,ITC13,Biella,131.375227273169,1.33439393939333,1.91121212121667,1828.96227273084,-3.83969696969998,-5.64166666666667
IT13896,Italy,IT,ITC,ITC1,ITC13,Biella,131.375227273169,1.33439393939333,1.91121212121667,1828.96227273084,-3.83969696969998,-5.64166666666667
IT13897,Italy,IT,ITC,ITC1,ITC13,Biella,131.375227273169,1.33439393939333,1.91121212121667,1828.96227273084,-3.83969696969998,-5.64166666666667
IT13898,Italy,IT,ITC,ITC1,ITC13,Biella,131.375227273169,1.33439393939333,1.91121212121667,1828.96227273084,-3.83969696969998,-5.64166666666667
IT13899,Italy,IT,ITC,ITC1,ITC13,Biella,131.375227273169,1.33439393939333,1.91121212121667,1828.96227273084,-3.83969696969998,-5.64166666666667
IT13900,Italy,IT,ITC,ITC1,ITC13,Biella,131.375227273169,1.33439393939333,1.91121212121667,1828.96227273084,-3.83969696969998,-5.64166666666667
IT23801,Italy,IT,ITC,ITC4,ITC43,Lecco,122.446590909042,1.276515151515,1.7843939394,1814.2729545483,-3.84893939393333,-5.68666666666665
IT23802,Italy,IT,ITC,ITC4,ITC43,Lecco,122.446590909042,1.276515151515,1.7843939394,1814.2729545483,-3.84893939393333,-5.68666666666665
IT23804,Italy,IT,ITC,ITC4,ITC43,Lecco,122.446590909042,1.276515151515,1.7843939394,1814.2729545483,-3.84893939393333,-5.68666666666665
IT23805,Italy,IT,ITC,ITC4,ITC43,Lecco,122.446590909042,1.276515151515,1.7843939394,1814.2729545483,-3.84893939393333,-5.68666666666665
IT23806,Italy,IT,ITC,ITC4,ITC43,Lecco,122.446590909042,1.276515151515,1.7843939394,1814.2729545483,-3.84893939393333,-5.68666666666665
IT23807,Italy,IT,ITC,ITC4,ITC43,Lecco,122.446590909042,1.276515151515,1.7843939394,1814.2729545483,-3.84893939393333,-5.68666666666665
IT23808,Italy,IT,ITC,ITC4,ITC43,Lecco,122.446590909042,1.276515151515,1.7843939394,1814.2729545483,-3.84893939393333,-5.68666666666665
IT23811,Italy,IT,ITC,ITC4,ITC43,Lecco,122.446590909042,1.276515151515,1.7843939394,1814.2729545483,-3.84893939393333,-5.68666666666665
IT23813,Italy,IT,ITC,ITC4,ITC43,Lecco,122.446590909042,1.276515151515,1.7843939394,1814.2729545483,-3.84893939393333,-5.68666666666665
IT23814,Italy,IT,ITC,ITC4,ITC43,Lecco,122.446590909042,1.276515151515,1.7843939394,1814.2729545483,-3.84893939393333,-5.68666666666665
IT23815,Italy,IT,ITC,ITC4,ITC43,Lecco,122.446590909042,1.276515151515,1.7843939394,1814.2729545483,-3.84893939393333,-5.68666666666665
IT23816,Italy,IT,ITC,ITC4,ITC43,Lecco,122.446590909042,1.276515151515,1.7843939394,1814.2729545483,-3.84893939393333,-5.68666666666665
IT23817,Italy,IT,ITC,ITC4,ITC43,Lecco,122.446590909042,1.276515151515,1.7843939394,1814.2729545483,-3.84893939393333,-5.68666666666665
IT23818,Italy,IT,ITC,ITC4,ITC43,Lecco,122.446590909042,1.276515151515,1.7843939394,1814.2729545483,-3.84893939393333,-5.68666666666665
IT23819,Italy,IT,ITC,ITC4,ITC43,Lecco,122.446590909042,1.276515151515,1.7843939394,1814.2729545483,-3.84893939393333,-5.68666666666665
IT23821,Italy,IT,ITC,ITC4,ITC43,Lecco,122.446590909042,1.276515151515,1.7843939394,1814.2729545483,-3.84893939393333,-5.68666666666665
IT23822,Italy,IT,ITC,ITC4,ITC43,Lecco,122.446590909042,1.276515151515,1.7843939394,1814.2729545483,-3.84893939393333,-5.68666666666665
IT23823,Italy,IT,ITC,ITC4,ITC43,Lecco,122.446590909042,1.276515151515,1.7843939394,1814.2729545483,-3.84893939393333,-5.68666666666665
IT23824,Italy,IT,ITC,ITC4,ITC43,Lecco,122.446590909042,1.276515151515,1.7843939394,1814.2729545483,-3.84893939393333,-5.68666666666665
IT23825,Italy,IT,ITC,ITC4,ITC43,Lecco,122.446590909042,1.276515151515,1.7843939394,1814.2729545483,-3.84893939393333,-5.68666666666665
IT23826,Italy,IT,ITC,ITC4,ITC43,Lecco,122.446590909042,1.276515151515,1.7843939394,1814.2729545483,-3.84893939393333,-5.68666666666665
IT23827,Italy,IT,ITC,ITC4,ITC43,Lecco,122.446590909042,1.276515151515,1.7843939394,1814.2729545483,-3.84893939393333,-5.68666666666665
IT23828,Italy,IT,ITC,ITC4,ITC43,Lecco,122.446590909042,1.276515151515,1.7843939394,1814.2729545483,-3.84893939393333,-5.68666666666665
IT23829,Italy,IT,ITC,ITC4,ITC43,Lecco,122.446590909042,1.276515151515,1.7843939394,1814.2729545483,-3.84893939393333,-5.68666666666665
IT23831,Italy,IT,ITC,ITC4,ITC43,Lecco,122.446590909042,1.276515151515,1.7843939394,1814.2729545483,-3.84893939393333,-5.68666666666665
IT23832,Italy,IT,ITC,ITC4,ITC43,Lecco,122.446590909042,1.276515151515,1.7843939394,1814.2729545483,-3.84893939393333,-5.68666666666665
IT23833,Italy,IT,ITC,ITC4,ITC43,Lecco,122.446590909042,1.276515151515,1.7843939394,1814.2729545483,-3.84893939393333,-5.68666666666665
IT23834,Italy,IT,ITC,ITC4,ITC43,Lecco,122.446590909042,1.276515151515,1.7843939394,1814.2729545483,-3.84893939393333,-5.68666666666665
IT23835,Italy,IT,ITC,ITC4,ITC43,Lecco,122.446590909042,1.276515151515,1.7843939394,1814.2729545483,-3.84893939393333,-5.68666666666665
IT23836,Italy,IT,ITC,ITC4,ITC43,Lecco,122.446590909042,1.276515151515,1.7843939394,1814.2729545483,-3.84893939393333,-5.68666666666665
IT23837,Italy,IT,ITC,ITC4,ITC43,Lecco,122.446590909042,1.276515151515,1.7843939394,1814.2729545483,-3.84893939393333,-5.68666666666665
IT23838,Italy,IT,ITC,ITC4,ITC43,Lecco,122.446590909042,1.276515151515,1.7843939394,1814.2729545483,-3.84893939393333,-5.68666666666665
IT23841,Italy,IT,ITC,ITC4,ITC43,Lecco,122.446590909042,1.276515151515,1.7843939394,1814.2729545483,-3.84893939393333,-5.68666666666665
IT23842,Italy,IT,ITC,ITC4,ITC43,Lecco,122.446590909042,1.276515151515,1.7843939394,1814.2729545483,-3.84893939393333,-5.68666666666665
IT23843,Italy,IT,ITC,ITC4,ITC43,Lecco,122.446590909042,1.276515151515,1.7843939394,1814.2729545483,-3.84893939393333,-5.68666666666665
IT23844,Italy,IT,ITC,ITC4,ITC43,Lecco,122.446590909042,1.276515151515,1.7843939394,1814.2729545483,-3.84893939393333,-5.68666666666665
IT23845,Italy,IT,ITC,ITC4,ITC43,Lecco,122.446590909042,1.276515151515,1.7843939394,1814.2729545483,-3.84893939393333,-5.68666666666665
IT23846,Italy,IT,ITC,ITC4,ITC43,Lecco,122.446590909042,1.276515151515,1.7843939394,1814.2729545483,-3.84893939393333,-5.68666666666665
IT23847,Italy,IT,ITC,ITC4,ITC43,Lecco,122.446590909042,1.276515151515,1.7843939394,1814.2729545483,-3.84893939393333,-5.68666666666665
IT23848,Italy,IT,ITC,ITC4,ITC43,Lecco,122.446590909042,1.276515151515,1.7843939394,1814.2729545483,-3.84893939393333,-5.68666666666665
IT23849,Italy,IT,ITC,ITC4,ITC43,Lecco,122.446590909042,1.276515151515,1.7843939394,1814.2729545483,-3.84893939393333,-5.68666666666665
IT23851,Italy,IT,ITC,ITC4,ITC43,Lecco,122.446590909042,1.276515151515,1.7843939394,1814.2729545483,-3.84893939393333,-5.68666666666665
IT23852,Italy,IT,ITC,ITC4,ITC43,Lecco,122.446590909042,1.276515151515,1.7843939394,1814.2729545483,-3.84893939393333,-5.68666666666665
IT23854,Italy,IT,ITC,ITC4,ITC43,Lecco,122.446590909042,1.276515151515,1.7843939394,1814.2729545483,-3.84893939393333,-5.68666666666665
IT23855,Italy,IT,ITC,ITC4,ITC43,Lecco,122.446590909042,1.276515151515,1.7843939394,1814.2729545483,-3.84893939393333,-5.68666666666665
IT23857,Italy,IT,ITC,ITC4,ITC43,Lecco,122.446590909042,1.276515151515,1.7843939394,1814.2729545483,-3.84893939393333,-5.68666666666665
IT23861,Italy,IT,ITC,ITC4,ITC43,Lecco,122.446590909042,1.276515151515,1.7843939394,1814.2729545483,-3.84893939393333,-5.68666666666665
IT23862,Italy,IT,ITC,ITC4,ITC43,Lecco,122.446590909042,1.276515151515,1.7843939394,1814.2729545483,-3.84893939393333,-5.68666666666665
IT23864,Italy,IT,ITC,ITC4,ITC43,Lecco,122.446590909042,1.276515151515,1.7843939394,1814.2729545483,-3.84893939393333,-5.68666666666665
IT23865,Italy,IT,ITC,ITC4,ITC43,Lecco,122.446590909042,1.276515151515,1.7843939394,1814.2729545483,-3.84893939393333,-5.68666666666665
IT23867,Italy,IT,ITC,ITC4,ITC43,Lecco,122.446590909042,1.276515151515,1.7843939394,1814.2729545483,-3.84893939393333,-5.68666666666665
IT23868,Italy,IT,ITC,ITC4,ITC43,Lecco,122.446590909042,1.276515151515,1.7843939394,1814.2729545483,-3.84893939393333,-5.68666666666665
IT23870,Italy,IT,ITC,ITC4,ITC43,Lecco,122.446590909042,1.276515151515,1.7843939394,1814.2729545483,-3.84893939393333,-5.68666666666665
IT23871,Italy,IT,ITC,ITC4,ITC43,Lecco,122.446590909042,1.276515151515,1.7843939394,1814.2729545483,-3.84893939393333,-5.68666666666665
IT23873,Italy,IT,ITC,ITC4,ITC43,Lecco,122.446590909042,1.276515151515,1.7843939394,1814.2729545483,-3.84893939393333,-5.68666666666665
IT23874,Italy,IT,ITC,ITC4,ITC43,Lecco,122.446590909042,1.276515151515,1.7843939394,1814.2729545483,-3.84893939393333,-5.68666666666665
IT23875,Italy,IT,ITC,ITC4,ITC43,Lecco,122.446590909042,1.276515151515,1.7843939394,1814.2729545483,-3.84893939393333,-5.68666666666665
IT23876,Italy,IT,ITC,ITC4,ITC43,Lecco,122.446590909042,1.276515151515,1.7843939394,1814.2729545483,-3.84893939393333,-5.68666666666665
IT23877,Italy,IT,ITC,ITC4,ITC43,Lecco,122.446590909042,1.276515151515,1.7843939394,1814.2729545483,-3.84893939393333,-5.68666666666665
IT23878,Italy,IT,ITC,ITC4,ITC43,Lecco,122.446590909042,1.276515151515,1.7843939394,1814.2729545483,-3.84893939393333,-5.68666666666665
IT23879,Italy,IT,ITC,ITC4,ITC43,Lecco,122.446590909042,1.276515151515,1.7843939394,1814.2729545483,-3.84893939393333,-5.68666666666665
IT23880,Italy,IT,ITC,ITC4,ITC43,Lecco,122.446590909042,1.276515151515,1.7843939394,1814.2729545483,-3.84893939393333,-5.68666666666665
IT23881,Italy,IT,ITC,ITC4,ITC43,Lecco,122.446590909042,1.276515151515,1.7843939394,1814.2729545483,-3.84893939393333,-5.68666666666665
IT23883,Italy,IT,ITC,ITC4,ITC43,Lecco,122.446590909042,1.276515151515,1.7843939394,1814.2729545483,-3.84893939393333,-5.68666666666665
IT23884,Italy,IT,ITC,ITC4,ITC43,Lecco,122.446590909042,1.276515151515,1.7843939394,1814.2729545483,-3.84893939393333,-5.68666666666665
IT23885,Italy,IT,ITC,ITC4,ITC43,Lecco,122.446590909042,1.276515151515,1.7843939394,1814.2729545483,-3.84893939393333,-5.68666666666665
IT23886,Italy,IT,ITC,ITC4,ITC43,Lecco,122.446590909042,1.276515151515,1.7843939394,1814.2729545483,-3.84893939393333,-5.68666666666665
IT23887,Italy,IT,ITC,ITC4,ITC43,Lecco,122.446590909042,1.276515151515,1.7843939394,1814.2729545483,-3.84893939393333,-5.68666666666665
IT23888,Italy,IT,ITC,ITC4,ITC43,Lecco,122.446590909042,1.276515151515,1.7843939394,1814.2729545483,-3.84893939393333,-5.68666666666665
IT23889,Italy,IT,ITC,ITC4,ITC43,Lecco,122.446590909042,1.276515151515,1.7843939394,1814.2729545483,-3.84893939393333,-5.68666666666665
IT23890,Italy,IT,ITC,ITC4,ITC43,Lecco,122.446590909042,1.276515151515,1.7843939394,1814.2729545483,-3.84893939393333,-5.68666666666665
IT23891,Italy,IT,ITC,ITC4,ITC43,Lecco,122.446590909042,1.276515151515,1.7843939394,1814.2729545483,-3.84893939393333,-5.68666666666665
IT23892,Italy,IT,ITC,ITC4,ITC43,Lecco,122.446590909042,1.276515151515,1.7843939394,1814.2729545483,-3.84893939393333,-5.68666666666665
IT23893,Italy,IT,ITC,ITC4,ITC43,Lecco,122.446590909042,1.276515151515,1.7843939394,1814.2729545483,-3.84893939393333,-5.68666666666665
IT23894,Italy,IT,ITC,ITC4,ITC43,Lecco,122.446590909042,1.276515151515,1.7843939394,1814.2729545483,-3.84893939393333,-5.68666666666665
IT23895,Italy,IT,ITC,ITC4,ITC43,Lecco,122.446590909042,1.276515151515,1.7843939394,1814.2729545483,-3.84893939393333,-5.68666666666665
IT23896,Italy,IT,ITC,ITC4,ITC43,Lecco,122.446590909042,1.276515151515,1.7843939394,1814.2729545483,-3.84893939393333,-5.68666666666665
IT23897,Italy,IT,ITC,ITC4,ITC43,Lecco,122.446590909042,1.276515151515,1.7843939394,1814.2729545483,-3.84893939393333,-5.68666666666665
IT23898,Italy,IT,ITC,ITC4,ITC43,Lecco,122.446590909042,1.276515151515,1.7843939394,1814.2729545483,-3.84893939393333,-5.68666666666665
IT23899,Italy,IT,ITC,ITC4,ITC43,Lecco,122.446590909042,1.276515151515,1.7843939394,1814.2729545483,-3.84893939393333,-5.68666666666665
IT23900,Italy,IT,ITC,ITC4,ITC43,Lecco,122.446590909042,1.276515151515,1.7843939394,1814.2729545483,-3.84893939393333,-5.68666666666665
IT46010,Italy,IT,ITC,ITC4,ITC4B,Mantova,353.289553571,2.38041666666665,3.12988095238332,1490.13392856852,-3.16071428571665,-4.65166666666667
IT46011,Italy,IT,ITC,ITC4,ITC4B,Mantova,353.289553571,2.38041666666665,3.12988095238332,1490.13392856852,-3.16071428571665,-4.65166666666667
IT46012,Italy,IT,ITC,ITC4,ITC4B,Mantova,353.289553571,2.38041666666665,3.12988095238332,1490.13392856852,-3.16071428571665,-4.65166666666667
IT46013,Italy,IT,ITC,ITC4,ITC4B,Mantova,353.289553571,2.38041666666665,3.12988095238332,1490.13392856852,-3.16071428571665,-4.65166666666667
IT46014,Italy,IT,ITC,ITC4,ITC4B,Mantova,353.289553571,2.38041666666665,3.12988095238332,1490.13392856852,-3.16071428571665,-4.65166666666667
IT46017,Italy,IT,ITC,ITC4,ITC4B,Mantova,353.289553571,2.38041666666665,3.12988095238332,1490.13392856852,-3.16071428571665,-4.65166666666667
IT46018,Italy,IT,ITC,ITC4,ITC4B,Mantova,353.289553571,2.38041666666665,3.12988095238332,1490.13392856852,-3.16071428571665,-4.65166666666667
IT46019,Italy,IT,ITC,ITC4,ITC4B,Mantova,353.289553571,2.38041666666665,3.12988095238332,1490.13392856852,-3.16071428571665,-4.65166666666667
IT46020,Italy,IT,ITC,ITC4,ITC4B,Mantova,353.289553571,2.38041666666665,3.12988095238332,1490.13392856852,-3.16071428571665,-4.65166666666667
IT46022,Italy,IT,ITC,ITC4,ITC4B,Mantova,353.289553571,2.38041666666665,3.12988095238332,1490.13392856852,-3.16071428571665,-4.65166666666667
IT46023,Italy,IT,ITC,ITC4,ITC4B,Mantova,353.289553571,2.38041666666665,3.12988095238332,1490.13392856852,-3.16071428571665,-4.65166666666667
IT46024,Italy,IT,ITC,ITC4,ITC4B,Mantova,353.289553571,2.38041666666665,3.12988095238332,1490.13392856852,-3.16071428571665,-4.65166666666667
IT46025,Italy,IT,ITC,ITC4,ITC4B,Mantova,353.289553571,2.38041666666665,3.12988095238332,1490.13392856852,-3.16071428571665,-4.65166666666667
IT46026,Italy,IT,ITC,ITC4,ITC4B,Mantova,353.289553571,2.38041666666665,3.12988095238332,1490.13392856852,-3.16071428571665,-4.65166666666667
IT46027,Italy,IT,ITC,ITC4,ITC4B,Mantova,353.289553571,2.38041666666665,3.12988095238332,1490.13392856852,-3.16071428571665,-4.65166666666667
IT46028,Italy,IT,ITC,ITC4,ITC4B,Mantova,353.289553571,2.38041666666665,3.12988095238332,1490.13392856852,-3.16071428571665,-4.65166666666667
IT46029,Italy,IT,ITC,ITC4,ITC4B,Mantova,353.289553571,2.38041666666665,3.12988095238332,1490.13392856852,-3.16071428571665,-4.65166666666667
IT46030,Italy,IT,ITC,ITC4,ITC4B,Mantova,353.289553571,2.38041666666665,3.12988095238332,1490.13392856852,-3.16071428571665,-4.65166666666667
IT46031,Italy,IT,ITC,ITC4,ITC4B,Mantova,353.289553571,2.38041666666665,3.12988095238332,1490.13392856852,-3.16071428571665,-4.65166666666667
IT46032,Italy,IT,ITC,ITC4,ITC4B,Mantova,353.289553571,2.38041666666665,3.12988095238332,1490.13392856852,-3.16071428571665,-4.65166666666667
IT46033,Italy,IT,ITC,ITC4,ITC4B,Mantova,353.289553571,2.38041666666665,3.12988095238332,1490.13392856852,-3.16071428571665,-4.65166666666667
IT46034,Italy,IT,ITC,ITC4,ITC4B,Mantova,353.289553571,2.38041666666665,3.12988095238332,1490.13392856852,-3.16071428571665,-4.65166666666667
IT46035,Italy,IT,ITC,ITC4,ITC4B,Mantova,353.289553571,2.38041666666665,3.12988095238332,1490.13392856852,-3.16071428571665,-4.65166666666667
IT46036,Italy,IT,ITC,ITC4,ITC4B,Mantova,353.289553571,2.38041666666665,3.12988095238332,1490.13392856852,-3.16071428571665,-4.65166666666667
IT46037,Italy,IT,ITC,ITC4,ITC4B,Mantova,353.289553571,2.38041666666665,3.12988095238332,1490.13392856852,-3.16071428571665,-4.65166666666667
IT46039,Italy,IT,ITC,ITC4,ITC4B,Mantova,353.289553571,2.38041666666665,3.12988095238332,1490.13392856852,-3.16071428571665,-4.65166666666667
IT46040,Italy,IT,ITC,ITC4,ITC4B,Mantova,353.289553571,2.38041666666665,3.12988095238332,1490.13392856852,-3.16071428571665,-4.65166666666667
IT46041,Italy,IT,ITC,ITC4,ITC4B,Mantova,353.289553571,2.38041666666665,3.12988095238332,1490.13392856852,-3.16071428571665,-4.65166666666667
IT46042,Italy,IT,ITC,ITC4,ITC4B,Mantova,353.289553571,2.38041666666665,3.12988095238332,1490.13392856852,-3.16071428571665,-4.65166666666667
IT46043,Italy,IT,ITC,ITC4,ITC4B,Mantova,353.289553571,2.38041666666665,3.12988095238332,1490.13392856852,-3.16071428571665,-4.65166666666667
IT46044,Italy,IT,ITC,ITC4,ITC4B,Mantova,353.289553571,2.38041666666665,3.12988095238332,1490.13392856852,-3.16071428571665,-4.65166666666667
IT46045,Italy,IT,ITC,ITC4,ITC4B,Mantova,353.289553571,2.38041666666665,3.12988095238332,1490.13392856852,-3.16071428571665,-4.65166666666667
IT46046,Italy,IT,ITC,ITC4,ITC4B,Mantova,353.289553571,2.38041666666665,3.12988095238332,1490.13392856852,-3.16071428571665,-4.65166666666667
IT46047,Italy,IT,ITC,ITC4,ITC4B,Mantova,353.289553571,2.38041666666665,3.12988095238332,1490.13392856852,-3.16071428571665,-4.65166666666667
IT46048,Italy,IT,ITC,ITC4,ITC4B,Mantova,353.289553571,2.38041666666665,3.12988095238332,1490.13392856852,-3.16071428571665,-4.65166666666667
IT46049,Italy,IT,ITC,ITC4,ITC4B,Mantova,353.289553571,2.38041666666665,3.12988095238332,1490.13392856852,-3.16071428571665,-4.65166666666667
IT46100,Italy,IT,ITC,ITC4,ITC4B,Mantova,353.289553571,2.38041666666665,3.12988095238332,1490.13392856852,-3.16071428571665,-4.65166666666667
IT28801,Italy,IT,ITC,ITC1,ITC14,Verbano-Cusio-Ossola,37.6817307691924,0.526282051281667,0.799487179486667,2416.55894230993,-3.88967948718332,-5.89801282051665
IT28802,Italy,IT,ITC,ITC1,ITC14,Verbano-Cusio-Ossola,37.6817307691924,0.526282051281667,0.799487179486667,2416.55894230993,-3.88967948718332,-5.89801282051665
IT28803,Italy,IT,ITC,ITC1,ITC14,Verbano-Cusio-Ossola,37.6817307691924,0.526282051281667,0.799487179486667,2416.55894230993,-3.88967948718332,-5.89801282051665
IT28804,Italy,IT,ITC,ITC1,ITC14,Verbano-Cusio-Ossola,37.6817307691924,0.526282051281667,0.799487179486667,2416.55894230993,-3.88967948718332,-5.89801282051665
IT28805,Italy,IT,ITC,ITC1,ITC14,Verbano-Cusio-Ossola,37.6817307691924,0.526282051281667,0.799487179486667,2416.55894230993,-3.88967948718332,-5.89801282051665
IT28811,Italy,IT,ITC,ITC1,ITC14,Verbano-Cusio-Ossola,37.6817307691924,0.526282051281667,0.799487179486667,2416.55894230993,-3.88967948718332,-5.89801282051665
IT28812,Italy,IT,ITC,ITC1,ITC14,Verbano-Cusio-Ossola,37.6817307691924,0.526282051281667,0.799487179486667,2416.55894230993,-3.88967948718332,-5.89801282051665
IT28813,Italy,IT,ITC,ITC1,ITC14,Verbano-Cusio-Ossola,37.6817307691924,0.526282051281667,0.799487179486667,2416.55894230993,-3.88967948718332,-5.89801282051665
IT28814,Italy,IT,ITC,ITC1,ITC14,Verbano-Cusio-Ossola,37.6817307691924,0.526282051281667,0.799487179486667,2416.55894230993,-3.88967948718332,-5.89801282051665
IT28815,Italy,IT,ITC,ITC1,ITC14,Verbano-Cusio-Ossola,37.6817307691924,0.526282051281667,0.799487179486667,2416.55894230993,-3.88967948718332,-5.89801282051665
IT28816,Italy,IT,ITC,ITC1,ITC14,Verbano-Cusio-Ossola,37.6817307691924,0.526282051281667,0.799487179486667,2416.55894230993,-3.88967948718332,-5.89801282051665
IT28817,Italy,IT,ITC,ITC1,ITC14,Verbano-Cusio-Ossola,37.6817307691924,0.526282051281667,0.799487179486667,2416.55894230993,-3.88967948718332,-5.89801282051665
IT28818,Italy,IT,ITC,ITC1,ITC14,Verbano-Cusio-Ossola,37.6817307691924,0.526282051281667,0.799487179486667,2416.55894230993,-3.88967948718332,-5.89801282051665
IT28819,Italy,IT,ITC,ITC1,ITC14,Verbano-Cusio-Ossola,37.6817307691924,0.526282051281667,0.799487179486667,2416.55894230993,-3.88967948718332,-5.89801282051665
IT28821,Italy,IT,ITC,ITC1,ITC14,Verbano-Cusio-Ossola,37.6817307691924,0.526282051281667,0.799487179486667,2416.55894230993,-3.88967948718332,-5.89801282051665
IT28822,Italy,IT,ITC,ITC1,ITC14,Verbano-Cusio-Ossola,37.6817307691924,0.526282051281667,0.799487179486667,2416.55894230993,-3.88967948718332,-5.89801282051665
IT28823,Italy,IT,ITC,ITC1,ITC14,Verbano-Cusio-Ossola,37.6817307691924,0.526282051281667,0.799487179486667,2416.55894230993,-3.88967948718332,-5.89801282051665
IT28824,Italy,IT,ITC,ITC1,ITC14,Verbano-Cusio-Ossola,37.6817307691924,0.526282051281667,0.799487179486667,2416.55894230993,-3.88967948718332,-5.89801282051665
IT28825,Italy,IT,ITC,ITC1,ITC14,Verbano-Cusio-Ossola,37.6817307691924,0.526282051281667,0.799487179486667,2416.55894230993,-3.88967948718332,-5.89801282051665
IT28826,Italy,IT,ITC,ITC1,ITC14,Verbano-Cusio-Ossola,37.6817307691924,0.526282051281667,0.799487179486667,2416.55894230993,-3.88967948718332,-5.89801282051665
IT28827,Italy,IT,ITC,ITC1,ITC14,Verbano-Cusio-Ossola,37.6817307691924,0.526282051281667,0.799487179486667,2416.55894230993,-3.88967948718332,-5.89801282051665
IT28828,Italy,IT,ITC,ITC1,ITC14,Verbano-Cusio-Ossola,37.6817307691924,0.526282051281667,0.799487179486667,2416.55894230993,-3.88967948718332,-5.89801282051665
IT28831,Italy,IT,ITC,ITC1,ITC14,Verbano-Cusio-Ossola,37.6817307691924,0.526282051281667,0.799487179486667,2416.55894230993,-3.88967948718332,-5.89801282051665
IT28832,Italy,IT,ITC,ITC1,ITC14,Verbano-Cusio-Ossola,37.6817307691924,0.526282051281667,0.799487179486667,2416.55894230993,-3.88967948718332,-5.89801282051665
IT28833,Italy,IT,ITC,ITC1,ITC14,Verbano-Cusio-Ossola,37.6817307691924,0.526282051281667,0.799487179486667,2416.55894230993,-3.88967948718332,-5.89801282051665
IT28836,Italy,IT,ITC,ITC1,ITC14,Verbano-Cusio-Ossola,37.6817307691924,0.526282051281667,0.799487179486667,2416.55894230993,-3.88967948718332,-5.89801282051665
IT28838,Italy,IT,ITC,ITC1,ITC14,Verbano-Cusio-Ossola,37.6817307691924,0.526282051281667,0.799487179486667,2416.55894230993,-3.88967948718332,-5.89801282051665
IT28841,Italy,IT,ITC,ITC1,ITC14,Verbano-Cusio-Ossola,37.6817307691924,0.526282051281667,0.799487179486667,2416.55894230993,-3.88967948718332,-5.89801282051665
IT28842,Italy,IT,ITC,ITC1,ITC14,Verbano-Cusio-Ossola,37.6817307691924,0.526282051281667,0.799487179486667,2416.55894230993,-3.88967948718332,-5.89801282051665
IT28843,Italy,IT,ITC,ITC1,ITC14,Verbano-Cusio-Ossola,37.6817307691924,0.526282051281667,0.799487179486667,2416.55894230993,-3.88967948718332,-5.89801282051665
IT28844,Italy,IT,ITC,ITC1,ITC14,Verbano-Cusio-Ossola,37.6817307691924,0.526282051281667,0.799487179486667,2416.55894230993,-3.88967948718332,-5.89801282051665
IT28845,Italy,IT,ITC,ITC1,ITC14,Verbano-Cusio-Ossola,37.6817307691924,0.526282051281667,0.799487179486667,2416.55894230993,-3.88967948718332,-5.89801282051665
IT28846,Italy,IT,ITC,ITC1,ITC14,Verbano-Cusio-Ossola,37.6817307691924,0.526282051281667,0.799487179486667,2416.55894230993,-3.88967948718332,-5.89801282051665
IT28851,Italy,IT,ITC,ITC1,ITC14,Verbano-Cusio-Ossola,37.6817307691924,0.526282051281667,0.799487179486667,2416.55894230993,-3.88967948718332,-5.89801282051665
IT28852,Italy,IT,ITC,ITC1,ITC14,Verbano-Cusio-Ossola,37.6817307691924,0.526282051281667,0.799487179486667,2416.55894230993,-3.88967948718332,-5.89801282051665
IT28853,Italy,IT,ITC,ITC1,ITC14,Verbano-Cusio-Ossola,37.6817307691924,0.526282051281667,0.799487179486667,2416.55894230993,-3.88967948718332,-5.89801282051665
IT28854,Italy,IT,ITC,ITC1,ITC14,Verbano-Cusio-Ossola,37.6817307691924,0.526282051281667,0.799487179486667,2416.55894230993,-3.88967948718332,-5.89801282051665
IT28855,Italy,IT,ITC,ITC1,ITC14,Verbano-Cusio-Ossola,37.6817307691924,0.526282051281667,0.799487179486667,2416.55894230993,-3.88967948718332,-5.89801282051665
IT28856,Italy,IT,ITC,ITC1,ITC14,Verbano-Cusio-Ossola,37.6817307691924,0.526282051281667,0.799487179486667,2416.55894230993,-3.88967948718332,-5.89801282051665
IT28857,Italy,IT,ITC,ITC1,ITC14,Verbano-Cusio-Ossola,37.6817307691924,0.526282051281667,0.799487179486667,2416.55894230993,-3.88967948718332,-5.89801282051665
IT28858,Italy,IT,ITC,ITC1,ITC14,Verbano-Cusio-Ossola,37.6817307691924,0.526282051281667,0.799487179486667,2416.55894230993,-3.88967948718332,-5.89801282051665
IT28859,Italy,IT,ITC,ITC1,ITC14,Verbano-Cusio-Ossola,37.6817307691924,0.526282051281667,0.799487179486667,2416.55894230993,-3.88967948718332,-5.89801282051665
IT28861,Italy,IT,ITC,ITC1,ITC14,Verbano-Cusio-Ossola,37.6817307691924,0.526282051281667,0.799487179486667,2416.55894230993,-3.88967948718332,-5.89801282051665
IT28862,Italy,IT,ITC,ITC1,ITC14,Verbano-Cusio-Ossola,37.6817307691924,0.526282051281667,0.799487179486667,2416.55894230993,-3.88967948718332,-5.89801282051665
IT28863,Italy,IT,ITC,ITC1,ITC14,Verbano-Cusio-Ossola,37.6817307691924,0.526282051281667,0.799487179486667,2416.55894230993,-3.88967948718332,-5.89801282051665
IT28864,Italy,IT,ITC,ITC1,ITC14,Verbano-Cusio-Ossola,37.6817307691924,0.526282051281667,0.799487179486667,2416.55894230993,-3.88967948718332,-5.89801282051665
IT28865,Italy,IT,ITC,ITC1,ITC14,Verbano-Cusio-Ossola,37.6817307691924,0.526282051281667,0.799487179486667,2416.55894230993,-3.88967948718332,-5.89801282051665
IT28866,Italy,IT,ITC,ITC1,ITC14,Verbano-Cusio-Ossola,37.6817307691924,0.526282051281667,0.799487179486667,2416.55894230993,-3.88967948718332,-5.89801282051665
IT28868,Italy,IT,ITC,ITC1,ITC14,Verbano-Cusio-Ossola,37.6817307691924,0.526282051281667,0.799487179486667,2416.55894230993,-3.88967948718332,-5.89801282051665
IT28871,Italy,IT,ITC,ITC1,ITC14,Verbano-Cusio-Ossola,37.6817307691924,0.526282051281667,0.799487179486667,2416.55894230993,-3.88967948718332,-5.89801282051665
IT28873,Italy,IT,ITC,ITC1,ITC14,Verbano-Cusio-Ossola,37.6817307691924,0.526282051281667,0.799487179486667,2416.55894230993,-3.88967948718332,-5.89801282051665
IT28875,Italy,IT,ITC,ITC1,ITC14,Verbano-Cusio-Ossola,37.6817307691924,0.526282051281667,0.799487179486667,2416.55894230993,-3.88967948718332,-5.89801282051665
IT28876,Italy,IT,ITC,ITC1,ITC14,Verbano-Cusio-Ossola,37.6817307691924,0.526282051281667,0.799487179486667,2416.55894230993,-3.88967948718332,-5.89801282051665
IT28877,Italy,IT,ITC,ITC1,ITC14,Verbano-Cusio-Ossola,37.6817307691924,0.526282051281667,0.799487179486667,2416.55894230993,-3.88967948718332,-5.89801282051665
IT28879,Italy,IT,ITC,ITC1,ITC14,Verbano-Cusio-Ossola,37.6817307691924,0.526282051281667,0.799487179486667,2416.55894230993,-3.88967948718332,-5.89801282051665
IT28881,Italy,IT,ITC,ITC1,ITC14,Verbano-Cusio-Ossola,37.6817307691924,0.526282051281667,0.799487179486667,2416.55894230993,-3.88967948718332,-5.89801282051665
IT28883,Italy,IT,ITC,ITC1,ITC14,Verbano-Cusio-Ossola,37.6817307691924,0.526282051281667,0.799487179486667,2416.55894230993,-3.88967948718332,-5.89801282051665
IT28884,Italy,IT,ITC,ITC1,ITC14,Verbano-Cusio-Ossola,37.6817307691924,0.526282051281667,0.799487179486667,2416.55894230993,-3.88967948718332,-5.89801282051665
IT28885,Italy,IT,ITC,ITC1,ITC14,Verbano-Cusio-Ossola,37.6817307691924,0.526282051281667,0.799487179486667,2416.55894230993,-3.88967948718332,-5.89801282051665
IT28886,Italy,IT,ITC,ITC1,ITC14,Verbano-Cusio-Ossola,37.6817307691924,0.526282051281667,0.799487179486667,2416.55894230993,-3.88967948718332,-5.89801282051665
IT28887,Italy,IT,ITC,ITC1,ITC14,Verbano-Cusio-Ossola,37.6817307691924,0.526282051281667,0.799487179486667,2416.55894230993,-3.88967948718332,-5.89801282051665
IT28891,Italy,IT,ITC,ITC1,ITC14,Verbano-Cusio-Ossola,37.6817307691924,0.526282051281667,0.799487179486667,2416.55894230993,-3.88967948718332,-5.89801282051665
IT28893,Italy,IT,ITC,ITC1,ITC14,Verbano-Cusio-Ossola,37.6817307691924,0.526282051281667,0.799487179486667,2416.55894230993,-3.88967948718332,-5.89801282051665
IT28894,Italy,IT,ITC,ITC1,ITC14,Verbano-Cusio-Ossola,37.6817307691924,0.526282051281667,0.799487179486667,2416.55894230993,-3.88967948718332,-5.89801282051665
IT28895,Italy,IT,ITC,ITC1,ITC14,Verbano-Cusio-Ossola,37.6817307691924,0.526282051281667,0.799487179486667,2416.55894230993,-3.88967948718332,-5.89801282051665
IT28896,Italy,IT,ITC,ITC1,ITC14,Verbano-Cusio-Ossola,37.6817307691924,0.526282051281667,0.799487179486667,2416.55894230993,-3.88967948718332,-5.89801282051665
IT28897,Italy,IT,ITC,ITC1,ITC14,Verbano-Cusio-Ossola,37.6817307691924,0.526282051281667,0.799487179486667,2416.55894230993,-3.88967948718332,-5.89801282051665
IT28898,Italy,IT,ITC,ITC1,ITC14,Verbano-Cusio-Ossola,37.6817307691924,0.526282051281667,0.799487179486667,2416.55894230993,-3.88967948718332,-5.89801282051665
IT28899,Italy,IT,ITC,ITC1,ITC14,Verbano-Cusio-Ossola,37.6817307691924,0.526282051281667,0.799487179486667,2416.55894230993,-3.88967948718332,-5.89801282051665
IT28922,Italy,IT,ITC,ITC1,ITC14,Verbano-Cusio-Ossola,37.6817307691924,0.526282051281667,0.799487179486667,2416.55894230993,-3.88967948718332,-5.89801282051665
IT23010,Italy,IT,ITC,ITC4,ITC44,Sondrio,1.42763888888925,0.0539814814815,0.116851851851833,3199.31729166785,-4.17162037036665,-6.45481481481667
IT23011,Italy,IT,ITC,ITC4,ITC44,Sondrio,1.42763888888925,0.0539814814815,0.116851851851833,3199.31729166785,-4.17162037036665,-6.45481481481667
IT23012,Italy,IT,ITC,ITC4,ITC44,Sondrio,1.42763888888925,0.0539814814815,0.116851851851833,3199.31729166785,-4.17162037036665,-6.45481481481667
IT23013,Italy,IT,ITC,ITC4,ITC44,Sondrio,1.42763888888925,0.0539814814815,0.116851851851833,3199.31729166785,-4.17162037036665,-6.45481481481667
IT23014,Italy,IT,ITC,ITC4,ITC44,Sondrio,1.42763888888925,0.0539814814815,0.116851851851833,3199.31729166785,-4.17162037036665,-6.45481481481667
IT23015,Italy,IT,ITC,ITC4,ITC44,Sondrio,1.42763888888925,0.0539814814815,0.116851851851833,3199.31729166785,-4.17162037036665,-6.45481481481667
IT23016,Italy,IT,ITC,ITC4,ITC44,Sondrio,1.42763888888925,0.0539814814815,0.116851851851833,3199.31729166785,-4.17162037036665,-6.45481481481667
IT23017,Italy,IT,ITC,ITC4,ITC44,Sondrio,1.42763888888925,0.0539814814815,0.116851851851833,3199.31729166785,-4.17162037036665,-6.45481481481667
IT23018,Italy,IT,ITC,ITC4,ITC44,Sondrio,1.42763888888925,0.0539814814815,0.116851851851833,3199.31729166785,-4.17162037036665,-6.45481481481667
IT23019,Italy,IT,ITC,ITC4,ITC44,Sondrio,1.42763888888925,0.0539814814815,0.116851851851833,3199.31729166785,-4.17162037036665,-6.45481481481667
IT23020,Italy,IT,ITC,ITC4,ITC44,Sondrio,1.42763888888925,0.0539814814815,0.116851851851833,3199.31729166785,-4.17162037036665,-6.45481481481667
IT23021,Italy,IT,ITC,ITC4,ITC44,Sondrio,1.42763888888925,0.0539814814815,0.116851851851833,3199.31729166785,-4.17162037036665,-6.45481481481667
IT23022,Italy,IT,ITC,ITC4,ITC44,Sondrio,1.42763888888925,0.0539814814815,0.116851851851833,3199.31729166785,-4.17162037036665,-6.45481481481667
IT23023,Italy,IT,ITC,ITC4,ITC44,Sondrio,1.42763888888925,0.0539814814815,0.116851851851833,3199.31729166785,-4.17162037036665,-6.45481481481667
IT23024,Italy,IT,ITC,ITC4,ITC44,Sondrio,1.42763888888925,0.0539814814815,0.116851851851833,3199.31729166785,-4.17162037036665,-6.45481481481667
IT23025,Italy,IT,ITC,ITC4,ITC44,Sondrio,1.42763888888925,0.0539814814815,0.116851851851833,3199.31729166785,-4.17162037036665,-6.45481481481667
IT23026,Italy,IT,ITC,ITC4,ITC44,Sondrio,1.42763888888925,0.0539814814815,0.116851851851833,3199.31729166785,-4.17162037036665,-6.45481481481667
IT23027,Italy,IT,ITC,ITC4,ITC44,Sondrio,1.42763888888925,0.0539814814815,0.116851851851833,3199.31729166785,-4.17162037036665,-6.45481481481667
IT23029,Italy,IT,ITC,ITC4,ITC44,Sondrio,1.42763888888925,0.0539814814815,0.116851851851833,3199.31729166785,-4.17162037036665,-6.45481481481667
IT23030,Italy,IT,ITC,ITC4,ITC44,Sondrio,1.42763888888925,0.0539814814815,0.116851851851833,3199.31729166785,-4.17162037036665,-6.45481481481667
IT23031,Italy,IT,ITC,ITC4,ITC44,Sondrio,1.42763888888925,0.0539814814815,0.116851851851833,3199.31729166785,-4.17162037036665,-6.45481481481667
IT23032,Italy,IT,ITC,ITC4,ITC44,Sondrio,1.42763888888925,0.0539814814815,0.116851851851833,3199.31729166785,-4.17162037036665,-6.45481481481667
IT23033,Italy,IT,ITC,ITC4,ITC44,Sondrio,1.42763888888925,0.0539814814815,0.116851851851833,3199.31729166785,-4.17162037036665,-6.45481481481667
IT23034,Italy,IT,ITC,ITC4,ITC44,Sondrio,1.42763888888925,0.0539814814815,0.116851851851833,3199.31729166785,-4.17162037036665,-6.45481481481667
IT23035,Italy,IT,ITC,ITC4,ITC44,Sondrio,1.42763888888925,0.0539814814815,0.116851851851833,3199.31729166785,-4.17162037036665,-6.45481481481667
IT23036,Italy,IT,ITC,ITC4,ITC44,Sondrio,1.42763888888925,0.0539814814815,0.116851851851833,3199.31729166785,-4.17162037036665,-6.45481481481667
IT23037,Italy,IT,ITC,ITC4,ITC44,Sondrio,1.42763888888925,0.0539814814815,0.116851851851833,3199.31729166785,-4.17162037036665,-6.45481481481667
IT23038,Italy,IT,ITC,ITC4,ITC44,Sondrio,1.42763888888925,0.0539814814815,0.116851851851833,3199.31729166785,-4.17162037036665,-6.45481481481667
IT23100,Italy,IT,ITC,ITC4,ITC44,Sondrio,1.42763888888925,0.0539814814815,0.116851851851833,3199.31729166785,-4.17162037036665,-6.45481481481667
IT95010,Italy,IT,ITG,ITG1,ITG17,Catania,302.006250000075,2.20601851851667,3.32555555555,778.173472222224,-2.69694444444998,-4.04601851851665
IT95011,Italy,IT,ITG,ITG1,ITG17,Catania,302.006250000075,2.20601851851667,3.32555555555,778.173472222224,-2.69694444444998,-4.04601851851665
IT95012,Italy,IT,ITG,ITG1,ITG17,Catania,302.006250000075,2.20601851851667,3.32555555555,778.173472222224,-2.69694444444998,-4.04601851851665
IT95013,Italy,IT,ITG,ITG1,ITG17,Catania,302.006250000075,2.20601851851667,3.32555555555,778.173472222224,-2.69694444444998,-4.04601851851665
IT95014,Italy,IT,ITG,ITG1,ITG17,Catania,302.006250000075,2.20601851851667,3.32555555555,778.173472222224,-2.69694444444998,-4.04601851851665
IT95015,Italy,IT,ITG,ITG1,ITG17,Catania,302.006250000075,2.20601851851667,3.32555555555,778.173472222224,-2.69694444444998,-4.04601851851665
IT95016,Italy,IT,ITG,ITG1,ITG17,Catania,302.006250000075,2.20601851851667,3.32555555555,778.173472222224,-2.69694444444998,-4.04601851851665
IT95017,Italy,IT,ITG,ITG1,ITG17,Catania,302.006250000075,2.20601851851667,3.32555555555,778.173472222224,-2.69694444444998,-4.04601851851665
IT95018,Italy,IT,ITG,ITG1,ITG17,Catania,302.006250000075,2.20601851851667,3.32555555555,778.173472222224,-2.69694444444998,-4.04601851851665
IT95019,Italy,IT,ITG,ITG1,ITG17,Catania,302.006250000075,2.20601851851667,3.32555555555,778.173472222224,-2.69694444444998,-4.04601851851665
IT95020,Italy,IT,ITG,ITG1,ITG17,Catania,302.006250000075,2.20601851851667,3.32555555555,778.173472222224,-2.69694444444998,-4.04601851851665
IT95021,Italy,IT,ITG,ITG1,ITG17,Catania,302.006250000075,2.20601851851667,3.32555555555,778.173472222224,-2.69694444444998,-4.04601851851665
IT95022,Italy,IT,ITG,ITG1,ITG17,Catania,302.006250000075,2.20601851851667,3.32555555555,778.173472222224,-2.69694444444998,-4.04601851851665
IT95024,Italy,IT,ITG,ITG1,ITG17,Catania,302.006250000075,2.20601851851667,3.32555555555,778.173472222224,-2.69694444444998,-4.04601851851665
IT95025,Italy,IT,ITG,ITG1,ITG17,Catania,302.006250000075,2.20601851851667,3.32555555555,778.173472222224,-2.69694444444998,-4.04601851851665
IT95027,Italy,IT,ITG,ITG1,ITG17,Catania,302.006250000075,2.20601851851667,3.32555555555,778.173472222224,-2.69694444444998,-4.04601851851665
IT95028,Italy,IT,ITG,ITG1,ITG17,Catania,302.006250000075,2.20601851851667,3.32555555555,778.173472222224,-2.69694444444998,-4.04601851851665
IT95029,Italy,IT,ITG,ITG1,ITG17,Catania,302.006250000075,2.20601851851667,3.32555555555,778.173472222224,-2.69694444444998,-4.04601851851665
IT95030,Italy,IT,ITG,ITG1,ITG17,Catania,302.006250000075,2.20601851851667,3.32555555555,778.173472222224,-2.69694444444998,-4.04601851851665
IT95031,Italy,IT,ITG,ITG1,ITG17,Catania,302.006250000075,2.20601851851667,3.32555555555,778.173472222224,-2.69694444444998,-4.04601851851665
IT95032,Italy,IT,ITG,ITG1,ITG17,Catania,302.006250000075,2.20601851851667,3.32555555555,778.173472222224,-2.69694444444998,-4.04601851851665
IT95033,Italy,IT,ITG,ITG1,ITG17,Catania,302.006250000075,2.20601851851667,3.32555555555,778.173472222224,-2.69694444444998,-4.04601851851665
IT95034,Italy,IT,ITG,ITG1,ITG17,Catania,302.006250000075,2.20601851851667,3.32555555555,778.173472222224,-2.69694444444998,-4.04601851851665
IT95035,Italy,IT,ITG,ITG1,ITG17,Catania,302.006250000075,2.20601851851667,3.32555555555,778.173472222224,-2.69694444444998,-4.04601851851665
IT95036,Italy,IT,ITG,ITG1,ITG17,Catania,302.006250000075,2.20601851851667,3.32555555555,778.173472222224,-2.69694444444998,-4.04601851851665
IT95037,Italy,IT,ITG,ITG1,ITG17,Catania,302.006250000075,2.20601851851667,3.32555555555,778.173472222224,-2.69694444444998,-4.04601851851665
IT95038,Italy,IT,ITG,ITG1,ITG17,Catania,302.006250000075,2.20601851851667,3.32555555555,778.173472222224,-2.69694444444998,-4.04601851851665
IT95039,Italy,IT,ITG,ITG1,ITG17,Catania,302.006250000075,2.20601851851667,3.32555555555,778.173472222224,-2.69694444444998,-4.04601851851665
IT95040,Italy,IT,ITG,ITG1,ITG17,Catania,302.006250000075,2.20601851851667,3.32555555555,778.173472222224,-2.69694444444998,-4.04601851851665
IT95041,Italy,IT,ITG,ITG1,ITG17,Catania,302.006250000075,2.20601851851667,3.32555555555,778.173472222224,-2.69694444444998,-4.04601851851665
IT95042,Italy,IT,ITG,ITG1,ITG17,Catania,302.006250000075,2.20601851851667,3.32555555555,778.173472222224,-2.69694444444998,-4.04601851851665
IT95043,Italy,IT,ITG,ITG1,ITG17,Catania,302.006250000075,2.20601851851667,3.32555555555,778.173472222224,-2.69694444444998,-4.04601851851665
IT95044,Italy,IT,ITG,ITG1,ITG17,Catania,302.006250000075,2.20601851851667,3.32555555555,778.173472222224,-2.69694444444998,-4.04601851851665
IT95045,Italy,IT,ITG,ITG1,ITG17,Catania,302.006250000075,2.20601851851667,3.32555555555,778.173472222224,-2.69694444444998,-4.04601851851665
IT95046,Italy,IT,ITG,ITG1,ITG17,Catania,302.006250000075,2.20601851851667,3.32555555555,778.173472222224,-2.69694444444998,-4.04601851851665
IT95047,Italy,IT,ITG,ITG1,ITG17,Catania,302.006250000075,2.20601851851667,3.32555555555,778.173472222224,-2.69694444444998,-4.04601851851665
IT95048,Italy,IT,ITG,ITG1,ITG17,Catania,302.006250000075,2.20601851851667,3.32555555555,778.173472222224,-2.69694444444998,-4.04601851851665
IT95049,Italy,IT,ITG,ITG1,ITG17,Catania,302.006250000075,2.20601851851667,3.32555555555,778.173472222224,-2.69694444444998,-4.04601851851665
IT95100,Italy,IT,ITG,ITG1,ITG17,Catania,302.006250000075,2.20601851851667,3.32555555555,778.173472222224,-2.69694444444998,-4.04601851851665
IT95121,Italy,IT,ITG,ITG1,ITG17,Catania,302.006250000075,2.20601851851667,3.32555555555,778.173472222224,-2.69694444444998,-4.04601851851665
IT95122,Italy,IT,ITG,ITG1,ITG17,Catania,302.006250000075,2.20601851851667,3.32555555555,778.173472222224,-2.69694444444998,-4.04601851851665
IT95123,Italy,IT,ITG,ITG1,ITG17,Catania,302.006250000075,2.20601851851667,3.32555555555,778.173472222224,-2.69694444444998,-4.04601851851665
IT95124,Italy,IT,ITG,ITG1,ITG17,Catania,302.006250000075,2.20601851851667,3.32555555555,778.173472222224,-2.69694444444998,-4.04601851851665
IT95125,Italy,IT,ITG,ITG1,ITG17,Catania,302.006250000075,2.20601851851667,3.32555555555,778.173472222224,-2.69694444444998,-4.04601851851665
IT95126,Italy,IT,ITG,ITG1,ITG17,Catania,302.006250000075,2.20601851851667,3.32555555555,778.173472222224,-2.69694444444998,-4.04601851851665
IT95127,Italy,IT,ITG,ITG1,ITG17,Catania,302.006250000075,2.20601851851667,3.32555555555,778.173472222224,-2.69694444444998,-4.04601851851665
IT95128,Italy,IT,ITG,ITG1,ITG17,Catania,302.006250000075,2.20601851851667,3.32555555555,778.173472222224,-2.69694444444998,-4.04601851851665
IT95129,Italy,IT,ITG,ITG1,ITG17,Catania,302.006250000075,2.20601851851667,3.32555555555,778.173472222224,-2.69694444444998,-4.04601851851665
IT95131,Italy,IT,ITG,ITG1,ITG17,Catania,302.006250000075,2.20601851851667,3.32555555555,778.173472222224,-2.69694444444998,-4.04601851851665
IT8030,Italy,IT,ITG,ITG2,ITG27,Cagliari,309.12180851035,2.3634751773,3.46269503546667,752.702712765549,-2.6295390071,-4.04244680851665
IT8033,Italy,IT,ITG,ITG2,ITG27,Cagliari,309.12180851035,2.3634751773,3.46269503546667,752.702712765549,-2.6295390071,-4.04244680851665
IT8035,Italy,IT,ITG,ITG2,ITG27,Cagliari,309.12180851035,2.3634751773,3.46269503546667,752.702712765549,-2.6295390071,-4.04244680851665
IT8043,Italy,IT,ITG,ITG2,ITG27,Cagliari,309.12180851035,2.3634751773,3.46269503546667,752.702712765549,-2.6295390071,-4.04244680851665
IT9012,Italy,IT,ITG,ITG2,ITG27,Cagliari,309.12180851035,2.3634751773,3.46269503546667,752.702712765549,-2.6295390071,-4.04244680851665
IT9018,Italy,IT,ITG,ITG2,ITG27,Cagliari,309.12180851035,2.3634751773,3.46269503546667,752.702712765549,-2.6295390071,-4.04244680851665
IT9019,Italy,IT,ITG,ITG2,ITG27,Cagliari,309.12180851035,2.3634751773,3.46269503546667,752.702712765549,-2.6295390071,-4.04244680851665
IT9023,Italy,IT,ITG,ITG2,ITG27,Cagliari,309.12180851035,2.3634751773,3.46269503546667,752.702712765549,-2.6295390071,-4.04244680851665
IT9024,Italy,IT,ITG,ITG2,ITG27,Cagliari,309.12180851035,2.3634751773,3.46269503546667,752.702712765549,-2.6295390071,-4.04244680851665
IT9026,Italy,IT,ITG,ITG2,ITG27,Cagliari,309.12180851035,2.3634751773,3.46269503546667,752.702712765549,-2.6295390071,-4.04244680851665
IT9028,Italy,IT,ITG,ITG2,ITG27,Cagliari,309.12180851035,2.3634751773,3.46269503546667,752.702712765549,-2.6295390071,-4.04244680851665
IT9032,Italy,IT,ITG,ITG2,ITG27,Cagliari,309.12180851035,2.3634751773,3.46269503546667,752.702712765549,-2.6295390071,-4.04244680851665
IT9033,Italy,IT,ITG,ITG2,ITG27,Cagliari,309.12180851035,2.3634751773,3.46269503546667,752.702712765549,-2.6295390071,-4.04244680851665
IT9034,Italy,IT,ITG,ITG2,ITG27,Cagliari,309.12180851035,2.3634751773,3.46269503546667,752.702712765549,-2.6295390071,-4.04244680851665
IT9040,Italy,IT,ITG,ITG2,ITG27,Cagliari,309.12180851035,2.3634751773,3.46269503546667,752.702712765549,-2.6295390071,-4.04244680851665
IT9041,Italy,IT,ITG,ITG2,ITG27,Cagliari,309.12180851035,2.3634751773,3.46269503546667,752.702712765549,-2.6295390071,-4.04244680851665
IT9042,Italy,IT,ITG,ITG2,ITG27,Cagliari,309.12180851035,2.3634751773,3.46269503546667,752.702712765549,-2.6295390071,-4.04244680851665
IT9043,Italy,IT,ITG,ITG2,ITG27,Cagliari,309.12180851035,2.3634751773,3.46269503546667,752.702712765549,-2.6295390071,-4.04244680851665
IT9044,Italy,IT,ITG,ITG2,ITG27,Cagliari,309.12180851035,2.3634751773,3.46269503546667,752.702712765549,-2.6295390071,-4.04244680851665
IT9045,Italy,IT,ITG,ITG2,ITG27,Cagliari,309.12180851035,2.3634751773,3.46269503546667,752.702712765549,-2.6295390071,-4.04244680851665
IT9047,Italy,IT,ITG,ITG2,ITG27,Cagliari,309.12180851035,2.3634751773,3.46269503546667,752.702712765549,-2.6295390071,-4.04244680851665
IT9048,Italy,IT,ITG,ITG2,ITG27,Cagliari,309.12180851035,2.3634751773,3.46269503546667,752.702712765549,-2.6295390071,-4.04244680851665
IT9049,Italy,IT,ITG,ITG2,ITG27,Cagliari,309.12180851035,2.3634751773,3.46269503546667,752.702712765549,-2.6295390071,-4.04244680851665
IT9100,Italy,IT,ITG,ITG2,ITG27,Cagliari,309.12180851035,2.3634751773,3.46269503546667,752.702712765549,-2.6295390071,-4.04244680851665
IT9121,Italy,IT,ITG,ITG2,ITG27,Cagliari,309.12180851035,2.3634751773,3.46269503546667,752.702712765549,-2.6295390071,-4.04244680851665
IT9122,Italy,IT,ITG,ITG2,ITG27,Cagliari,309.12180851035,2.3634751773,3.46269503546667,752.702712765549,-2.6295390071,-4.04244680851665
IT9123,Italy,IT,ITG,ITG2,ITG27,Cagliari,309.12180851035,2.3634751773,3.46269503546667,752.702712765549,-2.6295390071,-4.04244680851665
IT9124,Italy,IT,ITG,ITG2,ITG27,Cagliari,309.12180851035,2.3634751773,3.46269503546667,752.702712765549,-2.6295390071,-4.04244680851665
IT9125,Italy,IT,ITG,ITG2,ITG27,Cagliari,309.12180851035,2.3634751773,3.46269503546667,752.702712765549,-2.6295390071,-4.04244680851665
IT9126,Italy,IT,ITG,ITG2,ITG27,Cagliari,309.12180851035,2.3634751773,3.46269503546667,752.702712765549,-2.6295390071,-4.04244680851665
IT9127,Italy,IT,ITG,ITG2,ITG27,Cagliari,309.12180851035,2.3634751773,3.46269503546667,752.702712765549,-2.6295390071,-4.04244680851665
IT9128,Italy,IT,ITG,ITG2,ITG27,Cagliari,309.12180851035,2.3634751773,3.46269503546667,752.702712765549,-2.6295390071,-4.04244680851665
IT9129,Italy,IT,ITG,ITG2,ITG27,Cagliari,309.12180851035,2.3634751773,3.46269503546667,752.702712765549,-2.6295390071,-4.04244680851665
IT9131,Italy,IT,ITG,ITG2,ITG27,Cagliari,309.12180851035,2.3634751773,3.46269503546667,752.702712765549,-2.6295390071,-4.04244680851665
IT9134,Italy,IT,ITG,ITG2,ITG27,Cagliari,309.12180851035,2.3634751773,3.46269503546667,752.702712765549,-2.6295390071,-4.04244680851665
IT96010,Italy,IT,ITG,ITG1,ITG19,Siracusa,395.516499999999,2.55699999999998,3.85558333333333,556.08125,-2.1925,-3.27008333333333
IT96011,Italy,IT,ITG,ITG1,ITG19,Siracusa,395.516499999999,2.55699999999998,3.85558333333333,556.08125,-2.1925,-3.27008333333333
IT96012,Italy,IT,ITG,ITG1,ITG19,Siracusa,395.516499999999,2.55699999999998,3.85558333333333,556.08125,-2.1925,-3.27008333333333
IT96013,Italy,IT,ITG,ITG1,ITG19,Siracusa,395.516499999999,2.55699999999998,3.85558333333333,556.08125,-2.1925,-3.27008333333333
IT96014,Italy,IT,ITG,ITG1,ITG19,Siracusa,395.516499999999,2.55699999999998,3.85558333333333,556.08125,-2.1925,-3.27008333333333
IT96015,Italy,IT,ITG,ITG1,ITG19,Siracusa,395.516499999999,2.55699999999998,3.85558333333333,556.08125,-2.1925,-3.27008333333333
IT96016,Italy,IT,ITG,ITG1,ITG19,Siracusa,395.516499999999,2.55699999999998,3.85558333333333,556.08125,-2.1925,-3.27008333333333
IT96017,Italy,IT,ITG,ITG1,ITG19,Siracusa,395.516499999999,2.55699999999998,3.85558333333333,556.08125,-2.1925,-3.27008333333333
IT96018,Italy,IT,ITG,ITG1,ITG19,Siracusa,395.516499999999,2.55699999999998,3.85558333333333,556.08125,-2.1925,-3.27008333333333
IT96019,Italy,IT,ITG,ITG1,ITG19,Siracusa,395.516499999999,2.55699999999998,3.85558333333333,556.08125,-2.1925,-3.27008333333333
IT96100,Italy,IT,ITG,ITG1,ITG19,Siracusa,395.516499999999,2.55699999999998,3.85558333333333,556.08125,-2.1925,-3.27008333333333
IT7010,Italy,IT,ITG,ITG2,ITG25,Sassari,237.423532609024,1.81960144928333,2.52833333333332,776.972663042999,-2.46416666666665,-3.7929710145
IT7011,Italy,IT,ITG,ITG2,ITG25,Sassari,237.423532609024,1.81960144928333,2.52833333333332,776.972663042999,-2.46416666666665,-3.7929710145
IT7012,Italy,IT,ITG,ITG2,ITG25,Sassari,237.423532609024,1.81960144928333,2.52833333333332,776.972663042999,-2.46416666666665,-3.7929710145
IT7013,Italy,IT,ITG,ITG2,ITG25,Sassari,237.423532609024,1.81960144928333,2.52833333333332,776.972663042999,-2.46416666666665,-3.7929710145
IT7014,Italy,IT,ITG,ITG2,ITG25,Sassari,237.423532609024,1.81960144928333,2.52833333333332,776.972663042999,-2.46416666666665,-3.7929710145
IT7015,Italy,IT,ITG,ITG2,ITG25,Sassari,237.423532609024,1.81960144928333,2.52833333333332,776.972663042999,-2.46416666666665,-3.7929710145
IT7016,Italy,IT,ITG,ITG2,ITG25,Sassari,237.423532609024,1.81960144928333,2.52833333333332,776.972663042999,-2.46416666666665,-3.7929710145
IT7017,Italy,IT,ITG,ITG2,ITG25,Sassari,237.423532609024,1.81960144928333,2.52833333333332,776.972663042999,-2.46416666666665,-3.7929710145
IT7018,Italy,IT,ITG,ITG2,ITG25,Sassari,237.423532609024,1.81960144928333,2.52833333333332,776.972663042999,-2.46416666666665,-3.7929710145
IT7019,Italy,IT,ITG,ITG2,ITG25,Sassari,237.423532609024,1.81960144928333,2.52833333333332,776.972663042999,-2.46416666666665,-3.7929710145
IT7030,Italy,IT,ITG,ITG2,ITG25,Sassari,237.423532609024,1.81960144928333,2.52833333333332,776.972663042999,-2.46416666666665,-3.7929710145
IT7031,Italy,IT,ITG,ITG2,ITG25,Sassari,237.423532609024,1.81960144928333,2.52833333333332,776.972663042999,-2.46416666666665,-3.7929710145
IT7032,Italy,IT,ITG,ITG2,ITG25,Sassari,237.423532609024,1.81960144928333,2.52833333333332,776.972663042999,-2.46416666666665,-3.7929710145
IT7033,Italy,IT,ITG,ITG2,ITG25,Sassari,237.423532609024,1.81960144928333,2.52833333333332,776.972663042999,-2.46416666666665,-3.7929710145
IT7034,Italy,IT,ITG,ITG2,ITG25,Sassari,237.423532609024,1.81960144928333,2.52833333333332,776.972663042999,-2.46416666666665,-3.7929710145
IT7035,Italy,IT,ITG,ITG2,ITG25,Sassari,237.423532609024,1.81960144928333,2.52833333333332,776.972663042999,-2.46416666666665,-3.7929710145
IT7036,Italy,IT,ITG,ITG2,ITG25,Sassari,237.423532609024,1.81960144928333,2.52833333333332,776.972663042999,-2.46416666666665,-3.7929710145
IT7037,Italy,IT,ITG,ITG2,ITG25,Sassari,237.423532609024,1.81960144928333,2.52833333333332,776.972663042999,-2.46416666666665,-3.7929710145
IT7038,Italy,IT,ITG,ITG2,ITG25,Sassari,237.423532609024,1.81960144928333,2.52833333333332,776.972663042999,-2.46416666666665,-3.7929710145
IT7039,Italy,IT,ITG,ITG2,ITG25,Sassari,237.423532609024,1.81960144928333,2.52833333333332,776.972663042999,-2.46416666666665,-3.7929710145
IT7040,Italy,IT,ITG,ITG2,ITG25,Sassari,237.423532609024,1.81960144928333,2.52833333333332,776.972663042999,-2.46416666666665,-3.7929710145
IT7041,Italy,IT,ITG,ITG2,ITG25,Sassari,237.423532609024,1.81960144928333,2.52833333333332,776.972663042999,-2.46416666666665,-3.7929710145
IT7043,Italy,IT,ITG,ITG2,ITG25,Sassari,237.423532609024,1.81960144928333,2.52833333333332,776.972663042999,-2.46416666666665,-3.7929710145
IT7044,Italy,IT,ITG,ITG2,ITG25,Sassari,237.423532609024,1.81960144928333,2.52833333333332,776.972663042999,-2.46416666666665,-3.7929710145
IT7045,Italy,IT,ITG,ITG2,ITG25,Sassari,237.423532609024,1.81960144928333,2.52833333333332,776.972663042999,-2.46416666666665,-3.7929710145
IT7046,Italy,IT,ITG,ITG2,ITG25,Sassari,237.423532609024,1.81960144928333,2.52833333333332,776.972663042999,-2.46416666666665,-3.7929710145
IT7047,Italy,IT,ITG,ITG2,ITG25,Sassari,237.423532609024,1.81960144928333,2.52833333333332,776.972663042999,-2.46416666666665,-3.7929710145
IT7048,Italy,IT,ITG,ITG2,ITG25,Sassari,237.423532609024,1.81960144928333,2.52833333333332,776.972663042999,-2.46416666666665,-3.7929710145
IT7049,Italy,IT,ITG,ITG2,ITG25,Sassari,237.423532609024,1.81960144928333,2.52833333333332,776.972663042999,-2.46416666666665,-3.7929710145
IT7100,Italy,IT,ITG,ITG2,ITG25,Sassari,237.423532609024,1.81960144928333,2.52833333333332,776.972663042999,-2.46416666666665,-3.7929710145
IT88811,Italy,IT,ITF,ITF6,ITF62,Crotone,330.025694444849,2.50046296296667,3.70203703703333,769.615694444224,-2.92027777778333,-4.28925925926667
IT88812,Italy,IT,ITF,ITF6,ITF62,Crotone,330.025694444849,2.50046296296667,3.70203703703333,769.615694444224,-2.92027777778333,-4.28925925926667
IT88813,Italy,IT,ITF,ITF6,ITF62,Crotone,330.025694444849,2.50046296296667,3.70203703703333,769.615694444224,-2.92027777778333,-4.28925925926667
IT88814,Italy,IT,ITF,ITF6,ITF62,Crotone,330.025694444849,2.50046296296667,3.70203703703333,769.615694444224,-2.92027777778333,-4.28925925926667
IT88815,Italy,IT,ITF,ITF6,ITF62,Crotone,330.025694444849,2.50046296296667,3.70203703703333,769.615694444224,-2.92027777778333,-4.28925925926667
IT88816,Italy,IT,ITF,ITF6,ITF62,Crotone,330.025694444849,2.50046296296667,3.70203703703333,769.615694444224,-2.92027777778333,-4.28925925926667
IT88817,Italy,IT,ITF,ITF6,ITF62,Crotone,330.025694444849,2.50046296296667,3.70203703703333,769.615694444224,-2.92027777778333,-4.28925925926667
IT88818,Italy,IT,ITF,ITF6,ITF62,Crotone,330.025694444849,2.50046296296667,3.70203703703333,769.615694444224,-2.92027777778333,-4.28925925926667
IT88819,Italy,IT,ITF,ITF6,ITF62,Crotone,330.025694444849,2.50046296296667,3.70203703703333,769.615694444224,-2.92027777778333,-4.28925925926667
IT88821,Italy,IT,ITF,ITF6,ITF62,Crotone,330.025694444849,2.50046296296667,3.70203703703333,769.615694444224,-2.92027777778333,-4.28925925926667
IT88822,Italy,IT,ITF,ITF6,ITF62,Crotone,330.025694444849,2.50046296296667,3.70203703703333,769.615694444224,-2.92027777778333,-4.28925925926667
IT88823,Italy,IT,ITF,ITF6,ITF62,Crotone,330.025694444849,2.50046296296667,3.70203703703333,769.615694444224,-2.92027777778333,-4.28925925926667
IT88824,Italy,IT,ITF,ITF6,ITF62,Crotone,330.025694444849,2.50046296296667,3.70203703703333,769.615694444224,-2.92027777778333,-4.28925925926667
IT88825,Italy,IT,ITF,ITF6,ITF62,Crotone,330.025694444849,2.50046296296667,3.70203703703333,769.615694444224,-2.92027777778333,-4.28925925926667
IT88831,Italy,IT,ITF,ITF6,ITF62,Crotone,330.025694444849,2.50046296296667,3.70203703703333,769.615694444224,-2.92027777778333,-4.28925925926667
IT88832,Italy,IT,ITF,ITF6,ITF62,Crotone,330.025694444849,2.50046296296667,3.70203703703333,769.615694444224,-2.92027777778333,-4.28925925926667
IT88833,Italy,IT,ITF,ITF6,ITF62,Crotone,330.025694444849,2.50046296296667,3.70203703703333,769.615694444224,-2.92027777778333,-4.28925925926667
IT88834,Italy,IT,ITF,ITF6,ITF62,Crotone,330.025694444849,2.50046296296667,3.70203703703333,769.615694444224,-2.92027777778333,-4.28925925926667
IT88835,Italy,IT,ITF,ITF6,ITF62,Crotone,330.025694444849,2.50046296296667,3.70203703703333,769.615694444224,-2.92027777778333,-4.28925925926667
IT88836,Italy,IT,ITF,ITF6,ITF62,Crotone,330.025694444849,2.50046296296667,3.70203703703333,769.615694444224,-2.92027777778333,-4.28925925926667
IT88837,Italy,IT,ITF,ITF6,ITF62,Crotone,330.025694444849,2.50046296296667,3.70203703703333,769.615694444224,-2.92027777778333,-4.28925925926667
IT88838,Italy,IT,ITF,ITF6,ITF62,Crotone,330.025694444849,2.50046296296667,3.70203703703333,769.615694444224,-2.92027777778333,-4.28925925926667
IT88841,Italy,IT,ITF,ITF6,ITF62,Crotone,330.025694444849,2.50046296296667,3.70203703703333,769.615694444224,-2.92027777778333,-4.28925925926667
IT88842,Italy,IT,ITF,ITF6,ITF62,Crotone,330.025694444849,2.50046296296667,3.70203703703333,769.615694444224,-2.92027777778333,-4.28925925926667
IT88900,Italy,IT,ITF,ITF6,ITF62,Crotone,330.025694444849,2.50046296296667,3.70203703703333,769.615694444224,-2.92027777778333,-4.28925925926667
IT86070,Italy,IT,ITF,ITF2,ITF21,Isernia,179.301111111225,1.94222222221667,2.74712962963333,1366.20666666678,-3.53555555555,-5.4574074074
IT86071,Italy,IT,ITF,ITF2,ITF21,Isernia,179.301111111225,1.94222222221667,2.74712962963333,1366.20666666678,-3.53555555555,-5.4574074074
IT86072,Italy,IT,ITF,ITF2,ITF21,Isernia,179.301111111225,1.94222222221667,2.74712962963333,1366.20666666678,-3.53555555555,-5.4574074074
IT86073,Italy,IT,ITF,ITF2,ITF21,Isernia,179.301111111225,1.94222222221667,2.74712962963333,1366.20666666678,-3.53555555555,-5.4574074074
IT86074,Italy,IT,ITF,ITF2,ITF21,Isernia,179.301111111225,1.94222222221667,2.74712962963333,1366.20666666678,-3.53555555555,-5.4574074074
IT86075,Italy,IT,ITF,ITF2,ITF21,Isernia,179.301111111225,1.94222222221667,2.74712962963333,1366.20666666678,-3.53555555555,-5.4574074074
IT86077,Italy,IT,ITF,ITF2,ITF21,Isernia,179.301111111225,1.94222222221667,2.74712962963333,1366.20666666678,-3.53555555555,-5.4574074074
IT86078,Italy,IT,ITF,ITF2,ITF21,Isernia,179.301111111225,1.94222222221667,2.74712962963333,1366.20666666678,-3.53555555555,-5.4574074074
IT86079,Italy,IT,ITF,ITF2,ITF21,Isernia,179.301111111225,1.94222222221667,2.74712962963333,1366.20666666678,-3.53555555555,-5.4574074074
IT86080,Italy,IT,ITF,ITF2,ITF21,Isernia,179.301111111225,1.94222222221667,2.74712962963333,1366.20666666678,-3.53555555555,-5.4574074074
IT86081,Italy,IT,ITF,ITF2,ITF21,Isernia,179.301111111225,1.94222222221667,2.74712962963333,1366.20666666678,-3.53555555555,-5.4574074074
IT86082,Italy,IT,ITF,ITF2,ITF21,Isernia,179.301111111225,1.94222222221667,2.74712962963333,1366.20666666678,-3.53555555555,-5.4574074074
IT86083,Italy,IT,ITF,ITF2,ITF21,Isernia,179.301111111225,1.94222222221667,2.74712962963333,1366.20666666678,-3.53555555555,-5.4574074074
IT86084,Italy,IT,ITF,ITF2,ITF21,Isernia,179.301111111225,1.94222222221667,2.74712962963333,1366.20666666678,-3.53555555555,-5.4574074074
IT86085,Italy,IT,ITF,ITF2,ITF21,Isernia,179.301111111225,1.94222222221667,2.74712962963333,1366.20666666678,-3.53555555555,-5.4574074074
IT86086,Italy,IT,ITF,ITF2,ITF21,Isernia,179.301111111225,1.94222222221667,2.74712962963333,1366.20666666678,-3.53555555555,-5.4574074074
IT86087,Italy,IT,ITF,ITF2,ITF21,Isernia,179.301111111225,1.94222222221667,2.74712962963333,1366.20666666678,-3.53555555555,-5.4574074074
IT86088,Italy,IT,ITF,ITF2,ITF21,Isernia,179.301111111225,1.94222222221667,2.74712962963333,1366.20666666678,-3.53555555555,-5.4574074074
IT86089,Italy,IT,ITF,ITF2,ITF21,Isernia,179.301111111225,1.94222222221667,2.74712962963333,1366.20666666678,-3.53555555555,-5.4574074074
IT86090,Italy,IT,ITF,ITF2,ITF21,Isernia,179.301111111225,1.94222222221667,2.74712962963333,1366.20666666678,-3.53555555555,-5.4574074074
IT86091,Italy,IT,ITF,ITF2,ITF21,Isernia,179.301111111225,1.94222222221667,2.74712962963333,1366.20666666678,-3.53555555555,-5.4574074074
IT86092,Italy,IT,ITF,ITF2,ITF21,Isernia,179.301111111225,1.94222222221667,2.74712962963333,1366.20666666678,-3.53555555555,-5.4574074074
IT86093,Italy,IT,ITF,ITF2,ITF21,Isernia,179.301111111225,1.94222222221667,2.74712962963333,1366.20666666678,-3.53555555555,-5.4574074074
IT86094,Italy,IT,ITF,ITF2,ITF21,Isernia,179.301111111225,1.94222222221667,2.74712962963333,1366.20666666678,-3.53555555555,-5.4574074074
IT86095,Italy,IT,ITF,ITF2,ITF21,Isernia,179.301111111225,1.94222222221667,2.74712962963333,1366.20666666678,-3.53555555555,-5.4574074074
IT86096,Italy,IT,ITF,ITF2,ITF21,Isernia,179.301111111225,1.94222222221667,2.74712962963333,1366.20666666678,-3.53555555555,-5.4574074074
IT86097,Italy,IT,ITF,ITF2,ITF21,Isernia,179.301111111225,1.94222222221667,2.74712962963333,1366.20666666678,-3.53555555555,-5.4574074074
IT86170,Italy,IT,ITF,ITF2,ITF21,Isernia,179.301111111225,1.94222222221667,2.74712962963333,1366.20666666678,-3.53555555555,-5.4574074074
IT20010,Italy,IT,ITC,ITC4,ITC4C,Milano,331.945147058449,2.63519607843333,3.58107843136667,1383.72411765055,-3.6168627451,-5.25441176469998
IT20011,Italy,IT,ITC,ITC4,ITC4C,Milano,331.945147058449,2.63519607843333,3.58107843136667,1383.72411765055,-3.6168627451,-5.25441176469998
IT20012,Italy,IT,ITC,ITC4,ITC4C,Milano,331.945147058449,2.63519607843333,3.58107843136667,1383.72411765055,-3.6168627451,-5.25441176469998
IT20013,Italy,IT,ITC,ITC4,ITC4C,Milano,331.945147058449,2.63519607843333,3.58107843136667,1383.72411765055,-3.6168627451,-5.25441176469998
IT20014,Italy,IT,ITC,ITC4,ITC4C,Milano,331.945147058449,2.63519607843333,3.58107843136667,1383.72411765055,-3.6168627451,-5.25441176469998
IT20015,Italy,IT,ITC,ITC4,ITC4C,Milano,331.945147058449,2.63519607843333,3.58107843136667,1383.72411765055,-3.6168627451,-5.25441176469998
IT20016,Italy,IT,ITC,ITC4,ITC4C,Milano,331.945147058449,2.63519607843333,3.58107843136667,1383.72411765055,-3.6168627451,-5.25441176469998
IT20017,Italy,IT,ITC,ITC4,ITC4C,Milano,331.945147058449,2.63519607843333,3.58107843136667,1383.72411765055,-3.6168627451,-5.25441176469998
IT20018,Italy,IT,ITC,ITC4,ITC4C,Milano,331.945147058449,2.63519607843333,3.58107843136667,1383.72411765055,-3.6168627451,-5.25441176469998
IT20019,Italy,IT,ITC,ITC4,ITC4C,Milano,331.945147058449,2.63519607843333,3.58107843136667,1383.72411765055,-3.6168627451,-5.25441176469998
IT20020,Italy,IT,ITC,ITC4,ITC4C,Milano,331.945147058449,2.63519607843333,3.58107843136667,1383.72411765055,-3.6168627451,-5.25441176469998
IT20021,Italy,IT,ITC,ITC4,ITC4C,Milano,331.945147058449,2.63519607843333,3.58107843136667,1383.72411765055,-3.6168627451,-5.25441176469998
IT20022,Italy,IT,ITC,ITC4,ITC4C,Milano,331.945147058449,2.63519607843333,3.58107843136667,1383.72411765055,-3.6168627451,-5.25441176469998
IT20023,Italy,IT,ITC,ITC4,ITC4C,Milano,331.945147058449,2.63519607843333,3.58107843136667,1383.72411765055,-3.6168627451,-5.25441176469998
IT20024,Italy,IT,ITC,ITC4,ITC4C,Milano,331.945147058449,2.63519607843333,3.58107843136667,1383.72411765055,-3.6168627451,-5.25441176469998
IT20025,Italy,IT,ITC,ITC4,ITC4C,Milano,331.945147058449,2.63519607843333,3.58107843136667,1383.72411765055,-3.6168627451,-5.25441176469998
IT20026,Italy,IT,ITC,ITC4,ITC4C,Milano,331.945147058449,2.63519607843333,3.58107843136667,1383.72411765055,-3.6168627451,-5.25441176469998
IT20027,Italy,IT,ITC,ITC4,ITC4C,Milano,331.945147058449,2.63519607843333,3.58107843136667,1383.72411765055,-3.6168627451,-5.25441176469998
IT20028,Italy,IT,ITC,ITC4,ITC4C,Milano,331.945147058449,2.63519607843333,3.58107843136667,1383.72411765055,-3.6168627451,-5.25441176469998
IT20029,Italy,IT,ITC,ITC4,ITC4C,Milano,331.945147058449,2.63519607843333,3.58107843136667,1383.72411765055,-3.6168627451,-5.25441176469998
IT20030,Italy,IT,ITC,ITC4,ITC4C,Milano,331.945147058449,2.63519607843333,3.58107843136667,1383.72411765055,-3.6168627451,-5.25441176469998
IT20032,Italy,IT,ITC,ITC4,ITC4C,Milano,331.945147058449,2.63519607843333,3.58107843136667,1383.72411765055,-3.6168627451,-5.25441176469998
IT20037,Italy,IT,ITC,ITC4,ITC4C,Milano,331.945147058449,2.63519607843333,3.58107843136667,1383.72411765055,-3.6168627451,-5.25441176469998
IT20040,Italy,IT,ITC,ITC4,ITC4C,Milano,331.945147058449,2.63519607843333,3.58107843136667,1383.72411765055,-3.6168627451,-5.25441176469998
IT20056,Italy,IT,ITC,ITC4,ITC4C,Milano,331.945147058449,2.63519607843333,3.58107843136667,1383.72411765055,-3.6168627451,-5.25441176469998
IT20060,Italy,IT,ITC,ITC4,ITC4C,Milano,331.945147058449,2.63519607843333,3.58107843136667,1383.72411765055,-3.6168627451,-5.25441176469998
IT20061,Italy,IT,ITC,ITC4,ITC4C,Milano,331.945147058449,2.63519607843333,3.58107843136667,1383.72411765055,-3.6168627451,-5.25441176469998
IT20062,Italy,IT,ITC,ITC4,ITC4C,Milano,331.945147058449,2.63519607843333,3.58107843136667,1383.72411765055,-3.6168627451,-5.25441176469998
IT20063,Italy,IT,ITC,ITC4,ITC4C,Milano,331.945147058449,2.63519607843333,3.58107843136667,1383.72411765055,-3.6168627451,-5.25441176469998
IT20064,Italy,IT,ITC,ITC4,ITC4C,Milano,331.945147058449,2.63519607843333,3.58107843136667,1383.72411765055,-3.6168627451,-5.25441176469998
IT20065,Italy,IT,ITC,ITC4,ITC4C,Milano,331.945147058449,2.63519607843333,3.58107843136667,1383.72411765055,-3.6168627451,-5.25441176469998
IT20066,Italy,IT,ITC,ITC4,ITC4C,Milano,331.945147058449,2.63519607843333,3.58107843136667,1383.72411765055,-3.6168627451,-5.25441176469998
IT20067,Italy,IT,ITC,ITC4,ITC4C,Milano,331.945147058449,2.63519607843333,3.58107843136667,1383.72411765055,-3.6168627451,-5.25441176469998
IT20068,Italy,IT,ITC,ITC4,ITC4C,Milano,331.945147058449,2.63519607843333,3.58107843136667,1383.72411765055,-3.6168627451,-5.25441176469998
IT20069,Italy,IT,ITC,ITC4,ITC4C,Milano,331.945147058449,2.63519607843333,3.58107843136667,1383.72411765055,-3.6168627451,-5.25441176469998
IT20070,Italy,IT,ITC,ITC4,ITC4C,Milano,331.945147058449,2.63519607843333,3.58107843136667,1383.72411765055,-3.6168627451,-5.25441176469998
IT20077,Italy,IT,ITC,ITC4,ITC4C,Milano,331.945147058449,2.63519607843333,3.58107843136667,1383.72411765055,-3.6168627451,-5.25441176469998
IT20078,Italy,IT,ITC,ITC4,ITC4C,Milano,331.945147058449,2.63519607843333,3.58107843136667,1383.72411765055,-3.6168627451,-5.25441176469998
IT20080,Italy,IT,ITC,ITC4,ITC4C,Milano,331.945147058449,2.63519607843333,3.58107843136667,1383.72411765055,-3.6168627451,-5.25441176469998
IT20081,Italy,IT,ITC,ITC4,ITC4C,Milano,331.945147058449,2.63519607843333,3.58107843136667,1383.72411765055,-3.6168627451,-5.25441176469998
IT20082,Italy,IT,ITC,ITC4,ITC4C,Milano,331.945147058449,2.63519607843333,3.58107843136667,1383.72411765055,-3.6168627451,-5.25441176469998
IT20083,Italy,IT,ITC,ITC4,ITC4C,Milano,331.945147058449,2.63519607843333,3.58107843136667,1383.72411765055,-3.6168627451,-5.25441176469998
IT20084,Italy,IT,ITC,ITC4,ITC4C,Milano,331.945147058449,2.63519607843333,3.58107843136667,1383.72411765055,-3.6168627451,-5.25441176469998
IT20085,Italy,IT,ITC,ITC4,ITC4C,Milano,331.945147058449,2.63519607843333,3.58107843136667,1383.72411765055,-3.6168627451,-5.25441176469998
IT20086,Italy,IT,ITC,ITC4,ITC4C,Milano,331.945147058449,2.63519607843333,3.58107843136667,1383.72411765055,-3.6168627451,-5.25441176469998
IT20087,Italy,IT,ITC,ITC4,ITC4C,Milano,331.945147058449,2.63519607843333,3.58107843136667,1383.72411765055,-3.6168627451,-5.25441176469998
IT20088,Italy,IT,ITC,ITC4,ITC4C,Milano,331.945147058449,2.63519607843333,3.58107843136667,1383.72411765055,-3.6168627451,-5.25441176469998
IT20089,Italy,IT,ITC,ITC4,ITC4C,Milano,331.945147058449,2.63519607843333,3.58107843136667,1383.72411765055,-3.6168627451,-5.25441176469998
IT20090,Italy,IT,ITC,ITC4,ITC4C,Milano,331.945147058449,2.63519607843333,3.58107843136667,1383.72411765055,-3.6168627451,-5.25441176469998
IT20091,Italy,IT,ITC,ITC4,ITC4C,Milano,331.945147058449,2.63519607843333,3.58107843136667,1383.72411765055,-3.6168627451,-5.25441176469998
IT20092,Italy,IT,ITC,ITC4,ITC4C,Milano,331.945147058449,2.63519607843333,3.58107843136667,1383.72411765055,-3.6168627451,-5.25441176469998
IT20093,Italy,IT,ITC,ITC4,ITC4C,Milano,331.945147058449,2.63519607843333,3.58107843136667,1383.72411765055,-3.6168627451,-5.25441176469998
IT20094,Italy,IT,ITC,ITC4,ITC4C,Milano,331.945147058449,2.63519607843333,3.58107843136667,1383.72411765055,-3.6168627451,-5.25441176469998
IT20095,Italy,IT,ITC,ITC4,ITC4C,Milano,331.945147058449,2.63519607843333,3.58107843136667,1383.72411765055,-3.6168627451,-5.25441176469998
IT20096,Italy,IT,ITC,ITC4,ITC4C,Milano,331.945147058449,2.63519607843333,3.58107843136667,1383.72411765055,-3.6168627451,-5.25441176469998
IT20097,Italy,IT,ITC,ITC4,ITC4C,Milano,331.945147058449,2.63519607843333,3.58107843136667,1383.72411765055,-3.6168627451,-5.25441176469998
IT20098,Italy,IT,ITC,ITC4,ITC4C,Milano,331.945147058449,2.63519607843333,3.58107843136667,1383.72411765055,-3.6168627451,-5.25441176469998
IT20099,Italy,IT,ITC,ITC4,ITC4C,Milano,331.945147058449,2.63519607843333,3.58107843136667,1383.72411765055,-3.6168627451,-5.25441176469998
IT20121,Italy,IT,ITC,ITC4,ITC4C,Milano,331.945147058449,2.63519607843333,3.58107843136667,1383.72411765055,-3.6168627451,-5.25441176469998
IT20122,Italy,IT,ITC,ITC4,ITC4C,Milano,331.945147058449,2.63519607843333,3.58107843136667,1383.72411765055,-3.6168627451,-5.25441176469998
IT20123,Italy,IT,ITC,ITC4,ITC4C,Milano,331.945147058449,2.63519607843333,3.58107843136667,1383.72411765055,-3.6168627451,-5.25441176469998
IT20124,Italy,IT,ITC,ITC4,ITC4C,Milano,331.945147058449,2.63519607843333,3.58107843136667,1383.72411765055,-3.6168627451,-5.25441176469998
IT20125,Italy,IT,ITC,ITC4,ITC4C,Milano,331.945147058449,2.63519607843333,3.58107843136667,1383.72411765055,-3.6168627451,-5.25441176469998
IT20126,Italy,IT,ITC,ITC4,ITC4C,Milano,331.945147058449,2.63519607843333,3.58107843136667,1383.72411765055,-3.6168627451,-5.25441176469998
IT20127,Italy,IT,ITC,ITC4,ITC4C,Milano,331.945147058449,2.63519607843333,3.58107843136667,1383.72411765055,-3.6168627451,-5.25441176469998
IT20128,Italy,IT,ITC,ITC4,ITC4C,Milano,331.945147058449,2.63519607843333,3.58107843136667,1383.72411765055,-3.6168627451,-5.25441176469998
IT20129,Italy,IT,ITC,ITC4,ITC4C,Milano,331.945147058449,2.63519607843333,3.58107843136667,1383.72411765055,-3.6168627451,-5.25441176469998
IT20131,Italy,IT,ITC,ITC4,ITC4C,Milano,331.945147058449,2.63519607843333,3.58107843136667,1383.72411765055,-3.6168627451,-5.25441176469998
IT20132,Italy,IT,ITC,ITC4,ITC4C,Milano,331.945147058449,2.63519607843333,3.58107843136667,1383.72411765055,-3.6168627451,-5.25441176469998
IT20133,Italy,IT,ITC,ITC4,ITC4C,Milano,331.945147058449,2.63519607843333,3.58107843136667,1383.72411765055,-3.6168627451,-5.25441176469998
IT20134,Italy,IT,ITC,ITC4,ITC4C,Milano,331.945147058449,2.63519607843333,3.58107843136667,1383.72411765055,-3.6168627451,-5.25441176469998
IT20135,Italy,IT,ITC,ITC4,ITC4C,Milano,331.945147058449,2.63519607843333,3.58107843136667,1383.72411765055,-3.6168627451,-5.25441176469998
IT20136,Italy,IT,ITC,ITC4,ITC4C,Milano,331.945147058449,2.63519607843333,3.58107843136667,1383.72411765055,-3.6168627451,-5.25441176469998
IT20137,Italy,IT,ITC,ITC4,ITC4C,Milano,331.945147058449,2.63519607843333,3.58107843136667,1383.72411765055,-3.6168627451,-5.25441176469998
IT20138,Italy,IT,ITC,ITC4,ITC4C,Milano,331.945147058449,2.63519607843333,3.58107843136667,1383.72411765055,-3.6168627451,-5.25441176469998
IT20139,Italy,IT,ITC,ITC4,ITC4C,Milano,331.945147058449,2.63519607843333,3.58107843136667,1383.72411765055,-3.6168627451,-5.25441176469998
IT20141,Italy,IT,ITC,ITC4,ITC4C,Milano,331.945147058449,2.63519607843333,3.58107843136667,1383.72411765055,-3.6168627451,-5.25441176469998
IT20142,Italy,IT,ITC,ITC4,ITC4C,Milano,331.945147058449,2.63519607843333,3.58107843136667,1383.72411765055,-3.6168627451,-5.25441176469998
IT20143,Italy,IT,ITC,ITC4,ITC4C,Milano,331.945147058449,2.63519607843333,3.58107843136667,1383.72411765055,-3.6168627451,-5.25441176469998
IT20144,Italy,IT,ITC,ITC4,ITC4C,Milano,331.945147058449,2.63519607843333,3.58107843136667,1383.72411765055,-3.6168627451,-5.25441176469998
IT20145,Italy,IT,ITC,ITC4,ITC4C,Milano,331.945147058449,2.63519607843333,3.58107843136667,1383.72411765055,-3.6168627451,-5.25441176469998
IT20146,Italy,IT,ITC,ITC4,ITC4C,Milano,331.945147058449,2.63519607843333,3.58107843136667,1383.72411765055,-3.6168627451,-5.25441176469998
IT20147,Italy,IT,ITC,ITC4,ITC4C,Milano,331.945147058449,2.63519607843333,3.58107843136667,1383.72411765055,-3.6168627451,-5.25441176469998
IT20148,Italy,IT,ITC,ITC4,ITC4C,Milano,331.945147058449,2.63519607843333,3.58107843136667,1383.72411765055,-3.6168627451,-5.25441176469998
IT20149,Italy,IT,ITC,ITC4,ITC4C,Milano,331.945147058449,2.63519607843333,3.58107843136667,1383.72411765055,-3.6168627451,-5.25441176469998
IT20151,Italy,IT,ITC,ITC4,ITC4C,Milano,331.945147058449,2.63519607843333,3.58107843136667,1383.72411765055,-3.6168627451,-5.25441176469998
IT20152,Italy,IT,ITC,ITC4,ITC4C,Milano,331.945147058449,2.63519607843333,3.58107843136667,1383.72411765055,-3.6168627451,-5.25441176469998
IT20153,Italy,IT,ITC,ITC4,ITC4C,Milano,331.945147058449,2.63519607843333,3.58107843136667,1383.72411765055,-3.6168627451,-5.25441176469998
IT20154,Italy,IT,ITC,ITC4,ITC4C,Milano,331.945147058449,2.63519607843333,3.58107843136667,1383.72411765055,-3.6168627451,-5.25441176469998
IT20155,Italy,IT,ITC,ITC4,ITC4C,Milano,331.945147058449,2.63519607843333,3.58107843136667,1383.72411765055,-3.6168627451,-5.25441176469998
IT20156,Italy,IT,ITC,ITC4,ITC4C,Milano,331.945147058449,2.63519607843333,3.58107843136667,1383.72411765055,-3.6168627451,-5.25441176469998
IT20157,Italy,IT,ITC,ITC4,ITC4C,Milano,331.945147058449,2.63519607843333,3.58107843136667,1383.72411765055,-3.6168627451,-5.25441176469998
IT20158,Italy,IT,ITC,ITC4,ITC4C,Milano,331.945147058449,2.63519607843333,3.58107843136667,1383.72411765055,-3.6168627451,-5.25441176469998
IT20159,Italy,IT,ITC,ITC4,ITC4C,Milano,331.945147058449,2.63519607843333,3.58107843136667,1383.72411765055,-3.6168627451,-5.25441176469998
IT20161,Italy,IT,ITC,ITC4,ITC4C,Milano,331.945147058449,2.63519607843333,3.58107843136667,1383.72411765055,-3.6168627451,-5.25441176469998
IT20162,Italy,IT,ITC,ITC4,ITC4C,Milano,331.945147058449,2.63519607843333,3.58107843136667,1383.72411765055,-3.6168627451,-5.25441176469998
IT85010,Italy,IT,ITF,ITF5,ITF51,Potenza,172.775071428425,1.82414285715,2.66476190476667,1201.91389285558,-3.29064285715,-4.97540476189998
IT85011,Italy,IT,ITF,ITF5,ITF51,Potenza,172.775071428425,1.82414285715,2.66476190476667,1201.91389285558,-3.29064285715,-4.97540476189998
IT85012,Italy,IT,ITF,ITF5,ITF51,Potenza,172.775071428425,1.82414285715,2.66476190476667,1201.91389285558,-3.29064285715,-4.97540476189998
IT85013,Italy,IT,ITF,ITF5,ITF51,Potenza,172.775071428425,1.82414285715,2.66476190476667,1201.91389285558,-3.29064285715,-4.97540476189998
IT85014,Italy,IT,ITF,ITF5,ITF51,Potenza,172.775071428425,1.82414285715,2.66476190476667,1201.91389285558,-3.29064285715,-4.97540476189998
IT85015,Italy,IT,ITF,ITF5,ITF51,Potenza,172.775071428425,1.82414285715,2.66476190476667,1201.91389285558,-3.29064285715,-4.97540476189998
IT85016,Italy,IT,ITF,ITF5,ITF51,Potenza,172.775071428425,1.82414285715,2.66476190476667,1201.91389285558,-3.29064285715,-4.97540476189998
IT85017,Italy,IT,ITF,ITF5,ITF51,Potenza,172.775071428425,1.82414285715,2.66476190476667,1201.91389285558,-3.29064285715,-4.97540476189998
IT85018,Italy,IT,ITF,ITF5,ITF51,Potenza,172.775071428425,1.82414285715,2.66476190476667,1201.91389285558,-3.29064285715,-4.97540476189998
IT85020,Italy,IT,ITF,ITF5,ITF51,Potenza,172.775071428425,1.82414285715,2.66476190476667,1201.91389285558,-3.29064285715,-4.97540476189998
IT85021,Italy,IT,ITF,ITF5,ITF51,Potenza,172.775071428425,1.82414285715,2.66476190476667,1201.91389285558,-3.29064285715,-4.97540476189998
IT85022,Italy,IT,ITF,ITF5,ITF51,Potenza,172.775071428425,1.82414285715,2.66476190476667,1201.91389285558,-3.29064285715,-4.97540476189998
IT85023,Italy,IT,ITF,ITF5,ITF51,Potenza,172.775071428425,1.82414285715,2.66476190476667,1201.91389285558,-3.29064285715,-4.97540476189998
IT85024,Italy,IT,ITF,ITF5,ITF51,Potenza,172.775071428425,1.82414285715,2.66476190476667,1201.91389285558,-3.29064285715,-4.97540476189998
IT85025,Italy,IT,ITF,ITF5,ITF51,Potenza,172.775071428425,1.82414285715,2.66476190476667,1201.91389285558,-3.29064285715,-4.97540476189998
IT85026,Italy,IT,ITF,ITF5,ITF51,Potenza,172.775071428425,1.82414285715,2.66476190476667,1201.91389285558,-3.29064285715,-4.97540476189998
IT85027,Italy,IT,ITF,ITF5,ITF51,Potenza,172.775071428425,1.82414285715,2.66476190476667,1201.91389285558,-3.29064285715,-4.97540476189998
IT85028,Italy,IT,ITF,ITF5,ITF51,Potenza,172.775071428425,1.82414285715,2.66476190476667,1201.91389285558,-3.29064285715,-4.97540476189998
IT85029,Italy,IT,ITF,ITF5,ITF51,Potenza,172.775071428425,1.82414285715,2.66476190476667,1201.91389285558,-3.29064285715,-4.97540476189998
IT85030,Italy,IT,ITF,ITF5,ITF51,Potenza,172.775071428425,1.82414285715,2.66476190476667,1201.91389285558,-3.29064285715,-4.97540476189998
IT85031,Italy,IT,ITF,ITF5,ITF51,Potenza,172.775071428425,1.82414285715,2.66476190476667,1201.91389285558,-3.29064285715,-4.97540476189998
IT85032,Italy,IT,ITF,ITF5,ITF51,Potenza,172.775071428425,1.82414285715,2.66476190476667,1201.91389285558,-3.29064285715,-4.97540476189998
IT85033,Italy,IT,ITF,ITF5,ITF51,Potenza,172.775071428425,1.82414285715,2.66476190476667,1201.91389285558,-3.29064285715,-4.97540476189998
IT85034,Italy,IT,ITF,ITF5,ITF51,Potenza,172.775071428425,1.82414285715,2.66476190476667,1201.91389285558,-3.29064285715,-4.97540476189998
IT85035,Italy,IT,ITF,ITF5,ITF51,Potenza,172.775071428425,1.82414285715,2.66476190476667,1201.91389285558,-3.29064285715,-4.97540476189998
IT85036,Italy,IT,ITF,ITF5,ITF51,Potenza,172.775071428425,1.82414285715,2.66476190476667,1201.91389285558,-3.29064285715,-4.97540476189998
IT85037,Italy,IT,ITF,ITF5,ITF51,Potenza,172.775071428425,1.82414285715,2.66476190476667,1201.91389285558,-3.29064285715,-4.97540476189998
IT85038,Italy,IT,ITF,ITF5,ITF51,Potenza,172.775071428425,1.82414285715,2.66476190476667,1201.91389285558,-3.29064285715,-4.97540476189998
IT85039,Italy,IT,ITF,ITF5,ITF51,Potenza,172.775071428425,1.82414285715,2.66476190476667,1201.91389285558,-3.29064285715,-4.97540476189998
IT85040,Italy,IT,ITF,ITF5,ITF51,Potenza,172.775071428425,1.82414285715,2.66476190476667,1201.91389285558,-3.29064285715,-4.97540476189998
IT85042,Italy,IT,ITF,ITF5,ITF51,Potenza,172.775071428425,1.82414285715,2.66476190476667,1201.91389285558,-3.29064285715,-4.97540476189998
IT85043,Italy,IT,ITF,ITF5,ITF51,Potenza,172.775071428425,1.82414285715,2.66476190476667,1201.91389285558,-3.29064285715,-4.97540476189998
IT85044,Italy,IT,ITF,ITF5,ITF51,Potenza,172.775071428425,1.82414285715,2.66476190476667,1201.91389285558,-3.29064285715,-4.97540476189998
IT85046,Italy,IT,ITF,ITF5,ITF51,Potenza,172.775071428425,1.82414285715,2.66476190476667,1201.91389285558,-3.29064285715,-4.97540476189998
IT85047,Italy,IT,ITF,ITF5,ITF51,Potenza,172.775071428425,1.82414285715,2.66476190476667,1201.91389285558,-3.29064285715,-4.97540476189998
IT85048,Italy,IT,ITF,ITF5,ITF51,Potenza,172.775071428425,1.82414285715,2.66476190476667,1201.91389285558,-3.29064285715,-4.97540476189998
IT85049,Italy,IT,ITF,ITF5,ITF51,Potenza,172.775071428425,1.82414285715,2.66476190476667,1201.91389285558,-3.29064285715,-4.97540476189998
IT85050,Italy,IT,ITF,ITF5,ITF51,Potenza,172.775071428425,1.82414285715,2.66476190476667,1201.91389285558,-3.29064285715,-4.97540476189998
IT85051,Italy,IT,ITF,ITF5,ITF51,Potenza,172.775071428425,1.82414285715,2.66476190476667,1201.91389285558,-3.29064285715,-4.97540476189998
IT85052,Italy,IT,ITF,ITF5,ITF51,Potenza,172.775071428425,1.82414285715,2.66476190476667,1201.91389285558,-3.29064285715,-4.97540476189998
IT85053,Italy,IT,ITF,ITF5,ITF51,Potenza,172.775071428425,1.82414285715,2.66476190476667,1201.91389285558,-3.29064285715,-4.97540476189998
IT85054,Italy,IT,ITF,ITF5,ITF51,Potenza,172.775071428425,1.82414285715,2.66476190476667,1201.91389285558,-3.29064285715,-4.97540476189998
IT85055,Italy,IT,ITF,ITF5,ITF51,Potenza,172.775071428425,1.82414285715,2.66476190476667,1201.91389285558,-3.29064285715,-4.97540476189998
IT85056,Italy,IT,ITF,ITF5,ITF51,Potenza,172.775071428425,1.82414285715,2.66476190476667,1201.91389285558,-3.29064285715,-4.97540476189998
IT85057,Italy,IT,ITF,ITF5,ITF51,Potenza,172.775071428425,1.82414285715,2.66476190476667,1201.91389285558,-3.29064285715,-4.97540476189998
IT85058,Italy,IT,ITF,ITF5,ITF51,Potenza,172.775071428425,1.82414285715,2.66476190476667,1201.91389285558,-3.29064285715,-4.97540476189998
IT85059,Italy,IT,ITF,ITF5,ITF51,Potenza,172.775071428425,1.82414285715,2.66476190476667,1201.91389285558,-3.29064285715,-4.97540476189998
IT85100,Italy,IT,ITF,ITF5,ITF51,Potenza,172.775071428425,1.82414285715,2.66476190476667,1201.91389285558,-3.29064285715,-4.97540476189998
IT20811,Italy,IT,ITC,ITC4,ITC4D,Monza e della Brianza,302.2165,2.50033333333333,3.387,1355.469,-3.538,-5.17766666666667
IT20812,Italy,IT,ITC,ITC4,ITC4D,Monza e della Brianza,302.2165,2.50033333333333,3.387,1355.469,-3.538,-5.17766666666667
IT20813,Italy,IT,ITC,ITC4,ITC4D,Monza e della Brianza,302.2165,2.50033333333333,3.387,1355.469,-3.538,-5.17766666666667
IT20814,Italy,IT,ITC,ITC4,ITC4D,Monza e della Brianza,302.2165,2.50033333333333,3.387,1355.469,-3.538,-5.17766666666667
IT20815,Italy,IT,ITC,ITC4,ITC4D,Monza e della Brianza,302.2165,2.50033333333333,3.387,1355.469,-3.538,-5.17766666666667
IT20816,Italy,IT,ITC,ITC4,ITC4D,Monza e della Brianza,302.2165,2.50033333333333,3.387,1355.469,-3.538,-5.17766666666667
IT20821,Italy,IT,ITC,ITC4,ITC4D,Monza e della Brianza,302.2165,2.50033333333333,3.387,1355.469,-3.538,-5.17766666666667
IT20822,Italy,IT,ITC,ITC4,ITC4D,Monza e della Brianza,302.2165,2.50033333333333,3.387,1355.469,-3.538,-5.17766666666667
IT20823,Italy,IT,ITC,ITC4,ITC4D,Monza e della Brianza,302.2165,2.50033333333333,3.387,1355.469,-3.538,-5.17766666666667
IT20824,Italy,IT,ITC,ITC4,ITC4D,Monza e della Brianza,302.2165,2.50033333333333,3.387,1355.469,-3.538,-5.17766666666667
IT20825,Italy,IT,ITC,ITC4,ITC4D,Monza e della Brianza,302.2165,2.50033333333333,3.387,1355.469,-3.538,-5.17766666666667
IT20826,Italy,IT,ITC,ITC4,ITC4D,Monza e della Brianza,302.2165,2.50033333333333,3.387,1355.469,-3.538,-5.17766666666667
IT20831,Italy,IT,ITC,ITC4,ITC4D,Monza e della Brianza,302.2165,2.50033333333333,3.387,1355.469,-3.538,-5.17766666666667
IT20832,Italy,IT,ITC,ITC4,ITC4D,Monza e della Brianza,302.2165,2.50033333333333,3.387,1355.469,-3.538,-5.17766666666667
IT20833,Italy,IT,ITC,ITC4,ITC4D,Monza e della Brianza,302.2165,2.50033333333333,3.387,1355.469,-3.538,-5.17766666666667
IT20834,Italy,IT,ITC,ITC4,ITC4D,Monza e della Brianza,302.2165,2.50033333333333,3.387,1355.469,-3.538,-5.17766666666667
IT20835,Italy,IT,ITC,ITC4,ITC4D,Monza e della Brianza,302.2165,2.50033333333333,3.387,1355.469,-3.538,-5.17766666666667
IT20836,Italy,IT,ITC,ITC4,ITC4D,Monza e della Brianza,302.2165,2.50033333333333,3.387,1355.469,-3.538,-5.17766666666667
IT20837,Italy,IT,ITC,ITC4,ITC4D,Monza e della Brianza,302.2165,2.50033333333333,3.387,1355.469,-3.538,-5.17766666666667
IT20838,Italy,IT,ITC,ITC4,ITC4D,Monza e della Brianza,302.2165,2.50033333333333,3.387,1355.469,-3.538,-5.17766666666667
IT20841,Italy,IT,ITC,ITC4,ITC4D,Monza e della Brianza,302.2165,2.50033333333333,3.387,1355.469,-3.538,-5.17766666666667
IT20842,Italy,IT,ITC,ITC4,ITC4D,Monza e della Brianza,302.2165,2.50033333333333,3.387,1355.469,-3.538,-5.17766666666667
IT20843,Italy,IT,ITC,ITC4,ITC4D,Monza e della Brianza,302.2165,2.50033333333333,3.387,1355.469,-3.538,-5.17766666666667
IT20844,Italy,IT,ITC,ITC4,ITC4D,Monza e della Brianza,302.2165,2.50033333333333,3.387,1355.469,-3.538,-5.17766666666667
IT20845,Italy,IT,ITC,ITC4,ITC4D,Monza e della Brianza,302.2165,2.50033333333333,3.387,1355.469,-3.538,-5.17766666666667
IT20846,Italy,IT,ITC,ITC4,ITC4D,Monza e della Brianza,302.2165,2.50033333333333,3.387,1355.469,-3.538,-5.17766666666667
IT20847,Italy,IT,ITC,ITC4,ITC4D,Monza e della Brianza,302.2165,2.50033333333333,3.387,1355.469,-3.538,-5.17766666666667
IT20851,Italy,IT,ITC,ITC4,ITC4D,Monza e della Brianza,302.2165,2.50033333333333,3.387,1355.469,-3.538,-5.17766666666667
IT20852,Italy,IT,ITC,ITC4,ITC4D,Monza e della Brianza,302.2165,2.50033333333333,3.387,1355.469,-3.538,-5.17766666666667
IT20853,Italy,IT,ITC,ITC4,ITC4D,Monza e della Brianza,302.2165,2.50033333333333,3.387,1355.469,-3.538,-5.17766666666667
IT20854,Italy,IT,ITC,ITC4,ITC4D,Monza e della Brianza,302.2165,2.50033333333333,3.387,1355.469,-3.538,-5.17766666666667
IT20855,Italy,IT,ITC,ITC4,ITC4D,Monza e della Brianza,302.2165,2.50033333333333,3.387,1355.469,-3.538,-5.17766666666667
IT20856,Italy,IT,ITC,ITC4,ITC4D,Monza e della Brianza,302.2165,2.50033333333333,3.387,1355.469,-3.538,-5.17766666666667
IT20857,Italy,IT,ITC,ITC4,ITC4D,Monza e della Brianza,302.2165,2.50033333333333,3.387,1355.469,-3.538,-5.17766666666667
IT20861,Italy,IT,ITC,ITC4,ITC4D,Monza e della Brianza,302.2165,2.50033333333333,3.387,1355.469,-3.538,-5.17766666666667
IT20862,Italy,IT,ITC,ITC4,ITC4D,Monza e della Brianza,302.2165,2.50033333333333,3.387,1355.469,-3.538,-5.17766666666667
IT20863,Italy,IT,ITC,ITC4,ITC4D,Monza e della Brianza,302.2165,2.50033333333333,3.387,1355.469,-3.538,-5.17766666666667
IT20864,Italy,IT,ITC,ITC4,ITC4D,Monza e della Brianza,302.2165,2.50033333333333,3.387,1355.469,-3.538,-5.17766666666667
IT20865,Italy,IT,ITC,ITC4,ITC4D,Monza e della Brianza,302.2165,2.50033333333333,3.387,1355.469,-3.538,-5.17766666666667
IT20866,Italy,IT,ITC,ITC4,ITC4D,Monza e della Brianza,302.2165,2.50033333333333,3.387,1355.469,-3.538,-5.17766666666667
IT20867,Italy,IT,ITC,ITC4,ITC4D,Monza e della Brianza,302.2165,2.50033333333333,3.387,1355.469,-3.538,-5.17766666666667
IT20871,Italy,IT,ITC,ITC4,ITC4D,Monza e della Brianza,302.2165,2.50033333333333,3.387,1355.469,-3.538,-5.17766666666667
IT20872,Italy,IT,ITC,ITC4,ITC4D,Monza e della Brianza,302.2165,2.50033333333333,3.387,1355.469,-3.538,-5.17766666666667
IT20873,Italy,IT,ITC,ITC4,ITC4D,Monza e della Brianza,302.2165,2.50033333333333,3.387,1355.469,-3.538,-5.17766666666667
IT20874,Italy,IT,ITC,ITC4,ITC4D,Monza e della Brianza,302.2165,2.50033333333333,3.387,1355.469,-3.538,-5.17766666666667
IT20875,Italy,IT,ITC,ITC4,ITC4D,Monza e della Brianza,302.2165,2.50033333333333,3.387,1355.469,-3.538,-5.17766666666667
IT20876,Italy,IT,ITC,ITC4,ITC4D,Monza e della Brianza,302.2165,2.50033333333333,3.387,1355.469,-3.538,-5.17766666666667
IT20877,Italy,IT,ITC,ITC4,ITC4D,Monza e della Brianza,302.2165,2.50033333333333,3.387,1355.469,-3.538,-5.17766666666667
IT20881,Italy,IT,ITC,ITC4,ITC4D,Monza e della Brianza,302.2165,2.50033333333333,3.387,1355.469,-3.538,-5.17766666666667
IT20882,Italy,IT,ITC,ITC4,ITC4D,Monza e della Brianza,302.2165,2.50033333333333,3.387,1355.469,-3.538,-5.17766666666667
IT20883,Italy,IT,ITC,ITC4,ITC4D,Monza e della Brianza,302.2165,2.50033333333333,3.387,1355.469,-3.538,-5.17766666666667
IT20884,Italy,IT,ITC,ITC4,ITC4D,Monza e della Brianza,302.2165,2.50033333333333,3.387,1355.469,-3.538,-5.17766666666667
IT20885,Italy,IT,ITC,ITC4,ITC4D,Monza e della Brianza,302.2165,2.50033333333333,3.387,1355.469,-3.538,-5.17766666666667
IT20886,Italy,IT,ITC,ITC4,ITC4D,Monza e della Brianza,302.2165,2.50033333333333,3.387,1355.469,-3.538,-5.17766666666667
IT20900,Italy,IT,ITC,ITC4,ITC4D,Monza e della Brianza,302.2165,2.50033333333333,3.387,1355.469,-3.538,-5.17766666666667
IT5010,Italy,IT,ITI,ITI2,ITI22,Terni,246.991818182149,2.0496969697,2.7446969697,1253.36000000372,-2.93212121211667,-4.54219696969998
IT5011,Italy,IT,ITI,ITI2,ITI22,Terni,246.991818182149,2.0496969697,2.7446969697,1253.36000000372,-2.93212121211667,-4.54219696969998
IT5012,Italy,IT,ITI,ITI2,ITI22,Terni,246.991818182149,2.0496969697,2.7446969697,1253.36000000372,-2.93212121211667,-4.54219696969998
IT5013,Italy,IT,ITI,ITI2,ITI22,Terni,246.991818182149,2.0496969697,2.7446969697,1253.36000000372,-2.93212121211667,-4.54219696969998
IT5014,Italy,IT,ITI,ITI2,ITI22,Terni,246.991818182149,2.0496969697,2.7446969697,1253.36000000372,-2.93212121211667,-4.54219696969998
IT5015,Italy,IT,ITI,ITI2,ITI22,Terni,246.991818182149,2.0496969697,2.7446969697,1253.36000000372,-2.93212121211667,-4.54219696969998
IT5016,Italy,IT,ITI,ITI2,ITI22,Terni,246.991818182149,2.0496969697,2.7446969697,1253.36000000372,-2.93212121211667,-4.54219696969998
IT5017,Italy,IT,ITI,ITI2,ITI22,Terni,246.991818182149,2.0496969697,2.7446969697,1253.36000000372,-2.93212121211667,-4.54219696969998
IT5018,Italy,IT,ITI,ITI2,ITI22,Terni,246.991818182149,2.0496969697,2.7446969697,1253.36000000372,-2.93212121211667,-4.54219696969998
IT5020,Italy,IT,ITI,ITI2,ITI22,Terni,246.991818182149,2.0496969697,2.7446969697,1253.36000000372,-2.93212121211667,-4.54219696969998
IT5021,Italy,IT,ITI,ITI2,ITI22,Terni,246.991818182149,2.0496969697,2.7446969697,1253.36000000372,-2.93212121211667,-4.54219696969998
IT5022,Italy,IT,ITI,ITI2,ITI22,Terni,246.991818182149,2.0496969697,2.7446969697,1253.36000000372,-2.93212121211667,-4.54219696969998
IT5023,Italy,IT,ITI,ITI2,ITI22,Terni,246.991818182149,2.0496969697,2.7446969697,1253.36000000372,-2.93212121211667,-4.54219696969998
IT5024,Italy,IT,ITI,ITI2,ITI22,Terni,246.991818182149,2.0496969697,2.7446969697,1253.36000000372,-2.93212121211667,-4.54219696969998
IT5025,Italy,IT,ITI,ITI2,ITI22,Terni,246.991818182149,2.0496969697,2.7446969697,1253.36000000372,-2.93212121211667,-4.54219696969998
IT5026,Italy,IT,ITI,ITI2,ITI22,Terni,246.991818182149,2.0496969697,2.7446969697,1253.36000000372,-2.93212121211667,-4.54219696969998
IT5028,Italy,IT,ITI,ITI2,ITI22,Terni,246.991818182149,2.0496969697,2.7446969697,1253.36000000372,-2.93212121211667,-4.54219696969998
IT5029,Italy,IT,ITI,ITI2,ITI22,Terni,246.991818182149,2.0496969697,2.7446969697,1253.36000000372,-2.93212121211667,-4.54219696969998
IT5030,Italy,IT,ITI,ITI2,ITI22,Terni,246.991818182149,2.0496969697,2.7446969697,1253.36000000372,-2.93212121211667,-4.54219696969998
IT5031,Italy,IT,ITI,ITI2,ITI22,Terni,246.991818182149,2.0496969697,2.7446969697,1253.36000000372,-2.93212121211667,-4.54219696969998
IT5032,Italy,IT,ITI,ITI2,ITI22,Terni,246.991818182149,2.0496969697,2.7446969697,1253.36000000372,-2.93212121211667,-4.54219696969998
IT5034,Italy,IT,ITI,ITI2,ITI22,Terni,246.991818182149,2.0496969697,2.7446969697,1253.36000000372,-2.93212121211667,-4.54219696969998
IT5035,Italy,IT,ITI,ITI2,ITI22,Terni,246.991818182149,2.0496969697,2.7446969697,1253.36000000372,-2.93212121211667,-4.54219696969998
IT5039,Italy,IT,ITI,ITI2,ITI22,Terni,246.991818182149,2.0496969697,2.7446969697,1253.36000000372,-2.93212121211667,-4.54219696969998
IT5100,Italy,IT,ITI,ITI2,ITI22,Terni,246.991818182149,2.0496969697,2.7446969697,1253.36000000372,-2.93212121211667,-4.54219696969998
IT6012,Italy,IT,ITI,ITI2,ITI21,Perugia,203.91105072415,1.83780193236665,2.48526570048333,1409.4881521708,-3.08741545893333,-4.78437198068332
IT6014,Italy,IT,ITI,ITI2,ITI21,Perugia,203.91105072415,1.83780193236665,2.48526570048333,1409.4881521708,-3.08741545893333,-4.78437198068332
IT6016,Italy,IT,ITI,ITI2,ITI21,Perugia,203.91105072415,1.83780193236665,2.48526570048333,1409.4881521708,-3.08741545893333,-4.78437198068332
IT6018,Italy,IT,ITI,ITI2,ITI21,Perugia,203.91105072415,1.83780193236665,2.48526570048333,1409.4881521708,-3.08741545893333,-4.78437198068332
IT6019,Italy,IT,ITI,ITI2,ITI21,Perugia,203.91105072415,1.83780193236665,2.48526570048333,1409.4881521708,-3.08741545893333,-4.78437198068332
IT6020,Italy,IT,ITI,ITI2,ITI21,Perugia,203.91105072415,1.83780193236665,2.48526570048333,1409.4881521708,-3.08741545893333,-4.78437198068332
IT6021,Italy,IT,ITI,ITI2,ITI21,Perugia,203.91105072415,1.83780193236665,2.48526570048333,1409.4881521708,-3.08741545893333,-4.78437198068332
IT6022,Italy,IT,ITI,ITI2,ITI21,Perugia,203.91105072415,1.83780193236665,2.48526570048333,1409.4881521708,-3.08741545893333,-4.78437198068332
IT6023,Italy,IT,ITI,ITI2,ITI21,Perugia,203.91105072415,1.83780193236665,2.48526570048333,1409.4881521708,-3.08741545893333,-4.78437198068332
IT6024,Italy,IT,ITI,ITI2,ITI21,Perugia,203.91105072415,1.83780193236665,2.48526570048333,1409.4881521708,-3.08741545893333,-4.78437198068332
IT6025,Italy,IT,ITI,ITI2,ITI21,Perugia,203.91105072415,1.83780193236665,2.48526570048333,1409.4881521708,-3.08741545893333,-4.78437198068332
IT6026,Italy,IT,ITI,ITI2,ITI21,Perugia,203.91105072415,1.83780193236665,2.48526570048333,1409.4881521708,-3.08741545893333,-4.78437198068332
IT6027,Italy,IT,ITI,ITI2,ITI21,Perugia,203.91105072415,1.83780193236665,2.48526570048333,1409.4881521708,-3.08741545893333,-4.78437198068332
IT6028,Italy,IT,ITI,ITI2,ITI21,Perugia,203.91105072415,1.83780193236665,2.48526570048333,1409.4881521708,-3.08741545893333,-4.78437198068332
IT6029,Italy,IT,ITI,ITI2,ITI21,Perugia,203.91105072415,1.83780193236665,2.48526570048333,1409.4881521708,-3.08741545893333,-4.78437198068332
IT6030,Italy,IT,ITI,ITI2,ITI21,Perugia,203.91105072415,1.83780193236665,2.48526570048333,1409.4881521708,-3.08741545893333,-4.78437198068332
IT6031,Italy,IT,ITI,ITI2,ITI21,Perugia,203.91105072415,1.83780193236665,2.48526570048333,1409.4881521708,-3.08741545893333,-4.78437198068332
IT6033,Italy,IT,ITI,ITI2,ITI21,Perugia,203.91105072415,1.83780193236665,2.48526570048333,1409.4881521708,-3.08741545893333,-4.78437198068332
IT6034,Italy,IT,ITI,ITI2,ITI21,Perugia,203.91105072415,1.83780193236665,2.48526570048333,1409.4881521708,-3.08741545893333,-4.78437198068332
IT6035,Italy,IT,ITI,ITI2,ITI21,Perugia,203.91105072415,1.83780193236665,2.48526570048333,1409.4881521708,-3.08741545893333,-4.78437198068332
IT6036,Italy,IT,ITI,ITI2,ITI21,Perugia,203.91105072415,1.83780193236665,2.48526570048333,1409.4881521708,-3.08741545893333,-4.78437198068332
IT6038,Italy,IT,ITI,ITI2,ITI21,Perugia,203.91105072415,1.83780193236665,2.48526570048333,1409.4881521708,-3.08741545893333,-4.78437198068332
IT6039,Italy,IT,ITI,ITI2,ITI21,Perugia,203.91105072415,1.83780193236665,2.48526570048333,1409.4881521708,-3.08741545893333,-4.78437198068332
IT6040,Italy,IT,ITI,ITI2,ITI21,Perugia,203.91105072415,1.83780193236665,2.48526570048333,1409.4881521708,-3.08741545893333,-4.78437198068332
IT6041,Italy,IT,ITI,ITI2,ITI21,Perugia,203.91105072415,1.83780193236665,2.48526570048333,1409.4881521708,-3.08741545893333,-4.78437198068332
IT6042,Italy,IT,ITI,ITI2,ITI21,Perugia,203.91105072415,1.83780193236665,2.48526570048333,1409.4881521708,-3.08741545893333,-4.78437198068332
IT6043,Italy,IT,ITI,ITI2,ITI21,Perugia,203.91105072415,1.83780193236665,2.48526570048333,1409.4881521708,-3.08741545893333,-4.78437198068332
IT6044,Italy,IT,ITI,ITI2,ITI21,Perugia,203.91105072415,1.83780193236665,2.48526570048333,1409.4881521708,-3.08741545893333,-4.78437198068332
IT6045,Italy,IT,ITI,ITI2,ITI21,Perugia,203.91105072415,1.83780193236665,2.48526570048333,1409.4881521708,-3.08741545893333,-4.78437198068332
IT6046,Italy,IT,ITI,ITI2,ITI21,Perugia,203.91105072415,1.83780193236665,2.48526570048333,1409.4881521708,-3.08741545893333,-4.78437198068332
IT6047,Italy,IT,ITI,ITI2,ITI21,Perugia,203.91105072415,1.83780193236665,2.48526570048333,1409.4881521708,-3.08741545893333,-4.78437198068332
IT6049,Italy,IT,ITI,ITI2,ITI21,Perugia,203.91105072415,1.83780193236665,2.48526570048333,1409.4881521708,-3.08741545893333,-4.78437198068332
IT6050,Italy,IT,ITI,ITI2,ITI21,Perugia,203.91105072415,1.83780193236665,2.48526570048333,1409.4881521708,-3.08741545893333,-4.78437198068332
IT6051,Italy,IT,ITI,ITI2,ITI21,Perugia,203.91105072415,1.83780193236665,2.48526570048333,1409.4881521708,-3.08741545893333,-4.78437198068332
IT6053,Italy,IT,ITI,ITI2,ITI21,Perugia,203.91105072415,1.83780193236665,2.48526570048333,1409.4881521708,-3.08741545893333,-4.78437198068332
IT6054,Italy,IT,ITI,ITI2,ITI21,Perugia,203.91105072415,1.83780193236665,2.48526570048333,1409.4881521708,-3.08741545893333,-4.78437198068332
IT6055,Italy,IT,ITI,ITI2,ITI21,Perugia,203.91105072415,1.83780193236665,2.48526570048333,1409.4881521708,-3.08741545893333,-4.78437198068332
IT6056,Italy,IT,ITI,ITI2,ITI21,Perugia,203.91105072415,1.83780193236665,2.48526570048333,1409.4881521708,-3.08741545893333,-4.78437198068332
IT6057,Italy,IT,ITI,ITI2,ITI21,Perugia,203.91105072415,1.83780193236665,2.48526570048333,1409.4881521708,-3.08741545893333,-4.78437198068332
IT6059,Italy,IT,ITI,ITI2,ITI21,Perugia,203.91105072415,1.83780193236665,2.48526570048333,1409.4881521708,-3.08741545893333,-4.78437198068332
IT6060,Italy,IT,ITI,ITI2,ITI21,Perugia,203.91105072415,1.83780193236665,2.48526570048333,1409.4881521708,-3.08741545893333,-4.78437198068332
IT6061,Italy,IT,ITI,ITI2,ITI21,Perugia,203.91105072415,1.83780193236665,2.48526570048333,1409.4881521708,-3.08741545893333,-4.78437198068332
IT6062,Italy,IT,ITI,ITI2,ITI21,Perugia,203.91105072415,1.83780193236665,2.48526570048333,1409.4881521708,-3.08741545893333,-4.78437198068332
IT6063,Italy,IT,ITI,ITI2,ITI21,Perugia,203.91105072415,1.83780193236665,2.48526570048333,1409.4881521708,-3.08741545893333,-4.78437198068332
IT6064,Italy,IT,ITI,ITI2,ITI21,Perugia,203.91105072415,1.83780193236665,2.48526570048333,1409.4881521708,-3.08741545893333,-4.78437198068332
IT6065,Italy,IT,ITI,ITI2,ITI21,Perugia,203.91105072415,1.83780193236665,2.48526570048333,1409.4881521708,-3.08741545893333,-4.78437198068332
IT6066,Italy,IT,ITI,ITI2,ITI21,Perugia,203.91105072415,1.83780193236665,2.48526570048333,1409.4881521708,-3.08741545893333,-4.78437198068332
IT6068,Italy,IT,ITI,ITI2,ITI21,Perugia,203.91105072415,1.83780193236665,2.48526570048333,1409.4881521708,-3.08741545893333,-4.78437198068332
IT6069,Italy,IT,ITI,ITI2,ITI21,Perugia,203.91105072415,1.83780193236665,2.48526570048333,1409.4881521708,-3.08741545893333,-4.78437198068332
IT6070,Italy,IT,ITI,ITI2,ITI21,Perugia,203.91105072415,1.83780193236665,2.48526570048333,1409.4881521708,-3.08741545893333,-4.78437198068332
IT6072,Italy,IT,ITI,ITI2,ITI21,Perugia,203.91105072415,1.83780193236665,2.48526570048333,1409.4881521708,-3.08741545893333,-4.78437198068332
IT6073,Italy,IT,ITI,ITI2,ITI21,Perugia,203.91105072415,1.83780193236665,2.48526570048333,1409.4881521708,-3.08741545893333,-4.78437198068332
IT6081,Italy,IT,ITI,ITI2,ITI21,Perugia,203.91105072415,1.83780193236665,2.48526570048333,1409.4881521708,-3.08741545893333,-4.78437198068332
IT6083,Italy,IT,ITI,ITI2,ITI21,Perugia,203.91105072415,1.83780193236665,2.48526570048333,1409.4881521708,-3.08741545893333,-4.78437198068332
IT6084,Italy,IT,ITI,ITI2,ITI21,Perugia,203.91105072415,1.83780193236665,2.48526570048333,1409.4881521708,-3.08741545893333,-4.78437198068332
IT6089,Italy,IT,ITI,ITI2,ITI21,Perugia,203.91105072415,1.83780193236665,2.48526570048333,1409.4881521708,-3.08741545893333,-4.78437198068332
IT6100,Italy,IT,ITI,ITI2,ITI21,Perugia,203.91105072415,1.83780193236665,2.48526570048333,1409.4881521708,-3.08741545893333,-4.78437198068332
IT6121,Italy,IT,ITI,ITI2,ITI21,Perugia,203.91105072415,1.83780193236665,2.48526570048333,1409.4881521708,-3.08741545893333,-4.78437198068332
IT6122,Italy,IT,ITI,ITI2,ITI21,Perugia,203.91105072415,1.83780193236665,2.48526570048333,1409.4881521708,-3.08741545893333,-4.78437198068332
IT6123,Italy,IT,ITI,ITI2,ITI21,Perugia,203.91105072415,1.83780193236665,2.48526570048333,1409.4881521708,-3.08741545893333,-4.78437198068332
IT6124,Italy,IT,ITI,ITI2,ITI21,Perugia,203.91105072415,1.83780193236665,2.48526570048333,1409.4881521708,-3.08741545893333,-4.78437198068332
IT6125,Italy,IT,ITI,ITI2,ITI21,Perugia,203.91105072415,1.83780193236665,2.48526570048333,1409.4881521708,-3.08741545893333,-4.78437198068332
IT6126,Italy,IT,ITI,ITI2,ITI21,Perugia,203.91105072415,1.83780193236665,2.48526570048333,1409.4881521708,-3.08741545893333,-4.78437198068332
IT6127,Italy,IT,ITI,ITI2,ITI21,Perugia,203.91105072415,1.83780193236665,2.48526570048333,1409.4881521708,-3.08741545893333,-4.78437198068332
IT6128,Italy,IT,ITI,ITI2,ITI21,Perugia,203.91105072415,1.83780193236665,2.48526570048333,1409.4881521708,-3.08741545893333,-4.78437198068332
IT6129,Italy,IT,ITI,ITI2,ITI21,Perugia,203.91105072415,1.83780193236665,2.48526570048333,1409.4881521708,-3.08741545893333,-4.78437198068332
IT6131,Italy,IT,ITI,ITI2,ITI21,Perugia,203.91105072415,1.83780193236665,2.48526570048333,1409.4881521708,-3.08741545893333,-4.78437198068332
IT6132,Italy,IT,ITI,ITI2,ITI21,Perugia,203.91105072415,1.83780193236665,2.48526570048333,1409.4881521708,-3.08741545893333,-4.78437198068332
IT6134,Italy,IT,ITI,ITI2,ITI21,Perugia,203.91105072415,1.83780193236665,2.48526570048333,1409.4881521708,-3.08741545893333,-4.78437198068332
IT55010,Italy,IT,ITI,ITI1,ITI12,Lucca,162.82144736827,1.45535087719333,2.03131578946667,1581.24750000269,-3.22482456139998,-4.9198245614
IT55011,Italy,IT,ITI,ITI1,ITI12,Lucca,162.82144736827,1.45535087719333,2.03131578946667,1581.24750000269,-3.22482456139998,-4.9198245614
IT55012,Italy,IT,ITI,ITI1,ITI12,Lucca,162.82144736827,1.45535087719333,2.03131578946667,1581.24750000269,-3.22482456139998,-4.9198245614
IT55013,Italy,IT,ITI,ITI1,ITI12,Lucca,162.82144736827,1.45535087719333,2.03131578946667,1581.24750000269,-3.22482456139998,-4.9198245614
IT55014,Italy,IT,ITI,ITI1,ITI12,Lucca,162.82144736827,1.45535087719333,2.03131578946667,1581.24750000269,-3.22482456139998,-4.9198245614
IT55015,Italy,IT,ITI,ITI1,ITI12,Lucca,162.82144736827,1.45535087719333,2.03131578946667,1581.24750000269,-3.22482456139998,-4.9198245614
IT55016,Italy,IT,ITI,ITI1,ITI12,Lucca,162.82144736827,1.45535087719333,2.03131578946667,1581.24750000269,-3.22482456139998,-4.9198245614
IT55018,Italy,IT,ITI,ITI1,ITI12,Lucca,162.82144736827,1.45535087719333,2.03131578946667,1581.24750000269,-3.22482456139998,-4.9198245614
IT55019,Italy,IT,ITI,ITI1,ITI12,Lucca,162.82144736827,1.45535087719333,2.03131578946667,1581.24750000269,-3.22482456139998,-4.9198245614
IT55020,Italy,IT,ITI,ITI1,ITI12,Lucca,162.82144736827,1.45535087719333,2.03131578946667,1581.24750000269,-3.22482456139998,-4.9198245614
IT55021,Italy,IT,ITI,ITI1,ITI12,Lucca,162.82144736827,1.45535087719333,2.03131578946667,1581.24750000269,-3.22482456139998,-4.9198245614
IT55022,Italy,IT,ITI,ITI1,ITI12,Lucca,162.82144736827,1.45535087719333,2.03131578946667,1581.24750000269,-3.22482456139998,-4.9198245614
IT55023,Italy,IT,ITI,ITI1,ITI12,Lucca,162.82144736827,1.45535087719333,2.03131578946667,1581.24750000269,-3.22482456139998,-4.9198245614
IT55025,Italy,IT,ITI,ITI1,ITI12,Lucca,162.82144736827,1.45535087719333,2.03131578946667,1581.24750000269,-3.22482456139998,-4.9198245614
IT55027,Italy,IT,ITI,ITI1,ITI12,Lucca,162.82144736827,1.45535087719333,2.03131578946667,1581.24750000269,-3.22482456139998,-4.9198245614
IT55030,Italy,IT,ITI,ITI1,ITI12,Lucca,162.82144736827,1.45535087719333,2.03131578946667,1581.24750000269,-3.22482456139998,-4.9198245614
IT55031,Italy,IT,ITI,ITI1,ITI12,Lucca,162.82144736827,1.45535087719333,2.03131578946667,1581.24750000269,-3.22482456139998,-4.9198245614
IT55032,Italy,IT,ITI,ITI1,ITI12,Lucca,162.82144736827,1.45535087719333,2.03131578946667,1581.24750000269,-3.22482456139998,-4.9198245614
IT55033,Italy,IT,ITI,ITI1,ITI12,Lucca,162.82144736827,1.45535087719333,2.03131578946667,1581.24750000269,-3.22482456139998,-4.9198245614
IT55034,Italy,IT,ITI,ITI1,ITI12,Lucca,162.82144736827,1.45535087719333,2.03131578946667,1581.24750000269,-3.22482456139998,-4.9198245614
IT55035,Italy,IT,ITI,ITI1,ITI12,Lucca,162.82144736827,1.45535087719333,2.03131578946667,1581.24750000269,-3.22482456139998,-4.9198245614
IT55036,Italy,IT,ITI,ITI1,ITI12,Lucca,162.82144736827,1.45535087719333,2.03131578946667,1581.24750000269,-3.22482456139998,-4.9198245614
IT55038,Italy,IT,ITI,ITI1,ITI12,Lucca,162.82144736827,1.45535087719333,2.03131578946667,1581.24750000269,-3.22482456139998,-4.9198245614
IT55039,Italy,IT,ITI,ITI1,ITI12,Lucca,162.82144736827,1.45535087719333,2.03131578946667,1581.24750000269,-3.22482456139998,-4.9198245614
IT55040,Italy,IT,ITI,ITI1,ITI12,Lucca,162.82144736827,1.45535087719333,2.03131578946667,1581.24750000269,-3.22482456139998,-4.9198245614
IT55041,Italy,IT,ITI,ITI1,ITI12,Lucca,162.82144736827,1.45535087719333,2.03131578946667,1581.24750000269,-3.22482456139998,-4.9198245614
IT55042,Italy,IT,ITI,ITI1,ITI12,Lucca,162.82144736827,1.45535087719333,2.03131578946667,1581.24750000269,-3.22482456139998,-4.9198245614
IT55045,Italy,IT,ITI,ITI1,ITI12,Lucca,162.82144736827,1.45535087719333,2.03131578946667,1581.24750000269,-3.22482456139998,-4.9198245614
IT55047,Italy,IT,ITI,ITI1,ITI12,Lucca,162.82144736827,1.45535087719333,2.03131578946667,1581.24750000269,-3.22482456139998,-4.9198245614
IT55049,Italy,IT,ITI,ITI1,ITI12,Lucca,162.82144736827,1.45535087719333,2.03131578946667,1581.24750000269,-3.22482456139998,-4.9198245614
IT55051,Italy,IT,ITI,ITI1,ITI12,Lucca,162.82144736827,1.45535087719333,2.03131578946667,1581.24750000269,-3.22482456139998,-4.9198245614
IT55054,Italy,IT,ITI,ITI1,ITI12,Lucca,162.82144736827,1.45535087719333,2.03131578946667,1581.24750000269,-3.22482456139998,-4.9198245614
IT55060,Italy,IT,ITI,ITI1,ITI12,Lucca,162.82144736827,1.45535087719333,2.03131578946667,1581.24750000269,-3.22482456139998,-4.9198245614
IT55061,Italy,IT,ITI,ITI1,ITI12,Lucca,162.82144736827,1.45535087719333,2.03131578946667,1581.24750000269,-3.22482456139998,-4.9198245614
IT55062,Italy,IT,ITI,ITI1,ITI12,Lucca,162.82144736827,1.45535087719333,2.03131578946667,1581.24750000269,-3.22482456139998,-4.9198245614
IT55064,Italy,IT,ITI,ITI1,ITI12,Lucca,162.82144736827,1.45535087719333,2.03131578946667,1581.24750000269,-3.22482456139998,-4.9198245614
IT55100,Italy,IT,ITI,ITI1,ITI12,Lucca,162.82144736827,1.45535087719333,2.03131578946667,1581.24750000269,-3.22482456139998,-4.9198245614
IT33070,Italy,IT,ITH,ITH4,ITH41,Pordenone,166.999519230991,1.48044871794833,1.91762820513333,1827.47442308014,-3.7873076923,-5.71025641024998
IT33072,Italy,IT,ITH,ITH4,ITH41,Pordenone,166.999519230991,1.48044871794833,1.91762820513333,1827.47442308014,-3.7873076923,-5.71025641024998
IT33074,Italy,IT,ITH,ITH4,ITH41,Pordenone,166.999519230991,1.48044871794833,1.91762820513333,1827.47442308014,-3.7873076923,-5.71025641024998
IT33075,Italy,IT,ITH,ITH4,ITH41,Pordenone,166.999519230991,1.48044871794833,1.91762820513333,1827.47442308014,-3.7873076923,-5.71025641024998
IT33076,Italy,IT,ITH,ITH4,ITH41,Pordenone,166.999519230991,1.48044871794833,1.91762820513333,1827.47442308014,-3.7873076923,-5.71025641024998
IT33077,Italy,IT,ITH,ITH4,ITH41,Pordenone,166.999519230991,1.48044871794833,1.91762820513333,1827.47442308014,-3.7873076923,-5.71025641024998
IT33078,Italy,IT,ITH,ITH4,ITH41,Pordenone,166.999519230991,1.48044871794833,1.91762820513333,1827.47442308014,-3.7873076923,-5.71025641024998
IT33079,Italy,IT,ITH,ITH4,ITH41,Pordenone,166.999519230991,1.48044871794833,1.91762820513333,1827.47442308014,-3.7873076923,-5.71025641024998
IT33080,Italy,IT,ITH,ITH4,ITH41,Pordenone,166.999519230991,1.48044871794833,1.91762820513333,1827.47442308014,-3.7873076923,-5.71025641024998
IT33081,Italy,IT,ITH,ITH4,ITH41,Pordenone,166.999519230991,1.48044871794833,1.91762820513333,1827.47442308014,-3.7873076923,-5.71025641024998
IT33082,Italy,IT,ITH,ITH4,ITH41,Pordenone,166.999519230991,1.48044871794833,1.91762820513333,1827.47442308014,-3.7873076923,-5.71025641024998
IT33083,Italy,IT,ITH,ITH4,ITH41,Pordenone,166.999519230991,1.48044871794833,1.91762820513333,1827.47442308014,-3.7873076923,-5.71025641024998
IT33084,Italy,IT,ITH,ITH4,ITH41,Pordenone,166.999519230991,1.48044871794833,1.91762820513333,1827.47442308014,-3.7873076923,-5.71025641024998
IT33085,Italy,IT,ITH,ITH4,ITH41,Pordenone,166.999519230991,1.48044871794833,1.91762820513333,1827.47442308014,-3.7873076923,-5.71025641024998
IT33086,Italy,IT,ITH,ITH4,ITH41,Pordenone,166.999519230991,1.48044871794833,1.91762820513333,1827.47442308014,-3.7873076923,-5.71025641024998
IT33087,Italy,IT,ITH,ITH4,ITH41,Pordenone,166.999519230991,1.48044871794833,1.91762820513333,1827.47442308014,-3.7873076923,-5.71025641024998
IT33090,Italy,IT,ITH,ITH4,ITH41,Pordenone,166.999519230991,1.48044871794833,1.91762820513333,1827.47442308014,-3.7873076923,-5.71025641024998
IT33092,Italy,IT,ITH,ITH4,ITH41,Pordenone,166.999519230991,1.48044871794833,1.91762820513333,1827.47442308014,-3.7873076923,-5.71025641024998
IT33094,Italy,IT,ITH,ITH4,ITH41,Pordenone,166.999519230991,1.48044871794833,1.91762820513333,1827.47442308014,-3.7873076923,-5.71025641024998
IT33095,Italy,IT,ITH,ITH4,ITH41,Pordenone,166.999519230991,1.48044871794833,1.91762820513333,1827.47442308014,-3.7873076923,-5.71025641024998
IT33097,Italy,IT,ITH,ITH4,ITH41,Pordenone,166.999519230991,1.48044871794833,1.91762820513333,1827.47442308014,-3.7873076923,-5.71025641024998
IT33098,Italy,IT,ITH,ITH4,ITH41,Pordenone,166.999519230991,1.48044871794833,1.91762820513333,1827.47442308014,-3.7873076923,-5.71025641024998
IT33099,Italy,IT,ITH,ITH4,ITH41,Pordenone,166.999519230991,1.48044871794833,1.91762820513333,1827.47442308014,-3.7873076923,-5.71025641024998
IT33170,Italy,IT,ITH,ITH4,ITH41,Pordenone,166.999519230991,1.48044871794833,1.91762820513333,1827.47442308014,-3.7873076923,-5.71025641024998
IT34070,Italy,IT,ITH,ITH4,ITH43,Gorizia,232.56125,1.99416666666667,2.56041666666667,1447.62375,-3.26416666666665,-4.8675
IT34071,Italy,IT,ITH,ITH4,ITH43,Gorizia,232.56125,1.99416666666667,2.56041666666667,1447.62375,-3.26416666666665,-4.8675
IT34072,Italy,IT,ITH,ITH4,ITH43,Gorizia,232.56125,1.99416666666667,2.56041666666667,1447.62375,-3.26416666666665,-4.8675
IT34073,Italy,IT,ITH,ITH4,ITH43,Gorizia,232.56125,1.99416666666667,2.56041666666667,1447.62375,-3.26416666666665,-4.8675
IT34074,Italy,IT,ITH,ITH4,ITH43,Gorizia,232.56125,1.99416666666667,2.56041666666667,1447.62375,-3.26416666666665,-4.8675
IT34075,Italy,IT,ITH,ITH4,ITH43,Gorizia,232.56125,1.99416666666667,2.56041666666667,1447.62375,-3.26416666666665,-4.8675
IT34076,Italy,IT,ITH,ITH4,ITH43,Gorizia,232.56125,1.99416666666667,2.56041666666667,1447.62375,-3.26416666666665,-4.8675
IT34077,Italy,IT,ITH,ITH4,ITH43,Gorizia,232.56125,1.99416666666667,2.56041666666667,1447.62375,-3.26416666666665,-4.8675
IT34078,Italy,IT,ITH,ITH4,ITH43,Gorizia,232.56125,1.99416666666667,2.56041666666667,1447.62375,-3.26416666666665,-4.8675
IT34079,Italy,IT,ITH,ITH4,ITH43,Gorizia,232.56125,1.99416666666667,2.56041666666667,1447.62375,-3.26416666666665,-4.8675
IT34170,Italy,IT,ITH,ITH4,ITH43,Gorizia,232.56125,1.99416666666667,2.56041666666667,1447.62375,-3.26416666666665,-4.8675
IT10010,Italy,IT,ITC,ITC1,ITC11,Torino,90.1923376623625,0.932207792208332,1.34787878787833,2150.95487013373,-3.79545454545,-5.65837662338332
IT10011,Italy,IT,ITC,ITC1,ITC11,Torino,90.1923376623625,0.932207792208332,1.34787878787833,2150.95487013373,-3.79545454545,-5.65837662338332
IT10012,Italy,IT,ITC,ITC1,ITC11,Torino,90.1923376623625,0.932207792208332,1.34787878787833,2150.95487013373,-3.79545454545,-5.65837662338332
IT10013,Italy,IT,ITC,ITC1,ITC11,Torino,90.1923376623625,0.932207792208332,1.34787878787833,2150.95487013373,-3.79545454545,-5.65837662338332
IT10014,Italy,IT,ITC,ITC1,ITC11,Torino,90.1923376623625,0.932207792208332,1.34787878787833,2150.95487013373,-3.79545454545,-5.65837662338332
IT10015,Italy,IT,ITC,ITC1,ITC11,Torino,90.1923376623625,0.932207792208332,1.34787878787833,2150.95487013373,-3.79545454545,-5.65837662338332
IT10016,Italy,IT,ITC,ITC1,ITC11,Torino,90.1923376623625,0.932207792208332,1.34787878787833,2150.95487013373,-3.79545454545,-5.65837662338332
IT10017,Italy,IT,ITC,ITC1,ITC11,Torino,90.1923376623625,0.932207792208332,1.34787878787833,2150.95487013373,-3.79545454545,-5.65837662338332
IT10018,Italy,IT,ITC,ITC1,ITC11,Torino,90.1923376623625,0.932207792208332,1.34787878787833,2150.95487013373,-3.79545454545,-5.65837662338332
IT10019,Italy,IT,ITC,ITC1,ITC11,Torino,90.1923376623625,0.932207792208332,1.34787878787833,2150.95487013373,-3.79545454545,-5.65837662338332
IT10020,Italy,IT,ITC,ITC1,ITC11,Torino,90.1923376623625,0.932207792208332,1.34787878787833,2150.95487013373,-3.79545454545,-5.65837662338332
IT10022,Italy,IT,ITC,ITC1,ITC11,Torino,90.1923376623625,0.932207792208332,1.34787878787833,2150.95487013373,-3.79545454545,-5.65837662338332
IT10023,Italy,IT,ITC,ITC1,ITC11,Torino,90.1923376623625,0.932207792208332,1.34787878787833,2150.95487013373,-3.79545454545,-5.65837662338332
IT10024,Italy,IT,ITC,ITC1,ITC11,Torino,90.1923376623625,0.932207792208332,1.34787878787833,2150.95487013373,-3.79545454545,-5.65837662338332
IT10025,Italy,IT,ITC,ITC1,ITC11,Torino,90.1923376623625,0.932207792208332,1.34787878787833,2150.95487013373,-3.79545454545,-5.65837662338332
IT10026,Italy,IT,ITC,ITC1,ITC11,Torino,90.1923376623625,0.932207792208332,1.34787878787833,2150.95487013373,-3.79545454545,-5.65837662338332
IT10028,Italy,IT,ITC,ITC1,ITC11,Torino,90.1923376623625,0.932207792208332,1.34787878787833,2150.95487013373,-3.79545454545,-5.65837662338332
IT10029,Italy,IT,ITC,ITC1,ITC11,Torino,90.1923376623625,0.932207792208332,1.34787878787833,2150.95487013373,-3.79545454545,-5.65837662338332
IT10031,Italy,IT,ITC,ITC1,ITC11,Torino,90.1923376623625,0.932207792208332,1.34787878787833,2150.95487013373,-3.79545454545,-5.65837662338332
IT10032,Italy,IT,ITC,ITC1,ITC11,Torino,90.1923376623625,0.932207792208332,1.34787878787833,2150.95487013373,-3.79545454545,-5.65837662338332
IT10034,Italy,IT,ITC,ITC1,ITC11,Torino,90.1923376623625,0.932207792208332,1.34787878787833,2150.95487013373,-3.79545454545,-5.65837662338332
IT10036,Italy,IT,ITC,ITC1,ITC11,Torino,90.1923376623625,0.932207792208332,1.34787878787833,2150.95487013373,-3.79545454545,-5.65837662338332
IT10037,Italy,IT,ITC,ITC1,ITC11,Torino,90.1923376623625,0.932207792208332,1.34787878787833,2150.95487013373,-3.79545454545,-5.65837662338332
IT10038,Italy,IT,ITC,ITC1,ITC11,Torino,90.1923376623625,0.932207792208332,1.34787878787833,2150.95487013373,-3.79545454545,-5.65837662338332
IT10040,Italy,IT,ITC,ITC1,ITC11,Torino,90.1923376623625,0.932207792208332,1.34787878787833,2150.95487013373,-3.79545454545,-5.65837662338332
IT10041,Italy,IT,ITC,ITC1,ITC11,Torino,90.1923376623625,0.932207792208332,1.34787878787833,2150.95487013373,-3.79545454545,-5.65837662338332
IT10042,Italy,IT,ITC,ITC1,ITC11,Torino,90.1923376623625,0.932207792208332,1.34787878787833,2150.95487013373,-3.79545454545,-5.65837662338332
IT10043,Italy,IT,ITC,ITC1,ITC11,Torino,90.1923376623625,0.932207792208332,1.34787878787833,2150.95487013373,-3.79545454545,-5.65837662338332
IT10044,Italy,IT,ITC,ITC1,ITC11,Torino,90.1923376623625,0.932207792208332,1.34787878787833,2150.95487013373,-3.79545454545,-5.65837662338332
IT10045,Italy,IT,ITC,ITC1,ITC11,Torino,90.1923376623625,0.932207792208332,1.34787878787833,2150.95487013373,-3.79545454545,-5.65837662338332
IT10046,Italy,IT,ITC,ITC1,ITC11,Torino,90.1923376623625,0.932207792208332,1.34787878787833,2150.95487013373,-3.79545454545,-5.65837662338332
IT10048,Italy,IT,ITC,ITC1,ITC11,Torino,90.1923376623625,0.932207792208332,1.34787878787833,2150.95487013373,-3.79545454545,-5.65837662338332
IT10050,Italy,IT,ITC,ITC1,ITC11,Torino,90.1923376623625,0.932207792208332,1.34787878787833,2150.95487013373,-3.79545454545,-5.65837662338332
IT10051,Italy,IT,ITC,ITC1,ITC11,Torino,90.1923376623625,0.932207792208332,1.34787878787833,2150.95487013373,-3.79545454545,-5.65837662338332
IT10052,Italy,IT,ITC,ITC1,ITC11,Torino,90.1923376623625,0.932207792208332,1.34787878787833,2150.95487013373,-3.79545454545,-5.65837662338332
IT10053,Italy,IT,ITC,ITC1,ITC11,Torino,90.1923376623625,0.932207792208332,1.34787878787833,2150.95487013373,-3.79545454545,-5.65837662338332
IT10054,Italy,IT,ITC,ITC1,ITC11,Torino,90.1923376623625,0.932207792208332,1.34787878787833,2150.95487013373,-3.79545454545,-5.65837662338332
IT10055,Italy,IT,ITC,ITC1,ITC11,Torino,90.1923376623625,0.932207792208332,1.34787878787833,2150.95487013373,-3.79545454545,-5.65837662338332
IT10056,Italy,IT,ITC,ITC1,ITC11,Torino,90.1923376623625,0.932207792208332,1.34787878787833,2150.95487013373,-3.79545454545,-5.65837662338332
IT10057,Italy,IT,ITC,ITC1,ITC11,Torino,90.1923376623625,0.932207792208332,1.34787878787833,2150.95487013373,-3.79545454545,-5.65837662338332
IT10058,Italy,IT,ITC,ITC1,ITC11,Torino,90.1923376623625,0.932207792208332,1.34787878787833,2150.95487013373,-3.79545454545,-5.65837662338332
IT10059,Italy,IT,ITC,ITC1,ITC11,Torino,90.1923376623625,0.932207792208332,1.34787878787833,2150.95487013373,-3.79545454545,-5.65837662338332
IT10060,Italy,IT,ITC,ITC1,ITC11,Torino,90.1923376623625,0.932207792208332,1.34787878787833,2150.95487013373,-3.79545454545,-5.65837662338332
IT10061,Italy,IT,ITC,ITC1,ITC11,Torino,90.1923376623625,0.932207792208332,1.34787878787833,2150.95487013373,-3.79545454545,-5.65837662338332
IT10062,Italy,IT,ITC,ITC1,ITC11,Torino,90.1923376623625,0.932207792208332,1.34787878787833,2150.95487013373,-3.79545454545,-5.65837662338332
IT10063,Italy,IT,ITC,ITC1,ITC11,Torino,90.1923376623625,0.932207792208332,1.34787878787833,2150.95487013373,-3.79545454545,-5.65837662338332
IT10064,Italy,IT,ITC,ITC1,ITC11,Torino,90.1923376623625,0.932207792208332,1.34787878787833,2150.95487013373,-3.79545454545,-5.65837662338332
IT10065,Italy,IT,ITC,ITC1,ITC11,Torino,90.1923376623625,0.932207792208332,1.34787878787833,2150.95487013373,-3.79545454545,-5.65837662338332
IT10066,Italy,IT,ITC,ITC1,ITC11,Torino,90.1923376623625,0.932207792208332,1.34787878787833,2150.95487013373,-3.79545454545,-5.65837662338332
IT10067,Italy,IT,ITC,ITC1,ITC11,Torino,90.1923376623625,0.932207792208332,1.34787878787833,2150.95487013373,-3.79545454545,-5.65837662338332
IT10068,Italy,IT,ITC,ITC1,ITC11,Torino,90.1923376623625,0.932207792208332,1.34787878787833,2150.95487013373,-3.79545454545,-5.65837662338332
IT10069,Italy,IT,ITC,ITC1,ITC11,Torino,90.1923376623625,0.932207792208332,1.34787878787833,2150.95487013373,-3.79545454545,-5.65837662338332
IT10070,Italy,IT,ITC,ITC1,ITC11,Torino,90.1923376623625,0.932207792208332,1.34787878787833,2150.95487013373,-3.79545454545,-5.65837662338332
IT10071,Italy,IT,ITC,ITC1,ITC11,Torino,90.1923376623625,0.932207792208332,1.34787878787833,2150.95487013373,-3.79545454545,-5.65837662338332
IT10072,Italy,IT,ITC,ITC1,ITC11,Torino,90.1923376623625,0.932207792208332,1.34787878787833,2150.95487013373,-3.79545454545,-5.65837662338332
IT10073,Italy,IT,ITC,ITC1,ITC11,Torino,90.1923376623625,0.932207792208332,1.34787878787833,2150.95487013373,-3.79545454545,-5.65837662338332
IT10074,Italy,IT,ITC,ITC1,ITC11,Torino,90.1923376623625,0.932207792208332,1.34787878787833,2150.95487013373,-3.79545454545,-5.65837662338332
IT10075,Italy,IT,ITC,ITC1,ITC11,Torino,90.1923376623625,0.932207792208332,1.34787878787833,2150.95487013373,-3.79545454545,-5.65837662338332
IT10076,Italy,IT,ITC,ITC1,ITC11,Torino,90.1923376623625,0.932207792208332,1.34787878787833,2150.95487013373,-3.79545454545,-5.65837662338332
IT10077,Italy,IT,ITC,ITC1,ITC11,Torino,90.1923376623625,0.932207792208332,1.34787878787833,2150.95487013373,-3.79545454545,-5.65837662338332
IT10078,Italy,IT,ITC,ITC1,ITC11,Torino,90.1923376623625,0.932207792208332,1.34787878787833,2150.95487013373,-3.79545454545,-5.65837662338332
IT10080,Italy,IT,ITC,ITC1,ITC11,Torino,90.1923376623625,0.932207792208332,1.34787878787833,2150.95487013373,-3.79545454545,-5.65837662338332
IT10081,Italy,IT,ITC,ITC1,ITC11,Torino,90.1923376623625,0.932207792208332,1.34787878787833,2150.95487013373,-3.79545454545,-5.65837662338332
IT10082,Italy,IT,ITC,ITC1,ITC11,Torino,90.1923376623625,0.932207792208332,1.34787878787833,2150.95487013373,-3.79545454545,-5.65837662338332
IT10083,Italy,IT,ITC,ITC1,ITC11,Torino,90.1923376623625,0.932207792208332,1.34787878787833,2150.95487013373,-3.79545454545,-5.65837662338332
IT10084,Italy,IT,ITC,ITC1,ITC11,Torino,90.1923376623625,0.932207792208332,1.34787878787833,2150.95487013373,-3.79545454545,-5.65837662338332
IT10085,Italy,IT,ITC,ITC1,ITC11,Torino,90.1923376623625,0.932207792208332,1.34787878787833,2150.95487013373,-3.79545454545,-5.65837662338332
IT10086,Italy,IT,ITC,ITC1,ITC11,Torino,90.1923376623625,0.932207792208332,1.34787878787833,2150.95487013373,-3.79545454545,-5.65837662338332
IT10087,Italy,IT,ITC,ITC1,ITC11,Torino,90.1923376623625,0.932207792208332,1.34787878787833,2150.95487013373,-3.79545454545,-5.65837662338332
IT10088,Italy,IT,ITC,ITC1,ITC11,Torino,90.1923376623625,0.932207792208332,1.34787878787833,2150.95487013373,-3.79545454545,-5.65837662338332
IT10090,Italy,IT,ITC,ITC1,ITC11,Torino,90.1923376623625,0.932207792208332,1.34787878787833,2150.95487013373,-3.79545454545,-5.65837662338332
IT10091,Italy,IT,ITC,ITC1,ITC11,Torino,90.1923376623625,0.932207792208332,1.34787878787833,2150.95487013373,-3.79545454545,-5.65837662338332
IT10092,Italy,IT,ITC,ITC1,ITC11,Torino,90.1923376623625,0.932207792208332,1.34787878787833,2150.95487013373,-3.79545454545,-5.65837662338332
IT10093,Italy,IT,ITC,ITC1,ITC11,Torino,90.1923376623625,0.932207792208332,1.34787878787833,2150.95487013373,-3.79545454545,-5.65837662338332
IT10094,Italy,IT,ITC,ITC1,ITC11,Torino,90.1923376623625,0.932207792208332,1.34787878787833,2150.95487013373,-3.79545454545,-5.65837662338332
IT10095,Italy,IT,ITC,ITC1,ITC11,Torino,90.1923376623625,0.932207792208332,1.34787878787833,2150.95487013373,-3.79545454545,-5.65837662338332
IT10098,Italy,IT,ITC,ITC1,ITC11,Torino,90.1923376623625,0.932207792208332,1.34787878787833,2150.95487013373,-3.79545454545,-5.65837662338332
IT10099,Italy,IT,ITC,ITC1,ITC11,Torino,90.1923376623625,0.932207792208332,1.34787878787833,2150.95487013373,-3.79545454545,-5.65837662338332
IT10100,Italy,IT,ITC,ITC1,ITC11,Torino,90.1923376623625,0.932207792208332,1.34787878787833,2150.95487013373,-3.79545454545,-5.65837662338332
IT10121,Italy,IT,ITC,ITC1,ITC11,Torino,90.1923376623625,0.932207792208332,1.34787878787833,2150.95487013373,-3.79545454545,-5.65837662338332
IT10122,Italy,IT,ITC,ITC1,ITC11,Torino,90.1923376623625,0.932207792208332,1.34787878787833,2150.95487013373,-3.79545454545,-5.65837662338332
IT10123,Italy,IT,ITC,ITC1,ITC11,Torino,90.1923376623625,0.932207792208332,1.34787878787833,2150.95487013373,-3.79545454545,-5.65837662338332
IT10124,Italy,IT,ITC,ITC1,ITC11,Torino,90.1923376623625,0.932207792208332,1.34787878787833,2150.95487013373,-3.79545454545,-5.65837662338332
IT10125,Italy,IT,ITC,ITC1,ITC11,Torino,90.1923376623625,0.932207792208332,1.34787878787833,2150.95487013373,-3.79545454545,-5.65837662338332
IT10126,Italy,IT,ITC,ITC1,ITC11,Torino,90.1923376623625,0.932207792208332,1.34787878787833,2150.95487013373,-3.79545454545,-5.65837662338332
IT10127,Italy,IT,ITC,ITC1,ITC11,Torino,90.1923376623625,0.932207792208332,1.34787878787833,2150.95487013373,-3.79545454545,-5.65837662338332
IT10128,Italy,IT,ITC,ITC1,ITC11,Torino,90.1923376623625,0.932207792208332,1.34787878787833,2150.95487013373,-3.79545454545,-5.65837662338332
IT10129,Italy,IT,ITC,ITC1,ITC11,Torino,90.1923376623625,0.932207792208332,1.34787878787833,2150.95487013373,-3.79545454545,-5.65837662338332
IT10131,Italy,IT,ITC,ITC1,ITC11,Torino,90.1923376623625,0.932207792208332,1.34787878787833,2150.95487013373,-3.79545454545,-5.65837662338332
IT10132,Italy,IT,ITC,ITC1,ITC11,Torino,90.1923376623625,0.932207792208332,1.34787878787833,2150.95487013373,-3.79545454545,-5.65837662338332
IT10133,Italy,IT,ITC,ITC1,ITC11,Torino,90.1923376623625,0.932207792208332,1.34787878787833,2150.95487013373,-3.79545454545,-5.65837662338332
IT10134,Italy,IT,ITC,ITC1,ITC11,Torino,90.1923376623625,0.932207792208332,1.34787878787833,2150.95487013373,-3.79545454545,-5.65837662338332
IT10135,Italy,IT,ITC,ITC1,ITC11,Torino,90.1923376623625,0.932207792208332,1.34787878787833,2150.95487013373,-3.79545454545,-5.65837662338332
IT10136,Italy,IT,ITC,ITC1,ITC11,Torino,90.1923376623625,0.932207792208332,1.34787878787833,2150.95487013373,-3.79545454545,-5.65837662338332
IT10137,Italy,IT,ITC,ITC1,ITC11,Torino,90.1923376623625,0.932207792208332,1.34787878787833,2150.95487013373,-3.79545454545,-5.65837662338332
IT10138,Italy,IT,ITC,ITC1,ITC11,Torino,90.1923376623625,0.932207792208332,1.34787878787833,2150.95487013373,-3.79545454545,-5.65837662338332
IT10139,Italy,IT,ITC,ITC1,ITC11,Torino,90.1923376623625,0.932207792208332,1.34787878787833,2150.95487013373,-3.79545454545,-5.65837662338332
IT10141,Italy,IT,ITC,ITC1,ITC11,Torino,90.1923376623625,0.932207792208332,1.34787878787833,2150.95487013373,-3.79545454545,-5.65837662338332
IT10142,Italy,IT,ITC,ITC1,ITC11,Torino,90.1923376623625,0.932207792208332,1.34787878787833,2150.95487013373,-3.79545454545,-5.65837662338332
IT10143,Italy,IT,ITC,ITC1,ITC11,Torino,90.1923376623625,0.932207792208332,1.34787878787833,2150.95487013373,-3.79545454545,-5.65837662338332
IT10144,Italy,IT,ITC,ITC1,ITC11,Torino,90.1923376623625,0.932207792208332,1.34787878787833,2150.95487013373,-3.79545454545,-5.65837662338332
IT10145,Italy,IT,ITC,ITC1,ITC11,Torino,90.1923376623625,0.932207792208332,1.34787878787833,2150.95487013373,-3.79545454545,-5.65837662338332
IT10146,Italy,IT,ITC,ITC1,ITC11,Torino,90.1923376623625,0.932207792208332,1.34787878787833,2150.95487013373,-3.79545454545,-5.65837662338332
IT10147,Italy,IT,ITC,ITC1,ITC11,Torino,90.1923376623625,0.932207792208332,1.34787878787833,2150.95487013373,-3.79545454545,-5.65837662338332
IT10148,Italy,IT,ITC,ITC1,ITC11,Torino,90.1923376623625,0.932207792208332,1.34787878787833,2150.95487013373,-3.79545454545,-5.65837662338332
IT10149,Italy,IT,ITC,ITC1,ITC11,Torino,90.1923376623625,0.932207792208332,1.34787878787833,2150.95487013373,-3.79545454545,-5.65837662338332
IT10151,Italy,IT,ITC,ITC1,ITC11,Torino,90.1923376623625,0.932207792208332,1.34787878787833,2150.95487013373,-3.79545454545,-5.65837662338332
IT10152,Italy,IT,ITC,ITC1,ITC11,Torino,90.1923376623625,0.932207792208332,1.34787878787833,2150.95487013373,-3.79545454545,-5.65837662338332
IT10153,Italy,IT,ITC,ITC1,ITC11,Torino,90.1923376623625,0.932207792208332,1.34787878787833,2150.95487013373,-3.79545454545,-5.65837662338332
IT10154,Italy,IT,ITC,ITC1,ITC11,Torino,90.1923376623625,0.932207792208332,1.34787878787833,2150.95487013373,-3.79545454545,-5.65837662338332
IT10155,Italy,IT,ITC,ITC1,ITC11,Torino,90.1923376623625,0.932207792208332,1.34787878787833,2150.95487013373,-3.79545454545,-5.65837662338332
IT10156,Italy,IT,ITC,ITC1,ITC11,Torino,90.1923376623625,0.932207792208332,1.34787878787833,2150.95487013373,-3.79545454545,-5.65837662338332
IT15010,Italy,IT,ITC,ITC1,ITC18,Alessandria,202.253809523825,1.84634920635,2.57924603175,1482.4832142906,-3.21087301586665,-4.69785714285
IT15011,Italy,IT,ITC,ITC1,ITC18,Alessandria,202.253809523825,1.84634920635,2.57924603175,1482.4832142906,-3.21087301586665,-4.69785714285
IT15012,Italy,IT,ITC,ITC1,ITC18,Alessandria,202.253809523825,1.84634920635,2.57924603175,1482.4832142906,-3.21087301586665,-4.69785714285
IT15013,Italy,IT,ITC,ITC1,ITC18,Alessandria,202.253809523825,1.84634920635,2.57924603175,1482.4832142906,-3.21087301586665,-4.69785714285
IT15014,Italy,IT,ITC,ITC1,ITC18,Alessandria,202.253809523825,1.84634920635,2.57924603175,1482.4832142906,-3.21087301586665,-4.69785714285
IT15015,Italy,IT,ITC,ITC1,ITC18,Alessandria,202.253809523825,1.84634920635,2.57924603175,1482.4832142906,-3.21087301586665,-4.69785714285
IT15016,Italy,IT,ITC,ITC1,ITC18,Alessandria,202.253809523825,1.84634920635,2.57924603175,1482.4832142906,-3.21087301586665,-4.69785714285
IT15017,Italy,IT,ITC,ITC1,ITC18,Alessandria,202.253809523825,1.84634920635,2.57924603175,1482.4832142906,-3.21087301586665,-4.69785714285
IT15018,Italy,IT,ITC,ITC1,ITC18,Alessandria,202.253809523825,1.84634920635,2.57924603175,1482.4832142906,-3.21087301586665,-4.69785714285
IT15019,Italy,IT,ITC,ITC1,ITC18,Alessandria,202.253809523825,1.84634920635,2.57924603175,1482.4832142906,-3.21087301586665,-4.69785714285
IT15020,Italy,IT,ITC,ITC1,ITC18,Alessandria,202.253809523825,1.84634920635,2.57924603175,1482.4832142906,-3.21087301586665,-4.69785714285
IT15021,Italy,IT,ITC,ITC1,ITC18,Alessandria,202.253809523825,1.84634920635,2.57924603175,1482.4832142906,-3.21087301586665,-4.69785714285
IT15022,Italy,IT,ITC,ITC1,ITC18,Alessandria,202.253809523825,1.84634920635,2.57924603175,1482.4832142906,-3.21087301586665,-4.69785714285
IT15023,Italy,IT,ITC,ITC1,ITC18,Alessandria,202.253809523825,1.84634920635,2.57924603175,1482.4832142906,-3.21087301586665,-4.69785714285
IT15024,Italy,IT,ITC,ITC1,ITC18,Alessandria,202.253809523825,1.84634920635,2.57924603175,1482.4832142906,-3.21087301586665,-4.69785714285
IT15025,Italy,IT,ITC,ITC1,ITC18,Alessandria,202.253809523825,1.84634920635,2.57924603175,1482.4832142906,-3.21087301586665,-4.69785714285
IT15026,Italy,IT,ITC,ITC1,ITC18,Alessandria,202.253809523825,1.84634920635,2.57924603175,1482.4832142906,-3.21087301586665,-4.69785714285
IT15027,Italy,IT,ITC,ITC1,ITC18,Alessandria,202.253809523825,1.84634920635,2.57924603175,1482.4832142906,-3.21087301586665,-4.69785714285
IT15028,Italy,IT,ITC,ITC1,ITC18,Alessandria,202.253809523825,1.84634920635,2.57924603175,1482.4832142906,-3.21087301586665,-4.69785714285
IT15029,Italy,IT,ITC,ITC1,ITC18,Alessandria,202.253809523825,1.84634920635,2.57924603175,1482.4832142906,-3.21087301586665,-4.69785714285
IT15030,Italy,IT,ITC,ITC1,ITC18,Alessandria,202.253809523825,1.84634920635,2.57924603175,1482.4832142906,-3.21087301586665,-4.69785714285
IT15031,Italy,IT,ITC,ITC1,ITC18,Alessandria,202.253809523825,1.84634920635,2.57924603175,1482.4832142906,-3.21087301586665,-4.69785714285
IT15032,Italy,IT,ITC,ITC1,ITC18,Alessandria,202.253809523825,1.84634920635,2.57924603175,1482.4832142906,-3.21087301586665,-4.69785714285
IT15033,Italy,IT,ITC,ITC1,ITC18,Alessandria,202.253809523825,1.84634920635,2.57924603175,1482.4832142906,-3.21087301586665,-4.69785714285
IT15034,Italy,IT,ITC,ITC1,ITC18,Alessandria,202.253809523825,1.84634920635,2.57924603175,1482.4832142906,-3.21087301586665,-4.69785714285
IT15035,Italy,IT,ITC,ITC1,ITC18,Alessandria,202.253809523825,1.84634920635,2.57924603175,1482.4832142906,-3.21087301586665,-4.69785714285
IT15036,Italy,IT,ITC,ITC1,ITC18,Alessandria,202.253809523825,1.84634920635,2.57924603175,1482.4832142906,-3.21087301586665,-4.69785714285
IT15038,Italy,IT,ITC,ITC1,ITC18,Alessandria,202.253809523825,1.84634920635,2.57924603175,1482.4832142906,-3.21087301586665,-4.69785714285
IT15039,Italy,IT,ITC,ITC1,ITC18,Alessandria,202.253809523825,1.84634920635,2.57924603175,1482.4832142906,-3.21087301586665,-4.69785714285
IT15040,Italy,IT,ITC,ITC1,ITC18,Alessandria,202.253809523825,1.84634920635,2.57924603175,1482.4832142906,-3.21087301586665,-4.69785714285
IT15042,Italy,IT,ITC,ITC1,ITC18,Alessandria,202.253809523825,1.84634920635,2.57924603175,1482.4832142906,-3.21087301586665,-4.69785714285
IT15043,Italy,IT,ITC,ITC1,ITC18,Alessandria,202.253809523825,1.84634920635,2.57924603175,1482.4832142906,-3.21087301586665,-4.69785714285
IT15044,Italy,IT,ITC,ITC1,ITC18,Alessandria,202.253809523825,1.84634920635,2.57924603175,1482.4832142906,-3.21087301586665,-4.69785714285
IT15045,Italy,IT,ITC,ITC1,ITC18,Alessandria,202.253809523825,1.84634920635,2.57924603175,1482.4832142906,-3.21087301586665,-4.69785714285
IT15046,Italy,IT,ITC,ITC1,ITC18,Alessandria,202.253809523825,1.84634920635,2.57924603175,1482.4832142906,-3.21087301586665,-4.69785714285
IT15048,Italy,IT,ITC,ITC1,ITC18,Alessandria,202.253809523825,1.84634920635,2.57924603175,1482.4832142906,-3.21087301586665,-4.69785714285
IT15049,Italy,IT,ITC,ITC1,ITC18,Alessandria,202.253809523825,1.84634920635,2.57924603175,1482.4832142906,-3.21087301586665,-4.69785714285
IT15050,Italy,IT,ITC,ITC1,ITC18,Alessandria,202.253809523825,1.84634920635,2.57924603175,1482.4832142906,-3.21087301586665,-4.69785714285
IT15051,Italy,IT,ITC,ITC1,ITC18,Alessandria,202.253809523825,1.84634920635,2.57924603175,1482.4832142906,-3.21087301586665,-4.69785714285
IT15052,Italy,IT,ITC,ITC1,ITC18,Alessandria,202.253809523825,1.84634920635,2.57924603175,1482.4832142906,-3.21087301586665,-4.69785714285
IT15053,Italy,IT,ITC,ITC1,ITC18,Alessandria,202.253809523825,1.84634920635,2.57924603175,1482.4832142906,-3.21087301586665,-4.69785714285
IT15054,Italy,IT,ITC,ITC1,ITC18,Alessandria,202.253809523825,1.84634920635,2.57924603175,1482.4832142906,-3.21087301586665,-4.69785714285
IT15055,Italy,IT,ITC,ITC1,ITC18,Alessandria,202.253809523825,1.84634920635,2.57924603175,1482.4832142906,-3.21087301586665,-4.69785714285
IT15056,Italy,IT,ITC,ITC1,ITC18,Alessandria,202.253809523825,1.84634920635,2.57924603175,1482.4832142906,-3.21087301586665,-4.69785714285
IT15057,Italy,IT,ITC,ITC1,ITC18,Alessandria,202.253809523825,1.84634920635,2.57924603175,1482.4832142906,-3.21087301586665,-4.69785714285
IT15058,Italy,IT,ITC,ITC1,ITC18,Alessandria,202.253809523825,1.84634920635,2.57924603175,1482.4832142906,-3.21087301586665,-4.69785714285
IT15059,Italy,IT,ITC,ITC1,ITC18,Alessandria,202.253809523825,1.84634920635,2.57924603175,1482.4832142906,-3.21087301586665,-4.69785714285
IT15060,Italy,IT,ITC,ITC1,ITC18,Alessandria,202.253809523825,1.84634920635,2.57924603175,1482.4832142906,-3.21087301586665,-4.69785714285
IT15061,Italy,IT,ITC,ITC1,ITC18,Alessandria,202.253809523825,1.84634920635,2.57924603175,1482.4832142906,-3.21087301586665,-4.69785714285
IT15062,Italy,IT,ITC,ITC1,ITC18,Alessandria,202.253809523825,1.84634920635,2.57924603175,1482.4832142906,-3.21087301586665,-4.69785714285
IT15063,Italy,IT,ITC,ITC1,ITC18,Alessandria,202.253809523825,1.84634920635,2.57924603175,1482.4832142906,-3.21087301586665,-4.69785714285
IT15064,Italy,IT,ITC,ITC1,ITC18,Alessandria,202.253809523825,1.84634920635,2.57924603175,1482.4832142906,-3.21087301586665,-4.69785714285
IT15065,Italy,IT,ITC,ITC1,ITC18,Alessandria,202.253809523825,1.84634920635,2.57924603175,1482.4832142906,-3.21087301586665,-4.69785714285
IT15066,Italy,IT,ITC,ITC1,ITC18,Alessandria,202.253809523825,1.84634920635,2.57924603175,1482.4832142906,-3.21087301586665,-4.69785714285
IT15067,Italy,IT,ITC,ITC1,ITC18,Alessandria,202.253809523825,1.84634920635,2.57924603175,1482.4832142906,-3.21087301586665,-4.69785714285
IT15068,Italy,IT,ITC,ITC1,ITC18,Alessandria,202.253809523825,1.84634920635,2.57924603175,1482.4832142906,-3.21087301586665,-4.69785714285
IT15069,Italy,IT,ITC,ITC1,ITC18,Alessandria,202.253809523825,1.84634920635,2.57924603175,1482.4832142906,-3.21087301586665,-4.69785714285
IT15070,Italy,IT,ITC,ITC1,ITC18,Alessandria,202.253809523825,1.84634920635,2.57924603175,1482.4832142906,-3.21087301586665,-4.69785714285
IT15071,Italy,IT,ITC,ITC1,ITC18,Alessandria,202.253809523825,1.84634920635,2.57924603175,1482.4832142906,-3.21087301586665,-4.69785714285
IT15072,Italy,IT,ITC,ITC1,ITC18,Alessandria,202.253809523825,1.84634920635,2.57924603175,1482.4832142906,-3.21087301586665,-4.69785714285
IT15073,Italy,IT,ITC,ITC1,ITC18,Alessandria,202.253809523825,1.84634920635,2.57924603175,1482.4832142906,-3.21087301586665,-4.69785714285
IT15074,Italy,IT,ITC,ITC1,ITC18,Alessandria,202.253809523825,1.84634920635,2.57924603175,1482.4832142906,-3.21087301586665,-4.69785714285
IT15075,Italy,IT,ITC,ITC1,ITC18,Alessandria,202.253809523825,1.84634920635,2.57924603175,1482.4832142906,-3.21087301586665,-4.69785714285
IT15076,Italy,IT,ITC,ITC1,ITC18,Alessandria,202.253809523825,1.84634920635,2.57924603175,1482.4832142906,-3.21087301586665,-4.69785714285
IT15077,Italy,IT,ITC,ITC1,ITC18,Alessandria,202.253809523825,1.84634920635,2.57924603175,1482.4832142906,-3.21087301586665,-4.69785714285
IT15078,Italy,IT,ITC,ITC1,ITC18,Alessandria,202.253809523825,1.84634920635,2.57924603175,1482.4832142906,-3.21087301586665,-4.69785714285
IT15079,Italy,IT,ITC,ITC1,ITC18,Alessandria,202.253809523825,1.84634920635,2.57924603175,1482.4832142906,-3.21087301586665,-4.69785714285
IT15100,Italy,IT,ITC,ITC1,ITC18,Alessandria,202.253809523825,1.84634920635,2.57924603175,1482.4832142906,-3.21087301586665,-4.69785714285
IT13010,Italy,IT,ITC,ITC1,ITC15,Novara,244.940735293924,2.14598039215,2.9274509804,1539.9198529389,-3.69460784313333,-5.45598039215
IT28010,Italy,IT,ITC,ITC1,ITC15,Novara,244.940735293924,2.14598039215,2.9274509804,1539.9198529389,-3.69460784313333,-5.45598039215
IT28011,Italy,IT,ITC,ITC1,ITC15,Novara,244.940735293924,2.14598039215,2.9274509804,1539.9198529389,-3.69460784313333,-5.45598039215
IT28012,Italy,IT,ITC,ITC1,ITC15,Novara,244.940735293924,2.14598039215,2.9274509804,1539.9198529389,-3.69460784313333,-5.45598039215
IT28013,Italy,IT,ITC,ITC1,ITC15,Novara,244.940735293924,2.14598039215,2.9274509804,1539.9198529389,-3.69460784313333,-5.45598039215
IT28014,Italy,IT,ITC,ITC1,ITC15,Novara,244.940735293924,2.14598039215,2.9274509804,1539.9198529389,-3.69460784313333,-5.45598039215
IT28015,Italy,IT,ITC,ITC1,ITC15,Novara,244.940735293924,2.14598039215,2.9274509804,1539.9198529389,-3.69460784313333,-5.45598039215
IT28016,Italy,IT,ITC,ITC1,ITC15,Novara,244.940735293924,2.14598039215,2.9274509804,1539.9198529389,-3.69460784313333,-5.45598039215
IT28017,Italy,IT,ITC,ITC1,ITC15,Novara,244.940735293924,2.14598039215,2.9274509804,1539.9198529389,-3.69460784313333,-5.45598039215
IT28019,Italy,IT,ITC,ITC1,ITC15,Novara,244.940735293924,2.14598039215,2.9274509804,1539.9198529389,-3.69460784313333,-5.45598039215
IT28021,Italy,IT,ITC,ITC1,ITC15,Novara,244.940735293924,2.14598039215,2.9274509804,1539.9198529389,-3.69460784313333,-5.45598039215
IT28024,Italy,IT,ITC,ITC1,ITC15,Novara,244.940735293924,2.14598039215,2.9274509804,1539.9198529389,-3.69460784313333,-5.45598039215
IT28028,Italy,IT,ITC,ITC1,ITC15,Novara,244.940735293924,2.14598039215,2.9274509804,1539.9198529389,-3.69460784313333,-5.45598039215
IT28040,Italy,IT,ITC,ITC1,ITC15,Novara,244.940735293924,2.14598039215,2.9274509804,1539.9198529389,-3.69460784313333,-5.45598039215
IT28041,Italy,IT,ITC,ITC1,ITC15,Novara,244.940735293924,2.14598039215,2.9274509804,1539.9198529389,-3.69460784313333,-5.45598039215
IT28043,Italy,IT,ITC,ITC1,ITC15,Novara,244.940735293924,2.14598039215,2.9274509804,1539.9198529389,-3.69460784313333,-5.45598039215
IT28045,Italy,IT,ITC,ITC1,ITC15,Novara,244.940735293924,2.14598039215,2.9274509804,1539.9198529389,-3.69460784313333,-5.45598039215
IT28046,Italy,IT,ITC,ITC1,ITC15,Novara,244.940735293924,2.14598039215,2.9274509804,1539.9198529389,-3.69460784313333,-5.45598039215
IT28047,Italy,IT,ITC,ITC1,ITC15,Novara,244.940735293924,2.14598039215,2.9274509804,1539.9198529389,-3.69460784313333,-5.45598039215
IT28050,Italy,IT,ITC,ITC1,ITC15,Novara,244.940735293924,2.14598039215,2.9274509804,1539.9198529389,-3.69460784313333,-5.45598039215
IT28053,Italy,IT,ITC,ITC1,ITC15,Novara,244.940735293924,2.14598039215,2.9274509804,1539.9198529389,-3.69460784313333,-5.45598039215
IT28060,Italy,IT,ITC,ITC1,ITC15,Novara,244.940735293924,2.14598039215,2.9274509804,1539.9198529389,-3.69460784313333,-5.45598039215
IT28061,Italy,IT,ITC,ITC1,ITC15,Novara,244.940735293924,2.14598039215,2.9274509804,1539.9198529389,-3.69460784313333,-5.45598039215
IT28062,Italy,IT,ITC,ITC1,ITC15,Novara,244.940735293924,2.14598039215,2.9274509804,1539.9198529389,-3.69460784313333,-5.45598039215
IT28064,Italy,IT,ITC,ITC1,ITC15,Novara,244.940735293924,2.14598039215,2.9274509804,1539.9198529389,-3.69460784313333,-5.45598039215
IT28065,Italy,IT,ITC,ITC1,ITC15,Novara,244.940735293924,2.14598039215,2.9274509804,1539.9198529389,-3.69460784313333,-5.45598039215
IT28066,Italy,IT,ITC,ITC1,ITC15,Novara,244.940735293924,2.14598039215,2.9274509804,1539.9198529389,-3.69460784313333,-5.45598039215
IT28068,Italy,IT,ITC,ITC1,ITC15,Novara,244.940735293924,2.14598039215,2.9274509804,1539.9198529389,-3.69460784313333,-5.45598039215
IT28069,Italy,IT,ITC,ITC1,ITC15,Novara,244.940735293924,2.14598039215,2.9274509804,1539.9198529389,-3.69460784313333,-5.45598039215
IT28070,Italy,IT,ITC,ITC1,ITC15,Novara,244.940735293924,2.14598039215,2.9274509804,1539.9198529389,-3.69460784313333,-5.45598039215
IT28071,Italy,IT,ITC,ITC1,ITC15,Novara,244.940735293924,2.14598039215,2.9274509804,1539.9198529389,-3.69460784313333,-5.45598039215
IT28072,Italy,IT,ITC,ITC1,ITC15,Novara,244.940735293924,2.14598039215,2.9274509804,1539.9198529389,-3.69460784313333,-5.45598039215
IT28073,Italy,IT,ITC,ITC1,ITC15,Novara,244.940735293924,2.14598039215,2.9274509804,1539.9198529389,-3.69460784313333,-5.45598039215
IT28074,Italy,IT,ITC,ITC1,ITC15,Novara,244.940735293924,2.14598039215,2.9274509804,1539.9198529389,-3.69460784313333,-5.45598039215
IT28075,Italy,IT,ITC,ITC1,ITC15,Novara,244.940735293924,2.14598039215,2.9274509804,1539.9198529389,-3.69460784313333,-5.45598039215
IT28076,Italy,IT,ITC,ITC1,ITC15,Novara,244.940735293924,2.14598039215,2.9274509804,1539.9198529389,-3.69460784313333,-5.45598039215
IT28077,Italy,IT,ITC,ITC1,ITC15,Novara,244.940735293924,2.14598039215,2.9274509804,1539.9198529389,-3.69460784313333,-5.45598039215
IT28078,Italy,IT,ITC,ITC1,ITC15,Novara,244.940735293924,2.14598039215,2.9274509804,1539.9198529389,-3.69460784313333,-5.45598039215
IT28079,Italy,IT,ITC,ITC1,ITC15,Novara,244.940735293924,2.14598039215,2.9274509804,1539.9198529389,-3.69460784313333,-5.45598039215
IT28100,Italy,IT,ITC,ITC1,ITC15,Novara,244.940735293924,2.14598039215,2.9274509804,1539.9198529389,-3.69460784313333,-5.45598039215
IT10030,Italy,IT,ITC,ITC1,ITC12,Vercelli,177.786346153989,1.58115384615333,2.21160256409998,1806.26759614994,-3.6633974359,-5.43006410256665
IT10035,Italy,IT,ITC,ITC1,ITC12,Vercelli,177.786346153989,1.58115384615333,2.21160256409998,1806.26759614994,-3.6633974359,-5.43006410256665
IT13011,Italy,IT,ITC,ITC1,ITC12,Vercelli,177.786346153989,1.58115384615333,2.21160256409998,1806.26759614994,-3.6633974359,-5.43006410256665
IT13012,Italy,IT,ITC,ITC1,ITC12,Vercelli,177.786346153989,1.58115384615333,2.21160256409998,1806.26759614994,-3.6633974359,-5.43006410256665
IT13017,Italy,IT,ITC,ITC1,ITC12,Vercelli,177.786346153989,1.58115384615333,2.21160256409998,1806.26759614994,-3.6633974359,-5.43006410256665
IT13018,Italy,IT,ITC,ITC1,ITC12,Vercelli,177.786346153989,1.58115384615333,2.21160256409998,1806.26759614994,-3.6633974359,-5.43006410256665
IT13019,Italy,IT,ITC,ITC1,ITC12,Vercelli,177.786346153989,1.58115384615333,2.21160256409998,1806.26759614994,-3.6633974359,-5.43006410256665
IT13020,Italy,IT,ITC,ITC1,ITC12,Vercelli,177.786346153989,1.58115384615333,2.21160256409998,1806.26759614994,-3.6633974359,-5.43006410256665
IT13021,Italy,IT,ITC,ITC1,ITC12,Vercelli,177.786346153989,1.58115384615333,2.21160256409998,1806.26759614994,-3.6633974359,-5.43006410256665
IT13022,Italy,IT,ITC,ITC1,ITC12,Vercelli,177.786346153989,1.58115384615333,2.21160256409998,1806.26759614994,-3.6633974359,-5.43006410256665
IT13023,Italy,IT,ITC,ITC1,ITC12,Vercelli,177.786346153989,1.58115384615333,2.21160256409998,1806.26759614994,-3.6633974359,-5.43006410256665
IT13024,Italy,IT,ITC,ITC1,ITC12,Vercelli,177.786346153989,1.58115384615333,2.21160256409998,1806.26759614994,-3.6633974359,-5.43006410256665
IT13025,Italy,IT,ITC,ITC1,ITC12,Vercelli,177.786346153989,1.58115384615333,2.21160256409998,1806.26759614994,-3.6633974359,-5.43006410256665
IT13026,Italy,IT,ITC,ITC1,ITC12,Vercelli,177.786346153989,1.58115384615333,2.21160256409998,1806.26759614994,-3.6633974359,-5.43006410256665
IT13027,Italy,IT,ITC,ITC1,ITC12,Vercelli,177.786346153989,1.58115384615333,2.21160256409998,1806.26759614994,-3.6633974359,-5.43006410256665
IT13028,Italy,IT,ITC,ITC1,ITC12,Vercelli,177.786346153989,1.58115384615333,2.21160256409998,1806.26759614994,-3.6633974359,-5.43006410256665
IT13030,Italy,IT,ITC,ITC1,ITC12,Vercelli,177.786346153989,1.58115384615333,2.21160256409998,1806.26759614994,-3.6633974359,-5.43006410256665
IT13031,Italy,IT,ITC,ITC1,ITC12,Vercelli,177.786346153989,1.58115384615333,2.21160256409998,1806.26759614994,-3.6633974359,-5.43006410256665
IT13032,Italy,IT,ITC,ITC1,ITC12,Vercelli,177.786346153989,1.58115384615333,2.21160256409998,1806.26759614994,-3.6633974359,-5.43006410256665
IT13033,Italy,IT,ITC,ITC1,ITC12,Vercelli,177.786346153989,1.58115384615333,2.21160256409998,1806.26759614994,-3.6633974359,-5.43006410256665
IT13034,Italy,IT,ITC,ITC1,ITC12,Vercelli,177.786346153989,1.58115384615333,2.21160256409998,1806.26759614994,-3.6633974359,-5.43006410256665
IT13035,Italy,IT,ITC,ITC1,ITC12,Vercelli,177.786346153989,1.58115384615333,2.21160256409998,1806.26759614994,-3.6633974359,-5.43006410256665
IT13036,Italy,IT,ITC,ITC1,ITC12,Vercelli,177.786346153989,1.58115384615333,2.21160256409998,1806.26759614994,-3.6633974359,-5.43006410256665
IT13037,Italy,IT,ITC,ITC1,ITC12,Vercelli,177.786346153989,1.58115384615333,2.21160256409998,1806.26759614994,-3.6633974359,-5.43006410256665
IT13038,Italy,IT,ITC,ITC1,ITC12,Vercelli,177.786346153989,1.58115384615333,2.21160256409998,1806.26759614994,-3.6633974359,-5.43006410256665
IT13039,Italy,IT,ITC,ITC1,ITC12,Vercelli,177.786346153989,1.58115384615333,2.21160256409998,1806.26759614994,-3.6633974359,-5.43006410256665
IT13040,Italy,IT,ITC,ITC1,ITC12,Vercelli,177.786346153989,1.58115384615333,2.21160256409998,1806.26759614994,-3.6633974359,-5.43006410256665
IT13041,Italy,IT,ITC,ITC1,ITC12,Vercelli,177.786346153989,1.58115384615333,2.21160256409998,1806.26759614994,-3.6633974359,-5.43006410256665
IT13043,Italy,IT,ITC,ITC1,ITC12,Vercelli,177.786346153989,1.58115384615333,2.21160256409998,1806.26759614994,-3.6633974359,-5.43006410256665
IT13044,Italy,IT,ITC,ITC1,ITC12,Vercelli,177.786346153989,1.58115384615333,2.21160256409998,1806.26759614994,-3.6633974359,-5.43006410256665
IT13045,Italy,IT,ITC,ITC1,ITC12,Vercelli,177.786346153989,1.58115384615333,2.21160256409998,1806.26759614994,-3.6633974359,-5.43006410256665
IT13046,Italy,IT,ITC,ITC1,ITC12,Vercelli,177.786346153989,1.58115384615333,2.21160256409998,1806.26759614994,-3.6633974359,-5.43006410256665
IT13047,Italy,IT,ITC,ITC1,ITC12,Vercelli,177.786346153989,1.58115384615333,2.21160256409998,1806.26759614994,-3.6633974359,-5.43006410256665
IT13048,Italy,IT,ITC,ITC1,ITC12,Vercelli,177.786346153989,1.58115384615333,2.21160256409998,1806.26759614994,-3.6633974359,-5.43006410256665
IT13049,Italy,IT,ITC,ITC1,ITC12,Vercelli,177.786346153989,1.58115384615333,2.21160256409998,1806.26759614994,-3.6633974359,-5.43006410256665
IT13060,Italy,IT,ITC,ITC1,ITC12,Vercelli,177.786346153989,1.58115384615333,2.21160256409998,1806.26759614994,-3.6633974359,-5.43006410256665
IT13100,Italy,IT,ITC,ITC1,ITC12,Vercelli,177.786346153989,1.58115384615333,2.21160256409998,1806.26759614994,-3.6633974359,-5.43006410256665
IT91010,Italy,IT,ITG,ITG1,ITG11,Trapani,377.0193,2.7854,4.06006666666667,456.4918,-2.25026666666665,-3.32006666666667
IT91011,Italy,IT,ITG,ITG1,ITG11,Trapani,377.0193,2.7854,4.06006666666667,456.4918,-2.25026666666665,-3.32006666666667
IT91012,Italy,IT,ITG,ITG1,ITG11,Trapani,377.0193,2.7854,4.06006666666667,456.4918,-2.25026666666665,-3.32006666666667
IT91013,Italy,IT,ITG,ITG1,ITG11,Trapani,377.0193,2.7854,4.06006666666667,456.4918,-2.25026666666665,-3.32006666666667
IT91014,Italy,IT,ITG,ITG1,ITG11,Trapani,377.0193,2.7854,4.06006666666667,456.4918,-2.25026666666665,-3.32006666666667
IT91015,Italy,IT,ITG,ITG1,ITG11,Trapani,377.0193,2.7854,4.06006666666667,456.4918,-2.25026666666665,-3.32006666666667
IT91016,Italy,IT,ITG,ITG1,ITG11,Trapani,377.0193,2.7854,4.06006666666667,456.4918,-2.25026666666665,-3.32006666666667
IT91017,Italy,IT,ITG,ITG1,ITG11,Trapani,377.0193,2.7854,4.06006666666667,456.4918,-2.25026666666665,-3.32006666666667
IT91018,Italy,IT,ITG,ITG1,ITG11,Trapani,377.0193,2.7854,4.06006666666667,456.4918,-2.25026666666665,-3.32006666666667
IT91019,Italy,IT,ITG,ITG1,ITG11,Trapani,377.0193,2.7854,4.06006666666667,456.4918,-2.25026666666665,-3.32006666666667
IT91020,Italy,IT,ITG,ITG1,ITG11,Trapani,377.0193,2.7854,4.06006666666667,456.4918,-2.25026666666665,-3.32006666666667
IT91021,Italy,IT,ITG,ITG1,ITG11,Trapani,377.0193,2.7854,4.06006666666667,456.4918,-2.25026666666665,-3.32006666666667
IT91022,Italy,IT,ITG,ITG1,ITG11,Trapani,377.0193,2.7854,4.06006666666667,456.4918,-2.25026666666665,-3.32006666666667
IT91023,Italy,IT,ITG,ITG1,ITG11,Trapani,377.0193,2.7854,4.06006666666667,456.4918,-2.25026666666665,-3.32006666666667
IT91024,Italy,IT,ITG,ITG1,ITG11,Trapani,377.0193,2.7854,4.06006666666667,456.4918,-2.25026666666665,-3.32006666666667
IT91025,Italy,IT,ITG,ITG1,ITG11,Trapani,377.0193,2.7854,4.06006666666667,456.4918,-2.25026666666665,-3.32006666666667
IT91026,Italy,IT,ITG,ITG1,ITG11,Trapani,377.0193,2.7854,4.06006666666667,456.4918,-2.25026666666665,-3.32006666666667
IT91027,Italy,IT,ITG,ITG1,ITG11,Trapani,377.0193,2.7854,4.06006666666667,456.4918,-2.25026666666665,-3.32006666666667
IT91028,Italy,IT,ITG,ITG1,ITG11,Trapani,377.0193,2.7854,4.06006666666667,456.4918,-2.25026666666665,-3.32006666666667
IT91029,Italy,IT,ITG,ITG1,ITG11,Trapani,377.0193,2.7854,4.06006666666667,456.4918,-2.25026666666665,-3.32006666666667
IT91100,Italy,IT,ITG,ITG1,ITG11,Trapani,377.0193,2.7854,4.06006666666667,456.4918,-2.25026666666665,-3.32006666666667
IT93010,Italy,IT,ITG,ITG1,ITG15,Caltanissetta,299.356590909274,2.48378787878333,3.68333333333333,606.606249999575,-2.52765151515,-3.76727272726667
IT93011,Italy,IT,ITG,ITG1,ITG15,Caltanissetta,299.356590909274,2.48378787878333,3.68333333333333,606.606249999575,-2.52765151515,-3.76727272726667
IT93012,Italy,IT,ITG,ITG1,ITG15,Caltanissetta,299.356590909274,2.48378787878333,3.68333333333333,606.606249999575,-2.52765151515,-3.76727272726667
IT93013,Italy,IT,ITG,ITG1,ITG15,Caltanissetta,299.356590909274,2.48378787878333,3.68333333333333,606.606249999575,-2.52765151515,-3.76727272726667
IT93014,Italy,IT,ITG,ITG1,ITG15,Caltanissetta,299.356590909274,2.48378787878333,3.68333333333333,606.606249999575,-2.52765151515,-3.76727272726667
IT93015,Italy,IT,ITG,ITG1,ITG15,Caltanissetta,299.356590909274,2.48378787878333,3.68333333333333,606.606249999575,-2.52765151515,-3.76727272726667
IT93016,Italy,IT,ITG,ITG1,ITG15,Caltanissetta,299.356590909274,2.48378787878333,3.68333333333333,606.606249999575,-2.52765151515,-3.76727272726667
IT93017,Italy,IT,ITG,ITG1,ITG15,Caltanissetta,299.356590909274,2.48378787878333,3.68333333333333,606.606249999575,-2.52765151515,-3.76727272726667
IT93018,Italy,IT,ITG,ITG1,ITG15,Caltanissetta,299.356590909274,2.48378787878333,3.68333333333333,606.606249999575,-2.52765151515,-3.76727272726667
IT93019,Italy,IT,ITG,ITG1,ITG15,Caltanissetta,299.356590909274,2.48378787878333,3.68333333333333,606.606249999575,-2.52765151515,-3.76727272726667
IT8013,Italy,IT,ITG,ITG2,ITG28,Oristano,273.558359375,1.98119791666667,2.78291666666665,714.046796874999,-2.40401041666665,-3.69749999999998
IT8019,Italy,IT,ITG,ITG2,ITG28,Oristano,273.558359375,1.98119791666667,2.78291666666665,714.046796874999,-2.40401041666665,-3.69749999999998
IT8034,Italy,IT,ITG,ITG2,ITG28,Oristano,273.558359375,1.98119791666667,2.78291666666665,714.046796874999,-2.40401041666665,-3.69749999999998
IT9070,Italy,IT,ITG,ITG2,ITG28,Oristano,273.558359375,1.98119791666667,2.78291666666665,714.046796874999,-2.40401041666665,-3.69749999999998
IT9071,Italy,IT,ITG,ITG2,ITG28,Oristano,273.558359375,1.98119791666667,2.78291666666665,714.046796874999,-2.40401041666665,-3.69749999999998
IT9072,Italy,IT,ITG,ITG2,ITG28,Oristano,273.558359375,1.98119791666667,2.78291666666665,714.046796874999,-2.40401041666665,-3.69749999999998
IT9073,Italy,IT,ITG,ITG2,ITG28,Oristano,273.558359375,1.98119791666667,2.78291666666665,714.046796874999,-2.40401041666665,-3.69749999999998
IT9074,Italy,IT,ITG,ITG2,ITG28,Oristano,273.558359375,1.98119791666667,2.78291666666665,714.046796874999,-2.40401041666665,-3.69749999999998
IT9075,Italy,IT,ITG,ITG2,ITG28,Oristano,273.558359375,1.98119791666667,2.78291666666665,714.046796874999,-2.40401041666665,-3.69749999999998
IT9076,Italy,IT,ITG,ITG2,ITG28,Oristano,273.558359375,1.98119791666667,2.78291666666665,714.046796874999,-2.40401041666665,-3.69749999999998
IT9077,Italy,IT,ITG,ITG2,ITG28,Oristano,273.558359375,1.98119791666667,2.78291666666665,714.046796874999,-2.40401041666665,-3.69749999999998
IT9078,Italy,IT,ITG,ITG2,ITG28,Oristano,273.558359375,1.98119791666667,2.78291666666665,714.046796874999,-2.40401041666665,-3.69749999999998
IT9079,Italy,IT,ITG,ITG2,ITG28,Oristano,273.558359375,1.98119791666667,2.78291666666665,714.046796874999,-2.40401041666665,-3.69749999999998
IT9080,Italy,IT,ITG,ITG2,ITG28,Oristano,273.558359375,1.98119791666667,2.78291666666665,714.046796874999,-2.40401041666665,-3.69749999999998
IT9081,Italy,IT,ITG,ITG2,ITG28,Oristano,273.558359375,1.98119791666667,2.78291666666665,714.046796874999,-2.40401041666665,-3.69749999999998
IT9082,Italy,IT,ITG,ITG2,ITG28,Oristano,273.558359375,1.98119791666667,2.78291666666665,714.046796874999,-2.40401041666665,-3.69749999999998
IT9083,Italy,IT,ITG,ITG2,ITG28,Oristano,273.558359375,1.98119791666667,2.78291666666665,714.046796874999,-2.40401041666665,-3.69749999999998
IT9084,Italy,IT,ITG,ITG2,ITG28,Oristano,273.558359375,1.98119791666667,2.78291666666665,714.046796874999,-2.40401041666665,-3.69749999999998
IT9085,Italy,IT,ITG,ITG2,ITG28,Oristano,273.558359375,1.98119791666667,2.78291666666665,714.046796874999,-2.40401041666665,-3.69749999999998
IT9086,Italy,IT,ITG,ITG2,ITG28,Oristano,273.558359375,1.98119791666667,2.78291666666665,714.046796874999,-2.40401041666665,-3.69749999999998
IT9088,Italy,IT,ITG,ITG2,ITG28,Oristano,273.558359375,1.98119791666667,2.78291666666665,714.046796874999,-2.40401041666665,-3.69749999999998
IT9090,Italy,IT,ITG,ITG2,ITG28,Oristano,273.558359375,1.98119791666667,2.78291666666665,714.046796874999,-2.40401041666665,-3.69749999999998
IT9091,Italy,IT,ITG,ITG2,ITG28,Oristano,273.558359375,1.98119791666667,2.78291666666665,714.046796874999,-2.40401041666665,-3.69749999999998
IT9092,Italy,IT,ITG,ITG2,ITG28,Oristano,273.558359375,1.98119791666667,2.78291666666665,714.046796874999,-2.40401041666665,-3.69749999999998
IT9093,Italy,IT,ITG,ITG2,ITG28,Oristano,273.558359375,1.98119791666667,2.78291666666665,714.046796874999,-2.40401041666665,-3.69749999999998
IT9094,Italy,IT,ITG,ITG2,ITG28,Oristano,273.558359375,1.98119791666667,2.78291666666665,714.046796874999,-2.40401041666665,-3.69749999999998
IT9095,Italy,IT,ITG,ITG2,ITG28,Oristano,273.558359375,1.98119791666667,2.78291666666665,714.046796874999,-2.40401041666665,-3.69749999999998
IT9096,Italy,IT,ITG,ITG2,ITG28,Oristano,273.558359375,1.98119791666667,2.78291666666665,714.046796874999,-2.40401041666665,-3.69749999999998
IT9097,Italy,IT,ITG,ITG2,ITG28,Oristano,273.558359375,1.98119791666667,2.78291666666665,714.046796874999,-2.40401041666665,-3.69749999999998
IT9098,Italy,IT,ITG,ITG2,ITG28,Oristano,273.558359375,1.98119791666667,2.78291666666665,714.046796874999,-2.40401041666665,-3.69749999999998
IT9099,Italy,IT,ITG,ITG2,ITG28,Oristano,273.558359375,1.98119791666667,2.78291666666665,714.046796874999,-2.40401041666665,-3.69749999999998
IT9170,Italy,IT,ITG,ITG2,ITG28,Oristano,273.558359375,1.98119791666667,2.78291666666665,714.046796874999,-2.40401041666665,-3.69749999999998
IT89010,Italy,IT,ITF,ITF6,ITF65,Reggio di Calabria,346.933629031849,2.6338172043,3.8859139785,636.225080645375,-2.57704301075,-3.78295698924998
IT89011,Italy,IT,ITF,ITF6,ITF65,Reggio di Calabria,346.933629031849,2.6338172043,3.8859139785,636.225080645375,-2.57704301075,-3.78295698924998
IT89012,Italy,IT,ITF,ITF6,ITF65,Reggio di Calabria,346.933629031849,2.6338172043,3.8859139785,636.225080645375,-2.57704301075,-3.78295698924998
IT89013,Italy,IT,ITF,ITF6,ITF65,Reggio di Calabria,346.933629031849,2.6338172043,3.8859139785,636.225080645375,-2.57704301075,-3.78295698924998
IT89014,Italy,IT,ITF,ITF6,ITF65,Reggio di Calabria,346.933629031849,2.6338172043,3.8859139785,636.225080645375,-2.57704301075,-3.78295698924998
IT89015,Italy,IT,ITF,ITF6,ITF65,Reggio di Calabria,346.933629031849,2.6338172043,3.8859139785,636.225080645375,-2.57704301075,-3.78295698924998
IT89016,Italy,IT,ITF,ITF6,ITF65,Reggio di Calabria,346.933629031849,2.6338172043,3.8859139785,636.225080645375,-2.57704301075,-3.78295698924998
IT89017,Italy,IT,ITF,ITF6,ITF65,Reggio di Calabria,346.933629031849,2.6338172043,3.8859139785,636.225080645375,-2.57704301075,-3.78295698924998
IT89018,Italy,IT,ITF,ITF6,ITF65,Reggio di Calabria,346.933629031849,2.6338172043,3.8859139785,636.225080645375,-2.57704301075,-3.78295698924998
IT89020,Italy,IT,ITF,ITF6,ITF65,Reggio di Calabria,346.933629031849,2.6338172043,3.8859139785,636.225080645375,-2.57704301075,-3.78295698924998
IT89021,Italy,IT,ITF,ITF6,ITF65,Reggio di Calabria,346.933629031849,2.6338172043,3.8859139785,636.225080645375,-2.57704301075,-3.78295698924998
IT89022,Italy,IT,ITF,ITF6,ITF65,Reggio di Calabria,346.933629031849,2.6338172043,3.8859139785,636.225080645375,-2.57704301075,-3.78295698924998
IT89023,Italy,IT,ITF,ITF6,ITF65,Reggio di Calabria,346.933629031849,2.6338172043,3.8859139785,636.225080645375,-2.57704301075,-3.78295698924998
IT89024,Italy,IT,ITF,ITF6,ITF65,Reggio di Calabria,346.933629031849,2.6338172043,3.8859139785,636.225080645375,-2.57704301075,-3.78295698924998
IT89025,Italy,IT,ITF,ITF6,ITF65,Reggio di Calabria,346.933629031849,2.6338172043,3.8859139785,636.225080645375,-2.57704301075,-3.78295698924998
IT89026,Italy,IT,ITF,ITF6,ITF65,Reggio di Calabria,346.933629031849,2.6338172043,3.8859139785,636.225080645375,-2.57704301075,-3.78295698924998
IT89027,Italy,IT,ITF,ITF6,ITF65,Reggio di Calabria,346.933629031849,2.6338172043,3.8859139785,636.225080645375,-2.57704301075,-3.78295698924998
IT89028,Italy,IT,ITF,ITF6,ITF65,Reggio di Calabria,346.933629031849,2.6338172043,3.8859139785,636.225080645375,-2.57704301075,-3.78295698924998
IT89029,Italy,IT,ITF,ITF6,ITF65,Reggio di Calabria,346.933629031849,2.6338172043,3.8859139785,636.225080645375,-2.57704301075,-3.78295698924998
IT89030,Italy,IT,ITF,ITF6,ITF65,Reggio di Calabria,346.933629031849,2.6338172043,3.8859139785,636.225080645375,-2.57704301075,-3.78295698924998
IT89031,Italy,IT,ITF,ITF6,ITF65,Reggio di Calabria,346.933629031849,2.6338172043,3.8859139785,636.225080645375,-2.57704301075,-3.78295698924998
IT89032,Italy,IT,ITF,ITF6,ITF65,Reggio di Calabria,346.933629031849,2.6338172043,3.8859139785,636.225080645375,-2.57704301075,-3.78295698924998
IT89033,Italy,IT,ITF,ITF6,ITF65,Reggio di Calabria,346.933629031849,2.6338172043,3.8859139785,636.225080645375,-2.57704301075,-3.78295698924998
IT89034,Italy,IT,ITF,ITF6,ITF65,Reggio di Calabria,346.933629031849,2.6338172043,3.8859139785,636.225080645375,-2.57704301075,-3.78295698924998
IT89035,Italy,IT,ITF,ITF6,ITF65,Reggio di Calabria,346.933629031849,2.6338172043,3.8859139785,636.225080645375,-2.57704301075,-3.78295698924998
IT89036,Italy,IT,ITF,ITF6,ITF65,Reggio di Calabria,346.933629031849,2.6338172043,3.8859139785,636.225080645375,-2.57704301075,-3.78295698924998
IT89037,Italy,IT,ITF,ITF6,ITF65,Reggio di Calabria,346.933629031849,2.6338172043,3.8859139785,636.225080645375,-2.57704301075,-3.78295698924998
IT89038,Italy,IT,ITF,ITF6,ITF65,Reggio di Calabria,346.933629031849,2.6338172043,3.8859139785,636.225080645375,-2.57704301075,-3.78295698924998
IT89039,Italy,IT,ITF,ITF6,ITF65,Reggio di Calabria,346.933629031849,2.6338172043,3.8859139785,636.225080645375,-2.57704301075,-3.78295698924998
IT89040,Italy,IT,ITF,ITF6,ITF65,Reggio di Calabria,346.933629031849,2.6338172043,3.8859139785,636.225080645375,-2.57704301075,-3.78295698924998
IT89041,Italy,IT,ITF,ITF6,ITF65,Reggio di Calabria,346.933629031849,2.6338172043,3.8859139785,636.225080645375,-2.57704301075,-3.78295698924998
IT89042,Italy,IT,ITF,ITF6,ITF65,Reggio di Calabria,346.933629031849,2.6338172043,3.8859139785,636.225080645375,-2.57704301075,-3.78295698924998
IT89043,Italy,IT,ITF,ITF6,ITF65,Reggio di Calabria,346.933629031849,2.6338172043,3.8859139785,636.225080645375,-2.57704301075,-3.78295698924998
IT89044,Italy,IT,ITF,ITF6,ITF65,Reggio di Calabria,346.933629031849,2.6338172043,3.8859139785,636.225080645375,-2.57704301075,-3.78295698924998
IT89045,Italy,IT,ITF,ITF6,ITF65,Reggio di Calabria,346.933629031849,2.6338172043,3.8859139785,636.225080645375,-2.57704301075,-3.78295698924998
IT89046,Italy,IT,ITF,ITF6,ITF65,Reggio di Calabria,346.933629031849,2.6338172043,3.8859139785,636.225080645375,-2.57704301075,-3.78295698924998
IT89047,Italy,IT,ITF,ITF6,ITF65,Reggio di Calabria,346.933629031849,2.6338172043,3.8859139785,636.225080645375,-2.57704301075,-3.78295698924998
IT89048,Italy,IT,ITF,ITF6,ITF65,Reggio di Calabria,346.933629031849,2.6338172043,3.8859139785,636.225080645375,-2.57704301075,-3.78295698924998
IT89049,Italy,IT,ITF,ITF6,ITF65,Reggio di Calabria,346.933629031849,2.6338172043,3.8859139785,636.225080645375,-2.57704301075,-3.78295698924998
IT89050,Italy,IT,ITF,ITF6,ITF65,Reggio di Calabria,346.933629031849,2.6338172043,3.8859139785,636.225080645375,-2.57704301075,-3.78295698924998
IT89052,Italy,IT,ITF,ITF6,ITF65,Reggio di Calabria,346.933629031849,2.6338172043,3.8859139785,636.225080645375,-2.57704301075,-3.78295698924998
IT89054,Italy,IT,ITF,ITF6,ITF65,Reggio di Calabria,346.933629031849,2.6338172043,3.8859139785,636.225080645375,-2.57704301075,-3.78295698924998
IT89056,Italy,IT,ITF,ITF6,ITF65,Reggio di Calabria,346.933629031849,2.6338172043,3.8859139785,636.225080645375,-2.57704301075,-3.78295698924998
IT89057,Italy,IT,ITF,ITF6,ITF65,Reggio di Calabria,346.933629031849,2.6338172043,3.8859139785,636.225080645375,-2.57704301075,-3.78295698924998
IT89058,Italy,IT,ITF,ITF6,ITF65,Reggio di Calabria,346.933629031849,2.6338172043,3.8859139785,636.225080645375,-2.57704301075,-3.78295698924998
IT89060,Italy,IT,ITF,ITF6,ITF65,Reggio di Calabria,346.933629031849,2.6338172043,3.8859139785,636.225080645375,-2.57704301075,-3.78295698924998
IT89062,Italy,IT,ITF,ITF6,ITF65,Reggio di Calabria,346.933629031849,2.6338172043,3.8859139785,636.225080645375,-2.57704301075,-3.78295698924998
IT89063,Italy,IT,ITF,ITF6,ITF65,Reggio di Calabria,346.933629031849,2.6338172043,3.8859139785,636.225080645375,-2.57704301075,-3.78295698924998
IT89064,Italy,IT,ITF,ITF6,ITF65,Reggio di Calabria,346.933629031849,2.6338172043,3.8859139785,636.225080645375,-2.57704301075,-3.78295698924998
IT89065,Italy,IT,ITF,ITF6,ITF65,Reggio di Calabria,346.933629031849,2.6338172043,3.8859139785,636.225080645375,-2.57704301075,-3.78295698924998
IT89069,Italy,IT,ITF,ITF6,ITF65,Reggio di Calabria,346.933629031849,2.6338172043,3.8859139785,636.225080645375,-2.57704301075,-3.78295698924998
IT89100,Italy,IT,ITF,ITF6,ITF65,Reggio di Calabria,346.933629031849,2.6338172043,3.8859139785,636.225080645375,-2.57704301075,-3.78295698924998
IT89121,Italy,IT,ITF,ITF6,ITF65,Reggio di Calabria,346.933629031849,2.6338172043,3.8859139785,636.225080645375,-2.57704301075,-3.78295698924998
IT89122,Italy,IT,ITF,ITF6,ITF65,Reggio di Calabria,346.933629031849,2.6338172043,3.8859139785,636.225080645375,-2.57704301075,-3.78295698924998
IT89123,Italy,IT,ITF,ITF6,ITF65,Reggio di Calabria,346.933629031849,2.6338172043,3.8859139785,636.225080645375,-2.57704301075,-3.78295698924998
IT89124,Italy,IT,ITF,ITF6,ITF65,Reggio di Calabria,346.933629031849,2.6338172043,3.8859139785,636.225080645375,-2.57704301075,-3.78295698924998
IT89125,Italy,IT,ITF,ITF6,ITF65,Reggio di Calabria,346.933629031849,2.6338172043,3.8859139785,636.225080645375,-2.57704301075,-3.78295698924998
IT89126,Italy,IT,ITF,ITF6,ITF65,Reggio di Calabria,346.933629031849,2.6338172043,3.8859139785,636.225080645375,-2.57704301075,-3.78295698924998
IT89127,Italy,IT,ITF,ITF6,ITF65,Reggio di Calabria,346.933629031849,2.6338172043,3.8859139785,636.225080645375,-2.57704301075,-3.78295698924998
IT89128,Italy,IT,ITF,ITF6,ITF65,Reggio di Calabria,346.933629031849,2.6338172043,3.8859139785,636.225080645375,-2.57704301075,-3.78295698924998
IT89129,Italy,IT,ITF,ITF6,ITF65,Reggio di Calabria,346.933629031849,2.6338172043,3.8859139785,636.225080645375,-2.57704301075,-3.78295698924998
IT89131,Italy,IT,ITF,ITF6,ITF65,Reggio di Calabria,346.933629031849,2.6338172043,3.8859139785,636.225080645375,-2.57704301075,-3.78295698924998
IT89132,Italy,IT,ITF,ITF6,ITF65,Reggio di Calabria,346.933629031849,2.6338172043,3.8859139785,636.225080645375,-2.57704301075,-3.78295698924998
IT89133,Italy,IT,ITF,ITF6,ITF65,Reggio di Calabria,346.933629031849,2.6338172043,3.8859139785,636.225080645375,-2.57704301075,-3.78295698924998
IT89134,Italy,IT,ITF,ITF6,ITF65,Reggio di Calabria,346.933629031849,2.6338172043,3.8859139785,636.225080645375,-2.57704301075,-3.78295698924998
IT89135,Italy,IT,ITF,ITF6,ITF65,Reggio di Calabria,346.933629031849,2.6338172043,3.8859139785,636.225080645375,-2.57704301075,-3.78295698924998
IT65010,Italy,IT,ITF,ITF1,ITF13,Pescara,178.906249999999,1.5875,2.24428571428333,1347.22892856853,-3.06738095238332,-4.78011904761665
IT65011,Italy,IT,ITF,ITF1,ITF13,Pescara,178.906249999999,1.5875,2.24428571428333,1347.22892856853,-3.06738095238332,-4.78011904761665
IT65012,Italy,IT,ITF,ITF1,ITF13,Pescara,178.906249999999,1.5875,2.24428571428333,1347.22892856853,-3.06738095238332,-4.78011904761665
IT65013,Italy,IT,ITF,ITF1,ITF13,Pescara,178.906249999999,1.5875,2.24428571428333,1347.22892856853,-3.06738095238332,-4.78011904761665
IT65014,Italy,IT,ITF,ITF1,ITF13,Pescara,178.906249999999,1.5875,2.24428571428333,1347.22892856853,-3.06738095238332,-4.78011904761665
IT65015,Italy,IT,ITF,ITF1,ITF13,Pescara,178.906249999999,1.5875,2.24428571428333,1347.22892856853,-3.06738095238332,-4.78011904761665
IT65017,Italy,IT,ITF,ITF1,ITF13,Pescara,178.906249999999,1.5875,2.24428571428333,1347.22892856853,-3.06738095238332,-4.78011904761665
IT65019,Italy,IT,ITF,ITF1,ITF13,Pescara,178.906249999999,1.5875,2.24428571428333,1347.22892856853,-3.06738095238332,-4.78011904761665
IT65020,Italy,IT,ITF,ITF1,ITF13,Pescara,178.906249999999,1.5875,2.24428571428333,1347.22892856853,-3.06738095238332,-4.78011904761665
IT65022,Italy,IT,ITF,ITF1,ITF13,Pescara,178.906249999999,1.5875,2.24428571428333,1347.22892856853,-3.06738095238332,-4.78011904761665
IT65023,Italy,IT,ITF,ITF1,ITF13,Pescara,178.906249999999,1.5875,2.24428571428333,1347.22892856853,-3.06738095238332,-4.78011904761665
IT65024,Italy,IT,ITF,ITF1,ITF13,Pescara,178.906249999999,1.5875,2.24428571428333,1347.22892856853,-3.06738095238332,-4.78011904761665
IT65025,Italy,IT,ITF,ITF1,ITF13,Pescara,178.906249999999,1.5875,2.24428571428333,1347.22892856853,-3.06738095238332,-4.78011904761665
IT65026,Italy,IT,ITF,ITF1,ITF13,Pescara,178.906249999999,1.5875,2.24428571428333,1347.22892856853,-3.06738095238332,-4.78011904761665
IT65027,Italy,IT,ITF,ITF1,ITF13,Pescara,178.906249999999,1.5875,2.24428571428333,1347.22892856853,-3.06738095238332,-4.78011904761665
IT65028,Italy,IT,ITF,ITF1,ITF13,Pescara,178.906249999999,1.5875,2.24428571428333,1347.22892856853,-3.06738095238332,-4.78011904761665
IT65029,Italy,IT,ITF,ITF1,ITF13,Pescara,178.906249999999,1.5875,2.24428571428333,1347.22892856853,-3.06738095238332,-4.78011904761665
IT65100,Italy,IT,ITF,ITF1,ITF13,Pescara,178.906249999999,1.5875,2.24428571428333,1347.22892856853,-3.06738095238332,-4.78011904761665
IT65121,Italy,IT,ITF,ITF1,ITF13,Pescara,178.906249999999,1.5875,2.24428571428333,1347.22892856853,-3.06738095238332,-4.78011904761665
IT65122,Italy,IT,ITF,ITF1,ITF13,Pescara,178.906249999999,1.5875,2.24428571428333,1347.22892856853,-3.06738095238332,-4.78011904761665
IT65123,Italy,IT,ITF,ITF1,ITF13,Pescara,178.906249999999,1.5875,2.24428571428333,1347.22892856853,-3.06738095238332,-4.78011904761665
IT65124,Italy,IT,ITF,ITF1,ITF13,Pescara,178.906249999999,1.5875,2.24428571428333,1347.22892856853,-3.06738095238332,-4.78011904761665
IT65125,Italy,IT,ITF,ITF1,ITF13,Pescara,178.906249999999,1.5875,2.24428571428333,1347.22892856853,-3.06738095238332,-4.78011904761665
IT65126,Italy,IT,ITF,ITF1,ITF13,Pescara,178.906249999999,1.5875,2.24428571428333,1347.22892856853,-3.06738095238332,-4.78011904761665
IT65127,Italy,IT,ITF,ITF1,ITF13,Pescara,178.906249999999,1.5875,2.24428571428333,1347.22892856853,-3.06738095238332,-4.78011904761665
IT65128,Italy,IT,ITF,ITF1,ITF13,Pescara,178.906249999999,1.5875,2.24428571428333,1347.22892856853,-3.06738095238332,-4.78011904761665
IT65129,Italy,IT,ITF,ITF1,ITF13,Pescara,178.906249999999,1.5875,2.24428571428333,1347.22892856853,-3.06738095238332,-4.78011904761665
IT65131,Italy,IT,ITF,ITF1,ITF13,Pescara,178.906249999999,1.5875,2.24428571428333,1347.22892856853,-3.06738095238332,-4.78011904761665
IT65132,Italy,IT,ITF,ITF1,ITF13,Pescara,178.906249999999,1.5875,2.24428571428333,1347.22892856853,-3.06738095238332,-4.78011904761665
IT2010,Italy,IT,ITI,ITI4,ITI42,Rieti,136.694090909237,1.41585858585833,1.96898989898333,1561.0208333344,-3.38914141413333,-5.2803030303
IT2011,Italy,IT,ITI,ITI4,ITI42,Rieti,136.694090909237,1.41585858585833,1.96898989898333,1561.0208333344,-3.38914141413333,-5.2803030303
IT2012,Italy,IT,ITI,ITI4,ITI42,Rieti,136.694090909237,1.41585858585833,1.96898989898333,1561.0208333344,-3.38914141413333,-5.2803030303
IT2013,Italy,IT,ITI,ITI4,ITI42,Rieti,136.694090909237,1.41585858585833,1.96898989898333,1561.0208333344,-3.38914141413333,-5.2803030303
IT2014,Italy,IT,ITI,ITI4,ITI42,Rieti,136.694090909237,1.41585858585833,1.96898989898333,1561.0208333344,-3.38914141413333,-5.2803030303
IT2015,Italy,IT,ITI,ITI4,ITI42,Rieti,136.694090909237,1.41585858585833,1.96898989898333,1561.0208333344,-3.38914141413333,-5.2803030303
IT2016,Italy,IT,ITI,ITI4,ITI42,Rieti,136.694090909237,1.41585858585833,1.96898989898333,1561.0208333344,-3.38914141413333,-5.2803030303
IT2018,Italy,IT,ITI,ITI4,ITI42,Rieti,136.694090909237,1.41585858585833,1.96898989898333,1561.0208333344,-3.38914141413333,-5.2803030303
IT2019,Italy,IT,ITI,ITI4,ITI42,Rieti,136.694090909237,1.41585858585833,1.96898989898333,1561.0208333344,-3.38914141413333,-5.2803030303
IT2020,Italy,IT,ITI,ITI4,ITI42,Rieti,136.694090909237,1.41585858585833,1.96898989898333,1561.0208333344,-3.38914141413333,-5.2803030303
IT2021,Italy,IT,ITI,ITI4,ITI42,Rieti,136.694090909237,1.41585858585833,1.96898989898333,1561.0208333344,-3.38914141413333,-5.2803030303
IT2022,Italy,IT,ITI,ITI4,ITI42,Rieti,136.694090909237,1.41585858585833,1.96898989898333,1561.0208333344,-3.38914141413333,-5.2803030303
IT2023,Italy,IT,ITI,ITI4,ITI42,Rieti,136.694090909237,1.41585858585833,1.96898989898333,1561.0208333344,-3.38914141413333,-5.2803030303
IT2024,Italy,IT,ITI,ITI4,ITI42,Rieti,136.694090909237,1.41585858585833,1.96898989898333,1561.0208333344,-3.38914141413333,-5.2803030303
IT2025,Italy,IT,ITI,ITI4,ITI42,Rieti,136.694090909237,1.41585858585833,1.96898989898333,1561.0208333344,-3.38914141413333,-5.2803030303
IT2026,Italy,IT,ITI,ITI4,ITI42,Rieti,136.694090909237,1.41585858585833,1.96898989898333,1561.0208333344,-3.38914141413333,-5.2803030303
IT2030,Italy,IT,ITI,ITI4,ITI42,Rieti,136.694090909237,1.41585858585833,1.96898989898333,1561.0208333344,-3.38914141413333,-5.2803030303
IT2031,Italy,IT,ITI,ITI4,ITI42,Rieti,136.694090909237,1.41585858585833,1.96898989898333,1561.0208333344,-3.38914141413333,-5.2803030303
IT2032,Italy,IT,ITI,ITI4,ITI42,Rieti,136.694090909237,1.41585858585833,1.96898989898333,1561.0208333344,-3.38914141413333,-5.2803030303
IT2033,Italy,IT,ITI,ITI4,ITI42,Rieti,136.694090909237,1.41585858585833,1.96898989898333,1561.0208333344,-3.38914141413333,-5.2803030303
IT2034,Italy,IT,ITI,ITI4,ITI42,Rieti,136.694090909237,1.41585858585833,1.96898989898333,1561.0208333344,-3.38914141413333,-5.2803030303
IT2035,Italy,IT,ITI,ITI4,ITI42,Rieti,136.694090909237,1.41585858585833,1.96898989898333,1561.0208333344,-3.38914141413333,-5.2803030303
IT2037,Italy,IT,ITI,ITI4,ITI42,Rieti,136.694090909237,1.41585858585833,1.96898989898333,1561.0208333344,-3.38914141413333,-5.2803030303
IT2038,Italy,IT,ITI,ITI4,ITI42,Rieti,136.694090909237,1.41585858585833,1.96898989898333,1561.0208333344,-3.38914141413333,-5.2803030303
IT2039,Italy,IT,ITI,ITI4,ITI42,Rieti,136.694090909237,1.41585858585833,1.96898989898333,1561.0208333344,-3.38914141413333,-5.2803030303
IT2040,Italy,IT,ITI,ITI4,ITI42,Rieti,136.694090909237,1.41585858585833,1.96898989898333,1561.0208333344,-3.38914141413333,-5.2803030303
IT2041,Italy,IT,ITI,ITI4,ITI42,Rieti,136.694090909237,1.41585858585833,1.96898989898333,1561.0208333344,-3.38914141413333,-5.2803030303
IT2042,Italy,IT,ITI,ITI4,ITI42,Rieti,136.694090909237,1.41585858585833,1.96898989898333,1561.0208333344,-3.38914141413333,-5.2803030303
IT2043,Italy,IT,ITI,ITI4,ITI42,Rieti,136.694090909237,1.41585858585833,1.96898989898333,1561.0208333344,-3.38914141413333,-5.2803030303
IT2044,Italy,IT,ITI,ITI4,ITI42,Rieti,136.694090909237,1.41585858585833,1.96898989898333,1561.0208333344,-3.38914141413333,-5.2803030303
IT2045,Italy,IT,ITI,ITI4,ITI42,Rieti,136.694090909237,1.41585858585833,1.96898989898333,1561.0208333344,-3.38914141413333,-5.2803030303
IT2046,Italy,IT,ITI,ITI4,ITI42,Rieti,136.694090909237,1.41585858585833,1.96898989898333,1561.0208333344,-3.38914141413333,-5.2803030303
IT2047,Italy,IT,ITI,ITI4,ITI42,Rieti,136.694090909237,1.41585858585833,1.96898989898333,1561.0208333344,-3.38914141413333,-5.2803030303
IT2048,Italy,IT,ITI,ITI4,ITI42,Rieti,136.694090909237,1.41585858585833,1.96898989898333,1561.0208333344,-3.38914141413333,-5.2803030303
IT2049,Italy,IT,ITI,ITI4,ITI42,Rieti,136.694090909237,1.41585858585833,1.96898989898333,1561.0208333344,-3.38914141413333,-5.2803030303
IT2100,Italy,IT,ITI,ITI4,ITI42,Rieti,136.694090909237,1.41585858585833,1.96898989898333,1561.0208333344,-3.38914141413333,-5.2803030303
IT43010,Italy,IT,ITH,ITH5,ITH52,Parma,169.396402439185,1.45434959349667,2.02223577234998,1767.86500000184,-3.26983739836665,-4.84028455285
IT43011,Italy,IT,ITH,ITH5,ITH52,Parma,169.396402439185,1.45434959349667,2.02223577234998,1767.86500000184,-3.26983739836665,-4.84028455285
IT43012,Italy,IT,ITH,ITH5,ITH52,Parma,169.396402439185,1.45434959349667,2.02223577234998,1767.86500000184,-3.26983739836665,-4.84028455285
IT43013,Italy,IT,ITH,ITH5,ITH52,Parma,169.396402439185,1.45434959349667,2.02223577234998,1767.86500000184,-3.26983739836665,-4.84028455285
IT43014,Italy,IT,ITH,ITH5,ITH52,Parma,169.396402439185,1.45434959349667,2.02223577234998,1767.86500000184,-3.26983739836665,-4.84028455285
IT43015,Italy,IT,ITH,ITH5,ITH52,Parma,169.396402439185,1.45434959349667,2.02223577234998,1767.86500000184,-3.26983739836665,-4.84028455285
IT43016,Italy,IT,ITH,ITH5,ITH52,Parma,169.396402439185,1.45434959349667,2.02223577234998,1767.86500000184,-3.26983739836665,-4.84028455285
IT43017,Italy,IT,ITH,ITH5,ITH52,Parma,169.396402439185,1.45434959349667,2.02223577234998,1767.86500000184,-3.26983739836665,-4.84028455285
IT43018,Italy,IT,ITH,ITH5,ITH52,Parma,169.396402439185,1.45434959349667,2.02223577234998,1767.86500000184,-3.26983739836665,-4.84028455285
IT43019,Italy,IT,ITH,ITH5,ITH52,Parma,169.396402439185,1.45434959349667,2.02223577234998,1767.86500000184,-3.26983739836665,-4.84028455285
IT43021,Italy,IT,ITH,ITH5,ITH52,Parma,169.396402439185,1.45434959349667,2.02223577234998,1767.86500000184,-3.26983739836665,-4.84028455285
IT43022,Italy,IT,ITH,ITH5,ITH52,Parma,169.396402439185,1.45434959349667,2.02223577234998,1767.86500000184,-3.26983739836665,-4.84028455285
IT43024,Italy,IT,ITH,ITH5,ITH52,Parma,169.396402439185,1.45434959349667,2.02223577234998,1767.86500000184,-3.26983739836665,-4.84028455285
IT43025,Italy,IT,ITH,ITH5,ITH52,Parma,169.396402439185,1.45434959349667,2.02223577234998,1767.86500000184,-3.26983739836665,-4.84028455285
IT43028,Italy,IT,ITH,ITH5,ITH52,Parma,169.396402439185,1.45434959349667,2.02223577234998,1767.86500000184,-3.26983739836665,-4.84028455285
IT43029,Italy,IT,ITH,ITH5,ITH52,Parma,169.396402439185,1.45434959349667,2.02223577234998,1767.86500000184,-3.26983739836665,-4.84028455285
IT43030,Italy,IT,ITH,ITH5,ITH52,Parma,169.396402439185,1.45434959349667,2.02223577234998,1767.86500000184,-3.26983739836665,-4.84028455285
IT43032,Italy,IT,ITH,ITH5,ITH52,Parma,169.396402439185,1.45434959349667,2.02223577234998,1767.86500000184,-3.26983739836665,-4.84028455285
IT43035,Italy,IT,ITH,ITH5,ITH52,Parma,169.396402439185,1.45434959349667,2.02223577234998,1767.86500000184,-3.26983739836665,-4.84028455285
IT43036,Italy,IT,ITH,ITH5,ITH52,Parma,169.396402439185,1.45434959349667,2.02223577234998,1767.86500000184,-3.26983739836665,-4.84028455285
IT43037,Italy,IT,ITH,ITH5,ITH52,Parma,169.396402439185,1.45434959349667,2.02223577234998,1767.86500000184,-3.26983739836665,-4.84028455285
IT43038,Italy,IT,ITH,ITH5,ITH52,Parma,169.396402439185,1.45434959349667,2.02223577234998,1767.86500000184,-3.26983739836665,-4.84028455285
IT43039,Italy,IT,ITH,ITH5,ITH52,Parma,169.396402439185,1.45434959349667,2.02223577234998,1767.86500000184,-3.26983739836665,-4.84028455285
IT43040,Italy,IT,ITH,ITH5,ITH52,Parma,169.396402439185,1.45434959349667,2.02223577234998,1767.86500000184,-3.26983739836665,-4.84028455285
IT43041,Italy,IT,ITH,ITH5,ITH52,Parma,169.396402439185,1.45434959349667,2.02223577234998,1767.86500000184,-3.26983739836665,-4.84028455285
IT43042,Italy,IT,ITH,ITH5,ITH52,Parma,169.396402439185,1.45434959349667,2.02223577234998,1767.86500000184,-3.26983739836665,-4.84028455285
IT43043,Italy,IT,ITH,ITH5,ITH52,Parma,169.396402439185,1.45434959349667,2.02223577234998,1767.86500000184,-3.26983739836665,-4.84028455285
IT43044,Italy,IT,ITH,ITH5,ITH52,Parma,169.396402439185,1.45434959349667,2.02223577234998,1767.86500000184,-3.26983739836665,-4.84028455285
IT43045,Italy,IT,ITH,ITH5,ITH52,Parma,169.396402439185,1.45434959349667,2.02223577234998,1767.86500000184,-3.26983739836665,-4.84028455285
IT43047,Italy,IT,ITH,ITH5,ITH52,Parma,169.396402439185,1.45434959349667,2.02223577234998,1767.86500000184,-3.26983739836665,-4.84028455285
IT43048,Italy,IT,ITH,ITH5,ITH52,Parma,169.396402439185,1.45434959349667,2.02223577234998,1767.86500000184,-3.26983739836665,-4.84028455285
IT43049,Italy,IT,ITH,ITH5,ITH52,Parma,169.396402439185,1.45434959349667,2.02223577234998,1767.86500000184,-3.26983739836665,-4.84028455285
IT43050,Italy,IT,ITH,ITH5,ITH52,Parma,169.396402439185,1.45434959349667,2.02223577234998,1767.86500000184,-3.26983739836665,-4.84028455285
IT43051,Italy,IT,ITH,ITH5,ITH52,Parma,169.396402439185,1.45434959349667,2.02223577234998,1767.86500000184,-3.26983739836665,-4.84028455285
IT43052,Italy,IT,ITH,ITH5,ITH52,Parma,169.396402439185,1.45434959349667,2.02223577234998,1767.86500000184,-3.26983739836665,-4.84028455285
IT43053,Italy,IT,ITH,ITH5,ITH52,Parma,169.396402439185,1.45434959349667,2.02223577234998,1767.86500000184,-3.26983739836665,-4.84028455285
IT43055,Italy,IT,ITH,ITH5,ITH52,Parma,169.396402439185,1.45434959349667,2.02223577234998,1767.86500000184,-3.26983739836665,-4.84028455285
IT43056,Italy,IT,ITH,ITH5,ITH52,Parma,169.396402439185,1.45434959349667,2.02223577234998,1767.86500000184,-3.26983739836665,-4.84028455285
IT43058,Italy,IT,ITH,ITH5,ITH52,Parma,169.396402439185,1.45434959349667,2.02223577234998,1767.86500000184,-3.26983739836665,-4.84028455285
IT43059,Italy,IT,ITH,ITH5,ITH52,Parma,169.396402439185,1.45434959349667,2.02223577234998,1767.86500000184,-3.26983739836665,-4.84028455285
IT43100,Italy,IT,ITH,ITH5,ITH52,Parma,169.396402439185,1.45434959349667,2.02223577234998,1767.86500000184,-3.26983739836665,-4.84028455285
IT43126,Italy,IT,ITH,ITH5,ITH52,Parma,169.396402439185,1.45434959349667,2.02223577234998,1767.86500000184,-3.26983739836665,-4.84028455285
IT30010,Italy,IT,ITH,ITH3,ITH36,Padova,307.34083333275,2.32150793649998,3.0180952381,1421.66666666175,-3.0634920635,-4.54539682539998
IT35010,Italy,IT,ITH,ITH3,ITH36,Padova,307.34083333275,2.32150793649998,3.0180952381,1421.66666666175,-3.0634920635,-4.54539682539998
IT35011,Italy,IT,ITH,ITH3,ITH36,Padova,307.34083333275,2.32150793649998,3.0180952381,1421.66666666175,-3.0634920635,-4.54539682539998
IT35012,Italy,IT,ITH,ITH3,ITH36,Padova,307.34083333275,2.32150793649998,3.0180952381,1421.66666666175,-3.0634920635,-4.54539682539998
IT35013,Italy,IT,ITH,ITH3,ITH36,Padova,307.34083333275,2.32150793649998,3.0180952381,1421.66666666175,-3.0634920635,-4.54539682539998
IT35014,Italy,IT,ITH,ITH3,ITH36,Padova,307.34083333275,2.32150793649998,3.0180952381,1421.66666666175,-3.0634920635,-4.54539682539998
IT35015,Italy,IT,ITH,ITH3,ITH36,Padova,307.34083333275,2.32150793649998,3.0180952381,1421.66666666175,-3.0634920635,-4.54539682539998
IT35016,Italy,IT,ITH,ITH3,ITH36,Padova,307.34083333275,2.32150793649998,3.0180952381,1421.66666666175,-3.0634920635,-4.54539682539998
IT35017,Italy,IT,ITH,ITH3,ITH36,Padova,307.34083333275,2.32150793649998,3.0180952381,1421.66666666175,-3.0634920635,-4.54539682539998
IT35018,Italy,IT,ITH,ITH3,ITH36,Padova,307.34083333275,2.32150793649998,3.0180952381,1421.66666666175,-3.0634920635,-4.54539682539998
IT35019,Italy,IT,ITH,ITH3,ITH36,Padova,307.34083333275,2.32150793649998,3.0180952381,1421.66666666175,-3.0634920635,-4.54539682539998
IT35020,Italy,IT,ITH,ITH3,ITH36,Padova,307.34083333275,2.32150793649998,3.0180952381,1421.66666666175,-3.0634920635,-4.54539682539998
IT35021,Italy,IT,ITH,ITH3,ITH36,Padova,307.34083333275,2.32150793649998,3.0180952381,1421.66666666175,-3.0634920635,-4.54539682539998
IT35022,Italy,IT,ITH,ITH3,ITH36,Padova,307.34083333275,2.32150793649998,3.0180952381,1421.66666666175,-3.0634920635,-4.54539682539998
IT35023,Italy,IT,ITH,ITH3,ITH36,Padova,307.34083333275,2.32150793649998,3.0180952381,1421.66666666175,-3.0634920635,-4.54539682539998
IT35024,Italy,IT,ITH,ITH3,ITH36,Padova,307.34083333275,2.32150793649998,3.0180952381,1421.66666666175,-3.0634920635,-4.54539682539998
IT35025,Italy,IT,ITH,ITH3,ITH36,Padova,307.34083333275,2.32150793649998,3.0180952381,1421.66666666175,-3.0634920635,-4.54539682539998
IT35026,Italy,IT,ITH,ITH3,ITH36,Padova,307.34083333275,2.32150793649998,3.0180952381,1421.66666666175,-3.0634920635,-4.54539682539998
IT35027,Italy,IT,ITH,ITH3,ITH36,Padova,307.34083333275,2.32150793649998,3.0180952381,1421.66666666175,-3.0634920635,-4.54539682539998
IT35028,Italy,IT,ITH,ITH3,ITH36,Padova,307.34083333275,2.32150793649998,3.0180952381,1421.66666666175,-3.0634920635,-4.54539682539998
IT35029,Italy,IT,ITH,ITH3,ITH36,Padova,307.34083333275,2.32150793649998,3.0180952381,1421.66666666175,-3.0634920635,-4.54539682539998
IT35030,Italy,IT,ITH,ITH3,ITH36,Padova,307.34083333275,2.32150793649998,3.0180952381,1421.66666666175,-3.0634920635,-4.54539682539998
IT35031,Italy,IT,ITH,ITH3,ITH36,Padova,307.34083333275,2.32150793649998,3.0180952381,1421.66666666175,-3.0634920635,-4.54539682539998
IT35032,Italy,IT,ITH,ITH3,ITH36,Padova,307.34083333275,2.32150793649998,3.0180952381,1421.66666666175,-3.0634920635,-4.54539682539998
IT35034,Italy,IT,ITH,ITH3,ITH36,Padova,307.34083333275,2.32150793649998,3.0180952381,1421.66666666175,-3.0634920635,-4.54539682539998
IT35035,Italy,IT,ITH,ITH3,ITH36,Padova,307.34083333275,2.32150793649998,3.0180952381,1421.66666666175,-3.0634920635,-4.54539682539998
IT35036,Italy,IT,ITH,ITH3,ITH36,Padova,307.34083333275,2.32150793649998,3.0180952381,1421.66666666175,-3.0634920635,-4.54539682539998
IT35037,Italy,IT,ITH,ITH3,ITH36,Padova,307.34083333275,2.32150793649998,3.0180952381,1421.66666666175,-3.0634920635,-4.54539682539998
IT35038,Italy,IT,ITH,ITH3,ITH36,Padova,307.34083333275,2.32150793649998,3.0180952381,1421.66666666175,-3.0634920635,-4.54539682539998
IT35040,Italy,IT,ITH,ITH3,ITH36,Padova,307.34083333275,2.32150793649998,3.0180952381,1421.66666666175,-3.0634920635,-4.54539682539998
IT35041,Italy,IT,ITH,ITH3,ITH36,Padova,307.34083333275,2.32150793649998,3.0180952381,1421.66666666175,-3.0634920635,-4.54539682539998
IT35042,Italy,IT,ITH,ITH3,ITH36,Padova,307.34083333275,2.32150793649998,3.0180952381,1421.66666666175,-3.0634920635,-4.54539682539998
IT35043,Italy,IT,ITH,ITH3,ITH36,Padova,307.34083333275,2.32150793649998,3.0180952381,1421.66666666175,-3.0634920635,-4.54539682539998
IT35044,Italy,IT,ITH,ITH3,ITH36,Padova,307.34083333275,2.32150793649998,3.0180952381,1421.66666666175,-3.0634920635,-4.54539682539998
IT35045,Italy,IT,ITH,ITH3,ITH36,Padova,307.34083333275,2.32150793649998,3.0180952381,1421.66666666175,-3.0634920635,-4.54539682539998
IT35046,Italy,IT,ITH,ITH3,ITH36,Padova,307.34083333275,2.32150793649998,3.0180952381,1421.66666666175,-3.0634920635,-4.54539682539998
IT35047,Italy,IT,ITH,ITH3,ITH36,Padova,307.34083333275,2.32150793649998,3.0180952381,1421.66666666175,-3.0634920635,-4.54539682539998
IT35048,Italy,IT,ITH,ITH3,ITH36,Padova,307.34083333275,2.32150793649998,3.0180952381,1421.66666666175,-3.0634920635,-4.54539682539998
IT35100,Italy,IT,ITH,ITH3,ITH36,Padova,307.34083333275,2.32150793649998,3.0180952381,1421.66666666175,-3.0634920635,-4.54539682539998
IT35121,Italy,IT,ITH,ITH3,ITH36,Padova,307.34083333275,2.32150793649998,3.0180952381,1421.66666666175,-3.0634920635,-4.54539682539998
IT35122,Italy,IT,ITH,ITH3,ITH36,Padova,307.34083333275,2.32150793649998,3.0180952381,1421.66666666175,-3.0634920635,-4.54539682539998
IT35123,Italy,IT,ITH,ITH3,ITH36,Padova,307.34083333275,2.32150793649998,3.0180952381,1421.66666666175,-3.0634920635,-4.54539682539998
IT35124,Italy,IT,ITH,ITH3,ITH36,Padova,307.34083333275,2.32150793649998,3.0180952381,1421.66666666175,-3.0634920635,-4.54539682539998
IT35125,Italy,IT,ITH,ITH3,ITH36,Padova,307.34083333275,2.32150793649998,3.0180952381,1421.66666666175,-3.0634920635,-4.54539682539998
IT35126,Italy,IT,ITH,ITH3,ITH36,Padova,307.34083333275,2.32150793649998,3.0180952381,1421.66666666175,-3.0634920635,-4.54539682539998
IT35127,Italy,IT,ITH,ITH3,ITH36,Padova,307.34083333275,2.32150793649998,3.0180952381,1421.66666666175,-3.0634920635,-4.54539682539998
IT35128,Italy,IT,ITH,ITH3,ITH36,Padova,307.34083333275,2.32150793649998,3.0180952381,1421.66666666175,-3.0634920635,-4.54539682539998
IT35129,Italy,IT,ITH,ITH3,ITH36,Padova,307.34083333275,2.32150793649998,3.0180952381,1421.66666666175,-3.0634920635,-4.54539682539998
IT35131,Italy,IT,ITH,ITH3,ITH36,Padova,307.34083333275,2.32150793649998,3.0180952381,1421.66666666175,-3.0634920635,-4.54539682539998
IT35132,Italy,IT,ITH,ITH3,ITH36,Padova,307.34083333275,2.32150793649998,3.0180952381,1421.66666666175,-3.0634920635,-4.54539682539998
IT35133,Italy,IT,ITH,ITH3,ITH36,Padova,307.34083333275,2.32150793649998,3.0180952381,1421.66666666175,-3.0634920635,-4.54539682539998
IT35134,Italy,IT,ITH,ITH3,ITH36,Padova,307.34083333275,2.32150793649998,3.0180952381,1421.66666666175,-3.0634920635,-4.54539682539998
IT35135,Italy,IT,ITH,ITH3,ITH36,Padova,307.34083333275,2.32150793649998,3.0180952381,1421.66666666175,-3.0634920635,-4.54539682539998
IT35136,Italy,IT,ITH,ITH3,ITH36,Padova,307.34083333275,2.32150793649998,3.0180952381,1421.66666666175,-3.0634920635,-4.54539682539998
IT35137,Italy,IT,ITH,ITH3,ITH36,Padova,307.34083333275,2.32150793649998,3.0180952381,1421.66666666175,-3.0634920635,-4.54539682539998
IT35138,Italy,IT,ITH,ITH3,ITH36,Padova,307.34083333275,2.32150793649998,3.0180952381,1421.66666666175,-3.0634920635,-4.54539682539998
IT35139,Italy,IT,ITH,ITH3,ITH36,Padova,307.34083333275,2.32150793649998,3.0180952381,1421.66666666175,-3.0634920635,-4.54539682539998
IT35141,Italy,IT,ITH,ITH3,ITH36,Padova,307.34083333275,2.32150793649998,3.0180952381,1421.66666666175,-3.0634920635,-4.54539682539998
IT35142,Italy,IT,ITH,ITH3,ITH36,Padova,307.34083333275,2.32150793649998,3.0180952381,1421.66666666175,-3.0634920635,-4.54539682539998
IT35143,Italy,IT,ITH,ITH3,ITH36,Padova,307.34083333275,2.32150793649998,3.0180952381,1421.66666666175,-3.0634920635,-4.54539682539998
IT39010,Italy,IT,ITH,ITH1,ITH10,Bolzano-Bozen,6.30405882353075,0.158156862745167,0.286803921568333,2966.78585294165,-4.02425490196667,-6.34880392156665
IT39011,Italy,IT,ITH,ITH1,ITH10,Bolzano-Bozen,6.30405882353075,0.158156862745167,0.286803921568333,2966.78585294165,-4.02425490196667,-6.34880392156665
IT39012,Italy,IT,ITH,ITH1,ITH10,Bolzano-Bozen,6.30405882353075,0.158156862745167,0.286803921568333,2966.78585294165,-4.02425490196667,-6.34880392156665
IT39013,Italy,IT,ITH,ITH1,ITH10,Bolzano-Bozen,6.30405882353075,0.158156862745167,0.286803921568333,2966.78585294165,-4.02425490196667,-6.34880392156665
IT39014,Italy,IT,ITH,ITH1,ITH10,Bolzano-Bozen,6.30405882353075,0.158156862745167,0.286803921568333,2966.78585294165,-4.02425490196667,-6.34880392156665
IT39015,Italy,IT,ITH,ITH1,ITH10,Bolzano-Bozen,6.30405882353075,0.158156862745167,0.286803921568333,2966.78585294165,-4.02425490196667,-6.34880392156665
IT39016,Italy,IT,ITH,ITH1,ITH10,Bolzano-Bozen,6.30405882353075,0.158156862745167,0.286803921568333,2966.78585294165,-4.02425490196667,-6.34880392156665
IT39017,Italy,IT,ITH,ITH1,ITH10,Bolzano-Bozen,6.30405882353075,0.158156862745167,0.286803921568333,2966.78585294165,-4.02425490196667,-6.34880392156665
IT39018,Italy,IT,ITH,ITH1,ITH10,Bolzano-Bozen,6.30405882353075,0.158156862745167,0.286803921568333,2966.78585294165,-4.02425490196667,-6.34880392156665
IT39019,Italy,IT,ITH,ITH1,ITH10,Bolzano-Bozen,6.30405882353075,0.158156862745167,0.286803921568333,2966.78585294165,-4.02425490196667,-6.34880392156665
IT39020,Italy,IT,ITH,ITH1,ITH10,Bolzano-Bozen,6.30405882353075,0.158156862745167,0.286803921568333,2966.78585294165,-4.02425490196667,-6.34880392156665
IT39021,Italy,IT,ITH,ITH1,ITH10,Bolzano-Bozen,6.30405882353075,0.158156862745167,0.286803921568333,2966.78585294165,-4.02425490196667,-6.34880392156665
IT39022,Italy,IT,ITH,ITH1,ITH10,Bolzano-Bozen,6.30405882353075,0.158156862745167,0.286803921568333,2966.78585294165,-4.02425490196667,-6.34880392156665
IT39023,Italy,IT,ITH,ITH1,ITH10,Bolzano-Bozen,6.30405882353075,0.158156862745167,0.286803921568333,2966.78585294165,-4.02425490196667,-6.34880392156665
IT39024,Italy,IT,ITH,ITH1,ITH10,Bolzano-Bozen,6.30405882353075,0.158156862745167,0.286803921568333,2966.78585294165,-4.02425490196667,-6.34880392156665
IT39025,Italy,IT,ITH,ITH1,ITH10,Bolzano-Bozen,6.30405882353075,0.158156862745167,0.286803921568333,2966.78585294165,-4.02425490196667,-6.34880392156665
IT39026,Italy,IT,ITH,ITH1,ITH10,Bolzano-Bozen,6.30405882353075,0.158156862745167,0.286803921568333,2966.78585294165,-4.02425490196667,-6.34880392156665
IT39027,Italy,IT,ITH,ITH1,ITH10,Bolzano-Bozen,6.30405882353075,0.158156862745167,0.286803921568333,2966.78585294165,-4.02425490196667,-6.34880392156665
IT39028,Italy,IT,ITH,ITH1,ITH10,Bolzano-Bozen,6.30405882353075,0.158156862745167,0.286803921568333,2966.78585294165,-4.02425490196667,-6.34880392156665
IT39029,Italy,IT,ITH,ITH1,ITH10,Bolzano-Bozen,6.30405882353075,0.158156862745167,0.286803921568333,2966.78585294165,-4.02425490196667,-6.34880392156665
IT39030,Italy,IT,ITH,ITH1,ITH10,Bolzano-Bozen,6.30405882353075,0.158156862745167,0.286803921568333,2966.78585294165,-4.02425490196667,-6.34880392156665
IT39031,Italy,IT,ITH,ITH1,ITH10,Bolzano-Bozen,6.30405882353075,0.158156862745167,0.286803921568333,2966.78585294165,-4.02425490196667,-6.34880392156665
IT39032,Italy,IT,ITH,ITH1,ITH10,Bolzano-Bozen,6.30405882353075,0.158156862745167,0.286803921568333,2966.78585294165,-4.02425490196667,-6.34880392156665
IT39033,Italy,IT,ITH,ITH1,ITH10,Bolzano-Bozen,6.30405882353075,0.158156862745167,0.286803921568333,2966.78585294165,-4.02425490196667,-6.34880392156665
IT39034,Italy,IT,ITH,ITH1,ITH10,Bolzano-Bozen,6.30405882353075,0.158156862745167,0.286803921568333,2966.78585294165,-4.02425490196667,-6.34880392156665
IT39035,Italy,IT,ITH,ITH1,ITH10,Bolzano-Bozen,6.30405882353075,0.158156862745167,0.286803921568333,2966.78585294165,-4.02425490196667,-6.34880392156665
IT39036,Italy,IT,ITH,ITH1,ITH10,Bolzano-Bozen,6.30405882353075,0.158156862745167,0.286803921568333,2966.78585294165,-4.02425490196667,-6.34880392156665
IT39037,Italy,IT,ITH,ITH1,ITH10,Bolzano-Bozen,6.30405882353075,0.158156862745167,0.286803921568333,2966.78585294165,-4.02425490196667,-6.34880392156665
IT39038,Italy,IT,ITH,ITH1,ITH10,Bolzano-Bozen,6.30405882353075,0.158156862745167,0.286803921568333,2966.78585294165,-4.02425490196667,-6.34880392156665
IT39039,Italy,IT,ITH,ITH1,ITH10,Bolzano-Bozen,6.30405882353075,0.158156862745167,0.286803921568333,2966.78585294165,-4.02425490196667,-6.34880392156665
IT39040,Italy,IT,ITH,ITH1,ITH10,Bolzano-Bozen,6.30405882353075,0.158156862745167,0.286803921568333,2966.78585294165,-4.02425490196667,-6.34880392156665
IT39041,Italy,IT,ITH,ITH1,ITH10,Bolzano-Bozen,6.30405882353075,0.158156862745167,0.286803921568333,2966.78585294165,-4.02425490196667,-6.34880392156665
IT39042,Italy,IT,ITH,ITH1,ITH10,Bolzano-Bozen,6.30405882353075,0.158156862745167,0.286803921568333,2966.78585294165,-4.02425490196667,-6.34880392156665
IT39043,Italy,IT,ITH,ITH1,ITH10,Bolzano-Bozen,6.30405882353075,0.158156862745167,0.286803921568333,2966.78585294165,-4.02425490196667,-6.34880392156665
IT39044,Italy,IT,ITH,ITH1,ITH10,Bolzano-Bozen,6.30405882353075,0.158156862745167,0.286803921568333,2966.78585294165,-4.02425490196667,-6.34880392156665
IT39045,Italy,IT,ITH,ITH1,ITH10,Bolzano-Bozen,6.30405882353075,0.158156862745167,0.286803921568333,2966.78585294165,-4.02425490196667,-6.34880392156665
IT39046,Italy,IT,ITH,ITH1,ITH10,Bolzano-Bozen,6.30405882353075,0.158156862745167,0.286803921568333,2966.78585294165,-4.02425490196667,-6.34880392156665
IT39047,Italy,IT,ITH,ITH1,ITH10,Bolzano-Bozen,6.30405882353075,0.158156862745167,0.286803921568333,2966.78585294165,-4.02425490196667,-6.34880392156665
IT39048,Italy,IT,ITH,ITH1,ITH10,Bolzano-Bozen,6.30405882353075,0.158156862745167,0.286803921568333,2966.78585294165,-4.02425490196667,-6.34880392156665
IT39049,Italy,IT,ITH,ITH1,ITH10,Bolzano-Bozen,6.30405882353075,0.158156862745167,0.286803921568333,2966.78585294165,-4.02425490196667,-6.34880392156665
IT39050,Italy,IT,ITH,ITH1,ITH10,Bolzano-Bozen,6.30405882353075,0.158156862745167,0.286803921568333,2966.78585294165,-4.02425490196667,-6.34880392156665
IT39051,Italy,IT,ITH,ITH1,ITH10,Bolzano-Bozen,6.30405882353075,0.158156862745167,0.286803921568333,2966.78585294165,-4.02425490196667,-6.34880392156665
IT39052,Italy,IT,ITH,ITH1,ITH10,Bolzano-Bozen,6.30405882353075,0.158156862745167,0.286803921568333,2966.78585294165,-4.02425490196667,-6.34880392156665
IT39053,Italy,IT,ITH,ITH1,ITH10,Bolzano-Bozen,6.30405882353075,0.158156862745167,0.286803921568333,2966.78585294165,-4.02425490196667,-6.34880392156665
IT39054,Italy,IT,ITH,ITH1,ITH10,Bolzano-Bozen,6.30405882353075,0.158156862745167,0.286803921568333,2966.78585294165,-4.02425490196667,-6.34880392156665
IT39055,Italy,IT,ITH,ITH1,ITH10,Bolzano-Bozen,6.30405882353075,0.158156862745167,0.286803921568333,2966.78585294165,-4.02425490196667,-6.34880392156665
IT39056,Italy,IT,ITH,ITH1,ITH10,Bolzano-Bozen,6.30405882353075,0.158156862745167,0.286803921568333,2966.78585294165,-4.02425490196667,-6.34880392156665
IT39057,Italy,IT,ITH,ITH1,ITH10,Bolzano-Bozen,6.30405882353075,0.158156862745167,0.286803921568333,2966.78585294165,-4.02425490196667,-6.34880392156665
IT39058,Italy,IT,ITH,ITH1,ITH10,Bolzano-Bozen,6.30405882353075,0.158156862745167,0.286803921568333,2966.78585294165,-4.02425490196667,-6.34880392156665
IT39059,Italy,IT,ITH,ITH1,ITH10,Bolzano-Bozen,6.30405882353075,0.158156862745167,0.286803921568333,2966.78585294165,-4.02425490196667,-6.34880392156665
IT39100,Italy,IT,ITH,ITH1,ITH10,Bolzano-Bozen,6.30405882353075,0.158156862745167,0.286803921568333,2966.78585294165,-4.02425490196667,-6.34880392156665
IT21010,Italy,IT,ITC,ITC4,ITC41,Varese,198.059166666774,1.90944444445,2.61986111111665,1515.70375000323,-3.58527777778333,-5.30777777778333
IT21011,Italy,IT,ITC,ITC4,ITC41,Varese,198.059166666774,1.90944444445,2.61986111111665,1515.70375000323,-3.58527777778333,-5.30777777778333
IT21012,Italy,IT,ITC,ITC4,ITC41,Varese,198.059166666774,1.90944444445,2.61986111111665,1515.70375000323,-3.58527777778333,-5.30777777778333
IT21013,Italy,IT,ITC,ITC4,ITC41,Varese,198.059166666774,1.90944444445,2.61986111111665,1515.70375000323,-3.58527777778333,-5.30777777778333
IT21014,Italy,IT,ITC,ITC4,ITC41,Varese,198.059166666774,1.90944444445,2.61986111111665,1515.70375000323,-3.58527777778333,-5.30777777778333
IT21015,Italy,IT,ITC,ITC4,ITC41,Varese,198.059166666774,1.90944444445,2.61986111111665,1515.70375000323,-3.58527777778333,-5.30777777778333
IT21016,Italy,IT,ITC,ITC4,ITC41,Varese,198.059166666774,1.90944444445,2.61986111111665,1515.70375000323,-3.58527777778333,-5.30777777778333
IT21017,Italy,IT,ITC,ITC4,ITC41,Varese,198.059166666774,1.90944444445,2.61986111111665,1515.70375000323,-3.58527777778333,-5.30777777778333
IT21018,Italy,IT,ITC,ITC4,ITC41,Varese,198.059166666774,1.90944444445,2.61986111111665,1515.70375000323,-3.58527777778333,-5.30777777778333
IT21019,Italy,IT,ITC,ITC4,ITC41,Varese,198.059166666774,1.90944444445,2.61986111111665,1515.70375000323,-3.58527777778333,-5.30777777778333
IT21020,Italy,IT,ITC,ITC4,ITC41,Varese,198.059166666774,1.90944444445,2.61986111111665,1515.70375000323,-3.58527777778333,-5.30777777778333
IT21021,Italy,IT,ITC,ITC4,ITC41,Varese,198.059166666774,1.90944444445,2.61986111111665,1515.70375000323,-3.58527777778333,-5.30777777778333
IT21022,Italy,IT,ITC,ITC4,ITC41,Varese,198.059166666774,1.90944444445,2.61986111111665,1515.70375000323,-3.58527777778333,-5.30777777778333
IT21023,Italy,IT,ITC,ITC4,ITC41,Varese,198.059166666774,1.90944444445,2.61986111111665,1515.70375000323,-3.58527777778333,-5.30777777778333
IT21024,Italy,IT,ITC,ITC4,ITC41,Varese,198.059166666774,1.90944444445,2.61986111111665,1515.70375000323,-3.58527777778333,-5.30777777778333
IT21025,Italy,IT,ITC,ITC4,ITC41,Varese,198.059166666774,1.90944444445,2.61986111111665,1515.70375000323,-3.58527777778333,-5.30777777778333
IT21026,Italy,IT,ITC,ITC4,ITC41,Varese,198.059166666774,1.90944444445,2.61986111111665,1515.70375000323,-3.58527777778333,-5.30777777778333
IT21027,Italy,IT,ITC,ITC4,ITC41,Varese,198.059166666774,1.90944444445,2.61986111111665,1515.70375000323,-3.58527777778333,-5.30777777778333
IT21028,Italy,IT,ITC,ITC4,ITC41,Varese,198.059166666774,1.90944444445,2.61986111111665,1515.70375000323,-3.58527777778333,-5.30777777778333
IT21029,Italy,IT,ITC,ITC4,ITC41,Varese,198.059166666774,1.90944444445,2.61986111111665,1515.70375000323,-3.58527777778333,-5.30777777778333
IT21030,Italy,IT,ITC,ITC4,ITC41,Varese,198.059166666774,1.90944444445,2.61986111111665,1515.70375000323,-3.58527777778333,-5.30777777778333
IT21031,Italy,IT,ITC,ITC4,ITC41,Varese,198.059166666774,1.90944444445,2.61986111111665,1515.70375000323,-3.58527777778333,-5.30777777778333
IT21032,Italy,IT,ITC,ITC4,ITC41,Varese,198.059166666774,1.90944444445,2.61986111111665,1515.70375000323,-3.58527777778333,-5.30777777778333
IT21033,Italy,IT,ITC,ITC4,ITC41,Varese,198.059166666774,1.90944444445,2.61986111111665,1515.70375000323,-3.58527777778333,-5.30777777778333
IT21034,Italy,IT,ITC,ITC4,ITC41,Varese,198.059166666774,1.90944444445,2.61986111111665,1515.70375000323,-3.58527777778333,-5.30777777778333
IT21035,Italy,IT,ITC,ITC4,ITC41,Varese,198.059166666774,1.90944444445,2.61986111111665,1515.70375000323,-3.58527777778333,-5.30777777778333
IT21036,Italy,IT,ITC,ITC4,ITC41,Varese,198.059166666774,1.90944444445,2.61986111111665,1515.70375000323,-3.58527777778333,-5.30777777778333
IT21037,Italy,IT,ITC,ITC4,ITC41,Varese,198.059166666774,1.90944444445,2.61986111111665,1515.70375000323,-3.58527777778333,-5.30777777778333
IT21038,Italy,IT,ITC,ITC4,ITC41,Varese,198.059166666774,1.90944444445,2.61986111111665,1515.70375000323,-3.58527777778333,-5.30777777778333
IT21039,Italy,IT,ITC,ITC4,ITC41,Varese,198.059166666774,1.90944444445,2.61986111111665,1515.70375000323,-3.58527777778333,-5.30777777778333
IT21040,Italy,IT,ITC,ITC4,ITC41,Varese,198.059166666774,1.90944444445,2.61986111111665,1515.70375000323,-3.58527777778333,-5.30777777778333
IT21041,Italy,IT,ITC,ITC4,ITC41,Varese,198.059166666774,1.90944444445,2.61986111111665,1515.70375000323,-3.58527777778333,-5.30777777778333
IT21042,Italy,IT,ITC,ITC4,ITC41,Varese,198.059166666774,1.90944444445,2.61986111111665,1515.70375000323,-3.58527777778333,-5.30777777778333
IT21043,Italy,IT,ITC,ITC4,ITC41,Varese,198.059166666774,1.90944444445,2.61986111111665,1515.70375000323,-3.58527777778333,-5.30777777778333
IT21044,Italy,IT,ITC,ITC4,ITC41,Varese,198.059166666774,1.90944444445,2.61986111111665,1515.70375000323,-3.58527777778333,-5.30777777778333
IT21045,Italy,IT,ITC,ITC4,ITC41,Varese,198.059166666774,1.90944444445,2.61986111111665,1515.70375000323,-3.58527777778333,-5.30777777778333
IT21046,Italy,IT,ITC,ITC4,ITC41,Varese,198.059166666774,1.90944444445,2.61986111111665,1515.70375000323,-3.58527777778333,-5.30777777778333
IT21047,Italy,IT,ITC,ITC4,ITC41,Varese,198.059166666774,1.90944444445,2.61986111111665,1515.70375000323,-3.58527777778333,-5.30777777778333
IT21048,Italy,IT,ITC,ITC4,ITC41,Varese,198.059166666774,1.90944444445,2.61986111111665,1515.70375000323,-3.58527777778333,-5.30777777778333
IT21049,Italy,IT,ITC,ITC4,ITC41,Varese,198.059166666774,1.90944444445,2.61986111111665,1515.70375000323,-3.58527777778333,-5.30777777778333
IT21050,Italy,IT,ITC,ITC4,ITC41,Varese,198.059166666774,1.90944444445,2.61986111111665,1515.70375000323,-3.58527777778333,-5.30777777778333
IT21051,Italy,IT,ITC,ITC4,ITC41,Varese,198.059166666774,1.90944444445,2.61986111111665,1515.70375000323,-3.58527777778333,-5.30777777778333
IT21052,Italy,IT,ITC,ITC4,ITC41,Varese,198.059166666774,1.90944444445,2.61986111111665,1515.70375000323,-3.58527777778333,-5.30777777778333
IT21053,Italy,IT,ITC,ITC4,ITC41,Varese,198.059166666774,1.90944444445,2.61986111111665,1515.70375000323,-3.58527777778333,-5.30777777778333
IT21054,Italy,IT,ITC,ITC4,ITC41,Varese,198.059166666774,1.90944444445,2.61986111111665,1515.70375000323,-3.58527777778333,-5.30777777778333
IT21055,Italy,IT,ITC,ITC4,ITC41,Varese,198.059166666774,1.90944444445,2.61986111111665,1515.70375000323,-3.58527777778333,-5.30777777778333
IT21056,Italy,IT,ITC,ITC4,ITC41,Varese,198.059166666774,1.90944444445,2.61986111111665,1515.70375000323,-3.58527777778333,-5.30777777778333
IT21057,Italy,IT,ITC,ITC4,ITC41,Varese,198.059166666774,1.90944444445,2.61986111111665,1515.70375000323,-3.58527777778333,-5.30777777778333
IT21058,Italy,IT,ITC,ITC4,ITC41,Varese,198.059166666774,1.90944444445,2.61986111111665,1515.70375000323,-3.58527777778333,-5.30777777778333
IT21059,Italy,IT,ITC,ITC4,ITC41,Varese,198.059166666774,1.90944444445,2.61986111111665,1515.70375000323,-3.58527777778333,-5.30777777778333
IT21061,Italy,IT,ITC,ITC4,ITC41,Varese,198.059166666774,1.90944444445,2.61986111111665,1515.70375000323,-3.58527777778333,-5.30777777778333
IT21100,Italy,IT,ITC,ITC4,ITC41,Varese,198.059166666774,1.90944444445,2.61986111111665,1515.70375000323,-3.58527777778333,-5.30777777778333
IT26010,Italy,IT,ITC,ITC4,ITC4A,Cremona,332.134868421224,2.34780701754998,3.12842105263333,1515.35986842317,-3.34078947368332,-4.90017543859998
IT26011,Italy,IT,ITC,ITC4,ITC4A,Cremona,332.134868421224,2.34780701754998,3.12842105263333,1515.35986842317,-3.34078947368332,-4.90017543859998
IT26012,Italy,IT,ITC,ITC4,ITC4A,Cremona,332.134868421224,2.34780701754998,3.12842105263333,1515.35986842317,-3.34078947368332,-4.90017543859998
IT26013,Italy,IT,ITC,ITC4,ITC4A,Cremona,332.134868421224,2.34780701754998,3.12842105263333,1515.35986842317,-3.34078947368332,-4.90017543859998
IT26014,Italy,IT,ITC,ITC4,ITC4A,Cremona,332.134868421224,2.34780701754998,3.12842105263333,1515.35986842317,-3.34078947368332,-4.90017543859998
IT26015,Italy,IT,ITC,ITC4,ITC4A,Cremona,332.134868421224,2.34780701754998,3.12842105263333,1515.35986842317,-3.34078947368332,-4.90017543859998
IT26016,Italy,IT,ITC,ITC4,ITC4A,Cremona,332.134868421224,2.34780701754998,3.12842105263333,1515.35986842317,-3.34078947368332,-4.90017543859998
IT26017,Italy,IT,ITC,ITC4,ITC4A,Cremona,332.134868421224,2.34780701754998,3.12842105263333,1515.35986842317,-3.34078947368332,-4.90017543859998
IT26018,Italy,IT,ITC,ITC4,ITC4A,Cremona,332.134868421224,2.34780701754998,3.12842105263333,1515.35986842317,-3.34078947368332,-4.90017543859998
IT26019,Italy,IT,ITC,ITC4,ITC4A,Cremona,332.134868421224,2.34780701754998,3.12842105263333,1515.35986842317,-3.34078947368332,-4.90017543859998
IT26020,Italy,IT,ITC,ITC4,ITC4A,Cremona,332.134868421224,2.34780701754998,3.12842105263333,1515.35986842317,-3.34078947368332,-4.90017543859998
IT26021,Italy,IT,ITC,ITC4,ITC4A,Cremona,332.134868421224,2.34780701754998,3.12842105263333,1515.35986842317,-3.34078947368332,-4.90017543859998
IT26022,Italy,IT,ITC,ITC4,ITC4A,Cremona,332.134868421224,2.34780701754998,3.12842105263333,1515.35986842317,-3.34078947368332,-4.90017543859998
IT26023,Italy,IT,ITC,ITC4,ITC4A,Cremona,332.134868421224,2.34780701754998,3.12842105263333,1515.35986842317,-3.34078947368332,-4.90017543859998
IT26024,Italy,IT,ITC,ITC4,ITC4A,Cremona,332.134868421224,2.34780701754998,3.12842105263333,1515.35986842317,-3.34078947368332,-4.90017543859998
IT26025,Italy,IT,ITC,ITC4,ITC4A,Cremona,332.134868421224,2.34780701754998,3.12842105263333,1515.35986842317,-3.34078947368332,-4.90017543859998
IT26026,Italy,IT,ITC,ITC4,ITC4A,Cremona,332.134868421224,2.34780701754998,3.12842105263333,1515.35986842317,-3.34078947368332,-4.90017543859998
IT26027,Italy,IT,ITC,ITC4,ITC4A,Cremona,332.134868421224,2.34780701754998,3.12842105263333,1515.35986842317,-3.34078947368332,-4.90017543859998
IT26028,Italy,IT,ITC,ITC4,ITC4A,Cremona,332.134868421224,2.34780701754998,3.12842105263333,1515.35986842317,-3.34078947368332,-4.90017543859998
IT26029,Italy,IT,ITC,ITC4,ITC4A,Cremona,332.134868421224,2.34780701754998,3.12842105263333,1515.35986842317,-3.34078947368332,-4.90017543859998
IT26030,Italy,IT,ITC,ITC4,ITC4A,Cremona,332.134868421224,2.34780701754998,3.12842105263333,1515.35986842317,-3.34078947368332,-4.90017543859998
IT26031,Italy,IT,ITC,ITC4,ITC4A,Cremona,332.134868421224,2.34780701754998,3.12842105263333,1515.35986842317,-3.34078947368332,-4.90017543859998
IT26032,Italy,IT,ITC,ITC4,ITC4A,Cremona,332.134868421224,2.34780701754998,3.12842105263333,1515.35986842317,-3.34078947368332,-4.90017543859998
IT26033,Italy,IT,ITC,ITC4,ITC4A,Cremona,332.134868421224,2.34780701754998,3.12842105263333,1515.35986842317,-3.34078947368332,-4.90017543859998
IT26034,Italy,IT,ITC,ITC4,ITC4A,Cremona,332.134868421224,2.34780701754998,3.12842105263333,1515.35986842317,-3.34078947368332,-4.90017543859998
IT26035,Italy,IT,ITC,ITC4,ITC4A,Cremona,332.134868421224,2.34780701754998,3.12842105263333,1515.35986842317,-3.34078947368332,-4.90017543859998
IT26036,Italy,IT,ITC,ITC4,ITC4A,Cremona,332.134868421224,2.34780701754998,3.12842105263333,1515.35986842317,-3.34078947368332,-4.90017543859998
IT26037,Italy,IT,ITC,ITC4,ITC4A,Cremona,332.134868421224,2.34780701754998,3.12842105263333,1515.35986842317,-3.34078947368332,-4.90017543859998
IT26038,Italy,IT,ITC,ITC4,ITC4A,Cremona,332.134868421224,2.34780701754998,3.12842105263333,1515.35986842317,-3.34078947368332,-4.90017543859998
IT26039,Italy,IT,ITC,ITC4,ITC4A,Cremona,332.134868421224,2.34780701754998,3.12842105263333,1515.35986842317,-3.34078947368332,-4.90017543859998
IT26040,Italy,IT,ITC,ITC4,ITC4A,Cremona,332.134868421224,2.34780701754998,3.12842105263333,1515.35986842317,-3.34078947368332,-4.90017543859998
IT26041,Italy,IT,ITC,ITC4,ITC4A,Cremona,332.134868421224,2.34780701754998,3.12842105263333,1515.35986842317,-3.34078947368332,-4.90017543859998
IT26042,Italy,IT,ITC,ITC4,ITC4A,Cremona,332.134868421224,2.34780701754998,3.12842105263333,1515.35986842317,-3.34078947368332,-4.90017543859998
IT26043,Italy,IT,ITC,ITC4,ITC4A,Cremona,332.134868421224,2.34780701754998,3.12842105263333,1515.35986842317,-3.34078947368332,-4.90017543859998
IT26044,Italy,IT,ITC,ITC4,ITC4A,Cremona,332.134868421224,2.34780701754998,3.12842105263333,1515.35986842317,-3.34078947368332,-4.90017543859998
IT26045,Italy,IT,ITC,ITC4,ITC4A,Cremona,332.134868421224,2.34780701754998,3.12842105263333,1515.35986842317,-3.34078947368332,-4.90017543859998
IT26046,Italy,IT,ITC,ITC4,ITC4A,Cremona,332.134868421224,2.34780701754998,3.12842105263333,1515.35986842317,-3.34078947368332,-4.90017543859998
IT26047,Italy,IT,ITC,ITC4,ITC4A,Cremona,332.134868421224,2.34780701754998,3.12842105263333,1515.35986842317,-3.34078947368332,-4.90017543859998
IT26048,Italy,IT,ITC,ITC4,ITC4A,Cremona,332.134868421224,2.34780701754998,3.12842105263333,1515.35986842317,-3.34078947368332,-4.90017543859998
IT26049,Italy,IT,ITC,ITC4,ITC4A,Cremona,332.134868421224,2.34780701754998,3.12842105263333,1515.35986842317,-3.34078947368332,-4.90017543859998
IT26100,Italy,IT,ITC,ITC4,ITC4A,Cremona,332.134868421224,2.34780701754998,3.12842105263333,1515.35986842317,-3.34078947368332,-4.90017543859998
IT90010,Italy,IT,ITG,ITG1,ITG12,Palermo,260.335769230975,2.03871794871667,3.0260576923,708.62057692285,-2.7026923077,-4.03669871795
IT90011,Italy,IT,ITG,ITG1,ITG12,Palermo,260.335769230975,2.03871794871667,3.0260576923,708.62057692285,-2.7026923077,-4.03669871795
IT90012,Italy,IT,ITG,ITG1,ITG12,Palermo,260.335769230975,2.03871794871667,3.0260576923,708.62057692285,-2.7026923077,-4.03669871795
IT90013,Italy,IT,ITG,ITG1,ITG12,Palermo,260.335769230975,2.03871794871667,3.0260576923,708.62057692285,-2.7026923077,-4.03669871795
IT90014,Italy,IT,ITG,ITG1,ITG12,Palermo,260.335769230975,2.03871794871667,3.0260576923,708.62057692285,-2.7026923077,-4.03669871795
IT90015,Italy,IT,ITG,ITG1,ITG12,Palermo,260.335769230975,2.03871794871667,3.0260576923,708.62057692285,-2.7026923077,-4.03669871795
IT90016,Italy,IT,ITG,ITG1,ITG12,Palermo,260.335769230975,2.03871794871667,3.0260576923,708.62057692285,-2.7026923077,-4.03669871795
IT90017,Italy,IT,ITG,ITG1,ITG12,Palermo,260.335769230975,2.03871794871667,3.0260576923,708.62057692285,-2.7026923077,-4.03669871795
IT90018,Italy,IT,ITG,ITG1,ITG12,Palermo,260.335769230975,2.03871794871667,3.0260576923,708.62057692285,-2.7026923077,-4.03669871795
IT90019,Italy,IT,ITG,ITG1,ITG12,Palermo,260.335769230975,2.03871794871667,3.0260576923,708.62057692285,-2.7026923077,-4.03669871795
IT90020,Italy,IT,ITG,ITG1,ITG12,Palermo,260.335769230975,2.03871794871667,3.0260576923,708.62057692285,-2.7026923077,-4.03669871795
IT90021,Italy,IT,ITG,ITG1,ITG12,Palermo,260.335769230975,2.03871794871667,3.0260576923,708.62057692285,-2.7026923077,-4.03669871795
IT90022,Italy,IT,ITG,ITG1,ITG12,Palermo,260.335769230975,2.03871794871667,3.0260576923,708.62057692285,-2.7026923077,-4.03669871795
IT90023,Italy,IT,ITG,ITG1,ITG12,Palermo,260.335769230975,2.03871794871667,3.0260576923,708.62057692285,-2.7026923077,-4.03669871795
IT90024,Italy,IT,ITG,ITG1,ITG12,Palermo,260.335769230975,2.03871794871667,3.0260576923,708.62057692285,-2.7026923077,-4.03669871795
IT90025,Italy,IT,ITG,ITG1,ITG12,Palermo,260.335769230975,2.03871794871667,3.0260576923,708.62057692285,-2.7026923077,-4.03669871795
IT90026,Italy,IT,ITG,ITG1,ITG12,Palermo,260.335769230975,2.03871794871667,3.0260576923,708.62057692285,-2.7026923077,-4.03669871795
IT90027,Italy,IT,ITG,ITG1,ITG12,Palermo,260.335769230975,2.03871794871667,3.0260576923,708.62057692285,-2.7026923077,-4.03669871795
IT90028,Italy,IT,ITG,ITG1,ITG12,Palermo,260.335769230975,2.03871794871667,3.0260576923,708.62057692285,-2.7026923077,-4.03669871795
IT90029,Italy,IT,ITG,ITG1,ITG12,Palermo,260.335769230975,2.03871794871667,3.0260576923,708.62057692285,-2.7026923077,-4.03669871795
IT90030,Italy,IT,ITG,ITG1,ITG12,Palermo,260.335769230975,2.03871794871667,3.0260576923,708.62057692285,-2.7026923077,-4.03669871795
IT90031,Italy,IT,ITG,ITG1,ITG12,Palermo,260.335769230975,2.03871794871667,3.0260576923,708.62057692285,-2.7026923077,-4.03669871795
IT90032,Italy,IT,ITG,ITG1,ITG12,Palermo,260.335769230975,2.03871794871667,3.0260576923,708.62057692285,-2.7026923077,-4.03669871795
IT90033,Italy,IT,ITG,ITG1,ITG12,Palermo,260.335769230975,2.03871794871667,3.0260576923,708.62057692285,-2.7026923077,-4.03669871795
IT90034,Italy,IT,ITG,ITG1,ITG12,Palermo,260.335769230975,2.03871794871667,3.0260576923,708.62057692285,-2.7026923077,-4.03669871795
IT90035,Italy,IT,ITG,ITG1,ITG12,Palermo,260.335769230975,2.03871794871667,3.0260576923,708.62057692285,-2.7026923077,-4.03669871795
IT90036,Italy,IT,ITG,ITG1,ITG12,Palermo,260.335769230975,2.03871794871667,3.0260576923,708.62057692285,-2.7026923077,-4.03669871795
IT90037,Italy,IT,ITG,ITG1,ITG12,Palermo,260.335769230975,2.03871794871667,3.0260576923,708.62057692285,-2.7026923077,-4.03669871795
IT90038,Italy,IT,ITG,ITG1,ITG12,Palermo,260.335769230975,2.03871794871667,3.0260576923,708.62057692285,-2.7026923077,-4.03669871795
IT90039,Italy,IT,ITG,ITG1,ITG12,Palermo,260.335769230975,2.03871794871667,3.0260576923,708.62057692285,-2.7026923077,-4.03669871795
IT90040,Italy,IT,ITG,ITG1,ITG12,Palermo,260.335769230975,2.03871794871667,3.0260576923,708.62057692285,-2.7026923077,-4.03669871795
IT90041,Italy,IT,ITG,ITG1,ITG12,Palermo,260.335769230975,2.03871794871667,3.0260576923,708.62057692285,-2.7026923077,-4.03669871795
IT90042,Italy,IT,ITG,ITG1,ITG12,Palermo,260.335769230975,2.03871794871667,3.0260576923,708.62057692285,-2.7026923077,-4.03669871795
IT90043,Italy,IT,ITG,ITG1,ITG12,Palermo,260.335769230975,2.03871794871667,3.0260576923,708.62057692285,-2.7026923077,-4.03669871795
IT90044,Italy,IT,ITG,ITG1,ITG12,Palermo,260.335769230975,2.03871794871667,3.0260576923,708.62057692285,-2.7026923077,-4.03669871795
IT90045,Italy,IT,ITG,ITG1,ITG12,Palermo,260.335769230975,2.03871794871667,3.0260576923,708.62057692285,-2.7026923077,-4.03669871795
IT90046,Italy,IT,ITG,ITG1,ITG12,Palermo,260.335769230975,2.03871794871667,3.0260576923,708.62057692285,-2.7026923077,-4.03669871795
IT90047,Italy,IT,ITG,ITG1,ITG12,Palermo,260.335769230975,2.03871794871667,3.0260576923,708.62057692285,-2.7026923077,-4.03669871795
IT90048,Italy,IT,ITG,ITG1,ITG12,Palermo,260.335769230975,2.03871794871667,3.0260576923,708.62057692285,-2.7026923077,-4.03669871795
IT90049,Italy,IT,ITG,ITG1,ITG12,Palermo,260.335769230975,2.03871794871667,3.0260576923,708.62057692285,-2.7026923077,-4.03669871795
IT90100,Italy,IT,ITG,ITG1,ITG12,Palermo,260.335769230975,2.03871794871667,3.0260576923,708.62057692285,-2.7026923077,-4.03669871795
IT90121,Italy,IT,ITG,ITG1,ITG12,Palermo,260.335769230975,2.03871794871667,3.0260576923,708.62057692285,-2.7026923077,-4.03669871795
IT90122,Italy,IT,ITG,ITG1,ITG12,Palermo,260.335769230975,2.03871794871667,3.0260576923,708.62057692285,-2.7026923077,-4.03669871795
IT90123,Italy,IT,ITG,ITG1,ITG12,Palermo,260.335769230975,2.03871794871667,3.0260576923,708.62057692285,-2.7026923077,-4.03669871795
IT90124,Italy,IT,ITG,ITG1,ITG12,Palermo,260.335769230975,2.03871794871667,3.0260576923,708.62057692285,-2.7026923077,-4.03669871795
IT90125,Italy,IT,ITG,ITG1,ITG12,Palermo,260.335769230975,2.03871794871667,3.0260576923,708.62057692285,-2.7026923077,-4.03669871795
IT90126,Italy,IT,ITG,ITG1,ITG12,Palermo,260.335769230975,2.03871794871667,3.0260576923,708.62057692285,-2.7026923077,-4.03669871795
IT90127,Italy,IT,ITG,ITG1,ITG12,Palermo,260.335769230975,2.03871794871667,3.0260576923,708.62057692285,-2.7026923077,-4.03669871795
IT90128,Italy,IT,ITG,ITG1,ITG12,Palermo,260.335769230975,2.03871794871667,3.0260576923,708.62057692285,-2.7026923077,-4.03669871795
IT90129,Italy,IT,ITG,ITG1,ITG12,Palermo,260.335769230975,2.03871794871667,3.0260576923,708.62057692285,-2.7026923077,-4.03669871795
IT90131,Italy,IT,ITG,ITG1,ITG12,Palermo,260.335769230975,2.03871794871667,3.0260576923,708.62057692285,-2.7026923077,-4.03669871795
IT90132,Italy,IT,ITG,ITG1,ITG12,Palermo,260.335769230975,2.03871794871667,3.0260576923,708.62057692285,-2.7026923077,-4.03669871795
IT90133,Italy,IT,ITG,ITG1,ITG12,Palermo,260.335769230975,2.03871794871667,3.0260576923,708.62057692285,-2.7026923077,-4.03669871795
IT90134,Italy,IT,ITG,ITG1,ITG12,Palermo,260.335769230975,2.03871794871667,3.0260576923,708.62057692285,-2.7026923077,-4.03669871795
IT90135,Italy,IT,ITG,ITG1,ITG12,Palermo,260.335769230975,2.03871794871667,3.0260576923,708.62057692285,-2.7026923077,-4.03669871795
IT90136,Italy,IT,ITG,ITG1,ITG12,Palermo,260.335769230975,2.03871794871667,3.0260576923,708.62057692285,-2.7026923077,-4.03669871795
IT90137,Italy,IT,ITG,ITG1,ITG12,Palermo,260.335769230975,2.03871794871667,3.0260576923,708.62057692285,-2.7026923077,-4.03669871795
IT90138,Italy,IT,ITG,ITG1,ITG12,Palermo,260.335769230975,2.03871794871667,3.0260576923,708.62057692285,-2.7026923077,-4.03669871795
IT90139,Italy,IT,ITG,ITG1,ITG12,Palermo,260.335769230975,2.03871794871667,3.0260576923,708.62057692285,-2.7026923077,-4.03669871795
IT90141,Italy,IT,ITG,ITG1,ITG12,Palermo,260.335769230975,2.03871794871667,3.0260576923,708.62057692285,-2.7026923077,-4.03669871795
IT90142,Italy,IT,ITG,ITG1,ITG12,Palermo,260.335769230975,2.03871794871667,3.0260576923,708.62057692285,-2.7026923077,-4.03669871795
IT90143,Italy,IT,ITG,ITG1,ITG12,Palermo,260.335769230975,2.03871794871667,3.0260576923,708.62057692285,-2.7026923077,-4.03669871795
IT90144,Italy,IT,ITG,ITG1,ITG12,Palermo,260.335769230975,2.03871794871667,3.0260576923,708.62057692285,-2.7026923077,-4.03669871795
IT90145,Italy,IT,ITG,ITG1,ITG12,Palermo,260.335769230975,2.03871794871667,3.0260576923,708.62057692285,-2.7026923077,-4.03669871795
IT90146,Italy,IT,ITG,ITG1,ITG12,Palermo,260.335769230975,2.03871794871667,3.0260576923,708.62057692285,-2.7026923077,-4.03669871795
IT90147,Italy,IT,ITG,ITG1,ITG12,Palermo,260.335769230975,2.03871794871667,3.0260576923,708.62057692285,-2.7026923077,-4.03669871795
IT90148,Italy,IT,ITG,ITG1,ITG12,Palermo,260.335769230975,2.03871794871667,3.0260576923,708.62057692285,-2.7026923077,-4.03669871795
IT90149,Italy,IT,ITG,ITG1,ITG12,Palermo,260.335769230975,2.03871794871667,3.0260576923,708.62057692285,-2.7026923077,-4.03669871795
IT90151,Italy,IT,ITG,ITG1,ITG12,Palermo,260.335769230975,2.03871794871667,3.0260576923,708.62057692285,-2.7026923077,-4.03669871795
IT7020,Italy,IT,ITG,ITG2,ITG29,Olbia-Tempio,222.589473684224,1.82280701755,2.5922368421,777.149802631174,-2.53995614035,-3.87934210526667
IT7021,Italy,IT,ITG,ITG2,ITG29,Olbia-Tempio,222.589473684224,1.82280701755,2.5922368421,777.149802631174,-2.53995614035,-3.87934210526667
IT7022,Italy,IT,ITG,ITG2,ITG29,Olbia-Tempio,222.589473684224,1.82280701755,2.5922368421,777.149802631174,-2.53995614035,-3.87934210526667
IT7023,Italy,IT,ITG,ITG2,ITG29,Olbia-Tempio,222.589473684224,1.82280701755,2.5922368421,777.149802631174,-2.53995614035,-3.87934210526667
IT7024,Italy,IT,ITG,ITG2,ITG29,Olbia-Tempio,222.589473684224,1.82280701755,2.5922368421,777.149802631174,-2.53995614035,-3.87934210526667
IT7025,Italy,IT,ITG,ITG2,ITG29,Olbia-Tempio,222.589473684224,1.82280701755,2.5922368421,777.149802631174,-2.53995614035,-3.87934210526667
IT7026,Italy,IT,ITG,ITG2,ITG29,Olbia-Tempio,222.589473684224,1.82280701755,2.5922368421,777.149802631174,-2.53995614035,-3.87934210526667
IT7027,Italy,IT,ITG,ITG2,ITG29,Olbia-Tempio,222.589473684224,1.82280701755,2.5922368421,777.149802631174,-2.53995614035,-3.87934210526667
IT7028,Italy,IT,ITG,ITG2,ITG29,Olbia-Tempio,222.589473684224,1.82280701755,2.5922368421,777.149802631174,-2.53995614035,-3.87934210526667
IT7029,Italy,IT,ITG,ITG2,ITG29,Olbia-Tempio,222.589473684224,1.82280701755,2.5922368421,777.149802631174,-2.53995614035,-3.87934210526667
IT8020,Italy,IT,ITG,ITG2,ITG29,Olbia-Tempio,222.589473684224,1.82280701755,2.5922368421,777.149802631174,-2.53995614035,-3.87934210526667
IT70011,Italy,IT,ITF,ITF4,ITF43,Taranto,325.154299999999,2.47806666666667,3.59346666666667,795.109499999999,-2.84033333333332,-4.19713333333333
IT74010,Italy,IT,ITF,ITF4,ITF43,Taranto,325.154299999999,2.47806666666667,3.59346666666667,795.109499999999,-2.84033333333332,-4.19713333333333
IT74011,Italy,IT,ITF,ITF4,ITF43,Taranto,325.154299999999,2.47806666666667,3.59346666666667,795.109499999999,-2.84033333333332,-4.19713333333333
IT74012,Italy,IT,ITF,ITF4,ITF43,Taranto,325.154299999999,2.47806666666667,3.59346666666667,795.109499999999,-2.84033333333332,-4.19713333333333
IT74013,Italy,IT,ITF,ITF4,ITF43,Taranto,325.154299999999,2.47806666666667,3.59346666666667,795.109499999999,-2.84033333333332,-4.19713333333333
IT74014,Italy,IT,ITF,ITF4,ITF43,Taranto,325.154299999999,2.47806666666667,3.59346666666667,795.109499999999,-2.84033333333332,-4.19713333333333
IT74015,Italy,IT,ITF,ITF4,ITF43,Taranto,325.154299999999,2.47806666666667,3.59346666666667,795.109499999999,-2.84033333333332,-4.19713333333333
IT74016,Italy,IT,ITF,ITF4,ITF43,Taranto,325.154299999999,2.47806666666667,3.59346666666667,795.109499999999,-2.84033333333332,-4.19713333333333
IT74017,Italy,IT,ITF,ITF4,ITF43,Taranto,325.154299999999,2.47806666666667,3.59346666666667,795.109499999999,-2.84033333333332,-4.19713333333333
IT74018,Italy,IT,ITF,ITF4,ITF43,Taranto,325.154299999999,2.47806666666667,3.59346666666667,795.109499999999,-2.84033333333332,-4.19713333333333
IT74019,Italy,IT,ITF,ITF4,ITF43,Taranto,325.154299999999,2.47806666666667,3.59346666666667,795.109499999999,-2.84033333333332,-4.19713333333333
IT74020,Italy,IT,ITF,ITF4,ITF43,Taranto,325.154299999999,2.47806666666667,3.59346666666667,795.109499999999,-2.84033333333332,-4.19713333333333
IT74021,Italy,IT,ITF,ITF4,ITF43,Taranto,325.154299999999,2.47806666666667,3.59346666666667,795.109499999999,-2.84033333333332,-4.19713333333333
IT74022,Italy,IT,ITF,ITF4,ITF43,Taranto,325.154299999999,2.47806666666667,3.59346666666667,795.109499999999,-2.84033333333332,-4.19713333333333
IT74023,Italy,IT,ITF,ITF4,ITF43,Taranto,325.154299999999,2.47806666666667,3.59346666666667,795.109499999999,-2.84033333333332,-4.19713333333333
IT74024,Italy,IT,ITF,ITF4,ITF43,Taranto,325.154299999999,2.47806666666667,3.59346666666667,795.109499999999,-2.84033333333332,-4.19713333333333
IT74025,Italy,IT,ITF,ITF4,ITF43,Taranto,325.154299999999,2.47806666666667,3.59346666666667,795.109499999999,-2.84033333333332,-4.19713333333333
IT74026,Italy,IT,ITF,ITF4,ITF43,Taranto,325.154299999999,2.47806666666667,3.59346666666667,795.109499999999,-2.84033333333332,-4.19713333333333
IT74027,Italy,IT,ITF,ITF4,ITF43,Taranto,325.154299999999,2.47806666666667,3.59346666666667,795.109499999999,-2.84033333333332,-4.19713333333333
IT74028,Italy,IT,ITF,ITF4,ITF43,Taranto,325.154299999999,2.47806666666667,3.59346666666667,795.109499999999,-2.84033333333332,-4.19713333333333
IT74100,Italy,IT,ITF,ITF4,ITF43,Taranto,325.154299999999,2.47806666666667,3.59346666666667,795.109499999999,-2.84033333333332,-4.19713333333333
IT81010,Italy,IT,ITF,ITF3,ITF31,Caserta,338.879642857475,2.47404761905,3.41047619048333,896.865267856999,-2.78291666666665,-4.25119047618333
IT81011,Italy,IT,ITF,ITF3,ITF31,Caserta,338.879642857475,2.47404761905,3.41047619048333,896.865267856999,-2.78291666666665,-4.25119047618333
IT81012,Italy,IT,ITF,ITF3,ITF31,Caserta,338.879642857475,2.47404761905,3.41047619048333,896.865267856999,-2.78291666666665,-4.25119047618333
IT81013,Italy,IT,ITF,ITF3,ITF31,Caserta,338.879642857475,2.47404761905,3.41047619048333,896.865267856999,-2.78291666666665,-4.25119047618333
IT81014,Italy,IT,ITF,ITF3,ITF31,Caserta,338.879642857475,2.47404761905,3.41047619048333,896.865267856999,-2.78291666666665,-4.25119047618333
IT81016,Italy,IT,ITF,ITF3,ITF31,Caserta,338.879642857475,2.47404761905,3.41047619048333,896.865267856999,-2.78291666666665,-4.25119047618333
IT81017,Italy,IT,ITF,ITF3,ITF31,Caserta,338.879642857475,2.47404761905,3.41047619048333,896.865267856999,-2.78291666666665,-4.25119047618333
IT81020,Italy,IT,ITF,ITF3,ITF31,Caserta,338.879642857475,2.47404761905,3.41047619048333,896.865267856999,-2.78291666666665,-4.25119047618333
IT81021,Italy,IT,ITF,ITF3,ITF31,Caserta,338.879642857475,2.47404761905,3.41047619048333,896.865267856999,-2.78291666666665,-4.25119047618333
IT81022,Italy,IT,ITF,ITF3,ITF31,Caserta,338.879642857475,2.47404761905,3.41047619048333,896.865267856999,-2.78291666666665,-4.25119047618333
IT81023,Italy,IT,ITF,ITF3,ITF31,Caserta,338.879642857475,2.47404761905,3.41047619048333,896.865267856999,-2.78291666666665,-4.25119047618333
IT81024,Italy,IT,ITF,ITF3,ITF31,Caserta,338.879642857475,2.47404761905,3.41047619048333,896.865267856999,-2.78291666666665,-4.25119047618333
IT81025,Italy,IT,ITF,ITF3,ITF31,Caserta,338.879642857475,2.47404761905,3.41047619048333,896.865267856999,-2.78291666666665,-4.25119047618333
IT81027,Italy,IT,ITF,ITF3,ITF31,Caserta,338.879642857475,2.47404761905,3.41047619048333,896.865267856999,-2.78291666666665,-4.25119047618333
IT81028,Italy,IT,ITF,ITF3,ITF31,Caserta,338.879642857475,2.47404761905,3.41047619048333,896.865267856999,-2.78291666666665,-4.25119047618333
IT81030,Italy,IT,ITF,ITF3,ITF31,Caserta,338.879642857475,2.47404761905,3.41047619048333,896.865267856999,-2.78291666666665,-4.25119047618333
IT81031,Italy,IT,ITF,ITF3,ITF31,Caserta,338.879642857475,2.47404761905,3.41047619048333,896.865267856999,-2.78291666666665,-4.25119047618333
IT81032,Italy,IT,ITF,ITF3,ITF31,Caserta,338.879642857475,2.47404761905,3.41047619048333,896.865267856999,-2.78291666666665,-4.25119047618333
IT81033,Italy,IT,ITF,ITF3,ITF31,Caserta,338.879642857475,2.47404761905,3.41047619048333,896.865267856999,-2.78291666666665,-4.25119047618333
IT81034,Italy,IT,ITF,ITF3,ITF31,Caserta,338.879642857475,2.47404761905,3.41047619048333,896.865267856999,-2.78291666666665,-4.25119047618333
IT81035,Italy,IT,ITF,ITF3,ITF31,Caserta,338.879642857475,2.47404761905,3.41047619048333,896.865267856999,-2.78291666666665,-4.25119047618333
IT81036,Italy,IT,ITF,ITF3,ITF31,Caserta,338.879642857475,2.47404761905,3.41047619048333,896.865267856999,-2.78291666666665,-4.25119047618333
IT81037,Italy,IT,ITF,ITF3,ITF31,Caserta,338.879642857475,2.47404761905,3.41047619048333,896.865267856999,-2.78291666666665,-4.25119047618333
IT81038,Italy,IT,ITF,ITF3,ITF31,Caserta,338.879642857475,2.47404761905,3.41047619048333,896.865267856999,-2.78291666666665,-4.25119047618333
IT81039,Italy,IT,ITF,ITF3,ITF31,Caserta,338.879642857475,2.47404761905,3.41047619048333,896.865267856999,-2.78291666666665,-4.25119047618333
IT81040,Italy,IT,ITF,ITF3,ITF31,Caserta,338.879642857475,2.47404761905,3.41047619048333,896.865267856999,-2.78291666666665,-4.25119047618333
IT81041,Italy,IT,ITF,ITF3,ITF31,Caserta,338.879642857475,2.47404761905,3.41047619048333,896.865267856999,-2.78291666666665,-4.25119047618333
IT81042,Italy,IT,ITF,ITF3,ITF31,Caserta,338.879642857475,2.47404761905,3.41047619048333,896.865267856999,-2.78291666666665,-4.25119047618333
IT81043,Italy,IT,ITF,ITF3,ITF31,Caserta,338.879642857475,2.47404761905,3.41047619048333,896.865267856999,-2.78291666666665,-4.25119047618333
IT81044,Italy,IT,ITF,ITF3,ITF31,Caserta,338.879642857475,2.47404761905,3.41047619048333,896.865267856999,-2.78291666666665,-4.25119047618333
IT81046,Italy,IT,ITF,ITF3,ITF31,Caserta,338.879642857475,2.47404761905,3.41047619048333,896.865267856999,-2.78291666666665,-4.25119047618333
IT81047,Italy,IT,ITF,ITF3,ITF31,Caserta,338.879642857475,2.47404761905,3.41047619048333,896.865267856999,-2.78291666666665,-4.25119047618333
IT81049,Italy,IT,ITF,ITF3,ITF31,Caserta,338.879642857475,2.47404761905,3.41047619048333,896.865267856999,-2.78291666666665,-4.25119047618333
IT81050,Italy,IT,ITF,ITF3,ITF31,Caserta,338.879642857475,2.47404761905,3.41047619048333,896.865267856999,-2.78291666666665,-4.25119047618333
IT81051,Italy,IT,ITF,ITF3,ITF31,Caserta,338.879642857475,2.47404761905,3.41047619048333,896.865267856999,-2.78291666666665,-4.25119047618333
IT81052,Italy,IT,ITF,ITF3,ITF31,Caserta,338.879642857475,2.47404761905,3.41047619048333,896.865267856999,-2.78291666666665,-4.25119047618333
IT81053,Italy,IT,ITF,ITF3,ITF31,Caserta,338.879642857475,2.47404761905,3.41047619048333,896.865267856999,-2.78291666666665,-4.25119047618333
IT81054,Italy,IT,ITF,ITF3,ITF31,Caserta,338.879642857475,2.47404761905,3.41047619048333,896.865267856999,-2.78291666666665,-4.25119047618333
IT81055,Italy,IT,ITF,ITF3,ITF31,Caserta,338.879642857475,2.47404761905,3.41047619048333,896.865267856999,-2.78291666666665,-4.25119047618333
IT81056,Italy,IT,ITF,ITF3,ITF31,Caserta,338.879642857475,2.47404761905,3.41047619048333,896.865267856999,-2.78291666666665,-4.25119047618333
IT81057,Italy,IT,ITF,ITF3,ITF31,Caserta,338.879642857475,2.47404761905,3.41047619048333,896.865267856999,-2.78291666666665,-4.25119047618333
IT81058,Italy,IT,ITF,ITF3,ITF31,Caserta,338.879642857475,2.47404761905,3.41047619048333,896.865267856999,-2.78291666666665,-4.25119047618333
IT81059,Italy,IT,ITF,ITF3,ITF31,Caserta,338.879642857475,2.47404761905,3.41047619048333,896.865267856999,-2.78291666666665,-4.25119047618333
IT81100,Italy,IT,ITF,ITF3,ITF31,Caserta,338.879642857475,2.47404761905,3.41047619048333,896.865267856999,-2.78291666666665,-4.25119047618333
IT82010,Italy,IT,ITF,ITF3,ITF32,Benevento,253.285113636574,2.32068181818332,3.25992424241667,1131.80545454915,-3.21696969696665,-4.93068181818333
IT82011,Italy,IT,ITF,ITF3,ITF32,Benevento,253.285113636574,2.32068181818332,3.25992424241667,1131.80545454915,-3.21696969696665,-4.93068181818333
IT82013,Italy,IT,ITF,ITF3,ITF32,Benevento,253.285113636574,2.32068181818332,3.25992424241667,1131.80545454915,-3.21696969696665,-4.93068181818333
IT82015,Italy,IT,ITF,ITF3,ITF32,Benevento,253.285113636574,2.32068181818332,3.25992424241667,1131.80545454915,-3.21696969696665,-4.93068181818333
IT82016,Italy,IT,ITF,ITF3,ITF32,Benevento,253.285113636574,2.32068181818332,3.25992424241667,1131.80545454915,-3.21696969696665,-4.93068181818333
IT82017,Italy,IT,ITF,ITF3,ITF32,Benevento,253.285113636574,2.32068181818332,3.25992424241667,1131.80545454915,-3.21696969696665,-4.93068181818333
IT82018,Italy,IT,ITF,ITF3,ITF32,Benevento,253.285113636574,2.32068181818332,3.25992424241667,1131.80545454915,-3.21696969696665,-4.93068181818333
IT82019,Italy,IT,ITF,ITF3,ITF32,Benevento,253.285113636574,2.32068181818332,3.25992424241667,1131.80545454915,-3.21696969696665,-4.93068181818333
IT82020,Italy,IT,ITF,ITF3,ITF32,Benevento,253.285113636574,2.32068181818332,3.25992424241667,1131.80545454915,-3.21696969696665,-4.93068181818333
IT82021,Italy,IT,ITF,ITF3,ITF32,Benevento,253.285113636574,2.32068181818332,3.25992424241667,1131.80545454915,-3.21696969696665,-4.93068181818333
IT82022,Italy,IT,ITF,ITF3,ITF32,Benevento,253.285113636574,2.32068181818332,3.25992424241667,1131.80545454915,-3.21696969696665,-4.93068181818333
IT82023,Italy,IT,ITF,ITF3,ITF32,Benevento,253.285113636574,2.32068181818332,3.25992424241667,1131.80545454915,-3.21696969696665,-4.93068181818333
IT82024,Italy,IT,ITF,ITF3,ITF32,Benevento,253.285113636574,2.32068181818332,3.25992424241667,1131.80545454915,-3.21696969696665,-4.93068181818333
IT82025,Italy,IT,ITF,ITF3,ITF32,Benevento,253.285113636574,2.32068181818332,3.25992424241667,1131.80545454915,-3.21696969696665,-4.93068181818333
IT82026,Italy,IT,ITF,ITF3,ITF32,Benevento,253.285113636574,2.32068181818332,3.25992424241667,1131.80545454915,-3.21696969696665,-4.93068181818333
IT82027,Italy,IT,ITF,ITF3,ITF32,Benevento,253.285113636574,2.32068181818332,3.25992424241667,1131.80545454915,-3.21696969696665,-4.93068181818333
IT82028,Italy,IT,ITF,ITF3,ITF32,Benevento,253.285113636574,2.32068181818332,3.25992424241667,1131.80545454915,-3.21696969696665,-4.93068181818333
IT82029,Italy,IT,ITF,ITF3,ITF32,Benevento,253.285113636574,2.32068181818332,3.25992424241667,1131.80545454915,-3.21696969696665,-4.93068181818333
IT82030,Italy,IT,ITF,ITF3,ITF32,Benevento,253.285113636574,2.32068181818332,3.25992424241667,1131.80545454915,-3.21696969696665,-4.93068181818333
IT82031,Italy,IT,ITF,ITF3,ITF32,Benevento,253.285113636574,2.32068181818332,3.25992424241667,1131.80545454915,-3.21696969696665,-4.93068181818333
IT82032,Italy,IT,ITF,ITF3,ITF32,Benevento,253.285113636574,2.32068181818332,3.25992424241667,1131.80545454915,-3.21696969696665,-4.93068181818333
IT82033,Italy,IT,ITF,ITF3,ITF32,Benevento,253.285113636574,2.32068181818332,3.25992424241667,1131.80545454915,-3.21696969696665,-4.93068181818333
IT82034,Italy,IT,ITF,ITF3,ITF32,Benevento,253.285113636574,2.32068181818332,3.25992424241667,1131.80545454915,-3.21696969696665,-4.93068181818333
IT82036,Italy,IT,ITF,ITF3,ITF32,Benevento,253.285113636574,2.32068181818332,3.25992424241667,1131.80545454915,-3.21696969696665,-4.93068181818333
IT82037,Italy,IT,ITF,ITF3,ITF32,Benevento,253.285113636574,2.32068181818332,3.25992424241667,1131.80545454915,-3.21696969696665,-4.93068181818333
IT82038,Italy,IT,ITF,ITF3,ITF32,Benevento,253.285113636574,2.32068181818332,3.25992424241667,1131.80545454915,-3.21696969696665,-4.93068181818333
IT82100,Italy,IT,ITF,ITF3,ITF32,Benevento,253.285113636574,2.32068181818332,3.25992424241667,1131.80545454915,-3.21696969696665,-4.93068181818333
IT60010,Italy,IT,ITI,ITI3,ITI32,Ancona,225.590125,1.84975,2.54516666666667,1249.44837499999,-3.03341666666667,-4.64783333333333
IT60011,Italy,IT,ITI,ITI3,ITI32,Ancona,225.590125,1.84975,2.54516666666667,1249.44837499999,-3.03341666666667,-4.64783333333333
IT60012,Italy,IT,ITI,ITI3,ITI32,Ancona,225.590125,1.84975,2.54516666666667,1249.44837499999,-3.03341666666667,-4.64783333333333
IT60013,Italy,IT,ITI,ITI3,ITI32,Ancona,225.590125,1.84975,2.54516666666667,1249.44837499999,-3.03341666666667,-4.64783333333333
IT60015,Italy,IT,ITI,ITI3,ITI32,Ancona,225.590125,1.84975,2.54516666666667,1249.44837499999,-3.03341666666667,-4.64783333333333
IT60018,Italy,IT,ITI,ITI3,ITI32,Ancona,225.590125,1.84975,2.54516666666667,1249.44837499999,-3.03341666666667,-4.64783333333333
IT60019,Italy,IT,ITI,ITI3,ITI32,Ancona,225.590125,1.84975,2.54516666666667,1249.44837499999,-3.03341666666667,-4.64783333333333
IT60020,Italy,IT,ITI,ITI3,ITI32,Ancona,225.590125,1.84975,2.54516666666667,1249.44837499999,-3.03341666666667,-4.64783333333333
IT60021,Italy,IT,ITI,ITI3,ITI32,Ancona,225.590125,1.84975,2.54516666666667,1249.44837499999,-3.03341666666667,-4.64783333333333
IT60022,Italy,IT,ITI,ITI3,ITI32,Ancona,225.590125,1.84975,2.54516666666667,1249.44837499999,-3.03341666666667,-4.64783333333333
IT60024,Italy,IT,ITI,ITI3,ITI32,Ancona,225.590125,1.84975,2.54516666666667,1249.44837499999,-3.03341666666667,-4.64783333333333
IT60025,Italy,IT,ITI,ITI3,ITI32,Ancona,225.590125,1.84975,2.54516666666667,1249.44837499999,-3.03341666666667,-4.64783333333333
IT60026,Italy,IT,ITI,ITI3,ITI32,Ancona,225.590125,1.84975,2.54516666666667,1249.44837499999,-3.03341666666667,-4.64783333333333
IT60027,Italy,IT,ITI,ITI3,ITI32,Ancona,225.590125,1.84975,2.54516666666667,1249.44837499999,-3.03341666666667,-4.64783333333333
IT60030,Italy,IT,ITI,ITI3,ITI32,Ancona,225.590125,1.84975,2.54516666666667,1249.44837499999,-3.03341666666667,-4.64783333333333
IT60031,Italy,IT,ITI,ITI3,ITI32,Ancona,225.590125,1.84975,2.54516666666667,1249.44837499999,-3.03341666666667,-4.64783333333333
IT60033,Italy,IT,ITI,ITI3,ITI32,Ancona,225.590125,1.84975,2.54516666666667,1249.44837499999,-3.03341666666667,-4.64783333333333
IT60034,Italy,IT,ITI,ITI3,ITI32,Ancona,225.590125,1.84975,2.54516666666667,1249.44837499999,-3.03341666666667,-4.64783333333333
IT60035,Italy,IT,ITI,ITI3,ITI32,Ancona,225.590125,1.84975,2.54516666666667,1249.44837499999,-3.03341666666667,-4.64783333333333
IT60036,Italy,IT,ITI,ITI3,ITI32,Ancona,225.590125,1.84975,2.54516666666667,1249.44837499999,-3.03341666666667,-4.64783333333333
IT60037,Italy,IT,ITI,ITI3,ITI32,Ancona,225.590125,1.84975,2.54516666666667,1249.44837499999,-3.03341666666667,-4.64783333333333
IT60038,Italy,IT,ITI,ITI3,ITI32,Ancona,225.590125,1.84975,2.54516666666667,1249.44837499999,-3.03341666666667,-4.64783333333333
IT60039,Italy,IT,ITI,ITI3,ITI32,Ancona,225.590125,1.84975,2.54516666666667,1249.44837499999,-3.03341666666667,-4.64783333333333
IT60040,Italy,IT,ITI,ITI3,ITI32,Ancona,225.590125,1.84975,2.54516666666667,1249.44837499999,-3.03341666666667,-4.64783333333333
IT60041,Italy,IT,ITI,ITI3,ITI32,Ancona,225.590125,1.84975,2.54516666666667,1249.44837499999,-3.03341666666667,-4.64783333333333
IT60043,Italy,IT,ITI,ITI3,ITI32,Ancona,225.590125,1.84975,2.54516666666667,1249.44837499999,-3.03341666666667,-4.64783333333333
IT60044,Italy,IT,ITI,ITI3,ITI32,Ancona,225.590125,1.84975,2.54516666666667,1249.44837499999,-3.03341666666667,-4.64783333333333
IT60048,Italy,IT,ITI,ITI3,ITI32,Ancona,225.590125,1.84975,2.54516666666667,1249.44837499999,-3.03341666666667,-4.64783333333333
IT60100,Italy,IT,ITI,ITI3,ITI32,Ancona,225.590125,1.84975,2.54516666666667,1249.44837499999,-3.03341666666667,-4.64783333333333
IT60121,Italy,IT,ITI,ITI3,ITI32,Ancona,225.590125,1.84975,2.54516666666667,1249.44837499999,-3.03341666666667,-4.64783333333333
IT60122,Italy,IT,ITI,ITI3,ITI32,Ancona,225.590125,1.84975,2.54516666666667,1249.44837499999,-3.03341666666667,-4.64783333333333
IT60123,Italy,IT,ITI,ITI3,ITI32,Ancona,225.590125,1.84975,2.54516666666667,1249.44837499999,-3.03341666666667,-4.64783333333333
IT60124,Italy,IT,ITI,ITI3,ITI32,Ancona,225.590125,1.84975,2.54516666666667,1249.44837499999,-3.03341666666667,-4.64783333333333
IT60125,Italy,IT,ITI,ITI3,ITI32,Ancona,225.590125,1.84975,2.54516666666667,1249.44837499999,-3.03341666666667,-4.64783333333333
IT60126,Italy,IT,ITI,ITI3,ITI32,Ancona,225.590125,1.84975,2.54516666666667,1249.44837499999,-3.03341666666667,-4.64783333333333
IT60127,Italy,IT,ITI,ITI3,ITI32,Ancona,225.590125,1.84975,2.54516666666667,1249.44837499999,-3.03341666666667,-4.64783333333333
IT60128,Italy,IT,ITI,ITI3,ITI32,Ancona,225.590125,1.84975,2.54516666666667,1249.44837499999,-3.03341666666667,-4.64783333333333
IT60129,Italy,IT,ITI,ITI3,ITI32,Ancona,225.590125,1.84975,2.54516666666667,1249.44837499999,-3.03341666666667,-4.64783333333333
IT60131,Italy,IT,ITI,ITI3,ITI32,Ancona,225.590125,1.84975,2.54516666666667,1249.44837499999,-3.03341666666667,-4.64783333333333
IT31010,Italy,IT,ITH,ITH3,ITH34,Treviso,233.487844827325,1.92775862068333,2.47994252873333,1571.92189655455,-3.33574712643332,-5.02954022988333
IT31011,Italy,IT,ITH,ITH3,ITH34,Treviso,233.487844827325,1.92775862068333,2.47994252873333,1571.92189655455,-3.33574712643332,-5.02954022988333
IT31012,Italy,IT,ITH,ITH3,ITH34,Treviso,233.487844827325,1.92775862068333,2.47994252873333,1571.92189655455,-3.33574712643332,-5.02954022988333
IT31013,Italy,IT,ITH,ITH3,ITH34,Treviso,233.487844827325,1.92775862068333,2.47994252873333,1571.92189655455,-3.33574712643332,-5.02954022988333
IT31014,Italy,IT,ITH,ITH3,ITH34,Treviso,233.487844827325,1.92775862068333,2.47994252873333,1571.92189655455,-3.33574712643332,-5.02954022988333
IT31015,Italy,IT,ITH,ITH3,ITH34,Treviso,233.487844827325,1.92775862068333,2.47994252873333,1571.92189655455,-3.33574712643332,-5.02954022988333
IT31016,Italy,IT,ITH,ITH3,ITH34,Treviso,233.487844827325,1.92775862068333,2.47994252873333,1571.92189655455,-3.33574712643332,-5.02954022988333
IT31017,Italy,IT,ITH,ITH3,ITH34,Treviso,233.487844827325,1.92775862068333,2.47994252873333,1571.92189655455,-3.33574712643332,-5.02954022988333
IT31018,Italy,IT,ITH,ITH3,ITH34,Treviso,233.487844827325,1.92775862068333,2.47994252873333,1571.92189655455,-3.33574712643332,-5.02954022988333
IT31020,Italy,IT,ITH,ITH3,ITH34,Treviso,233.487844827325,1.92775862068333,2.47994252873333,1571.92189655455,-3.33574712643332,-5.02954022988333
IT31021,Italy,IT,ITH,ITH3,ITH34,Treviso,233.487844827325,1.92775862068333,2.47994252873333,1571.92189655455,-3.33574712643332,-5.02954022988333
IT31022,Italy,IT,ITH,ITH3,ITH34,Treviso,233.487844827325,1.92775862068333,2.47994252873333,1571.92189655455,-3.33574712643332,-5.02954022988333
IT31023,Italy,IT,ITH,ITH3,ITH34,Treviso,233.487844827325,1.92775862068333,2.47994252873333,1571.92189655455,-3.33574712643332,-5.02954022988333
IT31024,Italy,IT,ITH,ITH3,ITH34,Treviso,233.487844827325,1.92775862068333,2.47994252873333,1571.92189655455,-3.33574712643332,-5.02954022988333
IT31025,Italy,IT,ITH,ITH3,ITH34,Treviso,233.487844827325,1.92775862068333,2.47994252873333,1571.92189655455,-3.33574712643332,-5.02954022988333
IT31026,Italy,IT,ITH,ITH3,ITH34,Treviso,233.487844827325,1.92775862068333,2.47994252873333,1571.92189655455,-3.33574712643332,-5.02954022988333
IT31027,Italy,IT,ITH,ITH3,ITH34,Treviso,233.487844827325,1.92775862068333,2.47994252873333,1571.92189655455,-3.33574712643332,-5.02954022988333
IT31028,Italy,IT,ITH,ITH3,ITH34,Treviso,233.487844827325,1.92775862068333,2.47994252873333,1571.92189655455,-3.33574712643332,-5.02954022988333
IT31029,Italy,IT,ITH,ITH3,ITH34,Treviso,233.487844827325,1.92775862068333,2.47994252873333,1571.92189655455,-3.33574712643332,-5.02954022988333
IT31030,Italy,IT,ITH,ITH3,ITH34,Treviso,233.487844827325,1.92775862068333,2.47994252873333,1571.92189655455,-3.33574712643332,-5.02954022988333
IT31031,Italy,IT,ITH,ITH3,ITH34,Treviso,233.487844827325,1.92775862068333,2.47994252873333,1571.92189655455,-3.33574712643332,-5.02954022988333
IT31032,Italy,IT,ITH,ITH3,ITH34,Treviso,233.487844827325,1.92775862068333,2.47994252873333,1571.92189655455,-3.33574712643332,-5.02954022988333
IT31033,Italy,IT,ITH,ITH3,ITH34,Treviso,233.487844827325,1.92775862068333,2.47994252873333,1571.92189655455,-3.33574712643332,-5.02954022988333
IT31034,Italy,IT,ITH,ITH3,ITH34,Treviso,233.487844827325,1.92775862068333,2.47994252873333,1571.92189655455,-3.33574712643332,-5.02954022988333
IT31035,Italy,IT,ITH,ITH3,ITH34,Treviso,233.487844827325,1.92775862068333,2.47994252873333,1571.92189655455,-3.33574712643332,-5.02954022988333
IT31036,Italy,IT,ITH,ITH3,ITH34,Treviso,233.487844827325,1.92775862068333,2.47994252873333,1571.92189655455,-3.33574712643332,-5.02954022988333
IT31037,Italy,IT,ITH,ITH3,ITH34,Treviso,233.487844827325,1.92775862068333,2.47994252873333,1571.92189655455,-3.33574712643332,-5.02954022988333
IT31038,Italy,IT,ITH,ITH3,ITH34,Treviso,233.487844827325,1.92775862068333,2.47994252873333,1571.92189655455,-3.33574712643332,-5.02954022988333
IT31039,Italy,IT,ITH,ITH3,ITH34,Treviso,233.487844827325,1.92775862068333,2.47994252873333,1571.92189655455,-3.33574712643332,-5.02954022988333
IT31040,Italy,IT,ITH,ITH3,ITH34,Treviso,233.487844827325,1.92775862068333,2.47994252873333,1571.92189655455,-3.33574712643332,-5.02954022988333
IT31041,Italy,IT,ITH,ITH3,ITH34,Treviso,233.487844827325,1.92775862068333,2.47994252873333,1571.92189655455,-3.33574712643332,-5.02954022988333
IT31042,Italy,IT,ITH,ITH3,ITH34,Treviso,233.487844827325,1.92775862068333,2.47994252873333,1571.92189655455,-3.33574712643332,-5.02954022988333
IT31043,Italy,IT,ITH,ITH3,ITH34,Treviso,233.487844827325,1.92775862068333,2.47994252873333,1571.92189655455,-3.33574712643332,-5.02954022988333
IT31044,Italy,IT,ITH,ITH3,ITH34,Treviso,233.487844827325,1.92775862068333,2.47994252873333,1571.92189655455,-3.33574712643332,-5.02954022988333
IT31045,Italy,IT,ITH,ITH3,ITH34,Treviso,233.487844827325,1.92775862068333,2.47994252873333,1571.92189655455,-3.33574712643332,-5.02954022988333
IT31046,Italy,IT,ITH,ITH3,ITH34,Treviso,233.487844827325,1.92775862068333,2.47994252873333,1571.92189655455,-3.33574712643332,-5.02954022988333
IT31047,Italy,IT,ITH,ITH3,ITH34,Treviso,233.487844827325,1.92775862068333,2.47994252873333,1571.92189655455,-3.33574712643332,-5.02954022988333
IT31048,Italy,IT,ITH,ITH3,ITH34,Treviso,233.487844827325,1.92775862068333,2.47994252873333,1571.92189655455,-3.33574712643332,-5.02954022988333
IT31049,Italy,IT,ITH,ITH3,ITH34,Treviso,233.487844827325,1.92775862068333,2.47994252873333,1571.92189655455,-3.33574712643332,-5.02954022988333
IT31050,Italy,IT,ITH,ITH3,ITH34,Treviso,233.487844827325,1.92775862068333,2.47994252873333,1571.92189655455,-3.33574712643332,-5.02954022988333
IT31051,Italy,IT,ITH,ITH3,ITH34,Treviso,233.487844827325,1.92775862068333,2.47994252873333,1571.92189655455,-3.33574712643332,-5.02954022988333
IT31052,Italy,IT,ITH,ITH3,ITH34,Treviso,233.487844827325,1.92775862068333,2.47994252873333,1571.92189655455,-3.33574712643332,-5.02954022988333
IT31053,Italy,IT,ITH,ITH3,ITH34,Treviso,233.487844827325,1.92775862068333,2.47994252873333,1571.92189655455,-3.33574712643332,-5.02954022988333
IT31054,Italy,IT,ITH,ITH3,ITH34,Treviso,233.487844827325,1.92775862068333,2.47994252873333,1571.92189655455,-3.33574712643332,-5.02954022988333
IT31055,Italy,IT,ITH,ITH3,ITH34,Treviso,233.487844827325,1.92775862068333,2.47994252873333,1571.92189655455,-3.33574712643332,-5.02954022988333
IT31056,Italy,IT,ITH,ITH3,ITH34,Treviso,233.487844827325,1.92775862068333,2.47994252873333,1571.92189655455,-3.33574712643332,-5.02954022988333
IT31057,Italy,IT,ITH,ITH3,ITH34,Treviso,233.487844827325,1.92775862068333,2.47994252873333,1571.92189655455,-3.33574712643332,-5.02954022988333
IT31058,Italy,IT,ITH,ITH3,ITH34,Treviso,233.487844827325,1.92775862068333,2.47994252873333,1571.92189655455,-3.33574712643332,-5.02954022988333
IT31059,Italy,IT,ITH,ITH3,ITH34,Treviso,233.487844827325,1.92775862068333,2.47994252873333,1571.92189655455,-3.33574712643332,-5.02954022988333
IT31100,Italy,IT,ITH,ITH3,ITH34,Treviso,233.487844827325,1.92775862068333,2.47994252873333,1571.92189655455,-3.33574712643332,-5.02954022988333
IT34010,Italy,IT,ITH,ITH4,ITH44,Trieste,192.020833333224,1.91388888888333,2.53,1518.12583333323,-3.42944444445,-5.11166666666665
IT34011,Italy,IT,ITH,ITH4,ITH44,Trieste,192.020833333224,1.91388888888333,2.53,1518.12583333323,-3.42944444445,-5.11166666666665
IT34012,Italy,IT,ITH,ITH4,ITH44,Trieste,192.020833333224,1.91388888888333,2.53,1518.12583333323,-3.42944444445,-5.11166666666665
IT34014,Italy,IT,ITH,ITH4,ITH44,Trieste,192.020833333224,1.91388888888333,2.53,1518.12583333323,-3.42944444445,-5.11166666666665
IT34015,Italy,IT,ITH,ITH4,ITH44,Trieste,192.020833333224,1.91388888888333,2.53,1518.12583333323,-3.42944444445,-5.11166666666665
IT34016,Italy,IT,ITH,ITH4,ITH44,Trieste,192.020833333224,1.91388888888333,2.53,1518.12583333323,-3.42944444445,-5.11166666666665
IT34017,Italy,IT,ITH,ITH4,ITH44,Trieste,192.020833333224,1.91388888888333,2.53,1518.12583333323,-3.42944444445,-5.11166666666665
IT34018,Italy,IT,ITH,ITH4,ITH44,Trieste,192.020833333224,1.91388888888333,2.53,1518.12583333323,-3.42944444445,-5.11166666666665
IT34100,Italy,IT,ITH,ITH4,ITH44,Trieste,192.020833333224,1.91388888888333,2.53,1518.12583333323,-3.42944444445,-5.11166666666665
IT34121,Italy,IT,ITH,ITH4,ITH44,Trieste,192.020833333224,1.91388888888333,2.53,1518.12583333323,-3.42944444445,-5.11166666666665
IT34122,Italy,IT,ITH,ITH4,ITH44,Trieste,192.020833333224,1.91388888888333,2.53,1518.12583333323,-3.42944444445,-5.11166666666665
IT34123,Italy,IT,ITH,ITH4,ITH44,Trieste,192.020833333224,1.91388888888333,2.53,1518.12583333323,-3.42944444445,-5.11166666666665
IT34124,Italy,IT,ITH,ITH4,ITH44,Trieste,192.020833333224,1.91388888888333,2.53,1518.12583333323,-3.42944444445,-5.11166666666665
IT34125,Italy,IT,ITH,ITH4,ITH44,Trieste,192.020833333224,1.91388888888333,2.53,1518.12583333323,-3.42944444445,-5.11166666666665
IT34126,Italy,IT,ITH,ITH4,ITH44,Trieste,192.020833333224,1.91388888888333,2.53,1518.12583333323,-3.42944444445,-5.11166666666665
IT34127,Italy,IT,ITH,ITH4,ITH44,Trieste,192.020833333224,1.91388888888333,2.53,1518.12583333323,-3.42944444445,-5.11166666666665
IT34128,Italy,IT,ITH,ITH4,ITH44,Trieste,192.020833333224,1.91388888888333,2.53,1518.12583333323,-3.42944444445,-5.11166666666665
IT34129,Italy,IT,ITH,ITH4,ITH44,Trieste,192.020833333224,1.91388888888333,2.53,1518.12583333323,-3.42944444445,-5.11166666666665
IT34131,Italy,IT,ITH,ITH4,ITH44,Trieste,192.020833333224,1.91388888888333,2.53,1518.12583333323,-3.42944444445,-5.11166666666665
IT34132,Italy,IT,ITH,ITH4,ITH44,Trieste,192.020833333224,1.91388888888333,2.53,1518.12583333323,-3.42944444445,-5.11166666666665
IT34133,Italy,IT,ITH,ITH4,ITH44,Trieste,192.020833333224,1.91388888888333,2.53,1518.12583333323,-3.42944444445,-5.11166666666665
IT34134,Italy,IT,ITH,ITH4,ITH44,Trieste,192.020833333224,1.91388888888333,2.53,1518.12583333323,-3.42944444445,-5.11166666666665
IT34135,Italy,IT,ITH,ITH4,ITH44,Trieste,192.020833333224,1.91388888888333,2.53,1518.12583333323,-3.42944444445,-5.11166666666665
IT34136,Italy,IT,ITH,ITH4,ITH44,Trieste,192.020833333224,1.91388888888333,2.53,1518.12583333323,-3.42944444445,-5.11166666666665
IT34137,Italy,IT,ITH,ITH4,ITH44,Trieste,192.020833333224,1.91388888888333,2.53,1518.12583333323,-3.42944444445,-5.11166666666665
IT34138,Italy,IT,ITH,ITH4,ITH44,Trieste,192.020833333224,1.91388888888333,2.53,1518.12583333323,-3.42944444445,-5.11166666666665
IT34139,Italy,IT,ITH,ITH4,ITH44,Trieste,192.020833333224,1.91388888888333,2.53,1518.12583333323,-3.42944444445,-5.11166666666665
IT34141,Italy,IT,ITH,ITH4,ITH44,Trieste,192.020833333224,1.91388888888333,2.53,1518.12583333323,-3.42944444445,-5.11166666666665
IT34142,Italy,IT,ITH,ITH4,ITH44,Trieste,192.020833333224,1.91388888888333,2.53,1518.12583333323,-3.42944444445,-5.11166666666665
IT34143,Italy,IT,ITH,ITH4,ITH44,Trieste,192.020833333224,1.91388888888333,2.53,1518.12583333323,-3.42944444445,-5.11166666666665
IT34144,Italy,IT,ITH,ITH4,ITH44,Trieste,192.020833333224,1.91388888888333,2.53,1518.12583333323,-3.42944444445,-5.11166666666665
IT34145,Italy,IT,ITH,ITH4,ITH44,Trieste,192.020833333224,1.91388888888333,2.53,1518.12583333323,-3.42944444445,-5.11166666666665
IT34146,Italy,IT,ITH,ITH4,ITH44,Trieste,192.020833333224,1.91388888888333,2.53,1518.12583333323,-3.42944444445,-5.11166666666665
IT34147,Italy,IT,ITH,ITH4,ITH44,Trieste,192.020833333224,1.91388888888333,2.53,1518.12583333323,-3.42944444445,-5.11166666666665
IT34148,Italy,IT,ITH,ITH4,ITH44,Trieste,192.020833333224,1.91388888888333,2.53,1518.12583333323,-3.42944444445,-5.11166666666665
IT34149,Italy,IT,ITH,ITH4,ITH44,Trieste,192.020833333224,1.91388888888333,2.53,1518.12583333323,-3.42944444445,-5.11166666666665
IT34151,Italy,IT,ITH,ITH4,ITH44,Trieste,192.020833333224,1.91388888888333,2.53,1518.12583333323,-3.42944444445,-5.11166666666665
IT47010,Italy,IT,ITH,ITH5,ITH58,Forlì-Cesena,210.849199999999,1.67493333333333,2.31906666666667,1502.7595,-2.96433333333333,-4.5094
IT47011,Italy,IT,ITH,ITH5,ITH58,Forlì-Cesena,210.849199999999,1.67493333333333,2.31906666666667,1502.7595,-2.96433333333333,-4.5094
IT47012,Italy,IT,ITH,ITH5,ITH58,Forlì-Cesena,210.849199999999,1.67493333333333,2.31906666666667,1502.7595,-2.96433333333333,-4.5094
IT47013,Italy,IT,ITH,ITH5,ITH58,Forlì-Cesena,210.849199999999,1.67493333333333,2.31906666666667,1502.7595,-2.96433333333333,-4.5094
IT47014,Italy,IT,ITH,ITH5,ITH58,Forlì-Cesena,210.849199999999,1.67493333333333,2.31906666666667,1502.7595,-2.96433333333333,-4.5094
IT47015,Italy,IT,ITH,ITH5,ITH58,Forlì-Cesena,210.849199999999,1.67493333333333,2.31906666666667,1502.7595,-2.96433333333333,-4.5094
IT47016,Italy,IT,ITH,ITH5,ITH58,Forlì-Cesena,210.849199999999,1.67493333333333,2.31906666666667,1502.7595,-2.96433333333333,-4.5094
IT47017,Italy,IT,ITH,ITH5,ITH58,Forlì-Cesena,210.849199999999,1.67493333333333,2.31906666666667,1502.7595,-2.96433333333333,-4.5094
IT47018,Italy,IT,ITH,ITH5,ITH58,Forlì-Cesena,210.849199999999,1.67493333333333,2.31906666666667,1502.7595,-2.96433333333333,-4.5094
IT47019,Italy,IT,ITH,ITH5,ITH58,Forlì-Cesena,210.849199999999,1.67493333333333,2.31906666666667,1502.7595,-2.96433333333333,-4.5094
IT47020,Italy,IT,ITH,ITH5,ITH58,Forlì-Cesena,210.849199999999,1.67493333333333,2.31906666666667,1502.7595,-2.96433333333333,-4.5094
IT47021,Italy,IT,ITH,ITH5,ITH58,Forlì-Cesena,210.849199999999,1.67493333333333,2.31906666666667,1502.7595,-2.96433333333333,-4.5094
IT47023,Italy,IT,ITH,ITH5,ITH58,Forlì-Cesena,210.849199999999,1.67493333333333,2.31906666666667,1502.7595,-2.96433333333333,-4.5094
IT47025,Italy,IT,ITH,ITH5,ITH58,Forlì-Cesena,210.849199999999,1.67493333333333,2.31906666666667,1502.7595,-2.96433333333333,-4.5094
IT47027,Italy,IT,ITH,ITH5,ITH58,Forlì-Cesena,210.849199999999,1.67493333333333,2.31906666666667,1502.7595,-2.96433333333333,-4.5094
IT47028,Italy,IT,ITH,ITH5,ITH58,Forlì-Cesena,210.849199999999,1.67493333333333,2.31906666666667,1502.7595,-2.96433333333333,-4.5094
IT47030,Italy,IT,ITH,ITH5,ITH58,Forlì-Cesena,210.849199999999,1.67493333333333,2.31906666666667,1502.7595,-2.96433333333333,-4.5094
IT47032,Italy,IT,ITH,ITH5,ITH58,Forlì-Cesena,210.849199999999,1.67493333333333,2.31906666666667,1502.7595,-2.96433333333333,-4.5094
IT47034,Italy,IT,ITH,ITH5,ITH58,Forlì-Cesena,210.849199999999,1.67493333333333,2.31906666666667,1502.7595,-2.96433333333333,-4.5094
IT47035,Italy,IT,ITH,ITH5,ITH58,Forlì-Cesena,210.849199999999,1.67493333333333,2.31906666666667,1502.7595,-2.96433333333333,-4.5094
IT47039,Italy,IT,ITH,ITH5,ITH58,Forlì-Cesena,210.849199999999,1.67493333333333,2.31906666666667,1502.7595,-2.96433333333333,-4.5094
IT47042,Italy,IT,ITH,ITH5,ITH58,Forlì-Cesena,210.849199999999,1.67493333333333,2.31906666666667,1502.7595,-2.96433333333333,-4.5094
IT47043,Italy,IT,ITH,ITH5,ITH58,Forlì-Cesena,210.849199999999,1.67493333333333,2.31906666666667,1502.7595,-2.96433333333333,-4.5094
IT47100,Italy,IT,ITH,ITH5,ITH58,Forlì-Cesena,210.849199999999,1.67493333333333,2.31906666666667,1502.7595,-2.96433333333333,-4.5094
IT47121,Italy,IT,ITH,ITH5,ITH58,Forlì-Cesena,210.849199999999,1.67493333333333,2.31906666666667,1502.7595,-2.96433333333333,-4.5094
IT47122,Italy,IT,ITH,ITH5,ITH58,Forlì-Cesena,210.849199999999,1.67493333333333,2.31906666666667,1502.7595,-2.96433333333333,-4.5094
IT30013,Italy,IT,ITH,ITH3,ITH35,Venezia,276.206630434549,2.34326086956667,3.08956521738332,1401.0315217438,-3.1963768116,-4.75007246376667
IT30014,Italy,IT,ITH,ITH3,ITH35,Venezia,276.206630434549,2.34326086956667,3.08956521738332,1401.0315217438,-3.1963768116,-4.75007246376667
IT30015,Italy,IT,ITH,ITH3,ITH35,Venezia,276.206630434549,2.34326086956667,3.08956521738332,1401.0315217438,-3.1963768116,-4.75007246376667
IT30016,Italy,IT,ITH,ITH3,ITH35,Venezia,276.206630434549,2.34326086956667,3.08956521738332,1401.0315217438,-3.1963768116,-4.75007246376667
IT30020,Italy,IT,ITH,ITH3,ITH35,Venezia,276.206630434549,2.34326086956667,3.08956521738332,1401.0315217438,-3.1963768116,-4.75007246376667
IT30021,Italy,IT,ITH,ITH3,ITH35,Venezia,276.206630434549,2.34326086956667,3.08956521738332,1401.0315217438,-3.1963768116,-4.75007246376667
IT30022,Italy,IT,ITH,ITH3,ITH35,Venezia,276.206630434549,2.34326086956667,3.08956521738332,1401.0315217438,-3.1963768116,-4.75007246376667
IT30023,Italy,IT,ITH,ITH3,ITH35,Venezia,276.206630434549,2.34326086956667,3.08956521738332,1401.0315217438,-3.1963768116,-4.75007246376667
IT30024,Italy,IT,ITH,ITH3,ITH35,Venezia,276.206630434549,2.34326086956667,3.08956521738332,1401.0315217438,-3.1963768116,-4.75007246376667
IT30025,Italy,IT,ITH,ITH3,ITH35,Venezia,276.206630434549,2.34326086956667,3.08956521738332,1401.0315217438,-3.1963768116,-4.75007246376667
IT30026,Italy,IT,ITH,ITH3,ITH35,Venezia,276.206630434549,2.34326086956667,3.08956521738332,1401.0315217438,-3.1963768116,-4.75007246376667
IT30027,Italy,IT,ITH,ITH3,ITH35,Venezia,276.206630434549,2.34326086956667,3.08956521738332,1401.0315217438,-3.1963768116,-4.75007246376667
IT30028,Italy,IT,ITH,ITH3,ITH35,Venezia,276.206630434549,2.34326086956667,3.08956521738332,1401.0315217438,-3.1963768116,-4.75007246376667
IT30029,Italy,IT,ITH,ITH3,ITH35,Venezia,276.206630434549,2.34326086956667,3.08956521738332,1401.0315217438,-3.1963768116,-4.75007246376667
IT30030,Italy,IT,ITH,ITH3,ITH35,Venezia,276.206630434549,2.34326086956667,3.08956521738332,1401.0315217438,-3.1963768116,-4.75007246376667
IT30031,Italy,IT,ITH,ITH3,ITH35,Venezia,276.206630434549,2.34326086956667,3.08956521738332,1401.0315217438,-3.1963768116,-4.75007246376667
IT30032,Italy,IT,ITH,ITH3,ITH35,Venezia,276.206630434549,2.34326086956667,3.08956521738332,1401.0315217438,-3.1963768116,-4.75007246376667
IT30033,Italy,IT,ITH,ITH3,ITH35,Venezia,276.206630434549,2.34326086956667,3.08956521738332,1401.0315217438,-3.1963768116,-4.75007246376667
IT30034,Italy,IT,ITH,ITH3,ITH35,Venezia,276.206630434549,2.34326086956667,3.08956521738332,1401.0315217438,-3.1963768116,-4.75007246376667
IT30035,Italy,IT,ITH,ITH3,ITH35,Venezia,276.206630434549,2.34326086956667,3.08956521738332,1401.0315217438,-3.1963768116,-4.75007246376667
IT30036,Italy,IT,ITH,ITH3,ITH35,Venezia,276.206630434549,2.34326086956667,3.08956521738332,1401.0315217438,-3.1963768116,-4.75007246376667
IT30037,Italy,IT,ITH,ITH3,ITH35,Venezia,276.206630434549,2.34326086956667,3.08956521738332,1401.0315217438,-3.1963768116,-4.75007246376667
IT30038,Italy,IT,ITH,ITH3,ITH35,Venezia,276.206630434549,2.34326086956667,3.08956521738332,1401.0315217438,-3.1963768116,-4.75007246376667
IT30039,Italy,IT,ITH,ITH3,ITH35,Venezia,276.206630434549,2.34326086956667,3.08956521738332,1401.0315217438,-3.1963768116,-4.75007246376667
IT30100,Italy,IT,ITH,ITH3,ITH35,Venezia,276.206630434549,2.34326086956667,3.08956521738332,1401.0315217438,-3.1963768116,-4.75007246376667
IT30121,Italy,IT,ITH,ITH3,ITH35,Venezia,276.206630434549,2.34326086956667,3.08956521738332,1401.0315217438,-3.1963768116,-4.75007246376667
IT30122,Italy,IT,ITH,ITH3,ITH35,Venezia,276.206630434549,2.34326086956667,3.08956521738332,1401.0315217438,-3.1963768116,-4.75007246376667
IT30123,Italy,IT,ITH,ITH3,ITH35,Venezia,276.206630434549,2.34326086956667,3.08956521738332,1401.0315217438,-3.1963768116,-4.75007246376667
IT30124,Italy,IT,ITH,ITH3,ITH35,Venezia,276.206630434549,2.34326086956667,3.08956521738332,1401.0315217438,-3.1963768116,-4.75007246376667
IT30125,Italy,IT,ITH,ITH3,ITH35,Venezia,276.206630434549,2.34326086956667,3.08956521738332,1401.0315217438,-3.1963768116,-4.75007246376667
IT30126,Italy,IT,ITH,ITH3,ITH35,Venezia,276.206630434549,2.34326086956667,3.08956521738332,1401.0315217438,-3.1963768116,-4.75007246376667
IT30131,Italy,IT,ITH,ITH3,ITH35,Venezia,276.206630434549,2.34326086956667,3.08956521738332,1401.0315217438,-3.1963768116,-4.75007246376667
IT30132,Italy,IT,ITH,ITH3,ITH35,Venezia,276.206630434549,2.34326086956667,3.08956521738332,1401.0315217438,-3.1963768116,-4.75007246376667
IT30133,Italy,IT,ITH,ITH3,ITH35,Venezia,276.206630434549,2.34326086956667,3.08956521738332,1401.0315217438,-3.1963768116,-4.75007246376667
IT30135,Italy,IT,ITH,ITH3,ITH35,Venezia,276.206630434549,2.34326086956667,3.08956521738332,1401.0315217438,-3.1963768116,-4.75007246376667
IT30141,Italy,IT,ITH,ITH3,ITH35,Venezia,276.206630434549,2.34326086956667,3.08956521738332,1401.0315217438,-3.1963768116,-4.75007246376667
IT30142,Italy,IT,ITH,ITH3,ITH35,Venezia,276.206630434549,2.34326086956667,3.08956521738332,1401.0315217438,-3.1963768116,-4.75007246376667
IT30170,Italy,IT,ITH,ITH3,ITH35,Venezia,276.206630434549,2.34326086956667,3.08956521738332,1401.0315217438,-3.1963768116,-4.75007246376667
IT30171,Italy,IT,ITH,ITH3,ITH35,Venezia,276.206630434549,2.34326086956667,3.08956521738332,1401.0315217438,-3.1963768116,-4.75007246376667
IT30172,Italy,IT,ITH,ITH3,ITH35,Venezia,276.206630434549,2.34326086956667,3.08956521738332,1401.0315217438,-3.1963768116,-4.75007246376667
IT30173,Italy,IT,ITH,ITH3,ITH35,Venezia,276.206630434549,2.34326086956667,3.08956521738332,1401.0315217438,-3.1963768116,-4.75007246376667
IT30174,Italy,IT,ITH,ITH3,ITH35,Venezia,276.206630434549,2.34326086956667,3.08956521738332,1401.0315217438,-3.1963768116,-4.75007246376667
IT30175,Italy,IT,ITH,ITH3,ITH35,Venezia,276.206630434549,2.34326086956667,3.08956521738332,1401.0315217438,-3.1963768116,-4.75007246376667
IT17010,Italy,IT,ITC,ITC3,ITC32,Savona,107.210416666708,1.46435185185167,2.15638888888333,1342.03902777892,-3.50768518518333,-5.16703703703332
IT17011,Italy,IT,ITC,ITC3,ITC32,Savona,107.210416666708,1.46435185185167,2.15638888888333,1342.03902777892,-3.50768518518333,-5.16703703703332
IT17012,Italy,IT,ITC,ITC3,ITC32,Savona,107.210416666708,1.46435185185167,2.15638888888333,1342.03902777892,-3.50768518518333,-5.16703703703332
IT17013,Italy,IT,ITC,ITC3,ITC32,Savona,107.210416666708,1.46435185185167,2.15638888888333,1342.03902777892,-3.50768518518333,-5.16703703703332
IT17014,Italy,IT,ITC,ITC3,ITC32,Savona,107.210416666708,1.46435185185167,2.15638888888333,1342.03902777892,-3.50768518518333,-5.16703703703332
IT17015,Italy,IT,ITC,ITC3,ITC32,Savona,107.210416666708,1.46435185185167,2.15638888888333,1342.03902777892,-3.50768518518333,-5.16703703703332
IT17017,Italy,IT,ITC,ITC3,ITC32,Savona,107.210416666708,1.46435185185167,2.15638888888333,1342.03902777892,-3.50768518518333,-5.16703703703332
IT17019,Italy,IT,ITC,ITC3,ITC32,Savona,107.210416666708,1.46435185185167,2.15638888888333,1342.03902777892,-3.50768518518333,-5.16703703703332
IT17020,Italy,IT,ITC,ITC3,ITC32,Savona,107.210416666708,1.46435185185167,2.15638888888333,1342.03902777892,-3.50768518518333,-5.16703703703332
IT17021,Italy,IT,ITC,ITC3,ITC32,Savona,107.210416666708,1.46435185185167,2.15638888888333,1342.03902777892,-3.50768518518333,-5.16703703703332
IT17022,Italy,IT,ITC,ITC3,ITC32,Savona,107.210416666708,1.46435185185167,2.15638888888333,1342.03902777892,-3.50768518518333,-5.16703703703332
IT17023,Italy,IT,ITC,ITC3,ITC32,Savona,107.210416666708,1.46435185185167,2.15638888888333,1342.03902777892,-3.50768518518333,-5.16703703703332
IT17024,Italy,IT,ITC,ITC3,ITC32,Savona,107.210416666708,1.46435185185167,2.15638888888333,1342.03902777892,-3.50768518518333,-5.16703703703332
IT17025,Italy,IT,ITC,ITC3,ITC32,Savona,107.210416666708,1.46435185185167,2.15638888888333,1342.03902777892,-3.50768518518333,-5.16703703703332
IT17026,Italy,IT,ITC,ITC3,ITC32,Savona,107.210416666708,1.46435185185167,2.15638888888333,1342.03902777892,-3.50768518518333,-5.16703703703332
IT17027,Italy,IT,ITC,ITC3,ITC32,Savona,107.210416666708,1.46435185185167,2.15638888888333,1342.03902777892,-3.50768518518333,-5.16703703703332
IT17028,Italy,IT,ITC,ITC3,ITC32,Savona,107.210416666708,1.46435185185167,2.15638888888333,1342.03902777892,-3.50768518518333,-5.16703703703332
IT17030,Italy,IT,ITC,ITC3,ITC32,Savona,107.210416666708,1.46435185185167,2.15638888888333,1342.03902777892,-3.50768518518333,-5.16703703703332
IT17031,Italy,IT,ITC,ITC3,ITC32,Savona,107.210416666708,1.46435185185167,2.15638888888333,1342.03902777892,-3.50768518518333,-5.16703703703332
IT17032,Italy,IT,ITC,ITC3,ITC32,Savona,107.210416666708,1.46435185185167,2.15638888888333,1342.03902777892,-3.50768518518333,-5.16703703703332
IT17033,Italy,IT,ITC,ITC3,ITC32,Savona,107.210416666708,1.46435185185167,2.15638888888333,1342.03902777892,-3.50768518518333,-5.16703703703332
IT17034,Italy,IT,ITC,ITC3,ITC32,Savona,107.210416666708,1.46435185185167,2.15638888888333,1342.03902777892,-3.50768518518333,-5.16703703703332
IT17035,Italy,IT,ITC,ITC3,ITC32,Savona,107.210416666708,1.46435185185167,2.15638888888333,1342.03902777892,-3.50768518518333,-5.16703703703332
IT17037,Italy,IT,ITC,ITC3,ITC32,Savona,107.210416666708,1.46435185185167,2.15638888888333,1342.03902777892,-3.50768518518333,-5.16703703703332
IT17038,Italy,IT,ITC,ITC3,ITC32,Savona,107.210416666708,1.46435185185167,2.15638888888333,1342.03902777892,-3.50768518518333,-5.16703703703332
IT17039,Italy,IT,ITC,ITC3,ITC32,Savona,107.210416666708,1.46435185185167,2.15638888888333,1342.03902777892,-3.50768518518333,-5.16703703703332
IT17040,Italy,IT,ITC,ITC3,ITC32,Savona,107.210416666708,1.46435185185167,2.15638888888333,1342.03902777892,-3.50768518518333,-5.16703703703332
IT17041,Italy,IT,ITC,ITC3,ITC32,Savona,107.210416666708,1.46435185185167,2.15638888888333,1342.03902777892,-3.50768518518333,-5.16703703703332
IT17042,Italy,IT,ITC,ITC3,ITC32,Savona,107.210416666708,1.46435185185167,2.15638888888333,1342.03902777892,-3.50768518518333,-5.16703703703332
IT17043,Italy,IT,ITC,ITC3,ITC32,Savona,107.210416666708,1.46435185185167,2.15638888888333,1342.03902777892,-3.50768518518333,-5.16703703703332
IT17044,Italy,IT,ITC,ITC3,ITC32,Savona,107.210416666708,1.46435185185167,2.15638888888333,1342.03902777892,-3.50768518518333,-5.16703703703332
IT17045,Italy,IT,ITC,ITC3,ITC32,Savona,107.210416666708,1.46435185185167,2.15638888888333,1342.03902777892,-3.50768518518333,-5.16703703703332
IT17046,Italy,IT,ITC,ITC3,ITC32,Savona,107.210416666708,1.46435185185167,2.15638888888333,1342.03902777892,-3.50768518518333,-5.16703703703332
IT17047,Italy,IT,ITC,ITC3,ITC32,Savona,107.210416666708,1.46435185185167,2.15638888888333,1342.03902777892,-3.50768518518333,-5.16703703703332
IT17048,Italy,IT,ITC,ITC3,ITC32,Savona,107.210416666708,1.46435185185167,2.15638888888333,1342.03902777892,-3.50768518518333,-5.16703703703332
IT17051,Italy,IT,ITC,ITC3,ITC32,Savona,107.210416666708,1.46435185185167,2.15638888888333,1342.03902777892,-3.50768518518333,-5.16703703703332
IT17052,Italy,IT,ITC,ITC3,ITC32,Savona,107.210416666708,1.46435185185167,2.15638888888333,1342.03902777892,-3.50768518518333,-5.16703703703332
IT17053,Italy,IT,ITC,ITC3,ITC32,Savona,107.210416666708,1.46435185185167,2.15638888888333,1342.03902777892,-3.50768518518333,-5.16703703703332
IT17054,Italy,IT,ITC,ITC3,ITC32,Savona,107.210416666708,1.46435185185167,2.15638888888333,1342.03902777892,-3.50768518518333,-5.16703703703332
IT17055,Italy,IT,ITC,ITC3,ITC32,Savona,107.210416666708,1.46435185185167,2.15638888888333,1342.03902777892,-3.50768518518333,-5.16703703703332
IT17056,Italy,IT,ITC,ITC3,ITC32,Savona,107.210416666708,1.46435185185167,2.15638888888333,1342.03902777892,-3.50768518518333,-5.16703703703332
IT17057,Italy,IT,ITC,ITC3,ITC32,Savona,107.210416666708,1.46435185185167,2.15638888888333,1342.03902777892,-3.50768518518333,-5.16703703703332
IT17058,Italy,IT,ITC,ITC3,ITC32,Savona,107.210416666708,1.46435185185167,2.15638888888333,1342.03902777892,-3.50768518518333,-5.16703703703332
IT17100,Italy,IT,ITC,ITC3,ITC32,Savona,107.210416666708,1.46435185185167,2.15638888888333,1342.03902777892,-3.50768518518333,-5.16703703703332
IT8040,Italy,IT,ITG,ITG2,ITG2A,Ogliastra,237.602499999849,1.95796296296667,2.89046296296667,863.395694444225,-2.74694444444998,-4.22370370369998
IT8042,Italy,IT,ITG,ITG2,ITG2A,Ogliastra,237.602499999849,1.95796296296667,2.89046296296667,863.395694444225,-2.74694444444998,-4.22370370369998
IT8044,Italy,IT,ITG,ITG2,ITG2A,Ogliastra,237.602499999849,1.95796296296667,2.89046296296667,863.395694444225,-2.74694444444998,-4.22370370369998
IT8045,Italy,IT,ITG,ITG2,ITG2A,Ogliastra,237.602499999849,1.95796296296667,2.89046296296667,863.395694444225,-2.74694444444998,-4.22370370369998
IT8046,Italy,IT,ITG,ITG2,ITG2A,Ogliastra,237.602499999849,1.95796296296667,2.89046296296667,863.395694444225,-2.74694444444998,-4.22370370369998
IT8047,Italy,IT,ITG,ITG2,ITG2A,Ogliastra,237.602499999849,1.95796296296667,2.89046296296667,863.395694444225,-2.74694444444998,-4.22370370369998
IT8048,Italy,IT,ITG,ITG2,ITG2A,Ogliastra,237.602499999849,1.95796296296667,2.89046296296667,863.395694444225,-2.74694444444998,-4.22370370369998
IT8049,Italy,IT,ITG,ITG2,ITG2A,Ogliastra,237.602499999849,1.95796296296667,2.89046296296667,863.395694444225,-2.74694444444998,-4.22370370369998
IT9020,Italy,IT,ITG,ITG2,ITG2B,Medio Campidano,315.205625,2.19708333333332,3.15072916666665,686.679999999999,-2.43083333333332,-3.73083333333332
IT9021,Italy,IT,ITG,ITG2,ITG2B,Medio Campidano,315.205625,2.19708333333332,3.15072916666665,686.679999999999,-2.43083333333332,-3.73083333333332
IT9022,Italy,IT,ITG,ITG2,ITG2B,Medio Campidano,315.205625,2.19708333333332,3.15072916666665,686.679999999999,-2.43083333333332,-3.73083333333332
IT9025,Italy,IT,ITG,ITG2,ITG2B,Medio Campidano,315.205625,2.19708333333332,3.15072916666665,686.679999999999,-2.43083333333332,-3.73083333333332
IT9027,Italy,IT,ITG,ITG2,ITG2B,Medio Campidano,315.205625,2.19708333333332,3.15072916666665,686.679999999999,-2.43083333333332,-3.73083333333332
IT9029,Italy,IT,ITG,ITG2,ITG2B,Medio Campidano,315.205625,2.19708333333332,3.15072916666665,686.679999999999,-2.43083333333332,-3.73083333333332
IT9030,Italy,IT,ITG,ITG2,ITG2B,Medio Campidano,315.205625,2.19708333333332,3.15072916666665,686.679999999999,-2.43083333333332,-3.73083333333332
IT9031,Italy,IT,ITG,ITG2,ITG2B,Medio Campidano,315.205625,2.19708333333332,3.15072916666665,686.679999999999,-2.43083333333332,-3.73083333333332
IT9035,Italy,IT,ITG,ITG2,ITG2B,Medio Campidano,315.205625,2.19708333333332,3.15072916666665,686.679999999999,-2.43083333333332,-3.73083333333332
IT9036,Italy,IT,ITG,ITG2,ITG2B,Medio Campidano,315.205625,2.19708333333332,3.15072916666665,686.679999999999,-2.43083333333332,-3.73083333333332
IT9037,Italy,IT,ITG,ITG2,ITG2B,Medio Campidano,315.205625,2.19708333333332,3.15072916666665,686.679999999999,-2.43083333333332,-3.73083333333332
IT9038,Italy,IT,ITG,ITG2,ITG2B,Medio Campidano,315.205625,2.19708333333332,3.15072916666665,686.679999999999,-2.43083333333332,-3.73083333333332
IT9039,Italy,IT,ITG,ITG2,ITG2B,Medio Campidano,315.205625,2.19708333333332,3.15072916666665,686.679999999999,-2.43083333333332,-3.73083333333332
IT92010,Italy,IT,ITG,ITG1,ITG14,Agrigento,311.100172413849,2.65252873563332,3.90540229885,576.741810345275,-2.57787356321667,-3.8309770115
IT92011,Italy,IT,ITG,ITG1,ITG14,Agrigento,311.100172413849,2.65252873563332,3.90540229885,576.741810345275,-2.57787356321667,-3.8309770115
IT92012,Italy,IT,ITG,ITG1,ITG14,Agrigento,311.100172413849,2.65252873563332,3.90540229885,576.741810345275,-2.57787356321667,-3.8309770115
IT92013,Italy,IT,ITG,ITG1,ITG14,Agrigento,311.100172413849,2.65252873563332,3.90540229885,576.741810345275,-2.57787356321667,-3.8309770115
IT92014,Italy,IT,ITG,ITG1,ITG14,Agrigento,311.100172413849,2.65252873563332,3.90540229885,576.741810345275,-2.57787356321667,-3.8309770115
IT92015,Italy,IT,ITG,ITG1,ITG14,Agrigento,311.100172413849,2.65252873563332,3.90540229885,576.741810345275,-2.57787356321667,-3.8309770115
IT92016,Italy,IT,ITG,ITG1,ITG14,Agrigento,311.100172413849,2.65252873563332,3.90540229885,576.741810345275,-2.57787356321667,-3.8309770115
IT92017,Italy,IT,ITG,ITG1,ITG14,Agrigento,311.100172413849,2.65252873563332,3.90540229885,576.741810345275,-2.57787356321667,-3.8309770115
IT92018,Italy,IT,ITG,ITG1,ITG14,Agrigento,311.100172413849,2.65252873563332,3.90540229885,576.741810345275,-2.57787356321667,-3.8309770115
IT92019,Italy,IT,ITG,ITG1,ITG14,Agrigento,311.100172413849,2.65252873563332,3.90540229885,576.741810345275,-2.57787356321667,-3.8309770115
IT92020,Italy,IT,ITG,ITG1,ITG14,Agrigento,311.100172413849,2.65252873563332,3.90540229885,576.741810345275,-2.57787356321667,-3.8309770115
IT92021,Italy,IT,ITG,ITG1,ITG14,Agrigento,311.100172413849,2.65252873563332,3.90540229885,576.741810345275,-2.57787356321667,-3.8309770115
IT92022,Italy,IT,ITG,ITG1,ITG14,Agrigento,311.100172413849,2.65252873563332,3.90540229885,576.741810345275,-2.57787356321667,-3.8309770115
IT92023,Italy,IT,ITG,ITG1,ITG14,Agrigento,311.100172413849,2.65252873563332,3.90540229885,576.741810345275,-2.57787356321667,-3.8309770115
IT92024,Italy,IT,ITG,ITG1,ITG14,Agrigento,311.100172413849,2.65252873563332,3.90540229885,576.741810345275,-2.57787356321667,-3.8309770115
IT92025,Italy,IT,ITG,ITG1,ITG14,Agrigento,311.100172413849,2.65252873563332,3.90540229885,576.741810345275,-2.57787356321667,-3.8309770115
IT92026,Italy,IT,ITG,ITG1,ITG14,Agrigento,311.100172413849,2.65252873563332,3.90540229885,576.741810345275,-2.57787356321667,-3.8309770115
IT92027,Italy,IT,ITG,ITG1,ITG14,Agrigento,311.100172413849,2.65252873563332,3.90540229885,576.741810345275,-2.57787356321667,-3.8309770115
IT92028,Italy,IT,ITG,ITG1,ITG14,Agrigento,311.100172413849,2.65252873563332,3.90540229885,576.741810345275,-2.57787356321667,-3.8309770115
IT92029,Italy,IT,ITG,ITG1,ITG14,Agrigento,311.100172413849,2.65252873563332,3.90540229885,576.741810345275,-2.57787356321667,-3.8309770115
IT92100,Italy,IT,ITG,ITG1,ITG14,Agrigento,311.100172413849,2.65252873563332,3.90540229885,576.741810345275,-2.57787356321667,-3.8309770115
IT67010,Italy,IT,ITF,ITF1,ITF11,L’Aquila,64.2738207547299,1.03474842767333,1.57402515723333,1794.59122641445,-3.86044025156667,-6.01509433961667
IT67012,Italy,IT,ITF,ITF1,ITF11,L’Aquila,64.2738207547299,1.03474842767333,1.57402515723333,1794.59122641445,-3.86044025156667,-6.01509433961667
IT67013,Italy,IT,ITF,ITF1,ITF11,L’Aquila,64.2738207547299,1.03474842767333,1.57402515723333,1794.59122641445,-3.86044025156667,-6.01509433961667
IT67014,Italy,IT,ITF,ITF1,ITF11,L’Aquila,64.2738207547299,1.03474842767333,1.57402515723333,1794.59122641445,-3.86044025156667,-6.01509433961667
IT67015,Italy,IT,ITF,ITF1,ITF11,L’Aquila,64.2738207547299,1.03474842767333,1.57402515723333,1794.59122641445,-3.86044025156667,-6.01509433961667
IT67017,Italy,IT,ITF,ITF1,ITF11,L’Aquila,64.2738207547299,1.03474842767333,1.57402515723333,1794.59122641445,-3.86044025156667,-6.01509433961667
IT67019,Italy,IT,ITF,ITF1,ITF11,L’Aquila,64.2738207547299,1.03474842767333,1.57402515723333,1794.59122641445,-3.86044025156667,-6.01509433961667
IT67020,Italy,IT,ITF,ITF1,ITF11,L’Aquila,64.2738207547299,1.03474842767333,1.57402515723333,1794.59122641445,-3.86044025156667,-6.01509433961667
IT67021,Italy,IT,ITF,ITF1,ITF11,L’Aquila,64.2738207547299,1.03474842767333,1.57402515723333,1794.59122641445,-3.86044025156667,-6.01509433961667
IT67022,Italy,IT,ITF,ITF1,ITF11,L’Aquila,64.2738207547299,1.03474842767333,1.57402515723333,1794.59122641445,-3.86044025156667,-6.01509433961667
IT67023,Italy,IT,ITF,ITF1,ITF11,L’Aquila,64.2738207547299,1.03474842767333,1.57402515723333,1794.59122641445,-3.86044025156667,-6.01509433961667
IT67024,Italy,IT,ITF,ITF1,ITF11,L’Aquila,64.2738207547299,1.03474842767333,1.57402515723333,1794.59122641445,-3.86044025156667,-6.01509433961667
IT67025,Italy,IT,ITF,ITF1,ITF11,L’Aquila,64.2738207547299,1.03474842767333,1.57402515723333,1794.59122641445,-3.86044025156667,-6.01509433961667
IT67026,Italy,IT,ITF,ITF1,ITF11,L’Aquila,64.2738207547299,1.03474842767333,1.57402515723333,1794.59122641445,-3.86044025156667,-6.01509433961667
IT67027,Italy,IT,ITF,ITF1,ITF11,L’Aquila,64.2738207547299,1.03474842767333,1.57402515723333,1794.59122641445,-3.86044025156667,-6.01509433961667
IT67028,Italy,IT,ITF,ITF1,ITF11,L’Aquila,64.2738207547299,1.03474842767333,1.57402515723333,1794.59122641445,-3.86044025156667,-6.01509433961667
IT67029,Italy,IT,ITF,ITF1,ITF11,L’Aquila,64.2738207547299,1.03474842767333,1.57402515723333,1794.59122641445,-3.86044025156667,-6.01509433961667
IT67030,Italy,IT,ITF,ITF1,ITF11,L’Aquila,64.2738207547299,1.03474842767333,1.57402515723333,1794.59122641445,-3.86044025156667,-6.01509433961667
IT67031,Italy,IT,ITF,ITF1,ITF11,L’Aquila,64.2738207547299,1.03474842767333,1.57402515723333,1794.59122641445,-3.86044025156667,-6.01509433961667
IT67032,Italy,IT,ITF,ITF1,ITF11,L’Aquila,64.2738207547299,1.03474842767333,1.57402515723333,1794.59122641445,-3.86044025156667,-6.01509433961667
IT67033,Italy,IT,ITF,ITF1,ITF11,L’Aquila,64.2738207547299,1.03474842767333,1.57402515723333,1794.59122641445,-3.86044025156667,-6.01509433961667
IT67034,Italy,IT,ITF,ITF1,ITF11,L’Aquila,64.2738207547299,1.03474842767333,1.57402515723333,1794.59122641445,-3.86044025156667,-6.01509433961667
IT67035,Italy,IT,ITF,ITF1,ITF11,L’Aquila,64.2738207547299,1.03474842767333,1.57402515723333,1794.59122641445,-3.86044025156667,-6.01509433961667
IT67036,Italy,IT,ITF,ITF1,ITF11,L’Aquila,64.2738207547299,1.03474842767333,1.57402515723333,1794.59122641445,-3.86044025156667,-6.01509433961667
IT67037,Italy,IT,ITF,ITF1,ITF11,L’Aquila,64.2738207547299,1.03474842767333,1.57402515723333,1794.59122641445,-3.86044025156667,-6.01509433961667
IT67038,Italy,IT,ITF,ITF1,ITF11,L’Aquila,64.2738207547299,1.03474842767333,1.57402515723333,1794.59122641445,-3.86044025156667,-6.01509433961667
IT67039,Italy,IT,ITF,ITF1,ITF11,L’Aquila,64.2738207547299,1.03474842767333,1.57402515723333,1794.59122641445,-3.86044025156667,-6.01509433961667
IT67040,Italy,IT,ITF,ITF1,ITF11,L’Aquila,64.2738207547299,1.03474842767333,1.57402515723333,1794.59122641445,-3.86044025156667,-6.01509433961667
IT67041,Italy,IT,ITF,ITF1,ITF11,L’Aquila,64.2738207547299,1.03474842767333,1.57402515723333,1794.59122641445,-3.86044025156667,-6.01509433961667
IT67043,Italy,IT,ITF,ITF1,ITF11,L’Aquila,64.2738207547299,1.03474842767333,1.57402515723333,1794.59122641445,-3.86044025156667,-6.01509433961667
IT67044,Italy,IT,ITF,ITF1,ITF11,L’Aquila,64.2738207547299,1.03474842767333,1.57402515723333,1794.59122641445,-3.86044025156667,-6.01509433961667
IT67045,Italy,IT,ITF,ITF1,ITF11,L’Aquila,64.2738207547299,1.03474842767333,1.57402515723333,1794.59122641445,-3.86044025156667,-6.01509433961667
IT67046,Italy,IT,ITF,ITF1,ITF11,L’Aquila,64.2738207547299,1.03474842767333,1.57402515723333,1794.59122641445,-3.86044025156667,-6.01509433961667
IT67047,Italy,IT,ITF,ITF1,ITF11,L’Aquila,64.2738207547299,1.03474842767333,1.57402515723333,1794.59122641445,-3.86044025156667,-6.01509433961667
IT67048,Italy,IT,ITF,ITF1,ITF11,L’Aquila,64.2738207547299,1.03474842767333,1.57402515723333,1794.59122641445,-3.86044025156667,-6.01509433961667
IT67049,Italy,IT,ITF,ITF1,ITF11,L’Aquila,64.2738207547299,1.03474842767333,1.57402515723333,1794.59122641445,-3.86044025156667,-6.01509433961667
IT67050,Italy,IT,ITF,ITF1,ITF11,L’Aquila,64.2738207547299,1.03474842767333,1.57402515723333,1794.59122641445,-3.86044025156667,-6.01509433961667
IT67051,Italy,IT,ITF,ITF1,ITF11,L’Aquila,64.2738207547299,1.03474842767333,1.57402515723333,1794.59122641445,-3.86044025156667,-6.01509433961667
IT67052,Italy,IT,ITF,ITF1,ITF11,L’Aquila,64.2738207547299,1.03474842767333,1.57402515723333,1794.59122641445,-3.86044025156667,-6.01509433961667
IT67053,Italy,IT,ITF,ITF1,ITF11,L’Aquila,64.2738207547299,1.03474842767333,1.57402515723333,1794.59122641445,-3.86044025156667,-6.01509433961667
IT67054,Italy,IT,ITF,ITF1,ITF11,L’Aquila,64.2738207547299,1.03474842767333,1.57402515723333,1794.59122641445,-3.86044025156667,-6.01509433961667
IT67055,Italy,IT,ITF,ITF1,ITF11,L’Aquila,64.2738207547299,1.03474842767333,1.57402515723333,1794.59122641445,-3.86044025156667,-6.01509433961667
IT67056,Italy,IT,ITF,ITF1,ITF11,L’Aquila,64.2738207547299,1.03474842767333,1.57402515723333,1794.59122641445,-3.86044025156667,-6.01509433961667
IT67057,Italy,IT,ITF,ITF1,ITF11,L’Aquila,64.2738207547299,1.03474842767333,1.57402515723333,1794.59122641445,-3.86044025156667,-6.01509433961667
IT67058,Italy,IT,ITF,ITF1,ITF11,L’Aquila,64.2738207547299,1.03474842767333,1.57402515723333,1794.59122641445,-3.86044025156667,-6.01509433961667
IT67059,Italy,IT,ITF,ITF1,ITF11,L’Aquila,64.2738207547299,1.03474842767333,1.57402515723333,1794.59122641445,-3.86044025156667,-6.01509433961667
IT67060,Italy,IT,ITF,ITF1,ITF11,L’Aquila,64.2738207547299,1.03474842767333,1.57402515723333,1794.59122641445,-3.86044025156667,-6.01509433961667
IT67061,Italy,IT,ITF,ITF1,ITF11,L’Aquila,64.2738207547299,1.03474842767333,1.57402515723333,1794.59122641445,-3.86044025156667,-6.01509433961667
IT67062,Italy,IT,ITF,ITF1,ITF11,L’Aquila,64.2738207547299,1.03474842767333,1.57402515723333,1794.59122641445,-3.86044025156667,-6.01509433961667
IT67063,Italy,IT,ITF,ITF1,ITF11,L’Aquila,64.2738207547299,1.03474842767333,1.57402515723333,1794.59122641445,-3.86044025156667,-6.01509433961667
IT67064,Italy,IT,ITF,ITF1,ITF11,L’Aquila,64.2738207547299,1.03474842767333,1.57402515723333,1794.59122641445,-3.86044025156667,-6.01509433961667
IT67066,Italy,IT,ITF,ITF1,ITF11,L’Aquila,64.2738207547299,1.03474842767333,1.57402515723333,1794.59122641445,-3.86044025156667,-6.01509433961667
IT67067,Italy,IT,ITF,ITF1,ITF11,L’Aquila,64.2738207547299,1.03474842767333,1.57402515723333,1794.59122641445,-3.86044025156667,-6.01509433961667
IT67068,Italy,IT,ITF,ITF1,ITF11,L’Aquila,64.2738207547299,1.03474842767333,1.57402515723333,1794.59122641445,-3.86044025156667,-6.01509433961667
IT67069,Italy,IT,ITF,ITF1,ITF11,L’Aquila,64.2738207547299,1.03474842767333,1.57402515723333,1794.59122641445,-3.86044025156667,-6.01509433961667
IT67100,Italy,IT,ITF,ITF1,ITF11,L’Aquila,64.2738207547299,1.03474842767333,1.57402515723333,1794.59122641445,-3.86044025156667,-6.01509433961667
IT72012,Italy,IT,ITF,ITF4,ITF44,Brindisi,329.31025,2.60616666666667,3.75525,714.856499999999,-2.713,-3.96758333333333
IT72013,Italy,IT,ITF,ITF4,ITF44,Brindisi,329.31025,2.60616666666667,3.75525,714.856499999999,-2.713,-3.96758333333333
IT72014,Italy,IT,ITF,ITF4,ITF44,Brindisi,329.31025,2.60616666666667,3.75525,714.856499999999,-2.713,-3.96758333333333
IT72015,Italy,IT,ITF,ITF4,ITF44,Brindisi,329.31025,2.60616666666667,3.75525,714.856499999999,-2.713,-3.96758333333333
IT72016,Italy,IT,ITF,ITF4,ITF44,Brindisi,329.31025,2.60616666666667,3.75525,714.856499999999,-2.713,-3.96758333333333
IT72017,Italy,IT,ITF,ITF4,ITF44,Brindisi,329.31025,2.60616666666667,3.75525,714.856499999999,-2.713,-3.96758333333333
IT72018,Italy,IT,ITF,ITF4,ITF44,Brindisi,329.31025,2.60616666666667,3.75525,714.856499999999,-2.713,-3.96758333333333
IT72019,Italy,IT,ITF,ITF4,ITF44,Brindisi,329.31025,2.60616666666667,3.75525,714.856499999999,-2.713,-3.96758333333333
IT72020,Italy,IT,ITF,ITF4,ITF44,Brindisi,329.31025,2.60616666666667,3.75525,714.856499999999,-2.713,-3.96758333333333
IT72021,Italy,IT,ITF,ITF4,ITF44,Brindisi,329.31025,2.60616666666667,3.75525,714.856499999999,-2.713,-3.96758333333333
IT72022,Italy,IT,ITF,ITF4,ITF44,Brindisi,329.31025,2.60616666666667,3.75525,714.856499999999,-2.713,-3.96758333333333
IT72023,Italy,IT,ITF,ITF4,ITF44,Brindisi,329.31025,2.60616666666667,3.75525,714.856499999999,-2.713,-3.96758333333333
IT72024,Italy,IT,ITF,ITF4,ITF44,Brindisi,329.31025,2.60616666666667,3.75525,714.856499999999,-2.713,-3.96758333333333
IT72025,Italy,IT,ITF,ITF4,ITF44,Brindisi,329.31025,2.60616666666667,3.75525,714.856499999999,-2.713,-3.96758333333333
IT72026,Italy,IT,ITF,ITF4,ITF44,Brindisi,329.31025,2.60616666666667,3.75525,714.856499999999,-2.713,-3.96758333333333
IT72027,Italy,IT,ITF,ITF4,ITF44,Brindisi,329.31025,2.60616666666667,3.75525,714.856499999999,-2.713,-3.96758333333333
IT72028,Italy,IT,ITF,ITF4,ITF44,Brindisi,329.31025,2.60616666666667,3.75525,714.856499999999,-2.713,-3.96758333333333
IT72029,Italy,IT,ITF,ITF4,ITF44,Brindisi,329.31025,2.60616666666667,3.75525,714.856499999999,-2.713,-3.96758333333333
IT72100,Italy,IT,ITF,ITF4,ITF44,Brindisi,329.31025,2.60616666666667,3.75525,714.856499999999,-2.713,-3.96758333333333
IT1010,Italy,IT,ITI,ITI4,ITI41,Viterbo,276.339573170525,2.25256097561667,3.0375203252,1110.35762195592,-2.86158536585,-4.42910569105
IT1011,Italy,IT,ITI,ITI4,ITI41,Viterbo,276.339573170525,2.25256097561667,3.0375203252,1110.35762195592,-2.86158536585,-4.42910569105
IT1012,Italy,IT,ITI,ITI4,ITI41,Viterbo,276.339573170525,2.25256097561667,3.0375203252,1110.35762195592,-2.86158536585,-4.42910569105
IT1014,Italy,IT,ITI,ITI4,ITI41,Viterbo,276.339573170525,2.25256097561667,3.0375203252,1110.35762195592,-2.86158536585,-4.42910569105
IT1015,Italy,IT,ITI,ITI4,ITI41,Viterbo,276.339573170525,2.25256097561667,3.0375203252,1110.35762195592,-2.86158536585,-4.42910569105
IT1016,Italy,IT,ITI,ITI4,ITI41,Viterbo,276.339573170525,2.25256097561667,3.0375203252,1110.35762195592,-2.86158536585,-4.42910569105
IT1017,Italy,IT,ITI,ITI4,ITI41,Viterbo,276.339573170525,2.25256097561667,3.0375203252,1110.35762195592,-2.86158536585,-4.42910569105
IT1018,Italy,IT,ITI,ITI4,ITI41,Viterbo,276.339573170525,2.25256097561667,3.0375203252,1110.35762195592,-2.86158536585,-4.42910569105
IT1019,Italy,IT,ITI,ITI4,ITI41,Viterbo,276.339573170525,2.25256097561667,3.0375203252,1110.35762195592,-2.86158536585,-4.42910569105
IT1020,Italy,IT,ITI,ITI4,ITI41,Viterbo,276.339573170525,2.25256097561667,3.0375203252,1110.35762195592,-2.86158536585,-4.42910569105
IT1021,Italy,IT,ITI,ITI4,ITI41,Viterbo,276.339573170525,2.25256097561667,3.0375203252,1110.35762195592,-2.86158536585,-4.42910569105
IT1022,Italy,IT,ITI,ITI4,ITI41,Viterbo,276.339573170525,2.25256097561667,3.0375203252,1110.35762195592,-2.86158536585,-4.42910569105
IT1023,Italy,IT,ITI,ITI4,ITI41,Viterbo,276.339573170525,2.25256097561667,3.0375203252,1110.35762195592,-2.86158536585,-4.42910569105
IT1024,Italy,IT,ITI,ITI4,ITI41,Viterbo,276.339573170525,2.25256097561667,3.0375203252,1110.35762195592,-2.86158536585,-4.42910569105
IT1025,Italy,IT,ITI,ITI4,ITI41,Viterbo,276.339573170525,2.25256097561667,3.0375203252,1110.35762195592,-2.86158536585,-4.42910569105
IT1026,Italy,IT,ITI,ITI4,ITI41,Viterbo,276.339573170525,2.25256097561667,3.0375203252,1110.35762195592,-2.86158536585,-4.42910569105
IT1027,Italy,IT,ITI,ITI4,ITI41,Viterbo,276.339573170525,2.25256097561667,3.0375203252,1110.35762195592,-2.86158536585,-4.42910569105
IT1028,Italy,IT,ITI,ITI4,ITI41,Viterbo,276.339573170525,2.25256097561667,3.0375203252,1110.35762195592,-2.86158536585,-4.42910569105
IT1030,Italy,IT,ITI,ITI4,ITI41,Viterbo,276.339573170525,2.25256097561667,3.0375203252,1110.35762195592,-2.86158536585,-4.42910569105
IT1032,Italy,IT,ITI,ITI4,ITI41,Viterbo,276.339573170525,2.25256097561667,3.0375203252,1110.35762195592,-2.86158536585,-4.42910569105
IT1033,Italy,IT,ITI,ITI4,ITI41,Viterbo,276.339573170525,2.25256097561667,3.0375203252,1110.35762195592,-2.86158536585,-4.42910569105
IT1034,Italy,IT,ITI,ITI4,ITI41,Viterbo,276.339573170525,2.25256097561667,3.0375203252,1110.35762195592,-2.86158536585,-4.42910569105
IT1035,Italy,IT,ITI,ITI4,ITI41,Viterbo,276.339573170525,2.25256097561667,3.0375203252,1110.35762195592,-2.86158536585,-4.42910569105
IT1036,Italy,IT,ITI,ITI4,ITI41,Viterbo,276.339573170525,2.25256097561667,3.0375203252,1110.35762195592,-2.86158536585,-4.42910569105
IT1037,Italy,IT,ITI,ITI4,ITI41,Viterbo,276.339573170525,2.25256097561667,3.0375203252,1110.35762195592,-2.86158536585,-4.42910569105
IT1038,Italy,IT,ITI,ITI4,ITI41,Viterbo,276.339573170525,2.25256097561667,3.0375203252,1110.35762195592,-2.86158536585,-4.42910569105
IT1039,Italy,IT,ITI,ITI4,ITI41,Viterbo,276.339573170525,2.25256097561667,3.0375203252,1110.35762195592,-2.86158536585,-4.42910569105
IT1100,Italy,IT,ITI,ITI4,ITI41,Viterbo,276.339573170525,2.25256097561667,3.0375203252,1110.35762195592,-2.86158536585,-4.42910569105
IT6010,Italy,IT,ITI,ITI1,ITI18,Arezzo,199.45493055585,1.81421296296667,2.47708333333333,1430.969375,-3.08874999999998,-4.71763888888333
IT52010,Italy,IT,ITI,ITI1,ITI18,Arezzo,199.45493055585,1.81421296296667,2.47708333333333,1430.969375,-3.08874999999998,-4.71763888888333
IT52011,Italy,IT,ITI,ITI1,ITI18,Arezzo,199.45493055585,1.81421296296667,2.47708333333333,1430.969375,-3.08874999999998,-4.71763888888333
IT52014,Italy,IT,ITI,ITI1,ITI18,Arezzo,199.45493055585,1.81421296296667,2.47708333333333,1430.969375,-3.08874999999998,-4.71763888888333
IT52015,Italy,IT,ITI,ITI1,ITI18,Arezzo,199.45493055585,1.81421296296667,2.47708333333333,1430.969375,-3.08874999999998,-4.71763888888333
IT52016,Italy,IT,ITI,ITI1,ITI18,Arezzo,199.45493055585,1.81421296296667,2.47708333333333,1430.969375,-3.08874999999998,-4.71763888888333
IT52017,Italy,IT,ITI,ITI1,ITI18,Arezzo,199.45493055585,1.81421296296667,2.47708333333333,1430.969375,-3.08874999999998,-4.71763888888333
IT52018,Italy,IT,ITI,ITI1,ITI18,Arezzo,199.45493055585,1.81421296296667,2.47708333333333,1430.969375,-3.08874999999998,-4.71763888888333
IT52020,Italy,IT,ITI,ITI1,ITI18,Arezzo,199.45493055585,1.81421296296667,2.47708333333333,1430.969375,-3.08874999999998,-4.71763888888333
IT52021,Italy,IT,ITI,ITI1,ITI18,Arezzo,199.45493055585,1.81421296296667,2.47708333333333,1430.969375,-3.08874999999998,-4.71763888888333
IT52022,Italy,IT,ITI,ITI1,ITI18,Arezzo,199.45493055585,1.81421296296667,2.47708333333333,1430.969375,-3.08874999999998,-4.71763888888333
IT52024,Italy,IT,ITI,ITI1,ITI18,Arezzo,199.45493055585,1.81421296296667,2.47708333333333,1430.969375,-3.08874999999998,-4.71763888888333
IT52025,Italy,IT,ITI,ITI1,ITI18,Arezzo,199.45493055585,1.81421296296667,2.47708333333333,1430.969375,-3.08874999999998,-4.71763888888333
IT52026,Italy,IT,ITI,ITI1,ITI18,Arezzo,199.45493055585,1.81421296296667,2.47708333333333,1430.969375,-3.08874999999998,-4.71763888888333
IT52027,Italy,IT,ITI,ITI1,ITI18,Arezzo,199.45493055585,1.81421296296667,2.47708333333333,1430.969375,-3.08874999999998,-4.71763888888333
IT52028,Italy,IT,ITI,ITI1,ITI18,Arezzo,199.45493055585,1.81421296296667,2.47708333333333,1430.969375,-3.08874999999998,-4.71763888888333
IT52029,Italy,IT,ITI,ITI1,ITI18,Arezzo,199.45493055585,1.81421296296667,2.47708333333333,1430.969375,-3.08874999999998,-4.71763888888333
IT52031,Italy,IT,ITI,ITI1,ITI18,Arezzo,199.45493055585,1.81421296296667,2.47708333333333,1430.969375,-3.08874999999998,-4.71763888888333
IT52032,Italy,IT,ITI,ITI1,ITI18,Arezzo,199.45493055585,1.81421296296667,2.47708333333333,1430.969375,-3.08874999999998,-4.71763888888333
IT52033,Italy,IT,ITI,ITI1,ITI18,Arezzo,199.45493055585,1.81421296296667,2.47708333333333,1430.969375,-3.08874999999998,-4.71763888888333
IT52035,Italy,IT,ITI,ITI1,ITI18,Arezzo,199.45493055585,1.81421296296667,2.47708333333333,1430.969375,-3.08874999999998,-4.71763888888333
IT52036,Italy,IT,ITI,ITI1,ITI18,Arezzo,199.45493055585,1.81421296296667,2.47708333333333,1430.969375,-3.08874999999998,-4.71763888888333
IT52037,Italy,IT,ITI,ITI1,ITI18,Arezzo,199.45493055585,1.81421296296667,2.47708333333333,1430.969375,-3.08874999999998,-4.71763888888333
IT52038,Italy,IT,ITI,ITI1,ITI18,Arezzo,199.45493055585,1.81421296296667,2.47708333333333,1430.969375,-3.08874999999998,-4.71763888888333
IT52041,Italy,IT,ITI,ITI1,ITI18,Arezzo,199.45493055585,1.81421296296667,2.47708333333333,1430.969375,-3.08874999999998,-4.71763888888333
IT52043,Italy,IT,ITI,ITI1,ITI18,Arezzo,199.45493055585,1.81421296296667,2.47708333333333,1430.969375,-3.08874999999998,-4.71763888888333
IT52044,Italy,IT,ITI,ITI1,ITI18,Arezzo,199.45493055585,1.81421296296667,2.47708333333333,1430.969375,-3.08874999999998,-4.71763888888333
IT52045,Italy,IT,ITI,ITI1,ITI18,Arezzo,199.45493055585,1.81421296296667,2.47708333333333,1430.969375,-3.08874999999998,-4.71763888888333
IT52046,Italy,IT,ITI,ITI1,ITI18,Arezzo,199.45493055585,1.81421296296667,2.47708333333333,1430.969375,-3.08874999999998,-4.71763888888333
IT52047,Italy,IT,ITI,ITI1,ITI18,Arezzo,199.45493055585,1.81421296296667,2.47708333333333,1430.969375,-3.08874999999998,-4.71763888888333
IT52048,Italy,IT,ITI,ITI1,ITI18,Arezzo,199.45493055585,1.81421296296667,2.47708333333333,1430.969375,-3.08874999999998,-4.71763888888333
IT52100,Italy,IT,ITI,ITI1,ITI18,Arezzo,199.45493055585,1.81421296296667,2.47708333333333,1430.969375,-3.08874999999998,-4.71763888888333
IT50054,Italy,IT,ITI,ITI1,ITI17,Pisa,274.135603447875,2.15867816091667,2.91936781609998,1117.8339655209,-2.65183908046667,-4.06816091953332
IT56010,Italy,IT,ITI,ITI1,ITI17,Pisa,274.135603447875,2.15867816091667,2.91936781609998,1117.8339655209,-2.65183908046667,-4.06816091953332
IT56011,Italy,IT,ITI,ITI1,ITI17,Pisa,274.135603447875,2.15867816091667,2.91936781609998,1117.8339655209,-2.65183908046667,-4.06816091953332
IT56012,Italy,IT,ITI,ITI1,ITI17,Pisa,274.135603447875,2.15867816091667,2.91936781609998,1117.8339655209,-2.65183908046667,-4.06816091953332
IT56017,Italy,IT,ITI,ITI1,ITI17,Pisa,274.135603447875,2.15867816091667,2.91936781609998,1117.8339655209,-2.65183908046667,-4.06816091953332
IT56019,Italy,IT,ITI,ITI1,ITI17,Pisa,274.135603447875,2.15867816091667,2.91936781609998,1117.8339655209,-2.65183908046667,-4.06816091953332
IT56020,Italy,IT,ITI,ITI1,ITI17,Pisa,274.135603447875,2.15867816091667,2.91936781609998,1117.8339655209,-2.65183908046667,-4.06816091953332
IT56021,Italy,IT,ITI,ITI1,ITI17,Pisa,274.135603447875,2.15867816091667,2.91936781609998,1117.8339655209,-2.65183908046667,-4.06816091953332
IT56022,Italy,IT,ITI,ITI1,ITI17,Pisa,274.135603447875,2.15867816091667,2.91936781609998,1117.8339655209,-2.65183908046667,-4.06816091953332
IT56023,Italy,IT,ITI,ITI1,ITI17,Pisa,274.135603447875,2.15867816091667,2.91936781609998,1117.8339655209,-2.65183908046667,-4.06816091953332
IT56024,Italy,IT,ITI,ITI1,ITI17,Pisa,274.135603447875,2.15867816091667,2.91936781609998,1117.8339655209,-2.65183908046667,-4.06816091953332
IT56025,Italy,IT,ITI,ITI1,ITI17,Pisa,274.135603447875,2.15867816091667,2.91936781609998,1117.8339655209,-2.65183908046667,-4.06816091953332
IT56028,Italy,IT,ITI,ITI1,ITI17,Pisa,274.135603447875,2.15867816091667,2.91936781609998,1117.8339655209,-2.65183908046667,-4.06816091953332
IT56029,Italy,IT,ITI,ITI1,ITI17,Pisa,274.135603447875,2.15867816091667,2.91936781609998,1117.8339655209,-2.65183908046667,-4.06816091953332
IT56030,Italy,IT,ITI,ITI1,ITI17,Pisa,274.135603447875,2.15867816091667,2.91936781609998,1117.8339655209,-2.65183908046667,-4.06816091953332
IT56031,Italy,IT,ITI,ITI1,ITI17,Pisa,274.135603447875,2.15867816091667,2.91936781609998,1117.8339655209,-2.65183908046667,-4.06816091953332
IT56032,Italy,IT,ITI,ITI1,ITI17,Pisa,274.135603447875,2.15867816091667,2.91936781609998,1117.8339655209,-2.65183908046667,-4.06816091953332
IT56033,Italy,IT,ITI,ITI1,ITI17,Pisa,274.135603447875,2.15867816091667,2.91936781609998,1117.8339655209,-2.65183908046667,-4.06816091953332
IT56034,Italy,IT,ITI,ITI1,ITI17,Pisa,274.135603447875,2.15867816091667,2.91936781609998,1117.8339655209,-2.65183908046667,-4.06816091953332
IT56035,Italy,IT,ITI,ITI1,ITI17,Pisa,274.135603447875,2.15867816091667,2.91936781609998,1117.8339655209,-2.65183908046667,-4.06816091953332
IT56036,Italy,IT,ITI,ITI1,ITI17,Pisa,274.135603447875,2.15867816091667,2.91936781609998,1117.8339655209,-2.65183908046667,-4.06816091953332
IT56037,Italy,IT,ITI,ITI1,ITI17,Pisa,274.135603447875,2.15867816091667,2.91936781609998,1117.8339655209,-2.65183908046667,-4.06816091953332
IT56038,Italy,IT,ITI,ITI1,ITI17,Pisa,274.135603447875,2.15867816091667,2.91936781609998,1117.8339655209,-2.65183908046667,-4.06816091953332
IT56040,Italy,IT,ITI,ITI1,ITI17,Pisa,274.135603447875,2.15867816091667,2.91936781609998,1117.8339655209,-2.65183908046667,-4.06816091953332
IT56041,Italy,IT,ITI,ITI1,ITI17,Pisa,274.135603447875,2.15867816091667,2.91936781609998,1117.8339655209,-2.65183908046667,-4.06816091953332
IT56042,Italy,IT,ITI,ITI1,ITI17,Pisa,274.135603447875,2.15867816091667,2.91936781609998,1117.8339655209,-2.65183908046667,-4.06816091953332
IT56043,Italy,IT,ITI,ITI1,ITI17,Pisa,274.135603447875,2.15867816091667,2.91936781609998,1117.8339655209,-2.65183908046667,-4.06816091953332
IT56044,Italy,IT,ITI,ITI1,ITI17,Pisa,274.135603447875,2.15867816091667,2.91936781609998,1117.8339655209,-2.65183908046667,-4.06816091953332
IT56045,Italy,IT,ITI,ITI1,ITI17,Pisa,274.135603447875,2.15867816091667,2.91936781609998,1117.8339655209,-2.65183908046667,-4.06816091953332
IT56046,Italy,IT,ITI,ITI1,ITI17,Pisa,274.135603447875,2.15867816091667,2.91936781609998,1117.8339655209,-2.65183908046667,-4.06816091953332
IT56048,Italy,IT,ITI,ITI1,ITI17,Pisa,274.135603447875,2.15867816091667,2.91936781609998,1117.8339655209,-2.65183908046667,-4.06816091953332
IT56100,Italy,IT,ITI,ITI1,ITI17,Pisa,274.135603447875,2.15867816091667,2.91936781609998,1117.8339655209,-2.65183908046667,-4.06816091953332
IT56121,Italy,IT,ITI,ITI1,ITI17,Pisa,274.135603447875,2.15867816091667,2.91936781609998,1117.8339655209,-2.65183908046667,-4.06816091953332
IT56122,Italy,IT,ITI,ITI1,ITI17,Pisa,274.135603447875,2.15867816091667,2.91936781609998,1117.8339655209,-2.65183908046667,-4.06816091953332
IT56123,Italy,IT,ITI,ITI1,ITI17,Pisa,274.135603447875,2.15867816091667,2.91936781609998,1117.8339655209,-2.65183908046667,-4.06816091953332
IT56124,Italy,IT,ITI,ITI1,ITI17,Pisa,274.135603447875,2.15867816091667,2.91936781609998,1117.8339655209,-2.65183908046667,-4.06816091953332
IT56125,Italy,IT,ITI,ITI1,ITI17,Pisa,274.135603447875,2.15867816091667,2.91936781609998,1117.8339655209,-2.65183908046667,-4.06816091953332
IT56126,Italy,IT,ITI,ITI1,ITI17,Pisa,274.135603447875,2.15867816091667,2.91936781609998,1117.8339655209,-2.65183908046667,-4.06816091953332
IT56127,Italy,IT,ITI,ITI1,ITI17,Pisa,274.135603447875,2.15867816091667,2.91936781609998,1117.8339655209,-2.65183908046667,-4.06816091953332
IT56128,Italy,IT,ITI,ITI1,ITI17,Pisa,274.135603447875,2.15867816091667,2.91936781609998,1117.8339655209,-2.65183908046667,-4.06816091953332
IT37010,Italy,IT,ITH,ITH3,ITH31,Verona,260.949714285425,2.04914285715,2.69571428571667,1614.67257142853,-3.37371428571665,-5.04847619048333
IT37011,Italy,IT,ITH,ITH3,ITH31,Verona,260.949714285425,2.04914285715,2.69571428571667,1614.67257142853,-3.37371428571665,-5.04847619048333
IT37012,Italy,IT,ITH,ITH3,ITH31,Verona,260.949714285425,2.04914285715,2.69571428571667,1614.67257142853,-3.37371428571665,-5.04847619048333
IT37013,Italy,IT,ITH,ITH3,ITH31,Verona,260.949714285425,2.04914285715,2.69571428571667,1614.67257142853,-3.37371428571665,-5.04847619048333
IT37014,Italy,IT,ITH,ITH3,ITH31,Verona,260.949714285425,2.04914285715,2.69571428571667,1614.67257142853,-3.37371428571665,-5.04847619048333
IT37015,Italy,IT,ITH,ITH3,ITH31,Verona,260.949714285425,2.04914285715,2.69571428571667,1614.67257142853,-3.37371428571665,-5.04847619048333
IT37016,Italy,IT,ITH,ITH3,ITH31,Verona,260.949714285425,2.04914285715,2.69571428571667,1614.67257142853,-3.37371428571665,-5.04847619048333
IT37017,Italy,IT,ITH,ITH3,ITH31,Verona,260.949714285425,2.04914285715,2.69571428571667,1614.67257142853,-3.37371428571665,-5.04847619048333
IT37018,Italy,IT,ITH,ITH3,ITH31,Verona,260.949714285425,2.04914285715,2.69571428571667,1614.67257142853,-3.37371428571665,-5.04847619048333
IT37019,Italy,IT,ITH,ITH3,ITH31,Verona,260.949714285425,2.04914285715,2.69571428571667,1614.67257142853,-3.37371428571665,-5.04847619048333
IT37020,Italy,IT,ITH,ITH3,ITH31,Verona,260.949714285425,2.04914285715,2.69571428571667,1614.67257142853,-3.37371428571665,-5.04847619048333
IT37021,Italy,IT,ITH,ITH3,ITH31,Verona,260.949714285425,2.04914285715,2.69571428571667,1614.67257142853,-3.37371428571665,-5.04847619048333
IT37022,Italy,IT,ITH,ITH3,ITH31,Verona,260.949714285425,2.04914285715,2.69571428571667,1614.67257142853,-3.37371428571665,-5.04847619048333
IT37023,Italy,IT,ITH,ITH3,ITH31,Verona,260.949714285425,2.04914285715,2.69571428571667,1614.67257142853,-3.37371428571665,-5.04847619048333
IT37024,Italy,IT,ITH,ITH3,ITH31,Verona,260.949714285425,2.04914285715,2.69571428571667,1614.67257142853,-3.37371428571665,-5.04847619048333
IT37026,Italy,IT,ITH,ITH3,ITH31,Verona,260.949714285425,2.04914285715,2.69571428571667,1614.67257142853,-3.37371428571665,-5.04847619048333
IT37028,Italy,IT,ITH,ITH3,ITH31,Verona,260.949714285425,2.04914285715,2.69571428571667,1614.67257142853,-3.37371428571665,-5.04847619048333
IT37029,Italy,IT,ITH,ITH3,ITH31,Verona,260.949714285425,2.04914285715,2.69571428571667,1614.67257142853,-3.37371428571665,-5.04847619048333
IT37030,Italy,IT,ITH,ITH3,ITH31,Verona,260.949714285425,2.04914285715,2.69571428571667,1614.67257142853,-3.37371428571665,-5.04847619048333
IT37031,Italy,IT,ITH,ITH3,ITH31,Verona,260.949714285425,2.04914285715,2.69571428571667,1614.67257142853,-3.37371428571665,-5.04847619048333
IT37032,Italy,IT,ITH,ITH3,ITH31,Verona,260.949714285425,2.04914285715,2.69571428571667,1614.67257142853,-3.37371428571665,-5.04847619048333
IT37035,Italy,IT,ITH,ITH3,ITH31,Verona,260.949714285425,2.04914285715,2.69571428571667,1614.67257142853,-3.37371428571665,-5.04847619048333
IT37036,Italy,IT,ITH,ITH3,ITH31,Verona,260.949714285425,2.04914285715,2.69571428571667,1614.67257142853,-3.37371428571665,-5.04847619048333
IT37038,Italy,IT,ITH,ITH3,ITH31,Verona,260.949714285425,2.04914285715,2.69571428571667,1614.67257142853,-3.37371428571665,-5.04847619048333
IT37039,Italy,IT,ITH,ITH3,ITH31,Verona,260.949714285425,2.04914285715,2.69571428571667,1614.67257142853,-3.37371428571665,-5.04847619048333
IT37040,Italy,IT,ITH,ITH3,ITH31,Verona,260.949714285425,2.04914285715,2.69571428571667,1614.67257142853,-3.37371428571665,-5.04847619048333
IT37041,Italy,IT,ITH,ITH3,ITH31,Verona,260.949714285425,2.04914285715,2.69571428571667,1614.67257142853,-3.37371428571665,-5.04847619048333
IT37042,Italy,IT,ITH,ITH3,ITH31,Verona,260.949714285425,2.04914285715,2.69571428571667,1614.67257142853,-3.37371428571665,-5.04847619048333
IT37043,Italy,IT,ITH,ITH3,ITH31,Verona,260.949714285425,2.04914285715,2.69571428571667,1614.67257142853,-3.37371428571665,-5.04847619048333
IT37044,Italy,IT,ITH,ITH3,ITH31,Verona,260.949714285425,2.04914285715,2.69571428571667,1614.67257142853,-3.37371428571665,-5.04847619048333
IT37045,Italy,IT,ITH,ITH3,ITH31,Verona,260.949714285425,2.04914285715,2.69571428571667,1614.67257142853,-3.37371428571665,-5.04847619048333
IT37046,Italy,IT,ITH,ITH3,ITH31,Verona,260.949714285425,2.04914285715,2.69571428571667,1614.67257142853,-3.37371428571665,-5.04847619048333
IT37047,Italy,IT,ITH,ITH3,ITH31,Verona,260.949714285425,2.04914285715,2.69571428571667,1614.67257142853,-3.37371428571665,-5.04847619048333
IT37049,Italy,IT,ITH,ITH3,ITH31,Verona,260.949714285425,2.04914285715,2.69571428571667,1614.67257142853,-3.37371428571665,-5.04847619048333
IT37050,Italy,IT,ITH,ITH3,ITH31,Verona,260.949714285425,2.04914285715,2.69571428571667,1614.67257142853,-3.37371428571665,-5.04847619048333
IT37051,Italy,IT,ITH,ITH3,ITH31,Verona,260.949714285425,2.04914285715,2.69571428571667,1614.67257142853,-3.37371428571665,-5.04847619048333
IT37052,Italy,IT,ITH,ITH3,ITH31,Verona,260.949714285425,2.04914285715,2.69571428571667,1614.67257142853,-3.37371428571665,-5.04847619048333
IT37053,Italy,IT,ITH,ITH3,ITH31,Verona,260.949714285425,2.04914285715,2.69571428571667,1614.67257142853,-3.37371428571665,-5.04847619048333
IT37054,Italy,IT,ITH,ITH3,ITH31,Verona,260.949714285425,2.04914285715,2.69571428571667,1614.67257142853,-3.37371428571665,-5.04847619048333
IT37055,Italy,IT,ITH,ITH3,ITH31,Verona,260.949714285425,2.04914285715,2.69571428571667,1614.67257142853,-3.37371428571665,-5.04847619048333
IT37056,Italy,IT,ITH,ITH3,ITH31,Verona,260.949714285425,2.04914285715,2.69571428571667,1614.67257142853,-3.37371428571665,-5.04847619048333
IT37057,Italy,IT,ITH,ITH3,ITH31,Verona,260.949714285425,2.04914285715,2.69571428571667,1614.67257142853,-3.37371428571665,-5.04847619048333
IT37058,Italy,IT,ITH,ITH3,ITH31,Verona,260.949714285425,2.04914285715,2.69571428571667,1614.67257142853,-3.37371428571665,-5.04847619048333
IT37059,Italy,IT,ITH,ITH3,ITH31,Verona,260.949714285425,2.04914285715,2.69571428571667,1614.67257142853,-3.37371428571665,-5.04847619048333
IT37060,Italy,IT,ITH,ITH3,ITH31,Verona,260.949714285425,2.04914285715,2.69571428571667,1614.67257142853,-3.37371428571665,-5.04847619048333
IT37062,Italy,IT,ITH,ITH3,ITH31,Verona,260.949714285425,2.04914285715,2.69571428571667,1614.67257142853,-3.37371428571665,-5.04847619048333
IT37063,Italy,IT,ITH,ITH3,ITH31,Verona,260.949714285425,2.04914285715,2.69571428571667,1614.67257142853,-3.37371428571665,-5.04847619048333
IT37064,Italy,IT,ITH,ITH3,ITH31,Verona,260.949714285425,2.04914285715,2.69571428571667,1614.67257142853,-3.37371428571665,-5.04847619048333
IT37066,Italy,IT,ITH,ITH3,ITH31,Verona,260.949714285425,2.04914285715,2.69571428571667,1614.67257142853,-3.37371428571665,-5.04847619048333
IT37067,Italy,IT,ITH,ITH3,ITH31,Verona,260.949714285425,2.04914285715,2.69571428571667,1614.67257142853,-3.37371428571665,-5.04847619048333
IT37068,Italy,IT,ITH,ITH3,ITH31,Verona,260.949714285425,2.04914285715,2.69571428571667,1614.67257142853,-3.37371428571665,-5.04847619048333
IT37069,Italy,IT,ITH,ITH3,ITH31,Verona,260.949714285425,2.04914285715,2.69571428571667,1614.67257142853,-3.37371428571665,-5.04847619048333
IT37100,Italy,IT,ITH,ITH3,ITH31,Verona,260.949714285425,2.04914285715,2.69571428571667,1614.67257142853,-3.37371428571665,-5.04847619048333
IT37121,Italy,IT,ITH,ITH3,ITH31,Verona,260.949714285425,2.04914285715,2.69571428571667,1614.67257142853,-3.37371428571665,-5.04847619048333
IT37122,Italy,IT,ITH,ITH3,ITH31,Verona,260.949714285425,2.04914285715,2.69571428571667,1614.67257142853,-3.37371428571665,-5.04847619048333
IT37123,Italy,IT,ITH,ITH3,ITH31,Verona,260.949714285425,2.04914285715,2.69571428571667,1614.67257142853,-3.37371428571665,-5.04847619048333
IT37124,Italy,IT,ITH,ITH3,ITH31,Verona,260.949714285425,2.04914285715,2.69571428571667,1614.67257142853,-3.37371428571665,-5.04847619048333
IT37125,Italy,IT,ITH,ITH3,ITH31,Verona,260.949714285425,2.04914285715,2.69571428571667,1614.67257142853,-3.37371428571665,-5.04847619048333
IT37126,Italy,IT,ITH,ITH3,ITH31,Verona,260.949714285425,2.04914285715,2.69571428571667,1614.67257142853,-3.37371428571665,-5.04847619048333
IT37127,Italy,IT,ITH,ITH3,ITH31,Verona,260.949714285425,2.04914285715,2.69571428571667,1614.67257142853,-3.37371428571665,-5.04847619048333
IT37128,Italy,IT,ITH,ITH3,ITH31,Verona,260.949714285425,2.04914285715,2.69571428571667,1614.67257142853,-3.37371428571665,-5.04847619048333
IT37129,Italy,IT,ITH,ITH3,ITH31,Verona,260.949714285425,2.04914285715,2.69571428571667,1614.67257142853,-3.37371428571665,-5.04847619048333
IT37131,Italy,IT,ITH,ITH3,ITH31,Verona,260.949714285425,2.04914285715,2.69571428571667,1614.67257142853,-3.37371428571665,-5.04847619048333
IT37132,Italy,IT,ITH,ITH3,ITH31,Verona,260.949714285425,2.04914285715,2.69571428571667,1614.67257142853,-3.37371428571665,-5.04847619048333
IT37133,Italy,IT,ITH,ITH3,ITH31,Verona,260.949714285425,2.04914285715,2.69571428571667,1614.67257142853,-3.37371428571665,-5.04847619048333
IT37134,Italy,IT,ITH,ITH3,ITH31,Verona,260.949714285425,2.04914285715,2.69571428571667,1614.67257142853,-3.37371428571665,-5.04847619048333
IT37135,Italy,IT,ITH,ITH3,ITH31,Verona,260.949714285425,2.04914285715,2.69571428571667,1614.67257142853,-3.37371428571665,-5.04847619048333
IT37136,Italy,IT,ITH,ITH3,ITH31,Verona,260.949714285425,2.04914285715,2.69571428571667,1614.67257142853,-3.37371428571665,-5.04847619048333
IT37137,Italy,IT,ITH,ITH3,ITH31,Verona,260.949714285425,2.04914285715,2.69571428571667,1614.67257142853,-3.37371428571665,-5.04847619048333
IT37138,Italy,IT,ITH,ITH3,ITH31,Verona,260.949714285425,2.04914285715,2.69571428571667,1614.67257142853,-3.37371428571665,-5.04847619048333
IT37139,Italy,IT,ITH,ITH3,ITH31,Verona,260.949714285425,2.04914285715,2.69571428571667,1614.67257142853,-3.37371428571665,-5.04847619048333
IT37142,Italy,IT,ITH,ITH3,ITH31,Verona,260.949714285425,2.04914285715,2.69571428571667,1614.67257142853,-3.37371428571665,-5.04847619048333
IT36010,Italy,IT,ITH,ITH3,ITH32,Vicenza,186.889193548305,1.61516129032333,2.12623655913333,1801.76129032689,-3.6129032258,-5.40752688171667
IT36011,Italy,IT,ITH,ITH3,ITH32,Vicenza,186.889193548305,1.61516129032333,2.12623655913333,1801.76129032689,-3.6129032258,-5.40752688171667
IT36012,Italy,IT,ITH,ITH3,ITH32,Vicenza,186.889193548305,1.61516129032333,2.12623655913333,1801.76129032689,-3.6129032258,-5.40752688171667
IT36013,Italy,IT,ITH,ITH3,ITH32,Vicenza,186.889193548305,1.61516129032333,2.12623655913333,1801.76129032689,-3.6129032258,-5.40752688171667
IT36014,Italy,IT,ITH,ITH3,ITH32,Vicenza,186.889193548305,1.61516129032333,2.12623655913333,1801.76129032689,-3.6129032258,-5.40752688171667
IT36015,Italy,IT,ITH,ITH3,ITH32,Vicenza,186.889193548305,1.61516129032333,2.12623655913333,1801.76129032689,-3.6129032258,-5.40752688171667
IT36016,Italy,IT,ITH,ITH3,ITH32,Vicenza,186.889193548305,1.61516129032333,2.12623655913333,1801.76129032689,-3.6129032258,-5.40752688171667
IT36020,Italy,IT,ITH,ITH3,ITH32,Vicenza,186.889193548305,1.61516129032333,2.12623655913333,1801.76129032689,-3.6129032258,-5.40752688171667
IT36021,Italy,IT,ITH,ITH3,ITH32,Vicenza,186.889193548305,1.61516129032333,2.12623655913333,1801.76129032689,-3.6129032258,-5.40752688171667
IT36022,Italy,IT,ITH,ITH3,ITH32,Vicenza,186.889193548305,1.61516129032333,2.12623655913333,1801.76129032689,-3.6129032258,-5.40752688171667
IT36023,Italy,IT,ITH,ITH3,ITH32,Vicenza,186.889193548305,1.61516129032333,2.12623655913333,1801.76129032689,-3.6129032258,-5.40752688171667
IT36024,Italy,IT,ITH,ITH3,ITH32,Vicenza,186.889193548305,1.61516129032333,2.12623655913333,1801.76129032689,-3.6129032258,-5.40752688171667
IT36025,Italy,IT,ITH,ITH3,ITH32,Vicenza,186.889193548305,1.61516129032333,2.12623655913333,1801.76129032689,-3.6129032258,-5.40752688171667
IT36026,Italy,IT,ITH,ITH3,ITH32,Vicenza,186.889193548305,1.61516129032333,2.12623655913333,1801.76129032689,-3.6129032258,-5.40752688171667
IT36027,Italy,IT,ITH,ITH3,ITH32,Vicenza,186.889193548305,1.61516129032333,2.12623655913333,1801.76129032689,-3.6129032258,-5.40752688171667
IT36028,Italy,IT,ITH,ITH3,ITH32,Vicenza,186.889193548305,1.61516129032333,2.12623655913333,1801.76129032689,-3.6129032258,-5.40752688171667
IT36030,Italy,IT,ITH,ITH3,ITH32,Vicenza,186.889193548305,1.61516129032333,2.12623655913333,1801.76129032689,-3.6129032258,-5.40752688171667
IT36031,Italy,IT,ITH,ITH3,ITH32,Vicenza,186.889193548305,1.61516129032333,2.12623655913333,1801.76129032689,-3.6129032258,-5.40752688171667
IT36032,Italy,IT,ITH,ITH3,ITH32,Vicenza,186.889193548305,1.61516129032333,2.12623655913333,1801.76129032689,-3.6129032258,-5.40752688171667
IT36033,Italy,IT,ITH,ITH3,ITH32,Vicenza,186.889193548305,1.61516129032333,2.12623655913333,1801.76129032689,-3.6129032258,-5.40752688171667
IT36034,Italy,IT,ITH,ITH3,ITH32,Vicenza,186.889193548305,1.61516129032333,2.12623655913333,1801.76129032689,-3.6129032258,-5.40752688171667
IT36035,Italy,IT,ITH,ITH3,ITH32,Vicenza,186.889193548305,1.61516129032333,2.12623655913333,1801.76129032689,-3.6129032258,-5.40752688171667
IT36036,Italy,IT,ITH,ITH3,ITH32,Vicenza,186.889193548305,1.61516129032333,2.12623655913333,1801.76129032689,-3.6129032258,-5.40752688171667
IT36040,Italy,IT,ITH,ITH3,ITH32,Vicenza,186.889193548305,1.61516129032333,2.12623655913333,1801.76129032689,-3.6129032258,-5.40752688171667
IT36042,Italy,IT,ITH,ITH3,ITH32,Vicenza,186.889193548305,1.61516129032333,2.12623655913333,1801.76129032689,-3.6129032258,-5.40752688171667
IT36043,Italy,IT,ITH,ITH3,ITH32,Vicenza,186.889193548305,1.61516129032333,2.12623655913333,1801.76129032689,-3.6129032258,-5.40752688171667
IT36045,Italy,IT,ITH,ITH3,ITH32,Vicenza,186.889193548305,1.61516129032333,2.12623655913333,1801.76129032689,-3.6129032258,-5.40752688171667
IT36046,Italy,IT,ITH,ITH3,ITH32,Vicenza,186.889193548305,1.61516129032333,2.12623655913333,1801.76129032689,-3.6129032258,-5.40752688171667
IT36047,Italy,IT,ITH,ITH3,ITH32,Vicenza,186.889193548305,1.61516129032333,2.12623655913333,1801.76129032689,-3.6129032258,-5.40752688171667
IT36050,Italy,IT,ITH,ITH3,ITH32,Vicenza,186.889193548305,1.61516129032333,2.12623655913333,1801.76129032689,-3.6129032258,-5.40752688171667
IT36051,Italy,IT,ITH,ITH3,ITH32,Vicenza,186.889193548305,1.61516129032333,2.12623655913333,1801.76129032689,-3.6129032258,-5.40752688171667
IT36052,Italy,IT,ITH,ITH3,ITH32,Vicenza,186.889193548305,1.61516129032333,2.12623655913333,1801.76129032689,-3.6129032258,-5.40752688171667
IT36053,Italy,IT,ITH,ITH3,ITH32,Vicenza,186.889193548305,1.61516129032333,2.12623655913333,1801.76129032689,-3.6129032258,-5.40752688171667
IT36054,Italy,IT,ITH,ITH3,ITH32,Vicenza,186.889193548305,1.61516129032333,2.12623655913333,1801.76129032689,-3.6129032258,-5.40752688171667
IT36055,Italy,IT,ITH,ITH3,ITH32,Vicenza,186.889193548305,1.61516129032333,2.12623655913333,1801.76129032689,-3.6129032258,-5.40752688171667
IT36056,Italy,IT,ITH,ITH3,ITH32,Vicenza,186.889193548305,1.61516129032333,2.12623655913333,1801.76129032689,-3.6129032258,-5.40752688171667
IT36057,Italy,IT,ITH,ITH3,ITH32,Vicenza,186.889193548305,1.61516129032333,2.12623655913333,1801.76129032689,-3.6129032258,-5.40752688171667
IT36060,Italy,IT,ITH,ITH3,ITH32,Vicenza,186.889193548305,1.61516129032333,2.12623655913333,1801.76129032689,-3.6129032258,-5.40752688171667
IT36061,Italy,IT,ITH,ITH3,ITH32,Vicenza,186.889193548305,1.61516129032333,2.12623655913333,1801.76129032689,-3.6129032258,-5.40752688171667
IT36062,Italy,IT,ITH,ITH3,ITH32,Vicenza,186.889193548305,1.61516129032333,2.12623655913333,1801.76129032689,-3.6129032258,-5.40752688171667
IT36063,Italy,IT,ITH,ITH3,ITH32,Vicenza,186.889193548305,1.61516129032333,2.12623655913333,1801.76129032689,-3.6129032258,-5.40752688171667
IT36064,Italy,IT,ITH,ITH3,ITH32,Vicenza,186.889193548305,1.61516129032333,2.12623655913333,1801.76129032689,-3.6129032258,-5.40752688171667
IT36065,Italy,IT,ITH,ITH3,ITH32,Vicenza,186.889193548305,1.61516129032333,2.12623655913333,1801.76129032689,-3.6129032258,-5.40752688171667
IT36066,Italy,IT,ITH,ITH3,ITH32,Vicenza,186.889193548305,1.61516129032333,2.12623655913333,1801.76129032689,-3.6129032258,-5.40752688171667
IT36070,Italy,IT,ITH,ITH3,ITH32,Vicenza,186.889193548305,1.61516129032333,2.12623655913333,1801.76129032689,-3.6129032258,-5.40752688171667
IT36071,Italy,IT,ITH,ITH3,ITH32,Vicenza,186.889193548305,1.61516129032333,2.12623655913333,1801.76129032689,-3.6129032258,-5.40752688171667
IT36072,Italy,IT,ITH,ITH3,ITH32,Vicenza,186.889193548305,1.61516129032333,2.12623655913333,1801.76129032689,-3.6129032258,-5.40752688171667
IT36073,Italy,IT,ITH,ITH3,ITH32,Vicenza,186.889193548305,1.61516129032333,2.12623655913333,1801.76129032689,-3.6129032258,-5.40752688171667
IT36075,Italy,IT,ITH,ITH3,ITH32,Vicenza,186.889193548305,1.61516129032333,2.12623655913333,1801.76129032689,-3.6129032258,-5.40752688171667
IT36076,Italy,IT,ITH,ITH3,ITH32,Vicenza,186.889193548305,1.61516129032333,2.12623655913333,1801.76129032689,-3.6129032258,-5.40752688171667
IT36077,Italy,IT,ITH,ITH3,ITH32,Vicenza,186.889193548305,1.61516129032333,2.12623655913333,1801.76129032689,-3.6129032258,-5.40752688171667
IT36078,Italy,IT,ITH,ITH3,ITH32,Vicenza,186.889193548305,1.61516129032333,2.12623655913333,1801.76129032689,-3.6129032258,-5.40752688171667
IT36100,Italy,IT,ITH,ITH3,ITH32,Vicenza,186.889193548305,1.61516129032333,2.12623655913333,1801.76129032689,-3.6129032258,-5.40752688171667
IT9010,Italy,IT,ITG,ITG2,ITG2C,Carbonia-Iglesias,346.77171875,2.3440625,3.36729166666665,647.06875,-2.38333333333333,-3.63229166666667
IT9011,Italy,IT,ITG,ITG2,ITG2C,Carbonia-Iglesias,346.77171875,2.3440625,3.36729166666665,647.06875,-2.38333333333333,-3.63229166666667
IT9013,Italy,IT,ITG,ITG2,ITG2C,Carbonia-Iglesias,346.77171875,2.3440625,3.36729166666665,647.06875,-2.38333333333333,-3.63229166666667
IT9014,Italy,IT,ITG,ITG2,ITG2C,Carbonia-Iglesias,346.77171875,2.3440625,3.36729166666665,647.06875,-2.38333333333333,-3.63229166666667
IT9015,Italy,IT,ITG,ITG2,ITG2C,Carbonia-Iglesias,346.77171875,2.3440625,3.36729166666665,647.06875,-2.38333333333333,-3.63229166666667
IT9016,Italy,IT,ITG,ITG2,ITG2C,Carbonia-Iglesias,346.77171875,2.3440625,3.36729166666665,647.06875,-2.38333333333333,-3.63229166666667
IT9017,Italy,IT,ITG,ITG2,ITG2C,Carbonia-Iglesias,346.77171875,2.3440625,3.36729166666665,647.06875,-2.38333333333333,-3.63229166666667
IT27010,Italy,IT,ITC,ITC4,ITC48,Pavia,289.867575757275,2.25878787878333,3.09101010101665,1533.43053030066,-3.39035353535,-4.91565656565
IT27011,Italy,IT,ITC,ITC4,ITC48,Pavia,289.867575757275,2.25878787878333,3.09101010101665,1533.43053030066,-3.39035353535,-4.91565656565
IT27012,Italy,IT,ITC,ITC4,ITC48,Pavia,289.867575757275,2.25878787878333,3.09101010101665,1533.43053030066,-3.39035353535,-4.91565656565
IT27013,Italy,IT,ITC,ITC4,ITC48,Pavia,289.867575757275,2.25878787878333,3.09101010101665,1533.43053030066,-3.39035353535,-4.91565656565
IT27014,Italy,IT,ITC,ITC4,ITC48,Pavia,289.867575757275,2.25878787878333,3.09101010101665,1533.43053030066,-3.39035353535,-4.91565656565
IT27015,Italy,IT,ITC,ITC4,ITC48,Pavia,289.867575757275,2.25878787878333,3.09101010101665,1533.43053030066,-3.39035353535,-4.91565656565
IT27016,Italy,IT,ITC,ITC4,ITC48,Pavia,289.867575757275,2.25878787878333,3.09101010101665,1533.43053030066,-3.39035353535,-4.91565656565
IT27017,Italy,IT,ITC,ITC4,ITC48,Pavia,289.867575757275,2.25878787878333,3.09101010101665,1533.43053030066,-3.39035353535,-4.91565656565
IT27018,Italy,IT,ITC,ITC4,ITC48,Pavia,289.867575757275,2.25878787878333,3.09101010101665,1533.43053030066,-3.39035353535,-4.91565656565
IT27019,Italy,IT,ITC,ITC4,ITC48,Pavia,289.867575757275,2.25878787878333,3.09101010101665,1533.43053030066,-3.39035353535,-4.91565656565
IT27020,Italy,IT,ITC,ITC4,ITC48,Pavia,289.867575757275,2.25878787878333,3.09101010101665,1533.43053030066,-3.39035353535,-4.91565656565
IT27021,Italy,IT,ITC,ITC4,ITC48,Pavia,289.867575757275,2.25878787878333,3.09101010101665,1533.43053030066,-3.39035353535,-4.91565656565
IT27022,Italy,IT,ITC,ITC4,ITC48,Pavia,289.867575757275,2.25878787878333,3.09101010101665,1533.43053030066,-3.39035353535,-4.91565656565
IT27023,Italy,IT,ITC,ITC4,ITC48,Pavia,289.867575757275,2.25878787878333,3.09101010101665,1533.43053030066,-3.39035353535,-4.91565656565
IT27024,Italy,IT,ITC,ITC4,ITC48,Pavia,289.867575757275,2.25878787878333,3.09101010101665,1533.43053030066,-3.39035353535,-4.91565656565
IT27025,Italy,IT,ITC,ITC4,ITC48,Pavia,289.867575757275,2.25878787878333,3.09101010101665,1533.43053030066,-3.39035353535,-4.91565656565
IT27026,Italy,IT,ITC,ITC4,ITC48,Pavia,289.867575757275,2.25878787878333,3.09101010101665,1533.43053030066,-3.39035353535,-4.91565656565
IT27027,Italy,IT,ITC,ITC4,ITC48,Pavia,289.867575757275,2.25878787878333,3.09101010101665,1533.43053030066,-3.39035353535,-4.91565656565
IT27028,Italy,IT,ITC,ITC4,ITC48,Pavia,289.867575757275,2.25878787878333,3.09101010101665,1533.43053030066,-3.39035353535,-4.91565656565
IT27029,Italy,IT,ITC,ITC4,ITC48,Pavia,289.867575757275,2.25878787878333,3.09101010101665,1533.43053030066,-3.39035353535,-4.91565656565
IT27030,Italy,IT,ITC,ITC4,ITC48,Pavia,289.867575757275,2.25878787878333,3.09101010101665,1533.43053030066,-3.39035353535,-4.91565656565
IT27031,Italy,IT,ITC,ITC4,ITC48,Pavia,289.867575757275,2.25878787878333,3.09101010101665,1533.43053030066,-3.39035353535,-4.91565656565
IT27032,Italy,IT,ITC,ITC4,ITC48,Pavia,289.867575757275,2.25878787878333,3.09101010101665,1533.43053030066,-3.39035353535,-4.91565656565
IT27033,Italy,IT,ITC,ITC4,ITC48,Pavia,289.867575757275,2.25878787878333,3.09101010101665,1533.43053030066,-3.39035353535,-4.91565656565
IT27034,Italy,IT,ITC,ITC4,ITC48,Pavia,289.867575757275,2.25878787878333,3.09101010101665,1533.43053030066,-3.39035353535,-4.91565656565
IT27035,Italy,IT,ITC,ITC4,ITC48,Pavia,289.867575757275,2.25878787878333,3.09101010101665,1533.43053030066,-3.39035353535,-4.91565656565
IT27036,Italy,IT,ITC,ITC4,ITC48,Pavia,289.867575757275,2.25878787878333,3.09101010101665,1533.43053030066,-3.39035353535,-4.91565656565
IT27037,Italy,IT,ITC,ITC4,ITC48,Pavia,289.867575757275,2.25878787878333,3.09101010101665,1533.43053030066,-3.39035353535,-4.91565656565
IT27038,Italy,IT,ITC,ITC4,ITC48,Pavia,289.867575757275,2.25878787878333,3.09101010101665,1533.43053030066,-3.39035353535,-4.91565656565
IT27039,Italy,IT,ITC,ITC4,ITC48,Pavia,289.867575757275,2.25878787878333,3.09101010101665,1533.43053030066,-3.39035353535,-4.91565656565
IT27040,Italy,IT,ITC,ITC4,ITC48,Pavia,289.867575757275,2.25878787878333,3.09101010101665,1533.43053030066,-3.39035353535,-4.91565656565
IT27041,Italy,IT,ITC,ITC4,ITC48,Pavia,289.867575757275,2.25878787878333,3.09101010101665,1533.43053030066,-3.39035353535,-4.91565656565
IT27042,Italy,IT,ITC,ITC4,ITC48,Pavia,289.867575757275,2.25878787878333,3.09101010101665,1533.43053030066,-3.39035353535,-4.91565656565
IT27043,Italy,IT,ITC,ITC4,ITC48,Pavia,289.867575757275,2.25878787878333,3.09101010101665,1533.43053030066,-3.39035353535,-4.91565656565
IT27044,Italy,IT,ITC,ITC4,ITC48,Pavia,289.867575757275,2.25878787878333,3.09101010101665,1533.43053030066,-3.39035353535,-4.91565656565
IT27045,Italy,IT,ITC,ITC4,ITC48,Pavia,289.867575757275,2.25878787878333,3.09101010101665,1533.43053030066,-3.39035353535,-4.91565656565
IT27046,Italy,IT,ITC,ITC4,ITC48,Pavia,289.867575757275,2.25878787878333,3.09101010101665,1533.43053030066,-3.39035353535,-4.91565656565
IT27047,Italy,IT,ITC,ITC4,ITC48,Pavia,289.867575757275,2.25878787878333,3.09101010101665,1533.43053030066,-3.39035353535,-4.91565656565
IT27048,Italy,IT,ITC,ITC4,ITC48,Pavia,289.867575757275,2.25878787878333,3.09101010101665,1533.43053030066,-3.39035353535,-4.91565656565
IT27049,Italy,IT,ITC,ITC4,ITC48,Pavia,289.867575757275,2.25878787878333,3.09101010101665,1533.43053030066,-3.39035353535,-4.91565656565
IT27050,Italy,IT,ITC,ITC4,ITC48,Pavia,289.867575757275,2.25878787878333,3.09101010101665,1533.43053030066,-3.39035353535,-4.91565656565
IT27051,Italy,IT,ITC,ITC4,ITC48,Pavia,289.867575757275,2.25878787878333,3.09101010101665,1533.43053030066,-3.39035353535,-4.91565656565
IT27052,Italy,IT,ITC,ITC4,ITC48,Pavia,289.867575757275,2.25878787878333,3.09101010101665,1533.43053030066,-3.39035353535,-4.91565656565
IT27053,Italy,IT,ITC,ITC4,ITC48,Pavia,289.867575757275,2.25878787878333,3.09101010101665,1533.43053030066,-3.39035353535,-4.91565656565
IT27054,Italy,IT,ITC,ITC4,ITC48,Pavia,289.867575757275,2.25878787878333,3.09101010101665,1533.43053030066,-3.39035353535,-4.91565656565
IT27055,Italy,IT,ITC,ITC4,ITC48,Pavia,289.867575757275,2.25878787878333,3.09101010101665,1533.43053030066,-3.39035353535,-4.91565656565
IT27056,Italy,IT,ITC,ITC4,ITC48,Pavia,289.867575757275,2.25878787878333,3.09101010101665,1533.43053030066,-3.39035353535,-4.91565656565
IT27057,Italy,IT,ITC,ITC4,ITC48,Pavia,289.867575757275,2.25878787878333,3.09101010101665,1533.43053030066,-3.39035353535,-4.91565656565
IT27058,Italy,IT,ITC,ITC4,ITC48,Pavia,289.867575757275,2.25878787878333,3.09101010101665,1533.43053030066,-3.39035353535,-4.91565656565
IT27059,Italy,IT,ITC,ITC4,ITC48,Pavia,289.867575757275,2.25878787878333,3.09101010101665,1533.43053030066,-3.39035353535,-4.91565656565
IT27100,Italy,IT,ITC,ITC4,ITC48,Pavia,289.867575757275,2.25878787878333,3.09101010101665,1533.43053030066,-3.39035353535,-4.91565656565
IT11010,Italy,IT,ITC,ITC2,ITC20,Valle d’Aosta/Vallée d’Aoste,4.00934210525825,0.118157894736833,0.259429824561667,3010.56907894413,-3.89605263158333,-6.05535087719998
IT11011,Italy,IT,ITC,ITC2,ITC20,Valle d’Aosta/Vallée d’Aoste,4.00934210525825,0.118157894736833,0.259429824561667,3010.56907894413,-3.89605263158333,-6.05535087719998
IT11012,Italy,IT,ITC,ITC2,ITC20,Valle d’Aosta/Vallée d’Aoste,4.00934210525825,0.118157894736833,0.259429824561667,3010.56907894413,-3.89605263158333,-6.05535087719998
IT11013,Italy,IT,ITC,ITC2,ITC20,Valle d’Aosta/Vallée d’Aoste,4.00934210525825,0.118157894736833,0.259429824561667,3010.56907894413,-3.89605263158333,-6.05535087719998
IT11014,Italy,IT,ITC,ITC2,ITC20,Valle d’Aosta/Vallée d’Aoste,4.00934210525825,0.118157894736833,0.259429824561667,3010.56907894413,-3.89605263158333,-6.05535087719998
IT11015,Italy,IT,ITC,ITC2,ITC20,Valle d’Aosta/Vallée d’Aoste,4.00934210525825,0.118157894736833,0.259429824561667,3010.56907894413,-3.89605263158333,-6.05535087719998
IT11016,Italy,IT,ITC,ITC2,ITC20,Valle d’Aosta/Vallée d’Aoste,4.00934210525825,0.118157894736833,0.259429824561667,3010.56907894413,-3.89605263158333,-6.05535087719998
IT11017,Italy,IT,ITC,ITC2,ITC20,Valle d’Aosta/Vallée d’Aoste,4.00934210525825,0.118157894736833,0.259429824561667,3010.56907894413,-3.89605263158333,-6.05535087719998
IT11018,Italy,IT,ITC,ITC2,ITC20,Valle d’Aosta/Vallée d’Aoste,4.00934210525825,0.118157894736833,0.259429824561667,3010.56907894413,-3.89605263158333,-6.05535087719998
IT11020,Italy,IT,ITC,ITC2,ITC20,Valle d’Aosta/Vallée d’Aoste,4.00934210525825,0.118157894736833,0.259429824561667,3010.56907894413,-3.89605263158333,-6.05535087719998
IT11021,Italy,IT,ITC,ITC2,ITC20,Valle d’Aosta/Vallée d’Aoste,4.00934210525825,0.118157894736833,0.259429824561667,3010.56907894413,-3.89605263158333,-6.05535087719998
IT11022,Italy,IT,ITC,ITC2,ITC20,Valle d’Aosta/Vallée d’Aoste,4.00934210525825,0.118157894736833,0.259429824561667,3010.56907894413,-3.89605263158333,-6.05535087719998
IT11023,Italy,IT,ITC,ITC2,ITC20,Valle d’Aosta/Vallée d’Aoste,4.00934210525825,0.118157894736833,0.259429824561667,3010.56907894413,-3.89605263158333,-6.05535087719998
IT11024,Italy,IT,ITC,ITC2,ITC20,Valle d’Aosta/Vallée d’Aoste,4.00934210525825,0.118157894736833,0.259429824561667,3010.56907894413,-3.89605263158333,-6.05535087719998
IT11025,Italy,IT,ITC,ITC2,ITC20,Valle d’Aosta/Vallée d’Aoste,4.00934210525825,0.118157894736833,0.259429824561667,3010.56907894413,-3.89605263158333,-6.05535087719998
IT11026,Italy,IT,ITC,ITC2,ITC20,Valle d’Aosta/Vallée d’Aoste,4.00934210525825,0.118157894736833,0.259429824561667,3010.56907894413,-3.89605263158333,-6.05535087719998
IT11027,Italy,IT,ITC,ITC2,ITC20,Valle d’Aosta/Vallée d’Aoste,4.00934210525825,0.118157894736833,0.259429824561667,3010.56907894413,-3.89605263158333,-6.05535087719998
IT11028,Italy,IT,ITC,ITC2,ITC20,Valle d’Aosta/Vallée d’Aoste,4.00934210525825,0.118157894736833,0.259429824561667,3010.56907894413,-3.89605263158333,-6.05535087719998
IT11029,Italy,IT,ITC,ITC2,ITC20,Valle d’Aosta/Vallée d’Aoste,4.00934210525825,0.118157894736833,0.259429824561667,3010.56907894413,-3.89605263158333,-6.05535087719998
IT11100,Italy,IT,ITC,ITC2,ITC20,Valle d’Aosta/Vallée d’Aoste,4.00934210525825,0.118157894736833,0.259429824561667,3010.56907894413,-3.89605263158333,-6.05535087719998
IT64010,Italy,IT,ITF,ITF1,ITF12,Teramo,142.666309523825,1.32134920635,1.88825396825,1509.57892856678,-3.23722222221665,-5.02555555554998
IT64011,Italy,IT,ITF,ITF1,ITF12,Teramo,142.666309523825,1.32134920635,1.88825396825,1509.57892856678,-3.23722222221665,-5.02555555554998
IT64012,Italy,IT,ITF,ITF1,ITF12,Teramo,142.666309523825,1.32134920635,1.88825396825,1509.57892856678,-3.23722222221665,-5.02555555554998
IT64013,Italy,IT,ITF,ITF1,ITF12,Teramo,142.666309523825,1.32134920635,1.88825396825,1509.57892856678,-3.23722222221665,-5.02555555554998
IT64014,Italy,IT,ITF,ITF1,ITF12,Teramo,142.666309523825,1.32134920635,1.88825396825,1509.57892856678,-3.23722222221665,-5.02555555554998
IT64015,Italy,IT,ITF,ITF1,ITF12,Teramo,142.666309523825,1.32134920635,1.88825396825,1509.57892856678,-3.23722222221665,-5.02555555554998
IT64016,Italy,IT,ITF,ITF1,ITF12,Teramo,142.666309523825,1.32134920635,1.88825396825,1509.57892856678,-3.23722222221665,-5.02555555554998
IT64018,Italy,IT,ITF,ITF1,ITF12,Teramo,142.666309523825,1.32134920635,1.88825396825,1509.57892856678,-3.23722222221665,-5.02555555554998
IT64020,Italy,IT,ITF,ITF1,ITF12,Teramo,142.666309523825,1.32134920635,1.88825396825,1509.57892856678,-3.23722222221665,-5.02555555554998
IT64021,Italy,IT,ITF,ITF1,ITF12,Teramo,142.666309523825,1.32134920635,1.88825396825,1509.57892856678,-3.23722222221665,-5.02555555554998
IT64023,Italy,IT,ITF,ITF1,ITF12,Teramo,142.666309523825,1.32134920635,1.88825396825,1509.57892856678,-3.23722222221665,-5.02555555554998
IT64024,Italy,IT,ITF,ITF1,ITF12,Teramo,142.666309523825,1.32134920635,1.88825396825,1509.57892856678,-3.23722222221665,-5.02555555554998
IT64025,Italy,IT,ITF,ITF1,ITF12,Teramo,142.666309523825,1.32134920635,1.88825396825,1509.57892856678,-3.23722222221665,-5.02555555554998
IT64026,Italy,IT,ITF,ITF1,ITF12,Teramo,142.666309523825,1.32134920635,1.88825396825,1509.57892856678,-3.23722222221665,-5.02555555554998
IT64027,Italy,IT,ITF,ITF1,ITF12,Teramo,142.666309523825,1.32134920635,1.88825396825,1509.57892856678,-3.23722222221665,-5.02555555554998
IT64028,Italy,IT,ITF,ITF1,ITF12,Teramo,142.666309523825,1.32134920635,1.88825396825,1509.57892856678,-3.23722222221665,-5.02555555554998
IT64030,Italy,IT,ITF,ITF1,ITF12,Teramo,142.666309523825,1.32134920635,1.88825396825,1509.57892856678,-3.23722222221665,-5.02555555554998
IT64031,Italy,IT,ITF,ITF1,ITF12,Teramo,142.666309523825,1.32134920635,1.88825396825,1509.57892856678,-3.23722222221665,-5.02555555554998
IT64032,Italy,IT,ITF,ITF1,ITF12,Teramo,142.666309523825,1.32134920635,1.88825396825,1509.57892856678,-3.23722222221665,-5.02555555554998
IT64033,Italy,IT,ITF,ITF1,ITF12,Teramo,142.666309523825,1.32134920635,1.88825396825,1509.57892856678,-3.23722222221665,-5.02555555554998
IT64034,Italy,IT,ITF,ITF1,ITF12,Teramo,142.666309523825,1.32134920635,1.88825396825,1509.57892856678,-3.23722222221665,-5.02555555554998
IT64035,Italy,IT,ITF,ITF1,ITF12,Teramo,142.666309523825,1.32134920635,1.88825396825,1509.57892856678,-3.23722222221665,-5.02555555554998
IT64036,Italy,IT,ITF,ITF1,ITF12,Teramo,142.666309523825,1.32134920635,1.88825396825,1509.57892856678,-3.23722222221665,-5.02555555554998
IT64037,Italy,IT,ITF,ITF1,ITF12,Teramo,142.666309523825,1.32134920635,1.88825396825,1509.57892856678,-3.23722222221665,-5.02555555554998
IT64039,Italy,IT,ITF,ITF1,ITF12,Teramo,142.666309523825,1.32134920635,1.88825396825,1509.57892856678,-3.23722222221665,-5.02555555554998
IT64040,Italy,IT,ITF,ITF1,ITF12,Teramo,142.666309523825,1.32134920635,1.88825396825,1509.57892856678,-3.23722222221665,-5.02555555554998
IT64041,Italy,IT,ITF,ITF1,ITF12,Teramo,142.666309523825,1.32134920635,1.88825396825,1509.57892856678,-3.23722222221665,-5.02555555554998
IT64042,Italy,IT,ITF,ITF1,ITF12,Teramo,142.666309523825,1.32134920635,1.88825396825,1509.57892856678,-3.23722222221665,-5.02555555554998
IT64043,Italy,IT,ITF,ITF1,ITF12,Teramo,142.666309523825,1.32134920635,1.88825396825,1509.57892856678,-3.23722222221665,-5.02555555554998
IT64044,Italy,IT,ITF,ITF1,ITF12,Teramo,142.666309523825,1.32134920635,1.88825396825,1509.57892856678,-3.23722222221665,-5.02555555554998
IT64045,Italy,IT,ITF,ITF1,ITF12,Teramo,142.666309523825,1.32134920635,1.88825396825,1509.57892856678,-3.23722222221665,-5.02555555554998
IT64046,Italy,IT,ITF,ITF1,ITF12,Teramo,142.666309523825,1.32134920635,1.88825396825,1509.57892856678,-3.23722222221665,-5.02555555554998
IT64047,Italy,IT,ITF,ITF1,ITF12,Teramo,142.666309523825,1.32134920635,1.88825396825,1509.57892856678,-3.23722222221665,-5.02555555554998
IT64049,Italy,IT,ITF,ITF1,ITF12,Teramo,142.666309523825,1.32134920635,1.88825396825,1509.57892856678,-3.23722222221665,-5.02555555554998
IT64100,Italy,IT,ITF,ITF1,ITF12,Teramo,142.666309523825,1.32134920635,1.88825396825,1509.57892856678,-3.23722222221665,-5.02555555554998
IT76011,Italy,IT,ITF,ITF4,ITF48,Barletta-Andria-Trani,327.077968749999,2.1940625,3.18385416666667,924.0703125,-2.78229166666667,-4.19697916666665
IT76012,Italy,IT,ITF,ITF4,ITF48,Barletta-Andria-Trani,327.077968749999,2.1940625,3.18385416666667,924.0703125,-2.78229166666667,-4.19697916666665
IT76013,Italy,IT,ITF,ITF4,ITF48,Barletta-Andria-Trani,327.077968749999,2.1940625,3.18385416666667,924.0703125,-2.78229166666667,-4.19697916666665
IT76014,Italy,IT,ITF,ITF4,ITF48,Barletta-Andria-Trani,327.077968749999,2.1940625,3.18385416666667,924.0703125,-2.78229166666667,-4.19697916666665
IT76015,Italy,IT,ITF,ITF4,ITF48,Barletta-Andria-Trani,327.077968749999,2.1940625,3.18385416666667,924.0703125,-2.78229166666667,-4.19697916666665
IT76016,Italy,IT,ITF,ITF4,ITF48,Barletta-Andria-Trani,327.077968749999,2.1940625,3.18385416666667,924.0703125,-2.78229166666667,-4.19697916666665
IT76017,Italy,IT,ITF,ITF4,ITF48,Barletta-Andria-Trani,327.077968749999,2.1940625,3.18385416666667,924.0703125,-2.78229166666667,-4.19697916666665
IT76121,Italy,IT,ITF,ITF4,ITF48,Barletta-Andria-Trani,327.077968749999,2.1940625,3.18385416666667,924.0703125,-2.78229166666667,-4.19697916666665
IT76123,Italy,IT,ITF,ITF4,ITF48,Barletta-Andria-Trani,327.077968749999,2.1940625,3.18385416666667,924.0703125,-2.78229166666667,-4.19697916666665
IT76125,Italy,IT,ITF,ITF4,ITF48,Barletta-Andria-Trani,327.077968749999,2.1940625,3.18385416666667,924.0703125,-2.78229166666667,-4.19697916666665
IT63020,Italy,IT,ITI,ITI3,ITI34,Ascoli Piceno,140.404642857556,1.28595238095167,1.82190476189998,1526.02392857,-3.23833333333333,-5.02583333333333
IT63031,Italy,IT,ITI,ITI3,ITI34,Ascoli Piceno,140.404642857556,1.28595238095167,1.82190476189998,1526.02392857,-3.23833333333333,-5.02583333333333
IT63061,Italy,IT,ITI,ITI3,ITI34,Ascoli Piceno,140.404642857556,1.28595238095167,1.82190476189998,1526.02392857,-3.23833333333333,-5.02583333333333
IT63062,Italy,IT,ITI,ITI3,ITI34,Ascoli Piceno,140.404642857556,1.28595238095167,1.82190476189998,1526.02392857,-3.23833333333333,-5.02583333333333
IT63063,Italy,IT,ITI,ITI3,ITI34,Ascoli Piceno,140.404642857556,1.28595238095167,1.82190476189998,1526.02392857,-3.23833333333333,-5.02583333333333
IT63064,Italy,IT,ITI,ITI3,ITI34,Ascoli Piceno,140.404642857556,1.28595238095167,1.82190476189998,1526.02392857,-3.23833333333333,-5.02583333333333
IT63065,Italy,IT,ITI,ITI3,ITI34,Ascoli Piceno,140.404642857556,1.28595238095167,1.82190476189998,1526.02392857,-3.23833333333333,-5.02583333333333
IT63066,Italy,IT,ITI,ITI3,ITI34,Ascoli Piceno,140.404642857556,1.28595238095167,1.82190476189998,1526.02392857,-3.23833333333333,-5.02583333333333
IT63067,Italy,IT,ITI,ITI3,ITI34,Ascoli Piceno,140.404642857556,1.28595238095167,1.82190476189998,1526.02392857,-3.23833333333333,-5.02583333333333
IT63068,Italy,IT,ITI,ITI3,ITI34,Ascoli Piceno,140.404642857556,1.28595238095167,1.82190476189998,1526.02392857,-3.23833333333333,-5.02583333333333
IT63069,Italy,IT,ITI,ITI3,ITI34,Ascoli Piceno,140.404642857556,1.28595238095167,1.82190476189998,1526.02392857,-3.23833333333333,-5.02583333333333
IT63071,Italy,IT,ITI,ITI3,ITI34,Ascoli Piceno,140.404642857556,1.28595238095167,1.82190476189998,1526.02392857,-3.23833333333333,-5.02583333333333
IT63072,Italy,IT,ITI,ITI3,ITI34,Ascoli Piceno,140.404642857556,1.28595238095167,1.82190476189998,1526.02392857,-3.23833333333333,-5.02583333333333
IT63073,Italy,IT,ITI,ITI3,ITI34,Ascoli Piceno,140.404642857556,1.28595238095167,1.82190476189998,1526.02392857,-3.23833333333333,-5.02583333333333
IT63074,Italy,IT,ITI,ITI3,ITI34,Ascoli Piceno,140.404642857556,1.28595238095167,1.82190476189998,1526.02392857,-3.23833333333333,-5.02583333333333
IT63075,Italy,IT,ITI,ITI3,ITI34,Ascoli Piceno,140.404642857556,1.28595238095167,1.82190476189998,1526.02392857,-3.23833333333333,-5.02583333333333
IT63076,Italy,IT,ITI,ITI3,ITI34,Ascoli Piceno,140.404642857556,1.28595238095167,1.82190476189998,1526.02392857,-3.23833333333333,-5.02583333333333
IT63077,Italy,IT,ITI,ITI3,ITI34,Ascoli Piceno,140.404642857556,1.28595238095167,1.82190476189998,1526.02392857,-3.23833333333333,-5.02583333333333
IT63078,Italy,IT,ITI,ITI3,ITI34,Ascoli Piceno,140.404642857556,1.28595238095167,1.82190476189998,1526.02392857,-3.23833333333333,-5.02583333333333
IT63079,Italy,IT,ITI,ITI3,ITI34,Ascoli Piceno,140.404642857556,1.28595238095167,1.82190476189998,1526.02392857,-3.23833333333333,-5.02583333333333
IT63081,Italy,IT,ITI,ITI3,ITI34,Ascoli Piceno,140.404642857556,1.28595238095167,1.82190476189998,1526.02392857,-3.23833333333333,-5.02583333333333
IT63082,Italy,IT,ITI,ITI3,ITI34,Ascoli Piceno,140.404642857556,1.28595238095167,1.82190476189998,1526.02392857,-3.23833333333333,-5.02583333333333
IT63083,Italy,IT,ITI,ITI3,ITI34,Ascoli Piceno,140.404642857556,1.28595238095167,1.82190476189998,1526.02392857,-3.23833333333333,-5.02583333333333
IT63084,Italy,IT,ITI,ITI3,ITI34,Ascoli Piceno,140.404642857556,1.28595238095167,1.82190476189998,1526.02392857,-3.23833333333333,-5.02583333333333
IT63085,Italy,IT,ITI,ITI3,ITI34,Ascoli Piceno,140.404642857556,1.28595238095167,1.82190476189998,1526.02392857,-3.23833333333333,-5.02583333333333
IT63086,Italy,IT,ITI,ITI3,ITI34,Ascoli Piceno,140.404642857556,1.28595238095167,1.82190476189998,1526.02392857,-3.23833333333333,-5.02583333333333
IT63087,Italy,IT,ITI,ITI3,ITI34,Ascoli Piceno,140.404642857556,1.28595238095167,1.82190476189998,1526.02392857,-3.23833333333333,-5.02583333333333
IT63088,Italy,IT,ITI,ITI3,ITI34,Ascoli Piceno,140.404642857556,1.28595238095167,1.82190476189998,1526.02392857,-3.23833333333333,-5.02583333333333
IT63091,Italy,IT,ITI,ITI3,ITI34,Ascoli Piceno,140.404642857556,1.28595238095167,1.82190476189998,1526.02392857,-3.23833333333333,-5.02583333333333
IT63092,Italy,IT,ITI,ITI3,ITI34,Ascoli Piceno,140.404642857556,1.28595238095167,1.82190476189998,1526.02392857,-3.23833333333333,-5.02583333333333
IT63093,Italy,IT,ITI,ITI3,ITI34,Ascoli Piceno,140.404642857556,1.28595238095167,1.82190476189998,1526.02392857,-3.23833333333333,-5.02583333333333
IT63094,Italy,IT,ITI,ITI3,ITI34,Ascoli Piceno,140.404642857556,1.28595238095167,1.82190476189998,1526.02392857,-3.23833333333333,-5.02583333333333
IT63095,Italy,IT,ITI,ITI3,ITI34,Ascoli Piceno,140.404642857556,1.28595238095167,1.82190476189998,1526.02392857,-3.23833333333333,-5.02583333333333
IT63096,Italy,IT,ITI,ITI3,ITI34,Ascoli Piceno,140.404642857556,1.28595238095167,1.82190476189998,1526.02392857,-3.23833333333333,-5.02583333333333
IT63100,Italy,IT,ITI,ITI3,ITI34,Ascoli Piceno,140.404642857556,1.28595238095167,1.82190476189998,1526.02392857,-3.23833333333333,-5.02583333333333
IT63900,Italy,IT,ITI,ITI3,ITI34,Ascoli Piceno,140.404642857556,1.28595238095167,1.82190476189998,1526.02392857,-3.23833333333333,-5.02583333333333
IT38010,Italy,IT,ITH,ITH2,ITH20,Trento,28.86239436624,0.49117370892,0.775915492958332,2534.89982394283,-3.99495305165,-6.09568075116665
IT38011,Italy,IT,ITH,ITH2,ITH20,Trento,28.86239436624,0.49117370892,0.775915492958332,2534.89982394283,-3.99495305165,-6.09568075116665
IT38012,Italy,IT,ITH,ITH2,ITH20,Trento,28.86239436624,0.49117370892,0.775915492958332,2534.89982394283,-3.99495305165,-6.09568075116665
IT38013,Italy,IT,ITH,ITH2,ITH20,Trento,28.86239436624,0.49117370892,0.775915492958332,2534.89982394283,-3.99495305165,-6.09568075116665
IT38015,Italy,IT,ITH,ITH2,ITH20,Trento,28.86239436624,0.49117370892,0.775915492958332,2534.89982394283,-3.99495305165,-6.09568075116665
IT38016,Italy,IT,ITH,ITH2,ITH20,Trento,28.86239436624,0.49117370892,0.775915492958332,2534.89982394283,-3.99495305165,-6.09568075116665
IT38017,Italy,IT,ITH,ITH2,ITH20,Trento,28.86239436624,0.49117370892,0.775915492958332,2534.89982394283,-3.99495305165,-6.09568075116665
IT38018,Italy,IT,ITH,ITH2,ITH20,Trento,28.86239436624,0.49117370892,0.775915492958332,2534.89982394283,-3.99495305165,-6.09568075116665
IT38019,Italy,IT,ITH,ITH2,ITH20,Trento,28.86239436624,0.49117370892,0.775915492958332,2534.89982394283,-3.99495305165,-6.09568075116665
IT38020,Italy,IT,ITH,ITH2,ITH20,Trento,28.86239436624,0.49117370892,0.775915492958332,2534.89982394283,-3.99495305165,-6.09568075116665
IT38021,Italy,IT,ITH,ITH2,ITH20,Trento,28.86239436624,0.49117370892,0.775915492958332,2534.89982394283,-3.99495305165,-6.09568075116665
IT38022,Italy,IT,ITH,ITH2,ITH20,Trento,28.86239436624,0.49117370892,0.775915492958332,2534.89982394283,-3.99495305165,-6.09568075116665
IT38023,Italy,IT,ITH,ITH2,ITH20,Trento,28.86239436624,0.49117370892,0.775915492958332,2534.89982394283,-3.99495305165,-6.09568075116665
IT38024,Italy,IT,ITH,ITH2,ITH20,Trento,28.86239436624,0.49117370892,0.775915492958332,2534.89982394283,-3.99495305165,-6.09568075116665
IT38025,Italy,IT,ITH,ITH2,ITH20,Trento,28.86239436624,0.49117370892,0.775915492958332,2534.89982394283,-3.99495305165,-6.09568075116665
IT38026,Italy,IT,ITH,ITH2,ITH20,Trento,28.86239436624,0.49117370892,0.775915492958332,2534.89982394283,-3.99495305165,-6.09568075116665
IT38027,Italy,IT,ITH,ITH2,ITH20,Trento,28.86239436624,0.49117370892,0.775915492958332,2534.89982394283,-3.99495305165,-6.09568075116665
IT38028,Italy,IT,ITH,ITH2,ITH20,Trento,28.86239436624,0.49117370892,0.775915492958332,2534.89982394283,-3.99495305165,-6.09568075116665
IT38029,Italy,IT,ITH,ITH2,ITH20,Trento,28.86239436624,0.49117370892,0.775915492958332,2534.89982394283,-3.99495305165,-6.09568075116665
IT38030,Italy,IT,ITH,ITH2,ITH20,Trento,28.86239436624,0.49117370892,0.775915492958332,2534.89982394283,-3.99495305165,-6.09568075116665
IT38031,Italy,IT,ITH,ITH2,ITH20,Trento,28.86239436624,0.49117370892,0.775915492958332,2534.89982394283,-3.99495305165,-6.09568075116665
IT38032,Italy,IT,ITH,ITH2,ITH20,Trento,28.86239436624,0.49117370892,0.775915492958332,2534.89982394283,-3.99495305165,-6.09568075116665
IT38033,Italy,IT,ITH,ITH2,ITH20,Trento,28.86239436624,0.49117370892,0.775915492958332,2534.89982394283,-3.99495305165,-6.09568075116665
IT38034,Italy,IT,ITH,ITH2,ITH20,Trento,28.86239436624,0.49117370892,0.775915492958332,2534.89982394283,-3.99495305165,-6.09568075116665
IT38035,Italy,IT,ITH,ITH2,ITH20,Trento,28.86239436624,0.49117370892,0.775915492958332,2534.89982394283,-3.99495305165,-6.09568075116665
IT38036,Italy,IT,ITH,ITH2,ITH20,Trento,28.86239436624,0.49117370892,0.775915492958332,2534.89982394283,-3.99495305165,-6.09568075116665
IT38037,Italy,IT,ITH,ITH2,ITH20,Trento,28.86239436624,0.49117370892,0.775915492958332,2534.89982394283,-3.99495305165,-6.09568075116665
IT38038,Italy,IT,ITH,ITH2,ITH20,Trento,28.86239436624,0.49117370892,0.775915492958332,2534.89982394283,-3.99495305165,-6.09568075116665
IT38039,Italy,IT,ITH,ITH2,ITH20,Trento,28.86239436624,0.49117370892,0.775915492958332,2534.89982394283,-3.99495305165,-6.09568075116665
IT38040,Italy,IT,ITH,ITH2,ITH20,Trento,28.86239436624,0.49117370892,0.775915492958332,2534.89982394283,-3.99495305165,-6.09568075116665
IT38041,Italy,IT,ITH,ITH2,ITH20,Trento,28.86239436624,0.49117370892,0.775915492958332,2534.89982394283,-3.99495305165,-6.09568075116665
IT38042,Italy,IT,ITH,ITH2,ITH20,Trento,28.86239436624,0.49117370892,0.775915492958332,2534.89982394283,-3.99495305165,-6.09568075116665
IT38043,Italy,IT,ITH,ITH2,ITH20,Trento,28.86239436624,0.49117370892,0.775915492958332,2534.89982394283,-3.99495305165,-6.09568075116665
IT38045,Italy,IT,ITH,ITH2,ITH20,Trento,28.86239436624,0.49117370892,0.775915492958332,2534.89982394283,-3.99495305165,-6.09568075116665
IT38046,Italy,IT,ITH,ITH2,ITH20,Trento,28.86239436624,0.49117370892,0.775915492958332,2534.89982394283,-3.99495305165,-6.09568075116665
IT38047,Italy,IT,ITH,ITH2,ITH20,Trento,28.86239436624,0.49117370892,0.775915492958332,2534.89982394283,-3.99495305165,-6.09568075116665
IT38048,Italy,IT,ITH,ITH2,ITH20,Trento,28.86239436624,0.49117370892,0.775915492958332,2534.89982394283,-3.99495305165,-6.09568075116665
IT38049,Italy,IT,ITH,ITH2,ITH20,Trento,28.86239436624,0.49117370892,0.775915492958332,2534.89982394283,-3.99495305165,-6.09568075116665
IT38050,Italy,IT,ITH,ITH2,ITH20,Trento,28.86239436624,0.49117370892,0.775915492958332,2534.89982394283,-3.99495305165,-6.09568075116665
IT38051,Italy,IT,ITH,ITH2,ITH20,Trento,28.86239436624,0.49117370892,0.775915492958332,2534.89982394283,-3.99495305165,-6.09568075116665
IT38052,Italy,IT,ITH,ITH2,ITH20,Trento,28.86239436624,0.49117370892,0.775915492958332,2534.89982394283,-3.99495305165,-6.09568075116665
IT38053,Italy,IT,ITH,ITH2,ITH20,Trento,28.86239436624,0.49117370892,0.775915492958332,2534.89982394283,-3.99495305165,-6.09568075116665
IT38054,Italy,IT,ITH,ITH2,ITH20,Trento,28.86239436624,0.49117370892,0.775915492958332,2534.89982394283,-3.99495305165,-6.09568075116665
IT38055,Italy,IT,ITH,ITH2,ITH20,Trento,28.86239436624,0.49117370892,0.775915492958332,2534.89982394283,-3.99495305165,-6.09568075116665
IT38056,Italy,IT,ITH,ITH2,ITH20,Trento,28.86239436624,0.49117370892,0.775915492958332,2534.89982394283,-3.99495305165,-6.09568075116665
IT38057,Italy,IT,ITH,ITH2,ITH20,Trento,28.86239436624,0.49117370892,0.775915492958332,2534.89982394283,-3.99495305165,-6.09568075116665
IT38059,Italy,IT,ITH,ITH2,ITH20,Trento,28.86239436624,0.49117370892,0.775915492958332,2534.89982394283,-3.99495305165,-6.09568075116665
IT38060,Italy,IT,ITH,ITH2,ITH20,Trento,28.86239436624,0.49117370892,0.775915492958332,2534.89982394283,-3.99495305165,-6.09568075116665
IT38061,Italy,IT,ITH,ITH2,ITH20,Trento,28.86239436624,0.49117370892,0.775915492958332,2534.89982394283,-3.99495305165,-6.09568075116665
IT38062,Italy,IT,ITH,ITH2,ITH20,Trento,28.86239436624,0.49117370892,0.775915492958332,2534.89982394283,-3.99495305165,-6.09568075116665
IT38063,Italy,IT,ITH,ITH2,ITH20,Trento,28.86239436624,0.49117370892,0.775915492958332,2534.89982394283,-3.99495305165,-6.09568075116665
IT38064,Italy,IT,ITH,ITH2,ITH20,Trento,28.86239436624,0.49117370892,0.775915492958332,2534.89982394283,-3.99495305165,-6.09568075116665
IT38065,Italy,IT,ITH,ITH2,ITH20,Trento,28.86239436624,0.49117370892,0.775915492958332,2534.89982394283,-3.99495305165,-6.09568075116665
IT38066,Italy,IT,ITH,ITH2,ITH20,Trento,28.86239436624,0.49117370892,0.775915492958332,2534.89982394283,-3.99495305165,-6.09568075116665
IT38067,Italy,IT,ITH,ITH2,ITH20,Trento,28.86239436624,0.49117370892,0.775915492958332,2534.89982394283,-3.99495305165,-6.09568075116665
IT38068,Italy,IT,ITH,ITH2,ITH20,Trento,28.86239436624,0.49117370892,0.775915492958332,2534.89982394283,-3.99495305165,-6.09568075116665
IT38069,Italy,IT,ITH,ITH2,ITH20,Trento,28.86239436624,0.49117370892,0.775915492958332,2534.89982394283,-3.99495305165,-6.09568075116665
IT38070,Italy,IT,ITH,ITH2,ITH20,Trento,28.86239436624,0.49117370892,0.775915492958332,2534.89982394283,-3.99495305165,-6.09568075116665
IT38071,Italy,IT,ITH,ITH2,ITH20,Trento,28.86239436624,0.49117370892,0.775915492958332,2534.89982394283,-3.99495305165,-6.09568075116665
IT38073,Italy,IT,ITH,ITH2,ITH20,Trento,28.86239436624,0.49117370892,0.775915492958332,2534.89982394283,-3.99495305165,-6.09568075116665
IT38074,Italy,IT,ITH,ITH2,ITH20,Trento,28.86239436624,0.49117370892,0.775915492958332,2534.89982394283,-3.99495305165,-6.09568075116665
IT38075,Italy,IT,ITH,ITH2,ITH20,Trento,28.86239436624,0.49117370892,0.775915492958332,2534.89982394283,-3.99495305165,-6.09568075116665
IT38076,Italy,IT,ITH,ITH2,ITH20,Trento,28.86239436624,0.49117370892,0.775915492958332,2534.89982394283,-3.99495305165,-6.09568075116665
IT38077,Italy,IT,ITH,ITH2,ITH20,Trento,28.86239436624,0.49117370892,0.775915492958332,2534.89982394283,-3.99495305165,-6.09568075116665
IT38078,Italy,IT,ITH,ITH2,ITH20,Trento,28.86239436624,0.49117370892,0.775915492958332,2534.89982394283,-3.99495305165,-6.09568075116665
IT38079,Italy,IT,ITH,ITH2,ITH20,Trento,28.86239436624,0.49117370892,0.775915492958332,2534.89982394283,-3.99495305165,-6.09568075116665
IT38080,Italy,IT,ITH,ITH2,ITH20,Trento,28.86239436624,0.49117370892,0.775915492958332,2534.89982394283,-3.99495305165,-6.09568075116665
IT38082,Italy,IT,ITH,ITH2,ITH20,Trento,28.86239436624,0.49117370892,0.775915492958332,2534.89982394283,-3.99495305165,-6.09568075116665
IT38083,Italy,IT,ITH,ITH2,ITH20,Trento,28.86239436624,0.49117370892,0.775915492958332,2534.89982394283,-3.99495305165,-6.09568075116665
IT38085,Italy,IT,ITH,ITH2,ITH20,Trento,28.86239436624,0.49117370892,0.775915492958332,2534.89982394283,-3.99495305165,-6.09568075116665
IT38086,Italy,IT,ITH,ITH2,ITH20,Trento,28.86239436624,0.49117370892,0.775915492958332,2534.89982394283,-3.99495305165,-6.09568075116665
IT38087,Italy,IT,ITH,ITH2,ITH20,Trento,28.86239436624,0.49117370892,0.775915492958332,2534.89982394283,-3.99495305165,-6.09568075116665
IT38088,Italy,IT,ITH,ITH2,ITH20,Trento,28.86239436624,0.49117370892,0.775915492958332,2534.89982394283,-3.99495305165,-6.09568075116665
IT38089,Italy,IT,ITH,ITH2,ITH20,Trento,28.86239436624,0.49117370892,0.775915492958332,2534.89982394283,-3.99495305165,-6.09568075116665
IT38091,Italy,IT,ITH,ITH2,ITH20,Trento,28.86239436624,0.49117370892,0.775915492958332,2534.89982394283,-3.99495305165,-6.09568075116665
IT38092,Italy,IT,ITH,ITH2,ITH20,Trento,28.86239436624,0.49117370892,0.775915492958332,2534.89982394283,-3.99495305165,-6.09568075116665
IT38093,Italy,IT,ITH,ITH2,ITH20,Trento,28.86239436624,0.49117370892,0.775915492958332,2534.89982394283,-3.99495305165,-6.09568075116665
IT38094,Italy,IT,ITH,ITH2,ITH20,Trento,28.86239436624,0.49117370892,0.775915492958332,2534.89982394283,-3.99495305165,-6.09568075116665
IT38095,Italy,IT,ITH,ITH2,ITH20,Trento,28.86239436624,0.49117370892,0.775915492958332,2534.89982394283,-3.99495305165,-6.09568075116665
IT38096,Italy,IT,ITH,ITH2,ITH20,Trento,28.86239436624,0.49117370892,0.775915492958332,2534.89982394283,-3.99495305165,-6.09568075116665
IT38100,Italy,IT,ITH,ITH2,ITH20,Trento,28.86239436624,0.49117370892,0.775915492958332,2534.89982394283,-3.99495305165,-6.09568075116665
IT41011,Italy,IT,ITH,ITH5,ITH54,Modena,248.368706896525,1.82810344828333,2.47787356321667,1637.09482758758,-3.10459770115,-4.61781609194998
IT41012,Italy,IT,ITH,ITH5,ITH54,Modena,248.368706896525,1.82810344828333,2.47787356321667,1637.09482758758,-3.10459770115,-4.61781609194998
IT41013,Italy,IT,ITH,ITH5,ITH54,Modena,248.368706896525,1.82810344828333,2.47787356321667,1637.09482758758,-3.10459770115,-4.61781609194998
IT41014,Italy,IT,ITH,ITH5,ITH54,Modena,248.368706896525,1.82810344828333,2.47787356321667,1637.09482758758,-3.10459770115,-4.61781609194998
IT41015,Italy,IT,ITH,ITH5,ITH54,Modena,248.368706896525,1.82810344828333,2.47787356321667,1637.09482758758,-3.10459770115,-4.61781609194998
IT41016,Italy,IT,ITH,ITH5,ITH54,Modena,248.368706896525,1.82810344828333,2.47787356321667,1637.09482758758,-3.10459770115,-4.61781609194998
IT41017,Italy,IT,ITH,ITH5,ITH54,Modena,248.368706896525,1.82810344828333,2.47787356321667,1637.09482758758,-3.10459770115,-4.61781609194998
IT41018,Italy,IT,ITH,ITH5,ITH54,Modena,248.368706896525,1.82810344828333,2.47787356321667,1637.09482758758,-3.10459770115,-4.61781609194998
IT41019,Italy,IT,ITH,ITH5,ITH54,Modena,248.368706896525,1.82810344828333,2.47787356321667,1637.09482758758,-3.10459770115,-4.61781609194998
IT41020,Italy,IT,ITH,ITH5,ITH54,Modena,248.368706896525,1.82810344828333,2.47787356321667,1637.09482758758,-3.10459770115,-4.61781609194998
IT41021,Italy,IT,ITH,ITH5,ITH54,Modena,248.368706896525,1.82810344828333,2.47787356321667,1637.09482758758,-3.10459770115,-4.61781609194998
IT41022,Italy,IT,ITH,ITH5,ITH54,Modena,248.368706896525,1.82810344828333,2.47787356321667,1637.09482758758,-3.10459770115,-4.61781609194998
IT41023,Italy,IT,ITH,ITH5,ITH54,Modena,248.368706896525,1.82810344828333,2.47787356321667,1637.09482758758,-3.10459770115,-4.61781609194998
IT41025,Italy,IT,ITH,ITH5,ITH54,Modena,248.368706896525,1.82810344828333,2.47787356321667,1637.09482758758,-3.10459770115,-4.61781609194998
IT41026,Italy,IT,ITH,ITH5,ITH54,Modena,248.368706896525,1.82810344828333,2.47787356321667,1637.09482758758,-3.10459770115,-4.61781609194998
IT41027,Italy,IT,ITH,ITH5,ITH54,Modena,248.368706896525,1.82810344828333,2.47787356321667,1637.09482758758,-3.10459770115,-4.61781609194998
IT41028,Italy,IT,ITH,ITH5,ITH54,Modena,248.368706896525,1.82810344828333,2.47787356321667,1637.09482758758,-3.10459770115,-4.61781609194998
IT41029,Italy,IT,ITH,ITH5,ITH54,Modena,248.368706896525,1.82810344828333,2.47787356321667,1637.09482758758,-3.10459770115,-4.61781609194998
IT41030,Italy,IT,ITH,ITH5,ITH54,Modena,248.368706896525,1.82810344828333,2.47787356321667,1637.09482758758,-3.10459770115,-4.61781609194998
IT41031,Italy,IT,ITH,ITH5,ITH54,Modena,248.368706896525,1.82810344828333,2.47787356321667,1637.09482758758,-3.10459770115,-4.61781609194998
IT41032,Italy,IT,ITH,ITH5,ITH54,Modena,248.368706896525,1.82810344828333,2.47787356321667,1637.09482758758,-3.10459770115,-4.61781609194998
IT41033,Italy,IT,ITH,ITH5,ITH54,Modena,248.368706896525,1.82810344828333,2.47787356321667,1637.09482758758,-3.10459770115,-4.61781609194998
IT41034,Italy,IT,ITH,ITH5,ITH54,Modena,248.368706896525,1.82810344828333,2.47787356321667,1637.09482758758,-3.10459770115,-4.61781609194998
IT41035,Italy,IT,ITH,ITH5,ITH54,Modena,248.368706896525,1.82810344828333,2.47787356321667,1637.09482758758,-3.10459770115,-4.61781609194998
IT41036,Italy,IT,ITH,ITH5,ITH54,Modena,248.368706896525,1.82810344828333,2.47787356321667,1637.09482758758,-3.10459770115,-4.61781609194998
IT41037,Italy,IT,ITH,ITH5,ITH54,Modena,248.368706896525,1.82810344828333,2.47787356321667,1637.09482758758,-3.10459770115,-4.61781609194998
IT41038,Italy,IT,ITH,ITH5,ITH54,Modena,248.368706896525,1.82810344828333,2.47787356321667,1637.09482758758,-3.10459770115,-4.61781609194998
IT41039,Italy,IT,ITH,ITH5,ITH54,Modena,248.368706896525,1.82810344828333,2.47787356321667,1637.09482758758,-3.10459770115,-4.61781609194998
IT41040,Italy,IT,ITH,ITH5,ITH54,Modena,248.368706896525,1.82810344828333,2.47787356321667,1637.09482758758,-3.10459770115,-4.61781609194998
IT41042,Italy,IT,ITH,ITH5,ITH54,Modena,248.368706896525,1.82810344828333,2.47787356321667,1637.09482758758,-3.10459770115,-4.61781609194998
IT41043,Italy,IT,ITH,ITH5,ITH54,Modena,248.368706896525,1.82810344828333,2.47787356321667,1637.09482758758,-3.10459770115,-4.61781609194998
IT41044,Italy,IT,ITH,ITH5,ITH54,Modena,248.368706896525,1.82810344828333,2.47787356321667,1637.09482758758,-3.10459770115,-4.61781609194998
IT41045,Italy,IT,ITH,ITH5,ITH54,Modena,248.368706896525,1.82810344828333,2.47787356321667,1637.09482758758,-3.10459770115,-4.61781609194998
IT41046,Italy,IT,ITH,ITH5,ITH54,Modena,248.368706896525,1.82810344828333,2.47787356321667,1637.09482758758,-3.10459770115,-4.61781609194998
IT41048,Italy,IT,ITH,ITH5,ITH54,Modena,248.368706896525,1.82810344828333,2.47787356321667,1637.09482758758,-3.10459770115,-4.61781609194998
IT41049,Italy,IT,ITH,ITH5,ITH54,Modena,248.368706896525,1.82810344828333,2.47787356321667,1637.09482758758,-3.10459770115,-4.61781609194998
IT41051,Italy,IT,ITH,ITH5,ITH54,Modena,248.368706896525,1.82810344828333,2.47787356321667,1637.09482758758,-3.10459770115,-4.61781609194998
IT41052,Italy,IT,ITH,ITH5,ITH54,Modena,248.368706896525,1.82810344828333,2.47787356321667,1637.09482758758,-3.10459770115,-4.61781609194998
IT41053,Italy,IT,ITH,ITH5,ITH54,Modena,248.368706896525,1.82810344828333,2.47787356321667,1637.09482758758,-3.10459770115,-4.61781609194998
IT41054,Italy,IT,ITH,ITH5,ITH54,Modena,248.368706896525,1.82810344828333,2.47787356321667,1637.09482758758,-3.10459770115,-4.61781609194998
IT41055,Italy,IT,ITH,ITH5,ITH54,Modena,248.368706896525,1.82810344828333,2.47787356321667,1637.09482758758,-3.10459770115,-4.61781609194998
IT41056,Italy,IT,ITH,ITH5,ITH54,Modena,248.368706896525,1.82810344828333,2.47787356321667,1637.09482758758,-3.10459770115,-4.61781609194998
IT41057,Italy,IT,ITH,ITH5,ITH54,Modena,248.368706896525,1.82810344828333,2.47787356321667,1637.09482758758,-3.10459770115,-4.61781609194998
IT41058,Italy,IT,ITH,ITH5,ITH54,Modena,248.368706896525,1.82810344828333,2.47787356321667,1637.09482758758,-3.10459770115,-4.61781609194998
IT41059,Italy,IT,ITH,ITH5,ITH54,Modena,248.368706896525,1.82810344828333,2.47787356321667,1637.09482758758,-3.10459770115,-4.61781609194998
IT41100,Italy,IT,ITH,ITH5,ITH54,Modena,248.368706896525,1.82810344828333,2.47787356321667,1637.09482758758,-3.10459770115,-4.61781609194998
IT51010,Italy,IT,ITI,ITI1,ITI13,Pistoia,224.252499999775,1.72277777778333,2.35208333333333,1465.64687499999,-3.17708333333333,-4.81374999999998
IT51011,Italy,IT,ITI,ITI1,ITI13,Pistoia,224.252499999775,1.72277777778333,2.35208333333333,1465.64687499999,-3.17708333333333,-4.81374999999998
IT51012,Italy,IT,ITI,ITI1,ITI13,Pistoia,224.252499999775,1.72277777778333,2.35208333333333,1465.64687499999,-3.17708333333333,-4.81374999999998
IT51013,Italy,IT,ITI,ITI1,ITI13,Pistoia,224.252499999775,1.72277777778333,2.35208333333333,1465.64687499999,-3.17708333333333,-4.81374999999998
IT51015,Italy,IT,ITI,ITI1,ITI13,Pistoia,224.252499999775,1.72277777778333,2.35208333333333,1465.64687499999,-3.17708333333333,-4.81374999999998
IT51016,Italy,IT,ITI,ITI1,ITI13,Pistoia,224.252499999775,1.72277777778333,2.35208333333333,1465.64687499999,-3.17708333333333,-4.81374999999998
IT51017,Italy,IT,ITI,ITI1,ITI13,Pistoia,224.252499999775,1.72277777778333,2.35208333333333,1465.64687499999,-3.17708333333333,-4.81374999999998
IT51018,Italy,IT,ITI,ITI1,ITI13,Pistoia,224.252499999775,1.72277777778333,2.35208333333333,1465.64687499999,-3.17708333333333,-4.81374999999998
IT51019,Italy,IT,ITI,ITI1,ITI13,Pistoia,224.252499999775,1.72277777778333,2.35208333333333,1465.64687499999,-3.17708333333333,-4.81374999999998
IT51020,Italy,IT,ITI,ITI1,ITI13,Pistoia,224.252499999775,1.72277777778333,2.35208333333333,1465.64687499999,-3.17708333333333,-4.81374999999998
IT51021,Italy,IT,ITI,ITI1,ITI13,Pistoia,224.252499999775,1.72277777778333,2.35208333333333,1465.64687499999,-3.17708333333333,-4.81374999999998
IT51024,Italy,IT,ITI,ITI1,ITI13,Pistoia,224.252499999775,1.72277777778333,2.35208333333333,1465.64687499999,-3.17708333333333,-4.81374999999998
IT51028,Italy,IT,ITI,ITI1,ITI13,Pistoia,224.252499999775,1.72277777778333,2.35208333333333,1465.64687499999,-3.17708333333333,-4.81374999999998
IT51030,Italy,IT,ITI,ITI1,ITI13,Pistoia,224.252499999775,1.72277777778333,2.35208333333333,1465.64687499999,-3.17708333333333,-4.81374999999998
IT51031,Italy,IT,ITI,ITI1,ITI13,Pistoia,224.252499999775,1.72277777778333,2.35208333333333,1465.64687499999,-3.17708333333333,-4.81374999999998
IT51034,Italy,IT,ITI,ITI1,ITI13,Pistoia,224.252499999775,1.72277777778333,2.35208333333333,1465.64687499999,-3.17708333333333,-4.81374999999998
IT51035,Italy,IT,ITI,ITI1,ITI13,Pistoia,224.252499999775,1.72277777778333,2.35208333333333,1465.64687499999,-3.17708333333333,-4.81374999999998
IT51036,Italy,IT,ITI,ITI1,ITI13,Pistoia,224.252499999775,1.72277777778333,2.35208333333333,1465.64687499999,-3.17708333333333,-4.81374999999998
IT51037,Italy,IT,ITI,ITI1,ITI13,Pistoia,224.252499999775,1.72277777778333,2.35208333333333,1465.64687499999,-3.17708333333333,-4.81374999999998
IT51039,Italy,IT,ITI,ITI1,ITI13,Pistoia,224.252499999775,1.72277777778333,2.35208333333333,1465.64687499999,-3.17708333333333,-4.81374999999998
IT51100,Italy,IT,ITI,ITI1,ITI13,Pistoia,224.252499999775,1.72277777778333,2.35208333333333,1465.64687499999,-3.17708333333333,-4.81374999999998
IT44014,Italy,IT,ITH,ITH5,ITH57,Ravenna,308.3335,2.12633333333333,2.89333333333332,1442.796125,-2.81891666666665,-4.25658333333333
IT48010,Italy,IT,ITH,ITH5,ITH57,Ravenna,308.3335,2.12633333333333,2.89333333333332,1442.796125,-2.81891666666665,-4.25658333333333
IT48011,Italy,IT,ITH,ITH5,ITH57,Ravenna,308.3335,2.12633333333333,2.89333333333332,1442.796125,-2.81891666666665,-4.25658333333333
IT48012,Italy,IT,ITH,ITH5,ITH57,Ravenna,308.3335,2.12633333333333,2.89333333333332,1442.796125,-2.81891666666665,-4.25658333333333
IT48013,Italy,IT,ITH,ITH5,ITH57,Ravenna,308.3335,2.12633333333333,2.89333333333332,1442.796125,-2.81891666666665,-4.25658333333333
IT48014,Italy,IT,ITH,ITH5,ITH57,Ravenna,308.3335,2.12633333333333,2.89333333333332,1442.796125,-2.81891666666665,-4.25658333333333
IT48015,Italy,IT,ITH,ITH5,ITH57,Ravenna,308.3335,2.12633333333333,2.89333333333332,1442.796125,-2.81891666666665,-4.25658333333333
IT48017,Italy,IT,ITH,ITH5,ITH57,Ravenna,308.3335,2.12633333333333,2.89333333333332,1442.796125,-2.81891666666665,-4.25658333333333
IT48018,Italy,IT,ITH,ITH5,ITH57,Ravenna,308.3335,2.12633333333333,2.89333333333332,1442.796125,-2.81891666666665,-4.25658333333333
IT48020,Italy,IT,ITH,ITH5,ITH57,Ravenna,308.3335,2.12633333333333,2.89333333333332,1442.796125,-2.81891666666665,-4.25658333333333
IT48022,Italy,IT,ITH,ITH5,ITH57,Ravenna,308.3335,2.12633333333333,2.89333333333332,1442.796125,-2.81891666666665,-4.25658333333333
IT48024,Italy,IT,ITH,ITH5,ITH57,Ravenna,308.3335,2.12633333333333,2.89333333333332,1442.796125,-2.81891666666665,-4.25658333333333
IT48025,Italy,IT,ITH,ITH5,ITH57,Ravenna,308.3335,2.12633333333333,2.89333333333332,1442.796125,-2.81891666666665,-4.25658333333333
IT48026,Italy,IT,ITH,ITH5,ITH57,Ravenna,308.3335,2.12633333333333,2.89333333333332,1442.796125,-2.81891666666665,-4.25658333333333
IT48027,Italy,IT,ITH,ITH5,ITH57,Ravenna,308.3335,2.12633333333333,2.89333333333332,1442.796125,-2.81891666666665,-4.25658333333333
IT48031,Italy,IT,ITH,ITH5,ITH57,Ravenna,308.3335,2.12633333333333,2.89333333333332,1442.796125,-2.81891666666665,-4.25658333333333
IT48032,Italy,IT,ITH,ITH5,ITH57,Ravenna,308.3335,2.12633333333333,2.89333333333332,1442.796125,-2.81891666666665,-4.25658333333333
IT48033,Italy,IT,ITH,ITH5,ITH57,Ravenna,308.3335,2.12633333333333,2.89333333333332,1442.796125,-2.81891666666665,-4.25658333333333
IT48034,Italy,IT,ITH,ITH5,ITH57,Ravenna,308.3335,2.12633333333333,2.89333333333332,1442.796125,-2.81891666666665,-4.25658333333333
IT48100,Italy,IT,ITH,ITH5,ITH57,Ravenna,308.3335,2.12633333333333,2.89333333333332,1442.796125,-2.81891666666665,-4.25658333333333
IT15121,Italy,IT,ITC,ITC1,ITC18,Alessandria,202.253809523825,1.84634920635,2.57924603175,1482.4832142906,-3.21087301586665,-4.69785714285
IT28921,Italy,IT,ITC,ITC1,ITC14,Verbano-Cusio-Ossola,37.6817307691924,0.526282051281667,0.799487179486667,2416.55894230993,-3.88967948718332,-5.89801282051665
IT71121,Italy,IT,ITF,ITF4,ITF46,Foggia,342.809178082525,2.38164383561667,3.43095890411665,986.71171232905,-3.01337899543333,-4.57821917808332
IT70031,Italy,IT,ITF,ITF4,ITF48,Barletta-Andria-Trani,327.077968749999,2.1940625,3.18385416666667,924.0703125,-2.78229166666667,-4.19697916666665
IT74123,Italy,IT,ITF,ITF4,ITF43,Taranto,325.154299999999,2.47806666666667,3.59346666666667,795.109499999999,-2.84033333333332,-4.19713333333333
IT74122,Italy,IT,ITF,ITF4,ITF43,Taranto,325.154299999999,2.47806666666667,3.59346666666667,795.109499999999,-2.84033333333332,-4.19713333333333
IT74121,Italy,IT,ITF,ITF4,ITF43,Taranto,325.154299999999,2.47806666666667,3.59346666666667,795.109499999999,-2.84033333333332,-4.19713333333333
IT61121,Italy,IT,ITI,ITI3,ITI31,Pesaro e Urbino,213.864166666124,1.82475308641667,2.50567901234998,1346.7140740719,-3.01580246913333,-4.60506172839998
IT43125,Italy,IT,ITH,ITH5,ITH52,Parma,169.396402439185,1.45434959349667,2.02223577234998,1767.86500000184,-3.26983739836665,-4.84028455285
IT43123,Italy,IT,ITH,ITH5,ITH52,Parma,169.396402439185,1.45434959349667,2.02223577234998,1767.86500000184,-3.26983739836665,-4.84028455285
IT43122,Italy,IT,ITH,ITH5,ITH52,Parma,169.396402439185,1.45434959349667,2.02223577234998,1767.86500000184,-3.26983739836665,-4.84028455285
IT43124,Italy,IT,ITH,ITH5,ITH52,Parma,169.396402439185,1.45434959349667,2.02223577234998,1767.86500000184,-3.26983739836665,-4.84028455285
IT43121,Italy,IT,ITH,ITH5,ITH52,Parma,169.396402439185,1.45434959349667,2.02223577234998,1767.86500000184,-3.26983739836665,-4.84028455285
IT6135,Italy,IT,ITH,ITH3,ITH36,Padova,307.34083333275,2.32150793649998,3.0180952381,1421.66666666175,-3.0634920635,-4.54539682539998
IT42124,Italy,IT,ITH,ITH5,ITH53,Reggio nell’Emilia,234.933365385125,1.72557692308333,2.33596153846667,1678.45913462014,-3.11314102563333,-4.62243589743332
IT42121,Italy,IT,ITH,ITH5,ITH53,Reggio nell’Emilia,234.933365385125,1.72557692308333,2.33596153846667,1678.45913462014,-3.11314102563333,-4.62243589743332
IT42122,Italy,IT,ITH,ITH5,ITH53,Reggio nell’Emilia,234.933365385125,1.72557692308333,2.33596153846667,1678.45913462014,-3.11314102563333,-4.62243589743332
IT38122,Italy,IT,ITH,ITH2,ITH20,Trento,28.86239436624,0.49117370892,0.775915492958332,2534.89982394283,-3.99495305165,-6.09568075116665
IT41121,Italy,IT,ITH,ITH5,ITH54,Modena,248.368706896525,1.82810344828333,2.47787356321667,1637.09482758758,-3.10459770115,-4.61781609194998
IT41123,Italy,IT,ITH,ITH5,ITH54,Modena,248.368706896525,1.82810344828333,2.47787356321667,1637.09482758758,-3.10459770115,-4.61781609194998
IT41122,Italy,IT,ITH,ITH5,ITH54,Modena,248.368706896525,1.82810344828333,2.47787356321667,1637.09482758758,-3.10459770115,-4.61781609194998
IT41124,Italy,IT,ITH,ITH5,ITH54,Modena,248.368706896525,1.82810344828333,2.47787356321667,1637.09482758758,-3.10459770115,-4.61781609194998
IT44121,Italy,IT,ITH,ITH5,ITH56,Ferrara,356.188583333774,2.45394444445,3.27416666666665,1410.36216667,-2.78433333333333,-4.115
IT48121,Italy,IT,ITH,ITH5,ITH57,Ravenna,308.3335,2.12633333333333,2.89333333333332,1442.796125,-2.81891666666665,-4.25658333333333
IT48124,Italy,IT,ITH,ITH5,ITH57,Ravenna,308.3335,2.12633333333333,2.89333333333332,1442.796125,-2.81891666666665,-4.25658333333333
IT47521,Italy,IT,ITH,ITH5,ITH58,Forlì-Cesena,210.849199999999,1.67493333333333,2.31906666666667,1502.7595,-2.96433333333333,-4.5094
IT29121,Italy,IT,ITH,ITH5,ITH51,Piacenza,186.664416666678,1.58227777777833,2.16694444445,1744.81608333323,-3.40327777778332,-4.95777777778333
IT47924,Italy,IT,ITH,ITH5,ITH59,Rimini,220.612,1.76933333333333,2.4375,1377.01075,-2.94816666666665,-4.48883333333332
IT47921,Italy,IT,ITH,ITH5,ITH59,Rimini,220.612,1.76933333333333,2.4375,1377.01075,-2.94816666666665,-4.48883333333332
IT47923,Italy,IT,ITH,ITH5,ITH59,Rimini,220.612,1.76933333333333,2.4375,1377.01075,-2.94816666666665,-4.48883333333332
