ZIP Code,Country,NUTS 0,NUTS 1,NUTS 2,NUTS 3,NUTS 3 Name,CDD_2015,CDD_45_pa,CDD_85_pa,HDD_2015,HDD_45_pa,HDD_85_pa
,Latvia,LV,,,,Latvia,17.9911219601827,0.214446998182278,0.340711891218611,2666.47447569546,-5.56189779014722,-7.45464199933055
LVLV-3201,Latvia,LV,LV0,LV00,LV003,Kurzeme,10.385373711344,0.143341924398667,0.23426975945,2566.5602319613,-5.19709621993333,-6.95390034364998
LVLV-3251,Latvia,LV,LV0,LV00,LV003,Kurzeme,10.385373711344,0.143341924398667,0.23426975945,2566.5602319613,-5.19709621993333,-6.95390034364998
LVLV-3253,Latvia,LV,LV0,LV00,LV003,Kurzeme,10.385373711344,0.143341924398667,0.23426975945,2566.5602319613,-5.19709621993333,-6.95390034364998
LVLV-3257,Latvia,LV,LV0,LV00,LV003,Kurzeme,10.385373711344,0.143341924398667,0.23426975945,2566.5602319613,-5.19709621993333,-6.95390034364998
LVLV-3258,Latvia,LV,LV0,LV00,LV003,Kurzeme,10.385373711344,0.143341924398667,0.23426975945,2566.5602319613,-5.19709621993333,-6.95390034364998
LVLV-3260,Latvia,LV,LV0,LV00,LV003,Kurzeme,10.385373711344,0.143341924398667,0.23426975945,2566.5602319613,-5.19709621993333,-6.95390034364998
LVLV-3261,Latvia,LV,LV0,LV00,LV003,Kurzeme,10.385373711344,0.143341924398667,0.23426975945,2566.5602319613,-5.19709621993333,-6.95390034364998
LVLV-3262,Latvia,LV,LV0,LV00,LV003,Kurzeme,10.385373711344,0.143341924398667,0.23426975945,2566.5602319613,-5.19709621993333,-6.95390034364998
LVLV-3264,Latvia,LV,LV0,LV00,LV003,Kurzeme,10.385373711344,0.143341924398667,0.23426975945,2566.5602319613,-5.19709621993333,-6.95390034364998
LVLV-3270,Latvia,LV,LV0,LV00,LV003,Kurzeme,10.385373711344,0.143341924398667,0.23426975945,2566.5602319613,-5.19709621993333,-6.95390034364998
LVLV-3275,Latvia,LV,LV0,LV00,LV003,Kurzeme,10.385373711344,0.143341924398667,0.23426975945,2566.5602319613,-5.19709621993333,-6.95390034364998
LVLV-3280,Latvia,LV,LV0,LV00,LV003,Kurzeme,10.385373711344,0.143341924398667,0.23426975945,2566.5602319613,-5.19709621993333,-6.95390034364998
LVLV-3281,Latvia,LV,LV0,LV00,LV003,Kurzeme,10.385373711344,0.143341924398667,0.23426975945,2566.5602319613,-5.19709621993333,-6.95390034364998
LVLV-3283,Latvia,LV,LV0,LV00,LV003,Kurzeme,10.385373711344,0.143341924398667,0.23426975945,2566.5602319613,-5.19709621993333,-6.95390034364998
LVLV-3284,Latvia,LV,LV0,LV00,LV003,Kurzeme,10.385373711344,0.143341924398667,0.23426975945,2566.5602319613,-5.19709621993333,-6.95390034364998
LVLV-3285,Latvia,LV,LV0,LV00,LV003,Kurzeme,10.385373711344,0.143341924398667,0.23426975945,2566.5602319613,-5.19709621993333,-6.95390034364998
LVLV-3287,Latvia,LV,LV0,LV00,LV003,Kurzeme,10.385373711344,0.143341924398667,0.23426975945,2566.5602319613,-5.19709621993333,-6.95390034364998
LVLV-3291,Latvia,LV,LV0,LV00,LV003,Kurzeme,10.385373711344,0.143341924398667,0.23426975945,2566.5602319613,-5.19709621993333,-6.95390034364998
LVLV-3292,Latvia,LV,LV0,LV00,LV003,Kurzeme,10.385373711344,0.143341924398667,0.23426975945,2566.5602319613,-5.19709621993333,-6.95390034364998
LVLV-3294,Latvia,LV,LV0,LV00,LV003,Kurzeme,10.385373711344,0.143341924398667,0.23426975945,2566.5602319613,-5.19709621993333,-6.95390034364998
LVLV-3297,Latvia,LV,LV0,LV00,LV003,Kurzeme,10.385373711344,0.143341924398667,0.23426975945,2566.5602319613,-5.19709621993333,-6.95390034364998
LVLV-3298,Latvia,LV,LV0,LV00,LV003,Kurzeme,10.385373711344,0.143341924398667,0.23426975945,2566.5602319613,-5.19709621993333,-6.95390034364998
LVLV-3301,Latvia,LV,LV0,LV00,LV003,Kurzeme,10.385373711344,0.143341924398667,0.23426975945,2566.5602319613,-5.19709621993333,-6.95390034364998
LVLV-3306,Latvia,LV,LV0,LV00,LV003,Kurzeme,10.385373711344,0.143341924398667,0.23426975945,2566.5602319613,-5.19709621993333,-6.95390034364998
LVLV-3307,Latvia,LV,LV0,LV00,LV003,Kurzeme,10.385373711344,0.143341924398667,0.23426975945,2566.5602319613,-5.19709621993333,-6.95390034364998
LVLV-3309,Latvia,LV,LV0,LV00,LV003,Kurzeme,10.385373711344,0.143341924398667,0.23426975945,2566.5602319613,-5.19709621993333,-6.95390034364998
LVLV-3310,Latvia,LV,LV0,LV00,LV003,Kurzeme,10.385373711344,0.143341924398667,0.23426975945,2566.5602319613,-5.19709621993333,-6.95390034364998
LVLV-3312,Latvia,LV,LV0,LV00,LV003,Kurzeme,10.385373711344,0.143341924398667,0.23426975945,2566.5602319613,-5.19709621993333,-6.95390034364998
LVLV-3313,Latvia,LV,LV0,LV00,LV003,Kurzeme,10.385373711344,0.143341924398667,0.23426975945,2566.5602319613,-5.19709621993333,-6.95390034364998
LVLV-3314,Latvia,LV,LV0,LV00,LV003,Kurzeme,10.385373711344,0.143341924398667,0.23426975945,2566.5602319613,-5.19709621993333,-6.95390034364998
LVLV-3317,Latvia,LV,LV0,LV00,LV003,Kurzeme,10.385373711344,0.143341924398667,0.23426975945,2566.5602319613,-5.19709621993333,-6.95390034364998
LVLV-3319,Latvia,LV,LV0,LV00,LV003,Kurzeme,10.385373711344,0.143341924398667,0.23426975945,2566.5602319613,-5.19709621993333,-6.95390034364998
LVLV-3320,Latvia,LV,LV0,LV00,LV003,Kurzeme,10.385373711344,0.143341924398667,0.23426975945,2566.5602319613,-5.19709621993333,-6.95390034364998
LVLV-3321,Latvia,LV,LV0,LV00,LV003,Kurzeme,10.385373711344,0.143341924398667,0.23426975945,2566.5602319613,-5.19709621993333,-6.95390034364998
LVLV-3322,Latvia,LV,LV0,LV00,LV003,Kurzeme,10.385373711344,0.143341924398667,0.23426975945,2566.5602319613,-5.19709621993333,-6.95390034364998
LVLV-3323,Latvia,LV,LV0,LV00,LV003,Kurzeme,10.385373711344,0.143341924398667,0.23426975945,2566.5602319613,-5.19709621993333,-6.95390034364998
LVLV-3324,Latvia,LV,LV0,LV00,LV003,Kurzeme,10.385373711344,0.143341924398667,0.23426975945,2566.5602319613,-5.19709621993333,-6.95390034364998
LVLV-3325,Latvia,LV,LV0,LV00,LV003,Kurzeme,10.385373711344,0.143341924398667,0.23426975945,2566.5602319613,-5.19709621993333,-6.95390034364998
LVLV-3326,Latvia,LV,LV0,LV00,LV003,Kurzeme,10.385373711344,0.143341924398667,0.23426975945,2566.5602319613,-5.19709621993333,-6.95390034364998
LVLV-3328,Latvia,LV,LV0,LV00,LV003,Kurzeme,10.385373711344,0.143341924398667,0.23426975945,2566.5602319613,-5.19709621993333,-6.95390034364998
LVLV-3329,Latvia,LV,LV0,LV00,LV003,Kurzeme,10.385373711344,0.143341924398667,0.23426975945,2566.5602319613,-5.19709621993333,-6.95390034364998
LVLV-3330,Latvia,LV,LV0,LV00,LV003,Kurzeme,10.385373711344,0.143341924398667,0.23426975945,2566.5602319613,-5.19709621993333,-6.95390034364998
LVLV-3332,Latvia,LV,LV0,LV00,LV003,Kurzeme,10.385373711344,0.143341924398667,0.23426975945,2566.5602319613,-5.19709621993333,-6.95390034364998
LVLV-3333,Latvia,LV,LV0,LV00,LV003,Kurzeme,10.385373711344,0.143341924398667,0.23426975945,2566.5602319613,-5.19709621993333,-6.95390034364998
LVLV-3430,Latvia,LV,LV0,LV00,LV003,Kurzeme,10.385373711344,0.143341924398667,0.23426975945,2566.5602319613,-5.19709621993333,-6.95390034364998
LVLV-3431,Latvia,LV,LV0,LV00,LV003,Kurzeme,10.385373711344,0.143341924398667,0.23426975945,2566.5602319613,-5.19709621993333,-6.95390034364998
LVLV-3433,Latvia,LV,LV0,LV00,LV003,Kurzeme,10.385373711344,0.143341924398667,0.23426975945,2566.5602319613,-5.19709621993333,-6.95390034364998
LVLV-3434,Latvia,LV,LV0,LV00,LV003,Kurzeme,10.385373711344,0.143341924398667,0.23426975945,2566.5602319613,-5.19709621993333,-6.95390034364998
LVLV-3435,Latvia,LV,LV0,LV00,LV003,Kurzeme,10.385373711344,0.143341924398667,0.23426975945,2566.5602319613,-5.19709621993333,-6.95390034364998
LVLV-3436,Latvia,LV,LV0,LV00,LV003,Kurzeme,10.385373711344,0.143341924398667,0.23426975945,2566.5602319613,-5.19709621993333,-6.95390034364998
LVLV-3438,Latvia,LV,LV0,LV00,LV003,Kurzeme,10.385373711344,0.143341924398667,0.23426975945,2566.5602319613,-5.19709621993333,-6.95390034364998
LVLV-3441,Latvia,LV,LV0,LV00,LV003,Kurzeme,10.385373711344,0.143341924398667,0.23426975945,2566.5602319613,-5.19709621993333,-6.95390034364998
LVLV-3443,Latvia,LV,LV0,LV00,LV003,Kurzeme,10.385373711344,0.143341924398667,0.23426975945,2566.5602319613,-5.19709621993333,-6.95390034364998
LVLV-3444,Latvia,LV,LV0,LV00,LV003,Kurzeme,10.385373711344,0.143341924398667,0.23426975945,2566.5602319613,-5.19709621993333,-6.95390034364998
LVLV-3446,Latvia,LV,LV0,LV00,LV003,Kurzeme,10.385373711344,0.143341924398667,0.23426975945,2566.5602319613,-5.19709621993333,-6.95390034364998
LVLV-3447,Latvia,LV,LV0,LV00,LV003,Kurzeme,10.385373711344,0.143341924398667,0.23426975945,2566.5602319613,-5.19709621993333,-6.95390034364998
LVLV-3452,Latvia,LV,LV0,LV00,LV003,Kurzeme,10.385373711344,0.143341924398667,0.23426975945,2566.5602319613,-5.19709621993333,-6.95390034364998
LVLV-3453,Latvia,LV,LV0,LV00,LV003,Kurzeme,10.385373711344,0.143341924398667,0.23426975945,2566.5602319613,-5.19709621993333,-6.95390034364998
LVLV-3455,Latvia,LV,LV0,LV00,LV003,Kurzeme,10.385373711344,0.143341924398667,0.23426975945,2566.5602319613,-5.19709621993333,-6.95390034364998
LVLV-3456,Latvia,LV,LV0,LV00,LV003,Kurzeme,10.385373711344,0.143341924398667,0.23426975945,2566.5602319613,-5.19709621993333,-6.95390034364998
LVLV-3457,Latvia,LV,LV0,LV00,LV003,Kurzeme,10.385373711344,0.143341924398667,0.23426975945,2566.5602319613,-5.19709621993333,-6.95390034364998
LVLV-3461,Latvia,LV,LV0,LV00,LV003,Kurzeme,10.385373711344,0.143341924398667,0.23426975945,2566.5602319613,-5.19709621993333,-6.95390034364998
LVLV-3463,Latvia,LV,LV0,LV00,LV003,Kurzeme,10.385373711344,0.143341924398667,0.23426975945,2566.5602319613,-5.19709621993333,-6.95390034364998
LVLV-3466,Latvia,LV,LV0,LV00,LV003,Kurzeme,10.385373711344,0.143341924398667,0.23426975945,2566.5602319613,-5.19709621993333,-6.95390034364998
LVLV-3473,Latvia,LV,LV0,LV00,LV003,Kurzeme,10.385373711344,0.143341924398667,0.23426975945,2566.5602319613,-5.19709621993333,-6.95390034364998
LVLV-3474,Latvia,LV,LV0,LV00,LV003,Kurzeme,10.385373711344,0.143341924398667,0.23426975945,2566.5602319613,-5.19709621993333,-6.95390034364998
LVLV-3475,Latvia,LV,LV0,LV00,LV003,Kurzeme,10.385373711344,0.143341924398667,0.23426975945,2566.5602319613,-5.19709621993333,-6.95390034364998
LVLV-3476,Latvia,LV,LV0,LV00,LV003,Kurzeme,10.385373711344,0.143341924398667,0.23426975945,2566.5602319613,-5.19709621993333,-6.95390034364998
LVLV-3477,Latvia,LV,LV0,LV00,LV003,Kurzeme,10.385373711344,0.143341924398667,0.23426975945,2566.5602319613,-5.19709621993333,-6.95390034364998
LVLV-3480,Latvia,LV,LV0,LV00,LV003,Kurzeme,10.385373711344,0.143341924398667,0.23426975945,2566.5602319613,-5.19709621993333,-6.95390034364998
LVLV-3482,Latvia,LV,LV0,LV00,LV003,Kurzeme,10.385373711344,0.143341924398667,0.23426975945,2566.5602319613,-5.19709621993333,-6.95390034364998
LVLV-3484,Latvia,LV,LV0,LV00,LV003,Kurzeme,10.385373711344,0.143341924398667,0.23426975945,2566.5602319613,-5.19709621993333,-6.95390034364998
LVLV-3485,Latvia,LV,LV0,LV00,LV003,Kurzeme,10.385373711344,0.143341924398667,0.23426975945,2566.5602319613,-5.19709621993333,-6.95390034364998
LVLV-3486,Latvia,LV,LV0,LV00,LV003,Kurzeme,10.385373711344,0.143341924398667,0.23426975945,2566.5602319613,-5.19709621993333,-6.95390034364998
LVLV-3487,Latvia,LV,LV0,LV00,LV003,Kurzeme,10.385373711344,0.143341924398667,0.23426975945,2566.5602319613,-5.19709621993333,-6.95390034364998
LVLV-3601,Latvia,LV,LV0,LV00,LV003,Kurzeme,10.385373711344,0.143341924398667,0.23426975945,2566.5602319613,-5.19709621993333,-6.95390034364998
LVLV-3612,Latvia,LV,LV0,LV00,LV003,Kurzeme,10.385373711344,0.143341924398667,0.23426975945,2566.5602319613,-5.19709621993333,-6.95390034364998
LVLV-3613,Latvia,LV,LV0,LV00,LV003,Kurzeme,10.385373711344,0.143341924398667,0.23426975945,2566.5602319613,-5.19709621993333,-6.95390034364998
LVLV-3614,Latvia,LV,LV0,LV00,LV003,Kurzeme,10.385373711344,0.143341924398667,0.23426975945,2566.5602319613,-5.19709621993333,-6.95390034364998
LVLV-3615,Latvia,LV,LV0,LV00,LV003,Kurzeme,10.385373711344,0.143341924398667,0.23426975945,2566.5602319613,-5.19709621993333,-6.95390034364998
LVLV-3617,Latvia,LV,LV0,LV00,LV003,Kurzeme,10.385373711344,0.143341924398667,0.23426975945,2566.5602319613,-5.19709621993333,-6.95390034364998
LVLV-3619,Latvia,LV,LV0,LV00,LV003,Kurzeme,10.385373711344,0.143341924398667,0.23426975945,2566.5602319613,-5.19709621993333,-6.95390034364998
LVLV-3620,Latvia,LV,LV0,LV00,LV003,Kurzeme,10.385373711344,0.143341924398667,0.23426975945,2566.5602319613,-5.19709621993333,-6.95390034364998
LVLV-3621,Latvia,LV,LV0,LV00,LV003,Kurzeme,10.385373711344,0.143341924398667,0.23426975945,2566.5602319613,-5.19709621993333,-6.95390034364998
LVLV-3623,Latvia,LV,LV0,LV00,LV003,Kurzeme,10.385373711344,0.143341924398667,0.23426975945,2566.5602319613,-5.19709621993333,-6.95390034364998
LVLV-3624,Latvia,LV,LV0,LV00,LV003,Kurzeme,10.385373711344,0.143341924398667,0.23426975945,2566.5602319613,-5.19709621993333,-6.95390034364998
LVLV-3626,Latvia,LV,LV0,LV00,LV003,Kurzeme,10.385373711344,0.143341924398667,0.23426975945,2566.5602319613,-5.19709621993333,-6.95390034364998
LVLV-3627,Latvia,LV,LV0,LV00,LV003,Kurzeme,10.385373711344,0.143341924398667,0.23426975945,2566.5602319613,-5.19709621993333,-6.95390034364998
LVLV-3801,Latvia,LV,LV0,LV00,LV003,Kurzeme,10.385373711344,0.143341924398667,0.23426975945,2566.5602319613,-5.19709621993333,-6.95390034364998
LVLV-3851,Latvia,LV,LV0,LV00,LV003,Kurzeme,10.385373711344,0.143341924398667,0.23426975945,2566.5602319613,-5.19709621993333,-6.95390034364998
LVLV-3852,Latvia,LV,LV0,LV00,LV003,Kurzeme,10.385373711344,0.143341924398667,0.23426975945,2566.5602319613,-5.19709621993333,-6.95390034364998
LVLV-3853,Latvia,LV,LV0,LV00,LV003,Kurzeme,10.385373711344,0.143341924398667,0.23426975945,2566.5602319613,-5.19709621993333,-6.95390034364998
LVLV-3861,Latvia,LV,LV0,LV00,LV003,Kurzeme,10.385373711344,0.143341924398667,0.23426975945,2566.5602319613,-5.19709621993333,-6.95390034364998
LVLV-3862,Latvia,LV,LV0,LV00,LV003,Kurzeme,10.385373711344,0.143341924398667,0.23426975945,2566.5602319613,-5.19709621993333,-6.95390034364998
LVLV-3871,Latvia,LV,LV0,LV00,LV003,Kurzeme,10.385373711344,0.143341924398667,0.23426975945,2566.5602319613,-5.19709621993333,-6.95390034364998
LVLV-3873,Latvia,LV,LV0,LV00,LV003,Kurzeme,10.385373711344,0.143341924398667,0.23426975945,2566.5602319613,-5.19709621993333,-6.95390034364998
LVLV-3875,Latvia,LV,LV0,LV00,LV003,Kurzeme,10.385373711344,0.143341924398667,0.23426975945,2566.5602319613,-5.19709621993333,-6.95390034364998
LVLV-3876,Latvia,LV,LV0,LV00,LV003,Kurzeme,10.385373711344,0.143341924398667,0.23426975945,2566.5602319613,-5.19709621993333,-6.95390034364998
LVLV-3880,Latvia,LV,LV0,LV00,LV003,Kurzeme,10.385373711344,0.143341924398667,0.23426975945,2566.5602319613,-5.19709621993333,-6.95390034364998
LVLV-3882,Latvia,LV,LV0,LV00,LV003,Kurzeme,10.385373711344,0.143341924398667,0.23426975945,2566.5602319613,-5.19709621993333,-6.95390034364998
LVLV-3883,Latvia,LV,LV0,LV00,LV003,Kurzeme,10.385373711344,0.143341924398667,0.23426975945,2566.5602319613,-5.19709621993333,-6.95390034364998
LVLV-3890,Latvia,LV,LV0,LV00,LV003,Kurzeme,10.385373711344,0.143341924398667,0.23426975945,2566.5602319613,-5.19709621993333,-6.95390034364998
LVLV-3891,Latvia,LV,LV0,LV00,LV003,Kurzeme,10.385373711344,0.143341924398667,0.23426975945,2566.5602319613,-5.19709621993333,-6.95390034364998
LVLV-3893,Latvia,LV,LV0,LV00,LV003,Kurzeme,10.385373711344,0.143341924398667,0.23426975945,2566.5602319613,-5.19709621993333,-6.95390034364998
LVLV-3894,Latvia,LV,LV0,LV00,LV003,Kurzeme,10.385373711344,0.143341924398667,0.23426975945,2566.5602319613,-5.19709621993333,-6.95390034364998
LVLV-3895,Latvia,LV,LV0,LV00,LV003,Kurzeme,10.385373711344,0.143341924398667,0.23426975945,2566.5602319613,-5.19709621993333,-6.95390034364998
LVLV-3897,Latvia,LV,LV0,LV00,LV003,Kurzeme,10.385373711344,0.143341924398667,0.23426975945,2566.5602319613,-5.19709621993333,-6.95390034364998
LVLV-3898,Latvia,LV,LV0,LV00,LV003,Kurzeme,10.385373711344,0.143341924398667,0.23426975945,2566.5602319613,-5.19709621993333,-6.95390034364998
LVLV-3899,Latvia,LV,LV0,LV00,LV003,Kurzeme,10.385373711344,0.143341924398667,0.23426975945,2566.5602319613,-5.19709621993333,-6.95390034364998
LVLV-1023,Latvia,LV,LV0,LV00,LV007,Pierīga,17.4605067567824,0.210067567568333,0.33420045045,2635.25782094888,-5.45483108108333,-7.33280405405
LVLV-1024,Latvia,LV,LV0,LV00,LV007,Pierīga,17.4605067567824,0.210067567568333,0.33420045045,2635.25782094888,-5.45483108108333,-7.33280405405
LVLV-1053,Latvia,LV,LV0,LV00,LV007,Pierīga,17.4605067567824,0.210067567568333,0.33420045045,2635.25782094888,-5.45483108108333,-7.33280405405
LVLV-1057,Latvia,LV,LV0,LV00,LV007,Pierīga,17.4605067567824,0.210067567568333,0.33420045045,2635.25782094888,-5.45483108108333,-7.33280405405
LVLV-1058,Latvia,LV,LV0,LV00,LV007,Pierīga,17.4605067567824,0.210067567568333,0.33420045045,2635.25782094888,-5.45483108108333,-7.33280405405
LVLV-1076,Latvia,LV,LV0,LV00,LV007,Pierīga,17.4605067567824,0.210067567568333,0.33420045045,2635.25782094888,-5.45483108108333,-7.33280405405
LVLV-2011,Latvia,LV,LV0,LV00,LV007,Pierīga,17.4605067567824,0.210067567568333,0.33420045045,2635.25782094888,-5.45483108108333,-7.33280405405
LVLV-2101,Latvia,LV,LV0,LV00,LV007,Pierīga,17.4605067567824,0.210067567568333,0.33420045045,2635.25782094888,-5.45483108108333,-7.33280405405
LVLV-2103,Latvia,LV,LV0,LV00,LV007,Pierīga,17.4605067567824,0.210067567568333,0.33420045045,2635.25782094888,-5.45483108108333,-7.33280405405
LVLV-2105,Latvia,LV,LV0,LV00,LV007,Pierīga,17.4605067567824,0.210067567568333,0.33420045045,2635.25782094888,-5.45483108108333,-7.33280405405
LVLV-2107,Latvia,LV,LV0,LV00,LV007,Pierīga,17.4605067567824,0.210067567568333,0.33420045045,2635.25782094888,-5.45483108108333,-7.33280405405
LVLV-2108,Latvia,LV,LV0,LV00,LV007,Pierīga,17.4605067567824,0.210067567568333,0.33420045045,2635.25782094888,-5.45483108108333,-7.33280405405
LVLV-2111,Latvia,LV,LV0,LV00,LV007,Pierīga,17.4605067567824,0.210067567568333,0.33420045045,2635.25782094888,-5.45483108108333,-7.33280405405
LVLV-2113,Latvia,LV,LV0,LV00,LV007,Pierīga,17.4605067567824,0.210067567568333,0.33420045045,2635.25782094888,-5.45483108108333,-7.33280405405
LVLV-2117,Latvia,LV,LV0,LV00,LV007,Pierīga,17.4605067567824,0.210067567568333,0.33420045045,2635.25782094888,-5.45483108108333,-7.33280405405
LVLV-2118,Latvia,LV,LV0,LV00,LV007,Pierīga,17.4605067567824,0.210067567568333,0.33420045045,2635.25782094888,-5.45483108108333,-7.33280405405
LVLV-2119,Latvia,LV,LV0,LV00,LV007,Pierīga,17.4605067567824,0.210067567568333,0.33420045045,2635.25782094888,-5.45483108108333,-7.33280405405
LVLV-2121,Latvia,LV,LV0,LV00,LV007,Pierīga,17.4605067567824,0.210067567568333,0.33420045045,2635.25782094888,-5.45483108108333,-7.33280405405
LVLV-2123,Latvia,LV,LV0,LV00,LV007,Pierīga,17.4605067567824,0.210067567568333,0.33420045045,2635.25782094888,-5.45483108108333,-7.33280405405
LVLV-2124,Latvia,LV,LV0,LV00,LV007,Pierīga,17.4605067567824,0.210067567568333,0.33420045045,2635.25782094888,-5.45483108108333,-7.33280405405
LVLV-2125,Latvia,LV,LV0,LV00,LV007,Pierīga,17.4605067567824,0.210067567568333,0.33420045045,2635.25782094888,-5.45483108108333,-7.33280405405
LVLV-2127,Latvia,LV,LV0,LV00,LV007,Pierīga,17.4605067567824,0.210067567568333,0.33420045045,2635.25782094888,-5.45483108108333,-7.33280405405
LVLV-2130,Latvia,LV,LV0,LV00,LV007,Pierīga,17.4605067567824,0.210067567568333,0.33420045045,2635.25782094888,-5.45483108108333,-7.33280405405
LVLV-2133,Latvia,LV,LV0,LV00,LV007,Pierīga,17.4605067567824,0.210067567568333,0.33420045045,2635.25782094888,-5.45483108108333,-7.33280405405
LVLV-2135,Latvia,LV,LV0,LV00,LV007,Pierīga,17.4605067567824,0.210067567568333,0.33420045045,2635.25782094888,-5.45483108108333,-7.33280405405
LVLV-2136,Latvia,LV,LV0,LV00,LV007,Pierīga,17.4605067567824,0.210067567568333,0.33420045045,2635.25782094888,-5.45483108108333,-7.33280405405
LVLV-2137,Latvia,LV,LV0,LV00,LV007,Pierīga,17.4605067567824,0.210067567568333,0.33420045045,2635.25782094888,-5.45483108108333,-7.33280405405
LVLV-2140,Latvia,LV,LV0,LV00,LV007,Pierīga,17.4605067567824,0.210067567568333,0.33420045045,2635.25782094888,-5.45483108108333,-7.33280405405
LVLV-2141,Latvia,LV,LV0,LV00,LV007,Pierīga,17.4605067567824,0.210067567568333,0.33420045045,2635.25782094888,-5.45483108108333,-7.33280405405
LVLV-2142,Latvia,LV,LV0,LV00,LV007,Pierīga,17.4605067567824,0.210067567568333,0.33420045045,2635.25782094888,-5.45483108108333,-7.33280405405
LVLV-2144,Latvia,LV,LV0,LV00,LV007,Pierīga,17.4605067567824,0.210067567568333,0.33420045045,2635.25782094888,-5.45483108108333,-7.33280405405
LVLV-2145,Latvia,LV,LV0,LV00,LV007,Pierīga,17.4605067567824,0.210067567568333,0.33420045045,2635.25782094888,-5.45483108108333,-7.33280405405
LVLV-2150,Latvia,LV,LV0,LV00,LV007,Pierīga,17.4605067567824,0.210067567568333,0.33420045045,2635.25782094888,-5.45483108108333,-7.33280405405
LVLV-2151,Latvia,LV,LV0,LV00,LV007,Pierīga,17.4605067567824,0.210067567568333,0.33420045045,2635.25782094888,-5.45483108108333,-7.33280405405
LVLV-2152,Latvia,LV,LV0,LV00,LV007,Pierīga,17.4605067567824,0.210067567568333,0.33420045045,2635.25782094888,-5.45483108108333,-7.33280405405
LVLV-2154,Latvia,LV,LV0,LV00,LV007,Pierīga,17.4605067567824,0.210067567568333,0.33420045045,2635.25782094888,-5.45483108108333,-7.33280405405
LVLV-2160,Latvia,LV,LV0,LV00,LV007,Pierīga,17.4605067567824,0.210067567568333,0.33420045045,2635.25782094888,-5.45483108108333,-7.33280405405
LVLV-2161,Latvia,LV,LV0,LV00,LV007,Pierīga,17.4605067567824,0.210067567568333,0.33420045045,2635.25782094888,-5.45483108108333,-7.33280405405
LVLV-2162,Latvia,LV,LV0,LV00,LV007,Pierīga,17.4605067567824,0.210067567568333,0.33420045045,2635.25782094888,-5.45483108108333,-7.33280405405
LVLV-2163,Latvia,LV,LV0,LV00,LV007,Pierīga,17.4605067567824,0.210067567568333,0.33420045045,2635.25782094888,-5.45483108108333,-7.33280405405
LVLV-2164,Latvia,LV,LV0,LV00,LV007,Pierīga,17.4605067567824,0.210067567568333,0.33420045045,2635.25782094888,-5.45483108108333,-7.33280405405
LVLV-2166,Latvia,LV,LV0,LV00,LV007,Pierīga,17.4605067567824,0.210067567568333,0.33420045045,2635.25782094888,-5.45483108108333,-7.33280405405
LVLV-2169,Latvia,LV,LV0,LV00,LV007,Pierīga,17.4605067567824,0.210067567568333,0.33420045045,2635.25782094888,-5.45483108108333,-7.33280405405
LVLV-2170,Latvia,LV,LV0,LV00,LV007,Pierīga,17.4605067567824,0.210067567568333,0.33420045045,2635.25782094888,-5.45483108108333,-7.33280405405
LVLV-3101,Latvia,LV,LV0,LV00,LV007,Pierīga,17.4605067567824,0.210067567568333,0.33420045045,2635.25782094888,-5.45483108108333,-7.33280405405
LVLV-3110,Latvia,LV,LV0,LV00,LV007,Pierīga,17.4605067567824,0.210067567568333,0.33420045045,2635.25782094888,-5.45483108108333,-7.33280405405
LVLV-3113,Latvia,LV,LV0,LV00,LV007,Pierīga,17.4605067567824,0.210067567568333,0.33420045045,2635.25782094888,-5.45483108108333,-7.33280405405
LVLV-3118,Latvia,LV,LV0,LV00,LV007,Pierīga,17.4605067567824,0.210067567568333,0.33420045045,2635.25782094888,-5.45483108108333,-7.33280405405
LVLV-3119,Latvia,LV,LV0,LV00,LV007,Pierīga,17.4605067567824,0.210067567568333,0.33420045045,2635.25782094888,-5.45483108108333,-7.33280405405
LVLV-3120,Latvia,LV,LV0,LV00,LV007,Pierīga,17.4605067567824,0.210067567568333,0.33420045045,2635.25782094888,-5.45483108108333,-7.33280405405
LVLV-3122,Latvia,LV,LV0,LV00,LV007,Pierīga,17.4605067567824,0.210067567568333,0.33420045045,2635.25782094888,-5.45483108108333,-7.33280405405
LVLV-3123,Latvia,LV,LV0,LV00,LV007,Pierīga,17.4605067567824,0.210067567568333,0.33420045045,2635.25782094888,-5.45483108108333,-7.33280405405
LVLV-3124,Latvia,LV,LV0,LV00,LV007,Pierīga,17.4605067567824,0.210067567568333,0.33420045045,2635.25782094888,-5.45483108108333,-7.33280405405
LVLV-3128,Latvia,LV,LV0,LV00,LV007,Pierīga,17.4605067567824,0.210067567568333,0.33420045045,2635.25782094888,-5.45483108108333,-7.33280405405
LVLV-3129,Latvia,LV,LV0,LV00,LV007,Pierīga,17.4605067567824,0.210067567568333,0.33420045045,2635.25782094888,-5.45483108108333,-7.33280405405
LVLV-3131,Latvia,LV,LV0,LV00,LV007,Pierīga,17.4605067567824,0.210067567568333,0.33420045045,2635.25782094888,-5.45483108108333,-7.33280405405
LVLV-3132,Latvia,LV,LV0,LV00,LV007,Pierīga,17.4605067567824,0.210067567568333,0.33420045045,2635.25782094888,-5.45483108108333,-7.33280405405
LVLV-3133,Latvia,LV,LV0,LV00,LV007,Pierīga,17.4605067567824,0.210067567568333,0.33420045045,2635.25782094888,-5.45483108108333,-7.33280405405
LVLV-3134,Latvia,LV,LV0,LV00,LV007,Pierīga,17.4605067567824,0.210067567568333,0.33420045045,2635.25782094888,-5.45483108108333,-7.33280405405
LVLV-3135,Latvia,LV,LV0,LV00,LV007,Pierīga,17.4605067567824,0.210067567568333,0.33420045045,2635.25782094888,-5.45483108108333,-7.33280405405
LVLV-3137,Latvia,LV,LV0,LV00,LV007,Pierīga,17.4605067567824,0.210067567568333,0.33420045045,2635.25782094888,-5.45483108108333,-7.33280405405
LVLV-3139,Latvia,LV,LV0,LV00,LV007,Pierīga,17.4605067567824,0.210067567568333,0.33420045045,2635.25782094888,-5.45483108108333,-7.33280405405
LVLV-3140,Latvia,LV,LV0,LV00,LV007,Pierīga,17.4605067567824,0.210067567568333,0.33420045045,2635.25782094888,-5.45483108108333,-7.33280405405
LVLV-3142,Latvia,LV,LV0,LV00,LV007,Pierīga,17.4605067567824,0.210067567568333,0.33420045045,2635.25782094888,-5.45483108108333,-7.33280405405
LVLV-3145,Latvia,LV,LV0,LV00,LV007,Pierīga,17.4605067567824,0.210067567568333,0.33420045045,2635.25782094888,-5.45483108108333,-7.33280405405
LVLV-3146,Latvia,LV,LV0,LV00,LV007,Pierīga,17.4605067567824,0.210067567568333,0.33420045045,2635.25782094888,-5.45483108108333,-7.33280405405
LVLV-3147,Latvia,LV,LV0,LV00,LV007,Pierīga,17.4605067567824,0.210067567568333,0.33420045045,2635.25782094888,-5.45483108108333,-7.33280405405
LVLV-3148,Latvia,LV,LV0,LV00,LV007,Pierīga,17.4605067567824,0.210067567568333,0.33420045045,2635.25782094888,-5.45483108108333,-7.33280405405
LVLV-4001,Latvia,LV,LV0,LV00,LV007,Pierīga,17.4605067567824,0.210067567568333,0.33420045045,2635.25782094888,-5.45483108108333,-7.33280405405
LVLV-4004,Latvia,LV,LV0,LV00,LV007,Pierīga,17.4605067567824,0.210067567568333,0.33420045045,2635.25782094888,-5.45483108108333,-7.33280405405
LVLV-4011,Latvia,LV,LV0,LV00,LV007,Pierīga,17.4605067567824,0.210067567568333,0.33420045045,2635.25782094888,-5.45483108108333,-7.33280405405
LVLV-4012,Latvia,LV,LV0,LV00,LV007,Pierīga,17.4605067567824,0.210067567568333,0.33420045045,2635.25782094888,-5.45483108108333,-7.33280405405
LVLV-4013,Latvia,LV,LV0,LV00,LV007,Pierīga,17.4605067567824,0.210067567568333,0.33420045045,2635.25782094888,-5.45483108108333,-7.33280405405
LVLV-4020,Latvia,LV,LV0,LV00,LV007,Pierīga,17.4605067567824,0.210067567568333,0.33420045045,2635.25782094888,-5.45483108108333,-7.33280405405
LVLV-4025,Latvia,LV,LV0,LV00,LV007,Pierīga,17.4605067567824,0.210067567568333,0.33420045045,2635.25782094888,-5.45483108108333,-7.33280405405
LVLV-4050,Latvia,LV,LV0,LV00,LV007,Pierīga,17.4605067567824,0.210067567568333,0.33420045045,2635.25782094888,-5.45483108108333,-7.33280405405
LVLV-4052,Latvia,LV,LV0,LV00,LV007,Pierīga,17.4605067567824,0.210067567568333,0.33420045045,2635.25782094888,-5.45483108108333,-7.33280405405
LVLV-4061,Latvia,LV,LV0,LV00,LV007,Pierīga,17.4605067567824,0.210067567568333,0.33420045045,2635.25782094888,-5.45483108108333,-7.33280405405
LVLV-4063,Latvia,LV,LV0,LV00,LV007,Pierīga,17.4605067567824,0.210067567568333,0.33420045045,2635.25782094888,-5.45483108108333,-7.33280405405
LVLV-4064,Latvia,LV,LV0,LV00,LV007,Pierīga,17.4605067567824,0.210067567568333,0.33420045045,2635.25782094888,-5.45483108108333,-7.33280405405
LVLV-4068,Latvia,LV,LV0,LV00,LV007,Pierīga,17.4605067567824,0.210067567568333,0.33420045045,2635.25782094888,-5.45483108108333,-7.33280405405
LVLV-5001,Latvia,LV,LV0,LV00,LV007,Pierīga,17.4605067567824,0.210067567568333,0.33420045045,2635.25782094888,-5.45483108108333,-7.33280405405
LVLV-5011,Latvia,LV,LV0,LV00,LV007,Pierīga,17.4605067567824,0.210067567568333,0.33420045045,2635.25782094888,-5.45483108108333,-7.33280405405
LVLV-5012,Latvia,LV,LV0,LV00,LV007,Pierīga,17.4605067567824,0.210067567568333,0.33420045045,2635.25782094888,-5.45483108108333,-7.33280405405
LVLV-5015,Latvia,LV,LV0,LV00,LV007,Pierīga,17.4605067567824,0.210067567568333,0.33420045045,2635.25782094888,-5.45483108108333,-7.33280405405
LVLV-5016,Latvia,LV,LV0,LV00,LV007,Pierīga,17.4605067567824,0.210067567568333,0.33420045045,2635.25782094888,-5.45483108108333,-7.33280405405
LVLV-5020,Latvia,LV,LV0,LV00,LV007,Pierīga,17.4605067567824,0.210067567568333,0.33420045045,2635.25782094888,-5.45483108108333,-7.33280405405
LVLV-5022,Latvia,LV,LV0,LV00,LV007,Pierīga,17.4605067567824,0.210067567568333,0.33420045045,2635.25782094888,-5.45483108108333,-7.33280405405
LVLV-5033,Latvia,LV,LV0,LV00,LV007,Pierīga,17.4605067567824,0.210067567568333,0.33420045045,2635.25782094888,-5.45483108108333,-7.33280405405
LVLV-5041,Latvia,LV,LV0,LV00,LV007,Pierīga,17.4605067567824,0.210067567568333,0.33420045045,2635.25782094888,-5.45483108108333,-7.33280405405
LVLV-5044,Latvia,LV,LV0,LV00,LV007,Pierīga,17.4605067567824,0.210067567568333,0.33420045045,2635.25782094888,-5.45483108108333,-7.33280405405
LVLV-5045,Latvia,LV,LV0,LV00,LV007,Pierīga,17.4605067567824,0.210067567568333,0.33420045045,2635.25782094888,-5.45483108108333,-7.33280405405
LVLV-5047,Latvia,LV,LV0,LV00,LV007,Pierīga,17.4605067567824,0.210067567568333,0.33420045045,2635.25782094888,-5.45483108108333,-7.33280405405
LVLV-5052,Latvia,LV,LV0,LV00,LV007,Pierīga,17.4605067567824,0.210067567568333,0.33420045045,2635.25782094888,-5.45483108108333,-7.33280405405
LVLV-5060,Latvia,LV,LV0,LV00,LV007,Pierīga,17.4605067567824,0.210067567568333,0.33420045045,2635.25782094888,-5.45483108108333,-7.33280405405
LVLV-5062,Latvia,LV,LV0,LV00,LV007,Pierīga,17.4605067567824,0.210067567568333,0.33420045045,2635.25782094888,-5.45483108108333,-7.33280405405
LVLV-5064,Latvia,LV,LV0,LV00,LV007,Pierīga,17.4605067567824,0.210067567568333,0.33420045045,2635.25782094888,-5.45483108108333,-7.33280405405
LVLV-5065,Latvia,LV,LV0,LV00,LV007,Pierīga,17.4605067567824,0.210067567568333,0.33420045045,2635.25782094888,-5.45483108108333,-7.33280405405
LVLV-5070,Latvia,LV,LV0,LV00,LV007,Pierīga,17.4605067567824,0.210067567568333,0.33420045045,2635.25782094888,-5.45483108108333,-7.33280405405
LVLV-5071,Latvia,LV,LV0,LV00,LV007,Pierīga,17.4605067567824,0.210067567568333,0.33420045045,2635.25782094888,-5.45483108108333,-7.33280405405
LVLV-4723,Latvia,LV,LV0,LV00,LV008,Vidzeme,15.0942522321949,0.170424107143333,0.283608630951665,2725.68751115941,-5.63811755951667,-7.55790922618333
LVLV-1044,Latvia,LV,LV0,LV00,LV006,Rīga,22.2994999999999,0.294333333333333,0.467999999999998,2594.14399999999,-5.59466666666667,-7.51333333333333
LVLV-2167,Latvia,LV,LV0,LV00,LV006,Rīga,22.2994999999999,0.294333333333333,0.467999999999998,2594.14399999999,-5.59466666666667,-7.51333333333333
LVLV-4101,Latvia,LV,LV0,LV00,LV008,Vidzeme,15.0942522321949,0.170424107143333,0.283608630951665,2725.68751115941,-5.63811755951667,-7.55790922618333
LVLV-4108,Latvia,LV,LV0,LV00,LV008,Vidzeme,15.0942522321949,0.170424107143333,0.283608630951665,2725.68751115941,-5.63811755951667,-7.55790922618333
LVLV-4112,Latvia,LV,LV0,LV00,LV008,Vidzeme,15.0942522321949,0.170424107143333,0.283608630951665,2725.68751115941,-5.63811755951667,-7.55790922618333
LVLV-4113,Latvia,LV,LV0,LV00,LV008,Vidzeme,15.0942522321949,0.170424107143333,0.283608630951665,2725.68751115941,-5.63811755951667,-7.55790922618333
LVLV-4116,Latvia,LV,LV0,LV00,LV008,Vidzeme,15.0942522321949,0.170424107143333,0.283608630951665,2725.68751115941,-5.63811755951667,-7.55790922618333
LVLV-4118,Latvia,LV,LV0,LV00,LV008,Vidzeme,15.0942522321949,0.170424107143333,0.283608630951665,2725.68751115941,-5.63811755951667,-7.55790922618333
LVLV-4119,Latvia,LV,LV0,LV00,LV008,Vidzeme,15.0942522321949,0.170424107143333,0.283608630951665,2725.68751115941,-5.63811755951667,-7.55790922618333
LVLV-4122,Latvia,LV,LV0,LV00,LV008,Vidzeme,15.0942522321949,0.170424107143333,0.283608630951665,2725.68751115941,-5.63811755951667,-7.55790922618333
LVLV-4123,Latvia,LV,LV0,LV00,LV008,Vidzeme,15.0942522321949,0.170424107143333,0.283608630951665,2725.68751115941,-5.63811755951667,-7.55790922618333
LVLV-4125,Latvia,LV,LV0,LV00,LV008,Vidzeme,15.0942522321949,0.170424107143333,0.283608630951665,2725.68751115941,-5.63811755951667,-7.55790922618333
LVLV-4126,Latvia,LV,LV0,LV00,LV008,Vidzeme,15.0942522321949,0.170424107143333,0.283608630951665,2725.68751115941,-5.63811755951667,-7.55790922618333
LVLV-4128,Latvia,LV,LV0,LV00,LV008,Vidzeme,15.0942522321949,0.170424107143333,0.283608630951665,2725.68751115941,-5.63811755951667,-7.55790922618333
LVLV-4129,Latvia,LV,LV0,LV00,LV008,Vidzeme,15.0942522321949,0.170424107143333,0.283608630951665,2725.68751115941,-5.63811755951667,-7.55790922618333
LVLV-4131,Latvia,LV,LV0,LV00,LV008,Vidzeme,15.0942522321949,0.170424107143333,0.283608630951665,2725.68751115941,-5.63811755951667,-7.55790922618333
LVLV-4132,Latvia,LV,LV0,LV00,LV008,Vidzeme,15.0942522321949,0.170424107143333,0.283608630951665,2725.68751115941,-5.63811755951667,-7.55790922618333
LVLV-4133,Latvia,LV,LV0,LV00,LV008,Vidzeme,15.0942522321949,0.170424107143333,0.283608630951665,2725.68751115941,-5.63811755951667,-7.55790922618333
LVLV-4136,Latvia,LV,LV0,LV00,LV008,Vidzeme,15.0942522321949,0.170424107143333,0.283608630951665,2725.68751115941,-5.63811755951667,-7.55790922618333
LVLV-4139,Latvia,LV,LV0,LV00,LV008,Vidzeme,15.0942522321949,0.170424107143333,0.283608630951665,2725.68751115941,-5.63811755951667,-7.55790922618333
LVLV-4141,Latvia,LV,LV0,LV00,LV008,Vidzeme,15.0942522321949,0.170424107143333,0.283608630951665,2725.68751115941,-5.63811755951667,-7.55790922618333
LVLV-4143,Latvia,LV,LV0,LV00,LV008,Vidzeme,15.0942522321949,0.170424107143333,0.283608630951665,2725.68751115941,-5.63811755951667,-7.55790922618333
LVLV-4144,Latvia,LV,LV0,LV00,LV008,Vidzeme,15.0942522321949,0.170424107143333,0.283608630951665,2725.68751115941,-5.63811755951667,-7.55790922618333
LVLV-4146,Latvia,LV,LV0,LV00,LV008,Vidzeme,15.0942522321949,0.170424107143333,0.283608630951665,2725.68751115941,-5.63811755951667,-7.55790922618333
LVLV-4151,Latvia,LV,LV0,LV00,LV008,Vidzeme,15.0942522321949,0.170424107143333,0.283608630951665,2725.68751115941,-5.63811755951667,-7.55790922618333
LVLV-4152,Latvia,LV,LV0,LV00,LV008,Vidzeme,15.0942522321949,0.170424107143333,0.283608630951665,2725.68751115941,-5.63811755951667,-7.55790922618333
LVLV-4154,Latvia,LV,LV0,LV00,LV008,Vidzeme,15.0942522321949,0.170424107143333,0.283608630951665,2725.68751115941,-5.63811755951667,-7.55790922618333
LVLV-4206,Latvia,LV,LV0,LV00,LV008,Vidzeme,15.0942522321949,0.170424107143333,0.283608630951665,2725.68751115941,-5.63811755951667,-7.55790922618333
LVLV-4208,Latvia,LV,LV0,LV00,LV008,Vidzeme,15.0942522321949,0.170424107143333,0.283608630951665,2725.68751115941,-5.63811755951667,-7.55790922618333
LVLV-4210,Latvia,LV,LV0,LV00,LV008,Vidzeme,15.0942522321949,0.170424107143333,0.283608630951665,2725.68751115941,-5.63811755951667,-7.55790922618333
LVLV-4211,Latvia,LV,LV0,LV00,LV008,Vidzeme,15.0942522321949,0.170424107143333,0.283608630951665,2725.68751115941,-5.63811755951667,-7.55790922618333
LVLV-4213,Latvia,LV,LV0,LV00,LV008,Vidzeme,15.0942522321949,0.170424107143333,0.283608630951665,2725.68751115941,-5.63811755951667,-7.55790922618333
LVLV-4215,Latvia,LV,LV0,LV00,LV008,Vidzeme,15.0942522321949,0.170424107143333,0.283608630951665,2725.68751115941,-5.63811755951667,-7.55790922618333
LVLV-4216,Latvia,LV,LV0,LV00,LV008,Vidzeme,15.0942522321949,0.170424107143333,0.283608630951665,2725.68751115941,-5.63811755951667,-7.55790922618333
LVLV-4219,Latvia,LV,LV0,LV00,LV008,Vidzeme,15.0942522321949,0.170424107143333,0.283608630951665,2725.68751115941,-5.63811755951667,-7.55790922618333
LVLV-4220,Latvia,LV,LV0,LV00,LV008,Vidzeme,15.0942522321949,0.170424107143333,0.283608630951665,2725.68751115941,-5.63811755951667,-7.55790922618333
LVLV-4222,Latvia,LV,LV0,LV00,LV008,Vidzeme,15.0942522321949,0.170424107143333,0.283608630951665,2725.68751115941,-5.63811755951667,-7.55790922618333
LVLV-4223,Latvia,LV,LV0,LV00,LV008,Vidzeme,15.0942522321949,0.170424107143333,0.283608630951665,2725.68751115941,-5.63811755951667,-7.55790922618333
LVLV-4224,Latvia,LV,LV0,LV00,LV008,Vidzeme,15.0942522321949,0.170424107143333,0.283608630951665,2725.68751115941,-5.63811755951667,-7.55790922618333
LVLV-4227,Latvia,LV,LV0,LV00,LV008,Vidzeme,15.0942522321949,0.170424107143333,0.283608630951665,2725.68751115941,-5.63811755951667,-7.55790922618333
LVLV-4228,Latvia,LV,LV0,LV00,LV008,Vidzeme,15.0942522321949,0.170424107143333,0.283608630951665,2725.68751115941,-5.63811755951667,-7.55790922618333
LVLV-4232,Latvia,LV,LV0,LV00,LV008,Vidzeme,15.0942522321949,0.170424107143333,0.283608630951665,2725.68751115941,-5.63811755951667,-7.55790922618333
LVLV-4234,Latvia,LV,LV0,LV00,LV008,Vidzeme,15.0942522321949,0.170424107143333,0.283608630951665,2725.68751115941,-5.63811755951667,-7.55790922618333
LVLV-4240,Latvia,LV,LV0,LV00,LV008,Vidzeme,15.0942522321949,0.170424107143333,0.283608630951665,2725.68751115941,-5.63811755951667,-7.55790922618333
LVLV-4241,Latvia,LV,LV0,LV00,LV008,Vidzeme,15.0942522321949,0.170424107143333,0.283608630951665,2725.68751115941,-5.63811755951667,-7.55790922618333
LVLV-4242,Latvia,LV,LV0,LV00,LV008,Vidzeme,15.0942522321949,0.170424107143333,0.283608630951665,2725.68751115941,-5.63811755951667,-7.55790922618333
LVLV-4244,Latvia,LV,LV0,LV00,LV008,Vidzeme,15.0942522321949,0.170424107143333,0.283608630951665,2725.68751115941,-5.63811755951667,-7.55790922618333
LVLV-4245,Latvia,LV,LV0,LV00,LV008,Vidzeme,15.0942522321949,0.170424107143333,0.283608630951665,2725.68751115941,-5.63811755951667,-7.55790922618333
LVLV-4248,Latvia,LV,LV0,LV00,LV008,Vidzeme,15.0942522321949,0.170424107143333,0.283608630951665,2725.68751115941,-5.63811755951667,-7.55790922618333
LVLV-4301,Latvia,LV,LV0,LV00,LV008,Vidzeme,15.0942522321949,0.170424107143333,0.283608630951665,2725.68751115941,-5.63811755951667,-7.55790922618333
LVLV-4332,Latvia,LV,LV0,LV00,LV008,Vidzeme,15.0942522321949,0.170424107143333,0.283608630951665,2725.68751115941,-5.63811755951667,-7.55790922618333
LVLV-4333,Latvia,LV,LV0,LV00,LV008,Vidzeme,15.0942522321949,0.170424107143333,0.283608630951665,2725.68751115941,-5.63811755951667,-7.55790922618333
LVLV-4335,Latvia,LV,LV0,LV00,LV008,Vidzeme,15.0942522321949,0.170424107143333,0.283608630951665,2725.68751115941,-5.63811755951667,-7.55790922618333
LVLV-4336,Latvia,LV,LV0,LV00,LV008,Vidzeme,15.0942522321949,0.170424107143333,0.283608630951665,2725.68751115941,-5.63811755951667,-7.55790922618333
LVLV-4339,Latvia,LV,LV0,LV00,LV008,Vidzeme,15.0942522321949,0.170424107143333,0.283608630951665,2725.68751115941,-5.63811755951667,-7.55790922618333
LVLV-4340,Latvia,LV,LV0,LV00,LV008,Vidzeme,15.0942522321949,0.170424107143333,0.283608630951665,2725.68751115941,-5.63811755951667,-7.55790922618333
LVLV-4341,Latvia,LV,LV0,LV00,LV008,Vidzeme,15.0942522321949,0.170424107143333,0.283608630951665,2725.68751115941,-5.63811755951667,-7.55790922618333
LVLV-4342,Latvia,LV,LV0,LV00,LV008,Vidzeme,15.0942522321949,0.170424107143333,0.283608630951665,2725.68751115941,-5.63811755951667,-7.55790922618333
LVLV-4344,Latvia,LV,LV0,LV00,LV008,Vidzeme,15.0942522321949,0.170424107143333,0.283608630951665,2725.68751115941,-5.63811755951667,-7.55790922618333
LVLV-4345,Latvia,LV,LV0,LV00,LV008,Vidzeme,15.0942522321949,0.170424107143333,0.283608630951665,2725.68751115941,-5.63811755951667,-7.55790922618333
LVLV-4348,Latvia,LV,LV0,LV00,LV008,Vidzeme,15.0942522321949,0.170424107143333,0.283608630951665,2725.68751115941,-5.63811755951667,-7.55790922618333
LVLV-4350,Latvia,LV,LV0,LV00,LV008,Vidzeme,15.0942522321949,0.170424107143333,0.283608630951665,2725.68751115941,-5.63811755951667,-7.55790922618333
LVLV-4351,Latvia,LV,LV0,LV00,LV008,Vidzeme,15.0942522321949,0.170424107143333,0.283608630951665,2725.68751115941,-5.63811755951667,-7.55790922618333
LVLV-4352,Latvia,LV,LV0,LV00,LV008,Vidzeme,15.0942522321949,0.170424107143333,0.283608630951665,2725.68751115941,-5.63811755951667,-7.55790922618333
LVLV-4354,Latvia,LV,LV0,LV00,LV008,Vidzeme,15.0942522321949,0.170424107143333,0.283608630951665,2725.68751115941,-5.63811755951667,-7.55790922618333
LVLV-4355,Latvia,LV,LV0,LV00,LV008,Vidzeme,15.0942522321949,0.170424107143333,0.283608630951665,2725.68751115941,-5.63811755951667,-7.55790922618333
LVLV-4358,Latvia,LV,LV0,LV00,LV008,Vidzeme,15.0942522321949,0.170424107143333,0.283608630951665,2725.68751115941,-5.63811755951667,-7.55790922618333
LVLV-4359,Latvia,LV,LV0,LV00,LV008,Vidzeme,15.0942522321949,0.170424107143333,0.283608630951665,2725.68751115941,-5.63811755951667,-7.55790922618333
LVLV-4401,Latvia,LV,LV0,LV00,LV008,Vidzeme,15.0942522321949,0.170424107143333,0.283608630951665,2725.68751115941,-5.63811755951667,-7.55790922618333
LVLV-4405,Latvia,LV,LV0,LV00,LV008,Vidzeme,15.0942522321949,0.170424107143333,0.283608630951665,2725.68751115941,-5.63811755951667,-7.55790922618333
LVLV-4406,Latvia,LV,LV0,LV00,LV008,Vidzeme,15.0942522321949,0.170424107143333,0.283608630951665,2725.68751115941,-5.63811755951667,-7.55790922618333
LVLV-4409,Latvia,LV,LV0,LV00,LV008,Vidzeme,15.0942522321949,0.170424107143333,0.283608630951665,2725.68751115941,-5.63811755951667,-7.55790922618333
LVLV-4410,Latvia,LV,LV0,LV00,LV008,Vidzeme,15.0942522321949,0.170424107143333,0.283608630951665,2725.68751115941,-5.63811755951667,-7.55790922618333
LVLV-4412,Latvia,LV,LV0,LV00,LV008,Vidzeme,15.0942522321949,0.170424107143333,0.283608630951665,2725.68751115941,-5.63811755951667,-7.55790922618333
LVLV-4415,Latvia,LV,LV0,LV00,LV008,Vidzeme,15.0942522321949,0.170424107143333,0.283608630951665,2725.68751115941,-5.63811755951667,-7.55790922618333
LVLV-4416,Latvia,LV,LV0,LV00,LV008,Vidzeme,15.0942522321949,0.170424107143333,0.283608630951665,2725.68751115941,-5.63811755951667,-7.55790922618333
LVLV-4417,Latvia,LV,LV0,LV00,LV008,Vidzeme,15.0942522321949,0.170424107143333,0.283608630951665,2725.68751115941,-5.63811755951667,-7.55790922618333
LVLV-4420,Latvia,LV,LV0,LV00,LV008,Vidzeme,15.0942522321949,0.170424107143333,0.283608630951665,2725.68751115941,-5.63811755951667,-7.55790922618333
LVLV-4421,Latvia,LV,LV0,LV00,LV008,Vidzeme,15.0942522321949,0.170424107143333,0.283608630951665,2725.68751115941,-5.63811755951667,-7.55790922618333
LVLV-4424,Latvia,LV,LV0,LV00,LV008,Vidzeme,15.0942522321949,0.170424107143333,0.283608630951665,2725.68751115941,-5.63811755951667,-7.55790922618333
LVLV-4425,Latvia,LV,LV0,LV00,LV008,Vidzeme,15.0942522321949,0.170424107143333,0.283608630951665,2725.68751115941,-5.63811755951667,-7.55790922618333
LVLV-4426,Latvia,LV,LV0,LV00,LV008,Vidzeme,15.0942522321949,0.170424107143333,0.283608630951665,2725.68751115941,-5.63811755951667,-7.55790922618333
LVLV-4428,Latvia,LV,LV0,LV00,LV008,Vidzeme,15.0942522321949,0.170424107143333,0.283608630951665,2725.68751115941,-5.63811755951667,-7.55790922618333
LVLV-4429,Latvia,LV,LV0,LV00,LV008,Vidzeme,15.0942522321949,0.170424107143333,0.283608630951665,2725.68751115941,-5.63811755951667,-7.55790922618333
LVLV-4701,Latvia,LV,LV0,LV00,LV008,Vidzeme,15.0942522321949,0.170424107143333,0.283608630951665,2725.68751115941,-5.63811755951667,-7.55790922618333
LVLV-4706,Latvia,LV,LV0,LV00,LV008,Vidzeme,15.0942522321949,0.170424107143333,0.283608630951665,2725.68751115941,-5.63811755951667,-7.55790922618333
LVLV-4707,Latvia,LV,LV0,LV00,LV008,Vidzeme,15.0942522321949,0.170424107143333,0.283608630951665,2725.68751115941,-5.63811755951667,-7.55790922618333
LVLV-4711,Latvia,LV,LV0,LV00,LV008,Vidzeme,15.0942522321949,0.170424107143333,0.283608630951665,2725.68751115941,-5.63811755951667,-7.55790922618333
LVLV-4712,Latvia,LV,LV0,LV00,LV008,Vidzeme,15.0942522321949,0.170424107143333,0.283608630951665,2725.68751115941,-5.63811755951667,-7.55790922618333
LVLV-4713,Latvia,LV,LV0,LV00,LV008,Vidzeme,15.0942522321949,0.170424107143333,0.283608630951665,2725.68751115941,-5.63811755951667,-7.55790922618333
LVLV-4715,Latvia,LV,LV0,LV00,LV008,Vidzeme,15.0942522321949,0.170424107143333,0.283608630951665,2725.68751115941,-5.63811755951667,-7.55790922618333
LVLV-4716,Latvia,LV,LV0,LV00,LV008,Vidzeme,15.0942522321949,0.170424107143333,0.283608630951665,2725.68751115941,-5.63811755951667,-7.55790922618333
LVLV-4718,Latvia,LV,LV0,LV00,LV008,Vidzeme,15.0942522321949,0.170424107143333,0.283608630951665,2725.68751115941,-5.63811755951667,-7.55790922618333
LVLV-4724,Latvia,LV,LV0,LV00,LV008,Vidzeme,15.0942522321949,0.170424107143333,0.283608630951665,2725.68751115941,-5.63811755951667,-7.55790922618333
LVLV-4726,Latvia,LV,LV0,LV00,LV008,Vidzeme,15.0942522321949,0.170424107143333,0.283608630951665,2725.68751115941,-5.63811755951667,-7.55790922618333
LVLV-4727,Latvia,LV,LV0,LV00,LV008,Vidzeme,15.0942522321949,0.170424107143333,0.283608630951665,2725.68751115941,-5.63811755951667,-7.55790922618333
LVLV-4729,Latvia,LV,LV0,LV00,LV008,Vidzeme,15.0942522321949,0.170424107143333,0.283608630951665,2725.68751115941,-5.63811755951667,-7.55790922618333
LVLV-4730,Latvia,LV,LV0,LV00,LV008,Vidzeme,15.0942522321949,0.170424107143333,0.283608630951665,2725.68751115941,-5.63811755951667,-7.55790922618333
LVLV-4731,Latvia,LV,LV0,LV00,LV008,Vidzeme,15.0942522321949,0.170424107143333,0.283608630951665,2725.68751115941,-5.63811755951667,-7.55790922618333
LVLV-4733,Latvia,LV,LV0,LV00,LV008,Vidzeme,15.0942522321949,0.170424107143333,0.283608630951665,2725.68751115941,-5.63811755951667,-7.55790922618333
LVLV-4735,Latvia,LV,LV0,LV00,LV008,Vidzeme,15.0942522321949,0.170424107143333,0.283608630951665,2725.68751115941,-5.63811755951667,-7.55790922618333
LVLV-4801,Latvia,LV,LV0,LV00,LV008,Vidzeme,15.0942522321949,0.170424107143333,0.283608630951665,2725.68751115941,-5.63811755951667,-7.55790922618333
LVLV-4824,Latvia,LV,LV0,LV00,LV008,Vidzeme,15.0942522321949,0.170424107143333,0.283608630951665,2725.68751115941,-5.63811755951667,-7.55790922618333
LVLV-4825,Latvia,LV,LV0,LV00,LV008,Vidzeme,15.0942522321949,0.170424107143333,0.283608630951665,2725.68751115941,-5.63811755951667,-7.55790922618333
LVLV-4826,Latvia,LV,LV0,LV00,LV008,Vidzeme,15.0942522321949,0.170424107143333,0.283608630951665,2725.68751115941,-5.63811755951667,-7.55790922618333
LVLV-4830,Latvia,LV,LV0,LV00,LV008,Vidzeme,15.0942522321949,0.170424107143333,0.283608630951665,2725.68751115941,-5.63811755951667,-7.55790922618333
LVLV-4833,Latvia,LV,LV0,LV00,LV008,Vidzeme,15.0942522321949,0.170424107143333,0.283608630951665,2725.68751115941,-5.63811755951667,-7.55790922618333
LVLV-4834,Latvia,LV,LV0,LV00,LV008,Vidzeme,15.0942522321949,0.170424107143333,0.283608630951665,2725.68751115941,-5.63811755951667,-7.55790922618333
LVLV-4835,Latvia,LV,LV0,LV00,LV008,Vidzeme,15.0942522321949,0.170424107143333,0.283608630951665,2725.68751115941,-5.63811755951667,-7.55790922618333
LVLV-4837,Latvia,LV,LV0,LV00,LV008,Vidzeme,15.0942522321949,0.170424107143333,0.283608630951665,2725.68751115941,-5.63811755951667,-7.55790922618333
LVLV-4838,Latvia,LV,LV0,LV00,LV008,Vidzeme,15.0942522321949,0.170424107143333,0.283608630951665,2725.68751115941,-5.63811755951667,-7.55790922618333
LVLV-4840,Latvia,LV,LV0,LV00,LV008,Vidzeme,15.0942522321949,0.170424107143333,0.283608630951665,2725.68751115941,-5.63811755951667,-7.55790922618333
LVLV-4841,Latvia,LV,LV0,LV00,LV008,Vidzeme,15.0942522321949,0.170424107143333,0.283608630951665,2725.68751115941,-5.63811755951667,-7.55790922618333
LVLV-4844,Latvia,LV,LV0,LV00,LV008,Vidzeme,15.0942522321949,0.170424107143333,0.283608630951665,2725.68751115941,-5.63811755951667,-7.55790922618333
LVLV-4846,Latvia,LV,LV0,LV00,LV008,Vidzeme,15.0942522321949,0.170424107143333,0.283608630951665,2725.68751115941,-5.63811755951667,-7.55790922618333
LVLV-4847,Latvia,LV,LV0,LV00,LV008,Vidzeme,15.0942522321949,0.170424107143333,0.283608630951665,2725.68751115941,-5.63811755951667,-7.55790922618333
LVLV-4852,Latvia,LV,LV0,LV00,LV008,Vidzeme,15.0942522321949,0.170424107143333,0.283608630951665,2725.68751115941,-5.63811755951667,-7.55790922618333
LVLV-4853,Latvia,LV,LV0,LV00,LV008,Vidzeme,15.0942522321949,0.170424107143333,0.283608630951665,2725.68751115941,-5.63811755951667,-7.55790922618333
LVLV-4855,Latvia,LV,LV0,LV00,LV008,Vidzeme,15.0942522321949,0.170424107143333,0.283608630951665,2725.68751115941,-5.63811755951667,-7.55790922618333
LVLV-4860,Latvia,LV,LV0,LV00,LV008,Vidzeme,15.0942522321949,0.170424107143333,0.283608630951665,2725.68751115941,-5.63811755951667,-7.55790922618333
LVLV-4862,Latvia,LV,LV0,LV00,LV008,Vidzeme,15.0942522321949,0.170424107143333,0.283608630951665,2725.68751115941,-5.63811755951667,-7.55790922618333
LVLV-4865,Latvia,LV,LV0,LV00,LV008,Vidzeme,15.0942522321949,0.170424107143333,0.283608630951665,2725.68751115941,-5.63811755951667,-7.55790922618333
LVLV-4870,Latvia,LV,LV0,LV00,LV008,Vidzeme,15.0942522321949,0.170424107143333,0.283608630951665,2725.68751115941,-5.63811755951667,-7.55790922618333
LVLV-4871,Latvia,LV,LV0,LV00,LV008,Vidzeme,15.0942522321949,0.170424107143333,0.283608630951665,2725.68751115941,-5.63811755951667,-7.55790922618333
LVLV-4873,Latvia,LV,LV0,LV00,LV008,Vidzeme,15.0942522321949,0.170424107143333,0.283608630951665,2725.68751115941,-5.63811755951667,-7.55790922618333
LVLV-4880,Latvia,LV,LV0,LV00,LV008,Vidzeme,15.0942522321949,0.170424107143333,0.283608630951665,2725.68751115941,-5.63811755951667,-7.55790922618333
LVLV-4884,Latvia,LV,LV0,LV00,LV008,Vidzeme,15.0942522321949,0.170424107143333,0.283608630951665,2725.68751115941,-5.63811755951667,-7.55790922618333
LVLV-4501,Latvia,LV,LV0,LV00,LV005,Latgale,19.7901279069625,0.219124031008333,0.345581395348333,2808.35504650999,-5.88466666666665,-7.85282170543332
LVLV-4561,Latvia,LV,LV0,LV00,LV005,Latgale,19.7901279069625,0.219124031008333,0.345581395348333,2808.35504650999,-5.88466666666665,-7.85282170543332
LVLV-4562,Latvia,LV,LV0,LV00,LV005,Latgale,19.7901279069625,0.219124031008333,0.345581395348333,2808.35504650999,-5.88466666666665,-7.85282170543332
LVLV-4566,Latvia,LV,LV0,LV00,LV005,Latgale,19.7901279069625,0.219124031008333,0.345581395348333,2808.35504650999,-5.88466666666665,-7.85282170543332
LVLV-4567,Latvia,LV,LV0,LV00,LV005,Latgale,19.7901279069625,0.219124031008333,0.345581395348333,2808.35504650999,-5.88466666666665,-7.85282170543332
LVLV-4570,Latvia,LV,LV0,LV00,LV005,Latgale,19.7901279069625,0.219124031008333,0.345581395348333,2808.35504650999,-5.88466666666665,-7.85282170543332
LVLV-4571,Latvia,LV,LV0,LV00,LV005,Latgale,19.7901279069625,0.219124031008333,0.345581395348333,2808.35504650999,-5.88466666666665,-7.85282170543332
LVLV-4572,Latvia,LV,LV0,LV00,LV005,Latgale,19.7901279069625,0.219124031008333,0.345581395348333,2808.35504650999,-5.88466666666665,-7.85282170543332
LVLV-4573,Latvia,LV,LV0,LV00,LV005,Latgale,19.7901279069625,0.219124031008333,0.345581395348333,2808.35504650999,-5.88466666666665,-7.85282170543332
LVLV-4574,Latvia,LV,LV0,LV00,LV005,Latgale,19.7901279069625,0.219124031008333,0.345581395348333,2808.35504650999,-5.88466666666665,-7.85282170543332
LVLV-4576,Latvia,LV,LV0,LV00,LV005,Latgale,19.7901279069625,0.219124031008333,0.345581395348333,2808.35504650999,-5.88466666666665,-7.85282170543332
LVLV-4577,Latvia,LV,LV0,LV00,LV005,Latgale,19.7901279069625,0.219124031008333,0.345581395348333,2808.35504650999,-5.88466666666665,-7.85282170543332
LVLV-4580,Latvia,LV,LV0,LV00,LV005,Latgale,19.7901279069625,0.219124031008333,0.345581395348333,2808.35504650999,-5.88466666666665,-7.85282170543332
LVLV-4582,Latvia,LV,LV0,LV00,LV005,Latgale,19.7901279069625,0.219124031008333,0.345581395348333,2808.35504650999,-5.88466666666665,-7.85282170543332
LVLV-4583,Latvia,LV,LV0,LV00,LV005,Latgale,19.7901279069625,0.219124031008333,0.345581395348333,2808.35504650999,-5.88466666666665,-7.85282170543332
LVLV-4584,Latvia,LV,LV0,LV00,LV005,Latgale,19.7901279069625,0.219124031008333,0.345581395348333,2808.35504650999,-5.88466666666665,-7.85282170543332
LVLV-4585,Latvia,LV,LV0,LV00,LV005,Latgale,19.7901279069625,0.219124031008333,0.345581395348333,2808.35504650999,-5.88466666666665,-7.85282170543332
LVLV-4586,Latvia,LV,LV0,LV00,LV005,Latgale,19.7901279069625,0.219124031008333,0.345581395348333,2808.35504650999,-5.88466666666665,-7.85282170543332
LVLV-4587,Latvia,LV,LV0,LV00,LV005,Latgale,19.7901279069625,0.219124031008333,0.345581395348333,2808.35504650999,-5.88466666666665,-7.85282170543332
LVLV-4590,Latvia,LV,LV0,LV00,LV005,Latgale,19.7901279069625,0.219124031008333,0.345581395348333,2808.35504650999,-5.88466666666665,-7.85282170543332
LVLV-4591,Latvia,LV,LV0,LV00,LV005,Latgale,19.7901279069625,0.219124031008333,0.345581395348333,2808.35504650999,-5.88466666666665,-7.85282170543332
LVLV-4592,Latvia,LV,LV0,LV00,LV005,Latgale,19.7901279069625,0.219124031008333,0.345581395348333,2808.35504650999,-5.88466666666665,-7.85282170543332
LVLV-4594,Latvia,LV,LV0,LV00,LV005,Latgale,19.7901279069625,0.219124031008333,0.345581395348333,2808.35504650999,-5.88466666666665,-7.85282170543332
LVLV-4595,Latvia,LV,LV0,LV00,LV005,Latgale,19.7901279069625,0.219124031008333,0.345581395348333,2808.35504650999,-5.88466666666665,-7.85282170543332
LVLV-4601,Latvia,LV,LV0,LV00,LV005,Latgale,19.7901279069625,0.219124031008333,0.345581395348333,2808.35504650999,-5.88466666666665,-7.85282170543332
LVLV-4604,Latvia,LV,LV0,LV00,LV005,Latgale,19.7901279069625,0.219124031008333,0.345581395348333,2808.35504650999,-5.88466666666665,-7.85282170543332
LVLV-4611,Latvia,LV,LV0,LV00,LV005,Latgale,19.7901279069625,0.219124031008333,0.345581395348333,2808.35504650999,-5.88466666666665,-7.85282170543332
LVLV-4612,Latvia,LV,LV0,LV00,LV005,Latgale,19.7901279069625,0.219124031008333,0.345581395348333,2808.35504650999,-5.88466666666665,-7.85282170543332
LVLV-4614,Latvia,LV,LV0,LV00,LV005,Latgale,19.7901279069625,0.219124031008333,0.345581395348333,2808.35504650999,-5.88466666666665,-7.85282170543332
LVLV-4615,Latvia,LV,LV0,LV00,LV005,Latgale,19.7901279069625,0.219124031008333,0.345581395348333,2808.35504650999,-5.88466666666665,-7.85282170543332
LVLV-4616,Latvia,LV,LV0,LV00,LV005,Latgale,19.7901279069625,0.219124031008333,0.345581395348333,2808.35504650999,-5.88466666666665,-7.85282170543332
LVLV-4617,Latvia,LV,LV0,LV00,LV005,Latgale,19.7901279069625,0.219124031008333,0.345581395348333,2808.35504650999,-5.88466666666665,-7.85282170543332
LVLV-4618,Latvia,LV,LV0,LV00,LV005,Latgale,19.7901279069625,0.219124031008333,0.345581395348333,2808.35504650999,-5.88466666666665,-7.85282170543332
LVLV-4619,Latvia,LV,LV0,LV00,LV005,Latgale,19.7901279069625,0.219124031008333,0.345581395348333,2808.35504650999,-5.88466666666665,-7.85282170543332
LVLV-4621,Latvia,LV,LV0,LV00,LV005,Latgale,19.7901279069625,0.219124031008333,0.345581395348333,2808.35504650999,-5.88466666666665,-7.85282170543332
LVLV-4622,Latvia,LV,LV0,LV00,LV005,Latgale,19.7901279069625,0.219124031008333,0.345581395348333,2808.35504650999,-5.88466666666665,-7.85282170543332
LVLV-4623,Latvia,LV,LV0,LV00,LV005,Latgale,19.7901279069625,0.219124031008333,0.345581395348333,2808.35504650999,-5.88466666666665,-7.85282170543332
LVLV-4625,Latvia,LV,LV0,LV00,LV005,Latgale,19.7901279069625,0.219124031008333,0.345581395348333,2808.35504650999,-5.88466666666665,-7.85282170543332
LVLV-4626,Latvia,LV,LV0,LV00,LV005,Latgale,19.7901279069625,0.219124031008333,0.345581395348333,2808.35504650999,-5.88466666666665,-7.85282170543332
LVLV-4627,Latvia,LV,LV0,LV00,LV005,Latgale,19.7901279069625,0.219124031008333,0.345581395348333,2808.35504650999,-5.88466666666665,-7.85282170543332
LVLV-4628,Latvia,LV,LV0,LV00,LV005,Latgale,19.7901279069625,0.219124031008333,0.345581395348333,2808.35504650999,-5.88466666666665,-7.85282170543332
LVLV-4630,Latvia,LV,LV0,LV00,LV005,Latgale,19.7901279069625,0.219124031008333,0.345581395348333,2808.35504650999,-5.88466666666665,-7.85282170543332
LVLV-4631,Latvia,LV,LV0,LV00,LV005,Latgale,19.7901279069625,0.219124031008333,0.345581395348333,2808.35504650999,-5.88466666666665,-7.85282170543332
LVLV-4633,Latvia,LV,LV0,LV00,LV005,Latgale,19.7901279069625,0.219124031008333,0.345581395348333,2808.35504650999,-5.88466666666665,-7.85282170543332
LVLV-4634,Latvia,LV,LV0,LV00,LV005,Latgale,19.7901279069625,0.219124031008333,0.345581395348333,2808.35504650999,-5.88466666666665,-7.85282170543332
LVLV-4635,Latvia,LV,LV0,LV00,LV005,Latgale,19.7901279069625,0.219124031008333,0.345581395348333,2808.35504650999,-5.88466666666665,-7.85282170543332
LVLV-4636,Latvia,LV,LV0,LV00,LV005,Latgale,19.7901279069625,0.219124031008333,0.345581395348333,2808.35504650999,-5.88466666666665,-7.85282170543332
LVLV-4638,Latvia,LV,LV0,LV00,LV005,Latgale,19.7901279069625,0.219124031008333,0.345581395348333,2808.35504650999,-5.88466666666665,-7.85282170543332
LVLV-4640,Latvia,LV,LV0,LV00,LV005,Latgale,19.7901279069625,0.219124031008333,0.345581395348333,2808.35504650999,-5.88466666666665,-7.85282170543332
LVLV-4641,Latvia,LV,LV0,LV00,LV005,Latgale,19.7901279069625,0.219124031008333,0.345581395348333,2808.35504650999,-5.88466666666665,-7.85282170543332
LVLV-4642,Latvia,LV,LV0,LV00,LV005,Latgale,19.7901279069625,0.219124031008333,0.345581395348333,2808.35504650999,-5.88466666666665,-7.85282170543332
LVLV-4643,Latvia,LV,LV0,LV00,LV005,Latgale,19.7901279069625,0.219124031008333,0.345581395348333,2808.35504650999,-5.88466666666665,-7.85282170543332
LVLV-4645,Latvia,LV,LV0,LV00,LV005,Latgale,19.7901279069625,0.219124031008333,0.345581395348333,2808.35504650999,-5.88466666666665,-7.85282170543332
LVLV-4647,Latvia,LV,LV0,LV00,LV005,Latgale,19.7901279069625,0.219124031008333,0.345581395348333,2808.35504650999,-5.88466666666665,-7.85282170543332
LVLV-4648,Latvia,LV,LV0,LV00,LV005,Latgale,19.7901279069625,0.219124031008333,0.345581395348333,2808.35504650999,-5.88466666666665,-7.85282170543332
LVLV-4649,Latvia,LV,LV0,LV00,LV005,Latgale,19.7901279069625,0.219124031008333,0.345581395348333,2808.35504650999,-5.88466666666665,-7.85282170543332
LVLV-4650,Latvia,LV,LV0,LV00,LV005,Latgale,19.7901279069625,0.219124031008333,0.345581395348333,2808.35504650999,-5.88466666666665,-7.85282170543332
LVLV-4652,Latvia,LV,LV0,LV00,LV005,Latgale,19.7901279069625,0.219124031008333,0.345581395348333,2808.35504650999,-5.88466666666665,-7.85282170543332
LVLV-5216,Latvia,LV,LV0,LV00,LV005,Latgale,19.7901279069625,0.219124031008333,0.345581395348333,2808.35504650999,-5.88466666666665,-7.85282170543332
LVLV-5301,Latvia,LV,LV0,LV00,LV005,Latgale,19.7901279069625,0.219124031008333,0.345581395348333,2808.35504650999,-5.88466666666665,-7.85282170543332
LVLV-5304,Latvia,LV,LV0,LV00,LV005,Latgale,19.7901279069625,0.219124031008333,0.345581395348333,2808.35504650999,-5.88466666666665,-7.85282170543332
LVLV-5305,Latvia,LV,LV0,LV00,LV005,Latgale,19.7901279069625,0.219124031008333,0.345581395348333,2808.35504650999,-5.88466666666665,-7.85282170543332
LVLV-5311,Latvia,LV,LV0,LV00,LV005,Latgale,19.7901279069625,0.219124031008333,0.345581395348333,2808.35504650999,-5.88466666666665,-7.85282170543332
LVLV-5312,Latvia,LV,LV0,LV00,LV005,Latgale,19.7901279069625,0.219124031008333,0.345581395348333,2808.35504650999,-5.88466666666665,-7.85282170543332
LVLV-5315,Latvia,LV,LV0,LV00,LV005,Latgale,19.7901279069625,0.219124031008333,0.345581395348333,2808.35504650999,-5.88466666666665,-7.85282170543332
LVLV-5316,Latvia,LV,LV0,LV00,LV005,Latgale,19.7901279069625,0.219124031008333,0.345581395348333,2808.35504650999,-5.88466666666665,-7.85282170543332
LVLV-5318,Latvia,LV,LV0,LV00,LV005,Latgale,19.7901279069625,0.219124031008333,0.345581395348333,2808.35504650999,-5.88466666666665,-7.85282170543332
LVLV-5320,Latvia,LV,LV0,LV00,LV005,Latgale,19.7901279069625,0.219124031008333,0.345581395348333,2808.35504650999,-5.88466666666665,-7.85282170543332
LVLV-5323,Latvia,LV,LV0,LV00,LV005,Latgale,19.7901279069625,0.219124031008333,0.345581395348333,2808.35504650999,-5.88466666666665,-7.85282170543332
LVLV-5325,Latvia,LV,LV0,LV00,LV005,Latgale,19.7901279069625,0.219124031008333,0.345581395348333,2808.35504650999,-5.88466666666665,-7.85282170543332
LVLV-5326,Latvia,LV,LV0,LV00,LV005,Latgale,19.7901279069625,0.219124031008333,0.345581395348333,2808.35504650999,-5.88466666666665,-7.85282170543332
LVLV-5327,Latvia,LV,LV0,LV00,LV005,Latgale,19.7901279069625,0.219124031008333,0.345581395348333,2808.35504650999,-5.88466666666665,-7.85282170543332
LVLV-5328,Latvia,LV,LV0,LV00,LV005,Latgale,19.7901279069625,0.219124031008333,0.345581395348333,2808.35504650999,-5.88466666666665,-7.85282170543332
LVLV-5329,Latvia,LV,LV0,LV00,LV005,Latgale,19.7901279069625,0.219124031008333,0.345581395348333,2808.35504650999,-5.88466666666665,-7.85282170543332
LVLV-5330,Latvia,LV,LV0,LV00,LV005,Latgale,19.7901279069625,0.219124031008333,0.345581395348333,2808.35504650999,-5.88466666666665,-7.85282170543332
LVLV-5331,Latvia,LV,LV0,LV00,LV005,Latgale,19.7901279069625,0.219124031008333,0.345581395348333,2808.35504650999,-5.88466666666665,-7.85282170543332
LVLV-5333,Latvia,LV,LV0,LV00,LV005,Latgale,19.7901279069625,0.219124031008333,0.345581395348333,2808.35504650999,-5.88466666666665,-7.85282170543332
LVLV-5334,Latvia,LV,LV0,LV00,LV005,Latgale,19.7901279069625,0.219124031008333,0.345581395348333,2808.35504650999,-5.88466666666665,-7.85282170543332
LVLV-5335,Latvia,LV,LV0,LV00,LV005,Latgale,19.7901279069625,0.219124031008333,0.345581395348333,2808.35504650999,-5.88466666666665,-7.85282170543332
LVLV-5337,Latvia,LV,LV0,LV00,LV005,Latgale,19.7901279069625,0.219124031008333,0.345581395348333,2808.35504650999,-5.88466666666665,-7.85282170543332
LVLV-5413,Latvia,LV,LV0,LV00,LV005,Latgale,19.7901279069625,0.219124031008333,0.345581395348333,2808.35504650999,-5.88466666666665,-7.85282170543332
LVLV-5438,Latvia,LV,LV0,LV00,LV005,Latgale,19.7901279069625,0.219124031008333,0.345581395348333,2808.35504650999,-5.88466666666665,-7.85282170543332
LVLV-5439,Latvia,LV,LV0,LV00,LV005,Latgale,19.7901279069625,0.219124031008333,0.345581395348333,2808.35504650999,-5.88466666666665,-7.85282170543332
LVLV-5440,Latvia,LV,LV0,LV00,LV005,Latgale,19.7901279069625,0.219124031008333,0.345581395348333,2808.35504650999,-5.88466666666665,-7.85282170543332
LVLV-5441,Latvia,LV,LV0,LV00,LV005,Latgale,19.7901279069625,0.219124031008333,0.345581395348333,2808.35504650999,-5.88466666666665,-7.85282170543332
LVLV-5442,Latvia,LV,LV0,LV00,LV005,Latgale,19.7901279069625,0.219124031008333,0.345581395348333,2808.35504650999,-5.88466666666665,-7.85282170543332
LVLV-5443,Latvia,LV,LV0,LV00,LV005,Latgale,19.7901279069625,0.219124031008333,0.345581395348333,2808.35504650999,-5.88466666666665,-7.85282170543332
LVLV-5444,Latvia,LV,LV0,LV00,LV005,Latgale,19.7901279069625,0.219124031008333,0.345581395348333,2808.35504650999,-5.88466666666665,-7.85282170543332
LVLV-5447,Latvia,LV,LV0,LV00,LV005,Latgale,19.7901279069625,0.219124031008333,0.345581395348333,2808.35504650999,-5.88466666666665,-7.85282170543332
LVLV-5449,Latvia,LV,LV0,LV00,LV005,Latgale,19.7901279069625,0.219124031008333,0.345581395348333,2808.35504650999,-5.88466666666665,-7.85282170543332
LVLV-5450,Latvia,LV,LV0,LV00,LV005,Latgale,19.7901279069625,0.219124031008333,0.345581395348333,2808.35504650999,-5.88466666666665,-7.85282170543332
LVLV-5451,Latvia,LV,LV0,LV00,LV005,Latgale,19.7901279069625,0.219124031008333,0.345581395348333,2808.35504650999,-5.88466666666665,-7.85282170543332
LVLV-5456,Latvia,LV,LV0,LV00,LV005,Latgale,19.7901279069625,0.219124031008333,0.345581395348333,2808.35504650999,-5.88466666666665,-7.85282170543332
LVLV-5458,Latvia,LV,LV0,LV00,LV005,Latgale,19.7901279069625,0.219124031008333,0.345581395348333,2808.35504650999,-5.88466666666665,-7.85282170543332
LVLV-5459,Latvia,LV,LV0,LV00,LV005,Latgale,19.7901279069625,0.219124031008333,0.345581395348333,2808.35504650999,-5.88466666666665,-7.85282170543332
LVLV-5460,Latvia,LV,LV0,LV00,LV005,Latgale,19.7901279069625,0.219124031008333,0.345581395348333,2808.35504650999,-5.88466666666665,-7.85282170543332
LVLV-5461,Latvia,LV,LV0,LV00,LV005,Latgale,19.7901279069625,0.219124031008333,0.345581395348333,2808.35504650999,-5.88466666666665,-7.85282170543332
LVLV-5462,Latvia,LV,LV0,LV00,LV005,Latgale,19.7901279069625,0.219124031008333,0.345581395348333,2808.35504650999,-5.88466666666665,-7.85282170543332
LVLV-5463,Latvia,LV,LV0,LV00,LV005,Latgale,19.7901279069625,0.219124031008333,0.345581395348333,2808.35504650999,-5.88466666666665,-7.85282170543332
LVLV-5465,Latvia,LV,LV0,LV00,LV005,Latgale,19.7901279069625,0.219124031008333,0.345581395348333,2808.35504650999,-5.88466666666665,-7.85282170543332
LVLV-5469,Latvia,LV,LV0,LV00,LV005,Latgale,19.7901279069625,0.219124031008333,0.345581395348333,2808.35504650999,-5.88466666666665,-7.85282170543332
LVLV-5470,Latvia,LV,LV0,LV00,LV005,Latgale,19.7901279069625,0.219124031008333,0.345581395348333,2808.35504650999,-5.88466666666665,-7.85282170543332
LVLV-5471,Latvia,LV,LV0,LV00,LV005,Latgale,19.7901279069625,0.219124031008333,0.345581395348333,2808.35504650999,-5.88466666666665,-7.85282170543332
LVLV-5473,Latvia,LV,LV0,LV00,LV005,Latgale,19.7901279069625,0.219124031008333,0.345581395348333,2808.35504650999,-5.88466666666665,-7.85282170543332
LVLV-5474,Latvia,LV,LV0,LV00,LV005,Latgale,19.7901279069625,0.219124031008333,0.345581395348333,2808.35504650999,-5.88466666666665,-7.85282170543332
LVLV-5477,Latvia,LV,LV0,LV00,LV005,Latgale,19.7901279069625,0.219124031008333,0.345581395348333,2808.35504650999,-5.88466666666665,-7.85282170543332
LVLV-5481,Latvia,LV,LV0,LV00,LV005,Latgale,19.7901279069625,0.219124031008333,0.345581395348333,2808.35504650999,-5.88466666666665,-7.85282170543332
LVLV-5601,Latvia,LV,LV0,LV00,LV005,Latgale,19.7901279069625,0.219124031008333,0.345581395348333,2808.35504650999,-5.88466666666665,-7.85282170543332
LVLV-5651,Latvia,LV,LV0,LV00,LV005,Latgale,19.7901279069625,0.219124031008333,0.345581395348333,2808.35504650999,-5.88466666666665,-7.85282170543332
LVLV-5652,Latvia,LV,LV0,LV00,LV005,Latgale,19.7901279069625,0.219124031008333,0.345581395348333,2808.35504650999,-5.88466666666665,-7.85282170543332
LVLV-5653,Latvia,LV,LV0,LV00,LV005,Latgale,19.7901279069625,0.219124031008333,0.345581395348333,2808.35504650999,-5.88466666666665,-7.85282170543332
LVLV-5655,Latvia,LV,LV0,LV00,LV005,Latgale,19.7901279069625,0.219124031008333,0.345581395348333,2808.35504650999,-5.88466666666665,-7.85282170543332
LVLV-5656,Latvia,LV,LV0,LV00,LV005,Latgale,19.7901279069625,0.219124031008333,0.345581395348333,2808.35504650999,-5.88466666666665,-7.85282170543332
LVLV-5660,Latvia,LV,LV0,LV00,LV005,Latgale,19.7901279069625,0.219124031008333,0.345581395348333,2808.35504650999,-5.88466666666665,-7.85282170543332
LVLV-5662,Latvia,LV,LV0,LV00,LV005,Latgale,19.7901279069625,0.219124031008333,0.345581395348333,2808.35504650999,-5.88466666666665,-7.85282170543332
LVLV-5664,Latvia,LV,LV0,LV00,LV005,Latgale,19.7901279069625,0.219124031008333,0.345581395348333,2808.35504650999,-5.88466666666665,-7.85282170543332
LVLV-5666,Latvia,LV,LV0,LV00,LV005,Latgale,19.7901279069625,0.219124031008333,0.345581395348333,2808.35504650999,-5.88466666666665,-7.85282170543332
LVLV-5668,Latvia,LV,LV0,LV00,LV005,Latgale,19.7901279069625,0.219124031008333,0.345581395348333,2808.35504650999,-5.88466666666665,-7.85282170543332
LVLV-5671,Latvia,LV,LV0,LV00,LV005,Latgale,19.7901279069625,0.219124031008333,0.345581395348333,2808.35504650999,-5.88466666666665,-7.85282170543332
LVLV-5674,Latvia,LV,LV0,LV00,LV005,Latgale,19.7901279069625,0.219124031008333,0.345581395348333,2808.35504650999,-5.88466666666665,-7.85282170543332
LVLV-5676,Latvia,LV,LV0,LV00,LV005,Latgale,19.7901279069625,0.219124031008333,0.345581395348333,2808.35504650999,-5.88466666666665,-7.85282170543332
LVLV-5677,Latvia,LV,LV0,LV00,LV005,Latgale,19.7901279069625,0.219124031008333,0.345581395348333,2808.35504650999,-5.88466666666665,-7.85282170543332
LVLV-5680,Latvia,LV,LV0,LV00,LV005,Latgale,19.7901279069625,0.219124031008333,0.345581395348333,2808.35504650999,-5.88466666666665,-7.85282170543332
LVLV-5681,Latvia,LV,LV0,LV00,LV005,Latgale,19.7901279069625,0.219124031008333,0.345581395348333,2808.35504650999,-5.88466666666665,-7.85282170543332
LVLV-5685,Latvia,LV,LV0,LV00,LV005,Latgale,19.7901279069625,0.219124031008333,0.345581395348333,2808.35504650999,-5.88466666666665,-7.85282170543332
LVLV-5687,Latvia,LV,LV0,LV00,LV005,Latgale,19.7901279069625,0.219124031008333,0.345581395348333,2808.35504650999,-5.88466666666665,-7.85282170543332
LVLV-5692,Latvia,LV,LV0,LV00,LV005,Latgale,19.7901279069625,0.219124031008333,0.345581395348333,2808.35504650999,-5.88466666666665,-7.85282170543332
LVLV-5695,Latvia,LV,LV0,LV00,LV005,Latgale,19.7901279069625,0.219124031008333,0.345581395348333,2808.35504650999,-5.88466666666665,-7.85282170543332
LVLV-5696,Latvia,LV,LV0,LV00,LV005,Latgale,19.7901279069625,0.219124031008333,0.345581395348333,2808.35504650999,-5.88466666666665,-7.85282170543332
LVLV-5697,Latvia,LV,LV0,LV00,LV005,Latgale,19.7901279069625,0.219124031008333,0.345581395348333,2808.35504650999,-5.88466666666665,-7.85282170543332
LVLV-5698,Latvia,LV,LV0,LV00,LV005,Latgale,19.7901279069625,0.219124031008333,0.345581395348333,2808.35504650999,-5.88466666666665,-7.85282170543332
LVLV-5701,Latvia,LV,LV0,LV00,LV005,Latgale,19.7901279069625,0.219124031008333,0.345581395348333,2808.35504650999,-5.88466666666665,-7.85282170543332
LVLV-5704,Latvia,LV,LV0,LV00,LV005,Latgale,19.7901279069625,0.219124031008333,0.345581395348333,2808.35504650999,-5.88466666666665,-7.85282170543332
LVLV-5705,Latvia,LV,LV0,LV00,LV005,Latgale,19.7901279069625,0.219124031008333,0.345581395348333,2808.35504650999,-5.88466666666665,-7.85282170543332
LVLV-5706,Latvia,LV,LV0,LV00,LV005,Latgale,19.7901279069625,0.219124031008333,0.345581395348333,2808.35504650999,-5.88466666666665,-7.85282170543332
LVLV-5707,Latvia,LV,LV0,LV00,LV005,Latgale,19.7901279069625,0.219124031008333,0.345581395348333,2808.35504650999,-5.88466666666665,-7.85282170543332
LVLV-5709,Latvia,LV,LV0,LV00,LV005,Latgale,19.7901279069625,0.219124031008333,0.345581395348333,2808.35504650999,-5.88466666666665,-7.85282170543332
LVLV-5711,Latvia,LV,LV0,LV00,LV005,Latgale,19.7901279069625,0.219124031008333,0.345581395348333,2808.35504650999,-5.88466666666665,-7.85282170543332
LVLV-5716,Latvia,LV,LV0,LV00,LV005,Latgale,19.7901279069625,0.219124031008333,0.345581395348333,2808.35504650999,-5.88466666666665,-7.85282170543332
LVLV-5717,Latvia,LV,LV0,LV00,LV005,Latgale,19.7901279069625,0.219124031008333,0.345581395348333,2808.35504650999,-5.88466666666665,-7.85282170543332
LVLV-5719,Latvia,LV,LV0,LV00,LV005,Latgale,19.7901279069625,0.219124031008333,0.345581395348333,2808.35504650999,-5.88466666666665,-7.85282170543332
LVLV-5722,Latvia,LV,LV0,LV00,LV005,Latgale,19.7901279069625,0.219124031008333,0.345581395348333,2808.35504650999,-5.88466666666665,-7.85282170543332
LVLV-5725,Latvia,LV,LV0,LV00,LV005,Latgale,19.7901279069625,0.219124031008333,0.345581395348333,2808.35504650999,-5.88466666666665,-7.85282170543332
LVLV-5726,Latvia,LV,LV0,LV00,LV005,Latgale,19.7901279069625,0.219124031008333,0.345581395348333,2808.35504650999,-5.88466666666665,-7.85282170543332
LVLV-5729,Latvia,LV,LV0,LV00,LV005,Latgale,19.7901279069625,0.219124031008333,0.345581395348333,2808.35504650999,-5.88466666666665,-7.85282170543332
LVLV-5730,Latvia,LV,LV0,LV00,LV005,Latgale,19.7901279069625,0.219124031008333,0.345581395348333,2808.35504650999,-5.88466666666665,-7.85282170543332
LVLV-5732,Latvia,LV,LV0,LV00,LV005,Latgale,19.7901279069625,0.219124031008333,0.345581395348333,2808.35504650999,-5.88466666666665,-7.85282170543332
LVLV-5733,Latvia,LV,LV0,LV00,LV005,Latgale,19.7901279069625,0.219124031008333,0.345581395348333,2808.35504650999,-5.88466666666665,-7.85282170543332
LVLV-5735,Latvia,LV,LV0,LV00,LV005,Latgale,19.7901279069625,0.219124031008333,0.345581395348333,2808.35504650999,-5.88466666666665,-7.85282170543332
LVLV-5736,Latvia,LV,LV0,LV00,LV005,Latgale,19.7901279069625,0.219124031008333,0.345581395348333,2808.35504650999,-5.88466666666665,-7.85282170543332
LVLV-5737,Latvia,LV,LV0,LV00,LV005,Latgale,19.7901279069625,0.219124031008333,0.345581395348333,2808.35504650999,-5.88466666666665,-7.85282170543332
LVLV-5739,Latvia,LV,LV0,LV00,LV005,Latgale,19.7901279069625,0.219124031008333,0.345581395348333,2808.35504650999,-5.88466666666665,-7.85282170543332
LVLV-5740,Latvia,LV,LV0,LV00,LV005,Latgale,19.7901279069625,0.219124031008333,0.345581395348333,2808.35504650999,-5.88466666666665,-7.85282170543332
LVLV-5742,Latvia,LV,LV0,LV00,LV005,Latgale,19.7901279069625,0.219124031008333,0.345581395348333,2808.35504650999,-5.88466666666665,-7.85282170543332
LVLV-5745,Latvia,LV,LV0,LV00,LV005,Latgale,19.7901279069625,0.219124031008333,0.345581395348333,2808.35504650999,-5.88466666666665,-7.85282170543332
LVLV-5748,Latvia,LV,LV0,LV00,LV005,Latgale,19.7901279069625,0.219124031008333,0.345581395348333,2808.35504650999,-5.88466666666665,-7.85282170543332
LVLV-5750,Latvia,LV,LV0,LV00,LV005,Latgale,19.7901279069625,0.219124031008333,0.345581395348333,2808.35504650999,-5.88466666666665,-7.85282170543332
LVLV-5751,Latvia,LV,LV0,LV00,LV005,Latgale,19.7901279069625,0.219124031008333,0.345581395348333,2808.35504650999,-5.88466666666665,-7.85282170543332
LVLV-5752,Latvia,LV,LV0,LV00,LV005,Latgale,19.7901279069625,0.219124031008333,0.345581395348333,2808.35504650999,-5.88466666666665,-7.85282170543332
LVLV-3001,Latvia,LV,LV0,LV00,LV009,Zemgale,22.9169711538124,0.249391025641667,0.378611111111667,2668.84224359318,-5.60200854701665,-7.51708333333332
LVLV-3002,Latvia,LV,LV0,LV00,LV009,Zemgale,22.9169711538124,0.249391025641667,0.378611111111667,2668.84224359318,-5.60200854701665,-7.51708333333332
LVLV-3003,Latvia,LV,LV0,LV00,LV009,Zemgale,22.9169711538124,0.249391025641667,0.378611111111667,2668.84224359318,-5.60200854701665,-7.51708333333332
LVLV-3008,Latvia,LV,LV0,LV00,LV009,Zemgale,22.9169711538124,0.249391025641667,0.378611111111667,2668.84224359318,-5.60200854701665,-7.51708333333332
LVLV-3011,Latvia,LV,LV0,LV00,LV009,Zemgale,22.9169711538124,0.249391025641667,0.378611111111667,2668.84224359318,-5.60200854701665,-7.51708333333332
LVLV-3014,Latvia,LV,LV0,LV00,LV009,Zemgale,22.9169711538124,0.249391025641667,0.378611111111667,2668.84224359318,-5.60200854701665,-7.51708333333332
LVLV-3016,Latvia,LV,LV0,LV00,LV009,Zemgale,22.9169711538124,0.249391025641667,0.378611111111667,2668.84224359318,-5.60200854701665,-7.51708333333332
LVLV-3017,Latvia,LV,LV0,LV00,LV009,Zemgale,22.9169711538124,0.249391025641667,0.378611111111667,2668.84224359318,-5.60200854701665,-7.51708333333332
LVLV-3018,Latvia,LV,LV0,LV00,LV009,Zemgale,22.9169711538124,0.249391025641667,0.378611111111667,2668.84224359318,-5.60200854701665,-7.51708333333332
LVLV-3020,Latvia,LV,LV0,LV00,LV009,Zemgale,22.9169711538124,0.249391025641667,0.378611111111667,2668.84224359318,-5.60200854701665,-7.51708333333332
LVLV-3021,Latvia,LV,LV0,LV00,LV009,Zemgale,22.9169711538124,0.249391025641667,0.378611111111667,2668.84224359318,-5.60200854701665,-7.51708333333332
LVLV-3022,Latvia,LV,LV0,LV00,LV009,Zemgale,22.9169711538124,0.249391025641667,0.378611111111667,2668.84224359318,-5.60200854701665,-7.51708333333332
LVLV-3023,Latvia,LV,LV0,LV00,LV009,Zemgale,22.9169711538124,0.249391025641667,0.378611111111667,2668.84224359318,-5.60200854701665,-7.51708333333332
LVLV-3026,Latvia,LV,LV0,LV00,LV009,Zemgale,22.9169711538124,0.249391025641667,0.378611111111667,2668.84224359318,-5.60200854701665,-7.51708333333332
LVLV-3028,Latvia,LV,LV0,LV00,LV009,Zemgale,22.9169711538124,0.249391025641667,0.378611111111667,2668.84224359318,-5.60200854701665,-7.51708333333332
LVLV-3031,Latvia,LV,LV0,LV00,LV009,Zemgale,22.9169711538124,0.249391025641667,0.378611111111667,2668.84224359318,-5.60200854701665,-7.51708333333332
LVLV-3034,Latvia,LV,LV0,LV00,LV009,Zemgale,22.9169711538124,0.249391025641667,0.378611111111667,2668.84224359318,-5.60200854701665,-7.51708333333332
LVLV-3036,Latvia,LV,LV0,LV00,LV009,Zemgale,22.9169711538124,0.249391025641667,0.378611111111667,2668.84224359318,-5.60200854701665,-7.51708333333332
LVLV-3037,Latvia,LV,LV0,LV00,LV009,Zemgale,22.9169711538124,0.249391025641667,0.378611111111667,2668.84224359318,-5.60200854701665,-7.51708333333332
LVLV-3040,Latvia,LV,LV0,LV00,LV009,Zemgale,22.9169711538124,0.249391025641667,0.378611111111667,2668.84224359318,-5.60200854701665,-7.51708333333332
LVLV-3042,Latvia,LV,LV0,LV00,LV009,Zemgale,22.9169711538124,0.249391025641667,0.378611111111667,2668.84224359318,-5.60200854701665,-7.51708333333332
LVLV-3043,Latvia,LV,LV0,LV00,LV009,Zemgale,22.9169711538124,0.249391025641667,0.378611111111667,2668.84224359318,-5.60200854701665,-7.51708333333332
LVLV-3045,Latvia,LV,LV0,LV00,LV009,Zemgale,22.9169711538124,0.249391025641667,0.378611111111667,2668.84224359318,-5.60200854701665,-7.51708333333332
LVLV-3701,Latvia,LV,LV0,LV00,LV009,Zemgale,22.9169711538124,0.249391025641667,0.378611111111667,2668.84224359318,-5.60200854701665,-7.51708333333332
LVLV-3708,Latvia,LV,LV0,LV00,LV009,Zemgale,22.9169711538124,0.249391025641667,0.378611111111667,2668.84224359318,-5.60200854701665,-7.51708333333332
LVLV-3709,Latvia,LV,LV0,LV00,LV009,Zemgale,22.9169711538124,0.249391025641667,0.378611111111667,2668.84224359318,-5.60200854701665,-7.51708333333332
LVLV-3710,Latvia,LV,LV0,LV00,LV009,Zemgale,22.9169711538124,0.249391025641667,0.378611111111667,2668.84224359318,-5.60200854701665,-7.51708333333332
LVLV-3711,Latvia,LV,LV0,LV00,LV009,Zemgale,22.9169711538124,0.249391025641667,0.378611111111667,2668.84224359318,-5.60200854701665,-7.51708333333332
LVLV-3713,Latvia,LV,LV0,LV00,LV009,Zemgale,22.9169711538124,0.249391025641667,0.378611111111667,2668.84224359318,-5.60200854701665,-7.51708333333332
LVLV-3714,Latvia,LV,LV0,LV00,LV009,Zemgale,22.9169711538124,0.249391025641667,0.378611111111667,2668.84224359318,-5.60200854701665,-7.51708333333332
LVLV-3716,Latvia,LV,LV0,LV00,LV009,Zemgale,22.9169711538124,0.249391025641667,0.378611111111667,2668.84224359318,-5.60200854701665,-7.51708333333332
LVLV-3717,Latvia,LV,LV0,LV00,LV009,Zemgale,22.9169711538124,0.249391025641667,0.378611111111667,2668.84224359318,-5.60200854701665,-7.51708333333332
LVLV-3718,Latvia,LV,LV0,LV00,LV009,Zemgale,22.9169711538124,0.249391025641667,0.378611111111667,2668.84224359318,-5.60200854701665,-7.51708333333332
LVLV-3719,Latvia,LV,LV0,LV00,LV009,Zemgale,22.9169711538124,0.249391025641667,0.378611111111667,2668.84224359318,-5.60200854701665,-7.51708333333332
LVLV-3721,Latvia,LV,LV0,LV00,LV009,Zemgale,22.9169711538124,0.249391025641667,0.378611111111667,2668.84224359318,-5.60200854701665,-7.51708333333332
LVLV-3722,Latvia,LV,LV0,LV00,LV009,Zemgale,22.9169711538124,0.249391025641667,0.378611111111667,2668.84224359318,-5.60200854701665,-7.51708333333332
LVLV-3723,Latvia,LV,LV0,LV00,LV009,Zemgale,22.9169711538124,0.249391025641667,0.378611111111667,2668.84224359318,-5.60200854701665,-7.51708333333332
LVLV-3724,Latvia,LV,LV0,LV00,LV009,Zemgale,22.9169711538124,0.249391025641667,0.378611111111667,2668.84224359318,-5.60200854701665,-7.51708333333332
LVLV-3725,Latvia,LV,LV0,LV00,LV009,Zemgale,22.9169711538124,0.249391025641667,0.378611111111667,2668.84224359318,-5.60200854701665,-7.51708333333332
LVLV-3729,Latvia,LV,LV0,LV00,LV009,Zemgale,22.9169711538124,0.249391025641667,0.378611111111667,2668.84224359318,-5.60200854701665,-7.51708333333332
LVLV-3730,Latvia,LV,LV0,LV00,LV009,Zemgale,22.9169711538124,0.249391025641667,0.378611111111667,2668.84224359318,-5.60200854701665,-7.51708333333332
LVLV-3731,Latvia,LV,LV0,LV00,LV009,Zemgale,22.9169711538124,0.249391025641667,0.378611111111667,2668.84224359318,-5.60200854701665,-7.51708333333332
LVLV-3732,Latvia,LV,LV0,LV00,LV009,Zemgale,22.9169711538124,0.249391025641667,0.378611111111667,2668.84224359318,-5.60200854701665,-7.51708333333332
LVLV-3901,Latvia,LV,LV0,LV00,LV009,Zemgale,22.9169711538124,0.249391025641667,0.378611111111667,2668.84224359318,-5.60200854701665,-7.51708333333332
LVLV-3905,Latvia,LV,LV0,LV00,LV009,Zemgale,22.9169711538124,0.249391025641667,0.378611111111667,2668.84224359318,-5.60200854701665,-7.51708333333332
LVLV-3906,Latvia,LV,LV0,LV00,LV009,Zemgale,22.9169711538124,0.249391025641667,0.378611111111667,2668.84224359318,-5.60200854701665,-7.51708333333332
LVLV-3907,Latvia,LV,LV0,LV00,LV009,Zemgale,22.9169711538124,0.249391025641667,0.378611111111667,2668.84224359318,-5.60200854701665,-7.51708333333332
LVLV-3908,Latvia,LV,LV0,LV00,LV009,Zemgale,22.9169711538124,0.249391025641667,0.378611111111667,2668.84224359318,-5.60200854701665,-7.51708333333332
LVLV-3910,Latvia,LV,LV0,LV00,LV009,Zemgale,22.9169711538124,0.249391025641667,0.378611111111667,2668.84224359318,-5.60200854701665,-7.51708333333332
LVLV-3913,Latvia,LV,LV0,LV00,LV009,Zemgale,22.9169711538124,0.249391025641667,0.378611111111667,2668.84224359318,-5.60200854701665,-7.51708333333332
LVLV-3914,Latvia,LV,LV0,LV00,LV009,Zemgale,22.9169711538124,0.249391025641667,0.378611111111667,2668.84224359318,-5.60200854701665,-7.51708333333332
LVLV-3915,Latvia,LV,LV0,LV00,LV009,Zemgale,22.9169711538124,0.249391025641667,0.378611111111667,2668.84224359318,-5.60200854701665,-7.51708333333332
LVLV-3917,Latvia,LV,LV0,LV00,LV009,Zemgale,22.9169711538124,0.249391025641667,0.378611111111667,2668.84224359318,-5.60200854701665,-7.51708333333332
LVLV-3918,Latvia,LV,LV0,LV00,LV009,Zemgale,22.9169711538124,0.249391025641667,0.378611111111667,2668.84224359318,-5.60200854701665,-7.51708333333332
LVLV-3921,Latvia,LV,LV0,LV00,LV009,Zemgale,22.9169711538124,0.249391025641667,0.378611111111667,2668.84224359318,-5.60200854701665,-7.51708333333332
LVLV-3924,Latvia,LV,LV0,LV00,LV009,Zemgale,22.9169711538124,0.249391025641667,0.378611111111667,2668.84224359318,-5.60200854701665,-7.51708333333332
LVLV-3925,Latvia,LV,LV0,LV00,LV009,Zemgale,22.9169711538124,0.249391025641667,0.378611111111667,2668.84224359318,-5.60200854701665,-7.51708333333332
LVLV-3926,Latvia,LV,LV0,LV00,LV009,Zemgale,22.9169711538124,0.249391025641667,0.378611111111667,2668.84224359318,-5.60200854701665,-7.51708333333332
LVLV-3927,Latvia,LV,LV0,LV00,LV009,Zemgale,22.9169711538124,0.249391025641667,0.378611111111667,2668.84224359318,-5.60200854701665,-7.51708333333332
LVLV-3929,Latvia,LV,LV0,LV00,LV009,Zemgale,22.9169711538124,0.249391025641667,0.378611111111667,2668.84224359318,-5.60200854701665,-7.51708333333332
LVLV-3931,Latvia,LV,LV0,LV00,LV009,Zemgale,22.9169711538124,0.249391025641667,0.378611111111667,2668.84224359318,-5.60200854701665,-7.51708333333332
LVLV-3932,Latvia,LV,LV0,LV00,LV009,Zemgale,22.9169711538124,0.249391025641667,0.378611111111667,2668.84224359318,-5.60200854701665,-7.51708333333332
LVLV-3933,Latvia,LV,LV0,LV00,LV009,Zemgale,22.9169711538124,0.249391025641667,0.378611111111667,2668.84224359318,-5.60200854701665,-7.51708333333332
LVLV-3936,Latvia,LV,LV0,LV00,LV009,Zemgale,22.9169711538124,0.249391025641667,0.378611111111667,2668.84224359318,-5.60200854701665,-7.51708333333332
LVLV-5101,Latvia,LV,LV0,LV00,LV009,Zemgale,22.9169711538124,0.249391025641667,0.378611111111667,2668.84224359318,-5.60200854701665,-7.51708333333332
LVLV-5106,Latvia,LV,LV0,LV00,LV009,Zemgale,22.9169711538124,0.249391025641667,0.378611111111667,2668.84224359318,-5.60200854701665,-7.51708333333332
LVLV-5108,Latvia,LV,LV0,LV00,LV009,Zemgale,22.9169711538124,0.249391025641667,0.378611111111667,2668.84224359318,-5.60200854701665,-7.51708333333332
LVLV-5109,Latvia,LV,LV0,LV00,LV009,Zemgale,22.9169711538124,0.249391025641667,0.378611111111667,2668.84224359318,-5.60200854701665,-7.51708333333332
LVLV-5110,Latvia,LV,LV0,LV00,LV009,Zemgale,22.9169711538124,0.249391025641667,0.378611111111667,2668.84224359318,-5.60200854701665,-7.51708333333332
LVLV-5111,Latvia,LV,LV0,LV00,LV009,Zemgale,22.9169711538124,0.249391025641667,0.378611111111667,2668.84224359318,-5.60200854701665,-7.51708333333332
LVLV-5112,Latvia,LV,LV0,LV00,LV009,Zemgale,22.9169711538124,0.249391025641667,0.378611111111667,2668.84224359318,-5.60200854701665,-7.51708333333332
LVLV-5113,Latvia,LV,LV0,LV00,LV009,Zemgale,22.9169711538124,0.249391025641667,0.378611111111667,2668.84224359318,-5.60200854701665,-7.51708333333332
LVLV-5115,Latvia,LV,LV0,LV00,LV009,Zemgale,22.9169711538124,0.249391025641667,0.378611111111667,2668.84224359318,-5.60200854701665,-7.51708333333332
LVLV-5118,Latvia,LV,LV0,LV00,LV009,Zemgale,22.9169711538124,0.249391025641667,0.378611111111667,2668.84224359318,-5.60200854701665,-7.51708333333332
LVLV-5120,Latvia,LV,LV0,LV00,LV009,Zemgale,22.9169711538124,0.249391025641667,0.378611111111667,2668.84224359318,-5.60200854701665,-7.51708333333332
LVLV-5123,Latvia,LV,LV0,LV00,LV009,Zemgale,22.9169711538124,0.249391025641667,0.378611111111667,2668.84224359318,-5.60200854701665,-7.51708333333332
LVLV-5124,Latvia,LV,LV0,LV00,LV009,Zemgale,22.9169711538124,0.249391025641667,0.378611111111667,2668.84224359318,-5.60200854701665,-7.51708333333332
LVLV-5125,Latvia,LV,LV0,LV00,LV009,Zemgale,22.9169711538124,0.249391025641667,0.378611111111667,2668.84224359318,-5.60200854701665,-7.51708333333332
LVLV-5128,Latvia,LV,LV0,LV00,LV009,Zemgale,22.9169711538124,0.249391025641667,0.378611111111667,2668.84224359318,-5.60200854701665,-7.51708333333332
LVLV-5129,Latvia,LV,LV0,LV00,LV009,Zemgale,22.9169711538124,0.249391025641667,0.378611111111667,2668.84224359318,-5.60200854701665,-7.51708333333332
LVLV-5130,Latvia,LV,LV0,LV00,LV009,Zemgale,22.9169711538124,0.249391025641667,0.378611111111667,2668.84224359318,-5.60200854701665,-7.51708333333332
LVLV-5133,Latvia,LV,LV0,LV00,LV009,Zemgale,22.9169711538124,0.249391025641667,0.378611111111667,2668.84224359318,-5.60200854701665,-7.51708333333332
LVLV-5135,Latvia,LV,LV0,LV00,LV009,Zemgale,22.9169711538124,0.249391025641667,0.378611111111667,2668.84224359318,-5.60200854701665,-7.51708333333332
LVLV-5201,Latvia,LV,LV0,LV00,LV009,Zemgale,22.9169711538124,0.249391025641667,0.378611111111667,2668.84224359318,-5.60200854701665,-7.51708333333332
LVLV-5204,Latvia,LV,LV0,LV00,LV009,Zemgale,22.9169711538124,0.249391025641667,0.378611111111667,2668.84224359318,-5.60200854701665,-7.51708333333332
LVLV-5209,Latvia,LV,LV0,LV00,LV009,Zemgale,22.9169711538124,0.249391025641667,0.378611111111667,2668.84224359318,-5.60200854701665,-7.51708333333332
LVLV-5210,Latvia,LV,LV0,LV00,LV009,Zemgale,22.9169711538124,0.249391025641667,0.378611111111667,2668.84224359318,-5.60200854701665,-7.51708333333332
LVLV-5211,Latvia,LV,LV0,LV00,LV009,Zemgale,22.9169711538124,0.249391025641667,0.378611111111667,2668.84224359318,-5.60200854701665,-7.51708333333332
LVLV-5212,Latvia,LV,LV0,LV00,LV009,Zemgale,22.9169711538124,0.249391025641667,0.378611111111667,2668.84224359318,-5.60200854701665,-7.51708333333332
LVLV-5214,Latvia,LV,LV0,LV00,LV009,Zemgale,22.9169711538124,0.249391025641667,0.378611111111667,2668.84224359318,-5.60200854701665,-7.51708333333332
LVLV-5215,Latvia,LV,LV0,LV00,LV009,Zemgale,22.9169711538124,0.249391025641667,0.378611111111667,2668.84224359318,-5.60200854701665,-7.51708333333332
LVLV-5217,Latvia,LV,LV0,LV00,LV009,Zemgale,22.9169711538124,0.249391025641667,0.378611111111667,2668.84224359318,-5.60200854701665,-7.51708333333332
LVLV-5218,Latvia,LV,LV0,LV00,LV009,Zemgale,22.9169711538124,0.249391025641667,0.378611111111667,2668.84224359318,-5.60200854701665,-7.51708333333332
LVLV-5220,Latvia,LV,LV0,LV00,LV009,Zemgale,22.9169711538124,0.249391025641667,0.378611111111667,2668.84224359318,-5.60200854701665,-7.51708333333332
LVLV-5221,Latvia,LV,LV0,LV00,LV009,Zemgale,22.9169711538124,0.249391025641667,0.378611111111667,2668.84224359318,-5.60200854701665,-7.51708333333332
LVLV-5222,Latvia,LV,LV0,LV00,LV009,Zemgale,22.9169711538124,0.249391025641667,0.378611111111667,2668.84224359318,-5.60200854701665,-7.51708333333332
LVLV-5223,Latvia,LV,LV0,LV00,LV009,Zemgale,22.9169711538124,0.249391025641667,0.378611111111667,2668.84224359318,-5.60200854701665,-7.51708333333332
LVLV-5224,Latvia,LV,LV0,LV00,LV009,Zemgale,22.9169711538124,0.249391025641667,0.378611111111667,2668.84224359318,-5.60200854701665,-7.51708333333332
LVLV-5226,Latvia,LV,LV0,LV00,LV009,Zemgale,22.9169711538124,0.249391025641667,0.378611111111667,2668.84224359318,-5.60200854701665,-7.51708333333332
LVLV-5229,Latvia,LV,LV0,LV00,LV009,Zemgale,22.9169711538124,0.249391025641667,0.378611111111667,2668.84224359318,-5.60200854701665,-7.51708333333332
LVLV-5230,Latvia,LV,LV0,LV00,LV009,Zemgale,22.9169711538124,0.249391025641667,0.378611111111667,2668.84224359318,-5.60200854701665,-7.51708333333332
LVLV-5232,Latvia,LV,LV0,LV00,LV009,Zemgale,22.9169711538124,0.249391025641667,0.378611111111667,2668.84224359318,-5.60200854701665,-7.51708333333332
LVLV-5236,Latvia,LV,LV0,LV00,LV009,Zemgale,22.9169711538124,0.249391025641667,0.378611111111667,2668.84224359318,-5.60200854701665,-7.51708333333332
LVLV-5237,Latvia,LV,LV0,LV00,LV009,Zemgale,22.9169711538124,0.249391025641667,0.378611111111667,2668.84224359318,-5.60200854701665,-7.51708333333332
LVLV-5238,Latvia,LV,LV0,LV00,LV009,Zemgale,22.9169711538124,0.249391025641667,0.378611111111667,2668.84224359318,-5.60200854701665,-7.51708333333332
LVLV-5239,Latvia,LV,LV0,LV00,LV009,Zemgale,22.9169711538124,0.249391025641667,0.378611111111667,2668.84224359318,-5.60200854701665,-7.51708333333332
LV3201,Latvia,LV,LV0,LV00,LV003,Kurzeme,10.385373711344,0.143341924398667,0.23426975945,2566.5602319613,-5.19709621993333,-6.95390034364998
LV3251,Latvia,LV,LV0,LV00,LV003,Kurzeme,10.385373711344,0.143341924398667,0.23426975945,2566.5602319613,-5.19709621993333,-6.95390034364998
LV3253,Latvia,LV,LV0,LV00,LV003,Kurzeme,10.385373711344,0.143341924398667,0.23426975945,2566.5602319613,-5.19709621993333,-6.95390034364998
LV3257,Latvia,LV,LV0,LV00,LV003,Kurzeme,10.385373711344,0.143341924398667,0.23426975945,2566.5602319613,-5.19709621993333,-6.95390034364998
LV3258,Latvia,LV,LV0,LV00,LV003,Kurzeme,10.385373711344,0.143341924398667,0.23426975945,2566.5602319613,-5.19709621993333,-6.95390034364998
LV3260,Latvia,LV,LV0,LV00,LV003,Kurzeme,10.385373711344,0.143341924398667,0.23426975945,2566.5602319613,-5.19709621993333,-6.95390034364998
LV3261,Latvia,LV,LV0,LV00,LV003,Kurzeme,10.385373711344,0.143341924398667,0.23426975945,2566.5602319613,-5.19709621993333,-6.95390034364998
LV3262,Latvia,LV,LV0,LV00,LV003,Kurzeme,10.385373711344,0.143341924398667,0.23426975945,2566.5602319613,-5.19709621993333,-6.95390034364998
LV3264,Latvia,LV,LV0,LV00,LV003,Kurzeme,10.385373711344,0.143341924398667,0.23426975945,2566.5602319613,-5.19709621993333,-6.95390034364998
LV3270,Latvia,LV,LV0,LV00,LV003,Kurzeme,10.385373711344,0.143341924398667,0.23426975945,2566.5602319613,-5.19709621993333,-6.95390034364998
LV3275,Latvia,LV,LV0,LV00,LV003,Kurzeme,10.385373711344,0.143341924398667,0.23426975945,2566.5602319613,-5.19709621993333,-6.95390034364998
LV3280,Latvia,LV,LV0,LV00,LV003,Kurzeme,10.385373711344,0.143341924398667,0.23426975945,2566.5602319613,-5.19709621993333,-6.95390034364998
LV3281,Latvia,LV,LV0,LV00,LV003,Kurzeme,10.385373711344,0.143341924398667,0.23426975945,2566.5602319613,-5.19709621993333,-6.95390034364998
LV3283,Latvia,LV,LV0,LV00,LV003,Kurzeme,10.385373711344,0.143341924398667,0.23426975945,2566.5602319613,-5.19709621993333,-6.95390034364998
LV3284,Latvia,LV,LV0,LV00,LV003,Kurzeme,10.385373711344,0.143341924398667,0.23426975945,2566.5602319613,-5.19709621993333,-6.95390034364998
LV3285,Latvia,LV,LV0,LV00,LV003,Kurzeme,10.385373711344,0.143341924398667,0.23426975945,2566.5602319613,-5.19709621993333,-6.95390034364998
LV3287,Latvia,LV,LV0,LV00,LV003,Kurzeme,10.385373711344,0.143341924398667,0.23426975945,2566.5602319613,-5.19709621993333,-6.95390034364998
LV3291,Latvia,LV,LV0,LV00,LV003,Kurzeme,10.385373711344,0.143341924398667,0.23426975945,2566.5602319613,-5.19709621993333,-6.95390034364998
LV3292,Latvia,LV,LV0,LV00,LV003,Kurzeme,10.385373711344,0.143341924398667,0.23426975945,2566.5602319613,-5.19709621993333,-6.95390034364998
LV3294,Latvia,LV,LV0,LV00,LV003,Kurzeme,10.385373711344,0.143341924398667,0.23426975945,2566.5602319613,-5.19709621993333,-6.95390034364998
LV3297,Latvia,LV,LV0,LV00,LV003,Kurzeme,10.385373711344,0.143341924398667,0.23426975945,2566.5602319613,-5.19709621993333,-6.95390034364998
LV3298,Latvia,LV,LV0,LV00,LV003,Kurzeme,10.385373711344,0.143341924398667,0.23426975945,2566.5602319613,-5.19709621993333,-6.95390034364998
LV3301,Latvia,LV,LV0,LV00,LV003,Kurzeme,10.385373711344,0.143341924398667,0.23426975945,2566.5602319613,-5.19709621993333,-6.95390034364998
LV3306,Latvia,LV,LV0,LV00,LV003,Kurzeme,10.385373711344,0.143341924398667,0.23426975945,2566.5602319613,-5.19709621993333,-6.95390034364998
LV3307,Latvia,LV,LV0,LV00,LV003,Kurzeme,10.385373711344,0.143341924398667,0.23426975945,2566.5602319613,-5.19709621993333,-6.95390034364998
LV3309,Latvia,LV,LV0,LV00,LV003,Kurzeme,10.385373711344,0.143341924398667,0.23426975945,2566.5602319613,-5.19709621993333,-6.95390034364998
LV3310,Latvia,LV,LV0,LV00,LV003,Kurzeme,10.385373711344,0.143341924398667,0.23426975945,2566.5602319613,-5.19709621993333,-6.95390034364998
LV3312,Latvia,LV,LV0,LV00,LV003,Kurzeme,10.385373711344,0.143341924398667,0.23426975945,2566.5602319613,-5.19709621993333,-6.95390034364998
LV3313,Latvia,LV,LV0,LV00,LV003,Kurzeme,10.385373711344,0.143341924398667,0.23426975945,2566.5602319613,-5.19709621993333,-6.95390034364998
LV3314,Latvia,LV,LV0,LV00,LV003,Kurzeme,10.385373711344,0.143341924398667,0.23426975945,2566.5602319613,-5.19709621993333,-6.95390034364998
LV3317,Latvia,LV,LV0,LV00,LV003,Kurzeme,10.385373711344,0.143341924398667,0.23426975945,2566.5602319613,-5.19709621993333,-6.95390034364998
LV3319,Latvia,LV,LV0,LV00,LV003,Kurzeme,10.385373711344,0.143341924398667,0.23426975945,2566.5602319613,-5.19709621993333,-6.95390034364998
LV3320,Latvia,LV,LV0,LV00,LV003,Kurzeme,10.385373711344,0.143341924398667,0.23426975945,2566.5602319613,-5.19709621993333,-6.95390034364998
LV3321,Latvia,LV,LV0,LV00,LV003,Kurzeme,10.385373711344,0.143341924398667,0.23426975945,2566.5602319613,-5.19709621993333,-6.95390034364998
LV3322,Latvia,LV,LV0,LV00,LV003,Kurzeme,10.385373711344,0.143341924398667,0.23426975945,2566.5602319613,-5.19709621993333,-6.95390034364998
LV3323,Latvia,LV,LV0,LV00,LV003,Kurzeme,10.385373711344,0.143341924398667,0.23426975945,2566.5602319613,-5.19709621993333,-6.95390034364998
LV3324,Latvia,LV,LV0,LV00,LV003,Kurzeme,10.385373711344,0.143341924398667,0.23426975945,2566.5602319613,-5.19709621993333,-6.95390034364998
LV3325,Latvia,LV,LV0,LV00,LV003,Kurzeme,10.385373711344,0.143341924398667,0.23426975945,2566.5602319613,-5.19709621993333,-6.95390034364998
LV3326,Latvia,LV,LV0,LV00,LV003,Kurzeme,10.385373711344,0.143341924398667,0.23426975945,2566.5602319613,-5.19709621993333,-6.95390034364998
LV3328,Latvia,LV,LV0,LV00,LV003,Kurzeme,10.385373711344,0.143341924398667,0.23426975945,2566.5602319613,-5.19709621993333,-6.95390034364998
LV3329,Latvia,LV,LV0,LV00,LV003,Kurzeme,10.385373711344,0.143341924398667,0.23426975945,2566.5602319613,-5.19709621993333,-6.95390034364998
LV3330,Latvia,LV,LV0,LV00,LV003,Kurzeme,10.385373711344,0.143341924398667,0.23426975945,2566.5602319613,-5.19709621993333,-6.95390034364998
LV3332,Latvia,LV,LV0,LV00,LV003,Kurzeme,10.385373711344,0.143341924398667,0.23426975945,2566.5602319613,-5.19709621993333,-6.95390034364998
LV3333,Latvia,LV,LV0,LV00,LV003,Kurzeme,10.385373711344,0.143341924398667,0.23426975945,2566.5602319613,-5.19709621993333,-6.95390034364998
LV3430,Latvia,LV,LV0,LV00,LV003,Kurzeme,10.385373711344,0.143341924398667,0.23426975945,2566.5602319613,-5.19709621993333,-6.95390034364998
LV3431,Latvia,LV,LV0,LV00,LV003,Kurzeme,10.385373711344,0.143341924398667,0.23426975945,2566.5602319613,-5.19709621993333,-6.95390034364998
LV3433,Latvia,LV,LV0,LV00,LV003,Kurzeme,10.385373711344,0.143341924398667,0.23426975945,2566.5602319613,-5.19709621993333,-6.95390034364998
LV3434,Latvia,LV,LV0,LV00,LV003,Kurzeme,10.385373711344,0.143341924398667,0.23426975945,2566.5602319613,-5.19709621993333,-6.95390034364998
LV3435,Latvia,LV,LV0,LV00,LV003,Kurzeme,10.385373711344,0.143341924398667,0.23426975945,2566.5602319613,-5.19709621993333,-6.95390034364998
LV3436,Latvia,LV,LV0,LV00,LV003,Kurzeme,10.385373711344,0.143341924398667,0.23426975945,2566.5602319613,-5.19709621993333,-6.95390034364998
LV3438,Latvia,LV,LV0,LV00,LV003,Kurzeme,10.385373711344,0.143341924398667,0.23426975945,2566.5602319613,-5.19709621993333,-6.95390034364998
LV3441,Latvia,LV,LV0,LV00,LV003,Kurzeme,10.385373711344,0.143341924398667,0.23426975945,2566.5602319613,-5.19709621993333,-6.95390034364998
LV3443,Latvia,LV,LV0,LV00,LV003,Kurzeme,10.385373711344,0.143341924398667,0.23426975945,2566.5602319613,-5.19709621993333,-6.95390034364998
LV3444,Latvia,LV,LV0,LV00,LV003,Kurzeme,10.385373711344,0.143341924398667,0.23426975945,2566.5602319613,-5.19709621993333,-6.95390034364998
LV3446,Latvia,LV,LV0,LV00,LV003,Kurzeme,10.385373711344,0.143341924398667,0.23426975945,2566.5602319613,-5.19709621993333,-6.95390034364998
LV3447,Latvia,LV,LV0,LV00,LV003,Kurzeme,10.385373711344,0.143341924398667,0.23426975945,2566.5602319613,-5.19709621993333,-6.95390034364998
LV3452,Latvia,LV,LV0,LV00,LV003,Kurzeme,10.385373711344,0.143341924398667,0.23426975945,2566.5602319613,-5.19709621993333,-6.95390034364998
LV3453,Latvia,LV,LV0,LV00,LV003,Kurzeme,10.385373711344,0.143341924398667,0.23426975945,2566.5602319613,-5.19709621993333,-6.95390034364998
LV3455,Latvia,LV,LV0,LV00,LV003,Kurzeme,10.385373711344,0.143341924398667,0.23426975945,2566.5602319613,-5.19709621993333,-6.95390034364998
LV3456,Latvia,LV,LV0,LV00,LV003,Kurzeme,10.385373711344,0.143341924398667,0.23426975945,2566.5602319613,-5.19709621993333,-6.95390034364998
LV3457,Latvia,LV,LV0,LV00,LV003,Kurzeme,10.385373711344,0.143341924398667,0.23426975945,2566.5602319613,-5.19709621993333,-6.95390034364998
LV3461,Latvia,LV,LV0,LV00,LV003,Kurzeme,10.385373711344,0.143341924398667,0.23426975945,2566.5602319613,-5.19709621993333,-6.95390034364998
LV3463,Latvia,LV,LV0,LV00,LV003,Kurzeme,10.385373711344,0.143341924398667,0.23426975945,2566.5602319613,-5.19709621993333,-6.95390034364998
LV3466,Latvia,LV,LV0,LV00,LV003,Kurzeme,10.385373711344,0.143341924398667,0.23426975945,2566.5602319613,-5.19709621993333,-6.95390034364998
LV3473,Latvia,LV,LV0,LV00,LV003,Kurzeme,10.385373711344,0.143341924398667,0.23426975945,2566.5602319613,-5.19709621993333,-6.95390034364998
LV3474,Latvia,LV,LV0,LV00,LV003,Kurzeme,10.385373711344,0.143341924398667,0.23426975945,2566.5602319613,-5.19709621993333,-6.95390034364998
LV3475,Latvia,LV,LV0,LV00,LV003,Kurzeme,10.385373711344,0.143341924398667,0.23426975945,2566.5602319613,-5.19709621993333,-6.95390034364998
LV3476,Latvia,LV,LV0,LV00,LV003,Kurzeme,10.385373711344,0.143341924398667,0.23426975945,2566.5602319613,-5.19709621993333,-6.95390034364998
LV3477,Latvia,LV,LV0,LV00,LV003,Kurzeme,10.385373711344,0.143341924398667,0.23426975945,2566.5602319613,-5.19709621993333,-6.95390034364998
LV3480,Latvia,LV,LV0,LV00,LV003,Kurzeme,10.385373711344,0.143341924398667,0.23426975945,2566.5602319613,-5.19709621993333,-6.95390034364998
LV3482,Latvia,LV,LV0,LV00,LV003,Kurzeme,10.385373711344,0.143341924398667,0.23426975945,2566.5602319613,-5.19709621993333,-6.95390034364998
LV3484,Latvia,LV,LV0,LV00,LV003,Kurzeme,10.385373711344,0.143341924398667,0.23426975945,2566.5602319613,-5.19709621993333,-6.95390034364998
LV3485,Latvia,LV,LV0,LV00,LV003,Kurzeme,10.385373711344,0.143341924398667,0.23426975945,2566.5602319613,-5.19709621993333,-6.95390034364998
LV3486,Latvia,LV,LV0,LV00,LV003,Kurzeme,10.385373711344,0.143341924398667,0.23426975945,2566.5602319613,-5.19709621993333,-6.95390034364998
LV3487,Latvia,LV,LV0,LV00,LV003,Kurzeme,10.385373711344,0.143341924398667,0.23426975945,2566.5602319613,-5.19709621993333,-6.95390034364998
LV3601,Latvia,LV,LV0,LV00,LV003,Kurzeme,10.385373711344,0.143341924398667,0.23426975945,2566.5602319613,-5.19709621993333,-6.95390034364998
LV3612,Latvia,LV,LV0,LV00,LV003,Kurzeme,10.385373711344,0.143341924398667,0.23426975945,2566.5602319613,-5.19709621993333,-6.95390034364998
LV3613,Latvia,LV,LV0,LV00,LV003,Kurzeme,10.385373711344,0.143341924398667,0.23426975945,2566.5602319613,-5.19709621993333,-6.95390034364998
LV3614,Latvia,LV,LV0,LV00,LV003,Kurzeme,10.385373711344,0.143341924398667,0.23426975945,2566.5602319613,-5.19709621993333,-6.95390034364998
LV3615,Latvia,LV,LV0,LV00,LV003,Kurzeme,10.385373711344,0.143341924398667,0.23426975945,2566.5602319613,-5.19709621993333,-6.95390034364998
LV3617,Latvia,LV,LV0,LV00,LV003,Kurzeme,10.385373711344,0.143341924398667,0.23426975945,2566.5602319613,-5.19709621993333,-6.95390034364998
LV3619,Latvia,LV,LV0,LV00,LV003,Kurzeme,10.385373711344,0.143341924398667,0.23426975945,2566.5602319613,-5.19709621993333,-6.95390034364998
LV3620,Latvia,LV,LV0,LV00,LV003,Kurzeme,10.385373711344,0.143341924398667,0.23426975945,2566.5602319613,-5.19709621993333,-6.95390034364998
LV3621,Latvia,LV,LV0,LV00,LV003,Kurzeme,10.385373711344,0.143341924398667,0.23426975945,2566.5602319613,-5.19709621993333,-6.95390034364998
LV3623,Latvia,LV,LV0,LV00,LV003,Kurzeme,10.385373711344,0.143341924398667,0.23426975945,2566.5602319613,-5.19709621993333,-6.95390034364998
LV3624,Latvia,LV,LV0,LV00,LV003,Kurzeme,10.385373711344,0.143341924398667,0.23426975945,2566.5602319613,-5.19709621993333,-6.95390034364998
LV3626,Latvia,LV,LV0,LV00,LV003,Kurzeme,10.385373711344,0.143341924398667,0.23426975945,2566.5602319613,-5.19709621993333,-6.95390034364998
LV3627,Latvia,LV,LV0,LV00,LV003,Kurzeme,10.385373711344,0.143341924398667,0.23426975945,2566.5602319613,-5.19709621993333,-6.95390034364998
LV3801,Latvia,LV,LV0,LV00,LV003,Kurzeme,10.385373711344,0.143341924398667,0.23426975945,2566.5602319613,-5.19709621993333,-6.95390034364998
LV3851,Latvia,LV,LV0,LV00,LV003,Kurzeme,10.385373711344,0.143341924398667,0.23426975945,2566.5602319613,-5.19709621993333,-6.95390034364998
LV3852,Latvia,LV,LV0,LV00,LV003,Kurzeme,10.385373711344,0.143341924398667,0.23426975945,2566.5602319613,-5.19709621993333,-6.95390034364998
LV3853,Latvia,LV,LV0,LV00,LV003,Kurzeme,10.385373711344,0.143341924398667,0.23426975945,2566.5602319613,-5.19709621993333,-6.95390034364998
LV3861,Latvia,LV,LV0,LV00,LV003,Kurzeme,10.385373711344,0.143341924398667,0.23426975945,2566.5602319613,-5.19709621993333,-6.95390034364998
LV3862,Latvia,LV,LV0,LV00,LV003,Kurzeme,10.385373711344,0.143341924398667,0.23426975945,2566.5602319613,-5.19709621993333,-6.95390034364998
LV3871,Latvia,LV,LV0,LV00,LV003,Kurzeme,10.385373711344,0.143341924398667,0.23426975945,2566.5602319613,-5.19709621993333,-6.95390034364998
LV3873,Latvia,LV,LV0,LV00,LV003,Kurzeme,10.385373711344,0.143341924398667,0.23426975945,2566.5602319613,-5.19709621993333,-6.95390034364998
LV3875,Latvia,LV,LV0,LV00,LV003,Kurzeme,10.385373711344,0.143341924398667,0.23426975945,2566.5602319613,-5.19709621993333,-6.95390034364998
LV3876,Latvia,LV,LV0,LV00,LV003,Kurzeme,10.385373711344,0.143341924398667,0.23426975945,2566.5602319613,-5.19709621993333,-6.95390034364998
LV3880,Latvia,LV,LV0,LV00,LV003,Kurzeme,10.385373711344,0.143341924398667,0.23426975945,2566.5602319613,-5.19709621993333,-6.95390034364998
LV3882,Latvia,LV,LV0,LV00,LV003,Kurzeme,10.385373711344,0.143341924398667,0.23426975945,2566.5602319613,-5.19709621993333,-6.95390034364998
LV3883,Latvia,LV,LV0,LV00,LV003,Kurzeme,10.385373711344,0.143341924398667,0.23426975945,2566.5602319613,-5.19709621993333,-6.95390034364998
LV3890,Latvia,LV,LV0,LV00,LV003,Kurzeme,10.385373711344,0.143341924398667,0.23426975945,2566.5602319613,-5.19709621993333,-6.95390034364998
LV3891,Latvia,LV,LV0,LV00,LV003,Kurzeme,10.385373711344,0.143341924398667,0.23426975945,2566.5602319613,-5.19709621993333,-6.95390034364998
LV3893,Latvia,LV,LV0,LV00,LV003,Kurzeme,10.385373711344,0.143341924398667,0.23426975945,2566.5602319613,-5.19709621993333,-6.95390034364998
LV3894,Latvia,LV,LV0,LV00,LV003,Kurzeme,10.385373711344,0.143341924398667,0.23426975945,2566.5602319613,-5.19709621993333,-6.95390034364998
LV3895,Latvia,LV,LV0,LV00,LV003,Kurzeme,10.385373711344,0.143341924398667,0.23426975945,2566.5602319613,-5.19709621993333,-6.95390034364998
LV3897,Latvia,LV,LV0,LV00,LV003,Kurzeme,10.385373711344,0.143341924398667,0.23426975945,2566.5602319613,-5.19709621993333,-6.95390034364998
LV3898,Latvia,LV,LV0,LV00,LV003,Kurzeme,10.385373711344,0.143341924398667,0.23426975945,2566.5602319613,-5.19709621993333,-6.95390034364998
LV3899,Latvia,LV,LV0,LV00,LV003,Kurzeme,10.385373711344,0.143341924398667,0.23426975945,2566.5602319613,-5.19709621993333,-6.95390034364998
LV1023,Latvia,LV,LV0,LV00,LV007,Pierīga,17.4605067567824,0.210067567568333,0.33420045045,2635.25782094888,-5.45483108108333,-7.33280405405
LV1024,Latvia,LV,LV0,LV00,LV007,Pierīga,17.4605067567824,0.210067567568333,0.33420045045,2635.25782094888,-5.45483108108333,-7.33280405405
LV1053,Latvia,LV,LV0,LV00,LV007,Pierīga,17.4605067567824,0.210067567568333,0.33420045045,2635.25782094888,-5.45483108108333,-7.33280405405
LV1057,Latvia,LV,LV0,LV00,LV007,Pierīga,17.4605067567824,0.210067567568333,0.33420045045,2635.25782094888,-5.45483108108333,-7.33280405405
LV1058,Latvia,LV,LV0,LV00,LV007,Pierīga,17.4605067567824,0.210067567568333,0.33420045045,2635.25782094888,-5.45483108108333,-7.33280405405
LV1076,Latvia,LV,LV0,LV00,LV007,Pierīga,17.4605067567824,0.210067567568333,0.33420045045,2635.25782094888,-5.45483108108333,-7.33280405405
LV2011,Latvia,LV,LV0,LV00,LV007,Pierīga,17.4605067567824,0.210067567568333,0.33420045045,2635.25782094888,-5.45483108108333,-7.33280405405
LV2101,Latvia,LV,LV0,LV00,LV007,Pierīga,17.4605067567824,0.210067567568333,0.33420045045,2635.25782094888,-5.45483108108333,-7.33280405405
LV2103,Latvia,LV,LV0,LV00,LV007,Pierīga,17.4605067567824,0.210067567568333,0.33420045045,2635.25782094888,-5.45483108108333,-7.33280405405
LV2105,Latvia,LV,LV0,LV00,LV007,Pierīga,17.4605067567824,0.210067567568333,0.33420045045,2635.25782094888,-5.45483108108333,-7.33280405405
LV2107,Latvia,LV,LV0,LV00,LV007,Pierīga,17.4605067567824,0.210067567568333,0.33420045045,2635.25782094888,-5.45483108108333,-7.33280405405
LV2108,Latvia,LV,LV0,LV00,LV007,Pierīga,17.4605067567824,0.210067567568333,0.33420045045,2635.25782094888,-5.45483108108333,-7.33280405405
LV2111,Latvia,LV,LV0,LV00,LV007,Pierīga,17.4605067567824,0.210067567568333,0.33420045045,2635.25782094888,-5.45483108108333,-7.33280405405
LV2113,Latvia,LV,LV0,LV00,LV007,Pierīga,17.4605067567824,0.210067567568333,0.33420045045,2635.25782094888,-5.45483108108333,-7.33280405405
LV2117,Latvia,LV,LV0,LV00,LV007,Pierīga,17.4605067567824,0.210067567568333,0.33420045045,2635.25782094888,-5.45483108108333,-7.33280405405
LV2118,Latvia,LV,LV0,LV00,LV007,Pierīga,17.4605067567824,0.210067567568333,0.33420045045,2635.25782094888,-5.45483108108333,-7.33280405405
LV2119,Latvia,LV,LV0,LV00,LV007,Pierīga,17.4605067567824,0.210067567568333,0.33420045045,2635.25782094888,-5.45483108108333,-7.33280405405
LV2121,Latvia,LV,LV0,LV00,LV007,Pierīga,17.4605067567824,0.210067567568333,0.33420045045,2635.25782094888,-5.45483108108333,-7.33280405405
LV2123,Latvia,LV,LV0,LV00,LV007,Pierīga,17.4605067567824,0.210067567568333,0.33420045045,2635.25782094888,-5.45483108108333,-7.33280405405
LV2124,Latvia,LV,LV0,LV00,LV007,Pierīga,17.4605067567824,0.210067567568333,0.33420045045,2635.25782094888,-5.45483108108333,-7.33280405405
LV2125,Latvia,LV,LV0,LV00,LV007,Pierīga,17.4605067567824,0.210067567568333,0.33420045045,2635.25782094888,-5.45483108108333,-7.33280405405
LV2127,Latvia,LV,LV0,LV00,LV007,Pierīga,17.4605067567824,0.210067567568333,0.33420045045,2635.25782094888,-5.45483108108333,-7.33280405405
LV2130,Latvia,LV,LV0,LV00,LV007,Pierīga,17.4605067567824,0.210067567568333,0.33420045045,2635.25782094888,-5.45483108108333,-7.33280405405
LV2133,Latvia,LV,LV0,LV00,LV007,Pierīga,17.4605067567824,0.210067567568333,0.33420045045,2635.25782094888,-5.45483108108333,-7.33280405405
LV2135,Latvia,LV,LV0,LV00,LV007,Pierīga,17.4605067567824,0.210067567568333,0.33420045045,2635.25782094888,-5.45483108108333,-7.33280405405
LV2136,Latvia,LV,LV0,LV00,LV007,Pierīga,17.4605067567824,0.210067567568333,0.33420045045,2635.25782094888,-5.45483108108333,-7.33280405405
LV2137,Latvia,LV,LV0,LV00,LV007,Pierīga,17.4605067567824,0.210067567568333,0.33420045045,2635.25782094888,-5.45483108108333,-7.33280405405
LV2140,Latvia,LV,LV0,LV00,LV007,Pierīga,17.4605067567824,0.210067567568333,0.33420045045,2635.25782094888,-5.45483108108333,-7.33280405405
LV2141,Latvia,LV,LV0,LV00,LV007,Pierīga,17.4605067567824,0.210067567568333,0.33420045045,2635.25782094888,-5.45483108108333,-7.33280405405
LV2142,Latvia,LV,LV0,LV00,LV007,Pierīga,17.4605067567824,0.210067567568333,0.33420045045,2635.25782094888,-5.45483108108333,-7.33280405405
LV2144,Latvia,LV,LV0,LV00,LV007,Pierīga,17.4605067567824,0.210067567568333,0.33420045045,2635.25782094888,-5.45483108108333,-7.33280405405
LV2145,Latvia,LV,LV0,LV00,LV007,Pierīga,17.4605067567824,0.210067567568333,0.33420045045,2635.25782094888,-5.45483108108333,-7.33280405405
LV2150,Latvia,LV,LV0,LV00,LV007,Pierīga,17.4605067567824,0.210067567568333,0.33420045045,2635.25782094888,-5.45483108108333,-7.33280405405
LV2151,Latvia,LV,LV0,LV00,LV007,Pierīga,17.4605067567824,0.210067567568333,0.33420045045,2635.25782094888,-5.45483108108333,-7.33280405405
LV2152,Latvia,LV,LV0,LV00,LV007,Pierīga,17.4605067567824,0.210067567568333,0.33420045045,2635.25782094888,-5.45483108108333,-7.33280405405
LV2154,Latvia,LV,LV0,LV00,LV007,Pierīga,17.4605067567824,0.210067567568333,0.33420045045,2635.25782094888,-5.45483108108333,-7.33280405405
LV2160,Latvia,LV,LV0,LV00,LV007,Pierīga,17.4605067567824,0.210067567568333,0.33420045045,2635.25782094888,-5.45483108108333,-7.33280405405
LV2161,Latvia,LV,LV0,LV00,LV007,Pierīga,17.4605067567824,0.210067567568333,0.33420045045,2635.25782094888,-5.45483108108333,-7.33280405405
LV2162,Latvia,LV,LV0,LV00,LV007,Pierīga,17.4605067567824,0.210067567568333,0.33420045045,2635.25782094888,-5.45483108108333,-7.33280405405
LV2163,Latvia,LV,LV0,LV00,LV007,Pierīga,17.4605067567824,0.210067567568333,0.33420045045,2635.25782094888,-5.45483108108333,-7.33280405405
LV2164,Latvia,LV,LV0,LV00,LV007,Pierīga,17.4605067567824,0.210067567568333,0.33420045045,2635.25782094888,-5.45483108108333,-7.33280405405
LV2166,Latvia,LV,LV0,LV00,LV007,Pierīga,17.4605067567824,0.210067567568333,0.33420045045,2635.25782094888,-5.45483108108333,-7.33280405405
LV2169,Latvia,LV,LV0,LV00,LV007,Pierīga,17.4605067567824,0.210067567568333,0.33420045045,2635.25782094888,-5.45483108108333,-7.33280405405
LV2170,Latvia,LV,LV0,LV00,LV007,Pierīga,17.4605067567824,0.210067567568333,0.33420045045,2635.25782094888,-5.45483108108333,-7.33280405405
LV3101,Latvia,LV,LV0,LV00,LV007,Pierīga,17.4605067567824,0.210067567568333,0.33420045045,2635.25782094888,-5.45483108108333,-7.33280405405
LV3110,Latvia,LV,LV0,LV00,LV007,Pierīga,17.4605067567824,0.210067567568333,0.33420045045,2635.25782094888,-5.45483108108333,-7.33280405405
LV3113,Latvia,LV,LV0,LV00,LV007,Pierīga,17.4605067567824,0.210067567568333,0.33420045045,2635.25782094888,-5.45483108108333,-7.33280405405
LV3118,Latvia,LV,LV0,LV00,LV007,Pierīga,17.4605067567824,0.210067567568333,0.33420045045,2635.25782094888,-5.45483108108333,-7.33280405405
LV3119,Latvia,LV,LV0,LV00,LV007,Pierīga,17.4605067567824,0.210067567568333,0.33420045045,2635.25782094888,-5.45483108108333,-7.33280405405
LV3120,Latvia,LV,LV0,LV00,LV007,Pierīga,17.4605067567824,0.210067567568333,0.33420045045,2635.25782094888,-5.45483108108333,-7.33280405405
LV3122,Latvia,LV,LV0,LV00,LV007,Pierīga,17.4605067567824,0.210067567568333,0.33420045045,2635.25782094888,-5.45483108108333,-7.33280405405
LV3123,Latvia,LV,LV0,LV00,LV007,Pierīga,17.4605067567824,0.210067567568333,0.33420045045,2635.25782094888,-5.45483108108333,-7.33280405405
LV3124,Latvia,LV,LV0,LV00,LV007,Pierīga,17.4605067567824,0.210067567568333,0.33420045045,2635.25782094888,-5.45483108108333,-7.33280405405
LV3128,Latvia,LV,LV0,LV00,LV007,Pierīga,17.4605067567824,0.210067567568333,0.33420045045,2635.25782094888,-5.45483108108333,-7.33280405405
LV3129,Latvia,LV,LV0,LV00,LV007,Pierīga,17.4605067567824,0.210067567568333,0.33420045045,2635.25782094888,-5.45483108108333,-7.33280405405
LV3131,Latvia,LV,LV0,LV00,LV007,Pierīga,17.4605067567824,0.210067567568333,0.33420045045,2635.25782094888,-5.45483108108333,-7.33280405405
LV3132,Latvia,LV,LV0,LV00,LV007,Pierīga,17.4605067567824,0.210067567568333,0.33420045045,2635.25782094888,-5.45483108108333,-7.33280405405
LV3133,Latvia,LV,LV0,LV00,LV007,Pierīga,17.4605067567824,0.210067567568333,0.33420045045,2635.25782094888,-5.45483108108333,-7.33280405405
LV3134,Latvia,LV,LV0,LV00,LV007,Pierīga,17.4605067567824,0.210067567568333,0.33420045045,2635.25782094888,-5.45483108108333,-7.33280405405
LV3135,Latvia,LV,LV0,LV00,LV007,Pierīga,17.4605067567824,0.210067567568333,0.33420045045,2635.25782094888,-5.45483108108333,-7.33280405405
LV3137,Latvia,LV,LV0,LV00,LV007,Pierīga,17.4605067567824,0.210067567568333,0.33420045045,2635.25782094888,-5.45483108108333,-7.33280405405
LV3139,Latvia,LV,LV0,LV00,LV007,Pierīga,17.4605067567824,0.210067567568333,0.33420045045,2635.25782094888,-5.45483108108333,-7.33280405405
LV3140,Latvia,LV,LV0,LV00,LV007,Pierīga,17.4605067567824,0.210067567568333,0.33420045045,2635.25782094888,-5.45483108108333,-7.33280405405
LV3142,Latvia,LV,LV0,LV00,LV007,Pierīga,17.4605067567824,0.210067567568333,0.33420045045,2635.25782094888,-5.45483108108333,-7.33280405405
LV3145,Latvia,LV,LV0,LV00,LV007,Pierīga,17.4605067567824,0.210067567568333,0.33420045045,2635.25782094888,-5.45483108108333,-7.33280405405
LV3146,Latvia,LV,LV0,LV00,LV007,Pierīga,17.4605067567824,0.210067567568333,0.33420045045,2635.25782094888,-5.45483108108333,-7.33280405405
LV3147,Latvia,LV,LV0,LV00,LV007,Pierīga,17.4605067567824,0.210067567568333,0.33420045045,2635.25782094888,-5.45483108108333,-7.33280405405
LV3148,Latvia,LV,LV0,LV00,LV007,Pierīga,17.4605067567824,0.210067567568333,0.33420045045,2635.25782094888,-5.45483108108333,-7.33280405405
LV4001,Latvia,LV,LV0,LV00,LV007,Pierīga,17.4605067567824,0.210067567568333,0.33420045045,2635.25782094888,-5.45483108108333,-7.33280405405
LV4004,Latvia,LV,LV0,LV00,LV007,Pierīga,17.4605067567824,0.210067567568333,0.33420045045,2635.25782094888,-5.45483108108333,-7.33280405405
LV4011,Latvia,LV,LV0,LV00,LV007,Pierīga,17.4605067567824,0.210067567568333,0.33420045045,2635.25782094888,-5.45483108108333,-7.33280405405
LV4012,Latvia,LV,LV0,LV00,LV007,Pierīga,17.4605067567824,0.210067567568333,0.33420045045,2635.25782094888,-5.45483108108333,-7.33280405405
LV4013,Latvia,LV,LV0,LV00,LV007,Pierīga,17.4605067567824,0.210067567568333,0.33420045045,2635.25782094888,-5.45483108108333,-7.33280405405
LV4020,Latvia,LV,LV0,LV00,LV007,Pierīga,17.4605067567824,0.210067567568333,0.33420045045,2635.25782094888,-5.45483108108333,-7.33280405405
LV4025,Latvia,LV,LV0,LV00,LV007,Pierīga,17.4605067567824,0.210067567568333,0.33420045045,2635.25782094888,-5.45483108108333,-7.33280405405
LV4050,Latvia,LV,LV0,LV00,LV007,Pierīga,17.4605067567824,0.210067567568333,0.33420045045,2635.25782094888,-5.45483108108333,-7.33280405405
LV4052,Latvia,LV,LV0,LV00,LV007,Pierīga,17.4605067567824,0.210067567568333,0.33420045045,2635.25782094888,-5.45483108108333,-7.33280405405
LV4061,Latvia,LV,LV0,LV00,LV007,Pierīga,17.4605067567824,0.210067567568333,0.33420045045,2635.25782094888,-5.45483108108333,-7.33280405405
LV4063,Latvia,LV,LV0,LV00,LV007,Pierīga,17.4605067567824,0.210067567568333,0.33420045045,2635.25782094888,-5.45483108108333,-7.33280405405
LV4064,Latvia,LV,LV0,LV00,LV007,Pierīga,17.4605067567824,0.210067567568333,0.33420045045,2635.25782094888,-5.45483108108333,-7.33280405405
LV4068,Latvia,LV,LV0,LV00,LV007,Pierīga,17.4605067567824,0.210067567568333,0.33420045045,2635.25782094888,-5.45483108108333,-7.33280405405
LV5001,Latvia,LV,LV0,LV00,LV007,Pierīga,17.4605067567824,0.210067567568333,0.33420045045,2635.25782094888,-5.45483108108333,-7.33280405405
LV5011,Latvia,LV,LV0,LV00,LV007,Pierīga,17.4605067567824,0.210067567568333,0.33420045045,2635.25782094888,-5.45483108108333,-7.33280405405
LV5012,Latvia,LV,LV0,LV00,LV007,Pierīga,17.4605067567824,0.210067567568333,0.33420045045,2635.25782094888,-5.45483108108333,-7.33280405405
LV5015,Latvia,LV,LV0,LV00,LV007,Pierīga,17.4605067567824,0.210067567568333,0.33420045045,2635.25782094888,-5.45483108108333,-7.33280405405
LV5016,Latvia,LV,LV0,LV00,LV007,Pierīga,17.4605067567824,0.210067567568333,0.33420045045,2635.25782094888,-5.45483108108333,-7.33280405405
LV5020,Latvia,LV,LV0,LV00,LV007,Pierīga,17.4605067567824,0.210067567568333,0.33420045045,2635.25782094888,-5.45483108108333,-7.33280405405
LV5022,Latvia,LV,LV0,LV00,LV007,Pierīga,17.4605067567824,0.210067567568333,0.33420045045,2635.25782094888,-5.45483108108333,-7.33280405405
LV5033,Latvia,LV,LV0,LV00,LV007,Pierīga,17.4605067567824,0.210067567568333,0.33420045045,2635.25782094888,-5.45483108108333,-7.33280405405
LV5041,Latvia,LV,LV0,LV00,LV007,Pierīga,17.4605067567824,0.210067567568333,0.33420045045,2635.25782094888,-5.45483108108333,-7.33280405405
LV5044,Latvia,LV,LV0,LV00,LV007,Pierīga,17.4605067567824,0.210067567568333,0.33420045045,2635.25782094888,-5.45483108108333,-7.33280405405
LV5045,Latvia,LV,LV0,LV00,LV007,Pierīga,17.4605067567824,0.210067567568333,0.33420045045,2635.25782094888,-5.45483108108333,-7.33280405405
LV5047,Latvia,LV,LV0,LV00,LV007,Pierīga,17.4605067567824,0.210067567568333,0.33420045045,2635.25782094888,-5.45483108108333,-7.33280405405
LV5052,Latvia,LV,LV0,LV00,LV007,Pierīga,17.4605067567824,0.210067567568333,0.33420045045,2635.25782094888,-5.45483108108333,-7.33280405405
LV5060,Latvia,LV,LV0,LV00,LV007,Pierīga,17.4605067567824,0.210067567568333,0.33420045045,2635.25782094888,-5.45483108108333,-7.33280405405
LV5062,Latvia,LV,LV0,LV00,LV007,Pierīga,17.4605067567824,0.210067567568333,0.33420045045,2635.25782094888,-5.45483108108333,-7.33280405405
LV5064,Latvia,LV,LV0,LV00,LV007,Pierīga,17.4605067567824,0.210067567568333,0.33420045045,2635.25782094888,-5.45483108108333,-7.33280405405
LV5065,Latvia,LV,LV0,LV00,LV007,Pierīga,17.4605067567824,0.210067567568333,0.33420045045,2635.25782094888,-5.45483108108333,-7.33280405405
LV5070,Latvia,LV,LV0,LV00,LV007,Pierīga,17.4605067567824,0.210067567568333,0.33420045045,2635.25782094888,-5.45483108108333,-7.33280405405
LV5071,Latvia,LV,LV0,LV00,LV007,Pierīga,17.4605067567824,0.210067567568333,0.33420045045,2635.25782094888,-5.45483108108333,-7.33280405405
LV4723,Latvia,LV,LV0,LV00,LV008,Vidzeme,15.0942522321949,0.170424107143333,0.283608630951665,2725.68751115941,-5.63811755951667,-7.55790922618333
LV1044,Latvia,LV,LV0,LV00,LV006,Rīga,22.2994999999999,0.294333333333333,0.467999999999998,2594.14399999999,-5.59466666666667,-7.51333333333333
LV2167,Latvia,LV,LV0,LV00,LV006,Rīga,22.2994999999999,0.294333333333333,0.467999999999998,2594.14399999999,-5.59466666666667,-7.51333333333333
LV4101,Latvia,LV,LV0,LV00,LV008,Vidzeme,15.0942522321949,0.170424107143333,0.283608630951665,2725.68751115941,-5.63811755951667,-7.55790922618333
LV4108,Latvia,LV,LV0,LV00,LV008,Vidzeme,15.0942522321949,0.170424107143333,0.283608630951665,2725.68751115941,-5.63811755951667,-7.55790922618333
LV4112,Latvia,LV,LV0,LV00,LV008,Vidzeme,15.0942522321949,0.170424107143333,0.283608630951665,2725.68751115941,-5.63811755951667,-7.55790922618333
LV4113,Latvia,LV,LV0,LV00,LV008,Vidzeme,15.0942522321949,0.170424107143333,0.283608630951665,2725.68751115941,-5.63811755951667,-7.55790922618333
LV4116,Latvia,LV,LV0,LV00,LV008,Vidzeme,15.0942522321949,0.170424107143333,0.283608630951665,2725.68751115941,-5.63811755951667,-7.55790922618333
LV4118,Latvia,LV,LV0,LV00,LV008,Vidzeme,15.0942522321949,0.170424107143333,0.283608630951665,2725.68751115941,-5.63811755951667,-7.55790922618333
LV4119,Latvia,LV,LV0,LV00,LV008,Vidzeme,15.0942522321949,0.170424107143333,0.283608630951665,2725.68751115941,-5.63811755951667,-7.55790922618333
LV4122,Latvia,LV,LV0,LV00,LV008,Vidzeme,15.0942522321949,0.170424107143333,0.283608630951665,2725.68751115941,-5.63811755951667,-7.55790922618333
LV4123,Latvia,LV,LV0,LV00,LV008,Vidzeme,15.0942522321949,0.170424107143333,0.283608630951665,2725.68751115941,-5.63811755951667,-7.55790922618333
LV4125,Latvia,LV,LV0,LV00,LV008,Vidzeme,15.0942522321949,0.170424107143333,0.283608630951665,2725.68751115941,-5.63811755951667,-7.55790922618333
LV4126,Latvia,LV,LV0,LV00,LV008,Vidzeme,15.0942522321949,0.170424107143333,0.283608630951665,2725.68751115941,-5.63811755951667,-7.55790922618333
LV4128,Latvia,LV,LV0,LV00,LV008,Vidzeme,15.0942522321949,0.170424107143333,0.283608630951665,2725.68751115941,-5.63811755951667,-7.55790922618333
LV4129,Latvia,LV,LV0,LV00,LV008,Vidzeme,15.0942522321949,0.170424107143333,0.283608630951665,2725.68751115941,-5.63811755951667,-7.55790922618333
LV4131,Latvia,LV,LV0,LV00,LV008,Vidzeme,15.0942522321949,0.170424107143333,0.283608630951665,2725.68751115941,-5.63811755951667,-7.55790922618333
LV4132,Latvia,LV,LV0,LV00,LV008,Vidzeme,15.0942522321949,0.170424107143333,0.283608630951665,2725.68751115941,-5.63811755951667,-7.55790922618333
LV4133,Latvia,LV,LV0,LV00,LV008,Vidzeme,15.0942522321949,0.170424107143333,0.283608630951665,2725.68751115941,-5.63811755951667,-7.55790922618333
LV4136,Latvia,LV,LV0,LV00,LV008,Vidzeme,15.0942522321949,0.170424107143333,0.283608630951665,2725.68751115941,-5.63811755951667,-7.55790922618333
LV4139,Latvia,LV,LV0,LV00,LV008,Vidzeme,15.0942522321949,0.170424107143333,0.283608630951665,2725.68751115941,-5.63811755951667,-7.55790922618333
LV4141,Latvia,LV,LV0,LV00,LV008,Vidzeme,15.0942522321949,0.170424107143333,0.283608630951665,2725.68751115941,-5.63811755951667,-7.55790922618333
LV4143,Latvia,LV,LV0,LV00,LV008,Vidzeme,15.0942522321949,0.170424107143333,0.283608630951665,2725.68751115941,-5.63811755951667,-7.55790922618333
LV4144,Latvia,LV,LV0,LV00,LV008,Vidzeme,15.0942522321949,0.170424107143333,0.283608630951665,2725.68751115941,-5.63811755951667,-7.55790922618333
LV4146,Latvia,LV,LV0,LV00,LV008,Vidzeme,15.0942522321949,0.170424107143333,0.283608630951665,2725.68751115941,-5.63811755951667,-7.55790922618333
LV4151,Latvia,LV,LV0,LV00,LV008,Vidzeme,15.0942522321949,0.170424107143333,0.283608630951665,2725.68751115941,-5.63811755951667,-7.55790922618333
LV4152,Latvia,LV,LV0,LV00,LV008,Vidzeme,15.0942522321949,0.170424107143333,0.283608630951665,2725.68751115941,-5.63811755951667,-7.55790922618333
LV4154,Latvia,LV,LV0,LV00,LV008,Vidzeme,15.0942522321949,0.170424107143333,0.283608630951665,2725.68751115941,-5.63811755951667,-7.55790922618333
LV4206,Latvia,LV,LV0,LV00,LV008,Vidzeme,15.0942522321949,0.170424107143333,0.283608630951665,2725.68751115941,-5.63811755951667,-7.55790922618333
LV4208,Latvia,LV,LV0,LV00,LV008,Vidzeme,15.0942522321949,0.170424107143333,0.283608630951665,2725.68751115941,-5.63811755951667,-7.55790922618333
LV4210,Latvia,LV,LV0,LV00,LV008,Vidzeme,15.0942522321949,0.170424107143333,0.283608630951665,2725.68751115941,-5.63811755951667,-7.55790922618333
LV4211,Latvia,LV,LV0,LV00,LV008,Vidzeme,15.0942522321949,0.170424107143333,0.283608630951665,2725.68751115941,-5.63811755951667,-7.55790922618333
LV4213,Latvia,LV,LV0,LV00,LV008,Vidzeme,15.0942522321949,0.170424107143333,0.283608630951665,2725.68751115941,-5.63811755951667,-7.55790922618333
LV4215,Latvia,LV,LV0,LV00,LV008,Vidzeme,15.0942522321949,0.170424107143333,0.283608630951665,2725.68751115941,-5.63811755951667,-7.55790922618333
LV4216,Latvia,LV,LV0,LV00,LV008,Vidzeme,15.0942522321949,0.170424107143333,0.283608630951665,2725.68751115941,-5.63811755951667,-7.55790922618333
LV4219,Latvia,LV,LV0,LV00,LV008,Vidzeme,15.0942522321949,0.170424107143333,0.283608630951665,2725.68751115941,-5.63811755951667,-7.55790922618333
LV4220,Latvia,LV,LV0,LV00,LV008,Vidzeme,15.0942522321949,0.170424107143333,0.283608630951665,2725.68751115941,-5.63811755951667,-7.55790922618333
LV4222,Latvia,LV,LV0,LV00,LV008,Vidzeme,15.0942522321949,0.170424107143333,0.283608630951665,2725.68751115941,-5.63811755951667,-7.55790922618333
LV4223,Latvia,LV,LV0,LV00,LV008,Vidzeme,15.0942522321949,0.170424107143333,0.283608630951665,2725.68751115941,-5.63811755951667,-7.55790922618333
LV4224,Latvia,LV,LV0,LV00,LV008,Vidzeme,15.0942522321949,0.170424107143333,0.283608630951665,2725.68751115941,-5.63811755951667,-7.55790922618333
LV4227,Latvia,LV,LV0,LV00,LV008,Vidzeme,15.0942522321949,0.170424107143333,0.283608630951665,2725.68751115941,-5.63811755951667,-7.55790922618333
LV4228,Latvia,LV,LV0,LV00,LV008,Vidzeme,15.0942522321949,0.170424107143333,0.283608630951665,2725.68751115941,-5.63811755951667,-7.55790922618333
LV4232,Latvia,LV,LV0,LV00,LV008,Vidzeme,15.0942522321949,0.170424107143333,0.283608630951665,2725.68751115941,-5.63811755951667,-7.55790922618333
LV4234,Latvia,LV,LV0,LV00,LV008,Vidzeme,15.0942522321949,0.170424107143333,0.283608630951665,2725.68751115941,-5.63811755951667,-7.55790922618333
LV4240,Latvia,LV,LV0,LV00,LV008,Vidzeme,15.0942522321949,0.170424107143333,0.283608630951665,2725.68751115941,-5.63811755951667,-7.55790922618333
LV4241,Latvia,LV,LV0,LV00,LV008,Vidzeme,15.0942522321949,0.170424107143333,0.283608630951665,2725.68751115941,-5.63811755951667,-7.55790922618333
LV4242,Latvia,LV,LV0,LV00,LV008,Vidzeme,15.0942522321949,0.170424107143333,0.283608630951665,2725.68751115941,-5.63811755951667,-7.55790922618333
LV4244,Latvia,LV,LV0,LV00,LV008,Vidzeme,15.0942522321949,0.170424107143333,0.283608630951665,2725.68751115941,-5.63811755951667,-7.55790922618333
LV4245,Latvia,LV,LV0,LV00,LV008,Vidzeme,15.0942522321949,0.170424107143333,0.283608630951665,2725.68751115941,-5.63811755951667,-7.55790922618333
LV4248,Latvia,LV,LV0,LV00,LV008,Vidzeme,15.0942522321949,0.170424107143333,0.283608630951665,2725.68751115941,-5.63811755951667,-7.55790922618333
LV4301,Latvia,LV,LV0,LV00,LV008,Vidzeme,15.0942522321949,0.170424107143333,0.283608630951665,2725.68751115941,-5.63811755951667,-7.55790922618333
LV4332,Latvia,LV,LV0,LV00,LV008,Vidzeme,15.0942522321949,0.170424107143333,0.283608630951665,2725.68751115941,-5.63811755951667,-7.55790922618333
LV4333,Latvia,LV,LV0,LV00,LV008,Vidzeme,15.0942522321949,0.170424107143333,0.283608630951665,2725.68751115941,-5.63811755951667,-7.55790922618333
LV4335,Latvia,LV,LV0,LV00,LV008,Vidzeme,15.0942522321949,0.170424107143333,0.283608630951665,2725.68751115941,-5.63811755951667,-7.55790922618333
LV4336,Latvia,LV,LV0,LV00,LV008,Vidzeme,15.0942522321949,0.170424107143333,0.283608630951665,2725.68751115941,-5.63811755951667,-7.55790922618333
LV4339,Latvia,LV,LV0,LV00,LV008,Vidzeme,15.0942522321949,0.170424107143333,0.283608630951665,2725.68751115941,-5.63811755951667,-7.55790922618333
LV4340,Latvia,LV,LV0,LV00,LV008,Vidzeme,15.0942522321949,0.170424107143333,0.283608630951665,2725.68751115941,-5.63811755951667,-7.55790922618333
LV4341,Latvia,LV,LV0,LV00,LV008,Vidzeme,15.0942522321949,0.170424107143333,0.283608630951665,2725.68751115941,-5.63811755951667,-7.55790922618333
LV4342,Latvia,LV,LV0,LV00,LV008,Vidzeme,15.0942522321949,0.170424107143333,0.283608630951665,2725.68751115941,-5.63811755951667,-7.55790922618333
LV4344,Latvia,LV,LV0,LV00,LV008,Vidzeme,15.0942522321949,0.170424107143333,0.283608630951665,2725.68751115941,-5.63811755951667,-7.55790922618333
LV4345,Latvia,LV,LV0,LV00,LV008,Vidzeme,15.0942522321949,0.170424107143333,0.283608630951665,2725.68751115941,-5.63811755951667,-7.55790922618333
LV4348,Latvia,LV,LV0,LV00,LV008,Vidzeme,15.0942522321949,0.170424107143333,0.283608630951665,2725.68751115941,-5.63811755951667,-7.55790922618333
LV4350,Latvia,LV,LV0,LV00,LV008,Vidzeme,15.0942522321949,0.170424107143333,0.283608630951665,2725.68751115941,-5.63811755951667,-7.55790922618333
LV4351,Latvia,LV,LV0,LV00,LV008,Vidzeme,15.0942522321949,0.170424107143333,0.283608630951665,2725.68751115941,-5.63811755951667,-7.55790922618333
LV4352,Latvia,LV,LV0,LV00,LV008,Vidzeme,15.0942522321949,0.170424107143333,0.283608630951665,2725.68751115941,-5.63811755951667,-7.55790922618333
LV4354,Latvia,LV,LV0,LV00,LV008,Vidzeme,15.0942522321949,0.170424107143333,0.283608630951665,2725.68751115941,-5.63811755951667,-7.55790922618333
LV4355,Latvia,LV,LV0,LV00,LV008,Vidzeme,15.0942522321949,0.170424107143333,0.283608630951665,2725.68751115941,-5.63811755951667,-7.55790922618333
LV4358,Latvia,LV,LV0,LV00,LV008,Vidzeme,15.0942522321949,0.170424107143333,0.283608630951665,2725.68751115941,-5.63811755951667,-7.55790922618333
LV4359,Latvia,LV,LV0,LV00,LV008,Vidzeme,15.0942522321949,0.170424107143333,0.283608630951665,2725.68751115941,-5.63811755951667,-7.55790922618333
LV4401,Latvia,LV,LV0,LV00,LV008,Vidzeme,15.0942522321949,0.170424107143333,0.283608630951665,2725.68751115941,-5.63811755951667,-7.55790922618333
LV4405,Latvia,LV,LV0,LV00,LV008,Vidzeme,15.0942522321949,0.170424107143333,0.283608630951665,2725.68751115941,-5.63811755951667,-7.55790922618333
LV4406,Latvia,LV,LV0,LV00,LV008,Vidzeme,15.0942522321949,0.170424107143333,0.283608630951665,2725.68751115941,-5.63811755951667,-7.55790922618333
LV4409,Latvia,LV,LV0,LV00,LV008,Vidzeme,15.0942522321949,0.170424107143333,0.283608630951665,2725.68751115941,-5.63811755951667,-7.55790922618333
LV4410,Latvia,LV,LV0,LV00,LV008,Vidzeme,15.0942522321949,0.170424107143333,0.283608630951665,2725.68751115941,-5.63811755951667,-7.55790922618333
LV4412,Latvia,LV,LV0,LV00,LV008,Vidzeme,15.0942522321949,0.170424107143333,0.283608630951665,2725.68751115941,-5.63811755951667,-7.55790922618333
LV4415,Latvia,LV,LV0,LV00,LV008,Vidzeme,15.0942522321949,0.170424107143333,0.283608630951665,2725.68751115941,-5.63811755951667,-7.55790922618333
LV4416,Latvia,LV,LV0,LV00,LV008,Vidzeme,15.0942522321949,0.170424107143333,0.283608630951665,2725.68751115941,-5.63811755951667,-7.55790922618333
LV4417,Latvia,LV,LV0,LV00,LV008,Vidzeme,15.0942522321949,0.170424107143333,0.283608630951665,2725.68751115941,-5.63811755951667,-7.55790922618333
LV4420,Latvia,LV,LV0,LV00,LV008,Vidzeme,15.0942522321949,0.170424107143333,0.283608630951665,2725.68751115941,-5.63811755951667,-7.55790922618333
LV4421,Latvia,LV,LV0,LV00,LV008,Vidzeme,15.0942522321949,0.170424107143333,0.283608630951665,2725.68751115941,-5.63811755951667,-7.55790922618333
LV4424,Latvia,LV,LV0,LV00,LV008,Vidzeme,15.0942522321949,0.170424107143333,0.283608630951665,2725.68751115941,-5.63811755951667,-7.55790922618333
LV4425,Latvia,LV,LV0,LV00,LV008,Vidzeme,15.0942522321949,0.170424107143333,0.283608630951665,2725.68751115941,-5.63811755951667,-7.55790922618333
LV4426,Latvia,LV,LV0,LV00,LV008,Vidzeme,15.0942522321949,0.170424107143333,0.283608630951665,2725.68751115941,-5.63811755951667,-7.55790922618333
LV4428,Latvia,LV,LV0,LV00,LV008,Vidzeme,15.0942522321949,0.170424107143333,0.283608630951665,2725.68751115941,-5.63811755951667,-7.55790922618333
LV4429,Latvia,LV,LV0,LV00,LV008,Vidzeme,15.0942522321949,0.170424107143333,0.283608630951665,2725.68751115941,-5.63811755951667,-7.55790922618333
LV4701,Latvia,LV,LV0,LV00,LV008,Vidzeme,15.0942522321949,0.170424107143333,0.283608630951665,2725.68751115941,-5.63811755951667,-7.55790922618333
LV4706,Latvia,LV,LV0,LV00,LV008,Vidzeme,15.0942522321949,0.170424107143333,0.283608630951665,2725.68751115941,-5.63811755951667,-7.55790922618333
LV4707,Latvia,LV,LV0,LV00,LV008,Vidzeme,15.0942522321949,0.170424107143333,0.283608630951665,2725.68751115941,-5.63811755951667,-7.55790922618333
LV4711,Latvia,LV,LV0,LV00,LV008,Vidzeme,15.0942522321949,0.170424107143333,0.283608630951665,2725.68751115941,-5.63811755951667,-7.55790922618333
LV4712,Latvia,LV,LV0,LV00,LV008,Vidzeme,15.0942522321949,0.170424107143333,0.283608630951665,2725.68751115941,-5.63811755951667,-7.55790922618333
LV4713,Latvia,LV,LV0,LV00,LV008,Vidzeme,15.0942522321949,0.170424107143333,0.283608630951665,2725.68751115941,-5.63811755951667,-7.55790922618333
LV4715,Latvia,LV,LV0,LV00,LV008,Vidzeme,15.0942522321949,0.170424107143333,0.283608630951665,2725.68751115941,-5.63811755951667,-7.55790922618333
LV4716,Latvia,LV,LV0,LV00,LV008,Vidzeme,15.0942522321949,0.170424107143333,0.283608630951665,2725.68751115941,-5.63811755951667,-7.55790922618333
LV4718,Latvia,LV,LV0,LV00,LV008,Vidzeme,15.0942522321949,0.170424107143333,0.283608630951665,2725.68751115941,-5.63811755951667,-7.55790922618333
LV4724,Latvia,LV,LV0,LV00,LV008,Vidzeme,15.0942522321949,0.170424107143333,0.283608630951665,2725.68751115941,-5.63811755951667,-7.55790922618333
LV4726,Latvia,LV,LV0,LV00,LV008,Vidzeme,15.0942522321949,0.170424107143333,0.283608630951665,2725.68751115941,-5.63811755951667,-7.55790922618333
LV4727,Latvia,LV,LV0,LV00,LV008,Vidzeme,15.0942522321949,0.170424107143333,0.283608630951665,2725.68751115941,-5.63811755951667,-7.55790922618333
LV4729,Latvia,LV,LV0,LV00,LV008,Vidzeme,15.0942522321949,0.170424107143333,0.283608630951665,2725.68751115941,-5.63811755951667,-7.55790922618333
LV4730,Latvia,LV,LV0,LV00,LV008,Vidzeme,15.0942522321949,0.170424107143333,0.283608630951665,2725.68751115941,-5.63811755951667,-7.55790922618333
LV4731,Latvia,LV,LV0,LV00,LV008,Vidzeme,15.0942522321949,0.170424107143333,0.283608630951665,2725.68751115941,-5.63811755951667,-7.55790922618333
LV4733,Latvia,LV,LV0,LV00,LV008,Vidzeme,15.0942522321949,0.170424107143333,0.283608630951665,2725.68751115941,-5.63811755951667,-7.55790922618333
LV4735,Latvia,LV,LV0,LV00,LV008,Vidzeme,15.0942522321949,0.170424107143333,0.283608630951665,2725.68751115941,-5.63811755951667,-7.55790922618333
LV4801,Latvia,LV,LV0,LV00,LV008,Vidzeme,15.0942522321949,0.170424107143333,0.283608630951665,2725.68751115941,-5.63811755951667,-7.55790922618333
LV4824,Latvia,LV,LV0,LV00,LV008,Vidzeme,15.0942522321949,0.170424107143333,0.283608630951665,2725.68751115941,-5.63811755951667,-7.55790922618333
LV4825,Latvia,LV,LV0,LV00,LV008,Vidzeme,15.0942522321949,0.170424107143333,0.283608630951665,2725.68751115941,-5.63811755951667,-7.55790922618333
LV4826,Latvia,LV,LV0,LV00,LV008,Vidzeme,15.0942522321949,0.170424107143333,0.283608630951665,2725.68751115941,-5.63811755951667,-7.55790922618333
LV4830,Latvia,LV,LV0,LV00,LV008,Vidzeme,15.0942522321949,0.170424107143333,0.283608630951665,2725.68751115941,-5.63811755951667,-7.55790922618333
LV4833,Latvia,LV,LV0,LV00,LV008,Vidzeme,15.0942522321949,0.170424107143333,0.283608630951665,2725.68751115941,-5.63811755951667,-7.55790922618333
LV4834,Latvia,LV,LV0,LV00,LV008,Vidzeme,15.0942522321949,0.170424107143333,0.283608630951665,2725.68751115941,-5.63811755951667,-7.55790922618333
LV4835,Latvia,LV,LV0,LV00,LV008,Vidzeme,15.0942522321949,0.170424107143333,0.283608630951665,2725.68751115941,-5.63811755951667,-7.55790922618333
LV4837,Latvia,LV,LV0,LV00,LV008,Vidzeme,15.0942522321949,0.170424107143333,0.283608630951665,2725.68751115941,-5.63811755951667,-7.55790922618333
LV4838,Latvia,LV,LV0,LV00,LV008,Vidzeme,15.0942522321949,0.170424107143333,0.283608630951665,2725.68751115941,-5.63811755951667,-7.55790922618333
LV4840,Latvia,LV,LV0,LV00,LV008,Vidzeme,15.0942522321949,0.170424107143333,0.283608630951665,2725.68751115941,-5.63811755951667,-7.55790922618333
LV4841,Latvia,LV,LV0,LV00,LV008,Vidzeme,15.0942522321949,0.170424107143333,0.283608630951665,2725.68751115941,-5.63811755951667,-7.55790922618333
LV4844,Latvia,LV,LV0,LV00,LV008,Vidzeme,15.0942522321949,0.170424107143333,0.283608630951665,2725.68751115941,-5.63811755951667,-7.55790922618333
LV4846,Latvia,LV,LV0,LV00,LV008,Vidzeme,15.0942522321949,0.170424107143333,0.283608630951665,2725.68751115941,-5.63811755951667,-7.55790922618333
LV4847,Latvia,LV,LV0,LV00,LV008,Vidzeme,15.0942522321949,0.170424107143333,0.283608630951665,2725.68751115941,-5.63811755951667,-7.55790922618333
LV4852,Latvia,LV,LV0,LV00,LV008,Vidzeme,15.0942522321949,0.170424107143333,0.283608630951665,2725.68751115941,-5.63811755951667,-7.55790922618333
LV4853,Latvia,LV,LV0,LV00,LV008,Vidzeme,15.0942522321949,0.170424107143333,0.283608630951665,2725.68751115941,-5.63811755951667,-7.55790922618333
LV4855,Latvia,LV,LV0,LV00,LV008,Vidzeme,15.0942522321949,0.170424107143333,0.283608630951665,2725.68751115941,-5.63811755951667,-7.55790922618333
LV4860,Latvia,LV,LV0,LV00,LV008,Vidzeme,15.0942522321949,0.170424107143333,0.283608630951665,2725.68751115941,-5.63811755951667,-7.55790922618333
LV4862,Latvia,LV,LV0,LV00,LV008,Vidzeme,15.0942522321949,0.170424107143333,0.283608630951665,2725.68751115941,-5.63811755951667,-7.55790922618333
LV4865,Latvia,LV,LV0,LV00,LV008,Vidzeme,15.0942522321949,0.170424107143333,0.283608630951665,2725.68751115941,-5.63811755951667,-7.55790922618333
LV4870,Latvia,LV,LV0,LV00,LV008,Vidzeme,15.0942522321949,0.170424107143333,0.283608630951665,2725.68751115941,-5.63811755951667,-7.55790922618333
LV4871,Latvia,LV,LV0,LV00,LV008,Vidzeme,15.0942522321949,0.170424107143333,0.283608630951665,2725.68751115941,-5.63811755951667,-7.55790922618333
LV4873,Latvia,LV,LV0,LV00,LV008,Vidzeme,15.0942522321949,0.170424107143333,0.283608630951665,2725.68751115941,-5.63811755951667,-7.55790922618333
LV4880,Latvia,LV,LV0,LV00,LV008,Vidzeme,15.0942522321949,0.170424107143333,0.283608630951665,2725.68751115941,-5.63811755951667,-7.55790922618333
LV4884,Latvia,LV,LV0,LV00,LV008,Vidzeme,15.0942522321949,0.170424107143333,0.283608630951665,2725.68751115941,-5.63811755951667,-7.55790922618333
LV4501,Latvia,LV,LV0,LV00,LV005,Latgale,19.7901279069625,0.219124031008333,0.345581395348333,2808.35504650999,-5.88466666666665,-7.85282170543332
LV4561,Latvia,LV,LV0,LV00,LV005,Latgale,19.7901279069625,0.219124031008333,0.345581395348333,2808.35504650999,-5.88466666666665,-7.85282170543332
LV4562,Latvia,LV,LV0,LV00,LV005,Latgale,19.7901279069625,0.219124031008333,0.345581395348333,2808.35504650999,-5.88466666666665,-7.85282170543332
LV4566,Latvia,LV,LV0,LV00,LV005,Latgale,19.7901279069625,0.219124031008333,0.345581395348333,2808.35504650999,-5.88466666666665,-7.85282170543332
LV4567,Latvia,LV,LV0,LV00,LV005,Latgale,19.7901279069625,0.219124031008333,0.345581395348333,2808.35504650999,-5.88466666666665,-7.85282170543332
LV4570,Latvia,LV,LV0,LV00,LV005,Latgale,19.7901279069625,0.219124031008333,0.345581395348333,2808.35504650999,-5.88466666666665,-7.85282170543332
LV4571,Latvia,LV,LV0,LV00,LV005,Latgale,19.7901279069625,0.219124031008333,0.345581395348333,2808.35504650999,-5.88466666666665,-7.85282170543332
LV4572,Latvia,LV,LV0,LV00,LV005,Latgale,19.7901279069625,0.219124031008333,0.345581395348333,2808.35504650999,-5.88466666666665,-7.85282170543332
LV4573,Latvia,LV,LV0,LV00,LV005,Latgale,19.7901279069625,0.219124031008333,0.345581395348333,2808.35504650999,-5.88466666666665,-7.85282170543332
LV4574,Latvia,LV,LV0,LV00,LV005,Latgale,19.7901279069625,0.219124031008333,0.345581395348333,2808.35504650999,-5.88466666666665,-7.85282170543332
LV4576,Latvia,LV,LV0,LV00,LV005,Latgale,19.7901279069625,0.219124031008333,0.345581395348333,2808.35504650999,-5.88466666666665,-7.85282170543332
LV4577,Latvia,LV,LV0,LV00,LV005,Latgale,19.7901279069625,0.219124031008333,0.345581395348333,2808.35504650999,-5.88466666666665,-7.85282170543332
LV4580,Latvia,LV,LV0,LV00,LV005,Latgale,19.7901279069625,0.219124031008333,0.345581395348333,2808.35504650999,-5.88466666666665,-7.85282170543332
LV4582,Latvia,LV,LV0,LV00,LV005,Latgale,19.7901279069625,0.219124031008333,0.345581395348333,2808.35504650999,-5.88466666666665,-7.85282170543332
LV4583,Latvia,LV,LV0,LV00,LV005,Latgale,19.7901279069625,0.219124031008333,0.345581395348333,2808.35504650999,-5.88466666666665,-7.85282170543332
LV4584,Latvia,LV,LV0,LV00,LV005,Latgale,19.7901279069625,0.219124031008333,0.345581395348333,2808.35504650999,-5.88466666666665,-7.85282170543332
LV4585,Latvia,LV,LV0,LV00,LV005,Latgale,19.7901279069625,0.219124031008333,0.345581395348333,2808.35504650999,-5.88466666666665,-7.85282170543332
LV4586,Latvia,LV,LV0,LV00,LV005,Latgale,19.7901279069625,0.219124031008333,0.345581395348333,2808.35504650999,-5.88466666666665,-7.85282170543332
LV4587,Latvia,LV,LV0,LV00,LV005,Latgale,19.7901279069625,0.219124031008333,0.345581395348333,2808.35504650999,-5.88466666666665,-7.85282170543332
LV4590,Latvia,LV,LV0,LV00,LV005,Latgale,19.7901279069625,0.219124031008333,0.345581395348333,2808.35504650999,-5.88466666666665,-7.85282170543332
LV4591,Latvia,LV,LV0,LV00,LV005,Latgale,19.7901279069625,0.219124031008333,0.345581395348333,2808.35504650999,-5.88466666666665,-7.85282170543332
LV4592,Latvia,LV,LV0,LV00,LV005,Latgale,19.7901279069625,0.219124031008333,0.345581395348333,2808.35504650999,-5.88466666666665,-7.85282170543332
LV4594,Latvia,LV,LV0,LV00,LV005,Latgale,19.7901279069625,0.219124031008333,0.345581395348333,2808.35504650999,-5.88466666666665,-7.85282170543332
LV4595,Latvia,LV,LV0,LV00,LV005,Latgale,19.7901279069625,0.219124031008333,0.345581395348333,2808.35504650999,-5.88466666666665,-7.85282170543332
LV4601,Latvia,LV,LV0,LV00,LV005,Latgale,19.7901279069625,0.219124031008333,0.345581395348333,2808.35504650999,-5.88466666666665,-7.85282170543332
LV4604,Latvia,LV,LV0,LV00,LV005,Latgale,19.7901279069625,0.219124031008333,0.345581395348333,2808.35504650999,-5.88466666666665,-7.85282170543332
LV4611,Latvia,LV,LV0,LV00,LV005,Latgale,19.7901279069625,0.219124031008333,0.345581395348333,2808.35504650999,-5.88466666666665,-7.85282170543332
LV4612,Latvia,LV,LV0,LV00,LV005,Latgale,19.7901279069625,0.219124031008333,0.345581395348333,2808.35504650999,-5.88466666666665,-7.85282170543332
LV4614,Latvia,LV,LV0,LV00,LV005,Latgale,19.7901279069625,0.219124031008333,0.345581395348333,2808.35504650999,-5.88466666666665,-7.85282170543332
LV4615,Latvia,LV,LV0,LV00,LV005,Latgale,19.7901279069625,0.219124031008333,0.345581395348333,2808.35504650999,-5.88466666666665,-7.85282170543332
LV4616,Latvia,LV,LV0,LV00,LV005,Latgale,19.7901279069625,0.219124031008333,0.345581395348333,2808.35504650999,-5.88466666666665,-7.85282170543332
LV4617,Latvia,LV,LV0,LV00,LV005,Latgale,19.7901279069625,0.219124031008333,0.345581395348333,2808.35504650999,-5.88466666666665,-7.85282170543332
LV4618,Latvia,LV,LV0,LV00,LV005,Latgale,19.7901279069625,0.219124031008333,0.345581395348333,2808.35504650999,-5.88466666666665,-7.85282170543332
LV4619,Latvia,LV,LV0,LV00,LV005,Latgale,19.7901279069625,0.219124031008333,0.345581395348333,2808.35504650999,-5.88466666666665,-7.85282170543332
LV4621,Latvia,LV,LV0,LV00,LV005,Latgale,19.7901279069625,0.219124031008333,0.345581395348333,2808.35504650999,-5.88466666666665,-7.85282170543332
LV4622,Latvia,LV,LV0,LV00,LV005,Latgale,19.7901279069625,0.219124031008333,0.345581395348333,2808.35504650999,-5.88466666666665,-7.85282170543332
LV4623,Latvia,LV,LV0,LV00,LV005,Latgale,19.7901279069625,0.219124031008333,0.345581395348333,2808.35504650999,-5.88466666666665,-7.85282170543332
LV4625,Latvia,LV,LV0,LV00,LV005,Latgale,19.7901279069625,0.219124031008333,0.345581395348333,2808.35504650999,-5.88466666666665,-7.85282170543332
LV4626,Latvia,LV,LV0,LV00,LV005,Latgale,19.7901279069625,0.219124031008333,0.345581395348333,2808.35504650999,-5.88466666666665,-7.85282170543332
LV4627,Latvia,LV,LV0,LV00,LV005,Latgale,19.7901279069625,0.219124031008333,0.345581395348333,2808.35504650999,-5.88466666666665,-7.85282170543332
LV4628,Latvia,LV,LV0,LV00,LV005,Latgale,19.7901279069625,0.219124031008333,0.345581395348333,2808.35504650999,-5.88466666666665,-7.85282170543332
LV4630,Latvia,LV,LV0,LV00,LV005,Latgale,19.7901279069625,0.219124031008333,0.345581395348333,2808.35504650999,-5.88466666666665,-7.85282170543332
LV4631,Latvia,LV,LV0,LV00,LV005,Latgale,19.7901279069625,0.219124031008333,0.345581395348333,2808.35504650999,-5.88466666666665,-7.85282170543332
LV4633,Latvia,LV,LV0,LV00,LV005,Latgale,19.7901279069625,0.219124031008333,0.345581395348333,2808.35504650999,-5.88466666666665,-7.85282170543332
LV4634,Latvia,LV,LV0,LV00,LV005,Latgale,19.7901279069625,0.219124031008333,0.345581395348333,2808.35504650999,-5.88466666666665,-7.85282170543332
LV4635,Latvia,LV,LV0,LV00,LV005,Latgale,19.7901279069625,0.219124031008333,0.345581395348333,2808.35504650999,-5.88466666666665,-7.85282170543332
LV4636,Latvia,LV,LV0,LV00,LV005,Latgale,19.7901279069625,0.219124031008333,0.345581395348333,2808.35504650999,-5.88466666666665,-7.85282170543332
LV4638,Latvia,LV,LV0,LV00,LV005,Latgale,19.7901279069625,0.219124031008333,0.345581395348333,2808.35504650999,-5.88466666666665,-7.85282170543332
LV4640,Latvia,LV,LV0,LV00,LV005,Latgale,19.7901279069625,0.219124031008333,0.345581395348333,2808.35504650999,-5.88466666666665,-7.85282170543332
LV4641,Latvia,LV,LV0,LV00,LV005,Latgale,19.7901279069625,0.219124031008333,0.345581395348333,2808.35504650999,-5.88466666666665,-7.85282170543332
LV4642,Latvia,LV,LV0,LV00,LV005,Latgale,19.7901279069625,0.219124031008333,0.345581395348333,2808.35504650999,-5.88466666666665,-7.85282170543332
LV4643,Latvia,LV,LV0,LV00,LV005,Latgale,19.7901279069625,0.219124031008333,0.345581395348333,2808.35504650999,-5.88466666666665,-7.85282170543332
LV4645,Latvia,LV,LV0,LV00,LV005,Latgale,19.7901279069625,0.219124031008333,0.345581395348333,2808.35504650999,-5.88466666666665,-7.85282170543332
LV4647,Latvia,LV,LV0,LV00,LV005,Latgale,19.7901279069625,0.219124031008333,0.345581395348333,2808.35504650999,-5.88466666666665,-7.85282170543332
LV4648,Latvia,LV,LV0,LV00,LV005,Latgale,19.7901279069625,0.219124031008333,0.345581395348333,2808.35504650999,-5.88466666666665,-7.85282170543332
LV4649,Latvia,LV,LV0,LV00,LV005,Latgale,19.7901279069625,0.219124031008333,0.345581395348333,2808.35504650999,-5.88466666666665,-7.85282170543332
LV4650,Latvia,LV,LV0,LV00,LV005,Latgale,19.7901279069625,0.219124031008333,0.345581395348333,2808.35504650999,-5.88466666666665,-7.85282170543332
LV4652,Latvia,LV,LV0,LV00,LV005,Latgale,19.7901279069625,0.219124031008333,0.345581395348333,2808.35504650999,-5.88466666666665,-7.85282170543332
LV5216,Latvia,LV,LV0,LV00,LV005,Latgale,19.7901279069625,0.219124031008333,0.345581395348333,2808.35504650999,-5.88466666666665,-7.85282170543332
LV5301,Latvia,LV,LV0,LV00,LV005,Latgale,19.7901279069625,0.219124031008333,0.345581395348333,2808.35504650999,-5.88466666666665,-7.85282170543332
LV5304,Latvia,LV,LV0,LV00,LV005,Latgale,19.7901279069625,0.219124031008333,0.345581395348333,2808.35504650999,-5.88466666666665,-7.85282170543332
LV5305,Latvia,LV,LV0,LV00,LV005,Latgale,19.7901279069625,0.219124031008333,0.345581395348333,2808.35504650999,-5.88466666666665,-7.85282170543332
LV5311,Latvia,LV,LV0,LV00,LV005,Latgale,19.7901279069625,0.219124031008333,0.345581395348333,2808.35504650999,-5.88466666666665,-7.85282170543332
LV5312,Latvia,LV,LV0,LV00,LV005,Latgale,19.7901279069625,0.219124031008333,0.345581395348333,2808.35504650999,-5.88466666666665,-7.85282170543332
LV5315,Latvia,LV,LV0,LV00,LV005,Latgale,19.7901279069625,0.219124031008333,0.345581395348333,2808.35504650999,-5.88466666666665,-7.85282170543332
LV5316,Latvia,LV,LV0,LV00,LV005,Latgale,19.7901279069625,0.219124031008333,0.345581395348333,2808.35504650999,-5.88466666666665,-7.85282170543332
LV5318,Latvia,LV,LV0,LV00,LV005,Latgale,19.7901279069625,0.219124031008333,0.345581395348333,2808.35504650999,-5.88466666666665,-7.85282170543332
LV5320,Latvia,LV,LV0,LV00,LV005,Latgale,19.7901279069625,0.219124031008333,0.345581395348333,2808.35504650999,-5.88466666666665,-7.85282170543332
LV5323,Latvia,LV,LV0,LV00,LV005,Latgale,19.7901279069625,0.219124031008333,0.345581395348333,2808.35504650999,-5.88466666666665,-7.85282170543332
LV5325,Latvia,LV,LV0,LV00,LV005,Latgale,19.7901279069625,0.219124031008333,0.345581395348333,2808.35504650999,-5.88466666666665,-7.85282170543332
LV5326,Latvia,LV,LV0,LV00,LV005,Latgale,19.7901279069625,0.219124031008333,0.345581395348333,2808.35504650999,-5.88466666666665,-7.85282170543332
LV5327,Latvia,LV,LV0,LV00,LV005,Latgale,19.7901279069625,0.219124031008333,0.345581395348333,2808.35504650999,-5.88466666666665,-7.85282170543332
LV5328,Latvia,LV,LV0,LV00,LV005,Latgale,19.7901279069625,0.219124031008333,0.345581395348333,2808.35504650999,-5.88466666666665,-7.85282170543332
LV5329,Latvia,LV,LV0,LV00,LV005,Latgale,19.7901279069625,0.219124031008333,0.345581395348333,2808.35504650999,-5.88466666666665,-7.85282170543332
LV5330,Latvia,LV,LV0,LV00,LV005,Latgale,19.7901279069625,0.219124031008333,0.345581395348333,2808.35504650999,-5.88466666666665,-7.85282170543332
LV5331,Latvia,LV,LV0,LV00,LV005,Latgale,19.7901279069625,0.219124031008333,0.345581395348333,2808.35504650999,-5.88466666666665,-7.85282170543332
LV5333,Latvia,LV,LV0,LV00,LV005,Latgale,19.7901279069625,0.219124031008333,0.345581395348333,2808.35504650999,-5.88466666666665,-7.85282170543332
LV5334,Latvia,LV,LV0,LV00,LV005,Latgale,19.7901279069625,0.219124031008333,0.345581395348333,2808.35504650999,-5.88466666666665,-7.85282170543332
LV5335,Latvia,LV,LV0,LV00,LV005,Latgale,19.7901279069625,0.219124031008333,0.345581395348333,2808.35504650999,-5.88466666666665,-7.85282170543332
LV5337,Latvia,LV,LV0,LV00,LV005,Latgale,19.7901279069625,0.219124031008333,0.345581395348333,2808.35504650999,-5.88466666666665,-7.85282170543332
LV5413,Latvia,LV,LV0,LV00,LV005,Latgale,19.7901279069625,0.219124031008333,0.345581395348333,2808.35504650999,-5.88466666666665,-7.85282170543332
LV5438,Latvia,LV,LV0,LV00,LV005,Latgale,19.7901279069625,0.219124031008333,0.345581395348333,2808.35504650999,-5.88466666666665,-7.85282170543332
LV5439,Latvia,LV,LV0,LV00,LV005,Latgale,19.7901279069625,0.219124031008333,0.345581395348333,2808.35504650999,-5.88466666666665,-7.85282170543332
LV5440,Latvia,LV,LV0,LV00,LV005,Latgale,19.7901279069625,0.219124031008333,0.345581395348333,2808.35504650999,-5.88466666666665,-7.85282170543332
LV5441,Latvia,LV,LV0,LV00,LV005,Latgale,19.7901279069625,0.219124031008333,0.345581395348333,2808.35504650999,-5.88466666666665,-7.85282170543332
LV5442,Latvia,LV,LV0,LV00,LV005,Latgale,19.7901279069625,0.219124031008333,0.345581395348333,2808.35504650999,-5.88466666666665,-7.85282170543332
LV5443,Latvia,LV,LV0,LV00,LV005,Latgale,19.7901279069625,0.219124031008333,0.345581395348333,2808.35504650999,-5.88466666666665,-7.85282170543332
LV5444,Latvia,LV,LV0,LV00,LV005,Latgale,19.7901279069625,0.219124031008333,0.345581395348333,2808.35504650999,-5.88466666666665,-7.85282170543332
LV5447,Latvia,LV,LV0,LV00,LV005,Latgale,19.7901279069625,0.219124031008333,0.345581395348333,2808.35504650999,-5.88466666666665,-7.85282170543332
LV5449,Latvia,LV,LV0,LV00,LV005,Latgale,19.7901279069625,0.219124031008333,0.345581395348333,2808.35504650999,-5.88466666666665,-7.85282170543332
LV5450,Latvia,LV,LV0,LV00,LV005,Latgale,19.7901279069625,0.219124031008333,0.345581395348333,2808.35504650999,-5.88466666666665,-7.85282170543332
LV5451,Latvia,LV,LV0,LV00,LV005,Latgale,19.7901279069625,0.219124031008333,0.345581395348333,2808.35504650999,-5.88466666666665,-7.85282170543332
LV5456,Latvia,LV,LV0,LV00,LV005,Latgale,19.7901279069625,0.219124031008333,0.345581395348333,2808.35504650999,-5.88466666666665,-7.85282170543332
LV5458,Latvia,LV,LV0,LV00,LV005,Latgale,19.7901279069625,0.219124031008333,0.345581395348333,2808.35504650999,-5.88466666666665,-7.85282170543332
LV5459,Latvia,LV,LV0,LV00,LV005,Latgale,19.7901279069625,0.219124031008333,0.345581395348333,2808.35504650999,-5.88466666666665,-7.85282170543332
LV5460,Latvia,LV,LV0,LV00,LV005,Latgale,19.7901279069625,0.219124031008333,0.345581395348333,2808.35504650999,-5.88466666666665,-7.85282170543332
LV5461,Latvia,LV,LV0,LV00,LV005,Latgale,19.7901279069625,0.219124031008333,0.345581395348333,2808.35504650999,-5.88466666666665,-7.85282170543332
LV5462,Latvia,LV,LV0,LV00,LV005,Latgale,19.7901279069625,0.219124031008333,0.345581395348333,2808.35504650999,-5.88466666666665,-7.85282170543332
LV5463,Latvia,LV,LV0,LV00,LV005,Latgale,19.7901279069625,0.219124031008333,0.345581395348333,2808.35504650999,-5.88466666666665,-7.85282170543332
LV5465,Latvia,LV,LV0,LV00,LV005,Latgale,19.7901279069625,0.219124031008333,0.345581395348333,2808.35504650999,-5.88466666666665,-7.85282170543332
LV5469,Latvia,LV,LV0,LV00,LV005,Latgale,19.7901279069625,0.219124031008333,0.345581395348333,2808.35504650999,-5.88466666666665,-7.85282170543332
LV5470,Latvia,LV,LV0,LV00,LV005,Latgale,19.7901279069625,0.219124031008333,0.345581395348333,2808.35504650999,-5.88466666666665,-7.85282170543332
LV5471,Latvia,LV,LV0,LV00,LV005,Latgale,19.7901279069625,0.219124031008333,0.345581395348333,2808.35504650999,-5.88466666666665,-7.85282170543332
LV5473,Latvia,LV,LV0,LV00,LV005,Latgale,19.7901279069625,0.219124031008333,0.345581395348333,2808.35504650999,-5.88466666666665,-7.85282170543332
LV5474,Latvia,LV,LV0,LV00,LV005,Latgale,19.7901279069625,0.219124031008333,0.345581395348333,2808.35504650999,-5.88466666666665,-7.85282170543332
LV5477,Latvia,LV,LV0,LV00,LV005,Latgale,19.7901279069625,0.219124031008333,0.345581395348333,2808.35504650999,-5.88466666666665,-7.85282170543332
LV5481,Latvia,LV,LV0,LV00,LV005,Latgale,19.7901279069625,0.219124031008333,0.345581395348333,2808.35504650999,-5.88466666666665,-7.85282170543332
LV5601,Latvia,LV,LV0,LV00,LV005,Latgale,19.7901279069625,0.219124031008333,0.345581395348333,2808.35504650999,-5.88466666666665,-7.85282170543332
LV5651,Latvia,LV,LV0,LV00,LV005,Latgale,19.7901279069625,0.219124031008333,0.345581395348333,2808.35504650999,-5.88466666666665,-7.85282170543332
LV5652,Latvia,LV,LV0,LV00,LV005,Latgale,19.7901279069625,0.219124031008333,0.345581395348333,2808.35504650999,-5.88466666666665,-7.85282170543332
LV5653,Latvia,LV,LV0,LV00,LV005,Latgale,19.7901279069625,0.219124031008333,0.345581395348333,2808.35504650999,-5.88466666666665,-7.85282170543332
LV5655,Latvia,LV,LV0,LV00,LV005,Latgale,19.7901279069625,0.219124031008333,0.345581395348333,2808.35504650999,-5.88466666666665,-7.85282170543332
LV5656,Latvia,LV,LV0,LV00,LV005,Latgale,19.7901279069625,0.219124031008333,0.345581395348333,2808.35504650999,-5.88466666666665,-7.85282170543332
LV5660,Latvia,LV,LV0,LV00,LV005,Latgale,19.7901279069625,0.219124031008333,0.345581395348333,2808.35504650999,-5.88466666666665,-7.85282170543332
LV5662,Latvia,LV,LV0,LV00,LV005,Latgale,19.7901279069625,0.219124031008333,0.345581395348333,2808.35504650999,-5.88466666666665,-7.85282170543332
LV5664,Latvia,LV,LV0,LV00,LV005,Latgale,19.7901279069625,0.219124031008333,0.345581395348333,2808.35504650999,-5.88466666666665,-7.85282170543332
LV5666,Latvia,LV,LV0,LV00,LV005,Latgale,19.7901279069625,0.219124031008333,0.345581395348333,2808.35504650999,-5.88466666666665,-7.85282170543332
LV5668,Latvia,LV,LV0,LV00,LV005,Latgale,19.7901279069625,0.219124031008333,0.345581395348333,2808.35504650999,-5.88466666666665,-7.85282170543332
LV5671,Latvia,LV,LV0,LV00,LV005,Latgale,19.7901279069625,0.219124031008333,0.345581395348333,2808.35504650999,-5.88466666666665,-7.85282170543332
LV5674,Latvia,LV,LV0,LV00,LV005,Latgale,19.7901279069625,0.219124031008333,0.345581395348333,2808.35504650999,-5.88466666666665,-7.85282170543332
LV5676,Latvia,LV,LV0,LV00,LV005,Latgale,19.7901279069625,0.219124031008333,0.345581395348333,2808.35504650999,-5.88466666666665,-7.85282170543332
LV5677,Latvia,LV,LV0,LV00,LV005,Latgale,19.7901279069625,0.219124031008333,0.345581395348333,2808.35504650999,-5.88466666666665,-7.85282170543332
LV5680,Latvia,LV,LV0,LV00,LV005,Latgale,19.7901279069625,0.219124031008333,0.345581395348333,2808.35504650999,-5.88466666666665,-7.85282170543332
LV5681,Latvia,LV,LV0,LV00,LV005,Latgale,19.7901279069625,0.219124031008333,0.345581395348333,2808.35504650999,-5.88466666666665,-7.85282170543332
LV5685,Latvia,LV,LV0,LV00,LV005,Latgale,19.7901279069625,0.219124031008333,0.345581395348333,2808.35504650999,-5.88466666666665,-7.85282170543332
LV5687,Latvia,LV,LV0,LV00,LV005,Latgale,19.7901279069625,0.219124031008333,0.345581395348333,2808.35504650999,-5.88466666666665,-7.85282170543332
LV5692,Latvia,LV,LV0,LV00,LV005,Latgale,19.7901279069625,0.219124031008333,0.345581395348333,2808.35504650999,-5.88466666666665,-7.85282170543332
LV5695,Latvia,LV,LV0,LV00,LV005,Latgale,19.7901279069625,0.219124031008333,0.345581395348333,2808.35504650999,-5.88466666666665,-7.85282170543332
LV5696,Latvia,LV,LV0,LV00,LV005,Latgale,19.7901279069625,0.219124031008333,0.345581395348333,2808.35504650999,-5.88466666666665,-7.85282170543332
LV5697,Latvia,LV,LV0,LV00,LV005,Latgale,19.7901279069625,0.219124031008333,0.345581395348333,2808.35504650999,-5.88466666666665,-7.85282170543332
LV5698,Latvia,LV,LV0,LV00,LV005,Latgale,19.7901279069625,0.219124031008333,0.345581395348333,2808.35504650999,-5.88466666666665,-7.85282170543332
LV5701,Latvia,LV,LV0,LV00,LV005,Latgale,19.7901279069625,0.219124031008333,0.345581395348333,2808.35504650999,-5.88466666666665,-7.85282170543332
LV5704,Latvia,LV,LV0,LV00,LV005,Latgale,19.7901279069625,0.219124031008333,0.345581395348333,2808.35504650999,-5.88466666666665,-7.85282170543332
LV5705,Latvia,LV,LV0,LV00,LV005,Latgale,19.7901279069625,0.219124031008333,0.345581395348333,2808.35504650999,-5.88466666666665,-7.85282170543332
LV5706,Latvia,LV,LV0,LV00,LV005,Latgale,19.7901279069625,0.219124031008333,0.345581395348333,2808.35504650999,-5.88466666666665,-7.85282170543332
LV5707,Latvia,LV,LV0,LV00,LV005,Latgale,19.7901279069625,0.219124031008333,0.345581395348333,2808.35504650999,-5.88466666666665,-7.85282170543332
LV5709,Latvia,LV,LV0,LV00,LV005,Latgale,19.7901279069625,0.219124031008333,0.345581395348333,2808.35504650999,-5.88466666666665,-7.85282170543332
LV5711,Latvia,LV,LV0,LV00,LV005,Latgale,19.7901279069625,0.219124031008333,0.345581395348333,2808.35504650999,-5.88466666666665,-7.85282170543332
LV5716,Latvia,LV,LV0,LV00,LV005,Latgale,19.7901279069625,0.219124031008333,0.345581395348333,2808.35504650999,-5.88466666666665,-7.85282170543332
LV5717,Latvia,LV,LV0,LV00,LV005,Latgale,19.7901279069625,0.219124031008333,0.345581395348333,2808.35504650999,-5.88466666666665,-7.85282170543332
LV5719,Latvia,LV,LV0,LV00,LV005,Latgale,19.7901279069625,0.219124031008333,0.345581395348333,2808.35504650999,-5.88466666666665,-7.85282170543332
LV5722,Latvia,LV,LV0,LV00,LV005,Latgale,19.7901279069625,0.219124031008333,0.345581395348333,2808.35504650999,-5.88466666666665,-7.85282170543332
LV5725,Latvia,LV,LV0,LV00,LV005,Latgale,19.7901279069625,0.219124031008333,0.345581395348333,2808.35504650999,-5.88466666666665,-7.85282170543332
LV5726,Latvia,LV,LV0,LV00,LV005,Latgale,19.7901279069625,0.219124031008333,0.345581395348333,2808.35504650999,-5.88466666666665,-7.85282170543332
LV5729,Latvia,LV,LV0,LV00,LV005,Latgale,19.7901279069625,0.219124031008333,0.345581395348333,2808.35504650999,-5.88466666666665,-7.85282170543332
LV5730,Latvia,LV,LV0,LV00,LV005,Latgale,19.7901279069625,0.219124031008333,0.345581395348333,2808.35504650999,-5.88466666666665,-7.85282170543332
LV5732,Latvia,LV,LV0,LV00,LV005,Latgale,19.7901279069625,0.219124031008333,0.345581395348333,2808.35504650999,-5.88466666666665,-7.85282170543332
LV5733,Latvia,LV,LV0,LV00,LV005,Latgale,19.7901279069625,0.219124031008333,0.345581395348333,2808.35504650999,-5.88466666666665,-7.85282170543332
LV5735,Latvia,LV,LV0,LV00,LV005,Latgale,19.7901279069625,0.219124031008333,0.345581395348333,2808.35504650999,-5.88466666666665,-7.85282170543332
LV5736,Latvia,LV,LV0,LV00,LV005,Latgale,19.7901279069625,0.219124031008333,0.345581395348333,2808.35504650999,-5.88466666666665,-7.85282170543332
LV5737,Latvia,LV,LV0,LV00,LV005,Latgale,19.7901279069625,0.219124031008333,0.345581395348333,2808.35504650999,-5.88466666666665,-7.85282170543332
LV5739,Latvia,LV,LV0,LV00,LV005,Latgale,19.7901279069625,0.219124031008333,0.345581395348333,2808.35504650999,-5.88466666666665,-7.85282170543332
LV5740,Latvia,LV,LV0,LV00,LV005,Latgale,19.7901279069625,0.219124031008333,0.345581395348333,2808.35504650999,-5.88466666666665,-7.85282170543332
LV5742,Latvia,LV,LV0,LV00,LV005,Latgale,19.7901279069625,0.219124031008333,0.345581395348333,2808.35504650999,-5.88466666666665,-7.85282170543332
LV5745,Latvia,LV,LV0,LV00,LV005,Latgale,19.7901279069625,0.219124031008333,0.345581395348333,2808.35504650999,-5.88466666666665,-7.85282170543332
LV5748,Latvia,LV,LV0,LV00,LV005,Latgale,19.7901279069625,0.219124031008333,0.345581395348333,2808.35504650999,-5.88466666666665,-7.85282170543332
LV5750,Latvia,LV,LV0,LV00,LV005,Latgale,19.7901279069625,0.219124031008333,0.345581395348333,2808.35504650999,-5.88466666666665,-7.85282170543332
LV5751,Latvia,LV,LV0,LV00,LV005,Latgale,19.7901279069625,0.219124031008333,0.345581395348333,2808.35504650999,-5.88466666666665,-7.85282170543332
LV5752,Latvia,LV,LV0,LV00,LV005,Latgale,19.7901279069625,0.219124031008333,0.345581395348333,2808.35504650999,-5.88466666666665,-7.85282170543332
LV3001,Latvia,LV,LV0,LV00,LV009,Zemgale,22.9169711538124,0.249391025641667,0.378611111111667,2668.84224359318,-5.60200854701665,-7.51708333333332
LV3002,Latvia,LV,LV0,LV00,LV009,Zemgale,22.9169711538124,0.249391025641667,0.378611111111667,2668.84224359318,-5.60200854701665,-7.51708333333332
LV3003,Latvia,LV,LV0,LV00,LV009,Zemgale,22.9169711538124,0.249391025641667,0.378611111111667,2668.84224359318,-5.60200854701665,-7.51708333333332
LV3008,Latvia,LV,LV0,LV00,LV009,Zemgale,22.9169711538124,0.249391025641667,0.378611111111667,2668.84224359318,-5.60200854701665,-7.51708333333332
LV3011,Latvia,LV,LV0,LV00,LV009,Zemgale,22.9169711538124,0.249391025641667,0.378611111111667,2668.84224359318,-5.60200854701665,-7.51708333333332
LV3014,Latvia,LV,LV0,LV00,LV009,Zemgale,22.9169711538124,0.249391025641667,0.378611111111667,2668.84224359318,-5.60200854701665,-7.51708333333332
LV3016,Latvia,LV,LV0,LV00,LV009,Zemgale,22.9169711538124,0.249391025641667,0.378611111111667,2668.84224359318,-5.60200854701665,-7.51708333333332
LV3017,Latvia,LV,LV0,LV00,LV009,Zemgale,22.9169711538124,0.249391025641667,0.378611111111667,2668.84224359318,-5.60200854701665,-7.51708333333332
LV3018,Latvia,LV,LV0,LV00,LV009,Zemgale,22.9169711538124,0.249391025641667,0.378611111111667,2668.84224359318,-5.60200854701665,-7.51708333333332
LV3020,Latvia,LV,LV0,LV00,LV009,Zemgale,22.9169711538124,0.249391025641667,0.378611111111667,2668.84224359318,-5.60200854701665,-7.51708333333332
LV3021,Latvia,LV,LV0,LV00,LV009,Zemgale,22.9169711538124,0.249391025641667,0.378611111111667,2668.84224359318,-5.60200854701665,-7.51708333333332
LV3022,Latvia,LV,LV0,LV00,LV009,Zemgale,22.9169711538124,0.249391025641667,0.378611111111667,2668.84224359318,-5.60200854701665,-7.51708333333332
LV3023,Latvia,LV,LV0,LV00,LV009,Zemgale,22.9169711538124,0.249391025641667,0.378611111111667,2668.84224359318,-5.60200854701665,-7.51708333333332
LV3026,Latvia,LV,LV0,LV00,LV009,Zemgale,22.9169711538124,0.249391025641667,0.378611111111667,2668.84224359318,-5.60200854701665,-7.51708333333332
LV3028,Latvia,LV,LV0,LV00,LV009,Zemgale,22.9169711538124,0.249391025641667,0.378611111111667,2668.84224359318,-5.60200854701665,-7.51708333333332
LV3031,Latvia,LV,LV0,LV00,LV009,Zemgale,22.9169711538124,0.249391025641667,0.378611111111667,2668.84224359318,-5.60200854701665,-7.51708333333332
LV3034,Latvia,LV,LV0,LV00,LV009,Zemgale,22.9169711538124,0.249391025641667,0.378611111111667,2668.84224359318,-5.60200854701665,-7.51708333333332
LV3036,Latvia,LV,LV0,LV00,LV009,Zemgale,22.9169711538124,0.249391025641667,0.378611111111667,2668.84224359318,-5.60200854701665,-7.51708333333332
LV3037,Latvia,LV,LV0,LV00,LV009,Zemgale,22.9169711538124,0.249391025641667,0.378611111111667,2668.84224359318,-5.60200854701665,-7.51708333333332
LV3040,Latvia,LV,LV0,LV00,LV009,Zemgale,22.9169711538124,0.249391025641667,0.378611111111667,2668.84224359318,-5.60200854701665,-7.51708333333332
LV3042,Latvia,LV,LV0,LV00,LV009,Zemgale,22.9169711538124,0.249391025641667,0.378611111111667,2668.84224359318,-5.60200854701665,-7.51708333333332
LV3043,Latvia,LV,LV0,LV00,LV009,Zemgale,22.9169711538124,0.249391025641667,0.378611111111667,2668.84224359318,-5.60200854701665,-7.51708333333332
LV3045,Latvia,LV,LV0,LV00,LV009,Zemgale,22.9169711538124,0.249391025641667,0.378611111111667,2668.84224359318,-5.60200854701665,-7.51708333333332
LV3701,Latvia,LV,LV0,LV00,LV009,Zemgale,22.9169711538124,0.249391025641667,0.378611111111667,2668.84224359318,-5.60200854701665,-7.51708333333332
LV3708,Latvia,LV,LV0,LV00,LV009,Zemgale,22.9169711538124,0.249391025641667,0.378611111111667,2668.84224359318,-5.60200854701665,-7.51708333333332
LV3709,Latvia,LV,LV0,LV00,LV009,Zemgale,22.9169711538124,0.249391025641667,0.378611111111667,2668.84224359318,-5.60200854701665,-7.51708333333332
LV3710,Latvia,LV,LV0,LV00,LV009,Zemgale,22.9169711538124,0.249391025641667,0.378611111111667,2668.84224359318,-5.60200854701665,-7.51708333333332
LV3711,Latvia,LV,LV0,LV00,LV009,Zemgale,22.9169711538124,0.249391025641667,0.378611111111667,2668.84224359318,-5.60200854701665,-7.51708333333332
LV3713,Latvia,LV,LV0,LV00,LV009,Zemgale,22.9169711538124,0.249391025641667,0.378611111111667,2668.84224359318,-5.60200854701665,-7.51708333333332
LV3714,Latvia,LV,LV0,LV00,LV009,Zemgale,22.9169711538124,0.249391025641667,0.378611111111667,2668.84224359318,-5.60200854701665,-7.51708333333332
LV3716,Latvia,LV,LV0,LV00,LV009,Zemgale,22.9169711538124,0.249391025641667,0.378611111111667,2668.84224359318,-5.60200854701665,-7.51708333333332
LV3717,Latvia,LV,LV0,LV00,LV009,Zemgale,22.9169711538124,0.249391025641667,0.378611111111667,2668.84224359318,-5.60200854701665,-7.51708333333332
LV3718,Latvia,LV,LV0,LV00,LV009,Zemgale,22.9169711538124,0.249391025641667,0.378611111111667,2668.84224359318,-5.60200854701665,-7.51708333333332
LV3719,Latvia,LV,LV0,LV00,LV009,Zemgale,22.9169711538124,0.249391025641667,0.378611111111667,2668.84224359318,-5.60200854701665,-7.51708333333332
LV3721,Latvia,LV,LV0,LV00,LV009,Zemgale,22.9169711538124,0.249391025641667,0.378611111111667,2668.84224359318,-5.60200854701665,-7.51708333333332
LV3722,Latvia,LV,LV0,LV00,LV009,Zemgale,22.9169711538124,0.249391025641667,0.378611111111667,2668.84224359318,-5.60200854701665,-7.51708333333332
LV3723,Latvia,LV,LV0,LV00,LV009,Zemgale,22.9169711538124,0.249391025641667,0.378611111111667,2668.84224359318,-5.60200854701665,-7.51708333333332
LV3724,Latvia,LV,LV0,LV00,LV009,Zemgale,22.9169711538124,0.249391025641667,0.378611111111667,2668.84224359318,-5.60200854701665,-7.51708333333332
LV3725,Latvia,LV,LV0,LV00,LV009,Zemgale,22.9169711538124,0.249391025641667,0.378611111111667,2668.84224359318,-5.60200854701665,-7.51708333333332
LV3729,Latvia,LV,LV0,LV00,LV009,Zemgale,22.9169711538124,0.249391025641667,0.378611111111667,2668.84224359318,-5.60200854701665,-7.51708333333332
LV3730,Latvia,LV,LV0,LV00,LV009,Zemgale,22.9169711538124,0.249391025641667,0.378611111111667,2668.84224359318,-5.60200854701665,-7.51708333333332
LV3731,Latvia,LV,LV0,LV00,LV009,Zemgale,22.9169711538124,0.249391025641667,0.378611111111667,2668.84224359318,-5.60200854701665,-7.51708333333332
LV3732,Latvia,LV,LV0,LV00,LV009,Zemgale,22.9169711538124,0.249391025641667,0.378611111111667,2668.84224359318,-5.60200854701665,-7.51708333333332
LV3901,Latvia,LV,LV0,LV00,LV009,Zemgale,22.9169711538124,0.249391025641667,0.378611111111667,2668.84224359318,-5.60200854701665,-7.51708333333332
LV3905,Latvia,LV,LV0,LV00,LV009,Zemgale,22.9169711538124,0.249391025641667,0.378611111111667,2668.84224359318,-5.60200854701665,-7.51708333333332
LV3906,Latvia,LV,LV0,LV00,LV009,Zemgale,22.9169711538124,0.249391025641667,0.378611111111667,2668.84224359318,-5.60200854701665,-7.51708333333332
LV3907,Latvia,LV,LV0,LV00,LV009,Zemgale,22.9169711538124,0.249391025641667,0.378611111111667,2668.84224359318,-5.60200854701665,-7.51708333333332
LV3908,Latvia,LV,LV0,LV00,LV009,Zemgale,22.9169711538124,0.249391025641667,0.378611111111667,2668.84224359318,-5.60200854701665,-7.51708333333332
LV3910,Latvia,LV,LV0,LV00,LV009,Zemgale,22.9169711538124,0.249391025641667,0.378611111111667,2668.84224359318,-5.60200854701665,-7.51708333333332
LV3913,Latvia,LV,LV0,LV00,LV009,Zemgale,22.9169711538124,0.249391025641667,0.378611111111667,2668.84224359318,-5.60200854701665,-7.51708333333332
LV3914,Latvia,LV,LV0,LV00,LV009,Zemgale,22.9169711538124,0.249391025641667,0.378611111111667,2668.84224359318,-5.60200854701665,-7.51708333333332
LV3915,Latvia,LV,LV0,LV00,LV009,Zemgale,22.9169711538124,0.249391025641667,0.378611111111667,2668.84224359318,-5.60200854701665,-7.51708333333332
LV3917,Latvia,LV,LV0,LV00,LV009,Zemgale,22.9169711538124,0.249391025641667,0.378611111111667,2668.84224359318,-5.60200854701665,-7.51708333333332
LV3918,Latvia,LV,LV0,LV00,LV009,Zemgale,22.9169711538124,0.249391025641667,0.378611111111667,2668.84224359318,-5.60200854701665,-7.51708333333332
LV3921,Latvia,LV,LV0,LV00,LV009,Zemgale,22.9169711538124,0.249391025641667,0.378611111111667,2668.84224359318,-5.60200854701665,-7.51708333333332
LV3924,Latvia,LV,LV0,LV00,LV009,Zemgale,22.9169711538124,0.249391025641667,0.378611111111667,2668.84224359318,-5.60200854701665,-7.51708333333332
LV3925,Latvia,LV,LV0,LV00,LV009,Zemgale,22.9169711538124,0.249391025641667,0.378611111111667,2668.84224359318,-5.60200854701665,-7.51708333333332
LV3926,Latvia,LV,LV0,LV00,LV009,Zemgale,22.9169711538124,0.249391025641667,0.378611111111667,2668.84224359318,-5.60200854701665,-7.51708333333332
LV3927,Latvia,LV,LV0,LV00,LV009,Zemgale,22.9169711538124,0.249391025641667,0.378611111111667,2668.84224359318,-5.60200854701665,-7.51708333333332
LV3929,Latvia,LV,LV0,LV00,LV009,Zemgale,22.9169711538124,0.249391025641667,0.378611111111667,2668.84224359318,-5.60200854701665,-7.51708333333332
LV3931,Latvia,LV,LV0,LV00,LV009,Zemgale,22.9169711538124,0.249391025641667,0.378611111111667,2668.84224359318,-5.60200854701665,-7.51708333333332
LV3932,Latvia,LV,LV0,LV00,LV009,Zemgale,22.9169711538124,0.249391025641667,0.378611111111667,2668.84224359318,-5.60200854701665,-7.51708333333332
LV3933,Latvia,LV,LV0,LV00,LV009,Zemgale,22.9169711538124,0.249391025641667,0.378611111111667,2668.84224359318,-5.60200854701665,-7.51708333333332
LV3936,Latvia,LV,LV0,LV00,LV009,Zemgale,22.9169711538124,0.249391025641667,0.378611111111667,2668.84224359318,-5.60200854701665,-7.51708333333332
LV5101,Latvia,LV,LV0,LV00,LV009,Zemgale,22.9169711538124,0.249391025641667,0.378611111111667,2668.84224359318,-5.60200854701665,-7.51708333333332
LV5106,Latvia,LV,LV0,LV00,LV009,Zemgale,22.9169711538124,0.249391025641667,0.378611111111667,2668.84224359318,-5.60200854701665,-7.51708333333332
LV5108,Latvia,LV,LV0,LV00,LV009,Zemgale,22.9169711538124,0.249391025641667,0.378611111111667,2668.84224359318,-5.60200854701665,-7.51708333333332
LV5109,Latvia,LV,LV0,LV00,LV009,Zemgale,22.9169711538124,0.249391025641667,0.378611111111667,2668.84224359318,-5.60200854701665,-7.51708333333332
LV5110,Latvia,LV,LV0,LV00,LV009,Zemgale,22.9169711538124,0.249391025641667,0.378611111111667,2668.84224359318,-5.60200854701665,-7.51708333333332
LV5111,Latvia,LV,LV0,LV00,LV009,Zemgale,22.9169711538124,0.249391025641667,0.378611111111667,2668.84224359318,-5.60200854701665,-7.51708333333332
LV5112,Latvia,LV,LV0,LV00,LV009,Zemgale,22.9169711538124,0.249391025641667,0.378611111111667,2668.84224359318,-5.60200854701665,-7.51708333333332
LV5113,Latvia,LV,LV0,LV00,LV009,Zemgale,22.9169711538124,0.249391025641667,0.378611111111667,2668.84224359318,-5.60200854701665,-7.51708333333332
LV5115,Latvia,LV,LV0,LV00,LV009,Zemgale,22.9169711538124,0.249391025641667,0.378611111111667,2668.84224359318,-5.60200854701665,-7.51708333333332
LV5118,Latvia,LV,LV0,LV00,LV009,Zemgale,22.9169711538124,0.249391025641667,0.378611111111667,2668.84224359318,-5.60200854701665,-7.51708333333332
LV5120,Latvia,LV,LV0,LV00,LV009,Zemgale,22.9169711538124,0.249391025641667,0.378611111111667,2668.84224359318,-5.60200854701665,-7.51708333333332
LV5123,Latvia,LV,LV0,LV00,LV009,Zemgale,22.9169711538124,0.249391025641667,0.378611111111667,2668.84224359318,-5.60200854701665,-7.51708333333332
LV5124,Latvia,LV,LV0,LV00,LV009,Zemgale,22.9169711538124,0.249391025641667,0.378611111111667,2668.84224359318,-5.60200854701665,-7.51708333333332
LV5125,Latvia,LV,LV0,LV00,LV009,Zemgale,22.9169711538124,0.249391025641667,0.378611111111667,2668.84224359318,-5.60200854701665,-7.51708333333332
LV5128,Latvia,LV,LV0,LV00,LV009,Zemgale,22.9169711538124,0.249391025641667,0.378611111111667,2668.84224359318,-5.60200854701665,-7.51708333333332
LV5129,Latvia,LV,LV0,LV00,LV009,Zemgale,22.9169711538124,0.249391025641667,0.378611111111667,2668.84224359318,-5.60200854701665,-7.51708333333332
LV5130,Latvia,LV,LV0,LV00,LV009,Zemgale,22.9169711538124,0.249391025641667,0.378611111111667,2668.84224359318,-5.60200854701665,-7.51708333333332
LV5133,Latvia,LV,LV0,LV00,LV009,Zemgale,22.9169711538124,0.249391025641667,0.378611111111667,2668.84224359318,-5.60200854701665,-7.51708333333332
LV5135,Latvia,LV,LV0,LV00,LV009,Zemgale,22.9169711538124,0.249391025641667,0.378611111111667,2668.84224359318,-5.60200854701665,-7.51708333333332
LV5201,Latvia,LV,LV0,LV00,LV009,Zemgale,22.9169711538124,0.249391025641667,0.378611111111667,2668.84224359318,-5.60200854701665,-7.51708333333332
LV5204,Latvia,LV,LV0,LV00,LV009,Zemgale,22.9169711538124,0.249391025641667,0.378611111111667,2668.84224359318,-5.60200854701665,-7.51708333333332
LV5209,Latvia,LV,LV0,LV00,LV009,Zemgale,22.9169711538124,0.249391025641667,0.378611111111667,2668.84224359318,-5.60200854701665,-7.51708333333332
LV5210,Latvia,LV,LV0,LV00,LV009,Zemgale,22.9169711538124,0.249391025641667,0.378611111111667,2668.84224359318,-5.60200854701665,-7.51708333333332
LV5211,Latvia,LV,LV0,LV00,LV009,Zemgale,22.9169711538124,0.249391025641667,0.378611111111667,2668.84224359318,-5.60200854701665,-7.51708333333332
LV5212,Latvia,LV,LV0,LV00,LV009,Zemgale,22.9169711538124,0.249391025641667,0.378611111111667,2668.84224359318,-5.60200854701665,-7.51708333333332
LV5214,Latvia,LV,LV0,LV00,LV009,Zemgale,22.9169711538124,0.249391025641667,0.378611111111667,2668.84224359318,-5.60200854701665,-7.51708333333332
LV5215,Latvia,LV,LV0,LV00,LV009,Zemgale,22.9169711538124,0.249391025641667,0.378611111111667,2668.84224359318,-5.60200854701665,-7.51708333333332
LV5217,Latvia,LV,LV0,LV00,LV009,Zemgale,22.9169711538124,0.249391025641667,0.378611111111667,2668.84224359318,-5.60200854701665,-7.51708333333332
LV5218,Latvia,LV,LV0,LV00,LV009,Zemgale,22.9169711538124,0.249391025641667,0.378611111111667,2668.84224359318,-5.60200854701665,-7.51708333333332
LV5220,Latvia,LV,LV0,LV00,LV009,Zemgale,22.9169711538124,0.249391025641667,0.378611111111667,2668.84224359318,-5.60200854701665,-7.51708333333332
LV5221,Latvia,LV,LV0,LV00,LV009,Zemgale,22.9169711538124,0.249391025641667,0.378611111111667,2668.84224359318,-5.60200854701665,-7.51708333333332
LV5222,Latvia,LV,LV0,LV00,LV009,Zemgale,22.9169711538124,0.249391025641667,0.378611111111667,2668.84224359318,-5.60200854701665,-7.51708333333332
LV5223,Latvia,LV,LV0,LV00,LV009,Zemgale,22.9169711538124,0.249391025641667,0.378611111111667,2668.84224359318,-5.60200854701665,-7.51708333333332
LV5224,Latvia,LV,LV0,LV00,LV009,Zemgale,22.9169711538124,0.249391025641667,0.378611111111667,2668.84224359318,-5.60200854701665,-7.51708333333332
LV5226,Latvia,LV,LV0,LV00,LV009,Zemgale,22.9169711538124,0.249391025641667,0.378611111111667,2668.84224359318,-5.60200854701665,-7.51708333333332
LV5229,Latvia,LV,LV0,LV00,LV009,Zemgale,22.9169711538124,0.249391025641667,0.378611111111667,2668.84224359318,-5.60200854701665,-7.51708333333332
LV5230,Latvia,LV,LV0,LV00,LV009,Zemgale,22.9169711538124,0.249391025641667,0.378611111111667,2668.84224359318,-5.60200854701665,-7.51708333333332
LV5232,Latvia,LV,LV0,LV00,LV009,Zemgale,22.9169711538124,0.249391025641667,0.378611111111667,2668.84224359318,-5.60200854701665,-7.51708333333332
LV5236,Latvia,LV,LV0,LV00,LV009,Zemgale,22.9169711538124,0.249391025641667,0.378611111111667,2668.84224359318,-5.60200854701665,-7.51708333333332
LV5237,Latvia,LV,LV0,LV00,LV009,Zemgale,22.9169711538124,0.249391025641667,0.378611111111667,2668.84224359318,-5.60200854701665,-7.51708333333332
LV5238,Latvia,LV,LV0,LV00,LV009,Zemgale,22.9169711538124,0.249391025641667,0.378611111111667,2668.84224359318,-5.60200854701665,-7.51708333333332
LV5239,Latvia,LV,LV0,LV00,LV009,Zemgale,22.9169711538124,0.249391025641667,0.378611111111667,2668.84224359318,-5.60200854701665,-7.51708333333332
