ZIP Code,Country,NUTS 0,NUTS 1,NUTS 2,NUTS 3,NUTS 3 Name,CDD_2024,CDD_45_pa,CDD_85_pa,HDD_2024,HDD_45_pa,HDD_85_pa
,Slovakia,SK,,,,Slovakia,125.67,0.838081066615,1.02145345339979,2668.72,-4.60500242828333,-6.79096351706874
SK053 01,Slovakia,SK,SK0,SK04,SK041,Prešovský kraj,41.38,0.544712643678333,0.697227011494998,2932.25,-4.97362068965,-7.31248563218333
SK053 02,Slovakia,SK,SK0,SK04,SK041,Prešovský kraj,41.38,0.544712643678333,0.697227011494998,2932.25,-4.97362068965,-7.31248563218333
SK053 03,Slovakia,SK,SK0,SK04,SK041,Prešovský kraj,41.38,0.544712643678333,0.697227011494998,2932.25,-4.97362068965,-7.31248563218333
SK053 04,Slovakia,SK,SK0,SK04,SK041,Prešovský kraj,41.38,0.544712643678333,0.697227011494998,2932.25,-4.97362068965,-7.31248563218333
SK053 05,Slovakia,SK,SK0,SK04,SK041,Prešovský kraj,41.38,0.544712643678333,0.697227011494998,2932.25,-4.97362068965,-7.31248563218333
SK053 06,Slovakia,SK,SK0,SK04,SK041,Prešovský kraj,41.38,0.544712643678333,0.697227011494998,2932.25,-4.97362068965,-7.31248563218333
SK053 13,Slovakia,SK,SK0,SK04,SK041,Prešovský kraj,41.38,0.544712643678333,0.697227011494998,2932.25,-4.97362068965,-7.31248563218333
SK053 14,Slovakia,SK,SK0,SK04,SK041,Prešovský kraj,41.38,0.544712643678333,0.697227011494998,2932.25,-4.97362068965,-7.31248563218333
SK053 71,Slovakia,SK,SK0,SK04,SK041,Prešovský kraj,41.38,0.544712643678333,0.697227011494998,2932.25,-4.97362068965,-7.31248563218333
SK053 73,Slovakia,SK,SK0,SK04,SK041,Prešovský kraj,41.38,0.544712643678333,0.697227011494998,2932.25,-4.97362068965,-7.31248563218333
SK054 01,Slovakia,SK,SK0,SK04,SK041,Prešovský kraj,41.38,0.544712643678333,0.697227011494998,2932.25,-4.97362068965,-7.31248563218333
SK058 01,Slovakia,SK,SK0,SK04,SK041,Prešovský kraj,41.38,0.544712643678333,0.697227011494998,2932.25,-4.97362068965,-7.31248563218333
SK059 01,Slovakia,SK,SK0,SK04,SK041,Prešovský kraj,41.38,0.544712643678333,0.697227011494998,2932.25,-4.97362068965,-7.31248563218333
SK059 02,Slovakia,SK,SK0,SK04,SK041,Prešovský kraj,41.38,0.544712643678333,0.697227011494998,2932.25,-4.97362068965,-7.31248563218333
SK059 04,Slovakia,SK,SK0,SK04,SK041,Prešovský kraj,41.38,0.544712643678333,0.697227011494998,2932.25,-4.97362068965,-7.31248563218333
SK059 06,Slovakia,SK,SK0,SK04,SK041,Prešovský kraj,41.38,0.544712643678333,0.697227011494998,2932.25,-4.97362068965,-7.31248563218333
SK059 07,Slovakia,SK,SK0,SK04,SK041,Prešovský kraj,41.38,0.544712643678333,0.697227011494998,2932.25,-4.97362068965,-7.31248563218333
SK059 11,Slovakia,SK,SK0,SK04,SK041,Prešovský kraj,41.38,0.544712643678333,0.697227011494998,2932.25,-4.97362068965,-7.31248563218333
SK059 12,Slovakia,SK,SK0,SK04,SK041,Prešovský kraj,41.38,0.544712643678333,0.697227011494998,2932.25,-4.97362068965,-7.31248563218333
SK059 13,Slovakia,SK,SK0,SK04,SK041,Prešovský kraj,41.38,0.544712643678333,0.697227011494998,2932.25,-4.97362068965,-7.31248563218333
SK059 14,Slovakia,SK,SK0,SK04,SK041,Prešovský kraj,41.38,0.544712643678333,0.697227011494998,2932.25,-4.97362068965,-7.31248563218333
SK059 16,Slovakia,SK,SK0,SK04,SK041,Prešovský kraj,41.38,0.544712643678333,0.697227011494998,2932.25,-4.97362068965,-7.31248563218333
SK059 17,Slovakia,SK,SK0,SK04,SK041,Prešovský kraj,41.38,0.544712643678333,0.697227011494998,2932.25,-4.97362068965,-7.31248563218333
SK059 18,Slovakia,SK,SK0,SK04,SK041,Prešovský kraj,41.38,0.544712643678333,0.697227011494998,2932.25,-4.97362068965,-7.31248563218333
SK059 19,Slovakia,SK,SK0,SK04,SK041,Prešovský kraj,41.38,0.544712643678333,0.697227011494998,2932.25,-4.97362068965,-7.31248563218333
SK059 21,Slovakia,SK,SK0,SK04,SK041,Prešovský kraj,41.38,0.544712643678333,0.697227011494998,2932.25,-4.97362068965,-7.31248563218333
SK059 31,Slovakia,SK,SK0,SK04,SK041,Prešovský kraj,41.38,0.544712643678333,0.697227011494998,2932.25,-4.97362068965,-7.31248563218333
SK059 34,Slovakia,SK,SK0,SK04,SK041,Prešovský kraj,41.38,0.544712643678333,0.697227011494998,2932.25,-4.97362068965,-7.31248563218333
SK059 35,Slovakia,SK,SK0,SK04,SK041,Prešovský kraj,41.38,0.544712643678333,0.697227011494998,2932.25,-4.97362068965,-7.31248563218333
SK059 36,Slovakia,SK,SK0,SK04,SK041,Prešovský kraj,41.38,0.544712643678333,0.697227011494998,2932.25,-4.97362068965,-7.31248563218333
SK059 37,Slovakia,SK,SK0,SK04,SK041,Prešovský kraj,41.38,0.544712643678333,0.697227011494998,2932.25,-4.97362068965,-7.31248563218333
SK059 38,Slovakia,SK,SK0,SK04,SK041,Prešovský kraj,41.38,0.544712643678333,0.697227011494998,2932.25,-4.97362068965,-7.31248563218333
SK059 39,Slovakia,SK,SK0,SK04,SK041,Prešovský kraj,41.38,0.544712643678333,0.697227011494998,2932.25,-4.97362068965,-7.31248563218333
SK059 40,Slovakia,SK,SK0,SK04,SK041,Prešovský kraj,41.38,0.544712643678333,0.697227011494998,2932.25,-4.97362068965,-7.31248563218333
SK059 41,Slovakia,SK,SK0,SK04,SK041,Prešovský kraj,41.38,0.544712643678333,0.697227011494998,2932.25,-4.97362068965,-7.31248563218333
SK059 42,Slovakia,SK,SK0,SK04,SK041,Prešovský kraj,41.38,0.544712643678333,0.697227011494998,2932.25,-4.97362068965,-7.31248563218333
SK059 51,Slovakia,SK,SK0,SK04,SK041,Prešovský kraj,41.38,0.544712643678333,0.697227011494998,2932.25,-4.97362068965,-7.31248563218333
SK059 52,Slovakia,SK,SK0,SK04,SK041,Prešovský kraj,41.38,0.544712643678333,0.697227011494998,2932.25,-4.97362068965,-7.31248563218333
SK059 54,Slovakia,SK,SK0,SK04,SK041,Prešovský kraj,41.38,0.544712643678333,0.697227011494998,2932.25,-4.97362068965,-7.31248563218333
SK059 55,Slovakia,SK,SK0,SK04,SK041,Prešovský kraj,41.38,0.544712643678333,0.697227011494998,2932.25,-4.97362068965,-7.31248563218333
SK059 56,Slovakia,SK,SK0,SK04,SK041,Prešovský kraj,41.38,0.544712643678333,0.697227011494998,2932.25,-4.97362068965,-7.31248563218333
SK059 60,Slovakia,SK,SK0,SK04,SK041,Prešovský kraj,41.38,0.544712643678333,0.697227011494998,2932.25,-4.97362068965,-7.31248563218333
SK059 71,Slovakia,SK,SK0,SK04,SK041,Prešovský kraj,41.38,0.544712643678333,0.697227011494998,2932.25,-4.97362068965,-7.31248563218333
SK059 72,Slovakia,SK,SK0,SK04,SK041,Prešovský kraj,41.38,0.544712643678333,0.697227011494998,2932.25,-4.97362068965,-7.31248563218333
SK059 73,Slovakia,SK,SK0,SK04,SK041,Prešovský kraj,41.38,0.544712643678333,0.697227011494998,2932.25,-4.97362068965,-7.31248563218333
SK059 76,Slovakia,SK,SK0,SK04,SK041,Prešovský kraj,41.38,0.544712643678333,0.697227011494998,2932.25,-4.97362068965,-7.31248563218333
SK059 78,Slovakia,SK,SK0,SK04,SK041,Prešovský kraj,41.38,0.544712643678333,0.697227011494998,2932.25,-4.97362068965,-7.31248563218333
SK059 79,Slovakia,SK,SK0,SK04,SK041,Prešovský kraj,41.38,0.544712643678333,0.697227011494998,2932.25,-4.97362068965,-7.31248563218333
SK059 81,Slovakia,SK,SK0,SK04,SK041,Prešovský kraj,41.38,0.544712643678333,0.697227011494998,2932.25,-4.97362068965,-7.31248563218333
SK059 83,Slovakia,SK,SK0,SK04,SK041,Prešovský kraj,41.38,0.544712643678333,0.697227011494998,2932.25,-4.97362068965,-7.31248563218333
SK059 84,Slovakia,SK,SK0,SK04,SK041,Prešovský kraj,41.38,0.544712643678333,0.697227011494998,2932.25,-4.97362068965,-7.31248563218333
SK059 85,Slovakia,SK,SK0,SK04,SK041,Prešovský kraj,41.38,0.544712643678333,0.697227011494998,2932.25,-4.97362068965,-7.31248563218333
SK059 86,Slovakia,SK,SK0,SK04,SK041,Prešovský kraj,41.38,0.544712643678333,0.697227011494998,2932.25,-4.97362068965,-7.31248563218333
SK059 91,Slovakia,SK,SK0,SK04,SK041,Prešovský kraj,41.38,0.544712643678333,0.697227011494998,2932.25,-4.97362068965,-7.31248563218333
SK059 92,Slovakia,SK,SK0,SK04,SK041,Prešovský kraj,41.38,0.544712643678333,0.697227011494998,2932.25,-4.97362068965,-7.31248563218333
SK059 93,Slovakia,SK,SK0,SK04,SK041,Prešovský kraj,41.38,0.544712643678333,0.697227011494998,2932.25,-4.97362068965,-7.31248563218333
SK059 94,Slovakia,SK,SK0,SK04,SK041,Prešovský kraj,41.38,0.544712643678333,0.697227011494998,2932.25,-4.97362068965,-7.31248563218333
SK059 95,Slovakia,SK,SK0,SK04,SK041,Prešovský kraj,41.38,0.544712643678333,0.697227011494998,2932.25,-4.97362068965,-7.31248563218333
SK060 01,Slovakia,SK,SK0,SK04,SK041,Prešovský kraj,41.38,0.544712643678333,0.697227011494998,2932.25,-4.97362068965,-7.31248563218333
SK061 01,Slovakia,SK,SK0,SK04,SK041,Prešovský kraj,41.38,0.544712643678333,0.697227011494998,2932.25,-4.97362068965,-7.31248563218333
SK062 01,Slovakia,SK,SK0,SK04,SK041,Prešovský kraj,41.38,0.544712643678333,0.697227011494998,2932.25,-4.97362068965,-7.31248563218333
SK064 01,Slovakia,SK,SK0,SK04,SK041,Prešovský kraj,41.38,0.544712643678333,0.697227011494998,2932.25,-4.97362068965,-7.31248563218333
SK065 01,Slovakia,SK,SK0,SK04,SK041,Prešovský kraj,41.38,0.544712643678333,0.697227011494998,2932.25,-4.97362068965,-7.31248563218333
SK065 02,Slovakia,SK,SK0,SK04,SK041,Prešovský kraj,41.38,0.544712643678333,0.697227011494998,2932.25,-4.97362068965,-7.31248563218333
SK065 03,Slovakia,SK,SK0,SK04,SK041,Prešovský kraj,41.38,0.544712643678333,0.697227011494998,2932.25,-4.97362068965,-7.31248563218333
SK065 11,Slovakia,SK,SK0,SK04,SK041,Prešovský kraj,41.38,0.544712643678333,0.697227011494998,2932.25,-4.97362068965,-7.31248563218333
SK065 12,Slovakia,SK,SK0,SK04,SK041,Prešovský kraj,41.38,0.544712643678333,0.697227011494998,2932.25,-4.97362068965,-7.31248563218333
SK065 22,Slovakia,SK,SK0,SK04,SK041,Prešovský kraj,41.38,0.544712643678333,0.697227011494998,2932.25,-4.97362068965,-7.31248563218333
SK065 31,Slovakia,SK,SK0,SK04,SK041,Prešovský kraj,41.38,0.544712643678333,0.697227011494998,2932.25,-4.97362068965,-7.31248563218333
SK065 32,Slovakia,SK,SK0,SK04,SK041,Prešovský kraj,41.38,0.544712643678333,0.697227011494998,2932.25,-4.97362068965,-7.31248563218333
SK065 33,Slovakia,SK,SK0,SK04,SK041,Prešovský kraj,41.38,0.544712643678333,0.697227011494998,2932.25,-4.97362068965,-7.31248563218333
SK065 34,Slovakia,SK,SK0,SK04,SK041,Prešovský kraj,41.38,0.544712643678333,0.697227011494998,2932.25,-4.97362068965,-7.31248563218333
SK065 41,Slovakia,SK,SK0,SK04,SK041,Prešovský kraj,41.38,0.544712643678333,0.697227011494998,2932.25,-4.97362068965,-7.31248563218333
SK065 42,Slovakia,SK,SK0,SK04,SK041,Prešovský kraj,41.38,0.544712643678333,0.697227011494998,2932.25,-4.97362068965,-7.31248563218333
SK065 43,Slovakia,SK,SK0,SK04,SK041,Prešovský kraj,41.38,0.544712643678333,0.697227011494998,2932.25,-4.97362068965,-7.31248563218333
SK065 44,Slovakia,SK,SK0,SK04,SK041,Prešovský kraj,41.38,0.544712643678333,0.697227011494998,2932.25,-4.97362068965,-7.31248563218333
SK065 45,Slovakia,SK,SK0,SK04,SK041,Prešovský kraj,41.38,0.544712643678333,0.697227011494998,2932.25,-4.97362068965,-7.31248563218333
SK065 46,Slovakia,SK,SK0,SK04,SK041,Prešovský kraj,41.38,0.544712643678333,0.697227011494998,2932.25,-4.97362068965,-7.31248563218333
SK065 48,Slovakia,SK,SK0,SK04,SK041,Prešovský kraj,41.38,0.544712643678333,0.697227011494998,2932.25,-4.97362068965,-7.31248563218333
SK066 01,Slovakia,SK,SK0,SK04,SK041,Prešovský kraj,41.38,0.544712643678333,0.697227011494998,2932.25,-4.97362068965,-7.31248563218333
SK067 01,Slovakia,SK,SK0,SK04,SK041,Prešovský kraj,41.38,0.544712643678333,0.697227011494998,2932.25,-4.97362068965,-7.31248563218333
SK067 02,Slovakia,SK,SK0,SK04,SK041,Prešovský kraj,41.38,0.544712643678333,0.697227011494998,2932.25,-4.97362068965,-7.31248563218333
SK067 04,Slovakia,SK,SK0,SK04,SK041,Prešovský kraj,41.38,0.544712643678333,0.697227011494998,2932.25,-4.97362068965,-7.31248563218333
SK067 11,Slovakia,SK,SK0,SK04,SK041,Prešovský kraj,41.38,0.544712643678333,0.697227011494998,2932.25,-4.97362068965,-7.31248563218333
SK067 12,Slovakia,SK,SK0,SK04,SK041,Prešovský kraj,41.38,0.544712643678333,0.697227011494998,2932.25,-4.97362068965,-7.31248563218333
SK067 13,Slovakia,SK,SK0,SK04,SK041,Prešovský kraj,41.38,0.544712643678333,0.697227011494998,2932.25,-4.97362068965,-7.31248563218333
SK067 16,Slovakia,SK,SK0,SK04,SK041,Prešovský kraj,41.38,0.544712643678333,0.697227011494998,2932.25,-4.97362068965,-7.31248563218333
SK067 22,Slovakia,SK,SK0,SK04,SK041,Prešovský kraj,41.38,0.544712643678333,0.697227011494998,2932.25,-4.97362068965,-7.31248563218333
SK067 23,Slovakia,SK,SK0,SK04,SK041,Prešovský kraj,41.38,0.544712643678333,0.697227011494998,2932.25,-4.97362068965,-7.31248563218333
SK067 24,Slovakia,SK,SK0,SK04,SK041,Prešovský kraj,41.38,0.544712643678333,0.697227011494998,2932.25,-4.97362068965,-7.31248563218333
SK067 31,Slovakia,SK,SK0,SK04,SK041,Prešovský kraj,41.38,0.544712643678333,0.697227011494998,2932.25,-4.97362068965,-7.31248563218333
SK067 32,Slovakia,SK,SK0,SK04,SK041,Prešovský kraj,41.38,0.544712643678333,0.697227011494998,2932.25,-4.97362068965,-7.31248563218333
SK067 33,Slovakia,SK,SK0,SK04,SK041,Prešovský kraj,41.38,0.544712643678333,0.697227011494998,2932.25,-4.97362068965,-7.31248563218333
SK067 34,Slovakia,SK,SK0,SK04,SK041,Prešovský kraj,41.38,0.544712643678333,0.697227011494998,2932.25,-4.97362068965,-7.31248563218333
SK067 35,Slovakia,SK,SK0,SK04,SK041,Prešovský kraj,41.38,0.544712643678333,0.697227011494998,2932.25,-4.97362068965,-7.31248563218333
SK067 41,Slovakia,SK,SK0,SK04,SK041,Prešovský kraj,41.38,0.544712643678333,0.697227011494998,2932.25,-4.97362068965,-7.31248563218333
SK067 45,Slovakia,SK,SK0,SK04,SK041,Prešovský kraj,41.38,0.544712643678333,0.697227011494998,2932.25,-4.97362068965,-7.31248563218333
SK067 52,Slovakia,SK,SK0,SK04,SK041,Prešovský kraj,41.38,0.544712643678333,0.697227011494998,2932.25,-4.97362068965,-7.31248563218333
SK067 61,Slovakia,SK,SK0,SK04,SK041,Prešovský kraj,41.38,0.544712643678333,0.697227011494998,2932.25,-4.97362068965,-7.31248563218333
SK067 65,Slovakia,SK,SK0,SK04,SK041,Prešovský kraj,41.38,0.544712643678333,0.697227011494998,2932.25,-4.97362068965,-7.31248563218333
SK067 66,Slovakia,SK,SK0,SK04,SK041,Prešovský kraj,41.38,0.544712643678333,0.697227011494998,2932.25,-4.97362068965,-7.31248563218333
SK067 67,Slovakia,SK,SK0,SK04,SK041,Prešovský kraj,41.38,0.544712643678333,0.697227011494998,2932.25,-4.97362068965,-7.31248563218333
SK067 68,Slovakia,SK,SK0,SK04,SK041,Prešovský kraj,41.38,0.544712643678333,0.697227011494998,2932.25,-4.97362068965,-7.31248563218333
SK067 71,Slovakia,SK,SK0,SK04,SK041,Prešovský kraj,41.38,0.544712643678333,0.697227011494998,2932.25,-4.97362068965,-7.31248563218333
SK067 72,Slovakia,SK,SK0,SK04,SK041,Prešovský kraj,41.38,0.544712643678333,0.697227011494998,2932.25,-4.97362068965,-7.31248563218333
SK067 73,Slovakia,SK,SK0,SK04,SK041,Prešovský kraj,41.38,0.544712643678333,0.697227011494998,2932.25,-4.97362068965,-7.31248563218333
SK067 77,Slovakia,SK,SK0,SK04,SK041,Prešovský kraj,41.38,0.544712643678333,0.697227011494998,2932.25,-4.97362068965,-7.31248563218333
SK067 81,Slovakia,SK,SK0,SK04,SK041,Prešovský kraj,41.38,0.544712643678333,0.697227011494998,2932.25,-4.97362068965,-7.31248563218333
SK067 82,Slovakia,SK,SK0,SK04,SK041,Prešovský kraj,41.38,0.544712643678333,0.697227011494998,2932.25,-4.97362068965,-7.31248563218333
SK067 83,Slovakia,SK,SK0,SK04,SK041,Prešovský kraj,41.38,0.544712643678333,0.697227011494998,2932.25,-4.97362068965,-7.31248563218333
SK068 01,Slovakia,SK,SK0,SK04,SK041,Prešovský kraj,41.38,0.544712643678333,0.697227011494998,2932.25,-4.97362068965,-7.31248563218333
SK069 01,Slovakia,SK,SK0,SK04,SK041,Prešovský kraj,41.38,0.544712643678333,0.697227011494998,2932.25,-4.97362068965,-7.31248563218333
SK080 01,Slovakia,SK,SK0,SK04,SK041,Prešovský kraj,41.38,0.544712643678333,0.697227011494998,2932.25,-4.97362068965,-7.31248563218333
SK080 05,Slovakia,SK,SK0,SK04,SK041,Prešovský kraj,41.38,0.544712643678333,0.697227011494998,2932.25,-4.97362068965,-7.31248563218333
SK080 06,Slovakia,SK,SK0,SK04,SK041,Prešovský kraj,41.38,0.544712643678333,0.697227011494998,2932.25,-4.97362068965,-7.31248563218333
SK082 01,Slovakia,SK,SK0,SK04,SK041,Prešovský kraj,41.38,0.544712643678333,0.697227011494998,2932.25,-4.97362068965,-7.31248563218333
SK082 03,Slovakia,SK,SK0,SK04,SK041,Prešovský kraj,41.38,0.544712643678333,0.697227011494998,2932.25,-4.97362068965,-7.31248563218333
SK082 04,Slovakia,SK,SK0,SK04,SK041,Prešovský kraj,41.38,0.544712643678333,0.697227011494998,2932.25,-4.97362068965,-7.31248563218333
SK082 05,Slovakia,SK,SK0,SK04,SK041,Prešovský kraj,41.38,0.544712643678333,0.697227011494998,2932.25,-4.97362068965,-7.31248563218333
SK082 06,Slovakia,SK,SK0,SK04,SK041,Prešovský kraj,41.38,0.544712643678333,0.697227011494998,2932.25,-4.97362068965,-7.31248563218333
SK082 07,Slovakia,SK,SK0,SK04,SK041,Prešovský kraj,41.38,0.544712643678333,0.697227011494998,2932.25,-4.97362068965,-7.31248563218333
SK082 12,Slovakia,SK,SK0,SK04,SK041,Prešovský kraj,41.38,0.544712643678333,0.697227011494998,2932.25,-4.97362068965,-7.31248563218333
SK082 13,Slovakia,SK,SK0,SK04,SK041,Prešovský kraj,41.38,0.544712643678333,0.697227011494998,2932.25,-4.97362068965,-7.31248563218333
SK082 14,Slovakia,SK,SK0,SK04,SK041,Prešovský kraj,41.38,0.544712643678333,0.697227011494998,2932.25,-4.97362068965,-7.31248563218333
SK082 15,Slovakia,SK,SK0,SK04,SK041,Prešovský kraj,41.38,0.544712643678333,0.697227011494998,2932.25,-4.97362068965,-7.31248563218333
SK082 16,Slovakia,SK,SK0,SK04,SK041,Prešovský kraj,41.38,0.544712643678333,0.697227011494998,2932.25,-4.97362068965,-7.31248563218333
SK082 21,Slovakia,SK,SK0,SK04,SK041,Prešovský kraj,41.38,0.544712643678333,0.697227011494998,2932.25,-4.97362068965,-7.31248563218333
SK082 22,Slovakia,SK,SK0,SK04,SK041,Prešovský kraj,41.38,0.544712643678333,0.697227011494998,2932.25,-4.97362068965,-7.31248563218333
SK082 32,Slovakia,SK,SK0,SK04,SK041,Prešovský kraj,41.38,0.544712643678333,0.697227011494998,2932.25,-4.97362068965,-7.31248563218333
SK082 33,Slovakia,SK,SK0,SK04,SK041,Prešovský kraj,41.38,0.544712643678333,0.697227011494998,2932.25,-4.97362068965,-7.31248563218333
SK082 35,Slovakia,SK,SK0,SK04,SK041,Prešovský kraj,41.38,0.544712643678333,0.697227011494998,2932.25,-4.97362068965,-7.31248563218333
SK082 36,Slovakia,SK,SK0,SK04,SK041,Prešovský kraj,41.38,0.544712643678333,0.697227011494998,2932.25,-4.97362068965,-7.31248563218333
SK082 37,Slovakia,SK,SK0,SK04,SK041,Prešovský kraj,41.38,0.544712643678333,0.697227011494998,2932.25,-4.97362068965,-7.31248563218333
SK082 38,Slovakia,SK,SK0,SK04,SK041,Prešovský kraj,41.38,0.544712643678333,0.697227011494998,2932.25,-4.97362068965,-7.31248563218333
SK082 41,Slovakia,SK,SK0,SK04,SK041,Prešovský kraj,41.38,0.544712643678333,0.697227011494998,2932.25,-4.97362068965,-7.31248563218333
SK082 42,Slovakia,SK,SK0,SK04,SK041,Prešovský kraj,41.38,0.544712643678333,0.697227011494998,2932.25,-4.97362068965,-7.31248563218333
SK082 43,Slovakia,SK,SK0,SK04,SK041,Prešovský kraj,41.38,0.544712643678333,0.697227011494998,2932.25,-4.97362068965,-7.31248563218333
SK082 44,Slovakia,SK,SK0,SK04,SK041,Prešovský kraj,41.38,0.544712643678333,0.697227011494998,2932.25,-4.97362068965,-7.31248563218333
SK082 52,Slovakia,SK,SK0,SK04,SK041,Prešovský kraj,41.38,0.544712643678333,0.697227011494998,2932.25,-4.97362068965,-7.31248563218333
SK082 53,Slovakia,SK,SK0,SK04,SK041,Prešovský kraj,41.38,0.544712643678333,0.697227011494998,2932.25,-4.97362068965,-7.31248563218333
SK082 56,Slovakia,SK,SK0,SK04,SK041,Prešovský kraj,41.38,0.544712643678333,0.697227011494998,2932.25,-4.97362068965,-7.31248563218333
SK082 57,Slovakia,SK,SK0,SK04,SK041,Prešovský kraj,41.38,0.544712643678333,0.697227011494998,2932.25,-4.97362068965,-7.31248563218333
SK082 61,Slovakia,SK,SK0,SK04,SK041,Prešovský kraj,41.38,0.544712643678333,0.697227011494998,2932.25,-4.97362068965,-7.31248563218333
SK082 63,Slovakia,SK,SK0,SK04,SK041,Prešovský kraj,41.38,0.544712643678333,0.697227011494998,2932.25,-4.97362068965,-7.31248563218333
SK082 66,Slovakia,SK,SK0,SK04,SK041,Prešovský kraj,41.38,0.544712643678333,0.697227011494998,2932.25,-4.97362068965,-7.31248563218333
SK082 67,Slovakia,SK,SK0,SK04,SK041,Prešovský kraj,41.38,0.544712643678333,0.697227011494998,2932.25,-4.97362068965,-7.31248563218333
SK082 71,Slovakia,SK,SK0,SK04,SK041,Prešovský kraj,41.38,0.544712643678333,0.697227011494998,2932.25,-4.97362068965,-7.31248563218333
SK082 73,Slovakia,SK,SK0,SK04,SK041,Prešovský kraj,41.38,0.544712643678333,0.697227011494998,2932.25,-4.97362068965,-7.31248563218333
SK082 74,Slovakia,SK,SK0,SK04,SK041,Prešovský kraj,41.38,0.544712643678333,0.697227011494998,2932.25,-4.97362068965,-7.31248563218333
SK082 75,Slovakia,SK,SK0,SK04,SK041,Prešovský kraj,41.38,0.544712643678333,0.697227011494998,2932.25,-4.97362068965,-7.31248563218333
SK082 76,Slovakia,SK,SK0,SK04,SK041,Prešovský kraj,41.38,0.544712643678333,0.697227011494998,2932.25,-4.97362068965,-7.31248563218333
SK083 01,Slovakia,SK,SK0,SK04,SK041,Prešovský kraj,41.38,0.544712643678333,0.697227011494998,2932.25,-4.97362068965,-7.31248563218333
SK085 01,Slovakia,SK,SK0,SK04,SK041,Prešovský kraj,41.38,0.544712643678333,0.697227011494998,2932.25,-4.97362068965,-7.31248563218333
SK086 01,Slovakia,SK,SK0,SK04,SK041,Prešovský kraj,41.38,0.544712643678333,0.697227011494998,2932.25,-4.97362068965,-7.31248563218333
SK086 02,Slovakia,SK,SK0,SK04,SK041,Prešovský kraj,41.38,0.544712643678333,0.697227011494998,2932.25,-4.97362068965,-7.31248563218333
SK086 04,Slovakia,SK,SK0,SK04,SK041,Prešovský kraj,41.38,0.544712643678333,0.697227011494998,2932.25,-4.97362068965,-7.31248563218333
SK086 05,Slovakia,SK,SK0,SK04,SK041,Prešovský kraj,41.38,0.544712643678333,0.697227011494998,2932.25,-4.97362068965,-7.31248563218333
SK086 06,Slovakia,SK,SK0,SK04,SK041,Prešovský kraj,41.38,0.544712643678333,0.697227011494998,2932.25,-4.97362068965,-7.31248563218333
SK086 11,Slovakia,SK,SK0,SK04,SK041,Prešovský kraj,41.38,0.544712643678333,0.697227011494998,2932.25,-4.97362068965,-7.31248563218333
SK086 12,Slovakia,SK,SK0,SK04,SK041,Prešovský kraj,41.38,0.544712643678333,0.697227011494998,2932.25,-4.97362068965,-7.31248563218333
SK086 14,Slovakia,SK,SK0,SK04,SK041,Prešovský kraj,41.38,0.544712643678333,0.697227011494998,2932.25,-4.97362068965,-7.31248563218333
SK086 21,Slovakia,SK,SK0,SK04,SK041,Prešovský kraj,41.38,0.544712643678333,0.697227011494998,2932.25,-4.97362068965,-7.31248563218333
SK086 22,Slovakia,SK,SK0,SK04,SK041,Prešovský kraj,41.38,0.544712643678333,0.697227011494998,2932.25,-4.97362068965,-7.31248563218333
SK086 31,Slovakia,SK,SK0,SK04,SK041,Prešovský kraj,41.38,0.544712643678333,0.697227011494998,2932.25,-4.97362068965,-7.31248563218333
SK086 33,Slovakia,SK,SK0,SK04,SK041,Prešovský kraj,41.38,0.544712643678333,0.697227011494998,2932.25,-4.97362068965,-7.31248563218333
SK086 35,Slovakia,SK,SK0,SK04,SK041,Prešovský kraj,41.38,0.544712643678333,0.697227011494998,2932.25,-4.97362068965,-7.31248563218333
SK086 36,Slovakia,SK,SK0,SK04,SK041,Prešovský kraj,41.38,0.544712643678333,0.697227011494998,2932.25,-4.97362068965,-7.31248563218333
SK086 37,Slovakia,SK,SK0,SK04,SK041,Prešovský kraj,41.38,0.544712643678333,0.697227011494998,2932.25,-4.97362068965,-7.31248563218333
SK086 41,Slovakia,SK,SK0,SK04,SK041,Prešovský kraj,41.38,0.544712643678333,0.697227011494998,2932.25,-4.97362068965,-7.31248563218333
SK086 42,Slovakia,SK,SK0,SK04,SK041,Prešovský kraj,41.38,0.544712643678333,0.697227011494998,2932.25,-4.97362068965,-7.31248563218333
SK086 43,Slovakia,SK,SK0,SK04,SK041,Prešovský kraj,41.38,0.544712643678333,0.697227011494998,2932.25,-4.97362068965,-7.31248563218333
SK086 44,Slovakia,SK,SK0,SK04,SK041,Prešovský kraj,41.38,0.544712643678333,0.697227011494998,2932.25,-4.97362068965,-7.31248563218333
SK086 45,Slovakia,SK,SK0,SK04,SK041,Prešovský kraj,41.38,0.544712643678333,0.697227011494998,2932.25,-4.97362068965,-7.31248563218333
SK086 46,Slovakia,SK,SK0,SK04,SK041,Prešovský kraj,41.38,0.544712643678333,0.697227011494998,2932.25,-4.97362068965,-7.31248563218333
SK087 01,Slovakia,SK,SK0,SK04,SK041,Prešovský kraj,41.38,0.544712643678333,0.697227011494998,2932.25,-4.97362068965,-7.31248563218333
SK089 01,Slovakia,SK,SK0,SK04,SK041,Prešovský kraj,41.38,0.544712643678333,0.697227011494998,2932.25,-4.97362068965,-7.31248563218333
SK090 01,Slovakia,SK,SK0,SK04,SK041,Prešovský kraj,41.38,0.544712643678333,0.697227011494998,2932.25,-4.97362068965,-7.31248563218333
SK090 02,Slovakia,SK,SK0,SK04,SK041,Prešovský kraj,41.38,0.544712643678333,0.697227011494998,2932.25,-4.97362068965,-7.31248563218333
SK090 03,Slovakia,SK,SK0,SK04,SK041,Prešovský kraj,41.38,0.544712643678333,0.697227011494998,2932.25,-4.97362068965,-7.31248563218333
SK090 05,Slovakia,SK,SK0,SK04,SK041,Prešovský kraj,41.38,0.544712643678333,0.697227011494998,2932.25,-4.97362068965,-7.31248563218333
SK090 11,Slovakia,SK,SK0,SK04,SK041,Prešovský kraj,41.38,0.544712643678333,0.697227011494998,2932.25,-4.97362068965,-7.31248563218333
SK090 16,Slovakia,SK,SK0,SK04,SK041,Prešovský kraj,41.38,0.544712643678333,0.697227011494998,2932.25,-4.97362068965,-7.31248563218333
SK090 21,Slovakia,SK,SK0,SK04,SK041,Prešovský kraj,41.38,0.544712643678333,0.697227011494998,2932.25,-4.97362068965,-7.31248563218333
SK090 22,Slovakia,SK,SK0,SK04,SK041,Prešovský kraj,41.38,0.544712643678333,0.697227011494998,2932.25,-4.97362068965,-7.31248563218333
SK090 23,Slovakia,SK,SK0,SK04,SK041,Prešovský kraj,41.38,0.544712643678333,0.697227011494998,2932.25,-4.97362068965,-7.31248563218333
SK090 24,Slovakia,SK,SK0,SK04,SK041,Prešovský kraj,41.38,0.544712643678333,0.697227011494998,2932.25,-4.97362068965,-7.31248563218333
SK090 31,Slovakia,SK,SK0,SK04,SK041,Prešovský kraj,41.38,0.544712643678333,0.697227011494998,2932.25,-4.97362068965,-7.31248563218333
SK090 32,Slovakia,SK,SK0,SK04,SK041,Prešovský kraj,41.38,0.544712643678333,0.697227011494998,2932.25,-4.97362068965,-7.31248563218333
SK090 33,Slovakia,SK,SK0,SK04,SK041,Prešovský kraj,41.38,0.544712643678333,0.697227011494998,2932.25,-4.97362068965,-7.31248563218333
SK090 34,Slovakia,SK,SK0,SK04,SK041,Prešovský kraj,41.38,0.544712643678333,0.697227011494998,2932.25,-4.97362068965,-7.31248563218333
SK090 41,Slovakia,SK,SK0,SK04,SK041,Prešovský kraj,41.38,0.544712643678333,0.697227011494998,2932.25,-4.97362068965,-7.31248563218333
SK090 42,Slovakia,SK,SK0,SK04,SK041,Prešovský kraj,41.38,0.544712643678333,0.697227011494998,2932.25,-4.97362068965,-7.31248563218333
SK091 01,Slovakia,SK,SK0,SK04,SK041,Prešovský kraj,41.38,0.544712643678333,0.697227011494998,2932.25,-4.97362068965,-7.31248563218333
SK093 01,Slovakia,SK,SK0,SK04,SK041,Prešovský kraj,41.38,0.544712643678333,0.697227011494998,2932.25,-4.97362068965,-7.31248563218333
SK093 02,Slovakia,SK,SK0,SK04,SK041,Prešovský kraj,41.38,0.544712643678333,0.697227011494998,2932.25,-4.97362068965,-7.31248563218333
SK093 03,Slovakia,SK,SK0,SK04,SK041,Prešovský kraj,41.38,0.544712643678333,0.697227011494998,2932.25,-4.97362068965,-7.31248563218333
SK094 01,Slovakia,SK,SK0,SK04,SK041,Prešovský kraj,41.38,0.544712643678333,0.697227011494998,2932.25,-4.97362068965,-7.31248563218333
SK094 02,Slovakia,SK,SK0,SK04,SK041,Prešovský kraj,41.38,0.544712643678333,0.697227011494998,2932.25,-4.97362068965,-7.31248563218333
SK094 03,Slovakia,SK,SK0,SK04,SK041,Prešovský kraj,41.38,0.544712643678333,0.697227011494998,2932.25,-4.97362068965,-7.31248563218333
SK094 04,Slovakia,SK,SK0,SK04,SK041,Prešovský kraj,41.38,0.544712643678333,0.697227011494998,2932.25,-4.97362068965,-7.31248563218333
SK094 05,Slovakia,SK,SK0,SK04,SK041,Prešovský kraj,41.38,0.544712643678333,0.697227011494998,2932.25,-4.97362068965,-7.31248563218333
SK094 06,Slovakia,SK,SK0,SK04,SK041,Prešovský kraj,41.38,0.544712643678333,0.697227011494998,2932.25,-4.97362068965,-7.31248563218333
SK094 07,Slovakia,SK,SK0,SK04,SK041,Prešovský kraj,41.38,0.544712643678333,0.697227011494998,2932.25,-4.97362068965,-7.31248563218333
SK094 08,Slovakia,SK,SK0,SK04,SK041,Prešovský kraj,41.38,0.544712643678333,0.697227011494998,2932.25,-4.97362068965,-7.31248563218333
SK094 09,Slovakia,SK,SK0,SK04,SK041,Prešovský kraj,41.38,0.544712643678333,0.697227011494998,2932.25,-4.97362068965,-7.31248563218333
SK094 12,Slovakia,SK,SK0,SK04,SK041,Prešovský kraj,41.38,0.544712643678333,0.697227011494998,2932.25,-4.97362068965,-7.31248563218333
SK094 13,Slovakia,SK,SK0,SK04,SK041,Prešovský kraj,41.38,0.544712643678333,0.697227011494998,2932.25,-4.97362068965,-7.31248563218333
SK094 14,Slovakia,SK,SK0,SK04,SK041,Prešovský kraj,41.38,0.544712643678333,0.697227011494998,2932.25,-4.97362068965,-7.31248563218333
SK094 15,Slovakia,SK,SK0,SK04,SK041,Prešovský kraj,41.38,0.544712643678333,0.697227011494998,2932.25,-4.97362068965,-7.31248563218333
SK094 21,Slovakia,SK,SK0,SK04,SK041,Prešovský kraj,41.38,0.544712643678333,0.697227011494998,2932.25,-4.97362068965,-7.31248563218333
SK094 22,Slovakia,SK,SK0,SK04,SK041,Prešovský kraj,41.38,0.544712643678333,0.697227011494998,2932.25,-4.97362068965,-7.31248563218333
SK094 23,Slovakia,SK,SK0,SK04,SK041,Prešovský kraj,41.38,0.544712643678333,0.697227011494998,2932.25,-4.97362068965,-7.31248563218333
SK094 31,Slovakia,SK,SK0,SK04,SK041,Prešovský kraj,41.38,0.544712643678333,0.697227011494998,2932.25,-4.97362068965,-7.31248563218333
SK094 33,Slovakia,SK,SK0,SK04,SK041,Prešovský kraj,41.38,0.544712643678333,0.697227011494998,2932.25,-4.97362068965,-7.31248563218333
SK094 34,Slovakia,SK,SK0,SK04,SK041,Prešovský kraj,41.38,0.544712643678333,0.697227011494998,2932.25,-4.97362068965,-7.31248563218333
SK094 35,Slovakia,SK,SK0,SK04,SK041,Prešovský kraj,41.38,0.544712643678333,0.697227011494998,2932.25,-4.97362068965,-7.31248563218333
SK040 01,Slovakia,SK,SK0,SK04,SK042,Košický kraj,127.69,0.843333333333333,1.06993902439,2643.5,-4.95203252033333,-7.2262601626
SK040 11,Slovakia,SK,SK0,SK04,SK042,Košický kraj,127.69,0.843333333333333,1.06993902439,2643.5,-4.95203252033333,-7.2262601626
SK040 12,Slovakia,SK,SK0,SK04,SK042,Košický kraj,127.69,0.843333333333333,1.06993902439,2643.5,-4.95203252033333,-7.2262601626
SK040 13,Slovakia,SK,SK0,SK04,SK042,Košický kraj,127.69,0.843333333333333,1.06993902439,2643.5,-4.95203252033333,-7.2262601626
SK040 14,Slovakia,SK,SK0,SK04,SK042,Košický kraj,127.69,0.843333333333333,1.06993902439,2643.5,-4.95203252033333,-7.2262601626
SK040 15,Slovakia,SK,SK0,SK04,SK042,Košický kraj,127.69,0.843333333333333,1.06993902439,2643.5,-4.95203252033333,-7.2262601626
SK040 16,Slovakia,SK,SK0,SK04,SK042,Košický kraj,127.69,0.843333333333333,1.06993902439,2643.5,-4.95203252033333,-7.2262601626
SK040 17,Slovakia,SK,SK0,SK04,SK042,Košický kraj,127.69,0.843333333333333,1.06993902439,2643.5,-4.95203252033333,-7.2262601626
SK040 18,Slovakia,SK,SK0,SK04,SK042,Košický kraj,127.69,0.843333333333333,1.06993902439,2643.5,-4.95203252033333,-7.2262601626
SK040 22,Slovakia,SK,SK0,SK04,SK042,Košický kraj,127.69,0.843333333333333,1.06993902439,2643.5,-4.95203252033333,-7.2262601626
SK040 23,Slovakia,SK,SK0,SK04,SK042,Košický kraj,127.69,0.843333333333333,1.06993902439,2643.5,-4.95203252033333,-7.2262601626
SK044 01,Slovakia,SK,SK0,SK04,SK042,Košický kraj,127.69,0.843333333333333,1.06993902439,2643.5,-4.95203252033333,-7.2262601626
SK044 02,Slovakia,SK,SK0,SK04,SK042,Košický kraj,127.69,0.843333333333333,1.06993902439,2643.5,-4.95203252033333,-7.2262601626
SK044 05,Slovakia,SK,SK0,SK04,SK042,Košický kraj,127.69,0.843333333333333,1.06993902439,2643.5,-4.95203252033333,-7.2262601626
SK044 10,Slovakia,SK,SK0,SK04,SK042,Košický kraj,127.69,0.843333333333333,1.06993902439,2643.5,-4.95203252033333,-7.2262601626
SK044 11,Slovakia,SK,SK0,SK04,SK042,Košický kraj,127.69,0.843333333333333,1.06993902439,2643.5,-4.95203252033333,-7.2262601626
SK044 12,Slovakia,SK,SK0,SK04,SK042,Košický kraj,127.69,0.843333333333333,1.06993902439,2643.5,-4.95203252033333,-7.2262601626
SK044 13,Slovakia,SK,SK0,SK04,SK042,Košický kraj,127.69,0.843333333333333,1.06993902439,2643.5,-4.95203252033333,-7.2262601626
SK044 14,Slovakia,SK,SK0,SK04,SK042,Košický kraj,127.69,0.843333333333333,1.06993902439,2643.5,-4.95203252033333,-7.2262601626
SK044 15,Slovakia,SK,SK0,SK04,SK042,Košický kraj,127.69,0.843333333333333,1.06993902439,2643.5,-4.95203252033333,-7.2262601626
SK044 16,Slovakia,SK,SK0,SK04,SK042,Košický kraj,127.69,0.843333333333333,1.06993902439,2643.5,-4.95203252033333,-7.2262601626
SK044 17,Slovakia,SK,SK0,SK04,SK042,Košický kraj,127.69,0.843333333333333,1.06993902439,2643.5,-4.95203252033333,-7.2262601626
SK044 18,Slovakia,SK,SK0,SK04,SK042,Košický kraj,127.69,0.843333333333333,1.06993902439,2643.5,-4.95203252033333,-7.2262601626
SK044 19,Slovakia,SK,SK0,SK04,SK042,Košický kraj,127.69,0.843333333333333,1.06993902439,2643.5,-4.95203252033333,-7.2262601626
SK044 20,Slovakia,SK,SK0,SK04,SK042,Košický kraj,127.69,0.843333333333333,1.06993902439,2643.5,-4.95203252033333,-7.2262601626
SK044 21,Slovakia,SK,SK0,SK04,SK042,Košický kraj,127.69,0.843333333333333,1.06993902439,2643.5,-4.95203252033333,-7.2262601626
SK044 23,Slovakia,SK,SK0,SK04,SK042,Košický kraj,127.69,0.843333333333333,1.06993902439,2643.5,-4.95203252033333,-7.2262601626
SK044 24,Slovakia,SK,SK0,SK04,SK042,Košický kraj,127.69,0.843333333333333,1.06993902439,2643.5,-4.95203252033333,-7.2262601626
SK044 25,Slovakia,SK,SK0,SK04,SK042,Košický kraj,127.69,0.843333333333333,1.06993902439,2643.5,-4.95203252033333,-7.2262601626
SK044 26,Slovakia,SK,SK0,SK04,SK042,Košický kraj,127.69,0.843333333333333,1.06993902439,2643.5,-4.95203252033333,-7.2262601626
SK044 31,Slovakia,SK,SK0,SK04,SK042,Košický kraj,127.69,0.843333333333333,1.06993902439,2643.5,-4.95203252033333,-7.2262601626
SK044 32,Slovakia,SK,SK0,SK04,SK042,Košický kraj,127.69,0.843333333333333,1.06993902439,2643.5,-4.95203252033333,-7.2262601626
SK044 41,Slovakia,SK,SK0,SK04,SK042,Košický kraj,127.69,0.843333333333333,1.06993902439,2643.5,-4.95203252033333,-7.2262601626
SK044 42,Slovakia,SK,SK0,SK04,SK042,Košický kraj,127.69,0.843333333333333,1.06993902439,2643.5,-4.95203252033333,-7.2262601626
SK044 43,Slovakia,SK,SK0,SK04,SK042,Košický kraj,127.69,0.843333333333333,1.06993902439,2643.5,-4.95203252033333,-7.2262601626
SK044 44,Slovakia,SK,SK0,SK04,SK042,Košický kraj,127.69,0.843333333333333,1.06993902439,2643.5,-4.95203252033333,-7.2262601626
SK044 45,Slovakia,SK,SK0,SK04,SK042,Košický kraj,127.69,0.843333333333333,1.06993902439,2643.5,-4.95203252033333,-7.2262601626
SK044 47,Slovakia,SK,SK0,SK04,SK042,Košický kraj,127.69,0.843333333333333,1.06993902439,2643.5,-4.95203252033333,-7.2262601626
SK044 54,Slovakia,SK,SK0,SK04,SK042,Košický kraj,127.69,0.843333333333333,1.06993902439,2643.5,-4.95203252033333,-7.2262601626
SK044 55,Slovakia,SK,SK0,SK04,SK042,Košický kraj,127.69,0.843333333333333,1.06993902439,2643.5,-4.95203252033333,-7.2262601626
SK044 57,Slovakia,SK,SK0,SK04,SK042,Košický kraj,127.69,0.843333333333333,1.06993902439,2643.5,-4.95203252033333,-7.2262601626
SK044 58,Slovakia,SK,SK0,SK04,SK042,Košický kraj,127.69,0.843333333333333,1.06993902439,2643.5,-4.95203252033333,-7.2262601626
SK044 61,Slovakia,SK,SK0,SK04,SK042,Košický kraj,127.69,0.843333333333333,1.06993902439,2643.5,-4.95203252033333,-7.2262601626
SK044 65,Slovakia,SK,SK0,SK04,SK042,Košický kraj,127.69,0.843333333333333,1.06993902439,2643.5,-4.95203252033333,-7.2262601626
SK044 71,Slovakia,SK,SK0,SK04,SK042,Košický kraj,127.69,0.843333333333333,1.06993902439,2643.5,-4.95203252033333,-7.2262601626
SK044 73,Slovakia,SK,SK0,SK04,SK042,Košický kraj,127.69,0.843333333333333,1.06993902439,2643.5,-4.95203252033333,-7.2262601626
SK044 74,Slovakia,SK,SK0,SK04,SK042,Košický kraj,127.69,0.843333333333333,1.06993902439,2643.5,-4.95203252033333,-7.2262601626
SK044 81,Slovakia,SK,SK0,SK04,SK042,Košický kraj,127.69,0.843333333333333,1.06993902439,2643.5,-4.95203252033333,-7.2262601626
SK045 01,Slovakia,SK,SK0,SK04,SK042,Košický kraj,127.69,0.843333333333333,1.06993902439,2643.5,-4.95203252033333,-7.2262601626
SK048 01,Slovakia,SK,SK0,SK04,SK042,Košický kraj,127.69,0.843333333333333,1.06993902439,2643.5,-4.95203252033333,-7.2262601626
SK049 11,Slovakia,SK,SK0,SK04,SK042,Košický kraj,127.69,0.843333333333333,1.06993902439,2643.5,-4.95203252033333,-7.2262601626
SK049 12,Slovakia,SK,SK0,SK04,SK042,Košický kraj,127.69,0.843333333333333,1.06993902439,2643.5,-4.95203252033333,-7.2262601626
SK049 21,Slovakia,SK,SK0,SK04,SK042,Košický kraj,127.69,0.843333333333333,1.06993902439,2643.5,-4.95203252033333,-7.2262601626
SK049 22,Slovakia,SK,SK0,SK04,SK042,Košický kraj,127.69,0.843333333333333,1.06993902439,2643.5,-4.95203252033333,-7.2262601626
SK049 23,Slovakia,SK,SK0,SK04,SK042,Košický kraj,127.69,0.843333333333333,1.06993902439,2643.5,-4.95203252033333,-7.2262601626
SK049 24,Slovakia,SK,SK0,SK04,SK042,Košický kraj,127.69,0.843333333333333,1.06993902439,2643.5,-4.95203252033333,-7.2262601626
SK049 25,Slovakia,SK,SK0,SK04,SK042,Košický kraj,127.69,0.843333333333333,1.06993902439,2643.5,-4.95203252033333,-7.2262601626
SK049 26,Slovakia,SK,SK0,SK04,SK042,Košický kraj,127.69,0.843333333333333,1.06993902439,2643.5,-4.95203252033333,-7.2262601626
SK049 31,Slovakia,SK,SK0,SK04,SK042,Košický kraj,127.69,0.843333333333333,1.06993902439,2643.5,-4.95203252033333,-7.2262601626
SK049 32,Slovakia,SK,SK0,SK04,SK042,Košický kraj,127.69,0.843333333333333,1.06993902439,2643.5,-4.95203252033333,-7.2262601626
SK049 34,Slovakia,SK,SK0,SK04,SK042,Košický kraj,127.69,0.843333333333333,1.06993902439,2643.5,-4.95203252033333,-7.2262601626
SK049 35,Slovakia,SK,SK0,SK04,SK042,Košický kraj,127.69,0.843333333333333,1.06993902439,2643.5,-4.95203252033333,-7.2262601626
SK049 36,Slovakia,SK,SK0,SK04,SK042,Košický kraj,127.69,0.843333333333333,1.06993902439,2643.5,-4.95203252033333,-7.2262601626
SK049 41,Slovakia,SK,SK0,SK04,SK042,Košický kraj,127.69,0.843333333333333,1.06993902439,2643.5,-4.95203252033333,-7.2262601626
SK049 42,Slovakia,SK,SK0,SK04,SK042,Košický kraj,127.69,0.843333333333333,1.06993902439,2643.5,-4.95203252033333,-7.2262601626
SK049 43,Slovakia,SK,SK0,SK04,SK042,Košický kraj,127.69,0.843333333333333,1.06993902439,2643.5,-4.95203252033333,-7.2262601626
SK049 44,Slovakia,SK,SK0,SK04,SK042,Košický kraj,127.69,0.843333333333333,1.06993902439,2643.5,-4.95203252033333,-7.2262601626
SK049 45,Slovakia,SK,SK0,SK04,SK042,Košický kraj,127.69,0.843333333333333,1.06993902439,2643.5,-4.95203252033333,-7.2262601626
SK049 51,Slovakia,SK,SK0,SK04,SK042,Košický kraj,127.69,0.843333333333333,1.06993902439,2643.5,-4.95203252033333,-7.2262601626
SK049 52,Slovakia,SK,SK0,SK04,SK042,Košický kraj,127.69,0.843333333333333,1.06993902439,2643.5,-4.95203252033333,-7.2262601626
SK049 55,Slovakia,SK,SK0,SK04,SK042,Košický kraj,127.69,0.843333333333333,1.06993902439,2643.5,-4.95203252033333,-7.2262601626
SK049 71,Slovakia,SK,SK0,SK04,SK042,Košický kraj,127.69,0.843333333333333,1.06993902439,2643.5,-4.95203252033333,-7.2262601626
SK049 73,Slovakia,SK,SK0,SK04,SK042,Košický kraj,127.69,0.843333333333333,1.06993902439,2643.5,-4.95203252033333,-7.2262601626
SK052 01,Slovakia,SK,SK0,SK04,SK042,Košický kraj,127.69,0.843333333333333,1.06993902439,2643.5,-4.95203252033333,-7.2262601626
SK052 05,Slovakia,SK,SK0,SK04,SK042,Košický kraj,127.69,0.843333333333333,1.06993902439,2643.5,-4.95203252033333,-7.2262601626
SK053 11,Slovakia,SK,SK0,SK04,SK042,Košický kraj,127.69,0.843333333333333,1.06993902439,2643.5,-4.95203252033333,-7.2262601626
SK053 15,Slovakia,SK,SK0,SK04,SK042,Košický kraj,127.69,0.843333333333333,1.06993902439,2643.5,-4.95203252033333,-7.2262601626
SK053 21,Slovakia,SK,SK0,SK04,SK042,Košický kraj,127.69,0.843333333333333,1.06993902439,2643.5,-4.95203252033333,-7.2262601626
SK053 22,Slovakia,SK,SK0,SK04,SK042,Košický kraj,127.69,0.843333333333333,1.06993902439,2643.5,-4.95203252033333,-7.2262601626
SK053 23,Slovakia,SK,SK0,SK04,SK042,Košický kraj,127.69,0.843333333333333,1.06993902439,2643.5,-4.95203252033333,-7.2262601626
SK053 31,Slovakia,SK,SK0,SK04,SK042,Košický kraj,127.69,0.843333333333333,1.06993902439,2643.5,-4.95203252033333,-7.2262601626
SK053 32,Slovakia,SK,SK0,SK04,SK042,Košický kraj,127.69,0.843333333333333,1.06993902439,2643.5,-4.95203252033333,-7.2262601626
SK053 33,Slovakia,SK,SK0,SK04,SK042,Košický kraj,127.69,0.843333333333333,1.06993902439,2643.5,-4.95203252033333,-7.2262601626
SK053 34,Slovakia,SK,SK0,SK04,SK042,Košický kraj,127.69,0.843333333333333,1.06993902439,2643.5,-4.95203252033333,-7.2262601626
SK053 40,Slovakia,SK,SK0,SK04,SK042,Košický kraj,127.69,0.843333333333333,1.06993902439,2643.5,-4.95203252033333,-7.2262601626
SK053 42,Slovakia,SK,SK0,SK04,SK042,Košický kraj,127.69,0.843333333333333,1.06993902439,2643.5,-4.95203252033333,-7.2262601626
SK053 51,Slovakia,SK,SK0,SK04,SK042,Košický kraj,127.69,0.843333333333333,1.06993902439,2643.5,-4.95203252033333,-7.2262601626
SK053 61,Slovakia,SK,SK0,SK04,SK042,Košický kraj,127.69,0.843333333333333,1.06993902439,2643.5,-4.95203252033333,-7.2262601626
SK053 62,Slovakia,SK,SK0,SK04,SK042,Košický kraj,127.69,0.843333333333333,1.06993902439,2643.5,-4.95203252033333,-7.2262601626
SK053 63,Slovakia,SK,SK0,SK04,SK042,Košický kraj,127.69,0.843333333333333,1.06993902439,2643.5,-4.95203252033333,-7.2262601626
SK053 75,Slovakia,SK,SK0,SK04,SK042,Košický kraj,127.69,0.843333333333333,1.06993902439,2643.5,-4.95203252033333,-7.2262601626
SK053 76,Slovakia,SK,SK0,SK04,SK042,Košický kraj,127.69,0.843333333333333,1.06993902439,2643.5,-4.95203252033333,-7.2262601626
SK055 01,Slovakia,SK,SK0,SK04,SK042,Košický kraj,127.69,0.843333333333333,1.06993902439,2643.5,-4.95203252033333,-7.2262601626
SK055 51,Slovakia,SK,SK0,SK04,SK042,Košický kraj,127.69,0.843333333333333,1.06993902439,2643.5,-4.95203252033333,-7.2262601626
SK055 52,Slovakia,SK,SK0,SK04,SK042,Košický kraj,127.69,0.843333333333333,1.06993902439,2643.5,-4.95203252033333,-7.2262601626
SK055 61,Slovakia,SK,SK0,SK04,SK042,Košický kraj,127.69,0.843333333333333,1.06993902439,2643.5,-4.95203252033333,-7.2262601626
SK055 62,Slovakia,SK,SK0,SK04,SK042,Košický kraj,127.69,0.843333333333333,1.06993902439,2643.5,-4.95203252033333,-7.2262601626
SK055 63,Slovakia,SK,SK0,SK04,SK042,Košický kraj,127.69,0.843333333333333,1.06993902439,2643.5,-4.95203252033333,-7.2262601626
SK055 64,Slovakia,SK,SK0,SK04,SK042,Košický kraj,127.69,0.843333333333333,1.06993902439,2643.5,-4.95203252033333,-7.2262601626
SK055 65,Slovakia,SK,SK0,SK04,SK042,Košický kraj,127.69,0.843333333333333,1.06993902439,2643.5,-4.95203252033333,-7.2262601626
SK055 66,Slovakia,SK,SK0,SK04,SK042,Košický kraj,127.69,0.843333333333333,1.06993902439,2643.5,-4.95203252033333,-7.2262601626
SK055 71,Slovakia,SK,SK0,SK04,SK042,Košický kraj,127.69,0.843333333333333,1.06993902439,2643.5,-4.95203252033333,-7.2262601626
SK056 01,Slovakia,SK,SK0,SK04,SK042,Košický kraj,127.69,0.843333333333333,1.06993902439,2643.5,-4.95203252033333,-7.2262601626
SK071 01,Slovakia,SK,SK0,SK04,SK042,Košický kraj,127.69,0.843333333333333,1.06993902439,2643.5,-4.95203252033333,-7.2262601626
SK072 01,Slovakia,SK,SK0,SK04,SK042,Košický kraj,127.69,0.843333333333333,1.06993902439,2643.5,-4.95203252033333,-7.2262601626
SK072 02,Slovakia,SK,SK0,SK04,SK042,Košický kraj,127.69,0.843333333333333,1.06993902439,2643.5,-4.95203252033333,-7.2262601626
SK072 03,Slovakia,SK,SK0,SK04,SK042,Košický kraj,127.69,0.843333333333333,1.06993902439,2643.5,-4.95203252033333,-7.2262601626
SK072 04,Slovakia,SK,SK0,SK04,SK042,Košický kraj,127.69,0.843333333333333,1.06993902439,2643.5,-4.95203252033333,-7.2262601626
SK072 05,Slovakia,SK,SK0,SK04,SK042,Košický kraj,127.69,0.843333333333333,1.06993902439,2643.5,-4.95203252033333,-7.2262601626
SK072 06,Slovakia,SK,SK0,SK04,SK042,Košický kraj,127.69,0.843333333333333,1.06993902439,2643.5,-4.95203252033333,-7.2262601626
SK072 11,Slovakia,SK,SK0,SK04,SK042,Košický kraj,127.69,0.843333333333333,1.06993902439,2643.5,-4.95203252033333,-7.2262601626
SK072 13,Slovakia,SK,SK0,SK04,SK042,Košický kraj,127.69,0.843333333333333,1.06993902439,2643.5,-4.95203252033333,-7.2262601626
SK072 14,Slovakia,SK,SK0,SK04,SK042,Košický kraj,127.69,0.843333333333333,1.06993902439,2643.5,-4.95203252033333,-7.2262601626
SK072 15,Slovakia,SK,SK0,SK04,SK042,Košický kraj,127.69,0.843333333333333,1.06993902439,2643.5,-4.95203252033333,-7.2262601626
SK072 16,Slovakia,SK,SK0,SK04,SK042,Košický kraj,127.69,0.843333333333333,1.06993902439,2643.5,-4.95203252033333,-7.2262601626
SK072 17,Slovakia,SK,SK0,SK04,SK042,Košický kraj,127.69,0.843333333333333,1.06993902439,2643.5,-4.95203252033333,-7.2262601626
SK072 21,Slovakia,SK,SK0,SK04,SK042,Košický kraj,127.69,0.843333333333333,1.06993902439,2643.5,-4.95203252033333,-7.2262601626
SK072 22,Slovakia,SK,SK0,SK04,SK042,Košický kraj,127.69,0.843333333333333,1.06993902439,2643.5,-4.95203252033333,-7.2262601626
SK072 23,Slovakia,SK,SK0,SK04,SK042,Košický kraj,127.69,0.843333333333333,1.06993902439,2643.5,-4.95203252033333,-7.2262601626
SK072 31,Slovakia,SK,SK0,SK04,SK042,Košický kraj,127.69,0.843333333333333,1.06993902439,2643.5,-4.95203252033333,-7.2262601626
SK072 32,Slovakia,SK,SK0,SK04,SK042,Košický kraj,127.69,0.843333333333333,1.06993902439,2643.5,-4.95203252033333,-7.2262601626
SK072 33,Slovakia,SK,SK0,SK04,SK042,Košický kraj,127.69,0.843333333333333,1.06993902439,2643.5,-4.95203252033333,-7.2262601626
SK072 34,Slovakia,SK,SK0,SK04,SK042,Košický kraj,127.69,0.843333333333333,1.06993902439,2643.5,-4.95203252033333,-7.2262601626
SK072 36,Slovakia,SK,SK0,SK04,SK042,Košický kraj,127.69,0.843333333333333,1.06993902439,2643.5,-4.95203252033333,-7.2262601626
SK072 37,Slovakia,SK,SK0,SK04,SK042,Košický kraj,127.69,0.843333333333333,1.06993902439,2643.5,-4.95203252033333,-7.2262601626
SK072 41,Slovakia,SK,SK0,SK04,SK042,Košický kraj,127.69,0.843333333333333,1.06993902439,2643.5,-4.95203252033333,-7.2262601626
SK072 42,Slovakia,SK,SK0,SK04,SK042,Košický kraj,127.69,0.843333333333333,1.06993902439,2643.5,-4.95203252033333,-7.2262601626
SK072 43,Slovakia,SK,SK0,SK04,SK042,Košický kraj,127.69,0.843333333333333,1.06993902439,2643.5,-4.95203252033333,-7.2262601626
SK072 44,Slovakia,SK,SK0,SK04,SK042,Košický kraj,127.69,0.843333333333333,1.06993902439,2643.5,-4.95203252033333,-7.2262601626
SK072 51,Slovakia,SK,SK0,SK04,SK042,Košický kraj,127.69,0.843333333333333,1.06993902439,2643.5,-4.95203252033333,-7.2262601626
SK072 52,Slovakia,SK,SK0,SK04,SK042,Košický kraj,127.69,0.843333333333333,1.06993902439,2643.5,-4.95203252033333,-7.2262601626
SK072 53,Slovakia,SK,SK0,SK04,SK042,Košický kraj,127.69,0.843333333333333,1.06993902439,2643.5,-4.95203252033333,-7.2262601626
SK072 54,Slovakia,SK,SK0,SK04,SK042,Košický kraj,127.69,0.843333333333333,1.06993902439,2643.5,-4.95203252033333,-7.2262601626
SK072 55,Slovakia,SK,SK0,SK04,SK042,Košický kraj,127.69,0.843333333333333,1.06993902439,2643.5,-4.95203252033333,-7.2262601626
SK072 61,Slovakia,SK,SK0,SK04,SK042,Košický kraj,127.69,0.843333333333333,1.06993902439,2643.5,-4.95203252033333,-7.2262601626
SK072 62,Slovakia,SK,SK0,SK04,SK042,Košický kraj,127.69,0.843333333333333,1.06993902439,2643.5,-4.95203252033333,-7.2262601626
SK072 63,Slovakia,SK,SK0,SK04,SK042,Košický kraj,127.69,0.843333333333333,1.06993902439,2643.5,-4.95203252033333,-7.2262601626
SK072 64,Slovakia,SK,SK0,SK04,SK042,Košický kraj,127.69,0.843333333333333,1.06993902439,2643.5,-4.95203252033333,-7.2262601626
SK073 01,Slovakia,SK,SK0,SK04,SK042,Košický kraj,127.69,0.843333333333333,1.06993902439,2643.5,-4.95203252033333,-7.2262601626
SK075 01,Slovakia,SK,SK0,SK04,SK042,Košický kraj,127.69,0.843333333333333,1.06993902439,2643.5,-4.95203252033333,-7.2262601626
SK076 01,Slovakia,SK,SK0,SK04,SK042,Košický kraj,127.69,0.843333333333333,1.06993902439,2643.5,-4.95203252033333,-7.2262601626
SK076 02,Slovakia,SK,SK0,SK04,SK042,Košický kraj,127.69,0.843333333333333,1.06993902439,2643.5,-4.95203252033333,-7.2262601626
SK076 03,Slovakia,SK,SK0,SK04,SK042,Košický kraj,127.69,0.843333333333333,1.06993902439,2643.5,-4.95203252033333,-7.2262601626
SK076 05,Slovakia,SK,SK0,SK04,SK042,Košický kraj,127.69,0.843333333333333,1.06993902439,2643.5,-4.95203252033333,-7.2262601626
SK076 12,Slovakia,SK,SK0,SK04,SK042,Košický kraj,127.69,0.843333333333333,1.06993902439,2643.5,-4.95203252033333,-7.2262601626
SK076 13,Slovakia,SK,SK0,SK04,SK042,Košický kraj,127.69,0.843333333333333,1.06993902439,2643.5,-4.95203252033333,-7.2262601626
SK076 14,Slovakia,SK,SK0,SK04,SK042,Košický kraj,127.69,0.843333333333333,1.06993902439,2643.5,-4.95203252033333,-7.2262601626
SK076 15,Slovakia,SK,SK0,SK04,SK042,Košický kraj,127.69,0.843333333333333,1.06993902439,2643.5,-4.95203252033333,-7.2262601626
SK076 16,Slovakia,SK,SK0,SK04,SK042,Košický kraj,127.69,0.843333333333333,1.06993902439,2643.5,-4.95203252033333,-7.2262601626
SK076 17,Slovakia,SK,SK0,SK04,SK042,Košický kraj,127.69,0.843333333333333,1.06993902439,2643.5,-4.95203252033333,-7.2262601626
SK076 22,Slovakia,SK,SK0,SK04,SK042,Košický kraj,127.69,0.843333333333333,1.06993902439,2643.5,-4.95203252033333,-7.2262601626
SK076 31,Slovakia,SK,SK0,SK04,SK042,Košický kraj,127.69,0.843333333333333,1.06993902439,2643.5,-4.95203252033333,-7.2262601626
SK076 32,Slovakia,SK,SK0,SK04,SK042,Košický kraj,127.69,0.843333333333333,1.06993902439,2643.5,-4.95203252033333,-7.2262601626
SK076 33,Slovakia,SK,SK0,SK04,SK042,Košický kraj,127.69,0.843333333333333,1.06993902439,2643.5,-4.95203252033333,-7.2262601626
SK076 34,Slovakia,SK,SK0,SK04,SK042,Košický kraj,127.69,0.843333333333333,1.06993902439,2643.5,-4.95203252033333,-7.2262601626
SK076 35,Slovakia,SK,SK0,SK04,SK042,Košický kraj,127.69,0.843333333333333,1.06993902439,2643.5,-4.95203252033333,-7.2262601626
SK076 36,Slovakia,SK,SK0,SK04,SK042,Košický kraj,127.69,0.843333333333333,1.06993902439,2643.5,-4.95203252033333,-7.2262601626
SK076 37,Slovakia,SK,SK0,SK04,SK042,Košický kraj,127.69,0.843333333333333,1.06993902439,2643.5,-4.95203252033333,-7.2262601626
SK076 41,Slovakia,SK,SK0,SK04,SK042,Košický kraj,127.69,0.843333333333333,1.06993902439,2643.5,-4.95203252033333,-7.2262601626
SK076 42,Slovakia,SK,SK0,SK04,SK042,Košický kraj,127.69,0.843333333333333,1.06993902439,2643.5,-4.95203252033333,-7.2262601626
SK076 43,Slovakia,SK,SK0,SK04,SK042,Košický kraj,127.69,0.843333333333333,1.06993902439,2643.5,-4.95203252033333,-7.2262601626
SK076 51,Slovakia,SK,SK0,SK04,SK042,Košický kraj,127.69,0.843333333333333,1.06993902439,2643.5,-4.95203252033333,-7.2262601626
SK076 52,Slovakia,SK,SK0,SK04,SK042,Košický kraj,127.69,0.843333333333333,1.06993902439,2643.5,-4.95203252033333,-7.2262601626
SK076 53,Slovakia,SK,SK0,SK04,SK042,Košický kraj,127.69,0.843333333333333,1.06993902439,2643.5,-4.95203252033333,-7.2262601626
SK076 61,Slovakia,SK,SK0,SK04,SK042,Košický kraj,127.69,0.843333333333333,1.06993902439,2643.5,-4.95203252033333,-7.2262601626
SK076 62,Slovakia,SK,SK0,SK04,SK042,Košický kraj,127.69,0.843333333333333,1.06993902439,2643.5,-4.95203252033333,-7.2262601626
SK076 64,Slovakia,SK,SK0,SK04,SK042,Košický kraj,127.69,0.843333333333333,1.06993902439,2643.5,-4.95203252033333,-7.2262601626
SK076 71,Slovakia,SK,SK0,SK04,SK042,Košický kraj,127.69,0.843333333333333,1.06993902439,2643.5,-4.95203252033333,-7.2262601626
SK076 72,Slovakia,SK,SK0,SK04,SK042,Košický kraj,127.69,0.843333333333333,1.06993902439,2643.5,-4.95203252033333,-7.2262601626
SK076 74,Slovakia,SK,SK0,SK04,SK042,Košický kraj,127.69,0.843333333333333,1.06993902439,2643.5,-4.95203252033333,-7.2262601626
SK076 75,Slovakia,SK,SK0,SK04,SK042,Košický kraj,127.69,0.843333333333333,1.06993902439,2643.5,-4.95203252033333,-7.2262601626
SK076 77,Slovakia,SK,SK0,SK04,SK042,Košický kraj,127.69,0.843333333333333,1.06993902439,2643.5,-4.95203252033333,-7.2262601626
SK076 81,Slovakia,SK,SK0,SK04,SK042,Košický kraj,127.69,0.843333333333333,1.06993902439,2643.5,-4.95203252033333,-7.2262601626
SK076 82,Slovakia,SK,SK0,SK04,SK042,Košický kraj,127.69,0.843333333333333,1.06993902439,2643.5,-4.95203252033333,-7.2262601626
SK076 83,Slovakia,SK,SK0,SK04,SK042,Košický kraj,127.69,0.843333333333333,1.06993902439,2643.5,-4.95203252033333,-7.2262601626
SK076 84,Slovakia,SK,SK0,SK04,SK042,Košický kraj,127.69,0.843333333333333,1.06993902439,2643.5,-4.95203252033333,-7.2262601626
SK077 01,Slovakia,SK,SK0,SK04,SK042,Košický kraj,127.69,0.843333333333333,1.06993902439,2643.5,-4.95203252033333,-7.2262601626
SK078 01,Slovakia,SK,SK0,SK04,SK042,Košický kraj,127.69,0.843333333333333,1.06993902439,2643.5,-4.95203252033333,-7.2262601626
SK079 01,Slovakia,SK,SK0,SK04,SK042,Košický kraj,127.69,0.843333333333333,1.06993902439,2643.5,-4.95203252033333,-7.2262601626
SK980 46,Slovakia,SK,SK0,SK04,SK042,Košický kraj,127.69,0.843333333333333,1.06993902439,2643.5,-4.95203252033333,-7.2262601626
SK935 74,Slovakia,SK,SK0,SK02,SK023,Nitriansky kraj,246.91,1.22051948052,1.451774891775,2325.06,-4.29751082251667,-6.33999999999998
SK905 01,Slovakia,SK,SK0,SK02,SK021,Trnavský kraj,227.84,1.12457516339833,1.34895424836667,2330.48,-4.31019607843332,-6.30735294118333
SK906 02,Slovakia,SK,SK0,SK02,SK021,Trnavský kraj,227.84,1.12457516339833,1.34895424836667,2330.48,-4.31019607843332,-6.30735294118333
SK906 03,Slovakia,SK,SK0,SK02,SK021,Trnavský kraj,227.84,1.12457516339833,1.34895424836667,2330.48,-4.31019607843332,-6.30735294118333
SK906 04,Slovakia,SK,SK0,SK02,SK021,Trnavský kraj,227.84,1.12457516339833,1.34895424836667,2330.48,-4.31019607843332,-6.30735294118333
SK906 05,Slovakia,SK,SK0,SK02,SK021,Trnavský kraj,227.84,1.12457516339833,1.34895424836667,2330.48,-4.31019607843332,-6.30735294118333
SK906 06,Slovakia,SK,SK0,SK02,SK021,Trnavský kraj,227.84,1.12457516339833,1.34895424836667,2330.48,-4.31019607843332,-6.30735294118333
SK906 07,Slovakia,SK,SK0,SK02,SK021,Trnavský kraj,227.84,1.12457516339833,1.34895424836667,2330.48,-4.31019607843332,-6.30735294118333
SK906 11,Slovakia,SK,SK0,SK02,SK021,Trnavský kraj,227.84,1.12457516339833,1.34895424836667,2330.48,-4.31019607843332,-6.30735294118333
SK906 12,Slovakia,SK,SK0,SK02,SK021,Trnavský kraj,227.84,1.12457516339833,1.34895424836667,2330.48,-4.31019607843332,-6.30735294118333
SK906 13,Slovakia,SK,SK0,SK02,SK021,Trnavský kraj,227.84,1.12457516339833,1.34895424836667,2330.48,-4.31019607843332,-6.30735294118333
SK906 14,Slovakia,SK,SK0,SK02,SK021,Trnavský kraj,227.84,1.12457516339833,1.34895424836667,2330.48,-4.31019607843332,-6.30735294118333
SK906 15,Slovakia,SK,SK0,SK02,SK021,Trnavský kraj,227.84,1.12457516339833,1.34895424836667,2330.48,-4.31019607843332,-6.30735294118333
SK906 31,Slovakia,SK,SK0,SK02,SK021,Trnavský kraj,227.84,1.12457516339833,1.34895424836667,2330.48,-4.31019607843332,-6.30735294118333
SK906 32,Slovakia,SK,SK0,SK02,SK021,Trnavský kraj,227.84,1.12457516339833,1.34895424836667,2330.48,-4.31019607843332,-6.30735294118333
SK906 33,Slovakia,SK,SK0,SK02,SK021,Trnavský kraj,227.84,1.12457516339833,1.34895424836667,2330.48,-4.31019607843332,-6.30735294118333
SK906 34,Slovakia,SK,SK0,SK02,SK021,Trnavský kraj,227.84,1.12457516339833,1.34895424836667,2330.48,-4.31019607843332,-6.30735294118333
SK906 35,Slovakia,SK,SK0,SK02,SK021,Trnavský kraj,227.84,1.12457516339833,1.34895424836667,2330.48,-4.31019607843332,-6.30735294118333
SK906 45,Slovakia,SK,SK0,SK02,SK021,Trnavský kraj,227.84,1.12457516339833,1.34895424836667,2330.48,-4.31019607843332,-6.30735294118333
SK908 01,Slovakia,SK,SK0,SK02,SK021,Trnavský kraj,227.84,1.12457516339833,1.34895424836667,2330.48,-4.31019607843332,-6.30735294118333
SK908 41,Slovakia,SK,SK0,SK02,SK021,Trnavský kraj,227.84,1.12457516339833,1.34895424836667,2330.48,-4.31019607843332,-6.30735294118333
SK908 42,Slovakia,SK,SK0,SK02,SK021,Trnavský kraj,227.84,1.12457516339833,1.34895424836667,2330.48,-4.31019607843332,-6.30735294118333
SK908 43,Slovakia,SK,SK0,SK02,SK021,Trnavský kraj,227.84,1.12457516339833,1.34895424836667,2330.48,-4.31019607843332,-6.30735294118333
SK908 44,Slovakia,SK,SK0,SK02,SK021,Trnavský kraj,227.84,1.12457516339833,1.34895424836667,2330.48,-4.31019607843332,-6.30735294118333
SK908 45,Slovakia,SK,SK0,SK02,SK021,Trnavský kraj,227.84,1.12457516339833,1.34895424836667,2330.48,-4.31019607843332,-6.30735294118333
SK908 46,Slovakia,SK,SK0,SK02,SK021,Trnavský kraj,227.84,1.12457516339833,1.34895424836667,2330.48,-4.31019607843332,-6.30735294118333
SK908 47,Slovakia,SK,SK0,SK02,SK021,Trnavský kraj,227.84,1.12457516339833,1.34895424836667,2330.48,-4.31019607843332,-6.30735294118333
SK908 48,Slovakia,SK,SK0,SK02,SK021,Trnavský kraj,227.84,1.12457516339833,1.34895424836667,2330.48,-4.31019607843332,-6.30735294118333
SK908 49,Slovakia,SK,SK0,SK02,SK021,Trnavský kraj,227.84,1.12457516339833,1.34895424836667,2330.48,-4.31019607843332,-6.30735294118333
SK908 51,Slovakia,SK,SK0,SK02,SK021,Trnavský kraj,227.84,1.12457516339833,1.34895424836667,2330.48,-4.31019607843332,-6.30735294118333
SK908 61,Slovakia,SK,SK0,SK02,SK021,Trnavský kraj,227.84,1.12457516339833,1.34895424836667,2330.48,-4.31019607843332,-6.30735294118333
SK908 62,Slovakia,SK,SK0,SK02,SK021,Trnavský kraj,227.84,1.12457516339833,1.34895424836667,2330.48,-4.31019607843332,-6.30735294118333
SK908 63,Slovakia,SK,SK0,SK02,SK021,Trnavský kraj,227.84,1.12457516339833,1.34895424836667,2330.48,-4.31019607843332,-6.30735294118333
SK908 64,Slovakia,SK,SK0,SK02,SK021,Trnavský kraj,227.84,1.12457516339833,1.34895424836667,2330.48,-4.31019607843332,-6.30735294118333
SK908 65,Slovakia,SK,SK0,SK02,SK021,Trnavský kraj,227.84,1.12457516339833,1.34895424836667,2330.48,-4.31019607843332,-6.30735294118333
SK908 71,Slovakia,SK,SK0,SK02,SK021,Trnavský kraj,227.84,1.12457516339833,1.34895424836667,2330.48,-4.31019607843332,-6.30735294118333
SK908 76,Slovakia,SK,SK0,SK02,SK021,Trnavský kraj,227.84,1.12457516339833,1.34895424836667,2330.48,-4.31019607843332,-6.30735294118333
SK908 77,Slovakia,SK,SK0,SK02,SK021,Trnavský kraj,227.84,1.12457516339833,1.34895424836667,2330.48,-4.31019607843332,-6.30735294118333
SK908 78,Slovakia,SK,SK0,SK02,SK021,Trnavský kraj,227.84,1.12457516339833,1.34895424836667,2330.48,-4.31019607843332,-6.30735294118333
SK908 79,Slovakia,SK,SK0,SK02,SK021,Trnavský kraj,227.84,1.12457516339833,1.34895424836667,2330.48,-4.31019607843332,-6.30735294118333
SK908 80,Slovakia,SK,SK0,SK02,SK021,Trnavský kraj,227.84,1.12457516339833,1.34895424836667,2330.48,-4.31019607843332,-6.30735294118333
SK908 85,Slovakia,SK,SK0,SK02,SK021,Trnavský kraj,227.84,1.12457516339833,1.34895424836667,2330.48,-4.31019607843332,-6.30735294118333
SK909 01,Slovakia,SK,SK0,SK02,SK021,Trnavský kraj,227.84,1.12457516339833,1.34895424836667,2330.48,-4.31019607843332,-6.30735294118333
SK914 01,Slovakia,SK,SK0,SK02,SK021,Trnavský kraj,227.84,1.12457516339833,1.34895424836667,2330.48,-4.31019607843332,-6.30735294118333
SK914 41,Slovakia,SK,SK0,SK02,SK021,Trnavský kraj,227.84,1.12457516339833,1.34895424836667,2330.48,-4.31019607843332,-6.30735294118333
SK914 42,Slovakia,SK,SK0,SK02,SK021,Trnavský kraj,227.84,1.12457516339833,1.34895424836667,2330.48,-4.31019607843332,-6.30735294118333
SK914 43,Slovakia,SK,SK0,SK02,SK021,Trnavský kraj,227.84,1.12457516339833,1.34895424836667,2330.48,-4.31019607843332,-6.30735294118333
SK914 51,Slovakia,SK,SK0,SK02,SK021,Trnavský kraj,227.84,1.12457516339833,1.34895424836667,2330.48,-4.31019607843332,-6.30735294118333
SK917 01,Slovakia,SK,SK0,SK02,SK021,Trnavský kraj,227.84,1.12457516339833,1.34895424836667,2330.48,-4.31019607843332,-6.30735294118333
SK917 02,Slovakia,SK,SK0,SK02,SK021,Trnavský kraj,227.84,1.12457516339833,1.34895424836667,2330.48,-4.31019607843332,-6.30735294118333
SK917 05,Slovakia,SK,SK0,SK02,SK021,Trnavský kraj,227.84,1.12457516339833,1.34895424836667,2330.48,-4.31019607843332,-6.30735294118333
SK917 08,Slovakia,SK,SK0,SK02,SK021,Trnavský kraj,227.84,1.12457516339833,1.34895424836667,2330.48,-4.31019607843332,-6.30735294118333
SK919 01,Slovakia,SK,SK0,SK02,SK021,Trnavský kraj,227.84,1.12457516339833,1.34895424836667,2330.48,-4.31019607843332,-6.30735294118333
SK919 02,Slovakia,SK,SK0,SK02,SK021,Trnavský kraj,227.84,1.12457516339833,1.34895424836667,2330.48,-4.31019607843332,-6.30735294118333
SK919 03,Slovakia,SK,SK0,SK02,SK021,Trnavský kraj,227.84,1.12457516339833,1.34895424836667,2330.48,-4.31019607843332,-6.30735294118333
SK919 04,Slovakia,SK,SK0,SK02,SK021,Trnavský kraj,227.84,1.12457516339833,1.34895424836667,2330.48,-4.31019607843332,-6.30735294118333
SK919 05,Slovakia,SK,SK0,SK02,SK021,Trnavský kraj,227.84,1.12457516339833,1.34895424836667,2330.48,-4.31019607843332,-6.30735294118333
SK919 07,Slovakia,SK,SK0,SK02,SK021,Trnavský kraj,227.84,1.12457516339833,1.34895424836667,2330.48,-4.31019607843332,-6.30735294118333
SK919 08,Slovakia,SK,SK0,SK02,SK021,Trnavský kraj,227.84,1.12457516339833,1.34895424836667,2330.48,-4.31019607843332,-6.30735294118333
SK919 09,Slovakia,SK,SK0,SK02,SK021,Trnavský kraj,227.84,1.12457516339833,1.34895424836667,2330.48,-4.31019607843332,-6.30735294118333
SK919 10,Slovakia,SK,SK0,SK02,SK021,Trnavský kraj,227.84,1.12457516339833,1.34895424836667,2330.48,-4.31019607843332,-6.30735294118333
SK919 21,Slovakia,SK,SK0,SK02,SK021,Trnavský kraj,227.84,1.12457516339833,1.34895424836667,2330.48,-4.31019607843332,-6.30735294118333
SK919 22,Slovakia,SK,SK0,SK02,SK021,Trnavský kraj,227.84,1.12457516339833,1.34895424836667,2330.48,-4.31019607843332,-6.30735294118333
SK919 23,Slovakia,SK,SK0,SK02,SK021,Trnavský kraj,227.84,1.12457516339833,1.34895424836667,2330.48,-4.31019607843332,-6.30735294118333
SK919 24,Slovakia,SK,SK0,SK02,SK021,Trnavský kraj,227.84,1.12457516339833,1.34895424836667,2330.48,-4.31019607843332,-6.30735294118333
SK919 25,Slovakia,SK,SK0,SK02,SK021,Trnavský kraj,227.84,1.12457516339833,1.34895424836667,2330.48,-4.31019607843332,-6.30735294118333
SK919 26,Slovakia,SK,SK0,SK02,SK021,Trnavský kraj,227.84,1.12457516339833,1.34895424836667,2330.48,-4.31019607843332,-6.30735294118333
SK919 27,Slovakia,SK,SK0,SK02,SK021,Trnavský kraj,227.84,1.12457516339833,1.34895424836667,2330.48,-4.31019607843332,-6.30735294118333
SK919 28,Slovakia,SK,SK0,SK02,SK021,Trnavský kraj,227.84,1.12457516339833,1.34895424836667,2330.48,-4.31019607843332,-6.30735294118333
SK919 29,Slovakia,SK,SK0,SK02,SK021,Trnavský kraj,227.84,1.12457516339833,1.34895424836667,2330.48,-4.31019607843332,-6.30735294118333
SK919 30,Slovakia,SK,SK0,SK02,SK021,Trnavský kraj,227.84,1.12457516339833,1.34895424836667,2330.48,-4.31019607843332,-6.30735294118333
SK919 31,Slovakia,SK,SK0,SK02,SK021,Trnavský kraj,227.84,1.12457516339833,1.34895424836667,2330.48,-4.31019607843332,-6.30735294118333
SK919 32,Slovakia,SK,SK0,SK02,SK021,Trnavský kraj,227.84,1.12457516339833,1.34895424836667,2330.48,-4.31019607843332,-6.30735294118333
SK919 33,Slovakia,SK,SK0,SK02,SK021,Trnavský kraj,227.84,1.12457516339833,1.34895424836667,2330.48,-4.31019607843332,-6.30735294118333
SK919 34,Slovakia,SK,SK0,SK02,SK021,Trnavský kraj,227.84,1.12457516339833,1.34895424836667,2330.48,-4.31019607843332,-6.30735294118333
SK919 35,Slovakia,SK,SK0,SK02,SK021,Trnavský kraj,227.84,1.12457516339833,1.34895424836667,2330.48,-4.31019607843332,-6.30735294118333
SK919 42,Slovakia,SK,SK0,SK02,SK021,Trnavský kraj,227.84,1.12457516339833,1.34895424836667,2330.48,-4.31019607843332,-6.30735294118333
SK919 43,Slovakia,SK,SK0,SK02,SK021,Trnavský kraj,227.84,1.12457516339833,1.34895424836667,2330.48,-4.31019607843332,-6.30735294118333
SK919 51,Slovakia,SK,SK0,SK02,SK021,Trnavský kraj,227.84,1.12457516339833,1.34895424836667,2330.48,-4.31019607843332,-6.30735294118333
SK919 52,Slovakia,SK,SK0,SK02,SK021,Trnavský kraj,227.84,1.12457516339833,1.34895424836667,2330.48,-4.31019607843332,-6.30735294118333
SK919 53,Slovakia,SK,SK0,SK02,SK021,Trnavský kraj,227.84,1.12457516339833,1.34895424836667,2330.48,-4.31019607843332,-6.30735294118333
SK919 54,Slovakia,SK,SK0,SK02,SK021,Trnavský kraj,227.84,1.12457516339833,1.34895424836667,2330.48,-4.31019607843332,-6.30735294118333
SK919 55,Slovakia,SK,SK0,SK02,SK021,Trnavský kraj,227.84,1.12457516339833,1.34895424836667,2330.48,-4.31019607843332,-6.30735294118333
SK919 61,Slovakia,SK,SK0,SK02,SK021,Trnavský kraj,227.84,1.12457516339833,1.34895424836667,2330.48,-4.31019607843332,-6.30735294118333
SK919 65,Slovakia,SK,SK0,SK02,SK021,Trnavský kraj,227.84,1.12457516339833,1.34895424836667,2330.48,-4.31019607843332,-6.30735294118333
SK920 01,Slovakia,SK,SK0,SK02,SK021,Trnavský kraj,227.84,1.12457516339833,1.34895424836667,2330.48,-4.31019607843332,-6.30735294118333
SK920 03,Slovakia,SK,SK0,SK02,SK021,Trnavský kraj,227.84,1.12457516339833,1.34895424836667,2330.48,-4.31019607843332,-6.30735294118333
SK920 41,Slovakia,SK,SK0,SK02,SK021,Trnavský kraj,227.84,1.12457516339833,1.34895424836667,2330.48,-4.31019607843332,-6.30735294118333
SK920 42,Slovakia,SK,SK0,SK02,SK021,Trnavský kraj,227.84,1.12457516339833,1.34895424836667,2330.48,-4.31019607843332,-6.30735294118333
SK920 52,Slovakia,SK,SK0,SK02,SK021,Trnavský kraj,227.84,1.12457516339833,1.34895424836667,2330.48,-4.31019607843332,-6.30735294118333
SK920 55,Slovakia,SK,SK0,SK02,SK021,Trnavský kraj,227.84,1.12457516339833,1.34895424836667,2330.48,-4.31019607843332,-6.30735294118333
SK920 56,Slovakia,SK,SK0,SK02,SK021,Trnavský kraj,227.84,1.12457516339833,1.34895424836667,2330.48,-4.31019607843332,-6.30735294118333
SK920 61,Slovakia,SK,SK0,SK02,SK021,Trnavský kraj,227.84,1.12457516339833,1.34895424836667,2330.48,-4.31019607843332,-6.30735294118333
SK920 62,Slovakia,SK,SK0,SK02,SK021,Trnavský kraj,227.84,1.12457516339833,1.34895424836667,2330.48,-4.31019607843332,-6.30735294118333
SK920 63,Slovakia,SK,SK0,SK02,SK021,Trnavský kraj,227.84,1.12457516339833,1.34895424836667,2330.48,-4.31019607843332,-6.30735294118333
SK920 64,Slovakia,SK,SK0,SK02,SK021,Trnavský kraj,227.84,1.12457516339833,1.34895424836667,2330.48,-4.31019607843332,-6.30735294118333
SK920 65,Slovakia,SK,SK0,SK02,SK021,Trnavský kraj,227.84,1.12457516339833,1.34895424836667,2330.48,-4.31019607843332,-6.30735294118333
SK920 66,Slovakia,SK,SK0,SK02,SK021,Trnavský kraj,227.84,1.12457516339833,1.34895424836667,2330.48,-4.31019607843332,-6.30735294118333
SK921 01,Slovakia,SK,SK0,SK02,SK021,Trnavský kraj,227.84,1.12457516339833,1.34895424836667,2330.48,-4.31019607843332,-6.30735294118333
SK922 01,Slovakia,SK,SK0,SK02,SK021,Trnavský kraj,227.84,1.12457516339833,1.34895424836667,2330.48,-4.31019607843332,-6.30735294118333
SK922 02,Slovakia,SK,SK0,SK02,SK021,Trnavský kraj,227.84,1.12457516339833,1.34895424836667,2330.48,-4.31019607843332,-6.30735294118333
SK922 03,Slovakia,SK,SK0,SK02,SK021,Trnavský kraj,227.84,1.12457516339833,1.34895424836667,2330.48,-4.31019607843332,-6.30735294118333
SK922 04,Slovakia,SK,SK0,SK02,SK021,Trnavský kraj,227.84,1.12457516339833,1.34895424836667,2330.48,-4.31019607843332,-6.30735294118333
SK922 05,Slovakia,SK,SK0,SK02,SK021,Trnavský kraj,227.84,1.12457516339833,1.34895424836667,2330.48,-4.31019607843332,-6.30735294118333
SK922 06,Slovakia,SK,SK0,SK02,SK021,Trnavský kraj,227.84,1.12457516339833,1.34895424836667,2330.48,-4.31019607843332,-6.30735294118333
SK922 07,Slovakia,SK,SK0,SK02,SK021,Trnavský kraj,227.84,1.12457516339833,1.34895424836667,2330.48,-4.31019607843332,-6.30735294118333
SK922 08,Slovakia,SK,SK0,SK02,SK021,Trnavský kraj,227.84,1.12457516339833,1.34895424836667,2330.48,-4.31019607843332,-6.30735294118333
SK922 09,Slovakia,SK,SK0,SK02,SK021,Trnavský kraj,227.84,1.12457516339833,1.34895424836667,2330.48,-4.31019607843332,-6.30735294118333
SK922 10,Slovakia,SK,SK0,SK02,SK021,Trnavský kraj,227.84,1.12457516339833,1.34895424836667,2330.48,-4.31019607843332,-6.30735294118333
SK922 11,Slovakia,SK,SK0,SK02,SK021,Trnavský kraj,227.84,1.12457516339833,1.34895424836667,2330.48,-4.31019607843332,-6.30735294118333
SK922 21,Slovakia,SK,SK0,SK02,SK021,Trnavský kraj,227.84,1.12457516339833,1.34895424836667,2330.48,-4.31019607843332,-6.30735294118333
SK922 31,Slovakia,SK,SK0,SK02,SK021,Trnavský kraj,227.84,1.12457516339833,1.34895424836667,2330.48,-4.31019607843332,-6.30735294118333
SK922 41,Slovakia,SK,SK0,SK02,SK021,Trnavský kraj,227.84,1.12457516339833,1.34895424836667,2330.48,-4.31019607843332,-6.30735294118333
SK922 42,Slovakia,SK,SK0,SK02,SK021,Trnavský kraj,227.84,1.12457516339833,1.34895424836667,2330.48,-4.31019607843332,-6.30735294118333
SK924 01,Slovakia,SK,SK0,SK02,SK021,Trnavský kraj,227.84,1.12457516339833,1.34895424836667,2330.48,-4.31019607843332,-6.30735294118333
SK925 01,Slovakia,SK,SK0,SK02,SK021,Trnavský kraj,227.84,1.12457516339833,1.34895424836667,2330.48,-4.31019607843332,-6.30735294118333
SK925 02,Slovakia,SK,SK0,SK02,SK021,Trnavský kraj,227.84,1.12457516339833,1.34895424836667,2330.48,-4.31019607843332,-6.30735294118333
SK925 03,Slovakia,SK,SK0,SK02,SK021,Trnavský kraj,227.84,1.12457516339833,1.34895424836667,2330.48,-4.31019607843332,-6.30735294118333
SK925 04,Slovakia,SK,SK0,SK02,SK021,Trnavský kraj,227.84,1.12457516339833,1.34895424836667,2330.48,-4.31019607843332,-6.30735294118333
SK925 05,Slovakia,SK,SK0,SK02,SK021,Trnavský kraj,227.84,1.12457516339833,1.34895424836667,2330.48,-4.31019607843332,-6.30735294118333
SK925 06,Slovakia,SK,SK0,SK02,SK021,Trnavský kraj,227.84,1.12457516339833,1.34895424836667,2330.48,-4.31019607843332,-6.30735294118333
SK925 07,Slovakia,SK,SK0,SK02,SK021,Trnavský kraj,227.84,1.12457516339833,1.34895424836667,2330.48,-4.31019607843332,-6.30735294118333
SK925 08,Slovakia,SK,SK0,SK02,SK021,Trnavský kraj,227.84,1.12457516339833,1.34895424836667,2330.48,-4.31019607843332,-6.30735294118333
SK925 09,Slovakia,SK,SK0,SK02,SK021,Trnavský kraj,227.84,1.12457516339833,1.34895424836667,2330.48,-4.31019607843332,-6.30735294118333
SK925 21,Slovakia,SK,SK0,SK02,SK021,Trnavský kraj,227.84,1.12457516339833,1.34895424836667,2330.48,-4.31019607843332,-6.30735294118333
SK925 22,Slovakia,SK,SK0,SK02,SK021,Trnavský kraj,227.84,1.12457516339833,1.34895424836667,2330.48,-4.31019607843332,-6.30735294118333
SK925 23,Slovakia,SK,SK0,SK02,SK021,Trnavský kraj,227.84,1.12457516339833,1.34895424836667,2330.48,-4.31019607843332,-6.30735294118333
SK925 26,Slovakia,SK,SK0,SK02,SK021,Trnavský kraj,227.84,1.12457516339833,1.34895424836667,2330.48,-4.31019607843332,-6.30735294118333
SK925 27,Slovakia,SK,SK0,SK02,SK021,Trnavský kraj,227.84,1.12457516339833,1.34895424836667,2330.48,-4.31019607843332,-6.30735294118333
SK925 28,Slovakia,SK,SK0,SK02,SK021,Trnavský kraj,227.84,1.12457516339833,1.34895424836667,2330.48,-4.31019607843332,-6.30735294118333
SK925 32,Slovakia,SK,SK0,SK02,SK021,Trnavský kraj,227.84,1.12457516339833,1.34895424836667,2330.48,-4.31019607843332,-6.30735294118333
SK925 41,Slovakia,SK,SK0,SK02,SK021,Trnavský kraj,227.84,1.12457516339833,1.34895424836667,2330.48,-4.31019607843332,-6.30735294118333
SK925 42,Slovakia,SK,SK0,SK02,SK021,Trnavský kraj,227.84,1.12457516339833,1.34895424836667,2330.48,-4.31019607843332,-6.30735294118333
SK925 45,Slovakia,SK,SK0,SK02,SK021,Trnavský kraj,227.84,1.12457516339833,1.34895424836667,2330.48,-4.31019607843332,-6.30735294118333
SK925 51,Slovakia,SK,SK0,SK02,SK021,Trnavský kraj,227.84,1.12457516339833,1.34895424836667,2330.48,-4.31019607843332,-6.30735294118333
SK925 52,Slovakia,SK,SK0,SK02,SK021,Trnavský kraj,227.84,1.12457516339833,1.34895424836667,2330.48,-4.31019607843332,-6.30735294118333
SK925 53,Slovakia,SK,SK0,SK02,SK021,Trnavský kraj,227.84,1.12457516339833,1.34895424836667,2330.48,-4.31019607843332,-6.30735294118333
SK925 54,Slovakia,SK,SK0,SK02,SK021,Trnavský kraj,227.84,1.12457516339833,1.34895424836667,2330.48,-4.31019607843332,-6.30735294118333
SK925 55,Slovakia,SK,SK0,SK02,SK021,Trnavský kraj,227.84,1.12457516339833,1.34895424836667,2330.48,-4.31019607843332,-6.30735294118333
SK925 62,Slovakia,SK,SK0,SK02,SK021,Trnavský kraj,227.84,1.12457516339833,1.34895424836667,2330.48,-4.31019607843332,-6.30735294118333
SK925 63,Slovakia,SK,SK0,SK02,SK021,Trnavský kraj,227.84,1.12457516339833,1.34895424836667,2330.48,-4.31019607843332,-6.30735294118333
SK925 92,Slovakia,SK,SK0,SK02,SK021,Trnavský kraj,227.84,1.12457516339833,1.34895424836667,2330.48,-4.31019607843332,-6.30735294118333
SK926 01,Slovakia,SK,SK0,SK02,SK021,Trnavský kraj,227.84,1.12457516339833,1.34895424836667,2330.48,-4.31019607843332,-6.30735294118333
SK929 01,Slovakia,SK,SK0,SK02,SK021,Trnavský kraj,227.84,1.12457516339833,1.34895424836667,2330.48,-4.31019607843332,-6.30735294118333
SK930 01,Slovakia,SK,SK0,SK02,SK021,Trnavský kraj,227.84,1.12457516339833,1.34895424836667,2330.48,-4.31019607843332,-6.30735294118333
SK930 02,Slovakia,SK,SK0,SK02,SK021,Trnavský kraj,227.84,1.12457516339833,1.34895424836667,2330.48,-4.31019607843332,-6.30735294118333
SK930 03,Slovakia,SK,SK0,SK02,SK021,Trnavský kraj,227.84,1.12457516339833,1.34895424836667,2330.48,-4.31019607843332,-6.30735294118333
SK930 04,Slovakia,SK,SK0,SK02,SK021,Trnavský kraj,227.84,1.12457516339833,1.34895424836667,2330.48,-4.31019607843332,-6.30735294118333
SK930 05,Slovakia,SK,SK0,SK02,SK021,Trnavský kraj,227.84,1.12457516339833,1.34895424836667,2330.48,-4.31019607843332,-6.30735294118333
SK930 06,Slovakia,SK,SK0,SK02,SK021,Trnavský kraj,227.84,1.12457516339833,1.34895424836667,2330.48,-4.31019607843332,-6.30735294118333
SK930 07,Slovakia,SK,SK0,SK02,SK021,Trnavský kraj,227.84,1.12457516339833,1.34895424836667,2330.48,-4.31019607843332,-6.30735294118333
SK930 08,Slovakia,SK,SK0,SK02,SK021,Trnavský kraj,227.84,1.12457516339833,1.34895424836667,2330.48,-4.31019607843332,-6.30735294118333
SK930 10,Slovakia,SK,SK0,SK02,SK021,Trnavský kraj,227.84,1.12457516339833,1.34895424836667,2330.48,-4.31019607843332,-6.30735294118333
SK930 11,Slovakia,SK,SK0,SK02,SK021,Trnavský kraj,227.84,1.12457516339833,1.34895424836667,2330.48,-4.31019607843332,-6.30735294118333
SK930 12,Slovakia,SK,SK0,SK02,SK021,Trnavský kraj,227.84,1.12457516339833,1.34895424836667,2330.48,-4.31019607843332,-6.30735294118333
SK930 13,Slovakia,SK,SK0,SK02,SK021,Trnavský kraj,227.84,1.12457516339833,1.34895424836667,2330.48,-4.31019607843332,-6.30735294118333
SK930 14,Slovakia,SK,SK0,SK02,SK021,Trnavský kraj,227.84,1.12457516339833,1.34895424836667,2330.48,-4.31019607843332,-6.30735294118333
SK930 16,Slovakia,SK,SK0,SK02,SK021,Trnavský kraj,227.84,1.12457516339833,1.34895424836667,2330.48,-4.31019607843332,-6.30735294118333
SK930 21,Slovakia,SK,SK0,SK02,SK021,Trnavský kraj,227.84,1.12457516339833,1.34895424836667,2330.48,-4.31019607843332,-6.30735294118333
SK930 25,Slovakia,SK,SK0,SK02,SK021,Trnavský kraj,227.84,1.12457516339833,1.34895424836667,2330.48,-4.31019607843332,-6.30735294118333
SK930 28,Slovakia,SK,SK0,SK02,SK021,Trnavský kraj,227.84,1.12457516339833,1.34895424836667,2330.48,-4.31019607843332,-6.30735294118333
SK930 30,Slovakia,SK,SK0,SK02,SK021,Trnavský kraj,227.84,1.12457516339833,1.34895424836667,2330.48,-4.31019607843332,-6.30735294118333
SK930 31,Slovakia,SK,SK0,SK02,SK021,Trnavský kraj,227.84,1.12457516339833,1.34895424836667,2330.48,-4.31019607843332,-6.30735294118333
SK930 32,Slovakia,SK,SK0,SK02,SK021,Trnavský kraj,227.84,1.12457516339833,1.34895424836667,2330.48,-4.31019607843332,-6.30735294118333
SK930 33,Slovakia,SK,SK0,SK02,SK021,Trnavský kraj,227.84,1.12457516339833,1.34895424836667,2330.48,-4.31019607843332,-6.30735294118333
SK930 34,Slovakia,SK,SK0,SK02,SK021,Trnavský kraj,227.84,1.12457516339833,1.34895424836667,2330.48,-4.31019607843332,-6.30735294118333
SK930 35,Slovakia,SK,SK0,SK02,SK021,Trnavský kraj,227.84,1.12457516339833,1.34895424836667,2330.48,-4.31019607843332,-6.30735294118333
SK930 36,Slovakia,SK,SK0,SK02,SK021,Trnavský kraj,227.84,1.12457516339833,1.34895424836667,2330.48,-4.31019607843332,-6.30735294118333
SK930 37,Slovakia,SK,SK0,SK02,SK021,Trnavský kraj,227.84,1.12457516339833,1.34895424836667,2330.48,-4.31019607843332,-6.30735294118333
SK930 38,Slovakia,SK,SK0,SK02,SK021,Trnavský kraj,227.84,1.12457516339833,1.34895424836667,2330.48,-4.31019607843332,-6.30735294118333
SK930 39,Slovakia,SK,SK0,SK02,SK021,Trnavský kraj,227.84,1.12457516339833,1.34895424836667,2330.48,-4.31019607843332,-6.30735294118333
SK930 40,Slovakia,SK,SK0,SK02,SK021,Trnavský kraj,227.84,1.12457516339833,1.34895424836667,2330.48,-4.31019607843332,-6.30735294118333
SK930 41,Slovakia,SK,SK0,SK02,SK021,Trnavský kraj,227.84,1.12457516339833,1.34895424836667,2330.48,-4.31019607843332,-6.30735294118333
SK930 51,Slovakia,SK,SK0,SK02,SK021,Trnavský kraj,227.84,1.12457516339833,1.34895424836667,2330.48,-4.31019607843332,-6.30735294118333
SK930 52,Slovakia,SK,SK0,SK02,SK021,Trnavský kraj,227.84,1.12457516339833,1.34895424836667,2330.48,-4.31019607843332,-6.30735294118333
SK931 01,Slovakia,SK,SK0,SK02,SK021,Trnavský kraj,227.84,1.12457516339833,1.34895424836667,2330.48,-4.31019607843332,-6.30735294118333
SK932 01,Slovakia,SK,SK0,SK02,SK021,Trnavský kraj,227.84,1.12457516339833,1.34895424836667,2330.48,-4.31019607843332,-6.30735294118333
SK018 01,Slovakia,SK,SK0,SK02,SK022,Trenčiansky kraj,159.6,0.678518518518333,0.82287037037,2557.01,-4.62395061728332,-6.86169753086667
SK018 02,Slovakia,SK,SK0,SK02,SK022,Trenčiansky kraj,159.6,0.678518518518333,0.82287037037,2557.01,-4.62395061728332,-6.86169753086667
SK018 03,Slovakia,SK,SK0,SK02,SK022,Trenčiansky kraj,159.6,0.678518518518333,0.82287037037,2557.01,-4.62395061728332,-6.86169753086667
SK018 12,Slovakia,SK,SK0,SK02,SK022,Trenčiansky kraj,159.6,0.678518518518333,0.82287037037,2557.01,-4.62395061728332,-6.86169753086667
SK018 13,Slovakia,SK,SK0,SK02,SK022,Trenčiansky kraj,159.6,0.678518518518333,0.82287037037,2557.01,-4.62395061728332,-6.86169753086667
SK018 15,Slovakia,SK,SK0,SK02,SK022,Trenčiansky kraj,159.6,0.678518518518333,0.82287037037,2557.01,-4.62395061728332,-6.86169753086667
SK018 16,Slovakia,SK,SK0,SK02,SK022,Trenčiansky kraj,159.6,0.678518518518333,0.82287037037,2557.01,-4.62395061728332,-6.86169753086667
SK018 17,Slovakia,SK,SK0,SK02,SK022,Trenčiansky kraj,159.6,0.678518518518333,0.82287037037,2557.01,-4.62395061728332,-6.86169753086667
SK018 21,Slovakia,SK,SK0,SK02,SK022,Trenčiansky kraj,159.6,0.678518518518333,0.82287037037,2557.01,-4.62395061728332,-6.86169753086667
SK018 22,Slovakia,SK,SK0,SK02,SK022,Trenčiansky kraj,159.6,0.678518518518333,0.82287037037,2557.01,-4.62395061728332,-6.86169753086667
SK018 26,Slovakia,SK,SK0,SK02,SK022,Trenčiansky kraj,159.6,0.678518518518333,0.82287037037,2557.01,-4.62395061728332,-6.86169753086667
SK018 31,Slovakia,SK,SK0,SK02,SK022,Trenčiansky kraj,159.6,0.678518518518333,0.82287037037,2557.01,-4.62395061728332,-6.86169753086667
SK018 32,Slovakia,SK,SK0,SK02,SK022,Trenčiansky kraj,159.6,0.678518518518333,0.82287037037,2557.01,-4.62395061728332,-6.86169753086667
SK018 35,Slovakia,SK,SK0,SK02,SK022,Trenčiansky kraj,159.6,0.678518518518333,0.82287037037,2557.01,-4.62395061728332,-6.86169753086667
SK018 41,Slovakia,SK,SK0,SK02,SK022,Trenčiansky kraj,159.6,0.678518518518333,0.82287037037,2557.01,-4.62395061728332,-6.86169753086667
SK018 51,Slovakia,SK,SK0,SK02,SK022,Trenčiansky kraj,159.6,0.678518518518333,0.82287037037,2557.01,-4.62395061728332,-6.86169753086667
SK018 52,Slovakia,SK,SK0,SK02,SK022,Trenčiansky kraj,159.6,0.678518518518333,0.82287037037,2557.01,-4.62395061728332,-6.86169753086667
SK018 53,Slovakia,SK,SK0,SK02,SK022,Trenčiansky kraj,159.6,0.678518518518333,0.82287037037,2557.01,-4.62395061728332,-6.86169753086667
SK018 54,Slovakia,SK,SK0,SK02,SK022,Trenčiansky kraj,159.6,0.678518518518333,0.82287037037,2557.01,-4.62395061728332,-6.86169753086667
SK018 55,Slovakia,SK,SK0,SK02,SK022,Trenčiansky kraj,159.6,0.678518518518333,0.82287037037,2557.01,-4.62395061728332,-6.86169753086667
SK018 56,Slovakia,SK,SK0,SK02,SK022,Trenčiansky kraj,159.6,0.678518518518333,0.82287037037,2557.01,-4.62395061728332,-6.86169753086667
SK018 57,Slovakia,SK,SK0,SK02,SK022,Trenčiansky kraj,159.6,0.678518518518333,0.82287037037,2557.01,-4.62395061728332,-6.86169753086667
SK018 61,Slovakia,SK,SK0,SK02,SK022,Trenčiansky kraj,159.6,0.678518518518333,0.82287037037,2557.01,-4.62395061728332,-6.86169753086667
SK018 63,Slovakia,SK,SK0,SK02,SK022,Trenčiansky kraj,159.6,0.678518518518333,0.82287037037,2557.01,-4.62395061728332,-6.86169753086667
SK018 64,Slovakia,SK,SK0,SK02,SK022,Trenčiansky kraj,159.6,0.678518518518333,0.82287037037,2557.01,-4.62395061728332,-6.86169753086667
SK020 01,Slovakia,SK,SK0,SK02,SK022,Trenčiansky kraj,159.6,0.678518518518333,0.82287037037,2557.01,-4.62395061728332,-6.86169753086667
SK020 51,Slovakia,SK,SK0,SK02,SK022,Trenčiansky kraj,159.6,0.678518518518333,0.82287037037,2557.01,-4.62395061728332,-6.86169753086667
SK020 52,Slovakia,SK,SK0,SK02,SK022,Trenčiansky kraj,159.6,0.678518518518333,0.82287037037,2557.01,-4.62395061728332,-6.86169753086667
SK020 53,Slovakia,SK,SK0,SK02,SK022,Trenčiansky kraj,159.6,0.678518518518333,0.82287037037,2557.01,-4.62395061728332,-6.86169753086667
SK020 54,Slovakia,SK,SK0,SK02,SK022,Trenčiansky kraj,159.6,0.678518518518333,0.82287037037,2557.01,-4.62395061728332,-6.86169753086667
SK020 55,Slovakia,SK,SK0,SK02,SK022,Trenčiansky kraj,159.6,0.678518518518333,0.82287037037,2557.01,-4.62395061728332,-6.86169753086667
SK020 61,Slovakia,SK,SK0,SK02,SK022,Trenčiansky kraj,159.6,0.678518518518333,0.82287037037,2557.01,-4.62395061728332,-6.86169753086667
SK020 62,Slovakia,SK,SK0,SK02,SK022,Trenčiansky kraj,159.6,0.678518518518333,0.82287037037,2557.01,-4.62395061728332,-6.86169753086667
SK020 63,Slovakia,SK,SK0,SK02,SK022,Trenčiansky kraj,159.6,0.678518518518333,0.82287037037,2557.01,-4.62395061728332,-6.86169753086667
SK020 64,Slovakia,SK,SK0,SK02,SK022,Trenčiansky kraj,159.6,0.678518518518333,0.82287037037,2557.01,-4.62395061728332,-6.86169753086667
SK020 71,Slovakia,SK,SK0,SK02,SK022,Trenčiansky kraj,159.6,0.678518518518333,0.82287037037,2557.01,-4.62395061728332,-6.86169753086667
SK020 72,Slovakia,SK,SK0,SK02,SK022,Trenčiansky kraj,159.6,0.678518518518333,0.82287037037,2557.01,-4.62395061728332,-6.86169753086667
SK907 01,Slovakia,SK,SK0,SK02,SK022,Trenčiansky kraj,159.6,0.678518518518333,0.82287037037,2557.01,-4.62395061728332,-6.86169753086667
SK907 03,Slovakia,SK,SK0,SK02,SK022,Trenčiansky kraj,159.6,0.678518518518333,0.82287037037,2557.01,-4.62395061728332,-6.86169753086667
SK911 01,Slovakia,SK,SK0,SK02,SK022,Trenčiansky kraj,159.6,0.678518518518333,0.82287037037,2557.01,-4.62395061728332,-6.86169753086667
SK911 05,Slovakia,SK,SK0,SK02,SK022,Trenčiansky kraj,159.6,0.678518518518333,0.82287037037,2557.01,-4.62395061728332,-6.86169753086667
SK911 06,Slovakia,SK,SK0,SK02,SK022,Trenčiansky kraj,159.6,0.678518518518333,0.82287037037,2557.01,-4.62395061728332,-6.86169753086667
SK911 08,Slovakia,SK,SK0,SK02,SK022,Trenčiansky kraj,159.6,0.678518518518333,0.82287037037,2557.01,-4.62395061728332,-6.86169753086667
SK913 03,Slovakia,SK,SK0,SK02,SK022,Trenčiansky kraj,159.6,0.678518518518333,0.82287037037,2557.01,-4.62395061728332,-6.86169753086667
SK913 04,Slovakia,SK,SK0,SK02,SK022,Trenčiansky kraj,159.6,0.678518518518333,0.82287037037,2557.01,-4.62395061728332,-6.86169753086667
SK913 05,Slovakia,SK,SK0,SK02,SK022,Trenčiansky kraj,159.6,0.678518518518333,0.82287037037,2557.01,-4.62395061728332,-6.86169753086667
SK913 07,Slovakia,SK,SK0,SK02,SK022,Trenčiansky kraj,159.6,0.678518518518333,0.82287037037,2557.01,-4.62395061728332,-6.86169753086667
SK913 08,Slovakia,SK,SK0,SK02,SK022,Trenčiansky kraj,159.6,0.678518518518333,0.82287037037,2557.01,-4.62395061728332,-6.86169753086667
SK913 11,Slovakia,SK,SK0,SK02,SK022,Trenčiansky kraj,159.6,0.678518518518333,0.82287037037,2557.01,-4.62395061728332,-6.86169753086667
SK913 21,Slovakia,SK,SK0,SK02,SK022,Trenčiansky kraj,159.6,0.678518518518333,0.82287037037,2557.01,-4.62395061728332,-6.86169753086667
SK913 22,Slovakia,SK,SK0,SK02,SK022,Trenčiansky kraj,159.6,0.678518518518333,0.82287037037,2557.01,-4.62395061728332,-6.86169753086667
SK913 23,Slovakia,SK,SK0,SK02,SK022,Trenčiansky kraj,159.6,0.678518518518333,0.82287037037,2557.01,-4.62395061728332,-6.86169753086667
SK913 24,Slovakia,SK,SK0,SK02,SK022,Trenčiansky kraj,159.6,0.678518518518333,0.82287037037,2557.01,-4.62395061728332,-6.86169753086667
SK913 25,Slovakia,SK,SK0,SK02,SK022,Trenčiansky kraj,159.6,0.678518518518333,0.82287037037,2557.01,-4.62395061728332,-6.86169753086667
SK913 26,Slovakia,SK,SK0,SK02,SK022,Trenčiansky kraj,159.6,0.678518518518333,0.82287037037,2557.01,-4.62395061728332,-6.86169753086667
SK913 31,Slovakia,SK,SK0,SK02,SK022,Trenčiansky kraj,159.6,0.678518518518333,0.82287037037,2557.01,-4.62395061728332,-6.86169753086667
SK913 32,Slovakia,SK,SK0,SK02,SK022,Trenčiansky kraj,159.6,0.678518518518333,0.82287037037,2557.01,-4.62395061728332,-6.86169753086667
SK913 33,Slovakia,SK,SK0,SK02,SK022,Trenčiansky kraj,159.6,0.678518518518333,0.82287037037,2557.01,-4.62395061728332,-6.86169753086667
SK913 36,Slovakia,SK,SK0,SK02,SK022,Trenčiansky kraj,159.6,0.678518518518333,0.82287037037,2557.01,-4.62395061728332,-6.86169753086667
SK913 38,Slovakia,SK,SK0,SK02,SK022,Trenčiansky kraj,159.6,0.678518518518333,0.82287037037,2557.01,-4.62395061728332,-6.86169753086667
SK915 01,Slovakia,SK,SK0,SK02,SK022,Trenčiansky kraj,159.6,0.678518518518333,0.82287037037,2557.01,-4.62395061728332,-6.86169753086667
SK916 01,Slovakia,SK,SK0,SK02,SK022,Trenčiansky kraj,159.6,0.678518518518333,0.82287037037,2557.01,-4.62395061728332,-6.86169753086667
SK916 11,Slovakia,SK,SK0,SK02,SK022,Trenčiansky kraj,159.6,0.678518518518333,0.82287037037,2557.01,-4.62395061728332,-6.86169753086667
SK916 12,Slovakia,SK,SK0,SK02,SK022,Trenčiansky kraj,159.6,0.678518518518333,0.82287037037,2557.01,-4.62395061728332,-6.86169753086667
SK916 13,Slovakia,SK,SK0,SK02,SK022,Trenčiansky kraj,159.6,0.678518518518333,0.82287037037,2557.01,-4.62395061728332,-6.86169753086667
SK916 14,Slovakia,SK,SK0,SK02,SK022,Trenčiansky kraj,159.6,0.678518518518333,0.82287037037,2557.01,-4.62395061728332,-6.86169753086667
SK916 16,Slovakia,SK,SK0,SK02,SK022,Trenčiansky kraj,159.6,0.678518518518333,0.82287037037,2557.01,-4.62395061728332,-6.86169753086667
SK916 21,Slovakia,SK,SK0,SK02,SK022,Trenčiansky kraj,159.6,0.678518518518333,0.82287037037,2557.01,-4.62395061728332,-6.86169753086667
SK916 22,Slovakia,SK,SK0,SK02,SK022,Trenčiansky kraj,159.6,0.678518518518333,0.82287037037,2557.01,-4.62395061728332,-6.86169753086667
SK916 23,Slovakia,SK,SK0,SK02,SK022,Trenčiansky kraj,159.6,0.678518518518333,0.82287037037,2557.01,-4.62395061728332,-6.86169753086667
SK916 24,Slovakia,SK,SK0,SK02,SK022,Trenčiansky kraj,159.6,0.678518518518333,0.82287037037,2557.01,-4.62395061728332,-6.86169753086667
SK916 25,Slovakia,SK,SK0,SK02,SK022,Trenčiansky kraj,159.6,0.678518518518333,0.82287037037,2557.01,-4.62395061728332,-6.86169753086667
SK916 26,Slovakia,SK,SK0,SK02,SK022,Trenčiansky kraj,159.6,0.678518518518333,0.82287037037,2557.01,-4.62395061728332,-6.86169753086667
SK916 27,Slovakia,SK,SK0,SK02,SK022,Trenčiansky kraj,159.6,0.678518518518333,0.82287037037,2557.01,-4.62395061728332,-6.86169753086667
SK916 31,Slovakia,SK,SK0,SK02,SK022,Trenčiansky kraj,159.6,0.678518518518333,0.82287037037,2557.01,-4.62395061728332,-6.86169753086667
SK916 32,Slovakia,SK,SK0,SK02,SK022,Trenčiansky kraj,159.6,0.678518518518333,0.82287037037,2557.01,-4.62395061728332,-6.86169753086667
SK916 33,Slovakia,SK,SK0,SK02,SK022,Trenčiansky kraj,159.6,0.678518518518333,0.82287037037,2557.01,-4.62395061728332,-6.86169753086667
SK916 35,Slovakia,SK,SK0,SK02,SK022,Trenčiansky kraj,159.6,0.678518518518333,0.82287037037,2557.01,-4.62395061728332,-6.86169753086667
SK916 37,Slovakia,SK,SK0,SK02,SK022,Trenčiansky kraj,159.6,0.678518518518333,0.82287037037,2557.01,-4.62395061728332,-6.86169753086667
SK916 38,Slovakia,SK,SK0,SK02,SK022,Trenčiansky kraj,159.6,0.678518518518333,0.82287037037,2557.01,-4.62395061728332,-6.86169753086667
SK916 41,Slovakia,SK,SK0,SK02,SK022,Trenčiansky kraj,159.6,0.678518518518333,0.82287037037,2557.01,-4.62395061728332,-6.86169753086667
SK916 42,Slovakia,SK,SK0,SK02,SK022,Trenčiansky kraj,159.6,0.678518518518333,0.82287037037,2557.01,-4.62395061728332,-6.86169753086667
SK972 01,Slovakia,SK,SK0,SK02,SK022,Trenčiansky kraj,159.6,0.678518518518333,0.82287037037,2557.01,-4.62395061728332,-6.86169753086667
SK972 02,Slovakia,SK,SK0,SK02,SK022,Trenčiansky kraj,159.6,0.678518518518333,0.82287037037,2557.01,-4.62395061728332,-6.86169753086667
SK972 05,Slovakia,SK,SK0,SK02,SK022,Trenčiansky kraj,159.6,0.678518518518333,0.82287037037,2557.01,-4.62395061728332,-6.86169753086667
SK925 71,Slovakia,SK,SK0,SK02,SK023,Nitriansky kraj,246.91,1.22051948052,1.451774891775,2325.06,-4.29751082251667,-6.33999999999998
SK925 72,Slovakia,SK,SK0,SK02,SK023,Nitriansky kraj,246.91,1.22051948052,1.451774891775,2325.06,-4.29751082251667,-6.33999999999998
SK925 81,Slovakia,SK,SK0,SK02,SK023,Nitriansky kraj,246.91,1.22051948052,1.451774891775,2325.06,-4.29751082251667,-6.33999999999998
SK925 82,Slovakia,SK,SK0,SK02,SK023,Nitriansky kraj,246.91,1.22051948052,1.451774891775,2325.06,-4.29751082251667,-6.33999999999998
SK925 83,Slovakia,SK,SK0,SK02,SK023,Nitriansky kraj,246.91,1.22051948052,1.451774891775,2325.06,-4.29751082251667,-6.33999999999998
SK925 84,Slovakia,SK,SK0,SK02,SK023,Nitriansky kraj,246.91,1.22051948052,1.451774891775,2325.06,-4.29751082251667,-6.33999999999998
SK925 85,Slovakia,SK,SK0,SK02,SK023,Nitriansky kraj,246.91,1.22051948052,1.451774891775,2325.06,-4.29751082251667,-6.33999999999998
SK925 91,Slovakia,SK,SK0,SK02,SK023,Nitriansky kraj,246.91,1.22051948052,1.451774891775,2325.06,-4.29751082251667,-6.33999999999998
SK927 01,Slovakia,SK,SK0,SK02,SK023,Nitriansky kraj,246.91,1.22051948052,1.451774891775,2325.06,-4.29751082251667,-6.33999999999998
SK927 05,Slovakia,SK,SK0,SK02,SK023,Nitriansky kraj,246.91,1.22051948052,1.451774891775,2325.06,-4.29751082251667,-6.33999999999998
SK934 01,Slovakia,SK,SK0,SK02,SK023,Nitriansky kraj,246.91,1.22051948052,1.451774891775,2325.06,-4.29751082251667,-6.33999999999998
SK934 05,Slovakia,SK,SK0,SK02,SK023,Nitriansky kraj,246.91,1.22051948052,1.451774891775,2325.06,-4.29751082251667,-6.33999999999998
SK935 02,Slovakia,SK,SK0,SK02,SK023,Nitriansky kraj,246.91,1.22051948052,1.451774891775,2325.06,-4.29751082251667,-6.33999999999998
SK935 03,Slovakia,SK,SK0,SK02,SK023,Nitriansky kraj,246.91,1.22051948052,1.451774891775,2325.06,-4.29751082251667,-6.33999999999998
SK935 04,Slovakia,SK,SK0,SK02,SK023,Nitriansky kraj,246.91,1.22051948052,1.451774891775,2325.06,-4.29751082251667,-6.33999999999998
SK935 05,Slovakia,SK,SK0,SK02,SK023,Nitriansky kraj,246.91,1.22051948052,1.451774891775,2325.06,-4.29751082251667,-6.33999999999998
SK935 06,Slovakia,SK,SK0,SK02,SK023,Nitriansky kraj,246.91,1.22051948052,1.451774891775,2325.06,-4.29751082251667,-6.33999999999998
SK935 21,Slovakia,SK,SK0,SK02,SK023,Nitriansky kraj,246.91,1.22051948052,1.451774891775,2325.06,-4.29751082251667,-6.33999999999998
SK935 22,Slovakia,SK,SK0,SK02,SK023,Nitriansky kraj,246.91,1.22051948052,1.451774891775,2325.06,-4.29751082251667,-6.33999999999998
SK935 23,Slovakia,SK,SK0,SK02,SK023,Nitriansky kraj,246.91,1.22051948052,1.451774891775,2325.06,-4.29751082251667,-6.33999999999998
SK935 24,Slovakia,SK,SK0,SK02,SK023,Nitriansky kraj,246.91,1.22051948052,1.451774891775,2325.06,-4.29751082251667,-6.33999999999998
SK935 25,Slovakia,SK,SK0,SK02,SK023,Nitriansky kraj,246.91,1.22051948052,1.451774891775,2325.06,-4.29751082251667,-6.33999999999998
SK935 26,Slovakia,SK,SK0,SK02,SK023,Nitriansky kraj,246.91,1.22051948052,1.451774891775,2325.06,-4.29751082251667,-6.33999999999998
SK935 27,Slovakia,SK,SK0,SK02,SK023,Nitriansky kraj,246.91,1.22051948052,1.451774891775,2325.06,-4.29751082251667,-6.33999999999998
SK935 29,Slovakia,SK,SK0,SK02,SK023,Nitriansky kraj,246.91,1.22051948052,1.451774891775,2325.06,-4.29751082251667,-6.33999999999998
SK935 31,Slovakia,SK,SK0,SK02,SK023,Nitriansky kraj,246.91,1.22051948052,1.451774891775,2325.06,-4.29751082251667,-6.33999999999998
SK935 32,Slovakia,SK,SK0,SK02,SK023,Nitriansky kraj,246.91,1.22051948052,1.451774891775,2325.06,-4.29751082251667,-6.33999999999998
SK935 33,Slovakia,SK,SK0,SK02,SK023,Nitriansky kraj,246.91,1.22051948052,1.451774891775,2325.06,-4.29751082251667,-6.33999999999998
SK935 34,Slovakia,SK,SK0,SK02,SK023,Nitriansky kraj,246.91,1.22051948052,1.451774891775,2325.06,-4.29751082251667,-6.33999999999998
SK935 35,Slovakia,SK,SK0,SK02,SK023,Nitriansky kraj,246.91,1.22051948052,1.451774891775,2325.06,-4.29751082251667,-6.33999999999998
SK935 36,Slovakia,SK,SK0,SK02,SK023,Nitriansky kraj,246.91,1.22051948052,1.451774891775,2325.06,-4.29751082251667,-6.33999999999998
SK935 37,Slovakia,SK,SK0,SK02,SK023,Nitriansky kraj,246.91,1.22051948052,1.451774891775,2325.06,-4.29751082251667,-6.33999999999998
SK935 38,Slovakia,SK,SK0,SK02,SK023,Nitriansky kraj,246.91,1.22051948052,1.451774891775,2325.06,-4.29751082251667,-6.33999999999998
SK935 39,Slovakia,SK,SK0,SK02,SK023,Nitriansky kraj,246.91,1.22051948052,1.451774891775,2325.06,-4.29751082251667,-6.33999999999998
SK935 41,Slovakia,SK,SK0,SK02,SK023,Nitriansky kraj,246.91,1.22051948052,1.451774891775,2325.06,-4.29751082251667,-6.33999999999998
SK935 51,Slovakia,SK,SK0,SK02,SK023,Nitriansky kraj,246.91,1.22051948052,1.451774891775,2325.06,-4.29751082251667,-6.33999999999998
SK935 52,Slovakia,SK,SK0,SK02,SK023,Nitriansky kraj,246.91,1.22051948052,1.451774891775,2325.06,-4.29751082251667,-6.33999999999998
SK935 55,Slovakia,SK,SK0,SK02,SK023,Nitriansky kraj,246.91,1.22051948052,1.451774891775,2325.06,-4.29751082251667,-6.33999999999998
SK935 56,Slovakia,SK,SK0,SK02,SK023,Nitriansky kraj,246.91,1.22051948052,1.451774891775,2325.06,-4.29751082251667,-6.33999999999998
SK935 57,Slovakia,SK,SK0,SK02,SK023,Nitriansky kraj,246.91,1.22051948052,1.451774891775,2325.06,-4.29751082251667,-6.33999999999998
SK935 61,Slovakia,SK,SK0,SK02,SK023,Nitriansky kraj,246.91,1.22051948052,1.451774891775,2325.06,-4.29751082251667,-6.33999999999998
SK935 62,Slovakia,SK,SK0,SK02,SK023,Nitriansky kraj,246.91,1.22051948052,1.451774891775,2325.06,-4.29751082251667,-6.33999999999998
SK935 63,Slovakia,SK,SK0,SK02,SK023,Nitriansky kraj,246.91,1.22051948052,1.451774891775,2325.06,-4.29751082251667,-6.33999999999998
SK935 64,Slovakia,SK,SK0,SK02,SK023,Nitriansky kraj,246.91,1.22051948052,1.451774891775,2325.06,-4.29751082251667,-6.33999999999998
SK935 65,Slovakia,SK,SK0,SK02,SK023,Nitriansky kraj,246.91,1.22051948052,1.451774891775,2325.06,-4.29751082251667,-6.33999999999998
SK935 66,Slovakia,SK,SK0,SK02,SK023,Nitriansky kraj,246.91,1.22051948052,1.451774891775,2325.06,-4.29751082251667,-6.33999999999998
SK935 67,Slovakia,SK,SK0,SK02,SK023,Nitriansky kraj,246.91,1.22051948052,1.451774891775,2325.06,-4.29751082251667,-6.33999999999998
SK935 68,Slovakia,SK,SK0,SK02,SK023,Nitriansky kraj,246.91,1.22051948052,1.451774891775,2325.06,-4.29751082251667,-6.33999999999998
SK935 69,Slovakia,SK,SK0,SK02,SK023,Nitriansky kraj,246.91,1.22051948052,1.451774891775,2325.06,-4.29751082251667,-6.33999999999998
SK935 71,Slovakia,SK,SK0,SK02,SK023,Nitriansky kraj,246.91,1.22051948052,1.451774891775,2325.06,-4.29751082251667,-6.33999999999998
SK935 75,Slovakia,SK,SK0,SK02,SK023,Nitriansky kraj,246.91,1.22051948052,1.451774891775,2325.06,-4.29751082251667,-6.33999999999998
SK935 77,Slovakia,SK,SK0,SK02,SK023,Nitriansky kraj,246.91,1.22051948052,1.451774891775,2325.06,-4.29751082251667,-6.33999999999998
SK935 81,Slovakia,SK,SK0,SK02,SK023,Nitriansky kraj,246.91,1.22051948052,1.451774891775,2325.06,-4.29751082251667,-6.33999999999998
SK935 82,Slovakia,SK,SK0,SK02,SK023,Nitriansky kraj,246.91,1.22051948052,1.451774891775,2325.06,-4.29751082251667,-6.33999999999998
SK935 84,Slovakia,SK,SK0,SK02,SK023,Nitriansky kraj,246.91,1.22051948052,1.451774891775,2325.06,-4.29751082251667,-6.33999999999998
SK935 85,Slovakia,SK,SK0,SK02,SK023,Nitriansky kraj,246.91,1.22051948052,1.451774891775,2325.06,-4.29751082251667,-6.33999999999998
SK935 86,Slovakia,SK,SK0,SK02,SK023,Nitriansky kraj,246.91,1.22051948052,1.451774891775,2325.06,-4.29751082251667,-6.33999999999998
SK935 87,Slovakia,SK,SK0,SK02,SK023,Nitriansky kraj,246.91,1.22051948052,1.451774891775,2325.06,-4.29751082251667,-6.33999999999998
SK936 01,Slovakia,SK,SK0,SK02,SK023,Nitriansky kraj,246.91,1.22051948052,1.451774891775,2325.06,-4.29751082251667,-6.33999999999998
SK937 01,Slovakia,SK,SK0,SK02,SK023,Nitriansky kraj,246.91,1.22051948052,1.451774891775,2325.06,-4.29751082251667,-6.33999999999998
SK940 02,Slovakia,SK,SK0,SK02,SK023,Nitriansky kraj,246.91,1.22051948052,1.451774891775,2325.06,-4.29751082251667,-6.33999999999998
SK941 01,Slovakia,SK,SK0,SK02,SK023,Nitriansky kraj,246.91,1.22051948052,1.451774891775,2325.06,-4.29751082251667,-6.33999999999998
SK941 02,Slovakia,SK,SK0,SK02,SK023,Nitriansky kraj,246.91,1.22051948052,1.451774891775,2325.06,-4.29751082251667,-6.33999999999998
SK941 03,Slovakia,SK,SK0,SK02,SK023,Nitriansky kraj,246.91,1.22051948052,1.451774891775,2325.06,-4.29751082251667,-6.33999999999998
SK941 04,Slovakia,SK,SK0,SK02,SK023,Nitriansky kraj,246.91,1.22051948052,1.451774891775,2325.06,-4.29751082251667,-6.33999999999998
SK941 05,Slovakia,SK,SK0,SK02,SK023,Nitriansky kraj,246.91,1.22051948052,1.451774891775,2325.06,-4.29751082251667,-6.33999999999998
SK941 06,Slovakia,SK,SK0,SK02,SK023,Nitriansky kraj,246.91,1.22051948052,1.451774891775,2325.06,-4.29751082251667,-6.33999999999998
SK941 07,Slovakia,SK,SK0,SK02,SK023,Nitriansky kraj,246.91,1.22051948052,1.451774891775,2325.06,-4.29751082251667,-6.33999999999998
SK941 10,Slovakia,SK,SK0,SK02,SK023,Nitriansky kraj,246.91,1.22051948052,1.451774891775,2325.06,-4.29751082251667,-6.33999999999998
SK941 11,Slovakia,SK,SK0,SK02,SK023,Nitriansky kraj,246.91,1.22051948052,1.451774891775,2325.06,-4.29751082251667,-6.33999999999998
SK941 21,Slovakia,SK,SK0,SK02,SK023,Nitriansky kraj,246.91,1.22051948052,1.451774891775,2325.06,-4.29751082251667,-6.33999999999998
SK941 22,Slovakia,SK,SK0,SK02,SK023,Nitriansky kraj,246.91,1.22051948052,1.451774891775,2325.06,-4.29751082251667,-6.33999999999998
SK941 23,Slovakia,SK,SK0,SK02,SK023,Nitriansky kraj,246.91,1.22051948052,1.451774891775,2325.06,-4.29751082251667,-6.33999999999998
SK941 31,Slovakia,SK,SK0,SK02,SK023,Nitriansky kraj,246.91,1.22051948052,1.451774891775,2325.06,-4.29751082251667,-6.33999999999998
SK941 32,Slovakia,SK,SK0,SK02,SK023,Nitriansky kraj,246.91,1.22051948052,1.451774891775,2325.06,-4.29751082251667,-6.33999999999998
SK941 33,Slovakia,SK,SK0,SK02,SK023,Nitriansky kraj,246.91,1.22051948052,1.451774891775,2325.06,-4.29751082251667,-6.33999999999998
SK941 34,Slovakia,SK,SK0,SK02,SK023,Nitriansky kraj,246.91,1.22051948052,1.451774891775,2325.06,-4.29751082251667,-6.33999999999998
SK941 35,Slovakia,SK,SK0,SK02,SK023,Nitriansky kraj,246.91,1.22051948052,1.451774891775,2325.06,-4.29751082251667,-6.33999999999998
SK941 36,Slovakia,SK,SK0,SK02,SK023,Nitriansky kraj,246.91,1.22051948052,1.451774891775,2325.06,-4.29751082251667,-6.33999999999998
SK941 37,Slovakia,SK,SK0,SK02,SK023,Nitriansky kraj,246.91,1.22051948052,1.451774891775,2325.06,-4.29751082251667,-6.33999999999998
SK941 41,Slovakia,SK,SK0,SK02,SK023,Nitriansky kraj,246.91,1.22051948052,1.451774891775,2325.06,-4.29751082251667,-6.33999999999998
SK941 42,Slovakia,SK,SK0,SK02,SK023,Nitriansky kraj,246.91,1.22051948052,1.451774891775,2325.06,-4.29751082251667,-6.33999999999998
SK941 43,Slovakia,SK,SK0,SK02,SK023,Nitriansky kraj,246.91,1.22051948052,1.451774891775,2325.06,-4.29751082251667,-6.33999999999998
SK941 44,Slovakia,SK,SK0,SK02,SK023,Nitriansky kraj,246.91,1.22051948052,1.451774891775,2325.06,-4.29751082251667,-6.33999999999998
SK941 45,Slovakia,SK,SK0,SK02,SK023,Nitriansky kraj,246.91,1.22051948052,1.451774891775,2325.06,-4.29751082251667,-6.33999999999998
SK941 46,Slovakia,SK,SK0,SK02,SK023,Nitriansky kraj,246.91,1.22051948052,1.451774891775,2325.06,-4.29751082251667,-6.33999999999998
SK941 47,Slovakia,SK,SK0,SK02,SK023,Nitriansky kraj,246.91,1.22051948052,1.451774891775,2325.06,-4.29751082251667,-6.33999999999998
SK941 48,Slovakia,SK,SK0,SK02,SK023,Nitriansky kraj,246.91,1.22051948052,1.451774891775,2325.06,-4.29751082251667,-6.33999999999998
SK941 49,Slovakia,SK,SK0,SK02,SK023,Nitriansky kraj,246.91,1.22051948052,1.451774891775,2325.06,-4.29751082251667,-6.33999999999998
SK941 50,Slovakia,SK,SK0,SK02,SK023,Nitriansky kraj,246.91,1.22051948052,1.451774891775,2325.06,-4.29751082251667,-6.33999999999998
SK941 51,Slovakia,SK,SK0,SK02,SK023,Nitriansky kraj,246.91,1.22051948052,1.451774891775,2325.06,-4.29751082251667,-6.33999999999998
SK941 62,Slovakia,SK,SK0,SK02,SK023,Nitriansky kraj,246.91,1.22051948052,1.451774891775,2325.06,-4.29751082251667,-6.33999999999998
SK942 01,Slovakia,SK,SK0,SK02,SK023,Nitriansky kraj,246.91,1.22051948052,1.451774891775,2325.06,-4.29751082251667,-6.33999999999998
SK943 01,Slovakia,SK,SK0,SK02,SK023,Nitriansky kraj,246.91,1.22051948052,1.451774891775,2325.06,-4.29751082251667,-6.33999999999998
SK943 04,Slovakia,SK,SK0,SK02,SK023,Nitriansky kraj,246.91,1.22051948052,1.451774891775,2325.06,-4.29751082251667,-6.33999999999998
SK943 42,Slovakia,SK,SK0,SK02,SK023,Nitriansky kraj,246.91,1.22051948052,1.451774891775,2325.06,-4.29751082251667,-6.33999999999998
SK943 52,Slovakia,SK,SK0,SK02,SK023,Nitriansky kraj,246.91,1.22051948052,1.451774891775,2325.06,-4.29751082251667,-6.33999999999998
SK943 53,Slovakia,SK,SK0,SK02,SK023,Nitriansky kraj,246.91,1.22051948052,1.451774891775,2325.06,-4.29751082251667,-6.33999999999998
SK943 54,Slovakia,SK,SK0,SK02,SK023,Nitriansky kraj,246.91,1.22051948052,1.451774891775,2325.06,-4.29751082251667,-6.33999999999998
SK943 55,Slovakia,SK,SK0,SK02,SK023,Nitriansky kraj,246.91,1.22051948052,1.451774891775,2325.06,-4.29751082251667,-6.33999999999998
SK943 56,Slovakia,SK,SK0,SK02,SK023,Nitriansky kraj,246.91,1.22051948052,1.451774891775,2325.06,-4.29751082251667,-6.33999999999998
SK943 57,Slovakia,SK,SK0,SK02,SK023,Nitriansky kraj,246.91,1.22051948052,1.451774891775,2325.06,-4.29751082251667,-6.33999999999998
SK943 58,Slovakia,SK,SK0,SK02,SK023,Nitriansky kraj,246.91,1.22051948052,1.451774891775,2325.06,-4.29751082251667,-6.33999999999998
SK943 59,Slovakia,SK,SK0,SK02,SK023,Nitriansky kraj,246.91,1.22051948052,1.451774891775,2325.06,-4.29751082251667,-6.33999999999998
SK943 60,Slovakia,SK,SK0,SK02,SK023,Nitriansky kraj,246.91,1.22051948052,1.451774891775,2325.06,-4.29751082251667,-6.33999999999998
SK943 61,Slovakia,SK,SK0,SK02,SK023,Nitriansky kraj,246.91,1.22051948052,1.451774891775,2325.06,-4.29751082251667,-6.33999999999998
SK943 65,Slovakia,SK,SK0,SK02,SK023,Nitriansky kraj,246.91,1.22051948052,1.451774891775,2325.06,-4.29751082251667,-6.33999999999998
SK945 01,Slovakia,SK,SK0,SK02,SK023,Nitriansky kraj,246.91,1.22051948052,1.451774891775,2325.06,-4.29751082251667,-6.33999999999998
SK945 04,Slovakia,SK,SK0,SK02,SK023,Nitriansky kraj,246.91,1.22051948052,1.451774891775,2325.06,-4.29751082251667,-6.33999999999998
SK945 05,Slovakia,SK,SK0,SK02,SK023,Nitriansky kraj,246.91,1.22051948052,1.451774891775,2325.06,-4.29751082251667,-6.33999999999998
SK946 01,Slovakia,SK,SK0,SK02,SK023,Nitriansky kraj,246.91,1.22051948052,1.451774891775,2325.06,-4.29751082251667,-6.33999999999998
SK946 02,Slovakia,SK,SK0,SK02,SK023,Nitriansky kraj,246.91,1.22051948052,1.451774891775,2325.06,-4.29751082251667,-6.33999999999998
SK946 03,Slovakia,SK,SK0,SK02,SK023,Nitriansky kraj,246.91,1.22051948052,1.451774891775,2325.06,-4.29751082251667,-6.33999999999998
SK946 12,Slovakia,SK,SK0,SK02,SK023,Nitriansky kraj,246.91,1.22051948052,1.451774891775,2325.06,-4.29751082251667,-6.33999999999998
SK946 13,Slovakia,SK,SK0,SK02,SK023,Nitriansky kraj,246.91,1.22051948052,1.451774891775,2325.06,-4.29751082251667,-6.33999999999998
SK946 14,Slovakia,SK,SK0,SK02,SK023,Nitriansky kraj,246.91,1.22051948052,1.451774891775,2325.06,-4.29751082251667,-6.33999999999998
SK946 15,Slovakia,SK,SK0,SK02,SK023,Nitriansky kraj,246.91,1.22051948052,1.451774891775,2325.06,-4.29751082251667,-6.33999999999998
SK946 16,Slovakia,SK,SK0,SK02,SK023,Nitriansky kraj,246.91,1.22051948052,1.451774891775,2325.06,-4.29751082251667,-6.33999999999998
SK946 17,Slovakia,SK,SK0,SK02,SK023,Nitriansky kraj,246.91,1.22051948052,1.451774891775,2325.06,-4.29751082251667,-6.33999999999998
SK946 19,Slovakia,SK,SK0,SK02,SK023,Nitriansky kraj,246.91,1.22051948052,1.451774891775,2325.06,-4.29751082251667,-6.33999999999998
SK946 21,Slovakia,SK,SK0,SK02,SK023,Nitriansky kraj,246.91,1.22051948052,1.451774891775,2325.06,-4.29751082251667,-6.33999999999998
SK946 31,Slovakia,SK,SK0,SK02,SK023,Nitriansky kraj,246.91,1.22051948052,1.451774891775,2325.06,-4.29751082251667,-6.33999999999998
SK946 32,Slovakia,SK,SK0,SK02,SK023,Nitriansky kraj,246.91,1.22051948052,1.451774891775,2325.06,-4.29751082251667,-6.33999999999998
SK946 33,Slovakia,SK,SK0,SK02,SK023,Nitriansky kraj,246.91,1.22051948052,1.451774891775,2325.06,-4.29751082251667,-6.33999999999998
SK946 34,Slovakia,SK,SK0,SK02,SK023,Nitriansky kraj,246.91,1.22051948052,1.451774891775,2325.06,-4.29751082251667,-6.33999999999998
SK946 35,Slovakia,SK,SK0,SK02,SK023,Nitriansky kraj,246.91,1.22051948052,1.451774891775,2325.06,-4.29751082251667,-6.33999999999998
SK946 36,Slovakia,SK,SK0,SK02,SK023,Nitriansky kraj,246.91,1.22051948052,1.451774891775,2325.06,-4.29751082251667,-6.33999999999998
SK946 37,Slovakia,SK,SK0,SK02,SK023,Nitriansky kraj,246.91,1.22051948052,1.451774891775,2325.06,-4.29751082251667,-6.33999999999998
SK946 38,Slovakia,SK,SK0,SK02,SK023,Nitriansky kraj,246.91,1.22051948052,1.451774891775,2325.06,-4.29751082251667,-6.33999999999998
SK946 39,Slovakia,SK,SK0,SK02,SK023,Nitriansky kraj,246.91,1.22051948052,1.451774891775,2325.06,-4.29751082251667,-6.33999999999998
SK946 51,Slovakia,SK,SK0,SK02,SK023,Nitriansky kraj,246.91,1.22051948052,1.451774891775,2325.06,-4.29751082251667,-6.33999999999998
SK946 52,Slovakia,SK,SK0,SK02,SK023,Nitriansky kraj,246.91,1.22051948052,1.451774891775,2325.06,-4.29751082251667,-6.33999999999998
SK946 54,Slovakia,SK,SK0,SK02,SK023,Nitriansky kraj,246.91,1.22051948052,1.451774891775,2325.06,-4.29751082251667,-6.33999999999998
SK946 55,Slovakia,SK,SK0,SK02,SK023,Nitriansky kraj,246.91,1.22051948052,1.451774891775,2325.06,-4.29751082251667,-6.33999999999998
SK946 56,Slovakia,SK,SK0,SK02,SK023,Nitriansky kraj,246.91,1.22051948052,1.451774891775,2325.06,-4.29751082251667,-6.33999999999998
SK946 57,Slovakia,SK,SK0,SK02,SK023,Nitriansky kraj,246.91,1.22051948052,1.451774891775,2325.06,-4.29751082251667,-6.33999999999998
SK947 01,Slovakia,SK,SK0,SK02,SK023,Nitriansky kraj,246.91,1.22051948052,1.451774891775,2325.06,-4.29751082251667,-6.33999999999998
SK947 03,Slovakia,SK,SK0,SK02,SK023,Nitriansky kraj,246.91,1.22051948052,1.451774891775,2325.06,-4.29751082251667,-6.33999999999998
SK949 01,Slovakia,SK,SK0,SK02,SK023,Nitriansky kraj,246.91,1.22051948052,1.451774891775,2325.06,-4.29751082251667,-6.33999999999998
SK949 05,Slovakia,SK,SK0,SK02,SK023,Nitriansky kraj,246.91,1.22051948052,1.451774891775,2325.06,-4.29751082251667,-6.33999999999998
SK949 07,Slovakia,SK,SK0,SK02,SK023,Nitriansky kraj,246.91,1.22051948052,1.451774891775,2325.06,-4.29751082251667,-6.33999999999998
SK949 11,Slovakia,SK,SK0,SK02,SK023,Nitriansky kraj,246.91,1.22051948052,1.451774891775,2325.06,-4.29751082251667,-6.33999999999998
SK951 01,Slovakia,SK,SK0,SK02,SK023,Nitriansky kraj,246.91,1.22051948052,1.451774891775,2325.06,-4.29751082251667,-6.33999999999998
SK951 02,Slovakia,SK,SK0,SK02,SK023,Nitriansky kraj,246.91,1.22051948052,1.451774891775,2325.06,-4.29751082251667,-6.33999999999998
SK951 03,Slovakia,SK,SK0,SK02,SK023,Nitriansky kraj,246.91,1.22051948052,1.451774891775,2325.06,-4.29751082251667,-6.33999999999998
SK951 04,Slovakia,SK,SK0,SK02,SK023,Nitriansky kraj,246.91,1.22051948052,1.451774891775,2325.06,-4.29751082251667,-6.33999999999998
SK951 05,Slovakia,SK,SK0,SK02,SK023,Nitriansky kraj,246.91,1.22051948052,1.451774891775,2325.06,-4.29751082251667,-6.33999999999998
SK951 06,Slovakia,SK,SK0,SK02,SK023,Nitriansky kraj,246.91,1.22051948052,1.451774891775,2325.06,-4.29751082251667,-6.33999999999998
SK951 07,Slovakia,SK,SK0,SK02,SK023,Nitriansky kraj,246.91,1.22051948052,1.451774891775,2325.06,-4.29751082251667,-6.33999999999998
SK951 08,Slovakia,SK,SK0,SK02,SK023,Nitriansky kraj,246.91,1.22051948052,1.451774891775,2325.06,-4.29751082251667,-6.33999999999998
SK951 12,Slovakia,SK,SK0,SK02,SK023,Nitriansky kraj,246.91,1.22051948052,1.451774891775,2325.06,-4.29751082251667,-6.33999999999998
SK951 13,Slovakia,SK,SK0,SK02,SK023,Nitriansky kraj,246.91,1.22051948052,1.451774891775,2325.06,-4.29751082251667,-6.33999999999998
SK951 15,Slovakia,SK,SK0,SK02,SK023,Nitriansky kraj,246.91,1.22051948052,1.451774891775,2325.06,-4.29751082251667,-6.33999999999998
SK951 16,Slovakia,SK,SK0,SK02,SK023,Nitriansky kraj,246.91,1.22051948052,1.451774891775,2325.06,-4.29751082251667,-6.33999999999998
SK951 17,Slovakia,SK,SK0,SK02,SK023,Nitriansky kraj,246.91,1.22051948052,1.451774891775,2325.06,-4.29751082251667,-6.33999999999998
SK951 21,Slovakia,SK,SK0,SK02,SK023,Nitriansky kraj,246.91,1.22051948052,1.451774891775,2325.06,-4.29751082251667,-6.33999999999998
SK951 22,Slovakia,SK,SK0,SK02,SK023,Nitriansky kraj,246.91,1.22051948052,1.451774891775,2325.06,-4.29751082251667,-6.33999999999998
SK951 23,Slovakia,SK,SK0,SK02,SK023,Nitriansky kraj,246.91,1.22051948052,1.451774891775,2325.06,-4.29751082251667,-6.33999999999998
SK951 24,Slovakia,SK,SK0,SK02,SK023,Nitriansky kraj,246.91,1.22051948052,1.451774891775,2325.06,-4.29751082251667,-6.33999999999998
SK951 25,Slovakia,SK,SK0,SK02,SK023,Nitriansky kraj,246.91,1.22051948052,1.451774891775,2325.06,-4.29751082251667,-6.33999999999998
SK951 26,Slovakia,SK,SK0,SK02,SK023,Nitriansky kraj,246.91,1.22051948052,1.451774891775,2325.06,-4.29751082251667,-6.33999999999998
SK951 31,Slovakia,SK,SK0,SK02,SK023,Nitriansky kraj,246.91,1.22051948052,1.451774891775,2325.06,-4.29751082251667,-6.33999999999998
SK951 32,Slovakia,SK,SK0,SK02,SK023,Nitriansky kraj,246.91,1.22051948052,1.451774891775,2325.06,-4.29751082251667,-6.33999999999998
SK951 33,Slovakia,SK,SK0,SK02,SK023,Nitriansky kraj,246.91,1.22051948052,1.451774891775,2325.06,-4.29751082251667,-6.33999999999998
SK951 34,Slovakia,SK,SK0,SK02,SK023,Nitriansky kraj,246.91,1.22051948052,1.451774891775,2325.06,-4.29751082251667,-6.33999999999998
SK951 35,Slovakia,SK,SK0,SK02,SK023,Nitriansky kraj,246.91,1.22051948052,1.451774891775,2325.06,-4.29751082251667,-6.33999999999998
SK951 36,Slovakia,SK,SK0,SK02,SK023,Nitriansky kraj,246.91,1.22051948052,1.451774891775,2325.06,-4.29751082251667,-6.33999999999998
SK951 37,Slovakia,SK,SK0,SK02,SK023,Nitriansky kraj,246.91,1.22051948052,1.451774891775,2325.06,-4.29751082251667,-6.33999999999998
SK951 41,Slovakia,SK,SK0,SK02,SK023,Nitriansky kraj,246.91,1.22051948052,1.451774891775,2325.06,-4.29751082251667,-6.33999999999998
SK951 42,Slovakia,SK,SK0,SK02,SK023,Nitriansky kraj,246.91,1.22051948052,1.451774891775,2325.06,-4.29751082251667,-6.33999999999998
SK951 43,Slovakia,SK,SK0,SK02,SK023,Nitriansky kraj,246.91,1.22051948052,1.451774891775,2325.06,-4.29751082251667,-6.33999999999998
SK951 44,Slovakia,SK,SK0,SK02,SK023,Nitriansky kraj,246.91,1.22051948052,1.451774891775,2325.06,-4.29751082251667,-6.33999999999998
SK951 45,Slovakia,SK,SK0,SK02,SK023,Nitriansky kraj,246.91,1.22051948052,1.451774891775,2325.06,-4.29751082251667,-6.33999999999998
SK951 46,Slovakia,SK,SK0,SK02,SK023,Nitriansky kraj,246.91,1.22051948052,1.451774891775,2325.06,-4.29751082251667,-6.33999999999998
SK951 48,Slovakia,SK,SK0,SK02,SK023,Nitriansky kraj,246.91,1.22051948052,1.451774891775,2325.06,-4.29751082251667,-6.33999999999998
SK951 51,Slovakia,SK,SK0,SK02,SK023,Nitriansky kraj,246.91,1.22051948052,1.451774891775,2325.06,-4.29751082251667,-6.33999999999998
SK951 52,Slovakia,SK,SK0,SK02,SK023,Nitriansky kraj,246.91,1.22051948052,1.451774891775,2325.06,-4.29751082251667,-6.33999999999998
SK951 53,Slovakia,SK,SK0,SK02,SK023,Nitriansky kraj,246.91,1.22051948052,1.451774891775,2325.06,-4.29751082251667,-6.33999999999998
SK951 54,Slovakia,SK,SK0,SK02,SK023,Nitriansky kraj,246.91,1.22051948052,1.451774891775,2325.06,-4.29751082251667,-6.33999999999998
SK951 61,Slovakia,SK,SK0,SK02,SK023,Nitriansky kraj,246.91,1.22051948052,1.451774891775,2325.06,-4.29751082251667,-6.33999999999998
SK951 62,Slovakia,SK,SK0,SK02,SK023,Nitriansky kraj,246.91,1.22051948052,1.451774891775,2325.06,-4.29751082251667,-6.33999999999998
SK951 71,Slovakia,SK,SK0,SK02,SK023,Nitriansky kraj,246.91,1.22051948052,1.451774891775,2325.06,-4.29751082251667,-6.33999999999998
SK951 72,Slovakia,SK,SK0,SK02,SK023,Nitriansky kraj,246.91,1.22051948052,1.451774891775,2325.06,-4.29751082251667,-6.33999999999998
SK951 73,Slovakia,SK,SK0,SK02,SK023,Nitriansky kraj,246.91,1.22051948052,1.451774891775,2325.06,-4.29751082251667,-6.33999999999998
SK951 74,Slovakia,SK,SK0,SK02,SK023,Nitriansky kraj,246.91,1.22051948052,1.451774891775,2325.06,-4.29751082251667,-6.33999999999998
SK951 75,Slovakia,SK,SK0,SK02,SK023,Nitriansky kraj,246.91,1.22051948052,1.451774891775,2325.06,-4.29751082251667,-6.33999999999998
SK951 76,Slovakia,SK,SK0,SK02,SK023,Nitriansky kraj,246.91,1.22051948052,1.451774891775,2325.06,-4.29751082251667,-6.33999999999998
SK951 77,Slovakia,SK,SK0,SK02,SK023,Nitriansky kraj,246.91,1.22051948052,1.451774891775,2325.06,-4.29751082251667,-6.33999999999998
SK951 78,Slovakia,SK,SK0,SK02,SK023,Nitriansky kraj,246.91,1.22051948052,1.451774891775,2325.06,-4.29751082251667,-6.33999999999998
SK951 81,Slovakia,SK,SK0,SK02,SK023,Nitriansky kraj,246.91,1.22051948052,1.451774891775,2325.06,-4.29751082251667,-6.33999999999998
SK951 82,Slovakia,SK,SK0,SK02,SK023,Nitriansky kraj,246.91,1.22051948052,1.451774891775,2325.06,-4.29751082251667,-6.33999999999998
SK951 85,Slovakia,SK,SK0,SK02,SK023,Nitriansky kraj,246.91,1.22051948052,1.451774891775,2325.06,-4.29751082251667,-6.33999999999998
SK951 87,Slovakia,SK,SK0,SK02,SK023,Nitriansky kraj,246.91,1.22051948052,1.451774891775,2325.06,-4.29751082251667,-6.33999999999998
SK951 88,Slovakia,SK,SK0,SK02,SK023,Nitriansky kraj,246.91,1.22051948052,1.451774891775,2325.06,-4.29751082251667,-6.33999999999998
SK951 91,Slovakia,SK,SK0,SK02,SK023,Nitriansky kraj,246.91,1.22051948052,1.451774891775,2325.06,-4.29751082251667,-6.33999999999998
SK951 92,Slovakia,SK,SK0,SK02,SK023,Nitriansky kraj,246.91,1.22051948052,1.451774891775,2325.06,-4.29751082251667,-6.33999999999998
SK951 93,Slovakia,SK,SK0,SK02,SK023,Nitriansky kraj,246.91,1.22051948052,1.451774891775,2325.06,-4.29751082251667,-6.33999999999998
SK951 94,Slovakia,SK,SK0,SK02,SK023,Nitriansky kraj,246.91,1.22051948052,1.451774891775,2325.06,-4.29751082251667,-6.33999999999998
SK951 95,Slovakia,SK,SK0,SK02,SK023,Nitriansky kraj,246.91,1.22051948052,1.451774891775,2325.06,-4.29751082251667,-6.33999999999998
SK951 96,Slovakia,SK,SK0,SK02,SK023,Nitriansky kraj,246.91,1.22051948052,1.451774891775,2325.06,-4.29751082251667,-6.33999999999998
SK951 97,Slovakia,SK,SK0,SK02,SK023,Nitriansky kraj,246.91,1.22051948052,1.451774891775,2325.06,-4.29751082251667,-6.33999999999998
SK952 01,Slovakia,SK,SK0,SK02,SK023,Nitriansky kraj,246.91,1.22051948052,1.451774891775,2325.06,-4.29751082251667,-6.33999999999998
SK953 01,Slovakia,SK,SK0,SK02,SK023,Nitriansky kraj,246.91,1.22051948052,1.451774891775,2325.06,-4.29751082251667,-6.33999999999998
SK953 05,Slovakia,SK,SK0,SK02,SK023,Nitriansky kraj,246.91,1.22051948052,1.451774891775,2325.06,-4.29751082251667,-6.33999999999998
SK955 01,Slovakia,SK,SK0,SK02,SK023,Nitriansky kraj,246.91,1.22051948052,1.451774891775,2325.06,-4.29751082251667,-6.33999999999998
SK955 03,Slovakia,SK,SK0,SK02,SK023,Nitriansky kraj,246.91,1.22051948052,1.451774891775,2325.06,-4.29751082251667,-6.33999999999998
SK956 01,Slovakia,SK,SK0,SK02,SK023,Nitriansky kraj,246.91,1.22051948052,1.451774891775,2325.06,-4.29751082251667,-6.33999999999998
SK956 02,Slovakia,SK,SK0,SK02,SK023,Nitriansky kraj,246.91,1.22051948052,1.451774891775,2325.06,-4.29751082251667,-6.33999999999998
SK956 03,Slovakia,SK,SK0,SK02,SK023,Nitriansky kraj,246.91,1.22051948052,1.451774891775,2325.06,-4.29751082251667,-6.33999999999998
SK956 05,Slovakia,SK,SK0,SK02,SK023,Nitriansky kraj,246.91,1.22051948052,1.451774891775,2325.06,-4.29751082251667,-6.33999999999998
SK956 06,Slovakia,SK,SK0,SK02,SK023,Nitriansky kraj,246.91,1.22051948052,1.451774891775,2325.06,-4.29751082251667,-6.33999999999998
SK956 07,Slovakia,SK,SK0,SK02,SK023,Nitriansky kraj,246.91,1.22051948052,1.451774891775,2325.06,-4.29751082251667,-6.33999999999998
SK956 08,Slovakia,SK,SK0,SK02,SK023,Nitriansky kraj,246.91,1.22051948052,1.451774891775,2325.06,-4.29751082251667,-6.33999999999998
SK956 11,Slovakia,SK,SK0,SK02,SK023,Nitriansky kraj,246.91,1.22051948052,1.451774891775,2325.06,-4.29751082251667,-6.33999999999998
SK956 12,Slovakia,SK,SK0,SK02,SK023,Nitriansky kraj,246.91,1.22051948052,1.451774891775,2325.06,-4.29751082251667,-6.33999999999998
SK956 13,Slovakia,SK,SK0,SK02,SK023,Nitriansky kraj,246.91,1.22051948052,1.451774891775,2325.06,-4.29751082251667,-6.33999999999998
SK956 14,Slovakia,SK,SK0,SK02,SK023,Nitriansky kraj,246.91,1.22051948052,1.451774891775,2325.06,-4.29751082251667,-6.33999999999998
SK956 15,Slovakia,SK,SK0,SK02,SK023,Nitriansky kraj,246.91,1.22051948052,1.451774891775,2325.06,-4.29751082251667,-6.33999999999998
SK956 16,Slovakia,SK,SK0,SK02,SK023,Nitriansky kraj,246.91,1.22051948052,1.451774891775,2325.06,-4.29751082251667,-6.33999999999998
SK956 17,Slovakia,SK,SK0,SK02,SK023,Nitriansky kraj,246.91,1.22051948052,1.451774891775,2325.06,-4.29751082251667,-6.33999999999998
SK956 18,Slovakia,SK,SK0,SK02,SK023,Nitriansky kraj,246.91,1.22051948052,1.451774891775,2325.06,-4.29751082251667,-6.33999999999998
SK956 19,Slovakia,SK,SK0,SK02,SK023,Nitriansky kraj,246.91,1.22051948052,1.451774891775,2325.06,-4.29751082251667,-6.33999999999998
SK956 21,Slovakia,SK,SK0,SK02,SK023,Nitriansky kraj,246.91,1.22051948052,1.451774891775,2325.06,-4.29751082251667,-6.33999999999998
SK956 22,Slovakia,SK,SK0,SK02,SK023,Nitriansky kraj,246.91,1.22051948052,1.451774891775,2325.06,-4.29751082251667,-6.33999999999998
SK956 31,Slovakia,SK,SK0,SK02,SK023,Nitriansky kraj,246.91,1.22051948052,1.451774891775,2325.06,-4.29751082251667,-6.33999999999998
SK956 32,Slovakia,SK,SK0,SK02,SK023,Nitriansky kraj,246.91,1.22051948052,1.451774891775,2325.06,-4.29751082251667,-6.33999999999998
SK956 33,Slovakia,SK,SK0,SK02,SK023,Nitriansky kraj,246.91,1.22051948052,1.451774891775,2325.06,-4.29751082251667,-6.33999999999998
SK956 34,Slovakia,SK,SK0,SK02,SK023,Nitriansky kraj,246.91,1.22051948052,1.451774891775,2325.06,-4.29751082251667,-6.33999999999998
SK956 35,Slovakia,SK,SK0,SK02,SK023,Nitriansky kraj,246.91,1.22051948052,1.451774891775,2325.06,-4.29751082251667,-6.33999999999998
SK956 36,Slovakia,SK,SK0,SK02,SK023,Nitriansky kraj,246.91,1.22051948052,1.451774891775,2325.06,-4.29751082251667,-6.33999999999998
SK956 37,Slovakia,SK,SK0,SK02,SK023,Nitriansky kraj,246.91,1.22051948052,1.451774891775,2325.06,-4.29751082251667,-6.33999999999998
SK956 38,Slovakia,SK,SK0,SK02,SK023,Nitriansky kraj,246.91,1.22051948052,1.451774891775,2325.06,-4.29751082251667,-6.33999999999998
SK956 41,Slovakia,SK,SK0,SK02,SK023,Nitriansky kraj,246.91,1.22051948052,1.451774891775,2325.06,-4.29751082251667,-6.33999999999998
SK956 52,Slovakia,SK,SK0,SK02,SK023,Nitriansky kraj,246.91,1.22051948052,1.451774891775,2325.06,-4.29751082251667,-6.33999999999998
SK956 53,Slovakia,SK,SK0,SK02,SK023,Nitriansky kraj,246.91,1.22051948052,1.451774891775,2325.06,-4.29751082251667,-6.33999999999998
SK956 54,Slovakia,SK,SK0,SK02,SK023,Nitriansky kraj,246.91,1.22051948052,1.451774891775,2325.06,-4.29751082251667,-6.33999999999998
SK956 55,Slovakia,SK,SK0,SK02,SK023,Nitriansky kraj,246.91,1.22051948052,1.451774891775,2325.06,-4.29751082251667,-6.33999999999998
SK957 01,Slovakia,SK,SK0,SK02,SK023,Nitriansky kraj,246.91,1.22051948052,1.451774891775,2325.06,-4.29751082251667,-6.33999999999998
SK957 03,Slovakia,SK,SK0,SK02,SK023,Nitriansky kraj,246.91,1.22051948052,1.451774891775,2325.06,-4.29751082251667,-6.33999999999998
SK957 04,Slovakia,SK,SK0,SK02,SK023,Nitriansky kraj,246.91,1.22051948052,1.451774891775,2325.06,-4.29751082251667,-6.33999999999998
SK958 01,Slovakia,SK,SK0,SK02,SK023,Nitriansky kraj,246.91,1.22051948052,1.451774891775,2325.06,-4.29751082251667,-6.33999999999998
SK958 03,Slovakia,SK,SK0,SK02,SK023,Nitriansky kraj,246.91,1.22051948052,1.451774891775,2325.06,-4.29751082251667,-6.33999999999998
SK958 04,Slovakia,SK,SK0,SK02,SK023,Nitriansky kraj,246.91,1.22051948052,1.451774891775,2325.06,-4.29751082251667,-6.33999999999998
SK958 06,Slovakia,SK,SK0,SK02,SK023,Nitriansky kraj,246.91,1.22051948052,1.451774891775,2325.06,-4.29751082251667,-6.33999999999998
SK958 41,Slovakia,SK,SK0,SK02,SK023,Nitriansky kraj,246.91,1.22051948052,1.451774891775,2325.06,-4.29751082251667,-6.33999999999998
SK958 42,Slovakia,SK,SK0,SK02,SK023,Nitriansky kraj,246.91,1.22051948052,1.451774891775,2325.06,-4.29751082251667,-6.33999999999998
SK958 43,Slovakia,SK,SK0,SK02,SK023,Nitriansky kraj,246.91,1.22051948052,1.451774891775,2325.06,-4.29751082251667,-6.33999999999998
SK958 44,Slovakia,SK,SK0,SK02,SK023,Nitriansky kraj,246.91,1.22051948052,1.451774891775,2325.06,-4.29751082251667,-6.33999999999998
SK958 45,Slovakia,SK,SK0,SK02,SK023,Nitriansky kraj,246.91,1.22051948052,1.451774891775,2325.06,-4.29751082251667,-6.33999999999998
SK958 52,Slovakia,SK,SK0,SK02,SK023,Nitriansky kraj,246.91,1.22051948052,1.451774891775,2325.06,-4.29751082251667,-6.33999999999998
SK958 53,Slovakia,SK,SK0,SK02,SK023,Nitriansky kraj,246.91,1.22051948052,1.451774891775,2325.06,-4.29751082251667,-6.33999999999998
SK958 54,Slovakia,SK,SK0,SK02,SK023,Nitriansky kraj,246.91,1.22051948052,1.451774891775,2325.06,-4.29751082251667,-6.33999999999998
SK966 54,Slovakia,SK,SK0,SK02,SK023,Nitriansky kraj,246.91,1.22051948052,1.451774891775,2325.06,-4.29751082251667,-6.33999999999998
SK811 01,Slovakia,SK,SK0,SK01,SK010,Bratislavský kraj,236.46,1.13551282051333,1.36717948718,2326.22,-4.27096153846667,-6.25878205128332
SK811 02,Slovakia,SK,SK0,SK01,SK010,Bratislavský kraj,236.46,1.13551282051333,1.36717948718,2326.22,-4.27096153846667,-6.25878205128332
SK811 03,Slovakia,SK,SK0,SK01,SK010,Bratislavský kraj,236.46,1.13551282051333,1.36717948718,2326.22,-4.27096153846667,-6.25878205128332
SK811 04,Slovakia,SK,SK0,SK01,SK010,Bratislavský kraj,236.46,1.13551282051333,1.36717948718,2326.22,-4.27096153846667,-6.25878205128332
SK811 05,Slovakia,SK,SK0,SK01,SK010,Bratislavský kraj,236.46,1.13551282051333,1.36717948718,2326.22,-4.27096153846667,-6.25878205128332
SK811 06,Slovakia,SK,SK0,SK01,SK010,Bratislavský kraj,236.46,1.13551282051333,1.36717948718,2326.22,-4.27096153846667,-6.25878205128332
SK811 07,Slovakia,SK,SK0,SK01,SK010,Bratislavský kraj,236.46,1.13551282051333,1.36717948718,2326.22,-4.27096153846667,-6.25878205128332
SK811 08,Slovakia,SK,SK0,SK01,SK010,Bratislavský kraj,236.46,1.13551282051333,1.36717948718,2326.22,-4.27096153846667,-6.25878205128332
SK811 09,Slovakia,SK,SK0,SK01,SK010,Bratislavský kraj,236.46,1.13551282051333,1.36717948718,2326.22,-4.27096153846667,-6.25878205128332
SK820 01,Slovakia,SK,SK0,SK01,SK010,Bratislavský kraj,236.46,1.13551282051333,1.36717948718,2326.22,-4.27096153846667,-6.25878205128332
SK821 01,Slovakia,SK,SK0,SK01,SK010,Bratislavský kraj,236.46,1.13551282051333,1.36717948718,2326.22,-4.27096153846667,-6.25878205128332
SK821 02,Slovakia,SK,SK0,SK01,SK010,Bratislavský kraj,236.46,1.13551282051333,1.36717948718,2326.22,-4.27096153846667,-6.25878205128332
SK821 03,Slovakia,SK,SK0,SK01,SK010,Bratislavský kraj,236.46,1.13551282051333,1.36717948718,2326.22,-4.27096153846667,-6.25878205128332
SK821 04,Slovakia,SK,SK0,SK01,SK010,Bratislavský kraj,236.46,1.13551282051333,1.36717948718,2326.22,-4.27096153846667,-6.25878205128332
SK821 05,Slovakia,SK,SK0,SK01,SK010,Bratislavský kraj,236.46,1.13551282051333,1.36717948718,2326.22,-4.27096153846667,-6.25878205128332
SK821 06,Slovakia,SK,SK0,SK01,SK010,Bratislavský kraj,236.46,1.13551282051333,1.36717948718,2326.22,-4.27096153846667,-6.25878205128332
SK821 07,Slovakia,SK,SK0,SK01,SK010,Bratislavský kraj,236.46,1.13551282051333,1.36717948718,2326.22,-4.27096153846667,-6.25878205128332
SK821 08,Slovakia,SK,SK0,SK01,SK010,Bratislavský kraj,236.46,1.13551282051333,1.36717948718,2326.22,-4.27096153846667,-6.25878205128332
SK821 09,Slovakia,SK,SK0,SK01,SK010,Bratislavský kraj,236.46,1.13551282051333,1.36717948718,2326.22,-4.27096153846667,-6.25878205128332
SK830 00,Slovakia,SK,SK0,SK01,SK010,Bratislavský kraj,236.46,1.13551282051333,1.36717948718,2326.22,-4.27096153846667,-6.25878205128332
SK830 05,Slovakia,SK,SK0,SK01,SK010,Bratislavský kraj,236.46,1.13551282051333,1.36717948718,2326.22,-4.27096153846667,-6.25878205128332
SK830 06,Slovakia,SK,SK0,SK01,SK010,Bratislavský kraj,236.46,1.13551282051333,1.36717948718,2326.22,-4.27096153846667,-6.25878205128332
SK830 07,Slovakia,SK,SK0,SK01,SK010,Bratislavský kraj,236.46,1.13551282051333,1.36717948718,2326.22,-4.27096153846667,-6.25878205128332
SK831 01,Slovakia,SK,SK0,SK01,SK010,Bratislavský kraj,236.46,1.13551282051333,1.36717948718,2326.22,-4.27096153846667,-6.25878205128332
SK831 02,Slovakia,SK,SK0,SK01,SK010,Bratislavský kraj,236.46,1.13551282051333,1.36717948718,2326.22,-4.27096153846667,-6.25878205128332
SK831 03,Slovakia,SK,SK0,SK01,SK010,Bratislavský kraj,236.46,1.13551282051333,1.36717948718,2326.22,-4.27096153846667,-6.25878205128332
SK831 04,Slovakia,SK,SK0,SK01,SK010,Bratislavský kraj,236.46,1.13551282051333,1.36717948718,2326.22,-4.27096153846667,-6.25878205128332
SK831 06,Slovakia,SK,SK0,SK01,SK010,Bratislavský kraj,236.46,1.13551282051333,1.36717948718,2326.22,-4.27096153846667,-6.25878205128332
SK831 07,Slovakia,SK,SK0,SK01,SK010,Bratislavský kraj,236.46,1.13551282051333,1.36717948718,2326.22,-4.27096153846667,-6.25878205128332
SK831 51,Slovakia,SK,SK0,SK01,SK010,Bratislavský kraj,236.46,1.13551282051333,1.36717948718,2326.22,-4.27096153846667,-6.25878205128332
SK831 52,Slovakia,SK,SK0,SK01,SK010,Bratislavský kraj,236.46,1.13551282051333,1.36717948718,2326.22,-4.27096153846667,-6.25878205128332
SK831 53,Slovakia,SK,SK0,SK01,SK010,Bratislavský kraj,236.46,1.13551282051333,1.36717948718,2326.22,-4.27096153846667,-6.25878205128332
SK831 54,Slovakia,SK,SK0,SK01,SK010,Bratislavský kraj,236.46,1.13551282051333,1.36717948718,2326.22,-4.27096153846667,-6.25878205128332
SK831 55,Slovakia,SK,SK0,SK01,SK010,Bratislavský kraj,236.46,1.13551282051333,1.36717948718,2326.22,-4.27096153846667,-6.25878205128332
SK840 02,Slovakia,SK,SK0,SK01,SK010,Bratislavský kraj,236.46,1.13551282051333,1.36717948718,2326.22,-4.27096153846667,-6.25878205128332
SK840 08,Slovakia,SK,SK0,SK01,SK010,Bratislavský kraj,236.46,1.13551282051333,1.36717948718,2326.22,-4.27096153846667,-6.25878205128332
SK840 09,Slovakia,SK,SK0,SK01,SK010,Bratislavský kraj,236.46,1.13551282051333,1.36717948718,2326.22,-4.27096153846667,-6.25878205128332
SK841 01,Slovakia,SK,SK0,SK01,SK010,Bratislavský kraj,236.46,1.13551282051333,1.36717948718,2326.22,-4.27096153846667,-6.25878205128332
SK841 02,Slovakia,SK,SK0,SK01,SK010,Bratislavský kraj,236.46,1.13551282051333,1.36717948718,2326.22,-4.27096153846667,-6.25878205128332
SK841 03,Slovakia,SK,SK0,SK01,SK010,Bratislavský kraj,236.46,1.13551282051333,1.36717948718,2326.22,-4.27096153846667,-6.25878205128332
SK841 04,Slovakia,SK,SK0,SK01,SK010,Bratislavský kraj,236.46,1.13551282051333,1.36717948718,2326.22,-4.27096153846667,-6.25878205128332
SK841 05,Slovakia,SK,SK0,SK01,SK010,Bratislavský kraj,236.46,1.13551282051333,1.36717948718,2326.22,-4.27096153846667,-6.25878205128332
SK841 06,Slovakia,SK,SK0,SK01,SK010,Bratislavský kraj,236.46,1.13551282051333,1.36717948718,2326.22,-4.27096153846667,-6.25878205128332
SK841 07,Slovakia,SK,SK0,SK01,SK010,Bratislavský kraj,236.46,1.13551282051333,1.36717948718,2326.22,-4.27096153846667,-6.25878205128332
SK841 08,Slovakia,SK,SK0,SK01,SK010,Bratislavský kraj,236.46,1.13551282051333,1.36717948718,2326.22,-4.27096153846667,-6.25878205128332
SK841 10,Slovakia,SK,SK0,SK01,SK010,Bratislavský kraj,236.46,1.13551282051333,1.36717948718,2326.22,-4.27096153846667,-6.25878205128332
SK850 00,Slovakia,SK,SK0,SK01,SK010,Bratislavský kraj,236.46,1.13551282051333,1.36717948718,2326.22,-4.27096153846667,-6.25878205128332
SK850 09,Slovakia,SK,SK0,SK01,SK010,Bratislavský kraj,236.46,1.13551282051333,1.36717948718,2326.22,-4.27096153846667,-6.25878205128332
SK851 01,Slovakia,SK,SK0,SK01,SK010,Bratislavský kraj,236.46,1.13551282051333,1.36717948718,2326.22,-4.27096153846667,-6.25878205128332
SK851 02,Slovakia,SK,SK0,SK01,SK010,Bratislavský kraj,236.46,1.13551282051333,1.36717948718,2326.22,-4.27096153846667,-6.25878205128332
SK851 03,Slovakia,SK,SK0,SK01,SK010,Bratislavský kraj,236.46,1.13551282051333,1.36717948718,2326.22,-4.27096153846667,-6.25878205128332
SK851 04,Slovakia,SK,SK0,SK01,SK010,Bratislavský kraj,236.46,1.13551282051333,1.36717948718,2326.22,-4.27096153846667,-6.25878205128332
SK851 05,Slovakia,SK,SK0,SK01,SK010,Bratislavský kraj,236.46,1.13551282051333,1.36717948718,2326.22,-4.27096153846667,-6.25878205128332
SK851 06,Slovakia,SK,SK0,SK01,SK010,Bratislavský kraj,236.46,1.13551282051333,1.36717948718,2326.22,-4.27096153846667,-6.25878205128332
SK851 07,Slovakia,SK,SK0,SK01,SK010,Bratislavský kraj,236.46,1.13551282051333,1.36717948718,2326.22,-4.27096153846667,-6.25878205128332
SK851 10,Slovakia,SK,SK0,SK01,SK010,Bratislavský kraj,236.46,1.13551282051333,1.36717948718,2326.22,-4.27096153846667,-6.25878205128332
SK900 01,Slovakia,SK,SK0,SK01,SK010,Bratislavský kraj,236.46,1.13551282051333,1.36717948718,2326.22,-4.27096153846667,-6.25878205128332
SK900 21,Slovakia,SK,SK0,SK01,SK010,Bratislavský kraj,236.46,1.13551282051333,1.36717948718,2326.22,-4.27096153846667,-6.25878205128332
SK900 23,Slovakia,SK,SK0,SK01,SK010,Bratislavský kraj,236.46,1.13551282051333,1.36717948718,2326.22,-4.27096153846667,-6.25878205128332
SK900 24,Slovakia,SK,SK0,SK01,SK010,Bratislavský kraj,236.46,1.13551282051333,1.36717948718,2326.22,-4.27096153846667,-6.25878205128332
SK900 25,Slovakia,SK,SK0,SK01,SK010,Bratislavský kraj,236.46,1.13551282051333,1.36717948718,2326.22,-4.27096153846667,-6.25878205128332
SK900 26,Slovakia,SK,SK0,SK01,SK010,Bratislavský kraj,236.46,1.13551282051333,1.36717948718,2326.22,-4.27096153846667,-6.25878205128332
SK900 27,Slovakia,SK,SK0,SK01,SK010,Bratislavský kraj,236.46,1.13551282051333,1.36717948718,2326.22,-4.27096153846667,-6.25878205128332
SK900 28,Slovakia,SK,SK0,SK01,SK010,Bratislavský kraj,236.46,1.13551282051333,1.36717948718,2326.22,-4.27096153846667,-6.25878205128332
SK900 29,Slovakia,SK,SK0,SK01,SK010,Bratislavský kraj,236.46,1.13551282051333,1.36717948718,2326.22,-4.27096153846667,-6.25878205128332
SK900 31,Slovakia,SK,SK0,SK01,SK010,Bratislavský kraj,236.46,1.13551282051333,1.36717948718,2326.22,-4.27096153846667,-6.25878205128332
SK900 32,Slovakia,SK,SK0,SK01,SK010,Bratislavský kraj,236.46,1.13551282051333,1.36717948718,2326.22,-4.27096153846667,-6.25878205128332
SK900 33,Slovakia,SK,SK0,SK01,SK010,Bratislavský kraj,236.46,1.13551282051333,1.36717948718,2326.22,-4.27096153846667,-6.25878205128332
SK900 41,Slovakia,SK,SK0,SK01,SK010,Bratislavský kraj,236.46,1.13551282051333,1.36717948718,2326.22,-4.27096153846667,-6.25878205128332
SK900 42,Slovakia,SK,SK0,SK01,SK010,Bratislavský kraj,236.46,1.13551282051333,1.36717948718,2326.22,-4.27096153846667,-6.25878205128332
SK900 43,Slovakia,SK,SK0,SK01,SK010,Bratislavský kraj,236.46,1.13551282051333,1.36717948718,2326.22,-4.27096153846667,-6.25878205128332
SK900 44,Slovakia,SK,SK0,SK01,SK010,Bratislavský kraj,236.46,1.13551282051333,1.36717948718,2326.22,-4.27096153846667,-6.25878205128332
SK900 45,Slovakia,SK,SK0,SK01,SK010,Bratislavský kraj,236.46,1.13551282051333,1.36717948718,2326.22,-4.27096153846667,-6.25878205128332
SK900 46,Slovakia,SK,SK0,SK01,SK010,Bratislavský kraj,236.46,1.13551282051333,1.36717948718,2326.22,-4.27096153846667,-6.25878205128332
SK900 50,Slovakia,SK,SK0,SK01,SK010,Bratislavský kraj,236.46,1.13551282051333,1.36717948718,2326.22,-4.27096153846667,-6.25878205128332
SK900 51,Slovakia,SK,SK0,SK01,SK010,Bratislavský kraj,236.46,1.13551282051333,1.36717948718,2326.22,-4.27096153846667,-6.25878205128332
SK900 52,Slovakia,SK,SK0,SK01,SK010,Bratislavský kraj,236.46,1.13551282051333,1.36717948718,2326.22,-4.27096153846667,-6.25878205128332
SK900 53,Slovakia,SK,SK0,SK01,SK010,Bratislavský kraj,236.46,1.13551282051333,1.36717948718,2326.22,-4.27096153846667,-6.25878205128332
SK900 54,Slovakia,SK,SK0,SK01,SK010,Bratislavský kraj,236.46,1.13551282051333,1.36717948718,2326.22,-4.27096153846667,-6.25878205128332
SK900 55,Slovakia,SK,SK0,SK01,SK010,Bratislavský kraj,236.46,1.13551282051333,1.36717948718,2326.22,-4.27096153846667,-6.25878205128332
SK900 61,Slovakia,SK,SK0,SK01,SK010,Bratislavský kraj,236.46,1.13551282051333,1.36717948718,2326.22,-4.27096153846667,-6.25878205128332
SK900 62,Slovakia,SK,SK0,SK01,SK010,Bratislavský kraj,236.46,1.13551282051333,1.36717948718,2326.22,-4.27096153846667,-6.25878205128332
SK900 63,Slovakia,SK,SK0,SK01,SK010,Bratislavský kraj,236.46,1.13551282051333,1.36717948718,2326.22,-4.27096153846667,-6.25878205128332
SK900 64,Slovakia,SK,SK0,SK01,SK010,Bratislavský kraj,236.46,1.13551282051333,1.36717948718,2326.22,-4.27096153846667,-6.25878205128332
SK900 66,Slovakia,SK,SK0,SK01,SK010,Bratislavský kraj,236.46,1.13551282051333,1.36717948718,2326.22,-4.27096153846667,-6.25878205128332
SK900 67,Slovakia,SK,SK0,SK01,SK010,Bratislavský kraj,236.46,1.13551282051333,1.36717948718,2326.22,-4.27096153846667,-6.25878205128332
SK900 68,Slovakia,SK,SK0,SK01,SK010,Bratislavský kraj,236.46,1.13551282051333,1.36717948718,2326.22,-4.27096153846667,-6.25878205128332
SK900 81,Slovakia,SK,SK0,SK01,SK010,Bratislavský kraj,236.46,1.13551282051333,1.36717948718,2326.22,-4.27096153846667,-6.25878205128332
SK900 82,Slovakia,SK,SK0,SK01,SK010,Bratislavský kraj,236.46,1.13551282051333,1.36717948718,2326.22,-4.27096153846667,-6.25878205128332
SK900 83,Slovakia,SK,SK0,SK01,SK010,Bratislavský kraj,236.46,1.13551282051333,1.36717948718,2326.22,-4.27096153846667,-6.25878205128332
SK900 84,Slovakia,SK,SK0,SK01,SK010,Bratislavský kraj,236.46,1.13551282051333,1.36717948718,2326.22,-4.27096153846667,-6.25878205128332
SK900 85,Slovakia,SK,SK0,SK01,SK010,Bratislavský kraj,236.46,1.13551282051333,1.36717948718,2326.22,-4.27096153846667,-6.25878205128332
SK900 86,Slovakia,SK,SK0,SK01,SK010,Bratislavský kraj,236.46,1.13551282051333,1.36717948718,2326.22,-4.27096153846667,-6.25878205128332
SK900 88,Slovakia,SK,SK0,SK01,SK010,Bratislavský kraj,236.46,1.13551282051333,1.36717948718,2326.22,-4.27096153846667,-6.25878205128332
SK900 89,Slovakia,SK,SK0,SK01,SK010,Bratislavský kraj,236.46,1.13551282051333,1.36717948718,2326.22,-4.27096153846667,-6.25878205128332
SK900 90,Slovakia,SK,SK0,SK01,SK010,Bratislavský kraj,236.46,1.13551282051333,1.36717948718,2326.22,-4.27096153846667,-6.25878205128332
SK900 91,Slovakia,SK,SK0,SK01,SK010,Bratislavský kraj,236.46,1.13551282051333,1.36717948718,2326.22,-4.27096153846667,-6.25878205128332
SK901 01,Slovakia,SK,SK0,SK01,SK010,Bratislavský kraj,236.46,1.13551282051333,1.36717948718,2326.22,-4.27096153846667,-6.25878205128332
SK902 01,Slovakia,SK,SK0,SK01,SK010,Bratislavský kraj,236.46,1.13551282051333,1.36717948718,2326.22,-4.27096153846667,-6.25878205128332
SK902 03,Slovakia,SK,SK0,SK01,SK010,Bratislavský kraj,236.46,1.13551282051333,1.36717948718,2326.22,-4.27096153846667,-6.25878205128332
SK903 01,Slovakia,SK,SK0,SK01,SK010,Bratislavský kraj,236.46,1.13551282051333,1.36717948718,2326.22,-4.27096153846667,-6.25878205128332
SK906 21,Slovakia,SK,SK0,SK01,SK010,Bratislavský kraj,236.46,1.13551282051333,1.36717948718,2326.22,-4.27096153846667,-6.25878205128332
SK906 22,Slovakia,SK,SK0,SK01,SK010,Bratislavský kraj,236.46,1.13551282051333,1.36717948718,2326.22,-4.27096153846667,-6.25878205128332
SK906 23,Slovakia,SK,SK0,SK01,SK010,Bratislavský kraj,236.46,1.13551282051333,1.36717948718,2326.22,-4.27096153846667,-6.25878205128332
SK906 36,Slovakia,SK,SK0,SK01,SK010,Bratislavský kraj,236.46,1.13551282051333,1.36717948718,2326.22,-4.27096153846667,-6.25878205128332
SK906 37,Slovakia,SK,SK0,SK01,SK010,Bratislavský kraj,236.46,1.13551282051333,1.36717948718,2326.22,-4.27096153846667,-6.25878205128332
SK906 38,Slovakia,SK,SK0,SK01,SK010,Bratislavský kraj,236.46,1.13551282051333,1.36717948718,2326.22,-4.27096153846667,-6.25878205128332
SK908 72,Slovakia,SK,SK0,SK01,SK010,Bratislavský kraj,236.46,1.13551282051333,1.36717948718,2326.22,-4.27096153846667,-6.25878205128332
SK908 73,Slovakia,SK,SK0,SK01,SK010,Bratislavský kraj,236.46,1.13551282051333,1.36717948718,2326.22,-4.27096153846667,-6.25878205128332
SK908 74,Slovakia,SK,SK0,SK01,SK010,Bratislavský kraj,236.46,1.13551282051333,1.36717948718,2326.22,-4.27096153846667,-6.25878205128332
SK908 75,Slovakia,SK,SK0,SK01,SK010,Bratislavský kraj,236.46,1.13551282051333,1.36717948718,2326.22,-4.27096153846667,-6.25878205128332
SK900 65,Slovakia,SK,SK0,SK01,SK010,Bratislavský kraj,236.46,1.13551282051333,1.36717948718,2326.22,-4.27096153846667,-6.25878205128332
SK010 01,Slovakia,SK,SK0,SK03,SK031,Žilinský kraj,16.47,0.358032128513333,0.442329317268333,3033.49,-4.63885542168332,-6.96815261045
SK010 03,Slovakia,SK,SK0,SK03,SK031,Žilinský kraj,16.47,0.358032128513333,0.442329317268333,3033.49,-4.63885542168332,-6.96815261045
SK010 04,Slovakia,SK,SK0,SK03,SK031,Žilinský kraj,16.47,0.358032128513333,0.442329317268333,3033.49,-4.63885542168332,-6.96815261045
SK010 07,Slovakia,SK,SK0,SK03,SK031,Žilinský kraj,16.47,0.358032128513333,0.442329317268333,3033.49,-4.63885542168332,-6.96815261045
SK010 08,Slovakia,SK,SK0,SK03,SK031,Žilinský kraj,16.47,0.358032128513333,0.442329317268333,3033.49,-4.63885542168332,-6.96815261045
SK010 09,Slovakia,SK,SK0,SK03,SK031,Žilinský kraj,16.47,0.358032128513333,0.442329317268333,3033.49,-4.63885542168332,-6.96815261045
SK010 14,Slovakia,SK,SK0,SK03,SK031,Žilinský kraj,16.47,0.358032128513333,0.442329317268333,3033.49,-4.63885542168332,-6.96815261045
SK010 15,Slovakia,SK,SK0,SK03,SK031,Žilinský kraj,16.47,0.358032128513333,0.442329317268333,3033.49,-4.63885542168332,-6.96815261045
SK013 01,Slovakia,SK,SK0,SK03,SK031,Žilinský kraj,16.47,0.358032128513333,0.442329317268333,3033.49,-4.63885542168332,-6.96815261045
SK013 02,Slovakia,SK,SK0,SK03,SK031,Žilinský kraj,16.47,0.358032128513333,0.442329317268333,3033.49,-4.63885542168332,-6.96815261045
SK013 03,Slovakia,SK,SK0,SK03,SK031,Žilinský kraj,16.47,0.358032128513333,0.442329317268333,3033.49,-4.63885542168332,-6.96815261045
SK013 04,Slovakia,SK,SK0,SK03,SK031,Žilinský kraj,16.47,0.358032128513333,0.442329317268333,3033.49,-4.63885542168332,-6.96815261045
SK013 05,Slovakia,SK,SK0,SK03,SK031,Žilinský kraj,16.47,0.358032128513333,0.442329317268333,3033.49,-4.63885542168332,-6.96815261045
SK013 06,Slovakia,SK,SK0,SK03,SK031,Žilinský kraj,16.47,0.358032128513333,0.442329317268333,3033.49,-4.63885542168332,-6.96815261045
SK013 11,Slovakia,SK,SK0,SK03,SK031,Žilinský kraj,16.47,0.358032128513333,0.442329317268333,3033.49,-4.63885542168332,-6.96815261045
SK013 12,Slovakia,SK,SK0,SK03,SK031,Žilinský kraj,16.47,0.358032128513333,0.442329317268333,3033.49,-4.63885542168332,-6.96815261045
SK013 13,Slovakia,SK,SK0,SK03,SK031,Žilinský kraj,16.47,0.358032128513333,0.442329317268333,3033.49,-4.63885542168332,-6.96815261045
SK013 14,Slovakia,SK,SK0,SK03,SK031,Žilinský kraj,16.47,0.358032128513333,0.442329317268333,3033.49,-4.63885542168332,-6.96815261045
SK013 15,Slovakia,SK,SK0,SK03,SK031,Žilinský kraj,16.47,0.358032128513333,0.442329317268333,3033.49,-4.63885542168332,-6.96815261045
SK013 18,Slovakia,SK,SK0,SK03,SK031,Žilinský kraj,16.47,0.358032128513333,0.442329317268333,3033.49,-4.63885542168332,-6.96815261045
SK013 19,Slovakia,SK,SK0,SK03,SK031,Žilinský kraj,16.47,0.358032128513333,0.442329317268333,3033.49,-4.63885542168332,-6.96815261045
SK013 22,Slovakia,SK,SK0,SK03,SK031,Žilinský kraj,16.47,0.358032128513333,0.442329317268333,3033.49,-4.63885542168332,-6.96815261045
SK013 23,Slovakia,SK,SK0,SK03,SK031,Žilinský kraj,16.47,0.358032128513333,0.442329317268333,3033.49,-4.63885542168332,-6.96815261045
SK013 24,Slovakia,SK,SK0,SK03,SK031,Žilinský kraj,16.47,0.358032128513333,0.442329317268333,3033.49,-4.63885542168332,-6.96815261045
SK013 25,Slovakia,SK,SK0,SK03,SK031,Žilinský kraj,16.47,0.358032128513333,0.442329317268333,3033.49,-4.63885542168332,-6.96815261045
SK013 31,Slovakia,SK,SK0,SK03,SK031,Žilinský kraj,16.47,0.358032128513333,0.442329317268333,3033.49,-4.63885542168332,-6.96815261045
SK013 32,Slovakia,SK,SK0,SK03,SK031,Žilinský kraj,16.47,0.358032128513333,0.442329317268333,3033.49,-4.63885542168332,-6.96815261045
SK013 41,Slovakia,SK,SK0,SK03,SK031,Žilinský kraj,16.47,0.358032128513333,0.442329317268333,3033.49,-4.63885542168332,-6.96815261045
SK013 42,Slovakia,SK,SK0,SK03,SK031,Žilinský kraj,16.47,0.358032128513333,0.442329317268333,3033.49,-4.63885542168332,-6.96815261045
SK013 51,Slovakia,SK,SK0,SK03,SK031,Žilinský kraj,16.47,0.358032128513333,0.442329317268333,3033.49,-4.63885542168332,-6.96815261045
SK013 52,Slovakia,SK,SK0,SK03,SK031,Žilinský kraj,16.47,0.358032128513333,0.442329317268333,3033.49,-4.63885542168332,-6.96815261045
SK013 53,Slovakia,SK,SK0,SK03,SK031,Žilinský kraj,16.47,0.358032128513333,0.442329317268333,3033.49,-4.63885542168332,-6.96815261045
SK013 54,Slovakia,SK,SK0,SK03,SK031,Žilinský kraj,16.47,0.358032128513333,0.442329317268333,3033.49,-4.63885542168332,-6.96815261045
SK013 55,Slovakia,SK,SK0,SK03,SK031,Žilinský kraj,16.47,0.358032128513333,0.442329317268333,3033.49,-4.63885542168332,-6.96815261045
SK013 56,Slovakia,SK,SK0,SK03,SK031,Žilinský kraj,16.47,0.358032128513333,0.442329317268333,3033.49,-4.63885542168332,-6.96815261045
SK013 61,Slovakia,SK,SK0,SK03,SK031,Žilinský kraj,16.47,0.358032128513333,0.442329317268333,3033.49,-4.63885542168332,-6.96815261045
SK013 62,Slovakia,SK,SK0,SK03,SK031,Žilinský kraj,16.47,0.358032128513333,0.442329317268333,3033.49,-4.63885542168332,-6.96815261045
SK014 01,Slovakia,SK,SK0,SK03,SK031,Žilinský kraj,16.47,0.358032128513333,0.442329317268333,3033.49,-4.63885542168332,-6.96815261045
SK015 01,Slovakia,SK,SK0,SK03,SK031,Žilinský kraj,16.47,0.358032128513333,0.442329317268333,3033.49,-4.63885542168332,-6.96815261045
SK017 01,Slovakia,SK,SK0,SK03,SK031,Žilinský kraj,16.47,0.358032128513333,0.442329317268333,3033.49,-4.63885542168332,-6.96815261045
SK017 04,Slovakia,SK,SK0,SK03,SK031,Žilinský kraj,16.47,0.358032128513333,0.442329317268333,3033.49,-4.63885542168332,-6.96815261045
SK017 05,Slovakia,SK,SK0,SK03,SK031,Žilinský kraj,16.47,0.358032128513333,0.442329317268333,3033.49,-4.63885542168332,-6.96815261045
SK017 06,Slovakia,SK,SK0,SK03,SK031,Žilinský kraj,16.47,0.358032128513333,0.442329317268333,3033.49,-4.63885542168332,-6.96815261045
SK017 07,Slovakia,SK,SK0,SK03,SK031,Žilinský kraj,16.47,0.358032128513333,0.442329317268333,3033.49,-4.63885542168332,-6.96815261045
SK019 01,Slovakia,SK,SK0,SK03,SK031,Žilinský kraj,16.47,0.358032128513333,0.442329317268333,3033.49,-4.63885542168332,-6.96815261045
SK022 01,Slovakia,SK,SK0,SK03,SK031,Žilinský kraj,16.47,0.358032128513333,0.442329317268333,3033.49,-4.63885542168332,-6.96815261045
SK022 04,Slovakia,SK,SK0,SK03,SK031,Žilinský kraj,16.47,0.358032128513333,0.442329317268333,3033.49,-4.63885542168332,-6.96815261045
SK023 01,Slovakia,SK,SK0,SK03,SK031,Žilinský kraj,16.47,0.358032128513333,0.442329317268333,3033.49,-4.63885542168332,-6.96815261045
SK023 02,Slovakia,SK,SK0,SK03,SK031,Žilinský kraj,16.47,0.358032128513333,0.442329317268333,3033.49,-4.63885542168332,-6.96815261045
SK023 03,Slovakia,SK,SK0,SK03,SK031,Žilinský kraj,16.47,0.358032128513333,0.442329317268333,3033.49,-4.63885542168332,-6.96815261045
SK023 04,Slovakia,SK,SK0,SK03,SK031,Žilinský kraj,16.47,0.358032128513333,0.442329317268333,3033.49,-4.63885542168332,-6.96815261045
SK023 05,Slovakia,SK,SK0,SK03,SK031,Žilinský kraj,16.47,0.358032128513333,0.442329317268333,3033.49,-4.63885542168332,-6.96815261045
SK023 11,Slovakia,SK,SK0,SK03,SK031,Žilinský kraj,16.47,0.358032128513333,0.442329317268333,3033.49,-4.63885542168332,-6.96815261045
SK023 12,Slovakia,SK,SK0,SK03,SK031,Žilinský kraj,16.47,0.358032128513333,0.442329317268333,3033.49,-4.63885542168332,-6.96815261045
SK023 13,Slovakia,SK,SK0,SK03,SK031,Žilinský kraj,16.47,0.358032128513333,0.442329317268333,3033.49,-4.63885542168332,-6.96815261045
SK023 14,Slovakia,SK,SK0,SK03,SK031,Žilinský kraj,16.47,0.358032128513333,0.442329317268333,3033.49,-4.63885542168332,-6.96815261045
SK023 21,Slovakia,SK,SK0,SK03,SK031,Žilinský kraj,16.47,0.358032128513333,0.442329317268333,3033.49,-4.63885542168332,-6.96815261045
SK023 22,Slovakia,SK,SK0,SK03,SK031,Žilinský kraj,16.47,0.358032128513333,0.442329317268333,3033.49,-4.63885542168332,-6.96815261045
SK023 31,Slovakia,SK,SK0,SK03,SK031,Žilinský kraj,16.47,0.358032128513333,0.442329317268333,3033.49,-4.63885542168332,-6.96815261045
SK023 32,Slovakia,SK,SK0,SK03,SK031,Žilinský kraj,16.47,0.358032128513333,0.442329317268333,3033.49,-4.63885542168332,-6.96815261045
SK023 33,Slovakia,SK,SK0,SK03,SK031,Žilinský kraj,16.47,0.358032128513333,0.442329317268333,3033.49,-4.63885542168332,-6.96815261045
SK023 34,Slovakia,SK,SK0,SK03,SK031,Žilinský kraj,16.47,0.358032128513333,0.442329317268333,3033.49,-4.63885542168332,-6.96815261045
SK023 35,Slovakia,SK,SK0,SK03,SK031,Žilinský kraj,16.47,0.358032128513333,0.442329317268333,3033.49,-4.63885542168332,-6.96815261045
SK023 36,Slovakia,SK,SK0,SK03,SK031,Žilinský kraj,16.47,0.358032128513333,0.442329317268333,3033.49,-4.63885542168332,-6.96815261045
SK023 41,Slovakia,SK,SK0,SK03,SK031,Žilinský kraj,16.47,0.358032128513333,0.442329317268333,3033.49,-4.63885542168332,-6.96815261045
SK023 45,Slovakia,SK,SK0,SK03,SK031,Žilinský kraj,16.47,0.358032128513333,0.442329317268333,3033.49,-4.63885542168332,-6.96815261045
SK023 51,Slovakia,SK,SK0,SK03,SK031,Žilinský kraj,16.47,0.358032128513333,0.442329317268333,3033.49,-4.63885542168332,-6.96815261045
SK023 52,Slovakia,SK,SK0,SK03,SK031,Žilinský kraj,16.47,0.358032128513333,0.442329317268333,3033.49,-4.63885542168332,-6.96815261045
SK023 53,Slovakia,SK,SK0,SK03,SK031,Žilinský kraj,16.47,0.358032128513333,0.442329317268333,3033.49,-4.63885542168332,-6.96815261045
SK023 54,Slovakia,SK,SK0,SK03,SK031,Žilinský kraj,16.47,0.358032128513333,0.442329317268333,3033.49,-4.63885542168332,-6.96815261045
SK023 55,Slovakia,SK,SK0,SK03,SK031,Žilinský kraj,16.47,0.358032128513333,0.442329317268333,3033.49,-4.63885542168332,-6.96815261045
SK023 56,Slovakia,SK,SK0,SK03,SK031,Žilinský kraj,16.47,0.358032128513333,0.442329317268333,3033.49,-4.63885542168332,-6.96815261045
SK023 57,Slovakia,SK,SK0,SK03,SK031,Žilinský kraj,16.47,0.358032128513333,0.442329317268333,3033.49,-4.63885542168332,-6.96815261045
SK024 01,Slovakia,SK,SK0,SK03,SK031,Žilinský kraj,16.47,0.358032128513333,0.442329317268333,3033.49,-4.63885542168332,-6.96815261045
SK024 04,Slovakia,SK,SK0,SK03,SK031,Žilinský kraj,16.47,0.358032128513333,0.442329317268333,3033.49,-4.63885542168332,-6.96815261045
SK026 01,Slovakia,SK,SK0,SK03,SK031,Žilinský kraj,16.47,0.358032128513333,0.442329317268333,3033.49,-4.63885542168332,-6.96815261045
SK027 05,Slovakia,SK,SK0,SK03,SK031,Žilinský kraj,16.47,0.358032128513333,0.442329317268333,3033.49,-4.63885542168332,-6.96815261045
SK027 12,Slovakia,SK,SK0,SK03,SK031,Žilinský kraj,16.47,0.358032128513333,0.442329317268333,3033.49,-4.63885542168332,-6.96815261045
SK027 13,Slovakia,SK,SK0,SK03,SK031,Žilinský kraj,16.47,0.358032128513333,0.442329317268333,3033.49,-4.63885542168332,-6.96815261045
SK027 21,Slovakia,SK,SK0,SK03,SK031,Žilinský kraj,16.47,0.358032128513333,0.442329317268333,3033.49,-4.63885542168332,-6.96815261045
SK027 32,Slovakia,SK,SK0,SK03,SK031,Žilinský kraj,16.47,0.358032128513333,0.442329317268333,3033.49,-4.63885542168332,-6.96815261045
SK027 41,Slovakia,SK,SK0,SK03,SK031,Žilinský kraj,16.47,0.358032128513333,0.442329317268333,3033.49,-4.63885542168332,-6.96815261045
SK027 42,Slovakia,SK,SK0,SK03,SK031,Žilinský kraj,16.47,0.358032128513333,0.442329317268333,3033.49,-4.63885542168332,-6.96815261045
SK027 43,Slovakia,SK,SK0,SK03,SK031,Žilinský kraj,16.47,0.358032128513333,0.442329317268333,3033.49,-4.63885542168332,-6.96815261045
SK027 44,Slovakia,SK,SK0,SK03,SK031,Žilinský kraj,16.47,0.358032128513333,0.442329317268333,3033.49,-4.63885542168332,-6.96815261045
SK027 51,Slovakia,SK,SK0,SK03,SK031,Žilinský kraj,16.47,0.358032128513333,0.442329317268333,3033.49,-4.63885542168332,-6.96815261045
SK027 53,Slovakia,SK,SK0,SK03,SK031,Žilinský kraj,16.47,0.358032128513333,0.442329317268333,3033.49,-4.63885542168332,-6.96815261045
SK027 54,Slovakia,SK,SK0,SK03,SK031,Žilinský kraj,16.47,0.358032128513333,0.442329317268333,3033.49,-4.63885542168332,-6.96815261045
SK027 55,Slovakia,SK,SK0,SK03,SK031,Žilinský kraj,16.47,0.358032128513333,0.442329317268333,3033.49,-4.63885542168332,-6.96815261045
SK028 01,Slovakia,SK,SK0,SK03,SK031,Žilinský kraj,16.47,0.358032128513333,0.442329317268333,3033.49,-4.63885542168332,-6.96815261045
SK029 01,Slovakia,SK,SK0,SK03,SK031,Žilinský kraj,16.47,0.358032128513333,0.442329317268333,3033.49,-4.63885542168332,-6.96815261045
SK029 41,Slovakia,SK,SK0,SK03,SK031,Žilinský kraj,16.47,0.358032128513333,0.442329317268333,3033.49,-4.63885542168332,-6.96815261045
SK029 42,Slovakia,SK,SK0,SK03,SK031,Žilinský kraj,16.47,0.358032128513333,0.442329317268333,3033.49,-4.63885542168332,-6.96815261045
SK029 43,Slovakia,SK,SK0,SK03,SK031,Žilinský kraj,16.47,0.358032128513333,0.442329317268333,3033.49,-4.63885542168332,-6.96815261045
SK029 44,Slovakia,SK,SK0,SK03,SK031,Žilinský kraj,16.47,0.358032128513333,0.442329317268333,3033.49,-4.63885542168332,-6.96815261045
SK029 45,Slovakia,SK,SK0,SK03,SK031,Žilinský kraj,16.47,0.358032128513333,0.442329317268333,3033.49,-4.63885542168332,-6.96815261045
SK029 46,Slovakia,SK,SK0,SK03,SK031,Žilinský kraj,16.47,0.358032128513333,0.442329317268333,3033.49,-4.63885542168332,-6.96815261045
SK029 47,Slovakia,SK,SK0,SK03,SK031,Žilinský kraj,16.47,0.358032128513333,0.442329317268333,3033.49,-4.63885542168332,-6.96815261045
SK029 51,Slovakia,SK,SK0,SK03,SK031,Žilinský kraj,16.47,0.358032128513333,0.442329317268333,3033.49,-4.63885542168332,-6.96815261045
SK029 52,Slovakia,SK,SK0,SK03,SK031,Žilinský kraj,16.47,0.358032128513333,0.442329317268333,3033.49,-4.63885542168332,-6.96815261045
SK029 53,Slovakia,SK,SK0,SK03,SK031,Žilinský kraj,16.47,0.358032128513333,0.442329317268333,3033.49,-4.63885542168332,-6.96815261045
SK029 54,Slovakia,SK,SK0,SK03,SK031,Žilinský kraj,16.47,0.358032128513333,0.442329317268333,3033.49,-4.63885542168332,-6.96815261045
SK029 55,Slovakia,SK,SK0,SK03,SK031,Žilinský kraj,16.47,0.358032128513333,0.442329317268333,3033.49,-4.63885542168332,-6.96815261045
SK029 56,Slovakia,SK,SK0,SK03,SK031,Žilinský kraj,16.47,0.358032128513333,0.442329317268333,3033.49,-4.63885542168332,-6.96815261045
SK029 57,Slovakia,SK,SK0,SK03,SK031,Žilinský kraj,16.47,0.358032128513333,0.442329317268333,3033.49,-4.63885542168332,-6.96815261045
SK029 62,Slovakia,SK,SK0,SK03,SK031,Žilinský kraj,16.47,0.358032128513333,0.442329317268333,3033.49,-4.63885542168332,-6.96815261045
SK029 63,Slovakia,SK,SK0,SK03,SK031,Žilinský kraj,16.47,0.358032128513333,0.442329317268333,3033.49,-4.63885542168332,-6.96815261045
SK029 64,Slovakia,SK,SK0,SK03,SK031,Žilinský kraj,16.47,0.358032128513333,0.442329317268333,3033.49,-4.63885542168332,-6.96815261045
SK031 01,Slovakia,SK,SK0,SK03,SK031,Žilinský kraj,16.47,0.358032128513333,0.442329317268333,3033.49,-4.63885542168332,-6.96815261045
SK031 04,Slovakia,SK,SK0,SK03,SK031,Žilinský kraj,16.47,0.358032128513333,0.442329317268333,3033.49,-4.63885542168332,-6.96815261045
SK031 05,Slovakia,SK,SK0,SK03,SK031,Žilinský kraj,16.47,0.358032128513333,0.442329317268333,3033.49,-4.63885542168332,-6.96815261045
SK032 02,Slovakia,SK,SK0,SK03,SK031,Žilinský kraj,16.47,0.358032128513333,0.442329317268333,3033.49,-4.63885542168332,-6.96815261045
SK032 03,Slovakia,SK,SK0,SK03,SK031,Žilinský kraj,16.47,0.358032128513333,0.442329317268333,3033.49,-4.63885542168332,-6.96815261045
SK032 04,Slovakia,SK,SK0,SK03,SK031,Žilinský kraj,16.47,0.358032128513333,0.442329317268333,3033.49,-4.63885542168332,-6.96815261045
SK032 05,Slovakia,SK,SK0,SK03,SK031,Žilinský kraj,16.47,0.358032128513333,0.442329317268333,3033.49,-4.63885542168332,-6.96815261045
SK032 11,Slovakia,SK,SK0,SK03,SK031,Žilinský kraj,16.47,0.358032128513333,0.442329317268333,3033.49,-4.63885542168332,-6.96815261045
SK032 12,Slovakia,SK,SK0,SK03,SK031,Žilinský kraj,16.47,0.358032128513333,0.442329317268333,3033.49,-4.63885542168332,-6.96815261045
SK032 13,Slovakia,SK,SK0,SK03,SK031,Žilinský kraj,16.47,0.358032128513333,0.442329317268333,3033.49,-4.63885542168332,-6.96815261045
SK032 14,Slovakia,SK,SK0,SK03,SK031,Žilinský kraj,16.47,0.358032128513333,0.442329317268333,3033.49,-4.63885542168332,-6.96815261045
SK032 15,Slovakia,SK,SK0,SK03,SK031,Žilinský kraj,16.47,0.358032128513333,0.442329317268333,3033.49,-4.63885542168332,-6.96815261045
SK032 21,Slovakia,SK,SK0,SK03,SK031,Žilinský kraj,16.47,0.358032128513333,0.442329317268333,3033.49,-4.63885542168332,-6.96815261045
SK032 23,Slovakia,SK,SK0,SK03,SK031,Žilinský kraj,16.47,0.358032128513333,0.442329317268333,3033.49,-4.63885542168332,-6.96815261045
SK032 31,Slovakia,SK,SK0,SK03,SK031,Žilinský kraj,16.47,0.358032128513333,0.442329317268333,3033.49,-4.63885542168332,-6.96815261045
SK032 32,Slovakia,SK,SK0,SK03,SK031,Žilinský kraj,16.47,0.358032128513333,0.442329317268333,3033.49,-4.63885542168332,-6.96815261045
SK032 33,Slovakia,SK,SK0,SK03,SK031,Žilinský kraj,16.47,0.358032128513333,0.442329317268333,3033.49,-4.63885542168332,-6.96815261045
SK032 34,Slovakia,SK,SK0,SK03,SK031,Žilinský kraj,16.47,0.358032128513333,0.442329317268333,3033.49,-4.63885542168332,-6.96815261045
SK032 42,Slovakia,SK,SK0,SK03,SK031,Žilinský kraj,16.47,0.358032128513333,0.442329317268333,3033.49,-4.63885542168332,-6.96815261045
SK032 44,Slovakia,SK,SK0,SK03,SK031,Žilinský kraj,16.47,0.358032128513333,0.442329317268333,3033.49,-4.63885542168332,-6.96815261045
SK032 61,Slovakia,SK,SK0,SK03,SK031,Žilinský kraj,16.47,0.358032128513333,0.442329317268333,3033.49,-4.63885542168332,-6.96815261045
SK033 01,Slovakia,SK,SK0,SK03,SK031,Žilinský kraj,16.47,0.358032128513333,0.442329317268333,3033.49,-4.63885542168332,-6.96815261045
SK034 01,Slovakia,SK,SK0,SK03,SK031,Žilinský kraj,16.47,0.358032128513333,0.442329317268333,3033.49,-4.63885542168332,-6.96815261045
SK034 03,Slovakia,SK,SK0,SK03,SK031,Žilinský kraj,16.47,0.358032128513333,0.442329317268333,3033.49,-4.63885542168332,-6.96815261045
SK034 06,Slovakia,SK,SK0,SK03,SK031,Žilinský kraj,16.47,0.358032128513333,0.442329317268333,3033.49,-4.63885542168332,-6.96815261045
SK034 71,Slovakia,SK,SK0,SK03,SK031,Žilinský kraj,16.47,0.358032128513333,0.442329317268333,3033.49,-4.63885542168332,-6.96815261045
SK034 72,Slovakia,SK,SK0,SK03,SK031,Žilinský kraj,16.47,0.358032128513333,0.442329317268333,3033.49,-4.63885542168332,-6.96815261045
SK034 73,Slovakia,SK,SK0,SK03,SK031,Žilinský kraj,16.47,0.358032128513333,0.442329317268333,3033.49,-4.63885542168332,-6.96815261045
SK034 74,Slovakia,SK,SK0,SK03,SK031,Žilinský kraj,16.47,0.358032128513333,0.442329317268333,3033.49,-4.63885542168332,-6.96815261045
SK034 81,Slovakia,SK,SK0,SK03,SK031,Žilinský kraj,16.47,0.358032128513333,0.442329317268333,3033.49,-4.63885542168332,-6.96815261045
SK034 82,Slovakia,SK,SK0,SK03,SK031,Žilinský kraj,16.47,0.358032128513333,0.442329317268333,3033.49,-4.63885542168332,-6.96815261045
SK034 83,Slovakia,SK,SK0,SK03,SK031,Žilinský kraj,16.47,0.358032128513333,0.442329317268333,3033.49,-4.63885542168332,-6.96815261045
SK034 84,Slovakia,SK,SK0,SK03,SK031,Žilinský kraj,16.47,0.358032128513333,0.442329317268333,3033.49,-4.63885542168332,-6.96815261045
SK034 91,Slovakia,SK,SK0,SK03,SK031,Žilinský kraj,16.47,0.358032128513333,0.442329317268333,3033.49,-4.63885542168332,-6.96815261045
SK034 92,Slovakia,SK,SK0,SK03,SK031,Žilinský kraj,16.47,0.358032128513333,0.442329317268333,3033.49,-4.63885542168332,-6.96815261045
SK034 95,Slovakia,SK,SK0,SK03,SK031,Žilinský kraj,16.47,0.358032128513333,0.442329317268333,3033.49,-4.63885542168332,-6.96815261045
SK034 96,Slovakia,SK,SK0,SK03,SK031,Žilinský kraj,16.47,0.358032128513333,0.442329317268333,3033.49,-4.63885542168332,-6.96815261045
SK036 01,Slovakia,SK,SK0,SK03,SK031,Žilinský kraj,16.47,0.358032128513333,0.442329317268333,3033.49,-4.63885542168332,-6.96815261045
SK038 02,Slovakia,SK,SK0,SK03,SK031,Žilinský kraj,16.47,0.358032128513333,0.442329317268333,3033.49,-4.63885542168332,-6.96815261045
SK038 03,Slovakia,SK,SK0,SK03,SK031,Žilinský kraj,16.47,0.358032128513333,0.442329317268333,3033.49,-4.63885542168332,-6.96815261045
SK038 04,Slovakia,SK,SK0,SK03,SK031,Žilinský kraj,16.47,0.358032128513333,0.442329317268333,3033.49,-4.63885542168332,-6.96815261045
SK038 11,Slovakia,SK,SK0,SK03,SK031,Žilinský kraj,16.47,0.358032128513333,0.442329317268333,3033.49,-4.63885542168332,-6.96815261045
SK038 12,Slovakia,SK,SK0,SK03,SK031,Žilinský kraj,16.47,0.358032128513333,0.442329317268333,3033.49,-4.63885542168332,-6.96815261045
SK038 15,Slovakia,SK,SK0,SK03,SK031,Žilinský kraj,16.47,0.358032128513333,0.442329317268333,3033.49,-4.63885542168332,-6.96815261045
SK038 21,Slovakia,SK,SK0,SK03,SK031,Žilinský kraj,16.47,0.358032128513333,0.442329317268333,3033.49,-4.63885542168332,-6.96815261045
SK038 22,Slovakia,SK,SK0,SK03,SK031,Žilinský kraj,16.47,0.358032128513333,0.442329317268333,3033.49,-4.63885542168332,-6.96815261045
SK038 23,Slovakia,SK,SK0,SK03,SK031,Žilinský kraj,16.47,0.358032128513333,0.442329317268333,3033.49,-4.63885542168332,-6.96815261045
SK038 31,Slovakia,SK,SK0,SK03,SK031,Žilinský kraj,16.47,0.358032128513333,0.442329317268333,3033.49,-4.63885542168332,-6.96815261045
SK038 35,Slovakia,SK,SK0,SK03,SK031,Žilinský kraj,16.47,0.358032128513333,0.442329317268333,3033.49,-4.63885542168332,-6.96815261045
SK038 40,Slovakia,SK,SK0,SK03,SK031,Žilinský kraj,16.47,0.358032128513333,0.442329317268333,3033.49,-4.63885542168332,-6.96815261045
SK038 41,Slovakia,SK,SK0,SK03,SK031,Žilinský kraj,16.47,0.358032128513333,0.442329317268333,3033.49,-4.63885542168332,-6.96815261045
SK038 42,Slovakia,SK,SK0,SK03,SK031,Žilinský kraj,16.47,0.358032128513333,0.442329317268333,3033.49,-4.63885542168332,-6.96815261045
SK038 43,Slovakia,SK,SK0,SK03,SK031,Žilinský kraj,16.47,0.358032128513333,0.442329317268333,3033.49,-4.63885542168332,-6.96815261045
SK038 44,Slovakia,SK,SK0,SK03,SK031,Žilinský kraj,16.47,0.358032128513333,0.442329317268333,3033.49,-4.63885542168332,-6.96815261045
SK038 45,Slovakia,SK,SK0,SK03,SK031,Žilinský kraj,16.47,0.358032128513333,0.442329317268333,3033.49,-4.63885542168332,-6.96815261045
SK038 46,Slovakia,SK,SK0,SK03,SK031,Žilinský kraj,16.47,0.358032128513333,0.442329317268333,3033.49,-4.63885542168332,-6.96815261045
SK038 47,Slovakia,SK,SK0,SK03,SK031,Žilinský kraj,16.47,0.358032128513333,0.442329317268333,3033.49,-4.63885542168332,-6.96815261045
SK038 48,Slovakia,SK,SK0,SK03,SK031,Žilinský kraj,16.47,0.358032128513333,0.442329317268333,3033.49,-4.63885542168332,-6.96815261045
SK038 51,Slovakia,SK,SK0,SK03,SK031,Žilinský kraj,16.47,0.358032128513333,0.442329317268333,3033.49,-4.63885542168332,-6.96815261045
SK038 52,Slovakia,SK,SK0,SK03,SK031,Žilinský kraj,16.47,0.358032128513333,0.442329317268333,3033.49,-4.63885542168332,-6.96815261045
SK038 53,Slovakia,SK,SK0,SK03,SK031,Žilinský kraj,16.47,0.358032128513333,0.442329317268333,3033.49,-4.63885542168332,-6.96815261045
SK038 54,Slovakia,SK,SK0,SK03,SK031,Žilinský kraj,16.47,0.358032128513333,0.442329317268333,3033.49,-4.63885542168332,-6.96815261045
SK038 61,Slovakia,SK,SK0,SK03,SK031,Žilinský kraj,16.47,0.358032128513333,0.442329317268333,3033.49,-4.63885542168332,-6.96815261045
SK039 01,Slovakia,SK,SK0,SK03,SK031,Žilinský kraj,16.47,0.358032128513333,0.442329317268333,3033.49,-4.63885542168332,-6.96815261045
SK972 11,Slovakia,SK,SK0,SK03,SK031,Žilinský kraj,16.47,0.358032128513333,0.442329317268333,3033.49,-4.63885542168332,-6.96815261045
SK972 12,Slovakia,SK,SK0,SK03,SK031,Žilinský kraj,16.47,0.358032128513333,0.442329317268333,3033.49,-4.63885542168332,-6.96815261045
SK972 13,Slovakia,SK,SK0,SK03,SK031,Žilinský kraj,16.47,0.358032128513333,0.442329317268333,3033.49,-4.63885542168332,-6.96815261045
SK972 14,Slovakia,SK,SK0,SK03,SK031,Žilinský kraj,16.47,0.358032128513333,0.442329317268333,3033.49,-4.63885542168332,-6.96815261045
SK972 15,Slovakia,SK,SK0,SK03,SK031,Žilinský kraj,16.47,0.358032128513333,0.442329317268333,3033.49,-4.63885542168332,-6.96815261045
SK972 16,Slovakia,SK,SK0,SK03,SK031,Žilinský kraj,16.47,0.358032128513333,0.442329317268333,3033.49,-4.63885542168332,-6.96815261045
SK972 17,Slovakia,SK,SK0,SK03,SK031,Žilinský kraj,16.47,0.358032128513333,0.442329317268333,3033.49,-4.63885542168332,-6.96815261045
SK972 21,Slovakia,SK,SK0,SK03,SK031,Žilinský kraj,16.47,0.358032128513333,0.442329317268333,3033.49,-4.63885542168332,-6.96815261045
SK972 22,Slovakia,SK,SK0,SK03,SK031,Žilinský kraj,16.47,0.358032128513333,0.442329317268333,3033.49,-4.63885542168332,-6.96815261045
SK972 23,Slovakia,SK,SK0,SK03,SK031,Žilinský kraj,16.47,0.358032128513333,0.442329317268333,3033.49,-4.63885542168332,-6.96815261045
SK972 24,Slovakia,SK,SK0,SK03,SK031,Žilinský kraj,16.47,0.358032128513333,0.442329317268333,3033.49,-4.63885542168332,-6.96815261045
SK972 25,Slovakia,SK,SK0,SK03,SK031,Žilinský kraj,16.47,0.358032128513333,0.442329317268333,3033.49,-4.63885542168332,-6.96815261045
SK972 26,Slovakia,SK,SK0,SK03,SK031,Žilinský kraj,16.47,0.358032128513333,0.442329317268333,3033.49,-4.63885542168332,-6.96815261045
SK972 27,Slovakia,SK,SK0,SK03,SK031,Žilinský kraj,16.47,0.358032128513333,0.442329317268333,3033.49,-4.63885542168332,-6.96815261045
SK972 28,Slovakia,SK,SK0,SK03,SK031,Žilinský kraj,16.47,0.358032128513333,0.442329317268333,3033.49,-4.63885542168332,-6.96815261045
SK972 29,Slovakia,SK,SK0,SK03,SK031,Žilinský kraj,16.47,0.358032128513333,0.442329317268333,3033.49,-4.63885542168332,-6.96815261045
SK972 31,Slovakia,SK,SK0,SK03,SK031,Žilinský kraj,16.47,0.358032128513333,0.442329317268333,3033.49,-4.63885542168332,-6.96815261045
SK972 32,Slovakia,SK,SK0,SK03,SK031,Žilinský kraj,16.47,0.358032128513333,0.442329317268333,3033.49,-4.63885542168332,-6.96815261045
SK972 41,Slovakia,SK,SK0,SK03,SK031,Žilinský kraj,16.47,0.358032128513333,0.442329317268333,3033.49,-4.63885542168332,-6.96815261045
SK972 42,Slovakia,SK,SK0,SK03,SK031,Žilinský kraj,16.47,0.358032128513333,0.442329317268333,3033.49,-4.63885542168332,-6.96815261045
SK972 43,Slovakia,SK,SK0,SK03,SK031,Žilinský kraj,16.47,0.358032128513333,0.442329317268333,3033.49,-4.63885542168332,-6.96815261045
SK972 44,Slovakia,SK,SK0,SK03,SK031,Žilinský kraj,16.47,0.358032128513333,0.442329317268333,3033.49,-4.63885542168332,-6.96815261045
SK972 45,Slovakia,SK,SK0,SK03,SK031,Žilinský kraj,16.47,0.358032128513333,0.442329317268333,3033.49,-4.63885542168332,-6.96815261045
SK972 46,Slovakia,SK,SK0,SK03,SK031,Žilinský kraj,16.47,0.358032128513333,0.442329317268333,3033.49,-4.63885542168332,-6.96815261045
SK972 47,Slovakia,SK,SK0,SK03,SK031,Žilinský kraj,16.47,0.358032128513333,0.442329317268333,3033.49,-4.63885542168332,-6.96815261045
SK972 48,Slovakia,SK,SK0,SK03,SK031,Žilinský kraj,16.47,0.358032128513333,0.442329317268333,3033.49,-4.63885542168332,-6.96815261045
SK972 51,Slovakia,SK,SK0,SK03,SK031,Žilinský kraj,16.47,0.358032128513333,0.442329317268333,3033.49,-4.63885542168332,-6.96815261045
SK972 71,Slovakia,SK,SK0,SK03,SK031,Žilinský kraj,16.47,0.358032128513333,0.442329317268333,3033.49,-4.63885542168332,-6.96815261045
SK049 01,Slovakia,SK,SK0,SK03,SK032,Banskobystrický kraj,116.5,0.799444444445,0.971353276353333,2680.38,-4.7728917379,-7.05297720798332
SK049 13,Slovakia,SK,SK0,SK03,SK032,Banskobystrický kraj,116.5,0.799444444445,0.971353276353333,2680.38,-4.7728917379,-7.05297720798332
SK049 14,Slovakia,SK,SK0,SK03,SK032,Banskobystrický kraj,116.5,0.799444444445,0.971353276353333,2680.38,-4.7728917379,-7.05297720798332
SK049 16,Slovakia,SK,SK0,SK03,SK032,Banskobystrický kraj,116.5,0.799444444445,0.971353276353333,2680.38,-4.7728917379,-7.05297720798332
SK049 18,Slovakia,SK,SK0,SK03,SK032,Banskobystrický kraj,116.5,0.799444444445,0.971353276353333,2680.38,-4.7728917379,-7.05297720798332
SK049 61,Slovakia,SK,SK0,SK03,SK032,Banskobystrický kraj,116.5,0.799444444445,0.971353276353333,2680.38,-4.7728917379,-7.05297720798332
SK049 62,Slovakia,SK,SK0,SK03,SK032,Banskobystrický kraj,116.5,0.799444444445,0.971353276353333,2680.38,-4.7728917379,-7.05297720798332
SK049 64,Slovakia,SK,SK0,SK03,SK032,Banskobystrický kraj,116.5,0.799444444445,0.971353276353333,2680.38,-4.7728917379,-7.05297720798332
SK050 01,Slovakia,SK,SK0,SK03,SK032,Banskobystrický kraj,116.5,0.799444444445,0.971353276353333,2680.38,-4.7728917379,-7.05297720798332
SK960 01,Slovakia,SK,SK0,SK03,SK032,Banskobystrický kraj,116.5,0.799444444445,0.971353276353333,2680.38,-4.7728917379,-7.05297720798332
SK962 01,Slovakia,SK,SK0,SK03,SK032,Banskobystrický kraj,116.5,0.799444444445,0.971353276353333,2680.38,-4.7728917379,-7.05297720798332
SK962 02,Slovakia,SK,SK0,SK03,SK032,Banskobystrický kraj,116.5,0.799444444445,0.971353276353333,2680.38,-4.7728917379,-7.05297720798332
SK962 04,Slovakia,SK,SK0,SK03,SK032,Banskobystrický kraj,116.5,0.799444444445,0.971353276353333,2680.38,-4.7728917379,-7.05297720798332
SK962 05,Slovakia,SK,SK0,SK03,SK032,Banskobystrický kraj,116.5,0.799444444445,0.971353276353333,2680.38,-4.7728917379,-7.05297720798332
SK962 12,Slovakia,SK,SK0,SK03,SK032,Banskobystrický kraj,116.5,0.799444444445,0.971353276353333,2680.38,-4.7728917379,-7.05297720798332
SK962 21,Slovakia,SK,SK0,SK03,SK032,Banskobystrický kraj,116.5,0.799444444445,0.971353276353333,2680.38,-4.7728917379,-7.05297720798332
SK962 23,Slovakia,SK,SK0,SK03,SK032,Banskobystrický kraj,116.5,0.799444444445,0.971353276353333,2680.38,-4.7728917379,-7.05297720798332
SK962 25,Slovakia,SK,SK0,SK03,SK032,Banskobystrický kraj,116.5,0.799444444445,0.971353276353333,2680.38,-4.7728917379,-7.05297720798332
SK962 31,Slovakia,SK,SK0,SK03,SK032,Banskobystrický kraj,116.5,0.799444444445,0.971353276353333,2680.38,-4.7728917379,-7.05297720798332
SK962 33,Slovakia,SK,SK0,SK03,SK032,Banskobystrický kraj,116.5,0.799444444445,0.971353276353333,2680.38,-4.7728917379,-7.05297720798332
SK962 34,Slovakia,SK,SK0,SK03,SK032,Banskobystrický kraj,116.5,0.799444444445,0.971353276353333,2680.38,-4.7728917379,-7.05297720798332
SK962 37,Slovakia,SK,SK0,SK03,SK032,Banskobystrický kraj,116.5,0.799444444445,0.971353276353333,2680.38,-4.7728917379,-7.05297720798332
SK962 41,Slovakia,SK,SK0,SK03,SK032,Banskobystrický kraj,116.5,0.799444444445,0.971353276353333,2680.38,-4.7728917379,-7.05297720798332
SK962 43,Slovakia,SK,SK0,SK03,SK032,Banskobystrický kraj,116.5,0.799444444445,0.971353276353333,2680.38,-4.7728917379,-7.05297720798332
SK962 44,Slovakia,SK,SK0,SK03,SK032,Banskobystrický kraj,116.5,0.799444444445,0.971353276353333,2680.38,-4.7728917379,-7.05297720798332
SK962 51,Slovakia,SK,SK0,SK03,SK032,Banskobystrický kraj,116.5,0.799444444445,0.971353276353333,2680.38,-4.7728917379,-7.05297720798332
SK962 52,Slovakia,SK,SK0,SK03,SK032,Banskobystrický kraj,116.5,0.799444444445,0.971353276353333,2680.38,-4.7728917379,-7.05297720798332
SK962 55,Slovakia,SK,SK0,SK03,SK032,Banskobystrický kraj,116.5,0.799444444445,0.971353276353333,2680.38,-4.7728917379,-7.05297720798332
SK962 61,Slovakia,SK,SK0,SK03,SK032,Banskobystrický kraj,116.5,0.799444444445,0.971353276353333,2680.38,-4.7728917379,-7.05297720798332
SK962 62,Slovakia,SK,SK0,SK03,SK032,Banskobystrický kraj,116.5,0.799444444445,0.971353276353333,2680.38,-4.7728917379,-7.05297720798332
SK962 63,Slovakia,SK,SK0,SK03,SK032,Banskobystrický kraj,116.5,0.799444444445,0.971353276353333,2680.38,-4.7728917379,-7.05297720798332
SK962 65,Slovakia,SK,SK0,SK03,SK032,Banskobystrický kraj,116.5,0.799444444445,0.971353276353333,2680.38,-4.7728917379,-7.05297720798332
SK962 66,Slovakia,SK,SK0,SK03,SK032,Banskobystrický kraj,116.5,0.799444444445,0.971353276353333,2680.38,-4.7728917379,-7.05297720798332
SK962 68,Slovakia,SK,SK0,SK03,SK032,Banskobystrický kraj,116.5,0.799444444445,0.971353276353333,2680.38,-4.7728917379,-7.05297720798332
SK962 71,Slovakia,SK,SK0,SK03,SK032,Banskobystrický kraj,116.5,0.799444444445,0.971353276353333,2680.38,-4.7728917379,-7.05297720798332
SK962 75,Slovakia,SK,SK0,SK03,SK032,Banskobystrický kraj,116.5,0.799444444445,0.971353276353333,2680.38,-4.7728917379,-7.05297720798332
SK963 01,Slovakia,SK,SK0,SK03,SK032,Banskobystrický kraj,116.5,0.799444444445,0.971353276353333,2680.38,-4.7728917379,-7.05297720798332
SK965 01,Slovakia,SK,SK0,SK03,SK032,Banskobystrický kraj,116.5,0.799444444445,0.971353276353333,2680.38,-4.7728917379,-7.05297720798332
SK966 01,Slovakia,SK,SK0,SK03,SK032,Banskobystrický kraj,116.5,0.799444444445,0.971353276353333,2680.38,-4.7728917379,-7.05297720798332
SK966 02,Slovakia,SK,SK0,SK03,SK032,Banskobystrický kraj,116.5,0.799444444445,0.971353276353333,2680.38,-4.7728917379,-7.05297720798332
SK966 03,Slovakia,SK,SK0,SK03,SK032,Banskobystrický kraj,116.5,0.799444444445,0.971353276353333,2680.38,-4.7728917379,-7.05297720798332
SK966 04,Slovakia,SK,SK0,SK03,SK032,Banskobystrický kraj,116.5,0.799444444445,0.971353276353333,2680.38,-4.7728917379,-7.05297720798332
SK966 11,Slovakia,SK,SK0,SK03,SK032,Banskobystrický kraj,116.5,0.799444444445,0.971353276353333,2680.38,-4.7728917379,-7.05297720798332
SK966 15,Slovakia,SK,SK0,SK03,SK032,Banskobystrický kraj,116.5,0.799444444445,0.971353276353333,2680.38,-4.7728917379,-7.05297720798332
SK966 21,Slovakia,SK,SK0,SK03,SK032,Banskobystrický kraj,116.5,0.799444444445,0.971353276353333,2680.38,-4.7728917379,-7.05297720798332
SK966 22,Slovakia,SK,SK0,SK03,SK032,Banskobystrický kraj,116.5,0.799444444445,0.971353276353333,2680.38,-4.7728917379,-7.05297720798332
SK966 23,Slovakia,SK,SK0,SK03,SK032,Banskobystrický kraj,116.5,0.799444444445,0.971353276353333,2680.38,-4.7728917379,-7.05297720798332
SK966 24,Slovakia,SK,SK0,SK03,SK032,Banskobystrický kraj,116.5,0.799444444445,0.971353276353333,2680.38,-4.7728917379,-7.05297720798332
SK966 41,Slovakia,SK,SK0,SK03,SK032,Banskobystrický kraj,116.5,0.799444444445,0.971353276353333,2680.38,-4.7728917379,-7.05297720798332
SK966 42,Slovakia,SK,SK0,SK03,SK032,Banskobystrický kraj,116.5,0.799444444445,0.971353276353333,2680.38,-4.7728917379,-7.05297720798332
SK966 51,Slovakia,SK,SK0,SK03,SK032,Banskobystrický kraj,116.5,0.799444444445,0.971353276353333,2680.38,-4.7728917379,-7.05297720798332
SK966 52,Slovakia,SK,SK0,SK03,SK032,Banskobystrický kraj,116.5,0.799444444445,0.971353276353333,2680.38,-4.7728917379,-7.05297720798332
SK966 53,Slovakia,SK,SK0,SK03,SK032,Banskobystrický kraj,116.5,0.799444444445,0.971353276353333,2680.38,-4.7728917379,-7.05297720798332
SK966 61,Slovakia,SK,SK0,SK03,SK032,Banskobystrický kraj,116.5,0.799444444445,0.971353276353333,2680.38,-4.7728917379,-7.05297720798332
SK966 63,Slovakia,SK,SK0,SK03,SK032,Banskobystrický kraj,116.5,0.799444444445,0.971353276353333,2680.38,-4.7728917379,-7.05297720798332
SK966 71,Slovakia,SK,SK0,SK03,SK032,Banskobystrický kraj,116.5,0.799444444445,0.971353276353333,2680.38,-4.7728917379,-7.05297720798332
SK966 74,Slovakia,SK,SK0,SK03,SK032,Banskobystrický kraj,116.5,0.799444444445,0.971353276353333,2680.38,-4.7728917379,-7.05297720798332
SK966 77,Slovakia,SK,SK0,SK03,SK032,Banskobystrický kraj,116.5,0.799444444445,0.971353276353333,2680.38,-4.7728917379,-7.05297720798332
SK966 78,Slovakia,SK,SK0,SK03,SK032,Banskobystrický kraj,116.5,0.799444444445,0.971353276353333,2680.38,-4.7728917379,-7.05297720798332
SK966 81,Slovakia,SK,SK0,SK03,SK032,Banskobystrický kraj,116.5,0.799444444445,0.971353276353333,2680.38,-4.7728917379,-7.05297720798332
SK967 01,Slovakia,SK,SK0,SK03,SK032,Banskobystrický kraj,116.5,0.799444444445,0.971353276353333,2680.38,-4.7728917379,-7.05297720798332
SK968 01,Slovakia,SK,SK0,SK03,SK032,Banskobystrický kraj,116.5,0.799444444445,0.971353276353333,2680.38,-4.7728917379,-7.05297720798332
SK969 01,Slovakia,SK,SK0,SK03,SK032,Banskobystrický kraj,116.5,0.799444444445,0.971353276353333,2680.38,-4.7728917379,-7.05297720798332
SK969 72,Slovakia,SK,SK0,SK03,SK032,Banskobystrický kraj,116.5,0.799444444445,0.971353276353333,2680.38,-4.7728917379,-7.05297720798332
SK969 73,Slovakia,SK,SK0,SK03,SK032,Banskobystrický kraj,116.5,0.799444444445,0.971353276353333,2680.38,-4.7728917379,-7.05297720798332
SK969 81,Slovakia,SK,SK0,SK03,SK032,Banskobystrický kraj,116.5,0.799444444445,0.971353276353333,2680.38,-4.7728917379,-7.05297720798332
SK969 82,Slovakia,SK,SK0,SK03,SK032,Banskobystrický kraj,116.5,0.799444444445,0.971353276353333,2680.38,-4.7728917379,-7.05297720798332
SK971 01,Slovakia,SK,SK0,SK03,SK032,Banskobystrický kraj,116.5,0.799444444445,0.971353276353333,2680.38,-4.7728917379,-7.05297720798332
SK974 01,Slovakia,SK,SK0,SK03,SK032,Banskobystrický kraj,116.5,0.799444444445,0.971353276353333,2680.38,-4.7728917379,-7.05297720798332
SK974 04,Slovakia,SK,SK0,SK03,SK032,Banskobystrický kraj,116.5,0.799444444445,0.971353276353333,2680.38,-4.7728917379,-7.05297720798332
SK974 05,Slovakia,SK,SK0,SK03,SK032,Banskobystrický kraj,116.5,0.799444444445,0.971353276353333,2680.38,-4.7728917379,-7.05297720798332
SK974 09,Slovakia,SK,SK0,SK03,SK032,Banskobystrický kraj,116.5,0.799444444445,0.971353276353333,2680.38,-4.7728917379,-7.05297720798332
SK974 11,Slovakia,SK,SK0,SK03,SK032,Banskobystrický kraj,116.5,0.799444444445,0.971353276353333,2680.38,-4.7728917379,-7.05297720798332
SK976 02,Slovakia,SK,SK0,SK03,SK032,Banskobystrický kraj,116.5,0.799444444445,0.971353276353333,2680.38,-4.7728917379,-7.05297720798332
SK976 03,Slovakia,SK,SK0,SK03,SK032,Banskobystrický kraj,116.5,0.799444444445,0.971353276353333,2680.38,-4.7728917379,-7.05297720798332
SK976 11,Slovakia,SK,SK0,SK03,SK032,Banskobystrický kraj,116.5,0.799444444445,0.971353276353333,2680.38,-4.7728917379,-7.05297720798332
SK976 13,Slovakia,SK,SK0,SK03,SK032,Banskobystrický kraj,116.5,0.799444444445,0.971353276353333,2680.38,-4.7728917379,-7.05297720798332
SK976 31,Slovakia,SK,SK0,SK03,SK032,Banskobystrický kraj,116.5,0.799444444445,0.971353276353333,2680.38,-4.7728917379,-7.05297720798332
SK976 32,Slovakia,SK,SK0,SK03,SK032,Banskobystrický kraj,116.5,0.799444444445,0.971353276353333,2680.38,-4.7728917379,-7.05297720798332
SK976 33,Slovakia,SK,SK0,SK03,SK032,Banskobystrický kraj,116.5,0.799444444445,0.971353276353333,2680.38,-4.7728917379,-7.05297720798332
SK976 34,Slovakia,SK,SK0,SK03,SK032,Banskobystrický kraj,116.5,0.799444444445,0.971353276353333,2680.38,-4.7728917379,-7.05297720798332
SK976 37,Slovakia,SK,SK0,SK03,SK032,Banskobystrický kraj,116.5,0.799444444445,0.971353276353333,2680.38,-4.7728917379,-7.05297720798332
SK976 39,Slovakia,SK,SK0,SK03,SK032,Banskobystrický kraj,116.5,0.799444444445,0.971353276353333,2680.38,-4.7728917379,-7.05297720798332
SK976 44,Slovakia,SK,SK0,SK03,SK032,Banskobystrický kraj,116.5,0.799444444445,0.971353276353333,2680.38,-4.7728917379,-7.05297720798332
SK976 45,Slovakia,SK,SK0,SK03,SK032,Banskobystrický kraj,116.5,0.799444444445,0.971353276353333,2680.38,-4.7728917379,-7.05297720798332
SK976 46,Slovakia,SK,SK0,SK03,SK032,Banskobystrický kraj,116.5,0.799444444445,0.971353276353333,2680.38,-4.7728917379,-7.05297720798332
SK976 51,Slovakia,SK,SK0,SK03,SK032,Banskobystrický kraj,116.5,0.799444444445,0.971353276353333,2680.38,-4.7728917379,-7.05297720798332
SK976 52,Slovakia,SK,SK0,SK03,SK032,Banskobystrický kraj,116.5,0.799444444445,0.971353276353333,2680.38,-4.7728917379,-7.05297720798332
SK976 53,Slovakia,SK,SK0,SK03,SK032,Banskobystrický kraj,116.5,0.799444444445,0.971353276353333,2680.38,-4.7728917379,-7.05297720798332
SK976 55,Slovakia,SK,SK0,SK03,SK032,Banskobystrický kraj,116.5,0.799444444445,0.971353276353333,2680.38,-4.7728917379,-7.05297720798332
SK976 56,Slovakia,SK,SK0,SK03,SK032,Banskobystrický kraj,116.5,0.799444444445,0.971353276353333,2680.38,-4.7728917379,-7.05297720798332
SK976 57,Slovakia,SK,SK0,SK03,SK032,Banskobystrický kraj,116.5,0.799444444445,0.971353276353333,2680.38,-4.7728917379,-7.05297720798332
SK976 61,Slovakia,SK,SK0,SK03,SK032,Banskobystrický kraj,116.5,0.799444444445,0.971353276353333,2680.38,-4.7728917379,-7.05297720798332
SK976 62,Slovakia,SK,SK0,SK03,SK032,Banskobystrický kraj,116.5,0.799444444445,0.971353276353333,2680.38,-4.7728917379,-7.05297720798332
SK976 63,Slovakia,SK,SK0,SK03,SK032,Banskobystrický kraj,116.5,0.799444444445,0.971353276353333,2680.38,-4.7728917379,-7.05297720798332
SK976 64,Slovakia,SK,SK0,SK03,SK032,Banskobystrický kraj,116.5,0.799444444445,0.971353276353333,2680.38,-4.7728917379,-7.05297720798332
SK976 66,Slovakia,SK,SK0,SK03,SK032,Banskobystrický kraj,116.5,0.799444444445,0.971353276353333,2680.38,-4.7728917379,-7.05297720798332
SK976 67,Slovakia,SK,SK0,SK03,SK032,Banskobystrický kraj,116.5,0.799444444445,0.971353276353333,2680.38,-4.7728917379,-7.05297720798332
SK976 68,Slovakia,SK,SK0,SK03,SK032,Banskobystrický kraj,116.5,0.799444444445,0.971353276353333,2680.38,-4.7728917379,-7.05297720798332
SK976 69,Slovakia,SK,SK0,SK03,SK032,Banskobystrický kraj,116.5,0.799444444445,0.971353276353333,2680.38,-4.7728917379,-7.05297720798332
SK976 71,Slovakia,SK,SK0,SK03,SK032,Banskobystrický kraj,116.5,0.799444444445,0.971353276353333,2680.38,-4.7728917379,-7.05297720798332
SK976 73,Slovakia,SK,SK0,SK03,SK032,Banskobystrický kraj,116.5,0.799444444445,0.971353276353333,2680.38,-4.7728917379,-7.05297720798332
SK976 75,Slovakia,SK,SK0,SK03,SK032,Banskobystrický kraj,116.5,0.799444444445,0.971353276353333,2680.38,-4.7728917379,-7.05297720798332
SK976 81,Slovakia,SK,SK0,SK03,SK032,Banskobystrický kraj,116.5,0.799444444445,0.971353276353333,2680.38,-4.7728917379,-7.05297720798332
SK976 96,Slovakia,SK,SK0,SK03,SK032,Banskobystrický kraj,116.5,0.799444444445,0.971353276353333,2680.38,-4.7728917379,-7.05297720798332
SK976 97,Slovakia,SK,SK0,SK03,SK032,Banskobystrický kraj,116.5,0.799444444445,0.971353276353333,2680.38,-4.7728917379,-7.05297720798332
SK976 98,Slovakia,SK,SK0,SK03,SK032,Banskobystrický kraj,116.5,0.799444444445,0.971353276353333,2680.38,-4.7728917379,-7.05297720798332
SK977 01,Slovakia,SK,SK0,SK03,SK032,Banskobystrický kraj,116.5,0.799444444445,0.971353276353333,2680.38,-4.7728917379,-7.05297720798332
SK977 03,Slovakia,SK,SK0,SK03,SK032,Banskobystrický kraj,116.5,0.799444444445,0.971353276353333,2680.38,-4.7728917379,-7.05297720798332
SK979 01,Slovakia,SK,SK0,SK03,SK032,Banskobystrický kraj,116.5,0.799444444445,0.971353276353333,2680.38,-4.7728917379,-7.05297720798332
SK980 01,Slovakia,SK,SK0,SK03,SK032,Banskobystrický kraj,116.5,0.799444444445,0.971353276353333,2680.38,-4.7728917379,-7.05297720798332
SK980 02,Slovakia,SK,SK0,SK03,SK032,Banskobystrický kraj,116.5,0.799444444445,0.971353276353333,2680.38,-4.7728917379,-7.05297720798332
SK980 03,Slovakia,SK,SK0,SK03,SK032,Banskobystrický kraj,116.5,0.799444444445,0.971353276353333,2680.38,-4.7728917379,-7.05297720798332
SK980 04,Slovakia,SK,SK0,SK03,SK032,Banskobystrický kraj,116.5,0.799444444445,0.971353276353333,2680.38,-4.7728917379,-7.05297720798332
SK980 11,Slovakia,SK,SK0,SK03,SK032,Banskobystrický kraj,116.5,0.799444444445,0.971353276353333,2680.38,-4.7728917379,-7.05297720798332
SK980 12,Slovakia,SK,SK0,SK03,SK032,Banskobystrický kraj,116.5,0.799444444445,0.971353276353333,2680.38,-4.7728917379,-7.05297720798332
SK980 13,Slovakia,SK,SK0,SK03,SK032,Banskobystrický kraj,116.5,0.799444444445,0.971353276353333,2680.38,-4.7728917379,-7.05297720798332
SK980 21,Slovakia,SK,SK0,SK03,SK032,Banskobystrický kraj,116.5,0.799444444445,0.971353276353333,2680.38,-4.7728917379,-7.05297720798332
SK980 22,Slovakia,SK,SK0,SK03,SK032,Banskobystrický kraj,116.5,0.799444444445,0.971353276353333,2680.38,-4.7728917379,-7.05297720798332
SK980 23,Slovakia,SK,SK0,SK03,SK032,Banskobystrický kraj,116.5,0.799444444445,0.971353276353333,2680.38,-4.7728917379,-7.05297720798332
SK980 25,Slovakia,SK,SK0,SK03,SK032,Banskobystrický kraj,116.5,0.799444444445,0.971353276353333,2680.38,-4.7728917379,-7.05297720798332
SK980 26,Slovakia,SK,SK0,SK03,SK032,Banskobystrický kraj,116.5,0.799444444445,0.971353276353333,2680.38,-4.7728917379,-7.05297720798332
SK980 31,Slovakia,SK,SK0,SK03,SK032,Banskobystrický kraj,116.5,0.799444444445,0.971353276353333,2680.38,-4.7728917379,-7.05297720798332
SK980 32,Slovakia,SK,SK0,SK03,SK032,Banskobystrický kraj,116.5,0.799444444445,0.971353276353333,2680.38,-4.7728917379,-7.05297720798332
SK980 33,Slovakia,SK,SK0,SK03,SK032,Banskobystrický kraj,116.5,0.799444444445,0.971353276353333,2680.38,-4.7728917379,-7.05297720798332
SK980 34,Slovakia,SK,SK0,SK03,SK032,Banskobystrický kraj,116.5,0.799444444445,0.971353276353333,2680.38,-4.7728917379,-7.05297720798332
SK980 35,Slovakia,SK,SK0,SK03,SK032,Banskobystrický kraj,116.5,0.799444444445,0.971353276353333,2680.38,-4.7728917379,-7.05297720798332
SK980 41,Slovakia,SK,SK0,SK03,SK032,Banskobystrický kraj,116.5,0.799444444445,0.971353276353333,2680.38,-4.7728917379,-7.05297720798332
SK980 42,Slovakia,SK,SK0,SK03,SK032,Banskobystrický kraj,116.5,0.799444444445,0.971353276353333,2680.38,-4.7728917379,-7.05297720798332
SK980 43,Slovakia,SK,SK0,SK03,SK032,Banskobystrický kraj,116.5,0.799444444445,0.971353276353333,2680.38,-4.7728917379,-7.05297720798332
SK980 44,Slovakia,SK,SK0,SK03,SK032,Banskobystrický kraj,116.5,0.799444444445,0.971353276353333,2680.38,-4.7728917379,-7.05297720798332
SK980 45,Slovakia,SK,SK0,SK03,SK032,Banskobystrický kraj,116.5,0.799444444445,0.971353276353333,2680.38,-4.7728917379,-7.05297720798332
SK980 50,Slovakia,SK,SK0,SK03,SK032,Banskobystrický kraj,116.5,0.799444444445,0.971353276353333,2680.38,-4.7728917379,-7.05297720798332
SK980 51,Slovakia,SK,SK0,SK03,SK032,Banskobystrický kraj,116.5,0.799444444445,0.971353276353333,2680.38,-4.7728917379,-7.05297720798332
SK980 52,Slovakia,SK,SK0,SK03,SK032,Banskobystrický kraj,116.5,0.799444444445,0.971353276353333,2680.38,-4.7728917379,-7.05297720798332
SK980 53,Slovakia,SK,SK0,SK03,SK032,Banskobystrický kraj,116.5,0.799444444445,0.971353276353333,2680.38,-4.7728917379,-7.05297720798332
SK980 54,Slovakia,SK,SK0,SK03,SK032,Banskobystrický kraj,116.5,0.799444444445,0.971353276353333,2680.38,-4.7728917379,-7.05297720798332
SK980 55,Slovakia,SK,SK0,SK03,SK032,Banskobystrický kraj,116.5,0.799444444445,0.971353276353333,2680.38,-4.7728917379,-7.05297720798332
SK980 61,Slovakia,SK,SK0,SK03,SK032,Banskobystrický kraj,116.5,0.799444444445,0.971353276353333,2680.38,-4.7728917379,-7.05297720798332
SK981 01,Slovakia,SK,SK0,SK03,SK032,Banskobystrický kraj,116.5,0.799444444445,0.971353276353333,2680.38,-4.7728917379,-7.05297720798332
SK982 01,Slovakia,SK,SK0,SK03,SK032,Banskobystrický kraj,116.5,0.799444444445,0.971353276353333,2680.38,-4.7728917379,-7.05297720798332
SK982 51,Slovakia,SK,SK0,SK03,SK032,Banskobystrický kraj,116.5,0.799444444445,0.971353276353333,2680.38,-4.7728917379,-7.05297720798332
SK982 52,Slovakia,SK,SK0,SK03,SK032,Banskobystrický kraj,116.5,0.799444444445,0.971353276353333,2680.38,-4.7728917379,-7.05297720798332
SK982 62,Slovakia,SK,SK0,SK03,SK032,Banskobystrický kraj,116.5,0.799444444445,0.971353276353333,2680.38,-4.7728917379,-7.05297720798332
SK982 65,Slovakia,SK,SK0,SK03,SK032,Banskobystrický kraj,116.5,0.799444444445,0.971353276353333,2680.38,-4.7728917379,-7.05297720798332
SK982 66,Slovakia,SK,SK0,SK03,SK032,Banskobystrický kraj,116.5,0.799444444445,0.971353276353333,2680.38,-4.7728917379,-7.05297720798332
SK982 67,Slovakia,SK,SK0,SK03,SK032,Banskobystrický kraj,116.5,0.799444444445,0.971353276353333,2680.38,-4.7728917379,-7.05297720798332
SK984 01,Slovakia,SK,SK0,SK03,SK032,Banskobystrický kraj,116.5,0.799444444445,0.971353276353333,2680.38,-4.7728917379,-7.05297720798332
SK984 03,Slovakia,SK,SK0,SK03,SK032,Banskobystrický kraj,116.5,0.799444444445,0.971353276353333,2680.38,-4.7728917379,-7.05297720798332
SK985 01,Slovakia,SK,SK0,SK03,SK032,Banskobystrický kraj,116.5,0.799444444445,0.971353276353333,2680.38,-4.7728917379,-7.05297720798332
SK985 02,Slovakia,SK,SK0,SK03,SK032,Banskobystrický kraj,116.5,0.799444444445,0.971353276353333,2680.38,-4.7728917379,-7.05297720798332
SK985 03,Slovakia,SK,SK0,SK03,SK032,Banskobystrický kraj,116.5,0.799444444445,0.971353276353333,2680.38,-4.7728917379,-7.05297720798332
SK985 05,Slovakia,SK,SK0,SK03,SK032,Banskobystrický kraj,116.5,0.799444444445,0.971353276353333,2680.38,-4.7728917379,-7.05297720798332
SK985 06,Slovakia,SK,SK0,SK03,SK032,Banskobystrický kraj,116.5,0.799444444445,0.971353276353333,2680.38,-4.7728917379,-7.05297720798332
SK985 07,Slovakia,SK,SK0,SK03,SK032,Banskobystrický kraj,116.5,0.799444444445,0.971353276353333,2680.38,-4.7728917379,-7.05297720798332
SK985 11,Slovakia,SK,SK0,SK03,SK032,Banskobystrický kraj,116.5,0.799444444445,0.971353276353333,2680.38,-4.7728917379,-7.05297720798332
SK985 12,Slovakia,SK,SK0,SK03,SK032,Banskobystrický kraj,116.5,0.799444444445,0.971353276353333,2680.38,-4.7728917379,-7.05297720798332
SK985 13,Slovakia,SK,SK0,SK03,SK032,Banskobystrický kraj,116.5,0.799444444445,0.971353276353333,2680.38,-4.7728917379,-7.05297720798332
SK985 22,Slovakia,SK,SK0,SK03,SK032,Banskobystrický kraj,116.5,0.799444444445,0.971353276353333,2680.38,-4.7728917379,-7.05297720798332
SK985 24,Slovakia,SK,SK0,SK03,SK032,Banskobystrický kraj,116.5,0.799444444445,0.971353276353333,2680.38,-4.7728917379,-7.05297720798332
SK985 25,Slovakia,SK,SK0,SK03,SK032,Banskobystrický kraj,116.5,0.799444444445,0.971353276353333,2680.38,-4.7728917379,-7.05297720798332
SK985 26,Slovakia,SK,SK0,SK03,SK032,Banskobystrický kraj,116.5,0.799444444445,0.971353276353333,2680.38,-4.7728917379,-7.05297720798332
SK985 31,Slovakia,SK,SK0,SK03,SK032,Banskobystrický kraj,116.5,0.799444444445,0.971353276353333,2680.38,-4.7728917379,-7.05297720798332
SK985 32,Slovakia,SK,SK0,SK03,SK032,Banskobystrický kraj,116.5,0.799444444445,0.971353276353333,2680.38,-4.7728917379,-7.05297720798332
SK985 41,Slovakia,SK,SK0,SK03,SK032,Banskobystrický kraj,116.5,0.799444444445,0.971353276353333,2680.38,-4.7728917379,-7.05297720798332
SK985 42,Slovakia,SK,SK0,SK03,SK032,Banskobystrický kraj,116.5,0.799444444445,0.971353276353333,2680.38,-4.7728917379,-7.05297720798332
SK985 45,Slovakia,SK,SK0,SK03,SK032,Banskobystrický kraj,116.5,0.799444444445,0.971353276353333,2680.38,-4.7728917379,-7.05297720798332
SK985 51,Slovakia,SK,SK0,SK03,SK032,Banskobystrický kraj,116.5,0.799444444445,0.971353276353333,2680.38,-4.7728917379,-7.05297720798332
SK985 52,Slovakia,SK,SK0,SK03,SK032,Banskobystrický kraj,116.5,0.799444444445,0.971353276353333,2680.38,-4.7728917379,-7.05297720798332
SK985 53,Slovakia,SK,SK0,SK03,SK032,Banskobystrický kraj,116.5,0.799444444445,0.971353276353333,2680.38,-4.7728917379,-7.05297720798332
SK985 54,Slovakia,SK,SK0,SK03,SK032,Banskobystrický kraj,116.5,0.799444444445,0.971353276353333,2680.38,-4.7728917379,-7.05297720798332
SK985 56,Slovakia,SK,SK0,SK03,SK032,Banskobystrický kraj,116.5,0.799444444445,0.971353276353333,2680.38,-4.7728917379,-7.05297720798332
SK985 57,Slovakia,SK,SK0,SK03,SK032,Banskobystrický kraj,116.5,0.799444444445,0.971353276353333,2680.38,-4.7728917379,-7.05297720798332
SK985 58,Slovakia,SK,SK0,SK03,SK032,Banskobystrický kraj,116.5,0.799444444445,0.971353276353333,2680.38,-4.7728917379,-7.05297720798332
SK985 59,Slovakia,SK,SK0,SK03,SK032,Banskobystrický kraj,116.5,0.799444444445,0.971353276353333,2680.38,-4.7728917379,-7.05297720798332
SK986 01,Slovakia,SK,SK0,SK03,SK032,Banskobystrický kraj,116.5,0.799444444445,0.971353276353333,2680.38,-4.7728917379,-7.05297720798332
SK987 01,Slovakia,SK,SK0,SK03,SK032,Banskobystrický kraj,116.5,0.799444444445,0.971353276353333,2680.38,-4.7728917379,-7.05297720798332
SK990 01,Slovakia,SK,SK0,SK03,SK032,Banskobystrický kraj,116.5,0.799444444445,0.971353276353333,2680.38,-4.7728917379,-7.05297720798332
SK991 01,Slovakia,SK,SK0,SK03,SK032,Banskobystrický kraj,116.5,0.799444444445,0.971353276353333,2680.38,-4.7728917379,-7.05297720798332
SK991 02,Slovakia,SK,SK0,SK03,SK032,Banskobystrický kraj,116.5,0.799444444445,0.971353276353333,2680.38,-4.7728917379,-7.05297720798332
SK991 03,Slovakia,SK,SK0,SK03,SK032,Banskobystrický kraj,116.5,0.799444444445,0.971353276353333,2680.38,-4.7728917379,-7.05297720798332
SK991 05,Slovakia,SK,SK0,SK03,SK032,Banskobystrický kraj,116.5,0.799444444445,0.971353276353333,2680.38,-4.7728917379,-7.05297720798332
SK991 06,Slovakia,SK,SK0,SK03,SK032,Banskobystrický kraj,116.5,0.799444444445,0.971353276353333,2680.38,-4.7728917379,-7.05297720798332
SK991 07,Slovakia,SK,SK0,SK03,SK032,Banskobystrický kraj,116.5,0.799444444445,0.971353276353333,2680.38,-4.7728917379,-7.05297720798332
SK991 08,Slovakia,SK,SK0,SK03,SK032,Banskobystrický kraj,116.5,0.799444444445,0.971353276353333,2680.38,-4.7728917379,-7.05297720798332
SK991 09,Slovakia,SK,SK0,SK03,SK032,Banskobystrický kraj,116.5,0.799444444445,0.971353276353333,2680.38,-4.7728917379,-7.05297720798332
SK991 10,Slovakia,SK,SK0,SK03,SK032,Banskobystrický kraj,116.5,0.799444444445,0.971353276353333,2680.38,-4.7728917379,-7.05297720798332
SK991 11,Slovakia,SK,SK0,SK03,SK032,Banskobystrický kraj,116.5,0.799444444445,0.971353276353333,2680.38,-4.7728917379,-7.05297720798332
SK991 21,Slovakia,SK,SK0,SK03,SK032,Banskobystrický kraj,116.5,0.799444444445,0.971353276353333,2680.38,-4.7728917379,-7.05297720798332
SK991 22,Slovakia,SK,SK0,SK03,SK032,Banskobystrický kraj,116.5,0.799444444445,0.971353276353333,2680.38,-4.7728917379,-7.05297720798332
SK991 23,Slovakia,SK,SK0,SK03,SK032,Banskobystrický kraj,116.5,0.799444444445,0.971353276353333,2680.38,-4.7728917379,-7.05297720798332
SK991 24,Slovakia,SK,SK0,SK03,SK032,Banskobystrický kraj,116.5,0.799444444445,0.971353276353333,2680.38,-4.7728917379,-7.05297720798332
SK991 25,Slovakia,SK,SK0,SK03,SK032,Banskobystrický kraj,116.5,0.799444444445,0.971353276353333,2680.38,-4.7728917379,-7.05297720798332
SK991 26,Slovakia,SK,SK0,SK03,SK032,Banskobystrický kraj,116.5,0.799444444445,0.971353276353333,2680.38,-4.7728917379,-7.05297720798332
SK991 27,Slovakia,SK,SK0,SK03,SK032,Banskobystrický kraj,116.5,0.799444444445,0.971353276353333,2680.38,-4.7728917379,-7.05297720798332
SK991 28,Slovakia,SK,SK0,SK03,SK032,Banskobystrický kraj,116.5,0.799444444445,0.971353276353333,2680.38,-4.7728917379,-7.05297720798332
SK991 35,Slovakia,SK,SK0,SK03,SK032,Banskobystrický kraj,116.5,0.799444444445,0.971353276353333,2680.38,-4.7728917379,-7.05297720798332
SK991 41,Slovakia,SK,SK0,SK03,SK032,Banskobystrický kraj,116.5,0.799444444445,0.971353276353333,2680.38,-4.7728917379,-7.05297720798332
SK991 42,Slovakia,SK,SK0,SK03,SK032,Banskobystrický kraj,116.5,0.799444444445,0.971353276353333,2680.38,-4.7728917379,-7.05297720798332
SK992 01,Slovakia,SK,SK0,SK03,SK032,Banskobystrický kraj,116.5,0.799444444445,0.971353276353333,2680.38,-4.7728917379,-7.05297720798332
