ZIP Code,Country,NUTS 0,NUTS 1,NUTS 2,NUTS 3,NUTS 3 Name,CDD_2015,CDD_45_pa,CDD_85_pa,HDD_2015,HDD_45_pa,HDD_85_pa
,United Kingdom,UK,,,,United Kingdom,7.12853633984749,0.121583970686867,0.221716649459831,1539.20754062362,-2.73946284405726,-4.07169241102281
UKEH10,United Kingdom,UK,UKM,UKM7,UKM73,East Lothian and Midlothian,0.170416666666775,0.00361111111111667,0.0266666666666667,1868.03770833323,-3.35319444444998,-4.79638888888332
UKEH17,United Kingdom,UK,UKM,UKM7,UKM73,East Lothian and Midlothian,0.170416666666775,0.00361111111111667,0.0266666666666667,1868.03770833323,-3.35319444444998,-4.79638888888332
UKEH18,United Kingdom,UK,UKM,UKM7,UKM73,East Lothian and Midlothian,0.170416666666775,0.00361111111111667,0.0266666666666667,1868.03770833323,-3.35319444444998,-4.79638888888332
UKEH19,United Kingdom,UK,UKM,UKM7,UKM73,East Lothian and Midlothian,0.170416666666775,0.00361111111111667,0.0266666666666667,1868.03770833323,-3.35319444444998,-4.79638888888332
UKEH20,United Kingdom,UK,UKM,UKM7,UKM73,East Lothian and Midlothian,0.170416666666775,0.00361111111111667,0.0266666666666667,1868.03770833323,-3.35319444444998,-4.79638888888332
UKEH21,United Kingdom,UK,UKM,UKM7,UKM73,East Lothian and Midlothian,0.170416666666775,0.00361111111111667,0.0266666666666667,1868.03770833323,-3.35319444444998,-4.79638888888332
UKEH22,United Kingdom,UK,UKM,UKM7,UKM73,East Lothian and Midlothian,0.170416666666775,0.00361111111111667,0.0266666666666667,1868.03770833323,-3.35319444444998,-4.79638888888332
UKEH23,United Kingdom,UK,UKM,UKM7,UKM73,East Lothian and Midlothian,0.170416666666775,0.00361111111111667,0.0266666666666667,1868.03770833323,-3.35319444444998,-4.79638888888332
UKEH24,United Kingdom,UK,UKM,UKM7,UKM73,East Lothian and Midlothian,0.170416666666775,0.00361111111111667,0.0266666666666667,1868.03770833323,-3.35319444444998,-4.79638888888332
UKEH25,United Kingdom,UK,UKM,UKM7,UKM73,East Lothian and Midlothian,0.170416666666775,0.00361111111111667,0.0266666666666667,1868.03770833323,-3.35319444444998,-4.79638888888332
UKEH26,United Kingdom,UK,UKM,UKM7,UKM73,East Lothian and Midlothian,0.170416666666775,0.00361111111111667,0.0266666666666667,1868.03770833323,-3.35319444444998,-4.79638888888332
UKEH31,United Kingdom,UK,UKM,UKM7,UKM73,East Lothian and Midlothian,0.170416666666775,0.00361111111111667,0.0266666666666667,1868.03770833323,-3.35319444444998,-4.79638888888332
UKEH32,United Kingdom,UK,UKM,UKM7,UKM73,East Lothian and Midlothian,0.170416666666775,0.00361111111111667,0.0266666666666667,1868.03770833323,-3.35319444444998,-4.79638888888332
UKEH33,United Kingdom,UK,UKM,UKM7,UKM73,East Lothian and Midlothian,0.170416666666775,0.00361111111111667,0.0266666666666667,1868.03770833323,-3.35319444444998,-4.79638888888332
UKEH34,United Kingdom,UK,UKM,UKM7,UKM73,East Lothian and Midlothian,0.170416666666775,0.00361111111111667,0.0266666666666667,1868.03770833323,-3.35319444444998,-4.79638888888332
UKEH35,United Kingdom,UK,UKM,UKM7,UKM73,East Lothian and Midlothian,0.170416666666775,0.00361111111111667,0.0266666666666667,1868.03770833323,-3.35319444444998,-4.79638888888332
UKEH36,United Kingdom,UK,UKM,UKM7,UKM73,East Lothian and Midlothian,0.170416666666775,0.00361111111111667,0.0266666666666667,1868.03770833323,-3.35319444444998,-4.79638888888332
UKEH37,United Kingdom,UK,UKM,UKM7,UKM73,East Lothian and Midlothian,0.170416666666775,0.00361111111111667,0.0266666666666667,1868.03770833323,-3.35319444444998,-4.79638888888332
UKEH38,United Kingdom,UK,UKM,UKM7,UKM73,East Lothian and Midlothian,0.170416666666775,0.00361111111111667,0.0266666666666667,1868.03770833323,-3.35319444444998,-4.79638888888332
UKEH39,United Kingdom,UK,UKM,UKM7,UKM73,East Lothian and Midlothian,0.170416666666775,0.00361111111111667,0.0266666666666667,1868.03770833323,-3.35319444444998,-4.79638888888332
UKEH40,United Kingdom,UK,UKM,UKM7,UKM73,East Lothian and Midlothian,0.170416666666775,0.00361111111111667,0.0266666666666667,1868.03770833323,-3.35319444444998,-4.79638888888332
UKEH41,United Kingdom,UK,UKM,UKM7,UKM73,East Lothian and Midlothian,0.170416666666775,0.00361111111111667,0.0266666666666667,1868.03770833323,-3.35319444444998,-4.79638888888332
UKEH42,United Kingdom,UK,UKM,UKM7,UKM73,East Lothian and Midlothian,0.170416666666775,0.00361111111111667,0.0266666666666667,1868.03770833323,-3.35319444444998,-4.79638888888332
UKEH46,United Kingdom,UK,UKM,UKM7,UKM73,East Lothian and Midlothian,0.170416666666775,0.00361111111111667,0.0266666666666667,1868.03770833323,-3.35319444444998,-4.79638888888332
UKTD11,United Kingdom,UK,UKM,UKM7,UKM73,East Lothian and Midlothian,0.170416666666775,0.00361111111111667,0.0266666666666667,1868.03770833323,-3.35319444444998,-4.79638888888332
UKTD13,United Kingdom,UK,UKM,UKM7,UKM73,East Lothian and Midlothian,0.170416666666775,0.00361111111111667,0.0266666666666667,1868.03770833323,-3.35319444444998,-4.79638888888332
UKCH7,United Kingdom,UK,UKL,UKL1,UKL13,Conwy and Denbighshire,0.65115384615415,0.0156410256410333,0.0507692307691667,1829.91038462008,-2.96948717948333,-4.42903846153333
UKCH8,United Kingdom,UK,UKL,UKL1,UKL13,Conwy and Denbighshire,0.65115384615415,0.0156410256410333,0.0507692307691667,1829.91038462008,-2.96948717948333,-4.42903846153333
UKLL11,United Kingdom,UK,UKL,UKL1,UKL13,Conwy and Denbighshire,0.65115384615415,0.0156410256410333,0.0507692307691667,1829.91038462008,-2.96948717948333,-4.42903846153333
UKLL15,United Kingdom,UK,UKL,UKL1,UKL13,Conwy and Denbighshire,0.65115384615415,0.0156410256410333,0.0507692307691667,1829.91038462008,-2.96948717948333,-4.42903846153333
UKLL16,United Kingdom,UK,UKL,UKL1,UKL13,Conwy and Denbighshire,0.65115384615415,0.0156410256410333,0.0507692307691667,1829.91038462008,-2.96948717948333,-4.42903846153333
UKLL17,United Kingdom,UK,UKL,UKL1,UKL13,Conwy and Denbighshire,0.65115384615415,0.0156410256410333,0.0507692307691667,1829.91038462008,-2.96948717948333,-4.42903846153333
UKLL18,United Kingdom,UK,UKL,UKL1,UKL13,Conwy and Denbighshire,0.65115384615415,0.0156410256410333,0.0507692307691667,1829.91038462008,-2.96948717948333,-4.42903846153333
UKLL19,United Kingdom,UK,UKL,UKL1,UKL13,Conwy and Denbighshire,0.65115384615415,0.0156410256410333,0.0507692307691667,1829.91038462008,-2.96948717948333,-4.42903846153333
UKLL20,United Kingdom,UK,UKL,UKL1,UKL13,Conwy and Denbighshire,0.65115384615415,0.0156410256410333,0.0507692307691667,1829.91038462008,-2.96948717948333,-4.42903846153333
UKLL21,United Kingdom,UK,UKL,UKL1,UKL13,Conwy and Denbighshire,0.65115384615415,0.0156410256410333,0.0507692307691667,1829.91038462008,-2.96948717948333,-4.42903846153333
UKLL22,United Kingdom,UK,UKL,UKL1,UKL13,Conwy and Denbighshire,0.65115384615415,0.0156410256410333,0.0507692307691667,1829.91038462008,-2.96948717948333,-4.42903846153333
UKLL24,United Kingdom,UK,UKL,UKL1,UKL13,Conwy and Denbighshire,0.65115384615415,0.0156410256410333,0.0507692307691667,1829.91038462008,-2.96948717948333,-4.42903846153333
UKLL25,United Kingdom,UK,UKL,UKL1,UKL13,Conwy and Denbighshire,0.65115384615415,0.0156410256410333,0.0507692307691667,1829.91038462008,-2.96948717948333,-4.42903846153333
UKLL26,United Kingdom,UK,UKL,UKL1,UKL13,Conwy and Denbighshire,0.65115384615415,0.0156410256410333,0.0507692307691667,1829.91038462008,-2.96948717948333,-4.42903846153333
UKLL27,United Kingdom,UK,UKL,UKL1,UKL13,Conwy and Denbighshire,0.65115384615415,0.0156410256410333,0.0507692307691667,1829.91038462008,-2.96948717948333,-4.42903846153333
UKLL28,United Kingdom,UK,UKL,UKL1,UKL13,Conwy and Denbighshire,0.65115384615415,0.0156410256410333,0.0507692307691667,1829.91038462008,-2.96948717948333,-4.42903846153333
UKLL29,United Kingdom,UK,UKL,UKL1,UKL13,Conwy and Denbighshire,0.65115384615415,0.0156410256410333,0.0507692307691667,1829.91038462008,-2.96948717948333,-4.42903846153333
UKLL30,United Kingdom,UK,UKL,UKL1,UKL13,Conwy and Denbighshire,0.65115384615415,0.0156410256410333,0.0507692307691667,1829.91038462008,-2.96948717948333,-4.42903846153333
UKLL31,United Kingdom,UK,UKL,UKL1,UKL13,Conwy and Denbighshire,0.65115384615415,0.0156410256410333,0.0507692307691667,1829.91038462008,-2.96948717948333,-4.42903846153333
UKLL32,United Kingdom,UK,UKL,UKL1,UKL13,Conwy and Denbighshire,0.65115384615415,0.0156410256410333,0.0507692307691667,1829.91038462008,-2.96948717948333,-4.42903846153333
UKLL33,United Kingdom,UK,UKL,UKL1,UKL13,Conwy and Denbighshire,0.65115384615415,0.0156410256410333,0.0507692307691667,1829.91038462008,-2.96948717948333,-4.42903846153333
UKLL34,United Kingdom,UK,UKL,UKL1,UKL13,Conwy and Denbighshire,0.65115384615415,0.0156410256410333,0.0507692307691667,1829.91038462008,-2.96948717948333,-4.42903846153333
UKDG1,United Kingdom,UK,UKM,UKM9,UKM92,Dumfries & Galloway,0.52032258064525,0.0145519713261667,0.0393010752688333,1938.42830644888,-3.15553763441665,-4.56014336918333
UKDG10,United Kingdom,UK,UKM,UKM9,UKM92,Dumfries & Galloway,0.52032258064525,0.0145519713261667,0.0393010752688333,1938.42830644888,-3.15553763441665,-4.56014336918333
UKDG11,United Kingdom,UK,UKM,UKM9,UKM92,Dumfries & Galloway,0.52032258064525,0.0145519713261667,0.0393010752688333,1938.42830644888,-3.15553763441665,-4.56014336918333
UKDG12,United Kingdom,UK,UKM,UKM9,UKM92,Dumfries & Galloway,0.52032258064525,0.0145519713261667,0.0393010752688333,1938.42830644888,-3.15553763441665,-4.56014336918333
UKDG13,United Kingdom,UK,UKM,UKM9,UKM92,Dumfries & Galloway,0.52032258064525,0.0145519713261667,0.0393010752688333,1938.42830644888,-3.15553763441665,-4.56014336918333
UKDG14,United Kingdom,UK,UKM,UKM9,UKM92,Dumfries & Galloway,0.52032258064525,0.0145519713261667,0.0393010752688333,1938.42830644888,-3.15553763441665,-4.56014336918333
UKDG16,United Kingdom,UK,UKM,UKM9,UKM92,Dumfries & Galloway,0.52032258064525,0.0145519713261667,0.0393010752688333,1938.42830644888,-3.15553763441665,-4.56014336918333
UKDG2,United Kingdom,UK,UKM,UKM9,UKM92,Dumfries & Galloway,0.52032258064525,0.0145519713261667,0.0393010752688333,1938.42830644888,-3.15553763441665,-4.56014336918333
UKDG3,United Kingdom,UK,UKM,UKM9,UKM92,Dumfries & Galloway,0.52032258064525,0.0145519713261667,0.0393010752688333,1938.42830644888,-3.15553763441665,-4.56014336918333
UKDG4,United Kingdom,UK,UKM,UKM9,UKM92,Dumfries & Galloway,0.52032258064525,0.0145519713261667,0.0393010752688333,1938.42830644888,-3.15553763441665,-4.56014336918333
UKDG5,United Kingdom,UK,UKM,UKM9,UKM92,Dumfries & Galloway,0.52032258064525,0.0145519713261667,0.0393010752688333,1938.42830644888,-3.15553763441665,-4.56014336918333
UKDG6,United Kingdom,UK,UKM,UKM9,UKM92,Dumfries & Galloway,0.52032258064525,0.0145519713261667,0.0393010752688333,1938.42830644888,-3.15553763441665,-4.56014336918333
UKDG7,United Kingdom,UK,UKM,UKM9,UKM92,Dumfries & Galloway,0.52032258064525,0.0145519713261667,0.0393010752688333,1938.42830644888,-3.15553763441665,-4.56014336918333
UKDG8,United Kingdom,UK,UKM,UKM9,UKM92,Dumfries & Galloway,0.52032258064525,0.0145519713261667,0.0393010752688333,1938.42830644888,-3.15553763441665,-4.56014336918333
UKDG9,United Kingdom,UK,UKM,UKM9,UKM92,Dumfries & Galloway,0.52032258064525,0.0145519713261667,0.0393010752688333,1938.42830644888,-3.15553763441665,-4.56014336918333
UKML12,United Kingdom,UK,UKM,UKM9,UKM92,Dumfries & Galloway,0.52032258064525,0.0145519713261667,0.0393010752688333,1938.42830644888,-3.15553763441665,-4.56014336918333
UKL1,United Kingdom,UK,UKD,UKD7,UKD72,Liverpool,4.9875,0.0916666666666667,0.198333333333333,1570.69749999999,-2.99499999999998,-4.41999999999998
UKL10,United Kingdom,UK,UKD,UKD7,UKD72,Liverpool,4.9875,0.0916666666666667,0.198333333333333,1570.69749999999,-2.99499999999998,-4.41999999999998
UKL11,United Kingdom,UK,UKD,UKD7,UKD72,Liverpool,4.9875,0.0916666666666667,0.198333333333333,1570.69749999999,-2.99499999999998,-4.41999999999998
UKL12,United Kingdom,UK,UKD,UKD7,UKD72,Liverpool,4.9875,0.0916666666666667,0.198333333333333,1570.69749999999,-2.99499999999998,-4.41999999999998
UKL13,United Kingdom,UK,UKD,UKD7,UKD72,Liverpool,4.9875,0.0916666666666667,0.198333333333333,1570.69749999999,-2.99499999999998,-4.41999999999998
UKL14,United Kingdom,UK,UKD,UKD7,UKD72,Liverpool,4.9875,0.0916666666666667,0.198333333333333,1570.69749999999,-2.99499999999998,-4.41999999999998
UKL15,United Kingdom,UK,UKD,UKD7,UKD72,Liverpool,4.9875,0.0916666666666667,0.198333333333333,1570.69749999999,-2.99499999999998,-4.41999999999998
UKL16,United Kingdom,UK,UKD,UKD7,UKD72,Liverpool,4.9875,0.0916666666666667,0.198333333333333,1570.69749999999,-2.99499999999998,-4.41999999999998
UKL17,United Kingdom,UK,UKD,UKD7,UKD72,Liverpool,4.9875,0.0916666666666667,0.198333333333333,1570.69749999999,-2.99499999999998,-4.41999999999998
UKL18,United Kingdom,UK,UKD,UKD7,UKD72,Liverpool,4.9875,0.0916666666666667,0.198333333333333,1570.69749999999,-2.99499999999998,-4.41999999999998
UKL19,United Kingdom,UK,UKD,UKD7,UKD72,Liverpool,4.9875,0.0916666666666667,0.198333333333333,1570.69749999999,-2.99499999999998,-4.41999999999998
UKL2,United Kingdom,UK,UKD,UKD7,UKD72,Liverpool,4.9875,0.0916666666666667,0.198333333333333,1570.69749999999,-2.99499999999998,-4.41999999999998
UKL20,United Kingdom,UK,UKD,UKD7,UKD72,Liverpool,4.9875,0.0916666666666667,0.198333333333333,1570.69749999999,-2.99499999999998,-4.41999999999998
UKL24,United Kingdom,UK,UKD,UKD7,UKD72,Liverpool,4.9875,0.0916666666666667,0.198333333333333,1570.69749999999,-2.99499999999998,-4.41999999999998
UKL25,United Kingdom,UK,UKD,UKD7,UKD72,Liverpool,4.9875,0.0916666666666667,0.198333333333333,1570.69749999999,-2.99499999999998,-4.41999999999998
UKL26,United Kingdom,UK,UKD,UKD7,UKD72,Liverpool,4.9875,0.0916666666666667,0.198333333333333,1570.69749999999,-2.99499999999998,-4.41999999999998
UKL27,United Kingdom,UK,UKD,UKD7,UKD72,Liverpool,4.9875,0.0916666666666667,0.198333333333333,1570.69749999999,-2.99499999999998,-4.41999999999998
UKL28,United Kingdom,UK,UKD,UKD7,UKD72,Liverpool,4.9875,0.0916666666666667,0.198333333333333,1570.69749999999,-2.99499999999998,-4.41999999999998
UKL3,United Kingdom,UK,UKD,UKD7,UKD72,Liverpool,4.9875,0.0916666666666667,0.198333333333333,1570.69749999999,-2.99499999999998,-4.41999999999998
UKL36,United Kingdom,UK,UKD,UKD7,UKD72,Liverpool,4.9875,0.0916666666666667,0.198333333333333,1570.69749999999,-2.99499999999998,-4.41999999999998
UKL4,United Kingdom,UK,UKD,UKD7,UKD72,Liverpool,4.9875,0.0916666666666667,0.198333333333333,1570.69749999999,-2.99499999999998,-4.41999999999998
UKL5,United Kingdom,UK,UKD,UKD7,UKD72,Liverpool,4.9875,0.0916666666666667,0.198333333333333,1570.69749999999,-2.99499999999998,-4.41999999999998
UKL6,United Kingdom,UK,UKD,UKD7,UKD72,Liverpool,4.9875,0.0916666666666667,0.198333333333333,1570.69749999999,-2.99499999999998,-4.41999999999998
UKL67,United Kingdom,UK,UKD,UKD7,UKD72,Liverpool,4.9875,0.0916666666666667,0.198333333333333,1570.69749999999,-2.99499999999998,-4.41999999999998
UKL69,United Kingdom,UK,UKD,UKD7,UKD72,Liverpool,4.9875,0.0916666666666667,0.198333333333333,1570.69749999999,-2.99499999999998,-4.41999999999998
UKL7,United Kingdom,UK,UKD,UKD7,UKD72,Liverpool,4.9875,0.0916666666666667,0.198333333333333,1570.69749999999,-2.99499999999998,-4.41999999999998
UKL70,United Kingdom,UK,UKD,UKD7,UKD72,Liverpool,4.9875,0.0916666666666667,0.198333333333333,1570.69749999999,-2.99499999999998,-4.41999999999998
UKL71,United Kingdom,UK,UKD,UKD7,UKD72,Liverpool,4.9875,0.0916666666666667,0.198333333333333,1570.69749999999,-2.99499999999998,-4.41999999999998
UKL73,United Kingdom,UK,UKD,UKD7,UKD72,Liverpool,4.9875,0.0916666666666667,0.198333333333333,1570.69749999999,-2.99499999999998,-4.41999999999998
UKL74,United Kingdom,UK,UKD,UKD7,UKD72,Liverpool,4.9875,0.0916666666666667,0.198333333333333,1570.69749999999,-2.99499999999998,-4.41999999999998
UKL75,United Kingdom,UK,UKD,UKD7,UKD72,Liverpool,4.9875,0.0916666666666667,0.198333333333333,1570.69749999999,-2.99499999999998,-4.41999999999998
UKL8,United Kingdom,UK,UKD,UKD7,UKD72,Liverpool,4.9875,0.0916666666666667,0.198333333333333,1570.69749999999,-2.99499999999998,-4.41999999999998
UKL9,United Kingdom,UK,UKD,UKD7,UKD72,Liverpool,4.9875,0.0916666666666667,0.198333333333333,1570.69749999999,-2.99499999999998,-4.41999999999998
UKL10,United Kingdom,UK,UKD,UKD7,UKD73,Sefton,3.7975,0.0716666666666667,0.1625,1578.43375,-3.00083333333333,-4.41416666666667
UKL20,United Kingdom,UK,UKD,UKD7,UKD73,Sefton,3.7975,0.0716666666666667,0.1625,1578.43375,-3.00083333333333,-4.41416666666667
UKL21,United Kingdom,UK,UKD,UKD7,UKD73,Sefton,3.7975,0.0716666666666667,0.1625,1578.43375,-3.00083333333333,-4.41416666666667
UKL22,United Kingdom,UK,UKD,UKD7,UKD73,Sefton,3.7975,0.0716666666666667,0.1625,1578.43375,-3.00083333333333,-4.41416666666667
UKL23,United Kingdom,UK,UKD,UKD7,UKD73,Sefton,3.7975,0.0716666666666667,0.1625,1578.43375,-3.00083333333333,-4.41416666666667
UKL29,United Kingdom,UK,UKD,UKD7,UKD73,Sefton,3.7975,0.0716666666666667,0.1625,1578.43375,-3.00083333333333,-4.41416666666667
UKL30,United Kingdom,UK,UKD,UKD7,UKD73,Sefton,3.7975,0.0716666666666667,0.1625,1578.43375,-3.00083333333333,-4.41416666666667
UKL31,United Kingdom,UK,UKD,UKD7,UKD73,Sefton,3.7975,0.0716666666666667,0.1625,1578.43375,-3.00083333333333,-4.41416666666667
UKL37,United Kingdom,UK,UKD,UKD7,UKD73,Sefton,3.7975,0.0716666666666667,0.1625,1578.43375,-3.00083333333333,-4.41416666666667
UKL38,United Kingdom,UK,UKD,UKD7,UKD73,Sefton,3.7975,0.0716666666666667,0.1625,1578.43375,-3.00083333333333,-4.41416666666667
UKL68,United Kingdom,UK,UKD,UKD7,UKD73,Sefton,3.7975,0.0716666666666667,0.1625,1578.43375,-3.00083333333333,-4.41416666666667
UKL69,United Kingdom,UK,UKD,UKD7,UKD73,Sefton,3.7975,0.0716666666666667,0.1625,1578.43375,-3.00083333333333,-4.41416666666667
UKL70,United Kingdom,UK,UKD,UKD7,UKD73,Sefton,3.7975,0.0716666666666667,0.1625,1578.43375,-3.00083333333333,-4.41416666666667
UKL71,United Kingdom,UK,UKD,UKD7,UKD73,Sefton,3.7975,0.0716666666666667,0.1625,1578.43375,-3.00083333333333,-4.41416666666667
UKL72,United Kingdom,UK,UKD,UKD7,UKD73,Sefton,3.7975,0.0716666666666667,0.1625,1578.43375,-3.00083333333333,-4.41416666666667
UKL75,United Kingdom,UK,UKD,UKD7,UKD73,Sefton,3.7975,0.0716666666666667,0.1625,1578.43375,-3.00083333333333,-4.41416666666667
UKL80,United Kingdom,UK,UKD,UKD7,UKD73,Sefton,3.7975,0.0716666666666667,0.1625,1578.43375,-3.00083333333333,-4.41416666666667
UKL9,United Kingdom,UK,UKD,UKD7,UKD73,Sefton,3.7975,0.0716666666666667,0.1625,1578.43375,-3.00083333333333,-4.41416666666667
UKPR8,United Kingdom,UK,UKD,UKD7,UKD73,Sefton,3.7975,0.0716666666666667,0.1625,1578.43375,-3.00083333333333,-4.41416666666667
UKPR9,United Kingdom,UK,UKD,UKD7,UKD73,Sefton,3.7975,0.0716666666666667,0.1625,1578.43375,-3.00083333333333,-4.41416666666667
UKCA12,United Kingdom,UK,UKD,UKD1,UKD11,West Cumbria,0.68325000000075,0.0179444444445,0.0478888888888333,1885.92908333,-3.0515,-4.41644444445
UKCA13,United Kingdom,UK,UKD,UKD1,UKD11,West Cumbria,0.68325000000075,0.0179444444445,0.0478888888888333,1885.92908333,-3.0515,-4.41644444445
UKCA14,United Kingdom,UK,UKD,UKD1,UKD11,West Cumbria,0.68325000000075,0.0179444444445,0.0478888888888333,1885.92908333,-3.0515,-4.41644444445
UKCA15,United Kingdom,UK,UKD,UKD1,UKD11,West Cumbria,0.68325000000075,0.0179444444445,0.0478888888888333,1885.92908333,-3.0515,-4.41644444445
UKCA18,United Kingdom,UK,UKD,UKD1,UKD11,West Cumbria,0.68325000000075,0.0179444444445,0.0478888888888333,1885.92908333,-3.0515,-4.41644444445
UKCA19,United Kingdom,UK,UKD,UKD1,UKD11,West Cumbria,0.68325000000075,0.0179444444445,0.0478888888888333,1885.92908333,-3.0515,-4.41644444445
UKCA20,United Kingdom,UK,UKD,UKD1,UKD11,West Cumbria,0.68325000000075,0.0179444444445,0.0478888888888333,1885.92908333,-3.0515,-4.41644444445
UKCA21,United Kingdom,UK,UKD,UKD1,UKD11,West Cumbria,0.68325000000075,0.0179444444445,0.0478888888888333,1885.92908333,-3.0515,-4.41644444445
UKCA22,United Kingdom,UK,UKD,UKD1,UKD11,West Cumbria,0.68325000000075,0.0179444444445,0.0478888888888333,1885.92908333,-3.0515,-4.41644444445
UKCA23,United Kingdom,UK,UKD,UKD1,UKD11,West Cumbria,0.68325000000075,0.0179444444445,0.0478888888888333,1885.92908333,-3.0515,-4.41644444445
UKCA24,United Kingdom,UK,UKD,UKD1,UKD11,West Cumbria,0.68325000000075,0.0179444444445,0.0478888888888333,1885.92908333,-3.0515,-4.41644444445
UKCA25,United Kingdom,UK,UKD,UKD1,UKD11,West Cumbria,0.68325000000075,0.0179444444445,0.0478888888888333,1885.92908333,-3.0515,-4.41644444445
UKCA26,United Kingdom,UK,UKD,UKD1,UKD11,West Cumbria,0.68325000000075,0.0179444444445,0.0478888888888333,1885.92908333,-3.0515,-4.41644444445
UKCA27,United Kingdom,UK,UKD,UKD1,UKD11,West Cumbria,0.68325000000075,0.0179444444445,0.0478888888888333,1885.92908333,-3.0515,-4.41644444445
UKCA28,United Kingdom,UK,UKD,UKD1,UKD11,West Cumbria,0.68325000000075,0.0179444444445,0.0478888888888333,1885.92908333,-3.0515,-4.41644444445
UKCA5,United Kingdom,UK,UKD,UKD1,UKD11,West Cumbria,0.68325000000075,0.0179444444445,0.0478888888888333,1885.92908333,-3.0515,-4.41644444445
UKCA7,United Kingdom,UK,UKD,UKD1,UKD11,West Cumbria,0.68325000000075,0.0179444444445,0.0478888888888333,1885.92908333,-3.0515,-4.41644444445
UKCA95,United Kingdom,UK,UKD,UKD1,UKD11,West Cumbria,0.68325000000075,0.0179444444445,0.0478888888888333,1885.92908333,-3.0515,-4.41644444445
UKLA12,United Kingdom,UK,UKD,UKD1,UKD11,West Cumbria,0.68325000000075,0.0179444444445,0.0478888888888333,1885.92908333,-3.0515,-4.41644444445
UKLA13,United Kingdom,UK,UKD,UKD1,UKD11,West Cumbria,0.68325000000075,0.0179444444445,0.0478888888888333,1885.92908333,-3.0515,-4.41644444445
UKLA14,United Kingdom,UK,UKD,UKD1,UKD11,West Cumbria,0.68325000000075,0.0179444444445,0.0478888888888333,1885.92908333,-3.0515,-4.41644444445
UKLA15,United Kingdom,UK,UKD,UKD1,UKD11,West Cumbria,0.68325000000075,0.0179444444445,0.0478888888888333,1885.92908333,-3.0515,-4.41644444445
UKLA16,United Kingdom,UK,UKD,UKD1,UKD11,West Cumbria,0.68325000000075,0.0179444444445,0.0478888888888333,1885.92908333,-3.0515,-4.41644444445
UKLA17,United Kingdom,UK,UKD,UKD1,UKD11,West Cumbria,0.68325000000075,0.0179444444445,0.0478888888888333,1885.92908333,-3.0515,-4.41644444445
UKLA18,United Kingdom,UK,UKD,UKD1,UKD11,West Cumbria,0.68325000000075,0.0179444444445,0.0478888888888333,1885.92908333,-3.0515,-4.41644444445
UKLA19,United Kingdom,UK,UKD,UKD1,UKD11,West Cumbria,0.68325000000075,0.0179444444445,0.0478888888888333,1885.92908333,-3.0515,-4.41644444445
UKLA20,United Kingdom,UK,UKD,UKD1,UKD11,West Cumbria,0.68325000000075,0.0179444444445,0.0478888888888333,1885.92908333,-3.0515,-4.41644444445
UKBL0,United Kingdom,UK,UKD,UKD3,UKD37,Greater Manchester North East,1.92,0.0433333333333333,0.103333333333333,1744.765625,-3.03125,-4.45791666666667
UKBL2,United Kingdom,UK,UKD,UKD3,UKD37,Greater Manchester North East,1.92,0.0433333333333333,0.103333333333333,1744.765625,-3.03125,-4.45791666666667
UKBL3,United Kingdom,UK,UKD,UKD3,UKD37,Greater Manchester North East,1.92,0.0433333333333333,0.103333333333333,1744.765625,-3.03125,-4.45791666666667
UKBL8,United Kingdom,UK,UKD,UKD3,UKD37,Greater Manchester North East,1.92,0.0433333333333333,0.103333333333333,1744.765625,-3.03125,-4.45791666666667
UKBL9,United Kingdom,UK,UKD,UKD3,UKD37,Greater Manchester North East,1.92,0.0433333333333333,0.103333333333333,1744.765625,-3.03125,-4.45791666666667
UKM24,United Kingdom,UK,UKD,UKD3,UKD37,Greater Manchester North East,1.92,0.0433333333333333,0.103333333333333,1744.765625,-3.03125,-4.45791666666667
UKM25,United Kingdom,UK,UKD,UKD3,UKD37,Greater Manchester North East,1.92,0.0433333333333333,0.103333333333333,1744.765625,-3.03125,-4.45791666666667
UKM26,United Kingdom,UK,UKD,UKD3,UKD37,Greater Manchester North East,1.92,0.0433333333333333,0.103333333333333,1744.765625,-3.03125,-4.45791666666667
UKM35,United Kingdom,UK,UKD,UKD3,UKD37,Greater Manchester North East,1.92,0.0433333333333333,0.103333333333333,1744.765625,-3.03125,-4.45791666666667
UKM40,United Kingdom,UK,UKD,UKD3,UKD37,Greater Manchester North East,1.92,0.0433333333333333,0.103333333333333,1744.765625,-3.03125,-4.45791666666667
UKM45,United Kingdom,UK,UKD,UKD3,UKD37,Greater Manchester North East,1.92,0.0433333333333333,0.103333333333333,1744.765625,-3.03125,-4.45791666666667
UKM8,United Kingdom,UK,UKD,UKD3,UKD37,Greater Manchester North East,1.92,0.0433333333333333,0.103333333333333,1744.765625,-3.03125,-4.45791666666667
UKOL1,United Kingdom,UK,UKD,UKD3,UKD37,Greater Manchester North East,1.92,0.0433333333333333,0.103333333333333,1744.765625,-3.03125,-4.45791666666667
UKOL10,United Kingdom,UK,UKD,UKD3,UKD37,Greater Manchester North East,1.92,0.0433333333333333,0.103333333333333,1744.765625,-3.03125,-4.45791666666667
UKOL11,United Kingdom,UK,UKD,UKD3,UKD37,Greater Manchester North East,1.92,0.0433333333333333,0.103333333333333,1744.765625,-3.03125,-4.45791666666667
UKOL12,United Kingdom,UK,UKD,UKD3,UKD37,Greater Manchester North East,1.92,0.0433333333333333,0.103333333333333,1744.765625,-3.03125,-4.45791666666667
UKOL14,United Kingdom,UK,UKD,UKD3,UKD37,Greater Manchester North East,1.92,0.0433333333333333,0.103333333333333,1744.765625,-3.03125,-4.45791666666667
UKOL15,United Kingdom,UK,UKD,UKD3,UKD37,Greater Manchester North East,1.92,0.0433333333333333,0.103333333333333,1744.765625,-3.03125,-4.45791666666667
UKOL16,United Kingdom,UK,UKD,UKD3,UKD37,Greater Manchester North East,1.92,0.0433333333333333,0.103333333333333,1744.765625,-3.03125,-4.45791666666667
UKOL2,United Kingdom,UK,UKD,UKD3,UKD37,Greater Manchester North East,1.92,0.0433333333333333,0.103333333333333,1744.765625,-3.03125,-4.45791666666667
UKOL3,United Kingdom,UK,UKD,UKD3,UKD37,Greater Manchester North East,1.92,0.0433333333333333,0.103333333333333,1744.765625,-3.03125,-4.45791666666667
UKOL4,United Kingdom,UK,UKD,UKD3,UKD37,Greater Manchester North East,1.92,0.0433333333333333,0.103333333333333,1744.765625,-3.03125,-4.45791666666667
UKOL5,United Kingdom,UK,UKD,UKD3,UKD37,Greater Manchester North East,1.92,0.0433333333333333,0.103333333333333,1744.765625,-3.03125,-4.45791666666667
UKOL8,United Kingdom,UK,UKD,UKD3,UKD37,Greater Manchester North East,1.92,0.0433333333333333,0.103333333333333,1744.765625,-3.03125,-4.45791666666667
UKOL9,United Kingdom,UK,UKD,UKD3,UKD37,Greater Manchester North East,1.92,0.0433333333333333,0.103333333333333,1744.765625,-3.03125,-4.45791666666667
UKOL95,United Kingdom,UK,UKD,UKD3,UKD37,Greater Manchester North East,1.92,0.0433333333333333,0.103333333333333,1744.765625,-3.03125,-4.45791666666667
UKDH2,United Kingdom,UK,UKC,UKC2,UKC22,Tyneside,0.7225,0.0216666666666667,0.0638888888888333,1733.56166666322,-3.23444444444998,-4.70388888888333
UKDH3,United Kingdom,UK,UKC,UKC2,UKC22,Tyneside,0.7225,0.0216666666666667,0.0638888888888333,1733.56166666322,-3.23444444444998,-4.70388888888333
UKDH9,United Kingdom,UK,UKC,UKC2,UKC22,Tyneside,0.7225,0.0216666666666667,0.0638888888888333,1733.56166666322,-3.23444444444998,-4.70388888888333
UKDH98,United Kingdom,UK,UKC,UKC2,UKC22,Tyneside,0.7225,0.0216666666666667,0.0638888888888333,1733.56166666322,-3.23444444444998,-4.70388888888333
UKNE1,United Kingdom,UK,UKC,UKC2,UKC22,Tyneside,0.7225,0.0216666666666667,0.0638888888888333,1733.56166666322,-3.23444444444998,-4.70388888888333
UKNE10,United Kingdom,UK,UKC,UKC2,UKC22,Tyneside,0.7225,0.0216666666666667,0.0638888888888333,1733.56166666322,-3.23444444444998,-4.70388888888333
UKNE11,United Kingdom,UK,UKC,UKC2,UKC22,Tyneside,0.7225,0.0216666666666667,0.0638888888888333,1733.56166666322,-3.23444444444998,-4.70388888888333
UKNE12,United Kingdom,UK,UKC,UKC2,UKC22,Tyneside,0.7225,0.0216666666666667,0.0638888888888333,1733.56166666322,-3.23444444444998,-4.70388888888333
UKNE13,United Kingdom,UK,UKC,UKC2,UKC22,Tyneside,0.7225,0.0216666666666667,0.0638888888888333,1733.56166666322,-3.23444444444998,-4.70388888888333
UKNE15,United Kingdom,UK,UKC,UKC2,UKC22,Tyneside,0.7225,0.0216666666666667,0.0638888888888333,1733.56166666322,-3.23444444444998,-4.70388888888333
UKNE16,United Kingdom,UK,UKC,UKC2,UKC22,Tyneside,0.7225,0.0216666666666667,0.0638888888888333,1733.56166666322,-3.23444444444998,-4.70388888888333
UKNE17,United Kingdom,UK,UKC,UKC2,UKC22,Tyneside,0.7225,0.0216666666666667,0.0638888888888333,1733.56166666322,-3.23444444444998,-4.70388888888333
UKNE2,United Kingdom,UK,UKC,UKC2,UKC22,Tyneside,0.7225,0.0216666666666667,0.0638888888888333,1733.56166666322,-3.23444444444998,-4.70388888888333
UKNE20,United Kingdom,UK,UKC,UKC2,UKC22,Tyneside,0.7225,0.0216666666666667,0.0638888888888333,1733.56166666322,-3.23444444444998,-4.70388888888333
UKNE21,United Kingdom,UK,UKC,UKC2,UKC22,Tyneside,0.7225,0.0216666666666667,0.0638888888888333,1733.56166666322,-3.23444444444998,-4.70388888888333
UKNE23,United Kingdom,UK,UKC,UKC2,UKC22,Tyneside,0.7225,0.0216666666666667,0.0638888888888333,1733.56166666322,-3.23444444444998,-4.70388888888333
UKNE25,United Kingdom,UK,UKC,UKC2,UKC22,Tyneside,0.7225,0.0216666666666667,0.0638888888888333,1733.56166666322,-3.23444444444998,-4.70388888888333
UKNE26,United Kingdom,UK,UKC,UKC2,UKC22,Tyneside,0.7225,0.0216666666666667,0.0638888888888333,1733.56166666322,-3.23444444444998,-4.70388888888333
UKNE27,United Kingdom,UK,UKC,UKC2,UKC22,Tyneside,0.7225,0.0216666666666667,0.0638888888888333,1733.56166666322,-3.23444444444998,-4.70388888888333
UKNE28,United Kingdom,UK,UKC,UKC2,UKC22,Tyneside,0.7225,0.0216666666666667,0.0638888888888333,1733.56166666322,-3.23444444444998,-4.70388888888333
UKNE29,United Kingdom,UK,UKC,UKC2,UKC22,Tyneside,0.7225,0.0216666666666667,0.0638888888888333,1733.56166666322,-3.23444444444998,-4.70388888888333
UKNE3,United Kingdom,UK,UKC,UKC2,UKC22,Tyneside,0.7225,0.0216666666666667,0.0638888888888333,1733.56166666322,-3.23444444444998,-4.70388888888333
UKNE30,United Kingdom,UK,UKC,UKC2,UKC22,Tyneside,0.7225,0.0216666666666667,0.0638888888888333,1733.56166666322,-3.23444444444998,-4.70388888888333
UKNE31,United Kingdom,UK,UKC,UKC2,UKC22,Tyneside,0.7225,0.0216666666666667,0.0638888888888333,1733.56166666322,-3.23444444444998,-4.70388888888333
UKNE32,United Kingdom,UK,UKC,UKC2,UKC22,Tyneside,0.7225,0.0216666666666667,0.0638888888888333,1733.56166666322,-3.23444444444998,-4.70388888888333
UKNE33,United Kingdom,UK,UKC,UKC2,UKC22,Tyneside,0.7225,0.0216666666666667,0.0638888888888333,1733.56166666322,-3.23444444444998,-4.70388888888333
UKNE34,United Kingdom,UK,UKC,UKC2,UKC22,Tyneside,0.7225,0.0216666666666667,0.0638888888888333,1733.56166666322,-3.23444444444998,-4.70388888888333
UKNE35,United Kingdom,UK,UKC,UKC2,UKC22,Tyneside,0.7225,0.0216666666666667,0.0638888888888333,1733.56166666322,-3.23444444444998,-4.70388888888333
UKNE36,United Kingdom,UK,UKC,UKC2,UKC22,Tyneside,0.7225,0.0216666666666667,0.0638888888888333,1733.56166666322,-3.23444444444998,-4.70388888888333
UKNE37,United Kingdom,UK,UKC,UKC2,UKC22,Tyneside,0.7225,0.0216666666666667,0.0638888888888333,1733.56166666322,-3.23444444444998,-4.70388888888333
UKNE39,United Kingdom,UK,UKC,UKC2,UKC22,Tyneside,0.7225,0.0216666666666667,0.0638888888888333,1733.56166666322,-3.23444444444998,-4.70388888888333
UKNE4,United Kingdom,UK,UKC,UKC2,UKC22,Tyneside,0.7225,0.0216666666666667,0.0638888888888333,1733.56166666322,-3.23444444444998,-4.70388888888333
UKNE40,United Kingdom,UK,UKC,UKC2,UKC22,Tyneside,0.7225,0.0216666666666667,0.0638888888888333,1733.56166666322,-3.23444444444998,-4.70388888888333
UKNE41,United Kingdom,UK,UKC,UKC2,UKC22,Tyneside,0.7225,0.0216666666666667,0.0638888888888333,1733.56166666322,-3.23444444444998,-4.70388888888333
UKNE42,United Kingdom,UK,UKC,UKC2,UKC22,Tyneside,0.7225,0.0216666666666667,0.0638888888888333,1733.56166666322,-3.23444444444998,-4.70388888888333
UKNE5,United Kingdom,UK,UKC,UKC2,UKC22,Tyneside,0.7225,0.0216666666666667,0.0638888888888333,1733.56166666322,-3.23444444444998,-4.70388888888333
UKNE6,United Kingdom,UK,UKC,UKC2,UKC22,Tyneside,0.7225,0.0216666666666667,0.0638888888888333,1733.56166666322,-3.23444444444998,-4.70388888888333
UKNE7,United Kingdom,UK,UKC,UKC2,UKC22,Tyneside,0.7225,0.0216666666666667,0.0638888888888333,1733.56166666322,-3.23444444444998,-4.70388888888333
UKNE8,United Kingdom,UK,UKC,UKC2,UKC22,Tyneside,0.7225,0.0216666666666667,0.0638888888888333,1733.56166666322,-3.23444444444998,-4.70388888888333
UKNE82,United Kingdom,UK,UKC,UKC2,UKC22,Tyneside,0.7225,0.0216666666666667,0.0638888888888333,1733.56166666322,-3.23444444444998,-4.70388888888333
UKNE83,United Kingdom,UK,UKC,UKC2,UKC22,Tyneside,0.7225,0.0216666666666667,0.0638888888888333,1733.56166666322,-3.23444444444998,-4.70388888888333
UKNE85,United Kingdom,UK,UKC,UKC2,UKC22,Tyneside,0.7225,0.0216666666666667,0.0638888888888333,1733.56166666322,-3.23444444444998,-4.70388888888333
UKNE88,United Kingdom,UK,UKC,UKC2,UKC22,Tyneside,0.7225,0.0216666666666667,0.0638888888888333,1733.56166666322,-3.23444444444998,-4.70388888888333
UKNE9,United Kingdom,UK,UKC,UKC2,UKC22,Tyneside,0.7225,0.0216666666666667,0.0638888888888333,1733.56166666322,-3.23444444444998,-4.70388888888333
UKNE92,United Kingdom,UK,UKC,UKC2,UKC22,Tyneside,0.7225,0.0216666666666667,0.0638888888888333,1733.56166666322,-3.23444444444998,-4.70388888888333
UKNE98,United Kingdom,UK,UKC,UKC2,UKC22,Tyneside,0.7225,0.0216666666666667,0.0638888888888333,1733.56166666322,-3.23444444444998,-4.70388888888333
UKNE99,United Kingdom,UK,UKC,UKC2,UKC22,Tyneside,0.7225,0.0216666666666667,0.0638888888888333,1733.56166666322,-3.23444444444998,-4.70388888888333
UKSR5,United Kingdom,UK,UKC,UKC2,UKC22,Tyneside,0.7225,0.0216666666666667,0.0638888888888333,1733.56166666322,-3.23444444444998,-4.70388888888333
UKSR6,United Kingdom,UK,UKC,UKC2,UKC22,Tyneside,0.7225,0.0216666666666667,0.0638888888888333,1733.56166666322,-3.23444444444998,-4.70388888888333
UKAL3,United Kingdom,UK,UKH,UKH2,UKH25,Central Bedfordshire,18.4587499999999,0.282499999999998,0.463125,1643.909375,-2.96875,-4.47645833333332
UKAL5,United Kingdom,UK,UKH,UKH2,UKH25,Central Bedfordshire,18.4587499999999,0.282499999999998,0.463125,1643.909375,-2.96875,-4.47645833333332
UKHP4,United Kingdom,UK,UKH,UKH2,UKH25,Central Bedfordshire,18.4587499999999,0.282499999999998,0.463125,1643.909375,-2.96875,-4.47645833333332
UKLU1,United Kingdom,UK,UKH,UKH2,UKH25,Central Bedfordshire,18.4587499999999,0.282499999999998,0.463125,1643.909375,-2.96875,-4.47645833333332
UKLU2,United Kingdom,UK,UKH,UKH2,UKH25,Central Bedfordshire,18.4587499999999,0.282499999999998,0.463125,1643.909375,-2.96875,-4.47645833333332
UKLU3,United Kingdom,UK,UKH,UKH2,UKH25,Central Bedfordshire,18.4587499999999,0.282499999999998,0.463125,1643.909375,-2.96875,-4.47645833333332
UKLU4,United Kingdom,UK,UKH,UKH2,UKH25,Central Bedfordshire,18.4587499999999,0.282499999999998,0.463125,1643.909375,-2.96875,-4.47645833333332
UKLU5,United Kingdom,UK,UKH,UKH2,UKH25,Central Bedfordshire,18.4587499999999,0.282499999999998,0.463125,1643.909375,-2.96875,-4.47645833333332
UKLU6,United Kingdom,UK,UKH,UKH2,UKH25,Central Bedfordshire,18.4587499999999,0.282499999999998,0.463125,1643.909375,-2.96875,-4.47645833333332
UKLU7,United Kingdom,UK,UKH,UKH2,UKH25,Central Bedfordshire,18.4587499999999,0.282499999999998,0.463125,1643.909375,-2.96875,-4.47645833333332
UKMK17,United Kingdom,UK,UKH,UKH2,UKH25,Central Bedfordshire,18.4587499999999,0.282499999999998,0.463125,1643.909375,-2.96875,-4.47645833333332
UKMK43,United Kingdom,UK,UKH,UKH2,UKH25,Central Bedfordshire,18.4587499999999,0.282499999999998,0.463125,1643.909375,-2.96875,-4.47645833333332
UKMK44,United Kingdom,UK,UKH,UKH2,UKH25,Central Bedfordshire,18.4587499999999,0.282499999999998,0.463125,1643.909375,-2.96875,-4.47645833333332
UKMK45,United Kingdom,UK,UKH,UKH2,UKH25,Central Bedfordshire,18.4587499999999,0.282499999999998,0.463125,1643.909375,-2.96875,-4.47645833333332
UKPE19,United Kingdom,UK,UKH,UKH2,UKH25,Central Bedfordshire,18.4587499999999,0.282499999999998,0.463125,1643.909375,-2.96875,-4.47645833333332
UKSG15,United Kingdom,UK,UKH,UKH2,UKH25,Central Bedfordshire,18.4587499999999,0.282499999999998,0.463125,1643.909375,-2.96875,-4.47645833333332
UKSG16,United Kingdom,UK,UKH,UKH2,UKH25,Central Bedfordshire,18.4587499999999,0.282499999999998,0.463125,1643.909375,-2.96875,-4.47645833333332
UKSG17,United Kingdom,UK,UKH,UKH2,UKH25,Central Bedfordshire,18.4587499999999,0.282499999999998,0.463125,1643.909375,-2.96875,-4.47645833333332
UKSG18,United Kingdom,UK,UKH,UKH2,UKH25,Central Bedfordshire,18.4587499999999,0.282499999999998,0.463125,1643.909375,-2.96875,-4.47645833333332
UKSG19,United Kingdom,UK,UKH,UKH2,UKH25,Central Bedfordshire,18.4587499999999,0.282499999999998,0.463125,1643.909375,-2.96875,-4.47645833333332
UKSG5,United Kingdom,UK,UKH,UKH2,UKH25,Central Bedfordshire,18.4587499999999,0.282499999999998,0.463125,1643.909375,-2.96875,-4.47645833333332
UKSG7,United Kingdom,UK,UKH,UKH2,UKH25,Central Bedfordshire,18.4587499999999,0.282499999999998,0.463125,1643.909375,-2.96875,-4.47645833333332
UKSG8,United Kingdom,UK,UKH,UKH2,UKH25,Central Bedfordshire,18.4587499999999,0.282499999999998,0.463125,1643.909375,-2.96875,-4.47645833333332
UKSS0,United Kingdom,UK,UKH,UKH3,UKH31,Southend-on-Sea,0,0,0,0,0,0
UKSS1,United Kingdom,UK,UKH,UKH3,UKH31,Southend-on-Sea,0,0,0,0,0,0
UKSS2,United Kingdom,UK,UKH,UKH3,UKH31,Southend-on-Sea,0,0,0,0,0,0
UKSS22,United Kingdom,UK,UKH,UKH3,UKH31,Southend-on-Sea,0,0,0,0,0,0
UKSS3,United Kingdom,UK,UKH,UKH3,UKH31,Southend-on-Sea,0,0,0,0,0,0
UKSS9,United Kingdom,UK,UKH,UKH3,UKH31,Southend-on-Sea,0,0,0,0,0,0
UKSS99,United Kingdom,UK,UKH,UKH3,UKH31,Southend-on-Sea,0,0,0,0,0,0
UKCR3,United Kingdom,UK,UKJ,UKJ2,UKJ26,East Surrey,18.2715625,0.290208333333333,0.484791666666665,1572.8940625,-2.83812499999998,-4.3175
UKCR5,United Kingdom,UK,UKJ,UKJ2,UKJ26,East Surrey,18.2715625,0.290208333333333,0.484791666666665,1572.8940625,-2.83812499999998,-4.3175
UKCR6,United Kingdom,UK,UKJ,UKJ2,UKJ26,East Surrey,18.2715625,0.290208333333333,0.484791666666665,1572.8940625,-2.83812499999998,-4.3175
UKCR8,United Kingdom,UK,UKJ,UKJ2,UKJ26,East Surrey,18.2715625,0.290208333333333,0.484791666666665,1572.8940625,-2.83812499999998,-4.3175
UKKT11,United Kingdom,UK,UKJ,UKJ2,UKJ26,East Surrey,18.2715625,0.290208333333333,0.484791666666665,1572.8940625,-2.83812499999998,-4.3175
UKKT17,United Kingdom,UK,UKJ,UKJ2,UKJ26,East Surrey,18.2715625,0.290208333333333,0.484791666666665,1572.8940625,-2.83812499999998,-4.3175
UKKT18,United Kingdom,UK,UKJ,UKJ2,UKJ26,East Surrey,18.2715625,0.290208333333333,0.484791666666665,1572.8940625,-2.83812499999998,-4.3175
UKKT19,United Kingdom,UK,UKJ,UKJ2,UKJ26,East Surrey,18.2715625,0.290208333333333,0.484791666666665,1572.8940625,-2.83812499999998,-4.3175
UKKT20,United Kingdom,UK,UKJ,UKJ2,UKJ26,East Surrey,18.2715625,0.290208333333333,0.484791666666665,1572.8940625,-2.83812499999998,-4.3175
UKKT21,United Kingdom,UK,UKJ,UKJ2,UKJ26,East Surrey,18.2715625,0.290208333333333,0.484791666666665,1572.8940625,-2.83812499999998,-4.3175
UKKT22,United Kingdom,UK,UKJ,UKJ2,UKJ26,East Surrey,18.2715625,0.290208333333333,0.484791666666665,1572.8940625,-2.83812499999998,-4.3175
UKKT23,United Kingdom,UK,UKJ,UKJ2,UKJ26,East Surrey,18.2715625,0.290208333333333,0.484791666666665,1572.8940625,-2.83812499999998,-4.3175
UKKT4,United Kingdom,UK,UKJ,UKJ2,UKJ26,East Surrey,18.2715625,0.290208333333333,0.484791666666665,1572.8940625,-2.83812499999998,-4.3175
UKRH1,United Kingdom,UK,UKJ,UKJ2,UKJ26,East Surrey,18.2715625,0.290208333333333,0.484791666666665,1572.8940625,-2.83812499999998,-4.3175
UKRH10,United Kingdom,UK,UKJ,UKJ2,UKJ26,East Surrey,18.2715625,0.290208333333333,0.484791666666665,1572.8940625,-2.83812499999998,-4.3175
UKRH12,United Kingdom,UK,UKJ,UKJ2,UKJ26,East Surrey,18.2715625,0.290208333333333,0.484791666666665,1572.8940625,-2.83812499999998,-4.3175
UKRH19,United Kingdom,UK,UKJ,UKJ2,UKJ26,East Surrey,18.2715625,0.290208333333333,0.484791666666665,1572.8940625,-2.83812499999998,-4.3175
UKRH2,United Kingdom,UK,UKJ,UKJ2,UKJ26,East Surrey,18.2715625,0.290208333333333,0.484791666666665,1572.8940625,-2.83812499999998,-4.3175
UKRH3,United Kingdom,UK,UKJ,UKJ2,UKJ26,East Surrey,18.2715625,0.290208333333333,0.484791666666665,1572.8940625,-2.83812499999998,-4.3175
UKRH4,United Kingdom,UK,UKJ,UKJ2,UKJ26,East Surrey,18.2715625,0.290208333333333,0.484791666666665,1572.8940625,-2.83812499999998,-4.3175
UKRH5,United Kingdom,UK,UKJ,UKJ2,UKJ26,East Surrey,18.2715625,0.290208333333333,0.484791666666665,1572.8940625,-2.83812499999998,-4.3175
UKRH6,United Kingdom,UK,UKJ,UKJ2,UKJ26,East Surrey,18.2715625,0.290208333333333,0.484791666666665,1572.8940625,-2.83812499999998,-4.3175
UKRH7,United Kingdom,UK,UKJ,UKJ2,UKJ26,East Surrey,18.2715625,0.290208333333333,0.484791666666665,1572.8940625,-2.83812499999998,-4.3175
UKRH8,United Kingdom,UK,UKJ,UKJ2,UKJ26,East Surrey,18.2715625,0.290208333333333,0.484791666666665,1572.8940625,-2.83812499999998,-4.3175
UKRH9,United Kingdom,UK,UKJ,UKJ2,UKJ26,East Surrey,18.2715625,0.290208333333333,0.484791666666665,1572.8940625,-2.83812499999998,-4.3175
UKSM2,United Kingdom,UK,UKJ,UKJ2,UKJ26,East Surrey,18.2715625,0.290208333333333,0.484791666666665,1572.8940625,-2.83812499999998,-4.3175
UKSM3,United Kingdom,UK,UKJ,UKJ2,UKJ26,East Surrey,18.2715625,0.290208333333333,0.484791666666665,1572.8940625,-2.83812499999998,-4.3175
UKSM7,United Kingdom,UK,UKJ,UKJ2,UKJ26,East Surrey,18.2715625,0.290208333333333,0.484791666666665,1572.8940625,-2.83812499999998,-4.3175
UKTN16,United Kingdom,UK,UKJ,UKJ2,UKJ26,East Surrey,18.2715625,0.290208333333333,0.484791666666665,1572.8940625,-2.83812499999998,-4.3175
UKTN8,United Kingdom,UK,UKJ,UKJ2,UKJ26,East Surrey,18.2715625,0.290208333333333,0.484791666666665,1572.8940625,-2.83812499999998,-4.3175
UKBH1,United Kingdom,UK,UKK,UKK2,UKK21,Bournemouth and Poole,0,0,0,0,0,0
UKBH10,United Kingdom,UK,UKK,UKK2,UKK21,Bournemouth and Poole,0,0,0,0,0,0
UKBH11,United Kingdom,UK,UKK,UKK2,UKK21,Bournemouth and Poole,0,0,0,0,0,0
UKBH12,United Kingdom,UK,UKK,UKK2,UKK21,Bournemouth and Poole,0,0,0,0,0,0
UKBH13,United Kingdom,UK,UKK,UKK2,UKK21,Bournemouth and Poole,0,0,0,0,0,0
UKBH14,United Kingdom,UK,UKK,UKK2,UKK21,Bournemouth and Poole,0,0,0,0,0,0
UKBH15,United Kingdom,UK,UKK,UKK2,UKK21,Bournemouth and Poole,0,0,0,0,0,0
UKBH16,United Kingdom,UK,UKK,UKK2,UKK21,Bournemouth and Poole,0,0,0,0,0,0
UKBH17,United Kingdom,UK,UKK,UKK2,UKK21,Bournemouth and Poole,0,0,0,0,0,0
UKBH18,United Kingdom,UK,UKK,UKK2,UKK21,Bournemouth and Poole,0,0,0,0,0,0
UKBH2,United Kingdom,UK,UKK,UKK2,UKK21,Bournemouth and Poole,0,0,0,0,0,0
UKBH21,United Kingdom,UK,UKK,UKK2,UKK21,Bournemouth and Poole,0,0,0,0,0,0
UKBH3,United Kingdom,UK,UKK,UKK2,UKK21,Bournemouth and Poole,0,0,0,0,0,0
UKBH4,United Kingdom,UK,UKK,UKK2,UKK21,Bournemouth and Poole,0,0,0,0,0,0
UKBH5,United Kingdom,UK,UKK,UKK2,UKK21,Bournemouth and Poole,0,0,0,0,0,0
UKBH6,United Kingdom,UK,UKK,UKK2,UKK21,Bournemouth and Poole,0,0,0,0,0,0
UKBH7,United Kingdom,UK,UKK,UKK2,UKK21,Bournemouth and Poole,0,0,0,0,0,0
UKBH8,United Kingdom,UK,UKK,UKK2,UKK21,Bournemouth and Poole,0,0,0,0,0,0
UKBH9,United Kingdom,UK,UKK,UKK2,UKK21,Bournemouth and Poole,0,0,0,0,0,0
UKPE1,United Kingdom,UK,UKH,UKH1,UKH11,Peterborough,16.94625,0.257499999999998,0.431666666666665,1625.52125,-3.02583333333333,-4.54041666666667
UKPE13,United Kingdom,UK,UKH,UKH1,UKH11,Peterborough,16.94625,0.257499999999998,0.431666666666665,1625.52125,-3.02583333333333,-4.54041666666667
UKPE2,United Kingdom,UK,UKH,UKH1,UKH11,Peterborough,16.94625,0.257499999999998,0.431666666666665,1625.52125,-3.02583333333333,-4.54041666666667
UKPE3,United Kingdom,UK,UKH,UKH1,UKH11,Peterborough,16.94625,0.257499999999998,0.431666666666665,1625.52125,-3.02583333333333,-4.54041666666667
UKPE4,United Kingdom,UK,UKH,UKH1,UKH11,Peterborough,16.94625,0.257499999999998,0.431666666666665,1625.52125,-3.02583333333333,-4.54041666666667
UKPE5,United Kingdom,UK,UKH,UKH1,UKH11,Peterborough,16.94625,0.257499999999998,0.431666666666665,1625.52125,-3.02583333333333,-4.54041666666667
UKPE6,United Kingdom,UK,UKH,UKH1,UKH11,Peterborough,16.94625,0.257499999999998,0.431666666666665,1625.52125,-3.02583333333333,-4.54041666666667
UKPE7,United Kingdom,UK,UKH,UKH1,UKH11,Peterborough,16.94625,0.257499999999998,0.431666666666665,1625.52125,-3.02583333333333,-4.54041666666667
UKPE8,United Kingdom,UK,UKH,UKH1,UKH11,Peterborough,16.94625,0.257499999999998,0.431666666666665,1625.52125,-3.02583333333333,-4.54041666666667
UKPE9,United Kingdom,UK,UKH,UKH1,UKH11,Peterborough,16.94625,0.257499999999998,0.431666666666665,1625.52125,-3.02583333333333,-4.54041666666667
UKCB1,United Kingdom,UK,UKH,UKH1,UKH12,Cambridgeshire CC,19.839125,0.291749999999998,0.471416666666667,1619.23206249999,-3.01245833333333,-4.53425
UKCB10,United Kingdom,UK,UKH,UKH1,UKH12,Cambridgeshire CC,19.839125,0.291749999999998,0.471416666666667,1619.23206249999,-3.01245833333333,-4.53425
UKCB2,United Kingdom,UK,UKH,UKH1,UKH12,Cambridgeshire CC,19.839125,0.291749999999998,0.471416666666667,1619.23206249999,-3.01245833333333,-4.53425
UKCB21,United Kingdom,UK,UKH,UKH1,UKH12,Cambridgeshire CC,19.839125,0.291749999999998,0.471416666666667,1619.23206249999,-3.01245833333333,-4.53425
UKCB22,United Kingdom,UK,UKH,UKH1,UKH12,Cambridgeshire CC,19.839125,0.291749999999998,0.471416666666667,1619.23206249999,-3.01245833333333,-4.53425
UKCB23,United Kingdom,UK,UKH,UKH1,UKH12,Cambridgeshire CC,19.839125,0.291749999999998,0.471416666666667,1619.23206249999,-3.01245833333333,-4.53425
UKCB24,United Kingdom,UK,UKH,UKH1,UKH12,Cambridgeshire CC,19.839125,0.291749999999998,0.471416666666667,1619.23206249999,-3.01245833333333,-4.53425
UKCB25,United Kingdom,UK,UKH,UKH1,UKH12,Cambridgeshire CC,19.839125,0.291749999999998,0.471416666666667,1619.23206249999,-3.01245833333333,-4.53425
UKCB3,United Kingdom,UK,UKH,UKH1,UKH12,Cambridgeshire CC,19.839125,0.291749999999998,0.471416666666667,1619.23206249999,-3.01245833333333,-4.53425
UKCB4,United Kingdom,UK,UKH,UKH1,UKH12,Cambridgeshire CC,19.839125,0.291749999999998,0.471416666666667,1619.23206249999,-3.01245833333333,-4.53425
UKCB5,United Kingdom,UK,UKH,UKH1,UKH12,Cambridgeshire CC,19.839125,0.291749999999998,0.471416666666667,1619.23206249999,-3.01245833333333,-4.53425
UKCB6,United Kingdom,UK,UKH,UKH1,UKH12,Cambridgeshire CC,19.839125,0.291749999999998,0.471416666666667,1619.23206249999,-3.01245833333333,-4.53425
UKCB7,United Kingdom,UK,UKH,UKH1,UKH12,Cambridgeshire CC,19.839125,0.291749999999998,0.471416666666667,1619.23206249999,-3.01245833333333,-4.53425
UKCB8,United Kingdom,UK,UKH,UKH1,UKH12,Cambridgeshire CC,19.839125,0.291749999999998,0.471416666666667,1619.23206249999,-3.01245833333333,-4.53425
UKIP28,United Kingdom,UK,UKH,UKH1,UKH12,Cambridgeshire CC,19.839125,0.291749999999998,0.471416666666667,1619.23206249999,-3.01245833333333,-4.53425
UKMK44,United Kingdom,UK,UKH,UKH1,UKH12,Cambridgeshire CC,19.839125,0.291749999999998,0.471416666666667,1619.23206249999,-3.01245833333333,-4.53425
UKPE12,United Kingdom,UK,UKH,UKH1,UKH12,Cambridgeshire CC,19.839125,0.291749999999998,0.471416666666667,1619.23206249999,-3.01245833333333,-4.53425
UKPE13,United Kingdom,UK,UKH,UKH1,UKH12,Cambridgeshire CC,19.839125,0.291749999999998,0.471416666666667,1619.23206249999,-3.01245833333333,-4.53425
UKPE14,United Kingdom,UK,UKH,UKH1,UKH12,Cambridgeshire CC,19.839125,0.291749999999998,0.471416666666667,1619.23206249999,-3.01245833333333,-4.53425
UKPE15,United Kingdom,UK,UKH,UKH1,UKH12,Cambridgeshire CC,19.839125,0.291749999999998,0.471416666666667,1619.23206249999,-3.01245833333333,-4.53425
UKPE16,United Kingdom,UK,UKH,UKH1,UKH12,Cambridgeshire CC,19.839125,0.291749999999998,0.471416666666667,1619.23206249999,-3.01245833333333,-4.53425
UKPE19,United Kingdom,UK,UKH,UKH1,UKH12,Cambridgeshire CC,19.839125,0.291749999999998,0.471416666666667,1619.23206249999,-3.01245833333333,-4.53425
UKPE2,United Kingdom,UK,UKH,UKH1,UKH12,Cambridgeshire CC,19.839125,0.291749999999998,0.471416666666667,1619.23206249999,-3.01245833333333,-4.53425
UKPE26,United Kingdom,UK,UKH,UKH1,UKH12,Cambridgeshire CC,19.839125,0.291749999999998,0.471416666666667,1619.23206249999,-3.01245833333333,-4.53425
UKPE27,United Kingdom,UK,UKH,UKH1,UKH12,Cambridgeshire CC,19.839125,0.291749999999998,0.471416666666667,1619.23206249999,-3.01245833333333,-4.53425
UKPE28,United Kingdom,UK,UKH,UKH1,UKH12,Cambridgeshire CC,19.839125,0.291749999999998,0.471416666666667,1619.23206249999,-3.01245833333333,-4.53425
UKPE29,United Kingdom,UK,UKH,UKH1,UKH12,Cambridgeshire CC,19.839125,0.291749999999998,0.471416666666667,1619.23206249999,-3.01245833333333,-4.53425
UKPE38,United Kingdom,UK,UKH,UKH1,UKH12,Cambridgeshire CC,19.839125,0.291749999999998,0.471416666666667,1619.23206249999,-3.01245833333333,-4.53425
UKPE7,United Kingdom,UK,UKH,UKH1,UKH12,Cambridgeshire CC,19.839125,0.291749999999998,0.471416666666667,1619.23206249999,-3.01245833333333,-4.53425
UKPE8,United Kingdom,UK,UKH,UKH1,UKH12,Cambridgeshire CC,19.839125,0.291749999999998,0.471416666666667,1619.23206249999,-3.01245833333333,-4.53425
UKSG19,United Kingdom,UK,UKH,UKH1,UKH12,Cambridgeshire CC,19.839125,0.291749999999998,0.471416666666667,1619.23206249999,-3.01245833333333,-4.53425
UKSG7,United Kingdom,UK,UKH,UKH1,UKH12,Cambridgeshire CC,19.839125,0.291749999999998,0.471416666666667,1619.23206249999,-3.01245833333333,-4.53425
UKSG8,United Kingdom,UK,UKH,UKH1,UKH12,Cambridgeshire CC,19.839125,0.291749999999998,0.471416666666667,1619.23206249999,-3.01245833333333,-4.53425
UKE1,United Kingdom,UK,UKI,UKI3,UKI31,Camden and City of London,25.1625,0.341666666666667,0.566666666666667,1521.3525,-2.83833333333333,-4.27333333333332
UKEC1A,United Kingdom,UK,UKI,UKI3,UKI31,Camden and City of London,25.1625,0.341666666666667,0.566666666666667,1521.3525,-2.83833333333333,-4.27333333333332
UKEC1M,United Kingdom,UK,UKI,UKI3,UKI31,Camden and City of London,25.1625,0.341666666666667,0.566666666666667,1521.3525,-2.83833333333333,-4.27333333333332
UKEC1N,United Kingdom,UK,UKI,UKI3,UKI31,Camden and City of London,25.1625,0.341666666666667,0.566666666666667,1521.3525,-2.83833333333333,-4.27333333333332
UKEC1R,United Kingdom,UK,UKI,UKI3,UKI31,Camden and City of London,25.1625,0.341666666666667,0.566666666666667,1521.3525,-2.83833333333333,-4.27333333333332
UKEC1Y,United Kingdom,UK,UKI,UKI3,UKI31,Camden and City of London,25.1625,0.341666666666667,0.566666666666667,1521.3525,-2.83833333333333,-4.27333333333332
UKEC2A,United Kingdom,UK,UKI,UKI3,UKI31,Camden and City of London,25.1625,0.341666666666667,0.566666666666667,1521.3525,-2.83833333333333,-4.27333333333332
UKEC2M,United Kingdom,UK,UKI,UKI3,UKI31,Camden and City of London,25.1625,0.341666666666667,0.566666666666667,1521.3525,-2.83833333333333,-4.27333333333332
UKEC2N,United Kingdom,UK,UKI,UKI3,UKI31,Camden and City of London,25.1625,0.341666666666667,0.566666666666667,1521.3525,-2.83833333333333,-4.27333333333332
UKEC2P,United Kingdom,UK,UKI,UKI3,UKI31,Camden and City of London,25.1625,0.341666666666667,0.566666666666667,1521.3525,-2.83833333333333,-4.27333333333332
UKEC2R,United Kingdom,UK,UKI,UKI3,UKI31,Camden and City of London,25.1625,0.341666666666667,0.566666666666667,1521.3525,-2.83833333333333,-4.27333333333332
UKEC2V,United Kingdom,UK,UKI,UKI3,UKI31,Camden and City of London,25.1625,0.341666666666667,0.566666666666667,1521.3525,-2.83833333333333,-4.27333333333332
UKEC2Y,United Kingdom,UK,UKI,UKI3,UKI31,Camden and City of London,25.1625,0.341666666666667,0.566666666666667,1521.3525,-2.83833333333333,-4.27333333333332
UKEC3A,United Kingdom,UK,UKI,UKI3,UKI31,Camden and City of London,25.1625,0.341666666666667,0.566666666666667,1521.3525,-2.83833333333333,-4.27333333333332
UKEC3M,United Kingdom,UK,UKI,UKI3,UKI31,Camden and City of London,25.1625,0.341666666666667,0.566666666666667,1521.3525,-2.83833333333333,-4.27333333333332
UKEC3N,United Kingdom,UK,UKI,UKI3,UKI31,Camden and City of London,25.1625,0.341666666666667,0.566666666666667,1521.3525,-2.83833333333333,-4.27333333333332
UKEC3P,United Kingdom,UK,UKI,UKI3,UKI31,Camden and City of London,25.1625,0.341666666666667,0.566666666666667,1521.3525,-2.83833333333333,-4.27333333333332
UKEC3R,United Kingdom,UK,UKI,UKI3,UKI31,Camden and City of London,25.1625,0.341666666666667,0.566666666666667,1521.3525,-2.83833333333333,-4.27333333333332
UKEC3V,United Kingdom,UK,UKI,UKI3,UKI31,Camden and City of London,25.1625,0.341666666666667,0.566666666666667,1521.3525,-2.83833333333333,-4.27333333333332
UKEC4A,United Kingdom,UK,UKI,UKI3,UKI31,Camden and City of London,25.1625,0.341666666666667,0.566666666666667,1521.3525,-2.83833333333333,-4.27333333333332
UKEC4M,United Kingdom,UK,UKI,UKI3,UKI31,Camden and City of London,25.1625,0.341666666666667,0.566666666666667,1521.3525,-2.83833333333333,-4.27333333333332
UKEC4N,United Kingdom,UK,UKI,UKI3,UKI31,Camden and City of London,25.1625,0.341666666666667,0.566666666666667,1521.3525,-2.83833333333333,-4.27333333333332
UKEC4R,United Kingdom,UK,UKI,UKI3,UKI31,Camden and City of London,25.1625,0.341666666666667,0.566666666666667,1521.3525,-2.83833333333333,-4.27333333333332
UKEC4V,United Kingdom,UK,UKI,UKI3,UKI31,Camden and City of London,25.1625,0.341666666666667,0.566666666666667,1521.3525,-2.83833333333333,-4.27333333333332
UKEC4Y,United Kingdom,UK,UKI,UKI3,UKI31,Camden and City of London,25.1625,0.341666666666667,0.566666666666667,1521.3525,-2.83833333333333,-4.27333333333332
UKN1,United Kingdom,UK,UKI,UKI3,UKI31,Camden and City of London,25.1625,0.341666666666667,0.566666666666667,1521.3525,-2.83833333333333,-4.27333333333332
UKN19,United Kingdom,UK,UKI,UKI3,UKI31,Camden and City of London,25.1625,0.341666666666667,0.566666666666667,1521.3525,-2.83833333333333,-4.27333333333332
UKN1C,United Kingdom,UK,UKI,UKI3,UKI31,Camden and City of London,25.1625,0.341666666666667,0.566666666666667,1521.3525,-2.83833333333333,-4.27333333333332
UKN6,United Kingdom,UK,UKI,UKI3,UKI31,Camden and City of London,25.1625,0.341666666666667,0.566666666666667,1521.3525,-2.83833333333333,-4.27333333333332
UKN7,United Kingdom,UK,UKI,UKI3,UKI31,Camden and City of London,25.1625,0.341666666666667,0.566666666666667,1521.3525,-2.83833333333333,-4.27333333333332
UKNW1,United Kingdom,UK,UKI,UKI3,UKI31,Camden and City of London,25.1625,0.341666666666667,0.566666666666667,1521.3525,-2.83833333333333,-4.27333333333332
UKNW1W,United Kingdom,UK,UKI,UKI3,UKI31,Camden and City of London,25.1625,0.341666666666667,0.566666666666667,1521.3525,-2.83833333333333,-4.27333333333332
UKNW2,United Kingdom,UK,UKI,UKI3,UKI31,Camden and City of London,25.1625,0.341666666666667,0.566666666666667,1521.3525,-2.83833333333333,-4.27333333333332
UKNW3,United Kingdom,UK,UKI,UKI3,UKI31,Camden and City of London,25.1625,0.341666666666667,0.566666666666667,1521.3525,-2.83833333333333,-4.27333333333332
UKNW5,United Kingdom,UK,UKI,UKI3,UKI31,Camden and City of London,25.1625,0.341666666666667,0.566666666666667,1521.3525,-2.83833333333333,-4.27333333333332
UKNW6,United Kingdom,UK,UKI,UKI3,UKI31,Camden and City of London,25.1625,0.341666666666667,0.566666666666667,1521.3525,-2.83833333333333,-4.27333333333332
UKNW8,United Kingdom,UK,UKI,UKI3,UKI31,Camden and City of London,25.1625,0.341666666666667,0.566666666666667,1521.3525,-2.83833333333333,-4.27333333333332
UKW1T,United Kingdom,UK,UKI,UKI3,UKI31,Camden and City of London,25.1625,0.341666666666667,0.566666666666667,1521.3525,-2.83833333333333,-4.27333333333332
UKW1W,United Kingdom,UK,UKI,UKI3,UKI31,Camden and City of London,25.1625,0.341666666666667,0.566666666666667,1521.3525,-2.83833333333333,-4.27333333333332
UKW9,United Kingdom,UK,UKI,UKI3,UKI31,Camden and City of London,25.1625,0.341666666666667,0.566666666666667,1521.3525,-2.83833333333333,-4.27333333333332
UKWC1A,United Kingdom,UK,UKI,UKI3,UKI31,Camden and City of London,25.1625,0.341666666666667,0.566666666666667,1521.3525,-2.83833333333333,-4.27333333333332
UKWC1B,United Kingdom,UK,UKI,UKI3,UKI31,Camden and City of London,25.1625,0.341666666666667,0.566666666666667,1521.3525,-2.83833333333333,-4.27333333333332
UKWC1E,United Kingdom,UK,UKI,UKI3,UKI31,Camden and City of London,25.1625,0.341666666666667,0.566666666666667,1521.3525,-2.83833333333333,-4.27333333333332
UKWC1H,United Kingdom,UK,UKI,UKI3,UKI31,Camden and City of London,25.1625,0.341666666666667,0.566666666666667,1521.3525,-2.83833333333333,-4.27333333333332
UKWC1N,United Kingdom,UK,UKI,UKI3,UKI31,Camden and City of London,25.1625,0.341666666666667,0.566666666666667,1521.3525,-2.83833333333333,-4.27333333333332
UKWC1R,United Kingdom,UK,UKI,UKI3,UKI31,Camden and City of London,25.1625,0.341666666666667,0.566666666666667,1521.3525,-2.83833333333333,-4.27333333333332
UKWC1V,United Kingdom,UK,UKI,UKI3,UKI31,Camden and City of London,25.1625,0.341666666666667,0.566666666666667,1521.3525,-2.83833333333333,-4.27333333333332
UKWC1X,United Kingdom,UK,UKI,UKI3,UKI31,Camden and City of London,25.1625,0.341666666666667,0.566666666666667,1521.3525,-2.83833333333333,-4.27333333333332
UKWC2A,United Kingdom,UK,UKI,UKI3,UKI31,Camden and City of London,25.1625,0.341666666666667,0.566666666666667,1521.3525,-2.83833333333333,-4.27333333333332
UKWC2B,United Kingdom,UK,UKI,UKI3,UKI31,Camden and City of London,25.1625,0.341666666666667,0.566666666666667,1521.3525,-2.83833333333333,-4.27333333333332
UKWC2H,United Kingdom,UK,UKI,UKI3,UKI31,Camden and City of London,25.1625,0.341666666666667,0.566666666666667,1521.3525,-2.83833333333333,-4.27333333333332
UKE1,United Kingdom,UK,UKI,UKI4,UKI42,Tower Hamlets,25.7574999999999,0.351666666666667,0.578333333333333,1513.26,-2.85333333333332,-4.28833333333333
UKE14,United Kingdom,UK,UKI,UKI4,UKI42,Tower Hamlets,25.7574999999999,0.351666666666667,0.578333333333333,1513.26,-2.85333333333332,-4.28833333333333
UKE1W,United Kingdom,UK,UKI,UKI4,UKI42,Tower Hamlets,25.7574999999999,0.351666666666667,0.578333333333333,1513.26,-2.85333333333332,-4.28833333333333
UKE2,United Kingdom,UK,UKI,UKI4,UKI42,Tower Hamlets,25.7574999999999,0.351666666666667,0.578333333333333,1513.26,-2.85333333333332,-4.28833333333333
UKE3,United Kingdom,UK,UKI,UKI4,UKI42,Tower Hamlets,25.7574999999999,0.351666666666667,0.578333333333333,1513.26,-2.85333333333332,-4.28833333333333
UKE8,United Kingdom,UK,UKI,UKI4,UKI42,Tower Hamlets,25.7574999999999,0.351666666666667,0.578333333333333,1513.26,-2.85333333333332,-4.28833333333333
UKE9,United Kingdom,UK,UKI,UKI4,UKI42,Tower Hamlets,25.7574999999999,0.351666666666667,0.578333333333333,1513.26,-2.85333333333332,-4.28833333333333
UKE98,United Kingdom,UK,UKI,UKI4,UKI42,Tower Hamlets,25.7574999999999,0.351666666666667,0.578333333333333,1513.26,-2.85333333333332,-4.28833333333333
UKEC2M,United Kingdom,UK,UKI,UKI4,UKI42,Tower Hamlets,25.7574999999999,0.351666666666667,0.578333333333333,1513.26,-2.85333333333332,-4.28833333333333
UKEC3N,United Kingdom,UK,UKI,UKI4,UKI42,Tower Hamlets,25.7574999999999,0.351666666666667,0.578333333333333,1513.26,-2.85333333333332,-4.28833333333333
UKEC3R,United Kingdom,UK,UKI,UKI4,UKI42,Tower Hamlets,25.7574999999999,0.351666666666667,0.578333333333333,1513.26,-2.85333333333332,-4.28833333333333
UKBH23,United Kingdom,UK,UKJ,UKJ3,UKJ36,Central Hampshire,13.27833333335,0.237272727273333,0.422222222221667,1568.94037878677,-2.72722222221667,-4.13712121211667
UKBH24,United Kingdom,UK,UKJ,UKJ3,UKJ36,Central Hampshire,13.27833333335,0.237272727273333,0.422222222221667,1568.94037878677,-2.72722222221667,-4.13712121211667
UKBH25,United Kingdom,UK,UKJ,UKJ3,UKJ36,Central Hampshire,13.27833333335,0.237272727273333,0.422222222221667,1568.94037878677,-2.72722222221667,-4.13712121211667
UKBH31,United Kingdom,UK,UKJ,UKJ3,UKJ36,Central Hampshire,13.27833333335,0.237272727273333,0.422222222221667,1568.94037878677,-2.72722222221667,-4.13712121211667
UKGU10,United Kingdom,UK,UKJ,UKJ3,UKJ36,Central Hampshire,13.27833333335,0.237272727273333,0.422222222221667,1568.94037878677,-2.72722222221667,-4.13712121211667
UKGU26,United Kingdom,UK,UKJ,UKJ3,UKJ36,Central Hampshire,13.27833333335,0.237272727273333,0.422222222221667,1568.94037878677,-2.72722222221667,-4.13712121211667
UKGU27,United Kingdom,UK,UKJ,UKJ3,UKJ36,Central Hampshire,13.27833333335,0.237272727273333,0.422222222221667,1568.94037878677,-2.72722222221667,-4.13712121211667
UKGU30,United Kingdom,UK,UKJ,UKJ3,UKJ36,Central Hampshire,13.27833333335,0.237272727273333,0.422222222221667,1568.94037878677,-2.72722222221667,-4.13712121211667
UKGU31,United Kingdom,UK,UKJ,UKJ3,UKJ36,Central Hampshire,13.27833333335,0.237272727273333,0.422222222221667,1568.94037878677,-2.72722222221667,-4.13712121211667
UKGU32,United Kingdom,UK,UKJ,UKJ3,UKJ36,Central Hampshire,13.27833333335,0.237272727273333,0.422222222221667,1568.94037878677,-2.72722222221667,-4.13712121211667
UKGU33,United Kingdom,UK,UKJ,UKJ3,UKJ36,Central Hampshire,13.27833333335,0.237272727273333,0.422222222221667,1568.94037878677,-2.72722222221667,-4.13712121211667
UKGU34,United Kingdom,UK,UKJ,UKJ3,UKJ36,Central Hampshire,13.27833333335,0.237272727273333,0.422222222221667,1568.94037878677,-2.72722222221667,-4.13712121211667
UKGU35,United Kingdom,UK,UKJ,UKJ3,UKJ36,Central Hampshire,13.27833333335,0.237272727273333,0.422222222221667,1568.94037878677,-2.72722222221667,-4.13712121211667
UKPO15,United Kingdom,UK,UKJ,UKJ3,UKJ36,Central Hampshire,13.27833333335,0.237272727273333,0.422222222221667,1568.94037878677,-2.72722222221667,-4.13712121211667
UKPO17,United Kingdom,UK,UKJ,UKJ3,UKJ36,Central Hampshire,13.27833333335,0.237272727273333,0.422222222221667,1568.94037878677,-2.72722222221667,-4.13712121211667
UKPO7,United Kingdom,UK,UKJ,UKJ3,UKJ36,Central Hampshire,13.27833333335,0.237272727273333,0.422222222221667,1568.94037878677,-2.72722222221667,-4.13712121211667
UKPO8,United Kingdom,UK,UKJ,UKJ3,UKJ36,Central Hampshire,13.27833333335,0.237272727273333,0.422222222221667,1568.94037878677,-2.72722222221667,-4.13712121211667
UKPO9,United Kingdom,UK,UKJ,UKJ3,UKJ36,Central Hampshire,13.27833333335,0.237272727273333,0.422222222221667,1568.94037878677,-2.72722222221667,-4.13712121211667
UKRG25,United Kingdom,UK,UKJ,UKJ3,UKJ36,Central Hampshire,13.27833333335,0.237272727273333,0.422222222221667,1568.94037878677,-2.72722222221667,-4.13712121211667
UKRG28,United Kingdom,UK,UKJ,UKJ3,UKJ36,Central Hampshire,13.27833333335,0.237272727273333,0.422222222221667,1568.94037878677,-2.72722222221667,-4.13712121211667
UKRG29,United Kingdom,UK,UKJ,UKJ3,UKJ36,Central Hampshire,13.27833333335,0.237272727273333,0.422222222221667,1568.94037878677,-2.72722222221667,-4.13712121211667
UKSO16,United Kingdom,UK,UKJ,UKJ3,UKJ36,Central Hampshire,13.27833333335,0.237272727273333,0.422222222221667,1568.94037878677,-2.72722222221667,-4.13712121211667
UKSO20,United Kingdom,UK,UKJ,UKJ3,UKJ36,Central Hampshire,13.27833333335,0.237272727273333,0.422222222221667,1568.94037878677,-2.72722222221667,-4.13712121211667
UKSO21,United Kingdom,UK,UKJ,UKJ3,UKJ36,Central Hampshire,13.27833333335,0.237272727273333,0.422222222221667,1568.94037878677,-2.72722222221667,-4.13712121211667
UKSO22,United Kingdom,UK,UKJ,UKJ3,UKJ36,Central Hampshire,13.27833333335,0.237272727273333,0.422222222221667,1568.94037878677,-2.72722222221667,-4.13712121211667
UKSO23,United Kingdom,UK,UKJ,UKJ3,UKJ36,Central Hampshire,13.27833333335,0.237272727273333,0.422222222221667,1568.94037878677,-2.72722222221667,-4.13712121211667
UKSO24,United Kingdom,UK,UKJ,UKJ3,UKJ36,Central Hampshire,13.27833333335,0.237272727273333,0.422222222221667,1568.94037878677,-2.72722222221667,-4.13712121211667
UKSO25,United Kingdom,UK,UKJ,UKJ3,UKJ36,Central Hampshire,13.27833333335,0.237272727273333,0.422222222221667,1568.94037878677,-2.72722222221667,-4.13712121211667
UKSO30,United Kingdom,UK,UKJ,UKJ3,UKJ36,Central Hampshire,13.27833333335,0.237272727273333,0.422222222221667,1568.94037878677,-2.72722222221667,-4.13712121211667
UKSO32,United Kingdom,UK,UKJ,UKJ3,UKJ36,Central Hampshire,13.27833333335,0.237272727273333,0.422222222221667,1568.94037878677,-2.72722222221667,-4.13712121211667
UKSO40,United Kingdom,UK,UKJ,UKJ3,UKJ36,Central Hampshire,13.27833333335,0.237272727273333,0.422222222221667,1568.94037878677,-2.72722222221667,-4.13712121211667
UKSO41,United Kingdom,UK,UKJ,UKJ3,UKJ36,Central Hampshire,13.27833333335,0.237272727273333,0.422222222221667,1568.94037878677,-2.72722222221667,-4.13712121211667
UKSO42,United Kingdom,UK,UKJ,UKJ3,UKJ36,Central Hampshire,13.27833333335,0.237272727273333,0.422222222221667,1568.94037878677,-2.72722222221667,-4.13712121211667
UKSO43,United Kingdom,UK,UKJ,UKJ3,UKJ36,Central Hampshire,13.27833333335,0.237272727273333,0.422222222221667,1568.94037878677,-2.72722222221667,-4.13712121211667
UKSO45,United Kingdom,UK,UKJ,UKJ3,UKJ36,Central Hampshire,13.27833333335,0.237272727273333,0.422222222221667,1568.94037878677,-2.72722222221667,-4.13712121211667
UKSO50,United Kingdom,UK,UKJ,UKJ3,UKJ36,Central Hampshire,13.27833333335,0.237272727273333,0.422222222221667,1568.94037878677,-2.72722222221667,-4.13712121211667
UKSO51,United Kingdom,UK,UKJ,UKJ3,UKJ36,Central Hampshire,13.27833333335,0.237272727273333,0.422222222221667,1568.94037878677,-2.72722222221667,-4.13712121211667
UKSO52,United Kingdom,UK,UKJ,UKJ3,UKJ36,Central Hampshire,13.27833333335,0.237272727273333,0.422222222221667,1568.94037878677,-2.72722222221667,-4.13712121211667
UKSO53,United Kingdom,UK,UKJ,UKJ3,UKJ36,Central Hampshire,13.27833333335,0.237272727273333,0.422222222221667,1568.94037878677,-2.72722222221667,-4.13712121211667
UKSP10,United Kingdom,UK,UKJ,UKJ3,UKJ36,Central Hampshire,13.27833333335,0.237272727273333,0.422222222221667,1568.94037878677,-2.72722222221667,-4.13712121211667
UKSP11,United Kingdom,UK,UKJ,UKJ3,UKJ36,Central Hampshire,13.27833333335,0.237272727273333,0.422222222221667,1568.94037878677,-2.72722222221667,-4.13712121211667
UKSP4,United Kingdom,UK,UKJ,UKJ3,UKJ36,Central Hampshire,13.27833333335,0.237272727273333,0.422222222221667,1568.94037878677,-2.72722222221667,-4.13712121211667
UKSP5,United Kingdom,UK,UKJ,UKJ3,UKJ36,Central Hampshire,13.27833333335,0.237272727273333,0.422222222221667,1568.94037878677,-2.72722222221667,-4.13712121211667
UKSP6,United Kingdom,UK,UKJ,UKJ3,UKJ36,Central Hampshire,13.27833333335,0.237272727273333,0.422222222221667,1568.94037878677,-2.72722222221667,-4.13712121211667
UKSP9,United Kingdom,UK,UKJ,UKJ3,UKJ36,Central Hampshire,13.27833333335,0.237272727273333,0.422222222221667,1568.94037878677,-2.72722222221667,-4.13712121211667
UKEN1,United Kingdom,UK,UKI,UKI5,UKI54,Enfield,24.21375,0.339166666666667,0.5475,1548.7,-2.9,-4.36499999999998
UKEN2,United Kingdom,UK,UKI,UKI5,UKI54,Enfield,24.21375,0.339166666666667,0.5475,1548.7,-2.9,-4.36499999999998
UKEN3,United Kingdom,UK,UKI,UKI5,UKI54,Enfield,24.21375,0.339166666666667,0.5475,1548.7,-2.9,-4.36499999999998
UKEN4,United Kingdom,UK,UKI,UKI5,UKI54,Enfield,24.21375,0.339166666666667,0.5475,1548.7,-2.9,-4.36499999999998
UKEN6,United Kingdom,UK,UKI,UKI5,UKI54,Enfield,24.21375,0.339166666666667,0.5475,1548.7,-2.9,-4.36499999999998
UKEN7,United Kingdom,UK,UKI,UKI5,UKI54,Enfield,24.21375,0.339166666666667,0.5475,1548.7,-2.9,-4.36499999999998
UKEN8,United Kingdom,UK,UKI,UKI5,UKI54,Enfield,24.21375,0.339166666666667,0.5475,1548.7,-2.9,-4.36499999999998
UKEN9,United Kingdom,UK,UKI,UKI5,UKI54,Enfield,24.21375,0.339166666666667,0.5475,1548.7,-2.9,-4.36499999999998
UKN11,United Kingdom,UK,UKI,UKI5,UKI54,Enfield,24.21375,0.339166666666667,0.5475,1548.7,-2.9,-4.36499999999998
UKN13,United Kingdom,UK,UKI,UKI5,UKI54,Enfield,24.21375,0.339166666666667,0.5475,1548.7,-2.9,-4.36499999999998
UKN14,United Kingdom,UK,UKI,UKI5,UKI54,Enfield,24.21375,0.339166666666667,0.5475,1548.7,-2.9,-4.36499999999998
UKN17,United Kingdom,UK,UKI,UKI5,UKI54,Enfield,24.21375,0.339166666666667,0.5475,1548.7,-2.9,-4.36499999999998
UKN18,United Kingdom,UK,UKI,UKI5,UKI54,Enfield,24.21375,0.339166666666667,0.5475,1548.7,-2.9,-4.36499999999998
UKN21,United Kingdom,UK,UKI,UKI5,UKI54,Enfield,24.21375,0.339166666666667,0.5475,1548.7,-2.9,-4.36499999999998
UKN22,United Kingdom,UK,UKI,UKI5,UKI54,Enfield,24.21375,0.339166666666667,0.5475,1548.7,-2.9,-4.36499999999998
UKN9,United Kingdom,UK,UKI,UKI5,UKI54,Enfield,24.21375,0.339166666666667,0.5475,1548.7,-2.9,-4.36499999999998
UKBR1,United Kingdom,UK,UKI,UKI6,UKI61,Bromley,20.14375,0.3125,0.508333333333333,1583.24875,-2.89749999999998,-4.38166666666665
UKBR2,United Kingdom,UK,UKI,UKI6,UKI61,Bromley,20.14375,0.3125,0.508333333333333,1583.24875,-2.89749999999998,-4.38166666666665
UKBR3,United Kingdom,UK,UKI,UKI6,UKI61,Bromley,20.14375,0.3125,0.508333333333333,1583.24875,-2.89749999999998,-4.38166666666665
UKBR4,United Kingdom,UK,UKI,UKI6,UKI61,Bromley,20.14375,0.3125,0.508333333333333,1583.24875,-2.89749999999998,-4.38166666666665
UKBR5,United Kingdom,UK,UKI,UKI6,UKI61,Bromley,20.14375,0.3125,0.508333333333333,1583.24875,-2.89749999999998,-4.38166666666665
UKBR6,United Kingdom,UK,UKI,UKI6,UKI61,Bromley,20.14375,0.3125,0.508333333333333,1583.24875,-2.89749999999998,-4.38166666666665
UKBR7,United Kingdom,UK,UKI,UKI6,UKI61,Bromley,20.14375,0.3125,0.508333333333333,1583.24875,-2.89749999999998,-4.38166666666665
UKBR8,United Kingdom,UK,UKI,UKI6,UKI61,Bromley,20.14375,0.3125,0.508333333333333,1583.24875,-2.89749999999998,-4.38166666666665
UKCR6,United Kingdom,UK,UKI,UKI6,UKI61,Bromley,20.14375,0.3125,0.508333333333333,1583.24875,-2.89749999999998,-4.38166666666665
UKDA14,United Kingdom,UK,UKI,UKI6,UKI61,Bromley,20.14375,0.3125,0.508333333333333,1583.24875,-2.89749999999998,-4.38166666666665
UKSE12,United Kingdom,UK,UKI,UKI6,UKI61,Bromley,20.14375,0.3125,0.508333333333333,1583.24875,-2.89749999999998,-4.38166666666665
UKSE19,United Kingdom,UK,UKI,UKI6,UKI61,Bromley,20.14375,0.3125,0.508333333333333,1583.24875,-2.89749999999998,-4.38166666666665
UKSE20,United Kingdom,UK,UKI,UKI6,UKI61,Bromley,20.14375,0.3125,0.508333333333333,1583.24875,-2.89749999999998,-4.38166666666665
UKSE26,United Kingdom,UK,UKI,UKI6,UKI61,Bromley,20.14375,0.3125,0.508333333333333,1583.24875,-2.89749999999998,-4.38166666666665
UKSE9,United Kingdom,UK,UKI,UKI6,UKI61,Bromley,20.14375,0.3125,0.508333333333333,1583.24875,-2.89749999999998,-4.38166666666665
UKTN14,United Kingdom,UK,UKI,UKI6,UKI61,Bromley,20.14375,0.3125,0.508333333333333,1583.24875,-2.89749999999998,-4.38166666666665
UKTN16,United Kingdom,UK,UKI,UKI6,UKI61,Bromley,20.14375,0.3125,0.508333333333333,1583.24875,-2.89749999999998,-4.38166666666665
UKNR1,United Kingdom,UK,UKH,UKH1,UKH15,Norwich and East Norfolk,8.46307692307247,0.171282051281665,0.279615384615,1579.84346153992,-3.09717948718333,-4.62346153846665
UKNR10,United Kingdom,UK,UKH,UKH1,UKH15,Norwich and East Norfolk,8.46307692307247,0.171282051281665,0.279615384615,1579.84346153992,-3.09717948718333,-4.62346153846665
UKNR11,United Kingdom,UK,UKH,UKH1,UKH15,Norwich and East Norfolk,8.46307692307247,0.171282051281665,0.279615384615,1579.84346153992,-3.09717948718333,-4.62346153846665
UKNR12,United Kingdom,UK,UKH,UKH1,UKH15,Norwich and East Norfolk,8.46307692307247,0.171282051281665,0.279615384615,1579.84346153992,-3.09717948718333,-4.62346153846665
UKNR13,United Kingdom,UK,UKH,UKH1,UKH15,Norwich and East Norfolk,8.46307692307247,0.171282051281665,0.279615384615,1579.84346153992,-3.09717948718333,-4.62346153846665
UKNR14,United Kingdom,UK,UKH,UKH1,UKH15,Norwich and East Norfolk,8.46307692307247,0.171282051281665,0.279615384615,1579.84346153992,-3.09717948718333,-4.62346153846665
UKNR2,United Kingdom,UK,UKH,UKH1,UKH15,Norwich and East Norfolk,8.46307692307247,0.171282051281665,0.279615384615,1579.84346153992,-3.09717948718333,-4.62346153846665
UKNR20,United Kingdom,UK,UKH,UKH1,UKH15,Norwich and East Norfolk,8.46307692307247,0.171282051281665,0.279615384615,1579.84346153992,-3.09717948718333,-4.62346153846665
UKNR29,United Kingdom,UK,UKH,UKH1,UKH15,Norwich and East Norfolk,8.46307692307247,0.171282051281665,0.279615384615,1579.84346153992,-3.09717948718333,-4.62346153846665
UKNR3,United Kingdom,UK,UKH,UKH1,UKH15,Norwich and East Norfolk,8.46307692307247,0.171282051281665,0.279615384615,1579.84346153992,-3.09717948718333,-4.62346153846665
UKNR30,United Kingdom,UK,UKH,UKH1,UKH15,Norwich and East Norfolk,8.46307692307247,0.171282051281665,0.279615384615,1579.84346153992,-3.09717948718333,-4.62346153846665
UKNR31,United Kingdom,UK,UKH,UKH1,UKH15,Norwich and East Norfolk,8.46307692307247,0.171282051281665,0.279615384615,1579.84346153992,-3.09717948718333,-4.62346153846665
UKNR4,United Kingdom,UK,UKH,UKH1,UKH15,Norwich and East Norfolk,8.46307692307247,0.171282051281665,0.279615384615,1579.84346153992,-3.09717948718333,-4.62346153846665
UKNR5,United Kingdom,UK,UKH,UKH1,UKH15,Norwich and East Norfolk,8.46307692307247,0.171282051281665,0.279615384615,1579.84346153992,-3.09717948718333,-4.62346153846665
UKNR6,United Kingdom,UK,UKH,UKH1,UKH15,Norwich and East Norfolk,8.46307692307247,0.171282051281665,0.279615384615,1579.84346153992,-3.09717948718333,-4.62346153846665
UKNR7,United Kingdom,UK,UKH,UKH1,UKH15,Norwich and East Norfolk,8.46307692307247,0.171282051281665,0.279615384615,1579.84346153992,-3.09717948718333,-4.62346153846665
UKNR8,United Kingdom,UK,UKH,UKH1,UKH15,Norwich and East Norfolk,8.46307692307247,0.171282051281665,0.279615384615,1579.84346153992,-3.09717948718333,-4.62346153846665
UKNR9,United Kingdom,UK,UKH,UKH1,UKH15,Norwich and East Norfolk,8.46307692307247,0.171282051281665,0.279615384615,1579.84346153992,-3.09717948718333,-4.62346153846665
UKNR99,United Kingdom,UK,UKH,UKH1,UKH15,Norwich and East Norfolk,8.46307692307247,0.171282051281665,0.279615384615,1579.84346153992,-3.09717948718333,-4.62346153846665
UKHA0,United Kingdom,UK,UKI,UKI7,UKI72,Brent,27.3525,0.361666666666665,0.606666666666665,1514.2525,-2.805,-4.21833333333332
UKHA1,United Kingdom,UK,UKI,UKI7,UKI72,Brent,27.3525,0.361666666666665,0.606666666666665,1514.2525,-2.805,-4.21833333333332
UKHA3,United Kingdom,UK,UKI,UKI7,UKI72,Brent,27.3525,0.361666666666665,0.606666666666665,1514.2525,-2.805,-4.21833333333332
UKHA7,United Kingdom,UK,UKI,UKI7,UKI72,Brent,27.3525,0.361666666666665,0.606666666666665,1514.2525,-2.805,-4.21833333333332
UKHA8,United Kingdom,UK,UKI,UKI7,UKI72,Brent,27.3525,0.361666666666665,0.606666666666665,1514.2525,-2.805,-4.21833333333332
UKHA9,United Kingdom,UK,UKI,UKI7,UKI72,Brent,27.3525,0.361666666666665,0.606666666666665,1514.2525,-2.805,-4.21833333333332
UKN8,United Kingdom,UK,UKI,UKI7,UKI72,Brent,27.3525,0.361666666666665,0.606666666666665,1514.2525,-2.805,-4.21833333333332
UKNW10,United Kingdom,UK,UKI,UKI7,UKI72,Brent,27.3525,0.361666666666665,0.606666666666665,1514.2525,-2.805,-4.21833333333332
UKNW2,United Kingdom,UK,UKI,UKI7,UKI72,Brent,27.3525,0.361666666666665,0.606666666666665,1514.2525,-2.805,-4.21833333333332
UKNW26,United Kingdom,UK,UKI,UKI7,UKI72,Brent,27.3525,0.361666666666665,0.606666666666665,1514.2525,-2.805,-4.21833333333332
UKNW6,United Kingdom,UK,UKI,UKI7,UKI72,Brent,27.3525,0.361666666666665,0.606666666666665,1514.2525,-2.805,-4.21833333333332
UKNW8,United Kingdom,UK,UKI,UKI7,UKI72,Brent,27.3525,0.361666666666665,0.606666666666665,1514.2525,-2.805,-4.21833333333332
UKNW9,United Kingdom,UK,UKI,UKI7,UKI72,Brent,27.3525,0.361666666666665,0.606666666666665,1514.2525,-2.805,-4.21833333333332
UKUB6,United Kingdom,UK,UKI,UKI7,UKI72,Brent,27.3525,0.361666666666665,0.606666666666665,1514.2525,-2.805,-4.21833333333332
UKW10,United Kingdom,UK,UKI,UKI7,UKI72,Brent,27.3525,0.361666666666665,0.606666666666665,1514.2525,-2.805,-4.21833333333332
UKW9,United Kingdom,UK,UKI,UKI7,UKI72,Brent,27.3525,0.361666666666665,0.606666666666665,1514.2525,-2.805,-4.21833333333332
UKCT4,United Kingdom,UK,UKJ,UKJ4,UKJ45,Mid Kent,13.353653846145,0.24141025641,0.396282051281667,1560.39403846009,-2.92653846153332,-4.40525641025
UKME13,United Kingdom,UK,UKJ,UKJ4,UKJ45,Mid Kent,13.353653846145,0.24141025641,0.396282051281667,1560.39403846009,-2.92653846153332,-4.40525641025
UKME14,United Kingdom,UK,UKJ,UKJ4,UKJ45,Mid Kent,13.353653846145,0.24141025641,0.396282051281667,1560.39403846009,-2.92653846153332,-4.40525641025
UKME15,United Kingdom,UK,UKJ,UKJ4,UKJ45,Mid Kent,13.353653846145,0.24141025641,0.396282051281667,1560.39403846009,-2.92653846153332,-4.40525641025
UKME16,United Kingdom,UK,UKJ,UKJ4,UKJ45,Mid Kent,13.353653846145,0.24141025641,0.396282051281667,1560.39403846009,-2.92653846153332,-4.40525641025
UKME17,United Kingdom,UK,UKJ,UKJ4,UKJ45,Mid Kent,13.353653846145,0.24141025641,0.396282051281667,1560.39403846009,-2.92653846153332,-4.40525641025
UKME18,United Kingdom,UK,UKJ,UKJ4,UKJ45,Mid Kent,13.353653846145,0.24141025641,0.396282051281667,1560.39403846009,-2.92653846153332,-4.40525641025
UKME20,United Kingdom,UK,UKJ,UKJ4,UKJ45,Mid Kent,13.353653846145,0.24141025641,0.396282051281667,1560.39403846009,-2.92653846153332,-4.40525641025
UKME5,United Kingdom,UK,UKJ,UKJ4,UKJ45,Mid Kent,13.353653846145,0.24141025641,0.396282051281667,1560.39403846009,-2.92653846153332,-4.40525641025
UKME7,United Kingdom,UK,UKJ,UKJ4,UKJ45,Mid Kent,13.353653846145,0.24141025641,0.396282051281667,1560.39403846009,-2.92653846153332,-4.40525641025
UKME9,United Kingdom,UK,UKJ,UKJ4,UKJ45,Mid Kent,13.353653846145,0.24141025641,0.396282051281667,1560.39403846009,-2.92653846153332,-4.40525641025
UKME99,United Kingdom,UK,UKJ,UKJ4,UKJ45,Mid Kent,13.353653846145,0.24141025641,0.396282051281667,1560.39403846009,-2.92653846153332,-4.40525641025
UKTN12,United Kingdom,UK,UKJ,UKJ4,UKJ45,Mid Kent,13.353653846145,0.24141025641,0.396282051281667,1560.39403846009,-2.92653846153332,-4.40525641025
UKTN17,United Kingdom,UK,UKJ,UKJ4,UKJ45,Mid Kent,13.353653846145,0.24141025641,0.396282051281667,1560.39403846009,-2.92653846153332,-4.40525641025
UKTN18,United Kingdom,UK,UKJ,UKJ4,UKJ45,Mid Kent,13.353653846145,0.24141025641,0.396282051281667,1560.39403846009,-2.92653846153332,-4.40525641025
UKTN23,United Kingdom,UK,UKJ,UKJ4,UKJ45,Mid Kent,13.353653846145,0.24141025641,0.396282051281667,1560.39403846009,-2.92653846153332,-4.40525641025
UKTN24,United Kingdom,UK,UKJ,UKJ4,UKJ45,Mid Kent,13.353653846145,0.24141025641,0.396282051281667,1560.39403846009,-2.92653846153332,-4.40525641025
UKTN25,United Kingdom,UK,UKJ,UKJ4,UKJ45,Mid Kent,13.353653846145,0.24141025641,0.396282051281667,1560.39403846009,-2.92653846153332,-4.40525641025
UKTN26,United Kingdom,UK,UKJ,UKJ4,UKJ45,Mid Kent,13.353653846145,0.24141025641,0.396282051281667,1560.39403846009,-2.92653846153332,-4.40525641025
UKTN27,United Kingdom,UK,UKJ,UKJ4,UKJ45,Mid Kent,13.353653846145,0.24141025641,0.396282051281667,1560.39403846009,-2.92653846153332,-4.40525641025
UKTN30,United Kingdom,UK,UKJ,UKJ4,UKJ45,Mid Kent,13.353653846145,0.24141025641,0.396282051281667,1560.39403846009,-2.92653846153332,-4.40525641025
UKBN1,United Kingdom,UK,UKJ,UKJ2,UKJ22,East Sussex CC,10.80291666667,0.210833333333333,0.377152777778333,1515.19687499678,-2.90763888888333,-4.41909722221665
UKBN10,United Kingdom,UK,UKJ,UKJ2,UKJ22,East Sussex CC,10.80291666667,0.210833333333333,0.377152777778333,1515.19687499678,-2.90763888888333,-4.41909722221665
UKBN2,United Kingdom,UK,UKJ,UKJ2,UKJ22,East Sussex CC,10.80291666667,0.210833333333333,0.377152777778333,1515.19687499678,-2.90763888888333,-4.41909722221665
UKBN20,United Kingdom,UK,UKJ,UKJ2,UKJ22,East Sussex CC,10.80291666667,0.210833333333333,0.377152777778333,1515.19687499678,-2.90763888888333,-4.41909722221665
UKBN21,United Kingdom,UK,UKJ,UKJ2,UKJ22,East Sussex CC,10.80291666667,0.210833333333333,0.377152777778333,1515.19687499678,-2.90763888888333,-4.41909722221665
UKBN22,United Kingdom,UK,UKJ,UKJ2,UKJ22,East Sussex CC,10.80291666667,0.210833333333333,0.377152777778333,1515.19687499678,-2.90763888888333,-4.41909722221665
UKBN23,United Kingdom,UK,UKJ,UKJ2,UKJ22,East Sussex CC,10.80291666667,0.210833333333333,0.377152777778333,1515.19687499678,-2.90763888888333,-4.41909722221665
UKBN24,United Kingdom,UK,UKJ,UKJ2,UKJ22,East Sussex CC,10.80291666667,0.210833333333333,0.377152777778333,1515.19687499678,-2.90763888888333,-4.41909722221665
UKBN25,United Kingdom,UK,UKJ,UKJ2,UKJ22,East Sussex CC,10.80291666667,0.210833333333333,0.377152777778333,1515.19687499678,-2.90763888888333,-4.41909722221665
UKBN26,United Kingdom,UK,UKJ,UKJ2,UKJ22,East Sussex CC,10.80291666667,0.210833333333333,0.377152777778333,1515.19687499678,-2.90763888888333,-4.41909722221665
UKBN27,United Kingdom,UK,UKJ,UKJ2,UKJ22,East Sussex CC,10.80291666667,0.210833333333333,0.377152777778333,1515.19687499678,-2.90763888888333,-4.41909722221665
UKBN6,United Kingdom,UK,UKJ,UKJ2,UKJ22,East Sussex CC,10.80291666667,0.210833333333333,0.377152777778333,1515.19687499678,-2.90763888888333,-4.41909722221665
UKBN7,United Kingdom,UK,UKJ,UKJ2,UKJ22,East Sussex CC,10.80291666667,0.210833333333333,0.377152777778333,1515.19687499678,-2.90763888888333,-4.41909722221665
UKBN8,United Kingdom,UK,UKJ,UKJ2,UKJ22,East Sussex CC,10.80291666667,0.210833333333333,0.377152777778333,1515.19687499678,-2.90763888888333,-4.41909722221665
UKBN9,United Kingdom,UK,UKJ,UKJ2,UKJ22,East Sussex CC,10.80291666667,0.210833333333333,0.377152777778333,1515.19687499678,-2.90763888888333,-4.41909722221665
UKRH15,United Kingdom,UK,UKJ,UKJ2,UKJ22,East Sussex CC,10.80291666667,0.210833333333333,0.377152777778333,1515.19687499678,-2.90763888888333,-4.41909722221665
UKRH16,United Kingdom,UK,UKJ,UKJ2,UKJ22,East Sussex CC,10.80291666667,0.210833333333333,0.377152777778333,1515.19687499678,-2.90763888888333,-4.41909722221665
UKRH17,United Kingdom,UK,UKJ,UKJ2,UKJ22,East Sussex CC,10.80291666667,0.210833333333333,0.377152777778333,1515.19687499678,-2.90763888888333,-4.41909722221665
UKRH18,United Kingdom,UK,UKJ,UKJ2,UKJ22,East Sussex CC,10.80291666667,0.210833333333333,0.377152777778333,1515.19687499678,-2.90763888888333,-4.41909722221665
UKRH19,United Kingdom,UK,UKJ,UKJ2,UKJ22,East Sussex CC,10.80291666667,0.210833333333333,0.377152777778333,1515.19687499678,-2.90763888888333,-4.41909722221665
UKTN18,United Kingdom,UK,UKJ,UKJ2,UKJ22,East Sussex CC,10.80291666667,0.210833333333333,0.377152777778333,1515.19687499678,-2.90763888888333,-4.41909722221665
UKTN19,United Kingdom,UK,UKJ,UKJ2,UKJ22,East Sussex CC,10.80291666667,0.210833333333333,0.377152777778333,1515.19687499678,-2.90763888888333,-4.41909722221665
UKTN2,United Kingdom,UK,UKJ,UKJ2,UKJ22,East Sussex CC,10.80291666667,0.210833333333333,0.377152777778333,1515.19687499678,-2.90763888888333,-4.41909722221665
UKTN20,United Kingdom,UK,UKJ,UKJ2,UKJ22,East Sussex CC,10.80291666667,0.210833333333333,0.377152777778333,1515.19687499678,-2.90763888888333,-4.41909722221665
UKTN21,United Kingdom,UK,UKJ,UKJ2,UKJ22,East Sussex CC,10.80291666667,0.210833333333333,0.377152777778333,1515.19687499678,-2.90763888888333,-4.41909722221665
UKTN22,United Kingdom,UK,UKJ,UKJ2,UKJ22,East Sussex CC,10.80291666667,0.210833333333333,0.377152777778333,1515.19687499678,-2.90763888888333,-4.41909722221665
UKTN3,United Kingdom,UK,UKJ,UKJ2,UKJ22,East Sussex CC,10.80291666667,0.210833333333333,0.377152777778333,1515.19687499678,-2.90763888888333,-4.41909722221665
UKTN31,United Kingdom,UK,UKJ,UKJ2,UKJ22,East Sussex CC,10.80291666667,0.210833333333333,0.377152777778333,1515.19687499678,-2.90763888888333,-4.41909722221665
UKTN32,United Kingdom,UK,UKJ,UKJ2,UKJ22,East Sussex CC,10.80291666667,0.210833333333333,0.377152777778333,1515.19687499678,-2.90763888888333,-4.41909722221665
UKTN33,United Kingdom,UK,UKJ,UKJ2,UKJ22,East Sussex CC,10.80291666667,0.210833333333333,0.377152777778333,1515.19687499678,-2.90763888888333,-4.41909722221665
UKTN34,United Kingdom,UK,UKJ,UKJ2,UKJ22,East Sussex CC,10.80291666667,0.210833333333333,0.377152777778333,1515.19687499678,-2.90763888888333,-4.41909722221665
UKTN35,United Kingdom,UK,UKJ,UKJ2,UKJ22,East Sussex CC,10.80291666667,0.210833333333333,0.377152777778333,1515.19687499678,-2.90763888888333,-4.41909722221665
UKTN36,United Kingdom,UK,UKJ,UKJ2,UKJ22,East Sussex CC,10.80291666667,0.210833333333333,0.377152777778333,1515.19687499678,-2.90763888888333,-4.41909722221665
UKTN37,United Kingdom,UK,UKJ,UKJ2,UKJ22,East Sussex CC,10.80291666667,0.210833333333333,0.377152777778333,1515.19687499678,-2.90763888888333,-4.41909722221665
UKTN38,United Kingdom,UK,UKJ,UKJ2,UKJ22,East Sussex CC,10.80291666667,0.210833333333333,0.377152777778333,1515.19687499678,-2.90763888888333,-4.41909722221665
UKTN39,United Kingdom,UK,UKJ,UKJ2,UKJ22,East Sussex CC,10.80291666667,0.210833333333333,0.377152777778333,1515.19687499678,-2.90763888888333,-4.41909722221665
UKTN40,United Kingdom,UK,UKJ,UKJ2,UKJ22,East Sussex CC,10.80291666667,0.210833333333333,0.377152777778333,1515.19687499678,-2.90763888888333,-4.41909722221665
UKTN5,United Kingdom,UK,UKJ,UKJ2,UKJ22,East Sussex CC,10.80291666667,0.210833333333333,0.377152777778333,1515.19687499678,-2.90763888888333,-4.41909722221665
UKTN6,United Kingdom,UK,UKJ,UKJ2,UKJ22,East Sussex CC,10.80291666667,0.210833333333333,0.377152777778333,1515.19687499678,-2.90763888888333,-4.41909722221665
UKTN7,United Kingdom,UK,UKJ,UKJ2,UKJ22,East Sussex CC,10.80291666667,0.210833333333333,0.377152777778333,1515.19687499678,-2.90763888888333,-4.41909722221665
UKTN8,United Kingdom,UK,UKJ,UKJ2,UKJ22,East Sussex CC,10.80291666667,0.210833333333333,0.377152777778333,1515.19687499678,-2.90763888888333,-4.41909722221665
UKAB30,United Kingdom,UK,UKM,UKM7,UKM71,Angus and Dundee City,0.1805645161291,0.0044623655914,0.0224731182795,2008.67290322883,-3.83182795698332,-5.41860215053333
UKDD1,United Kingdom,UK,UKM,UKM7,UKM71,Angus and Dundee City,0.1805645161291,0.0044623655914,0.0224731182795,2008.67290322883,-3.83182795698332,-5.41860215053333
UKDD10,United Kingdom,UK,UKM,UKM7,UKM71,Angus and Dundee City,0.1805645161291,0.0044623655914,0.0224731182795,2008.67290322883,-3.83182795698332,-5.41860215053333
UKDD11,United Kingdom,UK,UKM,UKM7,UKM71,Angus and Dundee City,0.1805645161291,0.0044623655914,0.0224731182795,2008.67290322883,-3.83182795698332,-5.41860215053333
UKDD2,United Kingdom,UK,UKM,UKM7,UKM71,Angus and Dundee City,0.1805645161291,0.0044623655914,0.0224731182795,2008.67290322883,-3.83182795698332,-5.41860215053333
UKDD3,United Kingdom,UK,UKM,UKM7,UKM71,Angus and Dundee City,0.1805645161291,0.0044623655914,0.0224731182795,2008.67290322883,-3.83182795698332,-5.41860215053333
UKDD4,United Kingdom,UK,UKM,UKM7,UKM71,Angus and Dundee City,0.1805645161291,0.0044623655914,0.0224731182795,2008.67290322883,-3.83182795698332,-5.41860215053333
UKDD5,United Kingdom,UK,UKM,UKM7,UKM71,Angus and Dundee City,0.1805645161291,0.0044623655914,0.0224731182795,2008.67290322883,-3.83182795698332,-5.41860215053333
UKDD7,United Kingdom,UK,UKM,UKM7,UKM71,Angus and Dundee City,0.1805645161291,0.0044623655914,0.0224731182795,2008.67290322883,-3.83182795698332,-5.41860215053333
UKDD8,United Kingdom,UK,UKM,UKM7,UKM71,Angus and Dundee City,0.1805645161291,0.0044623655914,0.0224731182795,2008.67290322883,-3.83182795698332,-5.41860215053333
UKDD9,United Kingdom,UK,UKM,UKM7,UKM71,Angus and Dundee City,0.1805645161291,0.0044623655914,0.0224731182795,2008.67290322883,-3.83182795698332,-5.41860215053333
UKPH11,United Kingdom,UK,UKM,UKM7,UKM71,Angus and Dundee City,0.1805645161291,0.0044623655914,0.0224731182795,2008.67290322883,-3.83182795698332,-5.41860215053333
UKPH12,United Kingdom,UK,UKM,UKM7,UKM71,Angus and Dundee City,0.1805645161291,0.0044623655914,0.0224731182795,2008.67290322883,-3.83182795698332,-5.41860215053333
UKSA14,United Kingdom,UK,UKL,UKL1,UKL14,South West Wales,0.541301369862,0.0169406392693333,0.056392694064,1537.89705478973,-2.50095890411667,-3.84116438356667
UKSA15,United Kingdom,UK,UKL,UKL1,UKL14,South West Wales,0.541301369862,0.0169406392693333,0.056392694064,1537.89705478973,-2.50095890411667,-3.84116438356667
UKSA16,United Kingdom,UK,UKL,UKL1,UKL14,South West Wales,0.541301369862,0.0169406392693333,0.056392694064,1537.89705478973,-2.50095890411667,-3.84116438356667
UKSA17,United Kingdom,UK,UKL,UKL1,UKL14,South West Wales,0.541301369862,0.0169406392693333,0.056392694064,1537.89705478973,-2.50095890411667,-3.84116438356667
UKSA18,United Kingdom,UK,UKL,UKL1,UKL14,South West Wales,0.541301369862,0.0169406392693333,0.056392694064,1537.89705478973,-2.50095890411667,-3.84116438356667
UKSA19,United Kingdom,UK,UKL,UKL1,UKL14,South West Wales,0.541301369862,0.0169406392693333,0.056392694064,1537.89705478973,-2.50095890411667,-3.84116438356667
UKSA20,United Kingdom,UK,UKL,UKL1,UKL14,South West Wales,0.541301369862,0.0169406392693333,0.056392694064,1537.89705478973,-2.50095890411667,-3.84116438356667
UKSA31,United Kingdom,UK,UKL,UKL1,UKL14,South West Wales,0.541301369862,0.0169406392693333,0.056392694064,1537.89705478973,-2.50095890411667,-3.84116438356667
UKSA32,United Kingdom,UK,UKL,UKL1,UKL14,South West Wales,0.541301369862,0.0169406392693333,0.056392694064,1537.89705478973,-2.50095890411667,-3.84116438356667
UKSA33,United Kingdom,UK,UKL,UKL1,UKL14,South West Wales,0.541301369862,0.0169406392693333,0.056392694064,1537.89705478973,-2.50095890411667,-3.84116438356667
UKSA34,United Kingdom,UK,UKL,UKL1,UKL14,South West Wales,0.541301369862,0.0169406392693333,0.056392694064,1537.89705478973,-2.50095890411667,-3.84116438356667
UKSA35,United Kingdom,UK,UKL,UKL1,UKL14,South West Wales,0.541301369862,0.0169406392693333,0.056392694064,1537.89705478973,-2.50095890411667,-3.84116438356667
UKSA36,United Kingdom,UK,UKL,UKL1,UKL14,South West Wales,0.541301369862,0.0169406392693333,0.056392694064,1537.89705478973,-2.50095890411667,-3.84116438356667
UKSA37,United Kingdom,UK,UKL,UKL1,UKL14,South West Wales,0.541301369862,0.0169406392693333,0.056392694064,1537.89705478973,-2.50095890411667,-3.84116438356667
UKSA38,United Kingdom,UK,UKL,UKL1,UKL14,South West Wales,0.541301369862,0.0169406392693333,0.056392694064,1537.89705478973,-2.50095890411667,-3.84116438356667
UKSA39,United Kingdom,UK,UKL,UKL1,UKL14,South West Wales,0.541301369862,0.0169406392693333,0.056392694064,1537.89705478973,-2.50095890411667,-3.84116438356667
UKSA4,United Kingdom,UK,UKL,UKL1,UKL14,South West Wales,0.541301369862,0.0169406392693333,0.056392694064,1537.89705478973,-2.50095890411667,-3.84116438356667
UKSA40,United Kingdom,UK,UKL,UKL1,UKL14,South West Wales,0.541301369862,0.0169406392693333,0.056392694064,1537.89705478973,-2.50095890411667,-3.84116438356667
UKSA41,United Kingdom,UK,UKL,UKL1,UKL14,South West Wales,0.541301369862,0.0169406392693333,0.056392694064,1537.89705478973,-2.50095890411667,-3.84116438356667
UKSA42,United Kingdom,UK,UKL,UKL1,UKL14,South West Wales,0.541301369862,0.0169406392693333,0.056392694064,1537.89705478973,-2.50095890411667,-3.84116438356667
UKSA43,United Kingdom,UK,UKL,UKL1,UKL14,South West Wales,0.541301369862,0.0169406392693333,0.056392694064,1537.89705478973,-2.50095890411667,-3.84116438356667
UKSA44,United Kingdom,UK,UKL,UKL1,UKL14,South West Wales,0.541301369862,0.0169406392693333,0.056392694064,1537.89705478973,-2.50095890411667,-3.84116438356667
UKSA45,United Kingdom,UK,UKL,UKL1,UKL14,South West Wales,0.541301369862,0.0169406392693333,0.056392694064,1537.89705478973,-2.50095890411667,-3.84116438356667
UKSA46,United Kingdom,UK,UKL,UKL1,UKL14,South West Wales,0.541301369862,0.0169406392693333,0.056392694064,1537.89705478973,-2.50095890411667,-3.84116438356667
UKSA47,United Kingdom,UK,UKL,UKL1,UKL14,South West Wales,0.541301369862,0.0169406392693333,0.056392694064,1537.89705478973,-2.50095890411667,-3.84116438356667
UKSA48,United Kingdom,UK,UKL,UKL1,UKL14,South West Wales,0.541301369862,0.0169406392693333,0.056392694064,1537.89705478973,-2.50095890411667,-3.84116438356667
UKSA61,United Kingdom,UK,UKL,UKL1,UKL14,South West Wales,0.541301369862,0.0169406392693333,0.056392694064,1537.89705478973,-2.50095890411667,-3.84116438356667
UKSA62,United Kingdom,UK,UKL,UKL1,UKL14,South West Wales,0.541301369862,0.0169406392693333,0.056392694064,1537.89705478973,-2.50095890411667,-3.84116438356667
UKSA63,United Kingdom,UK,UKL,UKL1,UKL14,South West Wales,0.541301369862,0.0169406392693333,0.056392694064,1537.89705478973,-2.50095890411667,-3.84116438356667
UKSA64,United Kingdom,UK,UKL,UKL1,UKL14,South West Wales,0.541301369862,0.0169406392693333,0.056392694064,1537.89705478973,-2.50095890411667,-3.84116438356667
UKSA65,United Kingdom,UK,UKL,UKL1,UKL14,South West Wales,0.541301369862,0.0169406392693333,0.056392694064,1537.89705478973,-2.50095890411667,-3.84116438356667
UKSA66,United Kingdom,UK,UKL,UKL1,UKL14,South West Wales,0.541301369862,0.0169406392693333,0.056392694064,1537.89705478973,-2.50095890411667,-3.84116438356667
UKSA67,United Kingdom,UK,UKL,UKL1,UKL14,South West Wales,0.541301369862,0.0169406392693333,0.056392694064,1537.89705478973,-2.50095890411667,-3.84116438356667
UKSA68,United Kingdom,UK,UKL,UKL1,UKL14,South West Wales,0.541301369862,0.0169406392693333,0.056392694064,1537.89705478973,-2.50095890411667,-3.84116438356667
UKSA69,United Kingdom,UK,UKL,UKL1,UKL14,South West Wales,0.541301369862,0.0169406392693333,0.056392694064,1537.89705478973,-2.50095890411667,-3.84116438356667
UKSA70,United Kingdom,UK,UKL,UKL1,UKL14,South West Wales,0.541301369862,0.0169406392693333,0.056392694064,1537.89705478973,-2.50095890411667,-3.84116438356667
UKSA71,United Kingdom,UK,UKL,UKL1,UKL14,South West Wales,0.541301369862,0.0169406392693333,0.056392694064,1537.89705478973,-2.50095890411667,-3.84116438356667
UKSA72,United Kingdom,UK,UKL,UKL1,UKL14,South West Wales,0.541301369862,0.0169406392693333,0.056392694064,1537.89705478973,-2.50095890411667,-3.84116438356667
UKSA73,United Kingdom,UK,UKL,UKL1,UKL14,South West Wales,0.541301369862,0.0169406392693333,0.056392694064,1537.89705478973,-2.50095890411667,-3.84116438356667
UKSA9,United Kingdom,UK,UKL,UKL1,UKL14,South West Wales,0.541301369862,0.0169406392693333,0.056392694064,1537.89705478973,-2.50095890411667,-3.84116438356667
UKSY20,United Kingdom,UK,UKL,UKL1,UKL14,South West Wales,0.541301369862,0.0169406392693333,0.056392694064,1537.89705478973,-2.50095890411667,-3.84116438356667
UKSY23,United Kingdom,UK,UKL,UKL1,UKL14,South West Wales,0.541301369862,0.0169406392693333,0.056392694064,1537.89705478973,-2.50095890411667,-3.84116438356667
UKSY24,United Kingdom,UK,UKL,UKL1,UKL14,South West Wales,0.541301369862,0.0169406392693333,0.056392694064,1537.89705478973,-2.50095890411667,-3.84116438356667
UKSY25,United Kingdom,UK,UKL,UKL1,UKL14,South West Wales,0.541301369862,0.0169406392693333,0.056392694064,1537.89705478973,-2.50095890411667,-3.84116438356667
UKCF14,United Kingdom,UK,UKL,UKL1,UKL16,Gwent Valleys,2.87857142856575,0.0714285714285,0.177380952381667,1680.26857142853,-2.69904761905,-4.11928571428333
UKCF15,United Kingdom,UK,UKL,UKL1,UKL16,Gwent Valleys,2.87857142856575,0.0714285714285,0.177380952381667,1680.26857142853,-2.69904761905,-4.11928571428333
UKCF3,United Kingdom,UK,UKL,UKL1,UKL16,Gwent Valleys,2.87857142856575,0.0714285714285,0.177380952381667,1680.26857142853,-2.69904761905,-4.11928571428333
UKCF37,United Kingdom,UK,UKL,UKL1,UKL16,Gwent Valleys,2.87857142856575,0.0714285714285,0.177380952381667,1680.26857142853,-2.69904761905,-4.11928571428333
UKCF46,United Kingdom,UK,UKL,UKL1,UKL16,Gwent Valleys,2.87857142856575,0.0714285714285,0.177380952381667,1680.26857142853,-2.69904761905,-4.11928571428333
UKCF48,United Kingdom,UK,UKL,UKL1,UKL16,Gwent Valleys,2.87857142856575,0.0714285714285,0.177380952381667,1680.26857142853,-2.69904761905,-4.11928571428333
UKCF81,United Kingdom,UK,UKL,UKL1,UKL16,Gwent Valleys,2.87857142856575,0.0714285714285,0.177380952381667,1680.26857142853,-2.69904761905,-4.11928571428333
UKCF82,United Kingdom,UK,UKL,UKL1,UKL16,Gwent Valleys,2.87857142856575,0.0714285714285,0.177380952381667,1680.26857142853,-2.69904761905,-4.11928571428333
UKCF83,United Kingdom,UK,UKL,UKL1,UKL16,Gwent Valleys,2.87857142856575,0.0714285714285,0.177380952381667,1680.26857142853,-2.69904761905,-4.11928571428333
UKNP10,United Kingdom,UK,UKL,UKL1,UKL16,Gwent Valleys,2.87857142856575,0.0714285714285,0.177380952381667,1680.26857142853,-2.69904761905,-4.11928571428333
UKNP11,United Kingdom,UK,UKL,UKL1,UKL16,Gwent Valleys,2.87857142856575,0.0714285714285,0.177380952381667,1680.26857142853,-2.69904761905,-4.11928571428333
UKNP12,United Kingdom,UK,UKL,UKL1,UKL16,Gwent Valleys,2.87857142856575,0.0714285714285,0.177380952381667,1680.26857142853,-2.69904761905,-4.11928571428333
UKNP13,United Kingdom,UK,UKL,UKL1,UKL16,Gwent Valleys,2.87857142856575,0.0714285714285,0.177380952381667,1680.26857142853,-2.69904761905,-4.11928571428333
UKNP18,United Kingdom,UK,UKL,UKL1,UKL16,Gwent Valleys,2.87857142856575,0.0714285714285,0.177380952381667,1680.26857142853,-2.69904761905,-4.11928571428333
UKNP22,United Kingdom,UK,UKL,UKL1,UKL16,Gwent Valleys,2.87857142856575,0.0714285714285,0.177380952381667,1680.26857142853,-2.69904761905,-4.11928571428333
UKNP23,United Kingdom,UK,UKL,UKL1,UKL16,Gwent Valleys,2.87857142856575,0.0714285714285,0.177380952381667,1680.26857142853,-2.69904761905,-4.11928571428333
UKNP24,United Kingdom,UK,UKL,UKL1,UKL16,Gwent Valleys,2.87857142856575,0.0714285714285,0.177380952381667,1680.26857142853,-2.69904761905,-4.11928571428333
UKNP4,United Kingdom,UK,UKL,UKL1,UKL16,Gwent Valleys,2.87857142856575,0.0714285714285,0.177380952381667,1680.26857142853,-2.69904761905,-4.11928571428333
UKNP44,United Kingdom,UK,UKL,UKL1,UKL16,Gwent Valleys,2.87857142856575,0.0714285714285,0.177380952381667,1680.26857142853,-2.69904761905,-4.11928571428333
UKCF10,United Kingdom,UK,UKL,UKL2,UKL22,Cardiff and Vale of Glamorgan,4.1646875,0.103958333333333,0.238541666666667,1510.6190625,-2.84645833333332,-4.38374999999998
UKCF11,United Kingdom,UK,UKL,UKL2,UKL22,Cardiff and Vale of Glamorgan,4.1646875,0.103958333333333,0.238541666666667,1510.6190625,-2.84645833333332,-4.38374999999998
UKCF14,United Kingdom,UK,UKL,UKL2,UKL22,Cardiff and Vale of Glamorgan,4.1646875,0.103958333333333,0.238541666666667,1510.6190625,-2.84645833333332,-4.38374999999998
UKCF15,United Kingdom,UK,UKL,UKL2,UKL22,Cardiff and Vale of Glamorgan,4.1646875,0.103958333333333,0.238541666666667,1510.6190625,-2.84645833333332,-4.38374999999998
UKCF23,United Kingdom,UK,UKL,UKL2,UKL22,Cardiff and Vale of Glamorgan,4.1646875,0.103958333333333,0.238541666666667,1510.6190625,-2.84645833333332,-4.38374999999998
UKCF24,United Kingdom,UK,UKL,UKL2,UKL22,Cardiff and Vale of Glamorgan,4.1646875,0.103958333333333,0.238541666666667,1510.6190625,-2.84645833333332,-4.38374999999998
UKCF3,United Kingdom,UK,UKL,UKL2,UKL22,Cardiff and Vale of Glamorgan,4.1646875,0.103958333333333,0.238541666666667,1510.6190625,-2.84645833333332,-4.38374999999998
UKCF30,United Kingdom,UK,UKL,UKL2,UKL22,Cardiff and Vale of Glamorgan,4.1646875,0.103958333333333,0.238541666666667,1510.6190625,-2.84645833333332,-4.38374999999998
UKCF32,United Kingdom,UK,UKL,UKL2,UKL22,Cardiff and Vale of Glamorgan,4.1646875,0.103958333333333,0.238541666666667,1510.6190625,-2.84645833333332,-4.38374999999998
UKCF35,United Kingdom,UK,UKL,UKL2,UKL22,Cardiff and Vale of Glamorgan,4.1646875,0.103958333333333,0.238541666666667,1510.6190625,-2.84645833333332,-4.38374999999998
UKCF5,United Kingdom,UK,UKL,UKL2,UKL22,Cardiff and Vale of Glamorgan,4.1646875,0.103958333333333,0.238541666666667,1510.6190625,-2.84645833333332,-4.38374999999998
UKCF61,United Kingdom,UK,UKL,UKL2,UKL22,Cardiff and Vale of Glamorgan,4.1646875,0.103958333333333,0.238541666666667,1510.6190625,-2.84645833333332,-4.38374999999998
UKCF62,United Kingdom,UK,UKL,UKL2,UKL22,Cardiff and Vale of Glamorgan,4.1646875,0.103958333333333,0.238541666666667,1510.6190625,-2.84645833333332,-4.38374999999998
UKCF63,United Kingdom,UK,UKL,UKL2,UKL22,Cardiff and Vale of Glamorgan,4.1646875,0.103958333333333,0.238541666666667,1510.6190625,-2.84645833333332,-4.38374999999998
UKCF64,United Kingdom,UK,UKL,UKL2,UKL22,Cardiff and Vale of Glamorgan,4.1646875,0.103958333333333,0.238541666666667,1510.6190625,-2.84645833333332,-4.38374999999998
UKCF71,United Kingdom,UK,UKL,UKL2,UKL22,Cardiff and Vale of Glamorgan,4.1646875,0.103958333333333,0.238541666666667,1510.6190625,-2.84645833333332,-4.38374999999998
UKCF72,United Kingdom,UK,UKL,UKL2,UKL22,Cardiff and Vale of Glamorgan,4.1646875,0.103958333333333,0.238541666666667,1510.6190625,-2.84645833333332,-4.38374999999998
UKCF83,United Kingdom,UK,UKL,UKL2,UKL22,Cardiff and Vale of Glamorgan,4.1646875,0.103958333333333,0.238541666666667,1510.6190625,-2.84645833333332,-4.38374999999998
UKCF91,United Kingdom,UK,UKL,UKL2,UKL22,Cardiff and Vale of Glamorgan,4.1646875,0.103958333333333,0.238541666666667,1510.6190625,-2.84645833333332,-4.38374999999998
UKCF95,United Kingdom,UK,UKL,UKL2,UKL22,Cardiff and Vale of Glamorgan,4.1646875,0.103958333333333,0.238541666666667,1510.6190625,-2.84645833333332,-4.38374999999998
UKCF99,United Kingdom,UK,UKL,UKL2,UKL22,Cardiff and Vale of Glamorgan,4.1646875,0.103958333333333,0.238541666666667,1510.6190625,-2.84645833333332,-4.38374999999998
UKCF3,United Kingdom,UK,UKL,UKL2,UKL21,Monmouthshire and Newport,6.01660714285475,0.1286904761905,0.274761904761665,1601.80053571558,-2.72964285715,-4.16940476189998
UKGL16,United Kingdom,UK,UKL,UKL2,UKL21,Monmouthshire and Newport,6.01660714285475,0.1286904761905,0.274761904761665,1601.80053571558,-2.72964285715,-4.16940476189998
UKNP10,United Kingdom,UK,UKL,UKL2,UKL21,Monmouthshire and Newport,6.01660714285475,0.1286904761905,0.274761904761665,1601.80053571558,-2.72964285715,-4.16940476189998
UKNP15,United Kingdom,UK,UKL,UKL2,UKL21,Monmouthshire and Newport,6.01660714285475,0.1286904761905,0.274761904761665,1601.80053571558,-2.72964285715,-4.16940476189998
UKNP16,United Kingdom,UK,UKL,UKL2,UKL21,Monmouthshire and Newport,6.01660714285475,0.1286904761905,0.274761904761665,1601.80053571558,-2.72964285715,-4.16940476189998
UKNP18,United Kingdom,UK,UKL,UKL2,UKL21,Monmouthshire and Newport,6.01660714285475,0.1286904761905,0.274761904761665,1601.80053571558,-2.72964285715,-4.16940476189998
UKNP19,United Kingdom,UK,UKL,UKL2,UKL21,Monmouthshire and Newport,6.01660714285475,0.1286904761905,0.274761904761665,1601.80053571558,-2.72964285715,-4.16940476189998
UKNP20,United Kingdom,UK,UKL,UKL2,UKL21,Monmouthshire and Newport,6.01660714285475,0.1286904761905,0.274761904761665,1601.80053571558,-2.72964285715,-4.16940476189998
UKNP25,United Kingdom,UK,UKL,UKL2,UKL21,Monmouthshire and Newport,6.01660714285475,0.1286904761905,0.274761904761665,1601.80053571558,-2.72964285715,-4.16940476189998
UKNP26,United Kingdom,UK,UKL,UKL2,UKL21,Monmouthshire and Newport,6.01660714285475,0.1286904761905,0.274761904761665,1601.80053571558,-2.72964285715,-4.16940476189998
UKNP4,United Kingdom,UK,UKL,UKL2,UKL21,Monmouthshire and Newport,6.01660714285475,0.1286904761905,0.274761904761665,1601.80053571558,-2.72964285715,-4.16940476189998
UKNP44,United Kingdom,UK,UKL,UKL2,UKL21,Monmouthshire and Newport,6.01660714285475,0.1286904761905,0.274761904761665,1601.80053571558,-2.72964285715,-4.16940476189998
UKNP7,United Kingdom,UK,UKL,UKL2,UKL21,Monmouthshire and Newport,6.01660714285475,0.1286904761905,0.274761904761665,1601.80053571558,-2.72964285715,-4.16940476189998
UKNP8,United Kingdom,UK,UKL,UKL2,UKL21,Monmouthshire and Newport,6.01660714285475,0.1286904761905,0.274761904761665,1601.80053571558,-2.72964285715,-4.16940476189998
UKG77,United Kingdom,UK,UKM,UKM9,UKM93,East Ayrshire and North Ayrshire mainland,0.268645833333775,0.00715277777778333,0.0250694444445,1890.72166666321,-3.10444444445,-4.46354166666667
UKG78,United Kingdom,UK,UKM,UKM9,UKM93,East Ayrshire and North Ayrshire mainland,0.268645833333775,0.00715277777778333,0.0250694444445,1890.72166666321,-3.10444444445,-4.46354166666667
UKKA1,United Kingdom,UK,UKM,UKM9,UKM93,East Ayrshire and North Ayrshire mainland,0.268645833333775,0.00715277777778333,0.0250694444445,1890.72166666321,-3.10444444445,-4.46354166666667
UKKA11,United Kingdom,UK,UKM,UKM9,UKM93,East Ayrshire and North Ayrshire mainland,0.268645833333775,0.00715277777778333,0.0250694444445,1890.72166666321,-3.10444444445,-4.46354166666667
UKKA12,United Kingdom,UK,UKM,UKM9,UKM93,East Ayrshire and North Ayrshire mainland,0.268645833333775,0.00715277777778333,0.0250694444445,1890.72166666321,-3.10444444445,-4.46354166666667
UKKA13,United Kingdom,UK,UKM,UKM9,UKM93,East Ayrshire and North Ayrshire mainland,0.268645833333775,0.00715277777778333,0.0250694444445,1890.72166666321,-3.10444444445,-4.46354166666667
UKKA14,United Kingdom,UK,UKM,UKM9,UKM93,East Ayrshire and North Ayrshire mainland,0.268645833333775,0.00715277777778333,0.0250694444445,1890.72166666321,-3.10444444445,-4.46354166666667
UKKA15,United Kingdom,UK,UKM,UKM9,UKM93,East Ayrshire and North Ayrshire mainland,0.268645833333775,0.00715277777778333,0.0250694444445,1890.72166666321,-3.10444444445,-4.46354166666667
UKKA16,United Kingdom,UK,UKM,UKM9,UKM93,East Ayrshire and North Ayrshire mainland,0.268645833333775,0.00715277777778333,0.0250694444445,1890.72166666321,-3.10444444445,-4.46354166666667
UKKA17,United Kingdom,UK,UKM,UKM9,UKM93,East Ayrshire and North Ayrshire mainland,0.268645833333775,0.00715277777778333,0.0250694444445,1890.72166666321,-3.10444444445,-4.46354166666667
UKKA18,United Kingdom,UK,UKM,UKM9,UKM93,East Ayrshire and North Ayrshire mainland,0.268645833333775,0.00715277777778333,0.0250694444445,1890.72166666321,-3.10444444445,-4.46354166666667
UKKA19,United Kingdom,UK,UKM,UKM9,UKM93,East Ayrshire and North Ayrshire mainland,0.268645833333775,0.00715277777778333,0.0250694444445,1890.72166666321,-3.10444444445,-4.46354166666667
UKKA2,United Kingdom,UK,UKM,UKM9,UKM93,East Ayrshire and North Ayrshire mainland,0.268645833333775,0.00715277777778333,0.0250694444445,1890.72166666321,-3.10444444445,-4.46354166666667
UKKA20,United Kingdom,UK,UKM,UKM9,UKM93,East Ayrshire and North Ayrshire mainland,0.268645833333775,0.00715277777778333,0.0250694444445,1890.72166666321,-3.10444444445,-4.46354166666667
UKKA21,United Kingdom,UK,UKM,UKM9,UKM93,East Ayrshire and North Ayrshire mainland,0.268645833333775,0.00715277777778333,0.0250694444445,1890.72166666321,-3.10444444445,-4.46354166666667
UKKA22,United Kingdom,UK,UKM,UKM9,UKM93,East Ayrshire and North Ayrshire mainland,0.268645833333775,0.00715277777778333,0.0250694444445,1890.72166666321,-3.10444444445,-4.46354166666667
UKKA23,United Kingdom,UK,UKM,UKM9,UKM93,East Ayrshire and North Ayrshire mainland,0.268645833333775,0.00715277777778333,0.0250694444445,1890.72166666321,-3.10444444445,-4.46354166666667
UKKA24,United Kingdom,UK,UKM,UKM9,UKM93,East Ayrshire and North Ayrshire mainland,0.268645833333775,0.00715277777778333,0.0250694444445,1890.72166666321,-3.10444444445,-4.46354166666667
UKKA25,United Kingdom,UK,UKM,UKM9,UKM93,East Ayrshire and North Ayrshire mainland,0.268645833333775,0.00715277777778333,0.0250694444445,1890.72166666321,-3.10444444445,-4.46354166666667
UKKA28,United Kingdom,UK,UKM,UKM9,UKM93,East Ayrshire and North Ayrshire mainland,0.268645833333775,0.00715277777778333,0.0250694444445,1890.72166666321,-3.10444444445,-4.46354166666667
UKKA29,United Kingdom,UK,UKM,UKM9,UKM93,East Ayrshire and North Ayrshire mainland,0.268645833333775,0.00715277777778333,0.0250694444445,1890.72166666321,-3.10444444445,-4.46354166666667
UKKA3,United Kingdom,UK,UKM,UKM9,UKM93,East Ayrshire and North Ayrshire mainland,0.268645833333775,0.00715277777778333,0.0250694444445,1890.72166666321,-3.10444444445,-4.46354166666667
UKKA30,United Kingdom,UK,UKM,UKM9,UKM93,East Ayrshire and North Ayrshire mainland,0.268645833333775,0.00715277777778333,0.0250694444445,1890.72166666321,-3.10444444445,-4.46354166666667
UKKA4,United Kingdom,UK,UKM,UKM9,UKM93,East Ayrshire and North Ayrshire mainland,0.268645833333775,0.00715277777778333,0.0250694444445,1890.72166666321,-3.10444444445,-4.46354166666667
UKKA5,United Kingdom,UK,UKM,UKM9,UKM93,East Ayrshire and North Ayrshire mainland,0.268645833333775,0.00715277777778333,0.0250694444445,1890.72166666321,-3.10444444445,-4.46354166666667
UKKA6,United Kingdom,UK,UKM,UKM9,UKM93,East Ayrshire and North Ayrshire mainland,0.268645833333775,0.00715277777778333,0.0250694444445,1890.72166666321,-3.10444444445,-4.46354166666667
UKPA17,United Kingdom,UK,UKM,UKM9,UKM93,East Ayrshire and North Ayrshire mainland,0.268645833333775,0.00715277777778333,0.0250694444445,1890.72166666321,-3.10444444445,-4.46354166666667
UKCA8,United Kingdom,UK,UKC,UKC2,UKC21,Northumberland,0.271161971831375,0.00697183098591667,0.0331455399061667,1907.67665493165,-3.2922769953,-4.74434272299998
UKCA9,United Kingdom,UK,UKC,UKC2,UKC21,Northumberland,0.271161971831375,0.00697183098591667,0.0331455399061667,1907.67665493165,-3.2922769953,-4.74434272299998
UKDH8,United Kingdom,UK,UKC,UKC2,UKC21,Northumberland,0.271161971831375,0.00697183098591667,0.0331455399061667,1907.67665493165,-3.2922769953,-4.74434272299998
UKNE13,United Kingdom,UK,UKC,UKC2,UKC21,Northumberland,0.271161971831375,0.00697183098591667,0.0331455399061667,1907.67665493165,-3.2922769953,-4.74434272299998
UKNE15,United Kingdom,UK,UKC,UKC2,UKC21,Northumberland,0.271161971831375,0.00697183098591667,0.0331455399061667,1907.67665493165,-3.2922769953,-4.74434272299998
UKNE17,United Kingdom,UK,UKC,UKC2,UKC21,Northumberland,0.271161971831375,0.00697183098591667,0.0331455399061667,1907.67665493165,-3.2922769953,-4.74434272299998
UKNE18,United Kingdom,UK,UKC,UKC2,UKC21,Northumberland,0.271161971831375,0.00697183098591667,0.0331455399061667,1907.67665493165,-3.2922769953,-4.74434272299998
UKNE19,United Kingdom,UK,UKC,UKC2,UKC21,Northumberland,0.271161971831375,0.00697183098591667,0.0331455399061667,1907.67665493165,-3.2922769953,-4.74434272299998
UKNE20,United Kingdom,UK,UKC,UKC2,UKC21,Northumberland,0.271161971831375,0.00697183098591667,0.0331455399061667,1907.67665493165,-3.2922769953,-4.74434272299998
UKNE22,United Kingdom,UK,UKC,UKC2,UKC21,Northumberland,0.271161971831375,0.00697183098591667,0.0331455399061667,1907.67665493165,-3.2922769953,-4.74434272299998
UKNE23,United Kingdom,UK,UKC,UKC2,UKC21,Northumberland,0.271161971831375,0.00697183098591667,0.0331455399061667,1907.67665493165,-3.2922769953,-4.74434272299998
UKNE24,United Kingdom,UK,UKC,UKC2,UKC21,Northumberland,0.271161971831375,0.00697183098591667,0.0331455399061667,1907.67665493165,-3.2922769953,-4.74434272299998
UKNE25,United Kingdom,UK,UKC,UKC2,UKC21,Northumberland,0.271161971831375,0.00697183098591667,0.0331455399061667,1907.67665493165,-3.2922769953,-4.74434272299998
UKNE26,United Kingdom,UK,UKC,UKC2,UKC21,Northumberland,0.271161971831375,0.00697183098591667,0.0331455399061667,1907.67665493165,-3.2922769953,-4.74434272299998
UKNE27,United Kingdom,UK,UKC,UKC2,UKC21,Northumberland,0.271161971831375,0.00697183098591667,0.0331455399061667,1907.67665493165,-3.2922769953,-4.74434272299998
UKNE41,United Kingdom,UK,UKC,UKC2,UKC21,Northumberland,0.271161971831375,0.00697183098591667,0.0331455399061667,1907.67665493165,-3.2922769953,-4.74434272299998
UKNE42,United Kingdom,UK,UKC,UKC2,UKC21,Northumberland,0.271161971831375,0.00697183098591667,0.0331455399061667,1907.67665493165,-3.2922769953,-4.74434272299998
UKNE43,United Kingdom,UK,UKC,UKC2,UKC21,Northumberland,0.271161971831375,0.00697183098591667,0.0331455399061667,1907.67665493165,-3.2922769953,-4.74434272299998
UKNE44,United Kingdom,UK,UKC,UKC2,UKC21,Northumberland,0.271161971831375,0.00697183098591667,0.0331455399061667,1907.67665493165,-3.2922769953,-4.74434272299998
UKNE45,United Kingdom,UK,UKC,UKC2,UKC21,Northumberland,0.271161971831375,0.00697183098591667,0.0331455399061667,1907.67665493165,-3.2922769953,-4.74434272299998
UKNE46,United Kingdom,UK,UKC,UKC2,UKC21,Northumberland,0.271161971831375,0.00697183098591667,0.0331455399061667,1907.67665493165,-3.2922769953,-4.74434272299998
UKNE47,United Kingdom,UK,UKC,UKC2,UKC21,Northumberland,0.271161971831375,0.00697183098591667,0.0331455399061667,1907.67665493165,-3.2922769953,-4.74434272299998
UKNE48,United Kingdom,UK,UKC,UKC2,UKC21,Northumberland,0.271161971831375,0.00697183098591667,0.0331455399061667,1907.67665493165,-3.2922769953,-4.74434272299998
UKNE49,United Kingdom,UK,UKC,UKC2,UKC21,Northumberland,0.271161971831375,0.00697183098591667,0.0331455399061667,1907.67665493165,-3.2922769953,-4.74434272299998
UKNE61,United Kingdom,UK,UKC,UKC2,UKC21,Northumberland,0.271161971831375,0.00697183098591667,0.0331455399061667,1907.67665493165,-3.2922769953,-4.74434272299998
UKNE62,United Kingdom,UK,UKC,UKC2,UKC21,Northumberland,0.271161971831375,0.00697183098591667,0.0331455399061667,1907.67665493165,-3.2922769953,-4.74434272299998
UKNE63,United Kingdom,UK,UKC,UKC2,UKC21,Northumberland,0.271161971831375,0.00697183098591667,0.0331455399061667,1907.67665493165,-3.2922769953,-4.74434272299998
UKNE64,United Kingdom,UK,UKC,UKC2,UKC21,Northumberland,0.271161971831375,0.00697183098591667,0.0331455399061667,1907.67665493165,-3.2922769953,-4.74434272299998
UKNE65,United Kingdom,UK,UKC,UKC2,UKC21,Northumberland,0.271161971831375,0.00697183098591667,0.0331455399061667,1907.67665493165,-3.2922769953,-4.74434272299998
UKNE66,United Kingdom,UK,UKC,UKC2,UKC21,Northumberland,0.271161971831375,0.00697183098591667,0.0331455399061667,1907.67665493165,-3.2922769953,-4.74434272299998
UKNE67,United Kingdom,UK,UKC,UKC2,UKC21,Northumberland,0.271161971831375,0.00697183098591667,0.0331455399061667,1907.67665493165,-3.2922769953,-4.74434272299998
UKNE68,United Kingdom,UK,UKC,UKC2,UKC21,Northumberland,0.271161971831375,0.00697183098591667,0.0331455399061667,1907.67665493165,-3.2922769953,-4.74434272299998
UKNE69,United Kingdom,UK,UKC,UKC2,UKC21,Northumberland,0.271161971831375,0.00697183098591667,0.0331455399061667,1907.67665493165,-3.2922769953,-4.74434272299998
UKNE70,United Kingdom,UK,UKC,UKC2,UKC21,Northumberland,0.271161971831375,0.00697183098591667,0.0331455399061667,1907.67665493165,-3.2922769953,-4.74434272299998
UKNE71,United Kingdom,UK,UKC,UKC2,UKC21,Northumberland,0.271161971831375,0.00697183098591667,0.0331455399061667,1907.67665493165,-3.2922769953,-4.74434272299998
UKTD12,United Kingdom,UK,UKC,UKC2,UKC21,Northumberland,0.271161971831375,0.00697183098591667,0.0331455399061667,1907.67665493165,-3.2922769953,-4.74434272299998
UKTD15,United Kingdom,UK,UKC,UKC2,UKC21,Northumberland,0.271161971831375,0.00697183098591667,0.0331455399061667,1907.67665493165,-3.2922769953,-4.74434272299998
UKTD5,United Kingdom,UK,UKC,UKC2,UKC21,Northumberland,0.271161971831375,0.00697183098591667,0.0331455399061667,1907.67665493165,-3.2922769953,-4.74434272299998
UKCH25,United Kingdom,UK,UKD,UKD7,UKD74,Wirral,3.7975,0.0716666666666667,0.1625,1578.43375,-3.00083333333333,-4.41416666666667
UKCH26,United Kingdom,UK,UKD,UKD7,UKD74,Wirral,3.7975,0.0716666666666667,0.1625,1578.43375,-3.00083333333333,-4.41416666666667
UKCH27,United Kingdom,UK,UKD,UKD7,UKD74,Wirral,3.7975,0.0716666666666667,0.1625,1578.43375,-3.00083333333333,-4.41416666666667
UKCH28,United Kingdom,UK,UKD,UKD7,UKD74,Wirral,3.7975,0.0716666666666667,0.1625,1578.43375,-3.00083333333333,-4.41416666666667
UKCH29,United Kingdom,UK,UKD,UKD7,UKD74,Wirral,3.7975,0.0716666666666667,0.1625,1578.43375,-3.00083333333333,-4.41416666666667
UKCH30,United Kingdom,UK,UKD,UKD7,UKD74,Wirral,3.7975,0.0716666666666667,0.1625,1578.43375,-3.00083333333333,-4.41416666666667
UKCH31,United Kingdom,UK,UKD,UKD7,UKD74,Wirral,3.7975,0.0716666666666667,0.1625,1578.43375,-3.00083333333333,-4.41416666666667
UKCH32,United Kingdom,UK,UKD,UKD7,UKD74,Wirral,3.7975,0.0716666666666667,0.1625,1578.43375,-3.00083333333333,-4.41416666666667
UKCH41,United Kingdom,UK,UKD,UKD7,UKD74,Wirral,3.7975,0.0716666666666667,0.1625,1578.43375,-3.00083333333333,-4.41416666666667
UKCH42,United Kingdom,UK,UKD,UKD7,UKD74,Wirral,3.7975,0.0716666666666667,0.1625,1578.43375,-3.00083333333333,-4.41416666666667
UKCH43,United Kingdom,UK,UKD,UKD7,UKD74,Wirral,3.7975,0.0716666666666667,0.1625,1578.43375,-3.00083333333333,-4.41416666666667
UKCH44,United Kingdom,UK,UKD,UKD7,UKD74,Wirral,3.7975,0.0716666666666667,0.1625,1578.43375,-3.00083333333333,-4.41416666666667
UKCH45,United Kingdom,UK,UKD,UKD7,UKD74,Wirral,3.7975,0.0716666666666667,0.1625,1578.43375,-3.00083333333333,-4.41416666666667
UKCH46,United Kingdom,UK,UKD,UKD7,UKD74,Wirral,3.7975,0.0716666666666667,0.1625,1578.43375,-3.00083333333333,-4.41416666666667
UKCH47,United Kingdom,UK,UKD,UKD7,UKD74,Wirral,3.7975,0.0716666666666667,0.1625,1578.43375,-3.00083333333333,-4.41416666666667
UKCH48,United Kingdom,UK,UKD,UKD7,UKD74,Wirral,3.7975,0.0716666666666667,0.1625,1578.43375,-3.00083333333333,-4.41416666666667
UKCH49,United Kingdom,UK,UKD,UKD7,UKD74,Wirral,3.7975,0.0716666666666667,0.1625,1578.43375,-3.00083333333333,-4.41416666666667
UKCH60,United Kingdom,UK,UKD,UKD7,UKD74,Wirral,3.7975,0.0716666666666667,0.1625,1578.43375,-3.00083333333333,-4.41416666666667
UKCH61,United Kingdom,UK,UKD,UKD7,UKD74,Wirral,3.7975,0.0716666666666667,0.1625,1578.43375,-3.00083333333333,-4.41416666666667
UKCH62,United Kingdom,UK,UKD,UKD7,UKD74,Wirral,3.7975,0.0716666666666667,0.1625,1578.43375,-3.00083333333333,-4.41416666666667
UKCH63,United Kingdom,UK,UKD,UKD7,UKD74,Wirral,3.7975,0.0716666666666667,0.1625,1578.43375,-3.00083333333333,-4.41416666666667
UKCH64,United Kingdom,UK,UKD,UKD7,UKD74,Wirral,3.7975,0.0716666666666667,0.1625,1578.43375,-3.00083333333333,-4.41416666666667
UKCH65,United Kingdom,UK,UKD,UKD7,UKD74,Wirral,3.7975,0.0716666666666667,0.1625,1578.43375,-3.00083333333333,-4.41416666666667
UKCA1,United Kingdom,UK,UKD,UKD1,UKD12,East Cumbria,0.587923076922975,0.0159487179487167,0.0445384615385,1923.94123077004,-3.09476923076667,-4.48120512819998
UKCA10,United Kingdom,UK,UKD,UKD1,UKD12,East Cumbria,0.587923076922975,0.0159487179487167,0.0445384615385,1923.94123077004,-3.09476923076667,-4.48120512819998
UKCA11,United Kingdom,UK,UKD,UKD1,UKD12,East Cumbria,0.587923076922975,0.0159487179487167,0.0445384615385,1923.94123077004,-3.09476923076667,-4.48120512819998
UKCA12,United Kingdom,UK,UKD,UKD1,UKD12,East Cumbria,0.587923076922975,0.0159487179487167,0.0445384615385,1923.94123077004,-3.09476923076667,-4.48120512819998
UKCA16,United Kingdom,UK,UKD,UKD1,UKD12,East Cumbria,0.587923076922975,0.0159487179487167,0.0445384615385,1923.94123077004,-3.09476923076667,-4.48120512819998
UKCA17,United Kingdom,UK,UKD,UKD1,UKD12,East Cumbria,0.587923076922975,0.0159487179487167,0.0445384615385,1923.94123077004,-3.09476923076667,-4.48120512819998
UKCA2,United Kingdom,UK,UKD,UKD1,UKD12,East Cumbria,0.587923076922975,0.0159487179487167,0.0445384615385,1923.94123077004,-3.09476923076667,-4.48120512819998
UKCA3,United Kingdom,UK,UKD,UKD1,UKD12,East Cumbria,0.587923076922975,0.0159487179487167,0.0445384615385,1923.94123077004,-3.09476923076667,-4.48120512819998
UKCA4,United Kingdom,UK,UKD,UKD1,UKD12,East Cumbria,0.587923076922975,0.0159487179487167,0.0445384615385,1923.94123077004,-3.09476923076667,-4.48120512819998
UKCA5,United Kingdom,UK,UKD,UKD1,UKD12,East Cumbria,0.587923076922975,0.0159487179487167,0.0445384615385,1923.94123077004,-3.09476923076667,-4.48120512819998
UKCA6,United Kingdom,UK,UKD,UKD1,UKD12,East Cumbria,0.587923076922975,0.0159487179487167,0.0445384615385,1923.94123077004,-3.09476923076667,-4.48120512819998
UKCA7,United Kingdom,UK,UKD,UKD1,UKD12,East Cumbria,0.587923076922975,0.0159487179487167,0.0445384615385,1923.94123077004,-3.09476923076667,-4.48120512819998
UKCA8,United Kingdom,UK,UKD,UKD1,UKD12,East Cumbria,0.587923076922975,0.0159487179487167,0.0445384615385,1923.94123077004,-3.09476923076667,-4.48120512819998
UKCA9,United Kingdom,UK,UKD,UKD1,UKD12,East Cumbria,0.587923076922975,0.0159487179487167,0.0445384615385,1923.94123077004,-3.09476923076667,-4.48120512819998
UKCA99,United Kingdom,UK,UKD,UKD1,UKD12,East Cumbria,0.587923076922975,0.0159487179487167,0.0445384615385,1923.94123077004,-3.09476923076667,-4.48120512819998
UKDG16,United Kingdom,UK,UKD,UKD1,UKD12,East Cumbria,0.587923076922975,0.0159487179487167,0.0445384615385,1923.94123077004,-3.09476923076667,-4.48120512819998
UKDL12,United Kingdom,UK,UKD,UKD1,UKD12,East Cumbria,0.587923076922975,0.0159487179487167,0.0445384615385,1923.94123077004,-3.09476923076667,-4.48120512819998
UKLA10,United Kingdom,UK,UKD,UKD1,UKD12,East Cumbria,0.587923076922975,0.0159487179487167,0.0445384615385,1923.94123077004,-3.09476923076667,-4.48120512819998
UKLA11,United Kingdom,UK,UKD,UKD1,UKD12,East Cumbria,0.587923076922975,0.0159487179487167,0.0445384615385,1923.94123077004,-3.09476923076667,-4.48120512819998
UKLA12,United Kingdom,UK,UKD,UKD1,UKD12,East Cumbria,0.587923076922975,0.0159487179487167,0.0445384615385,1923.94123077004,-3.09476923076667,-4.48120512819998
UKLA13,United Kingdom,UK,UKD,UKD1,UKD12,East Cumbria,0.587923076922975,0.0159487179487167,0.0445384615385,1923.94123077004,-3.09476923076667,-4.48120512819998
UKLA15,United Kingdom,UK,UKD,UKD1,UKD12,East Cumbria,0.587923076922975,0.0159487179487167,0.0445384615385,1923.94123077004,-3.09476923076667,-4.48120512819998
UKLA17,United Kingdom,UK,UKD,UKD1,UKD12,East Cumbria,0.587923076922975,0.0159487179487167,0.0445384615385,1923.94123077004,-3.09476923076667,-4.48120512819998
UKLA20,United Kingdom,UK,UKD,UKD1,UKD12,East Cumbria,0.587923076922975,0.0159487179487167,0.0445384615385,1923.94123077004,-3.09476923076667,-4.48120512819998
UKLA21,United Kingdom,UK,UKD,UKD1,UKD12,East Cumbria,0.587923076922975,0.0159487179487167,0.0445384615385,1923.94123077004,-3.09476923076667,-4.48120512819998
UKLA22,United Kingdom,UK,UKD,UKD1,UKD12,East Cumbria,0.587923076922975,0.0159487179487167,0.0445384615385,1923.94123077004,-3.09476923076667,-4.48120512819998
UKLA23,United Kingdom,UK,UKD,UKD1,UKD12,East Cumbria,0.587923076922975,0.0159487179487167,0.0445384615385,1923.94123077004,-3.09476923076667,-4.48120512819998
UKLA5,United Kingdom,UK,UKD,UKD1,UKD12,East Cumbria,0.587923076922975,0.0159487179487167,0.0445384615385,1923.94123077004,-3.09476923076667,-4.48120512819998
UKLA6,United Kingdom,UK,UKD,UKD1,UKD12,East Cumbria,0.587923076922975,0.0159487179487167,0.0445384615385,1923.94123077004,-3.09476923076667,-4.48120512819998
UKLA7,United Kingdom,UK,UKD,UKD1,UKD12,East Cumbria,0.587923076922975,0.0159487179487167,0.0445384615385,1923.94123077004,-3.09476923076667,-4.48120512819998
UKLA8,United Kingdom,UK,UKD,UKD1,UKD12,East Cumbria,0.587923076922975,0.0159487179487167,0.0445384615385,1923.94123077004,-3.09476923076667,-4.48120512819998
UKLA9,United Kingdom,UK,UKD,UKD1,UKD12,East Cumbria,0.587923076922975,0.0159487179487167,0.0445384615385,1923.94123077004,-3.09476923076667,-4.48120512819998
UKTD9,United Kingdom,UK,UKD,UKD1,UKD12,East Cumbria,0.587923076922975,0.0159487179487167,0.0445384615385,1923.94123077004,-3.09476923076667,-4.48120512819998
UKM1,United Kingdom,UK,UKD,UKD3,UKD33,Manchester,3.44875,0.0691666666666667,0.153333333333333,1664.03249999999,-2.965,-4.3875
UKM11,United Kingdom,UK,UKD,UKD3,UKD33,Manchester,3.44875,0.0691666666666667,0.153333333333333,1664.03249999999,-2.965,-4.3875
UKM12,United Kingdom,UK,UKD,UKD3,UKD33,Manchester,3.44875,0.0691666666666667,0.153333333333333,1664.03249999999,-2.965,-4.3875
UKM13,United Kingdom,UK,UKD,UKD3,UKD33,Manchester,3.44875,0.0691666666666667,0.153333333333333,1664.03249999999,-2.965,-4.3875
UKM14,United Kingdom,UK,UKD,UKD3,UKD33,Manchester,3.44875,0.0691666666666667,0.153333333333333,1664.03249999999,-2.965,-4.3875
UKM15,United Kingdom,UK,UKD,UKD3,UKD33,Manchester,3.44875,0.0691666666666667,0.153333333333333,1664.03249999999,-2.965,-4.3875
UKM16,United Kingdom,UK,UKD,UKD3,UKD33,Manchester,3.44875,0.0691666666666667,0.153333333333333,1664.03249999999,-2.965,-4.3875
UKM18,United Kingdom,UK,UKD,UKD3,UKD33,Manchester,3.44875,0.0691666666666667,0.153333333333333,1664.03249999999,-2.965,-4.3875
UKM19,United Kingdom,UK,UKD,UKD3,UKD33,Manchester,3.44875,0.0691666666666667,0.153333333333333,1664.03249999999,-2.965,-4.3875
UKM2,United Kingdom,UK,UKD,UKD3,UKD33,Manchester,3.44875,0.0691666666666667,0.153333333333333,1664.03249999999,-2.965,-4.3875
UKM20,United Kingdom,UK,UKD,UKD3,UKD33,Manchester,3.44875,0.0691666666666667,0.153333333333333,1664.03249999999,-2.965,-4.3875
UKM21,United Kingdom,UK,UKD,UKD3,UKD33,Manchester,3.44875,0.0691666666666667,0.153333333333333,1664.03249999999,-2.965,-4.3875
UKM22,United Kingdom,UK,UKD,UKD3,UKD33,Manchester,3.44875,0.0691666666666667,0.153333333333333,1664.03249999999,-2.965,-4.3875
UKM23,United Kingdom,UK,UKD,UKD3,UKD33,Manchester,3.44875,0.0691666666666667,0.153333333333333,1664.03249999999,-2.965,-4.3875
UKM24,United Kingdom,UK,UKD,UKD3,UKD33,Manchester,3.44875,0.0691666666666667,0.153333333333333,1664.03249999999,-2.965,-4.3875
UKM25,United Kingdom,UK,UKD,UKD3,UKD33,Manchester,3.44875,0.0691666666666667,0.153333333333333,1664.03249999999,-2.965,-4.3875
UKM3,United Kingdom,UK,UKD,UKD3,UKD33,Manchester,3.44875,0.0691666666666667,0.153333333333333,1664.03249999999,-2.965,-4.3875
UKM33,United Kingdom,UK,UKD,UKD3,UKD33,Manchester,3.44875,0.0691666666666667,0.153333333333333,1664.03249999999,-2.965,-4.3875
UKM4,United Kingdom,UK,UKD,UKD3,UKD33,Manchester,3.44875,0.0691666666666667,0.153333333333333,1664.03249999999,-2.965,-4.3875
UKM40,United Kingdom,UK,UKD,UKD3,UKD33,Manchester,3.44875,0.0691666666666667,0.153333333333333,1664.03249999999,-2.965,-4.3875
UKM43,United Kingdom,UK,UKD,UKD3,UKD33,Manchester,3.44875,0.0691666666666667,0.153333333333333,1664.03249999999,-2.965,-4.3875
UKM60,United Kingdom,UK,UKD,UKD3,UKD33,Manchester,3.44875,0.0691666666666667,0.153333333333333,1664.03249999999,-2.965,-4.3875
UKM61,United Kingdom,UK,UKD,UKD3,UKD33,Manchester,3.44875,0.0691666666666667,0.153333333333333,1664.03249999999,-2.965,-4.3875
UKM7,United Kingdom,UK,UKD,UKD3,UKD33,Manchester,3.44875,0.0691666666666667,0.153333333333333,1664.03249999999,-2.965,-4.3875
UKM8,United Kingdom,UK,UKD,UKD3,UKD33,Manchester,3.44875,0.0691666666666667,0.153333333333333,1664.03249999999,-2.965,-4.3875
UKM9,United Kingdom,UK,UKD,UKD3,UKD33,Manchester,3.44875,0.0691666666666667,0.153333333333333,1664.03249999999,-2.965,-4.3875
UKM90,United Kingdom,UK,UKD,UKD3,UKD33,Manchester,3.44875,0.0691666666666667,0.153333333333333,1664.03249999999,-2.965,-4.3875
UKM99,United Kingdom,UK,UKD,UKD3,UKD33,Manchester,3.44875,0.0691666666666667,0.153333333333333,1664.03249999999,-2.965,-4.3875
UKSK4,United Kingdom,UK,UKD,UKD3,UKD33,Manchester,3.44875,0.0691666666666667,0.153333333333333,1664.03249999999,-2.965,-4.3875
UKWA15,United Kingdom,UK,UKD,UKD3,UKD33,Manchester,3.44875,0.0691666666666667,0.153333333333333,1664.03249999999,-2.965,-4.3875
UKTS1,United Kingdom,UK,UKC,UKC1,UKC12,South Teesside,1.21625,0.0341666666666667,0.0883333333333333,1797.50875,-3.48416666666667,-5.14583333333333
UKTS10,United Kingdom,UK,UKC,UKC1,UKC12,South Teesside,1.21625,0.0341666666666667,0.0883333333333333,1797.50875,-3.48416666666667,-5.14583333333333
UKTS11,United Kingdom,UK,UKC,UKC1,UKC12,South Teesside,1.21625,0.0341666666666667,0.0883333333333333,1797.50875,-3.48416666666667,-5.14583333333333
UKTS12,United Kingdom,UK,UKC,UKC1,UKC12,South Teesside,1.21625,0.0341666666666667,0.0883333333333333,1797.50875,-3.48416666666667,-5.14583333333333
UKTS13,United Kingdom,UK,UKC,UKC1,UKC12,South Teesside,1.21625,0.0341666666666667,0.0883333333333333,1797.50875,-3.48416666666667,-5.14583333333333
UKTS14,United Kingdom,UK,UKC,UKC1,UKC12,South Teesside,1.21625,0.0341666666666667,0.0883333333333333,1797.50875,-3.48416666666667,-5.14583333333333
UKTS17,United Kingdom,UK,UKC,UKC1,UKC12,South Teesside,1.21625,0.0341666666666667,0.0883333333333333,1797.50875,-3.48416666666667,-5.14583333333333
UKTS2,United Kingdom,UK,UKC,UKC1,UKC12,South Teesside,1.21625,0.0341666666666667,0.0883333333333333,1797.50875,-3.48416666666667,-5.14583333333333
UKTS3,United Kingdom,UK,UKC,UKC1,UKC12,South Teesside,1.21625,0.0341666666666667,0.0883333333333333,1797.50875,-3.48416666666667,-5.14583333333333
UKTS4,United Kingdom,UK,UKC,UKC1,UKC12,South Teesside,1.21625,0.0341666666666667,0.0883333333333333,1797.50875,-3.48416666666667,-5.14583333333333
UKTS5,United Kingdom,UK,UKC,UKC1,UKC12,South Teesside,1.21625,0.0341666666666667,0.0883333333333333,1797.50875,-3.48416666666667,-5.14583333333333
UKTS6,United Kingdom,UK,UKC,UKC1,UKC12,South Teesside,1.21625,0.0341666666666667,0.0883333333333333,1797.50875,-3.48416666666667,-5.14583333333333
UKTS7,United Kingdom,UK,UKC,UKC1,UKC12,South Teesside,1.21625,0.0341666666666667,0.0883333333333333,1797.50875,-3.48416666666667,-5.14583333333333
UKTS8,United Kingdom,UK,UKC,UKC1,UKC12,South Teesside,1.21625,0.0341666666666667,0.0883333333333333,1797.50875,-3.48416666666667,-5.14583333333333
UKTS9,United Kingdom,UK,UKC,UKC1,UKC12,South Teesside,1.21625,0.0341666666666667,0.0883333333333333,1797.50875,-3.48416666666667,-5.14583333333333
UKCB9,United Kingdom,UK,UKH,UKH3,UKH34,Essex Haven Gateway,20.114821428595,0.317976190476667,0.495357142856667,1641.60928571852,-3.07571428571665,-4.61702380951667
UKCM3,United Kingdom,UK,UKH,UKH3,UKH34,Essex Haven Gateway,20.114821428595,0.317976190476667,0.495357142856667,1641.60928571852,-3.07571428571665,-4.61702380951667
UKCM6,United Kingdom,UK,UKH,UKH3,UKH34,Essex Haven Gateway,20.114821428595,0.317976190476667,0.495357142856667,1641.60928571852,-3.07571428571665,-4.61702380951667
UKCM7,United Kingdom,UK,UKH,UKH3,UKH34,Essex Haven Gateway,20.114821428595,0.317976190476667,0.495357142856667,1641.60928571852,-3.07571428571665,-4.61702380951667
UKCM77,United Kingdom,UK,UKH,UKH3,UKH34,Essex Haven Gateway,20.114821428595,0.317976190476667,0.495357142856667,1641.60928571852,-3.07571428571665,-4.61702380951667
UKCM8,United Kingdom,UK,UKH,UKH3,UKH34,Essex Haven Gateway,20.114821428595,0.317976190476667,0.495357142856667,1641.60928571852,-3.07571428571665,-4.61702380951667
UKCM9,United Kingdom,UK,UKH,UKH3,UKH34,Essex Haven Gateway,20.114821428595,0.317976190476667,0.495357142856667,1641.60928571852,-3.07571428571665,-4.61702380951667
UKCO1,United Kingdom,UK,UKH,UKH3,UKH34,Essex Haven Gateway,20.114821428595,0.317976190476667,0.495357142856667,1641.60928571852,-3.07571428571665,-4.61702380951667
UKCO10,United Kingdom,UK,UKH,UKH3,UKH34,Essex Haven Gateway,20.114821428595,0.317976190476667,0.495357142856667,1641.60928571852,-3.07571428571665,-4.61702380951667
UKCO11,United Kingdom,UK,UKH,UKH3,UKH34,Essex Haven Gateway,20.114821428595,0.317976190476667,0.495357142856667,1641.60928571852,-3.07571428571665,-4.61702380951667
UKCO12,United Kingdom,UK,UKH,UKH3,UKH34,Essex Haven Gateway,20.114821428595,0.317976190476667,0.495357142856667,1641.60928571852,-3.07571428571665,-4.61702380951667
UKCO13,United Kingdom,UK,UKH,UKH3,UKH34,Essex Haven Gateway,20.114821428595,0.317976190476667,0.495357142856667,1641.60928571852,-3.07571428571665,-4.61702380951667
UKCO14,United Kingdom,UK,UKH,UKH3,UKH34,Essex Haven Gateway,20.114821428595,0.317976190476667,0.495357142856667,1641.60928571852,-3.07571428571665,-4.61702380951667
UKCO15,United Kingdom,UK,UKH,UKH3,UKH34,Essex Haven Gateway,20.114821428595,0.317976190476667,0.495357142856667,1641.60928571852,-3.07571428571665,-4.61702380951667
UKCO16,United Kingdom,UK,UKH,UKH3,UKH34,Essex Haven Gateway,20.114821428595,0.317976190476667,0.495357142856667,1641.60928571852,-3.07571428571665,-4.61702380951667
UKCO2,United Kingdom,UK,UKH,UKH3,UKH34,Essex Haven Gateway,20.114821428595,0.317976190476667,0.495357142856667,1641.60928571852,-3.07571428571665,-4.61702380951667
UKCO3,United Kingdom,UK,UKH,UKH3,UKH34,Essex Haven Gateway,20.114821428595,0.317976190476667,0.495357142856667,1641.60928571852,-3.07571428571665,-4.61702380951667
UKCO4,United Kingdom,UK,UKH,UKH3,UKH34,Essex Haven Gateway,20.114821428595,0.317976190476667,0.495357142856667,1641.60928571852,-3.07571428571665,-4.61702380951667
UKCO5,United Kingdom,UK,UKH,UKH3,UKH34,Essex Haven Gateway,20.114821428595,0.317976190476667,0.495357142856667,1641.60928571852,-3.07571428571665,-4.61702380951667
UKCO6,United Kingdom,UK,UKH,UKH3,UKH34,Essex Haven Gateway,20.114821428595,0.317976190476667,0.495357142856667,1641.60928571852,-3.07571428571665,-4.61702380951667
UKCO7,United Kingdom,UK,UKH,UKH3,UKH34,Essex Haven Gateway,20.114821428595,0.317976190476667,0.495357142856667,1641.60928571852,-3.07571428571665,-4.61702380951667
UKCO8,United Kingdom,UK,UKH,UKH3,UKH34,Essex Haven Gateway,20.114821428595,0.317976190476667,0.495357142856667,1641.60928571852,-3.07571428571665,-4.61702380951667
UKCO9,United Kingdom,UK,UKH,UKH3,UKH34,Essex Haven Gateway,20.114821428595,0.317976190476667,0.495357142856667,1641.60928571852,-3.07571428571665,-4.61702380951667
UKCV1,United Kingdom,UK,UKG,UKG3,UKG33,Coventry,11.98125,0.204166666666667,0.364166666666667,1671.14875,-2.96416666666665,-4.45166666666667
UKCV2,United Kingdom,UK,UKG,UKG3,UKG33,Coventry,11.98125,0.204166666666667,0.364166666666667,1671.14875,-2.96416666666665,-4.45166666666667
UKCV3,United Kingdom,UK,UKG,UKG3,UKG33,Coventry,11.98125,0.204166666666667,0.364166666666667,1671.14875,-2.96416666666665,-4.45166666666667
UKCV4,United Kingdom,UK,UKG,UKG3,UKG33,Coventry,11.98125,0.204166666666667,0.364166666666667,1671.14875,-2.96416666666665,-4.45166666666667
UKCV5,United Kingdom,UK,UKG,UKG3,UKG33,Coventry,11.98125,0.204166666666667,0.364166666666667,1671.14875,-2.96416666666665,-4.45166666666667
UKCV6,United Kingdom,UK,UKG,UKG3,UKG33,Coventry,11.98125,0.204166666666667,0.364166666666667,1671.14875,-2.96416666666665,-4.45166666666667
UKCV7,United Kingdom,UK,UKG,UKG3,UKG33,Coventry,11.98125,0.204166666666667,0.364166666666667,1671.14875,-2.96416666666665,-4.45166666666667
UKCV8,United Kingdom,UK,UKG,UKG3,UKG33,Coventry,11.98125,0.204166666666667,0.364166666666667,1671.14875,-2.96416666666665,-4.45166666666667
UKDY3,United Kingdom,UK,UKG,UKG3,UKG39,Wolverhampton,7.0975,0.138333333333333,0.266666666666667,1709.1425,-2.88499999999998,-4.35
UKWS10,United Kingdom,UK,UKG,UKG3,UKG39,Wolverhampton,7.0975,0.138333333333333,0.266666666666667,1709.1425,-2.88499999999998,-4.35
UKWV1,United Kingdom,UK,UKG,UKG3,UKG39,Wolverhampton,7.0975,0.138333333333333,0.266666666666667,1709.1425,-2.88499999999998,-4.35
UKWV10,United Kingdom,UK,UKG,UKG3,UKG39,Wolverhampton,7.0975,0.138333333333333,0.266666666666667,1709.1425,-2.88499999999998,-4.35
UKWV11,United Kingdom,UK,UKG,UKG3,UKG39,Wolverhampton,7.0975,0.138333333333333,0.266666666666667,1709.1425,-2.88499999999998,-4.35
UKWV12,United Kingdom,UK,UKG,UKG3,UKG39,Wolverhampton,7.0975,0.138333333333333,0.266666666666667,1709.1425,-2.88499999999998,-4.35
UKWV13,United Kingdom,UK,UKG,UKG3,UKG39,Wolverhampton,7.0975,0.138333333333333,0.266666666666667,1709.1425,-2.88499999999998,-4.35
UKWV14,United Kingdom,UK,UKG,UKG3,UKG39,Wolverhampton,7.0975,0.138333333333333,0.266666666666667,1709.1425,-2.88499999999998,-4.35
UKWV2,United Kingdom,UK,UKG,UKG3,UKG39,Wolverhampton,7.0975,0.138333333333333,0.266666666666667,1709.1425,-2.88499999999998,-4.35
UKWV3,United Kingdom,UK,UKG,UKG3,UKG39,Wolverhampton,7.0975,0.138333333333333,0.266666666666667,1709.1425,-2.88499999999998,-4.35
UKWV4,United Kingdom,UK,UKG,UKG3,UKG39,Wolverhampton,7.0975,0.138333333333333,0.266666666666667,1709.1425,-2.88499999999998,-4.35
UKWV6,United Kingdom,UK,UKG,UKG3,UKG39,Wolverhampton,7.0975,0.138333333333333,0.266666666666667,1709.1425,-2.88499999999998,-4.35
UKWV8,United Kingdom,UK,UKG,UKG3,UKG39,Wolverhampton,7.0975,0.138333333333333,0.266666666666667,1709.1425,-2.88499999999998,-4.35
UKWV9,United Kingdom,UK,UKG,UKG3,UKG39,Wolverhampton,7.0975,0.138333333333333,0.266666666666667,1709.1425,-2.88499999999998,-4.35
UKWV98,United Kingdom,UK,UKG,UKG3,UKG39,Wolverhampton,7.0975,0.138333333333333,0.266666666666667,1709.1425,-2.88499999999998,-4.35
UKEC4A,United Kingdom,UK,UKI,UKI3,UKI32,Westminster,25.1625,0.341666666666667,0.566666666666667,1521.3525,-2.83833333333333,-4.27333333333332
UKEC4Y,United Kingdom,UK,UKI,UKI3,UKI32,Westminster,25.1625,0.341666666666667,0.566666666666667,1521.3525,-2.83833333333333,-4.27333333333332
UKNW1,United Kingdom,UK,UKI,UKI3,UKI32,Westminster,25.1625,0.341666666666667,0.566666666666667,1521.3525,-2.83833333333333,-4.27333333333332
UKNW6,United Kingdom,UK,UKI,UKI3,UKI32,Westminster,25.1625,0.341666666666667,0.566666666666667,1521.3525,-2.83833333333333,-4.27333333333332
UKNW8,United Kingdom,UK,UKI,UKI3,UKI32,Westminster,25.1625,0.341666666666667,0.566666666666667,1521.3525,-2.83833333333333,-4.27333333333332
UKSW1A,United Kingdom,UK,UKI,UKI3,UKI32,Westminster,25.1625,0.341666666666667,0.566666666666667,1521.3525,-2.83833333333333,-4.27333333333332
UKSW1E,United Kingdom,UK,UKI,UKI3,UKI32,Westminster,25.1625,0.341666666666667,0.566666666666667,1521.3525,-2.83833333333333,-4.27333333333332
UKSW1H,United Kingdom,UK,UKI,UKI3,UKI32,Westminster,25.1625,0.341666666666667,0.566666666666667,1521.3525,-2.83833333333333,-4.27333333333332
UKSW1P,United Kingdom,UK,UKI,UKI3,UKI32,Westminster,25.1625,0.341666666666667,0.566666666666667,1521.3525,-2.83833333333333,-4.27333333333332
UKSW1V,United Kingdom,UK,UKI,UKI3,UKI32,Westminster,25.1625,0.341666666666667,0.566666666666667,1521.3525,-2.83833333333333,-4.27333333333332
UKSW1W,United Kingdom,UK,UKI,UKI3,UKI32,Westminster,25.1625,0.341666666666667,0.566666666666667,1521.3525,-2.83833333333333,-4.27333333333332
UKSW1X,United Kingdom,UK,UKI,UKI3,UKI32,Westminster,25.1625,0.341666666666667,0.566666666666667,1521.3525,-2.83833333333333,-4.27333333333332
UKSW1Y,United Kingdom,UK,UKI,UKI3,UKI32,Westminster,25.1625,0.341666666666667,0.566666666666667,1521.3525,-2.83833333333333,-4.27333333333332
UKSW3,United Kingdom,UK,UKI,UKI3,UKI32,Westminster,25.1625,0.341666666666667,0.566666666666667,1521.3525,-2.83833333333333,-4.27333333333332
UKSW7,United Kingdom,UK,UKI,UKI3,UKI32,Westminster,25.1625,0.341666666666667,0.566666666666667,1521.3525,-2.83833333333333,-4.27333333333332
UKW10,United Kingdom,UK,UKI,UKI3,UKI32,Westminster,25.1625,0.341666666666667,0.566666666666667,1521.3525,-2.83833333333333,-4.27333333333332
UKW11,United Kingdom,UK,UKI,UKI3,UKI32,Westminster,25.1625,0.341666666666667,0.566666666666667,1521.3525,-2.83833333333333,-4.27333333333332
UKW1A,United Kingdom,UK,UKI,UKI3,UKI32,Westminster,25.1625,0.341666666666667,0.566666666666667,1521.3525,-2.83833333333333,-4.27333333333332
UKW1B,United Kingdom,UK,UKI,UKI3,UKI32,Westminster,25.1625,0.341666666666667,0.566666666666667,1521.3525,-2.83833333333333,-4.27333333333332
UKW1C,United Kingdom,UK,UKI,UKI3,UKI32,Westminster,25.1625,0.341666666666667,0.566666666666667,1521.3525,-2.83833333333333,-4.27333333333332
UKW1D,United Kingdom,UK,UKI,UKI3,UKI32,Westminster,25.1625,0.341666666666667,0.566666666666667,1521.3525,-2.83833333333333,-4.27333333333332
UKW1F,United Kingdom,UK,UKI,UKI3,UKI32,Westminster,25.1625,0.341666666666667,0.566666666666667,1521.3525,-2.83833333333333,-4.27333333333332
UKW1G,United Kingdom,UK,UKI,UKI3,UKI32,Westminster,25.1625,0.341666666666667,0.566666666666667,1521.3525,-2.83833333333333,-4.27333333333332
UKW1H,United Kingdom,UK,UKI,UKI3,UKI32,Westminster,25.1625,0.341666666666667,0.566666666666667,1521.3525,-2.83833333333333,-4.27333333333332
UKW1J,United Kingdom,UK,UKI,UKI3,UKI32,Westminster,25.1625,0.341666666666667,0.566666666666667,1521.3525,-2.83833333333333,-4.27333333333332
UKW1K,United Kingdom,UK,UKI,UKI3,UKI32,Westminster,25.1625,0.341666666666667,0.566666666666667,1521.3525,-2.83833333333333,-4.27333333333332
UKW1S,United Kingdom,UK,UKI,UKI3,UKI32,Westminster,25.1625,0.341666666666667,0.566666666666667,1521.3525,-2.83833333333333,-4.27333333333332
UKW1T,United Kingdom,UK,UKI,UKI3,UKI32,Westminster,25.1625,0.341666666666667,0.566666666666667,1521.3525,-2.83833333333333,-4.27333333333332
UKW1U,United Kingdom,UK,UKI,UKI3,UKI32,Westminster,25.1625,0.341666666666667,0.566666666666667,1521.3525,-2.83833333333333,-4.27333333333332
UKW1W,United Kingdom,UK,UKI,UKI3,UKI32,Westminster,25.1625,0.341666666666667,0.566666666666667,1521.3525,-2.83833333333333,-4.27333333333332
UKW2,United Kingdom,UK,UKI,UKI3,UKI32,Westminster,25.1625,0.341666666666667,0.566666666666667,1521.3525,-2.83833333333333,-4.27333333333332
UKW9,United Kingdom,UK,UKI,UKI3,UKI32,Westminster,25.1625,0.341666666666667,0.566666666666667,1521.3525,-2.83833333333333,-4.27333333333332
UKWC2A,United Kingdom,UK,UKI,UKI3,UKI32,Westminster,25.1625,0.341666666666667,0.566666666666667,1521.3525,-2.83833333333333,-4.27333333333332
UKWC2B,United Kingdom,UK,UKI,UKI3,UKI32,Westminster,25.1625,0.341666666666667,0.566666666666667,1521.3525,-2.83833333333333,-4.27333333333332
UKWC2E,United Kingdom,UK,UKI,UKI3,UKI32,Westminster,25.1625,0.341666666666667,0.566666666666667,1521.3525,-2.83833333333333,-4.27333333333332
UKWC2H,United Kingdom,UK,UKI,UKI3,UKI32,Westminster,25.1625,0.341666666666667,0.566666666666667,1521.3525,-2.83833333333333,-4.27333333333332
UKWC2N,United Kingdom,UK,UKI,UKI3,UKI32,Westminster,25.1625,0.341666666666667,0.566666666666667,1521.3525,-2.83833333333333,-4.27333333333332
UKWC2R,United Kingdom,UK,UKI,UKI3,UKI32,Westminster,25.1625,0.341666666666667,0.566666666666667,1521.3525,-2.83833333333333,-4.27333333333332
UKE1,United Kingdom,UK,UKI,UKI4,UKI41,Hackney and Newham,25.1625,0.341666666666667,0.566666666666667,1521.3525,-2.83833333333333,-4.27333333333332
UKE12,United Kingdom,UK,UKI,UKI4,UKI41,Hackney and Newham,25.1625,0.341666666666667,0.566666666666667,1521.3525,-2.83833333333333,-4.27333333333332
UKE13,United Kingdom,UK,UKI,UKI4,UKI41,Hackney and Newham,25.1625,0.341666666666667,0.566666666666667,1521.3525,-2.83833333333333,-4.27333333333332
UKE15,United Kingdom,UK,UKI,UKI4,UKI41,Hackney and Newham,25.1625,0.341666666666667,0.566666666666667,1521.3525,-2.83833333333333,-4.27333333333332
UKE16,United Kingdom,UK,UKI,UKI4,UKI41,Hackney and Newham,25.1625,0.341666666666667,0.566666666666667,1521.3525,-2.83833333333333,-4.27333333333332
UKE2,United Kingdom,UK,UKI,UKI4,UKI41,Hackney and Newham,25.1625,0.341666666666667,0.566666666666667,1521.3525,-2.83833333333333,-4.27333333333332
UKE20,United Kingdom,UK,UKI,UKI4,UKI41,Hackney and Newham,25.1625,0.341666666666667,0.566666666666667,1521.3525,-2.83833333333333,-4.27333333333332
UKE3,United Kingdom,UK,UKI,UKI4,UKI41,Hackney and Newham,25.1625,0.341666666666667,0.566666666666667,1521.3525,-2.83833333333333,-4.27333333333332
UKE5,United Kingdom,UK,UKI,UKI4,UKI41,Hackney and Newham,25.1625,0.341666666666667,0.566666666666667,1521.3525,-2.83833333333333,-4.27333333333332
UKE6,United Kingdom,UK,UKI,UKI4,UKI41,Hackney and Newham,25.1625,0.341666666666667,0.566666666666667,1521.3525,-2.83833333333333,-4.27333333333332
UKE7,United Kingdom,UK,UKI,UKI4,UKI41,Hackney and Newham,25.1625,0.341666666666667,0.566666666666667,1521.3525,-2.83833333333333,-4.27333333333332
UKE8,United Kingdom,UK,UKI,UKI4,UKI41,Hackney and Newham,25.1625,0.341666666666667,0.566666666666667,1521.3525,-2.83833333333333,-4.27333333333332
UKE9,United Kingdom,UK,UKI,UKI4,UKI41,Hackney and Newham,25.1625,0.341666666666667,0.566666666666667,1521.3525,-2.83833333333333,-4.27333333333332
UKEC1V,United Kingdom,UK,UKI,UKI4,UKI41,Hackney and Newham,25.1625,0.341666666666667,0.566666666666667,1521.3525,-2.83833333333333,-4.27333333333332
UKEC2A,United Kingdom,UK,UKI,UKI4,UKI41,Hackney and Newham,25.1625,0.341666666666667,0.566666666666667,1521.3525,-2.83833333333333,-4.27333333333332
UKEC2M,United Kingdom,UK,UKI,UKI4,UKI41,Hackney and Newham,25.1625,0.341666666666667,0.566666666666667,1521.3525,-2.83833333333333,-4.27333333333332
UKIG11,United Kingdom,UK,UKI,UKI4,UKI41,Hackney and Newham,25.1625,0.341666666666667,0.566666666666667,1521.3525,-2.83833333333333,-4.27333333333332
UKN1,United Kingdom,UK,UKI,UKI4,UKI41,Hackney and Newham,25.1625,0.341666666666667,0.566666666666667,1521.3525,-2.83833333333333,-4.27333333333332
UKN15,United Kingdom,UK,UKI,UKI4,UKI41,Hackney and Newham,25.1625,0.341666666666667,0.566666666666667,1521.3525,-2.83833333333333,-4.27333333333332
UKN16,United Kingdom,UK,UKI,UKI4,UKI41,Hackney and Newham,25.1625,0.341666666666667,0.566666666666667,1521.3525,-2.83833333333333,-4.27333333333332
UKN4,United Kingdom,UK,UKI,UKI4,UKI41,Hackney and Newham,25.1625,0.341666666666667,0.566666666666667,1521.3525,-2.83833333333333,-4.27333333333332
UKN5,United Kingdom,UK,UKI,UKI4,UKI41,Hackney and Newham,25.1625,0.341666666666667,0.566666666666667,1521.3525,-2.83833333333333,-4.27333333333332
UKN81,United Kingdom,UK,UKI,UKI4,UKI41,Hackney and Newham,25.1625,0.341666666666667,0.566666666666667,1521.3525,-2.83833333333333,-4.27333333333332
UKGL56,United Kingdom,UK,UKJ,UKJ1,UKJ14,Oxfordshire,16.9414285713999,0.273333333333332,0.465380952381667,1623.25578571,-2.90966666666667,-4.40404761904998
UKGL7,United Kingdom,UK,UKJ,UKJ1,UKJ14,Oxfordshire,16.9414285713999,0.273333333333332,0.465380952381667,1623.25578571,-2.90966666666667,-4.40404761904998
UKHP14,United Kingdom,UK,UKJ,UKJ1,UKJ14,Oxfordshire,16.9414285713999,0.273333333333332,0.465380952381667,1623.25578571,-2.90966666666667,-4.40404761904998
UKHP18,United Kingdom,UK,UKJ,UKJ1,UKJ14,Oxfordshire,16.9414285713999,0.273333333333332,0.465380952381667,1623.25578571,-2.90966666666667,-4.40404761904998
UKMK18,United Kingdom,UK,UKJ,UKJ1,UKJ14,Oxfordshire,16.9414285713999,0.273333333333332,0.465380952381667,1623.25578571,-2.90966666666667,-4.40404761904998
UKNN13,United Kingdom,UK,UKJ,UKJ1,UKJ14,Oxfordshire,16.9414285713999,0.273333333333332,0.465380952381667,1623.25578571,-2.90966666666667,-4.40404761904998
UKOX1,United Kingdom,UK,UKJ,UKJ1,UKJ14,Oxfordshire,16.9414285713999,0.273333333333332,0.465380952381667,1623.25578571,-2.90966666666667,-4.40404761904998
UKOX10,United Kingdom,UK,UKJ,UKJ1,UKJ14,Oxfordshire,16.9414285713999,0.273333333333332,0.465380952381667,1623.25578571,-2.90966666666667,-4.40404761904998
UKOX11,United Kingdom,UK,UKJ,UKJ1,UKJ14,Oxfordshire,16.9414285713999,0.273333333333332,0.465380952381667,1623.25578571,-2.90966666666667,-4.40404761904998
UKOX12,United Kingdom,UK,UKJ,UKJ1,UKJ14,Oxfordshire,16.9414285713999,0.273333333333332,0.465380952381667,1623.25578571,-2.90966666666667,-4.40404761904998
UKOX13,United Kingdom,UK,UKJ,UKJ1,UKJ14,Oxfordshire,16.9414285713999,0.273333333333332,0.465380952381667,1623.25578571,-2.90966666666667,-4.40404761904998
UKOX14,United Kingdom,UK,UKJ,UKJ1,UKJ14,Oxfordshire,16.9414285713999,0.273333333333332,0.465380952381667,1623.25578571,-2.90966666666667,-4.40404761904998
UKOX15,United Kingdom,UK,UKJ,UKJ1,UKJ14,Oxfordshire,16.9414285713999,0.273333333333332,0.465380952381667,1623.25578571,-2.90966666666667,-4.40404761904998
UKOX16,United Kingdom,UK,UKJ,UKJ1,UKJ14,Oxfordshire,16.9414285713999,0.273333333333332,0.465380952381667,1623.25578571,-2.90966666666667,-4.40404761904998
UKOX17,United Kingdom,UK,UKJ,UKJ1,UKJ14,Oxfordshire,16.9414285713999,0.273333333333332,0.465380952381667,1623.25578571,-2.90966666666667,-4.40404761904998
UKOX18,United Kingdom,UK,UKJ,UKJ1,UKJ14,Oxfordshire,16.9414285713999,0.273333333333332,0.465380952381667,1623.25578571,-2.90966666666667,-4.40404761904998
UKOX2,United Kingdom,UK,UKJ,UKJ1,UKJ14,Oxfordshire,16.9414285713999,0.273333333333332,0.465380952381667,1623.25578571,-2.90966666666667,-4.40404761904998
UKOX20,United Kingdom,UK,UKJ,UKJ1,UKJ14,Oxfordshire,16.9414285713999,0.273333333333332,0.465380952381667,1623.25578571,-2.90966666666667,-4.40404761904998
UKOX25,United Kingdom,UK,UKJ,UKJ1,UKJ14,Oxfordshire,16.9414285713999,0.273333333333332,0.465380952381667,1623.25578571,-2.90966666666667,-4.40404761904998
UKOX26,United Kingdom,UK,UKJ,UKJ1,UKJ14,Oxfordshire,16.9414285713999,0.273333333333332,0.465380952381667,1623.25578571,-2.90966666666667,-4.40404761904998
UKOX27,United Kingdom,UK,UKJ,UKJ1,UKJ14,Oxfordshire,16.9414285713999,0.273333333333332,0.465380952381667,1623.25578571,-2.90966666666667,-4.40404761904998
UKOX28,United Kingdom,UK,UKJ,UKJ1,UKJ14,Oxfordshire,16.9414285713999,0.273333333333332,0.465380952381667,1623.25578571,-2.90966666666667,-4.40404761904998
UKOX29,United Kingdom,UK,UKJ,UKJ1,UKJ14,Oxfordshire,16.9414285713999,0.273333333333332,0.465380952381667,1623.25578571,-2.90966666666667,-4.40404761904998
UKOX3,United Kingdom,UK,UKJ,UKJ1,UKJ14,Oxfordshire,16.9414285713999,0.273333333333332,0.465380952381667,1623.25578571,-2.90966666666667,-4.40404761904998
UKOX33,United Kingdom,UK,UKJ,UKJ1,UKJ14,Oxfordshire,16.9414285713999,0.273333333333332,0.465380952381667,1623.25578571,-2.90966666666667,-4.40404761904998
UKOX39,United Kingdom,UK,UKJ,UKJ1,UKJ14,Oxfordshire,16.9414285713999,0.273333333333332,0.465380952381667,1623.25578571,-2.90966666666667,-4.40404761904998
UKOX4,United Kingdom,UK,UKJ,UKJ1,UKJ14,Oxfordshire,16.9414285713999,0.273333333333332,0.465380952381667,1623.25578571,-2.90966666666667,-4.40404761904998
UKOX44,United Kingdom,UK,UKJ,UKJ1,UKJ14,Oxfordshire,16.9414285713999,0.273333333333332,0.465380952381667,1623.25578571,-2.90966666666667,-4.40404761904998
UKOX49,United Kingdom,UK,UKJ,UKJ1,UKJ14,Oxfordshire,16.9414285713999,0.273333333333332,0.465380952381667,1623.25578571,-2.90966666666667,-4.40404761904998
UKOX5,United Kingdom,UK,UKJ,UKJ1,UKJ14,Oxfordshire,16.9414285713999,0.273333333333332,0.465380952381667,1623.25578571,-2.90966666666667,-4.40404761904998
UKOX7,United Kingdom,UK,UKJ,UKJ1,UKJ14,Oxfordshire,16.9414285713999,0.273333333333332,0.465380952381667,1623.25578571,-2.90966666666667,-4.40404761904998
UKOX9,United Kingdom,UK,UKJ,UKJ1,UKJ14,Oxfordshire,16.9414285713999,0.273333333333332,0.465380952381667,1623.25578571,-2.90966666666667,-4.40404761904998
UKRG17,United Kingdom,UK,UKJ,UKJ1,UKJ14,Oxfordshire,16.9414285713999,0.273333333333332,0.465380952381667,1623.25578571,-2.90966666666667,-4.40404761904998
UKRG4,United Kingdom,UK,UKJ,UKJ1,UKJ14,Oxfordshire,16.9414285713999,0.273333333333332,0.465380952381667,1623.25578571,-2.90966666666667,-4.40404761904998
UKRG8,United Kingdom,UK,UKJ,UKJ1,UKJ14,Oxfordshire,16.9414285713999,0.273333333333332,0.465380952381667,1623.25578571,-2.90966666666667,-4.40404761904998
UKRG9,United Kingdom,UK,UKJ,UKJ1,UKJ14,Oxfordshire,16.9414285713999,0.273333333333332,0.465380952381667,1623.25578571,-2.90966666666667,-4.40404761904998
UKSN6,United Kingdom,UK,UKJ,UKJ1,UKJ14,Oxfordshire,16.9414285713999,0.273333333333332,0.465380952381667,1623.25578571,-2.90966666666667,-4.40404761904998
UKSN7,United Kingdom,UK,UKJ,UKJ1,UKJ14,Oxfordshire,16.9414285713999,0.273333333333332,0.465380952381667,1623.25578571,-2.90966666666667,-4.40404761904998
UKG1,United Kingdom,UK,UKM,UKM8,UKM82,Glasgow City,0.5925,0.015,0.0416666666666667,1827.26749999999,-3.06833333333332,-4.39499999999998
UKG11,United Kingdom,UK,UKM,UKM8,UKM82,Glasgow City,0.5925,0.015,0.0416666666666667,1827.26749999999,-3.06833333333332,-4.39499999999998
UKG12,United Kingdom,UK,UKM,UKM8,UKM82,Glasgow City,0.5925,0.015,0.0416666666666667,1827.26749999999,-3.06833333333332,-4.39499999999998
UKG13,United Kingdom,UK,UKM,UKM8,UKM82,Glasgow City,0.5925,0.015,0.0416666666666667,1827.26749999999,-3.06833333333332,-4.39499999999998
UKG14,United Kingdom,UK,UKM,UKM8,UKM82,Glasgow City,0.5925,0.015,0.0416666666666667,1827.26749999999,-3.06833333333332,-4.39499999999998
UKG15,United Kingdom,UK,UKM,UKM8,UKM82,Glasgow City,0.5925,0.015,0.0416666666666667,1827.26749999999,-3.06833333333332,-4.39499999999998
UKG2,United Kingdom,UK,UKM,UKM8,UKM82,Glasgow City,0.5925,0.015,0.0416666666666667,1827.26749999999,-3.06833333333332,-4.39499999999998
UKG20,United Kingdom,UK,UKM,UKM8,UKM82,Glasgow City,0.5925,0.015,0.0416666666666667,1827.26749999999,-3.06833333333332,-4.39499999999998
UKG21,United Kingdom,UK,UKM,UKM8,UKM82,Glasgow City,0.5925,0.015,0.0416666666666667,1827.26749999999,-3.06833333333332,-4.39499999999998
UKG22,United Kingdom,UK,UKM,UKM8,UKM82,Glasgow City,0.5925,0.015,0.0416666666666667,1827.26749999999,-3.06833333333332,-4.39499999999998
UKG23,United Kingdom,UK,UKM,UKM8,UKM82,Glasgow City,0.5925,0.015,0.0416666666666667,1827.26749999999,-3.06833333333332,-4.39499999999998
UKG3,United Kingdom,UK,UKM,UKM8,UKM82,Glasgow City,0.5925,0.015,0.0416666666666667,1827.26749999999,-3.06833333333332,-4.39499999999998
UKG31,United Kingdom,UK,UKM,UKM8,UKM82,Glasgow City,0.5925,0.015,0.0416666666666667,1827.26749999999,-3.06833333333332,-4.39499999999998
UKG32,United Kingdom,UK,UKM,UKM8,UKM82,Glasgow City,0.5925,0.015,0.0416666666666667,1827.26749999999,-3.06833333333332,-4.39499999999998
UKG33,United Kingdom,UK,UKM,UKM8,UKM82,Glasgow City,0.5925,0.015,0.0416666666666667,1827.26749999999,-3.06833333333332,-4.39499999999998
UKG34,United Kingdom,UK,UKM,UKM8,UKM82,Glasgow City,0.5925,0.015,0.0416666666666667,1827.26749999999,-3.06833333333332,-4.39499999999998
UKG4,United Kingdom,UK,UKM,UKM8,UKM82,Glasgow City,0.5925,0.015,0.0416666666666667,1827.26749999999,-3.06833333333332,-4.39499999999998
UKG40,United Kingdom,UK,UKM,UKM8,UKM82,Glasgow City,0.5925,0.015,0.0416666666666667,1827.26749999999,-3.06833333333332,-4.39499999999998
UKG41,United Kingdom,UK,UKM,UKM8,UKM82,Glasgow City,0.5925,0.015,0.0416666666666667,1827.26749999999,-3.06833333333332,-4.39499999999998
UKG42,United Kingdom,UK,UKM,UKM8,UKM82,Glasgow City,0.5925,0.015,0.0416666666666667,1827.26749999999,-3.06833333333332,-4.39499999999998
UKG43,United Kingdom,UK,UKM,UKM8,UKM82,Glasgow City,0.5925,0.015,0.0416666666666667,1827.26749999999,-3.06833333333332,-4.39499999999998
UKG44,United Kingdom,UK,UKM,UKM8,UKM82,Glasgow City,0.5925,0.015,0.0416666666666667,1827.26749999999,-3.06833333333332,-4.39499999999998
UKG45,United Kingdom,UK,UKM,UKM8,UKM82,Glasgow City,0.5925,0.015,0.0416666666666667,1827.26749999999,-3.06833333333332,-4.39499999999998
UKG46,United Kingdom,UK,UKM,UKM8,UKM82,Glasgow City,0.5925,0.015,0.0416666666666667,1827.26749999999,-3.06833333333332,-4.39499999999998
UKG5,United Kingdom,UK,UKM,UKM8,UKM82,Glasgow City,0.5925,0.015,0.0416666666666667,1827.26749999999,-3.06833333333332,-4.39499999999998
UKG51,United Kingdom,UK,UKM,UKM8,UKM82,Glasgow City,0.5925,0.015,0.0416666666666667,1827.26749999999,-3.06833333333332,-4.39499999999998
UKG52,United Kingdom,UK,UKM,UKM8,UKM82,Glasgow City,0.5925,0.015,0.0416666666666667,1827.26749999999,-3.06833333333332,-4.39499999999998
UKG53,United Kingdom,UK,UKM,UKM8,UKM82,Glasgow City,0.5925,0.015,0.0416666666666667,1827.26749999999,-3.06833333333332,-4.39499999999998
UKG58,United Kingdom,UK,UKM,UKM8,UKM82,Glasgow City,0.5925,0.015,0.0416666666666667,1827.26749999999,-3.06833333333332,-4.39499999999998
UKG61,United Kingdom,UK,UKM,UKM8,UKM82,Glasgow City,0.5925,0.015,0.0416666666666667,1827.26749999999,-3.06833333333332,-4.39499999999998
UKG62,United Kingdom,UK,UKM,UKM8,UKM82,Glasgow City,0.5925,0.015,0.0416666666666667,1827.26749999999,-3.06833333333332,-4.39499999999998
UKG64,United Kingdom,UK,UKM,UKM8,UKM82,Glasgow City,0.5925,0.015,0.0416666666666667,1827.26749999999,-3.06833333333332,-4.39499999999998
UKG69,United Kingdom,UK,UKM,UKM8,UKM82,Glasgow City,0.5925,0.015,0.0416666666666667,1827.26749999999,-3.06833333333332,-4.39499999999998
UKG71,United Kingdom,UK,UKM,UKM8,UKM82,Glasgow City,0.5925,0.015,0.0416666666666667,1827.26749999999,-3.06833333333332,-4.39499999999998
UKG72,United Kingdom,UK,UKM,UKM8,UKM82,Glasgow City,0.5925,0.015,0.0416666666666667,1827.26749999999,-3.06833333333332,-4.39499999999998
UKG73,United Kingdom,UK,UKM,UKM8,UKM82,Glasgow City,0.5925,0.015,0.0416666666666667,1827.26749999999,-3.06833333333332,-4.39499999999998
UKG76,United Kingdom,UK,UKM,UKM8,UKM82,Glasgow City,0.5925,0.015,0.0416666666666667,1827.26749999999,-3.06833333333332,-4.39499999999998
UKG78,United Kingdom,UK,UKM,UKM8,UKM82,Glasgow City,0.5925,0.015,0.0416666666666667,1827.26749999999,-3.06833333333332,-4.39499999999998
UKG81,United Kingdom,UK,UKM,UKM8,UKM82,Glasgow City,0.5925,0.015,0.0416666666666667,1827.26749999999,-3.06833333333332,-4.39499999999998
UKG9,United Kingdom,UK,UKM,UKM8,UKM82,Glasgow City,0.5925,0.015,0.0416666666666667,1827.26749999999,-3.06833333333332,-4.39499999999998
UKG90,United Kingdom,UK,UKM,UKM8,UKM82,Glasgow City,0.5925,0.015,0.0416666666666667,1827.26749999999,-3.06833333333332,-4.39499999999998
UKIV1,United Kingdom,UK,UKM,UKM6,UKM61,Caithness & Sutherland and Ross & Cromarty,0.011047979797985,0.000462962962963333,0.00287037037036667,1929.60232323215,-3.50296296296667,-4.96034511785
UKIV10,United Kingdom,UK,UKM,UKM6,UKM61,Caithness & Sutherland and Ross & Cromarty,0.011047979797985,0.000462962962963333,0.00287037037036667,1929.60232323215,-3.50296296296667,-4.96034511785
UKIV11,United Kingdom,UK,UKM,UKM6,UKM61,Caithness & Sutherland and Ross & Cromarty,0.011047979797985,0.000462962962963333,0.00287037037036667,1929.60232323215,-3.50296296296667,-4.96034511785
UKIV14,United Kingdom,UK,UKM,UKM6,UKM61,Caithness & Sutherland and Ross & Cromarty,0.011047979797985,0.000462962962963333,0.00287037037036667,1929.60232323215,-3.50296296296667,-4.96034511785
UKIV15,United Kingdom,UK,UKM,UKM6,UKM61,Caithness & Sutherland and Ross & Cromarty,0.011047979797985,0.000462962962963333,0.00287037037036667,1929.60232323215,-3.50296296296667,-4.96034511785
UKIV16,United Kingdom,UK,UKM,UKM6,UKM61,Caithness & Sutherland and Ross & Cromarty,0.011047979797985,0.000462962962963333,0.00287037037036667,1929.60232323215,-3.50296296296667,-4.96034511785
UKIV17,United Kingdom,UK,UKM,UKM6,UKM61,Caithness & Sutherland and Ross & Cromarty,0.011047979797985,0.000462962962963333,0.00287037037036667,1929.60232323215,-3.50296296296667,-4.96034511785
UKIV18,United Kingdom,UK,UKM,UKM6,UKM61,Caithness & Sutherland and Ross & Cromarty,0.011047979797985,0.000462962962963333,0.00287037037036667,1929.60232323215,-3.50296296296667,-4.96034511785
UKIV19,United Kingdom,UK,UKM,UKM6,UKM61,Caithness & Sutherland and Ross & Cromarty,0.011047979797985,0.000462962962963333,0.00287037037036667,1929.60232323215,-3.50296296296667,-4.96034511785
UKIV20,United Kingdom,UK,UKM,UKM6,UKM61,Caithness & Sutherland and Ross & Cromarty,0.011047979797985,0.000462962962963333,0.00287037037036667,1929.60232323215,-3.50296296296667,-4.96034511785
UKIV21,United Kingdom,UK,UKM,UKM6,UKM61,Caithness & Sutherland and Ross & Cromarty,0.011047979797985,0.000462962962963333,0.00287037037036667,1929.60232323215,-3.50296296296667,-4.96034511785
UKIV22,United Kingdom,UK,UKM,UKM6,UKM61,Caithness & Sutherland and Ross & Cromarty,0.011047979797985,0.000462962962963333,0.00287037037036667,1929.60232323215,-3.50296296296667,-4.96034511785
UKIV23,United Kingdom,UK,UKM,UKM6,UKM61,Caithness & Sutherland and Ross & Cromarty,0.011047979797985,0.000462962962963333,0.00287037037036667,1929.60232323215,-3.50296296296667,-4.96034511785
UKIV24,United Kingdom,UK,UKM,UKM6,UKM61,Caithness & Sutherland and Ross & Cromarty,0.011047979797985,0.000462962962963333,0.00287037037036667,1929.60232323215,-3.50296296296667,-4.96034511785
UKIV25,United Kingdom,UK,UKM,UKM6,UKM61,Caithness & Sutherland and Ross & Cromarty,0.011047979797985,0.000462962962963333,0.00287037037036667,1929.60232323215,-3.50296296296667,-4.96034511785
UKIV26,United Kingdom,UK,UKM,UKM6,UKM61,Caithness & Sutherland and Ross & Cromarty,0.011047979797985,0.000462962962963333,0.00287037037036667,1929.60232323215,-3.50296296296667,-4.96034511785
UKIV27,United Kingdom,UK,UKM,UKM6,UKM61,Caithness & Sutherland and Ross & Cromarty,0.011047979797985,0.000462962962963333,0.00287037037036667,1929.60232323215,-3.50296296296667,-4.96034511785
UKIV28,United Kingdom,UK,UKM,UKM6,UKM61,Caithness & Sutherland and Ross & Cromarty,0.011047979797985,0.000462962962963333,0.00287037037036667,1929.60232323215,-3.50296296296667,-4.96034511785
UKIV4,United Kingdom,UK,UKM,UKM6,UKM61,Caithness & Sutherland and Ross & Cromarty,0.011047979797985,0.000462962962963333,0.00287037037036667,1929.60232323215,-3.50296296296667,-4.96034511785
UKIV54,United Kingdom,UK,UKM,UKM6,UKM61,Caithness & Sutherland and Ross & Cromarty,0.011047979797985,0.000462962962963333,0.00287037037036667,1929.60232323215,-3.50296296296667,-4.96034511785
UKIV6,United Kingdom,UK,UKM,UKM6,UKM61,Caithness & Sutherland and Ross & Cromarty,0.011047979797985,0.000462962962963333,0.00287037037036667,1929.60232323215,-3.50296296296667,-4.96034511785
UKIV7,United Kingdom,UK,UKM,UKM6,UKM61,Caithness & Sutherland and Ross & Cromarty,0.011047979797985,0.000462962962963333,0.00287037037036667,1929.60232323215,-3.50296296296667,-4.96034511785
UKIV8,United Kingdom,UK,UKM,UKM6,UKM61,Caithness & Sutherland and Ross & Cromarty,0.011047979797985,0.000462962962963333,0.00287037037036667,1929.60232323215,-3.50296296296667,-4.96034511785
UKIV9,United Kingdom,UK,UKM,UKM6,UKM61,Caithness & Sutherland and Ross & Cromarty,0.011047979797985,0.000462962962963333,0.00287037037036667,1929.60232323215,-3.50296296296667,-4.96034511785
UKKW1,United Kingdom,UK,UKM,UKM6,UKM61,Caithness & Sutherland and Ross & Cromarty,0.011047979797985,0.000462962962963333,0.00287037037036667,1929.60232323215,-3.50296296296667,-4.96034511785
UKKW10,United Kingdom,UK,UKM,UKM6,UKM61,Caithness & Sutherland and Ross & Cromarty,0.011047979797985,0.000462962962963333,0.00287037037036667,1929.60232323215,-3.50296296296667,-4.96034511785
UKKW11,United Kingdom,UK,UKM,UKM6,UKM61,Caithness & Sutherland and Ross & Cromarty,0.011047979797985,0.000462962962963333,0.00287037037036667,1929.60232323215,-3.50296296296667,-4.96034511785
UKKW12,United Kingdom,UK,UKM,UKM6,UKM61,Caithness & Sutherland and Ross & Cromarty,0.011047979797985,0.000462962962963333,0.00287037037036667,1929.60232323215,-3.50296296296667,-4.96034511785
UKKW13,United Kingdom,UK,UKM,UKM6,UKM61,Caithness & Sutherland and Ross & Cromarty,0.011047979797985,0.000462962962963333,0.00287037037036667,1929.60232323215,-3.50296296296667,-4.96034511785
UKKW14,United Kingdom,UK,UKM,UKM6,UKM61,Caithness & Sutherland and Ross & Cromarty,0.011047979797985,0.000462962962963333,0.00287037037036667,1929.60232323215,-3.50296296296667,-4.96034511785
UKKW2,United Kingdom,UK,UKM,UKM6,UKM61,Caithness & Sutherland and Ross & Cromarty,0.011047979797985,0.000462962962963333,0.00287037037036667,1929.60232323215,-3.50296296296667,-4.96034511785
UKKW3,United Kingdom,UK,UKM,UKM6,UKM61,Caithness & Sutherland and Ross & Cromarty,0.011047979797985,0.000462962962963333,0.00287037037036667,1929.60232323215,-3.50296296296667,-4.96034511785
UKKW5,United Kingdom,UK,UKM,UKM6,UKM61,Caithness & Sutherland and Ross & Cromarty,0.011047979797985,0.000462962962963333,0.00287037037036667,1929.60232323215,-3.50296296296667,-4.96034511785
UKKW6,United Kingdom,UK,UKM,UKM6,UKM61,Caithness & Sutherland and Ross & Cromarty,0.011047979797985,0.000462962962963333,0.00287037037036667,1929.60232323215,-3.50296296296667,-4.96034511785
UKKW7,United Kingdom,UK,UKM,UKM6,UKM61,Caithness & Sutherland and Ross & Cromarty,0.011047979797985,0.000462962962963333,0.00287037037036667,1929.60232323215,-3.50296296296667,-4.96034511785
UKKW8,United Kingdom,UK,UKM,UKM6,UKM61,Caithness & Sutherland and Ross & Cromarty,0.011047979797985,0.000462962962963333,0.00287037037036667,1929.60232323215,-3.50296296296667,-4.96034511785
UKKW9,United Kingdom,UK,UKM,UKM6,UKM61,Caithness & Sutherland and Ross & Cromarty,0.011047979797985,0.000462962962963333,0.00287037037036667,1929.60232323215,-3.50296296296667,-4.96034511785
UKCF15,United Kingdom,UK,UKL,UKL1,UKL15,Central Valleys,1.64821428571275,0.0464285714285,0.124285714285667,1682.58142856705,-2.65809523809998,-4.05380952381667
UKCF35,United Kingdom,UK,UKL,UKL1,UKL15,Central Valleys,1.64821428571275,0.0464285714285,0.124285714285667,1682.58142856705,-2.65809523809998,-4.05380952381667
UKCF37,United Kingdom,UK,UKL,UKL1,UKL15,Central Valleys,1.64821428571275,0.0464285714285,0.124285714285667,1682.58142856705,-2.65809523809998,-4.05380952381667
UKCF38,United Kingdom,UK,UKL,UKL1,UKL15,Central Valleys,1.64821428571275,0.0464285714285,0.124285714285667,1682.58142856705,-2.65809523809998,-4.05380952381667
UKCF39,United Kingdom,UK,UKL,UKL1,UKL15,Central Valleys,1.64821428571275,0.0464285714285,0.124285714285667,1682.58142856705,-2.65809523809998,-4.05380952381667
UKCF40,United Kingdom,UK,UKL,UKL1,UKL15,Central Valleys,1.64821428571275,0.0464285714285,0.124285714285667,1682.58142856705,-2.65809523809998,-4.05380952381667
UKCF41,United Kingdom,UK,UKL,UKL1,UKL15,Central Valleys,1.64821428571275,0.0464285714285,0.124285714285667,1682.58142856705,-2.65809523809998,-4.05380952381667
UKCF42,United Kingdom,UK,UKL,UKL1,UKL15,Central Valleys,1.64821428571275,0.0464285714285,0.124285714285667,1682.58142856705,-2.65809523809998,-4.05380952381667
UKCF43,United Kingdom,UK,UKL,UKL1,UKL15,Central Valleys,1.64821428571275,0.0464285714285,0.124285714285667,1682.58142856705,-2.65809523809998,-4.05380952381667
UKCF44,United Kingdom,UK,UKL,UKL1,UKL15,Central Valleys,1.64821428571275,0.0464285714285,0.124285714285667,1682.58142856705,-2.65809523809998,-4.05380952381667
UKCF45,United Kingdom,UK,UKL,UKL1,UKL15,Central Valleys,1.64821428571275,0.0464285714285,0.124285714285667,1682.58142856705,-2.65809523809998,-4.05380952381667
UKCF46,United Kingdom,UK,UKL,UKL1,UKL15,Central Valleys,1.64821428571275,0.0464285714285,0.124285714285667,1682.58142856705,-2.65809523809998,-4.05380952381667
UKCF47,United Kingdom,UK,UKL,UKL1,UKL15,Central Valleys,1.64821428571275,0.0464285714285,0.124285714285667,1682.58142856705,-2.65809523809998,-4.05380952381667
UKCF48,United Kingdom,UK,UKL,UKL1,UKL15,Central Valleys,1.64821428571275,0.0464285714285,0.124285714285667,1682.58142856705,-2.65809523809998,-4.05380952381667
UKCF72,United Kingdom,UK,UKL,UKL1,UKL15,Central Valleys,1.64821428571275,0.0464285714285,0.124285714285667,1682.58142856705,-2.65809523809998,-4.05380952381667
UKCF83,United Kingdom,UK,UKL,UKL1,UKL15,Central Valleys,1.64821428571275,0.0464285714285,0.124285714285667,1682.58142856705,-2.65809523809998,-4.05380952381667
UKSA11,United Kingdom,UK,UKL,UKL1,UKL15,Central Valleys,1.64821428571275,0.0464285714285,0.124285714285667,1682.58142856705,-2.65809523809998,-4.05380952381667
UKPL1,United Kingdom,UK,UKK,UKK4,UKK41,Plymouth,1.345,0.0433333333333333,0.125,1425.1925,-2.51833333333332,-3.82916666666667
UKPL2,United Kingdom,UK,UKK,UKK4,UKK41,Plymouth,1.345,0.0433333333333333,0.125,1425.1925,-2.51833333333332,-3.82916666666667
UKPL3,United Kingdom,UK,UKK,UKK4,UKK41,Plymouth,1.345,0.0433333333333333,0.125,1425.1925,-2.51833333333332,-3.82916666666667
UKPL4,United Kingdom,UK,UKK,UKK4,UKK41,Plymouth,1.345,0.0433333333333333,0.125,1425.1925,-2.51833333333332,-3.82916666666667
UKPL5,United Kingdom,UK,UKK,UKK4,UKK41,Plymouth,1.345,0.0433333333333333,0.125,1425.1925,-2.51833333333332,-3.82916666666667
UKPL6,United Kingdom,UK,UKK,UKK4,UKK41,Plymouth,1.345,0.0433333333333333,0.125,1425.1925,-2.51833333333332,-3.82916666666667
UKPL7,United Kingdom,UK,UKK,UKK4,UKK41,Plymouth,1.345,0.0433333333333333,0.125,1425.1925,-2.51833333333332,-3.82916666666667
UKPL8,United Kingdom,UK,UKK,UKK4,UKK41,Plymouth,1.345,0.0433333333333333,0.125,1425.1925,-2.51833333333332,-3.82916666666667
UKPL9,United Kingdom,UK,UKK,UKK4,UKK41,Plymouth,1.345,0.0433333333333333,0.125,1425.1925,-2.51833333333332,-3.82916666666667
UKPL95,United Kingdom,UK,UKK,UKK4,UKK41,Plymouth,1.345,0.0433333333333333,0.125,1425.1925,-2.51833333333332,-3.82916666666667
UKLE1,United Kingdom,UK,UKF,UKF2,UKF21,Leicester,11.69085714286,0.197333333333333,0.353761904761667,1685.13507143295,-2.98823809523333,-4.48204761904998
UKLE2,United Kingdom,UK,UKF,UKF2,UKF21,Leicester,11.69085714286,0.197333333333333,0.353761904761667,1685.13507143295,-2.98823809523333,-4.48204761904998
UKLE21,United Kingdom,UK,UKF,UKF2,UKF21,Leicester,11.69085714286,0.197333333333333,0.353761904761667,1685.13507143295,-2.98823809523333,-4.48204761904998
UKLE3,United Kingdom,UK,UKF,UKF2,UKF21,Leicester,11.69085714286,0.197333333333333,0.353761904761667,1685.13507143295,-2.98823809523333,-4.48204761904998
UKLE4,United Kingdom,UK,UKF,UKF2,UKF21,Leicester,11.69085714286,0.197333333333333,0.353761904761667,1685.13507143295,-2.98823809523333,-4.48204761904998
UKLE5,United Kingdom,UK,UKF,UKF2,UKF21,Leicester,11.69085714286,0.197333333333333,0.353761904761667,1685.13507143295,-2.98823809523333,-4.48204761904998
UKLE55,United Kingdom,UK,UKF,UKF2,UKF21,Leicester,11.69085714286,0.197333333333333,0.353761904761667,1685.13507143295,-2.98823809523333,-4.48204761904998
UKLE7,United Kingdom,UK,UKF,UKF2,UKF21,Leicester,11.69085714286,0.197333333333333,0.353761904761667,1685.13507143295,-2.98823809523333,-4.48204761904998
UKLE87,United Kingdom,UK,UKF,UKF2,UKF21,Leicester,11.69085714286,0.197333333333333,0.353761904761667,1685.13507143295,-2.98823809523333,-4.48204761904998
UKDN10,United Kingdom,UK,UKE,UKE1,UKE13,North and North East Lincolnshire,7.68535714286,0.148333333333333,0.2725,1634.56464286,-3.08166666666667,-4.57761904761667
UKDN14,United Kingdom,UK,UKE,UKE1,UKE13,North and North East Lincolnshire,7.68535714286,0.148333333333333,0.2725,1634.56464286,-3.08166666666667,-4.57761904761667
UKDN15,United Kingdom,UK,UKE,UKE1,UKE13,North and North East Lincolnshire,7.68535714286,0.148333333333333,0.2725,1634.56464286,-3.08166666666667,-4.57761904761667
UKDN16,United Kingdom,UK,UKE,UKE1,UKE13,North and North East Lincolnshire,7.68535714286,0.148333333333333,0.2725,1634.56464286,-3.08166666666667,-4.57761904761667
UKDN17,United Kingdom,UK,UKE,UKE1,UKE13,North and North East Lincolnshire,7.68535714286,0.148333333333333,0.2725,1634.56464286,-3.08166666666667,-4.57761904761667
UKDN18,United Kingdom,UK,UKE,UKE1,UKE13,North and North East Lincolnshire,7.68535714286,0.148333333333333,0.2725,1634.56464286,-3.08166666666667,-4.57761904761667
UKDN19,United Kingdom,UK,UKE,UKE1,UKE13,North and North East Lincolnshire,7.68535714286,0.148333333333333,0.2725,1634.56464286,-3.08166666666667,-4.57761904761667
UKDN20,United Kingdom,UK,UKE,UKE1,UKE13,North and North East Lincolnshire,7.68535714286,0.148333333333333,0.2725,1634.56464286,-3.08166666666667,-4.57761904761667
UKDN21,United Kingdom,UK,UKE,UKE1,UKE13,North and North East Lincolnshire,7.68535714286,0.148333333333333,0.2725,1634.56464286,-3.08166666666667,-4.57761904761667
UKDN31,United Kingdom,UK,UKE,UKE1,UKE13,North and North East Lincolnshire,7.68535714286,0.148333333333333,0.2725,1634.56464286,-3.08166666666667,-4.57761904761667
UKDN32,United Kingdom,UK,UKE,UKE1,UKE13,North and North East Lincolnshire,7.68535714286,0.148333333333333,0.2725,1634.56464286,-3.08166666666667,-4.57761904761667
UKDN33,United Kingdom,UK,UKE,UKE1,UKE13,North and North East Lincolnshire,7.68535714286,0.148333333333333,0.2725,1634.56464286,-3.08166666666667,-4.57761904761667
UKDN34,United Kingdom,UK,UKE,UKE1,UKE13,North and North East Lincolnshire,7.68535714286,0.148333333333333,0.2725,1634.56464286,-3.08166666666667,-4.57761904761667
UKDN35,United Kingdom,UK,UKE,UKE1,UKE13,North and North East Lincolnshire,7.68535714286,0.148333333333333,0.2725,1634.56464286,-3.08166666666667,-4.57761904761667
UKDN36,United Kingdom,UK,UKE,UKE1,UKE13,North and North East Lincolnshire,7.68535714286,0.148333333333333,0.2725,1634.56464286,-3.08166666666667,-4.57761904761667
UKDN37,United Kingdom,UK,UKE,UKE1,UKE13,North and North East Lincolnshire,7.68535714286,0.148333333333333,0.2725,1634.56464286,-3.08166666666667,-4.57761904761667
UKDN38,United Kingdom,UK,UKE,UKE1,UKE13,North and North East Lincolnshire,7.68535714286,0.148333333333333,0.2725,1634.56464286,-3.08166666666667,-4.57761904761667
UKDN39,United Kingdom,UK,UKE,UKE1,UKE13,North and North East Lincolnshire,7.68535714286,0.148333333333333,0.2725,1634.56464286,-3.08166666666667,-4.57761904761667
UKDN40,United Kingdom,UK,UKE,UKE1,UKE13,North and North East Lincolnshire,7.68535714286,0.148333333333333,0.2725,1634.56464286,-3.08166666666667,-4.57761904761667
UKDN41,United Kingdom,UK,UKE,UKE1,UKE13,North and North East Lincolnshire,7.68535714286,0.148333333333333,0.2725,1634.56464286,-3.08166666666667,-4.57761904761667
UKDN8,United Kingdom,UK,UKE,UKE1,UKE13,North and North East Lincolnshire,7.68535714286,0.148333333333333,0.2725,1634.56464286,-3.08166666666667,-4.57761904761667
UKDN9,United Kingdom,UK,UKE,UKE1,UKE13,North and North East Lincolnshire,7.68535714286,0.148333333333333,0.2725,1634.56464286,-3.08166666666667,-4.57761904761667
UKLN7,United Kingdom,UK,UKE,UKE1,UKE13,North and North East Lincolnshire,7.68535714286,0.148333333333333,0.2725,1634.56464286,-3.08166666666667,-4.57761904761667
UKLN8,United Kingdom,UK,UKE,UKE1,UKE13,North and North East Lincolnshire,7.68535714286,0.148333333333333,0.2725,1634.56464286,-3.08166666666667,-4.57761904761667
UKGL17,United Kingdom,UK,UKG,UKG1,UKG11,"Herefordshire, County of",8.1477586206885,0.152758620689667,0.299080459769998,1657.66293103213,-2.76034482758333,-4.16442528734998
UKGL18,United Kingdom,UK,UKG,UKG1,UKG11,"Herefordshire, County of",8.1477586206885,0.152758620689667,0.299080459769998,1657.66293103213,-2.76034482758333,-4.16442528734998
UKHR1,United Kingdom,UK,UKG,UKG1,UKG11,"Herefordshire, County of",8.1477586206885,0.152758620689667,0.299080459769998,1657.66293103213,-2.76034482758333,-4.16442528734998
UKHR2,United Kingdom,UK,UKG,UKG1,UKG11,"Herefordshire, County of",8.1477586206885,0.152758620689667,0.299080459769998,1657.66293103213,-2.76034482758333,-4.16442528734998
UKHR3,United Kingdom,UK,UKG,UKG1,UKG11,"Herefordshire, County of",8.1477586206885,0.152758620689667,0.299080459769998,1657.66293103213,-2.76034482758333,-4.16442528734998
UKHR4,United Kingdom,UK,UKG,UKG1,UKG11,"Herefordshire, County of",8.1477586206885,0.152758620689667,0.299080459769998,1657.66293103213,-2.76034482758333,-4.16442528734998
UKHR5,United Kingdom,UK,UKG,UKG1,UKG11,"Herefordshire, County of",8.1477586206885,0.152758620689667,0.299080459769998,1657.66293103213,-2.76034482758333,-4.16442528734998
UKHR6,United Kingdom,UK,UKG,UKG1,UKG11,"Herefordshire, County of",8.1477586206885,0.152758620689667,0.299080459769998,1657.66293103213,-2.76034482758333,-4.16442528734998
UKHR7,United Kingdom,UK,UKG,UKG1,UKG11,"Herefordshire, County of",8.1477586206885,0.152758620689667,0.299080459769998,1657.66293103213,-2.76034482758333,-4.16442528734998
UKHR8,United Kingdom,UK,UKG,UKG1,UKG11,"Herefordshire, County of",8.1477586206885,0.152758620689667,0.299080459769998,1657.66293103213,-2.76034482758333,-4.16442528734998
UKHR9,United Kingdom,UK,UKG,UKG1,UKG11,"Herefordshire, County of",8.1477586206885,0.152758620689667,0.299080459769998,1657.66293103213,-2.76034482758333,-4.16442528734998
UKLD8,United Kingdom,UK,UKG,UKG1,UKG11,"Herefordshire, County of",8.1477586206885,0.152758620689667,0.299080459769998,1657.66293103213,-2.76034482758333,-4.16442528734998
UKNP25,United Kingdom,UK,UKG,UKG1,UKG11,"Herefordshire, County of",8.1477586206885,0.152758620689667,0.299080459769998,1657.66293103213,-2.76034482758333,-4.16442528734998
UKNP7,United Kingdom,UK,UKG,UKG1,UKG11,"Herefordshire, County of",8.1477586206885,0.152758620689667,0.299080459769998,1657.66293103213,-2.76034482758333,-4.16442528734998
UKSY7,United Kingdom,UK,UKG,UKG1,UKG11,"Herefordshire, County of",8.1477586206885,0.152758620689667,0.299080459769998,1657.66293103213,-2.76034482758333,-4.16442528734998
UKSY8,United Kingdom,UK,UKG,UKG1,UKG11,"Herefordshire, County of",8.1477586206885,0.152758620689667,0.299080459769998,1657.66293103213,-2.76034482758333,-4.16442528734998
UKWR13,United Kingdom,UK,UKG,UKG1,UKG11,"Herefordshire, County of",8.1477586206885,0.152758620689667,0.299080459769998,1657.66293103213,-2.76034482758333,-4.16442528734998
UKWR14,United Kingdom,UK,UKG,UKG1,UKG11,"Herefordshire, County of",8.1477586206885,0.152758620689667,0.299080459769998,1657.66293103213,-2.76034482758333,-4.16442528734998
UKWR15,United Kingdom,UK,UKG,UKG1,UKG11,"Herefordshire, County of",8.1477586206885,0.152758620689667,0.299080459769998,1657.66293103213,-2.76034482758333,-4.16442528734998
UKWR6,United Kingdom,UK,UKG,UKG1,UKG11,"Herefordshire, County of",8.1477586206885,0.152758620689667,0.299080459769998,1657.66293103213,-2.76034482758333,-4.16442528734998
UKBD1,United Kingdom,UK,UKE,UKE4,UKE41,Bradford,0.773125,0.0204166666666667,0.0604166666666667,1861.98375,-3.0675,-4.48166666666665
UKBD10,United Kingdom,UK,UKE,UKE4,UKE41,Bradford,0.773125,0.0204166666666667,0.0604166666666667,1861.98375,-3.0675,-4.48166666666665
UKBD11,United Kingdom,UK,UKE,UKE4,UKE41,Bradford,0.773125,0.0204166666666667,0.0604166666666667,1861.98375,-3.0675,-4.48166666666665
UKBD12,United Kingdom,UK,UKE,UKE4,UKE41,Bradford,0.773125,0.0204166666666667,0.0604166666666667,1861.98375,-3.0675,-4.48166666666665
UKBD13,United Kingdom,UK,UKE,UKE4,UKE41,Bradford,0.773125,0.0204166666666667,0.0604166666666667,1861.98375,-3.0675,-4.48166666666665
UKBD14,United Kingdom,UK,UKE,UKE4,UKE41,Bradford,0.773125,0.0204166666666667,0.0604166666666667,1861.98375,-3.0675,-4.48166666666665
UKBD15,United Kingdom,UK,UKE,UKE4,UKE41,Bradford,0.773125,0.0204166666666667,0.0604166666666667,1861.98375,-3.0675,-4.48166666666665
UKBD16,United Kingdom,UK,UKE,UKE4,UKE41,Bradford,0.773125,0.0204166666666667,0.0604166666666667,1861.98375,-3.0675,-4.48166666666665
UKBD17,United Kingdom,UK,UKE,UKE4,UKE41,Bradford,0.773125,0.0204166666666667,0.0604166666666667,1861.98375,-3.0675,-4.48166666666665
UKBD18,United Kingdom,UK,UKE,UKE4,UKE41,Bradford,0.773125,0.0204166666666667,0.0604166666666667,1861.98375,-3.0675,-4.48166666666665
UKBD2,United Kingdom,UK,UKE,UKE4,UKE41,Bradford,0.773125,0.0204166666666667,0.0604166666666667,1861.98375,-3.0675,-4.48166666666665
UKBD20,United Kingdom,UK,UKE,UKE4,UKE41,Bradford,0.773125,0.0204166666666667,0.0604166666666667,1861.98375,-3.0675,-4.48166666666665
UKBD21,United Kingdom,UK,UKE,UKE4,UKE41,Bradford,0.773125,0.0204166666666667,0.0604166666666667,1861.98375,-3.0675,-4.48166666666665
UKBD22,United Kingdom,UK,UKE,UKE4,UKE41,Bradford,0.773125,0.0204166666666667,0.0604166666666667,1861.98375,-3.0675,-4.48166666666665
UKBD3,United Kingdom,UK,UKE,UKE4,UKE41,Bradford,0.773125,0.0204166666666667,0.0604166666666667,1861.98375,-3.0675,-4.48166666666665
UKBD4,United Kingdom,UK,UKE,UKE4,UKE41,Bradford,0.773125,0.0204166666666667,0.0604166666666667,1861.98375,-3.0675,-4.48166666666665
UKBD5,United Kingdom,UK,UKE,UKE4,UKE41,Bradford,0.773125,0.0204166666666667,0.0604166666666667,1861.98375,-3.0675,-4.48166666666665
UKBD6,United Kingdom,UK,UKE,UKE4,UKE41,Bradford,0.773125,0.0204166666666667,0.0604166666666667,1861.98375,-3.0675,-4.48166666666665
UKBD7,United Kingdom,UK,UKE,UKE4,UKE41,Bradford,0.773125,0.0204166666666667,0.0604166666666667,1861.98375,-3.0675,-4.48166666666665
UKBD8,United Kingdom,UK,UKE,UKE4,UKE41,Bradford,0.773125,0.0204166666666667,0.0604166666666667,1861.98375,-3.0675,-4.48166666666665
UKBD9,United Kingdom,UK,UKE,UKE4,UKE41,Bradford,0.773125,0.0204166666666667,0.0604166666666667,1861.98375,-3.0675,-4.48166666666665
UKBD97,United Kingdom,UK,UKE,UKE4,UKE41,Bradford,0.773125,0.0204166666666667,0.0604166666666667,1861.98375,-3.0675,-4.48166666666665
UKBD98,United Kingdom,UK,UKE,UKE4,UKE41,Bradford,0.773125,0.0204166666666667,0.0604166666666667,1861.98375,-3.0675,-4.48166666666665
UKBD99,United Kingdom,UK,UKE,UKE4,UKE41,Bradford,0.773125,0.0204166666666667,0.0604166666666667,1861.98375,-3.0675,-4.48166666666665
UKHX3,United Kingdom,UK,UKE,UKE4,UKE41,Bradford,0.773125,0.0204166666666667,0.0604166666666667,1861.98375,-3.0675,-4.48166666666665
UKLS19,United Kingdom,UK,UKE,UKE4,UKE41,Bradford,0.773125,0.0204166666666667,0.0604166666666667,1861.98375,-3.0675,-4.48166666666665
UKLS20,United Kingdom,UK,UKE,UKE4,UKE41,Bradford,0.773125,0.0204166666666667,0.0604166666666667,1861.98375,-3.0675,-4.48166666666665
UKLS21,United Kingdom,UK,UKE,UKE4,UKE41,Bradford,0.773125,0.0204166666666667,0.0604166666666667,1861.98375,-3.0675,-4.48166666666665
UKLS28,United Kingdom,UK,UKE,UKE4,UKE41,Bradford,0.773125,0.0204166666666667,0.0604166666666667,1861.98375,-3.0675,-4.48166666666665
UKLS29,United Kingdom,UK,UKE,UKE4,UKE41,Bradford,0.773125,0.0204166666666667,0.0604166666666667,1861.98375,-3.0675,-4.48166666666665
UKBB1,United Kingdom,UK,UKD,UKD4,UKD45,Mid Lancashire,1.0613461538465,0.0260256410256667,0.0658974358975,1754.5986538501,-2.96653846153333,-4.32525641025
UKBB12,United Kingdom,UK,UKD,UKD4,UKD45,Mid Lancashire,1.0613461538465,0.0260256410256667,0.0658974358975,1754.5986538501,-2.96653846153333,-4.32525641025
UKBB2,United Kingdom,UK,UKD,UKD4,UKD45,Mid Lancashire,1.0613461538465,0.0260256410256667,0.0658974358975,1754.5986538501,-2.96653846153333,-4.32525641025
UKBB6,United Kingdom,UK,UKD,UKD4,UKD45,Mid Lancashire,1.0613461538465,0.0260256410256667,0.0658974358975,1754.5986538501,-2.96653846153333,-4.32525641025
UKBB7,United Kingdom,UK,UKD,UKD4,UKD45,Mid Lancashire,1.0613461538465,0.0260256410256667,0.0658974358975,1754.5986538501,-2.96653846153333,-4.32525641025
UKBB9,United Kingdom,UK,UKD,UKD4,UKD45,Mid Lancashire,1.0613461538465,0.0260256410256667,0.0658974358975,1754.5986538501,-2.96653846153333,-4.32525641025
UKBD23,United Kingdom,UK,UKD,UKD4,UKD45,Mid Lancashire,1.0613461538465,0.0260256410256667,0.0658974358975,1754.5986538501,-2.96653846153333,-4.32525641025
UKFY3,United Kingdom,UK,UKD,UKD4,UKD45,Mid Lancashire,1.0613461538465,0.0260256410256667,0.0658974358975,1754.5986538501,-2.96653846153333,-4.32525641025
UKFY4,United Kingdom,UK,UKD,UKD4,UKD45,Mid Lancashire,1.0613461538465,0.0260256410256667,0.0658974358975,1754.5986538501,-2.96653846153333,-4.32525641025
UKFY6,United Kingdom,UK,UKD,UKD4,UKD45,Mid Lancashire,1.0613461538465,0.0260256410256667,0.0658974358975,1754.5986538501,-2.96653846153333,-4.32525641025
UKFY8,United Kingdom,UK,UKD,UKD4,UKD45,Mid Lancashire,1.0613461538465,0.0260256410256667,0.0658974358975,1754.5986538501,-2.96653846153333,-4.32525641025
UKPR0,United Kingdom,UK,UKD,UKD4,UKD45,Mid Lancashire,1.0613461538465,0.0260256410256667,0.0658974358975,1754.5986538501,-2.96653846153333,-4.32525641025
UKPR1,United Kingdom,UK,UKD,UKD4,UKD45,Mid Lancashire,1.0613461538465,0.0260256410256667,0.0658974358975,1754.5986538501,-2.96653846153333,-4.32525641025
UKPR11,United Kingdom,UK,UKD,UKD4,UKD45,Mid Lancashire,1.0613461538465,0.0260256410256667,0.0658974358975,1754.5986538501,-2.96653846153333,-4.32525641025
UKPR2,United Kingdom,UK,UKD,UKD4,UKD45,Mid Lancashire,1.0613461538465,0.0260256410256667,0.0658974358975,1754.5986538501,-2.96653846153333,-4.32525641025
UKPR25,United Kingdom,UK,UKD,UKD4,UKD45,Mid Lancashire,1.0613461538465,0.0260256410256667,0.0658974358975,1754.5986538501,-2.96653846153333,-4.32525641025
UKPR26,United Kingdom,UK,UKD,UKD4,UKD45,Mid Lancashire,1.0613461538465,0.0260256410256667,0.0658974358975,1754.5986538501,-2.96653846153333,-4.32525641025
UKPR3,United Kingdom,UK,UKD,UKD4,UKD45,Mid Lancashire,1.0613461538465,0.0260256410256667,0.0658974358975,1754.5986538501,-2.96653846153333,-4.32525641025
UKPR4,United Kingdom,UK,UKD,UKD4,UKD45,Mid Lancashire,1.0613461538465,0.0260256410256667,0.0658974358975,1754.5986538501,-2.96653846153333,-4.32525641025
UKPR5,United Kingdom,UK,UKD,UKD4,UKD45,Mid Lancashire,1.0613461538465,0.0260256410256667,0.0658974358975,1754.5986538501,-2.96653846153333,-4.32525641025
UKPR6,United Kingdom,UK,UKD,UKD4,UKD45,Mid Lancashire,1.0613461538465,0.0260256410256667,0.0658974358975,1754.5986538501,-2.96653846153333,-4.32525641025
UKPR7,United Kingdom,UK,UKD,UKD4,UKD45,Mid Lancashire,1.0613461538465,0.0260256410256667,0.0658974358975,1754.5986538501,-2.96653846153333,-4.32525641025
UKBB1,United Kingdom,UK,UKD,UKD4,UKD46,East Lancashire,0.7467857142865,0.0207142857143333,0.0535714285715,1826.56678571704,-3.00976190476667,-4.39619047618333
UKBB10,United Kingdom,UK,UKD,UKD4,UKD46,East Lancashire,0.7467857142865,0.0207142857143333,0.0535714285715,1826.56678571704,-3.00976190476667,-4.39619047618333
UKBB11,United Kingdom,UK,UKD,UKD4,UKD46,East Lancashire,0.7467857142865,0.0207142857143333,0.0535714285715,1826.56678571704,-3.00976190476667,-4.39619047618333
UKBB12,United Kingdom,UK,UKD,UKD4,UKD46,East Lancashire,0.7467857142865,0.0207142857143333,0.0535714285715,1826.56678571704,-3.00976190476667,-4.39619047618333
UKBB18,United Kingdom,UK,UKD,UKD4,UKD46,East Lancashire,0.7467857142865,0.0207142857143333,0.0535714285715,1826.56678571704,-3.00976190476667,-4.39619047618333
UKBB4,United Kingdom,UK,UKD,UKD4,UKD46,East Lancashire,0.7467857142865,0.0207142857143333,0.0535714285715,1826.56678571704,-3.00976190476667,-4.39619047618333
UKBB5,United Kingdom,UK,UKD,UKD4,UKD46,East Lancashire,0.7467857142865,0.0207142857143333,0.0535714285715,1826.56678571704,-3.00976190476667,-4.39619047618333
UKBB6,United Kingdom,UK,UKD,UKD4,UKD46,East Lancashire,0.7467857142865,0.0207142857143333,0.0535714285715,1826.56678571704,-3.00976190476667,-4.39619047618333
UKBB7,United Kingdom,UK,UKD,UKD4,UKD46,East Lancashire,0.7467857142865,0.0207142857143333,0.0535714285715,1826.56678571704,-3.00976190476667,-4.39619047618333
UKBB8,United Kingdom,UK,UKD,UKD4,UKD46,East Lancashire,0.7467857142865,0.0207142857143333,0.0535714285715,1826.56678571704,-3.00976190476667,-4.39619047618333
UKBB9,United Kingdom,UK,UKD,UKD4,UKD46,East Lancashire,0.7467857142865,0.0207142857143333,0.0535714285715,1826.56678571704,-3.00976190476667,-4.39619047618333
UKBB94,United Kingdom,UK,UKD,UKD4,UKD46,East Lancashire,0.7467857142865,0.0207142857143333,0.0535714285715,1826.56678571704,-3.00976190476667,-4.39619047618333
UKBD23,United Kingdom,UK,UKD,UKD4,UKD46,East Lancashire,0.7467857142865,0.0207142857143333,0.0535714285715,1826.56678571704,-3.00976190476667,-4.39619047618333
UKBL0,United Kingdom,UK,UKD,UKD4,UKD46,East Lancashire,0.7467857142865,0.0207142857143333,0.0535714285715,1826.56678571704,-3.00976190476667,-4.39619047618333
UKBL8,United Kingdom,UK,UKD,UKD4,UKD46,East Lancashire,0.7467857142865,0.0207142857143333,0.0535714285715,1826.56678571704,-3.00976190476667,-4.39619047618333
UKBL9,United Kingdom,UK,UKD,UKD4,UKD46,East Lancashire,0.7467857142865,0.0207142857143333,0.0535714285715,1826.56678571704,-3.00976190476667,-4.39619047618333
UKOL12,United Kingdom,UK,UKD,UKD4,UKD46,East Lancashire,0.7467857142865,0.0207142857143333,0.0535714285715,1826.56678571704,-3.00976190476667,-4.39619047618333
UKOL13,United Kingdom,UK,UKD,UKD4,UKD46,East Lancashire,0.7467857142865,0.0207142857143333,0.0535714285715,1826.56678571704,-3.00976190476667,-4.39619047618333
UKOL14,United Kingdom,UK,UKD,UKD4,UKD46,East Lancashire,0.7467857142865,0.0207142857143333,0.0535714285715,1826.56678571704,-3.00976190476667,-4.39619047618333
UKDL2,United Kingdom,UK,UKC,UKC1,UKC11,Hartlepool and Stockton-on-Tees,1.8525000000005,0.047380952381,0.118095238095167,1726.13357143,-3.40999999999998,-5.04761904761665
UKTS15,United Kingdom,UK,UKC,UKC1,UKC11,Hartlepool and Stockton-on-Tees,1.8525000000005,0.047380952381,0.118095238095167,1726.13357143,-3.40999999999998,-5.04761904761665
UKTS16,United Kingdom,UK,UKC,UKC1,UKC11,Hartlepool and Stockton-on-Tees,1.8525000000005,0.047380952381,0.118095238095167,1726.13357143,-3.40999999999998,-5.04761904761665
UKTS17,United Kingdom,UK,UKC,UKC1,UKC11,Hartlepool and Stockton-on-Tees,1.8525000000005,0.047380952381,0.118095238095167,1726.13357143,-3.40999999999998,-5.04761904761665
UKTS18,United Kingdom,UK,UKC,UKC1,UKC11,Hartlepool and Stockton-on-Tees,1.8525000000005,0.047380952381,0.118095238095167,1726.13357143,-3.40999999999998,-5.04761904761665
UKTS19,United Kingdom,UK,UKC,UKC1,UKC11,Hartlepool and Stockton-on-Tees,1.8525000000005,0.047380952381,0.118095238095167,1726.13357143,-3.40999999999998,-5.04761904761665
UKTS2,United Kingdom,UK,UKC,UKC1,UKC11,Hartlepool and Stockton-on-Tees,1.8525000000005,0.047380952381,0.118095238095167,1726.13357143,-3.40999999999998,-5.04761904761665
UKTS20,United Kingdom,UK,UKC,UKC1,UKC11,Hartlepool and Stockton-on-Tees,1.8525000000005,0.047380952381,0.118095238095167,1726.13357143,-3.40999999999998,-5.04761904761665
UKTS21,United Kingdom,UK,UKC,UKC1,UKC11,Hartlepool and Stockton-on-Tees,1.8525000000005,0.047380952381,0.118095238095167,1726.13357143,-3.40999999999998,-5.04761904761665
UKTS22,United Kingdom,UK,UKC,UKC1,UKC11,Hartlepool and Stockton-on-Tees,1.8525000000005,0.047380952381,0.118095238095167,1726.13357143,-3.40999999999998,-5.04761904761665
UKTS23,United Kingdom,UK,UKC,UKC1,UKC11,Hartlepool and Stockton-on-Tees,1.8525000000005,0.047380952381,0.118095238095167,1726.13357143,-3.40999999999998,-5.04761904761665
UKTS24,United Kingdom,UK,UKC,UKC1,UKC11,Hartlepool and Stockton-on-Tees,1.8525000000005,0.047380952381,0.118095238095167,1726.13357143,-3.40999999999998,-5.04761904761665
UKTS25,United Kingdom,UK,UKC,UKC1,UKC11,Hartlepool and Stockton-on-Tees,1.8525000000005,0.047380952381,0.118095238095167,1726.13357143,-3.40999999999998,-5.04761904761665
UKTS26,United Kingdom,UK,UKC,UKC1,UKC11,Hartlepool and Stockton-on-Tees,1.8525000000005,0.047380952381,0.118095238095167,1726.13357143,-3.40999999999998,-5.04761904761665
UKTS27,United Kingdom,UK,UKC,UKC1,UKC11,Hartlepool and Stockton-on-Tees,1.8525000000005,0.047380952381,0.118095238095167,1726.13357143,-3.40999999999998,-5.04761904761665
UKTS8,United Kingdom,UK,UKC,UKC1,UKC11,Hartlepool and Stockton-on-Tees,1.8525000000005,0.047380952381,0.118095238095167,1726.13357143,-3.40999999999998,-5.04761904761665
UKGU1,United Kingdom,UK,UKJ,UKJ2,UKJ25,West Surrey,18.9453571428474,0.290238095238333,0.486428571428333,1596.73517857557,-2.75130952381665,-4.16726190476667
UKGU10,United Kingdom,UK,UKJ,UKJ2,UKJ25,West Surrey,18.9453571428474,0.290238095238333,0.486428571428333,1596.73517857557,-2.75130952381665,-4.16726190476667
UKGU12,United Kingdom,UK,UKJ,UKJ2,UKJ25,West Surrey,18.9453571428474,0.290238095238333,0.486428571428333,1596.73517857557,-2.75130952381665,-4.16726190476667
UKGU14,United Kingdom,UK,UKJ,UKJ2,UKJ25,West Surrey,18.9453571428474,0.290238095238333,0.486428571428333,1596.73517857557,-2.75130952381665,-4.16726190476667
UKGU15,United Kingdom,UK,UKJ,UKJ2,UKJ25,West Surrey,18.9453571428474,0.290238095238333,0.486428571428333,1596.73517857557,-2.75130952381665,-4.16726190476667
UKGU16,United Kingdom,UK,UKJ,UKJ2,UKJ25,West Surrey,18.9453571428474,0.290238095238333,0.486428571428333,1596.73517857557,-2.75130952381665,-4.16726190476667
UKGU18,United Kingdom,UK,UKJ,UKJ2,UKJ25,West Surrey,18.9453571428474,0.290238095238333,0.486428571428333,1596.73517857557,-2.75130952381665,-4.16726190476667
UKGU19,United Kingdom,UK,UKJ,UKJ2,UKJ25,West Surrey,18.9453571428474,0.290238095238333,0.486428571428333,1596.73517857557,-2.75130952381665,-4.16726190476667
UKGU2,United Kingdom,UK,UKJ,UKJ2,UKJ25,West Surrey,18.9453571428474,0.290238095238333,0.486428571428333,1596.73517857557,-2.75130952381665,-4.16726190476667
UKGU20,United Kingdom,UK,UKJ,UKJ2,UKJ25,West Surrey,18.9453571428474,0.290238095238333,0.486428571428333,1596.73517857557,-2.75130952381665,-4.16726190476667
UKGU21,United Kingdom,UK,UKJ,UKJ2,UKJ25,West Surrey,18.9453571428474,0.290238095238333,0.486428571428333,1596.73517857557,-2.75130952381665,-4.16726190476667
UKGU22,United Kingdom,UK,UKJ,UKJ2,UKJ25,West Surrey,18.9453571428474,0.290238095238333,0.486428571428333,1596.73517857557,-2.75130952381665,-4.16726190476667
UKGU23,United Kingdom,UK,UKJ,UKJ2,UKJ25,West Surrey,18.9453571428474,0.290238095238333,0.486428571428333,1596.73517857557,-2.75130952381665,-4.16726190476667
UKGU24,United Kingdom,UK,UKJ,UKJ2,UKJ25,West Surrey,18.9453571428474,0.290238095238333,0.486428571428333,1596.73517857557,-2.75130952381665,-4.16726190476667
UKGU25,United Kingdom,UK,UKJ,UKJ2,UKJ25,West Surrey,18.9453571428474,0.290238095238333,0.486428571428333,1596.73517857557,-2.75130952381665,-4.16726190476667
UKGU26,United Kingdom,UK,UKJ,UKJ2,UKJ25,West Surrey,18.9453571428474,0.290238095238333,0.486428571428333,1596.73517857557,-2.75130952381665,-4.16726190476667
UKGU27,United Kingdom,UK,UKJ,UKJ2,UKJ25,West Surrey,18.9453571428474,0.290238095238333,0.486428571428333,1596.73517857557,-2.75130952381665,-4.16726190476667
UKGU3,United Kingdom,UK,UKJ,UKJ2,UKJ25,West Surrey,18.9453571428474,0.290238095238333,0.486428571428333,1596.73517857557,-2.75130952381665,-4.16726190476667
UKGU4,United Kingdom,UK,UKJ,UKJ2,UKJ25,West Surrey,18.9453571428474,0.290238095238333,0.486428571428333,1596.73517857557,-2.75130952381665,-4.16726190476667
UKGU5,United Kingdom,UK,UKJ,UKJ2,UKJ25,West Surrey,18.9453571428474,0.290238095238333,0.486428571428333,1596.73517857557,-2.75130952381665,-4.16726190476667
UKGU6,United Kingdom,UK,UKJ,UKJ2,UKJ25,West Surrey,18.9453571428474,0.290238095238333,0.486428571428333,1596.73517857557,-2.75130952381665,-4.16726190476667
UKGU7,United Kingdom,UK,UKJ,UKJ2,UKJ25,West Surrey,18.9453571428474,0.290238095238333,0.486428571428333,1596.73517857557,-2.75130952381665,-4.16726190476667
UKGU8,United Kingdom,UK,UKJ,UKJ2,UKJ25,West Surrey,18.9453571428474,0.290238095238333,0.486428571428333,1596.73517857557,-2.75130952381665,-4.16726190476667
UKGU9,United Kingdom,UK,UKJ,UKJ2,UKJ25,West Surrey,18.9453571428474,0.290238095238333,0.486428571428333,1596.73517857557,-2.75130952381665,-4.16726190476667
UKGU95,United Kingdom,UK,UKJ,UKJ2,UKJ25,West Surrey,18.9453571428474,0.290238095238333,0.486428571428333,1596.73517857557,-2.75130952381665,-4.16726190476667
UKKT10,United Kingdom,UK,UKJ,UKJ2,UKJ25,West Surrey,18.9453571428474,0.290238095238333,0.486428571428333,1596.73517857557,-2.75130952381665,-4.16726190476667
UKKT11,United Kingdom,UK,UKJ,UKJ2,UKJ25,West Surrey,18.9453571428474,0.290238095238333,0.486428571428333,1596.73517857557,-2.75130952381665,-4.16726190476667
UKKT12,United Kingdom,UK,UKJ,UKJ2,UKJ25,West Surrey,18.9453571428474,0.290238095238333,0.486428571428333,1596.73517857557,-2.75130952381665,-4.16726190476667
UKKT13,United Kingdom,UK,UKJ,UKJ2,UKJ25,West Surrey,18.9453571428474,0.290238095238333,0.486428571428333,1596.73517857557,-2.75130952381665,-4.16726190476667
UKKT14,United Kingdom,UK,UKJ,UKJ2,UKJ25,West Surrey,18.9453571428474,0.290238095238333,0.486428571428333,1596.73517857557,-2.75130952381665,-4.16726190476667
UKKT15,United Kingdom,UK,UKJ,UKJ2,UKJ25,West Surrey,18.9453571428474,0.290238095238333,0.486428571428333,1596.73517857557,-2.75130952381665,-4.16726190476667
UKKT16,United Kingdom,UK,UKJ,UKJ2,UKJ25,West Surrey,18.9453571428474,0.290238095238333,0.486428571428333,1596.73517857557,-2.75130952381665,-4.16726190476667
UKKT22,United Kingdom,UK,UKJ,UKJ2,UKJ25,West Surrey,18.9453571428474,0.290238095238333,0.486428571428333,1596.73517857557,-2.75130952381665,-4.16726190476667
UKKT23,United Kingdom,UK,UKJ,UKJ2,UKJ25,West Surrey,18.9453571428474,0.290238095238333,0.486428571428333,1596.73517857557,-2.75130952381665,-4.16726190476667
UKKT24,United Kingdom,UK,UKJ,UKJ2,UKJ25,West Surrey,18.9453571428474,0.290238095238333,0.486428571428333,1596.73517857557,-2.75130952381665,-4.16726190476667
UKKT6,United Kingdom,UK,UKJ,UKJ2,UKJ25,West Surrey,18.9453571428474,0.290238095238333,0.486428571428333,1596.73517857557,-2.75130952381665,-4.16726190476667
UKKT7,United Kingdom,UK,UKJ,UKJ2,UKJ25,West Surrey,18.9453571428474,0.290238095238333,0.486428571428333,1596.73517857557,-2.75130952381665,-4.16726190476667
UKKT8,United Kingdom,UK,UKJ,UKJ2,UKJ25,West Surrey,18.9453571428474,0.290238095238333,0.486428571428333,1596.73517857557,-2.75130952381665,-4.16726190476667
UKKT9,United Kingdom,UK,UKJ,UKJ2,UKJ25,West Surrey,18.9453571428474,0.290238095238333,0.486428571428333,1596.73517857557,-2.75130952381665,-4.16726190476667
UKRH12,United Kingdom,UK,UKJ,UKJ2,UKJ25,West Surrey,18.9453571428474,0.290238095238333,0.486428571428333,1596.73517857557,-2.75130952381665,-4.16726190476667
UKRH14,United Kingdom,UK,UKJ,UKJ2,UKJ25,West Surrey,18.9453571428474,0.290238095238333,0.486428571428333,1596.73517857557,-2.75130952381665,-4.16726190476667
UKRH5,United Kingdom,UK,UKJ,UKJ2,UKJ25,West Surrey,18.9453571428474,0.290238095238333,0.486428571428333,1596.73517857557,-2.75130952381665,-4.16726190476667
UKSL4,United Kingdom,UK,UKJ,UKJ2,UKJ25,West Surrey,18.9453571428474,0.290238095238333,0.486428571428333,1596.73517857557,-2.75130952381665,-4.16726190476667
UKSL5,United Kingdom,UK,UKJ,UKJ2,UKJ25,West Surrey,18.9453571428474,0.290238095238333,0.486428571428333,1596.73517857557,-2.75130952381665,-4.16726190476667
UKTW12,United Kingdom,UK,UKJ,UKJ2,UKJ25,West Surrey,18.9453571428474,0.290238095238333,0.486428571428333,1596.73517857557,-2.75130952381665,-4.16726190476667
UKTW14,United Kingdom,UK,UKJ,UKJ2,UKJ25,West Surrey,18.9453571428474,0.290238095238333,0.486428571428333,1596.73517857557,-2.75130952381665,-4.16726190476667
UKTW15,United Kingdom,UK,UKJ,UKJ2,UKJ25,West Surrey,18.9453571428474,0.290238095238333,0.486428571428333,1596.73517857557,-2.75130952381665,-4.16726190476667
UKTW16,United Kingdom,UK,UKJ,UKJ2,UKJ25,West Surrey,18.9453571428474,0.290238095238333,0.486428571428333,1596.73517857557,-2.75130952381665,-4.16726190476667
UKTW17,United Kingdom,UK,UKJ,UKJ2,UKJ25,West Surrey,18.9453571428474,0.290238095238333,0.486428571428333,1596.73517857557,-2.75130952381665,-4.16726190476667
UKTW18,United Kingdom,UK,UKJ,UKJ2,UKJ25,West Surrey,18.9453571428474,0.290238095238333,0.486428571428333,1596.73517857557,-2.75130952381665,-4.16726190476667
UKTW19,United Kingdom,UK,UKJ,UKJ2,UKJ25,West Surrey,18.9453571428474,0.290238095238333,0.486428571428333,1596.73517857557,-2.75130952381665,-4.16726190476667
UKTW20,United Kingdom,UK,UKJ,UKJ2,UKJ25,West Surrey,18.9453571428474,0.290238095238333,0.486428571428333,1596.73517857557,-2.75130952381665,-4.16726190476667
UKTW6,United Kingdom,UK,UKJ,UKJ2,UKJ25,West Surrey,18.9453571428474,0.290238095238333,0.486428571428333,1596.73517857557,-2.75130952381665,-4.16726190476667
UKB14,United Kingdom,UK,UKG,UKG3,UKG32,Solihull,10.77125,0.190833333333332,0.345833333333333,1671.0925,-2.95166666666665,-4.43083333333333
UKB26,United Kingdom,UK,UKG,UKG3,UKG32,Solihull,10.77125,0.190833333333332,0.345833333333333,1671.0925,-2.95166666666665,-4.43083333333333
UKB27,United Kingdom,UK,UKG,UKG3,UKG32,Solihull,10.77125,0.190833333333332,0.345833333333333,1671.0925,-2.95166666666665,-4.43083333333333
UKB28,United Kingdom,UK,UKG,UKG3,UKG32,Solihull,10.77125,0.190833333333332,0.345833333333333,1671.0925,-2.95166666666665,-4.43083333333333
UKB36,United Kingdom,UK,UKG,UKG3,UKG32,Solihull,10.77125,0.190833333333332,0.345833333333333,1671.0925,-2.95166666666665,-4.43083333333333
UKB37,United Kingdom,UK,UKG,UKG3,UKG32,Solihull,10.77125,0.190833333333332,0.345833333333333,1671.0925,-2.95166666666665,-4.43083333333333
UKB40,United Kingdom,UK,UKG,UKG3,UKG32,Solihull,10.77125,0.190833333333332,0.345833333333333,1671.0925,-2.95166666666665,-4.43083333333333
UKB46,United Kingdom,UK,UKG,UKG3,UKG32,Solihull,10.77125,0.190833333333332,0.345833333333333,1671.0925,-2.95166666666665,-4.43083333333333
UKB90,United Kingdom,UK,UKG,UKG3,UKG32,Solihull,10.77125,0.190833333333332,0.345833333333333,1671.0925,-2.95166666666665,-4.43083333333333
UKB91,United Kingdom,UK,UKG,UKG3,UKG32,Solihull,10.77125,0.190833333333332,0.345833333333333,1671.0925,-2.95166666666665,-4.43083333333333
UKB92,United Kingdom,UK,UKG,UKG3,UKG32,Solihull,10.77125,0.190833333333332,0.345833333333333,1671.0925,-2.95166666666665,-4.43083333333333
UKB93,United Kingdom,UK,UKG,UKG3,UKG32,Solihull,10.77125,0.190833333333332,0.345833333333333,1671.0925,-2.95166666666665,-4.43083333333333
UKB94,United Kingdom,UK,UKG,UKG3,UKG32,Solihull,10.77125,0.190833333333332,0.345833333333333,1671.0925,-2.95166666666665,-4.43083333333333
UKCV4,United Kingdom,UK,UKG,UKG3,UKG32,Solihull,10.77125,0.190833333333332,0.345833333333333,1671.0925,-2.95166666666665,-4.43083333333333
UKCV5,United Kingdom,UK,UKG,UKG3,UKG32,Solihull,10.77125,0.190833333333332,0.345833333333333,1671.0925,-2.95166666666665,-4.43083333333333
UKCV7,United Kingdom,UK,UKG,UKG3,UKG32,Solihull,10.77125,0.190833333333332,0.345833333333333,1671.0925,-2.95166666666665,-4.43083333333333
UKCV8,United Kingdom,UK,UKG,UKG3,UKG32,Solihull,10.77125,0.190833333333332,0.345833333333333,1671.0925,-2.95166666666665,-4.43083333333333
UKBA11,United Kingdom,UK,UKK,UKK1,UKK15,Wiltshire CC,12.404285714275,0.229523809523333,0.41746031746,1616.58452380853,-2.80238095238332,-4.2873015873
UKBA12,United Kingdom,UK,UKK,UKK1,UKK15,Wiltshire CC,12.404285714275,0.229523809523333,0.41746031746,1616.58452380853,-2.80238095238332,-4.2873015873
UKBA13,United Kingdom,UK,UKK,UKK1,UKK15,Wiltshire CC,12.404285714275,0.229523809523333,0.41746031746,1616.58452380853,-2.80238095238332,-4.2873015873
UKBA14,United Kingdom,UK,UKK,UKK1,UKK15,Wiltshire CC,12.404285714275,0.229523809523333,0.41746031746,1616.58452380853,-2.80238095238332,-4.2873015873
UKBA15,United Kingdom,UK,UKK,UKK1,UKK15,Wiltshire CC,12.404285714275,0.229523809523333,0.41746031746,1616.58452380853,-2.80238095238332,-4.2873015873
UKBA2,United Kingdom,UK,UKK,UKK1,UKK15,Wiltshire CC,12.404285714275,0.229523809523333,0.41746031746,1616.58452380853,-2.80238095238332,-4.2873015873
UKGL7,United Kingdom,UK,UKK,UKK1,UKK15,Wiltshire CC,12.404285714275,0.229523809523333,0.41746031746,1616.58452380853,-2.80238095238332,-4.2873015873
UKGL8,United Kingdom,UK,UKK,UKK1,UKK15,Wiltshire CC,12.404285714275,0.229523809523333,0.41746031746,1616.58452380853,-2.80238095238332,-4.2873015873
UKGL9,United Kingdom,UK,UKK,UKK1,UKK15,Wiltshire CC,12.404285714275,0.229523809523333,0.41746031746,1616.58452380853,-2.80238095238332,-4.2873015873
UKRG17,United Kingdom,UK,UKK,UKK1,UKK15,Wiltshire CC,12.404285714275,0.229523809523333,0.41746031746,1616.58452380853,-2.80238095238332,-4.2873015873
UKSN10,United Kingdom,UK,UKK,UKK1,UKK15,Wiltshire CC,12.404285714275,0.229523809523333,0.41746031746,1616.58452380853,-2.80238095238332,-4.2873015873
UKSN11,United Kingdom,UK,UKK,UKK1,UKK15,Wiltshire CC,12.404285714275,0.229523809523333,0.41746031746,1616.58452380853,-2.80238095238332,-4.2873015873
UKSN12,United Kingdom,UK,UKK,UKK1,UKK15,Wiltshire CC,12.404285714275,0.229523809523333,0.41746031746,1616.58452380853,-2.80238095238332,-4.2873015873
UKSN13,United Kingdom,UK,UKK,UKK1,UKK15,Wiltshire CC,12.404285714275,0.229523809523333,0.41746031746,1616.58452380853,-2.80238095238332,-4.2873015873
UKSN14,United Kingdom,UK,UKK,UKK1,UKK15,Wiltshire CC,12.404285714275,0.229523809523333,0.41746031746,1616.58452380853,-2.80238095238332,-4.2873015873
UKSN15,United Kingdom,UK,UKK,UKK1,UKK15,Wiltshire CC,12.404285714275,0.229523809523333,0.41746031746,1616.58452380853,-2.80238095238332,-4.2873015873
UKSN16,United Kingdom,UK,UKK,UKK1,UKK15,Wiltshire CC,12.404285714275,0.229523809523333,0.41746031746,1616.58452380853,-2.80238095238332,-4.2873015873
UKSN25,United Kingdom,UK,UKK,UKK1,UKK15,Wiltshire CC,12.404285714275,0.229523809523333,0.41746031746,1616.58452380853,-2.80238095238332,-4.2873015873
UKSN4,United Kingdom,UK,UKK,UKK1,UKK15,Wiltshire CC,12.404285714275,0.229523809523333,0.41746031746,1616.58452380853,-2.80238095238332,-4.2873015873
UKSN5,United Kingdom,UK,UKK,UKK1,UKK15,Wiltshire CC,12.404285714275,0.229523809523333,0.41746031746,1616.58452380853,-2.80238095238332,-4.2873015873
UKSN6,United Kingdom,UK,UKK,UKK1,UKK15,Wiltshire CC,12.404285714275,0.229523809523333,0.41746031746,1616.58452380853,-2.80238095238332,-4.2873015873
UKSN8,United Kingdom,UK,UKK,UKK1,UKK15,Wiltshire CC,12.404285714275,0.229523809523333,0.41746031746,1616.58452380853,-2.80238095238332,-4.2873015873
UKSN9,United Kingdom,UK,UKK,UKK1,UKK15,Wiltshire CC,12.404285714275,0.229523809523333,0.41746031746,1616.58452380853,-2.80238095238332,-4.2873015873
UKSO51,United Kingdom,UK,UKK,UKK1,UKK15,Wiltshire CC,12.404285714275,0.229523809523333,0.41746031746,1616.58452380853,-2.80238095238332,-4.2873015873
UKSP1,United Kingdom,UK,UKK,UKK1,UKK15,Wiltshire CC,12.404285714275,0.229523809523333,0.41746031746,1616.58452380853,-2.80238095238332,-4.2873015873
UKSP11,United Kingdom,UK,UKK,UKK1,UKK15,Wiltshire CC,12.404285714275,0.229523809523333,0.41746031746,1616.58452380853,-2.80238095238332,-4.2873015873
UKSP2,United Kingdom,UK,UKK,UKK1,UKK15,Wiltshire CC,12.404285714275,0.229523809523333,0.41746031746,1616.58452380853,-2.80238095238332,-4.2873015873
UKSP3,United Kingdom,UK,UKK,UKK1,UKK15,Wiltshire CC,12.404285714275,0.229523809523333,0.41746031746,1616.58452380853,-2.80238095238332,-4.2873015873
UKSP4,United Kingdom,UK,UKK,UKK1,UKK15,Wiltshire CC,12.404285714275,0.229523809523333,0.41746031746,1616.58452380853,-2.80238095238332,-4.2873015873
UKSP5,United Kingdom,UK,UKK,UKK1,UKK15,Wiltshire CC,12.404285714275,0.229523809523333,0.41746031746,1616.58452380853,-2.80238095238332,-4.2873015873
UKSP6,United Kingdom,UK,UKK,UKK1,UKK15,Wiltshire CC,12.404285714275,0.229523809523333,0.41746031746,1616.58452380853,-2.80238095238332,-4.2873015873
UKSP7,United Kingdom,UK,UKK,UKK1,UKK15,Wiltshire CC,12.404285714275,0.229523809523333,0.41746031746,1616.58452380853,-2.80238095238332,-4.2873015873
UKSP9,United Kingdom,UK,UKK,UKK1,UKK15,Wiltshire CC,12.404285714275,0.229523809523333,0.41746031746,1616.58452380853,-2.80238095238332,-4.2873015873
UKSN1,United Kingdom,UK,UKK,UKK1,UKK14,Swindon,13.1591666666525,0.237222222221665,0.421111111111667,1626.73250000323,-2.84277777778332,-4.34555555555
UKSN2,United Kingdom,UK,UKK,UKK1,UKK14,Swindon,13.1591666666525,0.237222222221665,0.421111111111667,1626.73250000323,-2.84277777778332,-4.34555555555
UKSN25,United Kingdom,UK,UKK,UKK1,UKK14,Swindon,13.1591666666525,0.237222222221665,0.421111111111667,1626.73250000323,-2.84277777778332,-4.34555555555
UKSN26,United Kingdom,UK,UKK,UKK1,UKK14,Swindon,13.1591666666525,0.237222222221665,0.421111111111667,1626.73250000323,-2.84277777778332,-4.34555555555
UKSN3,United Kingdom,UK,UKK,UKK1,UKK14,Swindon,13.1591666666525,0.237222222221665,0.421111111111667,1626.73250000323,-2.84277777778332,-4.34555555555
UKSN38,United Kingdom,UK,UKK,UKK1,UKK14,Swindon,13.1591666666525,0.237222222221665,0.421111111111667,1626.73250000323,-2.84277777778332,-4.34555555555
UKSN4,United Kingdom,UK,UKK,UKK1,UKK14,Swindon,13.1591666666525,0.237222222221665,0.421111111111667,1626.73250000323,-2.84277777778332,-4.34555555555
UKSN5,United Kingdom,UK,UKK,UKK1,UKK14,Swindon,13.1591666666525,0.237222222221665,0.421111111111667,1626.73250000323,-2.84277777778332,-4.34555555555
UKSN6,United Kingdom,UK,UKK,UKK1,UKK14,Swindon,13.1591666666525,0.237222222221665,0.421111111111667,1626.73250000323,-2.84277777778332,-4.34555555555
UKSN8,United Kingdom,UK,UKK,UKK1,UKK14,Swindon,13.1591666666525,0.237222222221665,0.421111111111667,1626.73250000323,-2.84277777778332,-4.34555555555
UKSN99,United Kingdom,UK,UKK,UKK1,UKK14,Swindon,13.1591666666525,0.237222222221665,0.421111111111667,1626.73250000323,-2.84277777778332,-4.34555555555
UKBA10,United Kingdom,UK,UKK,UKK2,UKK23,Somerset,7.31704545454275,0.153787878787833,0.312840909091667,1556.10505681458,-2.77223484848333,-4.21291666666667
UKBA11,United Kingdom,UK,UKK,UKK2,UKK23,Somerset,7.31704545454275,0.153787878787833,0.312840909091667,1556.10505681458,-2.77223484848333,-4.21291666666667
UKBA13,United Kingdom,UK,UKK,UKK2,UKK23,Somerset,7.31704545454275,0.153787878787833,0.312840909091667,1556.10505681458,-2.77223484848333,-4.21291666666667
UKBA16,United Kingdom,UK,UKK,UKK2,UKK23,Somerset,7.31704545454275,0.153787878787833,0.312840909091667,1556.10505681458,-2.77223484848333,-4.21291666666667
UKBA2,United Kingdom,UK,UKK,UKK2,UKK23,Somerset,7.31704545454275,0.153787878787833,0.312840909091667,1556.10505681458,-2.77223484848333,-4.21291666666667
UKBA20,United Kingdom,UK,UKK,UKK2,UKK23,Somerset,7.31704545454275,0.153787878787833,0.312840909091667,1556.10505681458,-2.77223484848333,-4.21291666666667
UKBA21,United Kingdom,UK,UKK,UKK2,UKK23,Somerset,7.31704545454275,0.153787878787833,0.312840909091667,1556.10505681458,-2.77223484848333,-4.21291666666667
UKBA22,United Kingdom,UK,UKK,UKK2,UKK23,Somerset,7.31704545454275,0.153787878787833,0.312840909091667,1556.10505681458,-2.77223484848333,-4.21291666666667
UKBA3,United Kingdom,UK,UKK,UKK2,UKK23,Somerset,7.31704545454275,0.153787878787833,0.312840909091667,1556.10505681458,-2.77223484848333,-4.21291666666667
UKBA4,United Kingdom,UK,UKK,UKK2,UKK23,Somerset,7.31704545454275,0.153787878787833,0.312840909091667,1556.10505681458,-2.77223484848333,-4.21291666666667
UKBA5,United Kingdom,UK,UKK,UKK2,UKK23,Somerset,7.31704545454275,0.153787878787833,0.312840909091667,1556.10505681458,-2.77223484848333,-4.21291666666667
UKBA6,United Kingdom,UK,UKK,UKK2,UKK23,Somerset,7.31704545454275,0.153787878787833,0.312840909091667,1556.10505681458,-2.77223484848333,-4.21291666666667
UKBA7,United Kingdom,UK,UKK,UKK2,UKK23,Somerset,7.31704545454275,0.153787878787833,0.312840909091667,1556.10505681458,-2.77223484848333,-4.21291666666667
UKBA8,United Kingdom,UK,UKK,UKK2,UKK23,Somerset,7.31704545454275,0.153787878787833,0.312840909091667,1556.10505681458,-2.77223484848333,-4.21291666666667
UKBA9,United Kingdom,UK,UKK,UKK2,UKK23,Somerset,7.31704545454275,0.153787878787833,0.312840909091667,1556.10505681458,-2.77223484848333,-4.21291666666667
UKBS24,United Kingdom,UK,UKK,UKK2,UKK23,Somerset,7.31704545454275,0.153787878787833,0.312840909091667,1556.10505681458,-2.77223484848333,-4.21291666666667
UKBS25,United Kingdom,UK,UKK,UKK2,UKK23,Somerset,7.31704545454275,0.153787878787833,0.312840909091667,1556.10505681458,-2.77223484848333,-4.21291666666667
UKBS26,United Kingdom,UK,UKK,UKK2,UKK23,Somerset,7.31704545454275,0.153787878787833,0.312840909091667,1556.10505681458,-2.77223484848333,-4.21291666666667
UKBS27,United Kingdom,UK,UKK,UKK2,UKK23,Somerset,7.31704545454275,0.153787878787833,0.312840909091667,1556.10505681458,-2.77223484848333,-4.21291666666667
UKBS28,United Kingdom,UK,UKK,UKK2,UKK23,Somerset,7.31704545454275,0.153787878787833,0.312840909091667,1556.10505681458,-2.77223484848333,-4.21291666666667
UKBS39,United Kingdom,UK,UKK,UKK2,UKK23,Somerset,7.31704545454275,0.153787878787833,0.312840909091667,1556.10505681458,-2.77223484848333,-4.21291666666667
UKBS40,United Kingdom,UK,UKK,UKK2,UKK23,Somerset,7.31704545454275,0.153787878787833,0.312840909091667,1556.10505681458,-2.77223484848333,-4.21291666666667
UKDT10,United Kingdom,UK,UKK,UKK2,UKK23,Somerset,7.31704545454275,0.153787878787833,0.312840909091667,1556.10505681458,-2.77223484848333,-4.21291666666667
UKDT8,United Kingdom,UK,UKK,UKK2,UKK23,Somerset,7.31704545454275,0.153787878787833,0.312840909091667,1556.10505681458,-2.77223484848333,-4.21291666666667
UKDT9,United Kingdom,UK,UKK,UKK2,UKK23,Somerset,7.31704545454275,0.153787878787833,0.312840909091667,1556.10505681458,-2.77223484848333,-4.21291666666667
UKEX13,United Kingdom,UK,UKK,UKK2,UKK23,Somerset,7.31704545454275,0.153787878787833,0.312840909091667,1556.10505681458,-2.77223484848333,-4.21291666666667
UKEX14,United Kingdom,UK,UKK,UKK2,UKK23,Somerset,7.31704545454275,0.153787878787833,0.312840909091667,1556.10505681458,-2.77223484848333,-4.21291666666667
UKEX16,United Kingdom,UK,UKK,UKK2,UKK23,Somerset,7.31704545454275,0.153787878787833,0.312840909091667,1556.10505681458,-2.77223484848333,-4.21291666666667
UKEX35,United Kingdom,UK,UKK,UKK2,UKK23,Somerset,7.31704545454275,0.153787878787833,0.312840909091667,1556.10505681458,-2.77223484848333,-4.21291666666667
UKEX36,United Kingdom,UK,UKK,UKK2,UKK23,Somerset,7.31704545454275,0.153787878787833,0.312840909091667,1556.10505681458,-2.77223484848333,-4.21291666666667
UKTA1,United Kingdom,UK,UKK,UKK2,UKK23,Somerset,7.31704545454275,0.153787878787833,0.312840909091667,1556.10505681458,-2.77223484848333,-4.21291666666667
UKTA10,United Kingdom,UK,UKK,UKK2,UKK23,Somerset,7.31704545454275,0.153787878787833,0.312840909091667,1556.10505681458,-2.77223484848333,-4.21291666666667
UKTA11,United Kingdom,UK,UKK,UKK2,UKK23,Somerset,7.31704545454275,0.153787878787833,0.312840909091667,1556.10505681458,-2.77223484848333,-4.21291666666667
UKTA12,United Kingdom,UK,UKK,UKK2,UKK23,Somerset,7.31704545454275,0.153787878787833,0.312840909091667,1556.10505681458,-2.77223484848333,-4.21291666666667
UKTA13,United Kingdom,UK,UKK,UKK2,UKK23,Somerset,7.31704545454275,0.153787878787833,0.312840909091667,1556.10505681458,-2.77223484848333,-4.21291666666667
UKTA14,United Kingdom,UK,UKK,UKK2,UKK23,Somerset,7.31704545454275,0.153787878787833,0.312840909091667,1556.10505681458,-2.77223484848333,-4.21291666666667
UKTA15,United Kingdom,UK,UKK,UKK2,UKK23,Somerset,7.31704545454275,0.153787878787833,0.312840909091667,1556.10505681458,-2.77223484848333,-4.21291666666667
UKTA16,United Kingdom,UK,UKK,UKK2,UKK23,Somerset,7.31704545454275,0.153787878787833,0.312840909091667,1556.10505681458,-2.77223484848333,-4.21291666666667
UKTA17,United Kingdom,UK,UKK,UKK2,UKK23,Somerset,7.31704545454275,0.153787878787833,0.312840909091667,1556.10505681458,-2.77223484848333,-4.21291666666667
UKTA18,United Kingdom,UK,UKK,UKK2,UKK23,Somerset,7.31704545454275,0.153787878787833,0.312840909091667,1556.10505681458,-2.77223484848333,-4.21291666666667
UKTA19,United Kingdom,UK,UKK,UKK2,UKK23,Somerset,7.31704545454275,0.153787878787833,0.312840909091667,1556.10505681458,-2.77223484848333,-4.21291666666667
UKTA2,United Kingdom,UK,UKK,UKK2,UKK23,Somerset,7.31704545454275,0.153787878787833,0.312840909091667,1556.10505681458,-2.77223484848333,-4.21291666666667
UKTA20,United Kingdom,UK,UKK,UKK2,UKK23,Somerset,7.31704545454275,0.153787878787833,0.312840909091667,1556.10505681458,-2.77223484848333,-4.21291666666667
UKTA21,United Kingdom,UK,UKK,UKK2,UKK23,Somerset,7.31704545454275,0.153787878787833,0.312840909091667,1556.10505681458,-2.77223484848333,-4.21291666666667
UKTA22,United Kingdom,UK,UKK,UKK2,UKK23,Somerset,7.31704545454275,0.153787878787833,0.312840909091667,1556.10505681458,-2.77223484848333,-4.21291666666667
UKTA23,United Kingdom,UK,UKK,UKK2,UKK23,Somerset,7.31704545454275,0.153787878787833,0.312840909091667,1556.10505681458,-2.77223484848333,-4.21291666666667
UKTA24,United Kingdom,UK,UKK,UKK2,UKK23,Somerset,7.31704545454275,0.153787878787833,0.312840909091667,1556.10505681458,-2.77223484848333,-4.21291666666667
UKTA3,United Kingdom,UK,UKK,UKK2,UKK23,Somerset,7.31704545454275,0.153787878787833,0.312840909091667,1556.10505681458,-2.77223484848333,-4.21291666666667
UKTA4,United Kingdom,UK,UKK,UKK2,UKK23,Somerset,7.31704545454275,0.153787878787833,0.312840909091667,1556.10505681458,-2.77223484848333,-4.21291666666667
UKTA5,United Kingdom,UK,UKK,UKK2,UKK23,Somerset,7.31704545454275,0.153787878787833,0.312840909091667,1556.10505681458,-2.77223484848333,-4.21291666666667
UKTA6,United Kingdom,UK,UKK,UKK2,UKK23,Somerset,7.31704545454275,0.153787878787833,0.312840909091667,1556.10505681458,-2.77223484848333,-4.21291666666667
UKTA7,United Kingdom,UK,UKK,UKK2,UKK23,Somerset,7.31704545454275,0.153787878787833,0.312840909091667,1556.10505681458,-2.77223484848333,-4.21291666666667
UKTA8,United Kingdom,UK,UKK,UKK2,UKK23,Somerset,7.31704545454275,0.153787878787833,0.312840909091667,1556.10505681458,-2.77223484848333,-4.21291666666667
UKTA9,United Kingdom,UK,UKK,UKK2,UKK23,Somerset,7.31704545454275,0.153787878787833,0.312840909091667,1556.10505681458,-2.77223484848333,-4.21291666666667
UKBN1,United Kingdom,UK,UKJ,UKJ2,UKJ28,West Sussex (North East),12.499038461555,0.222435897436667,0.395128205128333,1535.49557692004,-2.77576923076667,-4.22410256409998
UKBN18,United Kingdom,UK,UKJ,UKJ2,UKJ28,West Sussex (North East),12.499038461555,0.222435897436667,0.395128205128333,1535.49557692004,-2.77576923076667,-4.22410256409998
UKBN43,United Kingdom,UK,UKJ,UKJ2,UKJ28,West Sussex (North East),12.499038461555,0.222435897436667,0.395128205128333,1535.49557692004,-2.77576923076667,-4.22410256409998
UKBN44,United Kingdom,UK,UKJ,UKJ2,UKJ28,West Sussex (North East),12.499038461555,0.222435897436667,0.395128205128333,1535.49557692004,-2.77576923076667,-4.22410256409998
UKBN45,United Kingdom,UK,UKJ,UKJ2,UKJ28,West Sussex (North East),12.499038461555,0.222435897436667,0.395128205128333,1535.49557692004,-2.77576923076667,-4.22410256409998
UKBN5,United Kingdom,UK,UKJ,UKJ2,UKJ28,West Sussex (North East),12.499038461555,0.222435897436667,0.395128205128333,1535.49557692004,-2.77576923076667,-4.22410256409998
UKBN6,United Kingdom,UK,UKJ,UKJ2,UKJ28,West Sussex (North East),12.499038461555,0.222435897436667,0.395128205128333,1535.49557692004,-2.77576923076667,-4.22410256409998
UKBN8,United Kingdom,UK,UKJ,UKJ2,UKJ28,West Sussex (North East),12.499038461555,0.222435897436667,0.395128205128333,1535.49557692004,-2.77576923076667,-4.22410256409998
UKRH10,United Kingdom,UK,UKJ,UKJ2,UKJ28,West Sussex (North East),12.499038461555,0.222435897436667,0.395128205128333,1535.49557692004,-2.77576923076667,-4.22410256409998
UKRH11,United Kingdom,UK,UKJ,UKJ2,UKJ28,West Sussex (North East),12.499038461555,0.222435897436667,0.395128205128333,1535.49557692004,-2.77576923076667,-4.22410256409998
UKRH12,United Kingdom,UK,UKJ,UKJ2,UKJ28,West Sussex (North East),12.499038461555,0.222435897436667,0.395128205128333,1535.49557692004,-2.77576923076667,-4.22410256409998
UKRH13,United Kingdom,UK,UKJ,UKJ2,UKJ28,West Sussex (North East),12.499038461555,0.222435897436667,0.395128205128333,1535.49557692004,-2.77576923076667,-4.22410256409998
UKRH14,United Kingdom,UK,UKJ,UKJ2,UKJ28,West Sussex (North East),12.499038461555,0.222435897436667,0.395128205128333,1535.49557692004,-2.77576923076667,-4.22410256409998
UKRH15,United Kingdom,UK,UKJ,UKJ2,UKJ28,West Sussex (North East),12.499038461555,0.222435897436667,0.395128205128333,1535.49557692004,-2.77576923076667,-4.22410256409998
UKRH16,United Kingdom,UK,UKJ,UKJ2,UKJ28,West Sussex (North East),12.499038461555,0.222435897436667,0.395128205128333,1535.49557692004,-2.77576923076667,-4.22410256409998
UKRH17,United Kingdom,UK,UKJ,UKJ2,UKJ28,West Sussex (North East),12.499038461555,0.222435897436667,0.395128205128333,1535.49557692004,-2.77576923076667,-4.22410256409998
UKRH18,United Kingdom,UK,UKJ,UKJ2,UKJ28,West Sussex (North East),12.499038461555,0.222435897436667,0.395128205128333,1535.49557692004,-2.77576923076667,-4.22410256409998
UKRH19,United Kingdom,UK,UKJ,UKJ2,UKJ28,West Sussex (North East),12.499038461555,0.222435897436667,0.395128205128333,1535.49557692004,-2.77576923076667,-4.22410256409998
UKRH20,United Kingdom,UK,UKJ,UKJ2,UKJ28,West Sussex (North East),12.499038461555,0.222435897436667,0.395128205128333,1535.49557692004,-2.77576923076667,-4.22410256409998
UKRH5,United Kingdom,UK,UKJ,UKJ2,UKJ28,West Sussex (North East),12.499038461555,0.222435897436667,0.395128205128333,1535.49557692004,-2.77576923076667,-4.22410256409998
UKRH6,United Kingdom,UK,UKJ,UKJ2,UKJ28,West Sussex (North East),12.499038461555,0.222435897436667,0.395128205128333,1535.49557692004,-2.77576923076667,-4.22410256409998
UKRH77,United Kingdom,UK,UKJ,UKJ2,UKJ28,West Sussex (North East),12.499038461555,0.222435897436667,0.395128205128333,1535.49557692004,-2.77576923076667,-4.22410256409998
UKB16,United Kingdom,UK,UKG,UKG3,UKG37,Sandwell,8.62,0.16,0.298333333333332,1693.75,-2.9,-4.35
UKB18,United Kingdom,UK,UKG,UKG3,UKG37,Sandwell,8.62,0.16,0.298333333333332,1693.75,-2.9,-4.35
UKB21,United Kingdom,UK,UKG,UKG3,UKG37,Sandwell,8.62,0.16,0.298333333333332,1693.75,-2.9,-4.35
UKB42,United Kingdom,UK,UKG,UKG3,UKG37,Sandwell,8.62,0.16,0.298333333333332,1693.75,-2.9,-4.35
UKB43,United Kingdom,UK,UKG,UKG3,UKG37,Sandwell,8.62,0.16,0.298333333333332,1693.75,-2.9,-4.35
UKB62,United Kingdom,UK,UKG,UKG3,UKG37,Sandwell,8.62,0.16,0.298333333333332,1693.75,-2.9,-4.35
UKB64,United Kingdom,UK,UKG,UKG3,UKG37,Sandwell,8.62,0.16,0.298333333333332,1693.75,-2.9,-4.35
UKB65,United Kingdom,UK,UKG,UKG3,UKG37,Sandwell,8.62,0.16,0.298333333333332,1693.75,-2.9,-4.35
UKB66,United Kingdom,UK,UKG,UKG3,UKG37,Sandwell,8.62,0.16,0.298333333333332,1693.75,-2.9,-4.35
UKB67,United Kingdom,UK,UKG,UKG3,UKG37,Sandwell,8.62,0.16,0.298333333333332,1693.75,-2.9,-4.35
UKB68,United Kingdom,UK,UKG,UKG3,UKG37,Sandwell,8.62,0.16,0.298333333333332,1693.75,-2.9,-4.35
UKB69,United Kingdom,UK,UKG,UKG3,UKG37,Sandwell,8.62,0.16,0.298333333333332,1693.75,-2.9,-4.35
UKB70,United Kingdom,UK,UKG,UKG3,UKG37,Sandwell,8.62,0.16,0.298333333333332,1693.75,-2.9,-4.35
UKB71,United Kingdom,UK,UKG,UKG3,UKG37,Sandwell,8.62,0.16,0.298333333333332,1693.75,-2.9,-4.35
UKDY4,United Kingdom,UK,UKG,UKG3,UKG37,Sandwell,8.62,0.16,0.298333333333332,1693.75,-2.9,-4.35
UKWS1,United Kingdom,UK,UKG,UKG3,UKG37,Sandwell,8.62,0.16,0.298333333333332,1693.75,-2.9,-4.35
UKWS10,United Kingdom,UK,UKG,UKG3,UKG37,Sandwell,8.62,0.16,0.298333333333332,1693.75,-2.9,-4.35
UKWS5,United Kingdom,UK,UKG,UKG3,UKG37,Sandwell,8.62,0.16,0.298333333333332,1693.75,-2.9,-4.35
UKWV14,United Kingdom,UK,UKG,UKG3,UKG37,Sandwell,8.62,0.16,0.298333333333332,1693.75,-2.9,-4.35
UKBA21,United Kingdom,UK,UKK,UKK2,UKK22,Dorset CC,9.2715000000075,0.194777777778333,0.368333333333333,1549.99775,-2.72883333333332,-4.16222222221665
UKBA22,United Kingdom,UK,UKK,UKK2,UKK22,Dorset CC,9.2715000000075,0.194777777778333,0.368333333333333,1549.99775,-2.72883333333332,-4.16222222221665
UKBA8,United Kingdom,UK,UKK,UKK2,UKK22,Dorset CC,9.2715000000075,0.194777777778333,0.368333333333333,1549.99775,-2.72883333333332,-4.16222222221665
UKBH13,United Kingdom,UK,UKK,UKK2,UKK22,Dorset CC,9.2715000000075,0.194777777778333,0.368333333333333,1549.99775,-2.72883333333332,-4.16222222221665
UKBH15,United Kingdom,UK,UKK,UKK2,UKK22,Dorset CC,9.2715000000075,0.194777777778333,0.368333333333333,1549.99775,-2.72883333333332,-4.16222222221665
UKBH16,United Kingdom,UK,UKK,UKK2,UKK22,Dorset CC,9.2715000000075,0.194777777778333,0.368333333333333,1549.99775,-2.72883333333332,-4.16222222221665
UKBH18,United Kingdom,UK,UKK,UKK2,UKK22,Dorset CC,9.2715000000075,0.194777777778333,0.368333333333333,1549.99775,-2.72883333333332,-4.16222222221665
UKBH19,United Kingdom,UK,UKK,UKK2,UKK22,Dorset CC,9.2715000000075,0.194777777778333,0.368333333333333,1549.99775,-2.72883333333332,-4.16222222221665
UKBH20,United Kingdom,UK,UKK,UKK2,UKK22,Dorset CC,9.2715000000075,0.194777777778333,0.368333333333333,1549.99775,-2.72883333333332,-4.16222222221665
UKBH21,United Kingdom,UK,UKK,UKK2,UKK22,Dorset CC,9.2715000000075,0.194777777778333,0.368333333333333,1549.99775,-2.72883333333332,-4.16222222221665
UKBH22,United Kingdom,UK,UKK,UKK2,UKK22,Dorset CC,9.2715000000075,0.194777777778333,0.368333333333333,1549.99775,-2.72883333333332,-4.16222222221665
UKBH23,United Kingdom,UK,UKK,UKK2,UKK22,Dorset CC,9.2715000000075,0.194777777778333,0.368333333333333,1549.99775,-2.72883333333332,-4.16222222221665
UKBH24,United Kingdom,UK,UKK,UKK2,UKK22,Dorset CC,9.2715000000075,0.194777777778333,0.368333333333333,1549.99775,-2.72883333333332,-4.16222222221665
UKBH31,United Kingdom,UK,UKK,UKK2,UKK22,Dorset CC,9.2715000000075,0.194777777778333,0.368333333333333,1549.99775,-2.72883333333332,-4.16222222221665
UKBH7,United Kingdom,UK,UKK,UKK2,UKK22,Dorset CC,9.2715000000075,0.194777777778333,0.368333333333333,1549.99775,-2.72883333333332,-4.16222222221665
UKDT1,United Kingdom,UK,UKK,UKK2,UKK22,Dorset CC,9.2715000000075,0.194777777778333,0.368333333333333,1549.99775,-2.72883333333332,-4.16222222221665
UKDT10,United Kingdom,UK,UKK,UKK2,UKK22,Dorset CC,9.2715000000075,0.194777777778333,0.368333333333333,1549.99775,-2.72883333333332,-4.16222222221665
UKDT11,United Kingdom,UK,UKK,UKK2,UKK22,Dorset CC,9.2715000000075,0.194777777778333,0.368333333333333,1549.99775,-2.72883333333332,-4.16222222221665
UKDT2,United Kingdom,UK,UKK,UKK2,UKK22,Dorset CC,9.2715000000075,0.194777777778333,0.368333333333333,1549.99775,-2.72883333333332,-4.16222222221665
UKDT3,United Kingdom,UK,UKK,UKK2,UKK22,Dorset CC,9.2715000000075,0.194777777778333,0.368333333333333,1549.99775,-2.72883333333332,-4.16222222221665
UKDT4,United Kingdom,UK,UKK,UKK2,UKK22,Dorset CC,9.2715000000075,0.194777777778333,0.368333333333333,1549.99775,-2.72883333333332,-4.16222222221665
UKDT5,United Kingdom,UK,UKK,UKK2,UKK22,Dorset CC,9.2715000000075,0.194777777778333,0.368333333333333,1549.99775,-2.72883333333332,-4.16222222221665
UKDT6,United Kingdom,UK,UKK,UKK2,UKK22,Dorset CC,9.2715000000075,0.194777777778333,0.368333333333333,1549.99775,-2.72883333333332,-4.16222222221665
UKDT7,United Kingdom,UK,UKK,UKK2,UKK22,Dorset CC,9.2715000000075,0.194777777778333,0.368333333333333,1549.99775,-2.72883333333332,-4.16222222221665
UKDT8,United Kingdom,UK,UKK,UKK2,UKK22,Dorset CC,9.2715000000075,0.194777777778333,0.368333333333333,1549.99775,-2.72883333333332,-4.16222222221665
UKDT9,United Kingdom,UK,UKK,UKK2,UKK22,Dorset CC,9.2715000000075,0.194777777778333,0.368333333333333,1549.99775,-2.72883333333332,-4.16222222221665
UKEX13,United Kingdom,UK,UKK,UKK2,UKK22,Dorset CC,9.2715000000075,0.194777777778333,0.368333333333333,1549.99775,-2.72883333333332,-4.16222222221665
UKSP5,United Kingdom,UK,UKK,UKK2,UKK22,Dorset CC,9.2715000000075,0.194777777778333,0.368333333333333,1549.99775,-2.72883333333332,-4.16222222221665
UKSP6,United Kingdom,UK,UKK,UKK2,UKK22,Dorset CC,9.2715000000075,0.194777777778333,0.368333333333333,1549.99775,-2.72883333333332,-4.16222222221665
UKSP7,United Kingdom,UK,UKK,UKK2,UKK22,Dorset CC,9.2715000000075,0.194777777778333,0.368333333333333,1549.99775,-2.72883333333332,-4.16222222221665
UKSP8,United Kingdom,UK,UKK,UKK2,UKK22,Dorset CC,9.2715000000075,0.194777777778333,0.368333333333333,1549.99775,-2.72883333333332,-4.16222222221665
UKTA18,United Kingdom,UK,UKK,UKK2,UKK22,Dorset CC,9.2715000000075,0.194777777778333,0.368333333333333,1549.99775,-2.72883333333332,-4.16222222221665
UKTA20,United Kingdom,UK,UKK,UKK2,UKK22,Dorset CC,9.2715000000075,0.194777777778333,0.368333333333333,1549.99775,-2.72883333333332,-4.16222222221665
UKHA0,United Kingdom,UK,UKI,UKI7,UKI73,Ealing,27.3525,0.361666666666665,0.606666666666665,1514.2525,-2.805,-4.21833333333332
UKHA2,United Kingdom,UK,UKI,UKI7,UKI73,Ealing,27.3525,0.361666666666665,0.606666666666665,1514.2525,-2.805,-4.21833333333332
UKNW10,United Kingdom,UK,UKI,UKI7,UKI73,Ealing,27.3525,0.361666666666665,0.606666666666665,1514.2525,-2.805,-4.21833333333332
UKTW8,United Kingdom,UK,UKI,UKI7,UKI73,Ealing,27.3525,0.361666666666665,0.606666666666665,1514.2525,-2.805,-4.21833333333332
UKUB1,United Kingdom,UK,UKI,UKI7,UKI73,Ealing,27.3525,0.361666666666665,0.606666666666665,1514.2525,-2.805,-4.21833333333332
UKUB18,United Kingdom,UK,UKI,UKI7,UKI73,Ealing,27.3525,0.361666666666665,0.606666666666665,1514.2525,-2.805,-4.21833333333332
UKUB2,United Kingdom,UK,UKI,UKI7,UKI73,Ealing,27.3525,0.361666666666665,0.606666666666665,1514.2525,-2.805,-4.21833333333332
UKUB5,United Kingdom,UK,UKI,UKI7,UKI73,Ealing,27.3525,0.361666666666665,0.606666666666665,1514.2525,-2.805,-4.21833333333332
UKUB6,United Kingdom,UK,UKI,UKI7,UKI73,Ealing,27.3525,0.361666666666665,0.606666666666665,1514.2525,-2.805,-4.21833333333332
UKW10,United Kingdom,UK,UKI,UKI7,UKI73,Ealing,27.3525,0.361666666666665,0.606666666666665,1514.2525,-2.805,-4.21833333333332
UKW11,United Kingdom,UK,UKI,UKI7,UKI73,Ealing,27.3525,0.361666666666665,0.606666666666665,1514.2525,-2.805,-4.21833333333332
UKW12,United Kingdom,UK,UKI,UKI7,UKI73,Ealing,27.3525,0.361666666666665,0.606666666666665,1514.2525,-2.805,-4.21833333333332
UKW13,United Kingdom,UK,UKI,UKI7,UKI73,Ealing,27.3525,0.361666666666665,0.606666666666665,1514.2525,-2.805,-4.21833333333332
UKW2,United Kingdom,UK,UKI,UKI7,UKI73,Ealing,27.3525,0.361666666666665,0.606666666666665,1514.2525,-2.805,-4.21833333333332
UKW3,United Kingdom,UK,UKI,UKI7,UKI73,Ealing,27.3525,0.361666666666665,0.606666666666665,1514.2525,-2.805,-4.21833333333332
UKW4,United Kingdom,UK,UKI,UKI7,UKI73,Ealing,27.3525,0.361666666666665,0.606666666666665,1514.2525,-2.805,-4.21833333333332
UKW5,United Kingdom,UK,UKI,UKI7,UKI73,Ealing,27.3525,0.361666666666665,0.606666666666665,1514.2525,-2.805,-4.21833333333332
UKW7,United Kingdom,UK,UKI,UKI7,UKI73,Ealing,27.3525,0.361666666666665,0.606666666666665,1514.2525,-2.805,-4.21833333333332
UKHP10,United Kingdom,UK,UKJ,UKJ1,UKJ13,Buckinghamshire CC,19.16513157896,0.294298245613332,0.492105263158333,1621.14315789143,-2.91789473685,-4.40298245613333
UKHP11,United Kingdom,UK,UKJ,UKJ1,UKJ13,Buckinghamshire CC,19.16513157896,0.294298245613332,0.492105263158333,1621.14315789143,-2.91789473685,-4.40298245613333
UKHP12,United Kingdom,UK,UKJ,UKJ1,UKJ13,Buckinghamshire CC,19.16513157896,0.294298245613332,0.492105263158333,1621.14315789143,-2.91789473685,-4.40298245613333
UKHP13,United Kingdom,UK,UKJ,UKJ1,UKJ13,Buckinghamshire CC,19.16513157896,0.294298245613332,0.492105263158333,1621.14315789143,-2.91789473685,-4.40298245613333
UKHP14,United Kingdom,UK,UKJ,UKJ1,UKJ13,Buckinghamshire CC,19.16513157896,0.294298245613332,0.492105263158333,1621.14315789143,-2.91789473685,-4.40298245613333
UKHP15,United Kingdom,UK,UKJ,UKJ1,UKJ13,Buckinghamshire CC,19.16513157896,0.294298245613332,0.492105263158333,1621.14315789143,-2.91789473685,-4.40298245613333
UKHP16,United Kingdom,UK,UKJ,UKJ1,UKJ13,Buckinghamshire CC,19.16513157896,0.294298245613332,0.492105263158333,1621.14315789143,-2.91789473685,-4.40298245613333
UKHP17,United Kingdom,UK,UKJ,UKJ1,UKJ13,Buckinghamshire CC,19.16513157896,0.294298245613332,0.492105263158333,1621.14315789143,-2.91789473685,-4.40298245613333
UKHP18,United Kingdom,UK,UKJ,UKJ1,UKJ13,Buckinghamshire CC,19.16513157896,0.294298245613332,0.492105263158333,1621.14315789143,-2.91789473685,-4.40298245613333
UKHP19,United Kingdom,UK,UKJ,UKJ1,UKJ13,Buckinghamshire CC,19.16513157896,0.294298245613332,0.492105263158333,1621.14315789143,-2.91789473685,-4.40298245613333
UKHP20,United Kingdom,UK,UKJ,UKJ1,UKJ13,Buckinghamshire CC,19.16513157896,0.294298245613332,0.492105263158333,1621.14315789143,-2.91789473685,-4.40298245613333
UKHP21,United Kingdom,UK,UKJ,UKJ1,UKJ13,Buckinghamshire CC,19.16513157896,0.294298245613332,0.492105263158333,1621.14315789143,-2.91789473685,-4.40298245613333
UKHP22,United Kingdom,UK,UKJ,UKJ1,UKJ13,Buckinghamshire CC,19.16513157896,0.294298245613332,0.492105263158333,1621.14315789143,-2.91789473685,-4.40298245613333
UKHP23,United Kingdom,UK,UKJ,UKJ1,UKJ13,Buckinghamshire CC,19.16513157896,0.294298245613332,0.492105263158333,1621.14315789143,-2.91789473685,-4.40298245613333
UKHP27,United Kingdom,UK,UKJ,UKJ1,UKJ13,Buckinghamshire CC,19.16513157896,0.294298245613332,0.492105263158333,1621.14315789143,-2.91789473685,-4.40298245613333
UKHP4,United Kingdom,UK,UKJ,UKJ1,UKJ13,Buckinghamshire CC,19.16513157896,0.294298245613332,0.492105263158333,1621.14315789143,-2.91789473685,-4.40298245613333
UKHP5,United Kingdom,UK,UKJ,UKJ1,UKJ13,Buckinghamshire CC,19.16513157896,0.294298245613332,0.492105263158333,1621.14315789143,-2.91789473685,-4.40298245613333
UKHP6,United Kingdom,UK,UKJ,UKJ1,UKJ13,Buckinghamshire CC,19.16513157896,0.294298245613332,0.492105263158333,1621.14315789143,-2.91789473685,-4.40298245613333
UKHP7,United Kingdom,UK,UKJ,UKJ1,UKJ13,Buckinghamshire CC,19.16513157896,0.294298245613332,0.492105263158333,1621.14315789143,-2.91789473685,-4.40298245613333
UKHP8,United Kingdom,UK,UKJ,UKJ1,UKJ13,Buckinghamshire CC,19.16513157896,0.294298245613332,0.492105263158333,1621.14315789143,-2.91789473685,-4.40298245613333
UKHP9,United Kingdom,UK,UKJ,UKJ1,UKJ13,Buckinghamshire CC,19.16513157896,0.294298245613332,0.492105263158333,1621.14315789143,-2.91789473685,-4.40298245613333
UKLU6,United Kingdom,UK,UKJ,UKJ1,UKJ13,Buckinghamshire CC,19.16513157896,0.294298245613332,0.492105263158333,1621.14315789143,-2.91789473685,-4.40298245613333
UKLU7,United Kingdom,UK,UKJ,UKJ1,UKJ13,Buckinghamshire CC,19.16513157896,0.294298245613332,0.492105263158333,1621.14315789143,-2.91789473685,-4.40298245613333
UKMK17,United Kingdom,UK,UKJ,UKJ1,UKJ13,Buckinghamshire CC,19.16513157896,0.294298245613332,0.492105263158333,1621.14315789143,-2.91789473685,-4.40298245613333
UKMK18,United Kingdom,UK,UKJ,UKJ1,UKJ13,Buckinghamshire CC,19.16513157896,0.294298245613332,0.492105263158333,1621.14315789143,-2.91789473685,-4.40298245613333
UKMK19,United Kingdom,UK,UKJ,UKJ1,UKJ13,Buckinghamshire CC,19.16513157896,0.294298245613332,0.492105263158333,1621.14315789143,-2.91789473685,-4.40298245613333
UKMK2,United Kingdom,UK,UKJ,UKJ1,UKJ13,Buckinghamshire CC,19.16513157896,0.294298245613332,0.492105263158333,1621.14315789143,-2.91789473685,-4.40298245613333
UKMK3,United Kingdom,UK,UKJ,UKJ1,UKJ13,Buckinghamshire CC,19.16513157896,0.294298245613332,0.492105263158333,1621.14315789143,-2.91789473685,-4.40298245613333
UKNN12,United Kingdom,UK,UKJ,UKJ1,UKJ13,Buckinghamshire CC,19.16513157896,0.294298245613332,0.492105263158333,1621.14315789143,-2.91789473685,-4.40298245613333
UKNN13,United Kingdom,UK,UKJ,UKJ1,UKJ13,Buckinghamshire CC,19.16513157896,0.294298245613332,0.492105263158333,1621.14315789143,-2.91789473685,-4.40298245613333
UKOX27,United Kingdom,UK,UKJ,UKJ1,UKJ13,Buckinghamshire CC,19.16513157896,0.294298245613332,0.492105263158333,1621.14315789143,-2.91789473685,-4.40298245613333
UKOX33,United Kingdom,UK,UKJ,UKJ1,UKJ13,Buckinghamshire CC,19.16513157896,0.294298245613332,0.492105263158333,1621.14315789143,-2.91789473685,-4.40298245613333
UKOX39,United Kingdom,UK,UKJ,UKJ1,UKJ13,Buckinghamshire CC,19.16513157896,0.294298245613332,0.492105263158333,1621.14315789143,-2.91789473685,-4.40298245613333
UKOX5,United Kingdom,UK,UKJ,UKJ1,UKJ13,Buckinghamshire CC,19.16513157896,0.294298245613332,0.492105263158333,1621.14315789143,-2.91789473685,-4.40298245613333
UKOX9,United Kingdom,UK,UKJ,UKJ1,UKJ13,Buckinghamshire CC,19.16513157896,0.294298245613332,0.492105263158333,1621.14315789143,-2.91789473685,-4.40298245613333
UKRG9,United Kingdom,UK,UKJ,UKJ1,UKJ13,Buckinghamshire CC,19.16513157896,0.294298245613332,0.492105263158333,1621.14315789143,-2.91789473685,-4.40298245613333
UKSL0,United Kingdom,UK,UKJ,UKJ1,UKJ13,Buckinghamshire CC,19.16513157896,0.294298245613332,0.492105263158333,1621.14315789143,-2.91789473685,-4.40298245613333
UKSL1,United Kingdom,UK,UKJ,UKJ1,UKJ13,Buckinghamshire CC,19.16513157896,0.294298245613332,0.492105263158333,1621.14315789143,-2.91789473685,-4.40298245613333
UKSL2,United Kingdom,UK,UKJ,UKJ1,UKJ13,Buckinghamshire CC,19.16513157896,0.294298245613332,0.492105263158333,1621.14315789143,-2.91789473685,-4.40298245613333
UKSL3,United Kingdom,UK,UKJ,UKJ1,UKJ13,Buckinghamshire CC,19.16513157896,0.294298245613332,0.492105263158333,1621.14315789143,-2.91789473685,-4.40298245613333
UKSL4,United Kingdom,UK,UKJ,UKJ1,UKJ13,Buckinghamshire CC,19.16513157896,0.294298245613332,0.492105263158333,1621.14315789143,-2.91789473685,-4.40298245613333
UKSL6,United Kingdom,UK,UKJ,UKJ1,UKJ13,Buckinghamshire CC,19.16513157896,0.294298245613332,0.492105263158333,1621.14315789143,-2.91789473685,-4.40298245613333
UKSL7,United Kingdom,UK,UKJ,UKJ1,UKJ13,Buckinghamshire CC,19.16513157896,0.294298245613332,0.492105263158333,1621.14315789143,-2.91789473685,-4.40298245613333
UKSL8,United Kingdom,UK,UKJ,UKJ1,UKJ13,Buckinghamshire CC,19.16513157896,0.294298245613332,0.492105263158333,1621.14315789143,-2.91789473685,-4.40298245613333
UKSL9,United Kingdom,UK,UKJ,UKJ1,UKJ13,Buckinghamshire CC,19.16513157896,0.294298245613332,0.492105263158333,1621.14315789143,-2.91789473685,-4.40298245613333
UKUB8,United Kingdom,UK,UKJ,UKJ1,UKJ13,Buckinghamshire CC,19.16513157896,0.294298245613332,0.492105263158333,1621.14315789143,-2.91789473685,-4.40298245613333
UKUB9,United Kingdom,UK,UKJ,UKJ1,UKJ13,Buckinghamshire CC,19.16513157896,0.294298245613332,0.492105263158333,1621.14315789143,-2.91789473685,-4.40298245613333
UKWD3,United Kingdom,UK,UKJ,UKJ1,UKJ13,Buckinghamshire CC,19.16513157896,0.294298245613332,0.492105263158333,1621.14315789143,-2.91789473685,-4.40298245613333
UKIP20,United Kingdom,UK,UKH,UKH1,UKH17,Breckland and South Norfolk,11.4800000000025,0.203440860215,0.327150537635,1617.05129031888,-2.99720430108332,-4.47209677419998
UKIP21,United Kingdom,UK,UKH,UKH1,UKH17,Breckland and South Norfolk,11.4800000000025,0.203440860215,0.327150537635,1617.05129031888,-2.99720430108332,-4.47209677419998
UKIP22,United Kingdom,UK,UKH,UKH1,UKH17,Breckland and South Norfolk,11.4800000000025,0.203440860215,0.327150537635,1617.05129031888,-2.99720430108332,-4.47209677419998
UKIP23,United Kingdom,UK,UKH,UKH1,UKH17,Breckland and South Norfolk,11.4800000000025,0.203440860215,0.327150537635,1617.05129031888,-2.99720430108332,-4.47209677419998
UKIP24,United Kingdom,UK,UKH,UKH1,UKH17,Breckland and South Norfolk,11.4800000000025,0.203440860215,0.327150537635,1617.05129031888,-2.99720430108332,-4.47209677419998
UKIP25,United Kingdom,UK,UKH,UKH1,UKH17,Breckland and South Norfolk,11.4800000000025,0.203440860215,0.327150537635,1617.05129031888,-2.99720430108332,-4.47209677419998
UKIP26,United Kingdom,UK,UKH,UKH1,UKH17,Breckland and South Norfolk,11.4800000000025,0.203440860215,0.327150537635,1617.05129031888,-2.99720430108332,-4.47209677419998
UKIP27,United Kingdom,UK,UKH,UKH1,UKH17,Breckland and South Norfolk,11.4800000000025,0.203440860215,0.327150537635,1617.05129031888,-2.99720430108332,-4.47209677419998
UKIP98,United Kingdom,UK,UKH,UKH1,UKH17,Breckland and South Norfolk,11.4800000000025,0.203440860215,0.327150537635,1617.05129031888,-2.99720430108332,-4.47209677419998
UKNR1,United Kingdom,UK,UKH,UKH1,UKH17,Breckland and South Norfolk,11.4800000000025,0.203440860215,0.327150537635,1617.05129031888,-2.99720430108332,-4.47209677419998
UKNR13,United Kingdom,UK,UKH,UKH1,UKH17,Breckland and South Norfolk,11.4800000000025,0.203440860215,0.327150537635,1617.05129031888,-2.99720430108332,-4.47209677419998
UKNR14,United Kingdom,UK,UKH,UKH1,UKH17,Breckland and South Norfolk,11.4800000000025,0.203440860215,0.327150537635,1617.05129031888,-2.99720430108332,-4.47209677419998
UKNR15,United Kingdom,UK,UKH,UKH1,UKH17,Breckland and South Norfolk,11.4800000000025,0.203440860215,0.327150537635,1617.05129031888,-2.99720430108332,-4.47209677419998
UKNR16,United Kingdom,UK,UKH,UKH1,UKH17,Breckland and South Norfolk,11.4800000000025,0.203440860215,0.327150537635,1617.05129031888,-2.99720430108332,-4.47209677419998
UKNR17,United Kingdom,UK,UKH,UKH1,UKH17,Breckland and South Norfolk,11.4800000000025,0.203440860215,0.327150537635,1617.05129031888,-2.99720430108332,-4.47209677419998
UKNR18,United Kingdom,UK,UKH,UKH1,UKH17,Breckland and South Norfolk,11.4800000000025,0.203440860215,0.327150537635,1617.05129031888,-2.99720430108332,-4.47209677419998
UKNR19,United Kingdom,UK,UKH,UKH1,UKH17,Breckland and South Norfolk,11.4800000000025,0.203440860215,0.327150537635,1617.05129031888,-2.99720430108332,-4.47209677419998
UKNR20,United Kingdom,UK,UKH,UKH1,UKH17,Breckland and South Norfolk,11.4800000000025,0.203440860215,0.327150537635,1617.05129031888,-2.99720430108332,-4.47209677419998
UKNR21,United Kingdom,UK,UKH,UKH1,UKH17,Breckland and South Norfolk,11.4800000000025,0.203440860215,0.327150537635,1617.05129031888,-2.99720430108332,-4.47209677419998
UKNR31,United Kingdom,UK,UKH,UKH1,UKH17,Breckland and South Norfolk,11.4800000000025,0.203440860215,0.327150537635,1617.05129031888,-2.99720430108332,-4.47209677419998
UKNR34,United Kingdom,UK,UKH,UKH1,UKH17,Breckland and South Norfolk,11.4800000000025,0.203440860215,0.327150537635,1617.05129031888,-2.99720430108332,-4.47209677419998
UKNR35,United Kingdom,UK,UKH,UKH1,UKH17,Breckland and South Norfolk,11.4800000000025,0.203440860215,0.327150537635,1617.05129031888,-2.99720430108332,-4.47209677419998
UKNR4,United Kingdom,UK,UKH,UKH1,UKH17,Breckland and South Norfolk,11.4800000000025,0.203440860215,0.327150537635,1617.05129031888,-2.99720430108332,-4.47209677419998
UKNR5,United Kingdom,UK,UKH,UKH1,UKH17,Breckland and South Norfolk,11.4800000000025,0.203440860215,0.327150537635,1617.05129031888,-2.99720430108332,-4.47209677419998
UKNR8,United Kingdom,UK,UKH,UKH1,UKH17,Breckland and South Norfolk,11.4800000000025,0.203440860215,0.327150537635,1617.05129031888,-2.99720430108332,-4.47209677419998
UKNR9,United Kingdom,UK,UKH,UKH1,UKH17,Breckland and South Norfolk,11.4800000000025,0.203440860215,0.327150537635,1617.05129031888,-2.99720430108332,-4.47209677419998
UKPE32,United Kingdom,UK,UKH,UKH1,UKH17,Breckland and South Norfolk,11.4800000000025,0.203440860215,0.327150537635,1617.05129031888,-2.99720430108332,-4.47209677419998
UKPE33,United Kingdom,UK,UKH,UKH1,UKH17,Breckland and South Norfolk,11.4800000000025,0.203440860215,0.327150537635,1617.05129031888,-2.99720430108332,-4.47209677419998
UKPE37,United Kingdom,UK,UKH,UKH1,UKH17,Breckland and South Norfolk,11.4800000000025,0.203440860215,0.327150537635,1617.05129031888,-2.99720430108332,-4.47209677419998
UKBS1,United Kingdom,UK,UKK,UKK1,UKK11,"Bristol, City of",7.77416666666775,0.162777777777833,0.331111111111665,1544.86083333,-2.78833333333333,-4.29666666666667
UKBS10,United Kingdom,UK,UKK,UKK1,UKK11,"Bristol, City of",7.77416666666775,0.162777777777833,0.331111111111665,1544.86083333,-2.78833333333333,-4.29666666666667
UKBS11,United Kingdom,UK,UKK,UKK1,UKK11,"Bristol, City of",7.77416666666775,0.162777777777833,0.331111111111665,1544.86083333,-2.78833333333333,-4.29666666666667
UKBS13,United Kingdom,UK,UKK,UKK1,UKK11,"Bristol, City of",7.77416666666775,0.162777777777833,0.331111111111665,1544.86083333,-2.78833333333333,-4.29666666666667
UKBS14,United Kingdom,UK,UKK,UKK1,UKK11,"Bristol, City of",7.77416666666775,0.162777777777833,0.331111111111665,1544.86083333,-2.78833333333333,-4.29666666666667
UKBS15,United Kingdom,UK,UKK,UKK1,UKK11,"Bristol, City of",7.77416666666775,0.162777777777833,0.331111111111665,1544.86083333,-2.78833333333333,-4.29666666666667
UKBS16,United Kingdom,UK,UKK,UKK1,UKK11,"Bristol, City of",7.77416666666775,0.162777777777833,0.331111111111665,1544.86083333,-2.78833333333333,-4.29666666666667
UKBS2,United Kingdom,UK,UKK,UKK1,UKK11,"Bristol, City of",7.77416666666775,0.162777777777833,0.331111111111665,1544.86083333,-2.78833333333333,-4.29666666666667
UKBS3,United Kingdom,UK,UKK,UKK1,UKK11,"Bristol, City of",7.77416666666775,0.162777777777833,0.331111111111665,1544.86083333,-2.78833333333333,-4.29666666666667
UKBS31,United Kingdom,UK,UKK,UKK1,UKK11,"Bristol, City of",7.77416666666775,0.162777777777833,0.331111111111665,1544.86083333,-2.78833333333333,-4.29666666666667
UKBS34,United Kingdom,UK,UKK,UKK1,UKK11,"Bristol, City of",7.77416666666775,0.162777777777833,0.331111111111665,1544.86083333,-2.78833333333333,-4.29666666666667
UKBS4,United Kingdom,UK,UKK,UKK1,UKK11,"Bristol, City of",7.77416666666775,0.162777777777833,0.331111111111665,1544.86083333,-2.78833333333333,-4.29666666666667
UKBS5,United Kingdom,UK,UKK,UKK1,UKK11,"Bristol, City of",7.77416666666775,0.162777777777833,0.331111111111665,1544.86083333,-2.78833333333333,-4.29666666666667
UKBS6,United Kingdom,UK,UKK,UKK1,UKK11,"Bristol, City of",7.77416666666775,0.162777777777833,0.331111111111665,1544.86083333,-2.78833333333333,-4.29666666666667
UKBS7,United Kingdom,UK,UKK,UKK1,UKK11,"Bristol, City of",7.77416666666775,0.162777777777833,0.331111111111665,1544.86083333,-2.78833333333333,-4.29666666666667
UKBS8,United Kingdom,UK,UKK,UKK1,UKK11,"Bristol, City of",7.77416666666775,0.162777777777833,0.331111111111665,1544.86083333,-2.78833333333333,-4.29666666666667
UKBS9,United Kingdom,UK,UKK,UKK1,UKK11,"Bristol, City of",7.77416666666775,0.162777777777833,0.331111111111665,1544.86083333,-2.78833333333333,-4.29666666666667
UKBS98,United Kingdom,UK,UKK,UKK1,UKK11,"Bristol, City of",7.77416666666775,0.162777777777833,0.331111111111665,1544.86083333,-2.78833333333333,-4.29666666666667
UKBS99,United Kingdom,UK,UKK,UKK1,UKK11,"Bristol, City of",7.77416666666775,0.162777777777833,0.331111111111665,1544.86083333,-2.78833333333333,-4.29666666666667
UKG13,United Kingdom,UK,UKM,UKM8,UKM81,"East Dunbartonshire, West Dunbartonshire and Helensburgh & Lomond",0.348846153846,0.01,0.0282051282051667,1889.62230768985,-3.16769230769998,-4.5058974359
UKG33,United Kingdom,UK,UKM,UKM8,UKM81,"East Dunbartonshire, West Dunbartonshire and Helensburgh & Lomond",0.348846153846,0.01,0.0282051282051667,1889.62230768985,-3.16769230769998,-4.5058974359
UKG60,United Kingdom,UK,UKM,UKM8,UKM81,"East Dunbartonshire, West Dunbartonshire and Helensburgh & Lomond",0.348846153846,0.01,0.0282051282051667,1889.62230768985,-3.16769230769998,-4.5058974359
UKG61,United Kingdom,UK,UKM,UKM8,UKM81,"East Dunbartonshire, West Dunbartonshire and Helensburgh & Lomond",0.348846153846,0.01,0.0282051282051667,1889.62230768985,-3.16769230769998,-4.5058974359
UKG62,United Kingdom,UK,UKM,UKM8,UKM81,"East Dunbartonshire, West Dunbartonshire and Helensburgh & Lomond",0.348846153846,0.01,0.0282051282051667,1889.62230768985,-3.16769230769998,-4.5058974359
UKG63,United Kingdom,UK,UKM,UKM8,UKM81,"East Dunbartonshire, West Dunbartonshire and Helensburgh & Lomond",0.348846153846,0.01,0.0282051282051667,1889.62230768985,-3.16769230769998,-4.5058974359
UKG64,United Kingdom,UK,UKM,UKM8,UKM81,"East Dunbartonshire, West Dunbartonshire and Helensburgh & Lomond",0.348846153846,0.01,0.0282051282051667,1889.62230768985,-3.16769230769998,-4.5058974359
UKG65,United Kingdom,UK,UKM,UKM8,UKM81,"East Dunbartonshire, West Dunbartonshire and Helensburgh & Lomond",0.348846153846,0.01,0.0282051282051667,1889.62230768985,-3.16769230769998,-4.5058974359
UKG66,United Kingdom,UK,UKM,UKM8,UKM81,"East Dunbartonshire, West Dunbartonshire and Helensburgh & Lomond",0.348846153846,0.01,0.0282051282051667,1889.62230768985,-3.16769230769998,-4.5058974359
UKG68,United Kingdom,UK,UKM,UKM8,UKM81,"East Dunbartonshire, West Dunbartonshire and Helensburgh & Lomond",0.348846153846,0.01,0.0282051282051667,1889.62230768985,-3.16769230769998,-4.5058974359
UKG69,United Kingdom,UK,UKM,UKM8,UKM81,"East Dunbartonshire, West Dunbartonshire and Helensburgh & Lomond",0.348846153846,0.01,0.0282051282051667,1889.62230768985,-3.16769230769998,-4.5058974359
UKG81,United Kingdom,UK,UKM,UKM8,UKM81,"East Dunbartonshire, West Dunbartonshire and Helensburgh & Lomond",0.348846153846,0.01,0.0282051282051667,1889.62230768985,-3.16769230769998,-4.5058974359
UKG82,United Kingdom,UK,UKM,UKM8,UKM81,"East Dunbartonshire, West Dunbartonshire and Helensburgh & Lomond",0.348846153846,0.01,0.0282051282051667,1889.62230768985,-3.16769230769998,-4.5058974359
UKG83,United Kingdom,UK,UKM,UKM8,UKM81,"East Dunbartonshire, West Dunbartonshire and Helensburgh & Lomond",0.348846153846,0.01,0.0282051282051667,1889.62230768985,-3.16769230769998,-4.5058974359
UKG84,United Kingdom,UK,UKM,UKM8,UKM81,"East Dunbartonshire, West Dunbartonshire and Helensburgh & Lomond",0.348846153846,0.01,0.0282051282051667,1889.62230768985,-3.16769230769998,-4.5058974359
UKEH47,United Kingdom,UK,UKM,UKM8,UKM84,North Lanarkshire,0.423125,0.0120833333333333,0.0375,1888.59624999999,-3.15083333333333,-4.51770833333333
UKFK1,United Kingdom,UK,UKM,UKM8,UKM84,North Lanarkshire,0.423125,0.0120833333333333,0.0375,1888.59624999999,-3.15083333333333,-4.51770833333333
UKFK4,United Kingdom,UK,UKM,UKM8,UKM84,North Lanarkshire,0.423125,0.0120833333333333,0.0375,1888.59624999999,-3.15083333333333,-4.51770833333333
UKFK6,United Kingdom,UK,UKM,UKM8,UKM84,North Lanarkshire,0.423125,0.0120833333333333,0.0375,1888.59624999999,-3.15083333333333,-4.51770833333333
UKG33,United Kingdom,UK,UKM,UKM8,UKM84,North Lanarkshire,0.423125,0.0120833333333333,0.0375,1888.59624999999,-3.15083333333333,-4.51770833333333
UKG64,United Kingdom,UK,UKM,UKM8,UKM84,North Lanarkshire,0.423125,0.0120833333333333,0.0375,1888.59624999999,-3.15083333333333,-4.51770833333333
UKG65,United Kingdom,UK,UKM,UKM8,UKM84,North Lanarkshire,0.423125,0.0120833333333333,0.0375,1888.59624999999,-3.15083333333333,-4.51770833333333
UKG66,United Kingdom,UK,UKM,UKM8,UKM84,North Lanarkshire,0.423125,0.0120833333333333,0.0375,1888.59624999999,-3.15083333333333,-4.51770833333333
UKG67,United Kingdom,UK,UKM,UKM8,UKM84,North Lanarkshire,0.423125,0.0120833333333333,0.0375,1888.59624999999,-3.15083333333333,-4.51770833333333
UKG68,United Kingdom,UK,UKM,UKM8,UKM84,North Lanarkshire,0.423125,0.0120833333333333,0.0375,1888.59624999999,-3.15083333333333,-4.51770833333333
UKG69,United Kingdom,UK,UKM,UKM8,UKM84,North Lanarkshire,0.423125,0.0120833333333333,0.0375,1888.59624999999,-3.15083333333333,-4.51770833333333
UKG70,United Kingdom,UK,UKM,UKM8,UKM84,North Lanarkshire,0.423125,0.0120833333333333,0.0375,1888.59624999999,-3.15083333333333,-4.51770833333333
UKG71,United Kingdom,UK,UKM,UKM8,UKM84,North Lanarkshire,0.423125,0.0120833333333333,0.0375,1888.59624999999,-3.15083333333333,-4.51770833333333
UKML1,United Kingdom,UK,UKM,UKM8,UKM84,North Lanarkshire,0.423125,0.0120833333333333,0.0375,1888.59624999999,-3.15083333333333,-4.51770833333333
UKML2,United Kingdom,UK,UKM,UKM8,UKM84,North Lanarkshire,0.423125,0.0120833333333333,0.0375,1888.59624999999,-3.15083333333333,-4.51770833333333
UKML4,United Kingdom,UK,UKM,UKM8,UKM84,North Lanarkshire,0.423125,0.0120833333333333,0.0375,1888.59624999999,-3.15083333333333,-4.51770833333333
UKML5,United Kingdom,UK,UKM,UKM8,UKM84,North Lanarkshire,0.423125,0.0120833333333333,0.0375,1888.59624999999,-3.15083333333333,-4.51770833333333
UKML6,United Kingdom,UK,UKM,UKM8,UKM84,North Lanarkshire,0.423125,0.0120833333333333,0.0375,1888.59624999999,-3.15083333333333,-4.51770833333333
UKML7,United Kingdom,UK,UKM,UKM8,UKM84,North Lanarkshire,0.423125,0.0120833333333333,0.0375,1888.59624999999,-3.15083333333333,-4.51770833333333
UKDD6,United Kingdom,UK,UKM,UKM7,UKM72,Clackmannanshire and Fife,0.26925,0.00816666666666667,0.0320833333333333,1839.8635,-3.31033333333333,-4.71583333333332
UKFK10,United Kingdom,UK,UKM,UKM7,UKM72,Clackmannanshire and Fife,0.26925,0.00816666666666667,0.0320833333333333,1839.8635,-3.31033333333333,-4.71583333333332
UKFK11,United Kingdom,UK,UKM,UKM7,UKM72,Clackmannanshire and Fife,0.26925,0.00816666666666667,0.0320833333333333,1839.8635,-3.31033333333333,-4.71583333333332
UKFK12,United Kingdom,UK,UKM,UKM7,UKM72,Clackmannanshire and Fife,0.26925,0.00816666666666667,0.0320833333333333,1839.8635,-3.31033333333333,-4.71583333333332
UKFK13,United Kingdom,UK,UKM,UKM7,UKM72,Clackmannanshire and Fife,0.26925,0.00816666666666667,0.0320833333333333,1839.8635,-3.31033333333333,-4.71583333333332
UKFK14,United Kingdom,UK,UKM,UKM7,UKM72,Clackmannanshire and Fife,0.26925,0.00816666666666667,0.0320833333333333,1839.8635,-3.31033333333333,-4.71583333333332
UKFK9,United Kingdom,UK,UKM,UKM7,UKM72,Clackmannanshire and Fife,0.26925,0.00816666666666667,0.0320833333333333,1839.8635,-3.31033333333333,-4.71583333333332
UKKY1,United Kingdom,UK,UKM,UKM7,UKM72,Clackmannanshire and Fife,0.26925,0.00816666666666667,0.0320833333333333,1839.8635,-3.31033333333333,-4.71583333333332
UKKY10,United Kingdom,UK,UKM,UKM7,UKM72,Clackmannanshire and Fife,0.26925,0.00816666666666667,0.0320833333333333,1839.8635,-3.31033333333333,-4.71583333333332
UKKY11,United Kingdom,UK,UKM,UKM7,UKM72,Clackmannanshire and Fife,0.26925,0.00816666666666667,0.0320833333333333,1839.8635,-3.31033333333333,-4.71583333333332
UKKY12,United Kingdom,UK,UKM,UKM7,UKM72,Clackmannanshire and Fife,0.26925,0.00816666666666667,0.0320833333333333,1839.8635,-3.31033333333333,-4.71583333333332
UKKY13,United Kingdom,UK,UKM,UKM7,UKM72,Clackmannanshire and Fife,0.26925,0.00816666666666667,0.0320833333333333,1839.8635,-3.31033333333333,-4.71583333333332
UKKY14,United Kingdom,UK,UKM,UKM7,UKM72,Clackmannanshire and Fife,0.26925,0.00816666666666667,0.0320833333333333,1839.8635,-3.31033333333333,-4.71583333333332
UKKY15,United Kingdom,UK,UKM,UKM7,UKM72,Clackmannanshire and Fife,0.26925,0.00816666666666667,0.0320833333333333,1839.8635,-3.31033333333333,-4.71583333333332
UKKY16,United Kingdom,UK,UKM,UKM7,UKM72,Clackmannanshire and Fife,0.26925,0.00816666666666667,0.0320833333333333,1839.8635,-3.31033333333333,-4.71583333333332
UKKY2,United Kingdom,UK,UKM,UKM7,UKM72,Clackmannanshire and Fife,0.26925,0.00816666666666667,0.0320833333333333,1839.8635,-3.31033333333333,-4.71583333333332
UKKY3,United Kingdom,UK,UKM,UKM7,UKM72,Clackmannanshire and Fife,0.26925,0.00816666666666667,0.0320833333333333,1839.8635,-3.31033333333333,-4.71583333333332
UKKY4,United Kingdom,UK,UKM,UKM7,UKM72,Clackmannanshire and Fife,0.26925,0.00816666666666667,0.0320833333333333,1839.8635,-3.31033333333333,-4.71583333333332
UKKY5,United Kingdom,UK,UKM,UKM7,UKM72,Clackmannanshire and Fife,0.26925,0.00816666666666667,0.0320833333333333,1839.8635,-3.31033333333333,-4.71583333333332
UKKY6,United Kingdom,UK,UKM,UKM7,UKM72,Clackmannanshire and Fife,0.26925,0.00816666666666667,0.0320833333333333,1839.8635,-3.31033333333333,-4.71583333333332
UKKY7,United Kingdom,UK,UKM,UKM7,UKM72,Clackmannanshire and Fife,0.26925,0.00816666666666667,0.0320833333333333,1839.8635,-3.31033333333333,-4.71583333333332
UKKY8,United Kingdom,UK,UKM,UKM7,UKM72,Clackmannanshire and Fife,0.26925,0.00816666666666667,0.0320833333333333,1839.8635,-3.31033333333333,-4.71583333333332
UKKY9,United Kingdom,UK,UKM,UKM7,UKM72,Clackmannanshire and Fife,0.26925,0.00816666666666667,0.0320833333333333,1839.8635,-3.31033333333333,-4.71583333333332
UKKY99,United Kingdom,UK,UKM,UKM7,UKM72,Clackmannanshire and Fife,0.26925,0.00816666666666667,0.0320833333333333,1839.8635,-3.31033333333333,-4.71583333333332
UKPH2,United Kingdom,UK,UKM,UKM7,UKM72,Clackmannanshire and Fife,0.26925,0.00816666666666667,0.0320833333333333,1839.8635,-3.31033333333333,-4.71583333333332
UKEH1,United Kingdom,UK,UKM,UKM7,UKM75,"Edinburgh, City of",0.1975,0.005,0.0272222222221667,1903.77749999678,-3.31055555555,-4.74055555555
UKEH10,United Kingdom,UK,UKM,UKM7,UKM75,"Edinburgh, City of",0.1975,0.005,0.0272222222221667,1903.77749999678,-3.31055555555,-4.74055555555
UKEH11,United Kingdom,UK,UKM,UKM7,UKM75,"Edinburgh, City of",0.1975,0.005,0.0272222222221667,1903.77749999678,-3.31055555555,-4.74055555555
UKEH12,United Kingdom,UK,UKM,UKM7,UKM75,"Edinburgh, City of",0.1975,0.005,0.0272222222221667,1903.77749999678,-3.31055555555,-4.74055555555
UKEH13,United Kingdom,UK,UKM,UKM7,UKM75,"Edinburgh, City of",0.1975,0.005,0.0272222222221667,1903.77749999678,-3.31055555555,-4.74055555555
UKEH14,United Kingdom,UK,UKM,UKM7,UKM75,"Edinburgh, City of",0.1975,0.005,0.0272222222221667,1903.77749999678,-3.31055555555,-4.74055555555
UKEH15,United Kingdom,UK,UKM,UKM7,UKM75,"Edinburgh, City of",0.1975,0.005,0.0272222222221667,1903.77749999678,-3.31055555555,-4.74055555555
UKEH16,United Kingdom,UK,UKM,UKM7,UKM75,"Edinburgh, City of",0.1975,0.005,0.0272222222221667,1903.77749999678,-3.31055555555,-4.74055555555
UKEH17,United Kingdom,UK,UKM,UKM7,UKM75,"Edinburgh, City of",0.1975,0.005,0.0272222222221667,1903.77749999678,-3.31055555555,-4.74055555555
UKEH18,United Kingdom,UK,UKM,UKM7,UKM75,"Edinburgh, City of",0.1975,0.005,0.0272222222221667,1903.77749999678,-3.31055555555,-4.74055555555
UKEH2,United Kingdom,UK,UKM,UKM7,UKM75,"Edinburgh, City of",0.1975,0.005,0.0272222222221667,1903.77749999678,-3.31055555555,-4.74055555555
UKEH21,United Kingdom,UK,UKM,UKM7,UKM75,"Edinburgh, City of",0.1975,0.005,0.0272222222221667,1903.77749999678,-3.31055555555,-4.74055555555
UKEH22,United Kingdom,UK,UKM,UKM7,UKM75,"Edinburgh, City of",0.1975,0.005,0.0272222222221667,1903.77749999678,-3.31055555555,-4.74055555555
UKEH27,United Kingdom,UK,UKM,UKM7,UKM75,"Edinburgh, City of",0.1975,0.005,0.0272222222221667,1903.77749999678,-3.31055555555,-4.74055555555
UKEH28,United Kingdom,UK,UKM,UKM7,UKM75,"Edinburgh, City of",0.1975,0.005,0.0272222222221667,1903.77749999678,-3.31055555555,-4.74055555555
UKEH29,United Kingdom,UK,UKM,UKM7,UKM75,"Edinburgh, City of",0.1975,0.005,0.0272222222221667,1903.77749999678,-3.31055555555,-4.74055555555
UKEH3,United Kingdom,UK,UKM,UKM7,UKM75,"Edinburgh, City of",0.1975,0.005,0.0272222222221667,1903.77749999678,-3.31055555555,-4.74055555555
UKEH30,United Kingdom,UK,UKM,UKM7,UKM75,"Edinburgh, City of",0.1975,0.005,0.0272222222221667,1903.77749999678,-3.31055555555,-4.74055555555
UKEH4,United Kingdom,UK,UKM,UKM7,UKM75,"Edinburgh, City of",0.1975,0.005,0.0272222222221667,1903.77749999678,-3.31055555555,-4.74055555555
UKEH5,United Kingdom,UK,UKM,UKM7,UKM75,"Edinburgh, City of",0.1975,0.005,0.0272222222221667,1903.77749999678,-3.31055555555,-4.74055555555
UKEH52,United Kingdom,UK,UKM,UKM7,UKM75,"Edinburgh, City of",0.1975,0.005,0.0272222222221667,1903.77749999678,-3.31055555555,-4.74055555555
UKEH53,United Kingdom,UK,UKM,UKM7,UKM75,"Edinburgh, City of",0.1975,0.005,0.0272222222221667,1903.77749999678,-3.31055555555,-4.74055555555
UKEH6,United Kingdom,UK,UKM,UKM7,UKM75,"Edinburgh, City of",0.1975,0.005,0.0272222222221667,1903.77749999678,-3.31055555555,-4.74055555555
UKEH7,United Kingdom,UK,UKM,UKM7,UKM75,"Edinburgh, City of",0.1975,0.005,0.0272222222221667,1903.77749999678,-3.31055555555,-4.74055555555
UKEH8,United Kingdom,UK,UKM,UKM7,UKM75,"Edinburgh, City of",0.1975,0.005,0.0272222222221667,1903.77749999678,-3.31055555555,-4.74055555555
UKEH9,United Kingdom,UK,UKM,UKM7,UKM75,"Edinburgh, City of",0.1975,0.005,0.0272222222221667,1903.77749999678,-3.31055555555,-4.74055555555
UKEH91,United Kingdom,UK,UKM,UKM7,UKM75,"Edinburgh, City of",0.1975,0.005,0.0272222222221667,1903.77749999678,-3.31055555555,-4.74055555555
UKEH95,United Kingdom,UK,UKM,UKM7,UKM75,"Edinburgh, City of",0.1975,0.005,0.0272222222221667,1903.77749999678,-3.31055555555,-4.74055555555
UKEH99,United Kingdom,UK,UKM,UKM7,UKM75,"Edinburgh, City of",0.1975,0.005,0.0272222222221667,1903.77749999678,-3.31055555555,-4.74055555555
UKEH49,United Kingdom,UK,UKM,UKM7,UKM76,Falkirk,0.44375,0.0125,0.0394444444445,1834.36291667,-3.15916666666667,-4.52444444445
UKEH51,United Kingdom,UK,UKM,UKM7,UKM76,Falkirk,0.44375,0.0125,0.0394444444445,1834.36291667,-3.15916666666667,-4.52444444445
UKFK1,United Kingdom,UK,UKM,UKM7,UKM76,Falkirk,0.44375,0.0125,0.0394444444445,1834.36291667,-3.15916666666667,-4.52444444445
UKFK2,United Kingdom,UK,UKM,UKM7,UKM76,Falkirk,0.44375,0.0125,0.0394444444445,1834.36291667,-3.15916666666667,-4.52444444445
UKFK3,United Kingdom,UK,UKM,UKM7,UKM76,Falkirk,0.44375,0.0125,0.0394444444445,1834.36291667,-3.15916666666667,-4.52444444445
UKFK4,United Kingdom,UK,UKM,UKM7,UKM76,Falkirk,0.44375,0.0125,0.0394444444445,1834.36291667,-3.15916666666667,-4.52444444445
UKFK5,United Kingdom,UK,UKM,UKM7,UKM76,Falkirk,0.44375,0.0125,0.0394444444445,1834.36291667,-3.15916666666667,-4.52444444445
UKFK6,United Kingdom,UK,UKM,UKM7,UKM76,Falkirk,0.44375,0.0125,0.0394444444445,1834.36291667,-3.15916666666667,-4.52444444445
UKFK7,United Kingdom,UK,UKM,UKM7,UKM76,Falkirk,0.44375,0.0125,0.0394444444445,1834.36291667,-3.15916666666667,-4.52444444445
UKG67,United Kingdom,UK,UKM,UKM7,UKM76,Falkirk,0.44375,0.0125,0.0394444444445,1834.36291667,-3.15916666666667,-4.52444444445
UKG68,United Kingdom,UK,UKM,UKM7,UKM76,Falkirk,0.44375,0.0125,0.0394444444445,1834.36291667,-3.15916666666667,-4.52444444445
UKTQ1,United Kingdom,UK,UKK,UKK4,UKK42,Torbay,3.345,0.11,0.258333333333333,1402.1025,-2.93833333333333,-4.53
UKTQ12,United Kingdom,UK,UKK,UKK4,UKK42,Torbay,3.345,0.11,0.258333333333333,1402.1025,-2.93833333333333,-4.53
UKTQ2,United Kingdom,UK,UKK,UKK4,UKK42,Torbay,3.345,0.11,0.258333333333333,1402.1025,-2.93833333333333,-4.53
UKTQ3,United Kingdom,UK,UKK,UKK4,UKK42,Torbay,3.345,0.11,0.258333333333333,1402.1025,-2.93833333333333,-4.53
UKTQ4,United Kingdom,UK,UKK,UKK4,UKK42,Torbay,3.345,0.11,0.258333333333333,1402.1025,-2.93833333333333,-4.53
UKTQ5,United Kingdom,UK,UKK,UKK4,UKK42,Torbay,3.345,0.11,0.258333333333333,1402.1025,-2.93833333333333,-4.53
UKDE55,United Kingdom,UK,UKF,UKF1,UKF15,North Nottinghamshire,10.0978571428425,0.178888888888332,0.324761904761665,1674.51130952765,-3.09563492063333,-4.58912698413333
UKDN10,United Kingdom,UK,UKF,UKF1,UKF15,North Nottinghamshire,10.0978571428425,0.178888888888332,0.324761904761665,1674.51130952765,-3.09563492063333,-4.58912698413333
UKDN11,United Kingdom,UK,UKF,UKF1,UKF15,North Nottinghamshire,10.0978571428425,0.178888888888332,0.324761904761665,1674.51130952765,-3.09563492063333,-4.58912698413333
UKDN21,United Kingdom,UK,UKF,UKF1,UKF15,North Nottinghamshire,10.0978571428425,0.178888888888332,0.324761904761665,1674.51130952765,-3.09563492063333,-4.58912698413333
UKDN22,United Kingdom,UK,UKF,UKF1,UKF15,North Nottinghamshire,10.0978571428425,0.178888888888332,0.324761904761665,1674.51130952765,-3.09563492063333,-4.58912698413333
UKDN9,United Kingdom,UK,UKF,UKF1,UKF15,North Nottinghamshire,10.0978571428425,0.178888888888332,0.324761904761665,1674.51130952765,-3.09563492063333,-4.58912698413333
UKLN1,United Kingdom,UK,UKF,UKF1,UKF15,North Nottinghamshire,10.0978571428425,0.178888888888332,0.324761904761665,1674.51130952765,-3.09563492063333,-4.58912698413333
UKLN6,United Kingdom,UK,UKF,UKF1,UKF15,North Nottinghamshire,10.0978571428425,0.178888888888332,0.324761904761665,1674.51130952765,-3.09563492063333,-4.58912698413333
UKNG13,United Kingdom,UK,UKF,UKF1,UKF15,North Nottinghamshire,10.0978571428425,0.178888888888332,0.324761904761665,1674.51130952765,-3.09563492063333,-4.58912698413333
UKNG14,United Kingdom,UK,UKF,UKF1,UKF15,North Nottinghamshire,10.0978571428425,0.178888888888332,0.324761904761665,1674.51130952765,-3.09563492063333,-4.58912698413333
UKNG15,United Kingdom,UK,UKF,UKF1,UKF15,North Nottinghamshire,10.0978571428425,0.178888888888332,0.324761904761665,1674.51130952765,-3.09563492063333,-4.58912698413333
UKNG16,United Kingdom,UK,UKF,UKF1,UKF15,North Nottinghamshire,10.0978571428425,0.178888888888332,0.324761904761665,1674.51130952765,-3.09563492063333,-4.58912698413333
UKNG17,United Kingdom,UK,UKF,UKF1,UKF15,North Nottinghamshire,10.0978571428425,0.178888888888332,0.324761904761665,1674.51130952765,-3.09563492063333,-4.58912698413333
UKNG18,United Kingdom,UK,UKF,UKF1,UKF15,North Nottinghamshire,10.0978571428425,0.178888888888332,0.324761904761665,1674.51130952765,-3.09563492063333,-4.58912698413333
UKNG19,United Kingdom,UK,UKF,UKF1,UKF15,North Nottinghamshire,10.0978571428425,0.178888888888332,0.324761904761665,1674.51130952765,-3.09563492063333,-4.58912698413333
UKNG20,United Kingdom,UK,UKF,UKF1,UKF15,North Nottinghamshire,10.0978571428425,0.178888888888332,0.324761904761665,1674.51130952765,-3.09563492063333,-4.58912698413333
UKNG21,United Kingdom,UK,UKF,UKF1,UKF15,North Nottinghamshire,10.0978571428425,0.178888888888332,0.324761904761665,1674.51130952765,-3.09563492063333,-4.58912698413333
UKNG22,United Kingdom,UK,UKF,UKF1,UKF15,North Nottinghamshire,10.0978571428425,0.178888888888332,0.324761904761665,1674.51130952765,-3.09563492063333,-4.58912698413333
UKNG23,United Kingdom,UK,UKF,UKF1,UKF15,North Nottinghamshire,10.0978571428425,0.178888888888332,0.324761904761665,1674.51130952765,-3.09563492063333,-4.58912698413333
UKNG24,United Kingdom,UK,UKF,UKF1,UKF15,North Nottinghamshire,10.0978571428425,0.178888888888332,0.324761904761665,1674.51130952765,-3.09563492063333,-4.58912698413333
UKNG25,United Kingdom,UK,UKF,UKF1,UKF15,North Nottinghamshire,10.0978571428425,0.178888888888332,0.324761904761665,1674.51130952765,-3.09563492063333,-4.58912698413333
UKNG6,United Kingdom,UK,UKF,UKF1,UKF15,North Nottinghamshire,10.0978571428425,0.178888888888332,0.324761904761665,1674.51130952765,-3.09563492063333,-4.58912698413333
UKNG70,United Kingdom,UK,UKF,UKF1,UKF15,North Nottinghamshire,10.0978571428425,0.178888888888332,0.324761904761665,1674.51130952765,-3.09563492063333,-4.58912698413333
UKS80,United Kingdom,UK,UKF,UKF1,UKF15,North Nottinghamshire,10.0978571428425,0.178888888888332,0.324761904761665,1674.51130952765,-3.09563492063333,-4.58912698413333
UKS81,United Kingdom,UK,UKF,UKF1,UKF15,North Nottinghamshire,10.0978571428425,0.178888888888332,0.324761904761665,1674.51130952765,-3.09563492063333,-4.58912698413333
UKDH1,United Kingdom,UK,UKC,UKC1,UKC14,Durham CC,0.6578676470585,0.0175980392156667,0.0548529411765,1896.12022059308,-3.30514705881665,-4.8030882353
UKDH2,United Kingdom,UK,UKC,UKC1,UKC14,Durham CC,0.6578676470585,0.0175980392156667,0.0548529411765,1896.12022059308,-3.30514705881665,-4.8030882353
UKDH3,United Kingdom,UK,UKC,UKC1,UKC14,Durham CC,0.6578676470585,0.0175980392156667,0.0548529411765,1896.12022059308,-3.30514705881665,-4.8030882353
UKDH4,United Kingdom,UK,UKC,UKC1,UKC14,Durham CC,0.6578676470585,0.0175980392156667,0.0548529411765,1896.12022059308,-3.30514705881665,-4.8030882353
UKDH5,United Kingdom,UK,UKC,UKC1,UKC14,Durham CC,0.6578676470585,0.0175980392156667,0.0548529411765,1896.12022059308,-3.30514705881665,-4.8030882353
UKDH6,United Kingdom,UK,UKC,UKC1,UKC14,Durham CC,0.6578676470585,0.0175980392156667,0.0548529411765,1896.12022059308,-3.30514705881665,-4.8030882353
UKDH7,United Kingdom,UK,UKC,UKC1,UKC14,Durham CC,0.6578676470585,0.0175980392156667,0.0548529411765,1896.12022059308,-3.30514705881665,-4.8030882353
UKDH8,United Kingdom,UK,UKC,UKC1,UKC14,Durham CC,0.6578676470585,0.0175980392156667,0.0548529411765,1896.12022059308,-3.30514705881665,-4.8030882353
UKDH9,United Kingdom,UK,UKC,UKC1,UKC14,Durham CC,0.6578676470585,0.0175980392156667,0.0548529411765,1896.12022059308,-3.30514705881665,-4.8030882353
UKDH97,United Kingdom,UK,UKC,UKC1,UKC14,Durham CC,0.6578676470585,0.0175980392156667,0.0548529411765,1896.12022059308,-3.30514705881665,-4.8030882353
UKDH98,United Kingdom,UK,UKC,UKC1,UKC14,Durham CC,0.6578676470585,0.0175980392156667,0.0548529411765,1896.12022059308,-3.30514705881665,-4.8030882353
UKDH99,United Kingdom,UK,UKC,UKC1,UKC14,Durham CC,0.6578676470585,0.0175980392156667,0.0548529411765,1896.12022059308,-3.30514705881665,-4.8030882353
UKDL1,United Kingdom,UK,UKC,UKC1,UKC14,Durham CC,0.6578676470585,0.0175980392156667,0.0548529411765,1896.12022059308,-3.30514705881665,-4.8030882353
UKDL11,United Kingdom,UK,UKC,UKC1,UKC14,Durham CC,0.6578676470585,0.0175980392156667,0.0548529411765,1896.12022059308,-3.30514705881665,-4.8030882353
UKDL12,United Kingdom,UK,UKC,UKC1,UKC14,Durham CC,0.6578676470585,0.0175980392156667,0.0548529411765,1896.12022059308,-3.30514705881665,-4.8030882353
UKDL13,United Kingdom,UK,UKC,UKC1,UKC14,Durham CC,0.6578676470585,0.0175980392156667,0.0548529411765,1896.12022059308,-3.30514705881665,-4.8030882353
UKDL14,United Kingdom,UK,UKC,UKC1,UKC14,Durham CC,0.6578676470585,0.0175980392156667,0.0548529411765,1896.12022059308,-3.30514705881665,-4.8030882353
UKDL15,United Kingdom,UK,UKC,UKC1,UKC14,Durham CC,0.6578676470585,0.0175980392156667,0.0548529411765,1896.12022059308,-3.30514705881665,-4.8030882353
UKDL16,United Kingdom,UK,UKC,UKC1,UKC14,Durham CC,0.6578676470585,0.0175980392156667,0.0548529411765,1896.12022059308,-3.30514705881665,-4.8030882353
UKDL17,United Kingdom,UK,UKC,UKC1,UKC14,Durham CC,0.6578676470585,0.0175980392156667,0.0548529411765,1896.12022059308,-3.30514705881665,-4.8030882353
UKDL2,United Kingdom,UK,UKC,UKC1,UKC14,Durham CC,0.6578676470585,0.0175980392156667,0.0548529411765,1896.12022059308,-3.30514705881665,-4.8030882353
UKDL4,United Kingdom,UK,UKC,UKC1,UKC14,Durham CC,0.6578676470585,0.0175980392156667,0.0548529411765,1896.12022059308,-3.30514705881665,-4.8030882353
UKDL5,United Kingdom,UK,UKC,UKC1,UKC14,Durham CC,0.6578676470585,0.0175980392156667,0.0548529411765,1896.12022059308,-3.30514705881665,-4.8030882353
UKNE16,United Kingdom,UK,UKC,UKC1,UKC14,Durham CC,0.6578676470585,0.0175980392156667,0.0548529411765,1896.12022059308,-3.30514705881665,-4.8030882353
UKNE17,United Kingdom,UK,UKC,UKC1,UKC14,Durham CC,0.6578676470585,0.0175980392156667,0.0548529411765,1896.12022059308,-3.30514705881665,-4.8030882353
UKNE38,United Kingdom,UK,UKC,UKC1,UKC14,Durham CC,0.6578676470585,0.0175980392156667,0.0548529411765,1896.12022059308,-3.30514705881665,-4.8030882353
UKNE39,United Kingdom,UK,UKC,UKC1,UKC14,Durham CC,0.6578676470585,0.0175980392156667,0.0548529411765,1896.12022059308,-3.30514705881665,-4.8030882353
UKSR7,United Kingdom,UK,UKC,UKC1,UKC14,Durham CC,0.6578676470585,0.0175980392156667,0.0548529411765,1896.12022059308,-3.30514705881665,-4.8030882353
UKSR8,United Kingdom,UK,UKC,UKC1,UKC14,Durham CC,0.6578676470585,0.0175980392156667,0.0548529411765,1896.12022059308,-3.30514705881665,-4.8030882353
UKTS21,United Kingdom,UK,UKC,UKC1,UKC14,Durham CC,0.6578676470585,0.0175980392156667,0.0548529411765,1896.12022059308,-3.30514705881665,-4.8030882353
UKTS22,United Kingdom,UK,UKC,UKC1,UKC14,Durham CC,0.6578676470585,0.0175980392156667,0.0548529411765,1896.12022059308,-3.30514705881665,-4.8030882353
UKTS27,United Kingdom,UK,UKC,UKC1,UKC14,Durham CC,0.6578676470585,0.0175980392156667,0.0548529411765,1896.12022059308,-3.30514705881665,-4.8030882353
UKTS28,United Kingdom,UK,UKC,UKC1,UKC14,Durham CC,0.6578676470585,0.0175980392156667,0.0548529411765,1896.12022059308,-3.30514705881665,-4.8030882353
UKTS29,United Kingdom,UK,UKC,UKC1,UKC14,Durham CC,0.6578676470585,0.0175980392156667,0.0548529411765,1896.12022059308,-3.30514705881665,-4.8030882353
UKCH1,United Kingdom,UK,UKD,UKD6,UKD63,Cheshire West and Chester,4.5826923076905,0.0910256410256667,0.195384615385,1636.91711538015,-2.9573076923,-4.39653846153333
UKCH2,United Kingdom,UK,UKD,UKD6,UKD63,Cheshire West and Chester,4.5826923076905,0.0910256410256667,0.195384615385,1636.91711538015,-2.9573076923,-4.39653846153333
UKCH3,United Kingdom,UK,UKD,UKD6,UKD63,Cheshire West and Chester,4.5826923076905,0.0910256410256667,0.195384615385,1636.91711538015,-2.9573076923,-4.39653846153333
UKCH33,United Kingdom,UK,UKD,UKD6,UKD63,Cheshire West and Chester,4.5826923076905,0.0910256410256667,0.195384615385,1636.91711538015,-2.9573076923,-4.39653846153333
UKCH34,United Kingdom,UK,UKD,UKD6,UKD63,Cheshire West and Chester,4.5826923076905,0.0910256410256667,0.195384615385,1636.91711538015,-2.9573076923,-4.39653846153333
UKCH4,United Kingdom,UK,UKD,UKD6,UKD63,Cheshire West and Chester,4.5826923076905,0.0910256410256667,0.195384615385,1636.91711538015,-2.9573076923,-4.39653846153333
UKCH62,United Kingdom,UK,UKD,UKD6,UKD63,Cheshire West and Chester,4.5826923076905,0.0910256410256667,0.195384615385,1636.91711538015,-2.9573076923,-4.39653846153333
UKCH64,United Kingdom,UK,UKD,UKD6,UKD63,Cheshire West and Chester,4.5826923076905,0.0910256410256667,0.195384615385,1636.91711538015,-2.9573076923,-4.39653846153333
UKCH65,United Kingdom,UK,UKD,UKD6,UKD63,Cheshire West and Chester,4.5826923076905,0.0910256410256667,0.195384615385,1636.91711538015,-2.9573076923,-4.39653846153333
UKCH66,United Kingdom,UK,UKD,UKD6,UKD63,Cheshire West and Chester,4.5826923076905,0.0910256410256667,0.195384615385,1636.91711538015,-2.9573076923,-4.39653846153333
UKCH70,United Kingdom,UK,UKD,UKD6,UKD63,Cheshire West and Chester,4.5826923076905,0.0910256410256667,0.195384615385,1636.91711538015,-2.9573076923,-4.39653846153333
UKCH88,United Kingdom,UK,UKD,UKD6,UKD63,Cheshire West and Chester,4.5826923076905,0.0910256410256667,0.195384615385,1636.91711538015,-2.9573076923,-4.39653846153333
UKCH99,United Kingdom,UK,UKD,UKD6,UKD63,Cheshire West and Chester,4.5826923076905,0.0910256410256667,0.195384615385,1636.91711538015,-2.9573076923,-4.39653846153333
UKCW10,United Kingdom,UK,UKD,UKD6,UKD63,Cheshire West and Chester,4.5826923076905,0.0910256410256667,0.195384615385,1636.91711538015,-2.9573076923,-4.39653846153333
UKCW4,United Kingdom,UK,UKD,UKD6,UKD63,Cheshire West and Chester,4.5826923076905,0.0910256410256667,0.195384615385,1636.91711538015,-2.9573076923,-4.39653846153333
UKCW6,United Kingdom,UK,UKD,UKD6,UKD63,Cheshire West and Chester,4.5826923076905,0.0910256410256667,0.195384615385,1636.91711538015,-2.9573076923,-4.39653846153333
UKCW7,United Kingdom,UK,UKD,UKD6,UKD63,Cheshire West and Chester,4.5826923076905,0.0910256410256667,0.195384615385,1636.91711538015,-2.9573076923,-4.39653846153333
UKCW8,United Kingdom,UK,UKD,UKD6,UKD63,Cheshire West and Chester,4.5826923076905,0.0910256410256667,0.195384615385,1636.91711538015,-2.9573076923,-4.39653846153333
UKCW9,United Kingdom,UK,UKD,UKD6,UKD63,Cheshire West and Chester,4.5826923076905,0.0910256410256667,0.195384615385,1636.91711538015,-2.9573076923,-4.39653846153333
UKSY13,United Kingdom,UK,UKD,UKD6,UKD63,Cheshire West and Chester,4.5826923076905,0.0910256410256667,0.195384615385,1636.91711538015,-2.9573076923,-4.39653846153333
UKSY14,United Kingdom,UK,UKD,UKD6,UKD63,Cheshire West and Chester,4.5826923076905,0.0910256410256667,0.195384615385,1636.91711538015,-2.9573076923,-4.39653846153333
UKWA16,United Kingdom,UK,UKD,UKD6,UKD63,Cheshire West and Chester,4.5826923076905,0.0910256410256667,0.195384615385,1636.91711538015,-2.9573076923,-4.39653846153333
UKWA4,United Kingdom,UK,UKD,UKD6,UKD63,Cheshire West and Chester,4.5826923076905,0.0910256410256667,0.195384615385,1636.91711538015,-2.9573076923,-4.39653846153333
UKWA6,United Kingdom,UK,UKD,UKD6,UKD63,Cheshire West and Chester,4.5826923076905,0.0910256410256667,0.195384615385,1636.91711538015,-2.9573076923,-4.39653846153333
UKWA7,United Kingdom,UK,UKD,UKD6,UKD63,Cheshire West and Chester,4.5826923076905,0.0910256410256667,0.195384615385,1636.91711538015,-2.9573076923,-4.39653846153333
UKHU1,United Kingdom,UK,UKE,UKE1,UKE11,"Kingston upon Hull, City of",5.529435483873,0.119623655914,0.231021505376667,1668.29935483695,-3.21161290323333,-4.75946236558333
UKHU11,United Kingdom,UK,UKE,UKE1,UKE11,"Kingston upon Hull, City of",5.529435483873,0.119623655914,0.231021505376667,1668.29935483695,-3.21161290323333,-4.75946236558333
UKHU12,United Kingdom,UK,UKE,UKE1,UKE11,"Kingston upon Hull, City of",5.529435483873,0.119623655914,0.231021505376667,1668.29935483695,-3.21161290323333,-4.75946236558333
UKHU13,United Kingdom,UK,UKE,UKE1,UKE11,"Kingston upon Hull, City of",5.529435483873,0.119623655914,0.231021505376667,1668.29935483695,-3.21161290323333,-4.75946236558333
UKHU2,United Kingdom,UK,UKE,UKE1,UKE11,"Kingston upon Hull, City of",5.529435483873,0.119623655914,0.231021505376667,1668.29935483695,-3.21161290323333,-4.75946236558333
UKHU3,United Kingdom,UK,UKE,UKE1,UKE11,"Kingston upon Hull, City of",5.529435483873,0.119623655914,0.231021505376667,1668.29935483695,-3.21161290323333,-4.75946236558333
UKHU4,United Kingdom,UK,UKE,UKE1,UKE11,"Kingston upon Hull, City of",5.529435483873,0.119623655914,0.231021505376667,1668.29935483695,-3.21161290323333,-4.75946236558333
UKHU5,United Kingdom,UK,UKE,UKE1,UKE11,"Kingston upon Hull, City of",5.529435483873,0.119623655914,0.231021505376667,1668.29935483695,-3.21161290323333,-4.75946236558333
UKHU6,United Kingdom,UK,UKE,UKE1,UKE11,"Kingston upon Hull, City of",5.529435483873,0.119623655914,0.231021505376667,1668.29935483695,-3.21161290323333,-4.75946236558333
UKHU7,United Kingdom,UK,UKE,UKE1,UKE11,"Kingston upon Hull, City of",5.529435483873,0.119623655914,0.231021505376667,1668.29935483695,-3.21161290323333,-4.75946236558333
UKHU8,United Kingdom,UK,UKE,UKE1,UKE11,"Kingston upon Hull, City of",5.529435483873,0.119623655914,0.231021505376667,1668.29935483695,-3.21161290323333,-4.75946236558333
UKHU9,United Kingdom,UK,UKE,UKE1,UKE11,"Kingston upon Hull, City of",5.529435483873,0.119623655914,0.231021505376667,1668.29935483695,-3.21161290323333,-4.75946236558333
UKB79,United Kingdom,UK,UKF,UKF2,UKF22,Leicestershire CC and Rutland,11.69085714286,0.197333333333333,0.353761904761667,1685.13507143295,-2.98823809523333,-4.48204761904998
UKCV10,United Kingdom,UK,UKF,UKF2,UKF22,Leicestershire CC and Rutland,11.69085714286,0.197333333333333,0.353761904761667,1685.13507143295,-2.98823809523333,-4.48204761904998
UKCV11,United Kingdom,UK,UKF,UKF2,UKF22,Leicestershire CC and Rutland,11.69085714286,0.197333333333333,0.353761904761667,1685.13507143295,-2.98823809523333,-4.48204761904998
UKCV13,United Kingdom,UK,UKF,UKF2,UKF22,Leicestershire CC and Rutland,11.69085714286,0.197333333333333,0.353761904761667,1685.13507143295,-2.98823809523333,-4.48204761904998
UKCV9,United Kingdom,UK,UKF,UKF2,UKF22,Leicestershire CC and Rutland,11.69085714286,0.197333333333333,0.353761904761667,1685.13507143295,-2.98823809523333,-4.48204761904998
UKDE11,United Kingdom,UK,UKF,UKF2,UKF22,Leicestershire CC and Rutland,11.69085714286,0.197333333333333,0.353761904761667,1685.13507143295,-2.98823809523333,-4.48204761904998
UKDE12,United Kingdom,UK,UKF,UKF2,UKF22,Leicestershire CC and Rutland,11.69085714286,0.197333333333333,0.353761904761667,1685.13507143295,-2.98823809523333,-4.48204761904998
UKDE72,United Kingdom,UK,UKF,UKF2,UKF22,Leicestershire CC and Rutland,11.69085714286,0.197333333333333,0.353761904761667,1685.13507143295,-2.98823809523333,-4.48204761904998
UKDE73,United Kingdom,UK,UKF,UKF2,UKF22,Leicestershire CC and Rutland,11.69085714286,0.197333333333333,0.353761904761667,1685.13507143295,-2.98823809523333,-4.48204761904998
UKDE74,United Kingdom,UK,UKF,UKF2,UKF22,Leicestershire CC and Rutland,11.69085714286,0.197333333333333,0.353761904761667,1685.13507143295,-2.98823809523333,-4.48204761904998
UKLE1,United Kingdom,UK,UKF,UKF2,UKF22,Leicestershire CC and Rutland,11.69085714286,0.197333333333333,0.353761904761667,1685.13507143295,-2.98823809523333,-4.48204761904998
UKLE10,United Kingdom,UK,UKF,UKF2,UKF22,Leicestershire CC and Rutland,11.69085714286,0.197333333333333,0.353761904761667,1685.13507143295,-2.98823809523333,-4.48204761904998
UKLE11,United Kingdom,UK,UKF,UKF2,UKF22,Leicestershire CC and Rutland,11.69085714286,0.197333333333333,0.353761904761667,1685.13507143295,-2.98823809523333,-4.48204761904998
UKLE12,United Kingdom,UK,UKF,UKF2,UKF22,Leicestershire CC and Rutland,11.69085714286,0.197333333333333,0.353761904761667,1685.13507143295,-2.98823809523333,-4.48204761904998
UKLE13,United Kingdom,UK,UKF,UKF2,UKF22,Leicestershire CC and Rutland,11.69085714286,0.197333333333333,0.353761904761667,1685.13507143295,-2.98823809523333,-4.48204761904998
UKLE14,United Kingdom,UK,UKF,UKF2,UKF22,Leicestershire CC and Rutland,11.69085714286,0.197333333333333,0.353761904761667,1685.13507143295,-2.98823809523333,-4.48204761904998
UKLE15,United Kingdom,UK,UKF,UKF2,UKF22,Leicestershire CC and Rutland,11.69085714286,0.197333333333333,0.353761904761667,1685.13507143295,-2.98823809523333,-4.48204761904998
UKLE16,United Kingdom,UK,UKF,UKF2,UKF22,Leicestershire CC and Rutland,11.69085714286,0.197333333333333,0.353761904761667,1685.13507143295,-2.98823809523333,-4.48204761904998
UKLE17,United Kingdom,UK,UKF,UKF2,UKF22,Leicestershire CC and Rutland,11.69085714286,0.197333333333333,0.353761904761667,1685.13507143295,-2.98823809523333,-4.48204761904998
UKLE18,United Kingdom,UK,UKF,UKF2,UKF22,Leicestershire CC and Rutland,11.69085714286,0.197333333333333,0.353761904761667,1685.13507143295,-2.98823809523333,-4.48204761904998
UKLE19,United Kingdom,UK,UKF,UKF2,UKF22,Leicestershire CC and Rutland,11.69085714286,0.197333333333333,0.353761904761667,1685.13507143295,-2.98823809523333,-4.48204761904998
UKLE2,United Kingdom,UK,UKF,UKF2,UKF22,Leicestershire CC and Rutland,11.69085714286,0.197333333333333,0.353761904761667,1685.13507143295,-2.98823809523333,-4.48204761904998
UKLE21,United Kingdom,UK,UKF,UKF2,UKF22,Leicestershire CC and Rutland,11.69085714286,0.197333333333333,0.353761904761667,1685.13507143295,-2.98823809523333,-4.48204761904998
UKLE3,United Kingdom,UK,UKF,UKF2,UKF22,Leicestershire CC and Rutland,11.69085714286,0.197333333333333,0.353761904761667,1685.13507143295,-2.98823809523333,-4.48204761904998
UKLE4,United Kingdom,UK,UKF,UKF2,UKF22,Leicestershire CC and Rutland,11.69085714286,0.197333333333333,0.353761904761667,1685.13507143295,-2.98823809523333,-4.48204761904998
UKLE41,United Kingdom,UK,UKF,UKF2,UKF22,Leicestershire CC and Rutland,11.69085714286,0.197333333333333,0.353761904761667,1685.13507143295,-2.98823809523333,-4.48204761904998
UKLE5,United Kingdom,UK,UKF,UKF2,UKF22,Leicestershire CC and Rutland,11.69085714286,0.197333333333333,0.353761904761667,1685.13507143295,-2.98823809523333,-4.48204761904998
UKLE55,United Kingdom,UK,UKF,UKF2,UKF22,Leicestershire CC and Rutland,11.69085714286,0.197333333333333,0.353761904761667,1685.13507143295,-2.98823809523333,-4.48204761904998
UKLE6,United Kingdom,UK,UKF,UKF2,UKF22,Leicestershire CC and Rutland,11.69085714286,0.197333333333333,0.353761904761667,1685.13507143295,-2.98823809523333,-4.48204761904998
UKLE65,United Kingdom,UK,UKF,UKF2,UKF22,Leicestershire CC and Rutland,11.69085714286,0.197333333333333,0.353761904761667,1685.13507143295,-2.98823809523333,-4.48204761904998
UKLE67,United Kingdom,UK,UKF,UKF2,UKF22,Leicestershire CC and Rutland,11.69085714286,0.197333333333333,0.353761904761667,1685.13507143295,-2.98823809523333,-4.48204761904998
UKLE7,United Kingdom,UK,UKF,UKF2,UKF22,Leicestershire CC and Rutland,11.69085714286,0.197333333333333,0.353761904761667,1685.13507143295,-2.98823809523333,-4.48204761904998
UKLE8,United Kingdom,UK,UKF,UKF2,UKF22,Leicestershire CC and Rutland,11.69085714286,0.197333333333333,0.353761904761667,1685.13507143295,-2.98823809523333,-4.48204761904998
UKLE87,United Kingdom,UK,UKF,UKF2,UKF22,Leicestershire CC and Rutland,11.69085714286,0.197333333333333,0.353761904761667,1685.13507143295,-2.98823809523333,-4.48204761904998
UKLE9,United Kingdom,UK,UKF,UKF2,UKF22,Leicestershire CC and Rutland,11.69085714286,0.197333333333333,0.353761904761667,1685.13507143295,-2.98823809523333,-4.48204761904998
UKLE94,United Kingdom,UK,UKF,UKF2,UKF22,Leicestershire CC and Rutland,11.69085714286,0.197333333333333,0.353761904761667,1685.13507143295,-2.98823809523333,-4.48204761904998
UKLE95,United Kingdom,UK,UKF,UKF2,UKF22,Leicestershire CC and Rutland,11.69085714286,0.197333333333333,0.353761904761667,1685.13507143295,-2.98823809523333,-4.48204761904998
UKNG10,United Kingdom,UK,UKF,UKF2,UKF22,Leicestershire CC and Rutland,11.69085714286,0.197333333333333,0.353761904761667,1685.13507143295,-2.98823809523333,-4.48204761904998
UKNG13,United Kingdom,UK,UKF,UKF2,UKF22,Leicestershire CC and Rutland,11.69085714286,0.197333333333333,0.353761904761667,1685.13507143295,-2.98823809523333,-4.48204761904998
UKNG32,United Kingdom,UK,UKF,UKF2,UKF22,Leicestershire CC and Rutland,11.69085714286,0.197333333333333,0.353761904761667,1685.13507143295,-2.98823809523333,-4.48204761904998
UKNG33,United Kingdom,UK,UKF,UKF2,UKF22,Leicestershire CC and Rutland,11.69085714286,0.197333333333333,0.353761904761667,1685.13507143295,-2.98823809523333,-4.48204761904998
UKNN6,United Kingdom,UK,UKF,UKF2,UKF22,Leicestershire CC and Rutland,11.69085714286,0.197333333333333,0.353761904761667,1685.13507143295,-2.98823809523333,-4.48204761904998
UKPE9,United Kingdom,UK,UKF,UKF2,UKF22,Leicestershire CC and Rutland,11.69085714286,0.197333333333333,0.353761904761667,1685.13507143295,-2.98823809523333,-4.48204761904998
UKYO1,United Kingdom,UK,UKE,UKE2,UKE21,York,6.96,0.13,0.262083333333333,1675.788125,-3.19291666666665,-4.74375
UKYO10,United Kingdom,UK,UKE,UKE2,UKE21,York,6.96,0.13,0.262083333333333,1675.788125,-3.19291666666665,-4.74375
UKYO19,United Kingdom,UK,UKE,UKE2,UKE21,York,6.96,0.13,0.262083333333333,1675.788125,-3.19291666666665,-4.74375
UKYO23,United Kingdom,UK,UKE,UKE2,UKE21,York,6.96,0.13,0.262083333333333,1675.788125,-3.19291666666665,-4.74375
UKYO24,United Kingdom,UK,UKE,UKE2,UKE21,York,6.96,0.13,0.262083333333333,1675.788125,-3.19291666666665,-4.74375
UKYO26,United Kingdom,UK,UKE,UKE2,UKE21,York,6.96,0.13,0.262083333333333,1675.788125,-3.19291666666665,-4.74375
UKYO30,United Kingdom,UK,UKE,UKE2,UKE21,York,6.96,0.13,0.262083333333333,1675.788125,-3.19291666666665,-4.74375
UKYO31,United Kingdom,UK,UKE,UKE2,UKE21,York,6.96,0.13,0.262083333333333,1675.788125,-3.19291666666665,-4.74375
UKYO32,United Kingdom,UK,UKE,UKE2,UKE21,York,6.96,0.13,0.262083333333333,1675.788125,-3.19291666666665,-4.74375
UKYO41,United Kingdom,UK,UKE,UKE2,UKE21,York,6.96,0.13,0.262083333333333,1675.788125,-3.19291666666665,-4.74375
UKYO60,United Kingdom,UK,UKE,UKE2,UKE21,York,6.96,0.13,0.262083333333333,1675.788125,-3.19291666666665,-4.74375
UKYO90,United Kingdom,UK,UKE,UKE2,UKE21,York,6.96,0.13,0.262083333333333,1675.788125,-3.19291666666665,-4.74375
UKYO91,United Kingdom,UK,UKE,UKE2,UKE21,York,6.96,0.13,0.262083333333333,1675.788125,-3.19291666666665,-4.74375
UKBB18,United Kingdom,UK,UKE,UKE2,UKE22,North Yorkshire CC,2.30436936937025,0.0495195195195,0.1174474474475,1814.70867117002,-3.25037537538332,-4.78048048048332
UKBD20,United Kingdom,UK,UKE,UKE2,UKE22,North Yorkshire CC,2.30436936937025,0.0495195195195,0.1174474474475,1814.70867117002,-3.25037537538332,-4.78048048048332
UKBD22,United Kingdom,UK,UKE,UKE2,UKE22,North Yorkshire CC,2.30436936937025,0.0495195195195,0.1174474474475,1814.70867117002,-3.25037537538332,-4.78048048048332
UKBD23,United Kingdom,UK,UKE,UKE2,UKE22,North Yorkshire CC,2.30436936937025,0.0495195195195,0.1174474474475,1814.70867117002,-3.25037537538332,-4.78048048048332
UKBD24,United Kingdom,UK,UKE,UKE2,UKE22,North Yorkshire CC,2.30436936937025,0.0495195195195,0.1174474474475,1814.70867117002,-3.25037537538332,-4.78048048048332
UKDL10,United Kingdom,UK,UKE,UKE2,UKE22,North Yorkshire CC,2.30436936937025,0.0495195195195,0.1174474474475,1814.70867117002,-3.25037537538332,-4.78048048048332
UKDL11,United Kingdom,UK,UKE,UKE2,UKE22,North Yorkshire CC,2.30436936937025,0.0495195195195,0.1174474474475,1814.70867117002,-3.25037537538332,-4.78048048048332
UKDL12,United Kingdom,UK,UKE,UKE2,UKE22,North Yorkshire CC,2.30436936937025,0.0495195195195,0.1174474474475,1814.70867117002,-3.25037537538332,-4.78048048048332
UKDL2,United Kingdom,UK,UKE,UKE2,UKE22,North Yorkshire CC,2.30436936937025,0.0495195195195,0.1174474474475,1814.70867117002,-3.25037537538332,-4.78048048048332
UKDL6,United Kingdom,UK,UKE,UKE2,UKE22,North Yorkshire CC,2.30436936937025,0.0495195195195,0.1174474474475,1814.70867117002,-3.25037537538332,-4.78048048048332
UKDL7,United Kingdom,UK,UKE,UKE2,UKE22,North Yorkshire CC,2.30436936937025,0.0495195195195,0.1174474474475,1814.70867117002,-3.25037537538332,-4.78048048048332
UKDL8,United Kingdom,UK,UKE,UKE2,UKE22,North Yorkshire CC,2.30436936937025,0.0495195195195,0.1174474474475,1814.70867117002,-3.25037537538332,-4.78048048048332
UKDL9,United Kingdom,UK,UKE,UKE2,UKE22,North Yorkshire CC,2.30436936937025,0.0495195195195,0.1174474474475,1814.70867117002,-3.25037537538332,-4.78048048048332
UKDN14,United Kingdom,UK,UKE,UKE2,UKE22,North Yorkshire CC,2.30436936937025,0.0495195195195,0.1174474474475,1814.70867117002,-3.25037537538332,-4.78048048048332
UKDN6,United Kingdom,UK,UKE,UKE2,UKE22,North Yorkshire CC,2.30436936937025,0.0495195195195,0.1174474474475,1814.70867117002,-3.25037537538332,-4.78048048048332
UKHG1,United Kingdom,UK,UKE,UKE2,UKE22,North Yorkshire CC,2.30436936937025,0.0495195195195,0.1174474474475,1814.70867117002,-3.25037537538332,-4.78048048048332
UKHG2,United Kingdom,UK,UKE,UKE2,UKE22,North Yorkshire CC,2.30436936937025,0.0495195195195,0.1174474474475,1814.70867117002,-3.25037537538332,-4.78048048048332
UKHG3,United Kingdom,UK,UKE,UKE2,UKE22,North Yorkshire CC,2.30436936937025,0.0495195195195,0.1174474474475,1814.70867117002,-3.25037537538332,-4.78048048048332
UKHG4,United Kingdom,UK,UKE,UKE2,UKE22,North Yorkshire CC,2.30436936937025,0.0495195195195,0.1174474474475,1814.70867117002,-3.25037537538332,-4.78048048048332
UKHG5,United Kingdom,UK,UKE,UKE2,UKE22,North Yorkshire CC,2.30436936937025,0.0495195195195,0.1174474474475,1814.70867117002,-3.25037537538332,-4.78048048048332
UKLA10,United Kingdom,UK,UKE,UKE2,UKE22,North Yorkshire CC,2.30436936937025,0.0495195195195,0.1174474474475,1814.70867117002,-3.25037537538332,-4.78048048048332
UKLA2,United Kingdom,UK,UKE,UKE2,UKE22,North Yorkshire CC,2.30436936937025,0.0495195195195,0.1174474474475,1814.70867117002,-3.25037537538332,-4.78048048048332
UKLA6,United Kingdom,UK,UKE,UKE2,UKE22,North Yorkshire CC,2.30436936937025,0.0495195195195,0.1174474474475,1814.70867117002,-3.25037537538332,-4.78048048048332
UKLS17,United Kingdom,UK,UKE,UKE2,UKE22,North Yorkshire CC,2.30436936937025,0.0495195195195,0.1174474474475,1814.70867117002,-3.25037537538332,-4.78048048048332
UKLS21,United Kingdom,UK,UKE,UKE2,UKE22,North Yorkshire CC,2.30436936937025,0.0495195195195,0.1174474474475,1814.70867117002,-3.25037537538332,-4.78048048048332
UKLS22,United Kingdom,UK,UKE,UKE2,UKE22,North Yorkshire CC,2.30436936937025,0.0495195195195,0.1174474474475,1814.70867117002,-3.25037537538332,-4.78048048048332
UKLS24,United Kingdom,UK,UKE,UKE2,UKE22,North Yorkshire CC,2.30436936937025,0.0495195195195,0.1174474474475,1814.70867117002,-3.25037537538332,-4.78048048048332
UKLS25,United Kingdom,UK,UKE,UKE2,UKE22,North Yorkshire CC,2.30436936937025,0.0495195195195,0.1174474474475,1814.70867117002,-3.25037537538332,-4.78048048048332
UKLS29,United Kingdom,UK,UKE,UKE2,UKE22,North Yorkshire CC,2.30436936937025,0.0495195195195,0.1174474474475,1814.70867117002,-3.25037537538332,-4.78048048048332
UKTS13,United Kingdom,UK,UKE,UKE2,UKE22,North Yorkshire CC,2.30436936937025,0.0495195195195,0.1174474474475,1814.70867117002,-3.25037537538332,-4.78048048048332
UKTS15,United Kingdom,UK,UKE,UKE2,UKE22,North Yorkshire CC,2.30436936937025,0.0495195195195,0.1174474474475,1814.70867117002,-3.25037537538332,-4.78048048048332
UKTS7,United Kingdom,UK,UKE,UKE2,UKE22,North Yorkshire CC,2.30436936937025,0.0495195195195,0.1174474474475,1814.70867117002,-3.25037537538332,-4.78048048048332
UKTS8,United Kingdom,UK,UKE,UKE2,UKE22,North Yorkshire CC,2.30436936937025,0.0495195195195,0.1174474474475,1814.70867117002,-3.25037537538332,-4.78048048048332
UKTS9,United Kingdom,UK,UKE,UKE2,UKE22,North Yorkshire CC,2.30436936937025,0.0495195195195,0.1174474474475,1814.70867117002,-3.25037537538332,-4.78048048048332
UKWF11,United Kingdom,UK,UKE,UKE2,UKE22,North Yorkshire CC,2.30436936937025,0.0495195195195,0.1174474474475,1814.70867117002,-3.25037537538332,-4.78048048048332
UKWF8,United Kingdom,UK,UKE,UKE2,UKE22,North Yorkshire CC,2.30436936937025,0.0495195195195,0.1174474474475,1814.70867117002,-3.25037537538332,-4.78048048048332
UKYO11,United Kingdom,UK,UKE,UKE2,UKE22,North Yorkshire CC,2.30436936937025,0.0495195195195,0.1174474474475,1814.70867117002,-3.25037537538332,-4.78048048048332
UKYO12,United Kingdom,UK,UKE,UKE2,UKE22,North Yorkshire CC,2.30436936937025,0.0495195195195,0.1174474474475,1814.70867117002,-3.25037537538332,-4.78048048048332
UKYO13,United Kingdom,UK,UKE,UKE2,UKE22,North Yorkshire CC,2.30436936937025,0.0495195195195,0.1174474474475,1814.70867117002,-3.25037537538332,-4.78048048048332
UKYO14,United Kingdom,UK,UKE,UKE2,UKE22,North Yorkshire CC,2.30436936937025,0.0495195195195,0.1174474474475,1814.70867117002,-3.25037537538332,-4.78048048048332
UKYO17,United Kingdom,UK,UKE,UKE2,UKE22,North Yorkshire CC,2.30436936937025,0.0495195195195,0.1174474474475,1814.70867117002,-3.25037537538332,-4.78048048048332
UKYO18,United Kingdom,UK,UKE,UKE2,UKE22,North Yorkshire CC,2.30436936937025,0.0495195195195,0.1174474474475,1814.70867117002,-3.25037537538332,-4.78048048048332
UKYO19,United Kingdom,UK,UKE,UKE2,UKE22,North Yorkshire CC,2.30436936937025,0.0495195195195,0.1174474474475,1814.70867117002,-3.25037537538332,-4.78048048048332
UKYO21,United Kingdom,UK,UKE,UKE2,UKE22,North Yorkshire CC,2.30436936937025,0.0495195195195,0.1174474474475,1814.70867117002,-3.25037537538332,-4.78048048048332
UKYO22,United Kingdom,UK,UKE,UKE2,UKE22,North Yorkshire CC,2.30436936937025,0.0495195195195,0.1174474474475,1814.70867117002,-3.25037537538332,-4.78048048048332
UKYO23,United Kingdom,UK,UKE,UKE2,UKE22,North Yorkshire CC,2.30436936937025,0.0495195195195,0.1174474474475,1814.70867117002,-3.25037537538332,-4.78048048048332
UKYO25,United Kingdom,UK,UKE,UKE2,UKE22,North Yorkshire CC,2.30436936937025,0.0495195195195,0.1174474474475,1814.70867117002,-3.25037537538332,-4.78048048048332
UKYO26,United Kingdom,UK,UKE,UKE2,UKE22,North Yorkshire CC,2.30436936937025,0.0495195195195,0.1174474474475,1814.70867117002,-3.25037537538332,-4.78048048048332
UKYO30,United Kingdom,UK,UKE,UKE2,UKE22,North Yorkshire CC,2.30436936937025,0.0495195195195,0.1174474474475,1814.70867117002,-3.25037537538332,-4.78048048048332
UKYO32,United Kingdom,UK,UKE,UKE2,UKE22,North Yorkshire CC,2.30436936937025,0.0495195195195,0.1174474474475,1814.70867117002,-3.25037537538332,-4.78048048048332
UKYO41,United Kingdom,UK,UKE,UKE2,UKE22,North Yorkshire CC,2.30436936937025,0.0495195195195,0.1174474474475,1814.70867117002,-3.25037537538332,-4.78048048048332
UKYO51,United Kingdom,UK,UKE,UKE2,UKE22,North Yorkshire CC,2.30436936937025,0.0495195195195,0.1174474474475,1814.70867117002,-3.25037537538332,-4.78048048048332
UKYO60,United Kingdom,UK,UKE,UKE2,UKE22,North Yorkshire CC,2.30436936937025,0.0495195195195,0.1174474474475,1814.70867117002,-3.25037537538332,-4.78048048048332
UKYO61,United Kingdom,UK,UKE,UKE2,UKE22,North Yorkshire CC,2.30436936937025,0.0495195195195,0.1174474474475,1814.70867117002,-3.25037537538332,-4.78048048048332
UKYO62,United Kingdom,UK,UKE,UKE2,UKE22,North Yorkshire CC,2.30436936937025,0.0495195195195,0.1174474474475,1814.70867117002,-3.25037537538332,-4.78048048048332
UKYO7,United Kingdom,UK,UKE,UKE2,UKE22,North Yorkshire CC,2.30436936937025,0.0495195195195,0.1174474474475,1814.70867117002,-3.25037537538332,-4.78048048048332
UKYO8,United Kingdom,UK,UKE,UKE2,UKE22,North Yorkshire CC,2.30436936937025,0.0495195195195,0.1174474474475,1814.70867117002,-3.25037537538332,-4.78048048048332
UKDN17,United Kingdom,UK,UKF,UKF3,UKF30,Lincolnshire,8.6261217948775,0.161431623931667,0.290170940171667,1648.93894230662,-3.05908119658333,-4.56388888888332
UKDN20,United Kingdom,UK,UKF,UKF3,UKF30,Lincolnshire,8.6261217948775,0.161431623931667,0.290170940171667,1648.93894230662,-3.05908119658333,-4.56388888888332
UKDN21,United Kingdom,UK,UKF,UKF3,UKF30,Lincolnshire,8.6261217948775,0.161431623931667,0.290170940171667,1648.93894230662,-3.05908119658333,-4.56388888888332
UKDN36,United Kingdom,UK,UKF,UKF3,UKF30,Lincolnshire,8.6261217948775,0.161431623931667,0.290170940171667,1648.93894230662,-3.05908119658333,-4.56388888888332
UKDN37,United Kingdom,UK,UKF,UKF3,UKF30,Lincolnshire,8.6261217948775,0.161431623931667,0.290170940171667,1648.93894230662,-3.05908119658333,-4.56388888888332
UKDN38,United Kingdom,UK,UKF,UKF3,UKF30,Lincolnshire,8.6261217948775,0.161431623931667,0.290170940171667,1648.93894230662,-3.05908119658333,-4.56388888888332
UKDN41,United Kingdom,UK,UKF,UKF3,UKF30,Lincolnshire,8.6261217948775,0.161431623931667,0.290170940171667,1648.93894230662,-3.05908119658333,-4.56388888888332
UKLN1,United Kingdom,UK,UKF,UKF3,UKF30,Lincolnshire,8.6261217948775,0.161431623931667,0.290170940171667,1648.93894230662,-3.05908119658333,-4.56388888888332
UKLN10,United Kingdom,UK,UKF,UKF3,UKF30,Lincolnshire,8.6261217948775,0.161431623931667,0.290170940171667,1648.93894230662,-3.05908119658333,-4.56388888888332
UKLN11,United Kingdom,UK,UKF,UKF3,UKF30,Lincolnshire,8.6261217948775,0.161431623931667,0.290170940171667,1648.93894230662,-3.05908119658333,-4.56388888888332
UKLN12,United Kingdom,UK,UKF,UKF3,UKF30,Lincolnshire,8.6261217948775,0.161431623931667,0.290170940171667,1648.93894230662,-3.05908119658333,-4.56388888888332
UKLN13,United Kingdom,UK,UKF,UKF3,UKF30,Lincolnshire,8.6261217948775,0.161431623931667,0.290170940171667,1648.93894230662,-3.05908119658333,-4.56388888888332
UKLN2,United Kingdom,UK,UKF,UKF3,UKF30,Lincolnshire,8.6261217948775,0.161431623931667,0.290170940171667,1648.93894230662,-3.05908119658333,-4.56388888888332
UKLN3,United Kingdom,UK,UKF,UKF3,UKF30,Lincolnshire,8.6261217948775,0.161431623931667,0.290170940171667,1648.93894230662,-3.05908119658333,-4.56388888888332
UKLN4,United Kingdom,UK,UKF,UKF3,UKF30,Lincolnshire,8.6261217948775,0.161431623931667,0.290170940171667,1648.93894230662,-3.05908119658333,-4.56388888888332
UKLN5,United Kingdom,UK,UKF,UKF3,UKF30,Lincolnshire,8.6261217948775,0.161431623931667,0.290170940171667,1648.93894230662,-3.05908119658333,-4.56388888888332
UKLN6,United Kingdom,UK,UKF,UKF3,UKF30,Lincolnshire,8.6261217948775,0.161431623931667,0.290170940171667,1648.93894230662,-3.05908119658333,-4.56388888888332
UKLN7,United Kingdom,UK,UKF,UKF3,UKF30,Lincolnshire,8.6261217948775,0.161431623931667,0.290170940171667,1648.93894230662,-3.05908119658333,-4.56388888888332
UKLN8,United Kingdom,UK,UKF,UKF3,UKF30,Lincolnshire,8.6261217948775,0.161431623931667,0.290170940171667,1648.93894230662,-3.05908119658333,-4.56388888888332
UKLN9,United Kingdom,UK,UKF,UKF3,UKF30,Lincolnshire,8.6261217948775,0.161431623931667,0.290170940171667,1648.93894230662,-3.05908119658333,-4.56388888888332
UKNG13,United Kingdom,UK,UKF,UKF3,UKF30,Lincolnshire,8.6261217948775,0.161431623931667,0.290170940171667,1648.93894230662,-3.05908119658333,-4.56388888888332
UKNG23,United Kingdom,UK,UKF,UKF3,UKF30,Lincolnshire,8.6261217948775,0.161431623931667,0.290170940171667,1648.93894230662,-3.05908119658333,-4.56388888888332
UKNG31,United Kingdom,UK,UKF,UKF3,UKF30,Lincolnshire,8.6261217948775,0.161431623931667,0.290170940171667,1648.93894230662,-3.05908119658333,-4.56388888888332
UKNG32,United Kingdom,UK,UKF,UKF3,UKF30,Lincolnshire,8.6261217948775,0.161431623931667,0.290170940171667,1648.93894230662,-3.05908119658333,-4.56388888888332
UKNG33,United Kingdom,UK,UKF,UKF3,UKF30,Lincolnshire,8.6261217948775,0.161431623931667,0.290170940171667,1648.93894230662,-3.05908119658333,-4.56388888888332
UKNG34,United Kingdom,UK,UKF,UKF3,UKF30,Lincolnshire,8.6261217948775,0.161431623931667,0.290170940171667,1648.93894230662,-3.05908119658333,-4.56388888888332
UKPE10,United Kingdom,UK,UKF,UKF3,UKF30,Lincolnshire,8.6261217948775,0.161431623931667,0.290170940171667,1648.93894230662,-3.05908119658333,-4.56388888888332
UKPE11,United Kingdom,UK,UKF,UKF3,UKF30,Lincolnshire,8.6261217948775,0.161431623931667,0.290170940171667,1648.93894230662,-3.05908119658333,-4.56388888888332
UKPE12,United Kingdom,UK,UKF,UKF3,UKF30,Lincolnshire,8.6261217948775,0.161431623931667,0.290170940171667,1648.93894230662,-3.05908119658333,-4.56388888888332
UKPE13,United Kingdom,UK,UKF,UKF3,UKF30,Lincolnshire,8.6261217948775,0.161431623931667,0.290170940171667,1648.93894230662,-3.05908119658333,-4.56388888888332
UKPE14,United Kingdom,UK,UKF,UKF3,UKF30,Lincolnshire,8.6261217948775,0.161431623931667,0.290170940171667,1648.93894230662,-3.05908119658333,-4.56388888888332
UKPE20,United Kingdom,UK,UKF,UKF3,UKF30,Lincolnshire,8.6261217948775,0.161431623931667,0.290170940171667,1648.93894230662,-3.05908119658333,-4.56388888888332
UKPE21,United Kingdom,UK,UKF,UKF3,UKF30,Lincolnshire,8.6261217948775,0.161431623931667,0.290170940171667,1648.93894230662,-3.05908119658333,-4.56388888888332
UKPE22,United Kingdom,UK,UKF,UKF3,UKF30,Lincolnshire,8.6261217948775,0.161431623931667,0.290170940171667,1648.93894230662,-3.05908119658333,-4.56388888888332
UKPE23,United Kingdom,UK,UKF,UKF3,UKF30,Lincolnshire,8.6261217948775,0.161431623931667,0.290170940171667,1648.93894230662,-3.05908119658333,-4.56388888888332
UKPE24,United Kingdom,UK,UKF,UKF3,UKF30,Lincolnshire,8.6261217948775,0.161431623931667,0.290170940171667,1648.93894230662,-3.05908119658333,-4.56388888888332
UKPE25,United Kingdom,UK,UKF,UKF3,UKF30,Lincolnshire,8.6261217948775,0.161431623931667,0.290170940171667,1648.93894230662,-3.05908119658333,-4.56388888888332
UKPE34,United Kingdom,UK,UKF,UKF3,UKF30,Lincolnshire,8.6261217948775,0.161431623931667,0.290170940171667,1648.93894230662,-3.05908119658333,-4.56388888888332
UKPE6,United Kingdom,UK,UKF,UKF3,UKF30,Lincolnshire,8.6261217948775,0.161431623931667,0.290170940171667,1648.93894230662,-3.05908119658333,-4.56388888888332
UKPE9,United Kingdom,UK,UKF,UKF3,UKF30,Lincolnshire,8.6261217948775,0.161431623931667,0.290170940171667,1648.93894230662,-3.05908119658333,-4.56388888888332
UKM11,United Kingdom,UK,UKD,UKD3,UKD35,Greater Manchester South East,1.918,0.044,0.103,1771.2895,-3.01899999999998,-4.45366666666667
UKM19,United Kingdom,UK,UKD,UKD3,UKD35,Greater Manchester South East,1.918,0.044,0.103,1771.2895,-3.01899999999998,-4.45366666666667
UKM22,United Kingdom,UK,UKD,UKD3,UKD35,Greater Manchester South East,1.918,0.044,0.103,1771.2895,-3.01899999999998,-4.45366666666667
UKM34,United Kingdom,UK,UKD,UKD3,UKD35,Greater Manchester South East,1.918,0.044,0.103,1771.2895,-3.01899999999998,-4.45366666666667
UKM43,United Kingdom,UK,UKD,UKD3,UKD35,Greater Manchester South East,1.918,0.044,0.103,1771.2895,-3.01899999999998,-4.45366666666667
UKOL5,United Kingdom,UK,UKD,UKD3,UKD35,Greater Manchester South East,1.918,0.044,0.103,1771.2895,-3.01899999999998,-4.45366666666667
UKOL6,United Kingdom,UK,UKD,UKD3,UKD35,Greater Manchester South East,1.918,0.044,0.103,1771.2895,-3.01899999999998,-4.45366666666667
UKOL7,United Kingdom,UK,UKD,UKD3,UKD35,Greater Manchester South East,1.918,0.044,0.103,1771.2895,-3.01899999999998,-4.45366666666667
UKSK1,United Kingdom,UK,UKD,UKD3,UKD35,Greater Manchester South East,1.918,0.044,0.103,1771.2895,-3.01899999999998,-4.45366666666667
UKSK12,United Kingdom,UK,UKD,UKD3,UKD35,Greater Manchester South East,1.918,0.044,0.103,1771.2895,-3.01899999999998,-4.45366666666667
UKSK13,United Kingdom,UK,UKD,UKD3,UKD35,Greater Manchester South East,1.918,0.044,0.103,1771.2895,-3.01899999999998,-4.45366666666667
UKSK14,United Kingdom,UK,UKD,UKD3,UKD35,Greater Manchester South East,1.918,0.044,0.103,1771.2895,-3.01899999999998,-4.45366666666667
UKSK15,United Kingdom,UK,UKD,UKD3,UKD35,Greater Manchester South East,1.918,0.044,0.103,1771.2895,-3.01899999999998,-4.45366666666667
UKSK16,United Kingdom,UK,UKD,UKD3,UKD35,Greater Manchester South East,1.918,0.044,0.103,1771.2895,-3.01899999999998,-4.45366666666667
UKSK2,United Kingdom,UK,UKD,UKD3,UKD35,Greater Manchester South East,1.918,0.044,0.103,1771.2895,-3.01899999999998,-4.45366666666667
UKSK22,United Kingdom,UK,UKD,UKD3,UKD35,Greater Manchester South East,1.918,0.044,0.103,1771.2895,-3.01899999999998,-4.45366666666667
UKSK3,United Kingdom,UK,UKD,UKD3,UKD35,Greater Manchester South East,1.918,0.044,0.103,1771.2895,-3.01899999999998,-4.45366666666667
UKSK4,United Kingdom,UK,UKD,UKD3,UKD35,Greater Manchester South East,1.918,0.044,0.103,1771.2895,-3.01899999999998,-4.45366666666667
UKSK5,United Kingdom,UK,UKD,UKD3,UKD35,Greater Manchester South East,1.918,0.044,0.103,1771.2895,-3.01899999999998,-4.45366666666667
UKSK6,United Kingdom,UK,UKD,UKD3,UKD35,Greater Manchester South East,1.918,0.044,0.103,1771.2895,-3.01899999999998,-4.45366666666667
UKSK7,United Kingdom,UK,UKD,UKD3,UKD35,Greater Manchester South East,1.918,0.044,0.103,1771.2895,-3.01899999999998,-4.45366666666667
UKSK8,United Kingdom,UK,UKD,UKD3,UKD35,Greater Manchester South East,1.918,0.044,0.103,1771.2895,-3.01899999999998,-4.45366666666667
UKBL1,United Kingdom,UK,UKD,UKD3,UKD36,Greater Manchester North West,3.161,0.0646666666666667,0.144666666666667,1640.565,-2.98333333333333,-4.39066666666667
UKBL11,United Kingdom,UK,UKD,UKD3,UKD36,Greater Manchester North West,3.161,0.0646666666666667,0.144666666666667,1640.565,-2.98333333333333,-4.39066666666667
UKBL2,United Kingdom,UK,UKD,UKD3,UKD36,Greater Manchester North West,3.161,0.0646666666666667,0.144666666666667,1640.565,-2.98333333333333,-4.39066666666667
UKBL3,United Kingdom,UK,UKD,UKD3,UKD36,Greater Manchester North West,3.161,0.0646666666666667,0.144666666666667,1640.565,-2.98333333333333,-4.39066666666667
UKBL4,United Kingdom,UK,UKD,UKD3,UKD36,Greater Manchester North West,3.161,0.0646666666666667,0.144666666666667,1640.565,-2.98333333333333,-4.39066666666667
UKBL5,United Kingdom,UK,UKD,UKD3,UKD36,Greater Manchester North West,3.161,0.0646666666666667,0.144666666666667,1640.565,-2.98333333333333,-4.39066666666667
UKBL6,United Kingdom,UK,UKD,UKD3,UKD36,Greater Manchester North West,3.161,0.0646666666666667,0.144666666666667,1640.565,-2.98333333333333,-4.39066666666667
UKBL7,United Kingdom,UK,UKD,UKD3,UKD36,Greater Manchester North West,3.161,0.0646666666666667,0.144666666666667,1640.565,-2.98333333333333,-4.39066666666667
UKBL78,United Kingdom,UK,UKD,UKD3,UKD36,Greater Manchester North West,3.161,0.0646666666666667,0.144666666666667,1640.565,-2.98333333333333,-4.39066666666667
UKBL8,United Kingdom,UK,UKD,UKD3,UKD36,Greater Manchester North West,3.161,0.0646666666666667,0.144666666666667,1640.565,-2.98333333333333,-4.39066666666667
UKM26,United Kingdom,UK,UKD,UKD3,UKD36,Greater Manchester North West,3.161,0.0646666666666667,0.144666666666667,1640.565,-2.98333333333333,-4.39066666666667
UKM28,United Kingdom,UK,UKD,UKD3,UKD36,Greater Manchester North West,3.161,0.0646666666666667,0.144666666666667,1640.565,-2.98333333333333,-4.39066666666667
UKM29,United Kingdom,UK,UKD,UKD3,UKD36,Greater Manchester North West,3.161,0.0646666666666667,0.144666666666667,1640.565,-2.98333333333333,-4.39066666666667
UKM46,United Kingdom,UK,UKD,UKD3,UKD36,Greater Manchester North West,3.161,0.0646666666666667,0.144666666666667,1640.565,-2.98333333333333,-4.39066666666667
UKWA12,United Kingdom,UK,UKD,UKD3,UKD36,Greater Manchester North West,3.161,0.0646666666666667,0.144666666666667,1640.565,-2.98333333333333,-4.39066666666667
UKWA3,United Kingdom,UK,UKD,UKD3,UKD36,Greater Manchester North West,3.161,0.0646666666666667,0.144666666666667,1640.565,-2.98333333333333,-4.39066666666667
UKWN1,United Kingdom,UK,UKD,UKD3,UKD36,Greater Manchester North West,3.161,0.0646666666666667,0.144666666666667,1640.565,-2.98333333333333,-4.39066666666667
UKWN2,United Kingdom,UK,UKD,UKD3,UKD36,Greater Manchester North West,3.161,0.0646666666666667,0.144666666666667,1640.565,-2.98333333333333,-4.39066666666667
UKWN3,United Kingdom,UK,UKD,UKD3,UKD36,Greater Manchester North West,3.161,0.0646666666666667,0.144666666666667,1640.565,-2.98333333333333,-4.39066666666667
UKWN4,United Kingdom,UK,UKD,UKD3,UKD36,Greater Manchester North West,3.161,0.0646666666666667,0.144666666666667,1640.565,-2.98333333333333,-4.39066666666667
UKWN5,United Kingdom,UK,UKD,UKD3,UKD36,Greater Manchester North West,3.161,0.0646666666666667,0.144666666666667,1640.565,-2.98333333333333,-4.39066666666667
UKWN6,United Kingdom,UK,UKD,UKD3,UKD36,Greater Manchester North West,3.161,0.0646666666666667,0.144666666666667,1640.565,-2.98333333333333,-4.39066666666667
UKWN7,United Kingdom,UK,UKD,UKD3,UKD36,Greater Manchester North West,3.161,0.0646666666666667,0.144666666666667,1640.565,-2.98333333333333,-4.39066666666667
UKFY1,United Kingdom,UK,UKD,UKD4,UKD42,Blackpool,2.8325,0.0683333333333333,0.163333333333333,1582.67,-3.27333333333333,-4.78666666666665
UKFY2,United Kingdom,UK,UKD,UKD4,UKD42,Blackpool,2.8325,0.0683333333333333,0.163333333333333,1582.67,-3.27333333333333,-4.78666666666665
UKFY3,United Kingdom,UK,UKD,UKD4,UKD42,Blackpool,2.8325,0.0683333333333333,0.163333333333333,1582.67,-3.27333333333333,-4.78666666666665
UKFY4,United Kingdom,UK,UKD,UKD4,UKD42,Blackpool,2.8325,0.0683333333333333,0.163333333333333,1582.67,-3.27333333333333,-4.78666666666665
UKFY5,United Kingdom,UK,UKD,UKD4,UKD42,Blackpool,2.8325,0.0683333333333333,0.163333333333333,1582.67,-3.27333333333333,-4.78666666666665
UKFY6,United Kingdom,UK,UKD,UKD4,UKD42,Blackpool,2.8325,0.0683333333333333,0.163333333333333,1582.67,-3.27333333333333,-4.78666666666665
UKS1,United Kingdom,UK,UKE,UKE3,UKE32,Sheffield,3.54125,0.0675,0.144166666666667,1831.875625,-3.13458333333332,-4.56416666666667
UKS10,United Kingdom,UK,UKE,UKE3,UKE32,Sheffield,3.54125,0.0675,0.144166666666667,1831.875625,-3.13458333333332,-4.56416666666667
UKS11,United Kingdom,UK,UKE,UKE3,UKE32,Sheffield,3.54125,0.0675,0.144166666666667,1831.875625,-3.13458333333332,-4.56416666666667
UKS12,United Kingdom,UK,UKE,UKE3,UKE32,Sheffield,3.54125,0.0675,0.144166666666667,1831.875625,-3.13458333333332,-4.56416666666667
UKS13,United Kingdom,UK,UKE,UKE3,UKE32,Sheffield,3.54125,0.0675,0.144166666666667,1831.875625,-3.13458333333332,-4.56416666666667
UKS14,United Kingdom,UK,UKE,UKE3,UKE32,Sheffield,3.54125,0.0675,0.144166666666667,1831.875625,-3.13458333333332,-4.56416666666667
UKS17,United Kingdom,UK,UKE,UKE3,UKE32,Sheffield,3.54125,0.0675,0.144166666666667,1831.875625,-3.13458333333332,-4.56416666666667
UKS2,United Kingdom,UK,UKE,UKE3,UKE32,Sheffield,3.54125,0.0675,0.144166666666667,1831.875625,-3.13458333333332,-4.56416666666667
UKS20,United Kingdom,UK,UKE,UKE3,UKE32,Sheffield,3.54125,0.0675,0.144166666666667,1831.875625,-3.13458333333332,-4.56416666666667
UKS21,United Kingdom,UK,UKE,UKE3,UKE32,Sheffield,3.54125,0.0675,0.144166666666667,1831.875625,-3.13458333333332,-4.56416666666667
UKS3,United Kingdom,UK,UKE,UKE3,UKE32,Sheffield,3.54125,0.0675,0.144166666666667,1831.875625,-3.13458333333332,-4.56416666666667
UKS32,United Kingdom,UK,UKE,UKE3,UKE32,Sheffield,3.54125,0.0675,0.144166666666667,1831.875625,-3.13458333333332,-4.56416666666667
UKS35,United Kingdom,UK,UKE,UKE3,UKE32,Sheffield,3.54125,0.0675,0.144166666666667,1831.875625,-3.13458333333332,-4.56416666666667
UKS36,United Kingdom,UK,UKE,UKE3,UKE32,Sheffield,3.54125,0.0675,0.144166666666667,1831.875625,-3.13458333333332,-4.56416666666667
UKS4,United Kingdom,UK,UKE,UKE3,UKE32,Sheffield,3.54125,0.0675,0.144166666666667,1831.875625,-3.13458333333332,-4.56416666666667
UKS5,United Kingdom,UK,UKE,UKE3,UKE32,Sheffield,3.54125,0.0675,0.144166666666667,1831.875625,-3.13458333333332,-4.56416666666667
UKS6,United Kingdom,UK,UKE,UKE3,UKE32,Sheffield,3.54125,0.0675,0.144166666666667,1831.875625,-3.13458333333332,-4.56416666666667
UKS60,United Kingdom,UK,UKE,UKE3,UKE32,Sheffield,3.54125,0.0675,0.144166666666667,1831.875625,-3.13458333333332,-4.56416666666667
UKS61,United Kingdom,UK,UKE,UKE3,UKE32,Sheffield,3.54125,0.0675,0.144166666666667,1831.875625,-3.13458333333332,-4.56416666666667
UKS7,United Kingdom,UK,UKE,UKE3,UKE32,Sheffield,3.54125,0.0675,0.144166666666667,1831.875625,-3.13458333333332,-4.56416666666667
UKS8,United Kingdom,UK,UKE,UKE3,UKE32,Sheffield,3.54125,0.0675,0.144166666666667,1831.875625,-3.13458333333332,-4.56416666666667
UKS9,United Kingdom,UK,UKE,UKE3,UKE32,Sheffield,3.54125,0.0675,0.144166666666667,1831.875625,-3.13458333333332,-4.56416666666667
UKS95,United Kingdom,UK,UKE,UKE3,UKE32,Sheffield,3.54125,0.0675,0.144166666666667,1831.875625,-3.13458333333332,-4.56416666666667
UKS96,United Kingdom,UK,UKE,UKE3,UKE32,Sheffield,3.54125,0.0675,0.144166666666667,1831.875625,-3.13458333333332,-4.56416666666667
UKS97,United Kingdom,UK,UKE,UKE3,UKE32,Sheffield,3.54125,0.0675,0.144166666666667,1831.875625,-3.13458333333332,-4.56416666666667
UKS98,United Kingdom,UK,UKE,UKE3,UKE32,Sheffield,3.54125,0.0675,0.144166666666667,1831.875625,-3.13458333333332,-4.56416666666667
UKS99,United Kingdom,UK,UKE,UKE3,UKE32,Sheffield,3.54125,0.0675,0.144166666666667,1831.875625,-3.13458333333332,-4.56416666666667
UKDE4,United Kingdom,UK,UKF,UKF1,UKF12,East Derbyshire,6.15178571428525,0.115476190476167,0.229523809523333,1756.21928571443,-3.15285714285,-4.60642857143333
UKDE55,United Kingdom,UK,UKF,UKF1,UKF12,East Derbyshire,6.15178571428525,0.115476190476167,0.229523809523333,1756.21928571443,-3.15285714285,-4.60642857143333
UKNG16,United Kingdom,UK,UKF,UKF1,UKF12,East Derbyshire,6.15178571428525,0.115476190476167,0.229523809523333,1756.21928571443,-3.15285714285,-4.60642857143333
UKNG19,United Kingdom,UK,UKF,UKF1,UKF12,East Derbyshire,6.15178571428525,0.115476190476167,0.229523809523333,1756.21928571443,-3.15285714285,-4.60642857143333
UKNG20,United Kingdom,UK,UKF,UKF1,UKF12,East Derbyshire,6.15178571428525,0.115476190476167,0.229523809523333,1756.21928571443,-3.15285714285,-4.60642857143333
UKS12,United Kingdom,UK,UKF,UKF1,UKF12,East Derbyshire,6.15178571428525,0.115476190476167,0.229523809523333,1756.21928571443,-3.15285714285,-4.60642857143333
UKS17,United Kingdom,UK,UKF,UKF1,UKF12,East Derbyshire,6.15178571428525,0.115476190476167,0.229523809523333,1756.21928571443,-3.15285714285,-4.60642857143333
UKS18,United Kingdom,UK,UKF,UKF1,UKF12,East Derbyshire,6.15178571428525,0.115476190476167,0.229523809523333,1756.21928571443,-3.15285714285,-4.60642857143333
UKS21,United Kingdom,UK,UKF,UKF1,UKF12,East Derbyshire,6.15178571428525,0.115476190476167,0.229523809523333,1756.21928571443,-3.15285714285,-4.60642857143333
UKS40,United Kingdom,UK,UKF,UKF1,UKF12,East Derbyshire,6.15178571428525,0.115476190476167,0.229523809523333,1756.21928571443,-3.15285714285,-4.60642857143333
UKS41,United Kingdom,UK,UKF,UKF1,UKF12,East Derbyshire,6.15178571428525,0.115476190476167,0.229523809523333,1756.21928571443,-3.15285714285,-4.60642857143333
UKS42,United Kingdom,UK,UKF,UKF1,UKF12,East Derbyshire,6.15178571428525,0.115476190476167,0.229523809523333,1756.21928571443,-3.15285714285,-4.60642857143333
UKS43,United Kingdom,UK,UKF,UKF1,UKF12,East Derbyshire,6.15178571428525,0.115476190476167,0.229523809523333,1756.21928571443,-3.15285714285,-4.60642857143333
UKS44,United Kingdom,UK,UKF,UKF1,UKF12,East Derbyshire,6.15178571428525,0.115476190476167,0.229523809523333,1756.21928571443,-3.15285714285,-4.60642857143333
UKS45,United Kingdom,UK,UKF,UKF1,UKF12,East Derbyshire,6.15178571428525,0.115476190476167,0.229523809523333,1756.21928571443,-3.15285714285,-4.60642857143333
UKS49,United Kingdom,UK,UKF,UKF1,UKF12,East Derbyshire,6.15178571428525,0.115476190476167,0.229523809523333,1756.21928571443,-3.15285714285,-4.60642857143333
UKS8,United Kingdom,UK,UKF,UKF1,UKF12,East Derbyshire,6.15178571428525,0.115476190476167,0.229523809523333,1756.21928571443,-3.15285714285,-4.60642857143333
UKS80,United Kingdom,UK,UKF,UKF1,UKF12,East Derbyshire,6.15178571428525,0.115476190476167,0.229523809523333,1756.21928571443,-3.15285714285,-4.60642857143333
UKB1,United Kingdom,UK,UKG,UKG3,UKG31,Birmingham,9.41499999999997,0.169999999999998,0.314999999999998,1678.684375,-2.93541666666667,-4.3975
UKB10,United Kingdom,UK,UKG,UKG3,UKG31,Birmingham,9.41499999999997,0.169999999999998,0.314999999999998,1678.684375,-2.93541666666667,-4.3975
UKB11,United Kingdom,UK,UKG,UKG3,UKG31,Birmingham,9.41499999999997,0.169999999999998,0.314999999999998,1678.684375,-2.93541666666667,-4.3975
UKB12,United Kingdom,UK,UKG,UKG3,UKG31,Birmingham,9.41499999999997,0.169999999999998,0.314999999999998,1678.684375,-2.93541666666667,-4.3975
UKB13,United Kingdom,UK,UKG,UKG3,UKG31,Birmingham,9.41499999999997,0.169999999999998,0.314999999999998,1678.684375,-2.93541666666667,-4.3975
UKB14,United Kingdom,UK,UKG,UKG3,UKG31,Birmingham,9.41499999999997,0.169999999999998,0.314999999999998,1678.684375,-2.93541666666667,-4.3975
UKB15,United Kingdom,UK,UKG,UKG3,UKG31,Birmingham,9.41499999999997,0.169999999999998,0.314999999999998,1678.684375,-2.93541666666667,-4.3975
UKB16,United Kingdom,UK,UKG,UKG3,UKG31,Birmingham,9.41499999999997,0.169999999999998,0.314999999999998,1678.684375,-2.93541666666667,-4.3975
UKB17,United Kingdom,UK,UKG,UKG3,UKG31,Birmingham,9.41499999999997,0.169999999999998,0.314999999999998,1678.684375,-2.93541666666667,-4.3975
UKB18,United Kingdom,UK,UKG,UKG3,UKG31,Birmingham,9.41499999999997,0.169999999999998,0.314999999999998,1678.684375,-2.93541666666667,-4.3975
UKB19,United Kingdom,UK,UKG,UKG3,UKG31,Birmingham,9.41499999999997,0.169999999999998,0.314999999999998,1678.684375,-2.93541666666667,-4.3975
UKB2,United Kingdom,UK,UKG,UKG3,UKG31,Birmingham,9.41499999999997,0.169999999999998,0.314999999999998,1678.684375,-2.93541666666667,-4.3975
UKB20,United Kingdom,UK,UKG,UKG3,UKG31,Birmingham,9.41499999999997,0.169999999999998,0.314999999999998,1678.684375,-2.93541666666667,-4.3975
UKB21,United Kingdom,UK,UKG,UKG3,UKG31,Birmingham,9.41499999999997,0.169999999999998,0.314999999999998,1678.684375,-2.93541666666667,-4.3975
UKB23,United Kingdom,UK,UKG,UKG3,UKG31,Birmingham,9.41499999999997,0.169999999999998,0.314999999999998,1678.684375,-2.93541666666667,-4.3975
UKB24,United Kingdom,UK,UKG,UKG3,UKG31,Birmingham,9.41499999999997,0.169999999999998,0.314999999999998,1678.684375,-2.93541666666667,-4.3975
UKB25,United Kingdom,UK,UKG,UKG3,UKG31,Birmingham,9.41499999999997,0.169999999999998,0.314999999999998,1678.684375,-2.93541666666667,-4.3975
UKB26,United Kingdom,UK,UKG,UKG3,UKG31,Birmingham,9.41499999999997,0.169999999999998,0.314999999999998,1678.684375,-2.93541666666667,-4.3975
UKB27,United Kingdom,UK,UKG,UKG3,UKG31,Birmingham,9.41499999999997,0.169999999999998,0.314999999999998,1678.684375,-2.93541666666667,-4.3975
UKB28,United Kingdom,UK,UKG,UKG3,UKG31,Birmingham,9.41499999999997,0.169999999999998,0.314999999999998,1678.684375,-2.93541666666667,-4.3975
UKB29,United Kingdom,UK,UKG,UKG3,UKG31,Birmingham,9.41499999999997,0.169999999999998,0.314999999999998,1678.684375,-2.93541666666667,-4.3975
UKB3,United Kingdom,UK,UKG,UKG3,UKG31,Birmingham,9.41499999999997,0.169999999999998,0.314999999999998,1678.684375,-2.93541666666667,-4.3975
UKB30,United Kingdom,UK,UKG,UKG3,UKG31,Birmingham,9.41499999999997,0.169999999999998,0.314999999999998,1678.684375,-2.93541666666667,-4.3975
UKB31,United Kingdom,UK,UKG,UKG3,UKG31,Birmingham,9.41499999999997,0.169999999999998,0.314999999999998,1678.684375,-2.93541666666667,-4.3975
UKB32,United Kingdom,UK,UKG,UKG3,UKG31,Birmingham,9.41499999999997,0.169999999999998,0.314999999999998,1678.684375,-2.93541666666667,-4.3975
UKB33,United Kingdom,UK,UKG,UKG3,UKG31,Birmingham,9.41499999999997,0.169999999999998,0.314999999999998,1678.684375,-2.93541666666667,-4.3975
UKB34,United Kingdom,UK,UKG,UKG3,UKG31,Birmingham,9.41499999999997,0.169999999999998,0.314999999999998,1678.684375,-2.93541666666667,-4.3975
UKB35,United Kingdom,UK,UKG,UKG3,UKG31,Birmingham,9.41499999999997,0.169999999999998,0.314999999999998,1678.684375,-2.93541666666667,-4.3975
UKB36,United Kingdom,UK,UKG,UKG3,UKG31,Birmingham,9.41499999999997,0.169999999999998,0.314999999999998,1678.684375,-2.93541666666667,-4.3975
UKB37,United Kingdom,UK,UKG,UKG3,UKG31,Birmingham,9.41499999999997,0.169999999999998,0.314999999999998,1678.684375,-2.93541666666667,-4.3975
UKB38,United Kingdom,UK,UKG,UKG3,UKG31,Birmingham,9.41499999999997,0.169999999999998,0.314999999999998,1678.684375,-2.93541666666667,-4.3975
UKB4,United Kingdom,UK,UKG,UKG3,UKG31,Birmingham,9.41499999999997,0.169999999999998,0.314999999999998,1678.684375,-2.93541666666667,-4.3975
UKB42,United Kingdom,UK,UKG,UKG3,UKG31,Birmingham,9.41499999999997,0.169999999999998,0.314999999999998,1678.684375,-2.93541666666667,-4.3975
UKB43,United Kingdom,UK,UKG,UKG3,UKG31,Birmingham,9.41499999999997,0.169999999999998,0.314999999999998,1678.684375,-2.93541666666667,-4.3975
UKB44,United Kingdom,UK,UKG,UKG3,UKG31,Birmingham,9.41499999999997,0.169999999999998,0.314999999999998,1678.684375,-2.93541666666667,-4.3975
UKB45,United Kingdom,UK,UKG,UKG3,UKG31,Birmingham,9.41499999999997,0.169999999999998,0.314999999999998,1678.684375,-2.93541666666667,-4.3975
UKB47,United Kingdom,UK,UKG,UKG3,UKG31,Birmingham,9.41499999999997,0.169999999999998,0.314999999999998,1678.684375,-2.93541666666667,-4.3975
UKB5,United Kingdom,UK,UKG,UKG3,UKG31,Birmingham,9.41499999999997,0.169999999999998,0.314999999999998,1678.684375,-2.93541666666667,-4.3975
UKB6,United Kingdom,UK,UKG,UKG3,UKG31,Birmingham,9.41499999999997,0.169999999999998,0.314999999999998,1678.684375,-2.93541666666667,-4.3975
UKB62,United Kingdom,UK,UKG,UKG3,UKG31,Birmingham,9.41499999999997,0.169999999999998,0.314999999999998,1678.684375,-2.93541666666667,-4.3975
UKB66,United Kingdom,UK,UKG,UKG3,UKG31,Birmingham,9.41499999999997,0.169999999999998,0.314999999999998,1678.684375,-2.93541666666667,-4.3975
UKB7,United Kingdom,UK,UKG,UKG3,UKG31,Birmingham,9.41499999999997,0.169999999999998,0.314999999999998,1678.684375,-2.93541666666667,-4.3975
UKB72,United Kingdom,UK,UKG,UKG3,UKG31,Birmingham,9.41499999999997,0.169999999999998,0.314999999999998,1678.684375,-2.93541666666667,-4.3975
UKB73,United Kingdom,UK,UKG,UKG3,UKG31,Birmingham,9.41499999999997,0.169999999999998,0.314999999999998,1678.684375,-2.93541666666667,-4.3975
UKB74,United Kingdom,UK,UKG,UKG3,UKG31,Birmingham,9.41499999999997,0.169999999999998,0.314999999999998,1678.684375,-2.93541666666667,-4.3975
UKB75,United Kingdom,UK,UKG,UKG3,UKG31,Birmingham,9.41499999999997,0.169999999999998,0.314999999999998,1678.684375,-2.93541666666667,-4.3975
UKB76,United Kingdom,UK,UKG,UKG3,UKG31,Birmingham,9.41499999999997,0.169999999999998,0.314999999999998,1678.684375,-2.93541666666667,-4.3975
UKB8,United Kingdom,UK,UKG,UKG3,UKG31,Birmingham,9.41499999999997,0.169999999999998,0.314999999999998,1678.684375,-2.93541666666667,-4.3975
UKB9,United Kingdom,UK,UKG,UKG3,UKG31,Birmingham,9.41499999999997,0.169999999999998,0.314999999999998,1678.684375,-2.93541666666667,-4.3975
UKB92,United Kingdom,UK,UKG,UKG3,UKG31,Birmingham,9.41499999999997,0.169999999999998,0.314999999999998,1678.684375,-2.93541666666667,-4.3975
UKB99,United Kingdom,UK,UKG,UKG3,UKG31,Birmingham,9.41499999999997,0.169999999999998,0.314999999999998,1678.684375,-2.93541666666667,-4.3975
UKGL1,United Kingdom,UK,UKK,UKK1,UKK13,Gloucestershire,12.1847794117725,0.216715686275,0.395588235293332,1615.93566176528,-2.79093137254998,-4.25828431373332
UKGL10,United Kingdom,UK,UKK,UKK1,UKK13,Gloucestershire,12.1847794117725,0.216715686275,0.395588235293332,1615.93566176528,-2.79093137254998,-4.25828431373332
UKGL11,United Kingdom,UK,UKK,UKK1,UKK13,Gloucestershire,12.1847794117725,0.216715686275,0.395588235293332,1615.93566176528,-2.79093137254998,-4.25828431373332
UKGL12,United Kingdom,UK,UKK,UKK1,UKK13,Gloucestershire,12.1847794117725,0.216715686275,0.395588235293332,1615.93566176528,-2.79093137254998,-4.25828431373332
UKGL13,United Kingdom,UK,UKK,UKK1,UKK13,Gloucestershire,12.1847794117725,0.216715686275,0.395588235293332,1615.93566176528,-2.79093137254998,-4.25828431373332
UKGL14,United Kingdom,UK,UKK,UKK1,UKK13,Gloucestershire,12.1847794117725,0.216715686275,0.395588235293332,1615.93566176528,-2.79093137254998,-4.25828431373332
UKGL15,United Kingdom,UK,UKK,UKK1,UKK13,Gloucestershire,12.1847794117725,0.216715686275,0.395588235293332,1615.93566176528,-2.79093137254998,-4.25828431373332
UKGL16,United Kingdom,UK,UKK,UKK1,UKK13,Gloucestershire,12.1847794117725,0.216715686275,0.395588235293332,1615.93566176528,-2.79093137254998,-4.25828431373332
UKGL17,United Kingdom,UK,UKK,UKK1,UKK13,Gloucestershire,12.1847794117725,0.216715686275,0.395588235293332,1615.93566176528,-2.79093137254998,-4.25828431373332
UKGL18,United Kingdom,UK,UKK,UKK1,UKK13,Gloucestershire,12.1847794117725,0.216715686275,0.395588235293332,1615.93566176528,-2.79093137254998,-4.25828431373332
UKGL19,United Kingdom,UK,UKK,UKK1,UKK13,Gloucestershire,12.1847794117725,0.216715686275,0.395588235293332,1615.93566176528,-2.79093137254998,-4.25828431373332
UKGL2,United Kingdom,UK,UKK,UKK1,UKK13,Gloucestershire,12.1847794117725,0.216715686275,0.395588235293332,1615.93566176528,-2.79093137254998,-4.25828431373332
UKGL20,United Kingdom,UK,UKK,UKK1,UKK13,Gloucestershire,12.1847794117725,0.216715686275,0.395588235293332,1615.93566176528,-2.79093137254998,-4.25828431373332
UKGL3,United Kingdom,UK,UKK,UKK1,UKK13,Gloucestershire,12.1847794117725,0.216715686275,0.395588235293332,1615.93566176528,-2.79093137254998,-4.25828431373332
UKGL4,United Kingdom,UK,UKK,UKK1,UKK13,Gloucestershire,12.1847794117725,0.216715686275,0.395588235293332,1615.93566176528,-2.79093137254998,-4.25828431373332
UKGL5,United Kingdom,UK,UKK,UKK1,UKK13,Gloucestershire,12.1847794117725,0.216715686275,0.395588235293332,1615.93566176528,-2.79093137254998,-4.25828431373332
UKGL50,United Kingdom,UK,UKK,UKK1,UKK13,Gloucestershire,12.1847794117725,0.216715686275,0.395588235293332,1615.93566176528,-2.79093137254998,-4.25828431373332
UKGL51,United Kingdom,UK,UKK,UKK1,UKK13,Gloucestershire,12.1847794117725,0.216715686275,0.395588235293332,1615.93566176528,-2.79093137254998,-4.25828431373332
UKGL52,United Kingdom,UK,UKK,UKK1,UKK13,Gloucestershire,12.1847794117725,0.216715686275,0.395588235293332,1615.93566176528,-2.79093137254998,-4.25828431373332
UKGL53,United Kingdom,UK,UKK,UKK1,UKK13,Gloucestershire,12.1847794117725,0.216715686275,0.395588235293332,1615.93566176528,-2.79093137254998,-4.25828431373332
UKGL54,United Kingdom,UK,UKK,UKK1,UKK13,Gloucestershire,12.1847794117725,0.216715686275,0.395588235293332,1615.93566176528,-2.79093137254998,-4.25828431373332
UKGL55,United Kingdom,UK,UKK,UKK1,UKK13,Gloucestershire,12.1847794117725,0.216715686275,0.395588235293332,1615.93566176528,-2.79093137254998,-4.25828431373332
UKGL56,United Kingdom,UK,UKK,UKK1,UKK13,Gloucestershire,12.1847794117725,0.216715686275,0.395588235293332,1615.93566176528,-2.79093137254998,-4.25828431373332
UKGL6,United Kingdom,UK,UKK,UKK1,UKK13,Gloucestershire,12.1847794117725,0.216715686275,0.395588235293332,1615.93566176528,-2.79093137254998,-4.25828431373332
UKGL7,United Kingdom,UK,UKK,UKK1,UKK13,Gloucestershire,12.1847794117725,0.216715686275,0.395588235293332,1615.93566176528,-2.79093137254998,-4.25828431373332
UKGL8,United Kingdom,UK,UKK,UKK1,UKK13,Gloucestershire,12.1847794117725,0.216715686275,0.395588235293332,1615.93566176528,-2.79093137254998,-4.25828431373332
UKGL9,United Kingdom,UK,UKK,UKK1,UKK13,Gloucestershire,12.1847794117725,0.216715686275,0.395588235293332,1615.93566176528,-2.79093137254998,-4.25828431373332
UKHR8,United Kingdom,UK,UKK,UKK1,UKK13,Gloucestershire,12.1847794117725,0.216715686275,0.395588235293332,1615.93566176528,-2.79093137254998,-4.25828431373332
UKHR9,United Kingdom,UK,UKK,UKK1,UKK13,Gloucestershire,12.1847794117725,0.216715686275,0.395588235293332,1615.93566176528,-2.79093137254998,-4.25828431373332
UKNP16,United Kingdom,UK,UKK,UKK1,UKK13,Gloucestershire,12.1847794117725,0.216715686275,0.395588235293332,1615.93566176528,-2.79093137254998,-4.25828431373332
UKNP25,United Kingdom,UK,UKK,UKK1,UKK13,Gloucestershire,12.1847794117725,0.216715686275,0.395588235293332,1615.93566176528,-2.79093137254998,-4.25828431373332
UKOX18,United Kingdom,UK,UKK,UKK1,UKK13,Gloucestershire,12.1847794117725,0.216715686275,0.395588235293332,1615.93566176528,-2.79093137254998,-4.25828431373332
UKOX7,United Kingdom,UK,UKK,UKK1,UKK13,Gloucestershire,12.1847794117725,0.216715686275,0.395588235293332,1615.93566176528,-2.79093137254998,-4.25828431373332
UKSN16,United Kingdom,UK,UKK,UKK1,UKK13,Gloucestershire,12.1847794117725,0.216715686275,0.395588235293332,1615.93566176528,-2.79093137254998,-4.25828431373332
UKSN6,United Kingdom,UK,UKK,UKK1,UKK13,Gloucestershire,12.1847794117725,0.216715686275,0.395588235293332,1615.93566176528,-2.79093137254998,-4.25828431373332
UKWR11,United Kingdom,UK,UKK,UKK1,UKK13,Gloucestershire,12.1847794117725,0.216715686275,0.395588235293332,1615.93566176528,-2.79093137254998,-4.25828431373332
UKWR12,United Kingdom,UK,UKK,UKK1,UKK13,Gloucestershire,12.1847794117725,0.216715686275,0.395588235293332,1615.93566176528,-2.79093137254998,-4.25828431373332
UKWR13,United Kingdom,UK,UKK,UKK1,UKK13,Gloucestershire,12.1847794117725,0.216715686275,0.395588235293332,1615.93566176528,-2.79093137254998,-4.25828431373332
UKWR8,United Kingdom,UK,UKK,UKK1,UKK13,Gloucestershire,12.1847794117725,0.216715686275,0.395588235293332,1615.93566176528,-2.79093137254998,-4.25828431373332
UKB43,United Kingdom,UK,UKG,UKG3,UKG38,Walsall,7.495,0.143333333333333,0.274166666666665,1703.305,-2.90999999999998,-4.37916666666667
UKB74,United Kingdom,UK,UKG,UKG3,UKG38,Walsall,7.495,0.143333333333333,0.274166666666665,1703.305,-2.90999999999998,-4.37916666666667
UKWS1,United Kingdom,UK,UKG,UKG3,UKG38,Walsall,7.495,0.143333333333333,0.274166666666665,1703.305,-2.90999999999998,-4.37916666666667
UKWS10,United Kingdom,UK,UKG,UKG3,UKG38,Walsall,7.495,0.143333333333333,0.274166666666665,1703.305,-2.90999999999998,-4.37916666666667
UKWS2,United Kingdom,UK,UKG,UKG3,UKG38,Walsall,7.495,0.143333333333333,0.274166666666665,1703.305,-2.90999999999998,-4.37916666666667
UKWS3,United Kingdom,UK,UKG,UKG3,UKG38,Walsall,7.495,0.143333333333333,0.274166666666665,1703.305,-2.90999999999998,-4.37916666666667
UKWS4,United Kingdom,UK,UKG,UKG3,UKG38,Walsall,7.495,0.143333333333333,0.274166666666665,1703.305,-2.90999999999998,-4.37916666666667
UKWS5,United Kingdom,UK,UKG,UKG3,UKG38,Walsall,7.495,0.143333333333333,0.274166666666665,1703.305,-2.90999999999998,-4.37916666666667
UKWS8,United Kingdom,UK,UKG,UKG3,UKG38,Walsall,7.495,0.143333333333333,0.274166666666665,1703.305,-2.90999999999998,-4.37916666666667
UKWS9,United Kingdom,UK,UKG,UKG3,UKG38,Walsall,7.495,0.143333333333333,0.274166666666665,1703.305,-2.90999999999998,-4.37916666666667
UKWV11,United Kingdom,UK,UKG,UKG3,UKG38,Walsall,7.495,0.143333333333333,0.274166666666665,1703.305,-2.90999999999998,-4.37916666666667
UKWV12,United Kingdom,UK,UKG,UKG3,UKG38,Walsall,7.495,0.143333333333333,0.274166666666665,1703.305,-2.90999999999998,-4.37916666666667
UKWV13,United Kingdom,UK,UKG,UKG3,UKG38,Walsall,7.495,0.143333333333333,0.274166666666665,1703.305,-2.90999999999998,-4.37916666666667
UKWV14,United Kingdom,UK,UKG,UKG3,UKG38,Walsall,7.495,0.143333333333333,0.274166666666665,1703.305,-2.90999999999998,-4.37916666666667
UKNW10,United Kingdom,UK,UKI,UKI3,UKI33,Kensington & Chelsea and Hammersmith & Fulham,25.1625,0.341666666666667,0.566666666666667,1521.3525,-2.83833333333333,-4.27333333333332
UKSW10,United Kingdom,UK,UKI,UKI3,UKI33,Kensington & Chelsea and Hammersmith & Fulham,25.1625,0.341666666666667,0.566666666666667,1521.3525,-2.83833333333333,-4.27333333333332
UKSW19,United Kingdom,UK,UKI,UKI3,UKI33,Kensington & Chelsea and Hammersmith & Fulham,25.1625,0.341666666666667,0.566666666666667,1521.3525,-2.83833333333333,-4.27333333333332
UKSW1W,United Kingdom,UK,UKI,UKI3,UKI33,Kensington & Chelsea and Hammersmith & Fulham,25.1625,0.341666666666667,0.566666666666667,1521.3525,-2.83833333333333,-4.27333333333332
UKSW1X,United Kingdom,UK,UKI,UKI3,UKI33,Kensington & Chelsea and Hammersmith & Fulham,25.1625,0.341666666666667,0.566666666666667,1521.3525,-2.83833333333333,-4.27333333333332
UKSW3,United Kingdom,UK,UKI,UKI3,UKI33,Kensington & Chelsea and Hammersmith & Fulham,25.1625,0.341666666666667,0.566666666666667,1521.3525,-2.83833333333333,-4.27333333333332
UKSW5,United Kingdom,UK,UKI,UKI3,UKI33,Kensington & Chelsea and Hammersmith & Fulham,25.1625,0.341666666666667,0.566666666666667,1521.3525,-2.83833333333333,-4.27333333333332
UKSW6,United Kingdom,UK,UKI,UKI3,UKI33,Kensington & Chelsea and Hammersmith & Fulham,25.1625,0.341666666666667,0.566666666666667,1521.3525,-2.83833333333333,-4.27333333333332
UKSW7,United Kingdom,UK,UKI,UKI3,UKI33,Kensington & Chelsea and Hammersmith & Fulham,25.1625,0.341666666666667,0.566666666666667,1521.3525,-2.83833333333333,-4.27333333333332
UKW10,United Kingdom,UK,UKI,UKI3,UKI33,Kensington & Chelsea and Hammersmith & Fulham,25.1625,0.341666666666667,0.566666666666667,1521.3525,-2.83833333333333,-4.27333333333332
UKW11,United Kingdom,UK,UKI,UKI3,UKI33,Kensington & Chelsea and Hammersmith & Fulham,25.1625,0.341666666666667,0.566666666666667,1521.3525,-2.83833333333333,-4.27333333333332
UKW12,United Kingdom,UK,UKI,UKI3,UKI33,Kensington & Chelsea and Hammersmith & Fulham,25.1625,0.341666666666667,0.566666666666667,1521.3525,-2.83833333333333,-4.27333333333332
UKW14,United Kingdom,UK,UKI,UKI3,UKI33,Kensington & Chelsea and Hammersmith & Fulham,25.1625,0.341666666666667,0.566666666666667,1521.3525,-2.83833333333333,-4.27333333333332
UKW2,United Kingdom,UK,UKI,UKI3,UKI33,Kensington & Chelsea and Hammersmith & Fulham,25.1625,0.341666666666667,0.566666666666667,1521.3525,-2.83833333333333,-4.27333333333332
UKW3,United Kingdom,UK,UKI,UKI3,UKI33,Kensington & Chelsea and Hammersmith & Fulham,25.1625,0.341666666666667,0.566666666666667,1521.3525,-2.83833333333333,-4.27333333333332
UKW4,United Kingdom,UK,UKI,UKI3,UKI33,Kensington & Chelsea and Hammersmith & Fulham,25.1625,0.341666666666667,0.566666666666667,1521.3525,-2.83833333333333,-4.27333333333332
UKW6,United Kingdom,UK,UKI,UKI3,UKI33,Kensington & Chelsea and Hammersmith & Fulham,25.1625,0.341666666666667,0.566666666666667,1521.3525,-2.83833333333333,-4.27333333333332
UKW8,United Kingdom,UK,UKI,UKI3,UKI33,Kensington & Chelsea and Hammersmith & Fulham,25.1625,0.341666666666667,0.566666666666667,1521.3525,-2.83833333333333,-4.27333333333332
UKW9,United Kingdom,UK,UKI,UKI3,UKI33,Kensington & Chelsea and Hammersmith & Fulham,25.1625,0.341666666666667,0.566666666666667,1521.3525,-2.83833333333333,-4.27333333333332
UKSW11,United Kingdom,UK,UKI,UKI3,UKI34,Wandsworth,25.1625,0.341666666666667,0.566666666666667,1521.3525,-2.83833333333333,-4.27333333333332
UKSW12,United Kingdom,UK,UKI,UKI3,UKI34,Wandsworth,25.1625,0.341666666666667,0.566666666666667,1521.3525,-2.83833333333333,-4.27333333333332
UKSW15,United Kingdom,UK,UKI,UKI3,UKI34,Wandsworth,25.1625,0.341666666666667,0.566666666666667,1521.3525,-2.83833333333333,-4.27333333333332
UKSW16,United Kingdom,UK,UKI,UKI3,UKI34,Wandsworth,25.1625,0.341666666666667,0.566666666666667,1521.3525,-2.83833333333333,-4.27333333333332
UKSW17,United Kingdom,UK,UKI,UKI3,UKI34,Wandsworth,25.1625,0.341666666666667,0.566666666666667,1521.3525,-2.83833333333333,-4.27333333333332
UKSW18,United Kingdom,UK,UKI,UKI3,UKI34,Wandsworth,25.1625,0.341666666666667,0.566666666666667,1521.3525,-2.83833333333333,-4.27333333333332
UKSW19,United Kingdom,UK,UKI,UKI3,UKI34,Wandsworth,25.1625,0.341666666666667,0.566666666666667,1521.3525,-2.83833333333333,-4.27333333333332
UKSW1A,United Kingdom,UK,UKI,UKI3,UKI34,Wandsworth,25.1625,0.341666666666667,0.566666666666667,1521.3525,-2.83833333333333,-4.27333333333332
UKSW1E,United Kingdom,UK,UKI,UKI3,UKI34,Wandsworth,25.1625,0.341666666666667,0.566666666666667,1521.3525,-2.83833333333333,-4.27333333333332
UKSW1H,United Kingdom,UK,UKI,UKI3,UKI34,Wandsworth,25.1625,0.341666666666667,0.566666666666667,1521.3525,-2.83833333333333,-4.27333333333332
UKSW1P,United Kingdom,UK,UKI,UKI3,UKI34,Wandsworth,25.1625,0.341666666666667,0.566666666666667,1521.3525,-2.83833333333333,-4.27333333333332
UKSW1V,United Kingdom,UK,UKI,UKI3,UKI34,Wandsworth,25.1625,0.341666666666667,0.566666666666667,1521.3525,-2.83833333333333,-4.27333333333332
UKSW1W,United Kingdom,UK,UKI,UKI3,UKI34,Wandsworth,25.1625,0.341666666666667,0.566666666666667,1521.3525,-2.83833333333333,-4.27333333333332
UKSW1X,United Kingdom,UK,UKI,UKI3,UKI34,Wandsworth,25.1625,0.341666666666667,0.566666666666667,1521.3525,-2.83833333333333,-4.27333333333332
UKSW1Y,United Kingdom,UK,UKI,UKI3,UKI34,Wandsworth,25.1625,0.341666666666667,0.566666666666667,1521.3525,-2.83833333333333,-4.27333333333332
UKSW4,United Kingdom,UK,UKI,UKI3,UKI34,Wandsworth,25.1625,0.341666666666667,0.566666666666667,1521.3525,-2.83833333333333,-4.27333333333332
UKSW8,United Kingdom,UK,UKI,UKI3,UKI34,Wandsworth,25.1625,0.341666666666667,0.566666666666667,1521.3525,-2.83833333333333,-4.27333333333332
UKSW95,United Kingdom,UK,UKI,UKI3,UKI34,Wandsworth,25.1625,0.341666666666667,0.566666666666667,1521.3525,-2.83833333333333,-4.27333333333332
UKCR4,United Kingdom,UK,UKI,UKI4,UKI45,Lambeth,23.235,0.33,0.541666666666667,1546.5975,-2.86166666666665,-4.31666666666667
UKSE1,United Kingdom,UK,UKI,UKI4,UKI45,Lambeth,23.235,0.33,0.541666666666667,1546.5975,-2.86166666666665,-4.31666666666667
UKSE11,United Kingdom,UK,UKI,UKI4,UKI45,Lambeth,23.235,0.33,0.541666666666667,1546.5975,-2.86166666666665,-4.31666666666667
UKSE19,United Kingdom,UK,UKI,UKI4,UKI45,Lambeth,23.235,0.33,0.541666666666667,1546.5975,-2.86166666666665,-4.31666666666667
UKSE21,United Kingdom,UK,UKI,UKI4,UKI45,Lambeth,23.235,0.33,0.541666666666667,1546.5975,-2.86166666666665,-4.31666666666667
UKSE24,United Kingdom,UK,UKI,UKI4,UKI45,Lambeth,23.235,0.33,0.541666666666667,1546.5975,-2.86166666666665,-4.31666666666667
UKSE27,United Kingdom,UK,UKI,UKI4,UKI45,Lambeth,23.235,0.33,0.541666666666667,1546.5975,-2.86166666666665,-4.31666666666667
UKSE5,United Kingdom,UK,UKI,UKI4,UKI45,Lambeth,23.235,0.33,0.541666666666667,1546.5975,-2.86166666666665,-4.31666666666667
UKSW12,United Kingdom,UK,UKI,UKI4,UKI45,Lambeth,23.235,0.33,0.541666666666667,1546.5975,-2.86166666666665,-4.31666666666667
UKSW16,United Kingdom,UK,UKI,UKI4,UKI45,Lambeth,23.235,0.33,0.541666666666667,1546.5975,-2.86166666666665,-4.31666666666667
UKSW2,United Kingdom,UK,UKI,UKI4,UKI45,Lambeth,23.235,0.33,0.541666666666667,1546.5975,-2.86166666666665,-4.31666666666667
UKSW3,United Kingdom,UK,UKI,UKI4,UKI45,Lambeth,23.235,0.33,0.541666666666667,1546.5975,-2.86166666666665,-4.31666666666667
UKSW4,United Kingdom,UK,UKI,UKI4,UKI45,Lambeth,23.235,0.33,0.541666666666667,1546.5975,-2.86166666666665,-4.31666666666667
UKSW8,United Kingdom,UK,UKI,UKI4,UKI45,Lambeth,23.235,0.33,0.541666666666667,1546.5975,-2.86166666666665,-4.31666666666667
UKSW9,United Kingdom,UK,UKI,UKI4,UKI45,Lambeth,23.235,0.33,0.541666666666667,1546.5975,-2.86166666666665,-4.31666666666667
UKSW95,United Kingdom,UK,UKI,UKI4,UKI45,Lambeth,23.235,0.33,0.541666666666667,1546.5975,-2.86166666666665,-4.31666666666667
UKCM13,United Kingdom,UK,UKI,UKI5,UKI52,Barking & Dagenham and Havering,21.83875,0.3225,0.513333333333333,1578.98,-2.92666666666665,-4.40249999999998
UKCM14,United Kingdom,UK,UKI,UKI5,UKI52,Barking & Dagenham and Havering,21.83875,0.3225,0.513333333333333,1578.98,-2.92666666666665,-4.40249999999998
UKIG11,United Kingdom,UK,UKI,UKI5,UKI52,Barking & Dagenham and Havering,21.83875,0.3225,0.513333333333333,1578.98,-2.92666666666665,-4.40249999999998
UKRM1,United Kingdom,UK,UKI,UKI5,UKI52,Barking & Dagenham and Havering,21.83875,0.3225,0.513333333333333,1578.98,-2.92666666666665,-4.40249999999998
UKRM10,United Kingdom,UK,UKI,UKI5,UKI52,Barking & Dagenham and Havering,21.83875,0.3225,0.513333333333333,1578.98,-2.92666666666665,-4.40249999999998
UKRM11,United Kingdom,UK,UKI,UKI5,UKI52,Barking & Dagenham and Havering,21.83875,0.3225,0.513333333333333,1578.98,-2.92666666666665,-4.40249999999998
UKRM12,United Kingdom,UK,UKI,UKI5,UKI52,Barking & Dagenham and Havering,21.83875,0.3225,0.513333333333333,1578.98,-2.92666666666665,-4.40249999999998
UKRM13,United Kingdom,UK,UKI,UKI5,UKI52,Barking & Dagenham and Havering,21.83875,0.3225,0.513333333333333,1578.98,-2.92666666666665,-4.40249999999998
UKRM14,United Kingdom,UK,UKI,UKI5,UKI52,Barking & Dagenham and Havering,21.83875,0.3225,0.513333333333333,1578.98,-2.92666666666665,-4.40249999999998
UKRM15,United Kingdom,UK,UKI,UKI5,UKI52,Barking & Dagenham and Havering,21.83875,0.3225,0.513333333333333,1578.98,-2.92666666666665,-4.40249999999998
UKRM2,United Kingdom,UK,UKI,UKI5,UKI52,Barking & Dagenham and Havering,21.83875,0.3225,0.513333333333333,1578.98,-2.92666666666665,-4.40249999999998
UKRM3,United Kingdom,UK,UKI,UKI5,UKI52,Barking & Dagenham and Havering,21.83875,0.3225,0.513333333333333,1578.98,-2.92666666666665,-4.40249999999998
UKRM4,United Kingdom,UK,UKI,UKI5,UKI52,Barking & Dagenham and Havering,21.83875,0.3225,0.513333333333333,1578.98,-2.92666666666665,-4.40249999999998
UKRM5,United Kingdom,UK,UKI,UKI5,UKI52,Barking & Dagenham and Havering,21.83875,0.3225,0.513333333333333,1578.98,-2.92666666666665,-4.40249999999998
UKRM6,United Kingdom,UK,UKI,UKI5,UKI52,Barking & Dagenham and Havering,21.83875,0.3225,0.513333333333333,1578.98,-2.92666666666665,-4.40249999999998
UKRM7,United Kingdom,UK,UKI,UKI5,UKI52,Barking & Dagenham and Havering,21.83875,0.3225,0.513333333333333,1578.98,-2.92666666666665,-4.40249999999998
UKRM8,United Kingdom,UK,UKI,UKI5,UKI52,Barking & Dagenham and Havering,21.83875,0.3225,0.513333333333333,1578.98,-2.92666666666665,-4.40249999999998
UKRM9,United Kingdom,UK,UKI,UKI5,UKI52,Barking & Dagenham and Havering,21.83875,0.3225,0.513333333333333,1578.98,-2.92666666666665,-4.40249999999998
UKGU10,United Kingdom,UK,UKJ,UKJ3,UKJ37,North Hampshire,15.9622727273,0.263333333333333,0.452424242425,1650.42431818085,-2.78803030303332,-4.23090909091665
UKGU11,United Kingdom,UK,UKJ,UKJ3,UKJ37,North Hampshire,15.9622727273,0.263333333333333,0.452424242425,1650.42431818085,-2.78803030303332,-4.23090909091665
UKGU12,United Kingdom,UK,UKJ,UKJ3,UKJ37,North Hampshire,15.9622727273,0.263333333333333,0.452424242425,1650.42431818085,-2.78803030303332,-4.23090909091665
UKGU14,United Kingdom,UK,UKJ,UKJ3,UKJ37,North Hampshire,15.9622727273,0.263333333333333,0.452424242425,1650.42431818085,-2.78803030303332,-4.23090909091665
UKGU16,United Kingdom,UK,UKJ,UKJ3,UKJ37,North Hampshire,15.9622727273,0.263333333333333,0.452424242425,1650.42431818085,-2.78803030303332,-4.23090909091665
UKGU17,United Kingdom,UK,UKJ,UKJ3,UKJ37,North Hampshire,15.9622727273,0.263333333333333,0.452424242425,1650.42431818085,-2.78803030303332,-4.23090909091665
UKGU34,United Kingdom,UK,UKJ,UKJ3,UKJ37,North Hampshire,15.9622727273,0.263333333333333,0.452424242425,1650.42431818085,-2.78803030303332,-4.23090909091665
UKGU46,United Kingdom,UK,UKJ,UKJ3,UKJ37,North Hampshire,15.9622727273,0.263333333333333,0.452424242425,1650.42431818085,-2.78803030303332,-4.23090909091665
UKGU51,United Kingdom,UK,UKJ,UKJ3,UKJ37,North Hampshire,15.9622727273,0.263333333333333,0.452424242425,1650.42431818085,-2.78803030303332,-4.23090909091665
UKGU52,United Kingdom,UK,UKJ,UKJ3,UKJ37,North Hampshire,15.9622727273,0.263333333333333,0.452424242425,1650.42431818085,-2.78803030303332,-4.23090909091665
UKRG19,United Kingdom,UK,UKJ,UKJ3,UKJ37,North Hampshire,15.9622727273,0.263333333333333,0.452424242425,1650.42431818085,-2.78803030303332,-4.23090909091665
UKRG20,United Kingdom,UK,UKJ,UKJ3,UKJ37,North Hampshire,15.9622727273,0.263333333333333,0.452424242425,1650.42431818085,-2.78803030303332,-4.23090909091665
UKRG21,United Kingdom,UK,UKJ,UKJ3,UKJ37,North Hampshire,15.9622727273,0.263333333333333,0.452424242425,1650.42431818085,-2.78803030303332,-4.23090909091665
UKRG22,United Kingdom,UK,UKJ,UKJ3,UKJ37,North Hampshire,15.9622727273,0.263333333333333,0.452424242425,1650.42431818085,-2.78803030303332,-4.23090909091665
UKRG23,United Kingdom,UK,UKJ,UKJ3,UKJ37,North Hampshire,15.9622727273,0.263333333333333,0.452424242425,1650.42431818085,-2.78803030303332,-4.23090909091665
UKRG24,United Kingdom,UK,UKJ,UKJ3,UKJ37,North Hampshire,15.9622727273,0.263333333333333,0.452424242425,1650.42431818085,-2.78803030303332,-4.23090909091665
UKRG25,United Kingdom,UK,UKJ,UKJ3,UKJ37,North Hampshire,15.9622727273,0.263333333333333,0.452424242425,1650.42431818085,-2.78803030303332,-4.23090909091665
UKRG26,United Kingdom,UK,UKJ,UKJ3,UKJ37,North Hampshire,15.9622727273,0.263333333333333,0.452424242425,1650.42431818085,-2.78803030303332,-4.23090909091665
UKRG27,United Kingdom,UK,UKJ,UKJ3,UKJ37,North Hampshire,15.9622727273,0.263333333333333,0.452424242425,1650.42431818085,-2.78803030303332,-4.23090909091665
UKRG28,United Kingdom,UK,UKJ,UKJ3,UKJ37,North Hampshire,15.9622727273,0.263333333333333,0.452424242425,1650.42431818085,-2.78803030303332,-4.23090909091665
UKRG29,United Kingdom,UK,UKJ,UKJ3,UKJ37,North Hampshire,15.9622727273,0.263333333333333,0.452424242425,1650.42431818085,-2.78803030303332,-4.23090909091665
UKRG7,United Kingdom,UK,UKJ,UKJ3,UKJ37,North Hampshire,15.9622727273,0.263333333333333,0.452424242425,1650.42431818085,-2.78803030303332,-4.23090909091665
UKSO21,United Kingdom,UK,UKJ,UKJ3,UKJ37,North Hampshire,15.9622727273,0.263333333333333,0.452424242425,1650.42431818085,-2.78803030303332,-4.23090909091665
UKSO24,United Kingdom,UK,UKJ,UKJ3,UKJ37,North Hampshire,15.9622727273,0.263333333333333,0.452424242425,1650.42431818085,-2.78803030303332,-4.23090909091665
UKSP11,United Kingdom,UK,UKJ,UKJ3,UKJ37,North Hampshire,15.9622727273,0.263333333333333,0.452424242425,1650.42431818085,-2.78803030303332,-4.23090909091665
UKME1,United Kingdom,UK,UKJ,UKJ4,UKJ41,Medway,19.5125,0.308333333333333,0.478333333333332,1574.20499999999,-2.94333333333332,-4.43666666666665
UKME2,United Kingdom,UK,UKJ,UKJ4,UKJ41,Medway,19.5125,0.308333333333333,0.478333333333332,1574.20499999999,-2.94333333333332,-4.43666666666665
UKME3,United Kingdom,UK,UKJ,UKJ4,UKJ41,Medway,19.5125,0.308333333333333,0.478333333333332,1574.20499999999,-2.94333333333332,-4.43666666666665
UKME4,United Kingdom,UK,UKJ,UKJ4,UKJ41,Medway,19.5125,0.308333333333333,0.478333333333332,1574.20499999999,-2.94333333333332,-4.43666666666665
UKME5,United Kingdom,UK,UKJ,UKJ4,UKJ41,Medway,19.5125,0.308333333333333,0.478333333333332,1574.20499999999,-2.94333333333332,-4.43666666666665
UKME7,United Kingdom,UK,UKJ,UKJ4,UKJ41,Medway,19.5125,0.308333333333333,0.478333333333332,1574.20499999999,-2.94333333333332,-4.43666666666665
UKME8,United Kingdom,UK,UKJ,UKJ4,UKJ41,Medway,19.5125,0.308333333333333,0.478333333333332,1574.20499999999,-2.94333333333332,-4.43666666666665
UKME9,United Kingdom,UK,UKJ,UKJ4,UKJ41,Medway,19.5125,0.308333333333333,0.478333333333332,1574.20499999999,-2.94333333333332,-4.43666666666665
UKBA1,United Kingdom,UK,UKK,UKK1,UKK12,"Bath and North East Somerset, North Somerset and South Gloucestershire",8.09589285714475,0.165357142857167,0.330952380951667,1566.09250000147,-2.76595238095,-4.24964285715
UKBA15,United Kingdom,UK,UKK,UKK1,UKK12,"Bath and North East Somerset, North Somerset and South Gloucestershire",8.09589285714475,0.165357142857167,0.330952380951667,1566.09250000147,-2.76595238095,-4.24964285715
UKBA2,United Kingdom,UK,UKK,UKK1,UKK12,"Bath and North East Somerset, North Somerset and South Gloucestershire",8.09589285714475,0.165357142857167,0.330952380951667,1566.09250000147,-2.76595238095,-4.24964285715
UKBA3,United Kingdom,UK,UKK,UKK1,UKK12,"Bath and North East Somerset, North Somerset and South Gloucestershire",8.09589285714475,0.165357142857167,0.330952380951667,1566.09250000147,-2.76595238095,-4.24964285715
UKBS0,United Kingdom,UK,UKK,UKK1,UKK12,"Bath and North East Somerset, North Somerset and South Gloucestershire",8.09589285714475,0.165357142857167,0.330952380951667,1566.09250000147,-2.76595238095,-4.24964285715
UKBS10,United Kingdom,UK,UKK,UKK1,UKK12,"Bath and North East Somerset, North Somerset and South Gloucestershire",8.09589285714475,0.165357142857167,0.330952380951667,1566.09250000147,-2.76595238095,-4.24964285715
UKBS13,United Kingdom,UK,UKK,UKK1,UKK12,"Bath and North East Somerset, North Somerset and South Gloucestershire",8.09589285714475,0.165357142857167,0.330952380951667,1566.09250000147,-2.76595238095,-4.24964285715
UKBS14,United Kingdom,UK,UKK,UKK1,UKK12,"Bath and North East Somerset, North Somerset and South Gloucestershire",8.09589285714475,0.165357142857167,0.330952380951667,1566.09250000147,-2.76595238095,-4.24964285715
UKBS15,United Kingdom,UK,UKK,UKK1,UKK12,"Bath and North East Somerset, North Somerset and South Gloucestershire",8.09589285714475,0.165357142857167,0.330952380951667,1566.09250000147,-2.76595238095,-4.24964285715
UKBS16,United Kingdom,UK,UKK,UKK1,UKK12,"Bath and North East Somerset, North Somerset and South Gloucestershire",8.09589285714475,0.165357142857167,0.330952380951667,1566.09250000147,-2.76595238095,-4.24964285715
UKBS20,United Kingdom,UK,UKK,UKK1,UKK12,"Bath and North East Somerset, North Somerset and South Gloucestershire",8.09589285714475,0.165357142857167,0.330952380951667,1566.09250000147,-2.76595238095,-4.24964285715
UKBS21,United Kingdom,UK,UKK,UKK1,UKK12,"Bath and North East Somerset, North Somerset and South Gloucestershire",8.09589285714475,0.165357142857167,0.330952380951667,1566.09250000147,-2.76595238095,-4.24964285715
UKBS22,United Kingdom,UK,UKK,UKK1,UKK12,"Bath and North East Somerset, North Somerset and South Gloucestershire",8.09589285714475,0.165357142857167,0.330952380951667,1566.09250000147,-2.76595238095,-4.24964285715
UKBS23,United Kingdom,UK,UKK,UKK1,UKK12,"Bath and North East Somerset, North Somerset and South Gloucestershire",8.09589285714475,0.165357142857167,0.330952380951667,1566.09250000147,-2.76595238095,-4.24964285715
UKBS24,United Kingdom,UK,UKK,UKK1,UKK12,"Bath and North East Somerset, North Somerset and South Gloucestershire",8.09589285714475,0.165357142857167,0.330952380951667,1566.09250000147,-2.76595238095,-4.24964285715
UKBS25,United Kingdom,UK,UKK,UKK1,UKK12,"Bath and North East Somerset, North Somerset and South Gloucestershire",8.09589285714475,0.165357142857167,0.330952380951667,1566.09250000147,-2.76595238095,-4.24964285715
UKBS26,United Kingdom,UK,UKK,UKK1,UKK12,"Bath and North East Somerset, North Somerset and South Gloucestershire",8.09589285714475,0.165357142857167,0.330952380951667,1566.09250000147,-2.76595238095,-4.24964285715
UKBS29,United Kingdom,UK,UKK,UKK1,UKK12,"Bath and North East Somerset, North Somerset and South Gloucestershire",8.09589285714475,0.165357142857167,0.330952380951667,1566.09250000147,-2.76595238095,-4.24964285715
UKBS3,United Kingdom,UK,UKK,UKK1,UKK12,"Bath and North East Somerset, North Somerset and South Gloucestershire",8.09589285714475,0.165357142857167,0.330952380951667,1566.09250000147,-2.76595238095,-4.24964285715
UKBS30,United Kingdom,UK,UKK,UKK1,UKK12,"Bath and North East Somerset, North Somerset and South Gloucestershire",8.09589285714475,0.165357142857167,0.330952380951667,1566.09250000147,-2.76595238095,-4.24964285715
UKBS31,United Kingdom,UK,UKK,UKK1,UKK12,"Bath and North East Somerset, North Somerset and South Gloucestershire",8.09589285714475,0.165357142857167,0.330952380951667,1566.09250000147,-2.76595238095,-4.24964285715
UKBS32,United Kingdom,UK,UKK,UKK1,UKK12,"Bath and North East Somerset, North Somerset and South Gloucestershire",8.09589285714475,0.165357142857167,0.330952380951667,1566.09250000147,-2.76595238095,-4.24964285715
UKBS34,United Kingdom,UK,UKK,UKK1,UKK12,"Bath and North East Somerset, North Somerset and South Gloucestershire",8.09589285714475,0.165357142857167,0.330952380951667,1566.09250000147,-2.76595238095,-4.24964285715
UKBS35,United Kingdom,UK,UKK,UKK1,UKK12,"Bath and North East Somerset, North Somerset and South Gloucestershire",8.09589285714475,0.165357142857167,0.330952380951667,1566.09250000147,-2.76595238095,-4.24964285715
UKBS36,United Kingdom,UK,UKK,UKK1,UKK12,"Bath and North East Somerset, North Somerset and South Gloucestershire",8.09589285714475,0.165357142857167,0.330952380951667,1566.09250000147,-2.76595238095,-4.24964285715
UKBS37,United Kingdom,UK,UKK,UKK1,UKK12,"Bath and North East Somerset, North Somerset and South Gloucestershire",8.09589285714475,0.165357142857167,0.330952380951667,1566.09250000147,-2.76595238095,-4.24964285715
UKBS39,United Kingdom,UK,UKK,UKK1,UKK12,"Bath and North East Somerset, North Somerset and South Gloucestershire",8.09589285714475,0.165357142857167,0.330952380951667,1566.09250000147,-2.76595238095,-4.24964285715
UKBS40,United Kingdom,UK,UKK,UKK1,UKK12,"Bath and North East Somerset, North Somerset and South Gloucestershire",8.09589285714475,0.165357142857167,0.330952380951667,1566.09250000147,-2.76595238095,-4.24964285715
UKBS41,United Kingdom,UK,UKK,UKK1,UKK12,"Bath and North East Somerset, North Somerset and South Gloucestershire",8.09589285714475,0.165357142857167,0.330952380951667,1566.09250000147,-2.76595238095,-4.24964285715
UKBS48,United Kingdom,UK,UKK,UKK1,UKK12,"Bath and North East Somerset, North Somerset and South Gloucestershire",8.09589285714475,0.165357142857167,0.330952380951667,1566.09250000147,-2.76595238095,-4.24964285715
UKBS49,United Kingdom,UK,UKK,UKK1,UKK12,"Bath and North East Somerset, North Somerset and South Gloucestershire",8.09589285714475,0.165357142857167,0.330952380951667,1566.09250000147,-2.76595238095,-4.24964285715
UKBS7,United Kingdom,UK,UKK,UKK1,UKK12,"Bath and North East Somerset, North Somerset and South Gloucestershire",8.09589285714475,0.165357142857167,0.330952380951667,1566.09250000147,-2.76595238095,-4.24964285715
UKBS8,United Kingdom,UK,UKK,UKK1,UKK12,"Bath and North East Somerset, North Somerset and South Gloucestershire",8.09589285714475,0.165357142857167,0.330952380951667,1566.09250000147,-2.76595238095,-4.24964285715
UKGL12,United Kingdom,UK,UKK,UKK1,UKK12,"Bath and North East Somerset, North Somerset and South Gloucestershire",8.09589285714475,0.165357142857167,0.330952380951667,1566.09250000147,-2.76595238095,-4.24964285715
UKGL13,United Kingdom,UK,UKK,UKK1,UKK12,"Bath and North East Somerset, North Somerset and South Gloucestershire",8.09589285714475,0.165357142857167,0.330952380951667,1566.09250000147,-2.76595238095,-4.24964285715
UKGL9,United Kingdom,UK,UKK,UKK1,UKK12,"Bath and North East Somerset, North Somerset and South Gloucestershire",8.09589285714475,0.165357142857167,0.330952380951667,1566.09250000147,-2.76595238095,-4.24964285715
UKSN14,United Kingdom,UK,UKK,UKK1,UKK12,"Bath and North East Somerset, North Somerset and South Gloucestershire",8.09589285714475,0.165357142857167,0.330952380951667,1566.09250000147,-2.76595238095,-4.24964285715
UKHA1,United Kingdom,UK,UKI,UKI7,UKI74,Harrow and Hillingdon,25.89,0.353333333333332,0.591666666666667,1535.67833333678,-2.84555555554998,-4.27666666666667
UKHA2,United Kingdom,UK,UKI,UKI7,UKI74,Harrow and Hillingdon,25.89,0.353333333333332,0.591666666666667,1535.67833333678,-2.84555555554998,-4.27666666666667
UKHA3,United Kingdom,UK,UKI,UKI7,UKI74,Harrow and Hillingdon,25.89,0.353333333333332,0.591666666666667,1535.67833333678,-2.84555555554998,-4.27666666666667
UKHA4,United Kingdom,UK,UKI,UKI7,UKI74,Harrow and Hillingdon,25.89,0.353333333333332,0.591666666666667,1535.67833333678,-2.84555555554998,-4.27666666666667
UKHA5,United Kingdom,UK,UKI,UKI7,UKI74,Harrow and Hillingdon,25.89,0.353333333333332,0.591666666666667,1535.67833333678,-2.84555555554998,-4.27666666666667
UKHA6,United Kingdom,UK,UKI,UKI7,UKI74,Harrow and Hillingdon,25.89,0.353333333333332,0.591666666666667,1535.67833333678,-2.84555555554998,-4.27666666666667
UKHA7,United Kingdom,UK,UKI,UKI7,UKI74,Harrow and Hillingdon,25.89,0.353333333333332,0.591666666666667,1535.67833333678,-2.84555555554998,-4.27666666666667
UKHA8,United Kingdom,UK,UKI,UKI7,UKI74,Harrow and Hillingdon,25.89,0.353333333333332,0.591666666666667,1535.67833333678,-2.84555555554998,-4.27666666666667
UKNW9,United Kingdom,UK,UKI,UKI7,UKI74,Harrow and Hillingdon,25.89,0.353333333333332,0.591666666666667,1535.67833333678,-2.84555555554998,-4.27666666666667
UKTW14,United Kingdom,UK,UKI,UKI7,UKI74,Harrow and Hillingdon,25.89,0.353333333333332,0.591666666666667,1535.67833333678,-2.84555555554998,-4.27666666666667
UKTW19,United Kingdom,UK,UKI,UKI7,UKI74,Harrow and Hillingdon,25.89,0.353333333333332,0.591666666666667,1535.67833333678,-2.84555555554998,-4.27666666666667
UKTW5,United Kingdom,UK,UKI,UKI7,UKI74,Harrow and Hillingdon,25.89,0.353333333333332,0.591666666666667,1535.67833333678,-2.84555555554998,-4.27666666666667
UKTW6,United Kingdom,UK,UKI,UKI7,UKI74,Harrow and Hillingdon,25.89,0.353333333333332,0.591666666666667,1535.67833333678,-2.84555555554998,-4.27666666666667
UKUB1,United Kingdom,UK,UKI,UKI7,UKI74,Harrow and Hillingdon,25.89,0.353333333333332,0.591666666666667,1535.67833333678,-2.84555555554998,-4.27666666666667
UKUB10,United Kingdom,UK,UKI,UKI7,UKI74,Harrow and Hillingdon,25.89,0.353333333333332,0.591666666666667,1535.67833333678,-2.84555555554998,-4.27666666666667
UKUB11,United Kingdom,UK,UKI,UKI7,UKI74,Harrow and Hillingdon,25.89,0.353333333333332,0.591666666666667,1535.67833333678,-2.84555555554998,-4.27666666666667
UKUB2,United Kingdom,UK,UKI,UKI7,UKI74,Harrow and Hillingdon,25.89,0.353333333333332,0.591666666666667,1535.67833333678,-2.84555555554998,-4.27666666666667
UKUB3,United Kingdom,UK,UKI,UKI7,UKI74,Harrow and Hillingdon,25.89,0.353333333333332,0.591666666666667,1535.67833333678,-2.84555555554998,-4.27666666666667
UKUB4,United Kingdom,UK,UKI,UKI7,UKI74,Harrow and Hillingdon,25.89,0.353333333333332,0.591666666666667,1535.67833333678,-2.84555555554998,-4.27666666666667
UKUB5,United Kingdom,UK,UKI,UKI7,UKI74,Harrow and Hillingdon,25.89,0.353333333333332,0.591666666666667,1535.67833333678,-2.84555555554998,-4.27666666666667
UKUB6,United Kingdom,UK,UKI,UKI7,UKI74,Harrow and Hillingdon,25.89,0.353333333333332,0.591666666666667,1535.67833333678,-2.84555555554998,-4.27666666666667
UKUB7,United Kingdom,UK,UKI,UKI7,UKI74,Harrow and Hillingdon,25.89,0.353333333333332,0.591666666666667,1535.67833333678,-2.84555555554998,-4.27666666666667
UKUB8,United Kingdom,UK,UKI,UKI7,UKI74,Harrow and Hillingdon,25.89,0.353333333333332,0.591666666666667,1535.67833333678,-2.84555555554998,-4.27666666666667
UKUB9,United Kingdom,UK,UKI,UKI7,UKI74,Harrow and Hillingdon,25.89,0.353333333333332,0.591666666666667,1535.67833333678,-2.84555555554998,-4.27666666666667
UKWD23,United Kingdom,UK,UKI,UKI7,UKI74,Harrow and Hillingdon,25.89,0.353333333333332,0.591666666666667,1535.67833333678,-2.84555555554998,-4.27666666666667
UKWD3,United Kingdom,UK,UKI,UKI7,UKI74,Harrow and Hillingdon,25.89,0.353333333333332,0.591666666666667,1535.67833333678,-2.84555555554998,-4.27666666666667
UKCB6,United Kingdom,UK,UKH,UKH1,UKH16,North and West Norfolk,11.5159166666525,0.203722222221665,0.336222222221667,1612.97383333678,-3.12322222221665,-4.66705555554998
UKIP26,United Kingdom,UK,UKH,UKH1,UKH16,North and West Norfolk,11.5159166666525,0.203722222221665,0.336222222221667,1612.97383333678,-3.12322222221665,-4.66705555554998
UKIP27,United Kingdom,UK,UKH,UKH1,UKH16,North and West Norfolk,11.5159166666525,0.203722222221665,0.336222222221667,1612.97383333678,-3.12322222221665,-4.66705555554998
UKNR10,United Kingdom,UK,UKH,UKH1,UKH16,North and West Norfolk,11.5159166666525,0.203722222221665,0.336222222221667,1612.97383333678,-3.12322222221665,-4.66705555554998
UKNR11,United Kingdom,UK,UKH,UKH1,UKH16,North and West Norfolk,11.5159166666525,0.203722222221665,0.336222222221667,1612.97383333678,-3.12322222221665,-4.66705555554998
UKNR12,United Kingdom,UK,UKH,UKH1,UKH16,North and West Norfolk,11.5159166666525,0.203722222221665,0.336222222221667,1612.97383333678,-3.12322222221665,-4.66705555554998
UKNR20,United Kingdom,UK,UKH,UKH1,UKH16,North and West Norfolk,11.5159166666525,0.203722222221665,0.336222222221667,1612.97383333678,-3.12322222221665,-4.66705555554998
UKNR21,United Kingdom,UK,UKH,UKH1,UKH16,North and West Norfolk,11.5159166666525,0.203722222221665,0.336222222221667,1612.97383333678,-3.12322222221665,-4.66705555554998
UKNR22,United Kingdom,UK,UKH,UKH1,UKH16,North and West Norfolk,11.5159166666525,0.203722222221665,0.336222222221667,1612.97383333678,-3.12322222221665,-4.66705555554998
UKNR23,United Kingdom,UK,UKH,UKH1,UKH16,North and West Norfolk,11.5159166666525,0.203722222221665,0.336222222221667,1612.97383333678,-3.12322222221665,-4.66705555554998
UKNR24,United Kingdom,UK,UKH,UKH1,UKH16,North and West Norfolk,11.5159166666525,0.203722222221665,0.336222222221667,1612.97383333678,-3.12322222221665,-4.66705555554998
UKNR25,United Kingdom,UK,UKH,UKH1,UKH16,North and West Norfolk,11.5159166666525,0.203722222221665,0.336222222221667,1612.97383333678,-3.12322222221665,-4.66705555554998
UKNR26,United Kingdom,UK,UKH,UKH1,UKH16,North and West Norfolk,11.5159166666525,0.203722222221665,0.336222222221667,1612.97383333678,-3.12322222221665,-4.66705555554998
UKNR27,United Kingdom,UK,UKH,UKH1,UKH16,North and West Norfolk,11.5159166666525,0.203722222221665,0.336222222221667,1612.97383333678,-3.12322222221665,-4.66705555554998
UKNR28,United Kingdom,UK,UKH,UKH1,UKH16,North and West Norfolk,11.5159166666525,0.203722222221665,0.336222222221667,1612.97383333678,-3.12322222221665,-4.66705555554998
UKNR29,United Kingdom,UK,UKH,UKH1,UKH16,North and West Norfolk,11.5159166666525,0.203722222221665,0.336222222221667,1612.97383333678,-3.12322222221665,-4.66705555554998
UKPE13,United Kingdom,UK,UKH,UKH1,UKH16,North and West Norfolk,11.5159166666525,0.203722222221665,0.336222222221667,1612.97383333678,-3.12322222221665,-4.66705555554998
UKPE14,United Kingdom,UK,UKH,UKH1,UKH16,North and West Norfolk,11.5159166666525,0.203722222221665,0.336222222221667,1612.97383333678,-3.12322222221665,-4.66705555554998
UKPE30,United Kingdom,UK,UKH,UKH1,UKH16,North and West Norfolk,11.5159166666525,0.203722222221665,0.336222222221667,1612.97383333678,-3.12322222221665,-4.66705555554998
UKPE31,United Kingdom,UK,UKH,UKH1,UKH16,North and West Norfolk,11.5159166666525,0.203722222221665,0.336222222221667,1612.97383333678,-3.12322222221665,-4.66705555554998
UKPE32,United Kingdom,UK,UKH,UKH1,UKH16,North and West Norfolk,11.5159166666525,0.203722222221665,0.336222222221667,1612.97383333678,-3.12322222221665,-4.66705555554998
UKPE33,United Kingdom,UK,UKH,UKH1,UKH16,North and West Norfolk,11.5159166666525,0.203722222221665,0.336222222221667,1612.97383333678,-3.12322222221665,-4.66705555554998
UKPE34,United Kingdom,UK,UKH,UKH1,UKH16,North and West Norfolk,11.5159166666525,0.203722222221665,0.336222222221667,1612.97383333678,-3.12322222221665,-4.66705555554998
UKPE35,United Kingdom,UK,UKH,UKH1,UKH16,North and West Norfolk,11.5159166666525,0.203722222221665,0.336222222221667,1612.97383333678,-3.12322222221665,-4.66705555554998
UKPE36,United Kingdom,UK,UKH,UKH1,UKH16,North and West Norfolk,11.5159166666525,0.203722222221665,0.336222222221667,1612.97383333678,-3.12322222221665,-4.66705555554998
UKPE38,United Kingdom,UK,UKH,UKH1,UKH16,North and West Norfolk,11.5159166666525,0.203722222221665,0.336222222221667,1612.97383333678,-3.12322222221665,-4.66705555554998
UKBN1,United Kingdom,UK,UKJ,UKJ2,UKJ21,Brighton and Hove,10.80291666667,0.210833333333333,0.377152777778333,1515.19687499678,-2.90763888888333,-4.41909722221665
UKBN2,United Kingdom,UK,UKJ,UKJ2,UKJ21,Brighton and Hove,10.80291666667,0.210833333333333,0.377152777778333,1515.19687499678,-2.90763888888333,-4.41909722221665
UKBN3,United Kingdom,UK,UKJ,UKJ2,UKJ21,Brighton and Hove,10.80291666667,0.210833333333333,0.377152777778333,1515.19687499678,-2.90763888888333,-4.41909722221665
UKBN41,United Kingdom,UK,UKJ,UKJ2,UKJ21,Brighton and Hove,10.80291666667,0.210833333333333,0.377152777778333,1515.19687499678,-2.90763888888333,-4.41909722221665
UKBN42,United Kingdom,UK,UKJ,UKJ2,UKJ21,Brighton and Hove,10.80291666667,0.210833333333333,0.377152777778333,1515.19687499678,-2.90763888888333,-4.41909722221665
UKBN50,United Kingdom,UK,UKJ,UKJ2,UKJ21,Brighton and Hove,10.80291666667,0.210833333333333,0.377152777778333,1515.19687499678,-2.90763888888333,-4.41909722221665
UKBN51,United Kingdom,UK,UKJ,UKJ2,UKJ21,Brighton and Hove,10.80291666667,0.210833333333333,0.377152777778333,1515.19687499678,-2.90763888888333,-4.41909722221665
UKBN52,United Kingdom,UK,UKJ,UKJ2,UKJ21,Brighton and Hove,10.80291666667,0.210833333333333,0.377152777778333,1515.19687499678,-2.90763888888333,-4.41909722221665
UKBN88,United Kingdom,UK,UKJ,UKJ2,UKJ21,Brighton and Hove,10.80291666667,0.210833333333333,0.377152777778333,1515.19687499678,-2.90763888888333,-4.41909722221665
UKG44,United Kingdom,UK,UKM,UKM8,UKM83,"Inverclyde, East Renfrewshire and Renfrewshire",0.493333333333,0.0133333333333333,0.0374074074073333,1795.55444444323,-2.99777777778333,-4.2925925926
UKG46,United Kingdom,UK,UKM,UKM8,UKM83,"Inverclyde, East Renfrewshire and Renfrewshire",0.493333333333,0.0133333333333333,0.0374074074073333,1795.55444444323,-2.99777777778333,-4.2925925926
UKG51,United Kingdom,UK,UKM,UKM8,UKM83,"Inverclyde, East Renfrewshire and Renfrewshire",0.493333333333,0.0133333333333333,0.0374074074073333,1795.55444444323,-2.99777777778333,-4.2925925926
UKG52,United Kingdom,UK,UKM,UKM8,UKM83,"Inverclyde, East Renfrewshire and Renfrewshire",0.493333333333,0.0133333333333333,0.0374074074073333,1795.55444444323,-2.99777777778333,-4.2925925926
UKG53,United Kingdom,UK,UKM,UKM8,UKM83,"Inverclyde, East Renfrewshire and Renfrewshire",0.493333333333,0.0133333333333333,0.0374074074073333,1795.55444444323,-2.99777777778333,-4.2925925926
UKG76,United Kingdom,UK,UKM,UKM8,UKM83,"Inverclyde, East Renfrewshire and Renfrewshire",0.493333333333,0.0133333333333333,0.0374074074073333,1795.55444444323,-2.99777777778333,-4.2925925926
UKG77,United Kingdom,UK,UKM,UKM8,UKM83,"Inverclyde, East Renfrewshire and Renfrewshire",0.493333333333,0.0133333333333333,0.0374074074073333,1795.55444444323,-2.99777777778333,-4.2925925926
UKG78,United Kingdom,UK,UKM,UKM8,UKM83,"Inverclyde, East Renfrewshire and Renfrewshire",0.493333333333,0.0133333333333333,0.0374074074073333,1795.55444444323,-2.99777777778333,-4.2925925926
UKPA1,United Kingdom,UK,UKM,UKM8,UKM83,"Inverclyde, East Renfrewshire and Renfrewshire",0.493333333333,0.0133333333333333,0.0374074074073333,1795.55444444323,-2.99777777778333,-4.2925925926
UKPA10,United Kingdom,UK,UKM,UKM8,UKM83,"Inverclyde, East Renfrewshire and Renfrewshire",0.493333333333,0.0133333333333333,0.0374074074073333,1795.55444444323,-2.99777777778333,-4.2925925926
UKPA11,United Kingdom,UK,UKM,UKM8,UKM83,"Inverclyde, East Renfrewshire and Renfrewshire",0.493333333333,0.0133333333333333,0.0374074074073333,1795.55444444323,-2.99777777778333,-4.2925925926
UKPA12,United Kingdom,UK,UKM,UKM8,UKM83,"Inverclyde, East Renfrewshire and Renfrewshire",0.493333333333,0.0133333333333333,0.0374074074073333,1795.55444444323,-2.99777777778333,-4.2925925926
UKPA13,United Kingdom,UK,UKM,UKM8,UKM83,"Inverclyde, East Renfrewshire and Renfrewshire",0.493333333333,0.0133333333333333,0.0374074074073333,1795.55444444323,-2.99777777778333,-4.2925925926
UKPA14,United Kingdom,UK,UKM,UKM8,UKM83,"Inverclyde, East Renfrewshire and Renfrewshire",0.493333333333,0.0133333333333333,0.0374074074073333,1795.55444444323,-2.99777777778333,-4.2925925926
UKPA15,United Kingdom,UK,UKM,UKM8,UKM83,"Inverclyde, East Renfrewshire and Renfrewshire",0.493333333333,0.0133333333333333,0.0374074074073333,1795.55444444323,-2.99777777778333,-4.2925925926
UKPA16,United Kingdom,UK,UKM,UKM8,UKM83,"Inverclyde, East Renfrewshire and Renfrewshire",0.493333333333,0.0133333333333333,0.0374074074073333,1795.55444444323,-2.99777777778333,-4.2925925926
UKPA18,United Kingdom,UK,UKM,UKM8,UKM83,"Inverclyde, East Renfrewshire and Renfrewshire",0.493333333333,0.0133333333333333,0.0374074074073333,1795.55444444323,-2.99777777778333,-4.2925925926
UKPA19,United Kingdom,UK,UKM,UKM8,UKM83,"Inverclyde, East Renfrewshire and Renfrewshire",0.493333333333,0.0133333333333333,0.0374074074073333,1795.55444444323,-2.99777777778333,-4.2925925926
UKPA2,United Kingdom,UK,UKM,UKM8,UKM83,"Inverclyde, East Renfrewshire and Renfrewshire",0.493333333333,0.0133333333333333,0.0374074074073333,1795.55444444323,-2.99777777778333,-4.2925925926
UKPA3,United Kingdom,UK,UKM,UKM8,UKM83,"Inverclyde, East Renfrewshire and Renfrewshire",0.493333333333,0.0133333333333333,0.0374074074073333,1795.55444444323,-2.99777777778333,-4.2925925926
UKPA4,United Kingdom,UK,UKM,UKM8,UKM83,"Inverclyde, East Renfrewshire and Renfrewshire",0.493333333333,0.0133333333333333,0.0374074074073333,1795.55444444323,-2.99777777778333,-4.2925925926
UKPA5,United Kingdom,UK,UKM,UKM8,UKM83,"Inverclyde, East Renfrewshire and Renfrewshire",0.493333333333,0.0133333333333333,0.0374074074073333,1795.55444444323,-2.99777777778333,-4.2925925926
UKPA6,United Kingdom,UK,UKM,UKM8,UKM83,"Inverclyde, East Renfrewshire and Renfrewshire",0.493333333333,0.0133333333333333,0.0374074074073333,1795.55444444323,-2.99777777778333,-4.2925925926
UKPA7,United Kingdom,UK,UKM,UKM8,UKM83,"Inverclyde, East Renfrewshire and Renfrewshire",0.493333333333,0.0133333333333333,0.0374074074073333,1795.55444444323,-2.99777777778333,-4.2925925926
UKPA8,United Kingdom,UK,UKM,UKM8,UKM83,"Inverclyde, East Renfrewshire and Renfrewshire",0.493333333333,0.0133333333333333,0.0374074074073333,1795.55444444323,-2.99777777778333,-4.2925925926
UKPA9,United Kingdom,UK,UKM,UKM8,UKM83,"Inverclyde, East Renfrewshire and Renfrewshire",0.493333333333,0.0133333333333333,0.0374074074073333,1795.55444444323,-2.99777777778333,-4.2925925926
UKFK20,United Kingdom,UK,UKM,UKM6,UKM63,"Lochaber, Skye & Lochalsh, Arran & Cumbrae and Argyll & Bute",0.069921874999925,0.00217013888888333,0.00662326388888333,1893.10768229178,-3.12092013888333,-4.46024305554998
UKG83,United Kingdom,UK,UKM,UKM6,UKM63,"Lochaber, Skye & Lochalsh, Arran & Cumbrae and Argyll & Bute",0.069921874999925,0.00217013888888333,0.00662326388888333,1893.10768229178,-3.12092013888333,-4.46024305554998
UKIV4,United Kingdom,UK,UKM,UKM6,UKM63,"Lochaber, Skye & Lochalsh, Arran & Cumbrae and Argyll & Bute",0.069921874999925,0.00217013888888333,0.00662326388888333,1893.10768229178,-3.12092013888333,-4.46024305554998
UKIV40,United Kingdom,UK,UKM,UKM6,UKM63,"Lochaber, Skye & Lochalsh, Arran & Cumbrae and Argyll & Bute",0.069921874999925,0.00217013888888333,0.00662326388888333,1893.10768229178,-3.12092013888333,-4.46024305554998
UKIV41,United Kingdom,UK,UKM,UKM6,UKM63,"Lochaber, Skye & Lochalsh, Arran & Cumbrae and Argyll & Bute",0.069921874999925,0.00217013888888333,0.00662326388888333,1893.10768229178,-3.12092013888333,-4.46024305554998
UKIV42,United Kingdom,UK,UKM,UKM6,UKM63,"Lochaber, Skye & Lochalsh, Arran & Cumbrae and Argyll & Bute",0.069921874999925,0.00217013888888333,0.00662326388888333,1893.10768229178,-3.12092013888333,-4.46024305554998
UKIV43,United Kingdom,UK,UKM,UKM6,UKM63,"Lochaber, Skye & Lochalsh, Arran & Cumbrae and Argyll & Bute",0.069921874999925,0.00217013888888333,0.00662326388888333,1893.10768229178,-3.12092013888333,-4.46024305554998
UKIV44,United Kingdom,UK,UKM,UKM6,UKM63,"Lochaber, Skye & Lochalsh, Arran & Cumbrae and Argyll & Bute",0.069921874999925,0.00217013888888333,0.00662326388888333,1893.10768229178,-3.12092013888333,-4.46024305554998
UKIV45,United Kingdom,UK,UKM,UKM6,UKM63,"Lochaber, Skye & Lochalsh, Arran & Cumbrae and Argyll & Bute",0.069921874999925,0.00217013888888333,0.00662326388888333,1893.10768229178,-3.12092013888333,-4.46024305554998
UKIV46,United Kingdom,UK,UKM,UKM6,UKM63,"Lochaber, Skye & Lochalsh, Arran & Cumbrae and Argyll & Bute",0.069921874999925,0.00217013888888333,0.00662326388888333,1893.10768229178,-3.12092013888333,-4.46024305554998
UKIV47,United Kingdom,UK,UKM,UKM6,UKM63,"Lochaber, Skye & Lochalsh, Arran & Cumbrae and Argyll & Bute",0.069921874999925,0.00217013888888333,0.00662326388888333,1893.10768229178,-3.12092013888333,-4.46024305554998
UKIV48,United Kingdom,UK,UKM,UKM6,UKM63,"Lochaber, Skye & Lochalsh, Arran & Cumbrae and Argyll & Bute",0.069921874999925,0.00217013888888333,0.00662326388888333,1893.10768229178,-3.12092013888333,-4.46024305554998
UKIV49,United Kingdom,UK,UKM,UKM6,UKM63,"Lochaber, Skye & Lochalsh, Arran & Cumbrae and Argyll & Bute",0.069921874999925,0.00217013888888333,0.00662326388888333,1893.10768229178,-3.12092013888333,-4.46024305554998
UKIV51,United Kingdom,UK,UKM,UKM6,UKM63,"Lochaber, Skye & Lochalsh, Arran & Cumbrae and Argyll & Bute",0.069921874999925,0.00217013888888333,0.00662326388888333,1893.10768229178,-3.12092013888333,-4.46024305554998
UKIV52,United Kingdom,UK,UKM,UKM6,UKM63,"Lochaber, Skye & Lochalsh, Arran & Cumbrae and Argyll & Bute",0.069921874999925,0.00217013888888333,0.00662326388888333,1893.10768229178,-3.12092013888333,-4.46024305554998
UKIV53,United Kingdom,UK,UKM,UKM6,UKM63,"Lochaber, Skye & Lochalsh, Arran & Cumbrae and Argyll & Bute",0.069921874999925,0.00217013888888333,0.00662326388888333,1893.10768229178,-3.12092013888333,-4.46024305554998
UKIV55,United Kingdom,UK,UKM,UKM6,UKM63,"Lochaber, Skye & Lochalsh, Arran & Cumbrae and Argyll & Bute",0.069921874999925,0.00217013888888333,0.00662326388888333,1893.10768229178,-3.12092013888333,-4.46024305554998
UKIV56,United Kingdom,UK,UKM,UKM6,UKM63,"Lochaber, Skye & Lochalsh, Arran & Cumbrae and Argyll & Bute",0.069921874999925,0.00217013888888333,0.00662326388888333,1893.10768229178,-3.12092013888333,-4.46024305554998
UKIV63,United Kingdom,UK,UKM,UKM6,UKM63,"Lochaber, Skye & Lochalsh, Arran & Cumbrae and Argyll & Bute",0.069921874999925,0.00217013888888333,0.00662326388888333,1893.10768229178,-3.12092013888333,-4.46024305554998
UKKA27,United Kingdom,UK,UKM,UKM6,UKM63,"Lochaber, Skye & Lochalsh, Arran & Cumbrae and Argyll & Bute",0.069921874999925,0.00217013888888333,0.00662326388888333,1893.10768229178,-3.12092013888333,-4.46024305554998
UKKA28,United Kingdom,UK,UKM,UKM6,UKM63,"Lochaber, Skye & Lochalsh, Arran & Cumbrae and Argyll & Bute",0.069921874999925,0.00217013888888333,0.00662326388888333,1893.10768229178,-3.12092013888333,-4.46024305554998
UKPA20,United Kingdom,UK,UKM,UKM6,UKM63,"Lochaber, Skye & Lochalsh, Arran & Cumbrae and Argyll & Bute",0.069921874999925,0.00217013888888333,0.00662326388888333,1893.10768229178,-3.12092013888333,-4.46024305554998
UKPA21,United Kingdom,UK,UKM,UKM6,UKM63,"Lochaber, Skye & Lochalsh, Arran & Cumbrae and Argyll & Bute",0.069921874999925,0.00217013888888333,0.00662326388888333,1893.10768229178,-3.12092013888333,-4.46024305554998
UKPA22,United Kingdom,UK,UKM,UKM6,UKM63,"Lochaber, Skye & Lochalsh, Arran & Cumbrae and Argyll & Bute",0.069921874999925,0.00217013888888333,0.00662326388888333,1893.10768229178,-3.12092013888333,-4.46024305554998
UKPA23,United Kingdom,UK,UKM,UKM6,UKM63,"Lochaber, Skye & Lochalsh, Arran & Cumbrae and Argyll & Bute",0.069921874999925,0.00217013888888333,0.00662326388888333,1893.10768229178,-3.12092013888333,-4.46024305554998
UKPA24,United Kingdom,UK,UKM,UKM6,UKM63,"Lochaber, Skye & Lochalsh, Arran & Cumbrae and Argyll & Bute",0.069921874999925,0.00217013888888333,0.00662326388888333,1893.10768229178,-3.12092013888333,-4.46024305554998
UKPA25,United Kingdom,UK,UKM,UKM6,UKM63,"Lochaber, Skye & Lochalsh, Arran & Cumbrae and Argyll & Bute",0.069921874999925,0.00217013888888333,0.00662326388888333,1893.10768229178,-3.12092013888333,-4.46024305554998
UKPA26,United Kingdom,UK,UKM,UKM6,UKM63,"Lochaber, Skye & Lochalsh, Arran & Cumbrae and Argyll & Bute",0.069921874999925,0.00217013888888333,0.00662326388888333,1893.10768229178,-3.12092013888333,-4.46024305554998
UKPA27,United Kingdom,UK,UKM,UKM6,UKM63,"Lochaber, Skye & Lochalsh, Arran & Cumbrae and Argyll & Bute",0.069921874999925,0.00217013888888333,0.00662326388888333,1893.10768229178,-3.12092013888333,-4.46024305554998
UKPA28,United Kingdom,UK,UKM,UKM6,UKM63,"Lochaber, Skye & Lochalsh, Arran & Cumbrae and Argyll & Bute",0.069921874999925,0.00217013888888333,0.00662326388888333,1893.10768229178,-3.12092013888333,-4.46024305554998
UKPA29,United Kingdom,UK,UKM,UKM6,UKM63,"Lochaber, Skye & Lochalsh, Arran & Cumbrae and Argyll & Bute",0.069921874999925,0.00217013888888333,0.00662326388888333,1893.10768229178,-3.12092013888333,-4.46024305554998
UKPA30,United Kingdom,UK,UKM,UKM6,UKM63,"Lochaber, Skye & Lochalsh, Arran & Cumbrae and Argyll & Bute",0.069921874999925,0.00217013888888333,0.00662326388888333,1893.10768229178,-3.12092013888333,-4.46024305554998
UKPA31,United Kingdom,UK,UKM,UKM6,UKM63,"Lochaber, Skye & Lochalsh, Arran & Cumbrae and Argyll & Bute",0.069921874999925,0.00217013888888333,0.00662326388888333,1893.10768229178,-3.12092013888333,-4.46024305554998
UKPA32,United Kingdom,UK,UKM,UKM6,UKM63,"Lochaber, Skye & Lochalsh, Arran & Cumbrae and Argyll & Bute",0.069921874999925,0.00217013888888333,0.00662326388888333,1893.10768229178,-3.12092013888333,-4.46024305554998
UKPA33,United Kingdom,UK,UKM,UKM6,UKM63,"Lochaber, Skye & Lochalsh, Arran & Cumbrae and Argyll & Bute",0.069921874999925,0.00217013888888333,0.00662326388888333,1893.10768229178,-3.12092013888333,-4.46024305554998
UKPA34,United Kingdom,UK,UKM,UKM6,UKM63,"Lochaber, Skye & Lochalsh, Arran & Cumbrae and Argyll & Bute",0.069921874999925,0.00217013888888333,0.00662326388888333,1893.10768229178,-3.12092013888333,-4.46024305554998
UKPA35,United Kingdom,UK,UKM,UKM6,UKM63,"Lochaber, Skye & Lochalsh, Arran & Cumbrae and Argyll & Bute",0.069921874999925,0.00217013888888333,0.00662326388888333,1893.10768229178,-3.12092013888333,-4.46024305554998
UKPA36,United Kingdom,UK,UKM,UKM6,UKM63,"Lochaber, Skye & Lochalsh, Arran & Cumbrae and Argyll & Bute",0.069921874999925,0.00217013888888333,0.00662326388888333,1893.10768229178,-3.12092013888333,-4.46024305554998
UKPA37,United Kingdom,UK,UKM,UKM6,UKM63,"Lochaber, Skye & Lochalsh, Arran & Cumbrae and Argyll & Bute",0.069921874999925,0.00217013888888333,0.00662326388888333,1893.10768229178,-3.12092013888333,-4.46024305554998
UKPA38,United Kingdom,UK,UKM,UKM6,UKM63,"Lochaber, Skye & Lochalsh, Arran & Cumbrae and Argyll & Bute",0.069921874999925,0.00217013888888333,0.00662326388888333,1893.10768229178,-3.12092013888333,-4.46024305554998
UKPA41,United Kingdom,UK,UKM,UKM6,UKM63,"Lochaber, Skye & Lochalsh, Arran & Cumbrae and Argyll & Bute",0.069921874999925,0.00217013888888333,0.00662326388888333,1893.10768229178,-3.12092013888333,-4.46024305554998
UKPA42,United Kingdom,UK,UKM,UKM6,UKM63,"Lochaber, Skye & Lochalsh, Arran & Cumbrae and Argyll & Bute",0.069921874999925,0.00217013888888333,0.00662326388888333,1893.10768229178,-3.12092013888333,-4.46024305554998
UKPA43,United Kingdom,UK,UKM,UKM6,UKM63,"Lochaber, Skye & Lochalsh, Arran & Cumbrae and Argyll & Bute",0.069921874999925,0.00217013888888333,0.00662326388888333,1893.10768229178,-3.12092013888333,-4.46024305554998
UKPA44,United Kingdom,UK,UKM,UKM6,UKM63,"Lochaber, Skye & Lochalsh, Arran & Cumbrae and Argyll & Bute",0.069921874999925,0.00217013888888333,0.00662326388888333,1893.10768229178,-3.12092013888333,-4.46024305554998
UKPA45,United Kingdom,UK,UKM,UKM6,UKM63,"Lochaber, Skye & Lochalsh, Arran & Cumbrae and Argyll & Bute",0.069921874999925,0.00217013888888333,0.00662326388888333,1893.10768229178,-3.12092013888333,-4.46024305554998
UKPA46,United Kingdom,UK,UKM,UKM6,UKM63,"Lochaber, Skye & Lochalsh, Arran & Cumbrae and Argyll & Bute",0.069921874999925,0.00217013888888333,0.00662326388888333,1893.10768229178,-3.12092013888333,-4.46024305554998
UKPA47,United Kingdom,UK,UKM,UKM6,UKM63,"Lochaber, Skye & Lochalsh, Arran & Cumbrae and Argyll & Bute",0.069921874999925,0.00217013888888333,0.00662326388888333,1893.10768229178,-3.12092013888333,-4.46024305554998
UKPA48,United Kingdom,UK,UKM,UKM6,UKM63,"Lochaber, Skye & Lochalsh, Arran & Cumbrae and Argyll & Bute",0.069921874999925,0.00217013888888333,0.00662326388888333,1893.10768229178,-3.12092013888333,-4.46024305554998
UKPA49,United Kingdom,UK,UKM,UKM6,UKM63,"Lochaber, Skye & Lochalsh, Arran & Cumbrae and Argyll & Bute",0.069921874999925,0.00217013888888333,0.00662326388888333,1893.10768229178,-3.12092013888333,-4.46024305554998
UKPA60,United Kingdom,UK,UKM,UKM6,UKM63,"Lochaber, Skye & Lochalsh, Arran & Cumbrae and Argyll & Bute",0.069921874999925,0.00217013888888333,0.00662326388888333,1893.10768229178,-3.12092013888333,-4.46024305554998
UKPA61,United Kingdom,UK,UKM,UKM6,UKM63,"Lochaber, Skye & Lochalsh, Arran & Cumbrae and Argyll & Bute",0.069921874999925,0.00217013888888333,0.00662326388888333,1893.10768229178,-3.12092013888333,-4.46024305554998
UKPA62,United Kingdom,UK,UKM,UKM6,UKM63,"Lochaber, Skye & Lochalsh, Arran & Cumbrae and Argyll & Bute",0.069921874999925,0.00217013888888333,0.00662326388888333,1893.10768229178,-3.12092013888333,-4.46024305554998
UKPA63,United Kingdom,UK,UKM,UKM6,UKM63,"Lochaber, Skye & Lochalsh, Arran & Cumbrae and Argyll & Bute",0.069921874999925,0.00217013888888333,0.00662326388888333,1893.10768229178,-3.12092013888333,-4.46024305554998
UKPA64,United Kingdom,UK,UKM,UKM6,UKM63,"Lochaber, Skye & Lochalsh, Arran & Cumbrae and Argyll & Bute",0.069921874999925,0.00217013888888333,0.00662326388888333,1893.10768229178,-3.12092013888333,-4.46024305554998
UKPA65,United Kingdom,UK,UKM,UKM6,UKM63,"Lochaber, Skye & Lochalsh, Arran & Cumbrae and Argyll & Bute",0.069921874999925,0.00217013888888333,0.00662326388888333,1893.10768229178,-3.12092013888333,-4.46024305554998
UKPA66,United Kingdom,UK,UKM,UKM6,UKM63,"Lochaber, Skye & Lochalsh, Arran & Cumbrae and Argyll & Bute",0.069921874999925,0.00217013888888333,0.00662326388888333,1893.10768229178,-3.12092013888333,-4.46024305554998
UKPA67,United Kingdom,UK,UKM,UKM6,UKM63,"Lochaber, Skye & Lochalsh, Arran & Cumbrae and Argyll & Bute",0.069921874999925,0.00217013888888333,0.00662326388888333,1893.10768229178,-3.12092013888333,-4.46024305554998
UKPA68,United Kingdom,UK,UKM,UKM6,UKM63,"Lochaber, Skye & Lochalsh, Arran & Cumbrae and Argyll & Bute",0.069921874999925,0.00217013888888333,0.00662326388888333,1893.10768229178,-3.12092013888333,-4.46024305554998
UKPA69,United Kingdom,UK,UKM,UKM6,UKM63,"Lochaber, Skye & Lochalsh, Arran & Cumbrae and Argyll & Bute",0.069921874999925,0.00217013888888333,0.00662326388888333,1893.10768229178,-3.12092013888333,-4.46024305554998
UKPA70,United Kingdom,UK,UKM,UKM6,UKM63,"Lochaber, Skye & Lochalsh, Arran & Cumbrae and Argyll & Bute",0.069921874999925,0.00217013888888333,0.00662326388888333,1893.10768229178,-3.12092013888333,-4.46024305554998
UKPA71,United Kingdom,UK,UKM,UKM6,UKM63,"Lochaber, Skye & Lochalsh, Arran & Cumbrae and Argyll & Bute",0.069921874999925,0.00217013888888333,0.00662326388888333,1893.10768229178,-3.12092013888333,-4.46024305554998
UKPA72,United Kingdom,UK,UKM,UKM6,UKM63,"Lochaber, Skye & Lochalsh, Arran & Cumbrae and Argyll & Bute",0.069921874999925,0.00217013888888333,0.00662326388888333,1893.10768229178,-3.12092013888333,-4.46024305554998
UKPA73,United Kingdom,UK,UKM,UKM6,UKM63,"Lochaber, Skye & Lochalsh, Arran & Cumbrae and Argyll & Bute",0.069921874999925,0.00217013888888333,0.00662326388888333,1893.10768229178,-3.12092013888333,-4.46024305554998
UKPA74,United Kingdom,UK,UKM,UKM6,UKM63,"Lochaber, Skye & Lochalsh, Arran & Cumbrae and Argyll & Bute",0.069921874999925,0.00217013888888333,0.00662326388888333,1893.10768229178,-3.12092013888333,-4.46024305554998
UKPA75,United Kingdom,UK,UKM,UKM6,UKM63,"Lochaber, Skye & Lochalsh, Arran & Cumbrae and Argyll & Bute",0.069921874999925,0.00217013888888333,0.00662326388888333,1893.10768229178,-3.12092013888333,-4.46024305554998
UKPA76,United Kingdom,UK,UKM,UKM6,UKM63,"Lochaber, Skye & Lochalsh, Arran & Cumbrae and Argyll & Bute",0.069921874999925,0.00217013888888333,0.00662326388888333,1893.10768229178,-3.12092013888333,-4.46024305554998
UKPA77,United Kingdom,UK,UKM,UKM6,UKM63,"Lochaber, Skye & Lochalsh, Arran & Cumbrae and Argyll & Bute",0.069921874999925,0.00217013888888333,0.00662326388888333,1893.10768229178,-3.12092013888333,-4.46024305554998
UKPA78,United Kingdom,UK,UKM,UKM6,UKM63,"Lochaber, Skye & Lochalsh, Arran & Cumbrae and Argyll & Bute",0.069921874999925,0.00217013888888333,0.00662326388888333,1893.10768229178,-3.12092013888333,-4.46024305554998
UKPA80,United Kingdom,UK,UKM,UKM6,UKM63,"Lochaber, Skye & Lochalsh, Arran & Cumbrae and Argyll & Bute",0.069921874999925,0.00217013888888333,0.00662326388888333,1893.10768229178,-3.12092013888333,-4.46024305554998
UKPH30,United Kingdom,UK,UKM,UKM6,UKM63,"Lochaber, Skye & Lochalsh, Arran & Cumbrae and Argyll & Bute",0.069921874999925,0.00217013888888333,0.00662326388888333,1893.10768229178,-3.12092013888333,-4.46024305554998
UKPH31,United Kingdom,UK,UKM,UKM6,UKM63,"Lochaber, Skye & Lochalsh, Arran & Cumbrae and Argyll & Bute",0.069921874999925,0.00217013888888333,0.00662326388888333,1893.10768229178,-3.12092013888333,-4.46024305554998
UKPH33,United Kingdom,UK,UKM,UKM6,UKM63,"Lochaber, Skye & Lochalsh, Arran & Cumbrae and Argyll & Bute",0.069921874999925,0.00217013888888333,0.00662326388888333,1893.10768229178,-3.12092013888333,-4.46024305554998
UKPH34,United Kingdom,UK,UKM,UKM6,UKM63,"Lochaber, Skye & Lochalsh, Arran & Cumbrae and Argyll & Bute",0.069921874999925,0.00217013888888333,0.00662326388888333,1893.10768229178,-3.12092013888333,-4.46024305554998
UKPH35,United Kingdom,UK,UKM,UKM6,UKM63,"Lochaber, Skye & Lochalsh, Arran & Cumbrae and Argyll & Bute",0.069921874999925,0.00217013888888333,0.00662326388888333,1893.10768229178,-3.12092013888333,-4.46024305554998
UKPH36,United Kingdom,UK,UKM,UKM6,UKM63,"Lochaber, Skye & Lochalsh, Arran & Cumbrae and Argyll & Bute",0.069921874999925,0.00217013888888333,0.00662326388888333,1893.10768229178,-3.12092013888333,-4.46024305554998
UKPH37,United Kingdom,UK,UKM,UKM6,UKM63,"Lochaber, Skye & Lochalsh, Arran & Cumbrae and Argyll & Bute",0.069921874999925,0.00217013888888333,0.00662326388888333,1893.10768229178,-3.12092013888333,-4.46024305554998
UKPH38,United Kingdom,UK,UKM,UKM6,UKM63,"Lochaber, Skye & Lochalsh, Arran & Cumbrae and Argyll & Bute",0.069921874999925,0.00217013888888333,0.00662326388888333,1893.10768229178,-3.12092013888333,-4.46024305554998
UKPH39,United Kingdom,UK,UKM,UKM6,UKM63,"Lochaber, Skye & Lochalsh, Arran & Cumbrae and Argyll & Bute",0.069921874999925,0.00217013888888333,0.00662326388888333,1893.10768229178,-3.12092013888333,-4.46024305554998
UKPH40,United Kingdom,UK,UKM,UKM6,UKM63,"Lochaber, Skye & Lochalsh, Arran & Cumbrae and Argyll & Bute",0.069921874999925,0.00217013888888333,0.00662326388888333,1893.10768229178,-3.12092013888333,-4.46024305554998
UKPH41,United Kingdom,UK,UKM,UKM6,UKM63,"Lochaber, Skye & Lochalsh, Arran & Cumbrae and Argyll & Bute",0.069921874999925,0.00217013888888333,0.00662326388888333,1893.10768229178,-3.12092013888333,-4.46024305554998
UKPH42,United Kingdom,UK,UKM,UKM6,UKM63,"Lochaber, Skye & Lochalsh, Arran & Cumbrae and Argyll & Bute",0.069921874999925,0.00217013888888333,0.00662326388888333,1893.10768229178,-3.12092013888333,-4.46024305554998
UKPH43,United Kingdom,UK,UKM,UKM6,UKM63,"Lochaber, Skye & Lochalsh, Arran & Cumbrae and Argyll & Bute",0.069921874999925,0.00217013888888333,0.00662326388888333,1893.10768229178,-3.12092013888333,-4.46024305554998
UKPH44,United Kingdom,UK,UKM,UKM6,UKM63,"Lochaber, Skye & Lochalsh, Arran & Cumbrae and Argyll & Bute",0.069921874999925,0.00217013888888333,0.00662326388888333,1893.10768229178,-3.12092013888333,-4.46024305554998
UKPH49,United Kingdom,UK,UKM,UKM6,UKM63,"Lochaber, Skye & Lochalsh, Arran & Cumbrae and Argyll & Bute",0.069921874999925,0.00217013888888333,0.00662326388888333,1893.10768229178,-3.12092013888333,-4.46024305554998
UKPH50,United Kingdom,UK,UKM,UKM6,UKM63,"Lochaber, Skye & Lochalsh, Arran & Cumbrae and Argyll & Bute",0.069921874999925,0.00217013888888333,0.00662326388888333,1893.10768229178,-3.12092013888333,-4.46024305554998
UKHS1,United Kingdom,UK,UKM,UKM6,UKM64,Na h-Eileanan Siar (Western Isles),0,0,0,1721.46989583322,-2.79256944445,-4.08729166666667
UKHS2,United Kingdom,UK,UKM,UKM6,UKM64,Na h-Eileanan Siar (Western Isles),0,0,0,1721.46989583322,-2.79256944445,-4.08729166666667
UKHS3,United Kingdom,UK,UKM,UKM6,UKM64,Na h-Eileanan Siar (Western Isles),0,0,0,1721.46989583322,-2.79256944445,-4.08729166666667
UKHS4,United Kingdom,UK,UKM,UKM6,UKM64,Na h-Eileanan Siar (Western Isles),0,0,0,1721.46989583322,-2.79256944445,-4.08729166666667
UKHS5,United Kingdom,UK,UKM,UKM6,UKM64,Na h-Eileanan Siar (Western Isles),0,0,0,1721.46989583322,-2.79256944445,-4.08729166666667
UKHS6,United Kingdom,UK,UKM,UKM6,UKM64,Na h-Eileanan Siar (Western Isles),0,0,0,1721.46989583322,-2.79256944445,-4.08729166666667
UKHS7,United Kingdom,UK,UKM,UKM6,UKM64,Na h-Eileanan Siar (Western Isles),0,0,0,1721.46989583322,-2.79256944445,-4.08729166666667
UKHS8,United Kingdom,UK,UKM,UKM6,UKM64,Na h-Eileanan Siar (Western Isles),0,0,0,1721.46989583322,-2.79256944445,-4.08729166666667
UKHS9,United Kingdom,UK,UKM,UKM6,UKM64,Na h-Eileanan Siar (Western Isles),0,0,0,1721.46989583322,-2.79256944445,-4.08729166666667
UKKW15,United Kingdom,UK,UKM,UKM6,UKM65,Orkney Islands,0,0,0,1785.1125,-3.625,-5.23333333333333
UKKW16,United Kingdom,UK,UKM,UKM6,UKM65,Orkney Islands,0,0,0,1785.1125,-3.625,-5.23333333333333
UKKW17,United Kingdom,UK,UKM,UKM6,UKM65,Orkney Islands,0,0,0,1785.1125,-3.625,-5.23333333333333
UKAB10,United Kingdom,UK,UKM,UKM5,UKM50,Aberdeen City and Aberdeenshire,0.085672043010775,0.000698924731183333,0.0119892473118333,1994.94000000118,-3.83483870968333,-5.46238351255
UKAB11,United Kingdom,UK,UKM,UKM5,UKM50,Aberdeen City and Aberdeenshire,0.085672043010775,0.000698924731183333,0.0119892473118333,1994.94000000118,-3.83483870968333,-5.46238351255
UKAB12,United Kingdom,UK,UKM,UKM5,UKM50,Aberdeen City and Aberdeenshire,0.085672043010775,0.000698924731183333,0.0119892473118333,1994.94000000118,-3.83483870968333,-5.46238351255
UKAB13,United Kingdom,UK,UKM,UKM5,UKM50,Aberdeen City and Aberdeenshire,0.085672043010775,0.000698924731183333,0.0119892473118333,1994.94000000118,-3.83483870968333,-5.46238351255
UKAB14,United Kingdom,UK,UKM,UKM5,UKM50,Aberdeen City and Aberdeenshire,0.085672043010775,0.000698924731183333,0.0119892473118333,1994.94000000118,-3.83483870968333,-5.46238351255
UKAB15,United Kingdom,UK,UKM,UKM5,UKM50,Aberdeen City and Aberdeenshire,0.085672043010775,0.000698924731183333,0.0119892473118333,1994.94000000118,-3.83483870968333,-5.46238351255
UKAB16,United Kingdom,UK,UKM,UKM5,UKM50,Aberdeen City and Aberdeenshire,0.085672043010775,0.000698924731183333,0.0119892473118333,1994.94000000118,-3.83483870968333,-5.46238351255
UKAB21,United Kingdom,UK,UKM,UKM5,UKM50,Aberdeen City and Aberdeenshire,0.085672043010775,0.000698924731183333,0.0119892473118333,1994.94000000118,-3.83483870968333,-5.46238351255
UKAB22,United Kingdom,UK,UKM,UKM5,UKM50,Aberdeen City and Aberdeenshire,0.085672043010775,0.000698924731183333,0.0119892473118333,1994.94000000118,-3.83483870968333,-5.46238351255
UKAB23,United Kingdom,UK,UKM,UKM5,UKM50,Aberdeen City and Aberdeenshire,0.085672043010775,0.000698924731183333,0.0119892473118333,1994.94000000118,-3.83483870968333,-5.46238351255
UKAB24,United Kingdom,UK,UKM,UKM5,UKM50,Aberdeen City and Aberdeenshire,0.085672043010775,0.000698924731183333,0.0119892473118333,1994.94000000118,-3.83483870968333,-5.46238351255
UKAB25,United Kingdom,UK,UKM,UKM5,UKM50,Aberdeen City and Aberdeenshire,0.085672043010775,0.000698924731183333,0.0119892473118333,1994.94000000118,-3.83483870968333,-5.46238351255
UKAB30,United Kingdom,UK,UKM,UKM5,UKM50,Aberdeen City and Aberdeenshire,0.085672043010775,0.000698924731183333,0.0119892473118333,1994.94000000118,-3.83483870968333,-5.46238351255
UKAB31,United Kingdom,UK,UKM,UKM5,UKM50,Aberdeen City and Aberdeenshire,0.085672043010775,0.000698924731183333,0.0119892473118333,1994.94000000118,-3.83483870968333,-5.46238351255
UKAB32,United Kingdom,UK,UKM,UKM5,UKM50,Aberdeen City and Aberdeenshire,0.085672043010775,0.000698924731183333,0.0119892473118333,1994.94000000118,-3.83483870968333,-5.46238351255
UKAB33,United Kingdom,UK,UKM,UKM5,UKM50,Aberdeen City and Aberdeenshire,0.085672043010775,0.000698924731183333,0.0119892473118333,1994.94000000118,-3.83483870968333,-5.46238351255
UKAB34,United Kingdom,UK,UKM,UKM5,UKM50,Aberdeen City and Aberdeenshire,0.085672043010775,0.000698924731183333,0.0119892473118333,1994.94000000118,-3.83483870968333,-5.46238351255
UKAB35,United Kingdom,UK,UKM,UKM5,UKM50,Aberdeen City and Aberdeenshire,0.085672043010775,0.000698924731183333,0.0119892473118333,1994.94000000118,-3.83483870968333,-5.46238351255
UKAB36,United Kingdom,UK,UKM,UKM5,UKM50,Aberdeen City and Aberdeenshire,0.085672043010775,0.000698924731183333,0.0119892473118333,1994.94000000118,-3.83483870968333,-5.46238351255
UKAB39,United Kingdom,UK,UKM,UKM5,UKM50,Aberdeen City and Aberdeenshire,0.085672043010775,0.000698924731183333,0.0119892473118333,1994.94000000118,-3.83483870968333,-5.46238351255
UKAB41,United Kingdom,UK,UKM,UKM5,UKM50,Aberdeen City and Aberdeenshire,0.085672043010775,0.000698924731183333,0.0119892473118333,1994.94000000118,-3.83483870968333,-5.46238351255
UKAB42,United Kingdom,UK,UKM,UKM5,UKM50,Aberdeen City and Aberdeenshire,0.085672043010775,0.000698924731183333,0.0119892473118333,1994.94000000118,-3.83483870968333,-5.46238351255
UKAB43,United Kingdom,UK,UKM,UKM5,UKM50,Aberdeen City and Aberdeenshire,0.085672043010775,0.000698924731183333,0.0119892473118333,1994.94000000118,-3.83483870968333,-5.46238351255
UKAB44,United Kingdom,UK,UKM,UKM5,UKM50,Aberdeen City and Aberdeenshire,0.085672043010775,0.000698924731183333,0.0119892473118333,1994.94000000118,-3.83483870968333,-5.46238351255
UKAB45,United Kingdom,UK,UKM,UKM5,UKM50,Aberdeen City and Aberdeenshire,0.085672043010775,0.000698924731183333,0.0119892473118333,1994.94000000118,-3.83483870968333,-5.46238351255
UKAB51,United Kingdom,UK,UKM,UKM5,UKM50,Aberdeen City and Aberdeenshire,0.085672043010775,0.000698924731183333,0.0119892473118333,1994.94000000118,-3.83483870968333,-5.46238351255
UKAB52,United Kingdom,UK,UKM,UKM5,UKM50,Aberdeen City and Aberdeenshire,0.085672043010775,0.000698924731183333,0.0119892473118333,1994.94000000118,-3.83483870968333,-5.46238351255
UKAB53,United Kingdom,UK,UKM,UKM5,UKM50,Aberdeen City and Aberdeenshire,0.085672043010775,0.000698924731183333,0.0119892473118333,1994.94000000118,-3.83483870968333,-5.46238351255
UKAB54,United Kingdom,UK,UKM,UKM5,UKM50,Aberdeen City and Aberdeenshire,0.085672043010775,0.000698924731183333,0.0119892473118333,1994.94000000118,-3.83483870968333,-5.46238351255
UKAB55,United Kingdom,UK,UKM,UKM5,UKM50,Aberdeen City and Aberdeenshire,0.085672043010775,0.000698924731183333,0.0119892473118333,1994.94000000118,-3.83483870968333,-5.46238351255
UKAB56,United Kingdom,UK,UKM,UKM5,UKM50,Aberdeen City and Aberdeenshire,0.085672043010775,0.000698924731183333,0.0119892473118333,1994.94000000118,-3.83483870968333,-5.46238351255
UKAB99,United Kingdom,UK,UKM,UKM5,UKM50,Aberdeen City and Aberdeenshire,0.085672043010775,0.000698924731183333,0.0119892473118333,1994.94000000118,-3.83483870968333,-5.46238351255
UKDD10,United Kingdom,UK,UKM,UKM5,UKM50,Aberdeen City and Aberdeenshire,0.085672043010775,0.000698924731183333,0.0119892473118333,1994.94000000118,-3.83483870968333,-5.46238351255
UKDD9,United Kingdom,UK,UKM,UKM5,UKM50,Aberdeen City and Aberdeenshire,0.085672043010775,0.000698924731183333,0.0119892473118333,1994.94000000118,-3.83483870968333,-5.46238351255
UKCF31,United Kingdom,UK,UKL,UKL1,UKL17,Bridgend and Neath Port Talbot,1.61027777777875,0.0461111111111667,0.121851851851833,1590.64166666676,-2.63888888888333,-4.06148148148333
UKCF32,United Kingdom,UK,UKL,UKL1,UKL17,Bridgend and Neath Port Talbot,1.61027777777875,0.0461111111111667,0.121851851851833,1590.64166666676,-2.63888888888333,-4.06148148148333
UKCF33,United Kingdom,UK,UKL,UKL1,UKL17,Bridgend and Neath Port Talbot,1.61027777777875,0.0461111111111667,0.121851851851833,1590.64166666676,-2.63888888888333,-4.06148148148333
UKCF34,United Kingdom,UK,UKL,UKL1,UKL17,Bridgend and Neath Port Talbot,1.61027777777875,0.0461111111111667,0.121851851851833,1590.64166666676,-2.63888888888333,-4.06148148148333
UKCF35,United Kingdom,UK,UKL,UKL1,UKL17,Bridgend and Neath Port Talbot,1.61027777777875,0.0461111111111667,0.121851851851833,1590.64166666676,-2.63888888888333,-4.06148148148333
UKCF36,United Kingdom,UK,UKL,UKL1,UKL17,Bridgend and Neath Port Talbot,1.61027777777875,0.0461111111111667,0.121851851851833,1590.64166666676,-2.63888888888333,-4.06148148148333
UKCF39,United Kingdom,UK,UKL,UKL1,UKL17,Bridgend and Neath Port Talbot,1.61027777777875,0.0461111111111667,0.121851851851833,1590.64166666676,-2.63888888888333,-4.06148148148333
UKCF44,United Kingdom,UK,UKL,UKL1,UKL17,Bridgend and Neath Port Talbot,1.61027777777875,0.0461111111111667,0.121851851851833,1590.64166666676,-2.63888888888333,-4.06148148148333
UKCF72,United Kingdom,UK,UKL,UKL1,UKL17,Bridgend and Neath Port Talbot,1.61027777777875,0.0461111111111667,0.121851851851833,1590.64166666676,-2.63888888888333,-4.06148148148333
UKSA1,United Kingdom,UK,UKL,UKL1,UKL17,Bridgend and Neath Port Talbot,1.61027777777875,0.0461111111111667,0.121851851851833,1590.64166666676,-2.63888888888333,-4.06148148148333
UKSA10,United Kingdom,UK,UKL,UKL1,UKL17,Bridgend and Neath Port Talbot,1.61027777777875,0.0461111111111667,0.121851851851833,1590.64166666676,-2.63888888888333,-4.06148148148333
UKSA11,United Kingdom,UK,UKL,UKL1,UKL17,Bridgend and Neath Port Talbot,1.61027777777875,0.0461111111111667,0.121851851851833,1590.64166666676,-2.63888888888333,-4.06148148148333
UKSA12,United Kingdom,UK,UKL,UKL1,UKL17,Bridgend and Neath Port Talbot,1.61027777777875,0.0461111111111667,0.121851851851833,1590.64166666676,-2.63888888888333,-4.06148148148333
UKSA13,United Kingdom,UK,UKL,UKL1,UKL17,Bridgend and Neath Port Talbot,1.61027777777875,0.0461111111111667,0.121851851851833,1590.64166666676,-2.63888888888333,-4.06148148148333
UKSA18,United Kingdom,UK,UKL,UKL1,UKL17,Bridgend and Neath Port Talbot,1.61027777777875,0.0461111111111667,0.121851851851833,1590.64166666676,-2.63888888888333,-4.06148148148333
UKSA7,United Kingdom,UK,UKL,UKL1,UKL17,Bridgend and Neath Port Talbot,1.61027777777875,0.0461111111111667,0.121851851851833,1590.64166666676,-2.63888888888333,-4.06148148148333
UKSA8,United Kingdom,UK,UKL,UKL1,UKL17,Bridgend and Neath Port Talbot,1.61027777777875,0.0461111111111667,0.121851851851833,1590.64166666676,-2.63888888888333,-4.06148148148333
UKSA9,United Kingdom,UK,UKL,UKL1,UKL17,Bridgend and Neath Port Talbot,1.61027777777875,0.0461111111111667,0.121851851851833,1590.64166666676,-2.63888888888333,-4.06148148148333
UKDG8,United Kingdom,UK,UKM,UKM9,UKM94,South Ayrshire,0.205147058823625,0.00539215686275,0.0210784313725,1836.33000000055,-3.08352941176667,-4.45392156863333
UKKA1,United Kingdom,UK,UKM,UKM9,UKM94,South Ayrshire,0.205147058823625,0.00539215686275,0.0210784313725,1836.33000000055,-3.08352941176667,-4.45392156863333
UKKA10,United Kingdom,UK,UKM,UKM9,UKM94,South Ayrshire,0.205147058823625,0.00539215686275,0.0210784313725,1836.33000000055,-3.08352941176667,-4.45392156863333
UKKA19,United Kingdom,UK,UKM,UKM9,UKM94,South Ayrshire,0.205147058823625,0.00539215686275,0.0210784313725,1836.33000000055,-3.08352941176667,-4.45392156863333
UKKA2,United Kingdom,UK,UKM,UKM9,UKM94,South Ayrshire,0.205147058823625,0.00539215686275,0.0210784313725,1836.33000000055,-3.08352941176667,-4.45392156863333
UKKA26,United Kingdom,UK,UKM,UKM9,UKM94,South Ayrshire,0.205147058823625,0.00539215686275,0.0210784313725,1836.33000000055,-3.08352941176667,-4.45392156863333
UKKA5,United Kingdom,UK,UKM,UKM9,UKM94,South Ayrshire,0.205147058823625,0.00539215686275,0.0210784313725,1836.33000000055,-3.08352941176667,-4.45392156863333
UKKA6,United Kingdom,UK,UKM,UKM9,UKM94,South Ayrshire,0.205147058823625,0.00539215686275,0.0210784313725,1836.33000000055,-3.08352941176667,-4.45392156863333
UKKA7,United Kingdom,UK,UKM,UKM9,UKM94,South Ayrshire,0.205147058823625,0.00539215686275,0.0210784313725,1836.33000000055,-3.08352941176667,-4.45392156863333
UKKA8,United Kingdom,UK,UKM,UKM9,UKM94,South Ayrshire,0.205147058823625,0.00539215686275,0.0210784313725,1836.33000000055,-3.08352941176667,-4.45392156863333
UKKA9,United Kingdom,UK,UKM,UKM9,UKM94,South Ayrshire,0.205147058823625,0.00539215686275,0.0210784313725,1836.33000000055,-3.08352941176667,-4.45392156863333
UKM15,United Kingdom,UK,UKD,UKD3,UKD34,Greater Manchester South West,4.02666666667,0.08,0.176111111111667,1616.43083333323,-2.97277777778333,-4.39333333333333
UKM16,United Kingdom,UK,UKD,UKD3,UKD34,Greater Manchester South West,4.02666666667,0.08,0.176111111111667,1616.43083333323,-2.97277777778333,-4.39333333333333
UKM17,United Kingdom,UK,UKD,UKD3,UKD34,Greater Manchester South West,4.02666666667,0.08,0.176111111111667,1616.43083333323,-2.97277777778333,-4.39333333333333
UKM21,United Kingdom,UK,UKD,UKD3,UKD34,Greater Manchester South West,4.02666666667,0.08,0.176111111111667,1616.43083333323,-2.97277777778333,-4.39333333333333
UKM23,United Kingdom,UK,UKD,UKD3,UKD34,Greater Manchester South West,4.02666666667,0.08,0.176111111111667,1616.43083333323,-2.97277777778333,-4.39333333333333
UKM27,United Kingdom,UK,UKD,UKD3,UKD34,Greater Manchester South West,4.02666666667,0.08,0.176111111111667,1616.43083333323,-2.97277777778333,-4.39333333333333
UKM28,United Kingdom,UK,UKD,UKD3,UKD34,Greater Manchester South West,4.02666666667,0.08,0.176111111111667,1616.43083333323,-2.97277777778333,-4.39333333333333
UKM29,United Kingdom,UK,UKD,UKD3,UKD34,Greater Manchester South West,4.02666666667,0.08,0.176111111111667,1616.43083333323,-2.97277777778333,-4.39333333333333
UKM3,United Kingdom,UK,UKD,UKD3,UKD34,Greater Manchester South West,4.02666666667,0.08,0.176111111111667,1616.43083333323,-2.97277777778333,-4.39333333333333
UKM30,United Kingdom,UK,UKD,UKD3,UKD34,Greater Manchester South West,4.02666666667,0.08,0.176111111111667,1616.43083333323,-2.97277777778333,-4.39333333333333
UKM31,United Kingdom,UK,UKD,UKD3,UKD34,Greater Manchester South West,4.02666666667,0.08,0.176111111111667,1616.43083333323,-2.97277777778333,-4.39333333333333
UKM32,United Kingdom,UK,UKD,UKD3,UKD34,Greater Manchester South West,4.02666666667,0.08,0.176111111111667,1616.43083333323,-2.97277777778333,-4.39333333333333
UKM33,United Kingdom,UK,UKD,UKD3,UKD34,Greater Manchester South West,4.02666666667,0.08,0.176111111111667,1616.43083333323,-2.97277777778333,-4.39333333333333
UKM38,United Kingdom,UK,UKD,UKD3,UKD34,Greater Manchester South West,4.02666666667,0.08,0.176111111111667,1616.43083333323,-2.97277777778333,-4.39333333333333
UKM41,United Kingdom,UK,UKD,UKD3,UKD34,Greater Manchester South West,4.02666666667,0.08,0.176111111111667,1616.43083333323,-2.97277777778333,-4.39333333333333
UKM44,United Kingdom,UK,UKD,UKD3,UKD34,Greater Manchester South West,4.02666666667,0.08,0.176111111111667,1616.43083333323,-2.97277777778333,-4.39333333333333
UKM5,United Kingdom,UK,UKD,UKD3,UKD34,Greater Manchester South West,4.02666666667,0.08,0.176111111111667,1616.43083333323,-2.97277777778333,-4.39333333333333
UKM50,United Kingdom,UK,UKD,UKD3,UKD34,Greater Manchester South West,4.02666666667,0.08,0.176111111111667,1616.43083333323,-2.97277777778333,-4.39333333333333
UKM6,United Kingdom,UK,UKD,UKD3,UKD34,Greater Manchester South West,4.02666666667,0.08,0.176111111111667,1616.43083333323,-2.97277777778333,-4.39333333333333
UKM60,United Kingdom,UK,UKD,UKD3,UKD34,Greater Manchester South West,4.02666666667,0.08,0.176111111111667,1616.43083333323,-2.97277777778333,-4.39333333333333
UKM7,United Kingdom,UK,UKD,UKD3,UKD34,Greater Manchester South West,4.02666666667,0.08,0.176111111111667,1616.43083333323,-2.97277777778333,-4.39333333333333
UKM8,United Kingdom,UK,UKD,UKD3,UKD34,Greater Manchester South West,4.02666666667,0.08,0.176111111111667,1616.43083333323,-2.97277777778333,-4.39333333333333
UKWA13,United Kingdom,UK,UKD,UKD3,UKD34,Greater Manchester South West,4.02666666667,0.08,0.176111111111667,1616.43083333323,-2.97277777778333,-4.39333333333333
UKWA14,United Kingdom,UK,UKD,UKD3,UKD34,Greater Manchester South West,4.02666666667,0.08,0.176111111111667,1616.43083333323,-2.97277777778333,-4.39333333333333
UKWA15,United Kingdom,UK,UKD,UKD3,UKD34,Greater Manchester South West,4.02666666667,0.08,0.176111111111667,1616.43083333323,-2.97277777778333,-4.39333333333333
UKWA3,United Kingdom,UK,UKD,UKD3,UKD34,Greater Manchester South West,4.02666666667,0.08,0.176111111111667,1616.43083333323,-2.97277777778333,-4.39333333333333
UKBB1,United Kingdom,UK,UKD,UKD4,UKD41,Blackburn with Darwen,1.3175,0.0316666666666667,0.08,1714.5625,-2.99166666666667,-4.38
UKBB2,United Kingdom,UK,UKD,UKD4,UKD41,Blackburn with Darwen,1.3175,0.0316666666666667,0.08,1714.5625,-2.99166666666667,-4.38
UKBB3,United Kingdom,UK,UKD,UKD4,UKD41,Blackburn with Darwen,1.3175,0.0316666666666667,0.08,1714.5625,-2.99166666666667,-4.38
UKBB6,United Kingdom,UK,UKD,UKD4,UKD41,Blackburn with Darwen,1.3175,0.0316666666666667,0.08,1714.5625,-2.99166666666667,-4.38
UKBL7,United Kingdom,UK,UKD,UKD4,UKD41,Blackburn with Darwen,1.3175,0.0316666666666667,0.08,1714.5625,-2.99166666666667,-4.38
UKBL8,United Kingdom,UK,UKD,UKD4,UKD41,Blackburn with Darwen,1.3175,0.0316666666666667,0.08,1714.5625,-2.99166666666667,-4.38
UKPR6,United Kingdom,UK,UKD,UKD4,UKD41,Blackburn with Darwen,1.3175,0.0316666666666667,0.08,1714.5625,-2.99166666666667,-4.38
UKBD11,United Kingdom,UK,UKE,UKE4,UKE44,Calderdale and Kirklees,1.21645833333475,0.0281944444445,0.0716666666666667,1863.88249999678,-3.03722222221665,-4.43791666666665
UKBD12,United Kingdom,UK,UKE,UKE4,UKE44,Calderdale and Kirklees,1.21645833333475,0.0281944444445,0.0716666666666667,1863.88249999678,-3.03722222221665,-4.43791666666665
UKBD13,United Kingdom,UK,UKE,UKE4,UKE44,Calderdale and Kirklees,1.21645833333475,0.0281944444445,0.0716666666666667,1863.88249999678,-3.03722222221665,-4.43791666666665
UKBD19,United Kingdom,UK,UKE,UKE4,UKE44,Calderdale and Kirklees,1.21645833333475,0.0281944444445,0.0716666666666667,1863.88249999678,-3.03722222221665,-4.43791666666665
UKBD4,United Kingdom,UK,UKE,UKE4,UKE44,Calderdale and Kirklees,1.21645833333475,0.0281944444445,0.0716666666666667,1863.88249999678,-3.03722222221665,-4.43791666666665
UKHD1,United Kingdom,UK,UKE,UKE4,UKE44,Calderdale and Kirklees,1.21645833333475,0.0281944444445,0.0716666666666667,1863.88249999678,-3.03722222221665,-4.43791666666665
UKHD2,United Kingdom,UK,UKE,UKE4,UKE44,Calderdale and Kirklees,1.21645833333475,0.0281944444445,0.0716666666666667,1863.88249999678,-3.03722222221665,-4.43791666666665
UKHD3,United Kingdom,UK,UKE,UKE4,UKE44,Calderdale and Kirklees,1.21645833333475,0.0281944444445,0.0716666666666667,1863.88249999678,-3.03722222221665,-4.43791666666665
UKHD4,United Kingdom,UK,UKE,UKE4,UKE44,Calderdale and Kirklees,1.21645833333475,0.0281944444445,0.0716666666666667,1863.88249999678,-3.03722222221665,-4.43791666666665
UKHD5,United Kingdom,UK,UKE,UKE4,UKE44,Calderdale and Kirklees,1.21645833333475,0.0281944444445,0.0716666666666667,1863.88249999678,-3.03722222221665,-4.43791666666665
UKHD6,United Kingdom,UK,UKE,UKE4,UKE44,Calderdale and Kirklees,1.21645833333475,0.0281944444445,0.0716666666666667,1863.88249999678,-3.03722222221665,-4.43791666666665
UKHD7,United Kingdom,UK,UKE,UKE4,UKE44,Calderdale and Kirklees,1.21645833333475,0.0281944444445,0.0716666666666667,1863.88249999678,-3.03722222221665,-4.43791666666665
UKHD8,United Kingdom,UK,UKE,UKE4,UKE44,Calderdale and Kirklees,1.21645833333475,0.0281944444445,0.0716666666666667,1863.88249999678,-3.03722222221665,-4.43791666666665
UKHD9,United Kingdom,UK,UKE,UKE4,UKE44,Calderdale and Kirklees,1.21645833333475,0.0281944444445,0.0716666666666667,1863.88249999678,-3.03722222221665,-4.43791666666665
UKHX1,United Kingdom,UK,UKE,UKE4,UKE44,Calderdale and Kirklees,1.21645833333475,0.0281944444445,0.0716666666666667,1863.88249999678,-3.03722222221665,-4.43791666666665
UKHX2,United Kingdom,UK,UKE,UKE4,UKE44,Calderdale and Kirklees,1.21645833333475,0.0281944444445,0.0716666666666667,1863.88249999678,-3.03722222221665,-4.43791666666665
UKHX3,United Kingdom,UK,UKE,UKE4,UKE44,Calderdale and Kirklees,1.21645833333475,0.0281944444445,0.0716666666666667,1863.88249999678,-3.03722222221665,-4.43791666666665
UKHX4,United Kingdom,UK,UKE,UKE4,UKE44,Calderdale and Kirklees,1.21645833333475,0.0281944444445,0.0716666666666667,1863.88249999678,-3.03722222221665,-4.43791666666665
UKHX5,United Kingdom,UK,UKE,UKE4,UKE44,Calderdale and Kirklees,1.21645833333475,0.0281944444445,0.0716666666666667,1863.88249999678,-3.03722222221665,-4.43791666666665
UKHX6,United Kingdom,UK,UKE,UKE4,UKE44,Calderdale and Kirklees,1.21645833333475,0.0281944444445,0.0716666666666667,1863.88249999678,-3.03722222221665,-4.43791666666665
UKHX7,United Kingdom,UK,UKE,UKE4,UKE44,Calderdale and Kirklees,1.21645833333475,0.0281944444445,0.0716666666666667,1863.88249999678,-3.03722222221665,-4.43791666666665
UKOL14,United Kingdom,UK,UKE,UKE4,UKE44,Calderdale and Kirklees,1.21645833333475,0.0281944444445,0.0716666666666667,1863.88249999678,-3.03722222221665,-4.43791666666665
UKOL15,United Kingdom,UK,UKE,UKE4,UKE44,Calderdale and Kirklees,1.21645833333475,0.0281944444445,0.0716666666666667,1863.88249999678,-3.03722222221665,-4.43791666666665
UKWF12,United Kingdom,UK,UKE,UKE4,UKE44,Calderdale and Kirklees,1.21645833333475,0.0281944444445,0.0716666666666667,1863.88249999678,-3.03722222221665,-4.43791666666665
UKWF13,United Kingdom,UK,UKE,UKE4,UKE44,Calderdale and Kirklees,1.21645833333475,0.0281944444445,0.0716666666666667,1863.88249999678,-3.03722222221665,-4.43791666666665
UKWF14,United Kingdom,UK,UKE,UKE4,UKE44,Calderdale and Kirklees,1.21645833333475,0.0281944444445,0.0716666666666667,1863.88249999678,-3.03722222221665,-4.43791666666665
UKWF15,United Kingdom,UK,UKE,UKE4,UKE44,Calderdale and Kirklees,1.21645833333475,0.0281944444445,0.0716666666666667,1863.88249999678,-3.03722222221665,-4.43791666666665
UKWF16,United Kingdom,UK,UKE,UKE4,UKE44,Calderdale and Kirklees,1.21645833333475,0.0281944444445,0.0716666666666667,1863.88249999678,-3.03722222221665,-4.43791666666665
UKWF17,United Kingdom,UK,UKE,UKE4,UKE44,Calderdale and Kirklees,1.21645833333475,0.0281944444445,0.0716666666666667,1863.88249999678,-3.03722222221665,-4.43791666666665
UKWF3,United Kingdom,UK,UKE,UKE4,UKE44,Calderdale and Kirklees,1.21645833333475,0.0281944444445,0.0716666666666667,1863.88249999678,-3.03722222221665,-4.43791666666665
UKWF4,United Kingdom,UK,UKE,UKE4,UKE44,Calderdale and Kirklees,1.21645833333475,0.0281944444445,0.0716666666666667,1863.88249999678,-3.03722222221665,-4.43791666666665
UKWF5,United Kingdom,UK,UKE,UKE4,UKE44,Calderdale and Kirklees,1.21645833333475,0.0281944444445,0.0716666666666667,1863.88249999678,-3.03722222221665,-4.43791666666665
UKBB2,United Kingdom,UK,UKD,UKD4,UKD47,Chorley and West Lancashire,2.30291666666225,0.0497222222221667,0.12,1618.37458333323,-2.99361111111667,-4.39444444445
UKBL6,United Kingdom,UK,UKD,UKD4,UKD47,Chorley and West Lancashire,2.30291666666225,0.0497222222221667,0.12,1618.37458333323,-2.99361111111667,-4.39444444445
UKL31,United Kingdom,UK,UKD,UKD4,UKD47,Chorley and West Lancashire,2.30291666666225,0.0497222222221667,0.12,1618.37458333323,-2.99361111111667,-4.39444444445
UKL33,United Kingdom,UK,UKD,UKD4,UKD47,Chorley and West Lancashire,2.30291666666225,0.0497222222221667,0.12,1618.37458333323,-2.99361111111667,-4.39444444445
UKL37,United Kingdom,UK,UKD,UKD4,UKD47,Chorley and West Lancashire,2.30291666666225,0.0497222222221667,0.12,1618.37458333323,-2.99361111111667,-4.39444444445
UKL39,United Kingdom,UK,UKD,UKD4,UKD47,Chorley and West Lancashire,2.30291666666225,0.0497222222221667,0.12,1618.37458333323,-2.99361111111667,-4.39444444445
UKL40,United Kingdom,UK,UKD,UKD4,UKD47,Chorley and West Lancashire,2.30291666666225,0.0497222222221667,0.12,1618.37458333323,-2.99361111111667,-4.39444444445
UKPR25,United Kingdom,UK,UKD,UKD4,UKD47,Chorley and West Lancashire,2.30291666666225,0.0497222222221667,0.12,1618.37458333323,-2.99361111111667,-4.39444444445
UKPR26,United Kingdom,UK,UKD,UKD4,UKD47,Chorley and West Lancashire,2.30291666666225,0.0497222222221667,0.12,1618.37458333323,-2.99361111111667,-4.39444444445
UKPR4,United Kingdom,UK,UKD,UKD4,UKD47,Chorley and West Lancashire,2.30291666666225,0.0497222222221667,0.12,1618.37458333323,-2.99361111111667,-4.39444444445
UKPR5,United Kingdom,UK,UKD,UKD4,UKD47,Chorley and West Lancashire,2.30291666666225,0.0497222222221667,0.12,1618.37458333323,-2.99361111111667,-4.39444444445
UKPR6,United Kingdom,UK,UKD,UKD4,UKD47,Chorley and West Lancashire,2.30291666666225,0.0497222222221667,0.12,1618.37458333323,-2.99361111111667,-4.39444444445
UKPR7,United Kingdom,UK,UKD,UKD4,UKD47,Chorley and West Lancashire,2.30291666666225,0.0497222222221667,0.12,1618.37458333323,-2.99361111111667,-4.39444444445
UKPR8,United Kingdom,UK,UKD,UKD4,UKD47,Chorley and West Lancashire,2.30291666666225,0.0497222222221667,0.12,1618.37458333323,-2.99361111111667,-4.39444444445
UKPR9,United Kingdom,UK,UKD,UKD4,UKD47,Chorley and West Lancashire,2.30291666666225,0.0497222222221667,0.12,1618.37458333323,-2.99361111111667,-4.39444444445
UKWA11,United Kingdom,UK,UKD,UKD4,UKD47,Chorley and West Lancashire,2.30291666666225,0.0497222222221667,0.12,1618.37458333323,-2.99361111111667,-4.39444444445
UKWN5,United Kingdom,UK,UKD,UKD4,UKD47,Chorley and West Lancashire,2.30291666666225,0.0497222222221667,0.12,1618.37458333323,-2.99361111111667,-4.39444444445
UKWN6,United Kingdom,UK,UKD,UKD4,UKD47,Chorley and West Lancashire,2.30291666666225,0.0497222222221667,0.12,1618.37458333323,-2.99361111111667,-4.39444444445
UKWN8,United Kingdom,UK,UKD,UKD4,UKD47,Chorley and West Lancashire,2.30291666666225,0.0497222222221667,0.12,1618.37458333323,-2.99361111111667,-4.39444444445
UKDL1,United Kingdom,UK,UKC,UKC1,UKC13,Darlington,1.97625,0.0475,0.123333333333333,1732.03375,-3.30083333333333,-4.86166666666665
UKDL2,United Kingdom,UK,UKC,UKC1,UKC13,Darlington,1.97625,0.0475,0.123333333333333,1732.03375,-3.30083333333333,-4.86166666666665
UKDL3,United Kingdom,UK,UKC,UKC1,UKC13,Darlington,1.97625,0.0475,0.123333333333333,1732.03375,-3.30083333333333,-4.86166666666665
UKDL4,United Kingdom,UK,UKC,UKC1,UKC13,Darlington,1.97625,0.0475,0.123333333333333,1732.03375,-3.30083333333333,-4.86166666666665
UKDL5,United Kingdom,UK,UKC,UKC1,UKC13,Darlington,1.97625,0.0475,0.123333333333333,1732.03375,-3.30083333333333,-4.86166666666665
UKDL98,United Kingdom,UK,UKC,UKC1,UKC13,Darlington,1.97625,0.0475,0.123333333333333,1732.03375,-3.30083333333333,-4.86166666666665
UKTS21,United Kingdom,UK,UKC,UKC1,UKC13,Darlington,1.97625,0.0475,0.123333333333333,1732.03375,-3.30083333333333,-4.86166666666665
UKWA1,United Kingdom,UK,UKD,UKD6,UKD61,Warrington,4.45625,0.0875,0.188333333333333,1598.95125,-2.93583333333333,-4.35333333333332
UKWA12,United Kingdom,UK,UKD,UKD6,UKD61,Warrington,4.45625,0.0875,0.188333333333333,1598.95125,-2.93583333333333,-4.35333333333332
UKWA13,United Kingdom,UK,UKD,UKD6,UKD61,Warrington,4.45625,0.0875,0.188333333333333,1598.95125,-2.93583333333333,-4.35333333333332
UKWA2,United Kingdom,UK,UKD,UKD6,UKD61,Warrington,4.45625,0.0875,0.188333333333333,1598.95125,-2.93583333333333,-4.35333333333332
UKWA3,United Kingdom,UK,UKD,UKD6,UKD61,Warrington,4.45625,0.0875,0.188333333333333,1598.95125,-2.93583333333333,-4.35333333333332
UKWA4,United Kingdom,UK,UKD,UKD6,UKD61,Warrington,4.45625,0.0875,0.188333333333333,1598.95125,-2.93583333333333,-4.35333333333332
UKWA5,United Kingdom,UK,UKD,UKD6,UKD61,Warrington,4.45625,0.0875,0.188333333333333,1598.95125,-2.93583333333333,-4.35333333333332
UKWA55,United Kingdom,UK,UKD,UKD6,UKD61,Warrington,4.45625,0.0875,0.188333333333333,1598.95125,-2.93583333333333,-4.35333333333332
UKWA8,United Kingdom,UK,UKD,UKD6,UKD61,Warrington,4.45625,0.0875,0.188333333333333,1598.95125,-2.93583333333333,-4.35333333333332
UKWA9,United Kingdom,UK,UKD,UKD6,UKD61,Warrington,4.45625,0.0875,0.188333333333333,1598.95125,-2.93583333333333,-4.35333333333332
UKCM13,United Kingdom,UK,UKH,UKH3,UKH32,Thurrock,20.575,0.316666666666667,0.496666666666667,1585.07499999999,-2.95,-4.44166666666667
UKRM14,United Kingdom,UK,UKH,UKH3,UKH32,Thurrock,20.575,0.316666666666667,0.496666666666667,1585.07499999999,-2.95,-4.44166666666667
UKRM15,United Kingdom,UK,UKH,UKH3,UKH32,Thurrock,20.575,0.316666666666667,0.496666666666667,1585.07499999999,-2.95,-4.44166666666667
UKRM16,United Kingdom,UK,UKH,UKH3,UKH32,Thurrock,20.575,0.316666666666667,0.496666666666667,1585.07499999999,-2.95,-4.44166666666667
UKRM17,United Kingdom,UK,UKH,UKH3,UKH32,Thurrock,20.575,0.316666666666667,0.496666666666667,1585.07499999999,-2.95,-4.44166666666667
UKRM18,United Kingdom,UK,UKH,UKH3,UKH32,Thurrock,20.575,0.316666666666667,0.496666666666667,1585.07499999999,-2.95,-4.44166666666667
UKRM19,United Kingdom,UK,UKH,UKH3,UKH32,Thurrock,20.575,0.316666666666667,0.496666666666667,1585.07499999999,-2.95,-4.44166666666667
UKRM20,United Kingdom,UK,UKH,UKH3,UKH32,Thurrock,20.575,0.316666666666667,0.496666666666667,1585.07499999999,-2.95,-4.44166666666667
UKSS16,United Kingdom,UK,UKH,UKH3,UKH32,Thurrock,20.575,0.316666666666667,0.496666666666667,1585.07499999999,-2.95,-4.44166666666667
UKSS17,United Kingdom,UK,UKH,UKH3,UKH32,Thurrock,20.575,0.316666666666667,0.496666666666667,1585.07499999999,-2.95,-4.44166666666667
UKB74,United Kingdom,UK,UKG,UKG2,UKG24,Staffordshire CC,5.7730555555585,0.111296296296333,0.229027777778333,1718.29979166323,-2.96069444445,-4.43416666666667
UKB75,United Kingdom,UK,UKG,UKG2,UKG24,Staffordshire CC,5.7730555555585,0.111296296296333,0.229027777778333,1718.29979166323,-2.96069444445,-4.43416666666667
UKB77,United Kingdom,UK,UKG,UKG2,UKG24,Staffordshire CC,5.7730555555585,0.111296296296333,0.229027777778333,1718.29979166323,-2.96069444445,-4.43416666666667
UKB78,United Kingdom,UK,UKG,UKG2,UKG24,Staffordshire CC,5.7730555555585,0.111296296296333,0.229027777778333,1718.29979166323,-2.96069444445,-4.43416666666667
UKB79,United Kingdom,UK,UKG,UKG2,UKG24,Staffordshire CC,5.7730555555585,0.111296296296333,0.229027777778333,1718.29979166323,-2.96069444445,-4.43416666666667
UKCW12,United Kingdom,UK,UKG,UKG2,UKG24,Staffordshire CC,5.7730555555585,0.111296296296333,0.229027777778333,1718.29979166323,-2.96069444445,-4.43416666666667
UKCW2,United Kingdom,UK,UKG,UKG2,UKG24,Staffordshire CC,5.7730555555585,0.111296296296333,0.229027777778333,1718.29979166323,-2.96069444445,-4.43416666666667
UKCW3,United Kingdom,UK,UKG,UKG2,UKG24,Staffordshire CC,5.7730555555585,0.111296296296333,0.229027777778333,1718.29979166323,-2.96069444445,-4.43416666666667
UKDE13,United Kingdom,UK,UKG,UKG2,UKG24,Staffordshire CC,5.7730555555585,0.111296296296333,0.229027777778333,1718.29979166323,-2.96069444445,-4.43416666666667
UKDE14,United Kingdom,UK,UKG,UKG2,UKG24,Staffordshire CC,5.7730555555585,0.111296296296333,0.229027777778333,1718.29979166323,-2.96069444445,-4.43416666666667
UKDE15,United Kingdom,UK,UKG,UKG2,UKG24,Staffordshire CC,5.7730555555585,0.111296296296333,0.229027777778333,1718.29979166323,-2.96069444445,-4.43416666666667
UKDE6,United Kingdom,UK,UKG,UKG2,UKG24,Staffordshire CC,5.7730555555585,0.111296296296333,0.229027777778333,1718.29979166323,-2.96069444445,-4.43416666666667
UKDY10,United Kingdom,UK,UKG,UKG2,UKG24,Staffordshire CC,5.7730555555585,0.111296296296333,0.229027777778333,1718.29979166323,-2.96069444445,-4.43416666666667
UKDY11,United Kingdom,UK,UKG,UKG2,UKG24,Staffordshire CC,5.7730555555585,0.111296296296333,0.229027777778333,1718.29979166323,-2.96069444445,-4.43416666666667
UKDY3,United Kingdom,UK,UKG,UKG2,UKG24,Staffordshire CC,5.7730555555585,0.111296296296333,0.229027777778333,1718.29979166323,-2.96069444445,-4.43416666666667
UKDY6,United Kingdom,UK,UKG,UKG2,UKG24,Staffordshire CC,5.7730555555585,0.111296296296333,0.229027777778333,1718.29979166323,-2.96069444445,-4.43416666666667
UKDY7,United Kingdom,UK,UKG,UKG2,UKG24,Staffordshire CC,5.7730555555585,0.111296296296333,0.229027777778333,1718.29979166323,-2.96069444445,-4.43416666666667
UKDY8,United Kingdom,UK,UKG,UKG2,UKG24,Staffordshire CC,5.7730555555585,0.111296296296333,0.229027777778333,1718.29979166323,-2.96069444445,-4.43416666666667
UKSK11,United Kingdom,UK,UKG,UKG2,UKG24,Staffordshire CC,5.7730555555585,0.111296296296333,0.229027777778333,1718.29979166323,-2.96069444445,-4.43416666666667
UKSK17,United Kingdom,UK,UKG,UKG2,UKG24,Staffordshire CC,5.7730555555585,0.111296296296333,0.229027777778333,1718.29979166323,-2.96069444445,-4.43416666666667
UKST10,United Kingdom,UK,UKG,UKG2,UKG24,Staffordshire CC,5.7730555555585,0.111296296296333,0.229027777778333,1718.29979166323,-2.96069444445,-4.43416666666667
UKST11,United Kingdom,UK,UKG,UKG2,UKG24,Staffordshire CC,5.7730555555585,0.111296296296333,0.229027777778333,1718.29979166323,-2.96069444445,-4.43416666666667
UKST12,United Kingdom,UK,UKG,UKG2,UKG24,Staffordshire CC,5.7730555555585,0.111296296296333,0.229027777778333,1718.29979166323,-2.96069444445,-4.43416666666667
UKST13,United Kingdom,UK,UKG,UKG2,UKG24,Staffordshire CC,5.7730555555585,0.111296296296333,0.229027777778333,1718.29979166323,-2.96069444445,-4.43416666666667
UKST14,United Kingdom,UK,UKG,UKG2,UKG24,Staffordshire CC,5.7730555555585,0.111296296296333,0.229027777778333,1718.29979166323,-2.96069444445,-4.43416666666667
UKST15,United Kingdom,UK,UKG,UKG2,UKG24,Staffordshire CC,5.7730555555585,0.111296296296333,0.229027777778333,1718.29979166323,-2.96069444445,-4.43416666666667
UKST16,United Kingdom,UK,UKG,UKG2,UKG24,Staffordshire CC,5.7730555555585,0.111296296296333,0.229027777778333,1718.29979166323,-2.96069444445,-4.43416666666667
UKST17,United Kingdom,UK,UKG,UKG2,UKG24,Staffordshire CC,5.7730555555585,0.111296296296333,0.229027777778333,1718.29979166323,-2.96069444445,-4.43416666666667
UKST18,United Kingdom,UK,UKG,UKG2,UKG24,Staffordshire CC,5.7730555555585,0.111296296296333,0.229027777778333,1718.29979166323,-2.96069444445,-4.43416666666667
UKST19,United Kingdom,UK,UKG,UKG2,UKG24,Staffordshire CC,5.7730555555585,0.111296296296333,0.229027777778333,1718.29979166323,-2.96069444445,-4.43416666666667
UKST2,United Kingdom,UK,UKG,UKG2,UKG24,Staffordshire CC,5.7730555555585,0.111296296296333,0.229027777778333,1718.29979166323,-2.96069444445,-4.43416666666667
UKST20,United Kingdom,UK,UKG,UKG2,UKG24,Staffordshire CC,5.7730555555585,0.111296296296333,0.229027777778333,1718.29979166323,-2.96069444445,-4.43416666666667
UKST21,United Kingdom,UK,UKG,UKG2,UKG24,Staffordshire CC,5.7730555555585,0.111296296296333,0.229027777778333,1718.29979166323,-2.96069444445,-4.43416666666667
UKST3,United Kingdom,UK,UKG,UKG2,UKG24,Staffordshire CC,5.7730555555585,0.111296296296333,0.229027777778333,1718.29979166323,-2.96069444445,-4.43416666666667
UKST4,United Kingdom,UK,UKG,UKG2,UKG24,Staffordshire CC,5.7730555555585,0.111296296296333,0.229027777778333,1718.29979166323,-2.96069444445,-4.43416666666667
UKST5,United Kingdom,UK,UKG,UKG2,UKG24,Staffordshire CC,5.7730555555585,0.111296296296333,0.229027777778333,1718.29979166323,-2.96069444445,-4.43416666666667
UKST55,United Kingdom,UK,UKG,UKG2,UKG24,Staffordshire CC,5.7730555555585,0.111296296296333,0.229027777778333,1718.29979166323,-2.96069444445,-4.43416666666667
UKST6,United Kingdom,UK,UKG,UKG2,UKG24,Staffordshire CC,5.7730555555585,0.111296296296333,0.229027777778333,1718.29979166323,-2.96069444445,-4.43416666666667
UKST7,United Kingdom,UK,UKG,UKG2,UKG24,Staffordshire CC,5.7730555555585,0.111296296296333,0.229027777778333,1718.29979166323,-2.96069444445,-4.43416666666667
UKST8,United Kingdom,UK,UKG,UKG2,UKG24,Staffordshire CC,5.7730555555585,0.111296296296333,0.229027777778333,1718.29979166323,-2.96069444445,-4.43416666666667
UKST9,United Kingdom,UK,UKG,UKG2,UKG24,Staffordshire CC,5.7730555555585,0.111296296296333,0.229027777778333,1718.29979166323,-2.96069444445,-4.43416666666667
UKTF10,United Kingdom,UK,UKG,UKG2,UKG24,Staffordshire CC,5.7730555555585,0.111296296296333,0.229027777778333,1718.29979166323,-2.96069444445,-4.43416666666667
UKTF11,United Kingdom,UK,UKG,UKG2,UKG24,Staffordshire CC,5.7730555555585,0.111296296296333,0.229027777778333,1718.29979166323,-2.96069444445,-4.43416666666667
UKTF9,United Kingdom,UK,UKG,UKG2,UKG24,Staffordshire CC,5.7730555555585,0.111296296296333,0.229027777778333,1718.29979166323,-2.96069444445,-4.43416666666667
UKWS11,United Kingdom,UK,UKG,UKG2,UKG24,Staffordshire CC,5.7730555555585,0.111296296296333,0.229027777778333,1718.29979166323,-2.96069444445,-4.43416666666667
UKWS12,United Kingdom,UK,UKG,UKG2,UKG24,Staffordshire CC,5.7730555555585,0.111296296296333,0.229027777778333,1718.29979166323,-2.96069444445,-4.43416666666667
UKWS13,United Kingdom,UK,UKG,UKG2,UKG24,Staffordshire CC,5.7730555555585,0.111296296296333,0.229027777778333,1718.29979166323,-2.96069444445,-4.43416666666667
UKWS14,United Kingdom,UK,UKG,UKG2,UKG24,Staffordshire CC,5.7730555555585,0.111296296296333,0.229027777778333,1718.29979166323,-2.96069444445,-4.43416666666667
UKWS15,United Kingdom,UK,UKG,UKG2,UKG24,Staffordshire CC,5.7730555555585,0.111296296296333,0.229027777778333,1718.29979166323,-2.96069444445,-4.43416666666667
UKWS3,United Kingdom,UK,UKG,UKG2,UKG24,Staffordshire CC,5.7730555555585,0.111296296296333,0.229027777778333,1718.29979166323,-2.96069444445,-4.43416666666667
UKWS6,United Kingdom,UK,UKG,UKG2,UKG24,Staffordshire CC,5.7730555555585,0.111296296296333,0.229027777778333,1718.29979166323,-2.96069444445,-4.43416666666667
UKWS7,United Kingdom,UK,UKG,UKG2,UKG24,Staffordshire CC,5.7730555555585,0.111296296296333,0.229027777778333,1718.29979166323,-2.96069444445,-4.43416666666667
UKWS8,United Kingdom,UK,UKG,UKG2,UKG24,Staffordshire CC,5.7730555555585,0.111296296296333,0.229027777778333,1718.29979166323,-2.96069444445,-4.43416666666667
UKWS9,United Kingdom,UK,UKG,UKG2,UKG24,Staffordshire CC,5.7730555555585,0.111296296296333,0.229027777778333,1718.29979166323,-2.96069444445,-4.43416666666667
UKWV10,United Kingdom,UK,UKG,UKG2,UKG24,Staffordshire CC,5.7730555555585,0.111296296296333,0.229027777778333,1718.29979166323,-2.96069444445,-4.43416666666667
UKWV11,United Kingdom,UK,UKG,UKG2,UKG24,Staffordshire CC,5.7730555555585,0.111296296296333,0.229027777778333,1718.29979166323,-2.96069444445,-4.43416666666667
UKWV15,United Kingdom,UK,UKG,UKG2,UKG24,Staffordshire CC,5.7730555555585,0.111296296296333,0.229027777778333,1718.29979166323,-2.96069444445,-4.43416666666667
UKWV3,United Kingdom,UK,UKG,UKG2,UKG24,Staffordshire CC,5.7730555555585,0.111296296296333,0.229027777778333,1718.29979166323,-2.96069444445,-4.43416666666667
UKWV4,United Kingdom,UK,UKG,UKG2,UKG24,Staffordshire CC,5.7730555555585,0.111296296296333,0.229027777778333,1718.29979166323,-2.96069444445,-4.43416666666667
UKWV5,United Kingdom,UK,UKG,UKG2,UKG24,Staffordshire CC,5.7730555555585,0.111296296296333,0.229027777778333,1718.29979166323,-2.96069444445,-4.43416666666667
UKWV6,United Kingdom,UK,UKG,UKG2,UKG24,Staffordshire CC,5.7730555555585,0.111296296296333,0.229027777778333,1718.29979166323,-2.96069444445,-4.43416666666667
UKWV7,United Kingdom,UK,UKG,UKG2,UKG24,Staffordshire CC,5.7730555555585,0.111296296296333,0.229027777778333,1718.29979166323,-2.96069444445,-4.43416666666667
UKWV8,United Kingdom,UK,UKG,UKG2,UKG24,Staffordshire CC,5.7730555555585,0.111296296296333,0.229027777778333,1718.29979166323,-2.96069444445,-4.43416666666667
UKWV9,United Kingdom,UK,UKG,UKG2,UKG24,Staffordshire CC,5.7730555555585,0.111296296296333,0.229027777778333,1718.29979166323,-2.96069444445,-4.43416666666667
UKB62,United Kingdom,UK,UKG,UKG3,UKG36,Dudley,8.52,0.16,0.296666666666667,1694.6125,-2.89166666666667,-4.33999999999998
UKB63,United Kingdom,UK,UKG,UKG3,UKG36,Dudley,8.52,0.16,0.296666666666667,1694.6125,-2.89166666666667,-4.33999999999998
UKB64,United Kingdom,UK,UKG,UKG3,UKG36,Dudley,8.52,0.16,0.296666666666667,1694.6125,-2.89166666666667,-4.33999999999998
UKB65,United Kingdom,UK,UKG,UKG3,UKG36,Dudley,8.52,0.16,0.296666666666667,1694.6125,-2.89166666666667,-4.33999999999998
UKDY1,United Kingdom,UK,UKG,UKG3,UKG36,Dudley,8.52,0.16,0.296666666666667,1694.6125,-2.89166666666667,-4.33999999999998
UKDY2,United Kingdom,UK,UKG,UKG3,UKG36,Dudley,8.52,0.16,0.296666666666667,1694.6125,-2.89166666666667,-4.33999999999998
UKDY3,United Kingdom,UK,UKG,UKG3,UKG36,Dudley,8.52,0.16,0.296666666666667,1694.6125,-2.89166666666667,-4.33999999999998
UKDY4,United Kingdom,UK,UKG,UKG3,UKG36,Dudley,8.52,0.16,0.296666666666667,1694.6125,-2.89166666666667,-4.33999999999998
UKDY5,United Kingdom,UK,UKG,UKG3,UKG36,Dudley,8.52,0.16,0.296666666666667,1694.6125,-2.89166666666667,-4.33999999999998
UKDY6,United Kingdom,UK,UKG,UKG3,UKG36,Dudley,8.52,0.16,0.296666666666667,1694.6125,-2.89166666666667,-4.33999999999998
UKDY7,United Kingdom,UK,UKG,UKG3,UKG36,Dudley,8.52,0.16,0.296666666666667,1694.6125,-2.89166666666667,-4.33999999999998
UKDY8,United Kingdom,UK,UKG,UKG3,UKG36,Dudley,8.52,0.16,0.296666666666667,1694.6125,-2.89166666666667,-4.33999999999998
UKDY9,United Kingdom,UK,UKG,UKG3,UKG36,Dudley,8.52,0.16,0.296666666666667,1694.6125,-2.89166666666667,-4.33999999999998
UKWV14,United Kingdom,UK,UKG,UKG3,UKG36,Dudley,8.52,0.16,0.296666666666667,1694.6125,-2.89166666666667,-4.33999999999998
UKWV4,United Kingdom,UK,UKG,UKG3,UKG36,Dudley,8.52,0.16,0.296666666666667,1694.6125,-2.89166666666667,-4.33999999999998
UKCB10,United Kingdom,UK,UKH,UKH3,UKH35,West Essex,20.3621153845975,0.306538461538333,0.490897435896667,1623.49192307988,-3.01974358975,-4.54423076923333
UKCB11,United Kingdom,UK,UKH,UKH3,UKH35,West Essex,20.3621153845975,0.306538461538333,0.490897435896667,1623.49192307988,-3.01974358975,-4.54423076923333
UKCB21,United Kingdom,UK,UKH,UKH3,UKH35,West Essex,20.3621153845975,0.306538461538333,0.490897435896667,1623.49192307988,-3.01974358975,-4.54423076923333
UKCM1,United Kingdom,UK,UKH,UKH3,UKH35,West Essex,20.3621153845975,0.306538461538333,0.490897435896667,1623.49192307988,-3.01974358975,-4.54423076923333
UKCM15,United Kingdom,UK,UKH,UKH3,UKH35,West Essex,20.3621153845975,0.306538461538333,0.490897435896667,1623.49192307988,-3.01974358975,-4.54423076923333
UKCM16,United Kingdom,UK,UKH,UKH3,UKH35,West Essex,20.3621153845975,0.306538461538333,0.490897435896667,1623.49192307988,-3.01974358975,-4.54423076923333
UKCM17,United Kingdom,UK,UKH,UKH3,UKH35,West Essex,20.3621153845975,0.306538461538333,0.490897435896667,1623.49192307988,-3.01974358975,-4.54423076923333
UKCM18,United Kingdom,UK,UKH,UKH3,UKH35,West Essex,20.3621153845975,0.306538461538333,0.490897435896667,1623.49192307988,-3.01974358975,-4.54423076923333
UKCM19,United Kingdom,UK,UKH,UKH3,UKH35,West Essex,20.3621153845975,0.306538461538333,0.490897435896667,1623.49192307988,-3.01974358975,-4.54423076923333
UKCM20,United Kingdom,UK,UKH,UKH3,UKH35,West Essex,20.3621153845975,0.306538461538333,0.490897435896667,1623.49192307988,-3.01974358975,-4.54423076923333
UKCM21,United Kingdom,UK,UKH,UKH3,UKH35,West Essex,20.3621153845975,0.306538461538333,0.490897435896667,1623.49192307988,-3.01974358975,-4.54423076923333
UKCM22,United Kingdom,UK,UKH,UKH3,UKH35,West Essex,20.3621153845975,0.306538461538333,0.490897435896667,1623.49192307988,-3.01974358975,-4.54423076923333
UKCM23,United Kingdom,UK,UKH,UKH3,UKH35,West Essex,20.3621153845975,0.306538461538333,0.490897435896667,1623.49192307988,-3.01974358975,-4.54423076923333
UKCM24,United Kingdom,UK,UKH,UKH3,UKH35,West Essex,20.3621153845975,0.306538461538333,0.490897435896667,1623.49192307988,-3.01974358975,-4.54423076923333
UKCM3,United Kingdom,UK,UKH,UKH3,UKH35,West Essex,20.3621153845975,0.306538461538333,0.490897435896667,1623.49192307988,-3.01974358975,-4.54423076923333
UKCM4,United Kingdom,UK,UKH,UKH3,UKH35,West Essex,20.3621153845975,0.306538461538333,0.490897435896667,1623.49192307988,-3.01974358975,-4.54423076923333
UKCM5,United Kingdom,UK,UKH,UKH3,UKH35,West Essex,20.3621153845975,0.306538461538333,0.490897435896667,1623.49192307988,-3.01974358975,-4.54423076923333
UKCM6,United Kingdom,UK,UKH,UKH3,UKH35,West Essex,20.3621153845975,0.306538461538333,0.490897435896667,1623.49192307988,-3.01974358975,-4.54423076923333
UKCM7,United Kingdom,UK,UKH,UKH3,UKH35,West Essex,20.3621153845975,0.306538461538333,0.490897435896667,1623.49192307988,-3.01974358975,-4.54423076923333
UKCM77,United Kingdom,UK,UKH,UKH3,UKH35,West Essex,20.3621153845975,0.306538461538333,0.490897435896667,1623.49192307988,-3.01974358975,-4.54423076923333
UKCM92,United Kingdom,UK,UKH,UKH3,UKH35,West Essex,20.3621153845975,0.306538461538333,0.490897435896667,1623.49192307988,-3.01974358975,-4.54423076923333
UKE4,United Kingdom,UK,UKH,UKH3,UKH35,West Essex,20.3621153845975,0.306538461538333,0.490897435896667,1623.49192307988,-3.01974358975,-4.54423076923333
UKEN10,United Kingdom,UK,UKH,UKH3,UKH35,West Essex,20.3621153845975,0.306538461538333,0.490897435896667,1623.49192307988,-3.01974358975,-4.54423076923333
UKEN11,United Kingdom,UK,UKH,UKH3,UKH35,West Essex,20.3621153845975,0.306538461538333,0.490897435896667,1623.49192307988,-3.01974358975,-4.54423076923333
UKEN8,United Kingdom,UK,UKH,UKH3,UKH35,West Essex,20.3621153845975,0.306538461538333,0.490897435896667,1623.49192307988,-3.01974358975,-4.54423076923333
UKEN9,United Kingdom,UK,UKH,UKH3,UKH35,West Essex,20.3621153845975,0.306538461538333,0.490897435896667,1623.49192307988,-3.01974358975,-4.54423076923333
UKIG10,United Kingdom,UK,UKH,UKH3,UKH35,West Essex,20.3621153845975,0.306538461538333,0.490897435896667,1623.49192307988,-3.01974358975,-4.54423076923333
UKIG7,United Kingdom,UK,UKH,UKH3,UKH35,West Essex,20.3621153845975,0.306538461538333,0.490897435896667,1623.49192307988,-3.01974358975,-4.54423076923333
UKIG8,United Kingdom,UK,UKH,UKH3,UKH35,West Essex,20.3621153845975,0.306538461538333,0.490897435896667,1623.49192307988,-3.01974358975,-4.54423076923333
UKIG9,United Kingdom,UK,UKH,UKH3,UKH35,West Essex,20.3621153845975,0.306538461538333,0.490897435896667,1623.49192307988,-3.01974358975,-4.54423076923333
UKRM4,United Kingdom,UK,UKH,UKH3,UKH35,West Essex,20.3621153845975,0.306538461538333,0.490897435896667,1623.49192307988,-3.01974358975,-4.54423076923333
UKSG8,United Kingdom,UK,UKH,UKH3,UKH35,West Essex,20.3621153845975,0.306538461538333,0.490897435896667,1623.49192307988,-3.01974358975,-4.54423076923333
UKSO14,United Kingdom,UK,UKJ,UKJ3,UKJ32,Southampton,12.6525,0.228333333333332,0.408333333333333,1504.7925,-2.65166666666665,-4.005
UKSO15,United Kingdom,UK,UKJ,UKJ3,UKJ32,Southampton,12.6525,0.228333333333332,0.408333333333333,1504.7925,-2.65166666666665,-4.005
UKSO16,United Kingdom,UK,UKJ,UKJ3,UKJ32,Southampton,12.6525,0.228333333333332,0.408333333333333,1504.7925,-2.65166666666665,-4.005
UKSO17,United Kingdom,UK,UKJ,UKJ3,UKJ32,Southampton,12.6525,0.228333333333332,0.408333333333333,1504.7925,-2.65166666666665,-4.005
UKSO18,United Kingdom,UK,UKJ,UKJ3,UKJ32,Southampton,12.6525,0.228333333333332,0.408333333333333,1504.7925,-2.65166666666665,-4.005
UKSO19,United Kingdom,UK,UKJ,UKJ3,UKJ32,Southampton,12.6525,0.228333333333332,0.408333333333333,1504.7925,-2.65166666666665,-4.005
UKCM0,United Kingdom,UK,UKH,UKH3,UKH36,Heart of Essex,21.6236363636575,0.328484848484998,0.507272727273332,1616.28636364,-3.03333333333333,-4.55287878788333
UKCM1,United Kingdom,UK,UKH,UKH3,UKH36,Heart of Essex,21.6236363636575,0.328484848484998,0.507272727273332,1616.28636364,-3.03333333333333,-4.55287878788333
UKCM11,United Kingdom,UK,UKH,UKH3,UKH36,Heart of Essex,21.6236363636575,0.328484848484998,0.507272727273332,1616.28636364,-3.03333333333333,-4.55287878788333
UKCM12,United Kingdom,UK,UKH,UKH3,UKH36,Heart of Essex,21.6236363636575,0.328484848484998,0.507272727273332,1616.28636364,-3.03333333333333,-4.55287878788333
UKCM13,United Kingdom,UK,UKH,UKH3,UKH36,Heart of Essex,21.6236363636575,0.328484848484998,0.507272727273332,1616.28636364,-3.03333333333333,-4.55287878788333
UKCM14,United Kingdom,UK,UKH,UKH3,UKH36,Heart of Essex,21.6236363636575,0.328484848484998,0.507272727273332,1616.28636364,-3.03333333333333,-4.55287878788333
UKCM15,United Kingdom,UK,UKH,UKH3,UKH36,Heart of Essex,21.6236363636575,0.328484848484998,0.507272727273332,1616.28636364,-3.03333333333333,-4.55287878788333
UKCM2,United Kingdom,UK,UKH,UKH3,UKH36,Heart of Essex,21.6236363636575,0.328484848484998,0.507272727273332,1616.28636364,-3.03333333333333,-4.55287878788333
UKCM3,United Kingdom,UK,UKH,UKH3,UKH36,Heart of Essex,21.6236363636575,0.328484848484998,0.507272727273332,1616.28636364,-3.03333333333333,-4.55287878788333
UKCM4,United Kingdom,UK,UKH,UKH3,UKH36,Heart of Essex,21.6236363636575,0.328484848484998,0.507272727273332,1616.28636364,-3.03333333333333,-4.55287878788333
UKCM5,United Kingdom,UK,UKH,UKH3,UKH36,Heart of Essex,21.6236363636575,0.328484848484998,0.507272727273332,1616.28636364,-3.03333333333333,-4.55287878788333
UKCM6,United Kingdom,UK,UKH,UKH3,UKH36,Heart of Essex,21.6236363636575,0.328484848484998,0.507272727273332,1616.28636364,-3.03333333333333,-4.55287878788333
UKCM77,United Kingdom,UK,UKH,UKH3,UKH36,Heart of Essex,21.6236363636575,0.328484848484998,0.507272727273332,1616.28636364,-3.03333333333333,-4.55287878788333
UKCM8,United Kingdom,UK,UKH,UKH3,UKH36,Heart of Essex,21.6236363636575,0.328484848484998,0.507272727273332,1616.28636364,-3.03333333333333,-4.55287878788333
UKCM9,United Kingdom,UK,UKH,UKH3,UKH36,Heart of Essex,21.6236363636575,0.328484848484998,0.507272727273332,1616.28636364,-3.03333333333333,-4.55287878788333
UKCM98,United Kingdom,UK,UKH,UKH3,UKH36,Heart of Essex,21.6236363636575,0.328484848484998,0.507272727273332,1616.28636364,-3.03333333333333,-4.55287878788333
UKCM99,United Kingdom,UK,UKH,UKH3,UKH36,Heart of Essex,21.6236363636575,0.328484848484998,0.507272727273332,1616.28636364,-3.03333333333333,-4.55287878788333
UKCO5,United Kingdom,UK,UKH,UKH3,UKH36,Heart of Essex,21.6236363636575,0.328484848484998,0.507272727273332,1616.28636364,-3.03333333333333,-4.55287878788333
UKRM14,United Kingdom,UK,UKH,UKH3,UKH36,Heart of Essex,21.6236363636575,0.328484848484998,0.507272727273332,1616.28636364,-3.03333333333333,-4.55287878788333
UKRM4,United Kingdom,UK,UKH,UKH3,UKH36,Heart of Essex,21.6236363636575,0.328484848484998,0.507272727273332,1616.28636364,-3.03333333333333,-4.55287878788333
UKSS11,United Kingdom,UK,UKH,UKH3,UKH36,Heart of Essex,21.6236363636575,0.328484848484998,0.507272727273332,1616.28636364,-3.03333333333333,-4.55287878788333
UKBR1,United Kingdom,UK,UKI,UKI4,UKI44,Lewisham and Southwark,23.235,0.33,0.541666666666667,1546.5975,-2.86166666666665,-4.31666666666667
UKBR3,United Kingdom,UK,UKI,UKI4,UKI44,Lewisham and Southwark,23.235,0.33,0.541666666666667,1546.5975,-2.86166666666665,-4.31666666666667
UKSE1,United Kingdom,UK,UKI,UKI4,UKI44,Lewisham and Southwark,23.235,0.33,0.541666666666667,1546.5975,-2.86166666666665,-4.31666666666667
UKSE10,United Kingdom,UK,UKI,UKI4,UKI44,Lewisham and Southwark,23.235,0.33,0.541666666666667,1546.5975,-2.86166666666665,-4.31666666666667
UKSE11,United Kingdom,UK,UKI,UKI4,UKI44,Lewisham and Southwark,23.235,0.33,0.541666666666667,1546.5975,-2.86166666666665,-4.31666666666667
UKSE12,United Kingdom,UK,UKI,UKI4,UKI44,Lewisham and Southwark,23.235,0.33,0.541666666666667,1546.5975,-2.86166666666665,-4.31666666666667
UKSE13,United Kingdom,UK,UKI,UKI4,UKI44,Lewisham and Southwark,23.235,0.33,0.541666666666667,1546.5975,-2.86166666666665,-4.31666666666667
UKSE14,United Kingdom,UK,UKI,UKI4,UKI44,Lewisham and Southwark,23.235,0.33,0.541666666666667,1546.5975,-2.86166666666665,-4.31666666666667
UKSE15,United Kingdom,UK,UKI,UKI4,UKI44,Lewisham and Southwark,23.235,0.33,0.541666666666667,1546.5975,-2.86166666666665,-4.31666666666667
UKSE16,United Kingdom,UK,UKI,UKI4,UKI44,Lewisham and Southwark,23.235,0.33,0.541666666666667,1546.5975,-2.86166666666665,-4.31666666666667
UKSE17,United Kingdom,UK,UKI,UKI4,UKI44,Lewisham and Southwark,23.235,0.33,0.541666666666667,1546.5975,-2.86166666666665,-4.31666666666667
UKSE19,United Kingdom,UK,UKI,UKI4,UKI44,Lewisham and Southwark,23.235,0.33,0.541666666666667,1546.5975,-2.86166666666665,-4.31666666666667
UKSE1P,United Kingdom,UK,UKI,UKI4,UKI44,Lewisham and Southwark,23.235,0.33,0.541666666666667,1546.5975,-2.86166666666665,-4.31666666666667
UKSE21,United Kingdom,UK,UKI,UKI4,UKI44,Lewisham and Southwark,23.235,0.33,0.541666666666667,1546.5975,-2.86166666666665,-4.31666666666667
UKSE22,United Kingdom,UK,UKI,UKI4,UKI44,Lewisham and Southwark,23.235,0.33,0.541666666666667,1546.5975,-2.86166666666665,-4.31666666666667
UKSE23,United Kingdom,UK,UKI,UKI4,UKI44,Lewisham and Southwark,23.235,0.33,0.541666666666667,1546.5975,-2.86166666666665,-4.31666666666667
UKSE24,United Kingdom,UK,UKI,UKI4,UKI44,Lewisham and Southwark,23.235,0.33,0.541666666666667,1546.5975,-2.86166666666665,-4.31666666666667
UKSE26,United Kingdom,UK,UKI,UKI4,UKI44,Lewisham and Southwark,23.235,0.33,0.541666666666667,1546.5975,-2.86166666666665,-4.31666666666667
UKSE3,United Kingdom,UK,UKI,UKI4,UKI44,Lewisham and Southwark,23.235,0.33,0.541666666666667,1546.5975,-2.86166666666665,-4.31666666666667
UKSE4,United Kingdom,UK,UKI,UKI4,UKI44,Lewisham and Southwark,23.235,0.33,0.541666666666667,1546.5975,-2.86166666666665,-4.31666666666667
UKSE5,United Kingdom,UK,UKI,UKI4,UKI44,Lewisham and Southwark,23.235,0.33,0.541666666666667,1546.5975,-2.86166666666665,-4.31666666666667
UKSE6,United Kingdom,UK,UKI,UKI4,UKI44,Lewisham and Southwark,23.235,0.33,0.541666666666667,1546.5975,-2.86166666666665,-4.31666666666667
UKSE8,United Kingdom,UK,UKI,UKI4,UKI44,Lewisham and Southwark,23.235,0.33,0.541666666666667,1546.5975,-2.86166666666665,-4.31666666666667
UKSE9,United Kingdom,UK,UKI,UKI4,UKI44,Lewisham and Southwark,23.235,0.33,0.541666666666667,1546.5975,-2.86166666666665,-4.31666666666667
UKBR7,United Kingdom,UK,UKI,UKI5,UKI51,Bexley and Greenwich,22.7025,0.328333333333332,0.532499999999998,1557.45875,-2.88416666666667,-4.34833333333332
UKDA1,United Kingdom,UK,UKI,UKI5,UKI51,Bexley and Greenwich,22.7025,0.328333333333332,0.532499999999998,1557.45875,-2.88416666666667,-4.34833333333332
UKDA14,United Kingdom,UK,UKI,UKI5,UKI51,Bexley and Greenwich,22.7025,0.328333333333332,0.532499999999998,1557.45875,-2.88416666666667,-4.34833333333332
UKDA15,United Kingdom,UK,UKI,UKI5,UKI51,Bexley and Greenwich,22.7025,0.328333333333332,0.532499999999998,1557.45875,-2.88416666666667,-4.34833333333332
UKDA16,United Kingdom,UK,UKI,UKI5,UKI51,Bexley and Greenwich,22.7025,0.328333333333332,0.532499999999998,1557.45875,-2.88416666666667,-4.34833333333332
UKDA17,United Kingdom,UK,UKI,UKI5,UKI51,Bexley and Greenwich,22.7025,0.328333333333332,0.532499999999998,1557.45875,-2.88416666666667,-4.34833333333332
UKDA18,United Kingdom,UK,UKI,UKI5,UKI51,Bexley and Greenwich,22.7025,0.328333333333332,0.532499999999998,1557.45875,-2.88416666666667,-4.34833333333332
UKDA5,United Kingdom,UK,UKI,UKI5,UKI51,Bexley and Greenwich,22.7025,0.328333333333332,0.532499999999998,1557.45875,-2.88416666666667,-4.34833333333332
UKDA6,United Kingdom,UK,UKI,UKI5,UKI51,Bexley and Greenwich,22.7025,0.328333333333332,0.532499999999998,1557.45875,-2.88416666666667,-4.34833333333332
UKDA7,United Kingdom,UK,UKI,UKI5,UKI51,Bexley and Greenwich,22.7025,0.328333333333332,0.532499999999998,1557.45875,-2.88416666666667,-4.34833333333332
UKDA8,United Kingdom,UK,UKI,UKI5,UKI51,Bexley and Greenwich,22.7025,0.328333333333332,0.532499999999998,1557.45875,-2.88416666666667,-4.34833333333332
UKSE10,United Kingdom,UK,UKI,UKI5,UKI51,Bexley and Greenwich,22.7025,0.328333333333332,0.532499999999998,1557.45875,-2.88416666666667,-4.34833333333332
UKSE12,United Kingdom,UK,UKI,UKI5,UKI51,Bexley and Greenwich,22.7025,0.328333333333332,0.532499999999998,1557.45875,-2.88416666666667,-4.34833333333332
UKSE13,United Kingdom,UK,UKI,UKI5,UKI51,Bexley and Greenwich,22.7025,0.328333333333332,0.532499999999998,1557.45875,-2.88416666666667,-4.34833333333332
UKSE18,United Kingdom,UK,UKI,UKI5,UKI51,Bexley and Greenwich,22.7025,0.328333333333332,0.532499999999998,1557.45875,-2.88416666666667,-4.34833333333332
UKSE2,United Kingdom,UK,UKI,UKI5,UKI51,Bexley and Greenwich,22.7025,0.328333333333332,0.532499999999998,1557.45875,-2.88416666666667,-4.34833333333332
UKSE28,United Kingdom,UK,UKI,UKI5,UKI51,Bexley and Greenwich,22.7025,0.328333333333332,0.532499999999998,1557.45875,-2.88416666666667,-4.34833333333332
UKSE3,United Kingdom,UK,UKI,UKI5,UKI51,Bexley and Greenwich,22.7025,0.328333333333332,0.532499999999998,1557.45875,-2.88416666666667,-4.34833333333332
UKSE7,United Kingdom,UK,UKI,UKI5,UKI51,Bexley and Greenwich,22.7025,0.328333333333332,0.532499999999998,1557.45875,-2.88416666666667,-4.34833333333332
UKSE8,United Kingdom,UK,UKI,UKI5,UKI51,Bexley and Greenwich,22.7025,0.328333333333332,0.532499999999998,1557.45875,-2.88416666666667,-4.34833333333332
UKSE9,United Kingdom,UK,UKI,UKI5,UKI51,Bexley and Greenwich,22.7025,0.328333333333332,0.532499999999998,1557.45875,-2.88416666666667,-4.34833333333332
UKBR3,United Kingdom,UK,UKI,UKI6,UKI62,Croydon,19.9125,0.308333333333333,0.510833333333332,1583.12125,-2.87583333333333,-4.35749999999998
UKCR0,United Kingdom,UK,UKI,UKI6,UKI62,Croydon,19.9125,0.308333333333333,0.510833333333332,1583.12125,-2.87583333333333,-4.35749999999998
UKCR2,United Kingdom,UK,UKI,UKI6,UKI62,Croydon,19.9125,0.308333333333333,0.510833333333332,1583.12125,-2.87583333333333,-4.35749999999998
UKCR3,United Kingdom,UK,UKI,UKI6,UKI62,Croydon,19.9125,0.308333333333333,0.510833333333332,1583.12125,-2.87583333333333,-4.35749999999998
UKCR4,United Kingdom,UK,UKI,UKI6,UKI62,Croydon,19.9125,0.308333333333333,0.510833333333332,1583.12125,-2.87583333333333,-4.35749999999998
UKCR5,United Kingdom,UK,UKI,UKI6,UKI62,Croydon,19.9125,0.308333333333333,0.510833333333332,1583.12125,-2.87583333333333,-4.35749999999998
UKCR6,United Kingdom,UK,UKI,UKI6,UKI62,Croydon,19.9125,0.308333333333333,0.510833333333332,1583.12125,-2.87583333333333,-4.35749999999998
UKCR7,United Kingdom,UK,UKI,UKI6,UKI62,Croydon,19.9125,0.308333333333333,0.510833333333332,1583.12125,-2.87583333333333,-4.35749999999998
UKCR8,United Kingdom,UK,UKI,UKI6,UKI62,Croydon,19.9125,0.308333333333333,0.510833333333332,1583.12125,-2.87583333333333,-4.35749999999998
UKCR9,United Kingdom,UK,UKI,UKI6,UKI62,Croydon,19.9125,0.308333333333333,0.510833333333332,1583.12125,-2.87583333333333,-4.35749999999998
UKCR90,United Kingdom,UK,UKI,UKI6,UKI62,Croydon,19.9125,0.308333333333333,0.510833333333332,1583.12125,-2.87583333333333,-4.35749999999998
UKSE19,United Kingdom,UK,UKI,UKI6,UKI62,Croydon,19.9125,0.308333333333333,0.510833333333332,1583.12125,-2.87583333333333,-4.35749999999998
UKSE20,United Kingdom,UK,UKI,UKI6,UKI62,Croydon,19.9125,0.308333333333333,0.510833333333332,1583.12125,-2.87583333333333,-4.35749999999998
UKSE25,United Kingdom,UK,UKI,UKI6,UKI62,Croydon,19.9125,0.308333333333333,0.510833333333332,1583.12125,-2.87583333333333,-4.35749999999998
UKSW16,United Kingdom,UK,UKI,UKI6,UKI62,Croydon,19.9125,0.308333333333333,0.510833333333332,1583.12125,-2.87583333333333,-4.35749999999998
UKB46,United Kingdom,UK,UKG,UKG1,UKG13,Warwickshire,13.87020833333,0.226249999999998,0.395902777778333,1665.38479166323,-2.93069444445,-4.41291666666665
UKB47,United Kingdom,UK,UKG,UKG1,UKG13,Warwickshire,13.87020833333,0.226249999999998,0.395902777778333,1665.38479166323,-2.93069444445,-4.41291666666665
UKB48,United Kingdom,UK,UKG,UKG1,UKG13,Warwickshire,13.87020833333,0.226249999999998,0.395902777778333,1665.38479166323,-2.93069444445,-4.41291666666665
UKB49,United Kingdom,UK,UKG,UKG1,UKG13,Warwickshire,13.87020833333,0.226249999999998,0.395902777778333,1665.38479166323,-2.93069444445,-4.41291666666665
UKB50,United Kingdom,UK,UKG,UKG1,UKG13,Warwickshire,13.87020833333,0.226249999999998,0.395902777778333,1665.38479166323,-2.93069444445,-4.41291666666665
UKB75,United Kingdom,UK,UKG,UKG1,UKG13,Warwickshire,13.87020833333,0.226249999999998,0.395902777778333,1665.38479166323,-2.93069444445,-4.41291666666665
UKB76,United Kingdom,UK,UKG,UKG1,UKG13,Warwickshire,13.87020833333,0.226249999999998,0.395902777778333,1665.38479166323,-2.93069444445,-4.41291666666665
UKB77,United Kingdom,UK,UKG,UKG1,UKG13,Warwickshire,13.87020833333,0.226249999999998,0.395902777778333,1665.38479166323,-2.93069444445,-4.41291666666665
UKB78,United Kingdom,UK,UKG,UKG1,UKG13,Warwickshire,13.87020833333,0.226249999999998,0.395902777778333,1665.38479166323,-2.93069444445,-4.41291666666665
UKB79,United Kingdom,UK,UKG,UKG1,UKG13,Warwickshire,13.87020833333,0.226249999999998,0.395902777778333,1665.38479166323,-2.93069444445,-4.41291666666665
UKB80,United Kingdom,UK,UKG,UKG1,UKG13,Warwickshire,13.87020833333,0.226249999999998,0.395902777778333,1665.38479166323,-2.93069444445,-4.41291666666665
UKB93,United Kingdom,UK,UKG,UKG1,UKG13,Warwickshire,13.87020833333,0.226249999999998,0.395902777778333,1665.38479166323,-2.93069444445,-4.41291666666665
UKB94,United Kingdom,UK,UKG,UKG1,UKG13,Warwickshire,13.87020833333,0.226249999999998,0.395902777778333,1665.38479166323,-2.93069444445,-4.41291666666665
UKB95,United Kingdom,UK,UKG,UKG1,UKG13,Warwickshire,13.87020833333,0.226249999999998,0.395902777778333,1665.38479166323,-2.93069444445,-4.41291666666665
UKB96,United Kingdom,UK,UKG,UKG1,UKG13,Warwickshire,13.87020833333,0.226249999999998,0.395902777778333,1665.38479166323,-2.93069444445,-4.41291666666665
UKB97,United Kingdom,UK,UKG,UKG1,UKG13,Warwickshire,13.87020833333,0.226249999999998,0.395902777778333,1665.38479166323,-2.93069444445,-4.41291666666665
UKB98,United Kingdom,UK,UKG,UKG1,UKG13,Warwickshire,13.87020833333,0.226249999999998,0.395902777778333,1665.38479166323,-2.93069444445,-4.41291666666665
UKCV10,United Kingdom,UK,UKG,UKG1,UKG13,Warwickshire,13.87020833333,0.226249999999998,0.395902777778333,1665.38479166323,-2.93069444445,-4.41291666666665
UKCV11,United Kingdom,UK,UKG,UKG1,UKG13,Warwickshire,13.87020833333,0.226249999999998,0.395902777778333,1665.38479166323,-2.93069444445,-4.41291666666665
UKCV12,United Kingdom,UK,UKG,UKG1,UKG13,Warwickshire,13.87020833333,0.226249999999998,0.395902777778333,1665.38479166323,-2.93069444445,-4.41291666666665
UKCV13,United Kingdom,UK,UKG,UKG1,UKG13,Warwickshire,13.87020833333,0.226249999999998,0.395902777778333,1665.38479166323,-2.93069444445,-4.41291666666665
UKCV2,United Kingdom,UK,UKG,UKG1,UKG13,Warwickshire,13.87020833333,0.226249999999998,0.395902777778333,1665.38479166323,-2.93069444445,-4.41291666666665
UKCV21,United Kingdom,UK,UKG,UKG1,UKG13,Warwickshire,13.87020833333,0.226249999999998,0.395902777778333,1665.38479166323,-2.93069444445,-4.41291666666665
UKCV22,United Kingdom,UK,UKG,UKG1,UKG13,Warwickshire,13.87020833333,0.226249999999998,0.395902777778333,1665.38479166323,-2.93069444445,-4.41291666666665
UKCV23,United Kingdom,UK,UKG,UKG1,UKG13,Warwickshire,13.87020833333,0.226249999999998,0.395902777778333,1665.38479166323,-2.93069444445,-4.41291666666665
UKCV3,United Kingdom,UK,UKG,UKG1,UKG13,Warwickshire,13.87020833333,0.226249999999998,0.395902777778333,1665.38479166323,-2.93069444445,-4.41291666666665
UKCV31,United Kingdom,UK,UKG,UKG1,UKG13,Warwickshire,13.87020833333,0.226249999999998,0.395902777778333,1665.38479166323,-2.93069444445,-4.41291666666665
UKCV32,United Kingdom,UK,UKG,UKG1,UKG13,Warwickshire,13.87020833333,0.226249999999998,0.395902777778333,1665.38479166323,-2.93069444445,-4.41291666666665
UKCV33,United Kingdom,UK,UKG,UKG1,UKG13,Warwickshire,13.87020833333,0.226249999999998,0.395902777778333,1665.38479166323,-2.93069444445,-4.41291666666665
UKCV34,United Kingdom,UK,UKG,UKG1,UKG13,Warwickshire,13.87020833333,0.226249999999998,0.395902777778333,1665.38479166323,-2.93069444445,-4.41291666666665
UKCV35,United Kingdom,UK,UKG,UKG1,UKG13,Warwickshire,13.87020833333,0.226249999999998,0.395902777778333,1665.38479166323,-2.93069444445,-4.41291666666665
UKCV36,United Kingdom,UK,UKG,UKG1,UKG13,Warwickshire,13.87020833333,0.226249999999998,0.395902777778333,1665.38479166323,-2.93069444445,-4.41291666666665
UKCV37,United Kingdom,UK,UKG,UKG1,UKG13,Warwickshire,13.87020833333,0.226249999999998,0.395902777778333,1665.38479166323,-2.93069444445,-4.41291666666665
UKCV4,United Kingdom,UK,UKG,UKG1,UKG13,Warwickshire,13.87020833333,0.226249999999998,0.395902777778333,1665.38479166323,-2.93069444445,-4.41291666666665
UKCV47,United Kingdom,UK,UKG,UKG1,UKG13,Warwickshire,13.87020833333,0.226249999999998,0.395902777778333,1665.38479166323,-2.93069444445,-4.41291666666665
UKCV6,United Kingdom,UK,UKG,UKG1,UKG13,Warwickshire,13.87020833333,0.226249999999998,0.395902777778333,1665.38479166323,-2.93069444445,-4.41291666666665
UKCV7,United Kingdom,UK,UKG,UKG1,UKG13,Warwickshire,13.87020833333,0.226249999999998,0.395902777778333,1665.38479166323,-2.93069444445,-4.41291666666665
UKCV8,United Kingdom,UK,UKG,UKG1,UKG13,Warwickshire,13.87020833333,0.226249999999998,0.395902777778333,1665.38479166323,-2.93069444445,-4.41291666666665
UKCV9,United Kingdom,UK,UKG,UKG1,UKG13,Warwickshire,13.87020833333,0.226249999999998,0.395902777778333,1665.38479166323,-2.93069444445,-4.41291666666665
UKGL55,United Kingdom,UK,UKG,UKG1,UKG13,Warwickshire,13.87020833333,0.226249999999998,0.395902777778333,1665.38479166323,-2.93069444445,-4.41291666666665
UKGL56,United Kingdom,UK,UKG,UKG1,UKG13,Warwickshire,13.87020833333,0.226249999999998,0.395902777778333,1665.38479166323,-2.93069444445,-4.41291666666665
UKLE10,United Kingdom,UK,UKG,UKG1,UKG13,Warwickshire,13.87020833333,0.226249999999998,0.395902777778333,1665.38479166323,-2.93069444445,-4.41291666666665
UKLE17,United Kingdom,UK,UKG,UKG1,UKG13,Warwickshire,13.87020833333,0.226249999999998,0.395902777778333,1665.38479166323,-2.93069444445,-4.41291666666665
UKNN11,United Kingdom,UK,UKG,UKG1,UKG13,Warwickshire,13.87020833333,0.226249999999998,0.395902777778333,1665.38479166323,-2.93069444445,-4.41291666666665
UKOX15,United Kingdom,UK,UKG,UKG1,UKG13,Warwickshire,13.87020833333,0.226249999999998,0.395902777778333,1665.38479166323,-2.93069444445,-4.41291666666665
UKOX17,United Kingdom,UK,UKG,UKG1,UKG13,Warwickshire,13.87020833333,0.226249999999998,0.395902777778333,1665.38479166323,-2.93069444445,-4.41291666666665
UKOX7,United Kingdom,UK,UKG,UKG1,UKG13,Warwickshire,13.87020833333,0.226249999999998,0.395902777778333,1665.38479166323,-2.93069444445,-4.41291666666665
UKWR11,United Kingdom,UK,UKG,UKG1,UKG13,Warwickshire,13.87020833333,0.226249999999998,0.395902777778333,1665.38479166323,-2.93069444445,-4.41291666666665
UKCW3,United Kingdom,UK,UKG,UKG2,UKG22,Shropshire CC,5.8639375,0.115458333333333,0.23575,1715.5754375,-2.93420833333333,-4.41545833333333
UKDY12,United Kingdom,UK,UKG,UKG2,UKG22,Shropshire CC,5.8639375,0.115458333333333,0.23575,1715.5754375,-2.93420833333333,-4.41545833333333
UKDY14,United Kingdom,UK,UKG,UKG2,UKG22,Shropshire CC,5.8639375,0.115458333333333,0.23575,1715.5754375,-2.93420833333333,-4.41545833333333
UKDY7,United Kingdom,UK,UKG,UKG2,UKG22,Shropshire CC,5.8639375,0.115458333333333,0.23575,1715.5754375,-2.93420833333333,-4.41545833333333
UKLD7,United Kingdom,UK,UKG,UKG2,UKG22,Shropshire CC,5.8639375,0.115458333333333,0.23575,1715.5754375,-2.93420833333333,-4.41545833333333
UKLL14,United Kingdom,UK,UKG,UKG2,UKG22,Shropshire CC,5.8639375,0.115458333333333,0.23575,1715.5754375,-2.93420833333333,-4.41545833333333
UKST19,United Kingdom,UK,UKG,UKG2,UKG22,Shropshire CC,5.8639375,0.115458333333333,0.23575,1715.5754375,-2.93420833333333,-4.41545833333333
UKSY1,United Kingdom,UK,UKG,UKG2,UKG22,Shropshire CC,5.8639375,0.115458333333333,0.23575,1715.5754375,-2.93420833333333,-4.41545833333333
UKSY10,United Kingdom,UK,UKG,UKG2,UKG22,Shropshire CC,5.8639375,0.115458333333333,0.23575,1715.5754375,-2.93420833333333,-4.41545833333333
UKSY11,United Kingdom,UK,UKG,UKG2,UKG22,Shropshire CC,5.8639375,0.115458333333333,0.23575,1715.5754375,-2.93420833333333,-4.41545833333333
UKSY12,United Kingdom,UK,UKG,UKG2,UKG22,Shropshire CC,5.8639375,0.115458333333333,0.23575,1715.5754375,-2.93420833333333,-4.41545833333333
UKSY13,United Kingdom,UK,UKG,UKG2,UKG22,Shropshire CC,5.8639375,0.115458333333333,0.23575,1715.5754375,-2.93420833333333,-4.41545833333333
UKSY14,United Kingdom,UK,UKG,UKG2,UKG22,Shropshire CC,5.8639375,0.115458333333333,0.23575,1715.5754375,-2.93420833333333,-4.41545833333333
UKSY15,United Kingdom,UK,UKG,UKG2,UKG22,Shropshire CC,5.8639375,0.115458333333333,0.23575,1715.5754375,-2.93420833333333,-4.41545833333333
UKSY2,United Kingdom,UK,UKG,UKG2,UKG22,Shropshire CC,5.8639375,0.115458333333333,0.23575,1715.5754375,-2.93420833333333,-4.41545833333333
UKSY21,United Kingdom,UK,UKG,UKG2,UKG22,Shropshire CC,5.8639375,0.115458333333333,0.23575,1715.5754375,-2.93420833333333,-4.41545833333333
UKSY22,United Kingdom,UK,UKG,UKG2,UKG22,Shropshire CC,5.8639375,0.115458333333333,0.23575,1715.5754375,-2.93420833333333,-4.41545833333333
UKSY3,United Kingdom,UK,UKG,UKG2,UKG22,Shropshire CC,5.8639375,0.115458333333333,0.23575,1715.5754375,-2.93420833333333,-4.41545833333333
UKSY4,United Kingdom,UK,UKG,UKG2,UKG22,Shropshire CC,5.8639375,0.115458333333333,0.23575,1715.5754375,-2.93420833333333,-4.41545833333333
UKSY5,United Kingdom,UK,UKG,UKG2,UKG22,Shropshire CC,5.8639375,0.115458333333333,0.23575,1715.5754375,-2.93420833333333,-4.41545833333333
UKSY6,United Kingdom,UK,UKG,UKG2,UKG22,Shropshire CC,5.8639375,0.115458333333333,0.23575,1715.5754375,-2.93420833333333,-4.41545833333333
UKSY7,United Kingdom,UK,UKG,UKG2,UKG22,Shropshire CC,5.8639375,0.115458333333333,0.23575,1715.5754375,-2.93420833333333,-4.41545833333333
UKSY8,United Kingdom,UK,UKG,UKG2,UKG22,Shropshire CC,5.8639375,0.115458333333333,0.23575,1715.5754375,-2.93420833333333,-4.41545833333333
UKSY9,United Kingdom,UK,UKG,UKG2,UKG22,Shropshire CC,5.8639375,0.115458333333333,0.23575,1715.5754375,-2.93420833333333,-4.41545833333333
UKSY99,United Kingdom,UK,UKG,UKG2,UKG22,Shropshire CC,5.8639375,0.115458333333333,0.23575,1715.5754375,-2.93420833333333,-4.41545833333333
UKTF10,United Kingdom,UK,UKG,UKG2,UKG22,Shropshire CC,5.8639375,0.115458333333333,0.23575,1715.5754375,-2.93420833333333,-4.41545833333333
UKTF11,United Kingdom,UK,UKG,UKG2,UKG22,Shropshire CC,5.8639375,0.115458333333333,0.23575,1715.5754375,-2.93420833333333,-4.41545833333333
UKTF12,United Kingdom,UK,UKG,UKG2,UKG22,Shropshire CC,5.8639375,0.115458333333333,0.23575,1715.5754375,-2.93420833333333,-4.41545833333333
UKTF13,United Kingdom,UK,UKG,UKG2,UKG22,Shropshire CC,5.8639375,0.115458333333333,0.23575,1715.5754375,-2.93420833333333,-4.41545833333333
UKTF2,United Kingdom,UK,UKG,UKG2,UKG22,Shropshire CC,5.8639375,0.115458333333333,0.23575,1715.5754375,-2.93420833333333,-4.41545833333333
UKTF6,United Kingdom,UK,UKG,UKG2,UKG22,Shropshire CC,5.8639375,0.115458333333333,0.23575,1715.5754375,-2.93420833333333,-4.41545833333333
UKTF8,United Kingdom,UK,UKG,UKG2,UKG22,Shropshire CC,5.8639375,0.115458333333333,0.23575,1715.5754375,-2.93420833333333,-4.41545833333333
UKTF9,United Kingdom,UK,UKG,UKG2,UKG22,Shropshire CC,5.8639375,0.115458333333333,0.23575,1715.5754375,-2.93420833333333,-4.41545833333333
UKWR15,United Kingdom,UK,UKG,UKG2,UKG22,Shropshire CC,5.8639375,0.115458333333333,0.23575,1715.5754375,-2.93420833333333,-4.41545833333333
UKWV15,United Kingdom,UK,UKG,UKG2,UKG22,Shropshire CC,5.8639375,0.115458333333333,0.23575,1715.5754375,-2.93420833333333,-4.41545833333333
UKWV16,United Kingdom,UK,UKG,UKG2,UKG22,Shropshire CC,5.8639375,0.115458333333333,0.23575,1715.5754375,-2.93420833333333,-4.41545833333333
UKWV5,United Kingdom,UK,UKG,UKG2,UKG22,Shropshire CC,5.8639375,0.115458333333333,0.23575,1715.5754375,-2.93420833333333,-4.41545833333333
UKWV6,United Kingdom,UK,UKG,UKG2,UKG22,Shropshire CC,5.8639375,0.115458333333333,0.23575,1715.5754375,-2.93420833333333,-4.41545833333333
UKWV7,United Kingdom,UK,UKG,UKG2,UKG22,Shropshire CC,5.8639375,0.115458333333333,0.23575,1715.5754375,-2.93420833333333,-4.41545833333333
UKWV8,United Kingdom,UK,UKG,UKG2,UKG22,Shropshire CC,5.8639375,0.115458333333333,0.23575,1715.5754375,-2.93420833333333,-4.41545833333333
UKAL1,United Kingdom,UK,UKH,UKH2,UKH23,Hertfordshire,18.9192857142525,0.294761904761667,0.485396825396665,1631.73666666705,-2.9780952381,-4.48484126983333
UKAL10,United Kingdom,UK,UKH,UKH2,UKH23,Hertfordshire,18.9192857142525,0.294761904761667,0.485396825396665,1631.73666666705,-2.9780952381,-4.48484126983333
UKAL2,United Kingdom,UK,UKH,UKH2,UKH23,Hertfordshire,18.9192857142525,0.294761904761667,0.485396825396665,1631.73666666705,-2.9780952381,-4.48484126983333
UKAL3,United Kingdom,UK,UKH,UKH2,UKH23,Hertfordshire,18.9192857142525,0.294761904761667,0.485396825396665,1631.73666666705,-2.9780952381,-4.48484126983333
UKAL4,United Kingdom,UK,UKH,UKH2,UKH23,Hertfordshire,18.9192857142525,0.294761904761667,0.485396825396665,1631.73666666705,-2.9780952381,-4.48484126983333
UKAL5,United Kingdom,UK,UKH,UKH2,UKH23,Hertfordshire,18.9192857142525,0.294761904761667,0.485396825396665,1631.73666666705,-2.9780952381,-4.48484126983333
UKAL6,United Kingdom,UK,UKH,UKH2,UKH23,Hertfordshire,18.9192857142525,0.294761904761667,0.485396825396665,1631.73666666705,-2.9780952381,-4.48484126983333
UKAL7,United Kingdom,UK,UKH,UKH2,UKH23,Hertfordshire,18.9192857142525,0.294761904761667,0.485396825396665,1631.73666666705,-2.9780952381,-4.48484126983333
UKAL8,United Kingdom,UK,UKH,UKH2,UKH23,Hertfordshire,18.9192857142525,0.294761904761667,0.485396825396665,1631.73666666705,-2.9780952381,-4.48484126983333
UKAL9,United Kingdom,UK,UKH,UKH2,UKH23,Hertfordshire,18.9192857142525,0.294761904761667,0.485396825396665,1631.73666666705,-2.9780952381,-4.48484126983333
UKCM19,United Kingdom,UK,UKH,UKH2,UKH23,Hertfordshire,18.9192857142525,0.294761904761667,0.485396825396665,1631.73666666705,-2.9780952381,-4.48484126983333
UKCM20,United Kingdom,UK,UKH,UKH2,UKH23,Hertfordshire,18.9192857142525,0.294761904761667,0.485396825396665,1631.73666666705,-2.9780952381,-4.48484126983333
UKCM21,United Kingdom,UK,UKH,UKH2,UKH23,Hertfordshire,18.9192857142525,0.294761904761667,0.485396825396665,1631.73666666705,-2.9780952381,-4.48484126983333
UKCM22,United Kingdom,UK,UKH,UKH2,UKH23,Hertfordshire,18.9192857142525,0.294761904761667,0.485396825396665,1631.73666666705,-2.9780952381,-4.48484126983333
UKCM23,United Kingdom,UK,UKH,UKH2,UKH23,Hertfordshire,18.9192857142525,0.294761904761667,0.485396825396665,1631.73666666705,-2.9780952381,-4.48484126983333
UKEN10,United Kingdom,UK,UKH,UKH2,UKH23,Hertfordshire,18.9192857142525,0.294761904761667,0.485396825396665,1631.73666666705,-2.9780952381,-4.48484126983333
UKEN11,United Kingdom,UK,UKH,UKH2,UKH23,Hertfordshire,18.9192857142525,0.294761904761667,0.485396825396665,1631.73666666705,-2.9780952381,-4.48484126983333
UKEN2,United Kingdom,UK,UKH,UKH2,UKH23,Hertfordshire,18.9192857142525,0.294761904761667,0.485396825396665,1631.73666666705,-2.9780952381,-4.48484126983333
UKEN4,United Kingdom,UK,UKH,UKH2,UKH23,Hertfordshire,18.9192857142525,0.294761904761667,0.485396825396665,1631.73666666705,-2.9780952381,-4.48484126983333
UKEN5,United Kingdom,UK,UKH,UKH2,UKH23,Hertfordshire,18.9192857142525,0.294761904761667,0.485396825396665,1631.73666666705,-2.9780952381,-4.48484126983333
UKEN6,United Kingdom,UK,UKH,UKH2,UKH23,Hertfordshire,18.9192857142525,0.294761904761667,0.485396825396665,1631.73666666705,-2.9780952381,-4.48484126983333
UKEN7,United Kingdom,UK,UKH,UKH2,UKH23,Hertfordshire,18.9192857142525,0.294761904761667,0.485396825396665,1631.73666666705,-2.9780952381,-4.48484126983333
UKEN8,United Kingdom,UK,UKH,UKH2,UKH23,Hertfordshire,18.9192857142525,0.294761904761667,0.485396825396665,1631.73666666705,-2.9780952381,-4.48484126983333
UKEN9,United Kingdom,UK,UKH,UKH2,UKH23,Hertfordshire,18.9192857142525,0.294761904761667,0.485396825396665,1631.73666666705,-2.9780952381,-4.48484126983333
UKHA5,United Kingdom,UK,UKH,UKH2,UKH23,Hertfordshire,18.9192857142525,0.294761904761667,0.485396825396665,1631.73666666705,-2.9780952381,-4.48484126983333
UKHA6,United Kingdom,UK,UKH,UKH2,UKH23,Hertfordshire,18.9192857142525,0.294761904761667,0.485396825396665,1631.73666666705,-2.9780952381,-4.48484126983333
UKHA7,United Kingdom,UK,UKH,UKH2,UKH23,Hertfordshire,18.9192857142525,0.294761904761667,0.485396825396665,1631.73666666705,-2.9780952381,-4.48484126983333
UKHP1,United Kingdom,UK,UKH,UKH2,UKH23,Hertfordshire,18.9192857142525,0.294761904761667,0.485396825396665,1631.73666666705,-2.9780952381,-4.48484126983333
UKHP2,United Kingdom,UK,UKH,UKH2,UKH23,Hertfordshire,18.9192857142525,0.294761904761667,0.485396825396665,1631.73666666705,-2.9780952381,-4.48484126983333
UKHP23,United Kingdom,UK,UKH,UKH2,UKH23,Hertfordshire,18.9192857142525,0.294761904761667,0.485396825396665,1631.73666666705,-2.9780952381,-4.48484126983333
UKHP3,United Kingdom,UK,UKH,UKH2,UKH23,Hertfordshire,18.9192857142525,0.294761904761667,0.485396825396665,1631.73666666705,-2.9780952381,-4.48484126983333
UKHP4,United Kingdom,UK,UKH,UKH2,UKH23,Hertfordshire,18.9192857142525,0.294761904761667,0.485396825396665,1631.73666666705,-2.9780952381,-4.48484126983333
UKHP5,United Kingdom,UK,UKH,UKH2,UKH23,Hertfordshire,18.9192857142525,0.294761904761667,0.485396825396665,1631.73666666705,-2.9780952381,-4.48484126983333
UKHP8,United Kingdom,UK,UKH,UKH2,UKH23,Hertfordshire,18.9192857142525,0.294761904761667,0.485396825396665,1631.73666666705,-2.9780952381,-4.48484126983333
UKLU1,United Kingdom,UK,UKH,UKH2,UKH23,Hertfordshire,18.9192857142525,0.294761904761667,0.485396825396665,1631.73666666705,-2.9780952381,-4.48484126983333
UKLU2,United Kingdom,UK,UKH,UKH2,UKH23,Hertfordshire,18.9192857142525,0.294761904761667,0.485396825396665,1631.73666666705,-2.9780952381,-4.48484126983333
UKLU6,United Kingdom,UK,UKH,UKH2,UKH23,Hertfordshire,18.9192857142525,0.294761904761667,0.485396825396665,1631.73666666705,-2.9780952381,-4.48484126983333
UKSG1,United Kingdom,UK,UKH,UKH2,UKH23,Hertfordshire,18.9192857142525,0.294761904761667,0.485396825396665,1631.73666666705,-2.9780952381,-4.48484126983333
UKSG10,United Kingdom,UK,UKH,UKH2,UKH23,Hertfordshire,18.9192857142525,0.294761904761667,0.485396825396665,1631.73666666705,-2.9780952381,-4.48484126983333
UKSG11,United Kingdom,UK,UKH,UKH2,UKH23,Hertfordshire,18.9192857142525,0.294761904761667,0.485396825396665,1631.73666666705,-2.9780952381,-4.48484126983333
UKSG12,United Kingdom,UK,UKH,UKH2,UKH23,Hertfordshire,18.9192857142525,0.294761904761667,0.485396825396665,1631.73666666705,-2.9780952381,-4.48484126983333
UKSG13,United Kingdom,UK,UKH,UKH2,UKH23,Hertfordshire,18.9192857142525,0.294761904761667,0.485396825396665,1631.73666666705,-2.9780952381,-4.48484126983333
UKSG14,United Kingdom,UK,UKH,UKH2,UKH23,Hertfordshire,18.9192857142525,0.294761904761667,0.485396825396665,1631.73666666705,-2.9780952381,-4.48484126983333
UKSG15,United Kingdom,UK,UKH,UKH2,UKH23,Hertfordshire,18.9192857142525,0.294761904761667,0.485396825396665,1631.73666666705,-2.9780952381,-4.48484126983333
UKSG2,United Kingdom,UK,UKH,UKH2,UKH23,Hertfordshire,18.9192857142525,0.294761904761667,0.485396825396665,1631.73666666705,-2.9780952381,-4.48484126983333
UKSG3,United Kingdom,UK,UKH,UKH2,UKH23,Hertfordshire,18.9192857142525,0.294761904761667,0.485396825396665,1631.73666666705,-2.9780952381,-4.48484126983333
UKSG4,United Kingdom,UK,UKH,UKH2,UKH23,Hertfordshire,18.9192857142525,0.294761904761667,0.485396825396665,1631.73666666705,-2.9780952381,-4.48484126983333
UKSG5,United Kingdom,UK,UKH,UKH2,UKH23,Hertfordshire,18.9192857142525,0.294761904761667,0.485396825396665,1631.73666666705,-2.9780952381,-4.48484126983333
UKSG6,United Kingdom,UK,UKH,UKH2,UKH23,Hertfordshire,18.9192857142525,0.294761904761667,0.485396825396665,1631.73666666705,-2.9780952381,-4.48484126983333
UKSG7,United Kingdom,UK,UKH,UKH2,UKH23,Hertfordshire,18.9192857142525,0.294761904761667,0.485396825396665,1631.73666666705,-2.9780952381,-4.48484126983333
UKSG8,United Kingdom,UK,UKH,UKH2,UKH23,Hertfordshire,18.9192857142525,0.294761904761667,0.485396825396665,1631.73666666705,-2.9780952381,-4.48484126983333
UKSG9,United Kingdom,UK,UKH,UKH2,UKH23,Hertfordshire,18.9192857142525,0.294761904761667,0.485396825396665,1631.73666666705,-2.9780952381,-4.48484126983333
UKSL9,United Kingdom,UK,UKH,UKH2,UKH23,Hertfordshire,18.9192857142525,0.294761904761667,0.485396825396665,1631.73666666705,-2.9780952381,-4.48484126983333
UKUB9,United Kingdom,UK,UKH,UKH2,UKH23,Hertfordshire,18.9192857142525,0.294761904761667,0.485396825396665,1631.73666666705,-2.9780952381,-4.48484126983333
UKWD17,United Kingdom,UK,UKH,UKH2,UKH23,Hertfordshire,18.9192857142525,0.294761904761667,0.485396825396665,1631.73666666705,-2.9780952381,-4.48484126983333
UKWD18,United Kingdom,UK,UKH,UKH2,UKH23,Hertfordshire,18.9192857142525,0.294761904761667,0.485396825396665,1631.73666666705,-2.9780952381,-4.48484126983333
UKWD19,United Kingdom,UK,UKH,UKH2,UKH23,Hertfordshire,18.9192857142525,0.294761904761667,0.485396825396665,1631.73666666705,-2.9780952381,-4.48484126983333
UKWD23,United Kingdom,UK,UKH,UKH2,UKH23,Hertfordshire,18.9192857142525,0.294761904761667,0.485396825396665,1631.73666666705,-2.9780952381,-4.48484126983333
UKWD24,United Kingdom,UK,UKH,UKH2,UKH23,Hertfordshire,18.9192857142525,0.294761904761667,0.485396825396665,1631.73666666705,-2.9780952381,-4.48484126983333
UKWD25,United Kingdom,UK,UKH,UKH2,UKH23,Hertfordshire,18.9192857142525,0.294761904761667,0.485396825396665,1631.73666666705,-2.9780952381,-4.48484126983333
UKWD3,United Kingdom,UK,UKH,UKH2,UKH23,Hertfordshire,18.9192857142525,0.294761904761667,0.485396825396665,1631.73666666705,-2.9780952381,-4.48484126983333
UKWD4,United Kingdom,UK,UKH,UKH2,UKH23,Hertfordshire,18.9192857142525,0.294761904761667,0.485396825396665,1631.73666666705,-2.9780952381,-4.48484126983333
UKWD5,United Kingdom,UK,UKH,UKH2,UKH23,Hertfordshire,18.9192857142525,0.294761904761667,0.485396825396665,1631.73666666705,-2.9780952381,-4.48484126983333
UKWD6,United Kingdom,UK,UKH,UKH2,UKH23,Hertfordshire,18.9192857142525,0.294761904761667,0.485396825396665,1631.73666666705,-2.9780952381,-4.48484126983333
UKWD7,United Kingdom,UK,UKH,UKH2,UKH23,Hertfordshire,18.9192857142525,0.294761904761667,0.485396825396665,1631.73666666705,-2.9780952381,-4.48484126983333
UKWD99,United Kingdom,UK,UKH,UKH2,UKH23,Hertfordshire,18.9192857142525,0.294761904761667,0.485396825396665,1631.73666666705,-2.9780952381,-4.48484126983333
UKDD2,United Kingdom,UK,UKM,UKM7,UKM77,Perth & Kinross and Stirling,0.245022935779475,0.00720183486238333,0.0223547400611667,2057.245389913,-3.67243119266667,-5.19371559633332
UKFK14,United Kingdom,UK,UKM,UKM7,UKM77,Perth & Kinross and Stirling,0.245022935779475,0.00720183486238333,0.0223547400611667,2057.245389913,-3.67243119266667,-5.19371559633332
UKFK15,United Kingdom,UK,UKM,UKM7,UKM77,Perth & Kinross and Stirling,0.245022935779475,0.00720183486238333,0.0223547400611667,2057.245389913,-3.67243119266667,-5.19371559633332
UKFK16,United Kingdom,UK,UKM,UKM7,UKM77,Perth & Kinross and Stirling,0.245022935779475,0.00720183486238333,0.0223547400611667,2057.245389913,-3.67243119266667,-5.19371559633332
UKFK17,United Kingdom,UK,UKM,UKM7,UKM77,Perth & Kinross and Stirling,0.245022935779475,0.00720183486238333,0.0223547400611667,2057.245389913,-3.67243119266667,-5.19371559633332
UKFK18,United Kingdom,UK,UKM,UKM7,UKM77,Perth & Kinross and Stirling,0.245022935779475,0.00720183486238333,0.0223547400611667,2057.245389913,-3.67243119266667,-5.19371559633332
UKFK19,United Kingdom,UK,UKM,UKM7,UKM77,Perth & Kinross and Stirling,0.245022935779475,0.00720183486238333,0.0223547400611667,2057.245389913,-3.67243119266667,-5.19371559633332
UKFK2,United Kingdom,UK,UKM,UKM7,UKM77,Perth & Kinross and Stirling,0.245022935779475,0.00720183486238333,0.0223547400611667,2057.245389913,-3.67243119266667,-5.19371559633332
UKFK20,United Kingdom,UK,UKM,UKM7,UKM77,Perth & Kinross and Stirling,0.245022935779475,0.00720183486238333,0.0223547400611667,2057.245389913,-3.67243119266667,-5.19371559633332
UKFK21,United Kingdom,UK,UKM,UKM7,UKM77,Perth & Kinross and Stirling,0.245022935779475,0.00720183486238333,0.0223547400611667,2057.245389913,-3.67243119266667,-5.19371559633332
UKFK5,United Kingdom,UK,UKM,UKM7,UKM77,Perth & Kinross and Stirling,0.245022935779475,0.00720183486238333,0.0223547400611667,2057.245389913,-3.67243119266667,-5.19371559633332
UKFK6,United Kingdom,UK,UKM,UKM7,UKM77,Perth & Kinross and Stirling,0.245022935779475,0.00720183486238333,0.0223547400611667,2057.245389913,-3.67243119266667,-5.19371559633332
UKFK7,United Kingdom,UK,UKM,UKM7,UKM77,Perth & Kinross and Stirling,0.245022935779475,0.00720183486238333,0.0223547400611667,2057.245389913,-3.67243119266667,-5.19371559633332
UKFK8,United Kingdom,UK,UKM,UKM7,UKM77,Perth & Kinross and Stirling,0.245022935779475,0.00720183486238333,0.0223547400611667,2057.245389913,-3.67243119266667,-5.19371559633332
UKFK9,United Kingdom,UK,UKM,UKM7,UKM77,Perth & Kinross and Stirling,0.245022935779475,0.00720183486238333,0.0223547400611667,2057.245389913,-3.67243119266667,-5.19371559633332
UKG62,United Kingdom,UK,UKM,UKM7,UKM77,Perth & Kinross and Stirling,0.245022935779475,0.00720183486238333,0.0223547400611667,2057.245389913,-3.67243119266667,-5.19371559633332
UKG63,United Kingdom,UK,UKM,UKM7,UKM77,Perth & Kinross and Stirling,0.245022935779475,0.00720183486238333,0.0223547400611667,2057.245389913,-3.67243119266667,-5.19371559633332
UKG83,United Kingdom,UK,UKM,UKM7,UKM77,Perth & Kinross and Stirling,0.245022935779475,0.00720183486238333,0.0223547400611667,2057.245389913,-3.67243119266667,-5.19371559633332
UKKY13,United Kingdom,UK,UKM,UKM7,UKM77,Perth & Kinross and Stirling,0.245022935779475,0.00720183486238333,0.0223547400611667,2057.245389913,-3.67243119266667,-5.19371559633332
UKKY14,United Kingdom,UK,UKM,UKM7,UKM77,Perth & Kinross and Stirling,0.245022935779475,0.00720183486238333,0.0223547400611667,2057.245389913,-3.67243119266667,-5.19371559633332
UKKY4,United Kingdom,UK,UKM,UKM7,UKM77,Perth & Kinross and Stirling,0.245022935779475,0.00720183486238333,0.0223547400611667,2057.245389913,-3.67243119266667,-5.19371559633332
UKKY5,United Kingdom,UK,UKM,UKM7,UKM77,Perth & Kinross and Stirling,0.245022935779475,0.00720183486238333,0.0223547400611667,2057.245389913,-3.67243119266667,-5.19371559633332
UKKY6,United Kingdom,UK,UKM,UKM7,UKM77,Perth & Kinross and Stirling,0.245022935779475,0.00720183486238333,0.0223547400611667,2057.245389913,-3.67243119266667,-5.19371559633332
UKPH1,United Kingdom,UK,UKM,UKM7,UKM77,Perth & Kinross and Stirling,0.245022935779475,0.00720183486238333,0.0223547400611667,2057.245389913,-3.67243119266667,-5.19371559633332
UKPH10,United Kingdom,UK,UKM,UKM7,UKM77,Perth & Kinross and Stirling,0.245022935779475,0.00720183486238333,0.0223547400611667,2057.245389913,-3.67243119266667,-5.19371559633332
UKPH11,United Kingdom,UK,UKM,UKM7,UKM77,Perth & Kinross and Stirling,0.245022935779475,0.00720183486238333,0.0223547400611667,2057.245389913,-3.67243119266667,-5.19371559633332
UKPH12,United Kingdom,UK,UKM,UKM7,UKM77,Perth & Kinross and Stirling,0.245022935779475,0.00720183486238333,0.0223547400611667,2057.245389913,-3.67243119266667,-5.19371559633332
UKPH13,United Kingdom,UK,UKM,UKM7,UKM77,Perth & Kinross and Stirling,0.245022935779475,0.00720183486238333,0.0223547400611667,2057.245389913,-3.67243119266667,-5.19371559633332
UKPH14,United Kingdom,UK,UKM,UKM7,UKM77,Perth & Kinross and Stirling,0.245022935779475,0.00720183486238333,0.0223547400611667,2057.245389913,-3.67243119266667,-5.19371559633332
UKPH15,United Kingdom,UK,UKM,UKM7,UKM77,Perth & Kinross and Stirling,0.245022935779475,0.00720183486238333,0.0223547400611667,2057.245389913,-3.67243119266667,-5.19371559633332
UKPH16,United Kingdom,UK,UKM,UKM7,UKM77,Perth & Kinross and Stirling,0.245022935779475,0.00720183486238333,0.0223547400611667,2057.245389913,-3.67243119266667,-5.19371559633332
UKPH17,United Kingdom,UK,UKM,UKM7,UKM77,Perth & Kinross and Stirling,0.245022935779475,0.00720183486238333,0.0223547400611667,2057.245389913,-3.67243119266667,-5.19371559633332
UKPH18,United Kingdom,UK,UKM,UKM7,UKM77,Perth & Kinross and Stirling,0.245022935779475,0.00720183486238333,0.0223547400611667,2057.245389913,-3.67243119266667,-5.19371559633332
UKPH2,United Kingdom,UK,UKM,UKM7,UKM77,Perth & Kinross and Stirling,0.245022935779475,0.00720183486238333,0.0223547400611667,2057.245389913,-3.67243119266667,-5.19371559633332
UKPH3,United Kingdom,UK,UKM,UKM7,UKM77,Perth & Kinross and Stirling,0.245022935779475,0.00720183486238333,0.0223547400611667,2057.245389913,-3.67243119266667,-5.19371559633332
UKPH4,United Kingdom,UK,UKM,UKM7,UKM77,Perth & Kinross and Stirling,0.245022935779475,0.00720183486238333,0.0223547400611667,2057.245389913,-3.67243119266667,-5.19371559633332
UKPH5,United Kingdom,UK,UKM,UKM7,UKM77,Perth & Kinross and Stirling,0.245022935779475,0.00720183486238333,0.0223547400611667,2057.245389913,-3.67243119266667,-5.19371559633332
UKPH6,United Kingdom,UK,UKM,UKM7,UKM77,Perth & Kinross and Stirling,0.245022935779475,0.00720183486238333,0.0223547400611667,2057.245389913,-3.67243119266667,-5.19371559633332
UKPH7,United Kingdom,UK,UKM,UKM7,UKM77,Perth & Kinross and Stirling,0.245022935779475,0.00720183486238333,0.0223547400611667,2057.245389913,-3.67243119266667,-5.19371559633332
UKPH8,United Kingdom,UK,UKM,UKM7,UKM77,Perth & Kinross and Stirling,0.245022935779475,0.00720183486238333,0.0223547400611667,2057.245389913,-3.67243119266667,-5.19371559633332
UKPH9,United Kingdom,UK,UKM,UKM7,UKM77,Perth & Kinross and Stirling,0.245022935779475,0.00720183486238333,0.0223547400611667,2057.245389913,-3.67243119266667,-5.19371559633332
UKEH27,United Kingdom,UK,UKM,UKM7,UKM78,West Lothian,0.24625,0.0075,0.0294444444445,1946.72541667,-3.25083333333333,-4.68
UKEH28,United Kingdom,UK,UKM,UKM7,UKM78,West Lothian,0.24625,0.0075,0.0294444444445,1946.72541667,-3.25083333333333,-4.68
UKEH29,United Kingdom,UK,UKM,UKM7,UKM78,West Lothian,0.24625,0.0075,0.0294444444445,1946.72541667,-3.25083333333333,-4.68
UKEH30,United Kingdom,UK,UKM,UKM7,UKM78,West Lothian,0.24625,0.0075,0.0294444444445,1946.72541667,-3.25083333333333,-4.68
UKEH47,United Kingdom,UK,UKM,UKM7,UKM78,West Lothian,0.24625,0.0075,0.0294444444445,1946.72541667,-3.25083333333333,-4.68
UKEH48,United Kingdom,UK,UKM,UKM7,UKM78,West Lothian,0.24625,0.0075,0.0294444444445,1946.72541667,-3.25083333333333,-4.68
UKEH49,United Kingdom,UK,UKM,UKM7,UKM78,West Lothian,0.24625,0.0075,0.0294444444445,1946.72541667,-3.25083333333333,-4.68
UKEH52,United Kingdom,UK,UKM,UKM7,UKM78,West Lothian,0.24625,0.0075,0.0294444444445,1946.72541667,-3.25083333333333,-4.68
UKEH53,United Kingdom,UK,UKM,UKM7,UKM78,West Lothian,0.24625,0.0075,0.0294444444445,1946.72541667,-3.25083333333333,-4.68
UKEH54,United Kingdom,UK,UKM,UKM7,UKM78,West Lothian,0.24625,0.0075,0.0294444444445,1946.72541667,-3.25083333333333,-4.68
UKEH55,United Kingdom,UK,UKM,UKM7,UKM78,West Lothian,0.24625,0.0075,0.0294444444445,1946.72541667,-3.25083333333333,-4.68
UKFK1,United Kingdom,UK,UKM,UKM7,UKM78,West Lothian,0.24625,0.0075,0.0294444444445,1946.72541667,-3.25083333333333,-4.68
UKML11,United Kingdom,UK,UKM,UKM7,UKM78,West Lothian,0.24625,0.0075,0.0294444444445,1946.72541667,-3.25083333333333,-4.68
UKML7,United Kingdom,UK,UKM,UKM7,UKM78,West Lothian,0.24625,0.0075,0.0294444444445,1946.72541667,-3.25083333333333,-4.68
UKAB37,United Kingdom,UK,UKM,UKM6,UKM62,"Inverness & Nairn and Moray, Badenoch & Strathspey",0.0841379310344875,0.00126436781609167,0.00897988505746667,2142.09463362151,-3.86397988505,-5.48465517241667
UKAB38,United Kingdom,UK,UKM,UKM6,UKM62,"Inverness & Nairn and Moray, Badenoch & Strathspey",0.0841379310344875,0.00126436781609167,0.00897988505746667,2142.09463362151,-3.86397988505,-5.48465517241667
UKAB45,United Kingdom,UK,UKM,UKM6,UKM62,"Inverness & Nairn and Moray, Badenoch & Strathspey",0.0841379310344875,0.00126436781609167,0.00897988505746667,2142.09463362151,-3.86397988505,-5.48465517241667
UKAB54,United Kingdom,UK,UKM,UKM6,UKM62,"Inverness & Nairn and Moray, Badenoch & Strathspey",0.0841379310344875,0.00126436781609167,0.00897988505746667,2142.09463362151,-3.86397988505,-5.48465517241667
UKAB55,United Kingdom,UK,UKM,UKM6,UKM62,"Inverness & Nairn and Moray, Badenoch & Strathspey",0.0841379310344875,0.00126436781609167,0.00897988505746667,2142.09463362151,-3.86397988505,-5.48465517241667
UKAB56,United Kingdom,UK,UKM,UKM6,UKM62,"Inverness & Nairn and Moray, Badenoch & Strathspey",0.0841379310344875,0.00126436781609167,0.00897988505746667,2142.09463362151,-3.86397988505,-5.48465517241667
UKIV1,United Kingdom,UK,UKM,UKM6,UKM62,"Inverness & Nairn and Moray, Badenoch & Strathspey",0.0841379310344875,0.00126436781609167,0.00897988505746667,2142.09463362151,-3.86397988505,-5.48465517241667
UKIV12,United Kingdom,UK,UKM,UKM6,UKM62,"Inverness & Nairn and Moray, Badenoch & Strathspey",0.0841379310344875,0.00126436781609167,0.00897988505746667,2142.09463362151,-3.86397988505,-5.48465517241667
UKIV13,United Kingdom,UK,UKM,UKM6,UKM62,"Inverness & Nairn and Moray, Badenoch & Strathspey",0.0841379310344875,0.00126436781609167,0.00897988505746667,2142.09463362151,-3.86397988505,-5.48465517241667
UKIV2,United Kingdom,UK,UKM,UKM6,UKM62,"Inverness & Nairn and Moray, Badenoch & Strathspey",0.0841379310344875,0.00126436781609167,0.00897988505746667,2142.09463362151,-3.86397988505,-5.48465517241667
UKIV3,United Kingdom,UK,UKM,UKM6,UKM62,"Inverness & Nairn and Moray, Badenoch & Strathspey",0.0841379310344875,0.00126436781609167,0.00897988505746667,2142.09463362151,-3.86397988505,-5.48465517241667
UKIV30,United Kingdom,UK,UKM,UKM6,UKM62,"Inverness & Nairn and Moray, Badenoch & Strathspey",0.0841379310344875,0.00126436781609167,0.00897988505746667,2142.09463362151,-3.86397988505,-5.48465517241667
UKIV31,United Kingdom,UK,UKM,UKM6,UKM62,"Inverness & Nairn and Moray, Badenoch & Strathspey",0.0841379310344875,0.00126436781609167,0.00897988505746667,2142.09463362151,-3.86397988505,-5.48465517241667
UKIV32,United Kingdom,UK,UKM,UKM6,UKM62,"Inverness & Nairn and Moray, Badenoch & Strathspey",0.0841379310344875,0.00126436781609167,0.00897988505746667,2142.09463362151,-3.86397988505,-5.48465517241667
UKIV36,United Kingdom,UK,UKM,UKM6,UKM62,"Inverness & Nairn and Moray, Badenoch & Strathspey",0.0841379310344875,0.00126436781609167,0.00897988505746667,2142.09463362151,-3.86397988505,-5.48465517241667
UKIV4,United Kingdom,UK,UKM,UKM6,UKM62,"Inverness & Nairn and Moray, Badenoch & Strathspey",0.0841379310344875,0.00126436781609167,0.00897988505746667,2142.09463362151,-3.86397988505,-5.48465517241667
UKIV5,United Kingdom,UK,UKM,UKM6,UKM62,"Inverness & Nairn and Moray, Badenoch & Strathspey",0.0841379310344875,0.00126436781609167,0.00897988505746667,2142.09463362151,-3.86397988505,-5.48465517241667
UKIV6,United Kingdom,UK,UKM,UKM6,UKM62,"Inverness & Nairn and Moray, Badenoch & Strathspey",0.0841379310344875,0.00126436781609167,0.00897988505746667,2142.09463362151,-3.86397988505,-5.48465517241667
UKIV63,United Kingdom,UK,UKM,UKM6,UKM62,"Inverness & Nairn and Moray, Badenoch & Strathspey",0.0841379310344875,0.00126436781609167,0.00897988505746667,2142.09463362151,-3.86397988505,-5.48465517241667
UKIV99,United Kingdom,UK,UKM,UKM6,UKM62,"Inverness & Nairn and Moray, Badenoch & Strathspey",0.0841379310344875,0.00126436781609167,0.00897988505746667,2142.09463362151,-3.86397988505,-5.48465517241667
UKPH19,United Kingdom,UK,UKM,UKM6,UKM62,"Inverness & Nairn and Moray, Badenoch & Strathspey",0.0841379310344875,0.00126436781609167,0.00897988505746667,2142.09463362151,-3.86397988505,-5.48465517241667
UKPH20,United Kingdom,UK,UKM,UKM6,UKM62,"Inverness & Nairn and Moray, Badenoch & Strathspey",0.0841379310344875,0.00126436781609167,0.00897988505746667,2142.09463362151,-3.86397988505,-5.48465517241667
UKPH21,United Kingdom,UK,UKM,UKM6,UKM62,"Inverness & Nairn and Moray, Badenoch & Strathspey",0.0841379310344875,0.00126436781609167,0.00897988505746667,2142.09463362151,-3.86397988505,-5.48465517241667
UKPH22,United Kingdom,UK,UKM,UKM6,UKM62,"Inverness & Nairn and Moray, Badenoch & Strathspey",0.0841379310344875,0.00126436781609167,0.00897988505746667,2142.09463362151,-3.86397988505,-5.48465517241667
UKPH23,United Kingdom,UK,UKM,UKM6,UKM62,"Inverness & Nairn and Moray, Badenoch & Strathspey",0.0841379310344875,0.00126436781609167,0.00897988505746667,2142.09463362151,-3.86397988505,-5.48465517241667
UKPH24,United Kingdom,UK,UKM,UKM6,UKM62,"Inverness & Nairn and Moray, Badenoch & Strathspey",0.0841379310344875,0.00126436781609167,0.00897988505746667,2142.09463362151,-3.86397988505,-5.48465517241667
UKPH25,United Kingdom,UK,UKM,UKM6,UKM62,"Inverness & Nairn and Moray, Badenoch & Strathspey",0.0841379310344875,0.00126436781609167,0.00897988505746667,2142.09463362151,-3.86397988505,-5.48465517241667
UKPH26,United Kingdom,UK,UKM,UKM6,UKM62,"Inverness & Nairn and Moray, Badenoch & Strathspey",0.0841379310344875,0.00126436781609167,0.00897988505746667,2142.09463362151,-3.86397988505,-5.48465517241667
UKPH32,United Kingdom,UK,UKM,UKM6,UKM62,"Inverness & Nairn and Moray, Badenoch & Strathspey",0.0841379310344875,0.00126436781609167,0.00897988505746667,2142.09463362151,-3.86397988505,-5.48465517241667
UKPH35,United Kingdom,UK,UKM,UKM6,UKM62,"Inverness & Nairn and Moray, Badenoch & Strathspey",0.0841379310344875,0.00126436781609167,0.00897988505746667,2142.09463362151,-3.86397988505,-5.48465517241667
UKLL21,United Kingdom,UK,UKL,UKL1,UKL12,Gwynedd,0.414396551723725,0.01258620689655,0.041551724138,1749.55853448757,-2.85959770115,-4.30385057471665
UKLL23,United Kingdom,UK,UKL,UKL1,UKL12,Gwynedd,0.414396551723725,0.01258620689655,0.041551724138,1749.55853448757,-2.85959770115,-4.30385057471665
UKLL33,United Kingdom,UK,UKL,UKL1,UKL12,Gwynedd,0.414396551723725,0.01258620689655,0.041551724138,1749.55853448757,-2.85959770115,-4.30385057471665
UKLL35,United Kingdom,UK,UKL,UKL1,UKL12,Gwynedd,0.414396551723725,0.01258620689655,0.041551724138,1749.55853448757,-2.85959770115,-4.30385057471665
UKLL36,United Kingdom,UK,UKL,UKL1,UKL12,Gwynedd,0.414396551723725,0.01258620689655,0.041551724138,1749.55853448757,-2.85959770115,-4.30385057471665
UKLL37,United Kingdom,UK,UKL,UKL1,UKL12,Gwynedd,0.414396551723725,0.01258620689655,0.041551724138,1749.55853448757,-2.85959770115,-4.30385057471665
UKLL38,United Kingdom,UK,UKL,UKL1,UKL12,Gwynedd,0.414396551723725,0.01258620689655,0.041551724138,1749.55853448757,-2.85959770115,-4.30385057471665
UKLL39,United Kingdom,UK,UKL,UKL1,UKL12,Gwynedd,0.414396551723725,0.01258620689655,0.041551724138,1749.55853448757,-2.85959770115,-4.30385057471665
UKLL40,United Kingdom,UK,UKL,UKL1,UKL12,Gwynedd,0.414396551723725,0.01258620689655,0.041551724138,1749.55853448757,-2.85959770115,-4.30385057471665
UKLL41,United Kingdom,UK,UKL,UKL1,UKL12,Gwynedd,0.414396551723725,0.01258620689655,0.041551724138,1749.55853448757,-2.85959770115,-4.30385057471665
UKLL42,United Kingdom,UK,UKL,UKL1,UKL12,Gwynedd,0.414396551723725,0.01258620689655,0.041551724138,1749.55853448757,-2.85959770115,-4.30385057471665
UKLL43,United Kingdom,UK,UKL,UKL1,UKL12,Gwynedd,0.414396551723725,0.01258620689655,0.041551724138,1749.55853448757,-2.85959770115,-4.30385057471665
UKLL44,United Kingdom,UK,UKL,UKL1,UKL12,Gwynedd,0.414396551723725,0.01258620689655,0.041551724138,1749.55853448757,-2.85959770115,-4.30385057471665
UKLL45,United Kingdom,UK,UKL,UKL1,UKL12,Gwynedd,0.414396551723725,0.01258620689655,0.041551724138,1749.55853448757,-2.85959770115,-4.30385057471665
UKLL46,United Kingdom,UK,UKL,UKL1,UKL12,Gwynedd,0.414396551723725,0.01258620689655,0.041551724138,1749.55853448757,-2.85959770115,-4.30385057471665
UKLL47,United Kingdom,UK,UKL,UKL1,UKL12,Gwynedd,0.414396551723725,0.01258620689655,0.041551724138,1749.55853448757,-2.85959770115,-4.30385057471665
UKLL48,United Kingdom,UK,UKL,UKL1,UKL12,Gwynedd,0.414396551723725,0.01258620689655,0.041551724138,1749.55853448757,-2.85959770115,-4.30385057471665
UKLL49,United Kingdom,UK,UKL,UKL1,UKL12,Gwynedd,0.414396551723725,0.01258620689655,0.041551724138,1749.55853448757,-2.85959770115,-4.30385057471665
UKLL51,United Kingdom,UK,UKL,UKL1,UKL12,Gwynedd,0.414396551723725,0.01258620689655,0.041551724138,1749.55853448757,-2.85959770115,-4.30385057471665
UKLL52,United Kingdom,UK,UKL,UKL1,UKL12,Gwynedd,0.414396551723725,0.01258620689655,0.041551724138,1749.55853448757,-2.85959770115,-4.30385057471665
UKLL53,United Kingdom,UK,UKL,UKL1,UKL12,Gwynedd,0.414396551723725,0.01258620689655,0.041551724138,1749.55853448757,-2.85959770115,-4.30385057471665
UKLL54,United Kingdom,UK,UKL,UKL1,UKL12,Gwynedd,0.414396551723725,0.01258620689655,0.041551724138,1749.55853448757,-2.85959770115,-4.30385057471665
UKLL55,United Kingdom,UK,UKL,UKL1,UKL12,Gwynedd,0.414396551723725,0.01258620689655,0.041551724138,1749.55853448757,-2.85959770115,-4.30385057471665
UKLL56,United Kingdom,UK,UKL,UKL1,UKL12,Gwynedd,0.414396551723725,0.01258620689655,0.041551724138,1749.55853448757,-2.85959770115,-4.30385057471665
UKLL57,United Kingdom,UK,UKL,UKL1,UKL12,Gwynedd,0.414396551723725,0.01258620689655,0.041551724138,1749.55853448757,-2.85959770115,-4.30385057471665
UKLL59,United Kingdom,UK,UKL,UKL1,UKL12,Gwynedd,0.414396551723725,0.01258620689655,0.041551724138,1749.55853448757,-2.85959770115,-4.30385057471665
UKSY20,United Kingdom,UK,UKL,UKL1,UKL12,Gwynedd,0.414396551723725,0.01258620689655,0.041551724138,1749.55853448757,-2.85959770115,-4.30385057471665
UKSA1,United Kingdom,UK,UKL,UKL1,UKL18,Swansea,1.1685,0.0363333333333333,0.101,1508.1255,-2.531,-3.91899999999998
UKSA18,United Kingdom,UK,UKL,UKL1,UKL18,Swansea,1.1685,0.0363333333333333,0.101,1508.1255,-2.531,-3.91899999999998
UKSA2,United Kingdom,UK,UKL,UKL1,UKL18,Swansea,1.1685,0.0363333333333333,0.101,1508.1255,-2.531,-3.91899999999998
UKSA3,United Kingdom,UK,UKL,UKL1,UKL18,Swansea,1.1685,0.0363333333333333,0.101,1508.1255,-2.531,-3.91899999999998
UKSA4,United Kingdom,UK,UKL,UKL1,UKL18,Swansea,1.1685,0.0363333333333333,0.101,1508.1255,-2.531,-3.91899999999998
UKSA5,United Kingdom,UK,UKL,UKL1,UKL18,Swansea,1.1685,0.0363333333333333,0.101,1508.1255,-2.531,-3.91899999999998
UKSA6,United Kingdom,UK,UKL,UKL1,UKL18,Swansea,1.1685,0.0363333333333333,0.101,1508.1255,-2.531,-3.91899999999998
UKSA7,United Kingdom,UK,UKL,UKL1,UKL18,Swansea,1.1685,0.0363333333333333,0.101,1508.1255,-2.531,-3.91899999999998
UKSA8,United Kingdom,UK,UKL,UKL1,UKL18,Swansea,1.1685,0.0363333333333333,0.101,1508.1255,-2.531,-3.91899999999998
UKSA80,United Kingdom,UK,UKL,UKL1,UKL18,Swansea,1.1685,0.0363333333333333,0.101,1508.1255,-2.531,-3.91899999999998
UKSA99,United Kingdom,UK,UKL,UKL1,UKL18,Swansea,1.1685,0.0363333333333333,0.101,1508.1255,-2.531,-3.91899999999998
UKEH46,United Kingdom,UK,UKM,UKM9,UKM95,South Lanarkshire,0.268854166666775,0.00673611111111667,0.0265277777778333,2033.35604166323,-3.31486111111667,-4.77541666666665
UKEH55,United Kingdom,UK,UKM,UKM9,UKM95,South Lanarkshire,0.268854166666775,0.00673611111111667,0.0265277777778333,2033.35604166323,-3.31486111111667,-4.77541666666665
UKG44,United Kingdom,UK,UKM,UKM9,UKM95,South Lanarkshire,0.268854166666775,0.00673611111111667,0.0265277777778333,2033.35604166323,-3.31486111111667,-4.77541666666665
UKG71,United Kingdom,UK,UKM,UKM9,UKM95,South Lanarkshire,0.268854166666775,0.00673611111111667,0.0265277777778333,2033.35604166323,-3.31486111111667,-4.77541666666665
UKG72,United Kingdom,UK,UKM,UKM9,UKM95,South Lanarkshire,0.268854166666775,0.00673611111111667,0.0265277777778333,2033.35604166323,-3.31486111111667,-4.77541666666665
UKG73,United Kingdom,UK,UKM,UKM9,UKM95,South Lanarkshire,0.268854166666775,0.00673611111111667,0.0265277777778333,2033.35604166323,-3.31486111111667,-4.77541666666665
UKG74,United Kingdom,UK,UKM,UKM9,UKM95,South Lanarkshire,0.268854166666775,0.00673611111111667,0.0265277777778333,2033.35604166323,-3.31486111111667,-4.77541666666665
UKG75,United Kingdom,UK,UKM,UKM9,UKM95,South Lanarkshire,0.268854166666775,0.00673611111111667,0.0265277777778333,2033.35604166323,-3.31486111111667,-4.77541666666665
UKG76,United Kingdom,UK,UKM,UKM9,UKM95,South Lanarkshire,0.268854166666775,0.00673611111111667,0.0265277777778333,2033.35604166323,-3.31486111111667,-4.77541666666665
UKG79,United Kingdom,UK,UKM,UKM9,UKM95,South Lanarkshire,0.268854166666775,0.00673611111111667,0.0265277777778333,2033.35604166323,-3.31486111111667,-4.77541666666665
UKML10,United Kingdom,UK,UKM,UKM9,UKM95,South Lanarkshire,0.268854166666775,0.00673611111111667,0.0265277777778333,2033.35604166323,-3.31486111111667,-4.77541666666665
UKML11,United Kingdom,UK,UKM,UKM9,UKM95,South Lanarkshire,0.268854166666775,0.00673611111111667,0.0265277777778333,2033.35604166323,-3.31486111111667,-4.77541666666665
UKML12,United Kingdom,UK,UKM,UKM9,UKM95,South Lanarkshire,0.268854166666775,0.00673611111111667,0.0265277777778333,2033.35604166323,-3.31486111111667,-4.77541666666665
UKML2,United Kingdom,UK,UKM,UKM9,UKM95,South Lanarkshire,0.268854166666775,0.00673611111111667,0.0265277777778333,2033.35604166323,-3.31486111111667,-4.77541666666665
UKML3,United Kingdom,UK,UKM,UKM9,UKM95,South Lanarkshire,0.268854166666775,0.00673611111111667,0.0265277777778333,2033.35604166323,-3.31486111111667,-4.77541666666665
UKML8,United Kingdom,UK,UKM,UKM9,UKM95,South Lanarkshire,0.268854166666775,0.00673611111111667,0.0265277777778333,2033.35604166323,-3.31486111111667,-4.77541666666665
UKML9,United Kingdom,UK,UKM,UKM9,UKM95,South Lanarkshire,0.268854166666775,0.00673611111111667,0.0265277777778333,2033.35604166323,-3.31486111111667,-4.77541666666665
UKL10,United Kingdom,UK,UKD,UKD7,UKD71,East Merseyside,4.375,0.0833333333333333,0.179583333333333,1580.055625,-2.97791666666667,-4.39666666666667
UKL14,United Kingdom,UK,UKD,UKD7,UKD71,East Merseyside,4.375,0.0833333333333333,0.179583333333333,1580.055625,-2.97791666666667,-4.39666666666667
UKL16,United Kingdom,UK,UKD,UKD7,UKD71,East Merseyside,4.375,0.0833333333333333,0.179583333333333,1580.055625,-2.97791666666667,-4.39666666666667
UKL24,United Kingdom,UK,UKD,UKD7,UKD71,East Merseyside,4.375,0.0833333333333333,0.179583333333333,1580.055625,-2.97791666666667,-4.39666666666667
UKL25,United Kingdom,UK,UKD,UKD7,UKD71,East Merseyside,4.375,0.0833333333333333,0.179583333333333,1580.055625,-2.97791666666667,-4.39666666666667
UKL26,United Kingdom,UK,UKD,UKD7,UKD71,East Merseyside,4.375,0.0833333333333333,0.179583333333333,1580.055625,-2.97791666666667,-4.39666666666667
UKL28,United Kingdom,UK,UKD,UKD7,UKD71,East Merseyside,4.375,0.0833333333333333,0.179583333333333,1580.055625,-2.97791666666667,-4.39666666666667
UKL31,United Kingdom,UK,UKD,UKD7,UKD71,East Merseyside,4.375,0.0833333333333333,0.179583333333333,1580.055625,-2.97791666666667,-4.39666666666667
UKL32,United Kingdom,UK,UKD,UKD7,UKD71,East Merseyside,4.375,0.0833333333333333,0.179583333333333,1580.055625,-2.97791666666667,-4.39666666666667
UKL33,United Kingdom,UK,UKD,UKD7,UKD71,East Merseyside,4.375,0.0833333333333333,0.179583333333333,1580.055625,-2.97791666666667,-4.39666666666667
UKL34,United Kingdom,UK,UKD,UKD7,UKD71,East Merseyside,4.375,0.0833333333333333,0.179583333333333,1580.055625,-2.97791666666667,-4.39666666666667
UKL35,United Kingdom,UK,UKD,UKD7,UKD71,East Merseyside,4.375,0.0833333333333333,0.179583333333333,1580.055625,-2.97791666666667,-4.39666666666667
UKL36,United Kingdom,UK,UKD,UKD7,UKD71,East Merseyside,4.375,0.0833333333333333,0.179583333333333,1580.055625,-2.97791666666667,-4.39666666666667
UKL70,United Kingdom,UK,UKD,UKD7,UKD71,East Merseyside,4.375,0.0833333333333333,0.179583333333333,1580.055625,-2.97791666666667,-4.39666666666667
UKWA10,United Kingdom,UK,UKD,UKD7,UKD71,East Merseyside,4.375,0.0833333333333333,0.179583333333333,1580.055625,-2.97791666666667,-4.39666666666667
UKWA11,United Kingdom,UK,UKD,UKD7,UKD71,East Merseyside,4.375,0.0833333333333333,0.179583333333333,1580.055625,-2.97791666666667,-4.39666666666667
UKWA12,United Kingdom,UK,UKD,UKD7,UKD71,East Merseyside,4.375,0.0833333333333333,0.179583333333333,1580.055625,-2.97791666666667,-4.39666666666667
UKWA2,United Kingdom,UK,UKD,UKD7,UKD71,East Merseyside,4.375,0.0833333333333333,0.179583333333333,1580.055625,-2.97791666666667,-4.39666666666667
UKWA3,United Kingdom,UK,UKD,UKD7,UKD71,East Merseyside,4.375,0.0833333333333333,0.179583333333333,1580.055625,-2.97791666666667,-4.39666666666667
UKWA4,United Kingdom,UK,UKD,UKD7,UKD71,East Merseyside,4.375,0.0833333333333333,0.179583333333333,1580.055625,-2.97791666666667,-4.39666666666667
UKWA5,United Kingdom,UK,UKD,UKD7,UKD71,East Merseyside,4.375,0.0833333333333333,0.179583333333333,1580.055625,-2.97791666666667,-4.39666666666667
UKWA7,United Kingdom,UK,UKD,UKD7,UKD71,East Merseyside,4.375,0.0833333333333333,0.179583333333333,1580.055625,-2.97791666666667,-4.39666666666667
UKWA8,United Kingdom,UK,UKD,UKD7,UKD71,East Merseyside,4.375,0.0833333333333333,0.179583333333333,1580.055625,-2.97791666666667,-4.39666666666667
UKWA88,United Kingdom,UK,UKD,UKD7,UKD71,East Merseyside,4.375,0.0833333333333333,0.179583333333333,1580.055625,-2.97791666666667,-4.39666666666667
UKWA9,United Kingdom,UK,UKD,UKD7,UKD71,East Merseyside,4.375,0.0833333333333333,0.179583333333333,1580.055625,-2.97791666666667,-4.39666666666667
UKWN4,United Kingdom,UK,UKD,UKD7,UKD71,East Merseyside,4.375,0.0833333333333333,0.179583333333333,1580.055625,-2.97791666666667,-4.39666666666667
UKWN5,United Kingdom,UK,UKD,UKD7,UKD71,East Merseyside,4.375,0.0833333333333333,0.179583333333333,1580.055625,-2.97791666666667,-4.39666666666667
UKDH3,United Kingdom,UK,UKC,UKC2,UKC23,Sunderland,0.77125,0.0241666666666667,0.0725,1749.26375,-3.39416666666667,-4.97083333333333
UKDH4,United Kingdom,UK,UKC,UKC2,UKC23,Sunderland,0.77125,0.0241666666666667,0.0725,1749.26375,-3.39416666666667,-4.97083333333333
UKDH5,United Kingdom,UK,UKC,UKC2,UKC23,Sunderland,0.77125,0.0241666666666667,0.0725,1749.26375,-3.39416666666667,-4.97083333333333
UKNE36,United Kingdom,UK,UKC,UKC2,UKC23,Sunderland,0.77125,0.0241666666666667,0.0725,1749.26375,-3.39416666666667,-4.97083333333333
UKNE37,United Kingdom,UK,UKC,UKC2,UKC23,Sunderland,0.77125,0.0241666666666667,0.0725,1749.26375,-3.39416666666667,-4.97083333333333
UKNE38,United Kingdom,UK,UKC,UKC2,UKC23,Sunderland,0.77125,0.0241666666666667,0.0725,1749.26375,-3.39416666666667,-4.97083333333333
UKNE85,United Kingdom,UK,UKC,UKC2,UKC23,Sunderland,0.77125,0.0241666666666667,0.0725,1749.26375,-3.39416666666667,-4.97083333333333
UKNE9,United Kingdom,UK,UKC,UKC2,UKC23,Sunderland,0.77125,0.0241666666666667,0.0725,1749.26375,-3.39416666666667,-4.97083333333333
UKSR1,United Kingdom,UK,UKC,UKC2,UKC23,Sunderland,0.77125,0.0241666666666667,0.0725,1749.26375,-3.39416666666667,-4.97083333333333
UKSR2,United Kingdom,UK,UKC,UKC2,UKC23,Sunderland,0.77125,0.0241666666666667,0.0725,1749.26375,-3.39416666666667,-4.97083333333333
UKSR3,United Kingdom,UK,UKC,UKC2,UKC23,Sunderland,0.77125,0.0241666666666667,0.0725,1749.26375,-3.39416666666667,-4.97083333333333
UKSR4,United Kingdom,UK,UKC,UKC2,UKC23,Sunderland,0.77125,0.0241666666666667,0.0725,1749.26375,-3.39416666666667,-4.97083333333333
UKSR5,United Kingdom,UK,UKC,UKC2,UKC23,Sunderland,0.77125,0.0241666666666667,0.0725,1749.26375,-3.39416666666667,-4.97083333333333
UKSR6,United Kingdom,UK,UKC,UKC2,UKC23,Sunderland,0.77125,0.0241666666666667,0.0725,1749.26375,-3.39416666666667,-4.97083333333333
UKSR7,United Kingdom,UK,UKC,UKC2,UKC23,Sunderland,0.77125,0.0241666666666667,0.0725,1749.26375,-3.39416666666667,-4.97083333333333
UKSR9,United Kingdom,UK,UKC,UKC2,UKC23,Sunderland,0.77125,0.0241666666666667,0.0725,1749.26375,-3.39416666666667,-4.97083333333333
UKLE15,United Kingdom,UK,UKF,UKF2,UKF25,North Northamptonshire,16.627500000005,0.254523809523333,0.433333333333333,1651.09214285852,-3.02238095238333,-4.54488095238333
UKLE16,United Kingdom,UK,UKF,UKF2,UKF25,North Northamptonshire,16.627500000005,0.254523809523333,0.433333333333333,1651.09214285852,-3.02238095238333,-4.54488095238333
UKNN10,United Kingdom,UK,UKF,UKF2,UKF25,North Northamptonshire,16.627500000005,0.254523809523333,0.433333333333333,1651.09214285852,-3.02238095238333,-4.54488095238333
UKNN14,United Kingdom,UK,UKF,UKF2,UKF25,North Northamptonshire,16.627500000005,0.254523809523333,0.433333333333333,1651.09214285852,-3.02238095238333,-4.54488095238333
UKNN15,United Kingdom,UK,UKF,UKF2,UKF25,North Northamptonshire,16.627500000005,0.254523809523333,0.433333333333333,1651.09214285852,-3.02238095238333,-4.54488095238333
UKNN16,United Kingdom,UK,UKF,UKF2,UKF25,North Northamptonshire,16.627500000005,0.254523809523333,0.433333333333333,1651.09214285852,-3.02238095238333,-4.54488095238333
UKNN17,United Kingdom,UK,UKF,UKF2,UKF25,North Northamptonshire,16.627500000005,0.254523809523333,0.433333333333333,1651.09214285852,-3.02238095238333,-4.54488095238333
UKNN18,United Kingdom,UK,UKF,UKF2,UKF25,North Northamptonshire,16.627500000005,0.254523809523333,0.433333333333333,1651.09214285852,-3.02238095238333,-4.54488095238333
UKNN29,United Kingdom,UK,UKF,UKF2,UKF25,North Northamptonshire,16.627500000005,0.254523809523333,0.433333333333333,1651.09214285852,-3.02238095238333,-4.54488095238333
UKNN3,United Kingdom,UK,UKF,UKF2,UKF25,North Northamptonshire,16.627500000005,0.254523809523333,0.433333333333333,1651.09214285852,-3.02238095238333,-4.54488095238333
UKNN6,United Kingdom,UK,UKF,UKF2,UKF25,North Northamptonshire,16.627500000005,0.254523809523333,0.433333333333333,1651.09214285852,-3.02238095238333,-4.54488095238333
UKNN7,United Kingdom,UK,UKF,UKF2,UKF25,North Northamptonshire,16.627500000005,0.254523809523333,0.433333333333333,1651.09214285852,-3.02238095238333,-4.54488095238333
UKNN8,United Kingdom,UK,UKF,UKF2,UKF25,North Northamptonshire,16.627500000005,0.254523809523333,0.433333333333333,1651.09214285852,-3.02238095238333,-4.54488095238333
UKNN9,United Kingdom,UK,UKF,UKF2,UKF25,North Northamptonshire,16.627500000005,0.254523809523333,0.433333333333333,1651.09214285852,-3.02238095238333,-4.54488095238333
UKPE8,United Kingdom,UK,UKF,UKF2,UKF25,North Northamptonshire,16.627500000005,0.254523809523333,0.433333333333333,1651.09214285852,-3.02238095238333,-4.54488095238333
UKPE9,United Kingdom,UK,UKF,UKF2,UKF25,North Northamptonshire,16.627500000005,0.254523809523333,0.433333333333333,1651.09214285852,-3.02238095238333,-4.54488095238333
UKDN1,United Kingdom,UK,UKE,UKE3,UKE31,"Barnsley, Doncaster and Rotherham",8.6575,0.151666666666667,0.287948717948333,1670.20173076999,-3.13166666666667,-4.61141025641665
UKDN10,United Kingdom,UK,UKE,UKE3,UKE31,"Barnsley, Doncaster and Rotherham",8.6575,0.151666666666667,0.287948717948333,1670.20173076999,-3.13166666666667,-4.61141025641665
UKDN11,United Kingdom,UK,UKE,UKE3,UKE31,"Barnsley, Doncaster and Rotherham",8.6575,0.151666666666667,0.287948717948333,1670.20173076999,-3.13166666666667,-4.61141025641665
UKDN12,United Kingdom,UK,UKE,UKE3,UKE31,"Barnsley, Doncaster and Rotherham",8.6575,0.151666666666667,0.287948717948333,1670.20173076999,-3.13166666666667,-4.61141025641665
UKDN14,United Kingdom,UK,UKE,UKE3,UKE31,"Barnsley, Doncaster and Rotherham",8.6575,0.151666666666667,0.287948717948333,1670.20173076999,-3.13166666666667,-4.61141025641665
UKDN2,United Kingdom,UK,UKE,UKE3,UKE31,"Barnsley, Doncaster and Rotherham",8.6575,0.151666666666667,0.287948717948333,1670.20173076999,-3.13166666666667,-4.61141025641665
UKDN3,United Kingdom,UK,UKE,UKE3,UKE31,"Barnsley, Doncaster and Rotherham",8.6575,0.151666666666667,0.287948717948333,1670.20173076999,-3.13166666666667,-4.61141025641665
UKDN4,United Kingdom,UK,UKE,UKE3,UKE31,"Barnsley, Doncaster and Rotherham",8.6575,0.151666666666667,0.287948717948333,1670.20173076999,-3.13166666666667,-4.61141025641665
UKDN5,United Kingdom,UK,UKE,UKE3,UKE31,"Barnsley, Doncaster and Rotherham",8.6575,0.151666666666667,0.287948717948333,1670.20173076999,-3.13166666666667,-4.61141025641665
UKDN55,United Kingdom,UK,UKE,UKE3,UKE31,"Barnsley, Doncaster and Rotherham",8.6575,0.151666666666667,0.287948717948333,1670.20173076999,-3.13166666666667,-4.61141025641665
UKDN6,United Kingdom,UK,UKE,UKE3,UKE31,"Barnsley, Doncaster and Rotherham",8.6575,0.151666666666667,0.287948717948333,1670.20173076999,-3.13166666666667,-4.61141025641665
UKDN7,United Kingdom,UK,UKE,UKE3,UKE31,"Barnsley, Doncaster and Rotherham",8.6575,0.151666666666667,0.287948717948333,1670.20173076999,-3.13166666666667,-4.61141025641665
UKDN8,United Kingdom,UK,UKE,UKE3,UKE31,"Barnsley, Doncaster and Rotherham",8.6575,0.151666666666667,0.287948717948333,1670.20173076999,-3.13166666666667,-4.61141025641665
UKDN9,United Kingdom,UK,UKE,UKE3,UKE31,"Barnsley, Doncaster and Rotherham",8.6575,0.151666666666667,0.287948717948333,1670.20173076999,-3.13166666666667,-4.61141025641665
UKHD8,United Kingdom,UK,UKE,UKE3,UKE31,"Barnsley, Doncaster and Rotherham",8.6575,0.151666666666667,0.287948717948333,1670.20173076999,-3.13166666666667,-4.61141025641665
UKHD9,United Kingdom,UK,UKE,UKE3,UKE31,"Barnsley, Doncaster and Rotherham",8.6575,0.151666666666667,0.287948717948333,1670.20173076999,-3.13166666666667,-4.61141025641665
UKS13,United Kingdom,UK,UKE,UKE3,UKE31,"Barnsley, Doncaster and Rotherham",8.6575,0.151666666666667,0.287948717948333,1670.20173076999,-3.13166666666667,-4.61141025641665
UKS20,United Kingdom,UK,UKE,UKE3,UKE31,"Barnsley, Doncaster and Rotherham",8.6575,0.151666666666667,0.287948717948333,1670.20173076999,-3.13166666666667,-4.61141025641665
UKS25,United Kingdom,UK,UKE,UKE3,UKE31,"Barnsley, Doncaster and Rotherham",8.6575,0.151666666666667,0.287948717948333,1670.20173076999,-3.13166666666667,-4.61141025641665
UKS26,United Kingdom,UK,UKE,UKE3,UKE31,"Barnsley, Doncaster and Rotherham",8.6575,0.151666666666667,0.287948717948333,1670.20173076999,-3.13166666666667,-4.61141025641665
UKS35,United Kingdom,UK,UKE,UKE3,UKE31,"Barnsley, Doncaster and Rotherham",8.6575,0.151666666666667,0.287948717948333,1670.20173076999,-3.13166666666667,-4.61141025641665
UKS36,United Kingdom,UK,UKE,UKE3,UKE31,"Barnsley, Doncaster and Rotherham",8.6575,0.151666666666667,0.287948717948333,1670.20173076999,-3.13166666666667,-4.61141025641665
UKS60,United Kingdom,UK,UKE,UKE3,UKE31,"Barnsley, Doncaster and Rotherham",8.6575,0.151666666666667,0.287948717948333,1670.20173076999,-3.13166666666667,-4.61141025641665
UKS61,United Kingdom,UK,UKE,UKE3,UKE31,"Barnsley, Doncaster and Rotherham",8.6575,0.151666666666667,0.287948717948333,1670.20173076999,-3.13166666666667,-4.61141025641665
UKS62,United Kingdom,UK,UKE,UKE3,UKE31,"Barnsley, Doncaster and Rotherham",8.6575,0.151666666666667,0.287948717948333,1670.20173076999,-3.13166666666667,-4.61141025641665
UKS63,United Kingdom,UK,UKE,UKE3,UKE31,"Barnsley, Doncaster and Rotherham",8.6575,0.151666666666667,0.287948717948333,1670.20173076999,-3.13166666666667,-4.61141025641665
UKS64,United Kingdom,UK,UKE,UKE3,UKE31,"Barnsley, Doncaster and Rotherham",8.6575,0.151666666666667,0.287948717948333,1670.20173076999,-3.13166666666667,-4.61141025641665
UKS65,United Kingdom,UK,UKE,UKE3,UKE31,"Barnsley, Doncaster and Rotherham",8.6575,0.151666666666667,0.287948717948333,1670.20173076999,-3.13166666666667,-4.61141025641665
UKS66,United Kingdom,UK,UKE,UKE3,UKE31,"Barnsley, Doncaster and Rotherham",8.6575,0.151666666666667,0.287948717948333,1670.20173076999,-3.13166666666667,-4.61141025641665
UKS70,United Kingdom,UK,UKE,UKE3,UKE31,"Barnsley, Doncaster and Rotherham",8.6575,0.151666666666667,0.287948717948333,1670.20173076999,-3.13166666666667,-4.61141025641665
UKS71,United Kingdom,UK,UKE,UKE3,UKE31,"Barnsley, Doncaster and Rotherham",8.6575,0.151666666666667,0.287948717948333,1670.20173076999,-3.13166666666667,-4.61141025641665
UKS72,United Kingdom,UK,UKE,UKE3,UKE31,"Barnsley, Doncaster and Rotherham",8.6575,0.151666666666667,0.287948717948333,1670.20173076999,-3.13166666666667,-4.61141025641665
UKS73,United Kingdom,UK,UKE,UKE3,UKE31,"Barnsley, Doncaster and Rotherham",8.6575,0.151666666666667,0.287948717948333,1670.20173076999,-3.13166666666667,-4.61141025641665
UKS74,United Kingdom,UK,UKE,UKE3,UKE31,"Barnsley, Doncaster and Rotherham",8.6575,0.151666666666667,0.287948717948333,1670.20173076999,-3.13166666666667,-4.61141025641665
UKS75,United Kingdom,UK,UKE,UKE3,UKE31,"Barnsley, Doncaster and Rotherham",8.6575,0.151666666666667,0.287948717948333,1670.20173076999,-3.13166666666667,-4.61141025641665
UKS80,United Kingdom,UK,UKE,UKE3,UKE31,"Barnsley, Doncaster and Rotherham",8.6575,0.151666666666667,0.287948717948333,1670.20173076999,-3.13166666666667,-4.61141025641665
UKS81,United Kingdom,UK,UKE,UKE3,UKE31,"Barnsley, Doncaster and Rotherham",8.6575,0.151666666666667,0.287948717948333,1670.20173076999,-3.13166666666667,-4.61141025641665
UKS95,United Kingdom,UK,UKE,UKE3,UKE31,"Barnsley, Doncaster and Rotherham",8.6575,0.151666666666667,0.287948717948333,1670.20173076999,-3.13166666666667,-4.61141025641665
UKS97,United Kingdom,UK,UKE,UKE3,UKE31,"Barnsley, Doncaster and Rotherham",8.6575,0.151666666666667,0.287948717948333,1670.20173076999,-3.13166666666667,-4.61141025641665
UKWF8,United Kingdom,UK,UKE,UKE3,UKE31,"Barnsley, Doncaster and Rotherham",8.6575,0.151666666666667,0.287948717948333,1670.20173076999,-3.13166666666667,-4.61141025641665
UKFY3,United Kingdom,UK,UKD,UKD4,UKD44,Lancaster and Wyre,0.72931818181825,0.0201515151515,0.0533333333333333,1783.6868181817,-2.9493939394,-4.28621212121667
UKFY5,United Kingdom,UK,UKD,UKD4,UKD44,Lancaster and Wyre,0.72931818181825,0.0201515151515,0.0533333333333333,1783.6868181817,-2.9493939394,-4.28621212121667
UKFY6,United Kingdom,UK,UKD,UKD4,UKD44,Lancaster and Wyre,0.72931818181825,0.0201515151515,0.0533333333333333,1783.6868181817,-2.9493939394,-4.28621212121667
UKFY7,United Kingdom,UK,UKD,UKD4,UKD44,Lancaster and Wyre,0.72931818181825,0.0201515151515,0.0533333333333333,1783.6868181817,-2.9493939394,-4.28621212121667
UKLA1,United Kingdom,UK,UKD,UKD4,UKD44,Lancaster and Wyre,0.72931818181825,0.0201515151515,0.0533333333333333,1783.6868181817,-2.9493939394,-4.28621212121667
UKLA2,United Kingdom,UK,UKD,UKD4,UKD44,Lancaster and Wyre,0.72931818181825,0.0201515151515,0.0533333333333333,1783.6868181817,-2.9493939394,-4.28621212121667
UKLA3,United Kingdom,UK,UKD,UKD4,UKD44,Lancaster and Wyre,0.72931818181825,0.0201515151515,0.0533333333333333,1783.6868181817,-2.9493939394,-4.28621212121667
UKLA4,United Kingdom,UK,UKD,UKD4,UKD44,Lancaster and Wyre,0.72931818181825,0.0201515151515,0.0533333333333333,1783.6868181817,-2.9493939394,-4.28621212121667
UKLA5,United Kingdom,UK,UKD,UKD4,UKD44,Lancaster and Wyre,0.72931818181825,0.0201515151515,0.0533333333333333,1783.6868181817,-2.9493939394,-4.28621212121667
UKLA6,United Kingdom,UK,UKD,UKD4,UKD44,Lancaster and Wyre,0.72931818181825,0.0201515151515,0.0533333333333333,1783.6868181817,-2.9493939394,-4.28621212121667
UKPR3,United Kingdom,UK,UKD,UKD4,UKD44,Lancaster and Wyre,0.72931818181825,0.0201515151515,0.0533333333333333,1783.6868181817,-2.9493939394,-4.28621212121667
UKPR4,United Kingdom,UK,UKD,UKD4,UKD44,Lancaster and Wyre,0.72931818181825,0.0201515151515,0.0533333333333333,1783.6868181817,-2.9493939394,-4.28621212121667
UKDN6,United Kingdom,UK,UKE,UKE4,UKE45,Wakefield,7.69285714285575,0.138095238095167,0.276190476189998,1647.96071428558,-3.14047619048332,-4.62380952381665
UKLS26,United Kingdom,UK,UKE,UKE4,UKE45,Wakefield,7.69285714285575,0.138095238095167,0.276190476189998,1647.96071428558,-3.14047619048332,-4.62380952381665
UKS71,United Kingdom,UK,UKE,UKE4,UKE45,Wakefield,7.69285714285575,0.138095238095167,0.276190476189998,1647.96071428558,-3.14047619048332,-4.62380952381665
UKS72,United Kingdom,UK,UKE,UKE4,UKE45,Wakefield,7.69285714285575,0.138095238095167,0.276190476189998,1647.96071428558,-3.14047619048332,-4.62380952381665
UKS75,United Kingdom,UK,UKE,UKE4,UKE45,Wakefield,7.69285714285575,0.138095238095167,0.276190476189998,1647.96071428558,-3.14047619048332,-4.62380952381665
UKWF1,United Kingdom,UK,UKE,UKE4,UKE45,Wakefield,7.69285714285575,0.138095238095167,0.276190476189998,1647.96071428558,-3.14047619048332,-4.62380952381665
UKWF10,United Kingdom,UK,UKE,UKE4,UKE45,Wakefield,7.69285714285575,0.138095238095167,0.276190476189998,1647.96071428558,-3.14047619048332,-4.62380952381665
UKWF11,United Kingdom,UK,UKE,UKE4,UKE45,Wakefield,7.69285714285575,0.138095238095167,0.276190476189998,1647.96071428558,-3.14047619048332,-4.62380952381665
UKWF12,United Kingdom,UK,UKE,UKE4,UKE45,Wakefield,7.69285714285575,0.138095238095167,0.276190476189998,1647.96071428558,-3.14047619048332,-4.62380952381665
UKWF2,United Kingdom,UK,UKE,UKE4,UKE45,Wakefield,7.69285714285575,0.138095238095167,0.276190476189998,1647.96071428558,-3.14047619048332,-4.62380952381665
UKWF3,United Kingdom,UK,UKE,UKE4,UKE45,Wakefield,7.69285714285575,0.138095238095167,0.276190476189998,1647.96071428558,-3.14047619048332,-4.62380952381665
UKWF4,United Kingdom,UK,UKE,UKE4,UKE45,Wakefield,7.69285714285575,0.138095238095167,0.276190476189998,1647.96071428558,-3.14047619048332,-4.62380952381665
UKWF5,United Kingdom,UK,UKE,UKE4,UKE45,Wakefield,7.69285714285575,0.138095238095167,0.276190476189998,1647.96071428558,-3.14047619048332,-4.62380952381665
UKWF6,United Kingdom,UK,UKE,UKE4,UKE45,Wakefield,7.69285714285575,0.138095238095167,0.276190476189998,1647.96071428558,-3.14047619048332,-4.62380952381665
UKWF7,United Kingdom,UK,UKE,UKE4,UKE45,Wakefield,7.69285714285575,0.138095238095167,0.276190476189998,1647.96071428558,-3.14047619048332,-4.62380952381665
UKWF8,United Kingdom,UK,UKE,UKE4,UKE45,Wakefield,7.69285714285575,0.138095238095167,0.276190476189998,1647.96071428558,-3.14047619048332,-4.62380952381665
UKWF9,United Kingdom,UK,UKE,UKE4,UKE45,Wakefield,7.69285714285575,0.138095238095167,0.276190476189998,1647.96071428558,-3.14047619048332,-4.62380952381665
UKWF90,United Kingdom,UK,UKE,UKE4,UKE45,Wakefield,7.69285714285575,0.138095238095167,0.276190476189998,1647.96071428558,-3.14047619048332,-4.62380952381665
UKNG1,United Kingdom,UK,UKF,UKF1,UKF14,Nottingham,10.475,0.183333333333333,0.335833333333332,1679.305,-3.04333333333332,-4.525
UKNG11,United Kingdom,UK,UKF,UKF1,UKF14,Nottingham,10.475,0.183333333333333,0.335833333333332,1679.305,-3.04333333333332,-4.525
UKNG12,United Kingdom,UK,UKF,UKF1,UKF14,Nottingham,10.475,0.183333333333333,0.335833333333332,1679.305,-3.04333333333332,-4.525
UKNG13,United Kingdom,UK,UKF,UKF1,UKF14,Nottingham,10.475,0.183333333333333,0.335833333333332,1679.305,-3.04333333333332,-4.525
UKNG2,United Kingdom,UK,UKF,UKF1,UKF14,Nottingham,10.475,0.183333333333333,0.335833333333332,1679.305,-3.04333333333332,-4.525
UKNG3,United Kingdom,UK,UKF,UKF1,UKF14,Nottingham,10.475,0.183333333333333,0.335833333333332,1679.305,-3.04333333333332,-4.525
UKNG5,United Kingdom,UK,UKF,UKF1,UKF14,Nottingham,10.475,0.183333333333333,0.335833333333332,1679.305,-3.04333333333332,-4.525
UKNG6,United Kingdom,UK,UKF,UKF1,UKF14,Nottingham,10.475,0.183333333333333,0.335833333333332,1679.305,-3.04333333333332,-4.525
UKNG7,United Kingdom,UK,UKF,UKF1,UKF14,Nottingham,10.475,0.183333333333333,0.335833333333332,1679.305,-3.04333333333332,-4.525
UKNG8,United Kingdom,UK,UKF,UKF1,UKF14,Nottingham,10.475,0.183333333333333,0.335833333333332,1679.305,-3.04333333333332,-4.525
UKNG80,United Kingdom,UK,UKF,UKF1,UKF14,Nottingham,10.475,0.183333333333333,0.335833333333332,1679.305,-3.04333333333332,-4.525
UKNG9,United Kingdom,UK,UKF,UKF1,UKF14,Nottingham,10.475,0.183333333333333,0.335833333333332,1679.305,-3.04333333333332,-4.525
UKNG90,United Kingdom,UK,UKF,UKF1,UKF14,Nottingham,10.475,0.183333333333333,0.335833333333332,1679.305,-3.04333333333332,-4.525
UKE8,United Kingdom,UK,UKI,UKI4,UKI43,Haringey and Islington,25.7574999999999,0.351666666666667,0.578333333333333,1513.26,-2.85333333333332,-4.28833333333333
UKEC1A,United Kingdom,UK,UKI,UKI4,UKI43,Haringey and Islington,25.7574999999999,0.351666666666667,0.578333333333333,1513.26,-2.85333333333332,-4.28833333333333
UKEC1M,United Kingdom,UK,UKI,UKI4,UKI43,Haringey and Islington,25.7574999999999,0.351666666666667,0.578333333333333,1513.26,-2.85333333333332,-4.28833333333333
UKEC1N,United Kingdom,UK,UKI,UKI4,UKI43,Haringey and Islington,25.7574999999999,0.351666666666667,0.578333333333333,1513.26,-2.85333333333332,-4.28833333333333
UKEC1P,United Kingdom,UK,UKI,UKI4,UKI43,Haringey and Islington,25.7574999999999,0.351666666666667,0.578333333333333,1513.26,-2.85333333333332,-4.28833333333333
UKEC1R,United Kingdom,UK,UKI,UKI4,UKI43,Haringey and Islington,25.7574999999999,0.351666666666667,0.578333333333333,1513.26,-2.85333333333332,-4.28833333333333
UKEC1V,United Kingdom,UK,UKI,UKI4,UKI43,Haringey and Islington,25.7574999999999,0.351666666666667,0.578333333333333,1513.26,-2.85333333333332,-4.28833333333333
UKEC1Y,United Kingdom,UK,UKI,UKI4,UKI43,Haringey and Islington,25.7574999999999,0.351666666666667,0.578333333333333,1513.26,-2.85333333333332,-4.28833333333333
UKEC2A,United Kingdom,UK,UKI,UKI4,UKI43,Haringey and Islington,25.7574999999999,0.351666666666667,0.578333333333333,1513.26,-2.85333333333332,-4.28833333333333
UKEC2M,United Kingdom,UK,UKI,UKI4,UKI43,Haringey and Islington,25.7574999999999,0.351666666666667,0.578333333333333,1513.26,-2.85333333333332,-4.28833333333333
UKEC2N,United Kingdom,UK,UKI,UKI4,UKI43,Haringey and Islington,25.7574999999999,0.351666666666667,0.578333333333333,1513.26,-2.85333333333332,-4.28833333333333
UKEC2P,United Kingdom,UK,UKI,UKI4,UKI43,Haringey and Islington,25.7574999999999,0.351666666666667,0.578333333333333,1513.26,-2.85333333333332,-4.28833333333333
UKEC2R,United Kingdom,UK,UKI,UKI4,UKI43,Haringey and Islington,25.7574999999999,0.351666666666667,0.578333333333333,1513.26,-2.85333333333332,-4.28833333333333
UKEC2V,United Kingdom,UK,UKI,UKI4,UKI43,Haringey and Islington,25.7574999999999,0.351666666666667,0.578333333333333,1513.26,-2.85333333333332,-4.28833333333333
UKEC2Y,United Kingdom,UK,UKI,UKI4,UKI43,Haringey and Islington,25.7574999999999,0.351666666666667,0.578333333333333,1513.26,-2.85333333333332,-4.28833333333333
UKEC3A,United Kingdom,UK,UKI,UKI4,UKI43,Haringey and Islington,25.7574999999999,0.351666666666667,0.578333333333333,1513.26,-2.85333333333332,-4.28833333333333
UKEC3M,United Kingdom,UK,UKI,UKI4,UKI43,Haringey and Islington,25.7574999999999,0.351666666666667,0.578333333333333,1513.26,-2.85333333333332,-4.28833333333333
UKEC3N,United Kingdom,UK,UKI,UKI4,UKI43,Haringey and Islington,25.7574999999999,0.351666666666667,0.578333333333333,1513.26,-2.85333333333332,-4.28833333333333
UKEC3P,United Kingdom,UK,UKI,UKI4,UKI43,Haringey and Islington,25.7574999999999,0.351666666666667,0.578333333333333,1513.26,-2.85333333333332,-4.28833333333333
UKEC3R,United Kingdom,UK,UKI,UKI4,UKI43,Haringey and Islington,25.7574999999999,0.351666666666667,0.578333333333333,1513.26,-2.85333333333332,-4.28833333333333
UKEC3V,United Kingdom,UK,UKI,UKI4,UKI43,Haringey and Islington,25.7574999999999,0.351666666666667,0.578333333333333,1513.26,-2.85333333333332,-4.28833333333333
UKEC4A,United Kingdom,UK,UKI,UKI4,UKI43,Haringey and Islington,25.7574999999999,0.351666666666667,0.578333333333333,1513.26,-2.85333333333332,-4.28833333333333
UKEC4M,United Kingdom,UK,UKI,UKI4,UKI43,Haringey and Islington,25.7574999999999,0.351666666666667,0.578333333333333,1513.26,-2.85333333333332,-4.28833333333333
UKEC4N,United Kingdom,UK,UKI,UKI4,UKI43,Haringey and Islington,25.7574999999999,0.351666666666667,0.578333333333333,1513.26,-2.85333333333332,-4.28833333333333
UKEC4P,United Kingdom,UK,UKI,UKI4,UKI43,Haringey and Islington,25.7574999999999,0.351666666666667,0.578333333333333,1513.26,-2.85333333333332,-4.28833333333333
UKEC4R,United Kingdom,UK,UKI,UKI4,UKI43,Haringey and Islington,25.7574999999999,0.351666666666667,0.578333333333333,1513.26,-2.85333333333332,-4.28833333333333
UKEC4V,United Kingdom,UK,UKI,UKI4,UKI43,Haringey and Islington,25.7574999999999,0.351666666666667,0.578333333333333,1513.26,-2.85333333333332,-4.28833333333333
UKEC4Y,United Kingdom,UK,UKI,UKI4,UKI43,Haringey and Islington,25.7574999999999,0.351666666666667,0.578333333333333,1513.26,-2.85333333333332,-4.28833333333333
UKN1,United Kingdom,UK,UKI,UKI4,UKI43,Haringey and Islington,25.7574999999999,0.351666666666667,0.578333333333333,1513.26,-2.85333333333332,-4.28833333333333
UKN10,United Kingdom,UK,UKI,UKI4,UKI43,Haringey and Islington,25.7574999999999,0.351666666666667,0.578333333333333,1513.26,-2.85333333333332,-4.28833333333333
UKN11,United Kingdom,UK,UKI,UKI4,UKI43,Haringey and Islington,25.7574999999999,0.351666666666667,0.578333333333333,1513.26,-2.85333333333332,-4.28833333333333
UKN13,United Kingdom,UK,UKI,UKI4,UKI43,Haringey and Islington,25.7574999999999,0.351666666666667,0.578333333333333,1513.26,-2.85333333333332,-4.28833333333333
UKN15,United Kingdom,UK,UKI,UKI4,UKI43,Haringey and Islington,25.7574999999999,0.351666666666667,0.578333333333333,1513.26,-2.85333333333332,-4.28833333333333
UKN16,United Kingdom,UK,UKI,UKI4,UKI43,Haringey and Islington,25.7574999999999,0.351666666666667,0.578333333333333,1513.26,-2.85333333333332,-4.28833333333333
UKN17,United Kingdom,UK,UKI,UKI4,UKI43,Haringey and Islington,25.7574999999999,0.351666666666667,0.578333333333333,1513.26,-2.85333333333332,-4.28833333333333
UKN18,United Kingdom,UK,UKI,UKI4,UKI43,Haringey and Islington,25.7574999999999,0.351666666666667,0.578333333333333,1513.26,-2.85333333333332,-4.28833333333333
UKN19,United Kingdom,UK,UKI,UKI4,UKI43,Haringey and Islington,25.7574999999999,0.351666666666667,0.578333333333333,1513.26,-2.85333333333332,-4.28833333333333
UKN1C,United Kingdom,UK,UKI,UKI4,UKI43,Haringey and Islington,25.7574999999999,0.351666666666667,0.578333333333333,1513.26,-2.85333333333332,-4.28833333333333
UKN1P,United Kingdom,UK,UKI,UKI4,UKI43,Haringey and Islington,25.7574999999999,0.351666666666667,0.578333333333333,1513.26,-2.85333333333332,-4.28833333333333
UKN2,United Kingdom,UK,UKI,UKI4,UKI43,Haringey and Islington,25.7574999999999,0.351666666666667,0.578333333333333,1513.26,-2.85333333333332,-4.28833333333333
UKN22,United Kingdom,UK,UKI,UKI4,UKI43,Haringey and Islington,25.7574999999999,0.351666666666667,0.578333333333333,1513.26,-2.85333333333332,-4.28833333333333
UKN4,United Kingdom,UK,UKI,UKI4,UKI43,Haringey and Islington,25.7574999999999,0.351666666666667,0.578333333333333,1513.26,-2.85333333333332,-4.28833333333333
UKN5,United Kingdom,UK,UKI,UKI4,UKI43,Haringey and Islington,25.7574999999999,0.351666666666667,0.578333333333333,1513.26,-2.85333333333332,-4.28833333333333
UKN6,United Kingdom,UK,UKI,UKI4,UKI43,Haringey and Islington,25.7574999999999,0.351666666666667,0.578333333333333,1513.26,-2.85333333333332,-4.28833333333333
UKN7,United Kingdom,UK,UKI,UKI4,UKI43,Haringey and Islington,25.7574999999999,0.351666666666667,0.578333333333333,1513.26,-2.85333333333332,-4.28833333333333
UKN8,United Kingdom,UK,UKI,UKI4,UKI43,Haringey and Islington,25.7574999999999,0.351666666666667,0.578333333333333,1513.26,-2.85333333333332,-4.28833333333333
UKN81,United Kingdom,UK,UKI,UKI4,UKI43,Haringey and Islington,25.7574999999999,0.351666666666667,0.578333333333333,1513.26,-2.85333333333332,-4.28833333333333
UKNW5,United Kingdom,UK,UKI,UKI4,UKI43,Haringey and Islington,25.7574999999999,0.351666666666667,0.578333333333333,1513.26,-2.85333333333332,-4.28833333333333
UKW1A,United Kingdom,UK,UKI,UKI4,UKI43,Haringey and Islington,25.7574999999999,0.351666666666667,0.578333333333333,1513.26,-2.85333333333332,-4.28833333333333
UKW1B,United Kingdom,UK,UKI,UKI4,UKI43,Haringey and Islington,25.7574999999999,0.351666666666667,0.578333333333333,1513.26,-2.85333333333332,-4.28833333333333
UKW1C,United Kingdom,UK,UKI,UKI4,UKI43,Haringey and Islington,25.7574999999999,0.351666666666667,0.578333333333333,1513.26,-2.85333333333332,-4.28833333333333
UKW1G,United Kingdom,UK,UKI,UKI4,UKI43,Haringey and Islington,25.7574999999999,0.351666666666667,0.578333333333333,1513.26,-2.85333333333332,-4.28833333333333
UKW1J,United Kingdom,UK,UKI,UKI4,UKI43,Haringey and Islington,25.7574999999999,0.351666666666667,0.578333333333333,1513.26,-2.85333333333332,-4.28833333333333
UKW1U,United Kingdom,UK,UKI,UKI4,UKI43,Haringey and Islington,25.7574999999999,0.351666666666667,0.578333333333333,1513.26,-2.85333333333332,-4.28833333333333
UKW1W,United Kingdom,UK,UKI,UKI4,UKI43,Haringey and Islington,25.7574999999999,0.351666666666667,0.578333333333333,1513.26,-2.85333333333332,-4.28833333333333
UKWC1A,United Kingdom,UK,UKI,UKI4,UKI43,Haringey and Islington,25.7574999999999,0.351666666666667,0.578333333333333,1513.26,-2.85333333333332,-4.28833333333333
UKWC1B,United Kingdom,UK,UKI,UKI4,UKI43,Haringey and Islington,25.7574999999999,0.351666666666667,0.578333333333333,1513.26,-2.85333333333332,-4.28833333333333
UKWC1E,United Kingdom,UK,UKI,UKI4,UKI43,Haringey and Islington,25.7574999999999,0.351666666666667,0.578333333333333,1513.26,-2.85333333333332,-4.28833333333333
UKWC1H,United Kingdom,UK,UKI,UKI4,UKI43,Haringey and Islington,25.7574999999999,0.351666666666667,0.578333333333333,1513.26,-2.85333333333332,-4.28833333333333
UKWC1N,United Kingdom,UK,UKI,UKI4,UKI43,Haringey and Islington,25.7574999999999,0.351666666666667,0.578333333333333,1513.26,-2.85333333333332,-4.28833333333333
UKWC1R,United Kingdom,UK,UKI,UKI4,UKI43,Haringey and Islington,25.7574999999999,0.351666666666667,0.578333333333333,1513.26,-2.85333333333332,-4.28833333333333
UKWC1V,United Kingdom,UK,UKI,UKI4,UKI43,Haringey and Islington,25.7574999999999,0.351666666666667,0.578333333333333,1513.26,-2.85333333333332,-4.28833333333333
UKWC1X,United Kingdom,UK,UKI,UKI4,UKI43,Haringey and Islington,25.7574999999999,0.351666666666667,0.578333333333333,1513.26,-2.85333333333332,-4.28833333333333
UKWC2A,United Kingdom,UK,UKI,UKI4,UKI43,Haringey and Islington,25.7574999999999,0.351666666666667,0.578333333333333,1513.26,-2.85333333333332,-4.28833333333333
UKWC2B,United Kingdom,UK,UKI,UKI4,UKI43,Haringey and Islington,25.7574999999999,0.351666666666667,0.578333333333333,1513.26,-2.85333333333332,-4.28833333333333
UKWC2E,United Kingdom,UK,UKI,UKI4,UKI43,Haringey and Islington,25.7574999999999,0.351666666666667,0.578333333333333,1513.26,-2.85333333333332,-4.28833333333333
UKWC2H,United Kingdom,UK,UKI,UKI4,UKI43,Haringey and Islington,25.7574999999999,0.351666666666667,0.578333333333333,1513.26,-2.85333333333332,-4.28833333333333
UKWC2N,United Kingdom,UK,UKI,UKI4,UKI43,Haringey and Islington,25.7574999999999,0.351666666666667,0.578333333333333,1513.26,-2.85333333333332,-4.28833333333333
UKWC2R,United Kingdom,UK,UKI,UKI4,UKI43,Haringey and Islington,25.7574999999999,0.351666666666667,0.578333333333333,1513.26,-2.85333333333332,-4.28833333333333
UKE10,United Kingdom,UK,UKI,UKI5,UKI53,Redbridge and Waltham Forest,24.21375,0.339166666666667,0.5475,1548.7,-2.9,-4.36499999999998
UKE11,United Kingdom,UK,UKI,UKI5,UKI53,Redbridge and Waltham Forest,24.21375,0.339166666666667,0.5475,1548.7,-2.9,-4.36499999999998
UKE12,United Kingdom,UK,UKI,UKI5,UKI53,Redbridge and Waltham Forest,24.21375,0.339166666666667,0.5475,1548.7,-2.9,-4.36499999999998
UKE15,United Kingdom,UK,UKI,UKI5,UKI53,Redbridge and Waltham Forest,24.21375,0.339166666666667,0.5475,1548.7,-2.9,-4.36499999999998
UKE17,United Kingdom,UK,UKI,UKI5,UKI53,Redbridge and Waltham Forest,24.21375,0.339166666666667,0.5475,1548.7,-2.9,-4.36499999999998
UKE18,United Kingdom,UK,UKI,UKI5,UKI53,Redbridge and Waltham Forest,24.21375,0.339166666666667,0.5475,1548.7,-2.9,-4.36499999999998
UKE20,United Kingdom,UK,UKI,UKI5,UKI53,Redbridge and Waltham Forest,24.21375,0.339166666666667,0.5475,1548.7,-2.9,-4.36499999999998
UKE4,United Kingdom,UK,UKI,UKI5,UKI53,Redbridge and Waltham Forest,24.21375,0.339166666666667,0.5475,1548.7,-2.9,-4.36499999999998
UKE5,United Kingdom,UK,UKI,UKI5,UKI53,Redbridge and Waltham Forest,24.21375,0.339166666666667,0.5475,1548.7,-2.9,-4.36499999999998
UKE7,United Kingdom,UK,UKI,UKI5,UKI53,Redbridge and Waltham Forest,24.21375,0.339166666666667,0.5475,1548.7,-2.9,-4.36499999999998
UKIG1,United Kingdom,UK,UKI,UKI5,UKI53,Redbridge and Waltham Forest,24.21375,0.339166666666667,0.5475,1548.7,-2.9,-4.36499999999998
UKIG11,United Kingdom,UK,UKI,UKI5,UKI53,Redbridge and Waltham Forest,24.21375,0.339166666666667,0.5475,1548.7,-2.9,-4.36499999999998
UKIG2,United Kingdom,UK,UKI,UKI5,UKI53,Redbridge and Waltham Forest,24.21375,0.339166666666667,0.5475,1548.7,-2.9,-4.36499999999998
UKIG3,United Kingdom,UK,UKI,UKI5,UKI53,Redbridge and Waltham Forest,24.21375,0.339166666666667,0.5475,1548.7,-2.9,-4.36499999999998
UKIG4,United Kingdom,UK,UKI,UKI5,UKI53,Redbridge and Waltham Forest,24.21375,0.339166666666667,0.5475,1548.7,-2.9,-4.36499999999998
UKIG5,United Kingdom,UK,UKI,UKI5,UKI53,Redbridge and Waltham Forest,24.21375,0.339166666666667,0.5475,1548.7,-2.9,-4.36499999999998
UKIG6,United Kingdom,UK,UKI,UKI5,UKI53,Redbridge and Waltham Forest,24.21375,0.339166666666667,0.5475,1548.7,-2.9,-4.36499999999998
UKIG7,United Kingdom,UK,UKI,UKI5,UKI53,Redbridge and Waltham Forest,24.21375,0.339166666666667,0.5475,1548.7,-2.9,-4.36499999999998
UKIG8,United Kingdom,UK,UKI,UKI5,UKI53,Redbridge and Waltham Forest,24.21375,0.339166666666667,0.5475,1548.7,-2.9,-4.36499999999998
UKIG9,United Kingdom,UK,UKI,UKI5,UKI53,Redbridge and Waltham Forest,24.21375,0.339166666666667,0.5475,1548.7,-2.9,-4.36499999999998
UKN17,United Kingdom,UK,UKI,UKI5,UKI53,Redbridge and Waltham Forest,24.21375,0.339166666666667,0.5475,1548.7,-2.9,-4.36499999999998
UKRM5,United Kingdom,UK,UKI,UKI5,UKI53,Redbridge and Waltham Forest,24.21375,0.339166666666667,0.5475,1548.7,-2.9,-4.36499999999998
UKRM6,United Kingdom,UK,UKI,UKI5,UKI53,Redbridge and Waltham Forest,24.21375,0.339166666666667,0.5475,1548.7,-2.9,-4.36499999999998
UKRM8,United Kingdom,UK,UKI,UKI5,UKI53,Redbridge and Waltham Forest,24.21375,0.339166666666667,0.5475,1548.7,-2.9,-4.36499999999998
UKCR0,United Kingdom,UK,UKI,UKI6,UKI63,"Merton, Kingston upon Thames and Sutton",22.04,0.319999999999998,0.532499999999998,1566.61624999999,-2.83249999999998,-4.28833333333333
UKCR4,United Kingdom,UK,UKI,UKI6,UKI63,"Merton, Kingston upon Thames and Sutton",22.04,0.319999999999998,0.532499999999998,1566.61624999999,-2.83249999999998,-4.28833333333333
UKCR44,United Kingdom,UK,UKI,UKI6,UKI63,"Merton, Kingston upon Thames and Sutton",22.04,0.319999999999998,0.532499999999998,1566.61624999999,-2.83249999999998,-4.28833333333333
UKCR5,United Kingdom,UK,UKI,UKI6,UKI63,"Merton, Kingston upon Thames and Sutton",22.04,0.319999999999998,0.532499999999998,1566.61624999999,-2.83249999999998,-4.28833333333333
UKCR7,United Kingdom,UK,UKI,UKI6,UKI63,"Merton, Kingston upon Thames and Sutton",22.04,0.319999999999998,0.532499999999998,1566.61624999999,-2.83249999999998,-4.28833333333333
UKCR8,United Kingdom,UK,UKI,UKI6,UKI63,"Merton, Kingston upon Thames and Sutton",22.04,0.319999999999998,0.532499999999998,1566.61624999999,-2.83249999999998,-4.28833333333333
UKCR9,United Kingdom,UK,UKI,UKI6,UKI63,"Merton, Kingston upon Thames and Sutton",22.04,0.319999999999998,0.532499999999998,1566.61624999999,-2.83249999999998,-4.28833333333333
UKKT1,United Kingdom,UK,UKI,UKI6,UKI63,"Merton, Kingston upon Thames and Sutton",22.04,0.319999999999998,0.532499999999998,1566.61624999999,-2.83249999999998,-4.28833333333333
UKKT17,United Kingdom,UK,UKI,UKI6,UKI63,"Merton, Kingston upon Thames and Sutton",22.04,0.319999999999998,0.532499999999998,1566.61624999999,-2.83249999999998,-4.28833333333333
UKKT18,United Kingdom,UK,UKI,UKI6,UKI63,"Merton, Kingston upon Thames and Sutton",22.04,0.319999999999998,0.532499999999998,1566.61624999999,-2.83249999999998,-4.28833333333333
UKKT19,United Kingdom,UK,UKI,UKI6,UKI63,"Merton, Kingston upon Thames and Sutton",22.04,0.319999999999998,0.532499999999998,1566.61624999999,-2.83249999999998,-4.28833333333333
UKKT2,United Kingdom,UK,UKI,UKI6,UKI63,"Merton, Kingston upon Thames and Sutton",22.04,0.319999999999998,0.532499999999998,1566.61624999999,-2.83249999999998,-4.28833333333333
UKKT22,United Kingdom,UK,UKI,UKI6,UKI63,"Merton, Kingston upon Thames and Sutton",22.04,0.319999999999998,0.532499999999998,1566.61624999999,-2.83249999999998,-4.28833333333333
UKKT3,United Kingdom,UK,UKI,UKI6,UKI63,"Merton, Kingston upon Thames and Sutton",22.04,0.319999999999998,0.532499999999998,1566.61624999999,-2.83249999999998,-4.28833333333333
UKKT4,United Kingdom,UK,UKI,UKI6,UKI63,"Merton, Kingston upon Thames and Sutton",22.04,0.319999999999998,0.532499999999998,1566.61624999999,-2.83249999999998,-4.28833333333333
UKKT5,United Kingdom,UK,UKI,UKI6,UKI63,"Merton, Kingston upon Thames and Sutton",22.04,0.319999999999998,0.532499999999998,1566.61624999999,-2.83249999999998,-4.28833333333333
UKKT6,United Kingdom,UK,UKI,UKI6,UKI63,"Merton, Kingston upon Thames and Sutton",22.04,0.319999999999998,0.532499999999998,1566.61624999999,-2.83249999999998,-4.28833333333333
UKKT7,United Kingdom,UK,UKI,UKI6,UKI63,"Merton, Kingston upon Thames and Sutton",22.04,0.319999999999998,0.532499999999998,1566.61624999999,-2.83249999999998,-4.28833333333333
UKKT9,United Kingdom,UK,UKI,UKI6,UKI63,"Merton, Kingston upon Thames and Sutton",22.04,0.319999999999998,0.532499999999998,1566.61624999999,-2.83249999999998,-4.28833333333333
UKSM1,United Kingdom,UK,UKI,UKI6,UKI63,"Merton, Kingston upon Thames and Sutton",22.04,0.319999999999998,0.532499999999998,1566.61624999999,-2.83249999999998,-4.28833333333333
UKSM2,United Kingdom,UK,UKI,UKI6,UKI63,"Merton, Kingston upon Thames and Sutton",22.04,0.319999999999998,0.532499999999998,1566.61624999999,-2.83249999999998,-4.28833333333333
UKSM3,United Kingdom,UK,UKI,UKI6,UKI63,"Merton, Kingston upon Thames and Sutton",22.04,0.319999999999998,0.532499999999998,1566.61624999999,-2.83249999999998,-4.28833333333333
UKSM4,United Kingdom,UK,UKI,UKI6,UKI63,"Merton, Kingston upon Thames and Sutton",22.04,0.319999999999998,0.532499999999998,1566.61624999999,-2.83249999999998,-4.28833333333333
UKSM5,United Kingdom,UK,UKI,UKI6,UKI63,"Merton, Kingston upon Thames and Sutton",22.04,0.319999999999998,0.532499999999998,1566.61624999999,-2.83249999999998,-4.28833333333333
UKSM6,United Kingdom,UK,UKI,UKI6,UKI63,"Merton, Kingston upon Thames and Sutton",22.04,0.319999999999998,0.532499999999998,1566.61624999999,-2.83249999999998,-4.28833333333333
UKSM7,United Kingdom,UK,UKI,UKI6,UKI63,"Merton, Kingston upon Thames and Sutton",22.04,0.319999999999998,0.532499999999998,1566.61624999999,-2.83249999999998,-4.28833333333333
UKSW15,United Kingdom,UK,UKI,UKI6,UKI63,"Merton, Kingston upon Thames and Sutton",22.04,0.319999999999998,0.532499999999998,1566.61624999999,-2.83249999999998,-4.28833333333333
UKSW16,United Kingdom,UK,UKI,UKI6,UKI63,"Merton, Kingston upon Thames and Sutton",22.04,0.319999999999998,0.532499999999998,1566.61624999999,-2.83249999999998,-4.28833333333333
UKSW17,United Kingdom,UK,UKI,UKI6,UKI63,"Merton, Kingston upon Thames and Sutton",22.04,0.319999999999998,0.532499999999998,1566.61624999999,-2.83249999999998,-4.28833333333333
UKSW18,United Kingdom,UK,UKI,UKI6,UKI63,"Merton, Kingston upon Thames and Sutton",22.04,0.319999999999998,0.532499999999998,1566.61624999999,-2.83249999999998,-4.28833333333333
UKSW19,United Kingdom,UK,UKI,UKI6,UKI63,"Merton, Kingston upon Thames and Sutton",22.04,0.319999999999998,0.532499999999998,1566.61624999999,-2.83249999999998,-4.28833333333333
UKSW20,United Kingdom,UK,UKI,UKI6,UKI63,"Merton, Kingston upon Thames and Sutton",22.04,0.319999999999998,0.532499999999998,1566.61624999999,-2.83249999999998,-4.28833333333333
UKTW10,United Kingdom,UK,UKI,UKI6,UKI63,"Merton, Kingston upon Thames and Sutton",22.04,0.319999999999998,0.532499999999998,1566.61624999999,-2.83249999999998,-4.28833333333333
UKEN4,United Kingdom,UK,UKI,UKI7,UKI71,Barnet,25.7249999999999,0.35,0.578333333333333,1513.2225,-2.84499999999998,-4.27666666666667
UKEN5,United Kingdom,UK,UKI,UKI7,UKI71,Barnet,25.7249999999999,0.35,0.578333333333333,1513.2225,-2.84499999999998,-4.27666666666667
UKHA7,United Kingdom,UK,UKI,UKI7,UKI71,Barnet,25.7249999999999,0.35,0.578333333333333,1513.2225,-2.84499999999998,-4.27666666666667
UKHA8,United Kingdom,UK,UKI,UKI7,UKI71,Barnet,25.7249999999999,0.35,0.578333333333333,1513.2225,-2.84499999999998,-4.27666666666667
UKN10,United Kingdom,UK,UKI,UKI7,UKI71,Barnet,25.7249999999999,0.35,0.578333333333333,1513.2225,-2.84499999999998,-4.27666666666667
UKN11,United Kingdom,UK,UKI,UKI7,UKI71,Barnet,25.7249999999999,0.35,0.578333333333333,1513.2225,-2.84499999999998,-4.27666666666667
UKN12,United Kingdom,UK,UKI,UKI7,UKI71,Barnet,25.7249999999999,0.35,0.578333333333333,1513.2225,-2.84499999999998,-4.27666666666667
UKN14,United Kingdom,UK,UKI,UKI7,UKI71,Barnet,25.7249999999999,0.35,0.578333333333333,1513.2225,-2.84499999999998,-4.27666666666667
UKN2,United Kingdom,UK,UKI,UKI7,UKI71,Barnet,25.7249999999999,0.35,0.578333333333333,1513.2225,-2.84499999999998,-4.27666666666667
UKN20,United Kingdom,UK,UKI,UKI7,UKI71,Barnet,25.7249999999999,0.35,0.578333333333333,1513.2225,-2.84499999999998,-4.27666666666667
UKN3,United Kingdom,UK,UKI,UKI7,UKI71,Barnet,25.7249999999999,0.35,0.578333333333333,1513.2225,-2.84499999999998,-4.27666666666667
UKNW11,United Kingdom,UK,UKI,UKI7,UKI71,Barnet,25.7249999999999,0.35,0.578333333333333,1513.2225,-2.84499999999998,-4.27666666666667
UKNW2,United Kingdom,UK,UKI,UKI7,UKI71,Barnet,25.7249999999999,0.35,0.578333333333333,1513.2225,-2.84499999999998,-4.27666666666667
UKNW3,United Kingdom,UK,UKI,UKI7,UKI71,Barnet,25.7249999999999,0.35,0.578333333333333,1513.2225,-2.84499999999998,-4.27666666666667
UKNW4,United Kingdom,UK,UKI,UKI7,UKI71,Barnet,25.7249999999999,0.35,0.578333333333333,1513.2225,-2.84499999999998,-4.27666666666667
UKNW7,United Kingdom,UK,UKI,UKI7,UKI71,Barnet,25.7249999999999,0.35,0.578333333333333,1513.2225,-2.84499999999998,-4.27666666666667
UKNW9,United Kingdom,UK,UKI,UKI7,UKI71,Barnet,25.7249999999999,0.35,0.578333333333333,1513.2225,-2.84499999999998,-4.27666666666667
UKWD6,United Kingdom,UK,UKI,UKI7,UKI71,Barnet,25.7249999999999,0.35,0.578333333333333,1513.2225,-2.84499999999998,-4.27666666666667
UKCT1,United Kingdom,UK,UKJ,UKJ4,UKJ44,East Kent,11.5475,0.238333333333333,0.406111111111665,1551.82458333323,-3.12694444445,-4.69833333333332
UKCT10,United Kingdom,UK,UKJ,UKJ4,UKJ44,East Kent,11.5475,0.238333333333333,0.406111111111665,1551.82458333323,-3.12694444445,-4.69833333333332
UKCT11,United Kingdom,UK,UKJ,UKJ4,UKJ44,East Kent,11.5475,0.238333333333333,0.406111111111665,1551.82458333323,-3.12694444445,-4.69833333333332
UKCT12,United Kingdom,UK,UKJ,UKJ4,UKJ44,East Kent,11.5475,0.238333333333333,0.406111111111665,1551.82458333323,-3.12694444445,-4.69833333333332
UKCT13,United Kingdom,UK,UKJ,UKJ4,UKJ44,East Kent,11.5475,0.238333333333333,0.406111111111665,1551.82458333323,-3.12694444445,-4.69833333333332
UKCT14,United Kingdom,UK,UKJ,UKJ4,UKJ44,East Kent,11.5475,0.238333333333333,0.406111111111665,1551.82458333323,-3.12694444445,-4.69833333333332
UKCT15,United Kingdom,UK,UKJ,UKJ4,UKJ44,East Kent,11.5475,0.238333333333333,0.406111111111665,1551.82458333323,-3.12694444445,-4.69833333333332
UKCT16,United Kingdom,UK,UKJ,UKJ4,UKJ44,East Kent,11.5475,0.238333333333333,0.406111111111665,1551.82458333323,-3.12694444445,-4.69833333333332
UKCT17,United Kingdom,UK,UKJ,UKJ4,UKJ44,East Kent,11.5475,0.238333333333333,0.406111111111665,1551.82458333323,-3.12694444445,-4.69833333333332
UKCT18,United Kingdom,UK,UKJ,UKJ4,UKJ44,East Kent,11.5475,0.238333333333333,0.406111111111665,1551.82458333323,-3.12694444445,-4.69833333333332
UKCT19,United Kingdom,UK,UKJ,UKJ4,UKJ44,East Kent,11.5475,0.238333333333333,0.406111111111665,1551.82458333323,-3.12694444445,-4.69833333333332
UKCT2,United Kingdom,UK,UKJ,UKJ4,UKJ44,East Kent,11.5475,0.238333333333333,0.406111111111665,1551.82458333323,-3.12694444445,-4.69833333333332
UKCT20,United Kingdom,UK,UKJ,UKJ4,UKJ44,East Kent,11.5475,0.238333333333333,0.406111111111665,1551.82458333323,-3.12694444445,-4.69833333333332
UKCT21,United Kingdom,UK,UKJ,UKJ4,UKJ44,East Kent,11.5475,0.238333333333333,0.406111111111665,1551.82458333323,-3.12694444445,-4.69833333333332
UKCT3,United Kingdom,UK,UKJ,UKJ4,UKJ44,East Kent,11.5475,0.238333333333333,0.406111111111665,1551.82458333323,-3.12694444445,-4.69833333333332
UKCT4,United Kingdom,UK,UKJ,UKJ4,UKJ44,East Kent,11.5475,0.238333333333333,0.406111111111665,1551.82458333323,-3.12694444445,-4.69833333333332
UKCT5,United Kingdom,UK,UKJ,UKJ4,UKJ44,East Kent,11.5475,0.238333333333333,0.406111111111665,1551.82458333323,-3.12694444445,-4.69833333333332
UKCT50,United Kingdom,UK,UKJ,UKJ4,UKJ44,East Kent,11.5475,0.238333333333333,0.406111111111665,1551.82458333323,-3.12694444445,-4.69833333333332
UKCT6,United Kingdom,UK,UKJ,UKJ4,UKJ44,East Kent,11.5475,0.238333333333333,0.406111111111665,1551.82458333323,-3.12694444445,-4.69833333333332
UKCT7,United Kingdom,UK,UKJ,UKJ4,UKJ44,East Kent,11.5475,0.238333333333333,0.406111111111665,1551.82458333323,-3.12694444445,-4.69833333333332
UKCT8,United Kingdom,UK,UKJ,UKJ4,UKJ44,East Kent,11.5475,0.238333333333333,0.406111111111665,1551.82458333323,-3.12694444445,-4.69833333333332
UKCT9,United Kingdom,UK,UKJ,UKJ4,UKJ44,East Kent,11.5475,0.238333333333333,0.406111111111665,1551.82458333323,-3.12694444445,-4.69833333333332
UKTN25,United Kingdom,UK,UKJ,UKJ4,UKJ44,East Kent,11.5475,0.238333333333333,0.406111111111665,1551.82458333323,-3.12694444445,-4.69833333333332
UKTN26,United Kingdom,UK,UKJ,UKJ4,UKJ44,East Kent,11.5475,0.238333333333333,0.406111111111665,1551.82458333323,-3.12694444445,-4.69833333333332
UKTN28,United Kingdom,UK,UKJ,UKJ4,UKJ44,East Kent,11.5475,0.238333333333333,0.406111111111665,1551.82458333323,-3.12694444445,-4.69833333333332
UKTN29,United Kingdom,UK,UKJ,UKJ4,UKJ44,East Kent,11.5475,0.238333333333333,0.406111111111665,1551.82458333323,-3.12694444445,-4.69833333333332
UKTN31,United Kingdom,UK,UKJ,UKJ4,UKJ44,East Kent,11.5475,0.238333333333333,0.406111111111665,1551.82458333323,-3.12694444445,-4.69833333333332
UKMK1,United Kingdom,UK,UKJ,UKJ1,UKJ12,Milton Keynes,17.99625,0.274166666666665,0.45375,1646.504375,-2.95875,-4.45874999999998
UKMK10,United Kingdom,UK,UKJ,UKJ1,UKJ12,Milton Keynes,17.99625,0.274166666666665,0.45375,1646.504375,-2.95875,-4.45874999999998
UKMK11,United Kingdom,UK,UKJ,UKJ1,UKJ12,Milton Keynes,17.99625,0.274166666666665,0.45375,1646.504375,-2.95875,-4.45874999999998
UKMK12,United Kingdom,UK,UKJ,UKJ1,UKJ12,Milton Keynes,17.99625,0.274166666666665,0.45375,1646.504375,-2.95875,-4.45874999999998
UKMK13,United Kingdom,UK,UKJ,UKJ1,UKJ12,Milton Keynes,17.99625,0.274166666666665,0.45375,1646.504375,-2.95875,-4.45874999999998
UKMK14,United Kingdom,UK,UKJ,UKJ1,UKJ12,Milton Keynes,17.99625,0.274166666666665,0.45375,1646.504375,-2.95875,-4.45874999999998
UKMK15,United Kingdom,UK,UKJ,UKJ1,UKJ12,Milton Keynes,17.99625,0.274166666666665,0.45375,1646.504375,-2.95875,-4.45874999999998
UKMK16,United Kingdom,UK,UKJ,UKJ1,UKJ12,Milton Keynes,17.99625,0.274166666666665,0.45375,1646.504375,-2.95875,-4.45874999999998
UKMK17,United Kingdom,UK,UKJ,UKJ1,UKJ12,Milton Keynes,17.99625,0.274166666666665,0.45375,1646.504375,-2.95875,-4.45874999999998
UKMK19,United Kingdom,UK,UKJ,UKJ1,UKJ12,Milton Keynes,17.99625,0.274166666666665,0.45375,1646.504375,-2.95875,-4.45874999999998
UKMK2,United Kingdom,UK,UKJ,UKJ1,UKJ12,Milton Keynes,17.99625,0.274166666666665,0.45375,1646.504375,-2.95875,-4.45874999999998
UKMK3,United Kingdom,UK,UKJ,UKJ1,UKJ12,Milton Keynes,17.99625,0.274166666666665,0.45375,1646.504375,-2.95875,-4.45874999999998
UKMK4,United Kingdom,UK,UKJ,UKJ1,UKJ12,Milton Keynes,17.99625,0.274166666666665,0.45375,1646.504375,-2.95875,-4.45874999999998
UKMK43,United Kingdom,UK,UKJ,UKJ1,UKJ12,Milton Keynes,17.99625,0.274166666666665,0.45375,1646.504375,-2.95875,-4.45874999999998
UKMK46,United Kingdom,UK,UKJ,UKJ1,UKJ12,Milton Keynes,17.99625,0.274166666666665,0.45375,1646.504375,-2.95875,-4.45874999999998
UKMK5,United Kingdom,UK,UKJ,UKJ1,UKJ12,Milton Keynes,17.99625,0.274166666666665,0.45375,1646.504375,-2.95875,-4.45874999999998
UKMK6,United Kingdom,UK,UKJ,UKJ1,UKJ12,Milton Keynes,17.99625,0.274166666666665,0.45375,1646.504375,-2.95875,-4.45874999999998
UKMK7,United Kingdom,UK,UKJ,UKJ1,UKJ12,Milton Keynes,17.99625,0.274166666666665,0.45375,1646.504375,-2.95875,-4.45874999999998
UKMK77,United Kingdom,UK,UKJ,UKJ1,UKJ12,Milton Keynes,17.99625,0.274166666666665,0.45375,1646.504375,-2.95875,-4.45874999999998
UKMK8,United Kingdom,UK,UKJ,UKJ1,UKJ12,Milton Keynes,17.99625,0.274166666666665,0.45375,1646.504375,-2.95875,-4.45874999999998
UKMK9,United Kingdom,UK,UKJ,UKJ1,UKJ12,Milton Keynes,17.99625,0.274166666666665,0.45375,1646.504375,-2.95875,-4.45874999999998
UKNN7,United Kingdom,UK,UKJ,UKJ1,UKJ12,Milton Keynes,17.99625,0.274166666666665,0.45375,1646.504375,-2.95875,-4.45874999999998
UKBR6,United Kingdom,UK,UKJ,UKJ4,UKJ46,West Kent,16.53636363637,0.272727272726667,0.445909090908333,1575.41113636371,-2.90712121211667,-4.40166666666667
UKBR8,United Kingdom,UK,UKJ,UKJ4,UKJ46,West Kent,16.53636363637,0.272727272726667,0.445909090908333,1575.41113636371,-2.90712121211667,-4.40166666666667
UKDA13,United Kingdom,UK,UKJ,UKJ4,UKJ46,West Kent,16.53636363637,0.272727272726667,0.445909090908333,1575.41113636371,-2.90712121211667,-4.40166666666667
UKDA2,United Kingdom,UK,UKJ,UKJ4,UKJ46,West Kent,16.53636363637,0.272727272726667,0.445909090908333,1575.41113636371,-2.90712121211667,-4.40166666666667
UKDA3,United Kingdom,UK,UKJ,UKJ4,UKJ46,West Kent,16.53636363637,0.272727272726667,0.445909090908333,1575.41113636371,-2.90712121211667,-4.40166666666667
UKDA4,United Kingdom,UK,UKJ,UKJ4,UKJ46,West Kent,16.53636363637,0.272727272726667,0.445909090908333,1575.41113636371,-2.90712121211667,-4.40166666666667
UKME1,United Kingdom,UK,UKJ,UKJ4,UKJ46,West Kent,16.53636363637,0.272727272726667,0.445909090908333,1575.41113636371,-2.90712121211667,-4.40166666666667
UKME16,United Kingdom,UK,UKJ,UKJ4,UKJ46,West Kent,16.53636363637,0.272727272726667,0.445909090908333,1575.41113636371,-2.90712121211667,-4.40166666666667
UKME18,United Kingdom,UK,UKJ,UKJ4,UKJ46,West Kent,16.53636363637,0.272727272726667,0.445909090908333,1575.41113636371,-2.90712121211667,-4.40166666666667
UKME19,United Kingdom,UK,UKJ,UKJ4,UKJ46,West Kent,16.53636363637,0.272727272726667,0.445909090908333,1575.41113636371,-2.90712121211667,-4.40166666666667
UKME2,United Kingdom,UK,UKJ,UKJ4,UKJ46,West Kent,16.53636363637,0.272727272726667,0.445909090908333,1575.41113636371,-2.90712121211667,-4.40166666666667
UKME20,United Kingdom,UK,UKJ,UKJ4,UKJ46,West Kent,16.53636363637,0.272727272726667,0.445909090908333,1575.41113636371,-2.90712121211667,-4.40166666666667
UKME5,United Kingdom,UK,UKJ,UKJ4,UKJ46,West Kent,16.53636363637,0.272727272726667,0.445909090908333,1575.41113636371,-2.90712121211667,-4.40166666666667
UKME6,United Kingdom,UK,UKJ,UKJ4,UKJ46,West Kent,16.53636363637,0.272727272726667,0.445909090908333,1575.41113636371,-2.90712121211667,-4.40166666666667
UKTN1,United Kingdom,UK,UKJ,UKJ4,UKJ46,West Kent,16.53636363637,0.272727272726667,0.445909090908333,1575.41113636371,-2.90712121211667,-4.40166666666667
UKTN10,United Kingdom,UK,UKJ,UKJ4,UKJ46,West Kent,16.53636363637,0.272727272726667,0.445909090908333,1575.41113636371,-2.90712121211667,-4.40166666666667
UKTN11,United Kingdom,UK,UKJ,UKJ4,UKJ46,West Kent,16.53636363637,0.272727272726667,0.445909090908333,1575.41113636371,-2.90712121211667,-4.40166666666667
UKTN12,United Kingdom,UK,UKJ,UKJ4,UKJ46,West Kent,16.53636363637,0.272727272726667,0.445909090908333,1575.41113636371,-2.90712121211667,-4.40166666666667
UKTN13,United Kingdom,UK,UKJ,UKJ4,UKJ46,West Kent,16.53636363637,0.272727272726667,0.445909090908333,1575.41113636371,-2.90712121211667,-4.40166666666667
UKTN14,United Kingdom,UK,UKJ,UKJ4,UKJ46,West Kent,16.53636363637,0.272727272726667,0.445909090908333,1575.41113636371,-2.90712121211667,-4.40166666666667
UKTN15,United Kingdom,UK,UKJ,UKJ4,UKJ46,West Kent,16.53636363637,0.272727272726667,0.445909090908333,1575.41113636371,-2.90712121211667,-4.40166666666667
UKTN16,United Kingdom,UK,UKJ,UKJ4,UKJ46,West Kent,16.53636363637,0.272727272726667,0.445909090908333,1575.41113636371,-2.90712121211667,-4.40166666666667
UKTN17,United Kingdom,UK,UKJ,UKJ4,UKJ46,West Kent,16.53636363637,0.272727272726667,0.445909090908333,1575.41113636371,-2.90712121211667,-4.40166666666667
UKTN18,United Kingdom,UK,UKJ,UKJ4,UKJ46,West Kent,16.53636363637,0.272727272726667,0.445909090908333,1575.41113636371,-2.90712121211667,-4.40166666666667
UKTN2,United Kingdom,UK,UKJ,UKJ4,UKJ46,West Kent,16.53636363637,0.272727272726667,0.445909090908333,1575.41113636371,-2.90712121211667,-4.40166666666667
UKTN27,United Kingdom,UK,UKJ,UKJ4,UKJ46,West Kent,16.53636363637,0.272727272726667,0.445909090908333,1575.41113636371,-2.90712121211667,-4.40166666666667
UKTN3,United Kingdom,UK,UKJ,UKJ4,UKJ46,West Kent,16.53636363637,0.272727272726667,0.445909090908333,1575.41113636371,-2.90712121211667,-4.40166666666667
UKTN4,United Kingdom,UK,UKJ,UKJ4,UKJ46,West Kent,16.53636363637,0.272727272726667,0.445909090908333,1575.41113636371,-2.90712121211667,-4.40166666666667
UKTN5,United Kingdom,UK,UKJ,UKJ4,UKJ46,West Kent,16.53636363637,0.272727272726667,0.445909090908333,1575.41113636371,-2.90712121211667,-4.40166666666667
UKTN8,United Kingdom,UK,UKJ,UKJ4,UKJ46,West Kent,16.53636363637,0.272727272726667,0.445909090908333,1575.41113636371,-2.90712121211667,-4.40166666666667
UKTN9,United Kingdom,UK,UKJ,UKJ4,UKJ46,West Kent,16.53636363637,0.272727272726667,0.445909090908333,1575.41113636371,-2.90712121211667,-4.40166666666667
UKSY4,United Kingdom,UK,UKG,UKG2,UKG21,Telford and Wrekin,6.78000000000225,0.128888888888833,0.258333333333333,1689.73749999999,-2.94166666666667,-4.45333333333332
UKTF1,United Kingdom,UK,UKG,UKG2,UKG21,Telford and Wrekin,6.78000000000225,0.128888888888833,0.258333333333333,1689.73749999999,-2.94166666666667,-4.45333333333332
UKTF10,United Kingdom,UK,UKG,UKG2,UKG21,Telford and Wrekin,6.78000000000225,0.128888888888833,0.258333333333333,1689.73749999999,-2.94166666666667,-4.45333333333332
UKTF11,United Kingdom,UK,UKG,UKG2,UKG21,Telford and Wrekin,6.78000000000225,0.128888888888833,0.258333333333333,1689.73749999999,-2.94166666666667,-4.45333333333332
UKTF13,United Kingdom,UK,UKG,UKG2,UKG21,Telford and Wrekin,6.78000000000225,0.128888888888833,0.258333333333333,1689.73749999999,-2.94166666666667,-4.45333333333332
UKTF2,United Kingdom,UK,UKG,UKG2,UKG21,Telford and Wrekin,6.78000000000225,0.128888888888833,0.258333333333333,1689.73749999999,-2.94166666666667,-4.45333333333332
UKTF3,United Kingdom,UK,UKG,UKG2,UKG21,Telford and Wrekin,6.78000000000225,0.128888888888833,0.258333333333333,1689.73749999999,-2.94166666666667,-4.45333333333332
UKTF4,United Kingdom,UK,UKG,UKG2,UKG21,Telford and Wrekin,6.78000000000225,0.128888888888833,0.258333333333333,1689.73749999999,-2.94166666666667,-4.45333333333332
UKTF5,United Kingdom,UK,UKG,UKG2,UKG21,Telford and Wrekin,6.78000000000225,0.128888888888833,0.258333333333333,1689.73749999999,-2.94166666666667,-4.45333333333332
UKTF6,United Kingdom,UK,UKG,UKG2,UKG21,Telford and Wrekin,6.78000000000225,0.128888888888833,0.258333333333333,1689.73749999999,-2.94166666666667,-4.45333333333332
UKTF7,United Kingdom,UK,UKG,UKG2,UKG21,Telford and Wrekin,6.78000000000225,0.128888888888833,0.258333333333333,1689.73749999999,-2.94166666666667,-4.45333333333332
UKTF8,United Kingdom,UK,UKG,UKG2,UKG21,Telford and Wrekin,6.78000000000225,0.128888888888833,0.258333333333333,1689.73749999999,-2.94166666666667,-4.45333333333332
UKTF9,United Kingdom,UK,UKG,UKG2,UKG21,Telford and Wrekin,6.78000000000225,0.128888888888833,0.258333333333333,1689.73749999999,-2.94166666666667,-4.45333333333332
UKWV99,United Kingdom,UK,UKG,UKG2,UKG21,Telford and Wrekin,6.78000000000225,0.128888888888833,0.258333333333333,1689.73749999999,-2.94166666666667,-4.45333333333332
UKMK40,United Kingdom,UK,UKH,UKH2,UKH24,Bedford,19.5139285714525,0.286428571428333,0.471428571428332,1627.97285714443,-3.00285714285,-4.51880952381665
UKMK41,United Kingdom,UK,UKH,UKH2,UKH24,Bedford,19.5139285714525,0.286428571428333,0.471428571428332,1627.97285714443,-3.00285714285,-4.51880952381665
UKMK42,United Kingdom,UK,UKH,UKH2,UKH24,Bedford,19.5139285714525,0.286428571428333,0.471428571428332,1627.97285714443,-3.00285714285,-4.51880952381665
UKMK43,United Kingdom,UK,UKH,UKH2,UKH24,Bedford,19.5139285714525,0.286428571428333,0.471428571428332,1627.97285714443,-3.00285714285,-4.51880952381665
UKMK44,United Kingdom,UK,UKH,UKH2,UKH24,Bedford,19.5139285714525,0.286428571428333,0.471428571428332,1627.97285714443,-3.00285714285,-4.51880952381665
UKMK45,United Kingdom,UK,UKH,UKH2,UKH24,Bedford,19.5139285714525,0.286428571428333,0.471428571428332,1627.97285714443,-3.00285714285,-4.51880952381665
UKNN10,United Kingdom,UK,UKH,UKH2,UKH24,Bedford,19.5139285714525,0.286428571428333,0.471428571428332,1627.97285714443,-3.00285714285,-4.51880952381665
UKNN29,United Kingdom,UK,UKH,UKH2,UKH24,Bedford,19.5139285714525,0.286428571428333,0.471428571428332,1627.97285714443,-3.00285714285,-4.51880952381665
UKPE19,United Kingdom,UK,UKH,UKH2,UKH24,Bedford,19.5139285714525,0.286428571428333,0.471428571428332,1627.97285714443,-3.00285714285,-4.51880952381665
UKPE28,United Kingdom,UK,UKH,UKH2,UKH24,Bedford,19.5139285714525,0.286428571428333,0.471428571428332,1627.97285714443,-3.00285714285,-4.51880952381665
UKDG14,United Kingdom,UK,UKM,UKM9,UKM91,Scottish Borders,0.233405797101475,0.00565217391305,0.0292995169081667,2011.2839130477,-3.4122705314,-4.88074879226667
UKEH26,United Kingdom,UK,UKM,UKM9,UKM91,Scottish Borders,0.233405797101475,0.00565217391305,0.0292995169081667,2011.2839130477,-3.4122705314,-4.88074879226667
UKEH37,United Kingdom,UK,UKM,UKM9,UKM91,Scottish Borders,0.233405797101475,0.00565217391305,0.0292995169081667,2011.2839130477,-3.4122705314,-4.88074879226667
UKEH38,United Kingdom,UK,UKM,UKM9,UKM91,Scottish Borders,0.233405797101475,0.00565217391305,0.0292995169081667,2011.2839130477,-3.4122705314,-4.88074879226667
UKEH43,United Kingdom,UK,UKM,UKM9,UKM91,Scottish Borders,0.233405797101475,0.00565217391305,0.0292995169081667,2011.2839130477,-3.4122705314,-4.88074879226667
UKEH44,United Kingdom,UK,UKM,UKM9,UKM91,Scottish Borders,0.233405797101475,0.00565217391305,0.0292995169081667,2011.2839130477,-3.4122705314,-4.88074879226667
UKEH45,United Kingdom,UK,UKM,UKM9,UKM91,Scottish Borders,0.233405797101475,0.00565217391305,0.0292995169081667,2011.2839130477,-3.4122705314,-4.88074879226667
UKEH46,United Kingdom,UK,UKM,UKM9,UKM91,Scottish Borders,0.233405797101475,0.00565217391305,0.0292995169081667,2011.2839130477,-3.4122705314,-4.88074879226667
UKML12,United Kingdom,UK,UKM,UKM9,UKM91,Scottish Borders,0.233405797101475,0.00565217391305,0.0292995169081667,2011.2839130477,-3.4122705314,-4.88074879226667
UKTD1,United Kingdom,UK,UKM,UKM9,UKM91,Scottish Borders,0.233405797101475,0.00565217391305,0.0292995169081667,2011.2839130477,-3.4122705314,-4.88074879226667
UKTD10,United Kingdom,UK,UKM,UKM9,UKM91,Scottish Borders,0.233405797101475,0.00565217391305,0.0292995169081667,2011.2839130477,-3.4122705314,-4.88074879226667
UKTD11,United Kingdom,UK,UKM,UKM9,UKM91,Scottish Borders,0.233405797101475,0.00565217391305,0.0292995169081667,2011.2839130477,-3.4122705314,-4.88074879226667
UKTD12,United Kingdom,UK,UKM,UKM9,UKM91,Scottish Borders,0.233405797101475,0.00565217391305,0.0292995169081667,2011.2839130477,-3.4122705314,-4.88074879226667
UKTD13,United Kingdom,UK,UKM,UKM9,UKM91,Scottish Borders,0.233405797101475,0.00565217391305,0.0292995169081667,2011.2839130477,-3.4122705314,-4.88074879226667
UKTD14,United Kingdom,UK,UKM,UKM9,UKM91,Scottish Borders,0.233405797101475,0.00565217391305,0.0292995169081667,2011.2839130477,-3.4122705314,-4.88074879226667
UKTD15,United Kingdom,UK,UKM,UKM9,UKM91,Scottish Borders,0.233405797101475,0.00565217391305,0.0292995169081667,2011.2839130477,-3.4122705314,-4.88074879226667
UKTD2,United Kingdom,UK,UKM,UKM9,UKM91,Scottish Borders,0.233405797101475,0.00565217391305,0.0292995169081667,2011.2839130477,-3.4122705314,-4.88074879226667
UKTD3,United Kingdom,UK,UKM,UKM9,UKM91,Scottish Borders,0.233405797101475,0.00565217391305,0.0292995169081667,2011.2839130477,-3.4122705314,-4.88074879226667
UKTD4,United Kingdom,UK,UKM,UKM9,UKM91,Scottish Borders,0.233405797101475,0.00565217391305,0.0292995169081667,2011.2839130477,-3.4122705314,-4.88074879226667
UKTD5,United Kingdom,UK,UKM,UKM9,UKM91,Scottish Borders,0.233405797101475,0.00565217391305,0.0292995169081667,2011.2839130477,-3.4122705314,-4.88074879226667
UKTD6,United Kingdom,UK,UKM,UKM9,UKM91,Scottish Borders,0.233405797101475,0.00565217391305,0.0292995169081667,2011.2839130477,-3.4122705314,-4.88074879226667
UKTD7,United Kingdom,UK,UKM,UKM9,UKM91,Scottish Borders,0.233405797101475,0.00565217391305,0.0292995169081667,2011.2839130477,-3.4122705314,-4.88074879226667
UKTD8,United Kingdom,UK,UKM,UKM9,UKM91,Scottish Borders,0.233405797101475,0.00565217391305,0.0292995169081667,2011.2839130477,-3.4122705314,-4.88074879226667
UKTD9,United Kingdom,UK,UKM,UKM9,UKM91,Scottish Borders,0.233405797101475,0.00565217391305,0.0292995169081667,2011.2839130477,-3.4122705314,-4.88074879226667
UKCF44,United Kingdom,UK,UKL,UKL2,UKL24,Powys,1.32804347826175,0.0357004830918333,0.0956763285023333,1791.22880435265,-2.78417874396665,-4.19625603865
UKCF48,United Kingdom,UK,UKL,UKL2,UKL24,Powys,1.32804347826175,0.0357004830918333,0.0956763285023333,1791.22880435265,-2.78417874396665,-4.19625603865
UKHR3,United Kingdom,UK,UKL,UKL2,UKL24,Powys,1.32804347826175,0.0357004830918333,0.0956763285023333,1791.22880435265,-2.78417874396665,-4.19625603865
UKHR5,United Kingdom,UK,UKL,UKL2,UKL24,Powys,1.32804347826175,0.0357004830918333,0.0956763285023333,1791.22880435265,-2.78417874396665,-4.19625603865
UKLD1,United Kingdom,UK,UKL,UKL2,UKL24,Powys,1.32804347826175,0.0357004830918333,0.0956763285023333,1791.22880435265,-2.78417874396665,-4.19625603865
UKLD2,United Kingdom,UK,UKL,UKL2,UKL24,Powys,1.32804347826175,0.0357004830918333,0.0956763285023333,1791.22880435265,-2.78417874396665,-4.19625603865
UKLD3,United Kingdom,UK,UKL,UKL2,UKL24,Powys,1.32804347826175,0.0357004830918333,0.0956763285023333,1791.22880435265,-2.78417874396665,-4.19625603865
UKLD4,United Kingdom,UK,UKL,UKL2,UKL24,Powys,1.32804347826175,0.0357004830918333,0.0956763285023333,1791.22880435265,-2.78417874396665,-4.19625603865
UKLD5,United Kingdom,UK,UKL,UKL2,UKL24,Powys,1.32804347826175,0.0357004830918333,0.0956763285023333,1791.22880435265,-2.78417874396665,-4.19625603865
UKLD6,United Kingdom,UK,UKL,UKL2,UKL24,Powys,1.32804347826175,0.0357004830918333,0.0956763285023333,1791.22880435265,-2.78417874396665,-4.19625603865
UKLD7,United Kingdom,UK,UKL,UKL2,UKL24,Powys,1.32804347826175,0.0357004830918333,0.0956763285023333,1791.22880435265,-2.78417874396665,-4.19625603865
UKLD8,United Kingdom,UK,UKL,UKL2,UKL24,Powys,1.32804347826175,0.0357004830918333,0.0956763285023333,1791.22880435265,-2.78417874396665,-4.19625603865
UKNP7,United Kingdom,UK,UKL,UKL2,UKL24,Powys,1.32804347826175,0.0357004830918333,0.0956763285023333,1791.22880435265,-2.78417874396665,-4.19625603865
UKNP8,United Kingdom,UK,UKL,UKL2,UKL24,Powys,1.32804347826175,0.0357004830918333,0.0956763285023333,1791.22880435265,-2.78417874396665,-4.19625603865
UKSA10,United Kingdom,UK,UKL,UKL2,UKL24,Powys,1.32804347826175,0.0357004830918333,0.0956763285023333,1791.22880435265,-2.78417874396665,-4.19625603865
UKSA11,United Kingdom,UK,UKL,UKL2,UKL24,Powys,1.32804347826175,0.0357004830918333,0.0956763285023333,1791.22880435265,-2.78417874396665,-4.19625603865
UKSA9,United Kingdom,UK,UKL,UKL2,UKL24,Powys,1.32804347826175,0.0357004830918333,0.0956763285023333,1791.22880435265,-2.78417874396665,-4.19625603865
UKSY10,United Kingdom,UK,UKL,UKL2,UKL24,Powys,1.32804347826175,0.0357004830918333,0.0956763285023333,1791.22880435265,-2.78417874396665,-4.19625603865
UKSY15,United Kingdom,UK,UKL,UKL2,UKL24,Powys,1.32804347826175,0.0357004830918333,0.0956763285023333,1791.22880435265,-2.78417874396665,-4.19625603865
UKSY16,United Kingdom,UK,UKL,UKL2,UKL24,Powys,1.32804347826175,0.0357004830918333,0.0956763285023333,1791.22880435265,-2.78417874396665,-4.19625603865
UKSY17,United Kingdom,UK,UKL,UKL2,UKL24,Powys,1.32804347826175,0.0357004830918333,0.0956763285023333,1791.22880435265,-2.78417874396665,-4.19625603865
UKSY18,United Kingdom,UK,UKL,UKL2,UKL24,Powys,1.32804347826175,0.0357004830918333,0.0956763285023333,1791.22880435265,-2.78417874396665,-4.19625603865
UKSY19,United Kingdom,UK,UKL,UKL2,UKL24,Powys,1.32804347826175,0.0357004830918333,0.0956763285023333,1791.22880435265,-2.78417874396665,-4.19625603865
UKSY20,United Kingdom,UK,UKL,UKL2,UKL24,Powys,1.32804347826175,0.0357004830918333,0.0956763285023333,1791.22880435265,-2.78417874396665,-4.19625603865
UKSY21,United Kingdom,UK,UKL,UKL2,UKL24,Powys,1.32804347826175,0.0357004830918333,0.0956763285023333,1791.22880435265,-2.78417874396665,-4.19625603865
UKSY22,United Kingdom,UK,UKL,UKL2,UKL24,Powys,1.32804347826175,0.0357004830918333,0.0956763285023333,1791.22880435265,-2.78417874396665,-4.19625603865
UKSY23,United Kingdom,UK,UKL,UKL2,UKL24,Powys,1.32804347826175,0.0357004830918333,0.0956763285023333,1791.22880435265,-2.78417874396665,-4.19625603865
UKSY5,United Kingdom,UK,UKL,UKL2,UKL24,Powys,1.32804347826175,0.0357004830918333,0.0956763285023333,1791.22880435265,-2.78417874396665,-4.19625603865
UKSY7,United Kingdom,UK,UKL,UKL2,UKL24,Powys,1.32804347826175,0.0357004830918333,0.0956763285023333,1791.22880435265,-2.78417874396665,-4.19625603865
UKSY9,United Kingdom,UK,UKL,UKL2,UKL24,Powys,1.32804347826175,0.0357004830918333,0.0956763285023333,1791.22880435265,-2.78417874396665,-4.19625603865
UKZE1,United Kingdom,UK,UKM,UKM6,UKM66,Shetland Islands,0,0,0,1798.1542307701,-3.2982051282,-4.59499999999998
UKZE2,United Kingdom,UK,UKM,UKM6,UKM66,Shetland Islands,0,0,0,1798.1542307701,-3.2982051282,-4.59499999999998
UKZE3,United Kingdom,UK,UKM,UKM6,UKM66,Shetland Islands,0,0,0,1798.1542307701,-3.2982051282,-4.59499999999998
UKAB22,United Kingdom,UK,UKK,UKK3,UKK30,Cornwall and Isles of Scilly,0.76060975609775,0.0283739837398333,0.094918699187,1335.63609755605,-2.60227642276665,-3.93772357723332
UKBD98,United Kingdom,UK,UKK,UKK3,UKK30,Cornwall and Isles of Scilly,0.76060975609775,0.0283739837398333,0.094918699187,1335.63609755605,-2.60227642276665,-3.93772357723332
UKBN91,United Kingdom,UK,UKK,UKK3,UKK30,Cornwall and Isles of Scilly,0.76060975609775,0.0283739837398333,0.094918699187,1335.63609755605,-2.60227642276665,-3.93772357723332
UKBN95,United Kingdom,UK,UKK,UKK3,UKK30,Cornwall and Isles of Scilly,0.76060975609775,0.0283739837398333,0.094918699187,1335.63609755605,-2.60227642276665,-3.93772357723332
UKEH42,United Kingdom,UK,UKK,UKK3,UKK30,Cornwall and Isles of Scilly,0.76060975609775,0.0283739837398333,0.094918699187,1335.63609755605,-2.60227642276665,-3.93772357723332
UKEN77,United Kingdom,UK,UKK,UKK3,UKK30,Cornwall and Isles of Scilly,0.76060975609775,0.0283739837398333,0.094918699187,1335.63609755605,-2.60227642276665,-3.93772357723332
UKEX22,United Kingdom,UK,UKK,UKK3,UKK30,Cornwall and Isles of Scilly,0.76060975609775,0.0283739837398333,0.094918699187,1335.63609755605,-2.60227642276665,-3.93772357723332
UKEX23,United Kingdom,UK,UKK,UKK3,UKK30,Cornwall and Isles of Scilly,0.76060975609775,0.0283739837398333,0.094918699187,1335.63609755605,-2.60227642276665,-3.93772357723332
UKIV51,United Kingdom,UK,UKK,UKK3,UKK30,Cornwall and Isles of Scilly,0.76060975609775,0.0283739837398333,0.094918699187,1335.63609755605,-2.60227642276665,-3.93772357723332
UKKA27,United Kingdom,UK,UKK,UKK3,UKK30,Cornwall and Isles of Scilly,0.76060975609775,0.0283739837398333,0.094918699187,1335.63609755605,-2.60227642276665,-3.93772357723332
UKN1P,United Kingdom,UK,UKK,UKK3,UKK30,Cornwall and Isles of Scilly,0.76060975609775,0.0283739837398333,0.094918699187,1335.63609755605,-2.60227642276665,-3.93772357723332
UKPL10,United Kingdom,UK,UKK,UKK3,UKK30,Cornwall and Isles of Scilly,0.76060975609775,0.0283739837398333,0.094918699187,1335.63609755605,-2.60227642276665,-3.93772357723332
UKPL11,United Kingdom,UK,UKK,UKK3,UKK30,Cornwall and Isles of Scilly,0.76060975609775,0.0283739837398333,0.094918699187,1335.63609755605,-2.60227642276665,-3.93772357723332
UKPL12,United Kingdom,UK,UKK,UKK3,UKK30,Cornwall and Isles of Scilly,0.76060975609775,0.0283739837398333,0.094918699187,1335.63609755605,-2.60227642276665,-3.93772357723332
UKPL13,United Kingdom,UK,UKK,UKK3,UKK30,Cornwall and Isles of Scilly,0.76060975609775,0.0283739837398333,0.094918699187,1335.63609755605,-2.60227642276665,-3.93772357723332
UKPL14,United Kingdom,UK,UKK,UKK3,UKK30,Cornwall and Isles of Scilly,0.76060975609775,0.0283739837398333,0.094918699187,1335.63609755605,-2.60227642276665,-3.93772357723332
UKPL15,United Kingdom,UK,UKK,UKK3,UKK30,Cornwall and Isles of Scilly,0.76060975609775,0.0283739837398333,0.094918699187,1335.63609755605,-2.60227642276665,-3.93772357723332
UKPL17,United Kingdom,UK,UKK,UKK3,UKK30,Cornwall and Isles of Scilly,0.76060975609775,0.0283739837398333,0.094918699187,1335.63609755605,-2.60227642276665,-3.93772357723332
UKPL18,United Kingdom,UK,UKK,UKK3,UKK30,Cornwall and Isles of Scilly,0.76060975609775,0.0283739837398333,0.094918699187,1335.63609755605,-2.60227642276665,-3.93772357723332
UKPL22,United Kingdom,UK,UKK,UKK3,UKK30,Cornwall and Isles of Scilly,0.76060975609775,0.0283739837398333,0.094918699187,1335.63609755605,-2.60227642276665,-3.93772357723332
UKPL23,United Kingdom,UK,UKK,UKK3,UKK30,Cornwall and Isles of Scilly,0.76060975609775,0.0283739837398333,0.094918699187,1335.63609755605,-2.60227642276665,-3.93772357723332
UKPL24,United Kingdom,UK,UKK,UKK3,UKK30,Cornwall and Isles of Scilly,0.76060975609775,0.0283739837398333,0.094918699187,1335.63609755605,-2.60227642276665,-3.93772357723332
UKPL25,United Kingdom,UK,UKK,UKK3,UKK30,Cornwall and Isles of Scilly,0.76060975609775,0.0283739837398333,0.094918699187,1335.63609755605,-2.60227642276665,-3.93772357723332
UKPL26,United Kingdom,UK,UKK,UKK3,UKK30,Cornwall and Isles of Scilly,0.76060975609775,0.0283739837398333,0.094918699187,1335.63609755605,-2.60227642276665,-3.93772357723332
UKPL27,United Kingdom,UK,UKK,UKK3,UKK30,Cornwall and Isles of Scilly,0.76060975609775,0.0283739837398333,0.094918699187,1335.63609755605,-2.60227642276665,-3.93772357723332
UKPL28,United Kingdom,UK,UKK,UKK3,UKK30,Cornwall and Isles of Scilly,0.76060975609775,0.0283739837398333,0.094918699187,1335.63609755605,-2.60227642276665,-3.93772357723332
UKPL29,United Kingdom,UK,UKK,UKK3,UKK30,Cornwall and Isles of Scilly,0.76060975609775,0.0283739837398333,0.094918699187,1335.63609755605,-2.60227642276665,-3.93772357723332
UKPL30,United Kingdom,UK,UKK,UKK3,UKK30,Cornwall and Isles of Scilly,0.76060975609775,0.0283739837398333,0.094918699187,1335.63609755605,-2.60227642276665,-3.93772357723332
UKPL31,United Kingdom,UK,UKK,UKK3,UKK30,Cornwall and Isles of Scilly,0.76060975609775,0.0283739837398333,0.094918699187,1335.63609755605,-2.60227642276665,-3.93772357723332
UKPL32,United Kingdom,UK,UKK,UKK3,UKK30,Cornwall and Isles of Scilly,0.76060975609775,0.0283739837398333,0.094918699187,1335.63609755605,-2.60227642276665,-3.93772357723332
UKPL33,United Kingdom,UK,UKK,UKK3,UKK30,Cornwall and Isles of Scilly,0.76060975609775,0.0283739837398333,0.094918699187,1335.63609755605,-2.60227642276665,-3.93772357723332
UKPL34,United Kingdom,UK,UKK,UKK3,UKK30,Cornwall and Isles of Scilly,0.76060975609775,0.0283739837398333,0.094918699187,1335.63609755605,-2.60227642276665,-3.93772357723332
UKPL35,United Kingdom,UK,UKK,UKK3,UKK30,Cornwall and Isles of Scilly,0.76060975609775,0.0283739837398333,0.094918699187,1335.63609755605,-2.60227642276665,-3.93772357723332
UKSE1P,United Kingdom,UK,UKK,UKK3,UKK30,Cornwall and Isles of Scilly,0.76060975609775,0.0283739837398333,0.094918699187,1335.63609755605,-2.60227642276665,-3.93772357723332
UKSR43,United Kingdom,UK,UKK,UKK3,UKK30,Cornwall and Isles of Scilly,0.76060975609775,0.0283739837398333,0.094918699187,1335.63609755605,-2.60227642276665,-3.93772357723332
UKTR1,United Kingdom,UK,UKK,UKK3,UKK30,Cornwall and Isles of Scilly,0.76060975609775,0.0283739837398333,0.094918699187,1335.63609755605,-2.60227642276665,-3.93772357723332
UKTR10,United Kingdom,UK,UKK,UKK3,UKK30,Cornwall and Isles of Scilly,0.76060975609775,0.0283739837398333,0.094918699187,1335.63609755605,-2.60227642276665,-3.93772357723332
UKTR11,United Kingdom,UK,UKK,UKK3,UKK30,Cornwall and Isles of Scilly,0.76060975609775,0.0283739837398333,0.094918699187,1335.63609755605,-2.60227642276665,-3.93772357723332
UKTR12,United Kingdom,UK,UKK,UKK3,UKK30,Cornwall and Isles of Scilly,0.76060975609775,0.0283739837398333,0.094918699187,1335.63609755605,-2.60227642276665,-3.93772357723332
UKTR13,United Kingdom,UK,UKK,UKK3,UKK30,Cornwall and Isles of Scilly,0.76060975609775,0.0283739837398333,0.094918699187,1335.63609755605,-2.60227642276665,-3.93772357723332
UKTR14,United Kingdom,UK,UKK,UKK3,UKK30,Cornwall and Isles of Scilly,0.76060975609775,0.0283739837398333,0.094918699187,1335.63609755605,-2.60227642276665,-3.93772357723332
UKTR15,United Kingdom,UK,UKK,UKK3,UKK30,Cornwall and Isles of Scilly,0.76060975609775,0.0283739837398333,0.094918699187,1335.63609755605,-2.60227642276665,-3.93772357723332
UKTR16,United Kingdom,UK,UKK,UKK3,UKK30,Cornwall and Isles of Scilly,0.76060975609775,0.0283739837398333,0.094918699187,1335.63609755605,-2.60227642276665,-3.93772357723332
UKTR17,United Kingdom,UK,UKK,UKK3,UKK30,Cornwall and Isles of Scilly,0.76060975609775,0.0283739837398333,0.094918699187,1335.63609755605,-2.60227642276665,-3.93772357723332
UKTR18,United Kingdom,UK,UKK,UKK3,UKK30,Cornwall and Isles of Scilly,0.76060975609775,0.0283739837398333,0.094918699187,1335.63609755605,-2.60227642276665,-3.93772357723332
UKTR19,United Kingdom,UK,UKK,UKK3,UKK30,Cornwall and Isles of Scilly,0.76060975609775,0.0283739837398333,0.094918699187,1335.63609755605,-2.60227642276665,-3.93772357723332
UKTR2,United Kingdom,UK,UKK,UKK3,UKK30,Cornwall and Isles of Scilly,0.76060975609775,0.0283739837398333,0.094918699187,1335.63609755605,-2.60227642276665,-3.93772357723332
UKTR20,United Kingdom,UK,UKK,UKK3,UKK30,Cornwall and Isles of Scilly,0.76060975609775,0.0283739837398333,0.094918699187,1335.63609755605,-2.60227642276665,-3.93772357723332
UKTR21,United Kingdom,UK,UKK,UKK3,UKK30,Cornwall and Isles of Scilly,0.76060975609775,0.0283739837398333,0.094918699187,1335.63609755605,-2.60227642276665,-3.93772357723332
UKTR22,United Kingdom,UK,UKK,UKK3,UKK30,Cornwall and Isles of Scilly,0.76060975609775,0.0283739837398333,0.094918699187,1335.63609755605,-2.60227642276665,-3.93772357723332
UKTR23,United Kingdom,UK,UKK,UKK3,UKK30,Cornwall and Isles of Scilly,0.76060975609775,0.0283739837398333,0.094918699187,1335.63609755605,-2.60227642276665,-3.93772357723332
UKTR24,United Kingdom,UK,UKK,UKK3,UKK30,Cornwall and Isles of Scilly,0.76060975609775,0.0283739837398333,0.094918699187,1335.63609755605,-2.60227642276665,-3.93772357723332
UKTR25,United Kingdom,UK,UKK,UKK3,UKK30,Cornwall and Isles of Scilly,0.76060975609775,0.0283739837398333,0.094918699187,1335.63609755605,-2.60227642276665,-3.93772357723332
UKTR26,United Kingdom,UK,UKK,UKK3,UKK30,Cornwall and Isles of Scilly,0.76060975609775,0.0283739837398333,0.094918699187,1335.63609755605,-2.60227642276665,-3.93772357723332
UKTR27,United Kingdom,UK,UKK,UKK3,UKK30,Cornwall and Isles of Scilly,0.76060975609775,0.0283739837398333,0.094918699187,1335.63609755605,-2.60227642276665,-3.93772357723332
UKTR3,United Kingdom,UK,UKK,UKK3,UKK30,Cornwall and Isles of Scilly,0.76060975609775,0.0283739837398333,0.094918699187,1335.63609755605,-2.60227642276665,-3.93772357723332
UKTR4,United Kingdom,UK,UKK,UKK3,UKK30,Cornwall and Isles of Scilly,0.76060975609775,0.0283739837398333,0.094918699187,1335.63609755605,-2.60227642276665,-3.93772357723332
UKTR5,United Kingdom,UK,UKK,UKK3,UKK30,Cornwall and Isles of Scilly,0.76060975609775,0.0283739837398333,0.094918699187,1335.63609755605,-2.60227642276665,-3.93772357723332
UKTR6,United Kingdom,UK,UKK,UKK3,UKK30,Cornwall and Isles of Scilly,0.76060975609775,0.0283739837398333,0.094918699187,1335.63609755605,-2.60227642276665,-3.93772357723332
UKTR7,United Kingdom,UK,UKK,UKK3,UKK30,Cornwall and Isles of Scilly,0.76060975609775,0.0283739837398333,0.094918699187,1335.63609755605,-2.60227642276665,-3.93772357723332
UKTR8,United Kingdom,UK,UKK,UKK3,UKK30,Cornwall and Isles of Scilly,0.76060975609775,0.0283739837398333,0.094918699187,1335.63609755605,-2.60227642276665,-3.93772357723332
UKTR9,United Kingdom,UK,UKK,UKK3,UKK30,Cornwall and Isles of Scilly,0.76060975609775,0.0283739837398333,0.094918699187,1335.63609755605,-2.60227642276665,-3.93772357723332
UKWV98,United Kingdom,UK,UKK,UKK3,UKK30,Cornwall and Isles of Scilly,0.76060975609775,0.0283739837398333,0.094918699187,1335.63609755605,-2.60227642276665,-3.93772357723332
UKCV23,United Kingdom,UK,UKF,UKF2,UKF24,West Northamptonshire,15.2204411764824,0.241470588235,0.416274509803333,1679.39926470164,-2.97892156863333,-4.48980392156667
UKLE16,United Kingdom,UK,UKF,UKF2,UKF24,West Northamptonshire,15.2204411764824,0.241470588235,0.416274509803333,1679.39926470164,-2.97892156863333,-4.48980392156667
UKLE17,United Kingdom,UK,UKF,UKF2,UKF24,West Northamptonshire,15.2204411764824,0.241470588235,0.416274509803333,1679.39926470164,-2.97892156863333,-4.48980392156667
UKMK16,United Kingdom,UK,UKF,UKF2,UKF24,West Northamptonshire,15.2204411764824,0.241470588235,0.416274509803333,1679.39926470164,-2.97892156863333,-4.48980392156667
UKMK19,United Kingdom,UK,UKF,UKF2,UKF24,West Northamptonshire,15.2204411764824,0.241470588235,0.416274509803333,1679.39926470164,-2.97892156863333,-4.48980392156667
UKNN1,United Kingdom,UK,UKF,UKF2,UKF24,West Northamptonshire,15.2204411764824,0.241470588235,0.416274509803333,1679.39926470164,-2.97892156863333,-4.48980392156667
UKNN11,United Kingdom,UK,UKF,UKF2,UKF24,West Northamptonshire,15.2204411764824,0.241470588235,0.416274509803333,1679.39926470164,-2.97892156863333,-4.48980392156667
UKNN12,United Kingdom,UK,UKF,UKF2,UKF24,West Northamptonshire,15.2204411764824,0.241470588235,0.416274509803333,1679.39926470164,-2.97892156863333,-4.48980392156667
UKNN13,United Kingdom,UK,UKF,UKF2,UKF24,West Northamptonshire,15.2204411764824,0.241470588235,0.416274509803333,1679.39926470164,-2.97892156863333,-4.48980392156667
UKNN2,United Kingdom,UK,UKF,UKF2,UKF24,West Northamptonshire,15.2204411764824,0.241470588235,0.416274509803333,1679.39926470164,-2.97892156863333,-4.48980392156667
UKNN3,United Kingdom,UK,UKF,UKF2,UKF24,West Northamptonshire,15.2204411764824,0.241470588235,0.416274509803333,1679.39926470164,-2.97892156863333,-4.48980392156667
UKNN4,United Kingdom,UK,UKF,UKF2,UKF24,West Northamptonshire,15.2204411764824,0.241470588235,0.416274509803333,1679.39926470164,-2.97892156863333,-4.48980392156667
UKNN5,United Kingdom,UK,UKF,UKF2,UKF24,West Northamptonshire,15.2204411764824,0.241470588235,0.416274509803333,1679.39926470164,-2.97892156863333,-4.48980392156667
UKNN6,United Kingdom,UK,UKF,UKF2,UKF24,West Northamptonshire,15.2204411764824,0.241470588235,0.416274509803333,1679.39926470164,-2.97892156863333,-4.48980392156667
UKNN7,United Kingdom,UK,UKF,UKF2,UKF24,West Northamptonshire,15.2204411764824,0.241470588235,0.416274509803333,1679.39926470164,-2.97892156863333,-4.48980392156667
UKOX17,United Kingdom,UK,UKF,UKF2,UKF24,West Northamptonshire,15.2204411764824,0.241470588235,0.416274509803333,1679.39926470164,-2.97892156863333,-4.48980392156667
UKOX27,United Kingdom,UK,UKF,UKF2,UKF24,West Northamptonshire,15.2204411764824,0.241470588235,0.416274509803333,1679.39926470164,-2.97892156863333,-4.48980392156667
UKDE1,United Kingdom,UK,UKF,UKF1,UKF11,Derby,7.9925,0.148333333333333,0.288333333333333,1679.005,-3.00999999999998,-4.48833333333333
UKDE21,United Kingdom,UK,UKF,UKF1,UKF11,Derby,7.9925,0.148333333333333,0.288333333333333,1679.005,-3.00999999999998,-4.48833333333333
UKDE22,United Kingdom,UK,UKF,UKF1,UKF11,Derby,7.9925,0.148333333333333,0.288333333333333,1679.005,-3.00999999999998,-4.48833333333333
UKDE23,United Kingdom,UK,UKF,UKF1,UKF11,Derby,7.9925,0.148333333333333,0.288333333333333,1679.005,-3.00999999999998,-4.48833333333333
UKDE24,United Kingdom,UK,UKF,UKF1,UKF11,Derby,7.9925,0.148333333333333,0.288333333333333,1679.005,-3.00999999999998,-4.48833333333333
UKDE3,United Kingdom,UK,UKF,UKF1,UKF11,Derby,7.9925,0.148333333333333,0.288333333333333,1679.005,-3.00999999999998,-4.48833333333333
UKDE72,United Kingdom,UK,UKF,UKF1,UKF11,Derby,7.9925,0.148333333333333,0.288333333333333,1679.005,-3.00999999999998,-4.48833333333333
UKDE73,United Kingdom,UK,UKF,UKF1,UKF11,Derby,7.9925,0.148333333333333,0.288333333333333,1679.005,-3.00999999999998,-4.48833333333333
UKDE74,United Kingdom,UK,UKF,UKF1,UKF11,Derby,7.9925,0.148333333333333,0.288333333333333,1679.005,-3.00999999999998,-4.48833333333333
UKDE99,United Kingdom,UK,UKF,UKF1,UKF11,Derby,7.9925,0.148333333333333,0.288333333333333,1679.005,-3.00999999999998,-4.48833333333333
UKDE1,United Kingdom,UK,UKF,UKF1,UKF13,South and West Derbyshire,4.00732758620525,0.0795977011495,0.170689655171665,1790.45068965698,-3.09448275861667,-4.55344827586665
UKDE11,United Kingdom,UK,UKF,UKF1,UKF13,South and West Derbyshire,4.00732758620525,0.0795977011495,0.170689655171665,1790.45068965698,-3.09448275861667,-4.55344827586665
UKDE12,United Kingdom,UK,UKF,UKF1,UKF13,South and West Derbyshire,4.00732758620525,0.0795977011495,0.170689655171665,1790.45068965698,-3.09448275861667,-4.55344827586665
UKDE13,United Kingdom,UK,UKF,UKF1,UKF13,South and West Derbyshire,4.00732758620525,0.0795977011495,0.170689655171665,1790.45068965698,-3.09448275861667,-4.55344827586665
UKDE15,United Kingdom,UK,UKF,UKF1,UKF13,South and West Derbyshire,4.00732758620525,0.0795977011495,0.170689655171665,1790.45068965698,-3.09448275861667,-4.55344827586665
UKDE21,United Kingdom,UK,UKF,UKF1,UKF13,South and West Derbyshire,4.00732758620525,0.0795977011495,0.170689655171665,1790.45068965698,-3.09448275861667,-4.55344827586665
UKDE22,United Kingdom,UK,UKF,UKF1,UKF13,South and West Derbyshire,4.00732758620525,0.0795977011495,0.170689655171665,1790.45068965698,-3.09448275861667,-4.55344827586665
UKDE23,United Kingdom,UK,UKF,UKF1,UKF13,South and West Derbyshire,4.00732758620525,0.0795977011495,0.170689655171665,1790.45068965698,-3.09448275861667,-4.55344827586665
UKDE24,United Kingdom,UK,UKF,UKF1,UKF13,South and West Derbyshire,4.00732758620525,0.0795977011495,0.170689655171665,1790.45068965698,-3.09448275861667,-4.55344827586665
UKDE3,United Kingdom,UK,UKF,UKF1,UKF13,South and West Derbyshire,4.00732758620525,0.0795977011495,0.170689655171665,1790.45068965698,-3.09448275861667,-4.55344827586665
UKDE4,United Kingdom,UK,UKF,UKF1,UKF13,South and West Derbyshire,4.00732758620525,0.0795977011495,0.170689655171665,1790.45068965698,-3.09448275861667,-4.55344827586665
UKDE45,United Kingdom,UK,UKF,UKF1,UKF13,South and West Derbyshire,4.00732758620525,0.0795977011495,0.170689655171665,1790.45068965698,-3.09448275861667,-4.55344827586665
UKDE5,United Kingdom,UK,UKF,UKF1,UKF13,South and West Derbyshire,4.00732758620525,0.0795977011495,0.170689655171665,1790.45068965698,-3.09448275861667,-4.55344827586665
UKDE55,United Kingdom,UK,UKF,UKF1,UKF13,South and West Derbyshire,4.00732758620525,0.0795977011495,0.170689655171665,1790.45068965698,-3.09448275861667,-4.55344827586665
UKDE56,United Kingdom,UK,UKF,UKF1,UKF13,South and West Derbyshire,4.00732758620525,0.0795977011495,0.170689655171665,1790.45068965698,-3.09448275861667,-4.55344827586665
UKDE6,United Kingdom,UK,UKF,UKF1,UKF13,South and West Derbyshire,4.00732758620525,0.0795977011495,0.170689655171665,1790.45068965698,-3.09448275861667,-4.55344827586665
UKDE65,United Kingdom,UK,UKF,UKF1,UKF13,South and West Derbyshire,4.00732758620525,0.0795977011495,0.170689655171665,1790.45068965698,-3.09448275861667,-4.55344827586665
UKDE7,United Kingdom,UK,UKF,UKF1,UKF13,South and West Derbyshire,4.00732758620525,0.0795977011495,0.170689655171665,1790.45068965698,-3.09448275861667,-4.55344827586665
UKDE72,United Kingdom,UK,UKF,UKF1,UKF13,South and West Derbyshire,4.00732758620525,0.0795977011495,0.170689655171665,1790.45068965698,-3.09448275861667,-4.55344827586665
UKDE73,United Kingdom,UK,UKF,UKF1,UKF13,South and West Derbyshire,4.00732758620525,0.0795977011495,0.170689655171665,1790.45068965698,-3.09448275861667,-4.55344827586665
UKDE75,United Kingdom,UK,UKF,UKF1,UKF13,South and West Derbyshire,4.00732758620525,0.0795977011495,0.170689655171665,1790.45068965698,-3.09448275861667,-4.55344827586665
UKLE65,United Kingdom,UK,UKF,UKF1,UKF13,South and West Derbyshire,4.00732758620525,0.0795977011495,0.170689655171665,1790.45068965698,-3.09448275861667,-4.55344827586665
UKNG10,United Kingdom,UK,UKF,UKF1,UKF13,South and West Derbyshire,4.00732758620525,0.0795977011495,0.170689655171665,1790.45068965698,-3.09448275861667,-4.55344827586665
UKNG16,United Kingdom,UK,UKF,UKF1,UKF13,South and West Derbyshire,4.00732758620525,0.0795977011495,0.170689655171665,1790.45068965698,-3.09448275861667,-4.55344827586665
UKS11,United Kingdom,UK,UKF,UKF1,UKF13,South and West Derbyshire,4.00732758620525,0.0795977011495,0.170689655171665,1790.45068965698,-3.09448275861667,-4.55344827586665
UKS32,United Kingdom,UK,UKF,UKF1,UKF13,South and West Derbyshire,4.00732758620525,0.0795977011495,0.170689655171665,1790.45068965698,-3.09448275861667,-4.55344827586665
UKS33,United Kingdom,UK,UKF,UKF1,UKF13,South and West Derbyshire,4.00732758620525,0.0795977011495,0.170689655171665,1790.45068965698,-3.09448275861667,-4.55344827586665
UKS42,United Kingdom,UK,UKF,UKF1,UKF13,South and West Derbyshire,4.00732758620525,0.0795977011495,0.170689655171665,1790.45068965698,-3.09448275861667,-4.55344827586665
UKSK13,United Kingdom,UK,UKF,UKF1,UKF13,South and West Derbyshire,4.00732758620525,0.0795977011495,0.170689655171665,1790.45068965698,-3.09448275861667,-4.55344827586665
UKSK14,United Kingdom,UK,UKF,UKF1,UKF13,South and West Derbyshire,4.00732758620525,0.0795977011495,0.170689655171665,1790.45068965698,-3.09448275861667,-4.55344827586665
UKSK17,United Kingdom,UK,UKF,UKF1,UKF13,South and West Derbyshire,4.00732758620525,0.0795977011495,0.170689655171665,1790.45068965698,-3.09448275861667,-4.55344827586665
UKSK22,United Kingdom,UK,UKF,UKF1,UKF13,South and West Derbyshire,4.00732758620525,0.0795977011495,0.170689655171665,1790.45068965698,-3.09448275861667,-4.55344827586665
UKSK23,United Kingdom,UK,UKF,UKF1,UKF13,South and West Derbyshire,4.00732758620525,0.0795977011495,0.170689655171665,1790.45068965698,-3.09448275861667,-4.55344827586665
UKST14,United Kingdom,UK,UKF,UKF1,UKF13,South and West Derbyshire,4.00732758620525,0.0795977011495,0.170689655171665,1790.45068965698,-3.09448275861667,-4.55344827586665
UKBN11,United Kingdom,UK,UKJ,UKJ2,UKJ27,West Sussex (South West),10.15204545455,0.205,0.382727272726665,1554.38636363712,-2.79090909091665,-4.22060606059998
UKBN12,United Kingdom,UK,UKJ,UKJ2,UKJ27,West Sussex (South West),10.15204545455,0.205,0.382727272726665,1554.38636363712,-2.79090909091665,-4.22060606059998
UKBN13,United Kingdom,UK,UKJ,UKJ2,UKJ27,West Sussex (South West),10.15204545455,0.205,0.382727272726665,1554.38636363712,-2.79090909091665,-4.22060606059998
UKBN14,United Kingdom,UK,UKJ,UKJ2,UKJ27,West Sussex (South West),10.15204545455,0.205,0.382727272726665,1554.38636363712,-2.79090909091665,-4.22060606059998
UKBN15,United Kingdom,UK,UKJ,UKJ2,UKJ27,West Sussex (South West),10.15204545455,0.205,0.382727272726665,1554.38636363712,-2.79090909091665,-4.22060606059998
UKBN16,United Kingdom,UK,UKJ,UKJ2,UKJ27,West Sussex (South West),10.15204545455,0.205,0.382727272726665,1554.38636363712,-2.79090909091665,-4.22060606059998
UKBN17,United Kingdom,UK,UKJ,UKJ2,UKJ27,West Sussex (South West),10.15204545455,0.205,0.382727272726665,1554.38636363712,-2.79090909091665,-4.22060606059998
UKBN18,United Kingdom,UK,UKJ,UKJ2,UKJ27,West Sussex (South West),10.15204545455,0.205,0.382727272726665,1554.38636363712,-2.79090909091665,-4.22060606059998
UKBN41,United Kingdom,UK,UKJ,UKJ2,UKJ27,West Sussex (South West),10.15204545455,0.205,0.382727272726665,1554.38636363712,-2.79090909091665,-4.22060606059998
UKBN42,United Kingdom,UK,UKJ,UKJ2,UKJ27,West Sussex (South West),10.15204545455,0.205,0.382727272726665,1554.38636363712,-2.79090909091665,-4.22060606059998
UKBN43,United Kingdom,UK,UKJ,UKJ2,UKJ27,West Sussex (South West),10.15204545455,0.205,0.382727272726665,1554.38636363712,-2.79090909091665,-4.22060606059998
UKBN99,United Kingdom,UK,UKJ,UKJ2,UKJ27,West Sussex (South West),10.15204545455,0.205,0.382727272726665,1554.38636363712,-2.79090909091665,-4.22060606059998
UKGU27,United Kingdom,UK,UKJ,UKJ2,UKJ27,West Sussex (South West),10.15204545455,0.205,0.382727272726665,1554.38636363712,-2.79090909091665,-4.22060606059998
UKGU28,United Kingdom,UK,UKJ,UKJ2,UKJ27,West Sussex (South West),10.15204545455,0.205,0.382727272726665,1554.38636363712,-2.79090909091665,-4.22060606059998
UKGU29,United Kingdom,UK,UKJ,UKJ2,UKJ27,West Sussex (South West),10.15204545455,0.205,0.382727272726665,1554.38636363712,-2.79090909091665,-4.22060606059998
UKGU30,United Kingdom,UK,UKJ,UKJ2,UKJ27,West Sussex (South West),10.15204545455,0.205,0.382727272726665,1554.38636363712,-2.79090909091665,-4.22060606059998
UKGU31,United Kingdom,UK,UKJ,UKJ2,UKJ27,West Sussex (South West),10.15204545455,0.205,0.382727272726665,1554.38636363712,-2.79090909091665,-4.22060606059998
UKGU33,United Kingdom,UK,UKJ,UKJ2,UKJ27,West Sussex (South West),10.15204545455,0.205,0.382727272726665,1554.38636363712,-2.79090909091665,-4.22060606059998
UKGU8,United Kingdom,UK,UKJ,UKJ2,UKJ27,West Sussex (South West),10.15204545455,0.205,0.382727272726665,1554.38636363712,-2.79090909091665,-4.22060606059998
UKPO10,United Kingdom,UK,UKJ,UKJ2,UKJ27,West Sussex (South West),10.15204545455,0.205,0.382727272726665,1554.38636363712,-2.79090909091665,-4.22060606059998
UKPO18,United Kingdom,UK,UKJ,UKJ2,UKJ27,West Sussex (South West),10.15204545455,0.205,0.382727272726665,1554.38636363712,-2.79090909091665,-4.22060606059998
UKPO19,United Kingdom,UK,UKJ,UKJ2,UKJ27,West Sussex (South West),10.15204545455,0.205,0.382727272726665,1554.38636363712,-2.79090909091665,-4.22060606059998
UKPO20,United Kingdom,UK,UKJ,UKJ2,UKJ27,West Sussex (South West),10.15204545455,0.205,0.382727272726665,1554.38636363712,-2.79090909091665,-4.22060606059998
UKPO21,United Kingdom,UK,UKJ,UKJ2,UKJ27,West Sussex (South West),10.15204545455,0.205,0.382727272726665,1554.38636363712,-2.79090909091665,-4.22060606059998
UKPO22,United Kingdom,UK,UKJ,UKJ2,UKJ27,West Sussex (South West),10.15204545455,0.205,0.382727272726665,1554.38636363712,-2.79090909091665,-4.22060606059998
UKPO9,United Kingdom,UK,UKJ,UKJ2,UKJ27,West Sussex (South West),10.15204545455,0.205,0.382727272726665,1554.38636363712,-2.79090909091665,-4.22060606059998
UKRH14,United Kingdom,UK,UKJ,UKJ2,UKJ27,West Sussex (South West),10.15204545455,0.205,0.382727272726665,1554.38636363712,-2.79090909091665,-4.22060606059998
UKRH20,United Kingdom,UK,UKJ,UKJ2,UKJ27,West Sussex (South West),10.15204545455,0.205,0.382727272726665,1554.38636363712,-2.79090909091665,-4.22060606059998
UKPO30,United Kingdom,UK,UKJ,UKJ3,UKJ34,Isle of Wight,8.062142857135,0.199523809523333,0.38619047619,1433.93321428999,-2.89499999999998,-4.40952380951667
UKPO31,United Kingdom,UK,UKJ,UKJ3,UKJ34,Isle of Wight,8.062142857135,0.199523809523333,0.38619047619,1433.93321428999,-2.89499999999998,-4.40952380951667
UKPO32,United Kingdom,UK,UKJ,UKJ3,UKJ34,Isle of Wight,8.062142857135,0.199523809523333,0.38619047619,1433.93321428999,-2.89499999999998,-4.40952380951667
UKPO33,United Kingdom,UK,UKJ,UKJ3,UKJ34,Isle of Wight,8.062142857135,0.199523809523333,0.38619047619,1433.93321428999,-2.89499999999998,-4.40952380951667
UKPO34,United Kingdom,UK,UKJ,UKJ3,UKJ34,Isle of Wight,8.062142857135,0.199523809523333,0.38619047619,1433.93321428999,-2.89499999999998,-4.40952380951667
UKPO35,United Kingdom,UK,UKJ,UKJ3,UKJ34,Isle of Wight,8.062142857135,0.199523809523333,0.38619047619,1433.93321428999,-2.89499999999998,-4.40952380951667
UKPO36,United Kingdom,UK,UKJ,UKJ3,UKJ34,Isle of Wight,8.062142857135,0.199523809523333,0.38619047619,1433.93321428999,-2.89499999999998,-4.40952380951667
UKPO37,United Kingdom,UK,UKJ,UKJ3,UKJ34,Isle of Wight,8.062142857135,0.199523809523333,0.38619047619,1433.93321428999,-2.89499999999998,-4.40952380951667
UKPO38,United Kingdom,UK,UKJ,UKJ3,UKJ34,Isle of Wight,8.062142857135,0.199523809523333,0.38619047619,1433.93321428999,-2.89499999999998,-4.40952380951667
UKPO39,United Kingdom,UK,UKJ,UKJ3,UKJ34,Isle of Wight,8.062142857135,0.199523809523333,0.38619047619,1433.93321428999,-2.89499999999998,-4.40952380951667
UKPO40,United Kingdom,UK,UKJ,UKJ3,UKJ34,Isle of Wight,8.062142857135,0.199523809523333,0.38619047619,1433.93321428999,-2.89499999999998,-4.40952380951667
UKPO41,United Kingdom,UK,UKJ,UKJ3,UKJ34,Isle of Wight,8.062142857135,0.199523809523333,0.38619047619,1433.93321428999,-2.89499999999998,-4.40952380951667
UKKT1,United Kingdom,UK,UKI,UKI7,UKI75,Hounslow and Richmond upon Thames,25.89,0.353333333333332,0.591666666666667,1535.67833333678,-2.84555555554998,-4.27666666666667
UKKT2,United Kingdom,UK,UKI,UKI7,UKI75,Hounslow and Richmond upon Thames,25.89,0.353333333333332,0.591666666666667,1535.67833333678,-2.84555555554998,-4.27666666666667
UKKT8,United Kingdom,UK,UKI,UKI7,UKI75,Hounslow and Richmond upon Thames,25.89,0.353333333333332,0.591666666666667,1535.67833333678,-2.84555555554998,-4.27666666666667
UKSW13,United Kingdom,UK,UKI,UKI7,UKI75,Hounslow and Richmond upon Thames,25.89,0.353333333333332,0.591666666666667,1535.67833333678,-2.84555555554998,-4.27666666666667
UKSW14,United Kingdom,UK,UKI,UKI7,UKI75,Hounslow and Richmond upon Thames,25.89,0.353333333333332,0.591666666666667,1535.67833333678,-2.84555555554998,-4.27666666666667
UKSW15,United Kingdom,UK,UKI,UKI7,UKI75,Hounslow and Richmond upon Thames,25.89,0.353333333333332,0.591666666666667,1535.67833333678,-2.84555555554998,-4.27666666666667
UKTW1,United Kingdom,UK,UKI,UKI7,UKI75,Hounslow and Richmond upon Thames,25.89,0.353333333333332,0.591666666666667,1535.67833333678,-2.84555555554998,-4.27666666666667
UKTW10,United Kingdom,UK,UKI,UKI7,UKI75,Hounslow and Richmond upon Thames,25.89,0.353333333333332,0.591666666666667,1535.67833333678,-2.84555555554998,-4.27666666666667
UKTW11,United Kingdom,UK,UKI,UKI7,UKI75,Hounslow and Richmond upon Thames,25.89,0.353333333333332,0.591666666666667,1535.67833333678,-2.84555555554998,-4.27666666666667
UKTW12,United Kingdom,UK,UKI,UKI7,UKI75,Hounslow and Richmond upon Thames,25.89,0.353333333333332,0.591666666666667,1535.67833333678,-2.84555555554998,-4.27666666666667
UKTW13,United Kingdom,UK,UKI,UKI7,UKI75,Hounslow and Richmond upon Thames,25.89,0.353333333333332,0.591666666666667,1535.67833333678,-2.84555555554998,-4.27666666666667
UKTW14,United Kingdom,UK,UKI,UKI7,UKI75,Hounslow and Richmond upon Thames,25.89,0.353333333333332,0.591666666666667,1535.67833333678,-2.84555555554998,-4.27666666666667
UKTW15,United Kingdom,UK,UKI,UKI7,UKI75,Hounslow and Richmond upon Thames,25.89,0.353333333333332,0.591666666666667,1535.67833333678,-2.84555555554998,-4.27666666666667
UKTW19,United Kingdom,UK,UKI,UKI7,UKI75,Hounslow and Richmond upon Thames,25.89,0.353333333333332,0.591666666666667,1535.67833333678,-2.84555555554998,-4.27666666666667
UKTW2,United Kingdom,UK,UKI,UKI7,UKI75,Hounslow and Richmond upon Thames,25.89,0.353333333333332,0.591666666666667,1535.67833333678,-2.84555555554998,-4.27666666666667
UKTW3,United Kingdom,UK,UKI,UKI7,UKI75,Hounslow and Richmond upon Thames,25.89,0.353333333333332,0.591666666666667,1535.67833333678,-2.84555555554998,-4.27666666666667
UKTW4,United Kingdom,UK,UKI,UKI7,UKI75,Hounslow and Richmond upon Thames,25.89,0.353333333333332,0.591666666666667,1535.67833333678,-2.84555555554998,-4.27666666666667
UKTW5,United Kingdom,UK,UKI,UKI7,UKI75,Hounslow and Richmond upon Thames,25.89,0.353333333333332,0.591666666666667,1535.67833333678,-2.84555555554998,-4.27666666666667
UKTW6,United Kingdom,UK,UKI,UKI7,UKI75,Hounslow and Richmond upon Thames,25.89,0.353333333333332,0.591666666666667,1535.67833333678,-2.84555555554998,-4.27666666666667
UKTW7,United Kingdom,UK,UKI,UKI7,UKI75,Hounslow and Richmond upon Thames,25.89,0.353333333333332,0.591666666666667,1535.67833333678,-2.84555555554998,-4.27666666666667
UKTW8,United Kingdom,UK,UKI,UKI7,UKI75,Hounslow and Richmond upon Thames,25.89,0.353333333333332,0.591666666666667,1535.67833333678,-2.84555555554998,-4.27666666666667
UKTW9,United Kingdom,UK,UKI,UKI7,UKI75,Hounslow and Richmond upon Thames,25.89,0.353333333333332,0.591666666666667,1535.67833333678,-2.84555555554998,-4.27666666666667
UKUB2,United Kingdom,UK,UKI,UKI7,UKI75,Hounslow and Richmond upon Thames,25.89,0.353333333333332,0.591666666666667,1535.67833333678,-2.84555555554998,-4.27666666666667
UKW3,United Kingdom,UK,UKI,UKI7,UKI75,Hounslow and Richmond upon Thames,25.89,0.353333333333332,0.591666666666667,1535.67833333678,-2.84555555554998,-4.27666666666667
UKW4,United Kingdom,UK,UKI,UKI7,UKI75,Hounslow and Richmond upon Thames,25.89,0.353333333333332,0.591666666666667,1535.67833333678,-2.84555555554998,-4.27666666666667
UKW5,United Kingdom,UK,UKI,UKI7,UKI75,Hounslow and Richmond upon Thames,25.89,0.353333333333332,0.591666666666667,1535.67833333678,-2.84555555554998,-4.27666666666667
UKW6,United Kingdom,UK,UKI,UKI7,UKI75,Hounslow and Richmond upon Thames,25.89,0.353333333333332,0.591666666666667,1535.67833333678,-2.84555555554998,-4.27666666666667
UKBR8,United Kingdom,UK,UKJ,UKJ4,UKJ43,Kent Thames Gateway,16.3256249999999,0.282083333333333,0.449374999999998,1586.939375,-3.02874999999998,-4.55604166666667
UKCT2,United Kingdom,UK,UKJ,UKJ4,UKJ43,Kent Thames Gateway,16.3256249999999,0.282083333333333,0.449374999999998,1586.939375,-3.02874999999998,-4.55604166666667
UKDA1,United Kingdom,UK,UKJ,UKJ4,UKJ43,Kent Thames Gateway,16.3256249999999,0.282083333333333,0.449374999999998,1586.939375,-3.02874999999998,-4.55604166666667
UKDA10,United Kingdom,UK,UKJ,UKJ4,UKJ43,Kent Thames Gateway,16.3256249999999,0.282083333333333,0.449374999999998,1586.939375,-3.02874999999998,-4.55604166666667
UKDA11,United Kingdom,UK,UKJ,UKJ4,UKJ43,Kent Thames Gateway,16.3256249999999,0.282083333333333,0.449374999999998,1586.939375,-3.02874999999998,-4.55604166666667
UKDA12,United Kingdom,UK,UKJ,UKJ4,UKJ43,Kent Thames Gateway,16.3256249999999,0.282083333333333,0.449374999999998,1586.939375,-3.02874999999998,-4.55604166666667
UKDA13,United Kingdom,UK,UKJ,UKJ4,UKJ43,Kent Thames Gateway,16.3256249999999,0.282083333333333,0.449374999999998,1586.939375,-3.02874999999998,-4.55604166666667
UKDA14,United Kingdom,UK,UKJ,UKJ4,UKJ43,Kent Thames Gateway,16.3256249999999,0.282083333333333,0.449374999999998,1586.939375,-3.02874999999998,-4.55604166666667
UKDA17,United Kingdom,UK,UKJ,UKJ4,UKJ43,Kent Thames Gateway,16.3256249999999,0.282083333333333,0.449374999999998,1586.939375,-3.02874999999998,-4.55604166666667
UKDA2,United Kingdom,UK,UKJ,UKJ4,UKJ43,Kent Thames Gateway,16.3256249999999,0.282083333333333,0.449374999999998,1586.939375,-3.02874999999998,-4.55604166666667
UKDA3,United Kingdom,UK,UKJ,UKJ4,UKJ43,Kent Thames Gateway,16.3256249999999,0.282083333333333,0.449374999999998,1586.939375,-3.02874999999998,-4.55604166666667
UKDA4,United Kingdom,UK,UKJ,UKJ4,UKJ43,Kent Thames Gateway,16.3256249999999,0.282083333333333,0.449374999999998,1586.939375,-3.02874999999998,-4.55604166666667
UKDA5,United Kingdom,UK,UKJ,UKJ4,UKJ43,Kent Thames Gateway,16.3256249999999,0.282083333333333,0.449374999999998,1586.939375,-3.02874999999998,-4.55604166666667
UKDA9,United Kingdom,UK,UKJ,UKJ4,UKJ43,Kent Thames Gateway,16.3256249999999,0.282083333333333,0.449374999999998,1586.939375,-3.02874999999998,-4.55604166666667
UKME10,United Kingdom,UK,UKJ,UKJ4,UKJ43,Kent Thames Gateway,16.3256249999999,0.282083333333333,0.449374999999998,1586.939375,-3.02874999999998,-4.55604166666667
UKME11,United Kingdom,UK,UKJ,UKJ4,UKJ43,Kent Thames Gateway,16.3256249999999,0.282083333333333,0.449374999999998,1586.939375,-3.02874999999998,-4.55604166666667
UKME12,United Kingdom,UK,UKJ,UKJ4,UKJ43,Kent Thames Gateway,16.3256249999999,0.282083333333333,0.449374999999998,1586.939375,-3.02874999999998,-4.55604166666667
UKME13,United Kingdom,UK,UKJ,UKJ4,UKJ43,Kent Thames Gateway,16.3256249999999,0.282083333333333,0.449374999999998,1586.939375,-3.02874999999998,-4.55604166666667
UKME2,United Kingdom,UK,UKJ,UKJ4,UKJ43,Kent Thames Gateway,16.3256249999999,0.282083333333333,0.449374999999998,1586.939375,-3.02874999999998,-4.55604166666667
UKME3,United Kingdom,UK,UKJ,UKJ4,UKJ43,Kent Thames Gateway,16.3256249999999,0.282083333333333,0.449374999999998,1586.939375,-3.02874999999998,-4.55604166666667
UKME8,United Kingdom,UK,UKJ,UKJ4,UKJ43,Kent Thames Gateway,16.3256249999999,0.282083333333333,0.449374999999998,1586.939375,-3.02874999999998,-4.55604166666667
UKME9,United Kingdom,UK,UKJ,UKJ4,UKJ43,Kent Thames Gateway,16.3256249999999,0.282083333333333,0.449374999999998,1586.939375,-3.02874999999998,-4.55604166666667
UKTN15,United Kingdom,UK,UKJ,UKJ4,UKJ43,Kent Thames Gateway,16.3256249999999,0.282083333333333,0.449374999999998,1586.939375,-3.02874999999998,-4.55604166666667
UKTN27,United Kingdom,UK,UKJ,UKJ4,UKJ43,Kent Thames Gateway,16.3256249999999,0.282083333333333,0.449374999999998,1586.939375,-3.02874999999998,-4.55604166666667
UKB14,United Kingdom,UK,UKG,UKG1,UKG12,Worcestershire,13.8819,0.2282,0.405333333333333,1616.3205,-2.85166666666665,-4.28833333333333
UKB31,United Kingdom,UK,UKG,UKG1,UKG12,Worcestershire,13.8819,0.2282,0.405333333333333,1616.3205,-2.85166666666665,-4.28833333333333
UKB32,United Kingdom,UK,UKG,UKG1,UKG12,Worcestershire,13.8819,0.2282,0.405333333333333,1616.3205,-2.85166666666665,-4.28833333333333
UKB38,United Kingdom,UK,UKG,UKG1,UKG12,Worcestershire,13.8819,0.2282,0.405333333333333,1616.3205,-2.85166666666665,-4.28833333333333
UKB45,United Kingdom,UK,UKG,UKG1,UKG12,Worcestershire,13.8819,0.2282,0.405333333333333,1616.3205,-2.85166666666665,-4.28833333333333
UKB47,United Kingdom,UK,UKG,UKG1,UKG12,Worcestershire,13.8819,0.2282,0.405333333333333,1616.3205,-2.85166666666665,-4.28833333333333
UKB48,United Kingdom,UK,UKG,UKG1,UKG12,Worcestershire,13.8819,0.2282,0.405333333333333,1616.3205,-2.85166666666665,-4.28833333333333
UKB49,United Kingdom,UK,UKG,UKG1,UKG12,Worcestershire,13.8819,0.2282,0.405333333333333,1616.3205,-2.85166666666665,-4.28833333333333
UKB50,United Kingdom,UK,UKG,UKG1,UKG12,Worcestershire,13.8819,0.2282,0.405333333333333,1616.3205,-2.85166666666665,-4.28833333333333
UKB60,United Kingdom,UK,UKG,UKG1,UKG12,Worcestershire,13.8819,0.2282,0.405333333333333,1616.3205,-2.85166666666665,-4.28833333333333
UKB61,United Kingdom,UK,UKG,UKG1,UKG12,Worcestershire,13.8819,0.2282,0.405333333333333,1616.3205,-2.85166666666665,-4.28833333333333
UKB62,United Kingdom,UK,UKG,UKG1,UKG12,Worcestershire,13.8819,0.2282,0.405333333333333,1616.3205,-2.85166666666665,-4.28833333333333
UKB80,United Kingdom,UK,UKG,UKG1,UKG12,Worcestershire,13.8819,0.2282,0.405333333333333,1616.3205,-2.85166666666665,-4.28833333333333
UKB90,United Kingdom,UK,UKG,UKG1,UKG12,Worcestershire,13.8819,0.2282,0.405333333333333,1616.3205,-2.85166666666665,-4.28833333333333
UKB94,United Kingdom,UK,UKG,UKG1,UKG12,Worcestershire,13.8819,0.2282,0.405333333333333,1616.3205,-2.85166666666665,-4.28833333333333
UKB96,United Kingdom,UK,UKG,UKG1,UKG12,Worcestershire,13.8819,0.2282,0.405333333333333,1616.3205,-2.85166666666665,-4.28833333333333
UKB97,United Kingdom,UK,UKG,UKG1,UKG12,Worcestershire,13.8819,0.2282,0.405333333333333,1616.3205,-2.85166666666665,-4.28833333333333
UKB98,United Kingdom,UK,UKG,UKG1,UKG12,Worcestershire,13.8819,0.2282,0.405333333333333,1616.3205,-2.85166666666665,-4.28833333333333
UKCV37,United Kingdom,UK,UKG,UKG1,UKG12,Worcestershire,13.8819,0.2282,0.405333333333333,1616.3205,-2.85166666666665,-4.28833333333333
UKDY10,United Kingdom,UK,UKG,UKG1,UKG12,Worcestershire,13.8819,0.2282,0.405333333333333,1616.3205,-2.85166666666665,-4.28833333333333
UKDY11,United Kingdom,UK,UKG,UKG1,UKG12,Worcestershire,13.8819,0.2282,0.405333333333333,1616.3205,-2.85166666666665,-4.28833333333333
UKDY12,United Kingdom,UK,UKG,UKG1,UKG12,Worcestershire,13.8819,0.2282,0.405333333333333,1616.3205,-2.85166666666665,-4.28833333333333
UKDY13,United Kingdom,UK,UKG,UKG1,UKG12,Worcestershire,13.8819,0.2282,0.405333333333333,1616.3205,-2.85166666666665,-4.28833333333333
UKDY14,United Kingdom,UK,UKG,UKG1,UKG12,Worcestershire,13.8819,0.2282,0.405333333333333,1616.3205,-2.85166666666665,-4.28833333333333
UKDY7,United Kingdom,UK,UKG,UKG1,UKG12,Worcestershire,13.8819,0.2282,0.405333333333333,1616.3205,-2.85166666666665,-4.28833333333333
UKDY8,United Kingdom,UK,UKG,UKG1,UKG12,Worcestershire,13.8819,0.2282,0.405333333333333,1616.3205,-2.85166666666665,-4.28833333333333
UKDY9,United Kingdom,UK,UKG,UKG1,UKG12,Worcestershire,13.8819,0.2282,0.405333333333333,1616.3205,-2.85166666666665,-4.28833333333333
UKGL19,United Kingdom,UK,UKG,UKG1,UKG12,Worcestershire,13.8819,0.2282,0.405333333333333,1616.3205,-2.85166666666665,-4.28833333333333
UKGL20,United Kingdom,UK,UKG,UKG1,UKG12,Worcestershire,13.8819,0.2282,0.405333333333333,1616.3205,-2.85166666666665,-4.28833333333333
UKHR7,United Kingdom,UK,UKG,UKG1,UKG12,Worcestershire,13.8819,0.2282,0.405333333333333,1616.3205,-2.85166666666665,-4.28833333333333
UKHR8,United Kingdom,UK,UKG,UKG1,UKG12,Worcestershire,13.8819,0.2282,0.405333333333333,1616.3205,-2.85166666666665,-4.28833333333333
UKSY8,United Kingdom,UK,UKG,UKG1,UKG12,Worcestershire,13.8819,0.2282,0.405333333333333,1616.3205,-2.85166666666665,-4.28833333333333
UKWR1,United Kingdom,UK,UKG,UKG1,UKG12,Worcestershire,13.8819,0.2282,0.405333333333333,1616.3205,-2.85166666666665,-4.28833333333333
UKWR10,United Kingdom,UK,UKG,UKG1,UKG12,Worcestershire,13.8819,0.2282,0.405333333333333,1616.3205,-2.85166666666665,-4.28833333333333
UKWR11,United Kingdom,UK,UKG,UKG1,UKG12,Worcestershire,13.8819,0.2282,0.405333333333333,1616.3205,-2.85166666666665,-4.28833333333333
UKWR12,United Kingdom,UK,UKG,UKG1,UKG12,Worcestershire,13.8819,0.2282,0.405333333333333,1616.3205,-2.85166666666665,-4.28833333333333
UKWR13,United Kingdom,UK,UKG,UKG1,UKG12,Worcestershire,13.8819,0.2282,0.405333333333333,1616.3205,-2.85166666666665,-4.28833333333333
UKWR14,United Kingdom,UK,UKG,UKG1,UKG12,Worcestershire,13.8819,0.2282,0.405333333333333,1616.3205,-2.85166666666665,-4.28833333333333
UKWR15,United Kingdom,UK,UKG,UKG1,UKG12,Worcestershire,13.8819,0.2282,0.405333333333333,1616.3205,-2.85166666666665,-4.28833333333333
UKWR2,United Kingdom,UK,UKG,UKG1,UKG12,Worcestershire,13.8819,0.2282,0.405333333333333,1616.3205,-2.85166666666665,-4.28833333333333
UKWR3,United Kingdom,UK,UKG,UKG1,UKG12,Worcestershire,13.8819,0.2282,0.405333333333333,1616.3205,-2.85166666666665,-4.28833333333333
UKWR4,United Kingdom,UK,UKG,UKG1,UKG12,Worcestershire,13.8819,0.2282,0.405333333333333,1616.3205,-2.85166666666665,-4.28833333333333
UKWR5,United Kingdom,UK,UKG,UKG1,UKG12,Worcestershire,13.8819,0.2282,0.405333333333333,1616.3205,-2.85166666666665,-4.28833333333333
UKWR6,United Kingdom,UK,UKG,UKG1,UKG12,Worcestershire,13.8819,0.2282,0.405333333333333,1616.3205,-2.85166666666665,-4.28833333333333
UKWR7,United Kingdom,UK,UKG,UKG1,UKG12,Worcestershire,13.8819,0.2282,0.405333333333333,1616.3205,-2.85166666666665,-4.28833333333333
UKWR8,United Kingdom,UK,UKG,UKG1,UKG12,Worcestershire,13.8819,0.2282,0.405333333333333,1616.3205,-2.85166666666665,-4.28833333333333
UKWR9,United Kingdom,UK,UKG,UKG1,UKG12,Worcestershire,13.8819,0.2282,0.405333333333333,1616.3205,-2.85166666666665,-4.28833333333333
UKWR99,United Kingdom,UK,UKG,UKG1,UKG12,Worcestershire,13.8819,0.2282,0.405333333333333,1616.3205,-2.85166666666665,-4.28833333333333
UKWV98,United Kingdom,UK,UKG,UKG1,UKG12,Worcestershire,13.8819,0.2282,0.405333333333333,1616.3205,-2.85166666666665,-4.28833333333333
UKLL58,United Kingdom,UK,UKL,UKL1,UKL11,Isle of Anglesey,0.2365,0.007,0.033,1638.6535,-2.77366666666665,-4.20066666666665
UKLL59,United Kingdom,UK,UKL,UKL1,UKL11,Isle of Anglesey,0.2365,0.007,0.033,1638.6535,-2.77366666666665,-4.20066666666665
UKLL60,United Kingdom,UK,UKL,UKL1,UKL11,Isle of Anglesey,0.2365,0.007,0.033,1638.6535,-2.77366666666665,-4.20066666666665
UKLL61,United Kingdom,UK,UKL,UKL1,UKL11,Isle of Anglesey,0.2365,0.007,0.033,1638.6535,-2.77366666666665,-4.20066666666665
UKLL62,United Kingdom,UK,UKL,UKL1,UKL11,Isle of Anglesey,0.2365,0.007,0.033,1638.6535,-2.77366666666665,-4.20066666666665
UKLL63,United Kingdom,UK,UKL,UKL1,UKL11,Isle of Anglesey,0.2365,0.007,0.033,1638.6535,-2.77366666666665,-4.20066666666665
UKLL64,United Kingdom,UK,UKL,UKL1,UKL11,Isle of Anglesey,0.2365,0.007,0.033,1638.6535,-2.77366666666665,-4.20066666666665
UKLL65,United Kingdom,UK,UKL,UKL1,UKL11,Isle of Anglesey,0.2365,0.007,0.033,1638.6535,-2.77366666666665,-4.20066666666665
UKLL66,United Kingdom,UK,UKL,UKL1,UKL11,Isle of Anglesey,0.2365,0.007,0.033,1638.6535,-2.77366666666665,-4.20066666666665
UKLL67,United Kingdom,UK,UKL,UKL1,UKL11,Isle of Anglesey,0.2365,0.007,0.033,1638.6535,-2.77366666666665,-4.20066666666665
UKLL68,United Kingdom,UK,UKL,UKL1,UKL11,Isle of Anglesey,0.2365,0.007,0.033,1638.6535,-2.77366666666665,-4.20066666666665
UKLL69,United Kingdom,UK,UKL,UKL1,UKL11,Isle of Anglesey,0.2365,0.007,0.033,1638.6535,-2.77366666666665,-4.20066666666665
UKLL70,United Kingdom,UK,UKL,UKL1,UKL11,Isle of Anglesey,0.2365,0.007,0.033,1638.6535,-2.77366666666665,-4.20066666666665
UKLL71,United Kingdom,UK,UKL,UKL1,UKL11,Isle of Anglesey,0.2365,0.007,0.033,1638.6535,-2.77366666666665,-4.20066666666665
UKLL72,United Kingdom,UK,UKL,UKL1,UKL11,Isle of Anglesey,0.2365,0.007,0.033,1638.6535,-2.77366666666665,-4.20066666666665
UKLL73,United Kingdom,UK,UKL,UKL1,UKL11,Isle of Anglesey,0.2365,0.007,0.033,1638.6535,-2.77366666666665,-4.20066666666665
UKLL74,United Kingdom,UK,UKL,UKL1,UKL11,Isle of Anglesey,0.2365,0.007,0.033,1638.6535,-2.77366666666665,-4.20066666666665
UKLL75,United Kingdom,UK,UKL,UKL1,UKL11,Isle of Anglesey,0.2365,0.007,0.033,1638.6535,-2.77366666666665,-4.20066666666665
UKLL76,United Kingdom,UK,UKL,UKL1,UKL11,Isle of Anglesey,0.2365,0.007,0.033,1638.6535,-2.77366666666665,-4.20066666666665
UKLL77,United Kingdom,UK,UKL,UKL1,UKL11,Isle of Anglesey,0.2365,0.007,0.033,1638.6535,-2.77366666666665,-4.20066666666665
UKLL78,United Kingdom,UK,UKL,UKL1,UKL11,Isle of Anglesey,0.2365,0.007,0.033,1638.6535,-2.77366666666665,-4.20066666666665
UKDT7,United Kingdom,UK,UKK,UKK4,UKK43,Devon CC,2.6140740740705,0.0722633744856667,0.178991769546667,1466.86753086218,-2.62724279835,-3.99827160493333
UKEX1,United Kingdom,UK,UKK,UKK4,UKK43,Devon CC,2.6140740740705,0.0722633744856667,0.178991769546667,1466.86753086218,-2.62724279835,-3.99827160493333
UKEX10,United Kingdom,UK,UKK,UKK4,UKK43,Devon CC,2.6140740740705,0.0722633744856667,0.178991769546667,1466.86753086218,-2.62724279835,-3.99827160493333
UKEX11,United Kingdom,UK,UKK,UKK4,UKK43,Devon CC,2.6140740740705,0.0722633744856667,0.178991769546667,1466.86753086218,-2.62724279835,-3.99827160493333
UKEX12,United Kingdom,UK,UKK,UKK4,UKK43,Devon CC,2.6140740740705,0.0722633744856667,0.178991769546667,1466.86753086218,-2.62724279835,-3.99827160493333
UKEX13,United Kingdom,UK,UKK,UKK4,UKK43,Devon CC,2.6140740740705,0.0722633744856667,0.178991769546667,1466.86753086218,-2.62724279835,-3.99827160493333
UKEX14,United Kingdom,UK,UKK,UKK4,UKK43,Devon CC,2.6140740740705,0.0722633744856667,0.178991769546667,1466.86753086218,-2.62724279835,-3.99827160493333
UKEX15,United Kingdom,UK,UKK,UKK4,UKK43,Devon CC,2.6140740740705,0.0722633744856667,0.178991769546667,1466.86753086218,-2.62724279835,-3.99827160493333
UKEX16,United Kingdom,UK,UKK,UKK4,UKK43,Devon CC,2.6140740740705,0.0722633744856667,0.178991769546667,1466.86753086218,-2.62724279835,-3.99827160493333
UKEX17,United Kingdom,UK,UKK,UKK4,UKK43,Devon CC,2.6140740740705,0.0722633744856667,0.178991769546667,1466.86753086218,-2.62724279835,-3.99827160493333
UKEX18,United Kingdom,UK,UKK,UKK4,UKK43,Devon CC,2.6140740740705,0.0722633744856667,0.178991769546667,1466.86753086218,-2.62724279835,-3.99827160493333
UKEX19,United Kingdom,UK,UKK,UKK4,UKK43,Devon CC,2.6140740740705,0.0722633744856667,0.178991769546667,1466.86753086218,-2.62724279835,-3.99827160493333
UKEX2,United Kingdom,UK,UKK,UKK4,UKK43,Devon CC,2.6140740740705,0.0722633744856667,0.178991769546667,1466.86753086218,-2.62724279835,-3.99827160493333
UKEX20,United Kingdom,UK,UKK,UKK4,UKK43,Devon CC,2.6140740740705,0.0722633744856667,0.178991769546667,1466.86753086218,-2.62724279835,-3.99827160493333
UKEX21,United Kingdom,UK,UKK,UKK4,UKK43,Devon CC,2.6140740740705,0.0722633744856667,0.178991769546667,1466.86753086218,-2.62724279835,-3.99827160493333
UKEX22,United Kingdom,UK,UKK,UKK4,UKK43,Devon CC,2.6140740740705,0.0722633744856667,0.178991769546667,1466.86753086218,-2.62724279835,-3.99827160493333
UKEX23,United Kingdom,UK,UKK,UKK4,UKK43,Devon CC,2.6140740740705,0.0722633744856667,0.178991769546667,1466.86753086218,-2.62724279835,-3.99827160493333
UKEX24,United Kingdom,UK,UKK,UKK4,UKK43,Devon CC,2.6140740740705,0.0722633744856667,0.178991769546667,1466.86753086218,-2.62724279835,-3.99827160493333
UKEX3,United Kingdom,UK,UKK,UKK4,UKK43,Devon CC,2.6140740740705,0.0722633744856667,0.178991769546667,1466.86753086218,-2.62724279835,-3.99827160493333
UKEX31,United Kingdom,UK,UKK,UKK4,UKK43,Devon CC,2.6140740740705,0.0722633744856667,0.178991769546667,1466.86753086218,-2.62724279835,-3.99827160493333
UKEX32,United Kingdom,UK,UKK,UKK4,UKK43,Devon CC,2.6140740740705,0.0722633744856667,0.178991769546667,1466.86753086218,-2.62724279835,-3.99827160493333
UKEX33,United Kingdom,UK,UKK,UKK4,UKK43,Devon CC,2.6140740740705,0.0722633744856667,0.178991769546667,1466.86753086218,-2.62724279835,-3.99827160493333
UKEX34,United Kingdom,UK,UKK,UKK4,UKK43,Devon CC,2.6140740740705,0.0722633744856667,0.178991769546667,1466.86753086218,-2.62724279835,-3.99827160493333
UKEX35,United Kingdom,UK,UKK,UKK4,UKK43,Devon CC,2.6140740740705,0.0722633744856667,0.178991769546667,1466.86753086218,-2.62724279835,-3.99827160493333
UKEX36,United Kingdom,UK,UKK,UKK4,UKK43,Devon CC,2.6140740740705,0.0722633744856667,0.178991769546667,1466.86753086218,-2.62724279835,-3.99827160493333
UKEX37,United Kingdom,UK,UKK,UKK4,UKK43,Devon CC,2.6140740740705,0.0722633744856667,0.178991769546667,1466.86753086218,-2.62724279835,-3.99827160493333
UKEX38,United Kingdom,UK,UKK,UKK4,UKK43,Devon CC,2.6140740740705,0.0722633744856667,0.178991769546667,1466.86753086218,-2.62724279835,-3.99827160493333
UKEX39,United Kingdom,UK,UKK,UKK4,UKK43,Devon CC,2.6140740740705,0.0722633744856667,0.178991769546667,1466.86753086218,-2.62724279835,-3.99827160493333
UKEX4,United Kingdom,UK,UKK,UKK4,UKK43,Devon CC,2.6140740740705,0.0722633744856667,0.178991769546667,1466.86753086218,-2.62724279835,-3.99827160493333
UKEX5,United Kingdom,UK,UKK,UKK4,UKK43,Devon CC,2.6140740740705,0.0722633744856667,0.178991769546667,1466.86753086218,-2.62724279835,-3.99827160493333
UKEX6,United Kingdom,UK,UKK,UKK4,UKK43,Devon CC,2.6140740740705,0.0722633744856667,0.178991769546667,1466.86753086218,-2.62724279835,-3.99827160493333
UKEX7,United Kingdom,UK,UKK,UKK4,UKK43,Devon CC,2.6140740740705,0.0722633744856667,0.178991769546667,1466.86753086218,-2.62724279835,-3.99827160493333
UKEX8,United Kingdom,UK,UKK,UKK4,UKK43,Devon CC,2.6140740740705,0.0722633744856667,0.178991769546667,1466.86753086218,-2.62724279835,-3.99827160493333
UKEX9,United Kingdom,UK,UKK,UKK4,UKK43,Devon CC,2.6140740740705,0.0722633744856667,0.178991769546667,1466.86753086218,-2.62724279835,-3.99827160493333
UKPL15,United Kingdom,UK,UKK,UKK4,UKK43,Devon CC,2.6140740740705,0.0722633744856667,0.178991769546667,1466.86753086218,-2.62724279835,-3.99827160493333
UKPL16,United Kingdom,UK,UKK,UKK4,UKK43,Devon CC,2.6140740740705,0.0722633744856667,0.178991769546667,1466.86753086218,-2.62724279835,-3.99827160493333
UKPL19,United Kingdom,UK,UKK,UKK4,UKK43,Devon CC,2.6140740740705,0.0722633744856667,0.178991769546667,1466.86753086218,-2.62724279835,-3.99827160493333
UKPL20,United Kingdom,UK,UKK,UKK4,UKK43,Devon CC,2.6140740740705,0.0722633744856667,0.178991769546667,1466.86753086218,-2.62724279835,-3.99827160493333
UKPL21,United Kingdom,UK,UKK,UKK4,UKK43,Devon CC,2.6140740740705,0.0722633744856667,0.178991769546667,1466.86753086218,-2.62724279835,-3.99827160493333
UKPL5,United Kingdom,UK,UKK,UKK4,UKK43,Devon CC,2.6140740740705,0.0722633744856667,0.178991769546667,1466.86753086218,-2.62724279835,-3.99827160493333
UKPL6,United Kingdom,UK,UKK,UKK4,UKK43,Devon CC,2.6140740740705,0.0722633744856667,0.178991769546667,1466.86753086218,-2.62724279835,-3.99827160493333
UKPL7,United Kingdom,UK,UKK,UKK4,UKK43,Devon CC,2.6140740740705,0.0722633744856667,0.178991769546667,1466.86753086218,-2.62724279835,-3.99827160493333
UKPL8,United Kingdom,UK,UKK,UKK4,UKK43,Devon CC,2.6140740740705,0.0722633744856667,0.178991769546667,1466.86753086218,-2.62724279835,-3.99827160493333
UKPL9,United Kingdom,UK,UKK,UKK4,UKK43,Devon CC,2.6140740740705,0.0722633744856667,0.178991769546667,1466.86753086218,-2.62724279835,-3.99827160493333
UKTA20,United Kingdom,UK,UKK,UKK4,UKK43,Devon CC,2.6140740740705,0.0722633744856667,0.178991769546667,1466.86753086218,-2.62724279835,-3.99827160493333
UKTA21,United Kingdom,UK,UKK,UKK4,UKK43,Devon CC,2.6140740740705,0.0722633744856667,0.178991769546667,1466.86753086218,-2.62724279835,-3.99827160493333
UKTA22,United Kingdom,UK,UKK,UKK4,UKK43,Devon CC,2.6140740740705,0.0722633744856667,0.178991769546667,1466.86753086218,-2.62724279835,-3.99827160493333
UKTA3,United Kingdom,UK,UKK,UKK4,UKK43,Devon CC,2.6140740740705,0.0722633744856667,0.178991769546667,1466.86753086218,-2.62724279835,-3.99827160493333
UKTA4,United Kingdom,UK,UKK,UKK4,UKK43,Devon CC,2.6140740740705,0.0722633744856667,0.178991769546667,1466.86753086218,-2.62724279835,-3.99827160493333
UKTQ1,United Kingdom,UK,UKK,UKK4,UKK43,Devon CC,2.6140740740705,0.0722633744856667,0.178991769546667,1466.86753086218,-2.62724279835,-3.99827160493333
UKTQ10,United Kingdom,UK,UKK,UKK4,UKK43,Devon CC,2.6140740740705,0.0722633744856667,0.178991769546667,1466.86753086218,-2.62724279835,-3.99827160493333
UKTQ11,United Kingdom,UK,UKK,UKK4,UKK43,Devon CC,2.6140740740705,0.0722633744856667,0.178991769546667,1466.86753086218,-2.62724279835,-3.99827160493333
UKTQ12,United Kingdom,UK,UKK,UKK4,UKK43,Devon CC,2.6140740740705,0.0722633744856667,0.178991769546667,1466.86753086218,-2.62724279835,-3.99827160493333
UKTQ13,United Kingdom,UK,UKK,UKK4,UKK43,Devon CC,2.6140740740705,0.0722633744856667,0.178991769546667,1466.86753086218,-2.62724279835,-3.99827160493333
UKTQ14,United Kingdom,UK,UKK,UKK4,UKK43,Devon CC,2.6140740740705,0.0722633744856667,0.178991769546667,1466.86753086218,-2.62724279835,-3.99827160493333
UKTQ2,United Kingdom,UK,UKK,UKK4,UKK43,Devon CC,2.6140740740705,0.0722633744856667,0.178991769546667,1466.86753086218,-2.62724279835,-3.99827160493333
UKTQ3,United Kingdom,UK,UKK,UKK4,UKK43,Devon CC,2.6140740740705,0.0722633744856667,0.178991769546667,1466.86753086218,-2.62724279835,-3.99827160493333
UKTQ5,United Kingdom,UK,UKK,UKK4,UKK43,Devon CC,2.6140740740705,0.0722633744856667,0.178991769546667,1466.86753086218,-2.62724279835,-3.99827160493333
UKTQ6,United Kingdom,UK,UKK,UKK4,UKK43,Devon CC,2.6140740740705,0.0722633744856667,0.178991769546667,1466.86753086218,-2.62724279835,-3.99827160493333
UKTQ7,United Kingdom,UK,UKK,UKK4,UKK43,Devon CC,2.6140740740705,0.0722633744856667,0.178991769546667,1466.86753086218,-2.62724279835,-3.99827160493333
UKTQ8,United Kingdom,UK,UKK,UKK4,UKK43,Devon CC,2.6140740740705,0.0722633744856667,0.178991769546667,1466.86753086218,-2.62724279835,-3.99827160493333
UKTQ9,United Kingdom,UK,UKK,UKK4,UKK43,Devon CC,2.6140740740705,0.0722633744856667,0.178991769546667,1466.86753086218,-2.62724279835,-3.99827160493333
UKCH1,United Kingdom,UK,UKL,UKL2,UKL23,Flintshire and Wrexham,3.2191071428595,0.0665476190476667,0.153095238095167,1710.89839285557,-3.03964285715,-4.50535714285
UKCH4,United Kingdom,UK,UKL,UKL2,UKL23,Flintshire and Wrexham,3.2191071428595,0.0665476190476667,0.153095238095167,1710.89839285557,-3.03964285715,-4.50535714285
UKCH5,United Kingdom,UK,UKL,UKL2,UKL23,Flintshire and Wrexham,3.2191071428595,0.0665476190476667,0.153095238095167,1710.89839285557,-3.03964285715,-4.50535714285
UKCH6,United Kingdom,UK,UKL,UKL2,UKL23,Flintshire and Wrexham,3.2191071428595,0.0665476190476667,0.153095238095167,1710.89839285557,-3.03964285715,-4.50535714285
UKCH7,United Kingdom,UK,UKL,UKL2,UKL23,Flintshire and Wrexham,3.2191071428595,0.0665476190476667,0.153095238095167,1710.89839285557,-3.03964285715,-4.50535714285
UKCH8,United Kingdom,UK,UKL,UKL2,UKL23,Flintshire and Wrexham,3.2191071428595,0.0665476190476667,0.153095238095167,1710.89839285557,-3.03964285715,-4.50535714285
UKLL11,United Kingdom,UK,UKL,UKL2,UKL23,Flintshire and Wrexham,3.2191071428595,0.0665476190476667,0.153095238095167,1710.89839285557,-3.03964285715,-4.50535714285
UKLL12,United Kingdom,UK,UKL,UKL2,UKL23,Flintshire and Wrexham,3.2191071428595,0.0665476190476667,0.153095238095167,1710.89839285557,-3.03964285715,-4.50535714285
UKLL13,United Kingdom,UK,UKL,UKL2,UKL23,Flintshire and Wrexham,3.2191071428595,0.0665476190476667,0.153095238095167,1710.89839285557,-3.03964285715,-4.50535714285
UKLL14,United Kingdom,UK,UKL,UKL2,UKL23,Flintshire and Wrexham,3.2191071428595,0.0665476190476667,0.153095238095167,1710.89839285557,-3.03964285715,-4.50535714285
UKLL18,United Kingdom,UK,UKL,UKL2,UKL23,Flintshire and Wrexham,3.2191071428595,0.0665476190476667,0.153095238095167,1710.89839285557,-3.03964285715,-4.50535714285
UKLL19,United Kingdom,UK,UKL,UKL2,UKL23,Flintshire and Wrexham,3.2191071428595,0.0665476190476667,0.153095238095167,1710.89839285557,-3.03964285715,-4.50535714285
UKLL20,United Kingdom,UK,UKL,UKL2,UKL23,Flintshire and Wrexham,3.2191071428595,0.0665476190476667,0.153095238095167,1710.89839285557,-3.03964285715,-4.50535714285
UKSY10,United Kingdom,UK,UKL,UKL2,UKL23,Flintshire and Wrexham,3.2191071428595,0.0665476190476667,0.153095238095167,1710.89839285557,-3.03964285715,-4.50535714285
UKSY13,United Kingdom,UK,UKL,UKL2,UKL23,Flintshire and Wrexham,3.2191071428595,0.0665476190476667,0.153095238095167,1710.89839285557,-3.03964285715,-4.50535714285
UKSY14,United Kingdom,UK,UKL,UKL2,UKL23,Flintshire and Wrexham,3.2191071428595,0.0665476190476667,0.153095238095167,1710.89839285557,-3.03964285715,-4.50535714285
UKDE7,United Kingdom,UK,UKF,UKF1,UKF16,South Nottinghamshire,10.541071428565,0.184523809523333,0.336904761905,1678.24071428147,-3.02428571428333,-4.50261904761667
UKDE74,United Kingdom,UK,UKF,UKF1,UKF16,South Nottinghamshire,10.541071428565,0.184523809523333,0.336904761905,1678.24071428147,-3.02428571428333,-4.50261904761667
UKLE12,United Kingdom,UK,UKF,UKF1,UKF16,South Nottinghamshire,10.541071428565,0.184523809523333,0.336904761905,1678.24071428147,-3.02428571428333,-4.50261904761667
UKLE14,United Kingdom,UK,UKF,UKF1,UKF16,South Nottinghamshire,10.541071428565,0.184523809523333,0.336904761905,1678.24071428147,-3.02428571428333,-4.50261904761667
UKNG10,United Kingdom,UK,UKF,UKF1,UKF16,South Nottinghamshire,10.541071428565,0.184523809523333,0.336904761905,1678.24071428147,-3.02428571428333,-4.50261904761667
UKNG11,United Kingdom,UK,UKF,UKF1,UKF16,South Nottinghamshire,10.541071428565,0.184523809523333,0.336904761905,1678.24071428147,-3.02428571428333,-4.50261904761667
UKNG12,United Kingdom,UK,UKF,UKF1,UKF16,South Nottinghamshire,10.541071428565,0.184523809523333,0.336904761905,1678.24071428147,-3.02428571428333,-4.50261904761667
UKNG13,United Kingdom,UK,UKF,UKF1,UKF16,South Nottinghamshire,10.541071428565,0.184523809523333,0.336904761905,1678.24071428147,-3.02428571428333,-4.50261904761667
UKNG14,United Kingdom,UK,UKF,UKF1,UKF16,South Nottinghamshire,10.541071428565,0.184523809523333,0.336904761905,1678.24071428147,-3.02428571428333,-4.50261904761667
UKNG15,United Kingdom,UK,UKF,UKF1,UKF16,South Nottinghamshire,10.541071428565,0.184523809523333,0.336904761905,1678.24071428147,-3.02428571428333,-4.50261904761667
UKNG16,United Kingdom,UK,UKF,UKF1,UKF16,South Nottinghamshire,10.541071428565,0.184523809523333,0.336904761905,1678.24071428147,-3.02428571428333,-4.50261904761667
UKNG2,United Kingdom,UK,UKF,UKF1,UKF16,South Nottinghamshire,10.541071428565,0.184523809523333,0.336904761905,1678.24071428147,-3.02428571428333,-4.50261904761667
UKNG21,United Kingdom,UK,UKF,UKF1,UKF16,South Nottinghamshire,10.541071428565,0.184523809523333,0.336904761905,1678.24071428147,-3.02428571428333,-4.50261904761667
UKNG23,United Kingdom,UK,UKF,UKF1,UKF16,South Nottinghamshire,10.541071428565,0.184523809523333,0.336904761905,1678.24071428147,-3.02428571428333,-4.50261904761667
UKNG3,United Kingdom,UK,UKF,UKF1,UKF16,South Nottinghamshire,10.541071428565,0.184523809523333,0.336904761905,1678.24071428147,-3.02428571428333,-4.50261904761667
UKNG4,United Kingdom,UK,UKF,UKF1,UKF16,South Nottinghamshire,10.541071428565,0.184523809523333,0.336904761905,1678.24071428147,-3.02428571428333,-4.50261904761667
UKNG5,United Kingdom,UK,UKF,UKF1,UKF16,South Nottinghamshire,10.541071428565,0.184523809523333,0.336904761905,1678.24071428147,-3.02428571428333,-4.50261904761667
UKNG6,United Kingdom,UK,UKF,UKF1,UKF16,South Nottinghamshire,10.541071428565,0.184523809523333,0.336904761905,1678.24071428147,-3.02428571428333,-4.50261904761667
UKNG8,United Kingdom,UK,UKF,UKF1,UKF16,South Nottinghamshire,10.541071428565,0.184523809523333,0.336904761905,1678.24071428147,-3.02428571428333,-4.50261904761667
UKNG80,United Kingdom,UK,UKF,UKF1,UKF16,South Nottinghamshire,10.541071428565,0.184523809523333,0.336904761905,1678.24071428147,-3.02428571428333,-4.50261904761667
UKNG9,United Kingdom,UK,UKF,UKF1,UKF16,South Nottinghamshire,10.541071428565,0.184523809523333,0.336904761905,1678.24071428147,-3.02428571428333,-4.50261904761667
UKNG90,United Kingdom,UK,UKF,UKF1,UKF16,South Nottinghamshire,10.541071428565,0.184523809523333,0.336904761905,1678.24071428147,-3.02428571428333,-4.50261904761667
UKDN14,United Kingdom,UK,UKE,UKE1,UKE12,East Riding of Yorkshire,5.529435483873,0.119623655914,0.231021505376667,1668.29935483695,-3.21161290323333,-4.75946236558333
UKDN8,United Kingdom,UK,UKE,UKE1,UKE12,East Riding of Yorkshire,5.529435483873,0.119623655914,0.231021505376667,1668.29935483695,-3.21161290323333,-4.75946236558333
UKHU10,United Kingdom,UK,UKE,UKE1,UKE12,East Riding of Yorkshire,5.529435483873,0.119623655914,0.231021505376667,1668.29935483695,-3.21161290323333,-4.75946236558333
UKHU11,United Kingdom,UK,UKE,UKE1,UKE12,East Riding of Yorkshire,5.529435483873,0.119623655914,0.231021505376667,1668.29935483695,-3.21161290323333,-4.75946236558333
UKHU12,United Kingdom,UK,UKE,UKE1,UKE12,East Riding of Yorkshire,5.529435483873,0.119623655914,0.231021505376667,1668.29935483695,-3.21161290323333,-4.75946236558333
UKHU13,United Kingdom,UK,UKE,UKE1,UKE12,East Riding of Yorkshire,5.529435483873,0.119623655914,0.231021505376667,1668.29935483695,-3.21161290323333,-4.75946236558333
UKHU14,United Kingdom,UK,UKE,UKE1,UKE12,East Riding of Yorkshire,5.529435483873,0.119623655914,0.231021505376667,1668.29935483695,-3.21161290323333,-4.75946236558333
UKHU15,United Kingdom,UK,UKE,UKE1,UKE12,East Riding of Yorkshire,5.529435483873,0.119623655914,0.231021505376667,1668.29935483695,-3.21161290323333,-4.75946236558333
UKHU16,United Kingdom,UK,UKE,UKE1,UKE12,East Riding of Yorkshire,5.529435483873,0.119623655914,0.231021505376667,1668.29935483695,-3.21161290323333,-4.75946236558333
UKHU17,United Kingdom,UK,UKE,UKE1,UKE12,East Riding of Yorkshire,5.529435483873,0.119623655914,0.231021505376667,1668.29935483695,-3.21161290323333,-4.75946236558333
UKHU18,United Kingdom,UK,UKE,UKE1,UKE12,East Riding of Yorkshire,5.529435483873,0.119623655914,0.231021505376667,1668.29935483695,-3.21161290323333,-4.75946236558333
UKHU19,United Kingdom,UK,UKE,UKE1,UKE12,East Riding of Yorkshire,5.529435483873,0.119623655914,0.231021505376667,1668.29935483695,-3.21161290323333,-4.75946236558333
UKHU20,United Kingdom,UK,UKE,UKE1,UKE12,East Riding of Yorkshire,5.529435483873,0.119623655914,0.231021505376667,1668.29935483695,-3.21161290323333,-4.75946236558333
UKHU4,United Kingdom,UK,UKE,UKE1,UKE12,East Riding of Yorkshire,5.529435483873,0.119623655914,0.231021505376667,1668.29935483695,-3.21161290323333,-4.75946236558333
UKHU5,United Kingdom,UK,UKE,UKE1,UKE12,East Riding of Yorkshire,5.529435483873,0.119623655914,0.231021505376667,1668.29935483695,-3.21161290323333,-4.75946236558333
UKHU6,United Kingdom,UK,UKE,UKE1,UKE12,East Riding of Yorkshire,5.529435483873,0.119623655914,0.231021505376667,1668.29935483695,-3.21161290323333,-4.75946236558333
UKHU7,United Kingdom,UK,UKE,UKE1,UKE12,East Riding of Yorkshire,5.529435483873,0.119623655914,0.231021505376667,1668.29935483695,-3.21161290323333,-4.75946236558333
UKHU8,United Kingdom,UK,UKE,UKE1,UKE12,East Riding of Yorkshire,5.529435483873,0.119623655914,0.231021505376667,1668.29935483695,-3.21161290323333,-4.75946236558333
UKYO15,United Kingdom,UK,UKE,UKE1,UKE12,East Riding of Yorkshire,5.529435483873,0.119623655914,0.231021505376667,1668.29935483695,-3.21161290323333,-4.75946236558333
UKYO16,United Kingdom,UK,UKE,UKE1,UKE12,East Riding of Yorkshire,5.529435483873,0.119623655914,0.231021505376667,1668.29935483695,-3.21161290323333,-4.75946236558333
UKYO25,United Kingdom,UK,UKE,UKE1,UKE12,East Riding of Yorkshire,5.529435483873,0.119623655914,0.231021505376667,1668.29935483695,-3.21161290323333,-4.75946236558333
UKYO41,United Kingdom,UK,UKE,UKE1,UKE12,East Riding of Yorkshire,5.529435483873,0.119623655914,0.231021505376667,1668.29935483695,-3.21161290323333,-4.75946236558333
UKYO42,United Kingdom,UK,UKE,UKE1,UKE12,East Riding of Yorkshire,5.529435483873,0.119623655914,0.231021505376667,1668.29935483695,-3.21161290323333,-4.75946236558333
UKYO43,United Kingdom,UK,UKE,UKE1,UKE12,East Riding of Yorkshire,5.529435483873,0.119623655914,0.231021505376667,1668.29935483695,-3.21161290323333,-4.75946236558333
UKYO8,United Kingdom,UK,UKE,UKE1,UKE12,East Riding of Yorkshire,5.529435483873,0.119623655914,0.231021505376667,1668.29935483695,-3.21161290323333,-4.75946236558333
UKCH3,United Kingdom,UK,UKD,UKD6,UKD62,Cheshire East,3.9366176470635,0.079705882353,0.172549019608333,1696.87367646889,-2.9512745098,-4.39735294118332
UKCW1,United Kingdom,UK,UKD,UKD6,UKD62,Cheshire East,3.9366176470635,0.079705882353,0.172549019608333,1696.87367646889,-2.9512745098,-4.39735294118332
UKCW10,United Kingdom,UK,UKD,UKD6,UKD62,Cheshire East,3.9366176470635,0.079705882353,0.172549019608333,1696.87367646889,-2.9512745098,-4.39735294118332
UKCW11,United Kingdom,UK,UKD,UKD6,UKD62,Cheshire East,3.9366176470635,0.079705882353,0.172549019608333,1696.87367646889,-2.9512745098,-4.39735294118332
UKCW12,United Kingdom,UK,UKD,UKD6,UKD62,Cheshire East,3.9366176470635,0.079705882353,0.172549019608333,1696.87367646889,-2.9512745098,-4.39735294118332
UKCW2,United Kingdom,UK,UKD,UKD6,UKD62,Cheshire East,3.9366176470635,0.079705882353,0.172549019608333,1696.87367646889,-2.9512745098,-4.39735294118332
UKCW3,United Kingdom,UK,UKD,UKD6,UKD62,Cheshire East,3.9366176470635,0.079705882353,0.172549019608333,1696.87367646889,-2.9512745098,-4.39735294118332
UKCW4,United Kingdom,UK,UKD,UKD6,UKD62,Cheshire East,3.9366176470635,0.079705882353,0.172549019608333,1696.87367646889,-2.9512745098,-4.39735294118332
UKCW5,United Kingdom,UK,UKD,UKD6,UKD62,Cheshire East,3.9366176470635,0.079705882353,0.172549019608333,1696.87367646889,-2.9512745098,-4.39735294118332
UKCW6,United Kingdom,UK,UKD,UKD6,UKD62,Cheshire East,3.9366176470635,0.079705882353,0.172549019608333,1696.87367646889,-2.9512745098,-4.39735294118332
UKCW7,United Kingdom,UK,UKD,UKD6,UKD62,Cheshire East,3.9366176470635,0.079705882353,0.172549019608333,1696.87367646889,-2.9512745098,-4.39735294118332
UKCW9,United Kingdom,UK,UKD,UKD6,UKD62,Cheshire East,3.9366176470635,0.079705882353,0.172549019608333,1696.87367646889,-2.9512745098,-4.39735294118332
UKCW98,United Kingdom,UK,UKD,UKD6,UKD62,Cheshire East,3.9366176470635,0.079705882353,0.172549019608333,1696.87367646889,-2.9512745098,-4.39735294118332
UKM22,United Kingdom,UK,UKD,UKD6,UKD62,Cheshire East,3.9366176470635,0.079705882353,0.172549019608333,1696.87367646889,-2.9512745098,-4.39735294118332
UKSK10,United Kingdom,UK,UKD,UKD6,UKD62,Cheshire East,3.9366176470635,0.079705882353,0.172549019608333,1696.87367646889,-2.9512745098,-4.39735294118332
UKSK11,United Kingdom,UK,UKD,UKD6,UKD62,Cheshire East,3.9366176470635,0.079705882353,0.172549019608333,1696.87367646889,-2.9512745098,-4.39735294118332
UKSK12,United Kingdom,UK,UKD,UKD6,UKD62,Cheshire East,3.9366176470635,0.079705882353,0.172549019608333,1696.87367646889,-2.9512745098,-4.39735294118332
UKSK23,United Kingdom,UK,UKD,UKD6,UKD62,Cheshire East,3.9366176470635,0.079705882353,0.172549019608333,1696.87367646889,-2.9512745098,-4.39735294118332
UKSK6,United Kingdom,UK,UKD,UKD6,UKD62,Cheshire East,3.9366176470635,0.079705882353,0.172549019608333,1696.87367646889,-2.9512745098,-4.39735294118332
UKSK7,United Kingdom,UK,UKD,UKD6,UKD62,Cheshire East,3.9366176470635,0.079705882353,0.172549019608333,1696.87367646889,-2.9512745098,-4.39735294118332
UKSK8,United Kingdom,UK,UKD,UKD6,UKD62,Cheshire East,3.9366176470635,0.079705882353,0.172549019608333,1696.87367646889,-2.9512745098,-4.39735294118332
UKSK9,United Kingdom,UK,UKD,UKD6,UKD62,Cheshire East,3.9366176470635,0.079705882353,0.172549019608333,1696.87367646889,-2.9512745098,-4.39735294118332
UKST7,United Kingdom,UK,UKD,UKD6,UKD62,Cheshire East,3.9366176470635,0.079705882353,0.172549019608333,1696.87367646889,-2.9512745098,-4.39735294118332
UKSY13,United Kingdom,UK,UKD,UKD6,UKD62,Cheshire East,3.9366176470635,0.079705882353,0.172549019608333,1696.87367646889,-2.9512745098,-4.39735294118332
UKSY14,United Kingdom,UK,UKD,UKD6,UKD62,Cheshire East,3.9366176470635,0.079705882353,0.172549019608333,1696.87367646889,-2.9512745098,-4.39735294118332
UKTF9,United Kingdom,UK,UKD,UKD6,UKD62,Cheshire East,3.9366176470635,0.079705882353,0.172549019608333,1696.87367646889,-2.9512745098,-4.39735294118332
UKWA13,United Kingdom,UK,UKD,UKD6,UKD62,Cheshire East,3.9366176470635,0.079705882353,0.172549019608333,1696.87367646889,-2.9512745098,-4.39735294118332
UKWA14,United Kingdom,UK,UKD,UKD6,UKD62,Cheshire East,3.9366176470635,0.079705882353,0.172549019608333,1696.87367646889,-2.9512745098,-4.39735294118332
UKWA15,United Kingdom,UK,UKD,UKD6,UKD62,Cheshire East,3.9366176470635,0.079705882353,0.172549019608333,1696.87367646889,-2.9512745098,-4.39735294118332
UKWA16,United Kingdom,UK,UKD,UKD6,UKD62,Cheshire East,3.9366176470635,0.079705882353,0.172549019608333,1696.87367646889,-2.9512745098,-4.39735294118332
UKBD10,United Kingdom,UK,UKE,UKE4,UKE42,Leeds,4.170625,0.08375,0.188541666666667,1721.3978125,-3.16229166666667,-4.65625
UKBD11,United Kingdom,UK,UKE,UKE4,UKE42,Leeds,4.170625,0.08375,0.188541666666667,1721.3978125,-3.16229166666667,-4.65625
UKBD3,United Kingdom,UK,UKE,UKE4,UKE42,Leeds,4.170625,0.08375,0.188541666666667,1721.3978125,-3.16229166666667,-4.65625
UKBD4,United Kingdom,UK,UKE,UKE4,UKE42,Leeds,4.170625,0.08375,0.188541666666667,1721.3978125,-3.16229166666667,-4.65625
UKLS1,United Kingdom,UK,UKE,UKE4,UKE42,Leeds,4.170625,0.08375,0.188541666666667,1721.3978125,-3.16229166666667,-4.65625
UKLS10,United Kingdom,UK,UKE,UKE4,UKE42,Leeds,4.170625,0.08375,0.188541666666667,1721.3978125,-3.16229166666667,-4.65625
UKLS11,United Kingdom,UK,UKE,UKE4,UKE42,Leeds,4.170625,0.08375,0.188541666666667,1721.3978125,-3.16229166666667,-4.65625
UKLS12,United Kingdom,UK,UKE,UKE4,UKE42,Leeds,4.170625,0.08375,0.188541666666667,1721.3978125,-3.16229166666667,-4.65625
UKLS13,United Kingdom,UK,UKE,UKE4,UKE42,Leeds,4.170625,0.08375,0.188541666666667,1721.3978125,-3.16229166666667,-4.65625
UKLS14,United Kingdom,UK,UKE,UKE4,UKE42,Leeds,4.170625,0.08375,0.188541666666667,1721.3978125,-3.16229166666667,-4.65625
UKLS15,United Kingdom,UK,UKE,UKE4,UKE42,Leeds,4.170625,0.08375,0.188541666666667,1721.3978125,-3.16229166666667,-4.65625
UKLS16,United Kingdom,UK,UKE,UKE4,UKE42,Leeds,4.170625,0.08375,0.188541666666667,1721.3978125,-3.16229166666667,-4.65625
UKLS17,United Kingdom,UK,UKE,UKE4,UKE42,Leeds,4.170625,0.08375,0.188541666666667,1721.3978125,-3.16229166666667,-4.65625
UKLS18,United Kingdom,UK,UKE,UKE4,UKE42,Leeds,4.170625,0.08375,0.188541666666667,1721.3978125,-3.16229166666667,-4.65625
UKLS19,United Kingdom,UK,UKE,UKE4,UKE42,Leeds,4.170625,0.08375,0.188541666666667,1721.3978125,-3.16229166666667,-4.65625
UKLS2,United Kingdom,UK,UKE,UKE4,UKE42,Leeds,4.170625,0.08375,0.188541666666667,1721.3978125,-3.16229166666667,-4.65625
UKLS20,United Kingdom,UK,UKE,UKE4,UKE42,Leeds,4.170625,0.08375,0.188541666666667,1721.3978125,-3.16229166666667,-4.65625
UKLS21,United Kingdom,UK,UKE,UKE4,UKE42,Leeds,4.170625,0.08375,0.188541666666667,1721.3978125,-3.16229166666667,-4.65625
UKLS22,United Kingdom,UK,UKE,UKE4,UKE42,Leeds,4.170625,0.08375,0.188541666666667,1721.3978125,-3.16229166666667,-4.65625
UKLS23,United Kingdom,UK,UKE,UKE4,UKE42,Leeds,4.170625,0.08375,0.188541666666667,1721.3978125,-3.16229166666667,-4.65625
UKLS24,United Kingdom,UK,UKE,UKE4,UKE42,Leeds,4.170625,0.08375,0.188541666666667,1721.3978125,-3.16229166666667,-4.65625
UKLS25,United Kingdom,UK,UKE,UKE4,UKE42,Leeds,4.170625,0.08375,0.188541666666667,1721.3978125,-3.16229166666667,-4.65625
UKLS26,United Kingdom,UK,UKE,UKE4,UKE42,Leeds,4.170625,0.08375,0.188541666666667,1721.3978125,-3.16229166666667,-4.65625
UKLS27,United Kingdom,UK,UKE,UKE4,UKE42,Leeds,4.170625,0.08375,0.188541666666667,1721.3978125,-3.16229166666667,-4.65625
UKLS28,United Kingdom,UK,UKE,UKE4,UKE42,Leeds,4.170625,0.08375,0.188541666666667,1721.3978125,-3.16229166666667,-4.65625
UKLS29,United Kingdom,UK,UKE,UKE4,UKE42,Leeds,4.170625,0.08375,0.188541666666667,1721.3978125,-3.16229166666667,-4.65625
UKLS3,United Kingdom,UK,UKE,UKE4,UKE42,Leeds,4.170625,0.08375,0.188541666666667,1721.3978125,-3.16229166666667,-4.65625
UKLS4,United Kingdom,UK,UKE,UKE4,UKE42,Leeds,4.170625,0.08375,0.188541666666667,1721.3978125,-3.16229166666667,-4.65625
UKLS5,United Kingdom,UK,UKE,UKE4,UKE42,Leeds,4.170625,0.08375,0.188541666666667,1721.3978125,-3.16229166666667,-4.65625
UKLS6,United Kingdom,UK,UKE,UKE4,UKE42,Leeds,4.170625,0.08375,0.188541666666667,1721.3978125,-3.16229166666667,-4.65625
UKLS7,United Kingdom,UK,UKE,UKE4,UKE42,Leeds,4.170625,0.08375,0.188541666666667,1721.3978125,-3.16229166666667,-4.65625
UKLS8,United Kingdom,UK,UKE,UKE4,UKE42,Leeds,4.170625,0.08375,0.188541666666667,1721.3978125,-3.16229166666667,-4.65625
UKLS88,United Kingdom,UK,UKE,UKE4,UKE42,Leeds,4.170625,0.08375,0.188541666666667,1721.3978125,-3.16229166666667,-4.65625
UKLS9,United Kingdom,UK,UKE,UKE4,UKE42,Leeds,4.170625,0.08375,0.188541666666667,1721.3978125,-3.16229166666667,-4.65625
UKLS98,United Kingdom,UK,UKE,UKE4,UKE42,Leeds,4.170625,0.08375,0.188541666666667,1721.3978125,-3.16229166666667,-4.65625
UKLS99,United Kingdom,UK,UKE,UKE4,UKE42,Leeds,4.170625,0.08375,0.188541666666667,1721.3978125,-3.16229166666667,-4.65625
UKWF10,United Kingdom,UK,UKE,UKE4,UKE42,Leeds,4.170625,0.08375,0.188541666666667,1721.3978125,-3.16229166666667,-4.65625
UKWF12,United Kingdom,UK,UKE,UKE4,UKE42,Leeds,4.170625,0.08375,0.188541666666667,1721.3978125,-3.16229166666667,-4.65625
UKWF17,United Kingdom,UK,UKE,UKE4,UKE42,Leeds,4.170625,0.08375,0.188541666666667,1721.3978125,-3.16229166666667,-4.65625
UKWF2,United Kingdom,UK,UKE,UKE4,UKE42,Leeds,4.170625,0.08375,0.188541666666667,1721.3978125,-3.16229166666667,-4.65625
UKWF3,United Kingdom,UK,UKE,UKE4,UKE42,Leeds,4.170625,0.08375,0.188541666666667,1721.3978125,-3.16229166666667,-4.65625
UKST1,United Kingdom,UK,UKG,UKG2,UKG23,Stoke-on-Trent,4.19,0.0866666666666667,0.19,1713.95,-2.96666666666667,-4.44166666666667
UKST11,United Kingdom,UK,UKG,UKG2,UKG23,Stoke-on-Trent,4.19,0.0866666666666667,0.19,1713.95,-2.96666666666667,-4.44166666666667
UKST12,United Kingdom,UK,UKG,UKG2,UKG23,Stoke-on-Trent,4.19,0.0866666666666667,0.19,1713.95,-2.96666666666667,-4.44166666666667
UKST2,United Kingdom,UK,UKG,UKG2,UKG23,Stoke-on-Trent,4.19,0.0866666666666667,0.19,1713.95,-2.96666666666667,-4.44166666666667
UKST3,United Kingdom,UK,UKG,UKG2,UKG23,Stoke-on-Trent,4.19,0.0866666666666667,0.19,1713.95,-2.96666666666667,-4.44166666666667
UKST4,United Kingdom,UK,UKG,UKG2,UKG23,Stoke-on-Trent,4.19,0.0866666666666667,0.19,1713.95,-2.96666666666667,-4.44166666666667
UKST5,United Kingdom,UK,UKG,UKG2,UKG23,Stoke-on-Trent,4.19,0.0866666666666667,0.19,1713.95,-2.96666666666667,-4.44166666666667
UKST6,United Kingdom,UK,UKG,UKG2,UKG23,Stoke-on-Trent,4.19,0.0866666666666667,0.19,1713.95,-2.96666666666667,-4.44166666666667
UKST7,United Kingdom,UK,UKG,UKG2,UKG23,Stoke-on-Trent,4.19,0.0866666666666667,0.19,1713.95,-2.96666666666667,-4.44166666666667
UKST8,United Kingdom,UK,UKG,UKG2,UKG23,Stoke-on-Trent,4.19,0.0866666666666667,0.19,1713.95,-2.96666666666667,-4.44166666666667
UKST9,United Kingdom,UK,UKG,UKG2,UKG23,Stoke-on-Trent,4.19,0.0866666666666667,0.19,1713.95,-2.96666666666667,-4.44166666666667
UKPO1,United Kingdom,UK,UKJ,UKJ3,UKJ31,Portsmouth,8.77,0.193333333333333,0.375,1478.73999999999,-2.81333333333333,-4.27166666666667
UKPO17,United Kingdom,UK,UKJ,UKJ3,UKJ31,Portsmouth,8.77,0.193333333333333,0.375,1478.73999999999,-2.81333333333333,-4.27166666666667
UKPO2,United Kingdom,UK,UKJ,UKJ3,UKJ31,Portsmouth,8.77,0.193333333333333,0.375,1478.73999999999,-2.81333333333333,-4.27166666666667
UKPO3,United Kingdom,UK,UKJ,UKJ3,UKJ31,Portsmouth,8.77,0.193333333333333,0.375,1478.73999999999,-2.81333333333333,-4.27166666666667
UKPO4,United Kingdom,UK,UKJ,UKJ3,UKJ31,Portsmouth,8.77,0.193333333333333,0.375,1478.73999999999,-2.81333333333333,-4.27166666666667
UKPO5,United Kingdom,UK,UKJ,UKJ3,UKJ31,Portsmouth,8.77,0.193333333333333,0.375,1478.73999999999,-2.81333333333333,-4.27166666666667
UKPO6,United Kingdom,UK,UKJ,UKJ3,UKJ31,Portsmouth,8.77,0.193333333333333,0.375,1478.73999999999,-2.81333333333333,-4.27166666666667
UKPO7,United Kingdom,UK,UKJ,UKJ3,UKJ31,Portsmouth,8.77,0.193333333333333,0.375,1478.73999999999,-2.81333333333333,-4.27166666666667
UKPO10,United Kingdom,UK,UKJ,UKJ3,UKJ35,South Hampshire,9.75125,0.1975,0.375833333333333,1459.86375,-2.7275,-4.13583333333333
UKPO11,United Kingdom,UK,UKJ,UKJ3,UKJ35,South Hampshire,9.75125,0.1975,0.375833333333333,1459.86375,-2.7275,-4.13583333333333
UKPO12,United Kingdom,UK,UKJ,UKJ3,UKJ35,South Hampshire,9.75125,0.1975,0.375833333333333,1459.86375,-2.7275,-4.13583333333333
UKPO13,United Kingdom,UK,UKJ,UKJ3,UKJ35,South Hampshire,9.75125,0.1975,0.375833333333333,1459.86375,-2.7275,-4.13583333333333
UKPO14,United Kingdom,UK,UKJ,UKJ3,UKJ35,South Hampshire,9.75125,0.1975,0.375833333333333,1459.86375,-2.7275,-4.13583333333333
UKPO15,United Kingdom,UK,UKJ,UKJ3,UKJ35,South Hampshire,9.75125,0.1975,0.375833333333333,1459.86375,-2.7275,-4.13583333333333
UKPO16,United Kingdom,UK,UKJ,UKJ3,UKJ35,South Hampshire,9.75125,0.1975,0.375833333333333,1459.86375,-2.7275,-4.13583333333333
UKPO17,United Kingdom,UK,UKJ,UKJ3,UKJ35,South Hampshire,9.75125,0.1975,0.375833333333333,1459.86375,-2.7275,-4.13583333333333
UKPO6,United Kingdom,UK,UKJ,UKJ3,UKJ35,South Hampshire,9.75125,0.1975,0.375833333333333,1459.86375,-2.7275,-4.13583333333333
UKPO7,United Kingdom,UK,UKJ,UKJ3,UKJ35,South Hampshire,9.75125,0.1975,0.375833333333333,1459.86375,-2.7275,-4.13583333333333
UKPO8,United Kingdom,UK,UKJ,UKJ3,UKJ35,South Hampshire,9.75125,0.1975,0.375833333333333,1459.86375,-2.7275,-4.13583333333333
UKPO9,United Kingdom,UK,UKJ,UKJ3,UKJ35,South Hampshire,9.75125,0.1975,0.375833333333333,1459.86375,-2.7275,-4.13583333333333
UKSO18,United Kingdom,UK,UKJ,UKJ3,UKJ35,South Hampshire,9.75125,0.1975,0.375833333333333,1459.86375,-2.7275,-4.13583333333333
UKSO19,United Kingdom,UK,UKJ,UKJ3,UKJ35,South Hampshire,9.75125,0.1975,0.375833333333333,1459.86375,-2.7275,-4.13583333333333
UKSO30,United Kingdom,UK,UKJ,UKJ3,UKJ35,South Hampshire,9.75125,0.1975,0.375833333333333,1459.86375,-2.7275,-4.13583333333333
UKSO31,United Kingdom,UK,UKJ,UKJ3,UKJ35,South Hampshire,9.75125,0.1975,0.375833333333333,1459.86375,-2.7275,-4.13583333333333
UKSO32,United Kingdom,UK,UKJ,UKJ3,UKJ35,South Hampshire,9.75125,0.1975,0.375833333333333,1459.86375,-2.7275,-4.13583333333333
UKSO50,United Kingdom,UK,UKJ,UKJ3,UKJ35,South Hampshire,9.75125,0.1975,0.375833333333333,1459.86375,-2.7275,-4.13583333333333
UKSO53,United Kingdom,UK,UKJ,UKJ3,UKJ35,South Hampshire,9.75125,0.1975,0.375833333333333,1459.86375,-2.7275,-4.13583333333333
UKSO97,United Kingdom,UK,UKJ,UKJ3,UKJ35,South Hampshire,9.75125,0.1975,0.375833333333333,1459.86375,-2.7275,-4.13583333333333
UKCM11,United Kingdom,UK,UKH,UKH3,UKH37,Essex Thames Gateway,21.6550000000224,0.345555555554998,0.536388888888332,1596.76916666322,-3.11611111111667,-4.67749999999998
UKCM12,United Kingdom,UK,UKH,UKH3,UKH37,Essex Thames Gateway,21.6550000000224,0.345555555554998,0.536388888888332,1596.76916666322,-3.11611111111667,-4.67749999999998
UKCM13,United Kingdom,UK,UKH,UKH3,UKH37,Essex Thames Gateway,21.6550000000224,0.345555555554998,0.536388888888332,1596.76916666322,-3.11611111111667,-4.67749999999998
UKCM4,United Kingdom,UK,UKH,UKH3,UKH37,Essex Thames Gateway,21.6550000000224,0.345555555554998,0.536388888888332,1596.76916666322,-3.11611111111667,-4.67749999999998
UKSS11,United Kingdom,UK,UKH,UKH3,UKH37,Essex Thames Gateway,21.6550000000224,0.345555555554998,0.536388888888332,1596.76916666322,-3.11611111111667,-4.67749999999998
UKSS12,United Kingdom,UK,UKH,UKH3,UKH37,Essex Thames Gateway,21.6550000000224,0.345555555554998,0.536388888888332,1596.76916666322,-3.11611111111667,-4.67749999999998
UKSS13,United Kingdom,UK,UKH,UKH3,UKH37,Essex Thames Gateway,21.6550000000224,0.345555555554998,0.536388888888332,1596.76916666322,-3.11611111111667,-4.67749999999998
UKSS14,United Kingdom,UK,UKH,UKH3,UKH37,Essex Thames Gateway,21.6550000000224,0.345555555554998,0.536388888888332,1596.76916666322,-3.11611111111667,-4.67749999999998
UKSS15,United Kingdom,UK,UKH,UKH3,UKH37,Essex Thames Gateway,21.6550000000224,0.345555555554998,0.536388888888332,1596.76916666322,-3.11611111111667,-4.67749999999998
UKSS16,United Kingdom,UK,UKH,UKH3,UKH37,Essex Thames Gateway,21.6550000000224,0.345555555554998,0.536388888888332,1596.76916666322,-3.11611111111667,-4.67749999999998
UKSS17,United Kingdom,UK,UKH,UKH3,UKH37,Essex Thames Gateway,21.6550000000224,0.345555555554998,0.536388888888332,1596.76916666322,-3.11611111111667,-4.67749999999998
UKSS2,United Kingdom,UK,UKH,UKH3,UKH37,Essex Thames Gateway,21.6550000000224,0.345555555554998,0.536388888888332,1596.76916666322,-3.11611111111667,-4.67749999999998
UKSS3,United Kingdom,UK,UKH,UKH3,UKH37,Essex Thames Gateway,21.6550000000224,0.345555555554998,0.536388888888332,1596.76916666322,-3.11611111111667,-4.67749999999998
UKSS4,United Kingdom,UK,UKH,UKH3,UKH37,Essex Thames Gateway,21.6550000000224,0.345555555554998,0.536388888888332,1596.76916666322,-3.11611111111667,-4.67749999999998
UKSS5,United Kingdom,UK,UKH,UKH3,UKH37,Essex Thames Gateway,21.6550000000224,0.345555555554998,0.536388888888332,1596.76916666322,-3.11611111111667,-4.67749999999998
UKSS6,United Kingdom,UK,UKH,UKH3,UKH37,Essex Thames Gateway,21.6550000000224,0.345555555554998,0.536388888888332,1596.76916666322,-3.11611111111667,-4.67749999999998
UKSS7,United Kingdom,UK,UKH,UKH3,UKH37,Essex Thames Gateway,21.6550000000224,0.345555555554998,0.536388888888332,1596.76916666322,-3.11611111111667,-4.67749999999998
UKSS8,United Kingdom,UK,UKH,UKH3,UKH37,Essex Thames Gateway,21.6550000000224,0.345555555554998,0.536388888888332,1596.76916666322,-3.11611111111667,-4.67749999999998
UKSS9,United Kingdom,UK,UKH,UKH3,UKH37,Essex Thames Gateway,21.6550000000224,0.345555555554998,0.536388888888332,1596.76916666322,-3.11611111111667,-4.67749999999998
UKCB7,United Kingdom,UK,UKH,UKH1,UKH14,Suffolk,14.616,0.254666666666665,0.401366666666667,1633.06745,-3.0309,-4.5368
UKCB8,United Kingdom,UK,UKH,UKH1,UKH14,Suffolk,14.616,0.254666666666665,0.401366666666667,1633.06745,-3.0309,-4.5368
UKCB9,United Kingdom,UK,UKH,UKH1,UKH14,Suffolk,14.616,0.254666666666665,0.401366666666667,1633.06745,-3.0309,-4.5368
UKCO10,United Kingdom,UK,UKH,UKH1,UKH14,Suffolk,14.616,0.254666666666665,0.401366666666667,1633.06745,-3.0309,-4.5368
UKCO11,United Kingdom,UK,UKH,UKH1,UKH14,Suffolk,14.616,0.254666666666665,0.401366666666667,1633.06745,-3.0309,-4.5368
UKCO6,United Kingdom,UK,UKH,UKH1,UKH14,Suffolk,14.616,0.254666666666665,0.401366666666667,1633.06745,-3.0309,-4.5368
UKCO7,United Kingdom,UK,UKH,UKH1,UKH14,Suffolk,14.616,0.254666666666665,0.401366666666667,1633.06745,-3.0309,-4.5368
UKCO8,United Kingdom,UK,UKH,UKH1,UKH14,Suffolk,14.616,0.254666666666665,0.401366666666667,1633.06745,-3.0309,-4.5368
UKIP1,United Kingdom,UK,UKH,UKH1,UKH14,Suffolk,14.616,0.254666666666665,0.401366666666667,1633.06745,-3.0309,-4.5368
UKIP10,United Kingdom,UK,UKH,UKH1,UKH14,Suffolk,14.616,0.254666666666665,0.401366666666667,1633.06745,-3.0309,-4.5368
UKIP11,United Kingdom,UK,UKH,UKH1,UKH14,Suffolk,14.616,0.254666666666665,0.401366666666667,1633.06745,-3.0309,-4.5368
UKIP12,United Kingdom,UK,UKH,UKH1,UKH14,Suffolk,14.616,0.254666666666665,0.401366666666667,1633.06745,-3.0309,-4.5368
UKIP13,United Kingdom,UK,UKH,UKH1,UKH14,Suffolk,14.616,0.254666666666665,0.401366666666667,1633.06745,-3.0309,-4.5368
UKIP14,United Kingdom,UK,UKH,UKH1,UKH14,Suffolk,14.616,0.254666666666665,0.401366666666667,1633.06745,-3.0309,-4.5368
UKIP15,United Kingdom,UK,UKH,UKH1,UKH14,Suffolk,14.616,0.254666666666665,0.401366666666667,1633.06745,-3.0309,-4.5368
UKIP16,United Kingdom,UK,UKH,UKH1,UKH14,Suffolk,14.616,0.254666666666665,0.401366666666667,1633.06745,-3.0309,-4.5368
UKIP17,United Kingdom,UK,UKH,UKH1,UKH14,Suffolk,14.616,0.254666666666665,0.401366666666667,1633.06745,-3.0309,-4.5368
UKIP18,United Kingdom,UK,UKH,UKH1,UKH14,Suffolk,14.616,0.254666666666665,0.401366666666667,1633.06745,-3.0309,-4.5368
UKIP19,United Kingdom,UK,UKH,UKH1,UKH14,Suffolk,14.616,0.254666666666665,0.401366666666667,1633.06745,-3.0309,-4.5368
UKIP2,United Kingdom,UK,UKH,UKH1,UKH14,Suffolk,14.616,0.254666666666665,0.401366666666667,1633.06745,-3.0309,-4.5368
UKIP20,United Kingdom,UK,UKH,UKH1,UKH14,Suffolk,14.616,0.254666666666665,0.401366666666667,1633.06745,-3.0309,-4.5368
UKIP21,United Kingdom,UK,UKH,UKH1,UKH14,Suffolk,14.616,0.254666666666665,0.401366666666667,1633.06745,-3.0309,-4.5368
UKIP22,United Kingdom,UK,UKH,UKH1,UKH14,Suffolk,14.616,0.254666666666665,0.401366666666667,1633.06745,-3.0309,-4.5368
UKIP23,United Kingdom,UK,UKH,UKH1,UKH14,Suffolk,14.616,0.254666666666665,0.401366666666667,1633.06745,-3.0309,-4.5368
UKIP24,United Kingdom,UK,UKH,UKH1,UKH14,Suffolk,14.616,0.254666666666665,0.401366666666667,1633.06745,-3.0309,-4.5368
UKIP27,United Kingdom,UK,UKH,UKH1,UKH14,Suffolk,14.616,0.254666666666665,0.401366666666667,1633.06745,-3.0309,-4.5368
UKIP28,United Kingdom,UK,UKH,UKH1,UKH14,Suffolk,14.616,0.254666666666665,0.401366666666667,1633.06745,-3.0309,-4.5368
UKIP29,United Kingdom,UK,UKH,UKH1,UKH14,Suffolk,14.616,0.254666666666665,0.401366666666667,1633.06745,-3.0309,-4.5368
UKIP3,United Kingdom,UK,UKH,UKH1,UKH14,Suffolk,14.616,0.254666666666665,0.401366666666667,1633.06745,-3.0309,-4.5368
UKIP30,United Kingdom,UK,UKH,UKH1,UKH14,Suffolk,14.616,0.254666666666665,0.401366666666667,1633.06745,-3.0309,-4.5368
UKIP31,United Kingdom,UK,UKH,UKH1,UKH14,Suffolk,14.616,0.254666666666665,0.401366666666667,1633.06745,-3.0309,-4.5368
UKIP32,United Kingdom,UK,UKH,UKH1,UKH14,Suffolk,14.616,0.254666666666665,0.401366666666667,1633.06745,-3.0309,-4.5368
UKIP33,United Kingdom,UK,UKH,UKH1,UKH14,Suffolk,14.616,0.254666666666665,0.401366666666667,1633.06745,-3.0309,-4.5368
UKIP4,United Kingdom,UK,UKH,UKH1,UKH14,Suffolk,14.616,0.254666666666665,0.401366666666667,1633.06745,-3.0309,-4.5368
UKIP5,United Kingdom,UK,UKH,UKH1,UKH14,Suffolk,14.616,0.254666666666665,0.401366666666667,1633.06745,-3.0309,-4.5368
UKIP6,United Kingdom,UK,UKH,UKH1,UKH14,Suffolk,14.616,0.254666666666665,0.401366666666667,1633.06745,-3.0309,-4.5368
UKIP7,United Kingdom,UK,UKH,UKH1,UKH14,Suffolk,14.616,0.254666666666665,0.401366666666667,1633.06745,-3.0309,-4.5368
UKIP8,United Kingdom,UK,UKH,UKH1,UKH14,Suffolk,14.616,0.254666666666665,0.401366666666667,1633.06745,-3.0309,-4.5368
UKIP9,United Kingdom,UK,UKH,UKH1,UKH14,Suffolk,14.616,0.254666666666665,0.401366666666667,1633.06745,-3.0309,-4.5368
UKNR31,United Kingdom,UK,UKH,UKH1,UKH14,Suffolk,14.616,0.254666666666665,0.401366666666667,1633.06745,-3.0309,-4.5368
UKNR32,United Kingdom,UK,UKH,UKH1,UKH14,Suffolk,14.616,0.254666666666665,0.401366666666667,1633.06745,-3.0309,-4.5368
UKNR33,United Kingdom,UK,UKH,UKH1,UKH14,Suffolk,14.616,0.254666666666665,0.401366666666667,1633.06745,-3.0309,-4.5368
UKNR34,United Kingdom,UK,UKH,UKH1,UKH14,Suffolk,14.616,0.254666666666665,0.401366666666667,1633.06745,-3.0309,-4.5368
UKNR35,United Kingdom,UK,UKH,UKH1,UKH14,Suffolk,14.616,0.254666666666665,0.401366666666667,1633.06745,-3.0309,-4.5368
UKGU15,United Kingdom,UK,UKJ,UKJ1,UKJ11,Berkshire,18.9001562499999,0.295520833333332,0.4953125,1620.99875,-2.82666666666665,-4.28708333333333
UKGU17,United Kingdom,UK,UKJ,UKJ1,UKJ11,Berkshire,18.9001562499999,0.295520833333332,0.4953125,1620.99875,-2.82666666666665,-4.28708333333333
UKGU19,United Kingdom,UK,UKJ,UKJ1,UKJ11,Berkshire,18.9001562499999,0.295520833333332,0.4953125,1620.99875,-2.82666666666665,-4.28708333333333
UKGU46,United Kingdom,UK,UKJ,UKJ1,UKJ11,Berkshire,18.9001562499999,0.295520833333332,0.4953125,1620.99875,-2.82666666666665,-4.28708333333333
UKGU47,United Kingdom,UK,UKJ,UKJ1,UKJ11,Berkshire,18.9001562499999,0.295520833333332,0.4953125,1620.99875,-2.82666666666665,-4.28708333333333
UKOX12,United Kingdom,UK,UKJ,UKJ1,UKJ11,Berkshire,18.9001562499999,0.295520833333332,0.4953125,1620.99875,-2.82666666666665,-4.28708333333333
UKRG1,United Kingdom,UK,UKJ,UKJ1,UKJ11,Berkshire,18.9001562499999,0.295520833333332,0.4953125,1620.99875,-2.82666666666665,-4.28708333333333
UKRG10,United Kingdom,UK,UKJ,UKJ1,UKJ11,Berkshire,18.9001562499999,0.295520833333332,0.4953125,1620.99875,-2.82666666666665,-4.28708333333333
UKRG12,United Kingdom,UK,UKJ,UKJ1,UKJ11,Berkshire,18.9001562499999,0.295520833333332,0.4953125,1620.99875,-2.82666666666665,-4.28708333333333
UKRG14,United Kingdom,UK,UKJ,UKJ1,UKJ11,Berkshire,18.9001562499999,0.295520833333332,0.4953125,1620.99875,-2.82666666666665,-4.28708333333333
UKRG17,United Kingdom,UK,UKJ,UKJ1,UKJ11,Berkshire,18.9001562499999,0.295520833333332,0.4953125,1620.99875,-2.82666666666665,-4.28708333333333
UKRG18,United Kingdom,UK,UKJ,UKJ1,UKJ11,Berkshire,18.9001562499999,0.295520833333332,0.4953125,1620.99875,-2.82666666666665,-4.28708333333333
UKRG19,United Kingdom,UK,UKJ,UKJ1,UKJ11,Berkshire,18.9001562499999,0.295520833333332,0.4953125,1620.99875,-2.82666666666665,-4.28708333333333
UKRG2,United Kingdom,UK,UKJ,UKJ1,UKJ11,Berkshire,18.9001562499999,0.295520833333332,0.4953125,1620.99875,-2.82666666666665,-4.28708333333333
UKRG20,United Kingdom,UK,UKJ,UKJ1,UKJ11,Berkshire,18.9001562499999,0.295520833333332,0.4953125,1620.99875,-2.82666666666665,-4.28708333333333
UKRG26,United Kingdom,UK,UKJ,UKJ1,UKJ11,Berkshire,18.9001562499999,0.295520833333332,0.4953125,1620.99875,-2.82666666666665,-4.28708333333333
UKRG27,United Kingdom,UK,UKJ,UKJ1,UKJ11,Berkshire,18.9001562499999,0.295520833333332,0.4953125,1620.99875,-2.82666666666665,-4.28708333333333
UKRG30,United Kingdom,UK,UKJ,UKJ1,UKJ11,Berkshire,18.9001562499999,0.295520833333332,0.4953125,1620.99875,-2.82666666666665,-4.28708333333333
UKRG31,United Kingdom,UK,UKJ,UKJ1,UKJ11,Berkshire,18.9001562499999,0.295520833333332,0.4953125,1620.99875,-2.82666666666665,-4.28708333333333
UKRG4,United Kingdom,UK,UKJ,UKJ1,UKJ11,Berkshire,18.9001562499999,0.295520833333332,0.4953125,1620.99875,-2.82666666666665,-4.28708333333333
UKRG40,United Kingdom,UK,UKJ,UKJ1,UKJ11,Berkshire,18.9001562499999,0.295520833333332,0.4953125,1620.99875,-2.82666666666665,-4.28708333333333
UKRG41,United Kingdom,UK,UKJ,UKJ1,UKJ11,Berkshire,18.9001562499999,0.295520833333332,0.4953125,1620.99875,-2.82666666666665,-4.28708333333333
UKRG42,United Kingdom,UK,UKJ,UKJ1,UKJ11,Berkshire,18.9001562499999,0.295520833333332,0.4953125,1620.99875,-2.82666666666665,-4.28708333333333
UKRG45,United Kingdom,UK,UKJ,UKJ1,UKJ11,Berkshire,18.9001562499999,0.295520833333332,0.4953125,1620.99875,-2.82666666666665,-4.28708333333333
UKRG5,United Kingdom,UK,UKJ,UKJ1,UKJ11,Berkshire,18.9001562499999,0.295520833333332,0.4953125,1620.99875,-2.82666666666665,-4.28708333333333
UKRG6,United Kingdom,UK,UKJ,UKJ1,UKJ11,Berkshire,18.9001562499999,0.295520833333332,0.4953125,1620.99875,-2.82666666666665,-4.28708333333333
UKRG7,United Kingdom,UK,UKJ,UKJ1,UKJ11,Berkshire,18.9001562499999,0.295520833333332,0.4953125,1620.99875,-2.82666666666665,-4.28708333333333
UKRG8,United Kingdom,UK,UKJ,UKJ1,UKJ11,Berkshire,18.9001562499999,0.295520833333332,0.4953125,1620.99875,-2.82666666666665,-4.28708333333333
UKRG9,United Kingdom,UK,UKJ,UKJ1,UKJ11,Berkshire,18.9001562499999,0.295520833333332,0.4953125,1620.99875,-2.82666666666665,-4.28708333333333
UKSL0,United Kingdom,UK,UKJ,UKJ1,UKJ11,Berkshire,18.9001562499999,0.295520833333332,0.4953125,1620.99875,-2.82666666666665,-4.28708333333333
UKSL1,United Kingdom,UK,UKJ,UKJ1,UKJ11,Berkshire,18.9001562499999,0.295520833333332,0.4953125,1620.99875,-2.82666666666665,-4.28708333333333
UKSL2,United Kingdom,UK,UKJ,UKJ1,UKJ11,Berkshire,18.9001562499999,0.295520833333332,0.4953125,1620.99875,-2.82666666666665,-4.28708333333333
UKSL3,United Kingdom,UK,UKJ,UKJ1,UKJ11,Berkshire,18.9001562499999,0.295520833333332,0.4953125,1620.99875,-2.82666666666665,-4.28708333333333
UKSL4,United Kingdom,UK,UKJ,UKJ1,UKJ11,Berkshire,18.9001562499999,0.295520833333332,0.4953125,1620.99875,-2.82666666666665,-4.28708333333333
UKSL5,United Kingdom,UK,UKJ,UKJ1,UKJ11,Berkshire,18.9001562499999,0.295520833333332,0.4953125,1620.99875,-2.82666666666665,-4.28708333333333
UKSL6,United Kingdom,UK,UKJ,UKJ1,UKJ11,Berkshire,18.9001562499999,0.295520833333332,0.4953125,1620.99875,-2.82666666666665,-4.28708333333333
UKSL60,United Kingdom,UK,UKJ,UKJ1,UKJ11,Berkshire,18.9001562499999,0.295520833333332,0.4953125,1620.99875,-2.82666666666665,-4.28708333333333
UKSL7,United Kingdom,UK,UKJ,UKJ1,UKJ11,Berkshire,18.9001562499999,0.295520833333332,0.4953125,1620.99875,-2.82666666666665,-4.28708333333333
UKSL8,United Kingdom,UK,UKJ,UKJ1,UKJ11,Berkshire,18.9001562499999,0.295520833333332,0.4953125,1620.99875,-2.82666666666665,-4.28708333333333
UKSL95,United Kingdom,UK,UKJ,UKJ1,UKJ11,Berkshire,18.9001562499999,0.295520833333332,0.4953125,1620.99875,-2.82666666666665,-4.28708333333333
UKSN8,United Kingdom,UK,UKJ,UKJ1,UKJ11,Berkshire,18.9001562499999,0.295520833333332,0.4953125,1620.99875,-2.82666666666665,-4.28708333333333
UKTW18,United Kingdom,UK,UKJ,UKJ1,UKJ11,Berkshire,18.9001562499999,0.295520833333332,0.4953125,1620.99875,-2.82666666666665,-4.28708333333333
UKTW19,United Kingdom,UK,UKJ,UKJ1,UKJ11,Berkshire,18.9001562499999,0.295520833333332,0.4953125,1620.99875,-2.82666666666665,-4.28708333333333
UKLU1,United Kingdom,UK,UKH,UKH2,UKH21,Luton,17.82625,0.280833333333333,0.464999999999998,1650.06499999999,-2.96333333333333,-4.4725
UKLU2,United Kingdom,UK,UKH,UKH2,UKH21,Luton,17.82625,0.280833333333333,0.464999999999998,1650.06499999999,-2.96333333333333,-4.4725
UKLU3,United Kingdom,UK,UKH,UKH2,UKH21,Luton,17.82625,0.280833333333333,0.464999999999998,1650.06499999999,-2.96333333333333,-4.4725
UKLU4,United Kingdom,UK,UKH,UKH2,UKH21,Luton,17.82625,0.280833333333333,0.464999999999998,1650.06499999999,-2.96333333333333,-4.4725
UKBT1,United Kingdom,UK,UKN,UKN0,UKN06,Belfast,0.27875,0.00916666666666667,0.0333333333333333,1639.66124999999,-2.68916666666665,-4.02833333333332
UKBT10,United Kingdom,UK,UKN,UKN0,UKN06,Belfast,0.27875,0.00916666666666667,0.0333333333333333,1639.66124999999,-2.68916666666665,-4.02833333333332
UKBT11,United Kingdom,UK,UKN,UKN0,UKN06,Belfast,0.27875,0.00916666666666667,0.0333333333333333,1639.66124999999,-2.68916666666665,-4.02833333333332
UKBT12,United Kingdom,UK,UKN,UKN0,UKN06,Belfast,0.27875,0.00916666666666667,0.0333333333333333,1639.66124999999,-2.68916666666665,-4.02833333333332
UKBT14,United Kingdom,UK,UKN,UKN0,UKN06,Belfast,0.27875,0.00916666666666667,0.0333333333333333,1639.66124999999,-2.68916666666665,-4.02833333333332
UKBT15,United Kingdom,UK,UKN,UKN0,UKN06,Belfast,0.27875,0.00916666666666667,0.0333333333333333,1639.66124999999,-2.68916666666665,-4.02833333333332
UKBT13,United Kingdom,UK,UKN,UKN0,UKN06,Belfast,0.27875,0.00916666666666667,0.0333333333333333,1639.66124999999,-2.68916666666665,-4.02833333333332
UKBT16,United Kingdom,UK,UKN,UKN0,UKN06,Belfast,0.27875,0.00916666666666667,0.0333333333333333,1639.66124999999,-2.68916666666665,-4.02833333333332
UKBT17,United Kingdom,UK,UKN,UKN0,UKN06,Belfast,0.27875,0.00916666666666667,0.0333333333333333,1639.66124999999,-2.68916666666665,-4.02833333333332
UKBT2,United Kingdom,UK,UKN,UKN0,UKN06,Belfast,0.27875,0.00916666666666667,0.0333333333333333,1639.66124999999,-2.68916666666665,-4.02833333333332
UKBT18,United Kingdom,UK,UKN,UKN0,UKN06,Belfast,0.27875,0.00916666666666667,0.0333333333333333,1639.66124999999,-2.68916666666665,-4.02833333333332
UKBT3,United Kingdom,UK,UKN,UKN0,UKN06,Belfast,0.27875,0.00916666666666667,0.0333333333333333,1639.66124999999,-2.68916666666665,-4.02833333333332
UKBT36,United Kingdom,UK,UKN,UKN0,UKN06,Belfast,0.27875,0.00916666666666667,0.0333333333333333,1639.66124999999,-2.68916666666665,-4.02833333333332
UKBT4,United Kingdom,UK,UKN,UKN0,UKN06,Belfast,0.27875,0.00916666666666667,0.0333333333333333,1639.66124999999,-2.68916666666665,-4.02833333333332
UKBT5,United Kingdom,UK,UKN,UKN0,UKN06,Belfast,0.27875,0.00916666666666667,0.0333333333333333,1639.66124999999,-2.68916666666665,-4.02833333333332
UKBT6,United Kingdom,UK,UKN,UKN0,UKN06,Belfast,0.27875,0.00916666666666667,0.0333333333333333,1639.66124999999,-2.68916666666665,-4.02833333333332
UKBT7,United Kingdom,UK,UKN,UKN0,UKN06,Belfast,0.27875,0.00916666666666667,0.0333333333333333,1639.66124999999,-2.68916666666665,-4.02833333333332
UKBT8,United Kingdom,UK,UKN,UKN0,UKN06,Belfast,0.27875,0.00916666666666667,0.0333333333333333,1639.66124999999,-2.68916666666665,-4.02833333333332
UKBT9,United Kingdom,UK,UKN,UKN0,UKN06,Belfast,0.27875,0.00916666666666667,0.0333333333333333,1639.66124999999,-2.68916666666665,-4.02833333333332
UKBT99,United Kingdom,UK,UKN,UKN0,UKN06,Belfast,0.27875,0.00916666666666667,0.0333333333333333,1639.66124999999,-2.68916666666665,-4.02833333333332
UKBT35,United Kingdom,UK,UKN,UKN1,UKN12,Causeway Coast and Glens,0.0079310344827675,0.000229885057471667,0.0112068965517167,1673.45732758969,-2.8066091954,-4.17540229885
UKBT44,United Kingdom,UK,UKN,UKN1,UKN12,Causeway Coast and Glens,0.0079310344827675,0.000229885057471667,0.0112068965517167,1673.45732758969,-2.8066091954,-4.17540229885
UKBT47,United Kingdom,UK,UKN,UKN1,UKN12,Causeway Coast and Glens,0.0079310344827675,0.000229885057471667,0.0112068965517167,1673.45732758969,-2.8066091954,-4.17540229885
UKBT46,United Kingdom,UK,UKN,UKN1,UKN12,Causeway Coast and Glens,0.0079310344827675,0.000229885057471667,0.0112068965517167,1673.45732758969,-2.8066091954,-4.17540229885
UKBT49,United Kingdom,UK,UKN,UKN1,UKN12,Causeway Coast and Glens,0.0079310344827675,0.000229885057471667,0.0112068965517167,1673.45732758969,-2.8066091954,-4.17540229885
UKBT51,United Kingdom,UK,UKN,UKN1,UKN12,Causeway Coast and Glens,0.0079310344827675,0.000229885057471667,0.0112068965517167,1673.45732758969,-2.8066091954,-4.17540229885
UKBT52,United Kingdom,UK,UKN,UKN1,UKN12,Causeway Coast and Glens,0.0079310344827675,0.000229885057471667,0.0112068965517167,1673.45732758969,-2.8066091954,-4.17540229885
UKBT53,United Kingdom,UK,UKN,UKN1,UKN12,Causeway Coast and Glens,0.0079310344827675,0.000229885057471667,0.0112068965517167,1673.45732758969,-2.8066091954,-4.17540229885
UKBT54,United Kingdom,UK,UKN,UKN1,UKN12,Causeway Coast and Glens,0.0079310344827675,0.000229885057471667,0.0112068965517167,1673.45732758969,-2.8066091954,-4.17540229885
UKBT55,United Kingdom,UK,UKN,UKN1,UKN12,Causeway Coast and Glens,0.0079310344827675,0.000229885057471667,0.0112068965517167,1673.45732758969,-2.8066091954,-4.17540229885
UKBT56,United Kingdom,UK,UKN,UKN1,UKN12,Causeway Coast and Glens,0.0079310344827675,0.000229885057471667,0.0112068965517167,1673.45732758969,-2.8066091954,-4.17540229885
UKBT57,United Kingdom,UK,UKN,UKN1,UKN12,Causeway Coast and Glens,0.0079310344827675,0.000229885057471667,0.0112068965517167,1673.45732758969,-2.8066091954,-4.17540229885
UKBT25,United Kingdom,UK,UKN,UKN0,UKN07,"Armagh City, Banbridge and Craigavon",0.444880952381,0.015,0.0515873015873333,1675.03190476147,-2.72095238094998,-4.08103174603332
UKBT31,United Kingdom,UK,UKN,UKN0,UKN07,"Armagh City, Banbridge and Craigavon",0.444880952381,0.015,0.0515873015873333,1675.03190476147,-2.72095238094998,-4.08103174603332
UKBT32,United Kingdom,UK,UKN,UKN0,UKN07,"Armagh City, Banbridge and Craigavon",0.444880952381,0.015,0.0515873015873333,1675.03190476147,-2.72095238094998,-4.08103174603332
UKBT34,United Kingdom,UK,UKN,UKN0,UKN07,"Armagh City, Banbridge and Craigavon",0.444880952381,0.015,0.0515873015873333,1675.03190476147,-2.72095238094998,-4.08103174603332
UKBT35,United Kingdom,UK,UKN,UKN0,UKN07,"Armagh City, Banbridge and Craigavon",0.444880952381,0.015,0.0515873015873333,1675.03190476147,-2.72095238094998,-4.08103174603332
UKBT60,United Kingdom,UK,UKN,UKN0,UKN07,"Armagh City, Banbridge and Craigavon",0.444880952381,0.015,0.0515873015873333,1675.03190476147,-2.72095238094998,-4.08103174603332
UKBT61,United Kingdom,UK,UKN,UKN0,UKN07,"Armagh City, Banbridge and Craigavon",0.444880952381,0.015,0.0515873015873333,1675.03190476147,-2.72095238094998,-4.08103174603332
UKBT62,United Kingdom,UK,UKN,UKN0,UKN07,"Armagh City, Banbridge and Craigavon",0.444880952381,0.015,0.0515873015873333,1675.03190476147,-2.72095238094998,-4.08103174603332
UKBT63,United Kingdom,UK,UKN,UKN0,UKN07,"Armagh City, Banbridge and Craigavon",0.444880952381,0.015,0.0515873015873333,1675.03190476147,-2.72095238094998,-4.08103174603332
UKBT66,United Kingdom,UK,UKN,UKN0,UKN07,"Armagh City, Banbridge and Craigavon",0.444880952381,0.015,0.0515873015873333,1675.03190476147,-2.72095238094998,-4.08103174603332
UKBT67,United Kingdom,UK,UKN,UKN0,UKN07,"Armagh City, Banbridge and Craigavon",0.444880952381,0.015,0.0515873015873333,1675.03190476147,-2.72095238094998,-4.08103174603332
UKBT64,United Kingdom,UK,UKN,UKN0,UKN07,"Armagh City, Banbridge and Craigavon",0.444880952381,0.015,0.0515873015873333,1675.03190476147,-2.72095238094998,-4.08103174603332
UKBT65,United Kingdom,UK,UKN,UKN0,UKN07,"Armagh City, Banbridge and Craigavon",0.444880952381,0.015,0.0515873015873333,1675.03190476147,-2.72095238094998,-4.08103174603332
UKBT68,United Kingdom,UK,UKN,UKN0,UKN07,"Armagh City, Banbridge and Craigavon",0.444880952381,0.015,0.0515873015873333,1675.03190476147,-2.72095238094998,-4.08103174603332
UKBT71,United Kingdom,UK,UKN,UKN0,UKN07,"Armagh City, Banbridge and Craigavon",0.444880952381,0.015,0.0515873015873333,1675.03190476147,-2.72095238094998,-4.08103174603332
UKBT23,United Kingdom,UK,UKN,UKN0,UKN08,"Newry, Mourne and Down",0.245,0.01,0.0368181818181667,1686.34090909,-2.7,-4.07189393939998
UKBT24,United Kingdom,UK,UKN,UKN0,UKN08,"Newry, Mourne and Down",0.245,0.01,0.0368181818181667,1686.34090909,-2.7,-4.07189393939998
UKBT27,United Kingdom,UK,UKN,UKN0,UKN08,"Newry, Mourne and Down",0.245,0.01,0.0368181818181667,1686.34090909,-2.7,-4.07189393939998
UKBT25,United Kingdom,UK,UKN,UKN0,UKN08,"Newry, Mourne and Down",0.245,0.01,0.0368181818181667,1686.34090909,-2.7,-4.07189393939998
UKBT30,United Kingdom,UK,UKN,UKN0,UKN08,"Newry, Mourne and Down",0.245,0.01,0.0368181818181667,1686.34090909,-2.7,-4.07189393939998
UKBT31,United Kingdom,UK,UKN,UKN0,UKN08,"Newry, Mourne and Down",0.245,0.01,0.0368181818181667,1686.34090909,-2.7,-4.07189393939998
UKBT32,United Kingdom,UK,UKN,UKN0,UKN08,"Newry, Mourne and Down",0.245,0.01,0.0368181818181667,1686.34090909,-2.7,-4.07189393939998
UKBT34,United Kingdom,UK,UKN,UKN0,UKN08,"Newry, Mourne and Down",0.245,0.01,0.0368181818181667,1686.34090909,-2.7,-4.07189393939998
UKBT33,United Kingdom,UK,UKN,UKN0,UKN08,"Newry, Mourne and Down",0.245,0.01,0.0368181818181667,1686.34090909,-2.7,-4.07189393939998
UKBT35,United Kingdom,UK,UKN,UKN0,UKN08,"Newry, Mourne and Down",0.245,0.01,0.0368181818181667,1686.34090909,-2.7,-4.07189393939998
UKBT60,United Kingdom,UK,UKN,UKN0,UKN08,"Newry, Mourne and Down",0.245,0.01,0.0368181818181667,1686.34090909,-2.7,-4.07189393939998
UKBT92,United Kingdom,UK,UKN,UKN0,UKN08,"Newry, Mourne and Down",0.245,0.01,0.0368181818181667,1686.34090909,-2.7,-4.07189393939998
UKBT16,United Kingdom,UK,UKN,UKN0,UKN09,Ards and North Down,0.168750000000075,0.00694444444445,0.0308333333333333,1570.57249999999,-2.74499999999998,-4.12527777778333
UKBT18,United Kingdom,UK,UKN,UKN0,UKN09,Ards and North Down,0.168750000000075,0.00694444444445,0.0308333333333333,1570.57249999999,-2.74499999999998,-4.12527777778333
UKBT19,United Kingdom,UK,UKN,UKN0,UKN09,Ards and North Down,0.168750000000075,0.00694444444445,0.0308333333333333,1570.57249999999,-2.74499999999998,-4.12527777778333
UKBT20,United Kingdom,UK,UKN,UKN0,UKN09,Ards and North Down,0.168750000000075,0.00694444444445,0.0308333333333333,1570.57249999999,-2.74499999999998,-4.12527777778333
UKBT21,United Kingdom,UK,UKN,UKN0,UKN09,Ards and North Down,0.168750000000075,0.00694444444445,0.0308333333333333,1570.57249999999,-2.74499999999998,-4.12527777778333
UKBT22,United Kingdom,UK,UKN,UKN0,UKN09,Ards and North Down,0.168750000000075,0.00694444444445,0.0308333333333333,1570.57249999999,-2.74499999999998,-4.12527777778333
UKBT23,United Kingdom,UK,UKN,UKN0,UKN09,Ards and North Down,0.168750000000075,0.00694444444445,0.0308333333333333,1570.57249999999,-2.74499999999998,-4.12527777778333
UKBT24,United Kingdom,UK,UKN,UKN0,UKN09,Ards and North Down,0.168750000000075,0.00694444444445,0.0308333333333333,1570.57249999999,-2.74499999999998,-4.12527777778333
UKBT30,United Kingdom,UK,UKN,UKN0,UKN09,Ards and North Down,0.168750000000075,0.00694444444445,0.0308333333333333,1570.57249999999,-2.74499999999998,-4.12527777778333
UKBT42,United Kingdom,UK,UKN,UKN1,UKN10,Derry City and Strabane,0.084027777777825,0.00231481481481667,0.0162962962963,1745.62055556,-2.86333333333333,-4.24787037036667
UKBT47,United Kingdom,UK,UKN,UKN1,UKN10,Derry City and Strabane,0.084027777777825,0.00231481481481667,0.0162962962963,1745.62055556,-2.86333333333333,-4.24787037036667
UKBT48,United Kingdom,UK,UKN,UKN1,UKN10,Derry City and Strabane,0.084027777777825,0.00231481481481667,0.0162962962963,1745.62055556,-2.86333333333333,-4.24787037036667
UKBT78,United Kingdom,UK,UKN,UKN1,UKN10,Derry City and Strabane,0.084027777777825,0.00231481481481667,0.0162962962963,1745.62055556,-2.86333333333333,-4.24787037036667
UKBT79,United Kingdom,UK,UKN,UKN1,UKN10,Derry City and Strabane,0.084027777777825,0.00231481481481667,0.0162962962963,1745.62055556,-2.86333333333333,-4.24787037036667
UKBT82,United Kingdom,UK,UKN,UKN1,UKN10,Derry City and Strabane,0.084027777777825,0.00231481481481667,0.0162962962963,1745.62055556,-2.86333333333333,-4.24787037036667
UKBT81,United Kingdom,UK,UKN,UKN1,UKN10,Derry City and Strabane,0.084027777777825,0.00231481481481667,0.0162962962963,1745.62055556,-2.86333333333333,-4.24787037036667
UKBT41,United Kingdom,UK,UKN,UKN1,UKN11,Mid Ulster,0.2544,0.00853333333333333,0.0338666666666667,1708.05939999999,-2.86546666666667,-4.23473333333333
UKBT45,United Kingdom,UK,UKN,UKN1,UKN11,Mid Ulster,0.2544,0.00853333333333333,0.0338666666666667,1708.05939999999,-2.86546666666667,-4.23473333333333
UKBT44,United Kingdom,UK,UKN,UKN1,UKN11,Mid Ulster,0.2544,0.00853333333333333,0.0338666666666667,1708.05939999999,-2.86546666666667,-4.23473333333333
UKBT46,United Kingdom,UK,UKN,UKN1,UKN11,Mid Ulster,0.2544,0.00853333333333333,0.0338666666666667,1708.05939999999,-2.86546666666667,-4.23473333333333
UKBT51,United Kingdom,UK,UKN,UKN1,UKN11,Mid Ulster,0.2544,0.00853333333333333,0.0338666666666667,1708.05939999999,-2.86546666666667,-4.23473333333333
UKBT68,United Kingdom,UK,UKN,UKN1,UKN11,Mid Ulster,0.2544,0.00853333333333333,0.0338666666666667,1708.05939999999,-2.86546666666667,-4.23473333333333
UKBT69,United Kingdom,UK,UKN,UKN1,UKN11,Mid Ulster,0.2544,0.00853333333333333,0.0338666666666667,1708.05939999999,-2.86546666666667,-4.23473333333333
UKBT70,United Kingdom,UK,UKN,UKN1,UKN11,Mid Ulster,0.2544,0.00853333333333333,0.0338666666666667,1708.05939999999,-2.86546666666667,-4.23473333333333
UKBT71,United Kingdom,UK,UKN,UKN1,UKN11,Mid Ulster,0.2544,0.00853333333333333,0.0338666666666667,1708.05939999999,-2.86546666666667,-4.23473333333333
UKBT75,United Kingdom,UK,UKN,UKN1,UKN11,Mid Ulster,0.2544,0.00853333333333333,0.0338666666666667,1708.05939999999,-2.86546666666667,-4.23473333333333
UKBT76,United Kingdom,UK,UKN,UKN1,UKN11,Mid Ulster,0.2544,0.00853333333333333,0.0338666666666667,1708.05939999999,-2.86546666666667,-4.23473333333333
UKBT77,United Kingdom,UK,UKN,UKN1,UKN11,Mid Ulster,0.2544,0.00853333333333333,0.0338666666666667,1708.05939999999,-2.86546666666667,-4.23473333333333
UKBT78,United Kingdom,UK,UKN,UKN1,UKN11,Mid Ulster,0.2544,0.00853333333333333,0.0338666666666667,1708.05939999999,-2.86546666666667,-4.23473333333333
UKBT80,United Kingdom,UK,UKN,UKN1,UKN11,Mid Ulster,0.2544,0.00853333333333333,0.0338666666666667,1708.05939999999,-2.86546666666667,-4.23473333333333
UKBT79,United Kingdom,UK,UKN,UKN1,UKN11,Mid Ulster,0.2544,0.00853333333333333,0.0338666666666667,1708.05939999999,-2.86546666666667,-4.23473333333333
UKBT14,United Kingdom,UK,UKN,UKN1,UKN13,Antrim and Newtownabbey,0.3071875,0.010625,0.0402083333333333,1645.02124999999,-2.83416666666667,-4.24625
UKBT13,United Kingdom,UK,UKN,UKN1,UKN13,Antrim and Newtownabbey,0.3071875,0.010625,0.0402083333333333,1645.02124999999,-2.83416666666667,-4.24625
UKBT29,United Kingdom,UK,UKN,UKN1,UKN13,Antrim and Newtownabbey,0.3071875,0.010625,0.0402083333333333,1645.02124999999,-2.83416666666667,-4.24625
UKBT36,United Kingdom,UK,UKN,UKN1,UKN13,Antrim and Newtownabbey,0.3071875,0.010625,0.0402083333333333,1645.02124999999,-2.83416666666667,-4.24625
UKBT37,United Kingdom,UK,UKN,UKN1,UKN13,Antrim and Newtownabbey,0.3071875,0.010625,0.0402083333333333,1645.02124999999,-2.83416666666667,-4.24625
UKBT39,United Kingdom,UK,UKN,UKN1,UKN13,Antrim and Newtownabbey,0.3071875,0.010625,0.0402083333333333,1645.02124999999,-2.83416666666667,-4.24625
UKBT38,United Kingdom,UK,UKN,UKN1,UKN13,Antrim and Newtownabbey,0.3071875,0.010625,0.0402083333333333,1645.02124999999,-2.83416666666667,-4.24625
UKBT41,United Kingdom,UK,UKN,UKN1,UKN13,Antrim and Newtownabbey,0.3071875,0.010625,0.0402083333333333,1645.02124999999,-2.83416666666667,-4.24625
UKBT42,United Kingdom,UK,UKN,UKN1,UKN13,Antrim and Newtownabbey,0.3071875,0.010625,0.0402083333333333,1645.02124999999,-2.83416666666667,-4.24625
UKBT16,United Kingdom,UK,UKN,UKN1,UKN14,Lisburn and Castlereagh,0.24125,0.00916666666666667,0.0347916666666667,1658.054375,-2.69208333333333,-4.03666666666665
UKBT17,United Kingdom,UK,UKN,UKN1,UKN14,Lisburn and Castlereagh,0.24125,0.00916666666666667,0.0347916666666667,1658.054375,-2.69208333333333,-4.03666666666665
UKBT18,United Kingdom,UK,UKN,UKN1,UKN14,Lisburn and Castlereagh,0.24125,0.00916666666666667,0.0347916666666667,1658.054375,-2.69208333333333,-4.03666666666665
UKBT23,United Kingdom,UK,UKN,UKN1,UKN14,Lisburn and Castlereagh,0.24125,0.00916666666666667,0.0347916666666667,1658.054375,-2.69208333333333,-4.03666666666665
UKBT24,United Kingdom,UK,UKN,UKN1,UKN14,Lisburn and Castlereagh,0.24125,0.00916666666666667,0.0347916666666667,1658.054375,-2.69208333333333,-4.03666666666665
UKBT26,United Kingdom,UK,UKN,UKN1,UKN14,Lisburn and Castlereagh,0.24125,0.00916666666666667,0.0347916666666667,1658.054375,-2.69208333333333,-4.03666666666665
UKBT27,United Kingdom,UK,UKN,UKN1,UKN14,Lisburn and Castlereagh,0.24125,0.00916666666666667,0.0347916666666667,1658.054375,-2.69208333333333,-4.03666666666665
UKBT28,United Kingdom,UK,UKN,UKN1,UKN14,Lisburn and Castlereagh,0.24125,0.00916666666666667,0.0347916666666667,1658.054375,-2.69208333333333,-4.03666666666665
UKBT25,United Kingdom,UK,UKN,UKN1,UKN14,Lisburn and Castlereagh,0.24125,0.00916666666666667,0.0347916666666667,1658.054375,-2.69208333333333,-4.03666666666665
UKBT29,United Kingdom,UK,UKN,UKN1,UKN14,Lisburn and Castlereagh,0.24125,0.00916666666666667,0.0347916666666667,1658.054375,-2.69208333333333,-4.03666666666665
UKBT5,United Kingdom,UK,UKN,UKN1,UKN14,Lisburn and Castlereagh,0.24125,0.00916666666666667,0.0347916666666667,1658.054375,-2.69208333333333,-4.03666666666665
UKBT6,United Kingdom,UK,UKN,UKN1,UKN14,Lisburn and Castlereagh,0.24125,0.00916666666666667,0.0347916666666667,1658.054375,-2.69208333333333,-4.03666666666665
UKBT66,United Kingdom,UK,UKN,UKN1,UKN14,Lisburn and Castlereagh,0.24125,0.00916666666666667,0.0347916666666667,1658.054375,-2.69208333333333,-4.03666666666665
UKBT67,United Kingdom,UK,UKN,UKN1,UKN14,Lisburn and Castlereagh,0.24125,0.00916666666666667,0.0347916666666667,1658.054375,-2.69208333333333,-4.03666666666665
UKBT8,United Kingdom,UK,UKN,UKN1,UKN14,Lisburn and Castlereagh,0.24125,0.00916666666666667,0.0347916666666667,1658.054375,-2.69208333333333,-4.03666666666665
UKBT36,United Kingdom,UK,UKN,UKN1,UKN15,Mid and East Antrim,0.1701388888889,0.00416666666666667,0.0230555555555,1633.34736111215,-2.80212962963333,-4.19092592593333
UKBT38,United Kingdom,UK,UKN,UKN1,UKN15,Mid and East Antrim,0.1701388888889,0.00416666666666667,0.0230555555555,1633.34736111215,-2.80212962963333,-4.19092592593333
UKBT39,United Kingdom,UK,UKN,UKN1,UKN15,Mid and East Antrim,0.1701388888889,0.00416666666666667,0.0230555555555,1633.34736111215,-2.80212962963333,-4.19092592593333
UKBT40,United Kingdom,UK,UKN,UKN1,UKN15,Mid and East Antrim,0.1701388888889,0.00416666666666667,0.0230555555555,1633.34736111215,-2.80212962963333,-4.19092592593333
UKBT41,United Kingdom,UK,UKN,UKN1,UKN15,Mid and East Antrim,0.1701388888889,0.00416666666666667,0.0230555555555,1633.34736111215,-2.80212962963333,-4.19092592593333
UKBT42,United Kingdom,UK,UKN,UKN1,UKN15,Mid and East Antrim,0.1701388888889,0.00416666666666667,0.0230555555555,1633.34736111215,-2.80212962963333,-4.19092592593333
UKBT43,United Kingdom,UK,UKN,UKN1,UKN15,Mid and East Antrim,0.1701388888889,0.00416666666666667,0.0230555555555,1633.34736111215,-2.80212962963333,-4.19092592593333
UKBT44,United Kingdom,UK,UKN,UKN1,UKN15,Mid and East Antrim,0.1701388888889,0.00416666666666667,0.0230555555555,1633.34736111215,-2.80212962963333,-4.19092592593333
UKBT70,United Kingdom,UK,UKN,UKN1,UKN16,Fermanagh and Omagh,0.28256410256395,0.00923076923076667,0.034358974359,1767.92596153995,-2.87756410256667,-4.2667948718
UKBT74,United Kingdom,UK,UKN,UKN1,UKN16,Fermanagh and Omagh,0.28256410256395,0.00923076923076667,0.034358974359,1767.92596153995,-2.87756410256667,-4.2667948718
UKBT75,United Kingdom,UK,UKN,UKN1,UKN16,Fermanagh and Omagh,0.28256410256395,0.00923076923076667,0.034358974359,1767.92596153995,-2.87756410256667,-4.2667948718
UKBT76,United Kingdom,UK,UKN,UKN1,UKN16,Fermanagh and Omagh,0.28256410256395,0.00923076923076667,0.034358974359,1767.92596153995,-2.87756410256667,-4.2667948718
UKBT78,United Kingdom,UK,UKN,UKN1,UKN16,Fermanagh and Omagh,0.28256410256395,0.00923076923076667,0.034358974359,1767.92596153995,-2.87756410256667,-4.2667948718
UKBT79,United Kingdom,UK,UKN,UKN1,UKN16,Fermanagh and Omagh,0.28256410256395,0.00923076923076667,0.034358974359,1767.92596153995,-2.87756410256667,-4.2667948718
UKBT81,United Kingdom,UK,UKN,UKN1,UKN16,Fermanagh and Omagh,0.28256410256395,0.00923076923076667,0.034358974359,1767.92596153995,-2.87756410256667,-4.2667948718
UKBT92,United Kingdom,UK,UKN,UKN1,UKN16,Fermanagh and Omagh,0.28256410256395,0.00923076923076667,0.034358974359,1767.92596153995,-2.87756410256667,-4.2667948718
UKBT93,United Kingdom,UK,UKN,UKN1,UKN16,Fermanagh and Omagh,0.28256410256395,0.00923076923076667,0.034358974359,1767.92596153995,-2.87756410256667,-4.2667948718
UKBT94,United Kingdom,UK,UKN,UKN1,UKN16,Fermanagh and Omagh,0.28256410256395,0.00923076923076667,0.034358974359,1767.92596153995,-2.87756410256667,-4.2667948718
